QUESTIONNAIRE;VOT1;REGIO;REGIX;ZONE;Q2;Q2B;Q3;Q4;Q5;Q6A;Q6B;Q6C;Q6D;Q6E;Q6F;Q6G;Q6H;Q6I;Q6J;Q6K;Q6L;Q6M;Q6N;Q6O;Q6P;Q7M1;Q7M1O;Q7M2;Q7M2O;Q7M3;Q7M3O;Q7M4;Q7M4O;Q7M5;Q7M5O;Q7M6;Q7M6O;Q7M7;Q7M7O;Q7M8;Q7M8O;Q8A;Q8B;Q8C;Q8D;Q8E;Q8F;Q8G;Q8H;Q8I;Q9A;Q9B;Q9C;Q10A;Q10BM1;Q10BM1O;Q10BM2;Q10BM2O;Q10BM3;Q10BM3O;Q10BM4;Q10BM4O;Q10BM5;Q10BM5O;Q10C;Q10D;Q11;Q12A;Q12B;Q13;Q14;Q15;Q16A;Q16B;Q16C;Q16D;Q16E;Q16F;Q16G;Q16H;Q16I;Q16J;Q16K;Q16L;Q16M;Q16N;Q16O;Q17A;Q17B;Q17C;Q18A;Q18BM1;Q18BM1O;Q18BM2;Q18BM2O;Q18BM3;Q18BM3O;Q18BM4;Q18BM4O;Q18BM5;Q18BM5O;Q18BM6;Q18BM6O;Q18BM7;Q18BM7O;Q18BM8;Q18BM8O;Q18BM9;Q18BM9O;Q18BM10;Q18BM10O;Q18CM1;Q18CM1O;Q18CM2;Q18CM2O;Q18CM3;Q18CM3O;Q18CM4;Q18CM4O;Q18CM5;Q18CM5O;Q18CM6;Q18CM6O;Q18CM7;Q18CM7O;Q18CM8;Q18CM8O;Q19A;Q19B;Q20AM1;Q20AM1O;Q20AM2;Q20AM2O;Q20AM3;Q20AM3O;Q20AM4;Q20AM4O;Q20AM5;Q20AM5O;Q20AM6;Q20AM6O;Q20AM7;Q20AM7O;Q20AM8;Q20AM8O;Q20BM1;Q20BM1O;Q20BM2;Q20BM2O;Q20BM3;Q20BM3O;Q20BM4;Q20BM4O;Q20BM5;Q20BM5O;Q20BM6;Q20BM6O;Q20BM7;Q20BM7O;Q20BM8;Q20BM8O;Q21;Q22;Q23A;Q23B;Q23C;Q23D;Q23E;Q23F;Q23G;Q23H;Q24A;Q24B;Q24C;Q24D;Q24E;Q25A;Q25B;Q25C;Q25D;Q25E;Q25F;Q25G;Q25H;Q25I;Q26A;Q26B;Q27A;Q27B;Q27C;Q28;Q29;Q30;Q31;Q31O;Q32;Q33;Q34;Q34O;Q35;Q36A;Q36B;Q37A;Q37B;Q38;Q39;Pondération
27;1;3;2;1;3;;1;4;1;;;;;;;;;;;;;;;;;;;;;;;;;;;;;;;;;1;1;1;2;1;1;1;1;2;1;1;1;1;;;;;;;;;;;;;1;5;5;2;2;4;1;2;1;2;2;1;2;3;1;1;2;2;4;2;4;1;2;;1;3;;4;;;;;;;;;;;;;;;;;;3;;;;;;;;;;;;;;;;2;;98;;;;;;;;;;;;;;;;;;;;;;;;;;;;;;;;2;4;3;4;4;4;4;9;4;4;2;1;1;1;1;9;1;2;1;1;1;9;4;4;;;1;1;4;3;2;3;1;;2;6;1;;1;2;0;1;;2;8;5,81480217
74;1;5;3;2;3;;1;4;3;;;;;;;;;;;;;;;;;;;;;;;;;;;;;;;;;1;1;2;2;2;1;1;1;2;1;1;1;1;;;;;;;;;;;;;1;10;10;1;2;2;2;2;2;4;3;2;2;3;2;3;2;2;1;1;3;1;2;;1;3;;4;;;;;;;;;;;;;;;;;;3;;;;;;;;;;;;;;;;1;1;98;;;;;;;;;;;;;;;;;;;;;;;;;;;;;;;;1;1;1;1;2;4;3;4;1;4;2;2;2;2;2;1;1;1;1;1;1;9;2;2;;;1;1;4;3;1;7;1;;2;5;1;;1;2;3;3;5;2;3;0,98674732
86;1;3;2;1;4;;1;4;4;;;;;;;;;;;;;;;;;;;;;;;;;;;;;;;;;1;2;2;1;2;2;2;2;1;1;1;1;2;3;;;;;;;;;;1;2;1;3;3;2;3;3;3;2;2;3;3;2;2;3;1;2;3;3;1;3;3;2;;;2;;;;;;;;;;;;;;;;;;;;;;;;;;;;;;;;;;;;;1;1;98;;;;;;;;;;;;;;;;;;;;;;;;;;;;;;;;2;2;3;4;4;4;4;4;9;4;2;3;3;3;3;4;1;2;2;1;2;9;4;9;;;2;3;3;3;2;7;1;;2;6;1;;1;4;1;1;;2;5;0,86757064
151;1;6;1;1;5;;1;4;1;;;;;;;;;;;;;;;;;;;;;;;;;;;;;;;;;1;1;1;1;2;1;1;1;1;1;1;1;1;;;;;;;;;;;;;1;7;10;1;2;4;1;2;1;3;2;2;1;4;2;3;4;1;1;1;4;1;2;;1;3;;4;;;;;;;;;;;;;;;;;;4;;3;;;;;;;;;;;;;;1;1;98;;;;;;;;;;;;;;;;;;;;;;;;;;;;;;;;2;3;2;4;3;3;4;4;4;4;1;3;4;1;2;4;1;1;1;1;1;4;3;4;;;1;3;2;3;1;4;9;;1;6;1;;2;2;0;1;;2;1;0,74508673
157;2;6;1;1;6;;1;1;3;2;2;1;1;2;2;2;2;2;2;2;2;2;2;2;2;1;J’AURAIS VOULU AVOIR LE GOÛT D’AVOIR D’AVOIR UN BON CANDIDAT ET AUSSI PAS UN PARTI QUI NE ME DÉÇOIVE PAS MOI QUI A TOUJOURS VOTÉ POUR LE PQ DEPUIS 1970;;;;;;;;;;;;;;;;;;;;;;;;1;1;1;;;;;;;;;;;;;;1;8;2;1;2;2;1;1;3;2;4;2;3;3;2;4;1;2;1;1;5;1;;2;1;3;;4;;;;;;;;;;;;;;;;;;3;;4;;;;;;;;;;;;;;2;;2;;;;;;;;;;;;;;;;;;;;;;;;;;;;;;;;1;3;3;2;4;4;4;3;4;4;1;1;1;3;1;4;1;1;2;2;2;9;4;9;;;5;4;4;9;1;8;6;;1;6;1;;3;1;0;1;;2;3;0,97106183
158;1;1;3;3;3;;1;4;1;;;;;;;;;;;;;;;;;;;;;;;;;;;;;;;;;1;1;2;1;2;2;1;1;2;1;1;2;1;;;;;;;;;;;;;1;8;8;1;1;1;2;2;4;2;4;3;3;2;3;2;3;1;1;2;3;1;2;;2;;;;;;;;;;;;;;;;;;;;;;;;;;;;;;;;;;;;;1;1;98;;;;;;;;;;;;;;;;;;;;;;;;;;;;;;;;2;1;2;2;4;4;4;4;4;4;4;3;2;1;1;3;1;1;3;1;2;2;2;3;;;3;3;2;3;1;7;1;;2;6;1;;1;2;2;1;;2;6;0,17896475
169;1;15;1;2;2;;1;4;1;;;;;;;;;;;;;;;;;;;;;;;;;;;;;;;;;1;2;2;1;1;1;1;2;1;1;1;1;1;;;;;;;;;;;;;1;5;4;2;2;2;3;2;2;3;2;2;2;3;2;2;3;2;1;2;4;2;;;2;;;;;;;;;;;;;;;;;;;;;;;;;;;;;;;;;;;;;1;1;1;;2;;3;;;;;;;;;;;;1;;;;;;;;;;;;;;;;2;2;4;2;4;4;4;4;4;4;3;3;3;3;3;4;1;1;2;2;2;9;9;9;2;2;2;3;3;1;2;7;1;;1;5;1;;1;2;0;1;;2;5;0,29200417
279;1;3;3;1;6;;1;4;1;;;;;;;;;;;;;;;;;;;;;;;;;;;;;;;;;1;2;1;2;2;1;1;1;1;1;1;1;2;1;;;;;;;;;;;;1;10;10;9;2;1;2;2;3;2;3;1;3;2;3;4;2;3;1;1;1;1;2;;1;3;;4;;5;;;;;;;;;;;;;;;;2;;3;;1;;;;;;;;;;;;1;1;98;;;;;;;;;;;;;;;;;;;;;;;;;;;;;;;;2;2;4;4;3;4;3;2;4;4;1;1;3;3;1;4;2;9;2;2;1;2;4;2;;;2;3;4;3;1;5;6;;2;6;1;;1;2;0;1;;2;4;0,96949446
282;1;6;1;1;5;;1;4;1;;;;;;;;;;;;;;;;;;;;;;;;;;;;;;;;;1;1;1;2;2;1;1;1;2;1;1;1;2;1;;;;;;;;;;;;1;10;10;1;1;2;2;2;2;3;2;2;2;3;3;3;2;3;2;2;4;1;2;;1;1;;3;;5;;7;;;;;;;;;;;;;;3;;;;;;;;;;;;;;;;2;;98;;;;;;;;;;;;;;;;;;;;;;;;;;;;;;;;3;1;2;4;2;4;4;2;4;4;1;1;1;1;1;4;2;2;2;2;2;4;3;4;;;3;1;4;3;2;6;1;;1;4;1;;1;2;0;1;;2;6;0,80057913
287;1;3;2;1;6;;1;4;1;;;;;;;;;;;;;;;;;;;;;;;;;;;;;;;;;1;1;1;1;2;1;2;1;1;1;1;1;1;;;;;;;;;;;;;1;10;10;1;1;3;1;1;1;2;4;2;3;1;3;4;2;1;1;1;3;1;2;;1;11;LORS DE LA SOIRÉE D'INVESTITURE .;;;;;;;;;;;;;;;;;;;2;;1;;;;;;;;;;;;;;1;1;98;;;;;;;;;;;;;;;;;;;;;;;;;;;;;;;;1;1;1;2;3;3;1;3;3;1;1;1;3;3;1;4;1;1;1;2;1;3;4;4;;;2;2;4;3;2;8;6;;2;6;1;;1;2;0;1;;2;7;1,17072916
297;1;2;3;3;3;;1;4;1;;;;;;;;;;;;;;;;;;;;;;;;;;;;;;;;;1;1;1;1;1;1;1;1;1;1;1;1;2;1;;;;;;;;;;;;1;8;8;2;2;2;2;2;4;2;2;2;3;1;3;3;1;3;1;1;1;2;;;2;;;;;;;;;;;;;;;;;;;;;;;;;;;;;;;;;;;;;1;1;98;;;;;;;;;;;;;;;;;;;;;;;;;;;;;;;;1;1;3;2;3;3;4;4;4;4;1;2;2;3;1;9;1;1;1;1;1;9;2;9;;;1;1;1;3;2;4;1;;2;6;1;;1;1;1;1;;2;4;0,17110108
342;1;16;1;1;4;;1;4;1;;;;;;;;;;;;;;;;;;;;;;;;;;;;;;;;;1;1;1;1;2;1;2;1;2;1;1;1;1;;;;;;;;;;;;;1;10;10;1;2;2;2;2;2;5;3;3;3;2;3;4;5;2;1;2;5;1;2;;1;3;;;;;;;;;;;;;;;;;;;;2;;;;;;;;;;;;;;;;1;1;98;;;;;;;;;;;;;;;;;;;;;;;;;;;;;;;;2;2;1;3;4;3;4;4;2;4;1;3;4;4;3;4;1;2;2;1;2;2;3;2;;;1;1;4;3;1;5;1;;2;4;1;;1;3;1;1;;2;6;0,71844256
345;2;1;3;3;6;;1;1;2;1;1;1;2;1;2;1;2;2;2;2;2;2;1;1;1;97;C.EST TOUT DU PAREIL AU MEME !!! MORDU PAR UN CHIEN OU MORDU PAR UN CHAT, T,EST MORDU PAREIL !!!;;;;;;;;;;;;;;;;;;;;;;;;2;2;2;;;;;;;;;;;;;;5;5;5;1;3;3;2;2;1;3;2;2;1;3;1;1;4;1;2;4;3;1;;2;1;3;;4;;;;;;;;;;;;;;;;;;4;;;;;;;;;;;;;;;;2;;98;;;;;;;;;;;;;;;;;;;;;;;;;;;;;;;;1;2;2;4;3;4;4;2;4;4;2;3;3;2;4;4;2;2;2;2;1;2;1;2;;;1;3;3;3;1;7;1;PROPRIÉTAIRE IMMOBILIER;2;4;1;;2;1;0;1;;2;3;0,18845862
352;1;6;1;1;2;;1;4;1;;;;;;;;;;;;;;;;;;;;;;;;;;;;;;;;;1;1;1;2;2;1;1;1;2;1;1;1;2;3;;;;;;;;;;1;1;1;9;9;1;2;2;2;2;3;2;3;3;3;2;3;3;2;2;1;1;3;1;2;;2;;;;;;;;;;;;;;;;;;;;;;;;;;;;;;;;;;;;;1;1;98;;;;;;;;;;;;;;;;;;;;;;;;;;;;;;;;2;1;2;1;2;3;4;4;4;4;3;2;2;2;1;2;1;1;2;1;1;3;2;3;1;2;3;4;2;3;2;8;1;;2;3;1;;2;2;2;1;;2;6;0,45117819
413;1;1;3;3;5;;1;4;9;;;;;;;;;;;;;;;;;;;;;;;;;;;;;;;;;1;2;1;2;2;1;1;1;1;1;1;1;2;2;;;;;;;;;;;;2;5;5;1;2;2;2;2;2;5;2;2;3;2;3;3;5;2;1;2;3;1;2;;9;;;;;;;;;;;;;;;;;;;;;;;;;;;;;;;;;;;;;1;1;1;;5;;;;;;;;;;;;;;4;;;;;;;;;;;;;;;;1;1;9;1;4;3;4;4;3;4;2;2;2;3;3;4;2;2;2;1;2;4;4;4;;;5;3;3;3;2;7;6;;2;1;1;;2;2;0;1;;2;3;0,17461693
432;1;6;1;1;4;;1;4;1;;;;;;;;;;;;;;;;;;;;;;;;;;;;;;;;;1;1;2;2;2;1;1;1;2;1;1;1;1;;;;;;;;;;;;;1;6;8;1;2;3;1;1;2;4;2;2;1;3;2;4;4;1;1;1;3;2;;;1;3;;5;;6;DÉPLIANT DANS MA BOÎTE À LETTRES.;;;;;;;;;;;;;;;2;;3;;1;;7;M'INVITER À PARTICIPER À DES ACTIVITÉS DANS LE CADRE DE LA CAMPAGNE, ME RAPPELER LA DATE DU VOTE ET S'ASSURER QUE J'IRAIS VOTER.;97;;;;;;;;2;;98;;;;;;;;;;;;;;;;;;;;;;;;;;;;;;;;3;2;1;1;9;4;2;4;3;4;4;3;3;3;4;4;1;1;1;1;1;9;3;1;;;1;3;2;3;2;4;8;;1;4;1;;2;1;0;1;;2;1;0,77195251
495;1;17;3;2;4;;1;4;1;;;;;;;;;;;;;;;;;;;;;;;;;;;;;;;;;1;1;2;2;2;1;1;1;1;1;1;2;2;1;;;;;;;;;;;;1;7;7;1;2;2;2;2;3;3;5;2;2;3;3;2;5;2;1;2;4;1;2;;2;;;;;;;;;;;;;;;;;;;;;;;;;;;;;;;;;;;;;1;1;1;;;;;;;;;;;;;;;;1;;2;;;;;;;;;;;;;;2;2;4;1;4;4;4;4;4;4;2;3;3;2;1;3;1;1;1;1;2;9;3;9;;;2;4;4;3;1;6;1;;2;3;1;;1;2;2;1;;2;6;0,48736537
517;1;6;1;1;4;;1;4;1;;;;;;;;;;;;;;;;;;;;;;;;;;;;;;;;;1;1;1;1;2;1;2;1;2;1;1;1;1;;;;;;;;;;;;;1;5;5;1;3;1;3;4;3;2;2;3;4;1;3;3;2;2;1;1;4;1;2;;2;;;;;;;;;;;;;;;;;;;;;;;;;;;;;;;;;;;;;1;1;98;MOI MEME;;;;;;;;;;;;;;;;;;;;;;;;;;;;;;;3;3;4;4;4;4;4;4;4;4;1;2;3;4;1;4;1;2;1;1;1;2;4;1;;;1;2;4;3;1;6;1;;2;6;1;;1;2;0;1;;2;7;0,71844256
566;1;3;2;1;3;;1;4;1;;;;;;;;;;;;;;;;;;;;;;;;;;;;;;;;;1;2;1;2;2;1;1;1;2;1;1;1;1;;;;;;;;;;;;;2;1;5;1;3;2;2;2;2;2;2;3;2;3;2;2;3;2;2;2;3;2;;;2;;;;;;;;;;;;;;;;;;;;;;;;;;;;;;;;;;;;;1;2;98;;;;;;;;;;;;;;;;;;;;;;;;;;;;;;;;2;2;3;1;4;4;4;4;4;3;3;3;4;4;2;4;2;2;2;2;2;4;4;4;;;1;2;4;3;1;6;1;;2;5;1;;2;2;2;1;;2;4;1,29428685
570;1;13;1;1;5;;1;4;2;;;;;;;;;;;;;;;;;;;;;;;;;;;;;;;;;1;2;2;1;2;2;1;2;2;1;1;8;1;;;;;;;;;;;;;1;1;1;2;3;4;4;2;1;4;4;1;1;4;1;1;4;1;1;3;4;2;;;1;2;;4;;;;;;;;;;;;;;;;;;6;SE PRÉSENTER;;;;;;;;;;;;;;;1;1;98;;;;;;;;;;;;;;;;;;;;;;;;;;;;;;;;3;3;2;2;4;3;4;4;4;4;2;2;3;3;4;9;3;3;4;3;2;4;4;2;;;1;2;4;3;1;5;13;PROCHE AIDANT;3;6;1;;2;2;0;1;;2;2;0,74508673
573;1;3;2;1;4;;1;4;1;;;;;;;;;;;;;;;;;;;;;;;;;;;;;;;;;1;2;1;2;2;1;1;1;1;1;1;1;2;1;;;;;;;;;;;;1;8;10;2;2;2;1;1;2;3;2;3;2;3;2;3;2;2;1;1;4;1;2;;1;1;;;;;;;;;;;;;;;;;;;;5;;4;;;;;;;;;;;;;;1;1;98;;;;;;;;;;;;;;;;;;;;;;;;;;;;;;;;2;2;3;2;4;4;4;4;4;4;2;1;3;4;1;3;1;1;1;1;1;3;2;3;;;1;4;3;3;1;7;1;;2;6;1;;1;3;1;1;;2;8;0,80743265
603;1;6;1;1;6;;1;4;1;;;;;;;;;;;;;;;;;;;;;;;;;;;;;;;;;1;1;1;2;2;1;1;2;1;1;1;1;1;;;;;;;;;;;;;1;7;10;1;3;2;2;2;2;5;2;2;3;3;5;4;2;1;1;1;1;1;2;;1;4;;;;;;;;;;;;;;;;;;;;4;;3;;;;;;;;;;;;;;2;;98;;;;;;;;;;;;;;;;;;;;;;;;;;;;;;;;3;2;1;1;4;4;4;4;4;4;1;1;1;1;1;4;2;1;1;1;1;4;4;4;;;2;4;4;3;1;3;1;;1;5;1;;2;1;0;1;;2;3;4,05371332
670;1;3;2;1;6;;1;4;1;;;;;;;;;;;;;;;;;;;;;;;;;;;;;;;;;1;1;1;1;2;2;1;2;2;1;1;1;2;1;;;;;;;;;;;;1;5;10;1;3;3;1;1;4;2;1;1;1;2;2;2;1;1;1;1;4;1;2;;1;3;;;;;;;;;;;;;;;;;;;;3;;;;;;;;;;;;;;;;1;1;98;;;;;;;;;;;;;;;;;;;;;;;;;;;;;;;;2;1;2;2;2;4;4;3;4;4;1;1;3;4;3;4;1;1;1;1;1;9;9;9;;;1;2;4;3;1;9;6;;1;5;1;;1;1;0;1;;2;99;1,08958244
690;1;14;1;1;4;;1;4;1;;;;;;;;;;;;;;;;;;;;;;;;;;;;;;;;;1;1;1;1;1;1;1;1;1;1;1;1;2;1;;;;;;;;;;;;1;10;10;1;2;2;1;1;2;1;2;2;2;3;1;2;1;1;1;1;1;1;1;;1;3;;4;;;;;;;;;;;;;;;;;;3;;;;;;;;;;;;;;;;1;1;98;;;;;;;;;;;;;;;;;;;;;;;;;;;;;;;;2;2;4;1;4;4;4;4;4;4;1;2;2;3;3;4;1;9;9;9;9;9;9;9;;;5;1;1;1;2;5;6;;2;6;1;;1;2;0;1;;2;4;0,77195251
697;1;3;2;1;6;;1;4;1;;;;;;;;;;;;;;;;;;;;;;;;;;;;;;;;;1;1;1;1;2;1;2;1;2;1;1;1;2;1;;;;;;;;;;;;1;10;10;1;1;1;1;1;3;2;4;3;4;2;3;3;2;3;1;1;4;1;2;;1;2;;3;;4;;6;;;;;;;;;;;;;;4;;3;;;;;;;;;;;;;;1;1;98;;;;;;;;;;;;;;;;;;;;;;;;;;;;;;;;1;1;2;4;4;4;3;3;1;2;1;1;4;4;1;4;1;1;1;1;1;2;1;1;;;1;2;4;3;2;8;6;;2;6;97;POLONAIS;1;2;0;3;5;2;99;1,17072916
778;1;2;3;3;5;;1;4;1;;;;;;;;;;;;;;;;;;;;;;;;;;;;;;;;;1;1;1;1;2;1;1;1;2;1;1;1;2;1;;;;;;;;;;;;1;8;8;1;1;1;1;1;1;2;2;2;2;2;2;3;2;2;1;2;3;1;2;;1;1;;3;;4;;7;;;;;;;;;;;;;;3;;;;;;;;;;;;;;;;1;1;1;;;;;;;;;;;;;;;;1;;2;;3;;;;;;;;;;;;1;1;4;1;2;4;4;4;4;4;1;1;1;2;1;2;2;2;4;2;2;4;2;4;;;3;2;3;1;1;5;6;;2;6;1;;1;1;0;1;;2;6;0,14460243
812;1;6;1;1;4;;1;4;1;;;;;;;;;;;;;;;;;;;;;;;;;;;;;;;;;1;1;2;1;2;1;1;1;2;1;1;1;1;;;;;;;;;;;;;1;3;7;2;3;2;1;3;1;2;1;1;1;3;1;1;3;1;2;1;1;1;1;;2;;;;;;;;;;;;;;;;;;;;;;;;;;;;;;;;;;;;;1;1;98;;;;;;;;;;;;;;;;;;;;;;;;;;;;;;;;9;2;1;1;4;4;4;4;4;4;1;4;3;3;1;4;1;1;1;2;2;4;4;4;;;1;3;3;3;2;3;1;;1;6;1;;1;2;0;1;;2;2;3,22773314
816;1;3;2;1;4;;1;4;4;;;;;;;;;;;;;;;;;;;;;;;;;;;;;;;;;1;1;1;1;1;1;1;1;1;1;1;1;1;;;;;;;;;;;;;2;5;5;2;3;3;2;5;2;5;5;3;1;5;3;1;5;2;5;2;3;1;2;;2;;;;;;;;;;;;;;;;;;;;;;;;;;;;;;;;;;;;;2;;98;;;;;;;;;;;;;;;;;;;;;;;;;;;;;;;;9;9;4;4;4;4;4;4;4;4;2;2;2;4;2;4;4;4;4;4;4;4;4;4;;;5;4;4;2;2;3;1;;2;5;1;;2;1;0;1;;2;4;3,22773314
832;1;17;3;2;4;;1;4;1;;;;;;;;;;;;;;;;;;;;;;;;;;;;;;;;;1;1;1;1;1;1;1;1;2;1;1;1;1;;;;;;;;;;;;;1;5;6;1;2;2;2;2;3;5;4;2;3;3;3;3;2;1;1;1;1;1;2;;1;2;;5;;8;;;;;;;;;;;;;;;;3;;4;;;;;;;;;;;;;;1;1;98;;;;;;;;;;;;;;;;;;;;;;;;;;;;;;;;2;3;1;2;3;4;3;4;4;4;3;3;2;1;3;4;1;1;1;1;1;4;4;4;;;1;2;3;3;2;7;1;;2;5;1;;2;1;0;1;;2;2;0,58852845
840;1;2;3;3;5;;1;4;1;;;;;;;;;;;;;;;;;;;;;;;;;;;;;;;;;1;1;1;1;1;1;1;1;1;1;1;1;1;;;;;;;;;;;;;1;10;10;1;1;2;1;1;3;2;3;3;2;3;2;4;1;1;1;1;3;1;2;;1;3;;4;;5;;7;;;;;;;;;;;;;;3;;;;;;;;;;;;;;;;2;;98;;;;;;;;;;;;;;;;;;;;;;;;;;;;;;;;1;2;3;1;1;3;2;4;4;4;1;1;1;1;1;4;1;1;1;1;2;4;1;9;;;2;3;1;3;1;7;6;;2;6;1;;2;1;0;1;;2;99;0,16251326
843;1;7;3;2;5;;1;4;1;;;;;;;;;;;;;;;;;;;;;;;;;;;;;;;;;1;2;2;1;2;2;2;2;2;1;1;1;1;;;;;;;;;;;;;1;8;6;2;2;3;2;2;3;3;3;4;3;2;3;3;3;3;1;2;3;1;2;;2;;;;;;;;;;;;;;;;;;;;;;;;;;;;;;;;;;;;;2;;98;;;;;;;;;;;;;;;;;;;;;;;;;;;;;;;;2;2;1;1;4;4;4;4;4;4;1;1;1;3;3;4;2;2;2;2;2;2;3;2;;;3;3;3;3;1;7;6;;2;6;1;;2;1;0;1;;2;5;0,70835632
969;1;2;3;3;6;;1;4;1;;;;;;;;;;;;;;;;;;;;;;;;;;;;;;;;;1;2;1;2;2;1;2;2;2;1;1;1;1;;;;;;;;;;;;;2;9;6;1;1;4;4;2;1;2;2;2;1;4;2;4;4;3;2;2;3;1;2;;2;;;;;;;;;;;;;;;;;;;;;;;;;;;;;;;;;;;;;1;1;98;;;;;;;;;;;;;;;;;;;;;;;;;;;;;;;;2;2;3;2;3;4;4;2;4;4;2;1;2;3;2;4;2;2;2;2;2;3;2;4;;;2;4;4;3;1;7;6;;2;4;1;;1;2;0;1;;2;99;0,21145961
971;1;6;1;1;6;;1;4;1;;;;;;;;;;;;;;;;;;;;;;;;;;;;;;;;;1;1;1;1;2;1;2;2;1;1;1;1;1;;;;;;;;;;;;;1;8;7;1;2;3;3;2;2;3;1;2;3;3;1;4;3;2;2;2;4;1;2;;1;3;;;;;;;;;;;;;;;;;;;;3;;;;;;;;;;;;;;;;2;;98;;;;;;;;;;;;;;;;;;;;;;;;;;;;;;;;2;2;4;4;4;4;4;4;4;4;3;2;2;4;4;4;2;2;1;1;1;4;4;4;;;2;3;4;3;1;5;6;;1;6;1;;2;1;0;1;;2;1;0,96949446
974;2;1;3;3;2;;1;2;4;1;2;2;2;2;2;2;2;1;2;2;2;2;1;2;2;99;;;;;;;;;;;;;;;;;;;;;;;;;9;9;9;;;;;;;;;;;;;;1;6;6;2;3;2;2;5;5;2;4;2;3;2;3;3;5;2;1;1;3;2;;;1;4;;;;;;;;;;;;;;;;;;;;99;;;;;;;;;;;;;;;;1;1;98;;;;;;;;;;;;;;;;;;;;;;;;;;;;;;;;2;2;2;1;4;4;4;4;4;4;3;3;3;3;3;4;1;1;2;1;1;9;4;4;2;2;1;1;3;3;2;4;4;;1;2;1;;1;2;5;1;;2;4;0,10215487
978;1;12;3;2;6;;1;4;4;;;;;;;;;;;;;;;;;;;;;;;;;;;;;;;;;1;1;1;1;2;1;2;1;2;1;1;1;2;1;;;;;;;;;;;;1;9;9;2;2;2;2;5;2;3;1;1;1;3;1;2;3;2;2;1;3;2;;;1;3;;;;;;;;;;;;;;;;;;;;3;;;;;;;;;;;;;;;;1;1;98;;;;;;;;;;;;;;;;;;;;;;;;;;;;;;;;3;4;4;4;4;4;4;4;4;4;2;3;4;3;3;4;3;3;2;2;3;2;2;3;;;3;3;4;3;2;3;6;;2;6;1;;1;1;0;1;;2;2;3,6845355
979;1;3;2;1;6;;1;4;1;;;;;;;;;;;;;;;;;;;;;;;;;;;;;;;;;1;2;1;2;2;1;2;1;2;1;1;1;1;;;;;;;;;;;;;1;9;9;1;3;2;2;2;3;2;2;2;3;3;2;3;3;3;1;2;4;1;2;;2;;;;;;;;;;;;;;;;;;;;;;;;;;;;;;;;;;;;;2;;98;;;;;;;;;;;;;;;;;;;;;;;;;;;;;;;;2;1;4;4;4;4;2;4;4;4;1;1;4;4;2;4;2;2;2;2;2;4;4;4;;;4;3;3;3;1;3;6;;2;6;1;;1;1;0;1;;2;3;4,05371332
989;1;3;2;1;6;;1;4;1;;;;;;;;;;;;;;;;;;;;;;;;;;;;;;;;;1;2;1;1;2;1;1;1;1;1;1;1;2;1;;;;;;;;;;;;1;9;8;1;1;2;2;2;2;2;2;3;3;2;3;3;2;2;1;2;3;1;2;;1;3;;4;;;;;;;;;;;;;;;;;;4;;3;;;;;;;;;;;;;;1;1;98;;;;;;;;;;;;;;;;;;;;;;;;;;;;;;;;1;1;2;1;2;2;4;4;4;4;1;1;2;3;2;4;1;1;1;2;2;1;2;1;;;2;3;3;3;1;7;6;;2;6;1;;1;2;0;1;;2;6;1,08958244
991;1;6;1;1;4;;1;4;1;;;;;;;;;;;;;;;;;;;;;;;;;;;;;;;;;1;1;2;2;1;1;1;1;2;1;1;1;1;;;;;;;;;;;;;1;7;8;2;2;2;2;1;3;2;3;2;3;2;3;3;5;2;1;1;4;1;2;;2;;;;;;;;;;;;;;;;;;;;;;;;;;;;;;;;;;;;;1;1;98;;;;;;;;;;;;;;;;;;;;;;;;;;;;;;;;2;2;3;2;4;4;4;4;4;4;1;1;1;3;2;4;1;1;1;1;1;4;3;4;;;2;4;4;3;1;7;1;;2;5;1;;1;2;2;1;;2;8;0,80743265
1150;1;6;1;1;6;;1;4;1;;;;;;;;;;;;;;;;;;;;;;;;;;;;;;;;;1;2;1;1;2;1;1;1;1;1;1;1;1;;;;;;;;;;;;;1;10;10;1;1;2;1;1;3;2;4;2;2;3;3;3;2;1;1;1;1;1;2;;1;4;;;;;;;;;;;;;;;;;;;;3;;;;;;;;;;;;;;;;2;;98;;;;;;;;;;;;;;;;;;;;;;;;;;;;;;;;1;1;2;9;1;4;4;4;4;4;1;1;1;1;4;4;1;1;1;1;1;4;4;9;;;1;1;5;3;1;3;6;;1;6;1;;2;1;0;1;;2;2;4,05371332
1164;1;6;1;1;6;;1;4;1;;;;;;;;;;;;;;;;;;;;;;;;;;;;;;;;;1;1;2;1;2;1;1;1;2;1;1;1;1;;;;;;;;;;;;;1;9;9;2;2;2;5;2;2;5;3;2;5;4;2;2;2;2;1;2;3;2;;;1;3;;4;;;;;;;;;;;;;;;;;;3;;;;;;;;;;;;;;;;2;;98;;;;;;;;;;;;;;;;;;;;;;;;;;;;;;;;2;2;4;2;4;4;4;4;4;4;2;4;4;4;3;4;2;2;2;2;2;4;4;4;;;2;3;3;3;2;4;6;;1;6;1;;2;1;0;1;;2;1;1,04170036
1174;1;14;1;1;3;;1;4;1;;;;;;;;;;;;;;;;;;;;;;;;;;;;;;;;;1;1;1;2;1;1;1;1;2;1;1;1;2;1;;3;;;;;;;;2;;1;10;8;1;1;2;2;3;2;3;3;4;3;3;1;2;4;1;1;2;4;1;2;;2;;;;;;;;;;;;;;;;;;;;;;;;;;;;;;;;;;;;;1;1;1;;2;;3;;4;;;;;;;;;;1;;2;;3;;;;;;;;;;;;2;1;3;2;1;1;2;2;1;2;1;1;1;1;1;1;1;1;3;1;1;1;1;2;;;1;3;1;3;1;7;1;;2;6;1;;1;2;2;1;;2;7;1,45460439
1198;1;12;3;2;6;;1;4;1;;;;;;;;;;;;;;;;;;;;;;;;;;;;;;;;;1;2;1;2;2;1;2;1;2;1;1;1;2;4;;5;;;;;;;;;;1;8;6;1;1;2;2;2;3;2;3;4;4;2;3;4;2;3;1;1;4;1;2;;1;4;;5;;7;;;;;;;;;;;;;;;;4;;3;;;;;;;;;;;;;;2;;98;;;;;;;;;;;;;;;;;;;;;;;;;;;;;;;;1;2;4;2;4;4;4;4;4;4;1;1;4;3;2;4;1;1;2;1;2;3;2;1;;;4;3;3;3;2;8;6;;2;6;1;;3;1;0;1;;2;3;0,99035168
1246;1;3;2;2;5;;1;4;3;;;;;;;;;;;;;;;;;;;;;;;;;;;;;;;;;1;2;2;2;2;1;2;2;2;1;1;1;1;;;;;;;;;;;;;1;10;10;2;3;3;2;1;2;2;2;3;2;3;2;3;3;2;1;2;4;2;;;1;1;;3;;4;;;;;;;;;;;;;;;;3;;4;;;;;;;;;;;;;;1;1;98;;;;;;;;;;;;;;;;;;;;;;;;;;;;;;;;3;2;4;4;4;4;4;4;4;2;1;3;2;4;3;4;1;1;1;1;1;9;2;2;;;3;2;3;3;1;3;6;;2;6;1;;1;2;0;2;5;2;6;2,63539386
1274;1;15;1;1;3;;1;4;1;;;;;;;;;;;;;;;;;;;;;;;;;;;;;;;;;1;1;2;2;2;1;1;1;2;1;1;1;2;1;;;;;;;;;;;;1;10;10;2;2;3;2;3;3;2;4;3;2;3;2;3;2;2;1;2;4;1;2;;1;1;;;;;;;;;;;;;;;;;;;;4;;;;;;;;;;;;;;;;1;1;98;;;;;;;;;;;;;;;;;;;;;;;;;;;;;;;;1;1;3;1;4;4;4;4;4;4;1;2;2;2;1;2;2;1;2;2;2;2;1;1;;;1;3;4;3;2;8;1;;2;6;1;;1;3;2;1;;2;8;1,56293797
1290;1;11;3;3;5;;1;4;1;;;;;;;;;;;;;;;;;;;;;;;;;;;;;;;;;1;2;2;1;2;2;2;2;2;1;1;1;1;;;;;;;;;;;;;1;5;5;2;1;2;2;2;3;3;3;2;2;3;2;3;3;2;2;2;3;2;;;1;3;;;;;;;;;;;;;;;;;;;;3;;;;;;;;;;;;;;;;2;;98;;;;;;;;;;;;;;;;;;;;;;;;;;;;;;;;1;2;4;1;4;4;4;4;4;4;2;3;3;2;2;4;2;1;1;1;2;4;2;4;;;1;3;2;3;1;5;1;;1;5;1;;2;1;0;2;4;2;2;0,14460243
1324;1;5;3;2;3;;1;4;1;;;;;;;;;;;;;;;;;;;;;;;;;;;;;;;;;1;1;1;2;2;1;1;1;2;1;1;1;2;1;;3;;;;;;;;1;2;1;6;6;1;2;2;2;2;2;2;4;1;2;3;2;3;3;2;1;1;2;1;2;;1;3;;4;;;;;;;;;;;;;;;;;;99;;;;;;;;;;;;;;;;1;9;1;;2;;;;;;;;;;;;;;2;;;;;;;;;;;;;;;;2;3;2;2;4;4;4;4;3;4;1;2;2;2;2;4;1;1;2;1;1;4;4;4;;;1;1;4;1;2;7;1;;2;5;97;PORTUGAIS;1;2;3;3;5;2;6;1,0602386
1414;1;1;3;3;5;;1;4;1;;;;;;;;;;;;;;;;;;;;;;;;;;;;;;;;;1;1;1;2;2;1;2;1;2;1;1;1;2;3;;;;;;;;;;2;;1;8;8;1;2;1;2;2;3;2;4;3;2;1;3;2;2;1;1;1;1;2;;;1;4;;;;;;;;;;;;;;;;;;;;5;;;;;;;;;;;;;;;;1;1;98;;;;;;;;;;;;;;;;;;;;;;;;;;;;;;;;4;3;3;4;4;4;4;4;4;4;1;4;4;4;1;4;1;1;2;1;1;4;4;2;;;3;3;3;3;1;3;6;;2;6;1;;2;2;0;1;;2;1;0,60462022
1485;1;15;1;1;6;;1;4;1;;;;;;;;;;;;;;;;;;;;;;;;;;;;;;;;;1;1;2;2;2;1;1;1;2;1;1;1;1;;;;;;;;;;;;;1;10;6;2;1;4;2;1;1;4;1;3;1;2;2;3;3;2;1;3;3;1;2;;1;2;;;;;;;;;;;;;;;;;;;;4;;;;;;;;;;;;;;;;1;1;98;;;;;;;;;;;;;;;;;;;;;;;;;;;;;;;;1;1;1;2;1;2;2;1;2;4;2;1;1;4;1;2;1;1;2;2;2;1;1;2;;;1;1;3;3;1;7;1;;2;6;1;;2;2;0;1;;2;99;1,08958244
1533;1;6;1;1;4;;1;4;3;;;;;;;;;;;;;;;;;;;;;;;;;;;;;;;;;1;1;2;1;1;1;1;1;1;1;1;1;1;;;;;;;;;;;;;1;8;10;2;2;3;2;2;1;2;1;2;1;3;1;1;3;5;2;2;3;1;2;;1;3;;4;;;;;;;;;;;;;;;;;;3;;;;;;;;;;;;;;;;1;1;1;;;;;;;;;;;;;;;;4;;;;;;;;;;;;;;;;1;2;4;4;4;4;4;3;4;4;1;3;4;3;1;4;1;1;1;1;1;3;4;3;;;1;2;3;3;2;2;1;;2;2;1;;1;2;0;1;;2;5;3,22773314
1536;1;7;3;2;5;;1;4;1;;;;;;;;;;;;;;;;;;;;;;;;;;;;;;;;;1;1;1;2;2;1;2;1;2;1;1;1;2;1;;;;;;;;;;;;1;9;10;1;2;2;1;1;4;2;4;4;4;2;4;4;1;3;1;1;4;1;2;;1;1;;3;;;;;;;;;;;;;;;;;;3;;4;;;;;;;;;;;;;;1;1;1;;2;;;;;;;;;;;;;;2;;;;;;;;;;;;;;;;1;1;3;4;4;4;4;4;4;4;1;3;3;3;2;9;1;1;2;2;2;2;2;2;;;4;1;4;3;1;7;6;;2;6;1;;1;2;0;1;;2;7;0,70835632
1583;1;6;1;1;4;;1;4;2;;;;;;;;;;;;;;;;;;;;;;;;;;;;;;;;;1;1;2;1;2;1;2;1;1;1;1;1;2;2;;;;;;;;;;;;1;8;10;2;2;3;1;2;2;2;2;3;2;3;1;3;3;1;1;2;3;1;2;;1;3;;;;;;;;;;;;;;;;;;;;3;;;;;;;;;;;;;;;;2;;98;;;;;;;;;;;;;;;;;;;;;;;;;;;;;;;;2;2;4;2;1;4;4;1;4;4;2;3;1;2;2;3;2;1;1;2;1;3;2;3;;;1;1;3;3;1;7;1;;1;6;1;;2;1;0;1;;2;2;0,80743265
1588;1;13;1;1;5;;1;4;1;;;;;;;;;;;;;;;;;;;;;;;;;;;;;;;;;1;1;1;2;2;1;1;1;2;1;1;1;2;97;AUTRE MEMBRE DE LA FAMILLE;;;;;;;;;;;1;5;5;2;3;3;2;2;2;2;2;2;2;3;2;2;3;1;1;2;3;2;;;1;2;;3;;4;;6;;;;;;;;;;;;;;3;;;;;;;;;;;;;;;;1;1;1;;;;;;;;;;;;;;;;4;;;;;;;;;;;;;;;;2;3;3;2;4;4;4;4;4;4;1;2;3;3;2;4;2;3;2;2;2;4;4;4;;;3;2;3;3;2;3;6;;2;6;1;;2;2;0;1;;2;3;3,34743714
1640;1;16;1;1;5;;1;4;1;;;;;;;;;;;;;;;;;;;;;;;;;;;;;;;;;1;1;1;1;1;1;1;1;1;1;1;1;2;1;;3;;;;;;;;2;;1;10;10;1;2;2;1;1;3;2;4;3;3;2;2;3;2;2;1;1;3;1;2;;1;1;;3;;4;;7;;;;;;;;;;;;;;4;;3;;;;;;;;;;;;;;1;1;1;;;;;;;;;;;;;;;;3;;;;;;;;;;;;;;;;1;1;4;1;2;4;4;2;1;4;2;1;1;3;3;4;1;1;2;2;1;4;3;4;;;1;3;3;1;2;7;1;;2;6;1;;1;3;0;1;;2;5;0,89974082
1648;1;15;1;2;6;;1;4;1;;;;;;;;;;;;;;;;;;;;;;;;;;;;;;;;;1;1;1;2;2;1;1;1;2;1;1;1;2;1;;;;;;;;;;;;1;10;8;1;2;2;3;2;3;2;2;2;2;2;3;4;3;2;1;1;3;1;2;;1;1;;5;;;;;;;;;;;;;;;;;;2;;;;;;;;;;;;;;;;1;1;98;;;;;;;;;;;;;;;;;;;;;;;;;;;;;;;;2;2;1;1;2;3;1;3;2;1;1;1;2;3;1;3;1;1;1;1;2;2;3;2;;;1;3;2;3;1;8;6;;2;6;1;;1;2;0;1;;2;99;0,92170042
1701;1;3;2;1;5;;1;4;1;;;;;;;;;;;;;;;;;;;;;;;;;;;;;;;;;1;1;2;1;2;1;1;1;1;1;1;9;1;;;;;;;;;;;;;1;7;7;2;2;2;2;1;3;1;3;2;3;2;3;3;2;2;1;1;1;1;1;;1;3;;4;;;;;;;;;;;;;;;;;;3;;4;;;;;;;;;;;;;;2;;98;;;;;;;;;;;;;;;;;;;;;;;;;;;;;;;;2;2;4;3;4;4;4;4;4;4;1;1;4;4;4;4;1;1;1;1;1;2;3;1;;;2;4;4;3;2;7;6;;2;6;1;;2;1;0;1;;2;4;0,89974082
1721;1;15;3;2;6;;1;4;1;;;;;;;;;;;;;;;;;;;;;;;;;;;;;;;;;1;1;2;2;2;1;2;1;2;1;1;9;2;1;;;;;;;;;;;;1;10;10;2;1;2;2;1;3;2;3;3;4;2;3;3;2;3;1;1;3;1;2;;1;4;;;;;;;;;;;;;;;;;;;;4;INVITATION À VOTER POUR LUI;;;;;;;;;;;;;;;1;1;98;;;;;;;;;;;;;;;;;;;;;;;;;;;;;;;;1;1;4;4;4;4;4;4;4;4;1;2;3;2;3;4;1;1;1;1;2;2;2;3;;;1;4;3;3;1;7;6;;2;6;1;;1;2;0;1;;2;6;0,92170042
1726;1;6;1;1;6;;1;4;1;;;;;;;;;;;;;;;;;;;;;;;;;;;;;;;;;1;2;1;1;2;2;2;1;1;1;1;1;1;;;;;;;;;;;;;1;10;10;1;2;2;3;3;2;3;2;3;2;2;2;3;3;2;1;2;3;1;2;;1;3;;;;;;;;;;;;;;;;;;;;3;;;;;;;;;;;;;;;;2;;98;;;;;;;;;;;;;;;;;;;;;;;;;;;;;;;;2;4;4;4;4;4;4;4;4;4;1;1;1;4;1;3;2;2;2;2;2;2;3;2;;;2;4;2;3;1;7;6;;2;6;1;;2;1;0;1;;2;3;1,08958244
1734;1;16;1;1;4;;1;4;4;;;;;;;;;;;;;;;;;;;;;;;;;;;;;;;;;1;2;1;1;1;2;2;2;1;1;1;1;2;1;;;;;;;;;;;;1;7;4;2;3;2;2;2;3;3;3;2;2;2;2;3;2;2;1;1;3;1;2;;1;3;;4;;;;;;;;;;;;;;;;;;3;;7;ALLER VOTER;;;;;;;;;;;;;1;1;1;;;;;;;;;;;;;;;;2;;;;;;;;;;;;;;;;3;2;4;4;4;4;4;4;4;4;4;2;2;4;2;4;2;2;2;2;2;2;4;2;;;4;2;4;3;1;7;1;;2;6;1;;1;2;0;1;;2;8;0,80743265
1754;1;6;1;1;5;;1;4;1;;;;;;;;;;;;;;;;;;;;;;;;;;;;;;;;;1;1;1;1;1;1;1;1;1;1;1;1;9;;;;;;;;;;;;;1;8;5;1;2;1;1;2;1;1;1;2;2;2;2;3;1;1;1;1;1;1;2;;1;3;;6;;8;;;;;;;;;;;;;;;;2;;1;;4;;;;;;;;;;;;2;;98;;;;;;;;;;;;;;;;;;;;;;;;;;;;;;;;2;1;1;1;1;2;3;2;2;2;1;2;1;1;1;3;1;1;1;2;1;4;4;2;;;1;3;4;2;1;7;7;;2;8;2;;3;2;1;2;5;2;99;0,83737397
1775;1;14;3;2;4;;1;4;1;;;;;;;;;;;;;;;;;;;;;;;;;;;;;;;;;1;2;2;1;1;1;1;2;2;1;1;1;1;;;;;;;;;;;;;1;7;7;9;2;2;2;2;2;2;4;2;2;3;2;3;2;2;1;2;2;2;;;2;;;;;;;;;;;;;;;;;;;;;;;;;;;;;;;;;;;;;2;;98;;;;;;;;;;;;;;;;;;;;;;;;;;;;;;;;2;2;3;4;4;4;4;3;4;4;2;4;2;2;2;4;2;2;4;2;2;4;4;4;;;2;2;3;3;2;2;1;;1;4;1;;1;1;0;1;;2;2;2,18957973
1800;1;15;1;1;5;;1;4;1;;;;;;;;;;;;;;;;;;;;;;;;;;;;;;;;;1;2;2;1;2;1;1;1;2;1;1;1;1;;;;;;;;;;;;;1;8;9;1;2;1;1;2;1;2;4;2;2;4;1;4;3;1;1;2;4;1;2;;1;3;;4;;;;;;;;;;;;;;;;;;3;;7;M'INVITER À ALLER VOTER LE JOUR DU SCRUTIN;;;;;;;;;;;;;1;1;98;;;;;;;;;;;;;;;;;;;;;;;;;;;;;;;;1;1;3;1;1;4;3;2;4;4;1;2;2;3;1;2;1;1;1;1;2;4;1;2;;;2;4;3;3;1;6;1;;2;6;1;;1;3;0;1;;2;99;0,74508673
1813;1;6;1;1;5;;1;4;1;;;;;;;;;;;;;;;;;;;;;;;;;;;;;;;;;1;2;2;1;1;1;1;1;2;1;1;1;2;1;;;;;;;;;;;;1;6;6;1;3;3;2;2;2;3;2;3;2;2;2;3;2;2;1;2;3;1;2;;1;3;;6;;8;;;;;;;;;;;;;;;;5;;2;;3;;;;;;;;;;;;1;1;1;;;;;;;;;;;;;;;;2;;;;;;;;;;;;;;;;3;1;1;2;4;4;4;4;4;4;2;1;2;4;4;4;1;1;1;1;3;4;4;2;;;1;3;2;3;1;5;1;;2;6;1;;1;2;0;1;;2;4;0,74508673
1816;2;3;3;1;6;;1;1;4;2;2;2;2;1;2;2;2;2;2;2;2;2;1;2;1;2;J'AI ETE PAR ANTICIPATION ET L'ATTENTE ETAIT TROP LONGUE SEULEMENT UN BUREAU POUR VOTER;13;;;;;;;;;;;;;;;;;;;;;;;1;1;1;;;;;;;;;;;;;;1;7;7;9;2;2;2;2;2;2;2;2;2;2;3;3;2;3;1;2;3;1;;2;1;3;;4;;;;;;;;;;;;;;;;;;3;;;;;;;;;;;;;;;;1;1;98;;;;;;;;;;;;;;;;;;;;;;;;;;;;;;;;4;4;3;4;4;4;4;4;4;4;4;1;4;4;1;4;2;2;1;1;2;4;4;4;;;2;3;4;3;1;3;6;;2;6;1;;1;2;0;1;;2;4;3,61277318
1899;1;6;1;1;5;;1;4;1;;;;;;;;;;;;;;;;;;;;;;;;;;;;;;;;;1;1;1;2;2;1;2;1;2;1;1;1;2;1;;3;;;;;;;;2;;1;10;10;1;1;2;1;3;5;4;1;3;2;4;5;2;2;1;1;1;4;1;2;;1;3;;5;;6;;;;;;;;;;;;;;;;1;;4;;3;;2;;;;;;;;;;1;1;98;;;;;;;;;;;;;;;;;;;;;;;;;;;;;;;;1;1;4;1;4;4;4;3;4;4;1;1;1;3;1;4;1;1;1;1;1;9;9;2;;;1;2;3;3;2;9;1;;2;6;1;;1;4;0;1;;2;8;0,89974082
1956;1;3;2;1;6;;1;4;1;;;;;;;;;;;;;;;;;;;;;;;;;;;;;;;;;1;2;1;2;2;1;1;1;1;1;1;1;2;9;MA PETITE FILLE DE 12 ANS;;;;;;;;;;;1;9;8;1;2;2;1;1;3;2;3;3;2;2;3;3;2;2;1;1;1;1;2;;2;;;;;;;;;;;;;;;;;;;;;;;;;;;;;;;;;;;;;2;;98;;;;;;;;;;;;;;;;;;;;;;;;;;;;;;;;3;1;2;9;2;3;4;2;4;4;1;1;3;2;1;4;1;1;2;2;2;4;4;4;;;2;4;4;3;2;8;6;;2;1;1;;2;1;0;1;;2;4;1,17072916
1966;1;2;3;3;6;;1;4;1;;;;;;;;;;;;;;;;;;;;;;;;;;;;;;;;;1;1;1;2;2;1;2;1;2;1;1;1;1;;;;;;;;;;;;;1;10;10;1;1;1;1;1;3;1;1;3;3;2;3;3;1;2;1;1;1;1;2;;1;2;;3;;;;;;;;;;;;;;;;;;4;;;;;;;;;;;;;;;;2;;98;;;;;;;;;;;;;;;;;;;;;;;;;;;;;;;;4;2;4;3;4;4;4;4;4;4;1;1;3;3;1;3;1;1;1;1;1;3;3;3;;;1;1;2;2;2;7;6;;1;6;1;;2;1;0;1;;2;2;0,22720873
1986;1;15;1;1;5;;1;4;1;;;;;;;;;;;;;;;;;;;;;;;;;;;;;;;;;1;1;2;2;2;1;1;1;2;1;1;2;1;;;;;;;;;;;;;1;9;10;1;2;2;2;1;2;5;2;4;3;3;1;3;3;2;1;2;4;1;2;;2;;;;;;;;;;;;;;;;;;;;;;;;;;;;;;;;;;;;;1;1;98;;;;;;;;;;;;;;;;;;;;;;;;;;;;;;;;2;1;3;1;4;4;4;4;4;4;1;1;2;3;2;3;2;1;1;2;3;9;3;4;;;2;1;4;3;2;2;4;;2;6;1;;1;2;1;1;;2;4;3,34743714
1995;1;16;3;2;4;;1;4;4;;;;;;;;;;;;;;;;;;;;;;;;;;;;;;;;;1;1;1;2;1;1;1;1;2;1;1;1;2;3;;;;;;;;;;2;;1;9;8;1;2;3;1;1;3;2;3;3;3;3;2;4;2;3;1;1;4;1;2;;2;;;;;;;;;;;;;;;;;;;;;;;;;;;;;;;;;;;;;1;1;98;;;;;;;;;;;;;;;;;;;;;;;;;;;;;;;;3;1;4;1;4;4;3;4;4;3;2;1;3;4;1;3;1;2;1;1;3;2;2;2;;;1;1;1;3;1;8;1;;2;6;1;;1;3;1;1;;2;6;0,54773313
2020;1;15;1;1;6;;1;4;1;;;;;;;;;;;;;;;;;;;;;;;;;;;;;;;;;1;2;1;2;2;1;1;1;1;1;1;1;2;1;;;;;;;;;;;;1;9;9;1;1;2;2;1;1;2;1;2;1;4;1;3;2;1;1;1;1;1;2;;1;3;;;;;;;;;;;;;;;;;;;;3;;;;;;;;;;;;;;;;1;1;1;;;;;;;;;;;;;;;;2;;;;;;;;;;;;;;;;2;2;2;4;4;4;4;4;4;4;1;1;2;4;2;2;2;2;1;4;1;2;2;2;;;3;1;4;3;1;3;6;;2;6;1;;1;2;0;1;;2;3;4,05371332
2096;1;13;1;1;5;;1;4;3;;;;;;;;;;;;;;;;;;;;;;;;;;;;;;;;;1;1;1;2;2;1;1;1;2;1;1;1;2;1;;;;;;;;;;;;1;5;5;9;2;9;5;5;1;5;1;1;1;5;1;5;5;1;1;5;5;1;2;;1;1;;4;;;;;;;;;;;;;;;;;;99;;;;;;;;;;;;;;;;1;1;98;;;;;;;;;;;;;;;;;;;;;;;;;;;;;;;;2;2;4;4;4;4;4;4;4;4;1;1;1;1;3;4;1;1;1;1;1;4;4;9;;;1;5;5;3;2;2;99;;2;6;1;;1;2;0;1;;2;99;3,34743714
2166;1;3;2;1;5;;1;4;2;;;;;;;;;;;;;;;;;;;;;;;;;;;;;;;;;1;2;1;1;2;2;2;2;1;1;1;1;1;;;;;;;;;;;;;2;7;8;2;2;2;2;3;2;3;3;2;2;3;2;2;2;1;2;2;1;1;2;;2;;;;;;;;;;;;;;;;;;;;;;;;;;;;;;;;;;;;;2;;98;;;;;;;;;;;;;;;;;;;;;;;;;;;;;;;;3;2;4;3;2;4;4;4;4;4;2;2;2;3;3;4;2;2;1;2;1;4;4;4;;;1;4;4;3;1;5;1;;2;5;1;;2;1;0;1;;2;4;0,74508673
2196;1;16;1;2;3;;1;4;1;;;;;;;;;;;;;;;;;;;;;;;;;;;;;;;;;1;1;1;1;2;1;1;1;1;1;1;1;2;1;;;;;;;;;;;;1;6;8;1;3;2;2;2;2;3;4;2;2;2;2;4;2;1;1;2;4;2;;;2;;;;;;;;;;;;;;;;;;;;;;;;;;;;;;;;;;;;;1;1;98;;;;;;;;;;;;;;;;;;;;;;;;;;;;;;;;2;3;9;4;4;4;4;4;4;4;3;4;3;3;3;4;1;1;9;2;2;4;4;4;;;1;1;4;3;2;3;1;;2;6;1;;1;2;2;1;;2;2;3,94454312
2206;2;16;3;2;5;;1;3;4;2;2;2;2;2;2;2;2;2;1;2;2;2;2;2;2;99;;;;;;;;;;;;;;;;;;;;;;;;;1;1;2;;;;;;;;;;;;;;2;5;5;2;3;2;4;4;1;4;2;4;1;4;1;1;4;1;4;4;4;2;;;2;;;;;;;;;;;;;;;;;;;;;;;;;;;;;;;;;;;;;2;;2;;5;;;;;;;;;;;;;;;;;;;;;;;;;;;;;;4;3;2;2;2;4;4;3;4;4;3;3;2;3;3;4;4;4;2;2;2;4;4;4;;;3;4;4;3;1;7;2;;1;1;1;;2;1;0;1;;2;1;0,76702917
2260;1;16;1;1;4;;1;4;3;;;;;;;;;;;;;;;;;;;;;;;;;;;;;;;;;2;2;1;2;2;1;1;1;2;2;2;2;1;;;;;;;;;;;;;5;1;10;1;2;4;3;2;1;4;4;4;1;4;1;3;3;1;3;1;5;1;2;;2;;;;;;;;;;;;;;;;;;;;;;;;;;;;;;;;;;;;;1;1;98;;;;;;;;;;;;;;;;;;;;;;;;;;;;;;;;1;1;3;1;3;4;4;3;3;4;2;2;2;4;3;1;1;1;1;2;1;4;3;1;;;1;4;4;3;2;7;2;;3;3;1;;1;2;0;1;;2;7;0,86757064
2265;1;16;3;2;5;;1;4;1;;;;;;;;;;;;;;;;;;;;;;;;;;;;;;;;;1;1;1;2;2;1;1;1;2;1;1;1;1;;;;;;;;;;;;;1;7;6;1;2;2;2;3;3;2;3;2;3;2;3;2;2;3;1;1;3;1;2;;2;;;;;;;;;;;;;;;;;;;;;;;;;;;;;;;;;;;;;2;;98;;;;;;;;;;;;;;;;;;;;;;;;;;;;;;;;2;2;2;1;4;4;4;4;4;4;1;3;1;4;3;4;1;1;3;2;2;4;4;4;;;1;4;3;3;1;3;1;;2;6;1;;3;1;0;1;;2;2;2,63539386
2271;1;14;1;1;2;;1;4;1;;;;;;;;;;;;;;;;;;;;;;;;;;;;;;;;;1;2;1;2;2;2;1;1;1;1;1;1;2;1;;;;;;;;;;;;1;2;2;9;3;4;2;3;2;3;1;3;2;3;3;2;4;2;1;2;4;2;;;2;;;;;;;;;;;;;;;;;;;;;;;;;;;;;;;;;;;;;1;1;1;;;;;;;;;;;;;;;;2;;;;;;;;;;;;;;;;2;2;2;2;4;4;4;4;4;4;3;4;4;4;3;4;1;1;2;3;1;9;1;1;2;2;2;4;4;3;1;4;1;;2;3;1;;1;2;0;1;;2;3;0,37362623
2274;1;15;1;2;4;;1;4;1;;;;;;;;;;;;;;;;;;;;;;;;;;;;;;;;;1;1;2;2;2;1;1;1;1;1;1;1;2;1;;3;;5;;;;;;2;;1;9;9;2;2;3;3;3;1;3;2;1;2;3;1;2;3;1;1;1;1;1;2;;2;;;;;;;;;;;;;;;;;;;;;;;;;;;;;;;;;;;;;1;1;1;;2;;3;;5;;;;;;;;;;1;;2;;;;;;;;;;;;;;1;1;3;3;4;4;4;4;4;3;4;1;1;4;1;9;1;1;1;1;1;4;1;2;;;1;5;4;3;1;7;1;;2;1;1;;1;4;0;1;;2;8;0,54773313
2286;1;13;1;1;3;;1;4;1;;;;;;;;;;;;;;;;;;;;;;;;;;;;;;;;;1;2;2;1;2;1;1;2;1;1;1;1;2;1;;;;;;;;;;;;1;5;2;1;2;2;2;2;1;3;2;2;1;3;1;2;2;2;1;2;4;1;2;;1;4;;;;;;;;;;;;;;;;;;;;99;;;;;;;;;;;;;;;;1;1;98;;;;;;;;;;;;;;;;;;;;;;;;;;;;;;;;2;2;4;2;4;4;4;4;4;4;4;1;4;4;2;4;1;2;1;1;1;4;9;4;;;2;2;4;3;2;5;8;;2;5;1;;1;2;0;1;;2;6;1,39068377
2348;1;5;3;2;6;;1;4;1;;;;;;;;;;;;;;;;;;;;;;;;;;;;;;;;;1;1;2;2;2;1;2;1;2;1;1;1;2;1;;;;;;;;;;;;1;9;10;1;2;2;1;1;4;2;3;4;2;2;4;4;1;3;1;1;4;1;2;;2;;;;;;;;;;;;;;;;;;;;;;;;;;;;;;;;;;;;;1;1;98;;;;;;;;;;;;;;;;;;;;;;;;;;;;;;;;2;2;9;1;4;9;3;4;9;3;2;2;3;2;3;4;1;1;1;3;1;2;9;4;;;2;2;4;3;2;7;6;;2;6;1;;1;2;0;1;;2;4;0,99035168
2361;2;3;2;1;4;;1;1;4;2;1;1;1;1;2;2;2;2;2;2;2;2;2;1;1;12;IF THE CONSERVATIVE PARTY HAD HAD A CHANCE OF WINNING;;;;;;;;;;;;;;;;;;;;;;;;1;1;2;;;;;;;;;;;;;;1;7;7;1;2;2;4;4;1;2;1;4;1;4;1;3;4;2;3;3;3;1;;2;2;;;;;;;;;;;;;;;;;;;;;;;;;;;;;;;;;;;;;2;;1;;2;;;;;;;;;;;;;;1;;;;;;;;;;;;;;;;3;3;4;4;4;4;4;4;4;4;4;3;3;3;3;4;2;2;1;1;2;1;3;4;;;1;4;4;3;1;6;1;;1;1;1;;1;1;0;2;5;2;7;2,22306108
2384;1;3;2;1;5;;1;4;1;;;;;;;;;;;;;;;;;;;;;;;;;;;;;;;;;1;1;1;1;2;1;1;1;2;1;1;1;1;;;;;;;;;;;;;1;10;10;1;1;2;1;2;1;2;2;2;2;3;1;3;2;4;1;1;4;1;2;;2;;;;;;;;;;;;;;;;;;;;;;;;;;;;;;;;;;;;;1;1;98;;;;;;;;;;;;;;;;;;;;;;;;;;;;;;;;4;1;4;4;3;4;4;4;4;4;4;1;4;3;1;4;2;1;1;1;1;2;1;1;;;1;4;4;3;1;4;1;;1;3;1;;2;2;1;1;;2;4;0,74508673
2432;1;1;3;3;4;;1;4;1;;;;;;;;;;;;;;;;;;;;;;;;;;;;;;;;;1;1;1;2;2;1;2;1;2;1;1;1;1;;;;;;;;;;;;;1;10;10;1;2;3;1;2;2;3;4;3;2;3;2;3;2;1;1;2;4;1;2;;1;3;;;;;;;;;;;;;;;;;;;;2;;3;;;;;;;;;;;;;;2;;98;;;;;;;;;;;;;;;;;;;;;;;;;;;;;;;;1;1;1;1;1;3;2;2;1;1;2;1;1;1;2;2;1;1;3;1;1;2;2;3;;;4;3;4;3;1;8;1;;2;5;1;;1;2;2;1;;2;5;0,09934163
2446;1;13;1;1;6;;1;4;1;;;;;;;;;;;;;;;;;;;;;;;;;;;;;;;;;1;1;1;2;2;1;1;1;2;1;1;2;2;1;;;;;;;;;;;;1;8;9;1;2;1;2;1;5;2;3;3;2;2;3;4;3;2;1;2;4;1;2;;1;3;;4;;;;;;;;;;;;;;;;;;3;;;;;;;;;;;;;;;;1;1;98;;;;;;;;;;;;;;;;;;;;;;;;;;;;;;;;2;3;2;4;3;4;4;1;4;4;1;1;4;3;3;4;1;1;1;2;1;3;9;1;;;4;2;4;3;1;7;6;;2;6;1;;1;2;0;1;;2;5;1,08958244
2496;1;16;3;2;3;;1;4;2;;;;;;;;;;;;;;;;;;;;;;;;;;;;;;;;;1;1;2;1;2;1;1;2;1;1;1;1;1;;;;;;;;;;;;;1;1;1;1;3;9;2;2;2;2;3;2;2;2;2;2;3;1;1;2;4;2;;;2;;;;;;;;;;;;;;;;;;;;;;;;;;;;;;;;;;;;;2;;98;;;;;;;;;;;;;;;;;;;;;;;;;;;;;;;;2;2;3;3;4;4;4;4;4;4;2;3;3;2;1;4;2;1;1;2;1;4;4;1;;;4;1;3;3;2;4;1;;1;5;1;;2;1;0;1;;2;2;0,94338685
2526;1;14;1;1;2;;1;4;1;;;;;;;;;;;;;;;;;;;;;;;;;;;;;;;;;1;1;1;2;2;1;1;1;2;1;1;1;2;1;;;;;;;;;;;;1;7;8;2;2;2;2;3;2;3;3;2;2;3;2;3;5;2;2;2;2;1;2;;2;;;;;;;;;;;;;;;;;;;;;;;;;;;;;;;;;;;;;1;1;1;;2;;3;;;;;;;;;;;;1;;;;;;;;;;;;;;;;2;2;2;1;2;4;4;4;4;4;3;3;3;3;3;4;2;2;1;2;2;9;4;9;2;2;5;5;3;3;2;3;12;CSST MALADIE;2;3;1;;1;2;1;1;;8;4;1,67858315
2552;1;6;1;1;5;;1;4;1;;;;;;;;;;;;;;;;;;;;;;;;;;;;;;;;;2;2;1;1;2;1;1;1;2;1;1;1;1;;;;;;;;;;;;;1;10;5;1;3;3;3;2;2;2;2;3;2;3;2;3;3;2;2;2;3;1;2;;1;3;;8;;;;;;;;;;;;;;;;;;3;;;;;;;;;;;;;;;;2;;98;;;;;;;;;;;;;;;;;;;;;;;;;;;;;;;;3;2;4;1;4;4;4;4;4;4;2;3;2;2;1;3;1;1;2;3;3;2;3;1;;;1;3;2;3;1;6;1;;1;6;1;;2;1;0;1;;2;2;0,74508673
2596;1;14;1;1;6;;1;4;1;;;;;;;;;;;;;;;;;;;;;;;;;;;;;;;;;1;1;1;2;2;1;2;2;2;1;1;1;2;1;;;;;;;;;;;;1;10;10;1;1;2;2;2;4;2;5;4;2;2;2;4;2;3;1;1;2;1;2;;2;;;;;;;;;;;;;;;;;;;;;;;;;;;;;;;;;;;;;2;;1;;;;;;;;;;;;;;;;3;;;;;;;;;;;;;;;;3;1;1;1;1;3;3;1;4;3;1;1;1;1;1;4;1;2;2;2;2;1;3;1;;;1;1;4;3;1;7;6;;2;6;1;;1;2;0;1;;2;6;1,08958244
2641;1;6;1;1;1;1;1;4;1;;;;;;;;;;;;;;;;;;;;;;;;;;;;;;;;;1;2;1;1;1;1;1;1;1;1;1;2;1;;;;;;;;;;;;;1;7;10;1;2;2;2;1;2;3;2;2;3;3;2;3;3;2;1;1;4;1;2;;2;;;;;;;;;;;;;;;;;;;;;;;;;;;;;;;;;;;;;1;1;1;;2;;3;;;;;;;;;;;;1;;2;;;;;;;;;;;;;;2;2;4;2;4;4;4;4;4;4;4;3;3;2;1;2;1;1;2;2;2;3;3;3;2;1;1;2;3;2;2;7;1;;1;1;1;;1;2;0;1;;2;5;0,53808683
2650;1;6;1;1;3;;1;4;1;;;;;;;;;;;;;;;;;;;;;;;;;;;;;;;;;1;1;1;1;2;1;1;1;1;1;1;1;1;;;;;;;;;;;;;1;10;10;1;1;3;2;2;2;3;3;3;2;3;1;3;3;1;1;1;1;1;2;;1;2;;3;;4;;5;;6;;7;;;;;;;;;;4;;2;;3;;;;;;;;;;;;1;1;1;;2;;;;;;;;;;;;;;1;;;;;;;;;;;;;;;;1;1;2;1;2;3;3;4;4;4;4;1;1;1;1;4;1;1;1;1;1;4;1;1;;;1;3;3;1;2;8;1;;1;5;1;;1;2;1;1;;2;4;1,56293797
2684;1;3;2;1;6;;1;4;1;;;;;;;;;;;;;;;;;;;;;;;;;;;;;;;;;1;2;1;1;2;1;1;1;2;1;1;1;2;1;;;;;;;;;;;;1;7;7;1;2;2;2;1;2;3;4;3;3;2;3;4;2;2;1;1;3;1;2;;2;;;;;;;;;;;;;;;;;;;;;;;;;;;;;;;;;;;;;1;1;1;;;;;;;;;;;;;;;;2;;;;;;;;;;;;;;;;3;3;3;4;4;4;4;4;4;4;1;1;4;2;4;4;1;1;1;1;2;4;4;3;;;4;4;4;3;1;3;6;;2;5;1;;1;2;0;1;;2;4;4,05371332
2770;1;12;3;2;6;;1;4;1;;;;;;;;;;;;;;;;;;;;;;;;;;;;;;;;;1;1;1;2;2;1;2;2;2;1;1;1;2;1;;;;;;;;;;;;1;8;9;1;1;1;1;1;4;2;4;4;4;1;3;2;1;4;1;1;1;1;2;;2;;;;;;;;;;;;;;;;;;;;;;;;;;;;;;;;;;;;;1;1;98;;;;;;;;;;;;;;;;;;;;;;;;;;;;;;;;1;2;4;1;4;4;1;4;1;4;2;1;1;4;1;3;2;2;1;2;1;4;3;2;;;4;2;3;3;1;9;6;;2;6;1;;1;2;0;1;;2;6;0,92170042
2831;1;7;3;2;5;;1;4;1;;;;;;;;;;;;;;;;;;;;;;;;;;;;;;;;;1;1;1;2;2;1;1;1;2;1;1;1;1;;;;;;;;;;;;;1;8;8;1;2;2;1;1;2;2;3;3;3;2;3;2;1;3;1;1;4;1;2;;1;4;;;;;;;;;;;;;;;;;;;;3;;;;;;;;;;;;;;;;1;1;98;;;;;;;;;;;;;;;;;;;;;;;;;;;;;;;;3;3;4;4;4;4;4;4;4;4;1;3;2;4;1;4;1;1;2;1;1;4;4;4;;;2;2;4;1;2;5;6;;2;6;1;;1;2;0;1;;2;3;0,67723006
2893;1;13;1;1;3;;1;4;3;;;;;;;;;;;;;;;;;;;;;;;;;;;;;;;;;2;2;2;2;1;1;2;1;1;1;1;1;2;1;;;;;;;;;;;;1;0;0;2;2;4;3;3;1;4;1;1;1;4;1;1;3;1;4;4;2;1;2;;1;1;;2;;3;;4;;6;;;;;;;;;;;;4;;3;;;;;;;;;;;;;;1;1;1;;;;;;;;;;;;;;;;1;;2;;;;;;;;;;;;;;1;3;4;4;3;4;4;3;4;4;3;3;3;1;4;4;2;4;3;3;3;4;4;4;;;1;1;4;3;2;8;1;;2;5;1;;1;2;2;1;;2;8;1,56293797
3007;1;3;2;2;4;;1;4;1;;;;;;;;;;;;;;;;;;;;;;;;;;;;;;;;;1;1;2;1;2;1;1;1;2;1;1;1;1;;;;;;;;;;;;;1;8;8;1;2;2;2;2;2;2;2;2;3;2;2;3;2;2;1;1;4;1;2;;2;;;;;;;;;;;;;;;;;;;;;;;;;;;;;;;;;;;;;1;1;98;;;;;;;;;;;;;;;;;;;;;;;;;;;;;;;;2;2;2;2;4;4;4;4;3;4;2;2;2;3;2;4;1;1;1;2;1;9;2;2;;;1;3;4;2;1;4;1;;2;5;1;;1;3;0;1;;2;6;0,48736537
3047;1;1;3;3;6;;1;4;1;;;;;;;;;;;;;;;;;;;;;;;;;;;;;;;;;1;1;2;2;2;1;2;1;1;1;1;1;1;;;;;;;;;;;;;1;10;9;2;1;2;2;1;3;1;3;3;3;2;4;3;2;3;1;1;4;1;2;;2;;;;;;;;;;;;;;;;;;;;;;;;;;;;;;;;;;;;;2;;98;;;;;;;;;;;;;;;;;;;;;;;;;;;;;;;;2;1;3;4;3;4;4;2;4;4;3;1;1;3;2;4;1;1;2;2;1;4;4;4;;;1;3;3;3;1;7;1;;2;6;1;;1;4;1;1;;2;5;0,21145961
3096;1;7;3;2;6;;1;4;1;;;;;;;;;;;;;;;;;;;;;;;;;;;;;;;;;1;1;1;2;2;1;1;1;2;1;1;1;2;1;;;;;;;;;;;;1;4;7;2;2;2;1;2;3;3;2;2;2;2;1;3;2;2;1;1;4;2;;;2;;;;;;;;;;;;;;;;;;;;;;;;;;;;;;;;;;;;;1;1;1;;;;;;;;;;;;;;;;2;;;;;;;;;;;;;;;;1;3;4;4;4;4;4;4;4;4;2;1;3;4;3;4;1;1;2;1;1;9;4;9;;;1;2;4;3;2;2;6;;2;6;1;;1;1;0;2;5;2;4;3,6845355
3115;1;14;1;1;4;;1;4;1;;;;;;;;;;;;;;;;;;;;;;;;;;;;;;;;;1;2;2;1;2;1;1;1;2;1;1;1;2;1;;;;;;;;;;;;1;10;2;2;1;3;2;2;1;3;1;2;1;4;1;2;4;1;1;2;1;1;2;;1;3;;4;;5;;6;;;;;;;;;;;;;;4;;3;;;;;;;;;;;;;;1;1;1;;2;;;;;;;;;;;;;;2;;3;;;;;;;;;;;;;;3;1;4;2;1;4;4;2;4;4;2;2;2;2;3;4;2;2;1;1;1;3;2;3;;;2;3;3;3;1;4;1;;2;6;1;;1;3;1;1;;2;8;0,71844256
3285;1;1;3;3;3;;1;4;1;;;;;;;;;;;;;;;;;;;;;;;;;;;;;;;;;1;1;2;2;2;1;1;1;2;1;1;1;2;1;;;;;;;;;;;;1;10;10;2;2;2;2;2;3;3;4;3;2;3;3;2;3;2;1;1;4;1;2;;2;;;;;;;;;;;;;;;;;;;;;;;;;;;;;;;;;;;;;1;1;98;;;;;;;;;;;;;;;;;;;;;;;;;;;;;;;;4;1;2;4;4;4;4;4;4;4;2;1;4;4;1;4;1;2;2;2;1;2;3;4;;;4;4;4;3;1;5;1;;2;3;1;;1;2;1;1;;2;7;0,15924101
3308;1;16;3;2;4;;1;4;1;;;;;;;;;;;;;;;;;;;;;;;;;;;;;;;;;1;1;1;1;2;2;1;2;2;1;1;1;1;;;;;;;;;;;;;1;9;10;1;1;2;1;1;3;1;3;2;3;2;2;4;2;3;1;1;4;2;;;2;;;;;;;;;;;;;;;;;;;;;;;;;;;;;;;;;;;;;2;;98;;;;;;;;;;;;;;;;;;;;;;;;;;;;;;;;1;1;9;4;4;4;4;4;4;4;1;3;3;4;3;4;1;1;1;1;1;4;2;2;;;1;1;4;3;1;5;1;;1;6;1;;2;1;0;1;;2;3;0,48736537
3325;1;16;1;2;5;;1;4;1;;;;;;;;;;;;;;;;;;;;;;;;;;;;;;;;;1;1;1;1;2;1;1;1;2;1;1;1;2;1;;;;;;;;;;;;1;7;9;1;2;3;3;2;2;3;2;2;2;5;2;4;5;2;2;2;5;1;2;;1;3;;4;;;;;;;;;;;;;;;;;;3;;;;;;;;;;;;;;;;1;1;98;;;;;;;;;;;;;;;;;;;;;;;;;;;;;;;;1;1;4;2;4;4;4;4;4;4;1;1;1;3;2;9;2;2;2;2;1;1;9;9;;;1;4;4;3;2;7;6;;2;6;1;;1;2;0;1;;2;99;0,76111543
3392;1;6;1;1;5;;1;4;1;;;;;;;;;;;;;;;;;;;;;;;;;;;;;;;;;1;2;1;1;2;1;1;1;1;1;1;1;1;;;;;;;;;;;;;1;10;9;1;2;2;1;1;2;3;4;2;2;2;2;3;3;3;1;1;4;1;2;;2;;;;;;;;;;;;;;;;;;;;;;;;;;;;;;;;;;;;;2;;1;;2;;;;;;;;;;;;;;5;COUSINS, COUSINES;;;;;;;;;;;;;;;2;2;4;4;4;4;4;4;4;4;1;1;1;4;1;4;2;2;2;1;1;4;4;2;;;1;2;3;3;1;8;6;;1;6;1;;2;1;0;1;;2;3;0,83737397
3445;1;16;1;2;5;;1;4;4;;;;;;;;;;;;;;;;;;;;;;;;;;;;;;;;;1;2;2;1;2;1;1;1;2;1;1;1;1;;;;;;;;;;;;;1;10;10;2;2;4;4;4;2;4;2;2;2;3;1;1;4;1;1;2;4;1;1;;1;3;;4;;;;;;;;;;;;;;;;;;3;;;;;;;;;;;;;;;;2;;98;;;;;;;;;;;;;;;;;;;;;;;;;;;;;;;;1;2;4;4;1;4;4;2;4;4;1;3;3;1;1;4;2;3;1;1;2;4;2;1;;;1;2;3;3;1;7;6;;1;5;1;;2;1;0;1;;2;1;0,70835632
3446;1;3;2;1;5;;1;4;3;;;;;;;;;;;;;;;;;;;;;;;;;;;;;;;;;2;1;2;2;2;2;1;1;2;1;1;1;1;;;;;;;;;;;;;4;8;8;1;2;4;3;3;1;3;1;2;1;2;2;2;3;1;3;3;1;1;1;;1;3;;5;;8;;;;;;;;;;;;;;;;3;;;;;;;;;;;;;;;;2;;98;;;;;;;;;;;;;;;;;;;;;;;;;;;;;;;;1;1;2;1;4;4;4;4;4;4;3;1;2;3;1;4;3;3;1;1;1;3;3;3;;;1;4;4;3;1;8;6;;2;1;1;;2;1;0;1;;2;3;0,83737397
3451;1;7;3;2;4;;1;4;1;;;;;;;;;;;;;;;;;;;;;;;;;;;;;;;;;1;1;2;2;2;1;2;2;2;1;1;9;2;1;;;;;;;;;;;;1;9;7;1;3;3;2;2;2;2;3;4;2;2;2;2;2;2;1;1;4;2;;;2;;;;;;;;;;;;;;;;;;;;;;;;;;;;;;;;;;;;;1;2;98;;;;;;;;;;;;;;;;;;;;;;;;;;;;;;;;3;2;4;3;4;4;4;4;4;2;1;2;2;3;2;4;2;1;1;2;2;3;1;3;;;2;4;4;3;1;8;1;;2;6;1;;1;4;1;1;;2;5;0,54773313
3474;2;6;1;1;6;;1;1;4;1;2;1;2;1;2;2;2;2;2;2;1;2;2;2;2;1;QU'UN DES CHEFS DE PARTI MÉRITE MA CONFIANCE ET QUE JE SOIS CONVAINCUE QUE SON ÉLECTION COMME PREMIER MINISTRE FASSE UNE DIFFÉRENCE EN REJOIGNANT MES VALEURS ET MES PRIORITÉS;;;;;;;;;;;;;;;;;;;;;;;;1;1;1;;;;;;;;;;;;;;1;10;8;2;1;3;2;4;2;2;1;2;1;3;1;4;5;1;1;2;1;1;;2;1;3;;4;;;;;;;;;;;;;;;;;;3;;;;;;;;;;;;;;;;2;;1;;2;;;;;;;;;;;;;;4;;;;;;;;;;;;;;;;3;1;4;2;4;4;4;4;4;4;1;1;1;4;1;4;1;1;1;1;1;4;3;4;;;1;5;2;3;2;5;6;;1;6;1;;2;1;0;1;;2;2;0,35253394
3483;1;1;3;3;4;;1;4;1;;;;;;;;;;;;;;;;;;;;;;;;;;;;;;;;;1;1;2;1;1;1;1;1;1;1;1;1;2;3;;;;;;;;;;2;;1;10;10;2;2;3;2;2;2;2;1;1;1;2;2;2;2;1;1;2;4;2;;;1;3;;;;;;;;;;;;;;;;;;;;3;;;;;;;;;;;;;;;;1;1;98;;;;;;;;;;;;;;;;;;;;;;;;;;;;;;;;1;2;4;4;2;4;4;3;4;4;3;4;2;2;2;4;1;1;1;1;1;4;4;1;;;2;1;4;3;2;4;8;;2;6;1;;2;2;0;1;;2;4;0,09497616
3556;1;13;1;1;3;;1;4;1;;;;;;;;;;;;;;;;;;;;;;;;;;;;;;;;;1;2;2;1;2;2;2;1;2;1;1;1;2;1;;3;;;;;;;;1;2;2;7;5;2;2;3;2;3;1;3;2;4;2;3;2;2;2;1;2;3;4;2;;;1;3;;4;;;;;;;;;;;;;;;;;;3;;;;;;;;;;;;;;;;1;1;98;;;;;;;;;;;;;;;;;;;;;;;;;;;;;;;;3;2;2;2;4;2;2;4;4;4;3;1;2;4;2;3;2;2;1;2;1;1;2;3;;;2;3;4;3;1;8;1;;2;4;1;;1;2;2;1;;2;7;1,45460439
3573;1;3;2;1;4;;1;4;1;;;;;;;;;;;;;;;;;;;;;;;;;;;;;;;;;1;1;2;1;2;1;1;1;2;1;1;1;2;1;;;;;;;;;;;;1;10;10;1;2;2;2;1;3;2;3;2;3;2;3;4;2;2;1;1;4;1;2;;2;;;;;;;;;;;;;;;;;;;;;;;;;;;;;;;;;;;;;1;1;98;;;;;;;;;;;;;;;;;;;;;;;;;;;;;;;;1;2;2;4;2;4;4;4;4;4;1;1;1;3;1;3;1;1;1;1;1;2;1;2;;;2;3;4;3;1;6;1;;2;4;1;;1;2;0;1;;2;7;0,71844256
3684;1;16;3;2;6;;1;4;1;;;;;;;;;;;;;;;;;;;;;;;;;;;;;;;;;1;1;1;2;2;1;1;1;2;1;1;1;1;;;;;;;;;;;;;1;10;10;2;2;2;1;2;2;2;1;2;2;2;2;3;2;3;1;2;3;1;2;;2;;;;;;;;;;;;;;;;;;;;;;;;;;;;;;;;;;;;;1;1;98;;;;;;;;;;;;;;;;;;;;;;;;;;;;;;;;2;1;2;4;4;4;4;4;4;2;1;2;1;3;1;4;2;2;2;2;1;2;4;4;;;2;3;4;3;1;5;6;;2;6;1;;1;2;0;1;;2;3;0,82012111
3726;1;6;1;1;3;;1;4;1;;;;;;;;;;;;;;;;;;;;;;;;;;;;;;;;;1;1;2;1;2;1;1;1;1;1;1;1;2;2;;97;UN TRANSPORTEUR;;;;;;;;;1;9;10;1;2;3;2;4;2;3;4;4;2;3;2;3;3;1;1;2;2;1;2;;1;3;;4;;;;;;;;;;;;;;;;;;3;;;;;;;;;;;;;;;;1;1;1;;2;;3;;4;;5;;;;;;;;1;;;;;;;;;;;;;;;;1;1;3;1;4;4;4;4;4;4;2;2;4;4;3;4;2;2;3;2;2;4;4;9;;;2;4;3;3;2;7;3;;1;6;1;;2;2;0;1;;2;2;1,56293797
3746;1;3;2;2;6;;1;4;1;;;;;;;;;;;;;;;;;;;;;;;;;;;;;;;;;1;1;1;2;2;1;1;1;2;1;1;1;2;1;;;;;;;;;;;;1;8;8;2;2;2;2;1;3;3;2;3;2;2;2;3;2;2;1;2;4;1;2;;1;3;;;;;;;;;;;;;;;;;;;;3;;;;;;;;;;;;;;;;1;1;98;;;;;;;;;;;;;;;;;;;;;;;;;;;;;;;;3;2;3;9;4;4;4;4;4;4;1;1;3;4;3;9;2;2;2;2;4;4;9;9;;;1;2;4;3;1;4;6;;2;6;1;;1;2;0;1;;2;99;0,82012111
3808;1;11;3;3;5;;1;4;1;;;;;;;;;;;;;;;;;;;;;;;;;;;;;;;;;1;1;1;1;1;1;1;1;2;1;1;1;2;1;;;;;;;;;;;;1;10;10;1;2;2;2;2;3;2;4;2;2;2;1;3;1;3;1;1;3;1;2;;2;;;;;;;;;;;;;;;;;;;;;;;;;;;;;;;;;;;;;1;1;98;;;;;;;;;;;;;;;;;;;;;;;;;;;;;;;;2;2;4;4;4;4;4;4;4;4;1;1;3;1;2;4;2;1;2;1;1;3;3;4;;;2;1;4;3;2;5;1;;2;5;1;;1;2;0;1;;2;4;0,15537187
3813;1;15;3;2;5;;1;4;1;;;;;;;;;;;;;;;;;;;;;;;;;;;;;;;;;1;1;2;2;1;1;1;1;1;1;1;1;1;;;;;;;;;;;;;1;7;9;1;2;2;2;1;2;3;2;2;2;3;2;3;2;2;1;1;2;1;2;;2;;;;;;;;;;;;;;;;;;;;;;;;;;;;;;;;;;;;;1;1;1;;;;;;;;;;;;;;;;2;;;;;;;;;;;;;;;;1;1;2;2;4;4;4;2;4;4;2;1;3;3;1;4;2;2;1;2;2;4;3;4;;;1;2;2;3;1;9;6;;1;4;1;;1;1;2;1;;2;8;0,70835632
3826;1;6;1;1;4;;1;4;1;;;;;;;;;;;;;;;;;;;;;;;;;;;;;;;;;1;2;1;2;2;1;1;1;2;1;1;1;2;1;;;;;;;;;;;;1;7;7;1;2;2;2;3;1;2;1;2;2;3;2;3;3;1;1;1;3;1;2;;2;;;;;;;;;;;;;;;;;;;;;;;;;;;;;;;;;;;;;1;1;98;;;;;;;;;;;;;;;;;;;;;;;;;;;;;;;;3;2;2;9;9;4;4;4;4;4;1;1;3;3;1;4;1;1;1;1;1;4;4;4;;;1;4;3;3;1;4;1;;1;6;1;;1;2;1;1;;2;99;0,71844256
3836;1;12;3;2;5;;1;4;1;;;;;;;;;;;;;;;;;;;;;;;;;;;;;;;;;1;1;2;2;2;1;1;2;2;1;1;1;2;1;;;;;;;;;;;;1;4;8;2;2;2;2;2;2;2;2;3;3;2;3;2;3;2;1;2;3;1;2;;2;;;;;;;;;;;;;;;;;;;;;;;;;;;;;;;;;;;;;1;1;98;;;;;;;;;;;;;;;;;;;;;;;;;;;;;;;;3;2;3;4;4;4;4;4;4;4;2;1;2;3;2;4;1;2;1;2;2;3;4;2;;;2;2;4;3;1;5;6;;2;3;1;;1;2;0;1;;2;3;0,63028711
3842;1;4;3;2;5;;1;4;2;;;;;;;;;;;;;;;;;;;;;;;;;;;;;;;;;2;1;2;2;1;2;1;1;2;1;1;1;2;1;;;;;;;;;;;;5;5;10;1;3;4;3;1;1;5;4;1;2;3;1;2;3;1;5;3;2;1;2;;1;4;;;;;;;;;;;;;;;;;;;;3;;;;;;;;;;;;;;;;1;1;98;;;;;;;;;;;;;;;;;;;;;;;;;;;;;;;;2;1;4;1;4;4;4;4;4;4;3;3;1;3;3;2;1;1;1;2;1;3;2;1;;;1;3;3;3;1;5;1;;2;6;1;;1;2;0;1;;8;4;0,63028711
3849;1;6;1;1;5;;1;4;4;;;;;;;;;;;;;;;;;;;;;;;;;;;;;;;;;1;1;2;2;2;1;1;1;2;1;1;1;2;1;;3;;;;;;;;2;;2;6;7;9;3;3;2;2;2;2;2;2;2;3;2;2;2;2;2;2;3;2;;;1;3;;;;;;;;;;;;;;;;;;;;4;;5;;;;;;;;;;;;;;1;1;98;;;;;;;;;;;;;;;;;;;;;;;;;;;;;;;;2;3;4;4;4;4;4;4;4;4;3;2;3;4;3;4;2;2;2;2;2;4;4;4;;;2;3;3;3;2;3;6;;1;5;1;;1;2;0;1;;2;1;3,34743714
3914;1;3;2;1;5;;1;4;1;;;;;;;;;;;;;;;;;;;;;;;;;;;;;;;;;1;1;1;2;2;1;1;1;2;1;1;1;1;;;;;;;;;;;;;1;9;10;1;2;2;2;2;2;3;4;3;2;2;1;3;2;2;1;1;4;1;2;;1;1;;4;;;;;;;;;;;;;;;;;;4;;;;;;;;;;;;;;;;2;;98;;;;;;;;;;;;;;;;;;;;;;;;;;;;;;;;2;1;3;2;4;4;4;4;4;4;1;1;1;1;1;9;1;1;1;1;1;4;2;1;;;2;1;3;3;1;7;1;;1;3;1;;1;2;0;1;;2;4;0,83737397
3953;1;15;3;2;5;;1;4;1;;;;;;;;;;;;;;;;;;;;;;;;;;;;;;;;;1;1;1;2;2;1;1;1;2;1;1;1;2;1;;;;;;;;;;;;1;8;8;1;2;2;2;2;3;2;3;3;3;2;3;3;2;2;1;2;4;2;;;1;3;;;;;;;;;;;;;;;;;;;;4;;;;;;;;;;;;;;;;1;1;98;;;;;;;;;;;;;;;;;;;;;;;;;;;;;;;;2;2;3;1;4;4;4;4;4;4;1;1;4;4;1;3;1;1;1;1;2;4;3;2;;;4;4;3;3;2;5;1;;2;6;1;;1;2;0;1;;2;3;0,67723006
3959;2;2;3;3;5;;1;1;1;2;2;1;2;1;2;2;2;2;2;2;2;2;2;2;2;97;UNE VISION! LES PARTIES POLITIQUES N'ONT PLUS DE VISION, QUE DES BOUCHES TROUS AU GRÉ DU VENT DES SONDAGES. LE SYSTÈME COMPLET EST À REVOIR. LA DÉMOCRATIE N'EST QU'UN LEURRE POUR NOUS FAIRE SENTIR COUPABLE. DES EXEMPLES, IL Y EN A 13 À LA DOUZAINE. E;;;;;;;;;;;;;;;;;;;;;;;;1;2;2;;;;;;;;;;;;;;3;0;0;2;1;4;3;5;1;4;1;4;1;4;1;1;4;1;1;4;4;1;;2;1;3;;;;;;;;;;;;;;;;;;;;3;;;;;;;;;;;;;;;;2;;98;;;;;;;;;;;;;;;;;;;;;;;;;;;;;;;;3;1;4;4;3;4;4;4;4;4;4;1;2;4;1;9;1;1;1;1;1;4;1;1;;;1;4;1;3;1;5;6;;2;6;1;;2;1;0;1;;2;3;0,15657926
4037;1;6;1;1;5;;1;4;1;;;;;;;;;;;;;;;;;;;;;;;;;;;;;;;;;1;1;2;1;2;1;1;2;1;1;1;1;1;;;;;;;;;;;;;1;10;10;2;2;2;2;2;2;3;2;3;2;3;2;3;2;2;1;1;3;1;1;;1;3;;;;;;;;;;;;;;;;;;;;3;;;;;;;;;;;;;;;;2;;98;;;;;;;;;;;;;;;;;;;;;;;;;;;;;;;;1;1;3;2;4;4;4;3;4;4;1;1;1;3;1;4;1;1;1;1;2;2;1;2;;;2;3;4;3;2;4;1;;1;6;1;;2;1;0;1;;2;3;0,80057913
4065;1;3;2;1;6;;1;4;1;;;;;;;;;;;;;;;;;;;;;;;;;;;;;;;;;1;1;1;2;2;1;2;1;1;1;1;1;1;;;;;;;;;;;;;1;9;10;1;1;1;1;1;3;1;4;2;3;1;3;3;1;4;1;1;1;1;2;;1;3;;;;;;;;;;;;;;;;;;;;3;;;;;;;;;;;;;;;;2;;5;;;;;;;;;;;;;;;;;;;;;;;;;;;;;;;;1;2;3;2;4;4;2;4;4;4;1;1;1;4;1;4;1;1;1;1;1;2;3;1;;;1;1;4;3;2;7;6;;2;6;1;;3;1;0;1;;2;3;1,17072916
4076;1;3;2;2;5;;1;4;1;;;;;;;;;;;;;;;;;;;;;;;;;;;;;;;;;1;1;1;2;2;1;1;2;2;1;1;1;1;;;;;;;;;;;;;1;10;9;1;1;2;1;1;2;3;2;3;2;2;3;3;2;2;1;1;4;1;2;;1;5;;8;;;;;;;;;;;;;;;;;;3;;;;;;;;;;;;;;;;2;;3;;5;;;;;;;;;;;;;;;;;;;;;;;;;;;;;;2;2;3;2;2;4;4;4;4;4;1;2;3;4;3;4;1;1;1;1;1;4;4;4;;;1;2;4;3;1;7;1;;2;6;1;;2;1;0;1;;2;5;0,70835632
4105;1;6;1;1;3;;1;4;1;;;;;;;;;;;;;;;;;;;;;;;;;;;;;;;;;1;1;1;1;2;1;1;1;1;1;1;1;1;;;;;;;;;;;;;1;10;9;1;1;3;2;1;4;4;3;4;2;2;1;3;4;2;1;1;1;1;2;;1;2;;3;;5;;8;;;;;;;;;;;;;;2;;1;;3;;;;;;;;;;;;2;;98;;;;;;;;;;;;;;;;;;;;;;;;;;;;;;;;3;1;3;1;2;4;4;4;4;4;3;4;1;2;4;2;1;2;1;1;1;2;2;1;;;1;2;1;3;1;7;1;;2;5;1;;2;1;0;1;;2;6;1,45460439
4107;1;3;2;1;3;;1;4;1;;;;;;;;;;;;;;;;;;;;;;;;;;;;;;;;;1;1;1;2;2;1;1;1;1;1;1;1;1;;;;;;;;;;;;;1;10;10;1;1;2;1;1;4;3;4;4;3;5;3;4;2;3;1;1;4;1;2;;1;2;;3;;5;;7;;;;;;;;;;;;;;3;;7;M'INCITER À VOTER PAR ANTICIPATION POUR FAVORISER LE VOTE LE JOUR DU SCRUTIN.;;;;;;;;;;;;;1;1;98;;;;;;;;;;;;;;;;;;;;;;;;;;;;;;;;1;1;1;2;2;4;4;2;4;1;3;1;1;3;1;2;1;1;1;1;1;1;1;2;;;1;5;3;3;2;7;1;;2;5;1;;1;2;2;1;;2;8;1,56293797
4112;2;2;3;3;5;;1;3;4;2;2;2;2;2;2;2;2;2;2;2;1;2;2;2;2;7;RIEN, J'AI EU UN MALAISE CE JOUR LÀ;;;;;;;;;;;;;;;;;;;;;;;;1;1;2;;;;;;;;;;;;;;1;10;9;1;1;2;2;2;3;4;2;3;3;3;3;4;2;2;2;2;3;1;;2;1;3;;4;;6;;7;;;;;;;;;;;;;;4;;3;;;;;;;;;;;;;;2;;2;;5;;;;;;;;;;;;;;;;;;;;;;;;;;;;;;4;1;1;1;2;4;4;4;4;2;4;1;1;3;4;4;1;2;2;1;1;4;4;1;;;1;4;3;3;1;8;8;;1;6;1;;2;1;0;1;;2;1;0,17597368
4125;1;2;3;3;4;;1;4;1;;;;;;;;;;;;;;;;;;;;;;;;;;;;;;;;;1;1;2;1;2;1;2;1;1;1;1;1;1;;;;;;;;;;;;;1;7;5;2;2;2;2;3;2;3;2;1;2;3;1;1;3;2;1;1;4;2;;;1;4;;;;;;;;;;;;;;;;;;;;3;;4;;;;;;;;;;;;;;1;1;98;;;;;;;;;;;;;;;;;;;;;;;;;;;;;;;;1;1;4;1;4;4;4;4;4;4;1;1;2;1;1;4;1;2;1;1;1;2;4;4;;;1;3;4;3;2;6;1;;2;6;1;;1;1;0;1;;2;99;0,09497616
4126;1;16;3;2;5;;1;4;3;;;;;;;;;;;;;;;;;;;;;;;;;;;;;;;;;1;2;2;1;2;2;2;2;2;1;1;1;2;1;;;;;;;;;;;;1;6;8;2;3;2;2;1;2;2;1;2;1;2;1;2;2;2;1;1;3;1;2;;1;3;;;;;;;;;;;;;;;;;;;;3;;;;;;;;;;;;;;;;1;1;1;;;;;;;;;;;;;;;;2;;;;;;;;;;;;;;;;2;3;4;1;4;4;4;4;4;4;2;3;3;3;2;4;2;2;2;2;1;3;4;2;;;4;2;4;3;2;3;6;;2;6;1;;1;2;0;1;;2;2;2,83167624
4248;1;2;3;3;6;;1;4;1;;;;;;;;;;;;;;;;;;;;;;;;;;;;;;;;;1;1;1;2;2;2;2;1;2;1;1;1;1;;;;;;;;;;;;;1;9;10;1;1;2;2;2;3;1;4;3;4;2;3;4;1;3;1;1;3;1;2;;1;3;;5;;7;;;;;;;;;;;;;;;;2;;1;;3;;;;;;;;;;;;2;;1;;;;;;;;;;;;;;;;4;;;;;;;;;;;;;;;;1;1;2;1;4;4;2;4;4;4;1;1;1;1;1;4;1;1;1;1;2;3;3;2;;;2;3;2;3;1;7;6;;2;6;1;;2;1;0;1;;1;4;0,21145961
4268;1;3;2;1;4;;1;4;4;;;;;;;;;;;;;;;;;;;;;;;;;;;;;;;;;1;1;2;2;2;1;1;1;1;1;1;1;2;1;;3;;;;;;;;2;;1;10;10;2;2;2;2;1;1;2;3;3;2;4;1;4;4;4;1;1;4;1;2;;1;4;;8;;;;;;;;;;;;;;;;;;4;;;;;;;;;;;;;;;;1;1;98;;;;;;;;;;;;;;;;;;;;;;;;;;;;;;;;3;2;4;1;4;4;4;4;4;4;1;2;3;2;3;2;2;2;1;2;1;3;3;2;;;1;1;4;3;1;5;1;;2;6;1;;1;2;0;1;;2;6;0,71844256
4336;2;3;2;1;5;;1;3;1;2;2;2;1;2;2;2;2;2;2;1;2;2;2;2;2;5;J'ÉTAIS A MADRID ET LA PROCÉDURE ÉTAIT TRÈS COMPLIQUÉ POUR VOTER ADRESSE ETC...;;;;;;;;;;;;;;;;;;;;;;;;1;1;1;;;;;;;;;;;;;;1;9;8;1;1;1;1;2;3;2;3;3;3;2;3;4;2;3;1;1;2;1;;2;1;4;;;;;;;;;;;;;;;;;;;;3;;;;;;;;;;;;;;;;1;1;1;;;;;;;;;;;;;;;;3;;;;;;;;;;;;;;;;2;3;4;1;3;4;4;4;4;4;2;1;1;4;2;4;1;1;2;1;1;2;4;2;;;4;4;4;3;2;7;6;;2;6;1;;1;2;0;1;;2;99;0,36995301
4381;1;6;1;1;4;;1;4;1;;;;;;;;;;;;;;;;;;;;;;;;;;;;;;;;;1;2;2;1;2;1;1;1;2;1;1;1;2;1;;;;;;;;;;;;1;5;5;2;3;2;2;2;2;4;2;2;3;3;1;3;3;1;1;1;4;1;2;;2;;;;;;;;;;;;;;;;;;;;;;;;;;;;;;;;;;;;;1;1;2;;;;;;;;;;;;;;;;;;;;;;;;;;;;;;;;1;3;2;1;4;4;4;4;4;4;1;1;2;2;2;4;1;2;1;1;1;1;1;1;;;4;4;4;3;2;7;1;;2;6;1;;1;3;1;1;;2;8;0,86757064
4388;1;12;3;2;4;;1;4;1;;;;;;;;;;;;;;;;;;;;;;;;;;;;;;;;;1;1;1;2;2;1;1;1;2;1;1;1;1;;;;;;;;;;;;;1;9;7;1;1;3;2;3;1;4;1;4;1;3;2;4;3;1;1;1;4;1;2;;1;3;;4;;;;;;;;;;;;;;;;;;4;;3;;;;;;;;;;;;;;1;1;98;;;;;;;;;;;;;;;;;;;;;;;;;;;;;;;;1;2;2;2;4;4;3;1;4;4;3;1;2;4;1;3;1;1;1;2;3;2;1;2;;;1;1;3;3;1;7;1;;2;6;1;;1;4;0;1;;2;8;0,54773313
4408;1;12;2;2;5;;1;4;3;;;;;;;;;;;;;;;;;;;;;;;;;;;;;;;;;1;2;2;1;2;1;2;2;2;1;1;1;2;1;;;;;;;;;;;;1;10;10;2;2;3;1;1;1;3;1;1;1;5;1;1;4;1;1;2;4;2;;;2;;;;;;;;;;;;;;;;;;;;;;;;;;;;;;;;;;;;;1;1;1;;;;;;;;;;;;;;;;2;;;;;;;;;;;;;;;;2;2;4;4;4;4;4;4;4;4;2;2;3;3;2;4;2;2;2;2;2;4;4;4;;;1;3;4;3;2;4;8;;2;9;1;;1;2;9;1;;2;99;0,67723006
4495;1;8;3;3;6;;1;4;1;;;;;;;;;;;;;;;;;;;;;;;;;;;;;;;;;1;1;1;2;2;1;2;1;2;1;1;1;1;;;;;;;;;;;;;1;8;8;1;2;1;2;2;3;2;2;2;2;2;2;4;2;1;1;1;3;2;;;1;3;;4;;;;;;;;;;;;;;;;;;4;;;;;;;;;;;;;;;;2;;98;;;;;;;;;;;;;;;;;;;;;;;;;;;;;;;;2;2;3;2;4;4;4;4;4;4;2;1;2;4;1;4;1;1;1;2;1;4;4;2;;;1;2;4;1;2;7;6;;1;6;1;;2;1;0;1;;2;3;0,22720873
4505;1;3;2;1;4;;1;4;1;;;;;;;;;;;;;;;;;;;;;;;;;;;;;;;;;1;1;1;1;1;1;1;1;1;1;1;1;2;1;;;;;;;;;;;;1;9;8;1;2;2;2;2;3;2;3;3;3;2;1;3;2;3;1;2;2;1;2;;1;4;;5;;7;;;;;;;;;;;;;;;;4;;2;;;;;;;;;;;;;;1;1;1;;3;;5;;;;;;;;;;;;2;;3;;;;;;;;;;;;;;3;2;3;3;2;4;4;3;3;4;2;1;1;1;2;3;1;1;1;1;1;2;2;3;;;3;3;3;1;1;7;1;;1;6;1;;1;2;0;1;;2;6;0,80743265
4516;1;17;3;2;5;;1;4;4;;;;;;;;;;;;;;;;;;;;;;;;;;;;;;;;;1;1;1;2;2;1;1;1;1;1;1;1;2;1;;;;;;;;;;;;1;7;10;9;2;3;2;2;3;4;1;2;1;4;3;4;2;1;1;1;4;1;2;;2;;;;;;;;;;;;;;;;;;;;;;;;;;;;;;;;;;;;;1;1;98;;;;;;;;;;;;;;;;;;;;;;;;;;;;;;;;2;1;4;1;4;4;4;4;4;4;1;2;4;4;4;4;2;1;2;2;2;4;4;4;;;5;2;3;1;2;3;1;;2;3;1;;1;2;0;1;;2;3;2,83167624
4548;1;13;1;1;6;;1;4;1;;;;;;;;;;;;;;;;;;;;;;;;;;;;;;;;;1;1;1;2;2;1;2;1;2;1;1;1;1;;;;;;;;;;;;;1;10;10;1;1;2;2;2;2;2;1;3;2;2;2;4;2;2;1;2;4;1;2;;1;3;;5;;7;;;;;;;;;;;;;;;;2;;4;;;;;;;;;;;;;;1;1;1;;2;;;;;;;;;;;;;;2;;3;;;;;;;;;;;;;;1;1;4;2;1;4;1;4;4;4;1;1;2;1;2;3;1;1;1;1;1;3;3;2;;;2;2;3;3;1;4;1;;2;6;1;;1;2;0;1;;2;3;0,96949446
4555;1;3;2;1;4;;1;4;1;;;;;;;;;;;;;;;;;;;;;;;;;;;;;;;;;1;1;2;1;2;1;1;1;2;1;1;1;2;1;;3;;;;;;;;1;1;1;8;7;1;2;2;1;1;2;2;4;1;2;2;2;3;3;3;1;1;4;1;2;;2;;;;;;;;;;;;;;;;;;;;;;;;;;;;;;;;;;;;;1;1;98;;;;;;;;;;;;;;;;;;;;;;;;;;;;;;;;4;2;4;2;4;4;4;4;4;4;4;1;1;4;3;4;1;1;1;1;1;3;2;1;;;3;3;4;3;1;8;1;;2;5;1;;1;3;2;1;;2;8;0,80743265
4604;1;5;3;2;3;;1;4;1;;;;;;;;;;;;;;;;;;;;;;;;;;;;;;;;;1;1;2;2;2;1;2;1;2;1;1;1;2;3;;;;;;;;;;2;;1;7;2;1;4;3;2;4;3;3;4;3;3;2;3;3;3;2;1;2;4;2;;;1;4;;;;;;;;;;;;;;;;;;;;10;OFFRIR DU TRANSPORT LORS DE LA JOURNÉE DE VOTE.;;;;;;;;;;;;;;;1;1;2;;;;;;;;;;;;;;;;;;;;;;;;;;;;;;;;3;2;3;1;4;4;4;4;4;4;4;3;4;4;2;3;1;2;3;2;2;4;3;4;;;1;1;3;3;2;6;1;;2;6;1;;1;3;1;1;;2;4;0,94338685
4605;1;11;3;3;4;;1;4;1;;;;;;;;;;;;;;;;;;;;;;;;;;;;;;;;;1;2;2;2;2;2;2;2;2;1;1;1;2;1;;;;;;;;;;;;1;5;5;2;2;3;3;2;2;3;2;2;2;3;2;2;3;2;2;3;2;2;;;1;4;;;;;;;;;;;;;;;;;;;;4;;;;;;;;;;;;;;;;1;1;98;;;;;;;;;;;;;;;;;;;;;;;;;;;;;;;;2;2;4;4;4;4;4;4;4;4;2;2;3;3;3;4;2;2;2;2;2;9;9;9;;;2;2;4;3;2;5;1;;2;6;1;;1;1;0;1;;2;99;0,09497616
4936;1;7;3;2;6;;1;4;3;;;;;;;;;;;;;;;;;;;;;;;;;;;;;;;;;2;2;1;2;2;1;1;1;2;1;1;1;1;;;;;;;;;;;;;1;9;10;2;1;3;2;2;3;3;4;4;3;1;3;4;3;4;1;2;4;1;2;;2;;;;;;;;;;;;;;;;;;;;;;;;;;;;;;;;;;;;;1;1;98;;;;;;;;;;;;;;;;;;;;;;;;;;;;;;;;2;1;1;4;2;4;2;2;4;4;1;1;3;3;4;2;1;1;2;2;2;1;1;1;;;1;4;1;3;1;7;6;;2;5;1;;1;2;0;1;;2;8;0,92170042
5123;1;13;1;1;3;;1;4;1;;;;;;;;;;;;;;;;;;;;;;;;;;;;;;;;;1;1;1;2;1;1;1;1;2;1;1;1;2;1;;;;;;;;;;;;1;10;10;1;1;2;1;2;2;3;4;4;3;4;3;4;2;2;1;1;4;1;2;;2;;;;;;;;;;;;;;;;;;;;;;;;;;;;;;;;;;;;;1;1;1;;3;;;;;;;;;;;;;;1;;2;;;;;;;;;;;;;;1;1;4;4;2;4;1;1;2;4;1;1;1;1;1;1;1;1;2;1;4;4;1;1;;;4;4;4;3;1;7;1;;2;6;1;;1;2;2;1;;2;5;1,45460439
5229;1;3;2;1;4;;1;4;1;;;;;;;;;;;;;;;;;;;;;;;;;;;;;;;;;1;1;2;1;1;1;2;1;1;1;1;1;2;3;;;;;;;;;;1;1;1;8;8;1;2;1;2;2;3;3;3;3;3;2;2;3;2;2;1;1;3;1;2;;1;3;;;;;;;;;;;;;;;;;;;;3;;;;;;;;;;;;;;;;1;1;1;;;;;;;;;;;;;;;;1;;2;;;;;;;;;;;;;;1;1;2;3;4;4;4;4;4;4;2;1;1;4;1;4;2;2;1;1;2;3;3;3;;;3;3;4;3;2;7;1;;2;6;1;;1;2;2;1;;2;7;0,86757064
5359;1;1;3;3;6;;1;4;1;;;;;;;;;;;;;;;;;;;;;;;;;;;;;;;;;1;1;1;2;1;1;1;1;1;1;1;1;2;1;;;;;;;;;;;;1;10;10;1;2;1;1;1;2;2;3;3;3;3;2;4;1;2;1;1;3;1;2;;1;3;;;;;;;;;;;;;;;;;;;;3;;;;;;;;;;;;;;;;2;;98;;;;;;;;;;;;;;;;;;;;;;;;;;;;;;;;3;1;4;4;4;4;4;4;4;4;1;4;3;3;2;3;1;1;1;1;2;3;3;3;;;1;3;1;3;1;7;5;;2;6;1;;1;4;0;1;;2;5;0,21145961
5368;1;16;3;2;4;;1;4;9;;;;;;;;;;;;;;;;;;;;;;;;;;;;;;;;;1;2;2;1;2;2;1;2;1;9;9;9;1;;;;;;;;;;;;;1;2;5;2;4;9;3;3;2;3;2;2;2;3;2;2;3;2;2;2;3;2;;;9;;;;;;;;;;;;;;;;;;;;;;;;;;;;;;;;;;;;;1;1;5;;;;;;;;;;;;;;;;;;;;;;;;;;;;;;;;2;3;9;4;4;4;4;4;4;4;3;3;3;3;3;4;2;2;2;2;2;4;4;4;;;1;3;5;3;2;7;1;;2;6;1;;1;3;1;1;;2;99;0,58852845
5370;1;6;1;1;3;;1;4;1;;;;;;;;;;;;;;;;;;;;;;;;;;;;;;;;;1;1;1;1;2;1;1;1;2;1;1;1;1;;;;;;;;;;;;;1;9;9;1;2;3;1;2;5;3;2;3;2;3;3;3;5;2;2;2;4;1;2;;1;1;;3;;5;;6;;7;;;;;;;;;;;;3;;2;;1;;;;;;;;;;;;1;1;98;PAS BESOIN, TOUT LE MONDE SAIT QUE JE VOTE;;;;;;;;;;;;;;;;;;;;;;;;;;;;;;;2;2;1;1;1;9;4;2;4;2;3;2;2;1;1;4;1;1;2;2;3;4;4;3;;;3;5;3;3;2;8;3;;1;5;1;;1;2;2;1;;2;5;1,56293797
5384;1;16;1;2;5;;1;4;1;;;;;;;;;;;;;;;;;;;;;;;;;;;;;;;;;1;1;1;1;1;1;1;1;1;1;1;1;2;1;;;;;;;;;;;;1;10;10;1;1;2;2;1;2;2;3;2;1;3;2;3;2;2;1;1;3;1;2;;1;3;;;;;;;;;;;;;;;;;;;;3;;;;;;;;;;;;;;;;1;1;98;;;;;;;;;;;;;;;;;;;;;;;;;;;;;;;;1;2;2;2;4;2;2;4;2;2;1;1;3;4;1;2;1;1;1;1;1;1;2;1;;;1;1;4;3;1;2;6;;2;6;1;;1;2;0;1;;2;4;2,63539386
5457;1;6;1;1;4;;1;4;1;;;;;;;;;;;;;;;;;;;;;;;;;;;;;;;;;1;1;2;2;2;1;1;1;1;1;1;2;2;1;;;;;;;;;;;;1;9;7;2;3;2;1;1;3;3;2;2;3;5;2;3;2;3;1;1;3;1;2;;2;;;;;;;;;;;;;;;;;;;;;;;;;;;;;;;;;;;;;1;1;1;;;;;;;;;;;;;;;;2;;;;;;;;;;;;;;;;2;2;3;4;3;4;4;4;4;4;2;2;2;4;3;4;2;2;2;2;3;3;2;3;;;1;3;4;3;2;9;1;;1;4;1;;1;2;0;1;;2;99;0,86757064
5509;1;7;3;2;4;;1;4;1;;;;;;;;;;;;;;;;;;;;;;;;;;;;;;;;;1;2;2;2;2;1;1;1;2;1;1;1;2;1;;;;;;;;;;;;1;8;9;2;2;2;1;2;1;3;2;2;2;2;2;3;2;2;1;1;2;2;;;1;4;;;;;;;;;;;;;;;;;;;;3;;;;;;;;;;;;;;;;1;2;98;;;;;;;;;;;;;;;;;;;;;;;;;;;;;;;;2;2;4;4;4;4;3;3;4;3;2;2;3;2;3;3;1;1;2;2;2;2;4;3;;;2;2;4;3;1;3;8;;1;3;1;;1;3;0;1;;2;3;2,0378089
5536;1;4;3;2;5;;1;4;3;;;;;;;;;;;;;;;;;;;;;;;;;;;;;;;;;1;2;2;1;2;1;1;1;2;1;1;1;2;1;;;;;;;;;;;;1;7;7;1;2;3;2;2;3;2;4;2;2;2;2;3;2;2;2;2;2;1;2;;2;;;;;;;;;;;;;;;;;;;;;;;;;;;;;;;;;;;;;1;1;98;;;;;;;;;;;;;;;;;;;;;;;;;;;;;;;;3;2;2;3;4;4;3;4;4;4;1;1;2;3;2;4;2;2;2;2;2;3;3;4;;;2;2;2;3;1;3;1;;1;5;1;;1;2;0;1;;2;3;2,63539386
5556;1;7;3;2;4;;1;4;2;;;;;;;;;;;;;;;;;;;;;;;;;;;;;;;;;1;1;2;1;2;2;1;2;1;1;1;1;2;1;;3;;;;;;;;2;;3;5;5;2;2;3;3;3;2;3;2;3;1;5;1;3;3;1;1;1;3;1;2;;1;1;;4;;;;;;;;;;;;;;;;;;4;;;;;;;;;;;;;;;;1;1;98;;;;;;;;;;;;;;;;;;;;;;;;;;;;;;;;2;2;3;2;4;4;4;4;4;4;1;4;3;4;2;4;1;1;1;1;1;9;4;9;;;1;4;4;3;2;5;10;FEMME AU FOYER;2;6;1;;1;4;0;1;;2;6;0,52366459
5583;1;6;1;1;4;;1;4;1;;;;;;;;;;;;;;;;;;;;;;;;;;;;;;;;;1;1;2;2;2;1;1;1;2;1;1;1;1;;;;;;;;;;;;;1;10;10;1;2;2;2;2;3;2;4;3;3;2;3;3;2;3;1;1;4;1;2;;1;2;;4;;;;;;;;;;;;;;;;;;3;;;;;;;;;;;;;;;;2;;98;;;;;;;;;;;;;;;;;;;;;;;;;;;;;;;;2;1;2;2;4;2;4;4;4;4;1;1;1;3;2;4;1;1;2;1;1;3;9;1;;;4;3;4;3;2;7;1;;1;6;1;;2;1;0;1;;2;4;0,86757064
5614;1;16;3;2;6;;1;4;1;;;;;;;;;;;;;;;;;;;;;;;;;;;;;;;;;1;1;1;1;2;1;1;1;2;1;1;1;1;;;;;;;;;;;;;1;0;10;1;2;4;1;2;1;3;2;1;2;2;1;3;5;1;2;5;3;1;2;;1;3;;4;;;;;;;;;;;;;;;;;;3;;;;;;;;;;;;;;;;2;;1;;;;;;;;;;;;;;;;4;;;;;;;;;;;;;;;;3;3;4;4;1;4;4;1;4;4;2;4;3;2;4;3;2;2;3;2;2;3;3;3;;;1;3;3;3;2;1;6;;1;5;1;;2;1;0;1;;2;1;3,6845355
5652;1;17;3;2;5;;1;4;9;;;;;;;;;;;;;;;;;;;;;;;;;;;;;;;;;1;1;1;2;1;1;1;1;1;1;1;1;1;;;;;;;;;;;;;1;5;4;9;2;3;3;3;2;3;2;1;2;3;2;3;3;1;1;1;1;2;;;1;3;;;;;;;;;;;;;;;;;;;;3;;;;;;;;;;;;;;;;1;1;98;;;;;;;;;;;;;;;;;;;;;;;;;;;;;;;;2;2;4;9;4;4;4;4;4;4;1;1;2;1;4;4;1;1;1;1;1;4;4;4;;;2;3;4;3;2;3;8;;2;6;1;;1;2;0;1;;2;99;2,83167624
5666;1;6;1;1;4;;1;4;1;;;;;;;;;;;;;;;;;;;;;;;;;;;;;;;;;1;1;2;1;1;1;1;1;2;1;1;1;2;1;;;;;;;;;;;;1;10;10;1;1;3;2;3;2;3;2;4;1;3;3;3;3;1;1;2;4;1;2;;1;2;;3;;7;;8;;;;;;;;;;;;;;2;;4;;3;;;;;;;;;;;;1;1;98;;;;;;;;;;;;;;;;;;;;;;;;;;;;;;;;2;2;1;1;2;3;2;4;4;4;2;1;1;1;2;4;1;1;2;2;1;3;1;1;;;1;2;2;3;1;7;1;;2;6;1;;1;2;1;1;;2;5;0,80743265
5705;1;3;2;1;5;;1;4;1;;;;;;;;;;;;;;;;;;;;;;;;;;;;;;;;;1;1;1;1;2;1;2;1;2;1;1;1;2;1;;;;;;;;;;;;1;10;8;1;2;2;2;2;3;2;3;3;3;2;3;3;3;2;2;2;3;1;2;;1;2;;3;;6;;7;;8;;;;;;;;;;;;3;;;;;;;;;;;;;;;;2;;98;;;;;;;;;;;;;;;;;;;;;;;;;;;;;;;;1;1;4;1;4;4;4;3;4;4;2;1;1;2;2;2;2;2;2;2;2;2;2;2;;;2;3;3;3;1;8;6;;2;6;1;;1;1;0;1;;2;3;0,83737397
5740;1;3;3;1;6;;1;4;1;;;;;;;;;;;;;;;;;;;;;;;;;;;;;;;;;1;1;1;2;2;1;1;1;1;1;1;1;1;;;;;;;;;;;;;1;10;10;1;2;1;2;1;2;1;2;3;2;2;3;4;1;3;1;1;3;1;2;;2;;;;;;;;;;;;;;;;;;;;;;;;;;;;;;;;;;;;;1;1;98;;;;;;;;;;;;;;;;;;;;;;;;;;;;;;;;2;3;4;4;4;4;4;4;4;4;1;1;4;4;1;3;1;1;1;1;2;2;2;1;;;1;1;4;3;1;7;6;;2;6;1;;1;3;0;1;;2;4;1,08958244
5757;1;6;1;1;5;;1;4;1;;;;;;;;;;;;;;;;;;;;;;;;;;;;;;;;;1;2;2;2;2;1;1;1;1;1;1;1;2;1;;;;;;;;;;;;1;7;7;2;1;3;3;2;2;3;1;3;2;4;1;2;2;1;1;2;2;1;2;;1;4;;;;;;;;;;;;;;;;;;;;99;;;;;;;;;;;;;;;;1;1;1;;;;;;;;;;;;;;;;2;;;;;;;;;;;;;;;;2;2;3;2;4;2;4;4;4;4;1;3;1;4;2;3;2;1;1;3;2;3;2;3;;;1;3;2;3;1;8;1;;2;5;1;;1;1;0;1;;2;99;0,83737397
5822;1;16;1;2;6;;1;4;1;;;;;;;;;;;;;;;;;;;;;;;;;;;;;;;;;1;1;1;2;2;1;1;1;1;1;1;1;1;;;;;;;;;;;;;1;10;10;1;1;2;1;1;3;2;4;3;2;3;1;4;2;2;1;1;4;1;2;;1;3;;4;;5;;6;;7;;;;;;;;;;;;3;;2;;4;;;;;;;;;;;;1;1;97;PARTI POLITIQUE;;;;;;;;;;;;;;;;;;;;;;;;;;;;;;;2;1;2;1;2;3;1;2;3;2;1;1;1;1;1;4;1;1;2;1;2;2;1;2;;;4;3;3;3;1;9;6;;2;4;1;;1;2;0;1;;2;6;0,92170042
5864;1;16;1;2;4;;1;4;1;;;;;;;;;;;;;;;;;;;;;;;;;;;;;;;;;1;1;2;2;2;1;2;1;2;1;1;1;2;3;;;;;;;;;;2;;1;8;0;1;1;2;4;1;3;4;4;2;2;3;3;1;2;4;1;1;4;1;2;;2;;;;;;;;;;;;;;;;;;;;;;;;;;;;;;;;;;;;;1;1;98;;;;;;;;;;;;;;;;;;;;;;;;;;;;;;;;4;3;2;1;4;2;4;4;2;4;4;1;1;4;1;4;1;1;2;1;1;1;1;1;;;1;4;4;3;2;7;1;;2;5;1;;1;4;0;1;;2;6;0,58852845
5890;1;16;1;2;6;;1;4;1;;;;;;;;;;;;;;;;;;;;;;;;;;;;;;;;;1;1;1;2;2;1;1;1;2;1;1;1;2;1;;;;;;;;;;;;1;10;10;1;2;1;2;1;3;2;4;2;3;2;3;3;3;1;1;1;4;2;;;2;;;;;;;;;;;;;;;;;;;;;;;;;;;;;;;;;;;;;2;;98;;;;;;;;;;;;;;;;;;;;;;;;;;;;;;;;1;1;2;1;1;4;4;1;4;4;1;1;1;1;1;4;2;1;1;1;2;4;4;4;;;1;1;5;3;2;2;1;;1;3;1;;1;2;0;1;;2;3;3,6845355
5944;1;3;2;2;5;;1;4;1;;;;;;;;;;;;;;;;;;;;;;;;;;;;;;;;;1;1;1;1;2;1;1;1;2;1;1;1;2;1;;;;;;;;;;;;2;10;9;1;2;2;2;1;2;2;4;2;2;3;3;3;2;2;2;2;3;1;2;;2;;;;;;;;;;;;;;;;;;;;;;;;;;;;;;;;;;;;;1;1;98;;;;;;;;;;;;;;;;;;;;;;;;;;;;;;;;1;1;4;4;4;3;3;4;4;4;1;1;3;4;1;3;1;1;1;1;1;2;3;1;;;2;4;4;3;1;5;1;;2;6;1;;1;2;0;1;;2;7;0,63028711
5961;1;16;1;1;4;;1;4;2;;;;;;;;;;;;;;;;;;;;;;;;;;;;;;;;;1;2;2;2;2;1;2;1;2;1;1;1;1;;;;;;;;;;;;;2;9;6;2;1;3;3;2;2;4;3;4;2;2;2;3;3;3;1;2;3;1;2;;1;7;;;;;;;;;;;;;;;;;;;;4;;;;;;;;;;;;;;;;1;1;98;;;;;;;;;;;;;;;;;;;;;;;;;;;;;;;;1;2;4;2;2;4;4;4;4;4;2;3;2;2;2;2;1;2;1;2;2;1;1;3;;;1;3;4;1;1;7;1;;2;6;1;;1;2;1;1;;2;7;0,80743265
5969;1;16;3;2;4;;1;4;3;;;;;;;;;;;;;;;;;;;;;;;;;;;;;;;;;1;1;1;1;1;1;1;1;1;1;1;1;2;1;;;;;;;;;;;;1;7;10;1;2;2;2;2;2;2;3;2;2;2;2;2;2;3;2;2;2;1;2;;2;;;;;;;;;;;;;;;;;;;;;;;;;;;;;;;;;;;;;1;1;1;;;;;;;;;;;;;;;;2;;;;;;;;;;;;;;;;2;3;4;4;4;4;4;4;4;4;1;2;2;2;3;4;2;1;2;2;2;4;4;4;;;3;1;2;1;2;2;8;;1;1;1;;1;3;0;1;;2;6;2,18957973
5975;1;16;1;1;3;;1;4;1;;;;;;;;;;;;;;;;;;;;;;;;;;;;;;;;;1;1;2;2;2;1;2;1;2;1;1;2;2;1;;;;;;;;;;;;1;3;4;1;2;3;2;3;3;2;4;3;2;2;1;2;3;3;1;2;1;1;1;;2;;;;;;;;;;;;;;;;;;;;;;;;;;;;;;;;;;;;;1;1;98;;;;;;;;;;;;;;;;;;;;;;;;;;;;;;;;3;3;4;1;4;4;4;4;4;4;3;4;4;4;2;4;1;1;2;2;2;3;2;3;;;2;4;4;3;2;7;8;;2;5;1;;1;2;0;1;;2;7;1,56293797
6035;1;11;3;3;4;;1;4;1;;;;;;;;;;;;;;;;;;;;;;;;;;;;;;;;;1;1;2;1;2;1;1;1;2;1;1;1;2;1;;;;;;;;;;;;1;8;8;2;2;3;2;2;1;3;1;2;1;3;1;1;3;1;1;2;3;1;2;;2;;;;;;;;;;;;;;;;;;;;;;;;;;;;;;;;;;;;;1;1;1;;;;;;;;;;;;;;;;2;;;;;;;;;;;;;;;;2;4;2;4;4;3;4;4;4;4;1;3;3;3;3;4;1;2;1;1;2;4;1;4;;;3;3;4;3;1;5;1;;2;6;1;;1;2;0;1;;2;4;0,08839304
6136;1;5;3;2;3;;1;4;1;;;;;;;;;;;;;;;;;;;;;;;;;;;;;;;;;1;2;2;1;2;1;2;1;2;1;1;1;2;4;;;;;;;;;;;;1;7;7;1;2;2;2;2;2;3;2;4;2;2;2;2;2;2;1;1;1;1;2;;1;3;;4;;;;;;;;;;;;;;;;;;3;;;;;;;;;;;;;;;;1;1;98;;;;;;;;;;;;;;;;;;;;;;;;;;;;;;;;2;2;2;2;4;4;4;4;4;4;3;1;1;4;1;4;1;1;2;1;2;2;3;3;;;2;3;5;3;2;9;4;;2;6;1;;1;2;5;1;;2;7;1,0602386
6172;1;3;2;1;5;;1;4;2;;;;;;;;;;;;;;;;;;;;;;;;;;;;;;;;;1;2;1;2;2;1;2;1;2;1;1;1;2;3;;;;;;;;;;2;;1;10;10;1;1;2;3;2;1;3;2;2;1;3;2;2;2;1;1;1;1;1;2;;1;3;;;;;;;;;;;;;;;;;;;;3;;;;;;;;;;;;;;;;1;1;2;;;;;;;;;;;;;;;;;;;;;;;;;;;;;;;;1;1;1;2;2;3;4;2;3;4;2;2;3;3;1;2;1;1;2;1;1;2;1;3;;;2;3;1;1;2;8;1;;2;4;1;;2;3;0;1;;2;2;0,89974082
6218;1;6;1;1;4;;1;4;1;;;;;;;;;;;;;;;;;;;;;;;;;;;;;;;;;1;2;2;1;1;1;2;2;1;1;1;1;1;;;;;;;;;;;;;1;10;10;1;2;3;2;3;2;3;2;3;2;2;2;2;2;4;1;1;3;1;2;;1;3;;;;;;;;;;;;;;;;;;;;2;;3;;;;;;;;;;;;;;1;1;98;;;;;;;;;;;;;;;;;;;;;;;;;;;;;;;;1;1;3;2;3;4;9;2;2;4;1;1;3;4;2;2;2;2;2;3;1;2;1;2;;;3;2;3;1;2;8;1;;2;6;2;;1;4;1;1;;2;8;0,86757064
6227;1;12;2;2;5;;1;4;1;;;;;;;;;;;;;;;;;;;;;;;;;;;;;;;;;1;2;1;1;2;2;2;2;2;1;1;2;2;1;;;;;;;;;;;;1;7;5;1;1;2;2;3;3;2;2;3;2;2;3;3;2;3;2;2;3;1;2;;2;;;;;;;;;;;;;;;;;;;;;;;;;;;;;;;;;;;;;1;1;98;;;;;;;;;;;;;;;;;;;;;;;;;;;;;;;;3;2;4;4;4;4;4;4;4;4;2;2;2;3;2;4;2;2;2;2;2;2;2;2;;;2;3;3;3;1;7;6;;2;6;1;;1;3;0;1;;2;5;0,70835632
6236;1;12;2;2;6;;1;4;1;;;;;;;;;;;;;;;;;;;;;;;;;;;;;;;;;1;1;1;2;1;1;2;1;2;1;1;1;2;1;;;;;;;;;;;;1;10;10;1;2;1;3;2;3;2;4;3;3;2;2;3;2;3;1;2;4;1;2;;1;3;;4;;;;;;;;;;;;;;;;;;3;;4;;;;;;;;;;;;;;1;1;98;;;;;;;;;;;;;;;;;;;;;;;;;;;;;;;;1;2;4;4;4;4;4;4;4;4;1;1;2;3;4;1;1;1;1;1;1;1;1;1;;;3;1;3;3;1;8;6;;2;6;1;;1;2;0;1;;2;4;0,92170042
6309;1;14;3;2;6;;1;4;2;;;;;;;;;;;;;;;;;;;;;;;;;;;;;;;;;1;1;2;1;2;1;1;2;2;1;1;1;2;1;;;;;;;;;;;;1;7;10;2;1;2;3;1;1;2;1;1;1;3;2;4;3;1;1;2;3;1;2;;1;4;;;;;;;;;;;;;;;;;;;;3;;;;;;;;;;;;;;;;2;;98;;;;;;;;;;;;;;;;;;;;;;;;;;;;;;;;9;1;3;2;4;4;4;4;4;4;1;4;4;4;1;4;1;1;1;3;1;4;4;4;;;4;1;3;3;1;3;6;;2;6;1;;1;1;0;1;;2;1;3,42913675
6397;1;11;3;3;5;;1;4;2;;;;;;;;;;;;;;;;;;;;;;;;;;;;;;;;;1;1;1;1;1;1;1;1;1;1;1;1;2;1;;;;;;;;;;;;1;4;6;1;2;4;2;2;1;2;1;1;1;3;1;2;3;1;1;2;1;1;2;;1;3;;;;;;;;;;;;;;;;;;;;3;;;;;;;;;;;;;;;;1;1;1;;;;;;;;;;;;;;;;2;;;;;;;;;;;;;;;;2;2;4;4;2;4;4;4;4;4;1;1;2;1;2;4;2;4;2;1;1;9;4;4;;;2;3;4;3;1;5;6;;2;6;1;;1;2;0;1;;2;3;0,14460243
6409;1;16;3;2;6;;1;4;1;;;;;;;;;;;;;;;;;;;;;;;;;;;;;;;;;1;2;2;1;1;1;1;1;2;1;1;1;1;;;;;;;;;;;;;1;6;8;2;2;2;1;2;3;2;2;2;2;2;2;3;2;2;1;1;3;1;2;;1;3;;4;;6;;7;;;;;;;;;;;;;;3;;;;;;;;;;;;;;;;2;;5;;;;;;;;;;;;;;;;;;;;;;;;;;;;;;;;2;2;4;1;4;3;4;4;4;4;1;1;1;1;1;4;1;1;1;2;1;9;9;9;;;4;1;4;3;2;5;6;;2;6;1;;1;1;0;1;;2;99;0,88120085
6410;1;6;1;1;4;;1;4;1;;;;;;;;;;;;;;;;;;;;;;;;;;;;;;;;;1;1;2;1;2;1;1;1;1;1;1;1;1;;;;;;;;;;;;;1;5;6;2;2;2;2;1;1;2;3;2;2;3;2;2;3;1;1;2;3;1;2;;1;3;;4;;5;;6;;8;;;;;;;;;;;;3;;;;;;;;;;;;;;;;2;;98;;;;;;;;;;;;;;;;;;;;;;;;;;;;;;;;2;2;4;2;1;4;4;4;4;4;2;2;2;2;2;3;2;2;2;2;2;3;3;2;;;2;3;3;3;1;3;1;;1;6;1;;2;1;0;1;;2;2;3,004004
6431;1;13;1;1;4;;1;4;1;;;;;;;;;;;;;;;;;;;;;;;;;;;;;;;;;2;2;2;2;2;2;2;2;2;1;1;2;1;;;;;;;;;;;;;2;2;2;1;2;3;3;3;1;5;2;2;2;3;2;2;3;1;2;2;4;1;2;;2;;;;;;;;;;;;;;;;;;;;;;;;;;;;;;;;;;;;;2;;98;;;;;;;;;;;;;;;;;;;;;;;;;;;;;;;;4;3;3;2;4;4;4;4;4;4;1;2;4;2;3;3;2;2;2;2;2;3;2;2;;;2;4;4;3;1;3;1;;1;5;1;;2;1;0;1;;2;3;3,004004
6456;1;7;3;2;5;;1;4;1;;;;;;;;;;;;;;;;;;;;;;;;;;;;;;;;;1;2;1;1;2;2;1;1;2;1;1;1;1;;;;;;;;;;;;;1;7;7;2;2;1;1;2;2;3;2;2;2;2;1;2;2;1;1;2;3;1;2;;2;;;;;;;;;;;;;;;;;;;;;;;;;;;;;;;;;;;;;1;1;98;;;;;;;;;;;;;;;;;;;;;;;;;;;;;;;;1;3;4;4;4;4;4;4;4;4;2;2;2;2;2;4;1;1;1;1;2;3;4;3;;;1;1;2;3;1;2;1;;2;6;1;;1;2;0;1;;2;6;2,63539386
6500;1;7;3;2;4;;1;4;3;;;;;;;;;;;;;;;;;;;;;;;;;;;;;;;;;1;1;2;1;2;1;1;1;2;1;1;1;1;;;;;;;;;;;;;1;6;7;2;2;2;2;1;2;3;2;1;2;3;1;3;2;1;1;2;4;1;2;;2;;;;;;;;;;;;;;;;;;;;;;;;;;;;;;;;;;;;;2;;98;;;;;;;;;;;;;;;;;;;;;;;;;;;;;;;;3;4;2;3;4;4;4;3;4;4;2;3;4;4;3;4;2;2;1;1;1;4;4;4;;;3;1;4;3;2;6;1;;2;3;1;;2;1;0;2;5;2;2;0,52366459
6520;1;6;1;1;5;;1;4;2;;;;;;;;;;;;;;;;;;;;;;;;;;;;;;;;;1;1;1;2;2;1;1;1;2;1;1;1;2;1;;;;;;;;;;;;1;7;8;1;2;2;2;1;2;2;1;2;2;3;1;2;2;1;1;1;3;1;1;;2;;;;;;;;;;;;;;;;;;;;;;;;;;;;;;;;;;;;;1;1;98;;;;;;;;;;;;;;;;;;;;;;;;;;;;;;;;2;2;2;1;2;4;4;4;4;4;1;1;2;1;1;4;1;1;1;2;1;9;4;1;;;1;1;4;1;1;3;1;;2;6;1;;1;2;0;1;;2;98;3,11539721
6532;1;3;2;1;3;;1;4;1;;;;;;;;;;;;;;;;;;;;;;;;;;;;;;;;;1;1;2;1;1;1;2;1;1;1;1;1;2;1;;;;;;;;;;;;1;10;10;2;1;1;1;1;3;1;3;2;3;1;3;3;5;3;1;1;4;1;1;;2;;;;;;;;;;;;;;;;;;;;;;;;;;;;;;;;;;;;;1;1;1;;2;;3;;;;;;;;;;;;1;;;;;;;;;;;;;;;;2;1;2;1;1;4;4;4;4;4;1;2;2;2;2;4;1;2;1;1;1;2;3;1;;;4;3;5;3;1;8;1;;2;5;1;;1;2;0;1;;2;6;1,45460439
6536;1;6;1;1;6;;1;4;1;;;;;;;;;;;;;;;;;;;;;;;;;;;;;;;;;1;1;1;2;1;1;1;1;1;1;1;1;1;;;;;;;;;;;;;1;7;6;1;2;2;2;2;2;3;2;2;2;2;2;2;2;2;1;1;2;2;;;1;1;;3;;4;;;;;;;;;;;;;;;;3;;2;;;;;;;;;;;;;;2;;98;;;;;;;;;;;;;;;;;;;;;;;;;;;;;;;;2;2;4;4;4;4;4;4;4;4;2;2;4;4;2;4;2;2;2;2;2;4;4;4;;;1;2;4;3;2;5;6;;2;6;1;;2;1;0;1;;2;2;1,04170036
6544;1;6;1;1;4;;1;4;1;;;;;;;;;;;;;;;;;;;;;;;;;;;;;;;;;1;1;1;2;2;1;1;1;1;1;1;1;2;1;;;;;;;;;;;;1;9;8;1;2;4;2;2;2;4;3;3;2;3;2;3;2;1;2;5;3;1;2;;1;3;;4;;5;;8;;;;;;;;;;;;;;3;;1;;2;;;;;;;;;;;;1;1;98;;;;;;;;;;;;;;;;;;;;;;;;;;;;;;;;2;1;3;2;1;3;3;4;2;4;1;2;1;1;3;2;2;2;2;2;2;9;2;2;;;1;3;2;3;2;6;1;;2;6;1;;1;2;0;1;;2;5;0,77195251
6550;1;16;1;2;6;;1;4;1;;;;;;;;;;;;;;;;;;;;;;;;;;;;;;;;;1;2;1;1;2;1;2;1;2;1;1;1;2;1;;;;;;;;;;;;1;9;9;1;1;1;2;1;2;2;3;2;2;2;2;2;2;1;1;1;2;1;2;;1;2;;7;;;;;;;;;;;;;;;;;;3;;;;;;;;;;;;;;;;1;1;98;;;;;;;;;;;;;;;;;;;;;;;;;;;;;;;;2;2;2;4;4;4;4;4;3;4;1;1;4;3;3;2;2;2;2;2;2;2;2;2;;;2;2;4;3;1;3;6;;2;6;1;;1;2;0;1;;2;5;3,42913675
6574;1;13;1;1;6;;1;4;1;;;;;;;;;;;;;;;;;;;;;;;;;;;;;;;;;1;1;1;2;2;1;1;1;2;1;1;1;2;1;;;;;;;;;;;;1;9;10;1;2;2;2;2;2;1;2;2;2;2;2;3;2;2;1;2;4;1;2;;1;2;;3;;;;;;;;;;;;;;;;;;3;;;;;;;;;;;;;;;;2;;98;;;;;;;;;;;;;;;;;;;;;;;;;;;;;;;;2;3;3;4;4;4;4;4;4;4;1;1;2;4;1;4;2;2;1;2;1;3;3;2;;;1;3;4;3;1;6;6;;2;6;1;;1;2;0;1;;2;3;0,96949446
6600;1;16;3;2;6;;1;4;1;;;;;;;;;;;;;;;;;;;;;;;;;;;;;;;;;1;1;1;2;2;1;1;1;1;1;1;1;1;;;;;;;;;;;;;1;10;10;1;1;2;1;1;3;2;3;4;2;2;2;4;2;3;1;1;3;1;2;;1;4;;5;;;;;;;;;;;;;;;;;;1;;4;;;;;;;;;;;;;;1;1;98;;;;;;;;;;;;;;;;;;;;;;;;;;;;;;;;2;2;1;1;2;3;3;4;4;4;1;3;3;3;3;4;1;1;1;2;1;4;4;1;;;2;1;4;3;1;5;6;;2;6;1;;2;1;0;1;;2;2;0,82012111
6647;1;6;1;1;3;;1;4;1;;;;;;;;;;;;;;;;;;;;;;;;;;;;;;;;;1;1;1;2;2;1;1;1;2;1;1;1;1;;;;;;;;;;;;;1;8;10;1;1;2;1;1;2;3;4;2;1;3;2;4;2;1;1;1;4;1;2;;2;;;;;;;;;;;;;;;;;;;;;;;;;;;;;;;;;;;;;1;1;1;;;;;;;;;;;;;;;;2;;;;;;;;;;;;;;;;1;2;2;1;4;4;4;4;4;4;4;1;2;4;4;4;1;1;1;1;1;4;4;4;;;4;1;4;3;2;7;1;;2;5;1;;1;4;2;1;;2;99;1,56293797
6681;1;6;1;1;4;;1;4;3;;;;;;;;;;;;;;;;;;;;;;;;;;;;;;;;;1;1;1;2;2;1;1;1;2;1;1;1;1;;;;;;;;;;;;;1;7;7;2;2;3;2;3;2;3;1;2;2;4;1;2;3;2;1;2;4;1;2;;1;4;;5;;6;;7;;;;;;;;;;;;;;3;;4;;;;;;;;;;;;;;2;;98;;;;;;;;;;;;;;;;;;;;;;;;;;;;;;;;1;2;4;1;1;4;4;4;4;4;2;2;1;1;3;4;1;1;2;2;2;4;9;4;;;4;2;2;3;2;7;1;;2;6;1;;1;1;1;1;;2;3;0,86757064
6759;1;6;1;1;4;;1;4;2;;;;;;;;;;;;;;;;;;;;;;;;;;;;;;;;;1;2;2;1;2;2;2;2;1;1;1;1;1;;;;;;;;;;;;;2;9;7;1;2;1;2;2;3;2;3;3;3;2;1;4;2;2;1;1;3;2;;;2;;;;;;;;;;;;;;;;;;;;;;;;;;;;;;;;;;;;;2;;98;;;;;;;;;;;;;;;;;;;;;;;;;;;;;;;;1;2;3;4;4;4;4;4;4;4;3;3;2;3;2;3;1;2;1;1;1;3;2;3;;;1;4;2;3;1;7;1;;2;6;1;;3;1;2;1;;2;7;0,80743265
6773;1;2;3;3;6;;1;4;3;;;;;;;;;;;;;;;;;;;;;;;;;;;;;;;;;1;1;2;1;2;1;1;1;2;1;1;1;2;1;;;;;;;;;;;;1;0;0;2;3;3;2;5;1;5;2;1;1;2;2;1;5;5;1;1;4;2;;;2;;;;;;;;;;;;;;;;;;;;;;;;;;;;;;;;;;;;;2;;98;;;;;;;;;;;;;;;;;;;;;;;;;;;;;;;;4;4;4;4;4;4;4;4;4;4;1;1;3;4;1;4;2;2;2;2;2;4;4;4;;;4;4;4;3;2;3;6;;2;6;1;;1;2;0;1;;2;2;0,84531575
6786;1;6;1;1;4;;1;4;2;;;;;;;;;;;;;;;;;;;;;;;;;;;;;;;;;1;1;1;1;1;1;1;1;1;1;1;1;1;;;;;;;;;;;;;1;8;8;2;2;2;2;2;3;2;3;3;3;5;5;2;3;2;2;1;2;1;2;;2;;;;;;;;;;;;;;;;;;;;;;;;;;;;;;;;;;;;;2;;98;;;;;;;;;;;;;;;;;;;;;;;;;;;;;;;;3;2;2;1;1;4;4;4;4;4;3;2;2;2;2;9;2;1;1;1;1;1;2;2;;;2;4;4;3;1;9;1;;1;2;1;;1;2;1;1;;2;8;0,80743265
6827;1;15;1;1;6;;1;4;1;;;;;;;;;;;;;;;;;;;;;;;;;;;;;;;;;1;2;1;1;2;2;1;2;2;1;1;1;1;;;;;;;;;;;;;2;4;4;2;3;2;2;2;1;3;2;1;2;2;2;1;2;2;1;2;1;2;;;2;;;;;;;;;;;;;;;;;;;;;;;;;;;;;;;;;;;;;1;2;98;;;;;;;;;;;;;;;;;;;;;;;;;;;;;;;;3;4;4;4;4;4;4;4;4;4;2;2;4;4;2;4;2;2;9;4;2;9;4;4;;;3;2;4;3;1;4;6;;3;6;1;;2;3;0;1;;2;99;0,96949446
6973;1;15;3;2;5;;1;4;1;;;;;;;;;;;;;;;;;;;;;;;;;;;;;;;;;1;1;2;1;2;1;1;1;2;1;1;2;2;4;;;;;;;;;;;;1;5;9;2;2;2;2;2;5;3;4;2;2;2;2;2;3;2;1;2;4;1;2;;1;3;;4;;;;;;;;;;;;;;;;;;3;;4;;;;;;;;;;;;;;1;1;98;;;;;;;;;;;;;;;;;;;;;;;;;;;;;;;;2;4;2;2;4;4;4;4;4;3;2;3;3;3;4;3;1;1;1;3;1;9;2;9;;;1;1;4;3;1;3;6;;2;6;1;;9;2;0;1;;2;99;2,63539386
7048;1;3;2;1;2;;1;4;1;;;;;;;;;;;;;;;;;;;;;;;;;;;;;;;;;2;1;1;2;2;1;1;1;2;1;1;1;1;;;;;;;;;;;;;2;9;7;1;2;2;2;2;2;3;3;2;2;3;2;2;4;1;4;3;2;1;1;;1;3;;4;;5;;8;;;;;;;;;;;;;;5;;4;;3;;;;;;;;;;;;2;;2;;3;;;;;;;;;;;;;;;;;;;;;;;;;;;;;;1;1;2;1;1;2;4;2;1;2;3;1;1;1;2;2;1;1;2;1;1;2;2;1;1;1;1;4;2;3;1;8;1;;1;5;1;;2;1;0;1;;2;4;0,41990462
7049;1;12;3;2;4;;1;4;9;;;;;;;;;;;;;;;;;;;;;;;;;;;;;;;;;1;1;1;1;1;1;1;1;2;1;1;1;1;;;;;;;;;;;;;1;10;8;1;2;3;2;2;5;2;3;3;3;3;2;3;2;2;1;2;4;1;2;;1;3;;4;;;;;;;;;;;;;;;;;;4;;3;;;;;;;;;;;;;;1;1;98;;;;;;;;;;;;;;;;;;;;;;;;;;;;;;;;1;1;9;1;2;2;4;4;4;4;3;1;1;1;2;3;1;1;2;1;3;3;3;3;;;4;3;3;3;1;7;1;;2;6;1;;1;2;2;1;;2;7;0,54773313
7230;1;6;1;1;3;;1;4;1;;;;;;;;;;;;;;;;;;;;;;;;;;;;;;;;;1;1;2;1;2;1;1;1;1;1;1;1;1;;;;;;;;;;;;;1;5;5;2;3;3;2;3;1;3;2;1;2;3;2;2;5;2;1;2;4;2;;;1;1;;3;;4;;;;;;;;;;;;;;;;3;;4;;;;;;;;;;;;;;2;;98;;;;;;;;;;;;;;;;;;;;;;;;;;;;;;;;2;2;2;4;4;4;4;4;4;4;2;2;3;4;3;4;1;1;2;1;2;4;4;9;;;1;4;4;3;2;6;1;;1;5;1;;1;1;0;1;;2;3;1,39068377
7271;1;11;3;3;6;;1;4;1;;;;;;;;;;;;;;;;;;;;;;;;;;;;;;;;;1;1;2;2;1;1;1;1;1;1;1;1;1;;;;;;;;;;;;;1;8;8;2;1;2;2;1;2;2;3;3;3;3;2;3;2;2;1;1;2;1;2;;1;4;;6;;;;;;;;;;;;;;;;;;4;;3;;;;;;;;;;;;;;1;1;98;;;;;;;;;;;;;;;;;;;;;;;;;;;;;;;;2;1;3;2;3;4;4;3;4;4;2;2;2;2;2;2;1;2;2;2;2;2;2;2;;;3;4;4;3;1;8;6;;2;5;1;;1;2;0;2;5;2;99;0,21145961
7386;1;3;2;1;4;;1;4;3;;;;;;;;;;;;;;;;;;;;;;;;;;;;;;;;;2;1;1;2;2;2;2;1;2;9;9;9;2;1;;;;;;;;;;;;5;0;0;1;9;4;4;4;1;4;4;4;4;4;4;1;4;1;4;3;4;2;;;2;;;;;;;;;;;;;;;;;;;;;;;;;;;;;;;;;;;;;1;9;98;;;;;;;;;;;;;;;;;;;;;;;;;;;;;;;;2;4;4;4;4;4;4;4;4;4;4;3;1;4;2;4;4;4;4;4;1;2;4;4;;;4;4;1;3;1;4;1;;2;5;1;;1;1;1;1;;2;6;0,71844256
7479;1;13;1;1;4;;1;4;1;;;;;;;;;;;;;;;;;;;;;;;;;;;;;;;;;1;2;1;1;2;2;2;1;1;1;1;1;2;1;;;;;;;;;;;;1;8;6;1;2;3;2;2;1;4;3;3;1;3;2;1;3;4;2;2;4;1;2;;1;3;;4;;;;;;;;;;;;;;;;;;3;;;;;;;;;;;;;;;;1;1;98;;;;;;;;;;;;;;;;;;;;;;;;;;;;;;;;1;2;3;4;4;4;4;4;4;4;2;1;1;4;1;4;2;2;2;2;2;2;3;4;;;2;4;4;3;1;7;1;;2;6;1;;1;2;2;1;;2;8;0,80743265
7481;1;6;1;1;4;;1;4;1;;;;;;;;;;;;;;;;;;;;;;;;;;;;;;;;;1;1;1;2;2;1;1;1;1;1;1;1;2;3;;;;;;;;;;1;1;1;8;10;1;2;4;2;2;3;2;4;2;2;3;1;4;2;2;1;2;4;1;2;;2;;;;;;;;;;;;;;;;;;;;;;;;;;;;;;;;;;;;;2;;98;;;;;;;;;;;;;;;;;;;;;;;;;;;;;;;;3;1;4;2;4;2;2;4;4;2;2;2;2;2;2;2;1;1;1;1;1;4;2;4;;;3;1;3;3;2;7;1;;1;3;1;;2;1;1;1;;2;4;0,86757064
7511;1;16;1;1;6;;1;4;1;;;;;;;;;;;;;;;;;;;;;;;;;;;;;;;;;1;1;1;2;2;1;1;1;2;1;1;1;2;1;;;;;;;;;;;;1;3;10;2;2;3;2;3;1;4;2;1;1;3;1;2;2;1;1;2;3;9;;;2;;;;;;;;;;;;;;;;;;;;;;;;;;;;;;;;;;;;;1;1;1;;2;;3;;;;;;;;;;;;2;;;;;;;;;;;;;;;;2;2;4;1;4;4;3;4;4;4;1;1;3;4;2;3;1;1;2;2;1;3;2;4;;;1;4;4;3;1;7;1;;2;6;1;;1;1;0;1;;2;2;1,08958244
7518;1;16;3;2;6;;1;4;2;;;;;;;;;;;;;;;;;;;;;;;;;;;;;;;;;1;1;1;2;2;1;2;1;1;1;1;1;1;;;;;;;;;;;;;1;10;5;1;2;3;1;1;2;2;1;1;1;1;3;3;2;1;1;1;4;1;2;;1;2;;4;;6;;;;;;;;;;;;;;;;4;;1;;6;POUR SE PRÉSENTER TOUT SIMPLEMENT ET SE FAIRE CONNAÎTRE;;;;;;;;;;;2;;98;;;;;;;;;;;;;;;;;;;;;;;;;;;;;;;;2;3;9;4;2;4;4;3;4;4;1;1;3;1;4;3;1;1;1;1;1;3;3;3;;;1;2;4;3;2;4;6;;1;6;1;;2;1;0;1;;8;3;0,88120085
7579;1;6;1;1;5;;1;4;1;;;;;;;;;;;;;;;;;;;;;;;;;;;;;;;;;1;1;1;2;1;1;1;1;2;1;1;1;2;2;;;;;;;;;;;;1;8;8;1;2;2;1;1;2;2;2;2;1;1;2;2;1;1;1;1;3;2;;;1;2;;3;;;;;;;;;;;;;;;;;;3;;;;;;;;;;;;;;;;2;;98;;;;;;;;;;;;;;;;;;;;;;;;;;;;;;;;2;2;2;1;2;4;4;4;4;4;1;1;4;4;3;4;1;1;1;1;1;4;4;4;;;1;2;4;3;2;5;6;;2;6;1;;2;1;0;1;;2;2;0,80057913
7589;1;6;1;1;4;;1;4;1;;;;;;;;;;;;;;;;;;;;;;;;;;;;;;;;;1;1;1;2;1;1;1;1;2;1;1;1;2;3;;;;;;;;;;2;;1;6;8;9;2;2;2;2;4;2;4;3;4;2;3;3;2;3;1;1;4;1;2;;2;;;;;;;;;;;;;;;;;;;;;;;;;;;;;;;;;;;;;1;1;1;;2;;;;;;;;;;;;;;1;;;;;;;;;;;;;;;;1;2;4;3;4;4;4;4;9;4;2;1;3;3;3;4;1;1;2;1;2;9;3;9;;;2;3;4;3;2;7;1;;2;5;1;;2;2;0;2;5;2;8;0,86757064
7594;1;12;2;2;4;;1;4;1;;;;;;;;;;;;;;;;;;;;;;;;;;;;;;;;;1;2;2;1;2;1;1;2;1;1;1;1;2;1;;3;;;;;;;;2;;1;1;1;2;3;2;2;3;3;3;2;1;3;3;2;2;3;2;2;2;3;2;;;2;;;;;;;;;;;;;;;;;;;;;;;;;;;;;;;;;;;;;1;1;1;;;;;;;;;;;;;;;;2;;3;;;;;;;;;;;;;;3;3;4;4;4;4;4;4;4;4;3;3;2;2;2;4;2;2;2;2;2;9;4;2;;;2;2;4;3;2;7;1;;2;6;1;;1;3;1;1;;2;5;0,58852845
7604;1;15;1;2;5;;1;4;1;;;;;;;;;;;;;;;;;;;;;;;;;;;;;;;;;1;1;2;1;2;1;1;1;2;1;1;1;2;1;;;;;;;;;;;;1;6;6;2;3;3;3;3;1;3;4;3;1;3;1;1;3;1;1;3;4;2;;;1;3;;4;;;;;;;;;;;;;;;;;;3;;1;;;;;;;;;;;;;;1;1;98;;;;;;;;;;;;;;;;;;;;;;;;;;;;;;;;1;2;2;2;4;2;4;4;4;4;2;3;3;3;2;4;1;1;1;1;4;9;9;2;;;1;1;2;3;1;7;97;SEMI RETRAITE;2;6;1;;1;3;0;1;;2;5;0,70835632
7667;1;6;1;1;6;;1;4;1;;;;;;;;;;;;;;;;;;;;;;;;;;;;;;;;;1;1;1;1;2;1;1;1;2;1;1;1;1;;;;;;;;;;;;;1;10;10;2;2;2;2;2;3;2;3;2;3;2;3;4;2;3;1;2;4;1;2;;1;1;;;;;;;;;;;;;;;;;;;;4;;;;;;;;;;;;;;;;2;;98;;;;;;;;;;;;;;;;;;;;;;;;;;;;;;;;2;2;4;3;4;4;4;4;4;4;1;1;4;4;1;3;1;1;2;1;1;3;1;3;;;3;3;3;3;2;2;6;;2;5;1;;3;1;0;1;;2;1;4,35561752
7911;1;11;3;3;5;;1;4;1;;;;;;;;;;;;;;;;;;;;;;;;;;;;;;;;;1;1;1;1;1;1;1;1;2;1;1;1;2;1;;;;;;;;;;;;1;4;4;1;1;3;3;1;3;4;1;1;1;2;1;3;3;1;1;1;4;2;;;1;3;;4;;;;;;;;;;;;;;;;;;4;;;;;;;;;;;;;;;;1;1;98;;;;;;;;;;;;;;;;;;;;;;;;;;;;;;;;2;2;2;2;4;4;3;4;4;4;1;4;1;1;1;4;1;1;1;1;1;4;4;4;;;3;2;3;3;2;3;1;;2;5;1;;1;3;0;1;;2;5;0,64965117
7912;1;6;1;1;4;;1;4;4;;;;;;;;;;;;;;;;;;;;;;;;;;;;;;;;;1;1;2;2;2;1;1;1;1;1;1;2;2;1;;;;;;;;;;;;1;6;7;2;2;2;3;2;2;2;4;2;3;5;5;2;5;2;2;2;3;1;2;;2;;;;;;;;;;;;;;;;;;;;;;;;;;;;;;;;;;;;;1;1;98;;;;;;;;;;;;;;;;;;;;;;;;;;;;;;;;2;3;4;4;4;4;4;4;4;4;1;2;2;1;2;9;2;2;2;2;2;4;4;4;;;2;5;5;3;2;5;1;;2;6;1;;1;2;1;1;;2;6;0,77195251
8117;1;15;1;2;6;;1;4;1;;;;;;;;;;;;;;;;;;;;;;;;;;;;;;;;;1;1;1;2;2;1;1;1;1;1;1;1;2;1;;;;;;;;;;;;1;10;10;1;2;2;1;1;2;2;3;3;2;2;3;3;2;2;1;1;4;1;2;;1;3;;4;;;;;;;;;;;;;;;;;;3;;;;;;;;;;;;;;;;1;1;98;;;;;;;;;;;;;;;;;;;;;;;;;;;;;;;;2;1;4;1;4;4;4;3;4;4;1;1;1;3;3;3;1;1;1;1;2;3;2;1;;;2;4;4;3;2;7;6;;2;6;1;;1;2;0;1;;2;99;0,99035168
8153;1;16;1;1;6;;1;4;1;;;;;;;;;;;;;;;;;;;;;;;;;;;;;;;;;1;2;1;1;2;1;2;2;1;1;1;1;1;;;;;;;;;;;;;1;6;6;2;1;2;1;4;4;2;2;4;3;2;4;4;3;3;1;1;4;1;2;;1;4;;;;;;;;;;;;;;;;;;;;97;PAS DONNÉ LE TEMPS DE PARLER.;;;;;;;;;;;;;;;2;;98;;;;;;;;;;;;;;;;;;;;;;;;;;;;;;;;2;4;3;2;4;4;4;4;4;4;2;2;3;2;3;4;1;1;1;2;1;1;4;4;;;4;3;4;3;1;8;6;;2;6;1;;2;1;0;1;;2;4;1,08958244
8284;1;3;2;1;4;;1;4;1;;;;;;;;;;;;;;;;;;;;;;;;;;;;;;;;;1;1;2;2;2;1;1;1;2;1;1;1;1;;;;;;;;;;;;;2;5;5;2;1;3;2;2;2;3;2;3;2;3;1;3;3;1;2;2;4;1;2;;1;3;;4;;;;;;;;;;;;;;;;;;3;;;;;;;;;;;;;;;;1;1;98;;;;;;;;;;;;;;;;;;;;;;;;;;;;;;;;2;1;3;4;4;4;4;4;4;4;1;1;1;3;3;2;1;1;1;1;2;3;1;1;;;1;4;5;3;1;5;1;;1;6;1;;2;2;0;1;;2;3;0,71844256
8311;1;6;1;1;5;;1;4;1;;;;;;;;;;;;;;;;;;;;;;;;;;;;;;;;;1;2;1;1;2;1;2;1;2;1;1;2;1;;;;;;;;;;;;;2;8;8;1;2;2;2;1;2;2;1;3;2;3;2;3;4;1;1;1;2;1;2;;1;4;;;;;;;;;;;;;;;;;;;;3;;;;;;;;;;;;;;;;1;1;1;;;;;;;;;;;;;;;;2;;;;;;;;;;;;;;;;3;2;3;4;4;4;3;4;4;4;2;2;2;3;2;3;2;1;1;2;1;1;1;2;;;1;3;4;9;1;7;1;;2;6;97;BULGARE;1;1;0;3;5;2;7;0,83737397
8353;1;6;1;1;4;;1;4;2;;;;;;;;;;;;;;;;;;;;;;;;;;;;;;;;;1;1;1;1;2;1;2;1;2;1;1;1;2;1;;;;;;;;;;;;2;8;9;1;2;2;2;2;5;2;4;2;3;2;1;3;2;2;1;1;2;1;2;;2;;;;;;;;;;;;;;;;;;;;;;;;;;;;;;;;;;;;;1;1;98;;;;;;;;;;;;;;;;;;;;;;;;;;;;;;;;3;2;4;4;4;4;4;4;4;4;1;1;3;3;1;4;1;1;1;1;1;2;4;2;;;1;4;4;1;1;7;1;;1;6;1;;1;4;0;1;;2;8;0,80743265
8407;1;13;1;1;5;;1;4;1;;;;;;;;;;;;;;;;;;;;;;;;;;;;;;;;;1;2;2;2;2;1;1;2;2;1;1;1;2;1;;;;;;;;;;;;1;6;10;2;2;3;1;1;1;4;3;2;1;4;1;2;3;1;1;2;4;1;2;;2;;;;;;;;;;;;;;;;;;;;;;;;;;;;;;;;;;;;;1;1;98;;;;;;;;;;;;;;;;;;;;;;;;;;;;;;;;3;2;4;4;4;4;4;4;4;4;3;1;1;4;3;3;3;3;2;2;2;3;3;2;;;1;2;4;3;1;3;1;;2;6;1;;1;2;0;3;5;2;4;3,11539721
8442;1;16;1;1;6;;1;4;2;;;;;;;;;;;;;;;;;;;;;;;;;;;;;;;;;2;2;1;2;2;1;1;1;2;1;1;1;2;1;;;;;;;;;;;;3;3;3;1;3;3;3;4;4;3;1;3;2;3;2;2;4;2;4;4;2;2;;;2;;;;;;;;;;;;;;;;;;;;;;;;;;;;;;;;;;;;;1;1;98;;;;;;;;;;;;;;;;;;;;;;;;;;;;;;;;3;3;4;4;1;3;4;4;4;4;2;1;4;4;4;4;2;3;2;2;2;3;2;2;;;1;4;4;3;1;8;6;;1;3;1;;2;1;0;1;;2;3;1,08958244
8503;1;5;3;2;2;;1;4;1;;;;;;;;;;;;;;;;;;;;;;;;;;;;;;;;;1;1;1;2;1;1;2;1;1;1;1;1;1;;;;;;;;;;;;;1;4;6;1;2;3;2;2;3;5;5;1;2;3;1;2;3;2;1;2;4;1;2;;1;4;;;;;;;;;;;;;;;;;;;;99;;;;;;;;;;;;;;;;2;;1;;2;;3;;;;;;;;;;;;1;;;;;;;;;;;;;;;;3;3;2;1;4;4;4;4;4;4;3;3;3;2;3;4;1;1;2;2;2;3;4;2;2;1;2;2;4;3;2;7;1;;1;4;1;;2;1;0;1;;2;2;0,29200417
8556;2;12;2;2;5;;1;1;3;2;2;2;2;2;2;2;2;2;2;2;1;2;2;2;2;97;SAVOIR  LA DATE DOPÉRATION ..;;;;;;;;;;;;;;;;;;;;;;;;1;1;1;;;;;;;;;;;;;;1;5;5;9;3;2;2;2;2;2;4;2;3;2;3;2;2;3;2;1;2;1;;2;1;3;;;;;;;;;;;;;;;;;;;;3;;;;;;;;;;;;;;;;1;1;1;;;;;;;;;;;;;;;;2;;;;;;;;;;;;;;;;2;2;4;4;4;4;4;3;4;4;1;4;4;4;3;4;1;1;1;1;1;4;4;2;;;4;1;4;3;2;3;5;;2;6;1;;1;2;0;1;;2;5;1,16431904
8559;2;12;3;2;3;;1;3;4;1;2;2;2;2;2;1;2;2;2;2;2;2;1;1;2;11;AVOIR LE TEMPS;;;;;;;;;;;;;;;;;;;;;;;;1;1;1;;;;;;;;;;;;;;2;7;7;1;3;2;2;5;3;2;2;2;2;2;3;3;2;2;1;1;4;2;;;2;;;;;;;;;;;;;;;;;;;;;;;;;;;;;;;;;;;;;1;1;1;;2;;;;;;;;;;;;;;1;;;;;;;;;;;;;;;;3;2;3;1;4;4;4;4;4;4;2;3;2;2;2;3;2;2;2;2;1;1;3;4;;;1;3;4;3;2;5;1;;2;2;1;;1;2;4;1;;2;2;0,59443939
8636;1;1;3;3;5;;1;4;4;;;;;;;;;;;;;;;;;;;;;;;;;;;;;;;;;1;2;1;1;2;2;2;1;2;1;1;1;2;1;;;;;;;;;;;;1;8;9;1;2;2;2;1;3;2;2;3;2;2;3;4;2;1;1;1;4;1;2;;1;4;;;;;;;;;;;;;;;;;;;;3;;;;;;;;;;;;;;;;1;1;98;;;;;;;;;;;;;;;;;;;;;;;;;;;;;;;;3;1;3;1;4;4;4;4;3;4;1;1;3;4;4;4;1;1;1;1;9;9;4;9;;;5;5;4;3;1;7;6;;2;6;1;;1;2;0;1;;2;99;0,16251326
8658;1;6;1;1;6;;1;4;1;;;;;;;;;;;;;;;;;;;;;;;;;;;;;;;;;1;1;1;1;2;1;1;1;1;1;1;1;1;;;;;;;;;;;;;1;10;10;1;2;3;1;1;2;3;2;1;2;3;1;2;2;1;1;1;1;1;2;;1;1;;3;;;;;;;;;;;;;;;;;;3;;;;;;;;;;;;;;;;2;;98;;;;;;;;;;;;;;;;;;;;;;;;;;;;;;;;2;2;3;4;4;4;4;4;4;4;1;1;1;4;1;4;1;1;1;1;1;4;4;4;;;1;2;3;3;2;4;1;;2;5;1;;2;1;0;1;;2;3;1,04170036
8683;1;13;1;1;6;;1;4;1;;;;;;;;;;;;;;;;;;;;;;;;;;;;;;;;;2;2;1;2;2;1;1;1;2;1;1;1;2;1;;;;;;;;;;;;4;9;5;1;2;4;4;4;1;3;1;4;1;4;1;3;4;1;4;4;4;1;2;;1;4;;5;;;;;;;;;;;;;;;;;;4;;;;;;;;;;;;;;;;1;1;1;;;;;;;;;;;;;;;;2;;;;;;;;;;;;;;;;3;1;1;2;3;4;4;2;4;4;1;1;1;1;3;4;1;2;1;3;1;1;3;1;;;1;4;4;3;1;3;6;;1;6;1;;1;2;0;1;;2;6;4,05371332
8697;1;4;3;2;2;;1;4;1;;;;;;;;;;;;;;;;;;;;;;;;;;;;;;;;;1;1;2;1;2;1;1;1;1;1;1;1;1;;;;;;;;;;;;;1;3;7;9;3;3;1;2;3;2;3;2;3;2;2;3;5;2;1;2;3;1;2;;1;6;FEUILLET D'INFORMATION LAISSÉ À LA PORTE;;;;;;;;;;;;;;;;;;;6;ME RENSEIGNER SUR LEUR PARCOURS, LEURS BUTS ET LEURS INTENTIONS;;;;;;;;;;;;;;;1;1;2;;3;;5;;;;;;;;;;;;;;;;;;;;;;;;;;;;4;2;2;2;9;4;4;4;4;4;2;1;2;1;3;4;1;1;2;1;1;2;3;2;1;2;2;1;3;3;2;7;1;;2;3;1;;1;2;0;1;;2;7;0,29200417
8733;1;16;1;1;6;;1;4;1;;;;;;;;;;;;;;;;;;;;;;;;;;;;;;;;;1;1;1;2;1;1;1;1;1;1;1;1;2;1;;;;;;;;;;;;1;10;10;1;1;2;1;2;3;2;3;2;2;2;2;3;2;3;1;1;4;1;2;;2;;;;;;;;;;;;;;;;;;;;;;;;;;;;;;;;;;;;;2;;1;;2;;;;;;;;;;;;;;2;;3;;4;;;;;;;;;;;;1;1;1;1;4;4;1;1;4;1;1;1;2;1;1;4;2;2;2;2;2;2;9;2;;;5;2;4;3;1;6;6;;1;1;1;;1;2;0;1;;2;99;0,96949446
8742;1;12;3;2;4;;1;4;1;;;;;;;;;;;;;;;;;;;;;;;;;;;;;;;;;1;1;1;2;2;1;1;1;2;1;1;1;2;1;;;;;;;;;;;;1;8;10;1;1;1;2;2;2;2;3;4;3;2;3;4;2;3;1;1;4;1;2;;2;;;;;;;;;;;;;;;;;;;;;;;;;;;;;;;;;;;;;1;1;1;;;;;;;;;;;;;;;;2;;;;;;;;;;;;;;;;1;1;3;3;2;4;4;4;4;4;1;2;1;2;1;4;2;2;2;1;2;4;4;3;;;4;3;4;3;2;3;6;;2;6;1;;1;3;0;1;;2;2;2,18957973
8754;1;6;1;1;3;;1;4;1;;;;;;;;;;;;;;;;;;;;;;;;;;;;;;;;;1;2;1;1;2;1;2;1;2;1;1;1;1;;;;;;;;;;;;;2;9;7;2;1;2;2;2;2;3;3;3;2;2;3;4;3;2;2;2;4;1;2;;1;1;;3;;4;;5;;;;;;;;;;;;;;4;;2;;3;;1;;;;;;;;;;1;1;98;;;;;;;;;;;;;;;;;;;;;;;;;;;;;;;;1;1;2;2;4;4;4;4;4;4;1;1;1;1;3;4;1;1;2;1;1;2;3;3;;;2;3;3;3;2;7;1;;2;5;1;;1;2;1;1;;2;7;1,56293797
8794;1;15;3;2;6;;1;4;1;;;;;;;;;;;;;;;;;;;;;;;;;;;;;;;;;1;1;1;1;1;1;1;1;1;1;1;1;1;;;;;;;;;;;;;1;9;9;1;1;1;1;1;3;2;4;4;4;2;2;3;2;3;1;1;3;1;2;;1;2;;3;;;;;;;;;;;;;;;;;;3;;;;;;;;;;;;;;;;1;1;98;;;;;;;;;;;;;;;;;;;;;;;;;;;;;;;;1;1;4;2;4;4;4;1;4;4;1;2;2;3;2;4;2;2;2;2;2;2;1;4;;;3;2;2;3;1;7;6;;2;6;1;;1;2;0;1;;2;5;0,92170042
8810;1;16;1;2;4;;1;4;4;;;;;;;;;;;;;;;;;;;;;;;;;;;;;;;;;1;1;1;1;1;1;1;1;2;1;1;1;2;3;;;;;;;;;;1;2;1;8;7;2;3;2;2;2;2;2;2;2;3;2;2;3;3;3;2;2;2;2;;;2;;;;;;;;;;;;;;;;;;;;;;;;;;;;;;;;;;;;;1;1;1;;;;;;;;;;;;;;;;2;;;;;;;;;;;;;;;;4;2;2;4;2;3;4;4;4;4;3;4;2;4;2;3;2;2;2;2;2;2;3;2;;;2;1;4;1;1;4;1;;2;5;2;;1;2;2;1;;2;7;0,48736537
8844;1;17;3;2;3;;1;4;1;;;;;;;;;;;;;;;;;;;;;;;;;;;;;;;;;1;2;1;2;2;2;1;1;2;1;1;2;1;;;;;;;;;;;;;2;8;8;1;2;3;2;2;1;2;2;2;3;3;2;2;4;2;1;2;1;2;;;2;;;;;;;;;;;;;;;;;;;;;;;;;;;;;;;;;;;;;1;1;98;;;;;;;;;;;;;;;;;;;;;;;;;;;;;;;;3;2;4;4;4;4;4;4;4;4;3;1;1;2;2;4;2;3;2;2;3;4;4;4;;;1;4;3;3;1;5;1;;2;6;1;;1;2;4;1;;2;6;0,87799472
8875;1;3;2;2;6;;1;4;1;;;;;;;;;;;;;;;;;;;;;;;;;;;;;;;;;1;1;1;2;2;1;1;1;2;1;1;1;2;1;;;;;;;;;;;;1;10;10;1;1;4;2;1;1;2;4;1;1;3;1;1;2;1;1;2;5;1;2;;1;3;;;;;;;;;;;;;;;;;;;;4;JUSTE DEMANDER S'IL POUVAIT SE FIER SUR MON VOTE POUR EUX;;;;;;;;;;;;;;;1;1;1;;4;;5;;;;;;;;;;;;2;;3;;4;;;;;;;;;;;;1;2;4;4;4;4;4;4;4;4;1;1;2;2;2;4;1;1;1;2;1;4;4;4;;;1;1;4;3;2;6;6;;2;6;1;;1;2;0;1;;2;3;0,88120085
8910;1;2;3;3;6;;1;4;1;;;;;;;;;;;;;;;;;;;;;;;;;;;;;;;;;1;1;1;2;2;1;1;2;2;1;1;1;1;;;;;;;;;;;;;1;10;10;1;1;1;1;1;2;2;2;1;2;2;2;3;1;2;1;1;4;1;2;;1;1;;;;;;;;;;;;;;;;;;;;4;;;;;;;;;;;;;;;;2;;1;;;;;;;;;;;;;;;;3;;;;;;;;;;;;;;;;1;2;4;4;4;4;4;4;4;4;1;1;1;1;1;4;1;2;2;2;2;3;4;3;;;2;4;4;3;1;4;6;;2;6;1;;3;1;0;1;;2;3;0,18815424
8926;1;16;1;1;5;;1;4;1;;;;;;;;;;;;;;;;;;;;;;;;;;;;;;;;;1;1;1;1;1;1;1;1;1;1;1;1;2;1;;;;;;;;;;;;1;10;10;1;2;3;2;1;3;2;3;4;3;2;3;4;2;3;1;1;4;1;2;;1;3;;5;;6;PUBLICITÉ POSTALE;;;;;;;;;;;;;;;3;;;;;;;;;;;;;;;;1;1;1;;2;;;;;;;;;;;;;;2;;;;;;;;;;;;;;;;2;2;3;2;4;4;4;4;4;4;1;2;3;3;2;3;1;2;2;3;2;2;2;2;;;2;3;3;3;1;8;6;;2;5;1;;1;2;0;1;;2;5;0,83737397
8966;1;14;3;2;6;;1;4;1;;;;;;;;;;;;;;;;;;;;;;;;;;;;;;;;;1;1;1;1;2;1;1;1;2;1;1;2;1;;;;;;;;;;;;;1;8;8;1;2;2;2;1;2;2;4;3;3;3;2;3;2;2;1;1;3;1;2;;1;3;;;;;;;;;;;;;;;;;;;;3;;;;;;;;;;;;;;;;2;;98;;;;;;;;;;;;;;;;;;;;;;;;;;;;;;;;3;2;2;4;4;2;4;4;4;4;1;1;3;3;3;4;2;2;2;2;2;4;3;3;;;1;1;3;3;2;5;6;;2;6;1;;3;1;0;1;;2;1;0,88120085
8997;1;1;3;2;6;;1;4;2;;;;;;;;;;;;;;;;;;;;;;;;;;;;;;;;;1;1;2;2;1;1;1;1;2;1;1;1;2;1;;;;;;;;;;;;1;10;10;1;1;2;2;2;2;2;2;3;3;2;2;2;2;2;1;1;3;1;2;;1;2;;3;;;;;;;;;;;;;;;;;;3;;;;;;;;;;;;;;;;2;;98;;;;;;;;;;;;;;;;;;;;;;;;;;;;;;;;1;1;2;4;1;3;4;2;3;4;1;2;2;1;2;4;1;2;1;1;1;3;3;4;;;2;4;4;3;1;6;6;;2;6;1;;1;2;0;1;;2;3;0,82012111
9000;1;13;1;1;4;;1;4;1;;;;;;;;;;;;;;;;;;;;;;;;;;;;;;;;;1;1;2;2;2;1;1;2;2;1;1;1;1;;;;;;;;;;;;;1;7;7;2;2;2;2;2;2;2;3;3;3;2;2;3;3;2;1;2;4;1;2;;2;;;;;;;;;;;;;;;;;;;;;;;;;;;;;;;;;;;;;1;1;98;;;;;;;;;;;;;;;;;;;;;;;;;;;;;;;;2;2;2;1;4;4;4;3;4;4;3;3;1;4;1;4;2;2;1;1;1;4;3;4;;;1;2;3;3;2;8;1;;2;6;1;;1;4;0;1;;2;8;0,86757064
9005;1;15;1;2;4;;1;4;1;;;;;;;;;;;;;;;;;;;;;;;;;;;;;;;;;1;2;2;1;2;2;2;2;1;1;1;1;1;;;;;;;;;;;;;2;3;3;2;3;9;3;2;5;5;2;2;2;4;1;2;4;2;2;5;3;1;2;;1;2;;3;;4;;6;;;;;;;;;;;;;;99;;;;;;;;;;;;;;;;1;1;98;;;;;;;;;;;;;;;;;;;;;;;;;;;;;;;;1;2;3;4;4;4;4;4;4;4;1;2;2;4;2;4;2;1;2;2;2;9;4;4;;;1;4;3;3;1;3;1;;2;6;1;;1;2;0;1;;2;99;2,0378089
9042;1;7;3;2;6;;1;4;1;;;;;;;;;;;;;;;;;;;;;;;;;;;;;;;;;1;1;2;1;2;2;1;1;2;1;1;1;2;1;;;;;;;;;;;;1;10;8;2;1;2;1;1;3;1;4;4;2;2;2;4;2;3;1;1;3;1;2;;2;;;;;;;;;;;;;;;;;;;;;;;;;;;;;;;;;;;;;2;;98;;;;;;;;;;;;;;;;;;;;;;;;;;;;;;;;1;1;2;1;4;4;2;4;4;4;1;1;3;3;1;4;1;1;1;1;1;1;1;1;;;1;2;2;3;1;7;6;;2;5;1;;1;2;0;1;;2;8;0,92170042
9055;2;6;1;1;4;;1;1;1;1;1;1;2;1;1;2;2;2;2;2;2;2;1;2;1;2;AVOIR L'ADRESSE OÙ ALLER CAR JE N'AVAIS QUE L'ADRESSE DES ENDROITS POUR VOTER EN AVANCE SUR LA CARTE QUE J'AI EUE PAR LA POSTE.;;;;;;;;;;;;;;;;;;;;;;;;1;1;2;;;;;;;;;;;;;;5;0;0;2;4;9;3;2;2;4;5;2;5;5;5;2;5;2;3;5;3;2;;;1;1;;3;;;;;;;;;;;;;;;;;;3;;;;;;;;;;;;;;;;2;;3;;;;;;;;;;;;;;;;;;;;;;;;;;;;;;;;2;3;3;9;4;4;4;4;4;4;4;4;3;3;3;4;2;2;1;1;2;9;9;4;;;1;4;4;3;2;7;1;;1;5;1;;2;1;1;1;;2;2;1,01937151
9081;1;6;1;1;5;;1;4;1;;;;;;;;;;;;;;;;;;;;;;;;;;;;;;;;;1;1;2;1;2;2;1;1;2;1;1;1;1;;;;;;;;;;;;;1;9;7;1;2;2;3;3;2;2;3;3;3;3;2;3;3;2;1;3;4;1;2;;2;;;;;;;;;;;;;;;;;;;;;;;;;;;;;;;;;;;;;1;1;98;;;;;;;;;;;;;;;;;;;;;;;;;;;;;;;;3;2;4;1;4;3;4;4;4;4;1;1;3;2;1;4;2;2;1;2;2;2;2;2;;;3;3;4;2;2;8;1;;2;6;1;;1;2;0;1;;2;8;0,89974082
9111;1;13;1;1;6;;1;4;1;;;;;;;;;;;;;;;;;;;;;;;;;;;;;;;;;1;2;1;2;2;1;1;1;1;1;1;1;2;1;;;;;;;;;;;;1;10;10;1;1;2;2;1;3;2;3;3;2;2;2;4;2;1;1;1;4;1;2;;1;2;;3;;4;;5;;;;;;;;;;;;;;2;;4;;1;;3;;;;;;;;;;2;;1;;5;;;;;;;;;;;;;;97;BEAU-FRÈRE;;;;;;;;;;;;;;;2;1;4;1;4;4;4;4;4;4;3;1;2;4;1;4;1;2;1;1;2;3;1;2;;;1;2;4;3;1;7;6;;2;6;1;;1;2;0;1;;2;4;1,08958244
9182;1;12;2;2;4;;1;4;1;;;;;;;;;;;;;;;;;;;;;;;;;;;;;;;;;1;1;1;2;2;1;1;1;2;1;1;1;1;;;;;;;;;;;;;1;9;9;1;2;1;1;1;2;1;4;1;2;2;1;3;2;1;1;1;4;1;2;;2;;;;;;;;;;;;;;;;;;;;;;;;;;;;;;;;;;;;;1;1;98;;;;;;;;;;;;;;;;;;;;;;;;;;;;;;;;3;2;4;4;4;4;4;4;4;4;2;2;2;2;2;4;1;1;2;1;1;2;4;4;;;4;4;4;3;1;8;1;;2;6;1;;1;2;1;1;;2;99;0,54773313
9250;1;8;3;3;5;;1;4;1;;;;;;;;;;;;;;;;;;;;;;;;;;;;;;;;;1;1;1;1;1;1;1;1;1;1;1;1;1;;;;;;;;;;;;;1;3;3;1;3;2;2;2;3;2;1;1;1;3;2;2;2;1;1;2;3;1;2;;1;3;;;;;;;;;;;;;;;;;;;;3;;;;;;;;;;;;;;;;1;1;98;;;;;;;;;;;;;;;;;;;;;;;;;;;;;;;;2;2;4;2;4;4;2;4;4;4;3;3;4;3;3;4;1;1;2;1;1;3;4;3;;;4;2;4;3;2;4;1;;2;6;1;;1;2;0;1;;2;2;0,15537187
9260;1;16;3;2;5;;1;4;1;;;;;;;;;;;;;;;;;;;;;;;;;;;;;;;;;1;1;2;2;2;1;1;1;2;1;1;2;2;1;;;;;;;;;;;;1;6;7;2;2;2;2;2;2;3;2;2;2;2;2;3;2;2;2;2;2;1;2;;2;;;;;;;;;;;;;;;;;;;;;;;;;;;;;;;;;;;;;1;1;98;;;;;;;;;;;;;;;;;;;;;;;;;;;;;;;;3;2;4;2;4;4;4;4;4;4;1;3;3;3;3;4;2;1;2;2;1;4;4;4;;;2;2;3;3;2;2;1;;1;4;1;;1;2;0;1;;2;3;2,83167624
9411;1;11;3;3;5;;1;4;1;;;;;;;;;;;;;;;;;;;;;;;;;;;;;;;;;1;1;1;2;1;1;1;1;1;1;1;1;2;1;;;;;;;;;;;;1;10;10;1;1;2;1;2;2;2;1;1;2;1;1;1;2;1;1;1;3;1;2;;2;;;;;;;;;;;;;;;;;;;;;;;;;;;;;;;;;;;;;2;;98;;;;;;;;;;;;;;;;;;;;;;;;;;;;;;;;1;1;1;1;1;1;4;3;3;2;1;1;2;2;3;9;1;1;1;2;1;9;3;4;;;2;1;2;3;1;2;1;;2;6;1;;1;2;0;1;;2;2;0,60462022
9469;1;6;1;1;4;;1;4;1;;;;;;;;;;;;;;;;;;;;;;;;;;;;;;;;;1;2;2;1;1;1;1;2;1;1;1;1;1;;;;;;;;;;;;;1;8;8;2;2;2;2;1;3;2;3;3;3;2;2;3;1;2;1;1;1;1;2;;2;;;;;;;;;;;;;;;;;;;;;;;;;;;;;;;;;;;;;1;1;98;;;;;;;;;;;;;;;;;;;;;;;;;;;;;;;;2;2;4;4;4;4;4;3;4;4;1;1;1;4;1;4;1;1;1;1;1;4;4;9;;;5;2;2;1;2;6;1;;1;3;1;;3;1;0;1;;2;2;0,77195251
9504;1;6;1;1;5;;1;4;1;;;;;;;;;;;;;;;;;;;;;;;;;;;;;;;;;1;1;1;1;1;1;1;1;1;1;1;1;2;1;;;;;;;;;;;;1;8;10;1;1;1;1;3;2;2;2;2;2;3;2;3;2;1;1;1;4;2;;;1;3;;;;;;;;;;;;;;;;;;;;4;;1;;;;;;;;;;;;;;1;1;98;;;;;;;;;;;;;;;;;;;;;;;;;;;;;;;;2;1;4;4;4;4;4;4;4;4;1;3;4;4;3;4;1;1;4;4;1;4;4;1;;;1;1;4;3;2;4;8;;1;6;1;;1;3;0;1;;1;4;0,80057913
9512;1;6;1;1;6;;1;4;1;;;;;;;;;;;;;;;;;;;;;;;;;;;;;;;;;1;2;2;2;2;2;2;2;2;1;1;1;1;;;;;;;;;;;;;1;8;8;1;1;2;3;2;2;4;2;3;2;3;2;3;2;2;2;2;3;2;;;1;3;;5;;6;;;;;;;;;;;;;;;;1;;2;;;;;;;;;;;;;;2;;98;;;;;;;;;;;;;;;;;;;;;;;;;;;;;;;;1;2;4;3;4;4;4;4;4;4;1;1;4;4;1;4;1;1;1;1;1;3;1;1;;;3;3;1;3;2;8;6;;1;3;1;;2;1;0;1;;2;3;1,17072916
9546;1;4;3;2;3;;1;4;1;;;;;;;;;;;;;;;;;;;;;;;;;;;;;;;;;1;1;2;1;1;1;2;1;2;1;1;1;2;1;;;;;;;;;;;;1;9;7;9;2;2;2;2;2;1;3;3;3;2;1;4;2;2;1;1;3;1;2;;2;;;;;;;;;;;;;;;;;;;;;;;;;;;;;;;;;;;;;1;1;98;;;;;;;;;;;;;;;;;;;;;;;;;;;;;;;;3;1;3;4;2;4;4;4;4;4;1;1;3;2;1;2;1;1;1;1;1;1;2;3;;;1;4;4;3;1;5;1;;2;6;1;;1;2;2;1;;2;99;0,87799472
9576;1;16;1;1;5;;1;4;1;;;;;;;;;;;;;;;;;;;;;;;;;;;;;;;;;1;2;1;1;2;1;1;1;2;1;1;1;2;1;;;;;;;;;;;;1;4;5;1;2;3;2;3;2;3;2;2;2;4;2;3;3;1;1;2;4;1;2;;2;;;;;;;;;;;;;;;;;;;;;;;;;;;;;;;;;;;;;1;1;98;;;;;;;;;;;;;;;;;;;;;;;;;;;;;;;;4;1;4;1;4;4;4;4;4;4;2;2;4;2;1;4;2;1;1;1;1;3;4;2;;;1;4;3;3;2;7;6;;2;6;1;;1;3;0;1;;2;8;0,89974082
9600;1;3;2;1;5;;1;4;1;;;;;;;;;;;;;;;;;;;;;;;;;;;;;;;;;1;1;2;2;2;1;1;1;2;1;1;1;1;;;;;;;;;;;;;1;5;5;2;2;2;5;2;5;2;3;2;5;5;5;3;2;2;1;2;4;1;2;;2;;;;;;;;;;;;;;;;;;;;;;;;;;;;;;;;;;;;;2;;98;;;;;;;;;;;;;;;;;;;;;;;;;;;;;;;;3;2;2;1;4;4;4;3;4;9;1;1;3;4;4;4;1;1;2;9;2;4;4;3;;;3;4;5;3;2;3;1;EMPLOI RÉMUNÉRÉ TEMPS PARTIEL;1;6;1;;3;1;0;1;;2;2;3,34743714
9603;1;6;1;1;4;;1;4;1;;;;;;;;;;;;;;;;;;;;;;;;;;;;;;;;;1;1;1;1;2;1;1;1;2;1;1;1;2;1;;3;;;;;;;;2;;1;8;8;1;2;1;1;4;3;2;4;3;3;2;2;4;1;2;1;1;4;1;2;;2;;;;;;;;;;;;;;;;;;;;;;;;;;;;;;;;;;;;;1;1;98;;;;;;;;;;;;;;;;;;;;;;;;;;;;;;;;2;2;3;4;4;4;4;3;4;4;1;1;2;3;1;4;2;2;1;2;1;1;4;4;;;1;3;4;3;1;8;1;;2;6;1;;1;3;0;3;5;2;99;0,80743265
9606;1;2;3;3;6;;1;4;1;;;;;;;;;;;;;;;;;;;;;;;;;;;;;;;;;1;2;2;2;2;2;1;2;2;1;1;1;2;1;;;;;;;;;;;;1;8;8;2;3;2;3;1;1;4;2;2;1;4;1;1;4;1;2;1;1;1;2;;1;3;;4;;;;;;;;;;;;;;;;;;3;;;;;;;;;;;;;;;;2;;98;;;;;;;;;;;;;;;;;;;;;;;;;;;;;;;;3;2;2;4;4;4;4;4;4;4;1;1;4;3;2;4;1;1;1;1;1;2;4;1;;;1;2;4;3;1;6;6;;2;6;1;;1;2;0;1;;2;5;0,18815424
9613;1;6;1;1;3;;1;4;1;;;;;;;;;;;;;;;;;;;;;;;;;;;;;;;;;1;1;1;2;2;1;2;1;2;1;1;1;2;1;;;;;;;;;;;;1;8;10;1;2;2;2;1;4;3;4;4;3;2;3;3;2;3;1;1;4;1;2;;1;3;;4;;6;;;;;;;;;;;;;;;;3;;;;;;;;;;;;;;;;1;1;1;;2;;3;;5;;;;;;;;;;2;;;;;;;;;;;;;;;;3;1;2;1;1;3;4;4;2;4;3;1;2;2;1;3;1;1;1;1;2;2;1;3;;;2;2;3;3;2;9;1;;1;4;1;;1;2;2;1;;2;6;1,56293797
9756;1;6;1;1;4;;1;4;4;;;;;;;;;;;;;;;;;;;;;;;;;;;;;;;;;1;1;2;2;2;2;1;2;2;1;1;1;2;3;;;;;;;;;;2;;1;7;7;2;3;2;2;2;2;2;2;2;2;3;2;3;3;2;2;1;3;2;;;1;2;;3;;;;;;;;;;;;;;;;;;3;;;;;;;;;;;;;;;;1;1;98;;;;;;;;;;;;;;;;;;;;;;;;;;;;;;;;4;2;4;9;4;4;4;4;4;9;2;2;2;2;2;4;2;1;2;2;1;4;4;9;;;4;2;4;3;2;4;1;;1;4;1;;2;1;0;1;;2;3;0,77195251
9833;1;16;1;1;4;;1;4;1;;;;;;;;;;;;;;;;;;;;;;;;;;;;;;;;;1;1;1;1;1;1;1;1;1;1;1;1;2;3;;;;;;;;;;2;;1;8;9;1;2;2;1;2;3;2;3;3;3;2;3;3;2;3;1;1;1;1;2;;1;3;;;;;;;;;;;;;;;;;;;;3;;;;;;;;;;;;;;;;1;1;1;;;;;;;;;;;;;;;;3;;;;;;;;;;;;;;;;2;2;4;4;4;4;4;4;4;4;1;2;2;4;1;4;2;1;3;2;2;4;4;4;;;2;3;3;3;2;5;1;;2;5;1;;1;3;1;1;;2;99;0,77195251
9921;1;14;1;1;6;;1;4;2;;;;;;;;;;;;;;;;;;;;;;;;;;;;;;;;;1;1;1;2;2;1;1;1;2;1;1;1;2;1;;;;;;;;;;;;1;7;7;2;2;2;4;3;4;4;4;4;4;2;2;2;3;3;1;1;2;1;2;;9;;;;;;;;;;;;;;;;;;;;;;;;;;;;;;;;;;;;;1;1;98;;;;;;;;;;;;;;;;;;;;;;;;;;;;;;;;9;2;4;4;4;4;4;4;4;4;2;2;3;3;2;3;2;2;2;2;2;4;4;3;;;2;3;3;3;1;6;6;;2;6;1;;1;2;0;1;;2;5;0,96949446
9964;1;6;1;1;6;;1;4;1;;;;;;;;;;;;;;;;;;;;;;;;;;;;;;;;;1;2;2;1;2;2;2;2;2;1;1;1;1;;;;;;;;;;;;;1;8;3;1;1;2;2;2;3;2;2;3;2;2;3;3;2;3;2;2;3;1;2;;1;3;;4;;;;;;;;;;;;;;;;;;3;;4;;;;;;;;;;;;;;2;;98;;;;;;;;;;;;;;;;;;;;;;;;;;;;;;;;2;3;4;4;4;4;4;4;4;4;1;4;4;4;2;4;3;2;2;2;2;4;3;2;;;1;2;4;3;2;4;6;;2;6;1;;2;1;0;1;;2;3;1,04170036
9966;1;13;1;1;4;;1;4;1;;;;;;;;;;;;;;;;;;;;;;;;;;;;;;;;;1;1;1;1;2;1;1;1;2;1;1;1;1;;;;;;;;;;;;;1;10;9;1;1;2;1;2;3;1;4;2;2;2;3;4;1;1;1;1;4;1;1;;1;2;;3;;4;;7;;;;;;;;;;;;;;2;;3;;;;;;;;;;;;;;1;1;98;;;;;;;;;;;;;;;;;;;;;;;;;;;;;;;;1;1;2;2;1;4;1;2;4;4;1;1;2;1;1;1;1;1;1;1;2;4;1;4;;;4;4;4;3;1;8;1;;2;6;1;;1;2;2;1;;2;6;0,80743265
10052;1;4;3;2;6;;1;4;1;;;;;;;;;;;;;;;;;;;;;;;;;;;;;;;;;2;2;1;1;2;1;1;1;1;1;1;1;1;;;;;;;;;;;;;2;10;8;1;1;2;1;2;3;2;3;3;3;3;3;3;2;2;3;2;3;1;2;;1;3;;4;;5;;;;;;;;;;;;;;;;2;;7;M'INCITER À ALLER VOTER;;;;;;;;;;;;;2;;98;;;;;;;;;;;;;;;;;;;;;;;;;;;;;;;;1;1;4;4;4;4;4;4;4;4;1;1;1;3;3;4;1;2;1;2;2;2;2;1;;;1;3;3;3;1;8;6;;1;6;1;;3;1;0;1;;2;99;0,92170042
10121;1;6;1;1;5;;1;4;1;;;;;;;;;;;;;;;;;;;;;;;;;;;;;;;;;2;1;1;1;2;1;1;1;2;1;1;1;1;;;;;;;;;;;;;1;9;9;1;2;2;3;3;2;1;2;4;3;2;2;3;2;2;4;2;4;1;2;;1;3;;4;;7;;;;;;;;;;;;;;;;3;;;;;;;;;;;;;;;;2;;98;;;;;;;;;;;;;;;;;;;;;;;;;;;;;;;;2;1;2;2;1;4;4;4;4;2;2;2;2;1;1;4;2;1;2;2;2;2;3;2;;;1;4;4;3;1;7;1;;2;6;1;;2;1;0;1;;2;4;0,83737397
10214;1;6;1;1;5;;1;4;2;;;;;;;;;;;;;;;;;;;;;;;;;;;;;;;;;1;2;1;1;2;1;1;1;1;1;1;1;1;;;;;;;;;;;;;1;10;9;1;2;2;1;1;3;2;4;1;2;3;1;3;2;1;1;1;4;1;2;;1;4;;;;;;;;;;;;;;;;;;;;3;;;;;;;;;;;;;;;;2;;2;;5;;;;;;;;;;;;;;;;;;;;;;;;;;;;;;2;3;2;2;4;4;4;1;2;4;1;1;3;3;4;3;1;1;1;1;2;4;2;1;;;4;1;4;3;1;4;6;;2;6;1;;2;1;0;1;;2;3;0,74508673
10256;1;16;1;2;5;;1;4;3;;;;;;;;;;;;;;;;;;;;;;;;;;;;;;;;;1;2;1;1;2;1;1;1;1;1;1;1;2;1;;;;;;;;;;;;1;8;8;1;2;1;1;1;2;1;3;2;1;2;2;3;2;2;1;2;1;1;2;;1;2;;;;;;;;;;;;;;;;;;;;3;;;;;;;;;;;;;;;;2;;98;;;;;;;;;;;;;;;;;;;;;;;;;;;;;;;;2;2;4;4;4;4;4;4;4;4;1;2;4;4;1;9;1;1;1;1;1;9;9;9;;;4;3;3;3;1;3;6;;2;6;1;;1;2;0;1;;2;3;2,63539386
10289;1;16;1;1;6;;1;4;1;;;;;;;;;;;;;;;;;;;;;;;;;;;;;;;;;1;1;1;2;2;1;2;1;2;1;1;1;1;;;;;;;;;;;;;1;10;10;1;2;2;1;1;4;2;4;3;4;1;4;4;2;3;2;2;4;1;2;;2;;;;;;;;;;;;;;;;;;;;;;;;;;;;;;;;;;;;;2;;98;;;;;;;;;;;;;;;;;;;;;;;;;;;;;;;;3;2;4;2;4;4;4;4;4;4;1;1;2;4;1;4;1;1;1;1;1;2;2;2;;;2;3;4;3;1;8;6;;2;6;1;;3;1;0;1;;2;6;1,08958244
10320;1;16;1;2;6;;1;4;1;;;;;;;;;;;;;;;;;;;;;;;;;;;;;;;;;1;1;2;1;2;1;2;1;1;1;1;1;2;1;;;;;;;;;;;;1;8;6;1;2;2;2;1;2;3;1;2;1;2;1;3;2;2;1;1;2;1;2;;1;3;;;;;;;;;;;;;;;;;;;;3;;;;;;;;;;;;;;;;1;1;98;;;;;;;;;;;;;;;;;;;;;;;;;;;;;;;;1;3;4;4;4;4;4;4;4;4;1;1;1;4;1;4;1;1;1;1;2;2;3;3;;;1;3;4;3;1;8;6;;2;6;1;;1;2;0;1;;2;5;0,92170042
10347;1;16;1;1;5;;1;4;4;;;;;;;;;;;;;;;;;;;;;;;;;;;;;;;;;1;2;1;1;2;2;2;2;1;1;1;1;2;1;;;;;;;;;;;;1;7;6;2;2;2;2;2;3;2;2;2;3;2;2;4;2;3;1;1;4;1;2;;1;3;;;;;;;;;;;;;;;;;;;;3;;;;;;;;;;;;;;;;1;1;98;;;;;;;;;;;;;;;;;;;;;;;;;;;;;;;;2;2;4;4;4;4;3;4;4;4;2;1;3;3;1;9;1;1;1;1;1;1;4;1;;;2;1;5;3;2;8;1;;2;6;1;;1;3;0;1;;2;8;0,89974082
10380;1;3;2;1;6;;1;4;1;;;;;;;;;;;;;;;;;;;;;;;;;;;;;;;;;1;1;2;2;2;1;1;1;1;1;1;1;1;;;;;;;;;;;;;1;8;10;2;2;2;2;2;3;2;4;2;4;3;2;3;2;2;1;1;3;1;2;;1;4;;6;;;;;;;;;;;;;;;;;;4;;;;;;;;;;;;;;;;1;1;1;;;;;;;;;;;;;;;;2;;;;;;;;;;;;;;;;2;2;4;4;4;4;4;4;4;4;2;3;3;2;4;4;1;1;1;1;1;4;4;1;;;4;3;4;3;2;3;6;;1;6;1;;1;2;0;1;;2;4;4,35561752
10488;1;6;1;1;4;;1;4;2;;;;;;;;;;;;;;;;;;;;;;;;;;;;;;;;;1;1;1;2;2;1;1;1;2;1;1;1;2;1;;3;;;;;;;;2;;1;8;8;1;2;2;2;2;2;3;2;2;2;3;1;2;3;1;1;2;4;1;2;;1;4;;;;;;;;;;;;;;;;;;;;3;;7;VENIR VOTER;;;;;;;;;;;;;1;1;98;;;;;;;;;;;;;;;;;;;;;;;;;;;;;;;;4;1;4;4;4;4;4;4;4;4;1;2;4;3;1;1;3;2;2;2;2;4;1;3;;;1;2;4;3;1;7;1;;2;6;1;;1;4;1;1;;2;5;0,80743265
10549;1;13;1;1;1;1;1;4;1;;;;;;;;;;;;;;;;;;;;;;;;;;;;;;;;;2;1;2;2;2;1;2;1;2;8;1;2;2;2;;;;;;;;;;;;2;2;5;2;2;4;2;2;1;3;2;2;2;4;1;2;3;2;2;3;3;1;2;;1;3;;4;;7;;;;;;;;;;;;;;;;3;;;;;;;;;;;;;;;;1;1;1;;3;;;;;;;;;;;;;;1;;;;;;;;;;;;;;;;2;2;4;4;4;4;4;4;4;4;3;3;3;3;3;4;2;2;1;1;1;4;4;4;9;1;5;3;4;3;2;6;3;;3;6;1;;2;4;0;1;;2;7;0,47878304
10742;1;6;1;1;4;;1;4;1;;;;;;;;;;;;;;;;;;;;;;;;;;;;;;;;;2;2;2;2;2;2;2;1;2;1;1;1;1;;;;;;;;;;;;;4;10;8;1;2;3;4;3;2;4;2;4;2;4;2;1;4;1;4;4;4;1;2;;2;;;;;;;;;;;;;;;;;;;;;;;;;;;;;;;;;;;;;1;1;98;;;;;;;;;;;;;;;;;;;;;;;;;;;;;;;;3;1;4;4;4;3;4;4;4;4;2;2;2;4;1;4;4;4;1;1;1;3;2;3;;;1;4;1;3;1;9;1;;2;4;1;;1;2;1;1;;2;99;0,80743265
10743;2;6;1;1;6;;1;1;2;2;1;1;2;1;2;2;2;2;2;2;2;2;2;2;2;99;;;;;;;;;;;;;;;;;;;;;;;;;1;1;2;;;;;;;;;;;;;;1;2;2;1;3;2;1;1;1;3;2;1;2;3;2;3;3;1;2;2;5;2;;;9;;;;;;;;;;;;;;;;;;;;;;;;;;;;;;;;;;;;;2;;98;;;;;;;;;;;;;;;;;;;;;;;;;;;;;;;;2;3;4;2;4;4;4;4;4;4;2;2;2;4;4;4;2;1;1;1;2;4;4;4;;;5;2;4;9;1;5;6;;1;6;1;;3;1;0;1;;2;1;0,86403853
10797;1;6;1;1;4;;1;4;1;;;;;;;;;;;;;;;;;;;;;;;;;;;;;;;;;1;1;1;2;2;1;1;1;1;1;1;1;1;;;;;;;;;;;;;1;9;9;1;2;3;2;2;3;3;3;3;3;3;3;4;2;3;1;1;3;1;2;;1;3;;5;;6;;;;;;;;;;;;;;;;4;;;;;;;;;;;;;;;;1;1;98;;;;;;;;;;;;;;;;;;;;;;;;;;;;;;;;3;1;2;1;4;4;4;4;4;3;2;2;2;1;2;3;1;2;2;1;2;3;2;2;;;1;1;2;3;1;7;1;;2;5;1;;1;3;0;1;;2;8;0,80743265
10854;1;6;1;1;5;;1;4;1;;;;;;;;;;;;;;;;;;;;;;;;;;;;;;;;;1;1;1;2;2;1;1;1;2;1;1;1;1;;;;;;;;;;;;;1;9;8;1;2;3;2;2;3;2;4;3;3;3;3;3;3;2;1;2;3;1;2;;2;;;;;;;;;;;;;;;;;;;;;;;;;;;;;;;;;;;;;2;;2;;;;;;;;;;;;;;;;;;;;;;;;;;;;;;;;2;1;1;1;2;4;4;4;4;4;1;2;2;1;3;3;2;2;1;2;2;4;4;4;;;2;3;3;3;2;8;1;;1;5;1;;2;1;0;1;;2;3;0,89974082
10891;2;6;1;1;5;;1;1;1;2;2;1;2;1;2;2;2;2;2;1;2;2;2;2;2;0;RIEN;;;;;;;;;;;;;;;;;;;;;;;;1;1;1;;;;;;;;;;;;;;2;7;6;1;2;2;2;2;2;2;2;3;2;3;2;2;3;2;2;2;3;1;;2;1;1;;2;;3;;;;;;;;;;;;;;;;4;;3;;;;;;;;;;;;;;1;1;1;;;;;;;;;;;;;;;;2;;;;;;;;;;;;;;;;1;1;1;1;4;4;4;4;1;4;1;1;1;4;1;4;1;1;2;1;1;2;3;3;;;1;4;5;3;1;9;1;;2;6;1;;1;3;0;2;5;2;8;0,90673155
10919;1;6;1;1;4;;1;4;1;;;;;;;;;;;;;;;;;;;;;;;;;;;;;;;;;1;1;2;1;2;1;1;1;1;1;1;1;2;1;;3;;;;;;;;2;;1;8;8;2;2;2;2;2;3;2;3;2;3;2;2;2;2;1;1;1;1;1;2;;1;3;;4;;;;;;;;;;;;;;;;;;3;;;;;;;;;;;;;;;;1;1;98;;;;;;;;;;;;;;;;;;;;;;;;;;;;;;;;1;1;4;4;4;4;4;4;4;4;1;1;3;2;1;3;2;2;2;2;1;2;3;2;;;1;1;3;3;1;7;1;;2;5;1;;1;4;0;3;5;2;8;0,80743265
10984;1;6;1;1;4;;1;4;4;;;;;;;;;;;;;;;;;;;;;;;;;;;;;;;;;1;2;1;2;2;2;2;2;1;2;2;1;2;4;;5;;;;;;;;;;3;7;7;1;2;4;5;5;2;3;2;5;1;4;2;2;3;1;2;2;5;1;2;;1;2;;4;;;;;;;;;;;;;;;;;;3;;5;;4;;;;;;;;;;;;1;1;1;;2;;3;;5;;;;;;;;;;2;;;;;;;;;;;;;;;;1;1;2;1;1;1;4;4;4;3;4;1;1;2;1;4;2;2;2;1;1;4;4;1;;;1;4;4;2;1;6;1;;1;6;1;;1;2;0;1;;2;99;0,71844256
11015;1;14;1;1;4;;1;4;1;;;;;;;;;;;;;;;;;;;;;;;;;;;;;;;;;1;1;1;2;2;1;1;1;2;1;1;1;2;1;;;;;;;;;;;;1;8;9;2;2;2;2;2;1;2;4;2;2;2;3;3;4;2;1;1;4;1;2;;1;3;;11;PAR LA DÉPUTÉE ELLE MÊME;;;;;;;;;;;;;;;;;4;;97;CLARIFIER DES ZONES NÉBULEUSES;;;;;;;;;;;;;1;1;98;NOUS NE PARLONS PAS POLITIQUE , C'EST UN CHOIX PERSONNELLE;;;;;;;;;;;;;;;;;;;;;;;;;;;;;;;1;4;2;1;4;4;4;3;4;4;1;3;2;3;4;1;1;1;1;1;1;9;1;1;;;1;3;3;3;2;5;1;;2;5;1;;1;2;0;1;;2;4;0,77195251
11029;1;6;1;1;5;;1;4;1;;;;;;;;;;;;;;;;;;;;;;;;;;;;;;;;;1;2;2;2;1;1;1;1;1;1;1;1;1;;;;;;;;;;;;;1;8;9;2;2;3;2;3;3;3;2;2;2;2;3;3;3;2;2;2;2;1;1;;1;2;;3;;4;;6;;;;;;;;;;;;;;4;;3;;;;;;;;;;;;;;2;;98;;;;;;;;;;;;;;;;;;;;;;;;;;;;;;;;1;2;3;1;4;3;4;3;4;3;1;1;3;3;1;4;1;2;2;2;1;4;4;2;;;2;4;4;3;2;7;1;;1;5;1;;2;1;0;1;;2;3;0,89974082
11066;1;7;3;2;3;;1;4;1;;;;;;;;;;;;;;;;;;;;;;;;;;;;;;;;;2;2;1;2;2;1;1;1;2;1;1;1;1;;;;;;;;;;;;;1;10;10;1;1;2;1;1;5;2;3;4;3;4;1;4;3;2;4;3;1;1;2;;2;;;;;;;;;;;;;;;;;;;;;;;;;;;;;;;;;;;;;1;1;98;;;;;;;;;;;;;;;;;;;;;;;;;;;;;;;;3;2;3;4;4;4;4;4;4;4;2;1;2;4;2;3;3;3;2;2;2;2;1;3;;;1;3;3;3;1;8;1;;2;5;1;;1;2;1;1;;2;8;0,98674732
11091;1;16;1;1;4;;1;4;1;;;;;;;;;;;;;;;;;;;;;;;;;;;;;;;;;1;1;2;1;1;1;1;1;2;1;1;1;2;1;;3;;;;;;;;2;;2;7;6;1;3;2;2;2;2;2;4;2;3;2;1;2;3;2;2;2;3;1;2;;2;;;;;;;;;;;;;;;;;;;;;;;;;;;;;;;;;;;;;1;1;1;;;;;;;;;;;;;;;;2;;3;;;;;;;;;;;;;;2;2;4;3;4;4;4;4;4;4;3;1;4;4;3;4;1;1;2;2;2;2;3;4;;;1;2;2;3;2;8;1;;2;6;1;;1;3;1;1;;2;5;0,86757064
11105;1;15;1;1;4;;1;4;2;;;;;;;;;;;;;;;;;;;;;;;;;;;;;;;;;1;1;2;1;2;1;1;2;2;1;2;1;1;;;;;;;;;;;;;1;4;7;2;2;3;2;3;2;2;2;1;2;3;2;2;2;2;1;3;3;1;2;;1;3;;6;;;;;;;;;;;;;;;;;;4;;3;;;;;;;;;;;;;;1;2;98;;;;;;;;;;;;;;;;;;;;;;;;;;;;;;;;3;3;4;4;4;4;4;4;4;4;2;2;2;3;3;4;2;2;2;2;2;3;4;2;;;2;3;3;3;2;3;1;;2;6;1;;1;4;0;1;;2;4;3,22773314
11120;1;15;1;1;3;;1;4;1;;;;;;;;;;;;;;;;;;;;;;;;;;;;;;;;;1;1;1;1;1;1;2;1;2;1;1;1;1;;;;;;;;;;;;;1;10;10;1;1;3;1;1;3;2;3;4;2;4;1;4;2;1;1;1;4;1;2;;1;11;À SON BUREAU ÉLECTORAL;;;;;;;;;;;;;;;;;;;2;;3;;1;;;;;;;;;;;;2;;98;;;;;;;;;;;;;;;;;;;;;;;;;;;;;;;;1;1;1;2;1;3;1;4;1;1;3;2;1;1;2;1;1;1;1;1;1;3;2;4;;;1;2;4;3;1;7;1;;2;6;1;;2;1;0;1;;2;4;1,45460439
11179;1;17;3;2;5;;1;4;1;;;;;;;;;;;;;;;;;;;;;;;;;;;;;;;;;1;1;2;2;2;1;2;1;2;1;1;1;2;1;;;;;;;;;;;;1;10;10;1;2;2;2;2;2;2;3;2;3;2;1;4;2;2;1;1;3;1;2;;1;3;;4;;;;;;;;;;;;;;;;;;3;;;;;;;;;;;;;;;;1;1;98;;;;;;;;;;;;;;;;;;;;;;;;;;;;;;;;3;2;4;2;2;4;4;4;4;4;1;1;1;2;1;4;1;1;1;3;2;3;4;3;;;3;4;4;3;2;5;1;;1;6;1;;1;2;0;1;;2;5;0,67723006
11191;1;6;1;1;4;;1;4;1;;;;;;;;;;;;;;;;;;;;;;;;;;;;;;;;;1;1;1;1;1;1;2;1;1;1;1;1;2;1;;3;;;;;;;;2;;1;8;8;1;2;2;2;2;2;4;4;3;2;2;2;3;1;1;1;1;4;1;2;;2;;;;;;;;;;;;;;;;;;;;;;;;;;;;;;;;;;;;;1;1;1;;2;;3;;5;;;;;;;;;;2;;;;;;;;;;;;;;;;1;2;2;1;2;4;4;3;4;4;2;2;2;1;1;4;1;1;1;1;1;4;4;4;;;1;5;4;3;2;7;1;;2;6;2;;1;4;1;3;5;2;8;0,86757064
11242;1;2;3;3;6;;1;4;1;;;;;;;;;;;;;;;;;;;;;;;;;;;;;;;;;1;1;1;2;2;1;1;1;2;1;1;1;1;;;;;;;;;;;;;1;9;9;1;2;2;2;2;3;2;2;2;2;2;3;3;2;2;1;1;1;1;2;;1;1;;3;;;;;;;;;;;;;;;;;;4;;;;;;;;;;;;;;;;1;1;98;;;;;;;;;;;;;;;;;;;;;;;;;;;;;;;;2;2;4;2;3;4;3;4;4;4;1;1;2;3;3;4;2;2;2;2;2;4;4;4;;;5;3;3;3;1;3;6;;2;6;1;;1;2;0;1;;2;2;0,78672314
11307;1;5;3;2;6;;1;4;2;;;;;;;;;;;;;;;;;;;;;;;;;;;;;;;;;1;2;2;2;2;1;1;1;2;1;1;1;2;1;;;;;;;;;;;;1;9;10;2;2;2;2;1;3;4;4;2;3;3;2;3;4;2;1;1;4;1;2;;2;;;;;;;;;;;;;;;;;;;;;;;;;;;;;;;;;;;;;1;1;1;;;;;;;;;;;;;;;;2;;;;;;;;;;;;;;;;3;1;1;1;4;4;4;4;4;4;1;1;4;4;1;4;1;1;1;2;1;2;1;1;;;1;1;3;3;1;9;1;;2;4;1;;1;2;0;2;5;2;99;0,92170042
11333;1;6;1;1;6;;1;4;1;;;;;;;;;;;;;;;;;;;;;;;;;;;;;;;;;1;1;2;2;2;1;2;2;1;1;1;1;2;3;;;;;;;;;;2;;2;6;6;2;3;2;2;2;5;2;2;2;5;2;3;3;2;3;2;2;3;2;;;2;;;;;;;;;;;;;;;;;;;;;;;;;;;;;;;;;;;;;2;;98;;;;;;;;;;;;;;;;;;;;;;;;;;;;;;;;3;3;4;4;4;4;4;4;4;4;3;3;3;4;3;4;2;2;2;2;2;3;4;4;;;3;5;4;3;2;3;6;;2;6;1;;3;1;0;1;;2;2;4,35561752
11351;1;7;3;2;5;;1;4;1;;;;;;;;;;;;;;;;;;;;;;;;;;;;;;;;;1;1;1;2;2;1;1;2;1;1;1;1;2;1;;;;;;;;;;;;1;6;7;1;2;2;2;2;5;2;3;5;3;2;2;3;2;3;1;1;3;1;2;;1;3;;;;;;;;;;;;;;;;;;;;3;;;;;;;;;;;;;;;;1;1;98;;;;;;;;;;;;;;;;;;;;;;;;;;;;;;;;2;3;4;4;4;4;4;4;4;4;2;2;3;1;3;4;1;1;2;1;2;1;4;1;;;3;3;3;3;1;3;6;;2;6;1;;1;2;0;1;;2;5;2,63539386
11446;1;6;1;1;6;;1;4;1;;;;;;;;;;;;;;;;;;;;;;;;;;;;;;;;;1;1;2;2;2;1;1;1;2;1;1;1;1;;;;;;;;;;;;;1;9;9;1;1;2;2;2;2;3;3;4;1;2;1;4;2;1;1;2;3;1;2;;1;3;;4;;5;;;;;;;;;;;;;;;;4;;3;;;;;;;;;;;;;;2;;98;;;;;;;;;;;;;;;;;;;;;;;;;;;;;;;;2;1;1;4;4;4;4;3;4;4;1;4;4;4;3;4;1;1;2;3;4;1;4;1;;;4;2;4;3;1;7;6;;1;6;1;;2;1;0;1;;2;4;1,08958244
11510;1;16;3;2;6;;1;4;3;;;;;;;;;;;;;;;;;;;;;;;;;;;;;;;;;1;1;2;1;1;1;1;1;1;1;1;1;1;;;;;;;;;;;;;1;6;6;2;3;2;1;2;2;1;1;1;1;2;1;1;2;1;1;1;1;2;;;2;;;;;;;;;;;;;;;;;;;;;;;;;;;;;;;;;;;;;2;;98;;;;;;;;;;;;;;;;;;;;;;;;;;;;;;;;2;3;4;9;4;4;4;4;4;4;1;3;4;4;2;9;2;1;1;2;1;4;4;4;;;4;2;4;3;1;5;6;;1;6;1;;2;1;0;1;;2;2;0,82012111
11557;1;3;2;2;5;;1;4;1;;;;;;;;;;;;;;;;;;;;;;;;;;;;;;;;;1;2;1;2;2;1;1;1;2;1;1;1;2;1;;;;;;;;;;;;2;6;6;2;2;3;2;2;5;2;2;2;1;2;2;1;2;2;1;2;4;1;2;;1;3;;4;;;;;;;;;;;;;;;;;;3;;;;;;;;;;;;;;;;1;1;98;;;;;;;;;;;;;;;;;;;;;;;;;;;;;;;;2;3;4;4;4;4;4;4;4;4;4;2;4;4;4;4;1;2;2;2;1;4;4;3;;;1;4;3;3;1;4;6;;2;5;1;;1;2;0;1;;2;5;0,63028711
11597;2;15;1;2;3;;1;3;4;2;2;2;2;2;2;2;2;2;2;2;2;2;1;2;2;99;;;;;;;;;;;;;;;;;;;;;;;;;1;1;1;;;;;;;;;;;;;;1;1;3;1;3;2;2;2;3;3;4;3;2;3;2;4;3;2;1;2;3;2;;;2;;;;;;;;;;;;;;;;;;;;;;;;;;;;;;;;;;;;;1;1;1;;;;;;;;;;;;;;;;3;;;;;;;;;;;;;;;;4;3;4;1;4;4;4;4;4;4;3;4;3;4;2;4;3;1;2;2;2;2;4;2;;;2;4;4;2;2;7;5;;2;1;1;;1;2;3;1;;2;5;0,66806847
11618;1;6;1;1;3;;1;4;1;;;;;;;;;;;;;;;;;;;;;;;;;;;;;;;;;1;1;1;1;2;1;1;1;2;1;1;1;2;3;;;;;;;;;;2;;1;8;10;1;2;2;2;2;2;2;3;2;2;2;5;3;2;5;1;2;2;2;;;1;1;;2;;3;;5;;7;;8;;;;;;;;;;3;;4;;;;;;;;;;;;;;1;1;98;;;;;;;;;;;;;;;;;;;;;;;;;;;;;;;;4;2;2;2;2;4;4;4;4;4;1;4;1;1;2;3;1;1;3;1;1;9;3;3;;;3;5;3;1;2;8;1;;1;6;1;;2;2;2;1;;2;3;1,56293797
11625;1;16;1;1;3;;1;4;1;;;;;;;;;;;;;;;;;;;;;;;;;;;;;;;;;1;2;1;1;2;1;1;2;2;1;1;2;1;;;;;;;;;;;;;1;2;2;1;2;3;2;2;1;3;3;1;2;3;2;3;3;5;1;1;4;1;2;;2;;;;;;;;;;;;;;;;;;;;;;;;;;;;;;;;;;;;;2;;1;;2;;3;;;;;;;;;;;;1;;;;;;;;;;;;;;;;2;3;4;4;4;4;4;4;4;4;2;3;3;3;3;4;2;1;2;1;2;4;4;4;;;1;5;4;3;2;4;1;;2;6;1;;2;1;2;1;;2;3;1,39068377
11644;1;16;1;2;6;;1;4;1;;;;;;;;;;;;;;;;;;;;;;;;;;;;;;;;;1;1;1;1;2;1;1;1;2;1;1;1;1;;;;;;;;;;;;;1;10;10;1;2;3;1;2;3;3;2;2;2;3;2;4;5;1;2;1;3;1;2;;1;3;;4;;5;;7;;;;;;;;;;;;;;3;;1;;4;;;;;;;;;;;;2;;98;;;;;;;;;;;;;;;;;;;;;;;;;;;;;;;;1;1;1;2;1;2;4;2;3;4;1;1;1;1;1;9;1;1;2;1;1;1;9;1;;;2;5;3;3;1;7;6;;2;4;1;;2;1;0;1;;2;2;0,92170042
11665;1;8;3;3;6;;1;4;1;;;;;;;;;;;;;;;;;;;;;;;;;;;;;;;;;1;1;1;2;2;1;2;1;2;1;1;2;1;;;;;;;;;;;;;1;9;10;1;2;2;2;2;3;2;3;2;3;2;2;3;2;3;1;1;2;1;2;;2;;;;;;;;;;;;;;;;;;;;;;;;;;;;;;;;;;;;;2;;98;;;;;;;;;;;;;;;;;;;;;;;;;;;;;;;;1;2;3;9;4;4;4;4;4;4;1;3;3;4;4;3;2;2;2;2;1;3;3;2;;;5;2;4;3;2;5;6;;1;3;1;;1;2;0;1;;2;2;0,2021677
11674;1;6;1;1;2;;1;4;1;;;;;;;;;;;;;;;;;;;;;;;;;;;;;;;;;1;2;1;2;1;1;2;1;1;1;1;1;2;1;;;;;;;;;;;;1;8;8;1;2;3;2;2;2;4;2;2;2;3;2;4;2;1;1;1;2;1;2;;2;;;;;;;;;;;;;;;;;;;;;;;;;;;;;;;;;;;;;1;1;2;;3;;;;;;;;;;;;;;;;;;;;;;;;;;;;;;2;1;2;2;2;4;4;4;4;4;3;2;1;1;2;4;1;1;3;2;1;4;4;1;2;2;3;2;3;3;1;8;1;;2;3;1;;1;2;0;1;;2;7;0,41990462
11760;1;12;2;1;3;;1;4;1;;;;;;;;;;;;;;;;;;;;;;;;;;;;;;;;;1;2;1;2;2;1;1;1;2;1;1;1;2;3;;;;;;;;;;1;1;1;9;8;1;1;3;2;1;2;3;2;3;3;3;2;3;2;2;1;1;2;1;2;;1;2;;3;;5;;7;;;;;;;;;;;;;;2;;3;;;;;;;;;;;;;;1;1;2;;3;;5;;;;;;;;;;;;;;;;;;;;;;;;;;;;1;1;1;1;1;2;1;1;1;1;1;1;1;1;1;1;1;1;1;1;1;1;1;2;;;1;3;1;2;1;7;1;;2;5;1;;1;2;2;1;;2;6;1,45460439
11813;1;15;1;1;4;;1;4;1;;;;;;;;;;;;;;;;;;;;;;;;;;;;;;;;;1;1;1;1;2;1;1;1;2;1;1;1;2;1;;;;;;;;;;;;1;8;8;1;1;1;2;2;2;1;3;3;2;2;2;3;3;2;2;2;3;1;2;;1;3;;4;;;;;;;;;;;;;;;;;;7;M'INFORMER D'ALLER VOTER AUX ÉLECTIONS PAR ANTICIPATION;;;;;;;;;;;;;;;1;1;98;;;;;;;;;;;;;;;;;;;;;;;;;;;;;;;;2;2;3;4;4;4;4;4;4;4;3;1;3;3;1;4;1;2;2;1;2;4;3;2;;;2;3;4;3;1;7;1;;2;6;1;;1;2;0;1;;2;7;0,80743265
11817;1;16;3;2;5;;1;4;2;;;;;;;;;;;;;;;;;;;;;;;;;;;;;;;;;1;2;1;1;2;1;1;1;1;1;1;1;2;1;;;;;;;;;;;;2;7;7;2;2;1;2;2;2;2;2;2;3;2;2;4;2;3;2;1;4;1;2;;1;4;;;;;;;;;;;;;;;;;;;;6;INFORMER DE SA PLATE-FORME ÉLECTORALE;;;;;;;;;;;;;;;1;1;98;;;;;;;;;;;;;;;;;;;;;;;;;;;;;;;;3;2;4;4;4;4;4;4;4;4;1;2;3;3;2;4;2;2;2;2;2;2;4;2;;;4;4;4;3;1;4;6;;2;6;1;;1;2;0;1;;2;8;0,63028711
11935;1;3;2;1;4;;1;4;1;;;;;;;;;;;;;;;;;;;;;;;;;;;;;;;;;1;1;2;1;2;1;1;1;1;1;1;1;1;;;;;;;;;;;;;1;7;7;9;2;2;2;2;5;2;3;2;2;2;2;3;2;2;1;1;5;1;2;;1;3;;4;;;;;;;;;;;;;;;;;;3;;;;;;;;;;;;;;;;2;;98;;;;;;;;;;;;;;;;;;;;;;;;;;;;;;;;3;2;2;2;4;3;4;3;4;4;3;1;1;2;3;2;1;2;1;1;1;9;9;2;;;5;2;3;3;1;4;1;;1;6;1;;2;1;0;1;;2;2;0,71844256
11936;1;3;2;1;6;;1;4;3;;;;;;;;;;;;;;;;;;;;;;;;;;;;;;;;;1;2;1;1;2;1;2;2;2;1;1;1;2;1;;;;;;;;;;;;1;10;10;1;2;3;2;2;1;2;1;2;1;2;1;1;3;1;1;1;4;2;;;2;;;;;;;;;;;;;;;;;;;;;;;;;;;;;;;;;;;;;1;1;98;;;;;;;;;;;;;;;;;;;;;;;;;;;;;;;;1;3;4;4;4;4;4;4;4;4;2;2;3;2;3;4;4;1;4;1;4;4;4;4;;;4;1;4;3;2;2;6;;2;6;1;;1;2;0;1;;2;2;4,35561752
11957;1;6;1;1;4;;1;4;1;;;;;;;;;;;;;;;;;;;;;;;;;;;;;;;;;1;1;1;1;1;1;1;1;1;1;1;1;1;;;;;;;;;;;;;1;10;7;1;1;2;2;2;3;2;4;3;3;3;3;3;2;4;2;1;1;1;2;;2;;;;;;;;;;;;;;;;;;;;;;;;;;;;;;;;;;;;;1;1;1;;;;;;;;;;;;;;;;2;;;;;;;;;;;;;;;;1;3;4;2;4;4;1;4;4;4;2;1;3;4;2;3;1;1;1;2;2;4;1;3;;;4;2;4;3;1;7;1;;1;5;1;;1;2;0;1;;2;99;0,80743265
11972;1;2;3;3;3;;1;4;3;;;;;;;;;;;;;;;;;;;;;;;;;;;;;;;;;1;1;1;2;2;1;1;1;2;1;1;1;2;2;;3;;;;;;;;2;;1;8;10;1;2;3;1;1;3;2;2;1;1;2;2;3;2;5;1;1;4;1;2;;1;4;;;;;;;;;;;;;;;;;;;;4;;;;;;;;;;;;;;;;1;1;98;;;;;;;;;;;;;;;;;;;;;;;;;;;;;;;;2;1;1;1;1;4;4;4;4;1;3;3;2;2;2;3;1;1;2;1;2;4;4;3;;;1;1;1;3;2;6;3;;2;6;1;;1;4;1;1;;2;2;0,17110108
11993;1;6;1;1;3;;1;4;1;;;;;;;;;;;;;;;;;;;;;;;;;;;;;;;;;1;1;2;2;2;1;1;1;1;1;1;2;2;3;;;;;;;;;;1;1;1;10;8;2;3;2;1;1;3;1;4;2;3;2;5;4;2;2;1;1;5;2;;;1;4;;5;;;;;;;;;;;;;;;;;;4;;3;;;;;;;;;;;;;;1;1;98;;;;;;;;;;;;;;;;;;;;;;;;;;;;;;;;1;1;4;4;3;4;4;3;1;4;4;4;1;4;4;4;1;1;1;1;1;4;4;4;;;1;1;4;3;1;7;1;;2;6;1;;1;2;3;3;5;2;7;1,45460439
12105;1;2;3;3;6;;1;4;4;;;;;;;;;;;;;;;;;;;;;;;;;;;;;;;;;1;1;2;1;1;1;1;1;1;1;1;1;2;1;;;;;;;;;;;;1;9;9;1;1;2;2;2;2;3;2;2;2;3;2;4;2;1;1;1;2;1;1;;1;2;;3;;4;;;;;;;;;;;;;;;;1;;3;;;;;;;;;;;;;;1;1;98;;;;;;;;;;;;;;;;;;;;;;;;;;;;;;;;1;1;3;4;4;2;3;4;4;1;1;2;2;3;3;9;1;1;1;2;1;9;9;9;;;2;1;2;3;1;4;6;;2;6;1;;1;2;0;1;;2;3;0,18815424
12106;1;14;1;1;4;;1;4;1;;;;;;;;;;;;;;;;;;;;;;;;;;;;;;;;;1;2;2;1;2;1;1;1;1;1;1;1;1;;;;;;;;;;;;;1;10;10;9;1;2;1;2;3;3;4;3;3;2;3;3;5;2;1;1;4;1;2;;1;3;;4;;7;;;;;;;;;;;;;;;;4;;3;;;;;;;;;;;;;;1;1;98;;;;;;;;;;;;;;;;;;;;;;;;;;;;;;;;1;1;4;1;1;4;4;4;2;4;1;1;1;1;1;2;1;1;2;2;2;2;1;2;;;3;3;2;3;1;8;1;;2;6;1;;1;2;3;1;;2;8;0,80743265
12120;1;2;3;3;5;;1;4;1;;;;;;;;;;;;;;;;;;;;;;;;;;;;;;;;;1;2;2;1;2;1;1;1;1;1;1;1;1;;;;;;;;;;;;;1;6;6;2;2;2;2;2;3;2;4;2;2;3;2;2;2;2;1;2;4;1;2;;1;3;;4;;6;;;;;;;;;;;;;;;;3;;;;;;;;;;;;;;;;1;1;98;;;;;;;;;;;;;;;;;;;;;;;;;;;;;;;;1;2;4;4;4;4;4;4;4;4;1;2;1;1;2;4;1;1;2;2;1;9;4;2;;;4;4;4;3;2;3;1;;2;6;1;;1;2;0;1;;2;6;0,64965117
12136;1;6;1;1;4;;1;4;4;;;;;;;;;;;;;;;;;;;;;;;;;;;;;;;;;1;1;2;2;2;1;2;1;2;1;1;1;1;;;;;;;;;;;;;1;7;4;2;3;3;5;3;2;3;3;2;2;3;1;3;3;2;1;2;3;1;2;;1;4;;;;;;;;;;;;;;;;;;;;3;;;;;;;;;;;;;;;;1;1;98;;;;;;;;;;;;;;;;;;;;;;;;;;;;;;;;2;2;3;2;4;4;4;4;4;2;2;1;2;4;1;4;2;9;2;2;2;9;9;9;;;2;4;3;3;1;7;1;;2;6;1;;1;2;2;1;;2;8;0,80743265
12139;1;8;3;3;5;;1;4;1;;;;;;;;;;;;;;;;;;;;;;;;;;;;;;;;;1;1;2;2;2;1;2;1;1;1;1;1;1;;;;;;;;;;;;;1;7;8;2;2;2;2;3;2;1;2;2;2;2;2;2;2;2;1;2;3;1;2;;1;3;;;;;;;;;;;;;;;;;;;;3;;;;;;;;;;;;;;;;1;1;1;;;;;;;;;;;;;;;;2;;;;;;;;;;;;;;;;2;3;4;2;4;4;4;4;4;4;1;2;2;3;2;3;1;1;2;1;1;3;3;2;;;2;2;3;3;1;4;1;;2;6;1;;1;3;0;1;;2;6;0,14460243
12142;2;11;3;3;3;;1;3;3;2;2;1;2;2;2;2;1;2;2;2;2;2;2;2;2;4;SI J'AVAIS ÉTÉ SUR LA LISTE J'Y SERAIS ALLÉ (DÉMÉNAGEMENT);;;;;;;;;;;;;;;;;;;;;;;;1;1;1;;;;;;;;;;;;;;1;3;5;2;3;2;2;2;3;2;4;1;2;2;2;3;2;1;1;2;4;1;;2;2;;;;;;;;;;;;;;;;;;;;;;;;;;;;;;;;;;;;;1;1;2;;3;;5;;;;;;;;;;;;;;;;;;;;;;;;;;;;3;2;3;2;4;4;4;4;4;4;4;3;3;1;4;9;1;1;1;1;1;4;3;2;;;3;4;4;3;2;5;1;;2;1;1;;1;2;2;1;;2;5;0,10781265
12154;1;8;3;3;2;;1;4;1;;;;;;;;;;;;;;;;;;;;;;;;;;;;;;;;;1;1;1;2;2;1;1;1;2;1;1;1;2;1;;;;;;;;;;;;1;6;7;1;2;4;3;2;2;3;4;2;1;3;1;2;5;1;1;2;3;1;2;;1;3;;8;;;;;;;;;;;;;;;;;;4;;3;;2;;;;;;;;;;;;1;1;2;;3;;5;;;;;;;;;;;;;;;;;;;;;;;;;;;;3;1;2;1;1;1;4;4;3;1;2;2;1;1;2;4;1;1;3;2;1;3;3;4;1;1;1;3;3;3;2;5;1;;2;5;1;;1;2;2;1;;2;99;0,07957616
12186;1;3;2;1;4;;1;4;1;;;;;;;;;;;;;;;;;;;;;;;;;;;;;;;;;1;1;1;2;2;1;1;1;2;1;1;1;2;1;;;;;;;;;;;;1;7;4;2;3;2;2;2;2;3;3;2;3;3;2;3;3;3;1;2;4;2;;;1;3;;4;;;;;;;;;;;;;;;;;;3;;;;;;;;;;;;;;;;1;1;98;;;;;;;;;;;;;;;;;;;;;;;;;;;;;;;;4;3;4;4;4;4;4;4;4;4;1;3;4;2;1;4;1;1;1;1;1;4;4;4;;;1;3;4;3;1;5;1;;2;6;1;;1;2;0;1;;2;7;0,71844256
12284;1;16;3;2;5;;1;4;3;;;;;;;;;;;;;;;;;;;;;;;;;;;;;;;;;1;1;2;2;1;1;1;1;1;1;1;1;1;;;;;;;;;;;;;1;7;8;2;3;2;3;3;2;3;2;2;2;3;2;2;3;1;1;2;4;1;1;;2;;;;;;;;;;;;;;;;;;;;;;;;;;;;;;;;;;;;;1;1;1;;2;;3;;4;;;;;;;;;;2;;3;;;;;;;;;;;;;;2;2;4;3;4;4;4;4;4;4;1;3;3;2;3;4;2;3;2;3;2;4;3;2;;;1;4;4;3;2;7;1;;2;6;1;;1;2;0;1;;2;7;0,76111543
12311;1;6;1;1;6;;1;4;1;;;;;;;;;;;;;;;;;;;;;;;;;;;;;;;;;1;1;1;1;1;1;1;1;1;1;1;1;1;;;;;;;;;;;;;1;10;10;1;1;2;2;1;2;3;4;4;2;2;3;4;1;3;1;1;3;1;2;;1;3;;5;;6;;;;;;;;;;;;;;;;3;;1;;2;;;;;;;;;;;;2;;98;;;;;;;;;;;;;;;;;;;;;;;;;;;;;;;;1;1;4;1;4;4;1;1;1;2;1;1;3;3;1;4;1;1;1;1;1;1;1;1;;;2;2;2;3;1;4;6;;1;6;1;;2;1;0;1;;2;3;0,96949446
12325;1;7;3;2;4;;1;4;1;;;;;;;;;;;;;;;;;;;;;;;;;;;;;;;;;1;1;2;1;2;1;1;1;2;1;1;1;1;;;;;;;;;;;;;1;5;5;1;2;3;2;4;1;3;2;3;1;3;1;2;3;2;1;3;4;2;;;1;4;;;;;;;;;;;;;;;;;;;;3;;;;;;;;;;;;;;;;1;1;98;;;;;;;;;;;;;;;;;;;;;;;;;;;;;;;;2;2;1;2;2;4;4;4;2;4;2;2;4;4;2;3;1;1;1;2;1;4;2;3;;;1;2;4;3;1;5;1;;2;6;1;;2;2;0;1;;1;2;0,48736537
12362;2;6;1;1;1;1;1;1;1;1;2;1;2;2;2;2;2;2;2;2;2;2;2;2;2;99;;;;;;;;;;;;;;;;;;;;;;;;;2;2;2;;;;;;;;;;;;;;1;8;8;2;2;3;2;2;1;5;3;2;3;3;2;3;3;1;2;2;4;1;;2;2;;;;;;;;;;;;;;;;;;;;;;;;;;;;;;;;;;;;;1;9;98;;;;;;;;;;;;;;;;;;;;;;;;;;;;;;;;2;2;1;9;1;4;4;4;4;4;4;2;2;1;3;2;1;1;2;2;1;4;4;2;2;2;1;2;4;3;1;3;1;;1;1;1;;2;2;0;1;;2;2;8,2102108
12385;1;6;1;1;4;;1;4;1;;;;;;;;;;;;;;;;;;;;;;;;;;;;;;;;;1;1;1;2;2;1;1;1;2;1;1;1;2;1;;;;;;;;;;;;1;8;6;1;2;3;2;3;5;3;2;3;2;3;2;3;3;1;5;5;4;1;2;;1;3;;4;;5;;6;;;;;;;;;;;;;;3;;1;;2;;;;;;;;;;;;1;1;98;;;;;;;;;;;;;;;;;;;;;;;;;;;;;;;;1;1;2;1;4;4;4;4;4;3;4;1;1;3;1;4;9;9;2;2;2;9;3;2;;;1;1;1;3;2;7;1;;2;6;1;;1;2;0;1;;2;7;0,86757064
12456;2;6;1;1;4;;1;3;4;2;2;1;1;1;2;2;2;2;2;2;1;2;2;2;2;1;DE MEILLEURS CANDIDATS, L'OBLIGATION DE RESPECTER LEURS PROMESSES SINON PAS DE PENSION.  MANQUE DES GENS HONNÊTES ET VRAI.;;;;;;;;;;;;;;;;;;;;;;;;1;1;1;;;;;;;;;;;;;;1;4;0;9;3;4;2;3;1;4;2;1;1;4;1;3;3;1;2;2;2;2;;;2;;;;;;;;;;;;;;;;;;;;;;;;;;;;;;;;;;;;;1;1;98;;;;;;;;;;;;;;;;;;;;;;;;;;;;;;;;3;3;2;1;4;4;4;4;4;3;3;3;3;2;3;9;1;2;1;2;2;9;4;3;;;1;4;4;9;2;5;8;;1;6;1;;9;3;0;1;;2;3;0,90702385
12463;1;1;3;3;6;;1;4;2;;;;;;;;;;;;;;;;;;;;;;;;;;;;;;;;;1;2;1;2;2;2;2;2;2;1;1;1;2;1;;;;;;;;;;;;1;8;8;9;2;2;2;2;3;2;3;3;3;2;3;2;2;3;2;2;4;1;2;;1;4;;;;;;;;;;;;;;;;;;;;3;;;;;;;;;;;;;;;;1;1;98;;;;;;;;;;;;;;;;;;;;;;;;;;;;;;;;3;2;4;4;4;4;4;4;4;4;1;1;2;3;3;4;2;2;2;2;2;2;3;2;;;2;3;2;3;1;7;6;;2;1;1;;1;2;0;1;;2;99;0,21145961
12477;1;2;3;3;3;;1;4;1;;;;;;;;;;;;;;;;;;;;;;;;;;;;;;;;;1;1;1;1;2;1;2;1;2;1;1;2;2;1;;;;;;;;;;;;1;6;10;1;1;2;1;5;2;2;4;1;2;3;2;2;1;1;1;1;1;2;;;2;;;;;;;;;;;;;;;;;;;;;;;;;;;;;;;;;;;;;1;1;98;;;;;;;;;;;;;;;;;;;;;;;;;;;;;;;;2;1;1;1;1;4;3;1;4;1;2;1;2;1;1;2;1;1;3;1;1;9;9;3;;;1;1;1;3;1;3;1;;2;3;1;;1;3;3;1;;2;8;0,66582835
12594;1;4;3;2;4;;1;4;1;;;;;;;;;;;;;;;;;;;;;;;;;;;;;;;;;1;2;1;1;2;1;2;1;2;1;1;1;1;;;;;;;;;;;;;2;9;7;1;2;3;2;3;4;3;3;4;2;3;2;3;3;1;2;3;4;1;2;;2;;;;;;;;;;;;;;;;;;;;;;;;;;;;;;;;;;;;;1;1;98;;;;;;;;;;;;;;;;;;;;;;;;;;;;;;;;2;2;4;4;4;4;4;4;4;4;3;3;2;2;1;1;1;1;1;2;1;2;1;2;;;2;2;1;3;1;7;1;;2;5;1;;1;2;3;3;5;2;6;0,54773313
12738;1;16;1;1;4;;1;4;1;;;;;;;;;;;;;;;;;;;;;;;;;;;;;;;;;1;1;1;2;2;1;1;1;1;1;1;1;2;1;;3;;;;;;;;1;2;1;3;10;1;2;2;1;1;2;1;2;1;1;3;2;3;4;1;1;1;4;1;2;;1;2;;3;;7;;;;;;;;;;;;;;;;4;;;;;;;;;;;;;;;;1;1;98;;;;;;;;;;;;;;;;;;;;;;;;;;;;;;;;4;2;3;1;4;4;4;4;4;4;2;3;3;2;2;4;1;1;1;1;1;4;4;4;;;1;1;4;3;1;7;1;;2;5;1;;1;2;1;1;;2;7;0,80743265
12752;1;14;1;1;6;;1;4;1;;;;;;;;;;;;;;;;;;;;;;;;;;;;;;;;;1;2;1;1;2;2;2;1;1;1;1;1;2;1;;;;;;;;;;;;1;8;8;1;2;2;2;2;2;4;3;2;2;2;3;3;3;2;1;1;4;1;2;;2;;;;;;;;;;;;;;;;;;;;;;;;;;;;;;;;;;;;;2;;98;;;;;;;;;;;;;;;;;;;;;;;;;;;;;;;;3;2;4;3;4;4;4;4;4;4;1;3;2;4;1;3;2;2;2;2;2;3;3;1;;;2;3;4;3;1;3;6;;2;6;1;;1;2;0;1;;2;3;4,05371332
12903;1;17;3;2;5;;1;4;1;;;;;;;;;;;;;;;;;;;;;;;;;;;;;;;;;1;1;2;2;2;1;2;2;2;1;1;1;1;;;;;;;;;;;;;1;9;9;1;2;2;1;1;3;2;3;2;3;3;2;4;2;2;1;1;4;1;2;;2;;;;;;;;;;;;;;;;;;;;;;;;;;;;;;;;;;;;;2;;98;;;;;;;;;;;;;;;;;;;;;;;;;;;;;;;;2;1;2;2;4;4;4;2;4;4;3;1;1;4;1;4;1;1;1;1;1;2;9;9;;;2;4;4;3;1;5;1;;2;6;1;;2;1;0;1;;2;5;0,63028711
13063;1;5;3;2;6;;1;4;1;;;;;;;;;;;;;;;;;;;;;;;;;;;;;;;;;1;1;1;2;2;1;1;1;2;1;1;1;1;;;;;;;;;;;;;1;7;8;1;2;1;1;1;3;2;4;2;2;2;3;3;2;2;1;2;4;1;2;;2;;;;;;;;;;;;;;;;;;;;;;;;;;;;;;;;;;;;;2;;98;;;;;;;;;;;;;;;;;;;;;;;;;;;;;;;;3;2;4;2;4;4;4;4;4;4;1;2;3;3;3;4;1;2;2;2;2;4;4;4;;;3;2;3;3;1;5;6;;2;6;1;;2;1;0;1;;2;3;0,82012111
13070;1;15;1;1;3;;1;4;1;;;;;;;;;;;;;;;;;;;;;;;;;;;;;;;;;1;2;2;2;2;2;1;2;2;1;2;2;1;;;;;;;;;;;;;2;7;6;2;2;3;4;2;2;4;1;4;1;3;2;1;4;5;2;2;4;1;2;;1;4;;5;;;;;;;;;;;;;;;;;;4;;3;;;;;;;;;;;;;;1;1;98;;;;;;;;;;;;;;;;;;;;;;;;;;;;;;;;2;2;4;4;4;4;4;4;4;4;2;2;3;2;2;4;1;1;9;2;1;4;4;9;;;1;4;4;3;1;6;1;;1;6;1;;2;2;0;1;;2;99;1,29428685
13079;1;2;3;3;5;;1;4;1;;;;;;;;;;;;;;;;;;;;;;;;;;;;;;;;;1;2;1;1;2;1;1;2;2;1;1;1;2;1;;;;;;;;;;;;1;5;4;2;2;3;3;2;2;3;2;2;1;3;1;2;3;1;2;2;3;1;2;;1;4;;;;;;;;;;;;;;;;;;;;3;;;;;;;;;;;;;;;;1;1;98;;;;;;;;;;;;;;;;;;;;;;;;;;;;;;;;3;3;1;1;4;4;2;4;4;2;2;3;2;2;3;4;2;2;2;2;2;4;4;4;;;2;4;4;3;2;3;6;;2;6;1;;1;2;0;1;;2;3;0,64965117
13139;1;6;1;1;3;;1;4;1;;;;;;;;;;;;;;;;;;;;;;;;;;;;;;;;;1;1;1;1;2;1;1;1;2;2;2;1;1;;;;;;;;;;;;;1;9;3;1;2;2;1;1;2;4;3;3;2;3;1;2;3;2;1;1;2;2;;;1;2;;3;;4;;;;;;;;;;;;;;;;4;;3;;;;;;;;;;;;;;2;;98;;;;;;;;;;;;;;;;;;;;;;;;;;;;;;;;1;1;2;1;1;2;1;4;1;2;3;3;2;1;4;3;1;1;1;1;1;2;1;3;;;1;3;1;3;2;9;1;;1;1;1;;2;1;0;1;;2;5;1,56293797
13190;1;3;2;1;4;;1;4;1;;;;;;;;;;;;;;;;;;;;;;;;;;;;;;;;;1;2;2;1;2;2;1;1;2;1;1;1;1;;;;;;;;;;;;;1;10;10;1;2;2;2;2;2;2;3;3;2;2;2;3;2;2;1;1;4;1;2;;1;3;;;;;;;;;;;;;;;;;;;;3;;;;;;;;;;;;;;;;2;;98;;;;;;;;;;;;;;;;;;;;;;;;;;;;;;;;1;2;2;4;4;4;4;2;4;4;1;2;1;2;3;4;1;1;1;1;2;4;4;4;;;1;2;3;3;2;5;1;;1;4;1;;2;1;0;1;;2;3;0,77195251
13215;1;12;2;2;4;;1;4;1;;;;;;;;;;;;;;;;;;;;;;;;;;;;;;;;;2;2;1;2;2;1;1;1;2;1;1;1;1;;;;;;;;;;;;;2;7;5;2;1;3;3;2;2;3;2;1;1;4;1;1;3;5;3;3;1;2;;;1;1;;3;;4;;7;;;;;;;;;;;;;;4;;;;;;;;;;;;;;;;1;1;5;;;;;;;;;;;;;;;;;;;;;;;;;;;;;;;;1;1;2;2;1;4;4;1;4;4;2;2;1;1;3;3;1;1;3;3;1;9;2;3;;;1;4;4;3;1;7;1;;2;6;1;;1;4;0;1;;2;4;0,54773313
13263;1;7;3;2;6;;1;4;1;;;;;;;;;;;;;;;;;;;;;;;;;;;;;;;;;1;2;2;1;2;2;2;1;1;1;1;1;2;1;;;;;;;;;;;;1;8;10;2;2;2;2;2;2;2;2;3;2;2;3;3;2;3;1;1;3;1;2;;2;;;;;;;;;;;;;;;;;;;;;;;;;;;;;;;;;;;;;1;1;98;;;;;;;;;;;;;;;;;;;;;;;;;;;;;;;;1;2;4;1;4;4;4;4;4;4;1;3;3;4;3;4;2;2;2;2;2;2;3;2;;;3;2;3;3;1;8;6;;2;6;1;;1;2;0;1;;2;8;0,92170042
13399;1;6;1;1;3;;1;4;1;;;;;;;;;;;;;;;;;;;;;;;;;;;;;;;;;1;1;2;1;2;1;1;1;2;1;1;1;1;;;;;;;;;;;;;1;10;9;2;2;3;2;3;2;3;3;3;3;2;3;3;3;2;1;1;4;1;2;;1;1;;3;;6;;;;;;;;;;;;;;;;4;;3;;;;;;;;;;;;;;2;;98;;;;;;;;;;;;;;;;;;;;;;;;;;;;;;;;2;1;4;1;4;4;4;4;4;4;1;2;3;4;2;3;2;1;2;2;2;9;3;2;;;2;3;4;3;2;7;1;;1;5;1;;2;1;0;1;;2;4;1,56293797
13445;1;3;2;1;6;;1;4;4;;;;;;;;;;;;;;;;;;;;;;;;;;;;;;;;;1;2;1;1;2;1;1;1;1;1;1;1;2;1;;;;;;;;;;;;1;7;10;1;2;3;2;2;2;3;3;2;1;2;2;3;2;1;1;2;4;1;2;;1;3;;;;;;;;;;;;;;;;;;;;9;QS SI J'ÉTAIS ALLÉE VOTÉE;;;;;;;;;;;;;;;1;1;98;;;;;;;;;;;;;;;;;;;;;;;;;;;;;;;;4;2;3;2;9;4;2;2;4;3;1;1;3;3;3;4;1;1;1;1;1;4;4;4;;;4;3;4;3;2;3;6;;2;6;1;;1;2;0;1;;2;3;4,35561752
13496;1;15;3;2;5;;1;4;1;;;;;;;;;;;;;;;;;;;;;;;;;;;;;;;;;1;1;1;2;2;1;1;1;1;1;1;1;9;;;;;;;;;;;;;1;10;10;1;2;3;2;3;3;2;2;4;1;5;5;4;5;1;1;1;4;1;2;;1;1;;3;;5;;;;;;;;;;;;;;;;3;;;;;;;;;;;;;;;;1;1;98;;;;;;;;;;;;;;;;;;;;;;;;;;;;;;;;2;1;1;1;2;4;4;9;4;2;1;1;1;2;1;4;1;1;4;3;1;4;4;4;;;1;1;4;3;2;8;8;;2;6;1;;1;2;0;1;;2;99;0,76111543
13557;1;3;2;2;3;;1;4;2;;;;;;;;;;;;;;;;;;;;;;;;;;;;;;;;;1;1;2;2;2;1;1;1;2;1;1;1;2;1;;3;;;;;;;;1;2;1;7;8;2;2;3;2;1;5;3;4;4;2;3;2;3;5;2;1;2;4;1;2;;2;;;;;;;;;;;;;;;;;;;;;;;;;;;;;;;;;;;;;1;1;1;;2;;3;;;;;;;;;;;;2;;4;;;;;;;;;;;;;;2;2;2;2;4;9;4;4;2;4;3;1;2;1;2;4;1;1;1;1;1;9;1;4;;;1;1;3;3;2;9;1;;2;3;1;;1;2;2;1;;2;99;1,0602386
13560;1;6;1;1;5;;1;4;1;;;;;;;;;;;;;;;;;;;;;;;;;;;;;;;;;1;2;2;1;2;1;1;1;2;1;1;1;1;;;;;;;;;;;;;1;2;5;2;2;2;2;3;1;2;1;2;1;3;2;3;3;2;1;1;4;1;2;;2;;;;;;;;;;;;;;;;;;;;;;;;;;;;;;;;;;;;;2;;98;;;;;;;;;;;;;;;;;;;;;;;;;;;;;;;;3;4;3;1;3;4;4;4;4;4;1;1;1;1;1;4;2;2;1;2;1;9;9;9;;;2;2;3;3;2;7;1;;2;4;1;;2;1;0;1;;2;6;0,89974082
13621;1;16;3;2;6;;1;4;1;;;;;;;;;;;;;;;;;;;;;;;;;;;;;;;;;1;1;2;1;1;1;1;2;2;1;1;1;1;;;;;;;;;;;;;1;10;10;2;2;1;2;1;2;2;4;1;2;2;2;4;2;1;1;1;4;1;2;;1;3;;4;;6;;;;;;;;;;;;;;;;4;;3;;;;;;;;;;;;;;2;;98;;;;;;;;;;;;;;;;;;;;;;;;;;;;;;;;2;2;1;9;2;4;4;2;9;3;1;1;1;1;4;4;1;1;1;1;1;4;1;3;;;4;1;4;3;2;5;6;;1;5;1;;2;2;0;1;;1;2;0,88120085
13636;1;6;1;1;5;;1;4;1;;;;;;;;;;;;;;;;;;;;;;;;;;;;;;;;;1;2;2;1;1;2;2;2;1;1;1;1;1;;;;;;;;;;;;;1;10;7;1;2;2;2;2;3;2;4;3;3;2;2;2;2;3;1;1;4;1;2;;1;4;;;;;;;;;;;;;;;;;;;;3;;;;;;;;;;;;;;;;1;1;98;;;;;;;;;;;;;;;;;;;;;;;;;;;;;;;;1;1;3;4;3;4;4;2;4;4;1;1;1;4;1;3;1;1;2;1;1;4;3;2;;;2;3;4;2;2;7;1;;2;6;1;;1;2;0;1;;2;6;0,89974082
13711;1;2;3;3;4;;1;4;1;;;;;;;;;;;;;;;;;;;;;;;;;;;;;;;;;1;2;1;2;2;1;2;1;2;1;1;1;2;1;;;;;;;;;;;;1;8;8;2;2;2;2;3;5;2;2;2;2;2;2;4;3;5;1;3;3;2;;;1;3;;4;;;;;;;;;;;;;;;;;;3;;;;;;;;;;;;;;;;1;1;98;;;;;;;;;;;;;;;;;;;;;;;;;;;;;;;;2;2;4;4;4;4;4;4;4;4;1;3;2;3;3;4;1;1;2;2;1;3;4;9;;;5;3;4;3;2;5;10;A LA MAISON;2;6;1;;1;3;0;1;;2;5;0,09497616
13717;1;1;3;2;6;;1;4;9;;;;;;;;;;;;;;;;;;;;;;;;;;;;;;;;;1;2;1;2;2;1;1;2;1;1;1;1;1;;;;;;;;;;;;;1;10;10;1;1;2;1;1;3;1;4;4;4;1;2;4;1;3;1;1;4;1;2;;2;;;;;;;;;;;;;;;;;;;;;;;;;;;;;;;;;;;;;2;;98;;;;;;;;;;;;;;;;;;;;;;;;;;;;;;;;2;2;2;1;1;4;1;4;3;2;1;1;1;1;1;4;1;2;2;2;1;2;2;1;;;2;2;2;3;1;8;6;;2;6;1;;2;1;0;1;;2;2;0,92170042
13777;1;3;2;1;3;;1;4;1;;;;;;;;;;;;;;;;;;;;;;;;;;;;;;;;;1;1;2;1;2;1;1;1;1;1;1;1;2;1;;3;;;;;;;;1;1;1;10;8;1;2;2;1;1;2;1;2;2;2;1;2;2;2;1;1;1;5;2;;;1;2;;3;;;;;;;;;;;;;;;;;;4;;;;;;;;;;;;;;;;1;1;98;;;;;;;;;;;;;;;;;;;;;;;;;;;;;;;;1;3;2;9;9;4;4;4;4;4;2;2;2;2;4;2;1;2;1;2;1;3;2;3;;;1;1;4;3;1;3;1;;2;1;1;;1;2;1;1;;2;4;5,41174984
13874;1;4;3;2;4;;1;4;1;;;;;;;;;;;;;;;;;;;;;;;;;;;;;;;;;1;2;2;1;2;2;1;1;2;1;1;1;1;;;;;;;;;;;;;1;8;8;2;2;3;2;2;3;2;3;2;2;2;3;3;3;2;2;2;3;1;2;;1;2;;4;;;;;;;;;;;;;;;;;;3;;4;;;;;;;;;;;;;;2;;98;;;;;;;;;;;;;;;;;;;;;;;;;;;;;;;;3;2;3;4;4;4;4;2;4;4;1;1;1;4;2;3;1;1;1;1;2;3;3;2;;;2;3;3;3;1;7;1;;2;6;1;;2;1;0;1;;2;2;0,54773313
13951;1;13;1;1;6;;1;4;1;;;;;;;;;;;;;;;;;;;;;;;;;;;;;;;;;1;1;1;1;2;1;2;1;2;1;1;8;2;1;;;;;;;;;;;;1;3;5;1;3;2;2;2;3;2;2;2;2;2;2;2;3;3;1;1;4;2;;;1;3;;;;;;;;;;;;;;;;;;;;3;;;;;;;;;;;;;;;;1;1;98;;;;;;;;;;;;;;;;;;;;;;;;;;;;;;;;2;3;4;1;4;4;4;4;4;4;2;2;3;2;4;4;1;1;1;1;1;2;1;1;;;2;2;4;3;1;7;6;;2;6;1;;1;2;0;1;;2;4;1,08958244
13955;1;4;3;2;6;;1;4;1;;;;;;;;;;;;;;;;;;;;;;;;;;;;;;;;;1;2;1;1;1;1;1;1;1;1;1;1;1;;;;;;;;;;;;;1;10;10;1;1;3;2;2;2;3;4;2;3;2;3;3;2;2;1;1;4;1;2;;1;4;;6;;;;;;;;;;;;;;;;;;3;;;;;;;;;;;;;;;;2;;98;;;;;;;;;;;;;;;;;;;;;;;;;;;;;;;;1;1;2;1;3;4;4;4;4;4;1;1;1;1;1;4;1;1;1;1;1;3;2;3;;;2;2;3;3;1;8;6;;2;6;1;;2;1;0;1;;2;3;0,92170042
14045;1;16;1;1;4;;1;4;1;;;;;;;;;;;;;;;;;;;;;;;;;;;;;;;;;1;1;2;1;2;1;1;1;1;1;1;2;1;;;;;;;;;;;;;1;9;8;2;2;2;2;1;5;2;4;3;2;2;2;3;3;1;1;1;4;1;2;;2;;;;;;;;;;;;;;;;;;;;;;;;;;;;;;;;;;;;;2;;98;;;;;;;;;;;;;;;;;;;;;;;;;;;;;;;;1;1;4;4;1;4;4;2;2;4;3;1;1;2;1;1;1;1;2;1;1;3;2;3;;;1;3;4;3;1;8;1;;2;6;1;;2;1;3;1;;2;7;0,80743265
14103;1;14;1;1;3;;1;4;1;;;;;;;;;;;;;;;;;;;;;;;;;;;;;;;;;1;2;1;2;2;1;1;2;1;1;1;1;2;1;;;;;;;;;;;;1;6;7;1;3;2;1;4;1;1;1;1;1;2;2;1;2;2;1;1;4;1;2;;1;1;;3;;;;;;;;;;;;;;;;;;3;;;;;;;;;;;;;;;;1;1;98;;;;;;;;;;;;;;;;;;;;;;;;;;;;;;;;3;2;3;3;4;4;4;4;4;4;1;3;3;3;2;3;1;2;2;1;1;4;3;4;;;4;3;4;3;1;3;1;;2;6;1;;1;2;3;1;;2;4;5,41174984
14225;1;16;3;2;5;;1;4;1;;;;;;;;;;;;;;;;;;;;;;;;;;;;;;;;;1;2;2;2;2;1;2;2;2;1;1;1;2;1;;;;;;;;;;;;1;10;5;2;1;3;2;2;3;2;4;4;2;2;4;4;2;3;1;1;4;1;1;;1;4;;;;;;;;;;;;;;;;;;;;8;APPEL AUTOMATISÉ, ALORS J'AI RACCROCHÉ.;;;;;;;;;;;;;;;1;1;98;;;;;;;;;;;;;;;;;;;;;;;;;;;;;;;;4;2;4;4;4;4;4;3;4;4;1;1;3;3;1;4;1;2;1;1;2;9;1;9;;;1;4;3;3;1;8;6;;2;5;1;;1;2;0;1;;2;99;0,70835632
14240;1;12;2;2;6;;1;4;1;;;;;;;;;;;;;;;;;;;;;;;;;;;;;;;;;1;2;1;2;2;1;1;2;2;1;1;1;2;2;;;;;;;;;;;;1;8;10;1;2;9;2;4;2;3;2;2;2;3;2;3;5;2;1;2;4;1;2;;1;3;;;;;;;;;;;;;;;;;;;;2;;;;;;;;;;;;;;;;2;;98;;;;;;;;;;;;;;;;;;;;;;;;;;;;;;;;2;2;1;2;9;3;3;4;4;4;2;2;3;2;2;4;1;1;2;2;2;9;3;9;;;1;2;3;3;2;7;6;;2;5;1;;2;1;0;1;;2;2;0,99035168
14311;1;13;1;1;6;;1;4;1;;;;;;;;;;;;;;;;;;;;;;;;;;;;;;;;;1;1;1;1;2;1;1;1;1;1;1;1;2;1;;;;;;;;;;;;1;8;8;2;2;3;2;2;2;2;2;2;2;2;2;2;2;2;2;2;2;1;2;;1;4;;;;;;;;;;;;;;;;;;;;3;;;;;;;;;;;;;;;;2;;98;;;;;;;;;;;;;;;;;;;;;;;;;;;;;;;;3;3;4;4;4;4;4;4;4;4;2;2;4;3;3;3;2;2;3;2;2;3;3;3;;;2;1;2;1;2;3;6;;2;6;1;;1;3;0;1;;2;3;4,35561752
14331;1;7;3;2;4;;1;4;1;;;;;;;;;;;;;;;;;;;;;;;;;;;;;;;;;1;2;2;1;2;2;2;2;1;1;1;1;1;;;;;;;;;;;;;1;7;3;2;2;3;4;4;1;4;1;3;1;4;1;4;4;1;1;2;4;2;;;2;;;;;;;;;;;;;;;;;;;;;;;;;;;;;;;;;;;;;1;2;98;;;;;;;;;;;;;;;;;;;;;;;;;;;;;;;;1;2;4;1;4;4;4;4;4;4;4;1;1;1;1;4;2;2;1;2;2;1;3;3;;;1;3;3;3;2;8;1;;2;5;1;;2;2;0;1;;1;4;0,58852845
14456;1;2;3;3;4;;1;4;1;;;;;;;;;;;;;;;;;;;;;;;;;;;;;;;;;1;1;1;2;2;1;1;1;2;1;1;2;2;1;;;;;;;;;;;;1;8;8;1;2;2;2;2;3;3;3;2;3;2;2;3;3;2;1;1;4;2;;;1;3;;;;;;;;;;;;;;;;;;;;3;;;;;;;;;;;;;;;;1;1;1;;;;;;;;;;;;;;;;4;;;;;;;;;;;;;;;;2;2;4;2;4;4;4;4;4;4;1;4;4;4;3;3;1;1;3;2;3;9;3;2;;;4;3;3;3;2;7;10;À LA MAISON;2;4;1;;1;3;0;1;;2;99;0,10674001
14513;2;6;1;1;3;;1;1;9;2;2;2;2;2;2;2;2;2;2;2;2;2;2;2;2;97;LE BIEN ÊTRE DES ANIMAUX;;;;;;;;;;;;;;;;;;;;;;;;2;2;2;;;;;;;;;;;;;;3;0;0;2;4;3;2;3;5;3;1;3;1;4;5;2;3;5;4;5;4;2;;;2;;;;;;;;;;;;;;;;;;;;;;;;;;;;;;;;;;;;;2;;98;;;;;;;;;;;;;;;;;;;;;;;;;;;;;;;;4;4;1;1;4;4;4;4;4;4;3;3;3;2;3;9;9;3;9;9;1;9;4;9;;;1;4;4;3;2;2;5;;1;6;1;;2;1;0;1;;2;1;3,66397119
14527;1;6;1;1;2;;1;4;4;;;;;;;;;;;;;;;;;;;;;;;;;;;;;;;;;1;2;2;2;2;1;1;1;2;1;1;1;1;;;;;;;;;;;;;1;6;6;1;2;3;3;2;3;4;4;3;2;3;2;2;3;3;2;2;5;1;2;;2;;;;;;;;;;;;;;;;;;;;;;;;;;;;;;;;;;;;;2;;2;;3;;4;;;;;;;;;;;;;;;;;;;;;;;;;;;;1;2;2;4;2;2;4;4;3;4;3;3;2;2;2;3;1;2;2;1;2;4;3;2;1;2;1;4;4;3;1;3;1;EMPLOI TEMPS PLEIN ET ÉTUDIANT TEMPS PLEIN;1;5;1;;2;1;0;1;;2;2;1,56222737
14539;1;4;3;2;5;;1;4;1;;;;;;;;;;;;;;;;;;;;;;;;;;;;;;;;;1;1;2;2;2;1;2;1;2;1;1;1;1;;;;;;;;;;;;;1;8;8;2;2;2;2;2;3;2;3;3;3;2;3;3;2;3;1;2;4;2;;;1;4;;;;;;;;;;;;;;;;;;;;99;;;;;;;;;;;;;;;;1;1;98;;;;;;;;;;;;;;;;;;;;;;;;;;;;;;;;3;2;4;9;4;4;4;4;4;4;3;1;2;4;2;4;1;1;1;1;1;2;2;2;;;2;3;4;3;2;3;1;;2;6;1;;1;3;0;1;;2;4;2,83167624
14620;1;6;1;1;4;;1;4;1;;;;;;;;;;;;;;;;;;;;;;;;;;;;;;;;;1;2;2;1;2;1;1;2;1;1;1;1;2;1;;3;;;;;;;;2;;1;5;7;1;3;2;2;3;2;3;2;3;2;3;3;3;3;2;1;1;1;1;2;;2;;;;;;;;;;;;;;;;;;;;;;;;;;;;;;;;;;;;;1;1;98;;;;;;;;;;;;;;;;;;;;;;;;;;;;;;;;2;4;2;3;4;4;4;4;4;4;2;3;3;3;3;3;2;2;3;3;3;2;2;2;;;1;3;4;3;2;7;1;;2;6;1;;1;1;3;1;;2;7;0,86757064
14628;1;12;2;2;3;;1;4;3;;;;;;;;;;;;;;;;;;;;;;;;;;;;;;;;;1;1;1;2;2;1;2;2;1;1;1;2;1;;;;;;;;;;;;;1;8;7;1;2;1;2;3;2;4;2;2;2;3;2;2;3;1;1;3;3;2;;;1;2;;;;;;;;;;;;;;;;;;;;4;;;;;;;;;;;;;;;;1;2;5;;;;;;;;;;;;;;;;;;;;;;;;;;;;;;;;3;2;4;3;2;4;4;4;4;4;2;2;1;2;1;3;1;1;1;1;1;3;2;3;;;1;1;4;3;1;5;1;;2;3;1;;1;4;2;1;;2;5;0,87799472
14708;1;13;1;1;5;;1;4;1;;;;;;;;;;;;;;;;;;;;;;;;;;;;;;;;;1;1;1;2;2;1;1;2;2;1;1;1;1;;;;;;;;;;;;;1;7;7;1;2;2;1;5;2;2;3;3;1;2;2;2;2;5;1;1;4;1;2;;2;;;;;;;;;;;;;;;;;;;;;;;;;;;;;;;;;;;;;2;;98;;;;;;;;;;;;;;;;;;;;;;;;;;;;;;;;2;3;4;1;4;4;4;4;4;2;1;1;3;3;3;4;1;1;1;2;1;4;9;4;;;4;2;4;3;2;7;1;;2;6;2;;2;1;0;3;5;2;4;0,89974082
14839;1;17;3;2;5;;1;4;1;;;;;;;;;;;;;;;;;;;;;;;;;;;;;;;;;1;1;2;2;2;1;1;1;2;1;1;2;1;;;;;;;;;;;;;1;7;4;2;2;1;1;1;2;3;4;3;1;3;2;2;3;1;1;2;3;2;;;2;;;;;;;;;;;;;;;;;;;;;;;;;;;;;;;;;;;;;2;;98;;;;;;;;;;;;;;;;;;;;;;;;;;;;;;;;4;3;3;2;4;4;4;4;4;4;2;2;2;4;2;4;2;2;2;2;2;4;4;2;;;1;3;3;3;2;3;1;;1;4;1;;3;1;0;1;;2;2;2,83167624
14849;1;6;1;1;4;;1;4;1;;;;;;;;;;;;;;;;;;;;;;;;;;;;;;;;;1;2;2;2;2;1;1;1;2;1;1;1;2;1;;3;;;;;;;;2;;1;5;10;1;2;3;2;2;2;2;4;2;1;2;3;4;2;3;1;1;4;1;2;;1;3;;;;;;;;;;;;;;;;;;;;3;;;;;;;;;;;;;;;;1;1;98;;;;;;;;;;;;;;;;;;;;;;;;;;;;;;;;3;1;2;1;4;4;4;4;4;4;1;1;3;3;1;4;1;1;1;1;1;4;4;4;;;1;2;1;3;2;7;1;;2;6;1;;1;3;0;1;;2;8;0,86757064
14900;1;14;3;2;6;;1;4;1;;;;;;;;;;;;;;;;;;;;;;;;;;;;;;;;;1;1;1;2;2;1;1;1;2;1;1;1;2;1;;;;;;;;;;;;1;10;10;1;1;2;2;3;5;3;4;2;3;3;1;4;2;1;1;1;4;2;;;1;3;;4;;;;;;;;;;;;;;;;;;3;;97;ENREGISTREMENT DE LEGAULT, J'AI RACCROCHÉ EN ENTENDANT SON NOM!;;;;;;;;;;;;;1;1;98;;;;;;;;;;;;;;;;;;;;;;;;;;;;;;;;3;1;2;1;4;4;4;3;4;4;1;3;3;3;3;4;1;1;1;1;1;1;4;1;;;4;4;4;3;2;4;6;;2;6;1;;1;2;0;1;;2;2;0,88120085
14910;2;6;1;1;5;;1;1;1;2;2;2;1;2;2;1;2;2;2;1;2;2;2;2;2;5;J'ÉTAIS À L'EXTÉRIEUR DU PAYS LORS DE LA JOURNÉE DES ÉLECTIONS ET DE CELLES DU VOTE PAR ANTICIPATION.  LE VOTE PAR INTERNET M'AURAIT PERMIS DE VOTER.;6;;;;;;;;;;;;;;;;;;;;;;;1;1;1;;;;;;;;;;;;;;1;8;9;1;2;2;2;1;2;1;4;3;4;2;3;3;2;3;1;1;2;1;;2;2;;;;;;;;;;;;;;;;;;;;;;;;;;;;;;;;;;;;;1;1;98;;;;;;;;;;;;;;;;;;;;;;;;;;;;;;;;3;2;4;2;4;4;4;4;4;4;1;1;4;4;2;4;1;1;1;2;2;4;3;2;;;1;3;3;3;1;7;1;TRAVAIL À TEMPS PARTIEL;2;6;1;;1;2;0;1;;2;7;0,90673155
14948;1;7;3;2;6;;1;4;3;;;;;;;;;;;;;;;;;;;;;;;;;;;;;;;;;1;1;1;1;2;1;1;1;2;1;1;1;1;;;;;;;;;;;;;1;9;9;1;2;2;2;4;3;2;4;2;3;1;3;3;2;5;1;1;1;1;2;;1;3;;;;;;;;;;;;;;;;;;;;3;;;;;;;;;;;;;;;;1;1;98;;;;;;;;;;;;;;;;;;;;;;;;;;;;;;;;1;1;4;1;4;4;4;4;4;4;1;1;4;4;1;2;2;2;2;2;2;3;9;2;;;3;3;4;3;2;8;6;;2;6;1;;2;2;0;1;;2;3;0,99035168
14993;1;16;3;2;4;;1;4;1;;;;;;;;;;;;;;;;;;;;;;;;;;;;;;;;;1;1;2;2;2;1;1;2;2;1;1;1;1;;;;;;;;;;;;;2;6;7;2;3;3;2;4;2;5;4;3;2;4;2;3;3;1;2;2;2;1;2;;2;;;;;;;;;;;;;;;;;;;;;;;;;;;;;;;;;;;;;1;1;98;;;;;;;;;;;;;;;;;;;;;;;;;;;;;;;;1;2;4;4;4;4;4;4;4;4;3;3;3;4;1;4;1;1;2;1;1;4;4;4;;;5;2;4;3;1;5;1;;2;6;1;;1;4;2;1;;2;7;0,48736537
15039;2;6;1;1;5;;1;3;1;2;2;2;1;2;2;2;2;2;2;2;2;2;2;2;2;12;JE SUIS DANS UNE CIRCONSCRIPTION ACQUISE AUX LIBÉRAUX PEU IMPORTE QUI SE PRÉSENTE POUR EUX.  CETTE ANNÉE J'AI DÉCIDÉ QUE JE REGARDERAIS DE LOIN LES ÉLECTIONS CAR ELLES NE ME CONCERNENT PAS. MON VOTE N'EST  JAMAIS PRIS EN COMPTE. JE N'AI PAS DE VOIX.;;;;;;;;;;;;;;;;;;;;;;;;1;1;1;;;;;;;;;;;;;;1;10;10;2;1;3;2;2;2;2;4;4;4;3;2;3;3;2;2;2;3;1;;2;2;;;;;;;;;;;;;;;;;;;;;;;;;;;;;;;;;;;;;2;;98;;;;;;;;;;;;;;;;;;;;;;;;;;;;;;;;1;1;1;2;1;4;4;4;2;3;1;1;1;1;1;4;2;2;1;2;2;2;4;3;;;3;3;3;3;2;8;1;;2;6;1;;2;1;0;1;;2;5;0,36995301
15061;1;15;1;1;4;;1;4;3;;;;;;;;;;;;;;;;;;;;;;;;;;;;;;;;;1;1;1;2;2;1;1;1;2;1;1;1;1;;;;;;;;;;;;;1;7;9;1;2;3;2;1;3;2;4;2;2;2;2;4;3;2;1;2;3;1;2;;9;;;;;;;;;;;;;;;;;;;;;;;;;;;;;;;;;;;;;1;1;98;;;;;;;;;;;;;;;;;;;;;;;;;;;;;;;;3;1;4;2;4;4;4;4;4;4;1;1;3;4;1;4;1;1;2;1;2;4;3;3;;;3;1;2;1;1;7;1;;2;6;1;;1;4;4;1;;2;6;0,80743265
15082;1;4;3;2;6;;1;4;2;;;;;;;;;;;;;;;;;;;;;;;;;;;;;;;;;1;1;2;1;2;1;2;2;2;1;1;1;2;1;;;;;;;;;;;;1;9;2;2;1;3;2;3;1;4;1;1;1;3;1;1;3;1;1;1;3;1;2;;2;;;;;;;;;;;;;;;;;;;;;;;;;;;;;;;;;;;;;1;1;98;;;;;;;;;;;;;;;;;;;;;;;;;;;;;;;;1;2;4;2;4;3;4;4;4;4;1;1;4;4;2;4;2;1;1;2;1;4;4;4;;;1;2;3;3;2;7;6;;1;5;1;;1;2;0;1;;2;5;0,99035168
15118;1;6;1;1;3;;1;4;1;;;;;;;;;;;;;;;;;;;;;;;;;;;;;;;;;1;1;1;1;2;1;2;1;1;1;1;1;1;;;;;;;;;;;;;1;10;10;1;1;3;2;1;3;3;3;4;3;3;2;4;3;2;1;1;4;1;1;;1;3;;6;;;;;;;;;;;;;;;;;;3;;2;;;;;;;;;;;;;;1;1;98;;;;;;;;;;;;;;;;;;;;;;;;;;;;;;;;2;2;2;1;2;2;4;4;3;2;4;1;1;4;1;3;2;2;1;1;2;3;2;2;;;1;4;4;3;2;9;1;;2;6;1;;1;2;2;1;;2;8;1,56293797
15147;1;3;2;1;6;;1;4;3;;;;;;;;;;;;;;;;;;;;;;;;;;;;;;;;;1;1;1;1;2;1;1;2;2;1;1;1;1;;;;;;;;;;;;;1;7;8;2;2;2;2;2;3;3;3;2;3;2;2;3;2;3;1;2;3;1;1;;9;;;;;;;;;;;;;;;;;;;;;;;;;;;;;;;;;;;;;2;;2;;;;;;;;;;;;;;;;;;;;;;;;;;;;;;;;2;2;3;3;4;4;4;4;4;4;1;1;3;3;4;3;1;1;2;2;2;4;4;9;;;4;3;3;3;2;7;6;;1;6;1;;2;1;0;1;;2;2;1,17072916
15249;1;7;3;2;5;;1;4;4;;;;;;;;;;;;;;;;;;;;;;;;;;;;;;;;;1;1;2;1;2;1;1;1;1;1;1;1;2;1;;;;;;;;;;;;1;3;2;2;2;3;2;3;2;3;2;1;1;2;1;1;3;2;1;2;3;2;;;2;;;;;;;;;;;;;;;;;;;;;;;;;;;;;;;;;;;;;1;1;98;;;;;;;;;;;;;;;;;;;;;;;;;;;;;;;;3;3;4;3;4;4;4;4;4;4;2;1;4;4;2;4;1;1;1;1;1;2;4;2;;;2;2;4;3;1;6;6;;2;6;1;;1;2;0;1;;2;99;0,63028711
15294;2;6;1;1;2;;1;3;2;2;2;2;2;1;2;1;2;2;2;1;1;2;2;2;2;5;JE N'ÉTAIS PAS AU PAYS POUR LE VOTE ANTICIPÉ ET POUR LE JOUR DU VOTE. C'ÉTAIT RENDU TRÈS COMPLIQUÉ ET AVANT MON DÉPART MA FILLE A ÉTÉ MALADE ET J'AI MANQUÉ UNE SEMAINE DE TRAVAIL. LA SEULE MANIÈRE CETTE FOIS CI QUE J'AURAIS PU EXPRIMER MON DROIT;11;;;;;;;;;;;;;;;;;;;;;;;1;1;2;;;;;;;;;;;;;;2;4;3;2;3;2;2;2;2;3;2;2;2;2;2;3;3;1;1;2;2;1;;2;2;;;;;;;;;;;;;;;;;;;;;;;;;;;;;;;;;;;;;1;1;1;;3;;;;;;;;;;;;;;4;;;;;;;;;;;;;;;;3;3;3;4;4;4;4;4;4;4;4;3;3;4;4;4;2;2;2;2;1;4;4;4;2;2;3;2;3;3;2;7;1;;2;5;1;;1;3;1;1;;2;8;0,57919556
15304;1;3;2;1;3;;1;4;1;;;;;;;;;;;;;;;;;;;;;;;;;;;;;;;;;1;1;2;1;2;1;2;1;1;1;1;1;1;;;;;;;;;;;;;1;9;7;2;2;2;3;2;3;3;2;2;3;2;2;2;3;3;1;1;4;1;2;;1;4;;;;;;;;;;;;;;;;;;;;3;;;;;;;;;;;;;;;;2;;98;;;;;;;;;;;;;;;;;;;;;;;;;;;;;;;;2;2;4;4;4;4;4;4;4;4;1;2;3;1;2;3;1;1;1;2;1;2;2;3;;;2;1;2;3;2;7;1;;2;5;1;;1;1;0;1;;2;6;1,56293797
15306;1;3;2;1;5;;1;4;1;;;;;;;;;;;;;;;;;;;;;;;;;;;;;;;;;1;1;2;2;2;1;2;1;2;1;1;1;2;1;;;;;;;;;;;;1;7;8;2;2;3;2;3;2;3;2;3;2;2;1;3;2;2;2;2;2;1;2;;1;2;;3;;4;;6;;;;;;;;;;;;;;4;;3;;;;;;;;;;;;;;1;1;98;;;;;;;;;;;;;;;;;;;;;;;;;;;;;;;;2;2;2;2;4;4;4;3;4;4;2;3;4;4;2;3;2;2;2;2;2;4;2;2;;;4;2;4;3;1;4;1;;2;6;1;;1;2;0;1;;2;5;0,74508673
15348;2;6;1;1;5;;1;3;4;2;2;2;2;2;2;2;2;2;2;2;1;2;2;2;2;11;UNE MEILLEURE SANTÉ. J AI TERMINÉ  UNE CHIMIOTHÉRAPIE ET JE N EN SUIS PAS REMISE.;7;;;;;;;;;;;;;;;;;;;;;;;1;1;1;;;;;;;;;;;;;;1;7;8;1;2;2;2;1;2;1;1;1;1;2;2;1;1;1;1;1;1;1;;2;1;3;;;;;;;;;;;;;;;;;;;;3;;;;;;;;;;;;;;;;2;;98;;;;;;;;;;;;;;;;;;;;;;;;;;;;;;;;1;2;4;4;4;4;4;4;4;4;1;2;3;4;3;4;1;1;1;1;1;4;4;2;;;1;2;4;3;2;3;8;;1;3;1;;2;1;0;1;;2;1;1,37638462
15356;1;14;3;2;6;;1;4;1;;;;;;;;;;;;;;;;;;;;;;;;;;;;;;;;;1;1;1;2;2;1;2;2;2;1;1;1;2;1;;;;;;;;;;;;1;9;9;1;2;2;2;1;3;2;3;3;2;2;3;3;2;2;1;1;4;1;2;;1;3;;4;;6;;;;;;;;;;;;;;;;3;;;;;;;;;;;;;;;;1;1;98;;;;;;;;;;;;;;;;;;;;;;;;;;;;;;;;2;2;2;4;4;3;3;4;4;3;1;2;2;2;3;4;1;1;2;1;2;2;3;1;;;5;4;4;3;1;3;6;;2;6;1;;1;2;0;1;;2;3;3,42913675
15516;1;7;3;2;6;;1;4;1;;;;;;;;;;;;;;;;;;;;;;;;;;;;;;;;;1;1;1;2;2;1;1;1;2;1;1;1;2;1;;;;;;;;;;;;1;8;10;9;2;2;5;4;5;5;3;3;3;3;2;5;3;2;1;2;2;1;2;;2;;;;;;;;;;;;;;;;;;;;;;;;;;;;;;;;;;;;;1;1;98;;;;;;;;;;;;;;;;;;;;;;;;;;;;;;;;3;3;3;4;4;4;4;4;4;4;2;3;3;3;4;4;1;1;1;1;1;4;4;9;;;1;1;4;3;2;3;6;;2;6;1;;1;2;0;1;;2;98;3,6845355
15536;1;14;1;1;3;;1;4;4;;;;;;;;;;;;;;;;;;;;;;;;;;;;;;;;;1;2;2;2;2;1;1;2;2;1;1;1;1;;;;;;;;;;;;;1;6;6;2;2;4;2;2;2;4;3;1;2;3;1;2;3;2;1;2;4;1;2;;1;4;;6;;;;;;;;;;;;;;;;;;4;;;;;;;;;;;;;;;;1;1;1;;2;;3;;5;;;;;;;;;;2;;3;;;;;;;;;;;;;;4;2;3;4;2;4;4;2;3;4;2;3;4;2;3;2;4;4;1;1;1;3;3;3;;;1;3;4;3;1;5;1;;2;6;1;;1;2;4;1;;2;6;1,29428685
15537;1;15;1;1;5;;1;4;1;;;;;;;;;;;;;;;;;;;;;;;;;;;;;;;;;1;1;1;1;2;1;1;1;1;1;1;1;1;;;;;;;;;;;;;1;10;10;1;1;1;2;1;3;2;3;3;3;2;3;4;1;4;1;1;4;1;2;;1;3;;;;;;;;;;;;;;;;;;;;3;;;;;;;;;;;;;;;;2;;98;;;;;;;;;;;;;;;;;;;;;;;;;;;;;;;;1;1;4;2;1;4;4;3;4;4;1;1;1;1;3;4;1;1;2;2;1;2;3;3;;;1;2;4;3;1;7;1;;2;5;1;;2;1;0;1;;2;4;0,83737397
15574;1;6;1;1;6;;1;4;1;;;;;;;;;;;;;;;;;;;;;;;;;;;;;;;;;1;1;1;1;2;1;2;1;1;1;1;1;2;97;UN BÉNÉVOLE CAR JE SUIS PRÉSENTEMENT À MOBILITÉ RÉDUITE.;;;;;;;;;;;1;8;10;1;1;2;2;2;3;2;2;2;2;2;2;3;2;5;1;1;4;1;2;;1;2;;3;;4;;;;;;;;;;;;;;;;3;;;;;;;;;;;;;;;;2;;98;;;;;;;;;;;;;;;;;;;;;;;;;;;;;;;;2;2;2;4;4;9;2;4;9;4;1;1;4;4;3;4;1;1;2;2;2;4;4;9;;;2;3;3;3;2;5;6;;1;6;1;;2;1;0;1;;2;99;1,04170036
15640;1;6;1;1;5;;1;4;1;;;;;;;;;;;;;;;;;;;;;;;;;;;;;;;;;1;1;1;2;2;2;1;2;2;1;1;8;2;1;;;;;;;;;;;;1;8;7;9;2;2;2;2;3;1;4;2;2;2;3;3;2;2;1;2;4;1;2;;1;3;;4;;;;;;;;;;;;;;;;;;3;;4;;;;;;;;;;;;;;1;1;98;;;;;;;;;;;;;;;;;;;;;;;;;;;;;;;;2;2;4;4;4;4;2;4;4;4;1;2;3;3;3;4;1;1;2;1;3;4;4;4;;;2;1;3;3;2;3;6;;1;5;1;;1;2;0;1;;2;4;3,34743714
15643;1;13;1;1;6;;1;4;1;;;;;;;;;;;;;;;;;;;;;;;;;;;;;;;;;1;1;1;1;2;1;1;2;1;1;1;1;1;;;;;;;;;;;;;1;10;9;1;1;3;2;4;2;4;4;3;2;2;3;3;2;2;1;1;4;1;2;;1;1;;3;;5;;;;;;;;;;;;;;;;3;;5;;1;;;;;;;;;;;;2;;98;;;;;;;;;;;;;;;;;;;;;;;;;;;;;;;;3;2;4;1;4;4;4;3;2;4;1;1;4;3;3;4;1;1;1;1;1;1;1;2;;;1;2;3;1;1;8;6;;2;6;1;;2;1;0;1;;2;6;1,08958244
15645;1;6;1;1;6;;1;4;1;;;;;;;;;;;;;;;;;;;;;;;;;;;;;;;;;1;1;1;2;2;1;2;1;2;1;1;1;1;;;;;;;;;;;;;1;10;10;1;2;2;2;2;3;3;4;2;2;2;2;3;2;2;1;1;4;1;2;;1;3;;4;;;;;;;;;;;;;;;;;;3;;;;;;;;;;;;;;;;2;;98;;;;;;;;;;;;;;;;;;;;;;;;;;;;;;;;3;3;2;1;4;3;4;3;4;4;1;1;4;4;4;4;1;1;1;2;1;4;4;4;;;3;2;4;3;2;4;6;;1;5;1;;9;1;0;1;;2;99;1,04170036
15684;1;4;3;2;6;;1;4;1;;;;;;;;;;;;;;;;;;;;;;;;;;;;;;;;;1;1;1;2;2;1;1;1;2;1;1;1;2;1;;;;;;;;;;;;1;10;10;1;1;4;2;2;2;2;1;2;1;2;2;4;2;1;2;2;4;1;2;;1;3;;4;;;;;;;;;;;;;;;;;;2;;3;;;;;;;;;;;;;;1;1;98;;;;;;;;;;;;;;;;;;;;;;;;;;;;;;;;4;1;4;4;3;4;4;4;4;4;1;1;4;4;1;4;1;1;1;1;1;4;9;4;;;1;4;4;3;1;4;6;;2;6;1;;1;1;0;1;;2;4;0,82012111
15881;1;3;2;1;3;;1;4;1;;;;;;;;;;;;;;;;;;;;;;;;;;;;;;;;;1;1;1;2;2;1;1;1;1;1;1;1;1;;;;;;;;;;;;;1;10;10;1;1;2;2;1;3;3;3;4;3;2;2;4;2;2;1;1;1;1;2;;1;3;;8;;;;;;;;;;;;;;;;;;4;;3;;;;;;;;;;;;;;2;;98;;;;;;;;;;;;;;;;;;;;;;;;;;;;;;;;2;1;1;1;2;2;4;2;4;2;3;1;1;1;3;3;1;1;1;1;2;1;2;1;;;1;3;2;3;1;7;1;;2;6;1;;2;1;0;1;;2;4;1,45460439
15936;1;6;1;1;4;;1;4;1;;;;;;;;;;;;;;;;;;;;;;;;;;;;;;;;;1;1;1;1;1;1;1;1;1;1;1;1;1;;;;;;;;;;;;;1;9;10;1;2;3;2;1;3;2;4;4;2;3;3;4;2;4;1;1;4;1;2;;1;5;;7;;;;;;;;;;;;;;;;;;2;;1;;;;;;;;;;;;;;1;1;98;;;;;;;;;;;;;;;;;;;;;;;;;;;;;;;;1;1;3;3;4;4;4;4;4;4;1;1;1;3;1;3;1;1;1;2;2;1;1;2;;;3;1;2;3;2;9;1;;2;5;1;;1;2;3;1;;2;8;0,86757064
15975;1;6;1;1;6;;1;4;1;;;;;;;;;;;;;;;;;;;;;;;;;;;;;;;;;1;1;1;2;2;1;1;1;2;1;1;2;2;5;;;;;;;;;;;;1;8;9;1;2;3;2;2;3;3;2;2;2;3;1;3;2;1;1;2;4;1;2;;2;;;;;;;;;;;;;;;;;;;;;;;;;;;;;;;;;;;;;2;;98;;;;;;;;;;;;;;;;;;;;;;;;;;;;;;;;3;1;3;1;4;4;4;4;4;4;1;3;1;2;3;4;1;1;1;1;1;4;4;4;;;1;5;3;3;2;4;6;;1;5;1;;3;1;0;1;;2;2;1,04170036
15987;1;1;3;2;4;;1;4;1;;;;;;;;;;;;;;;;;;;;;;;;;;;;;;;;;1;1;1;1;2;1;1;1;2;1;1;1;1;;;;;;;;;;;;;1;5;5;1;4;1;4;2;2;2;1;2;1;3;1;3;4;1;1;1;4;1;2;;1;4;;;;;;;;;;;;;;;;;;;;4;;;;;;;;;;;;;;;;2;;98;;;;;;;;;;;;;;;;;;;;;;;;;;;;;;;;2;3;4;4;4;4;4;4;4;4;4;3;3;3;3;4;2;2;2;2;2;2;2;4;;;1;1;4;3;1;3;1;;2;6;1;;2;1;0;1;;2;2;2,0378089
15988;1;3;2;1;4;;1;4;1;;;;;;;;;;;;;;;;;;;;;;;;;;;;;;;;;1;2;1;2;2;1;2;1;1;1;1;1;1;;;;;;;;;;;;;1;9;5;1;2;3;2;2;1;3;2;2;1;2;1;1;2;4;1;2;4;1;2;;9;;;;;;;;;;;;;;;;;;;;;;;;;;;;;;;;;;;;;2;;1;;;;;;;;;;;;;;;;1;;;;;;;;;;;;;;;;2;1;3;4;4;4;4;4;4;4;3;1;1;1;1;4;2;1;1;1;1;4;2;1;;;2;2;4;3;1;3;1;;1;5;1;;2;1;1;2;5;2;3;3,004004
16019;1;3;2;1;6;;1;4;1;;;;;;;;;;;;;;;;;;;;;;;;;;;;;;;;;1;1;1;2;2;1;1;1;1;1;1;1;1;;;;;;;;;;;;;1;10;10;1;2;1;2;1;2;2;2;2;2;2;3;3;1;1;1;1;2;1;2;;1;1;;;;;;;;;;;;;;;;;;;;97;RENCONTRE SOCIALE;;;;;;;;;;;;;;;2;;98;;;;;;;;;;;;;;;;;;;;;;;;;;;;;;;;1;1;3;1;4;4;4;4;4;4;1;1;2;4;3;4;1;1;1;1;1;4;4;4;;;3;4;4;3;1;7;6;;1;5;1;;2;1;0;1;;2;4;1,08958244
16025;1;3;2;1;4;;1;4;3;;;;;;;;;;;;;;;;;;;;;;;;;;;;;;;;;1;1;1;2;2;1;1;1;2;1;1;1;1;;;;;;;;;;;;;3;7;8;1;2;2;1;1;1;2;1;1;1;2;1;1;2;1;1;1;5;1;2;;1;3;;;;;;;;;;;;;;;;;;;;3;;4;;5;;;;;;;;;;;;2;;98;;;;;;;;;;;;;;;;;;;;;;;;;;;;;;;;2;1;2;4;4;4;4;4;4;4;1;2;3;1;1;2;1;1;1;1;1;4;2;1;;;1;1;1;3;2;5;1;;1;6;1;;2;1;0;1;;2;2;0,77195251
16039;1;3;2;1;4;;1;4;2;;;;;;;;;;;;;;;;;;;;;;;;;;;;;;;;;1;1;1;2;2;1;1;1;2;1;1;1;1;;;;;;;;;;;;;1;8;7;1;2;2;2;2;1;2;1;2;1;5;2;3;2;2;1;2;4;1;2;;1;1;;4;;8;;;;;;;;;;;;;;;;3;;;;;;;;;;;;;;;;1;1;98;;;;;;;;;;;;;;;;;;;;;;;;;;;;;;;;3;3;3;4;4;4;4;4;4;4;2;2;3;3;1;4;2;9;2;2;2;9;3;9;;;5;5;4;3;1;5;1;;2;6;1;;1;2;1;1;;2;6;0,71844256
16046;1;2;3;3;5;;1;4;4;;;;;;;;;;;;;;;;;;;;;;;;;;;;;;;;;1;1;1;1;1;1;1;1;2;1;1;1;2;1;;;;;;;;;;;;1;9;10;1;2;3;1;1;2;1;2;2;2;2;3;4;2;2;1;1;4;1;1;;1;3;;4;;;;;;;;;;;;;;;;;;3;;;;;;;;;;;;;;;;1;1;1;;;;;;;;;;;;;;;;3;;;;;;;;;;;;;;;;3;2;2;2;4;4;4;4;4;4;1;1;4;4;3;9;1;1;1;1;1;2;2;9;;;4;5;4;3;1;7;6;;2;6;1;;1;3;0;1;;2;4;0,16251326
16050;1;6;1;1;4;;1;4;1;;;;;;;;;;;;;;;;;;;;;;;;;;;;;;;;;1;1;2;1;1;1;2;1;1;1;1;1;1;;;;;;;;;;;;;1;10;10;2;1;2;2;1;4;2;3;4;4;2;3;3;2;3;1;1;4;1;2;;1;1;;2;;3;;;;;;;;;;;;;;;;4;;3;;;;;;;;;;;;;;2;;1;;2;;3;;;;;;;;;;;;4;;;;;;;;;;;;;;;;1;1;4;2;4;4;4;2;4;4;2;1;1;2;1;4;1;1;1;1;1;1;2;4;;;4;4;4;3;2;7;1;;2;4;1;;2;1;0;1;;2;7;0,86757064
16063;1;17;3;2;3;;1;4;1;;;;;;;;;;;;;;;;;;;;;;;;;;;;;;;;;1;1;2;2;2;1;1;1;2;1;1;2;1;;;;;;;;;;;;;1;7;7;1;2;2;2;3;3;2;3;3;3;2;2;3;2;1;1;1;4;1;2;;2;;;;;;;;;;;;;;;;;;;;;;;;;;;;;;;;;;;;;1;1;98;;;;;;;;;;;;;;;;;;;;;;;;;;;;;;;;2;2;2;2;4;4;4;4;4;4;4;3;4;2;1;2;1;1;1;1;1;4;3;3;;;4;3;3;3;2;7;1;;2;4;1;;1;2;2;1;;2;6;1,0602386
16079;1;16;1;1;6;;1;4;1;;;;;;;;;;;;;;;;;;;;;;;;;;;;;;;;;1;2;2;2;2;2;2;2;2;1;1;1;2;1;;;;;;;;;;;;1;3;4;2;2;2;5;2;2;2;2;2;2;2;2;2;2;3;2;2;4;2;;;1;3;;;;;;;;;;;;;;;;;;;;99;;;;;;;;;;;;;;;;1;1;99;;;;;;;;;;;;;;;;;;;;;;;;;;;;;;;;9;2;4;4;2;4;4;4;4;4;1;1;4;4;4;9;9;9;9;9;9;9;9;9;;;2;3;3;3;1;2;6;;1;4;1;;1;2;0;1;;2;2;4,05371332
16102;1;16;1;2;6;;1;4;3;;;;;;;;;;;;;;;;;;;;;;;;;;;;;;;;;1;2;1;2;2;1;1;1;2;1;1;1;1;;;;;;;;;;;;;1;10;10;1;1;2;2;2;3;2;2;2;3;3;2;3;3;2;1;3;2;1;2;;1;1;;3;;4;;6;;;;;;;;;;;;;;3;;1;;;;;;;;;;;;;;2;;98;;;;;;;;;;;;;;;;;;;;;;;;;;;;;;;;2;1;4;2;4;4;4;4;4;4;1;1;3;3;1;4;2;2;2;2;2;4;4;3;;;2;1;2;3;2;7;1;;1;6;1;;2;1;0;1;;2;2;0,99035168
16132;1;9;3;3;3;;1;4;1;;;;;;;;;;;;;;;;;;;;;;;;;;;;;;;;;1;1;2;2;2;1;1;1;2;9;1;1;2;1;;;;;;;;;;;;1;0;3;1;2;3;2;2;2;3;1;1;1;4;1;2;4;1;1;2;2;1;2;;1;3;;;;;;;;;;;;;;;;;;;;3;;;;;;;;;;;;;;;;1;1;98;;;;;;;;;;;;;;;;;;;;;;;;;;;;;;;;2;4;4;4;4;4;4;4;4;4;1;2;4;2;3;4;1;1;2;2;1;4;4;4;;;1;1;3;3;2;2;1;;2;5;1;;1;3;1;1;;2;4;0,71541643
16152;1;3;2;1;4;;1;4;1;;;;;;;;;;;;;;;;;;;;;;;;;;;;;;;;;1;1;1;2;2;1;1;1;1;1;1;2;2;1;;3;;;;;;;;2;;1;8;6;1;1;3;2;1;3;3;3;4;2;3;2;3;2;1;1;2;4;1;2;;1;3;;5;;6;;;;;;;;;;;;;;;;1;;4;;3;;;;;;;;;;;;1;1;98;;;;;;;;;;;;;;;;;;;;;;;;;;;;;;;;1;1;2;1;2;4;2;4;4;1;1;2;2;1;3;2;1;1;1;3;2;9;2;2;;;1;4;2;3;1;7;1;;2;6;1;;1;3;1;1;;2;8;0,80743265
16153;1;16;3;2;6;;1;4;3;;;;;;;;;;;;;;;;;;;;;;;;;;;;;;;;;1;1;2;2;2;1;2;1;2;1;1;1;2;1;;;;;;;;;;;;1;10;10;1;1;2;2;2;3;3;2;3;2;2;2;4;1;2;1;1;2;1;2;;1;3;;6;;;;;;;;;;;;;;;;;;3;;;;;;;;;;;;;;;;1;1;98;;;;;;;;;;;;;;;;;;;;;;;;;;;;;;;;1;1;3;4;3;4;4;4;4;4;1;1;4;4;3;4;2;1;1;2;1;1;4;3;;;4;4;4;3;1;4;6;;2;5;1;;1;2;0;1;;2;5;0,82012111
16158;1;6;1;1;3;;1;4;3;;;;;;;;;;;;;;;;;;;;;;;;;;;;;;;;;2;2;2;2;1;2;2;2;1;1;2;2;1;;;;;;;;;;;;;3;8;7;2;2;4;4;3;1;4;1;3;1;4;1;2;4;1;4;3;2;1;2;;2;;;;;;;;;;;;;;;;;;;;;;;;;;;;;;;;;;;;;1;1;1;;;;;;;;;;;;;;;;1;;2;;;;;;;;;;;;;;1;1;1;1;1;1;4;4;1;2;3;1;1;3;1;3;1;1;1;1;1;3;4;4;;;5;4;3;3;2;8;1;;2;6;1;;1;2;1;1;;2;6;1,56293797
16265;1;16;1;2;4;;1;4;1;;;;;;;;;;;;;;;;;;;;;;;;;;;;;;;;;1;1;1;2;2;1;1;1;2;1;2;1;1;;;;;;;;;;;;;1;8;8;2;3;1;2;2;5;2;3;2;3;1;5;3;1;3;1;1;4;2;;;2;;;;;;;;;;;;;;;;;;;;;;;;;;;;;;;;;;;;;1;2;98;;;;;;;;;;;;;;;;;;;;;;;;;;;;;;;;3;2;4;4;2;4;4;4;4;4;2;2;2;3;2;3;2;2;2;2;2;9;2;9;;;5;1;3;3;1;2;1;;3;3;1;;2;2;2;1;;2;5;2,0378089
16335;1;6;1;1;4;;1;4;1;;;;;;;;;;;;;;;;;;;;;;;;;;;;;;;;;1;1;1;1;1;1;1;1;1;1;1;1;1;;;;;;;;;;;;;1;0;0;2;4;4;5;5;1;4;1;1;1;4;1;1;4;1;1;5;5;2;;;9;;;;;;;;;;;;;;;;;;;;;;;;;;;;;;;;;;;;;2;;98;;;;;;;;;;;;;;;;;;;;;;;;;;;;;;;;2;3;4;4;4;4;4;4;4;4;4;4;4;4;4;4;9;9;9;9;9;4;4;4;;;5;1;4;3;2;3;4;;1;6;1;;2;1;1;1;;2;1;3,22773314
16336;1;16;3;2;6;;1;4;1;;;;;;;;;;;;;;;;;;;;;;;;;;;;;;;;;1;1;1;2;2;1;1;1;1;1;1;1;2;1;;;;;;;;;;;;1;9;9;1;1;2;1;1;2;2;4;4;2;2;3;4;2;2;1;2;3;1;2;;1;3;;4;;;;;;;;;;;;;;;;;;4;;;;;;;;;;;;;;;;1;1;98;;;;;;;;;;;;;;;;;;;;;;;;;;;;;;;;1;1;4;4;4;4;4;3;4;4;1;1;4;4;4;3;1;1;1;1;1;2;2;3;;;3;3;4;3;1;7;6;;2;6;1;;1;2;0;1;;2;5;0,92170042
16402;1;3;2;1;5;;1;4;1;;;;;;;;;;;;;;;;;;;;;;;;;;;;;;;;;1;1;1;1;2;1;1;1;2;1;1;1;2;1;;;;;;;;;;;;1;8;8;2;2;2;2;2;3;3;4;2;2;2;2;3;2;2;2;1;4;1;2;;1;2;;3;;4;;7;;;;;;;;;;;;;;4;;3;;;;;;;;;;;;;;1;1;98;;;;;;;;;;;;;;;;;;;;;;;;;;;;;;;;2;2;2;2;4;2;4;4;4;4;1;1;2;3;1;4;1;1;1;1;1;9;4;1;;;3;3;4;3;2;4;6;;2;6;1;;1;2;0;1;;2;99;0,80057913
16478;1;16;3;1;4;;1;4;4;;;;;;;;;;;;;;;;;;;;;;;;;;;;;;;;;1;1;2;2;2;1;1;2;1;1;1;1;1;;;;;;;;;;;;;1;7;5;2;2;3;1;1;1;2;2;2;3;3;2;2;2;1;1;1;1;1;2;;1;4;;;;;;;;;;;;;;;;;;;;3;;;;;;;;;;;;;;;;2;;98;;;;;;;;;;;;;;;;;;;;;;;;;;;;;;;;3;4;2;4;3;4;4;3;4;4;1;1;2;3;3;2;1;1;1;1;1;2;2;1;;;1;3;3;3;1;7;1;;2;5;1;;2;1;0;1;;2;4;0,80743265
16542;1;16;1;1;6;;1;4;3;;;;;;;;;;;;;;;;;;;;;;;;;;;;;;;;;1;1;1;2;1;1;1;1;2;1;1;1;2;1;;;;;;;;;;;;1;10;10;1;1;1;2;1;3;2;3;3;3;2;2;4;2;3;1;1;2;1;1;;2;;;;;;;;;;;;;;;;;;;;;;;;;;;;;;;;;;;;;1;1;1;;;;;;;;;;;;;;;;2;;;;;;;;;;;;;;;;3;2;4;4;4;4;4;4;4;4;1;1;2;3;3;4;1;1;1;1;2;9;9;2;;;4;4;3;3;1;8;6;;2;6;1;;1;2;0;1;;2;4;1,08958244
16549;1;13;1;1;5;;1;4;4;;;;;;;;;;;;;;;;;;;;;;;;;;;;;;;;;1;1;2;2;2;1;2;2;2;1;1;1;2;1;;;;;;;;;;;;1;9;9;2;2;2;2;2;3;2;3;3;3;2;3;3;2;3;1;1;3;1;2;;1;3;;4;;;;;;;;;;;;;;;;;;3;;;;;;;;;;;;;;;;1;1;98;;;;;;;;;;;;;;;;;;;;;;;;;;;;;;;;2;1;3;2;4;4;4;4;4;4;1;1;4;4;1;9;2;2;2;2;2;2;4;9;;;3;3;3;3;1;6;6;;2;6;1;;1;2;0;1;;2;4;0,74508673
16561;1;5;3;2;4;;1;4;1;;;;;;;;;;;;;;;;;;;;;;;;;;;;;;;;;1;1;1;2;2;1;1;1;2;1;1;1;2;1;;;;;;;;;;;;1;5;6;2;2;2;1;2;3;2;4;2;3;2;3;3;2;2;1;1;4;1;2;;1;3;;4;;;;;;;;;;;;;;;;;;3;;;;;;;;;;;;;;;;1;1;98;;;;;;;;;;;;;;;;;;;;;;;;;;;;;;;;4;2;4;4;4;4;4;4;4;4;3;2;3;4;3;4;1;1;1;1;2;4;4;4;;;3;3;4;3;2;3;10;A LA MAISON;2;6;1;;1;2;0;1;;2;2;2,18957973
16601;1;6;1;1;3;;1;4;3;;;;;;;;;;;;;;;;;;;;;;;;;;;;;;;;;2;2;2;2;2;2;2;2;2;1;1;1;1;;;;;;;;;;;;;1;2;4;2;3;3;3;3;4;2;3;2;3;3;4;5;3;3;4;2;4;1;2;;2;;;;;;;;;;;;;;;;;;;;;;;;;;;;;;;;;;;;;1;1;98;;;;;;;;;;;;;;;;;;;;;;;;;;;;;;;;2;1;2;1;3;2;3;1;2;2;2;2;1;2;1;4;4;3;2;3;1;1;2;2;;;3;3;2;1;1;4;1;;3;6;97;ITALIAN;2;3;0;1;;2;1;1,29428685
16611;1;14;3;2;4;;1;4;1;;;;;;;;;;;;;;;;;;;;;;;;;;;;;;;;;1;2;2;1;1;1;2;1;1;1;1;1;1;;;;;;;;;;;;;1;9;9;2;2;3;2;2;2;3;2;3;2;2;1;3;2;1;1;2;1;1;2;;2;;;;;;;;;;;;;;;;;;;;;;;;;;;;;;;;;;;;;1;1;1;;2;;3;;4;;5;;;;;;;;2;;4;;;;;;;;;;;;;;3;1;4;4;2;4;4;4;4;4;2;2;2;2;3;3;1;1;1;1;1;2;2;1;;;1;4;4;3;1;7;1;;2;1;1;;1;2;0;1;;2;7;0,54773313
16701;1;5;3;2;5;;1;4;1;;;;;;;;;;;;;;;;;;;;;;;;;;;;;;;;;1;1;2;1;2;1;1;1;1;1;1;1;2;1;;;;;;;;;;;;1;6;6;9;3;2;2;2;2;2;2;3;2;2;3;2;2;1;1;1;1;1;2;;2;;;;;;;;;;;;;;;;;;;;;;;;;;;;;;;;;;;;;1;1;98;;;;;;;;;;;;;;;;;;;;;;;;;;;;;;;;4;2;2;1;4;4;4;4;4;4;1;1;3;2;2;4;2;2;1;1;2;9;2;1;;;2;3;3;3;1;8;8;;2;6;1;;1;3;0;1;;2;5;0,70835632
16769;1;1;3;3;2;;1;4;1;;;;;;;;;;;;;;;;;;;;;;;;;;;;;;;;;1;2;2;1;2;1;2;1;2;1;1;2;2;1;;2;;3;;;;;;1;1;1;6;8;2;2;4;3;3;4;3;2;2;1;4;2;3;3;2;1;1;4;1;2;;2;;;;;;;;;;;;;;;;;;;;;;;;;;;;;;;;;;;;;1;1;1;;2;;3;;;;;;;;;;;;1;;2;;3;;;;;;;;;;;;3;2;3;2;4;4;4;4;4;4;3;3;2;1;2;4;2;2;2;2;2;4;4;4;1;2;1;2;2;3;2;5;1;;2;5;1;;1;2;2;1;;2;6;0,07957616
16793;1;7;3;2;6;;1;4;1;;;;;;;;;;;;;;;;;;;;;;;;;;;;;;;;;1;1;1;2;2;1;1;1;2;1;1;1;1;;;;;;;;;;;;;1;7;9;1;1;2;2;1;3;2;3;3;3;2;3;3;2;1;1;2;4;1;2;;1;2;;3;;5;;7;;8;;;;;;;;;;;;3;;2;;1;;4;;;;;;;;;;1;1;98;;;;;;;;;;;;;;;;;;;;;;;;;;;;;;;;2;1;1;1;1;1;1;1;3;2;1;1;2;2;1;2;1;1;1;3;1;2;1;1;;;1;1;3;3;1;9;6;;2;6;1;;1;2;0;1;;2;6;0,92170042
16798;1;3;2;1;3;;1;4;1;;;;;;;;;;;;;;;;;;;;;;;;;;;;;;;;;1;1;1;1;2;1;1;1;1;1;1;1;1;;;;;;;;;;;;;1;10;10;1;2;3;1;4;3;4;2;4;1;2;3;1;3;3;1;2;4;1;2;;2;;;;;;;;;;;;;;;;;;;;;;;;;;;;;;;;;;;;;1;1;98;;;;;;;;;;;;;;;;;;;;;;;;;;;;;;;;2;1;4;1;4;4;4;4;4;3;3;1;1;1;1;2;1;1;1;1;1;1;1;1;;;2;4;4;2;1;7;1;;2;5;1;;1;2;0;1;;2;8;1,45460439
16827;1;4;3;2;5;;1;4;2;;;;;;;;;;;;;;;;;;;;;;;;;;;;;;;;;1;1;2;2;2;1;1;2;2;1;1;1;2;1;;;;;;;;;;;;1;7;4;2;2;2;2;3;2;1;5;1;2;3;2;5;2;2;1;2;4;2;;;2;;;;;;;;;;;;;;;;;;;;;;;;;;;;;;;;;;;;;1;1;98;;;;;;;;;;;;;;;;;;;;;;;;;;;;;;;;4;3;3;2;3;4;4;4;4;4;1;3;4;4;2;4;1;1;1;1;1;4;4;4;;;5;5;4;2;2;3;1;;2;5;1;;1;2;0;1;;1;3;2,83167624
16843;1;2;3;3;3;;1;4;1;;;;;;;;;;;;;;;;;;;;;;;;;;;;;;;;;1;2;1;1;1;1;1;1;1;1;1;1;1;;;;;;;;;;;;;1;3;3;1;2;3;3;4;2;1;2;2;1;3;2;3;4;1;2;2;4;2;;;2;;;;;;;;;;;;;;;;;;;;;;;;;;;;;;;;;;;;;2;;1;;2;;;;;;;;;;;;;;1;;;;;;;;;;;;;;;;2;2;4;4;1;4;4;4;4;4;3;3;4;2;4;4;1;1;1;2;1;4;4;2;;;2;4;3;3;1;5;1;;1;5;1;;2;1;0;1;;2;1;0,15924101
16989;1;6;1;1;6;;1;4;1;;;;;;;;;;;;;;;;;;;;;;;;;;;;;;;;;1;1;1;2;2;1;1;1;2;1;1;1;1;;;;;;;;;;;;;1;9;10;1;1;2;1;2;2;2;2;2;2;2;2;3;1;1;1;2;3;1;2;;1;3;;4;;;;;;;;;;;;;;;;;;3;;;;;;;;;;;;;;;;9;;98;;;;;;;;;;;;;;;;;;;;;;;;;;;;;;;;3;2;2;2;4;4;4;2;4;4;1;1;1;4;4;4;2;1;2;2;2;3;4;4;;;1;3;3;3;2;5;6;;1;6;1;;9;1;9;1;;2;99;1,04170036
16991;1;11;3;3;6;;1;4;1;;;;;;;;;;;;;;;;;;;;;;;;;;;;;;;;;1;1;2;2;2;1;1;1;2;1;1;1;1;;;;;;;;;;;;;1;10;10;1;3;2;2;2;2;3;2;2;2;3;2;3;3;1;1;2;3;1;2;;2;;;;;;;;;;;;;;;;;;;;;;;;;;;;;;;;;;;;;1;1;98;;;;;;;;;;;;;;;;;;;;;;;;;;;;;;;;2;2;2;1;4;4;4;4;4;4;1;3;1;4;1;4;2;2;1;2;1;4;1;2;;;4;1;4;3;1;7;6;;2;6;1;;1;2;0;1;;2;4;0,21145961
17036;1;16;1;1;6;;1;4;1;;;;;;;;;;;;;;;;;;;;;;;;;;;;;;;;;1;1;1;1;1;1;2;1;1;1;1;1;2;1;;;;;;;;;;;;1;10;10;1;2;2;1;2;2;1;4;4;3;2;2;4;1;3;1;1;4;1;2;;2;;;;;;;;;;;;;;;;;;;;;;;;;;;;;;;;;;;;;2;;98;;;;;;;;;;;;;;;;;;;;;;;;;;;;;;;;1;1;3;2;4;4;4;4;4;4;1;1;3;1;1;4;1;1;1;1;1;4;4;4;;;4;2;3;3;2;5;6;;1;2;1;;1;2;0;1;;2;6;1,04170036
17051;1;11;3;3;5;;1;4;1;;;;;;;;;;;;;;;;;;;;;;;;;;;;;;;;;1;1;1;1;2;1;2;1;1;1;1;1;1;;;;;;;;;;;;;1;10;10;1;2;3;1;1;3;3;4;3;3;2;2;3;2;2;1;1;4;1;2;;1;2;;7;;;;;;;;;;;;;;;;;;5;;4;;;;;;;;;;;;;;1;1;98;;;;;;;;;;;;;;;;;;;;;;;;;;;;;;;;2;1;4;4;4;4;4;4;4;4;1;2;3;1;1;3;1;1;2;2;1;4;1;4;;;4;2;4;3;2;8;1;;2;6;1;;1;2;0;1;;2;8;0,17461693
17060;1;11;3;3;6;;1;4;3;;;;;;;;;;;;;;;;;;;;;;;;;;;;;;;;;1;1;1;1;2;1;1;1;1;1;1;1;1;;;;;;;;;;;;;1;8;10;1;2;2;1;2;3;3;3;2;3;2;3;3;1;2;1;1;4;1;2;;2;;;;;;;;;;;;;;;;;;;;;;;;;;;;;;;;;;;;;2;;98;;;;;;;;;;;;;;;;;;;;;;;;;;;;;;;;3;2;2;2;4;4;4;4;4;4;1;2;2;2;3;4;1;1;2;2;1;4;4;4;;;2;2;4;3;2;3;6;;2;6;1;;2;1;0;1;;2;2;0,84531575
17075;1;9;3;3;4;;1;4;1;;;;;;;;;;;;;;;;;;;;;;;;;;;;;;;;;1;2;2;2;2;1;2;1;2;1;1;1;1;;;;;;;;;;;;;2;5;5;2;3;2;2;5;2;5;5;2;2;3;2;2;3;1;1;1;4;1;2;;1;4;;;;;;;;;;;;;;;;;;;;6;POUR SE PRÉSENTER;;;;;;;;;;;;;;;1;1;98;;;;;;;;;;;;;;;;;;;;;;;;;;;;;;;;3;2;2;1;4;4;4;4;4;4;1;2;2;2;2;4;1;1;2;2;1;4;4;3;;;2;3;3;3;2;5;1;;2;6;1;;1;2;1;1;;2;99;0,09497616
17097;1;3;2;1;6;;1;4;1;;;;;;;;;;;;;;;;;;;;;;;;;;;;;;;;;1;1;2;1;2;1;1;1;1;1;1;1;1;;;;;;;;;;;;;1;8;8;2;2;2;2;2;3;2;3;2;3;2;2;3;2;2;1;2;3;1;2;;1;3;;4;;;;;;;;;;;;;;;;;;3;;;;;;;;;;;;;;;;1;1;98;;;;;;;;;;;;;;;;;;;;;;;;;;;;;;;;2;2;3;2;4;4;4;4;4;4;2;1;2;4;3;4;1;1;1;1;1;2;4;1;;;4;4;5;3;2;7;6;;2;6;1;;1;2;0;1;;2;5;1,17072916
17153;1;9;3;3;5;;1;4;1;;;;;;;;;;;;;;;;;;;;;;;;;;;;;;;;;1;2;1;2;2;1;2;1;2;1;1;2;2;1;;;;;;;;;;;;1;10;9;1;2;1;2;1;4;1;2;2;1;1;2;4;1;1;1;1;4;1;2;;1;4;;7;;97;JOURNEAUX;;;;;;;;;;;;;;;3;;;;;;;;;;;;;;;;1;1;98;;;;;;;;;;;;;;;;;;;;;;;;;;;;;;;;1;1;2;1;4;4;4;4;4;4;1;1;3;3;2;4;1;1;1;1;3;1;4;1;;;1;4;4;3;2;5;6;;2;6;1;;1;2;0;1;;2;5;0,15537187
17181;1;3;2;1;6;;1;4;1;;;;;;;;;;;;;;;;;;;;;;;;;;;;;;;;;1;2;1;1;2;1;1;2;2;1;1;1;2;1;;;;;;;;;;;;1;7;7;1;2;3;3;3;2;3;2;2;1;3;2;2;3;1;1;2;3;1;2;;2;;;;;;;;;;;;;;;;;;;;;;;;;;;;;;;;;;;;;1;1;1;;;;;;;;;;;;;;;;3;;;;;;;;;;;;;;;;2;1;1;1;2;4;4;1;4;4;1;2;1;3;3;4;2;2;1;1;1;4;3;3;;;1;1;2;3;1;7;6;;2;2;1;;1;2;0;1;;2;4;1,08958244
17193;1;16;1;1;6;;1;4;1;;;;;;;;;;;;;;;;;;;;;;;;;;;;;;;;;1;1;1;1;2;1;2;1;1;1;1;2;2;1;;;;;;;;;;;;1;9;9;1;2;2;2;2;3;3;3;2;3;2;3;3;2;3;2;2;2;1;2;;1;4;;;;;;;;;;;;;;;;;;;;4;;;;;;;;;;;;;;;;1;1;2;;;;;;;;;;;;;;;;;;;;;;;;;;;;;;;;2;1;4;2;4;4;4;4;4;4;1;1;3;2;3;3;2;2;2;2;2;2;2;3;;;3;3;2;3;1;7;6;;2;6;1;;1;2;0;1;;2;7;1,08958244
17202;1;8;3;3;3;;1;4;1;;;;;;;;;;;;;;;;;;;;;;;;;;;;;;;;;1;1;1;2;2;1;1;1;2;1;1;1;2;1;;3;;;;;;;;1;1;1;10;10;1;1;3;2;2;5;3;3;4;2;2;3;3;2;2;1;1;4;1;2;;1;1;;3;;5;;7;;8;;;;;;;;;;;;2;;3;;;;;;;;;;;;;;1;1;98;;;;;;;;;;;;;;;;;;;;;;;;;;;;;;;;1;1;1;1;1;2;2;1;9;2;4;1;1;1;1;2;1;1;1;2;2;1;2;2;;;2;5;5;3;1;6;1;;2;4;1;;1;2;2;1;;2;7;0,15924101
17211;1;3;2;1;5;;1;4;3;;;;;;;;;;;;;;;;;;;;;;;;;;;;;;;;;2;2;1;2;2;1;1;1;2;1;1;1;1;;;;;;;;;;;;;2;8;8;1;2;9;2;2;1;2;3;1;2;3;5;3;3;1;2;5;3;1;2;;1;3;;;;;;;;;;;;;;;;;;;;3;;;;;;;;;;;;;;;;1;9;98;;;;;;;;;;;;;;;;;;;;;;;;;;;;;;;;3;2;2;2;4;4;4;4;4;4;1;2;3;3;1;4;1;1;1;1;1;4;4;4;;;1;2;4;3;2;8;6;;2;6;1;;1;3;0;1;;2;4;0,89974082
17238;1;4;3;2;4;;1;4;1;;;;;;;;;;;;;;;;;;;;;;;;;;;;;;;;;1;2;2;1;2;1;1;1;2;1;1;1;2;1;;3;;;;;;;;1;2;1;8;8;2;2;2;2;2;2;3;2;2;2;4;1;3;3;1;2;2;4;1;2;;2;;;;;;;;;;;;;;;;;;;;;;;;;;;;;;;;;;;;;2;;98;;;;;;;;;;;;;;;;;;;;;;;;;;;;;;;;2;2;9;2;4;4;4;4;4;4;1;3;3;3;1;4;2;9;2;2;1;9;4;4;;;1;4;4;3;2;7;1;;2;6;1;;1;2;2;1;;2;6;0,58852845
17275;1;16;1;1;6;;1;4;1;;;;;;;;;;;;;;;;;;;;;;;;;;;;;;;;;1;2;1;1;1;1;2;1;2;1;1;1;2;1;;;;;;;;;;;;1;7;7;1;2;1;2;2;2;2;3;4;3;2;3;3;2;3;1;1;4;1;2;;2;;;;;;;;;;;;;;;;;;;;;;;;;;;;;;;;;;;;;1;1;98;;;;;;;;;;;;;;;;;;;;;;;;;;;;;;;;2;2;3;1;4;4;4;4;4;4;2;1;1;2;3;4;2;2;2;2;1;3;3;2;;;4;4;4;3;2;7;6;;2;6;1;;1;2;0;1;;2;6;1,17072916
17282;1;6;1;1;4;;1;4;9;;;;;;;;;;;;;;;;;;;;;;;;;;;;;;;;;1;2;1;1;2;1;2;1;2;1;1;1;1;;;;;;;;;;;;;1;9;9;1;2;3;2;2;2;3;3;3;3;2;2;3;2;3;1;2;4;1;2;;1;1;;4;;;;;;;;;;;;;;;;;;4;;;;;;;;;;;;;;;;1;1;98;;;;;;;;;;;;;;;;;;;;;;;;;;;;;;;;1;1;3;2;4;4;4;4;4;4;1;1;3;2;1;3;2;2;1;2;2;4;2;3;;;2;3;2;3;2;8;1;;1;5;1;;1;3;0;1;;2;6;0,86757064
17475;1;16;1;1;5;;1;4;1;;;;;;;;;;;;;;;;;;;;;;;;;;;;;;;;;1;1;1;2;2;1;1;1;2;1;1;1;2;3;;;;;;;;;;2;;1;10;10;1;2;1;2;2;3;3;3;3;3;2;2;4;2;3;1;1;4;1;2;;2;;;;;;;;;;;;;;;;;;;;;;;;;;;;;;;;;;;;;1;1;98;;;;;;;;;;;;;;;;;;;;;;;;;;;;;;;;2;2;4;2;4;4;4;4;4;4;1;1;3;3;4;4;2;1;2;1;1;2;2;2;;;1;4;3;3;2;8;1;;2;3;1;;2;2;0;1;;2;5;0,89974082
17508;1;16;3;2;3;;1;4;1;;;;;;;;;;;;;;;;;;;;;;;;;;;;;;;;;1;1;1;1;2;1;1;1;1;1;1;1;1;;;;;;;;;;;;;1;3;10;1;3;4;2;3;4;2;4;2;3;3;2;4;3;2;1;2;4;1;1;;1;3;;4;;6;;;;;;;;;;;;;;;;3;;4;;;;;;;;;;;;;;2;;1;;3;;;;;;;;;;;;;;4;;;;;;;;;;;;;;;;2;1;3;2;4;4;4;4;4;4;3;2;2;2;1;3;2;1;2;1;2;9;4;4;;;4;3;3;3;2;6;1;;2;3;1;;2;1;2;1;;2;3;0,94338685
17530;1;6;1;1;6;;1;4;1;;;;;;;;;;;;;;;;;;;;;;;;;;;;;;;;;1;1;1;1;2;1;1;2;1;1;1;1;2;1;;;;;;;;;;;;2;7;9;9;2;2;2;2;3;5;3;2;3;3;3;2;3;3;1;1;1;1;2;;1;3;;4;;;;;;;;;;;;;;;;;;3;;;;;;;;;;;;;;;;1;1;98;;;;;;;;;;;;;;;;;;;;;;;;;;;;;;;;2;1;4;1;4;4;4;4;4;4;1;3;3;4;3;4;1;1;3;1;1;2;4;2;;;5;3;4;1;2;7;1;;2;6;1;;1;2;0;2;5;2;5;1,17072916
17566;1;12;3;2;5;;1;4;2;;;;;;;;;;;;;;;;;;;;;;;;;;;;;;;;;1;1;1;2;2;1;1;1;2;1;1;2;1;;;;;;;;;;;;;1;7;8;1;2;2;2;2;2;2;2;1;2;2;2;3;2;1;1;1;1;1;2;;2;;;;;;;;;;;;;;;;;;;;;;;;;;;;;;;;;;;;;2;;98;;;;;;;;;;;;;;;;;;;;;;;;;;;;;;;;2;2;4;4;4;4;4;4;4;4;2;3;3;4;2;4;2;9;2;2;2;4;4;9;;;3;3;4;3;1;5;1;;2;6;1;;2;1;0;1;;2;2;0,63028711
17647;1;6;1;1;1;1;1;4;1;;;;;;;;;;;;;;;;;;;;;;;;;;;;;;;;;1;2;2;1;2;2;2;2;2;1;1;2;2;2;;;;;;;;;;;;1;2;5;2;3;2;2;4;2;2;3;2;3;3;3;4;3;3;3;1;4;2;;;2;;;;;;;;;;;;;;;;;;;;;;;;;;;;;;;;;;;;;1;1;98;;;;;;;;;;;;;;;;;;;;;;;;;;;;;;;;3;3;4;4;4;4;4;4;4;4;3;2;3;4;4;4;2;2;2;2;2;3;4;9;2;2;1;4;4;3;2;5;1;;1;4;1;;1;3;0;1;;2;2;0,47878304
17672;1;6;1;1;5;;1;4;1;;;;;;;;;;;;;;;;;;;;;;;;;;;;;;;;;1;1;1;1;2;1;1;1;2;1;1;1;2;1;;;;;;;;;;;;1;10;10;9;2;2;2;2;1;3;2;2;2;3;5;3;2;2;1;1;4;2;;;1;3;;4;;6;;7;;;;;;;;;;;;;;3;;;;;;;;;;;;;;;;1;1;98;;;;;;;;;;;;;;;;;;;;;;;;;;;;;;;;3;3;2;2;4;4;4;4;4;4;2;3;3;3;4;4;1;1;1;1;1;4;4;4;;;2;3;4;3;2;3;6;;1;6;1;;1;2;0;1;;2;99;3,34743714
17724;1;14;1;1;4;;1;4;1;;;;;;;;;;;;;;;;;;;;;;;;;;;;;;;;;1;1;1;1;2;1;1;1;2;1;1;1;1;;;;;;;;;;;;;1;6;6;2;2;2;2;2;3;2;3;1;2;3;1;2;2;1;1;1;4;1;2;;2;;;;;;;;;;;;;;;;;;;;;;;;;;;;;;;;;;;;;1;1;98;;;;;;;;;;;;;;;;;;;;;;;;;;;;;;;;3;2;3;4;4;4;4;4;4;4;3;3;2;3;2;4;1;1;1;1;1;1;4;2;;;1;2;4;3;1;5;1;;2;6;1;;1;3;1;1;;2;99;0,71844256
17753;1;6;1;1;5;;1;4;1;;;;;;;;;;;;;;;;;;;;;;;;;;;;;;;;;1;1;1;1;2;1;1;1;1;1;1;1;1;;;;;;;;;;;;;1;8;10;1;2;2;2;2;3;2;3;2;2;2;2;3;2;2;1;1;3;1;2;;1;3;;;;;;;;;;;;;;;;;;;;3;;;;;;;;;;;;;;;;2;;98;;;;;;;;;;;;;;;;;;;;;;;;;;;;;;;;2;2;4;1;4;4;4;4;4;4;1;1;1;1;4;4;1;1;1;2;1;4;4;3;;;2;2;3;3;1;7;1;;1;6;1;;2;1;0;1;;2;3;0,83737397
17812;1;6;1;1;4;;1;4;1;;;;;;;;;;;;;;;;;;;;;;;;;;;;;;;;;1;2;1;1;2;1;1;1;2;1;1;1;2;1;;;;;;;;;;;;1;8;8;1;2;2;2;2;3;3;3;4;3;3;3;4;2;1;1;1;3;1;2;;1;3;;;;;;;;;;;;;;;;;;;;4;;;;;;;;;;;;;;;;1;1;1;;;;;;;;;;;;;;;;1;;;;;;;;;;;;;;;;1;1;2;1;4;4;4;3;4;4;2;3;1;3;2;4;1;1;2;1;1;4;4;2;;;4;2;4;3;1;6;1;;1;1;1;;1;2;0;1;;2;4;0,71844256
17975;1;6;1;1;4;;1;4;1;;;;;;;;;;;;;;;;;;;;;;;;;;;;;;;;;1;2;2;1;2;1;1;2;2;1;1;1;2;1;;;;;;;;;;;;1;9;7;1;2;1;2;2;5;3;2;2;3;5;2;3;3;2;1;1;3;1;2;;2;;;;;;;;;;;;;;;;;;;;;;;;;;;;;;;;;;;;;1;1;98;;;;;;;;;;;;;;;;;;;;;;;;;;;;;;;;2;2;2;2;1;4;4;2;4;4;1;1;3;2;2;3;2;2;1;1;2;1;1;2;;;1;2;3;2;1;7;1;;2;6;1;;1;2;0;2;5;2;8;0,80743265
17979;1;16;1;2;6;;1;4;1;;;;;;;;;;;;;;;;;;;;;;;;;;;;;;;;;1;2;2;2;2;2;2;2;1;1;1;1;2;1;;;;;;;;;;;;1;9;10;9;2;3;4;2;5;4;3;4;2;3;2;3;3;2;1;2;3;1;2;;2;;;;;;;;;;;;;;;;;;;;;;;;;;;;;;;;;;;;;1;1;98;;;;;;;;;;;;;;;;;;;;;;;;;;;;;;;;4;3;4;9;4;4;4;4;4;4;3;1;2;4;1;4;2;2;1;1;1;1;1;1;;;1;2;3;3;1;8;6;;2;6;1;;1;2;0;1;;2;99;0,92170042
17999;1;6;1;1;6;;1;4;1;;;;;;;;;;;;;;;;;;;;;;;;;;;;;;;;;1;2;1;1;1;1;2;1;1;1;1;1;1;;;;;;;;;;;;;1;10;10;1;1;2;1;3;3;3;2;3;1;2;3;4;2;4;1;2;4;1;2;;1;4;;;;;;;;;;;;;;;;;;;;7;ENCOURAGEMENT AU VOTE;;;;;;;;;;;;;;;2;;98;;;;;;;;;;;;;;;;;;;;;;;;;;;;;;;;3;2;4;1;4;4;4;4;4;4;1;1;1;4;4;4;1;1;1;2;2;1;2;1;;;4;3;4;3;1;8;6;;2;6;1;;2;1;0;1;;2;99;1,08958244
18025;1;6;1;1;3;;1;4;1;;;;;;;;;;;;;;;;;;;;;;;;;;;;;;;;;1;1;1;2;2;1;2;1;1;1;1;1;1;;;;;;;;;;;;;1;10;10;1;2;3;2;3;4;2;4;3;4;5;4;4;1;5;1;1;5;1;2;;1;2;;3;;4;;5;;6;;7;;;;;;;;;;3;;;;;;;;;;;;;;;;1;1;1;;2;;3;;5;;;;;;;;;;1;;2;;4;;;;;;;;;;;;1;1;1;1;1;3;1;2;3;1;1;1;1;1;1;3;1;1;1;1;2;4;4;2;;;1;5;5;2;2;3;1;;1;5;1;;1;2;0;1;;2;4;5,81480217
18031;1;16;3;2;5;;1;4;1;;;;;;;;;;;;;;;;;;;;;;;;;;;;;;;;;1;1;2;2;2;1;1;1;2;1;1;1;2;1;;;;;;;;;;;;1;10;8;2;1;1;1;1;2;1;4;1;1;1;1;2;1;2;1;1;4;1;2;;2;;;;;;;;;;;;;;;;;;;;;;;;;;;;;;;;;;;;;1;1;98;;;;;;;;;;;;;;;;;;;;;;;;;;;;;;;;1;1;3;4;4;4;4;3;4;4;3;1;2;4;2;4;1;1;1;1;1;4;2;4;;;1;1;4;3;1;5;1;;2;5;1;;1;2;0;1;;2;7;0,63028711
18093;1;2;3;3;5;;1;4;1;;;;;;;;;;;;;;;;;;;;;;;;;;;;;;;;;1;1;2;2;2;1;1;1;1;1;1;1;1;;;;;;;;;;;;;1;9;8;1;1;2;1;2;3;3;4;4;3;2;3;3;2;4;1;1;4;1;2;;2;;;;;;;;;;;;;;;;;;;;;;;;;;;;;;;;;;;;;2;;98;;;;;;;;;;;;;;;;;;;;;;;;;;;;;;;;1;2;4;4;3;3;3;4;4;4;1;1;4;3;1;3;1;1;2;2;1;3;4;4;;;3;3;3;1;2;7;6;;1;6;1;;9;1;0;1;;2;3;0,17461693
18096;1;16;1;1;6;;1;4;1;;;;;;;;;;;;;;;;;;;;;;;;;;;;;;;;;1;1;2;1;2;2;2;2;1;1;1;1;1;;;;;;;;;;;;;1;1;1;2;2;2;1;1;2;1;2;3;1;4;3;4;1;3;1;2;4;1;2;;2;;;;;;;;;;;;;;;;;;;;;;;;;;;;;;;;;;;;;2;;98;;;;;;;;;;;;;;;;;;;;;;;;;;;;;;;;3;3;2;2;4;4;4;4;4;4;1;2;4;3;4;4;1;1;2;1;1;4;4;1;;;1;4;4;1;2;7;6;;2;6;1;;2;1;0;1;;2;2;1,17072916
18169;1;3;2;1;5;;1;4;2;;;;;;;;;;;;;;;;;;;;;;;;;;;;;;;;;1;1;1;1;1;1;1;1;2;1;1;1;1;;;;;;;;;;;;;1;10;10;1;2;2;1;1;1;3;2;2;1;2;2;3;1;1;1;1;3;1;2;;1;3;;;;;;;;;;;;;;;;;;;;3;;;;;;;;;;;;;;;;1;1;98;;;;;;;;;;;;;;;;;;;;;;;;;;;;;;;;4;3;3;4;4;4;4;4;4;4;1;1;4;4;1;3;1;1;1;1;1;9;9;3;;;1;1;1;3;1;7;1;;2;6;1;;1;2;0;1;;2;7;0,83737397
18195;1;6;1;1;5;;1;4;1;;;;;;;;;;;;;;;;;;;;;;;;;;;;;;;;;1;1;1;2;2;1;1;1;1;1;1;1;1;;;;;;;;;;;;;1;9;9;1;2;3;2;1;1;3;2;4;2;3;1;3;3;2;1;2;1;1;2;;1;3;;4;;;;;;;;;;;;;;;;;;4;;3;;;;;;;;;;;;;;1;1;98;;;;;;;;;;;;;;;;;;;;;;;;;;;;;;;;2;2;3;2;3;3;4;4;4;4;4;2;1;3;4;3;2;2;2;2;2;3;2;3;;;1;2;3;3;1;7;1;;2;5;1;;1;2;0;3;5;2;5;0,83737397
18261;1;16;1;2;6;;1;4;1;;;;;;;;;;;;;;;;;;;;;;;;;;;;;;;;;1;1;1;2;2;1;1;1;2;1;1;1;2;1;;;;;;;;;;;;1;8;9;2;2;2;3;1;1;2;1;2;2;2;2;3;1;3;1;1;4;1;2;;1;4;;;;;;;;;;;;;;;;;;;;3;;;;;;;;;;;;;;;;2;;98;;;;;;;;;;;;;;;;;;;;;;;;;;;;;;;;4;2;3;3;2;4;4;3;3;4;1;1;4;2;3;9;1;1;1;2;4;9;9;4;;;1;2;2;3;1;7;6;;2;6;1;;1;2;0;1;;2;99;0,92170042
18279;1;12;2;2;5;;1;4;1;;;;;;;;;;;;;;;;;;;;;;;;;;;;;;;;;1;1;1;1;2;1;1;1;1;1;1;1;1;;;;;;;;;;;;;1;9;9;1;2;2;2;2;3;2;4;4;3;5;2;4;3;1;2;2;4;1;2;;2;;;;;;;;;;;;;;;;;;;;;;;;;;;;;;;;;;;;;1;1;98;;;;;;;;;;;;;;;;;;;;;;;;;;;;;;;;3;2;4;2;4;2;4;4;4;4;1;1;1;1;1;4;2;2;2;2;1;9;2;2;;;4;2;4;3;2;8;1;;2;6;1;;1;2;0;1;;2;8;0,76111543
18286;1;3;2;1;6;;1;4;1;;;;;;;;;;;;;;;;;;;;;;;;;;;;;;;;;1;1;2;1;2;1;2;1;1;1;1;1;1;;;;;;;;;;;;;1;7;9;9;1;1;2;1;2;2;2;2;2;2;2;3;3;1;1;1;4;1;2;;1;3;;;;;;;;;;;;;;;;;;;;3;;;;;;;;;;;;;;;;2;;98;;;;;;;;;;;;;;;;;;;;;;;;;;;;;;;;9;3;4;4;4;4;3;4;4;4;1;2;1;4;3;4;1;1;1;1;1;4;2;1;;;1;4;4;3;2;7;6;;2;6;1;;2;1;0;1;;2;3;1,17072916
18410;1;16;1;2;6;;1;4;4;;;;;;;;;;;;;;;;;;;;;;;;;;;;;;;;;1;2;2;2;2;1;1;1;2;1;1;1;1;;;;;;;;;;;;;1;8;8;2;2;2;2;2;2;2;3;2;3;2;2;3;2;1;1;1;3;1;2;;2;;;;;;;;;;;;;;;;;;;;;;;;;;;;;;;;;;;;;2;;98;;;;;;;;;;;;;;;;;;;;;;;;;;;;;;;;1;3;4;4;2;4;4;4;4;4;1;1;3;3;3;4;1;1;1;2;1;3;4;4;;;1;4;4;3;2;7;6;;2;6;1;;3;1;0;1;;2;4;0,99035168
18418;1;6;1;1;5;;1;4;1;;;;;;;;;;;;;;;;;;;;;;;;;;;;;;;;;1;1;2;1;2;1;2;1;2;1;1;1;2;1;;;;;;;;;;;;1;8;7;1;2;2;2;2;3;2;2;3;3;3;2;3;3;2;1;1;4;1;2;;2;;;;;;;;;;;;;;;;;;;;;;;;;;;;;;;;;;;;;1;1;98;;;;;;;;;;;;;;;;;;;;;;;;;;;;;;;;3;2;4;2;4;4;4;4;4;4;1;1;1;4;1;4;2;2;2;2;2;9;4;9;;;2;3;5;3;1;7;6;;2;6;1;;1;2;0;1;;2;4;0,83737397
18461;1;15;1;1;3;;1;4;2;;;;;;;;;;;;;;;;;;;;;;;;;;;;;;;;;1;2;2;1;2;1;1;1;2;1;1;1;1;;;;;;;;;;;;;1;4;3;2;2;3;2;2;2;3;2;3;1;3;2;3;3;1;1;1;2;1;2;;2;;;;;;;;;;;;;;;;;;;;;;;;;;;;;;;;;;;;;1;2;98;;;;;;;;;;;;;;;;;;;;;;;;;;;;;;;;3;2;4;2;2;3;4;3;4;4;4;3;2;3;2;4;3;3;2;2;2;4;2;4;;;2;3;4;3;1;7;1;;2;4;1;;1;2;2;1;;2;5;1,45460439
18540;1;15;3;2;6;;1;4;1;;;;;;;;;;;;;;;;;;;;;;;;;;;;;;;;;1;1;1;1;2;1;1;1;2;1;1;1;1;;;;;;;;;;;;;1;8;10;1;1;2;1;1;4;1;3;3;4;2;2;3;2;1;1;2;2;1;2;;2;;;;;;;;;;;;;;;;;;;;;;;;;;;;;;;;;;;;;2;;98;;;;;;;;;;;;;;;;;;;;;;;;;;;;;;;;2;3;4;4;4;4;4;4;4;4;1;2;2;3;2;3;1;1;1;1;1;3;3;3;;;2;3;4;3;1;8;6;;2;6;1;;2;1;0;1;;2;3;0,92170042
18587;1;14;1;1;3;;1;4;1;;;;;;;;;;;;;;;;;;;;;;;;;;;;;;;;;1;2;2;1;2;1;1;2;2;1;1;1;1;;;;;;;;;;;;;2;2;2;2;3;3;4;4;2;3;1;1;2;4;1;1;4;1;2;3;4;2;;;1;3;;;;;;;;;;;;;;;;;;;;3;;;;;;;;;;;;;;;;2;;98;;;;;;;;;;;;;;;;;;;;;;;;;;;;;;;;3;3;4;4;4;4;4;4;4;4;1;2;3;2;1;4;1;1;1;1;1;4;4;4;;;1;4;4;3;2;4;1;;2;6;1;;2;1;0;1;;2;3;1,39068377
18607;1;2;3;3;4;;1;4;4;;;;;;;;;;;;;;;;;;;;;;;;;;;;;;;;;1;1;2;2;2;1;1;2;2;1;1;1;1;;;;;;;;;;;;;1;5;7;2;2;9;2;2;2;3;2;2;3;2;2;4;3;1;1;2;4;1;2;;1;2;;3;;4;;;;;;;;;;;;;;;;3;;;;;;;;;;;;;;;;1;1;98;;;;;;;;;;;;;;;;;;;;;;;;;;;;;;;;4;2;2;4;4;3;4;4;4;4;1;3;2;2;2;4;2;2;1;1;1;4;4;4;;;1;3;3;3;2;3;1;;2;6;1;;1;3;0;1;;2;5;0,39711922
18723;1;16;1;1;5;;1;4;1;;;;;;;;;;;;;;;;;;;;;;;;;;;;;;;;;1;2;2;1;2;1;1;1;1;1;1;1;2;1;;3;;;;;;;;2;;1;10;10;1;1;2;2;1;2;3;4;4;3;2;3;4;2;3;1;1;1;1;1;;2;;;;;;;;;;;;;;;;;;;;;;;;;;;;;;;;;;;;;1;1;98;;;;;;;;;;;;;;;;;;;;;;;;;;;;;;;;1;1;2;2;2;3;2;3;3;4;1;1;1;1;1;4;1;1;1;2;2;9;1;3;;;2;3;3;3;2;8;1;;2;6;1;;1;3;0;1;;2;8;0,89974082
18740;1;14;3;2;6;;1;4;1;;;;;;;;;;;;;;;;;;;;;;;;;;;;;;;;;1;1;1;1;2;1;1;1;2;1;1;1;1;;;;;;;;;;;;;1;7;6;1;1;3;2;2;2;3;2;2;2;2;1;3;2;2;1;2;4;1;2;;1;2;;;;;;;;;;;;;;;;;;;;1;;;;;;;;;;;;;;;;1;1;98;;;;;;;;;;;;;;;;;;;;;;;;;;;;;;;;3;1;1;3;4;2;4;2;3;3;1;1;2;4;1;4;1;1;1;2;2;2;9;1;;;5;3;4;3;1;8;6;;2;6;1;;1;2;0;1;;2;3;0,92170042
18749;1;16;1;1;6;;1;4;1;;;;;;;;;;;;;;;;;;;;;;;;;;;;;;;;;1;1;1;1;2;1;2;2;1;1;1;1;2;1;;;;;;;;;;;;1;10;10;1;1;1;1;1;4;3;4;4;4;1;3;3;1;2;1;1;1;1;2;;1;3;;4;;;;;;;;;;;;;;;;;;3;;;;;;;;;;;;;;;;1;1;98;;;;;;;;;;;;;;;;;;;;;;;;;;;;;;;;1;2;4;1;2;4;3;2;4;4;2;1;2;3;1;4;1;1;1;1;2;4;2;1;;;3;2;3;3;1;6;2;;3;3;1;;1;2;0;1;;2;3;0,96949446
18757;1;6;1;1;4;;1;4;3;;;;;;;;;;;;;;;;;;;;;;;;;;;;;;;;;1;1;2;2;2;1;2;1;1;8;8;8;2;1;;;;;;;;;;;;1;6;6;1;2;2;2;2;2;3;3;2;3;2;2;3;2;2;1;2;1;1;1;;2;;;;;;;;;;;;;;;;;;;;;;;;;;;;;;;;;;;;;1;2;1;;;;;;;;;;;;;;;;2;;3;;;;;;;;;;;;;;2;2;3;2;4;3;4;4;4;4;2;2;3;2;2;2;1;1;1;1;1;2;2;2;;;1;2;3;3;1;9;1;;1;5;97;KABYLE;1;4;2;3;4;2;3;0,80743265
18784;1;4;3;2;3;;1;4;1;;;;;;;;;;;;;;;;;;;;;;;;;;;;;;;;;1;1;1;2;1;1;1;1;2;1;1;1;2;1;;;;;;;;;;;;1;4;6;1;2;2;2;2;2;2;2;1;2;2;2;4;2;1;1;1;2;1;2;;2;;;;;;;;;;;;;;;;;;;;;;;;;;;;;;;;;;;;;1;1;98;;;;;;;;;;;;;;;;;;;;;;;;;;;;;;;;3;3;2;4;4;4;4;4;4;3;2;3;3;1;2;4;1;1;1;1;2;3;4;2;;;2;3;2;3;2;3;1;;2;6;1;;1;2;0;1;;2;4;3,94454312
18806;1;16;3;2;6;;1;4;1;;;;;;;;;;;;;;;;;;;;;;;;;;;;;;;;;1;2;1;2;2;2;2;1;2;1;1;2;1;;;;;;;;;;;;;1;7;10;1;2;2;1;1;1;2;1;2;2;3;1;3;3;1;1;1;1;1;2;;1;3;;4;;5;;;;;;;;;;;;;;;;3;;;;;;;;;;;;;;;;2;;98;;;;;;;;;;;;;;;;;;;;;;;;;;;;;;;;2;2;4;4;4;4;4;4;4;4;1;1;1;4;4;3;1;1;1;1;1;3;3;1;;;1;3;4;3;1;4;6;;1;6;1;;2;1;0;1;;2;2;0,82012111
18838;1;1;3;2;6;;1;4;2;;;;;;;;;;;;;;;;;;;;;;;;;;;;;;;;;1;1;1;1;2;1;2;2;2;1;1;1;1;;;;;;;;;;;;;1;8;8;1;2;1;2;2;4;2;3;3;3;2;2;3;2;3;1;1;1;1;2;;1;3;;4;;;;;;;;;;;;;;;;;;4;;3;;;;;;;;;;;;;;2;;98;;;;;;;;;;;;;;;;;;;;;;;;;;;;;;;;2;2;3;4;4;4;4;4;4;4;2;1;1;4;3;4;2;2;1;2;2;3;4;4;;;3;2;3;3;1;3;6;;2;6;1;;2;1;0;1;;2;3;3,42913675
18903;1;6;1;1;6;;1;4;4;;;;;;;;;;;;;;;;;;;;;;;;;;;;;;;;;1;2;2;1;2;2;1;1;2;1;1;1;2;1;;;;;;;;;;;;2;8;8;2;3;2;2;2;1;3;2;2;2;2;3;2;1;2;2;1;2;1;2;;2;;;;;;;;;;;;;;;;;;;;;;;;;;;;;;;;;;;;;1;1;5;;;;;;;;;;;;;;;;;;;;;;;;;;;;;;;;9;4;3;4;4;4;4;4;4;4;4;4;4;4;4;4;3;9;3;2;3;4;3;3;;;2;3;3;3;1;2;1;;2;6;1;;1;2;0;1;;2;5;4,05371332
19021;1;3;2;2;3;;1;4;4;;;;;;;;;;;;;;;;;;;;;;;;;;;;;;;;;1;2;2;1;1;2;1;2;1;1;2;1;2;1;;;;;;;;;;;;1;2;2;2;3;9;2;2;5;3;1;1;1;3;1;2;2;1;1;3;1;2;;;1;3;;4;;;;;;;;;;;;;;;;;;99;;;;;;;;;;;;;;;;1;1;2;;3;;;;;;;;;;;;;;;;;;;;;;;;;;;;;;4;2;3;3;4;4;4;4;4;4;3;2;4;3;2;4;1;1;1;1;1;4;4;4;;;3;2;2;3;2;4;1;;2;6;1;;1;4;2;1;;2;5;0,94338685
19062;1;6;1;1;6;;1;4;1;;;;;;;;;;;;;;;;;;;;;;;;;;;;;;;;;1;1;1;2;2;1;2;1;2;1;1;1;1;;;;;;;;;;;;;1;9;9;1;2;2;2;1;2;2;2;2;3;5;2;3;3;2;1;1;3;2;;;1;3;;4;;;;;;;;;;;;;;;;;;3;;4;;;;;;;;;;;;;;2;;98;;;;;;;;;;;;;;;;;;;;;;;;;;;;;;;;1;2;3;1;9;4;4;4;4;9;1;1;1;3;2;4;2;1;2;2;2;2;4;9;;;5;3;3;3;1;7;6;;2;6;1;;2;1;0;1;;2;3;1,08958244
19112;1;8;3;3;5;;1;4;3;;;;;;;;;;;;;;;;;;;;;;;;;;;;;;;;;1;1;2;2;1;1;1;1;2;1;1;1;2;8;FRERE;;;;;;;;;;;1;0;0;9;9;3;3;1;1;4;1;3;2;3;2;2;3;1;1;3;4;1;2;;1;3;;;;;;;;;;;;;;;;;;;;3;;;;;;;;;;;;;;;;2;;98;;;;;;;;;;;;;;;;;;;;;;;;;;;;;;;;3;3;2;9;4;4;4;1;4;4;1;4;4;4;3;2;2;2;3;3;3;4;1;2;;;1;1;3;3;1;5;6;;2;6;1;;2;1;0;1;;2;2;0,14460243
19129;1;2;3;3;3;;1;4;1;;;;;;;;;;;;;;;;;;;;;;;;;;;;;;;;;1;1;1;2;2;1;1;1;2;1;1;1;2;3;;;;;;;;;;1;1;1;8;7;1;2;2;2;2;3;2;3;3;3;2;3;4;2;3;1;1;4;1;2;;1;3;;4;;6;;7;;;;;;;;;;;;;;3;;;;;;;;;;;;;;;;2;;98;;;;;;;;;;;;;;;;;;;;;;;;;;;;;;;;1;1;2;3;2;3;4;3;4;4;2;2;2;2;1;2;1;1;2;1;1;3;9;9;;;4;4;4;3;2;3;1;;2;4;1;;2;1;1;1;;2;3;0,71541643
19185;1;6;1;1;4;;1;4;1;;;;;;;;;;;;;;;;;;;;;;;;;;;;;;;;;1;2;2;1;2;2;2;1;1;1;1;1;2;1;;;;;;;;;;;;1;10;5;2;1;3;3;3;3;4;2;4;2;3;3;3;3;1;1;2;4;1;2;;1;2;;3;;5;;;;;;;;;;;;;;;;3;;1;;2;;4;;;;;;;;;;1;1;98;;;;;;;;;;;;;;;;;;;;;;;;;;;;;;;;1;1;1;1;2;4;4;1;1;4;1;1;3;1;3;4;1;1;1;2;1;1;1;4;;;1;3;3;3;2;9;1;;2;6;1;;1;2;2;1;;2;99;0,86757064
19208;1;14;3;2;6;;1;4;1;;;;;;;;;;;;;;;;;;;;;;;;;;;;;;;;;1;1;1;2;2;1;1;1;1;1;1;2;2;1;;;;;;;;;;;;1;10;10;1;1;2;2;2;1;1;2;2;1;2;2;3;1;1;1;1;4;1;2;;1;3;;;;;;;;;;;;;;;;;;;;3;;;;;;;;;;;;;;;;2;;98;;;;;;;;;;;;;;;;;;;;;;;;;;;;;;;;1;2;3;4;4;4;4;4;4;4;1;4;2;2;3;4;1;1;1;1;1;4;4;4;;;1;1;4;3;2;3;6;;1;3;1;;1;2;0;1;;2;3;3,6845355
19247;1;7;3;2;5;;1;4;1;;;;;;;;;;;;;;;;;;;;;;;;;;;;;;;;;1;1;2;2;2;1;1;1;2;1;1;2;1;;;;;;;;;;;;;1;10;10;1;3;2;2;1;2;3;4;2;3;2;3;3;2;2;1;1;4;1;2;;1;6;;;;;;;;;;;;;;;;;;;;4;;;;;;;;;;;;;;;;1;1;98;;;;;;;;;;;;;;;;;;;;;;;;;;;;;;;;2;2;4;2;4;4;4;4;4;4;1;2;3;3;1;3;1;1;2;2;2;4;3;3;;;2;3;3;3;1;4;1;;2;6;1;;1;4;0;1;;2;3;0,63028711
19307;1;16;1;1;6;;1;4;1;;;;;;;;;;;;;;;;;;;;;;;;;;;;;;;;;1;1;1;1;2;1;2;2;2;1;1;1;2;1;;;;;;;;;;;;1;9;7;1;2;2;2;1;3;2;3;2;3;2;3;4;2;3;1;1;4;1;2;;1;1;;5;;;;;;;;;;;;;;;;;;4;;;;;;;;;;;;;;;;2;;98;;;;;;;;;;;;;;;;;;;;;;;;;;;;;;;;2;2;4;3;3;4;4;3;4;4;1;1;2;3;2;4;1;1;2;2;2;4;3;1;;;3;3;4;3;1;5;6;;2;6;1;;1;2;0;1;;2;5;0,96949446
19380;1;15;1;1;4;;1;4;1;;;;;;;;;;;;;;;;;;;;;;;;;;;;;;;;;1;2;2;2;2;1;1;2;2;1;1;1;1;;;;;;;;;;;;;1;8;10;2;2;4;3;3;2;4;4;2;2;4;2;2;2;2;2;5;3;1;2;;2;;;;;;;;;;;;;;;;;;;;;;;;;;;;;;;;;;;;;1;1;98;;;;;;;;;;;;;;;;;;;;;;;;;;;;;;;;1;1;1;1;4;3;4;4;4;4;1;2;3;2;2;4;2;2;9;2;3;9;4;4;;;1;2;4;3;2;7;1;;2;6;1;;1;1;0;1;;2;99;0,86757064
19425;1;16;3;2;3;;1;4;3;;;;;;;;;;;;;;;;;;;;;;;;;;;;;;;;;1;2;1;1;2;1;1;1;2;1;1;1;2;1;;3;;;;;;;;1;1;1;9;8;1;2;3;1;1;3;3;3;4;1;4;2;4;3;1;1;1;4;1;2;;2;;;;;;;;;;;;;;;;;;;;;;;;;;;;;;;;;;;;;1;1;1;;3;;;;;;;;;;;;;;2;;;;;;;;;;;;;;;;2;1;2;1;2;4;4;1;2;4;4;3;1;3;1;1;1;1;1;2;1;3;2;3;;;1;2;2;1;1;8;1;;2;5;1;;1;2;3;2;5;2;5;0,98674732
19469;1;11;3;3;6;;1;4;1;;;;;;;;;;;;;;;;;;;;;;;;;;;;;;;;;1;1;1;1;2;1;2;1;2;1;1;1;2;1;;;;;;;;;;;;1;10;9;1;2;2;2;2;3;2;3;3;3;2;3;3;2;3;1;2;3;1;2;;1;2;;4;;7;;;;;;;;;;;;;;;;4;;1;;;;;;;;;;;;;;1;1;6;PUBLICITÉ TÉLÉVISÉE;;;;;;;;;;;;;;;;;;;;;;;;;;;;;;;2;2;4;4;3;4;4;4;4;4;1;3;4;3;3;3;1;2;2;2;2;3;3;3;;;2;3;3;3;1;7;6;;2;6;1;;1;2;0;1;;2;4;0,21145961
19479;1;13;1;1;6;;1;4;1;;;;;;;;;;;;;;;;;;;;;;;;;;;;;;;;;1;1;2;1;2;1;2;1;2;1;1;1;2;4;;;;;;;;;;;;1;10;6;9;1;3;2;1;3;2;3;3;5;2;5;4;2;2;1;2;3;1;2;;1;1;;4;;5;;6;;;;;;;;;;;;;;4;;2;;3;;;;;;;;;;;;1;1;2;;;;;;;;;;;;;;;;;;;;;;;;;;;;;;;;2;2;4;4;2;4;4;2;4;4;1;1;1;4;4;4;2;2;2;2;2;2;2;2;;;1;1;1;3;1;8;6;;2;6;1;;2;3;0;2;5;2;7;1,08958244
19502;1;12;3;2;4;;1;4;1;;;;;;;;;;;;;;;;;;;;;;;;;;;;;;;;;1;1;2;1;2;1;1;1;2;1;1;1;2;1;;;;;;;;;;;;1;8;9;2;2;3;2;2;3;2;3;2;2;2;2;3;1;2;1;2;4;2;;;1;3;;4;;;;;;;;;;;;;;;;;;4;;3;;;;;;;;;;;;;;1;1;98;;;;;;;;;;;;;;;;;;;;;;;;;;;;;;;;2;3;4;4;4;4;4;4;4;4;1;3;3;2;2;4;1;1;1;1;2;4;4;4;;;2;2;4;3;2;3;1;;2;4;1;;1;2;0;1;;2;4;2,18957973
19514;1;15;1;1;4;;1;4;1;;;;;;;;;;;;;;;;;;;;;;;;;;;;;;;;;1;2;2;1;2;1;1;1;2;1;1;1;2;3;;;;;;;;;;2;;1;7;8;1;2;2;2;2;2;2;3;2;2;2;1;3;2;3;1;2;3;1;2;;2;;;;;;;;;;;;;;;;;;;;;;;;;;;;;;;;;;;;;1;1;1;;3;;;;;;;;;;;;;;2;;;;;;;;;;;;;;;;3;1;2;1;1;2;4;4;2;4;4;4;4;4;2;3;1;1;2;2;2;2;9;2;;;2;3;3;2;2;7;1;;2;6;1;;1;3;2;1;;9;6;0,86757064
19565;1;6;1;1;6;;1;4;1;;;;;;;;;;;;;;;;;;;;;;;;;;;;;;;;;1;1;1;1;2;1;1;1;2;1;1;2;1;;;;;;;;;;;;;1;8;10;1;3;1;1;2;2;2;2;3;2;2;2;3;2;2;1;1;1;1;2;;2;;;;;;;;;;;;;;;;;;;;;;;;;;;;;;;;;;;;;1;1;98;;;;;;;;;;;;;;;;;;;;;;;;;;;;;;;;3;2;4;4;4;4;4;4;4;4;1;2;4;4;3;4;1;1;1;1;1;2;4;3;;;3;2;4;3;1;6;6;;1;2;1;;1;2;0;1;;2;3;0,96949446
19575;1;16;3;2;4;;1;4;1;;;;;;;;;;;;;;;;;;;;;;;;;;;;;;;;;1;1;1;1;2;1;1;1;1;1;1;1;1;;;;;;;;;;;;;1;10;10;1;1;3;3;3;1;2;1;3;2;3;2;3;2;2;1;2;4;1;2;;1;4;;7;;;;;;;;;;;;;;;;;;3;;4;LES APPUYER;;;;;;;;;;;;;1;1;98;;;;;;;;;;;;;;;;;;;;;;;;;;;;;;;;1;2;3;4;1;4;4;4;4;4;1;1;1;1;1;4;1;2;1;1;1;4;4;3;;;1;1;4;1;1;5;1;;2;6;1;;1;3;0;1;;2;6;0,48736537
19590;1;1;3;2;6;;1;4;2;;;;;;;;;;;;;;;;;;;;;;;;;;;;;;;;;1;1;1;1;1;1;1;1;1;1;1;1;1;;;;;;;;;;;;;1;9;8;1;2;2;2;1;2;2;4;2;1;1;1;2;1;1;2;1;2;1;2;;2;;;;;;;;;;;;;;;;;;;;;;;;;;;;;;;;;;;;;1;1;98;;;;;;;;;;;;;;;;;;;;;;;;;;;;;;;;2;3;1;1;1;2;1;1;2;1;1;4;3;3;1;1;1;1;1;1;2;4;1;1;;;1;3;4;1;2;3;6;;2;6;1;;1;2;0;1;;2;3;3,6845355
19617;1;4;3;2;6;;1;4;1;;;;;;;;;;;;;;;;;;;;;;;;;;;;;;;;;1;1;1;1;2;1;1;1;1;1;1;9;1;;;;;;;;;;;;;1;7;8;1;2;2;2;1;2;2;3;2;2;2;5;2;3;2;1;2;4;1;2;;1;3;;;;;;;;;;;;;;;;;;;;3;;;;;;;;;;;;;;;;2;;98;;;;;;;;;;;;;;;;;;;;;;;;;;;;;;;;2;2;9;9;9;4;4;4;4;4;1;1;1;1;1;4;2;2;2;2;2;4;4;3;;;3;2;4;3;1;4;6;;2;6;1;;3;1;0;1;;2;99;0,82012111
19650;1;16;1;1;6;;1;4;1;;;;;;;;;;;;;;;;;;;;;;;;;;;;;;;;;1;2;2;1;2;1;1;1;1;1;1;1;1;;;;;;;;;;;;;1;5;2;1;3;2;3;3;1;3;3;2;2;3;1;3;3;5;1;5;4;1;2;;2;;;;;;;;;;;;;;;;;;;;;;;;;;;;;;;;;;;;;2;;98;;;;;;;;;;;;;;;;;;;;;;;;;;;;;;;;2;2;3;4;4;4;4;4;4;4;2;1;4;4;2;4;2;2;2;2;2;4;4;2;;;5;1;4;3;2;8;6;;2;6;1;;2;1;0;1;;2;3;1,17072916
19683;1;3;3;1;6;;1;4;1;;;;;;;;;;;;;;;;;;;;;;;;;;;;;;;;;1;1;1;2;1;1;1;1;1;1;1;1;1;;;;;;;;;;;;;1;9;10;1;2;2;1;1;3;1;4;2;3;2;3;4;3;1;1;1;4;1;2;;2;;;;;;;;;;;;;;;;;;;;;;;;;;;;;;;;;;;;;2;;98;;;;;;;;;;;;;;;;;;;;;;;;;;;;;;;;3;2;3;1;4;4;4;4;4;4;4;1;4;4;1;4;1;1;1;1;3;3;3;2;;;1;1;4;3;1;8;6;;2;5;1;;9;1;0;1;;2;99;1,08958244
19739;1;15;1;2;4;;1;4;1;;;;;;;;;;;;;;;;;;;;;;;;;;;;;;;;;1;1;2;1;2;1;1;1;2;1;1;1;2;1;;;;;;;;;;;;1;8;8;2;2;2;1;2;1;4;1;2;1;5;1;2;4;1;1;1;1;1;2;;2;;;;;;;;;;;;;;;;;;;;;;;;;;;;;;;;;;;;;1;1;98;;;;;;;;;;;;;;;;;;;;;;;;;;;;;;;;2;2;4;2;2;4;4;4;4;4;1;3;1;2;2;2;2;2;2;2;2;4;2;2;;;1;4;4;2;1;8;1;;2;5;1;;1;2;0;3;5;2;7;0,54773313
19819;1;8;3;3;3;;1;4;1;;;;;;;;;;;;;;;;;;;;;;;;;;;;;;;;;1;1;1;2;2;1;1;1;2;1;1;1;2;1;;;;;;;;;;;;1;7;9;1;2;3;2;2;3;2;3;2;2;3;2;3;3;2;1;2;1;1;2;;1;3;;4;;;;;;;;;;;;;;;;;;3;;;;;;;;;;;;;;;;1;1;98;;;;;;;;;;;;;;;;;;;;;;;;;;;;;;;;3;3;4;4;4;3;4;4;4;4;2;2;3;3;3;4;2;1;2;2;2;4;4;4;;;3;1;3;3;1;3;1;;2;6;1;;1;4;1;1;;2;5;0,66582835
19826;1;6;1;1;4;;1;4;4;;;;;;;;;;;;;;;;;;;;;;;;;;;;;;;;;1;2;2;1;2;1;1;1;1;1;1;1;2;1;;3;;;;;;;;2;;1;5;7;2;2;2;2;3;2;2;4;2;3;3;2;2;3;2;2;2;2;1;2;;2;;;;;;;;;;;;;;;;;;;;;;;;;;;;;;;;;;;;;1;1;1;;;;;;;;;;;;;;;;3;;;;;;;;;;;;;;;;2;2;4;2;4;4;4;4;4;4;3;2;1;1;2;3;1;1;2;2;2;3;3;3;;;2;4;3;3;2;5;1;;2;6;1;;1;3;1;1;;2;6;0,77195251
19835;1;16;3;2;3;;1;4;2;;;;;;;;;;;;;;;;;;;;;;;;;;;;;;;;;2;1;2;2;2;2;1;2;2;2;2;2;2;1;;3;;;;;;;;1;1;4;9;7;2;2;3;4;4;1;4;1;2;1;3;1;1;4;1;4;3;1;1;1;;2;;;;;;;;;;;;;;;;;;;;;;;;;;;;;;;;;;;;;1;2;98;;;;;;;;;;;;;;;;;;;;;;;;;;;;;;;;3;3;4;2;1;4;4;3;4;4;4;3;2;1;4;1;1;1;1;4;1;4;1;3;;;4;4;4;3;1;5;1;;1;3;1;;1;2;1;1;;2;2;0,87799472
19906;1;2;3;3;3;;1;4;4;;;;;;;;;;;;;;;;;;;;;;;;;;;;;;;;;1;1;2;2;2;1;1;1;2;1;1;1;1;;;;;;;;;;;;;1;10;10;1;1;1;2;2;2;1;2;2;4;4;1;1;1;1;1;1;1;1;2;;1;1;;;;;;;;;;;;;;;;;;;;3;;4;;;;;;;;;;;;;;1;1;98;;;;;;;;;;;;;;;;;;;;;;;;;;;;;;;;4;4;4;4;4;4;4;4;4;4;2;1;3;4;2;9;9;9;9;9;9;9;9;9;;;4;1;3;3;2;2;4;;3;6;1;;2;3;1;1;;2;1;0,71541643
19943;1;15;1;1;5;;1;4;1;;;;;;;;;;;;;;;;;;;;;;;;;;;;;;;;;1;1;1;1;2;1;1;1;2;1;1;1;2;1;;;;;;;;;;;;1;8;10;1;2;2;1;2;3;1;4;1;3;1;4;4;1;4;1;1;1;1;2;;9;;;;;;;;;;;;;;;;;;;;;;;;;;;;;;;;;;;;;1;1;1;;;;;;;;;;;;;;;;2;;;;;;;;;;;;;;;;3;2;4;4;4;4;3;4;4;3;2;4;3;3;2;9;1;3;2;1;1;9;1;9;;;5;4;3;1;2;3;1;;2;6;1;;1;2;0;1;;2;4;3,34743714
19964;1;6;1;1;5;;1;4;1;;;;;;;;;;;;;;;;;;;;;;;;;;;;;;;;;1;2;1;1;2;1;1;1;2;1;1;1;1;;;;;;;;;;;;;1;10;10;1;1;2;1;2;3;2;4;3;3;3;2;4;2;2;1;1;4;1;2;;2;;;;;;;;;;;;;;;;;;;;;;;;;;;;;;;;;;;;;2;;98;;;;;;;;;;;;;;;;;;;;;;;;;;;;;;;;2;1;2;1;1;4;4;1;4;4;1;1;1;1;1;3;1;1;1;1;1;3;2;2;;;3;3;3;3;1;5;1;;2;6;1;;2;1;0;1;;2;3;0,74508673
19974;2;13;1;1;6;;1;1;1;2;1;2;2;1;2;2;2;2;2;2;2;2;2;2;2;97;UN PARTI QUI AURAIT PROPOSÉ UNE VISION D'AVENIR DU QUÉBEC, DE GRANDS PROJETS DE SOCIÉTÉ AURAIT EU MON ÉCOUTE.;;;;;;;;;;;;;;;;;;;;;;;;2;2;1;;;;;;;;;;;;;;2;9;3;1;2;2;4;4;1;2;4;4;2;4;1;2;4;1;4;2;3;1;;2;1;3;;4;;6;;;;;;;;;;;;;;;;4;;3;;;;;;;;;;;;;;1;1;1;;;;;;;;;;;;;;;;2;;;;;;;;;;;;;;;;2;1;3;4;4;4;4;3;4;4;1;1;4;4;1;4;2;2;2;1;1;2;4;2;;;1;4;4;3;1;5;6;;9;6;1;;1;2;0;1;;2;6;0,86403853
19977;1;15;1;1;4;;1;4;1;;;;;;;;;;;;;;;;;;;;;;;;;;;;;;;;;1;1;1;2;2;1;2;1;2;1;1;1;2;1;;;;;;;;;;;;1;10;10;1;1;2;2;1;3;2;3;2;2;3;2;2;2;2;1;1;3;1;2;;1;3;;;;;;;;;;;;;;;;;;;;3;;;;;;;;;;;;;;;;1;1;2;;3;;;;;;;;;;;;;;;;;;;;;;;;;;;;;;1;1;2;3;1;4;4;1;3;4;1;1;1;1;1;3;1;1;1;1;2;3;2;4;;;2;4;3;3;1;7;1;;2;5;1;;1;2;2;1;;2;6;0,80743265
19978;1;16;1;2;6;;1;4;1;;;;;;;;;;;;;;;;;;;;;;;;;;;;;;;;;1;1;2;1;2;1;1;1;1;1;1;1;1;;;;;;;;;;;;;1;8;8;2;2;2;2;2;2;3;2;2;2;2;2;3;3;2;1;1;3;1;2;;2;;;;;;;;;;;;;;;;;;;;;;;;;;;;;;;;;;;;;2;;1;;;;;;;;;;;;;;;;4;;;;;;;;;;;;;;;;2;2;3;2;4;4;4;4;4;4;1;3;3;3;2;4;1;1;3;1;2;4;4;4;;;2;2;4;3;2;7;1;;2;6;1;;2;1;0;1;;2;3;0,99035168
20001;1;2;3;3;6;;1;4;1;;;;;;;;;;;;;;;;;;;;;;;;;;;;;;;;;1;1;2;2;2;1;1;1;1;1;1;2;1;;;;;;;;;;;;;1;7;7;1;2;2;2;1;1;3;3;1;2;3;1;3;2;1;1;1;3;2;;;9;;;;;;;;;;;;;;;;;;;;;;;;;;;;;;;;;;;;;2;;98;;;;;;;;;;;;;;;;;;;;;;;;;;;;;;;;2;3;1;9;3;3;2;4;9;3;2;3;2;3;3;4;1;1;1;1;1;4;3;1;;;1;1;4;3;1;3;6;;2;4;1;;2;1;0;1;;2;2;0,78672314
20133;1;6;1;1;3;;1;4;1;;;;;;;;;;;;;;;;;;;;;;;;;;;;;;;;;1;1;1;1;1;1;1;2;1;1;1;1;1;;;;;;;;;;;;;1;10;8;1;1;1;2;2;2;2;2;2;3;2;1;3;3;2;1;1;2;1;1;;2;;;;;;;;;;;;;;;;;;;;;;;;;;;;;;;;;;;;;1;1;1;;2;;3;;;;;;;;;;;;1;;2;;;;;;;;;;;;;;2;2;3;1;4;4;4;4;4;4;1;1;1;1;1;1;1;2;1;1;1;2;2;3;;;2;1;3;3;1;7;1;;2;6;1;;1;2;2;1;;2;8;1,45460439
20208;1;14;3;2;4;;1;4;1;;;;;;;;;;;;;;;;;;;;;;;;;;;;;;;;;1;1;1;1;2;1;1;1;2;1;1;1;1;;;;;;;;;;;;;1;9;8;1;2;3;3;2;3;4;3;2;2;2;2;4;2;1;1;1;4;1;2;;2;;;;;;;;;;;;;;;;;;;;;;;;;;;;;;;;;;;;;1;1;98;;;;;;;;;;;;;;;;;;;;;;;;;;;;;;;;2;2;2;1;3;3;4;4;4;4;3;2;2;3;1;4;2;1;2;2;2;4;2;4;;;2;5;3;1;1;7;1;;9;6;1;;2;2;0;1;;2;99;0,54773313
20274;1;6;1;1;6;;1;4;4;;;;;;;;;;;;;;;;;;;;;;;;;;;;;;;;;1;1;2;2;2;1;1;1;2;1;1;1;2;1;;;;;;;;;;;;1;6;6;1;2;2;2;2;3;2;3;3;3;2;3;3;2;3;1;2;3;1;2;;1;1;;3;;;;;;;;;;;;;;;;;;1;;;;;;;;;;;;;;;;1;1;1;;;;;;;;;;;;;;;;3;;;;;;;;;;;;;;;;3;2;4;4;3;4;4;4;4;4;1;2;3;3;2;4;1;2;2;2;2;3;3;3;;;1;2;3;1;1;6;6;;2;4;1;;1;2;0;1;;2;8;0,96949446
20292;1;15;3;2;5;;1;4;1;;;;;;;;;;;;;;;;;;;;;;;;;;;;;;;;;1;1;2;1;2;1;1;2;2;1;1;1;2;3;;;;;;;;;;2;;1;7;8;2;2;2;2;2;2;2;1;2;2;3;2;3;2;1;1;3;3;1;2;;1;3;;4;;;;;;;;;;;;;;;;;;4;;3;;;;;;;;;;;;;;1;1;98;;;;;;;;;;;;;;;;;;;;;;;;;;;;;;;;3;2;3;4;4;4;4;4;4;4;2;3;1;3;3;4;2;1;2;2;2;2;3;3;;;2;2;2;3;1;7;6;;2;6;1;;1;4;0;1;;2;3;0,70835632
20303;1;6;1;1;6;;1;4;1;;;;;;;;;;;;;;;;;;;;;;;;;;;;;;;;;1;1;1;2;2;1;2;1;2;1;1;1;1;;;;;;;;;;;;;1;8;8;1;2;2;1;1;2;2;3;2;2;2;2;3;2;1;2;2;1;2;;;1;2;;4;;5;;;;;;;;;;;;;;;;2;;3;;;;;;;;;;;;;;2;;98;;;;;;;;;;;;;;;;;;;;;;;;;;;;;;;;2;2;3;2;4;4;4;4;4;4;2;1;3;3;2;4;2;2;2;2;2;4;4;4;;;4;1;4;3;2;5;1;;2;6;1;;2;1;0;1;;2;6;1,04170036
20346;1;6;1;1;2;;1;4;1;;;;;;;;;;;;;;;;;;;;;;;;;;;;;;;;;1;2;1;1;2;1;1;1;1;1;1;1;1;;;;;;;;;;;;;1;5;8;1;2;4;1;4;1;4;4;1;1;4;1;3;3;1;1;1;5;1;2;;2;;;;;;;;;;;;;;;;;;;;;;;;;;;;;;;;;;;;;1;2;2;;3;;;;;;;;;;;;;;;;;;;;;;;;;;;;;;3;3;4;2;3;4;4;4;4;4;3;3;3;3;3;4;1;1;1;1;1;4;4;2;2;2;1;2;1;3;2;8;1;;1;5;2;;1;4;0;1;;2;3;0,45117819
20382;1;4;3;2;4;;1;4;2;;;;;;;;;;;;;;;;;;;;;;;;;;;;;;;;;1;1;1;2;2;1;1;1;2;1;1;1;2;1;;;;;;;;;;;;1;7;5;2;2;2;2;2;2;2;2;2;2;2;2;3;3;2;2;2;3;1;2;;1;3;;4;;;;;;;;;;;;;;;;;;7;ALLEZ VOUS ALLEZ VOTER?;;;;;;;;;;;;;;;1;1;98;;;;;;;;;;;;;;;;;;;;;;;;;;;;;;;;2;2;3;4;4;4;4;4;4;4;1;4;1;4;1;4;2;2;2;2;2;2;4;4;;;2;2;4;9;1;7;1;;2;6;1;;1;2;0;1;;2;99;0,54773313
20433;1;4;3;2;4;;1;4;1;;;;;;;;;;;;;;;;;;;;;;;;;;;;;;;;;1;2;1;1;2;2;1;1;2;1;1;1;2;3;;;;;;;;;;1;2;2;10;10;1;2;2;1;2;3;2;3;3;3;2;3;3;2;3;1;1;3;1;2;;9;;;;;;;;;;;;;;;;;;;;;;;;;;;;;;;;;;;;;1;1;98;PAS BESOIN D'ENCOURAGEMENTS;;;;;;;;;;;;;;;;;;;;;;;;;;;;;;;1;1;1;1;1;4;4;1;2;2;1;1;1;4;1;1;1;1;1;1;1;3;2;3;;;1;4;4;3;1;7;1;;2;6;1;;1;2;2;1;;2;7;0,54773313
20446;1;6;1;1;4;;1;4;1;;;;;;;;;;;;;;;;;;;;;;;;;;;;;;;;;1;2;2;2;1;1;1;1;2;1;1;2;1;;;;;;;;;;;;;1;8;5;1;2;3;2;2;3;3;4;4;2;4;2;3;3;1;1;2;4;1;2;;1;3;;5;;7;;;;;;;;;;;;;;;;1;;2;;3;;;;;;;;;;;;2;;98;;;;;;;;;;;;;;;;;;;;;;;;;;;;;;;;1;1;1;2;2;4;4;3;4;4;1;1;2;1;1;4;1;1;1;2;1;3;3;1;;;1;4;3;3;1;6;1;;1;5;1;;2;1;0;1;;2;3;0,71844256
20485;1;16;1;2;6;;1;4;1;;;;;;;;;;;;;;;;;;;;;;;;;;;;;;;;;2;2;2;2;2;2;1;2;2;1;1;1;2;1;;;;;;;;;;;;1;4;4;2;3;3;3;3;1;3;2;3;1;4;1;2;3;1;2;2;3;1;2;;1;3;;;;;;;;;;;;;;;;;;;;99;;;;;;;;;;;;;;;;1;1;98;;;;;;;;;;;;;;;;;;;;;;;;;;;;;;;;2;2;4;4;4;4;4;4;4;4;1;3;3;2;1;4;3;4;2;2;2;4;4;4;;;1;2;4;3;1;7;6;;2;6;2;;1;2;0;1;;2;2;0,92170042
20536;1;16;3;1;5;;1;4;1;;;;;;;;;;;;;;;;;;;;;;;;;;;;;;;;;1;1;1;1;2;1;1;1;2;1;1;1;2;2;;;;;;;;;;;;2;7;7;1;2;1;2;2;4;2;4;2;3;1;3;4;2;2;1;1;1;1;2;;1;4;;6;;;;;;;;;;;;;;;;;;4;;;;;;;;;;;;;;;;1;1;98;;;;;;;;;;;;;;;;;;;;;;;;;;;;;;;;1;2;4;4;4;4;4;4;4;4;1;2;3;1;1;4;2;2;1;2;2;3;3;4;;;3;3;4;3;1;5;6;;2;6;1;;2;3;0;1;;2;5;0,74508673
20543;2;6;1;1;6;;1;1;1;2;2;2;1;1;2;2;2;2;2;2;2;2;2;2;2;97;UN SYSTÈME DIFFÉRENT COMME LE VOTE PROPORTIONNEL.;;;;;;;;;;;;;;;;;;;;;;;;2;1;1;;;;;;;;;;;;;;4;8;8;1;2;4;2;2;1;4;1;3;1;4;2;4;4;1;4;3;4;1;;2;2;;;;;;;;;;;;;;;;;;;;;;;;;;;;;;;;;;;;;2;;98;;;;;;;;;;;;;;;;;;;;;;;;;;;;;;;;2;2;2;1;2;4;4;4;4;4;4;3;1;2;4;4;1;1;2;1;1;1;1;1;;;2;4;4;3;1;8;6;;2;6;1;;2;1;0;1;;2;2;0,97106183
20572;2;2;3;3;6;;1;1;2;2;2;2;2;2;1;2;2;2;2;1;2;2;2;2;2;9;SI LE VOTE PAR ANTICIPATION AURAIS EU LIEU LE DIMANCHE J'AURAIS PU ALLÉ VOTÉ;;;;;;;;;;;;;;;;;;;;;;;;9;9;9;;;;;;;;;;;;;;1;1;0;2;4;3;1;2;1;2;2;1;1;2;1;1;1;1;1;2;2;2;;;1;4;;;;;;;;;;;;;;;;;;;;4;;;;;;;;;;;;;;;;2;;98;;;;;;;;;;;;;;;;;;;;;;;;;;;;;;;;2;2;4;4;4;4;4;4;4;4;1;2;2;4;2;4;1;1;1;1;1;4;4;4;;;4;4;3;3;2;3;6;;2;6;1;;2;1;0;1;;2;1;0,28607252
20576;1;16;1;2;3;;1;4;1;;;;;;;;;;;;;;;;;;;;;;;;;;;;;;;;;1;1;1;1;2;1;1;1;2;1;1;1;1;;;;;;;;;;;;;1;10;10;1;1;3;1;2;3;1;4;4;3;2;3;4;1;2;1;1;4;1;2;;1;3;;4;;5;;;;;;;;;;;;;;;;1;;4;;;;;;;;;;;;;;1;1;98;;;;;;;;;;;;;;;;;;;;;;;;;;;;;;;;2;2;2;4;1;4;4;4;3;4;2;2;2;2;1;3;1;1;1;1;1;1;3;1;;;1;4;1;3;1;7;1;;2;6;1;;1;2;2;1;;2;8;0,98674732
20596;1;14;1;1;4;;1;4;1;;;;;;;;;;;;;;;;;;;;;;;;;;;;;;;;;1;1;1;2;2;1;1;1;1;1;1;1;2;1;;;;;;;;;;;;1;5;7;1;3;1;2;1;2;2;4;2;3;2;3;4;3;2;1;1;3;1;2;;2;;;;;;;;;;;;;;;;;;;;;;;;;;;;;;;;;;;;;1;1;98;;;;;;;;;;;;;;;;;;;;;;;;;;;;;;;;3;2;2;2;4;4;4;4;4;4;1;3;3;2;3;4;2;2;1;2;2;1;4;9;;;4;2;4;3;1;6;1;;2;6;1;;1;2;0;1;;2;7;0,71844256
20655;1;9;3;3;5;;1;4;2;;;;;;;;;;;;;;;;;;;;;;;;;;;;;;;;;1;1;2;2;2;1;1;1;2;1;1;1;1;;;;;;;;;;;;;1;10;10;9;3;4;1;1;1;1;1;1;1;4;1;1;4;1;1;1;1;2;;;2;;;;;;;;;;;;;;;;;;;;;;;;;;;;;;;;;;;;;2;;98;;;;;;;;;;;;;;;;;;;;;;;;;;;;;;;;2;4;2;4;4;4;4;4;4;4;2;3;4;4;3;4;1;1;1;1;1;4;3;3;;;1;1;1;3;2;1;6;;2;6;1;;3;1;0;1;;2;1;0,64965117
20669;2;6;1;1;4;;1;1;1;2;1;2;2;1;2;2;2;2;2;2;2;2;2;2;2;99;;;;;;;;;;;;;;;;;;;;;;;;;2;1;1;;;;;;;;;;;;;;3;2;2;2;2;3;2;2;5;3;1;2;2;2;2;2;5;2;2;2;2;2;;;2;;;;;;;;;;;;;;;;;;;;;;;;;;;;;;;;;;;;;1;1;1;;2;;3;;;;;;;;;;;;2;;;;;;;;;;;;;;;;3;2;4;4;4;4;4;4;4;4;3;3;2;2;3;9;2;2;2;2;2;9;9;9;;;1;3;5;3;1;5;1;;1;5;1;;1;1;0;3;5;2;4;2,22306108
20683;1;14;1;1;3;;1;4;1;;;;;;;;;;;;;;;;;;;;;;;;;;;;;;;;;1;2;1;1;2;1;1;1;1;1;1;1;1;;;;;;;;;;;;;1;5;6;2;2;2;2;3;3;2;3;2;2;3;2;3;2;1;1;1;4;1;2;;1;3;;4;;7;;;;;;;;;;;;;;;;3;;4;;;;;;;;;;;;;;1;1;1;;2;;3;;5;;;;;;;;;;1;;2;;3;;;;;;;;;;;;2;2;4;1;1;4;4;3;1;4;2;2;2;1;3;4;4;2;1;1;1;4;1;1;;;4;2;4;3;1;5;1;;2;5;1;;1;2;3;1;;8;99;1,29428685
20684;1;11;3;3;6;;1;4;1;;;;;;;;;;;;;;;;;;;;;;;;;;;;;;;;;1;1;1;2;2;1;1;1;2;1;1;1;2;1;;;;;;;;;;;;1;8;8;1;1;3;2;2;3;2;2;2;2;3;2;3;2;2;2;2;3;1;2;;1;3;;;;;;;;;;;;;;;;;;;;2;;;;;;;;;;;;;;;;1;1;98;;;;;;;;;;;;;;;;;;;;;;;;;;;;;;;;1;2;4;4;4;4;2;4;4;4;1;1;2;1;2;4;2;2;2;2;2;4;4;4;;;3;3;3;3;1;6;6;;2;6;1;;1;2;0;1;;2;4;0,18815424
20750;1;16;1;1;5;;1;4;1;;;;;;;;;;;;;;;;;;;;;;;;;;;;;;;;;1;1;2;1;2;1;2;1;2;1;1;1;1;;;;;;;;;;;;;1;7;7;1;3;3;2;2;3;3;4;2;3;3;2;2;2;2;2;2;3;1;2;;1;4;;;;;;;;;;;;;;;;;;;;3;;;;;;;;;;;;;;;;2;;98;;;;;;;;;;;;;;;;;;;;;;;;;;;;;;;;3;2;4;4;4;4;4;4;4;4;1;2;2;4;1;4;2;2;2;2;2;3;4;2;;;2;2;3;3;2;7;1;;2;6;1;;2;1;0;1;;2;5;0,89974082
20765;1;1;3;2;5;;1;4;1;;;;;;;;;;;;;;;;;;;;;;;;;;;;;;;;;1;1;1;2;2;1;1;1;2;1;1;1;1;;;;;;;;;;;;;1;7;5;1;2;2;2;2;3;2;3;3;3;3;2;3;2;2;1;2;3;1;2;;1;2;;3;;5;;;;;;;;;;;;;;;;4;;;;;;;;;;;;;;;;2;;98;;;;;;;;;;;;;;;;;;;;;;;;;;;;;;;;1;2;3;1;4;2;4;4;4;3;1;2;2;3;3;3;2;1;3;2;2;4;3;2;;;2;3;3;1;2;4;8;;1;6;1;;2;1;0;1;;2;1;0,67723006
20801;1;6;1;1;5;;1;4;1;;;;;;;;;;;;;;;;;;;;;;;;;;;;;;;;;1;1;1;1;2;1;1;1;2;1;1;1;1;;;;;;;;;;;;;1;10;10;1;2;2;1;2;2;5;4;1;3;2;3;2;1;2;1;1;1;1;2;;1;4;;;;;;;;;;;;;;;;;;;;4;;;;;;;;;;;;;;;;1;1;98;;;;;;;;;;;;;;;;;;;;;;;;;;;;;;;;9;2;4;3;4;4;4;4;4;4;1;1;4;4;4;4;1;1;1;2;1;3;1;1;;;1;4;2;3;1;7;1;;2;5;1;;1;2;0;1;;2;3;0,83737397
20823;2;12;2;2;5;;1;1;1;2;1;2;2;1;2;2;2;2;2;2;2;2;2;2;2;99;;;;;;;;;;;;;;;;;;;;;;;;;1;1;2;;;;;;;;;;;;;;3;6;6;1;1;2;2;2;2;2;1;3;1;3;2;3;3;3;2;2;2;1;;2;1;4;;;;;;;;;;;;;;;;;;;;3;;;;;;;;;;;;;;;;1;1;98;;;;;;;;;;;;;;;;;;;;;;;;;;;;;;;;2;1;4;4;4;4;4;4;4;4;1;1;1;3;4;4;2;2;2;2;2;1;1;1;;;3;4;4;3;1;6;6;;2;6;1;;1;2;0;1;;2;4;0,68249238
20863;1;12;2;1;6;;1;4;1;;;;;;;;;;;;;;;;;;;;;;;;;;;;;;;;;1;1;1;2;2;2;1;1;2;1;1;2;2;1;;;;;;;;;;;;1;8;8;1;2;3;1;2;2;2;2;2;3;3;2;3;3;2;2;2;4;1;2;;2;;;;;;;;;;;;;;;;;;;;;;;;;;;;;;;;;;;;;1;1;98;;;;;;;;;;;;;;;;;;;;;;;;;;;;;;;;1;2;4;3;2;4;4;3;4;4;1;1;3;3;3;3;1;1;1;1;2;2;3;1;;;1;1;4;3;1;4;6;;2;6;1;;1;2;0;1;;2;4;0,96949446
20915;1;6;1;1;5;;1;4;1;;;;;;;;;;;;;;;;;;;;;;;;;;;;;;;;;1;1;1;1;2;1;1;1;1;1;1;1;1;;;;;;;;;;;;;1;9;10;1;2;2;1;2;3;2;3;4;3;2;2;3;2;2;1;1;3;1;2;;1;1;;3;;4;;5;;6;;7;;;;;;;;;;4;;3;;;;;;;;;;;;;;1;1;1;;;;;;;;;;;;;;;;2;;;;;;;;;;;;;;;;4;2;4;1;4;4;4;4;4;4;1;3;3;2;4;4;1;2;2;1;2;4;3;4;;;1;2;4;1;2;6;6;;1;4;1;;1;2;0;1;;2;2;0,80057913
20928;1;3;2;2;4;;1;4;3;;;;;;;;;;;;;;;;;;;;;;;;;;;;;;;;;1;1;2;2;2;1;1;1;2;1;1;1;1;;;;;;;;;;;;;1;8;10;2;1;3;5;1;1;3;2;2;2;3;2;2;2;1;1;2;4;2;;;2;;;;;;;;;;;;;;;;;;;;;;;;;;;;;;;;;;;;;1;1;98;;;;;;;;;;;;;;;;;;;;;;;;;;;;;;;;4;1;3;4;2;4;4;2;2;4;2;1;2;3;1;2;1;1;2;2;1;2;1;3;;;1;1;4;3;1;6;1;;2;6;1;;1;4;2;1;;2;5;0,48736537
20967;1;7;3;2;4;;1;4;1;;;;;;;;;;;;;;;;;;;;;;;;;;;;;;;;;1;1;1;1;2;1;1;1;1;1;1;1;1;;;;;;;;;;;;;1;8;8;1;2;2;2;1;2;2;2;2;2;2;1;3;2;2;1;2;4;1;2;;1;3;;;;;;;;;;;;;;;;;;;;1;;;;;;;;;;;;;;;;1;1;98;;;;;;;;;;;;;;;;;;;;;;;;;;;;;;;;2;9;3;4;1;4;3;3;1;4;1;2;3;2;1;2;1;1;1;1;1;1;1;2;;;1;4;4;3;1;7;1;;2;6;1;;1;2;0;1;;2;8;0,54773313
21007;1;6;1;1;6;;1;4;1;;;;;;;;;;;;;;;;;;;;;;;;;;;;;;;;;1;2;1;2;2;2;1;1;2;1;1;1;1;;;;;;;;;;;;;1;10;10;1;1;1;1;1;3;2;4;4;4;2;2;4;2;4;1;1;1;1;2;;1;5;;;;;;;;;;;;;;;;;;;;2;;4;;;;;;;;;;;;;;1;1;98;;;;;;;;;;;;;;;;;;;;;;;;;;;;;;;;1;2;3;4;4;4;1;4;4;4;1;1;2;4;2;3;1;1;1;1;1;2;2;2;;;1;3;2;3;1;9;6;;1;6;97;ESPAGNOL;1;2;0;3;5;2;4;1,08958244
21014;1;6;1;1;6;;1;4;1;;;;;;;;;;;;;;;;;;;;;;;;;;;;;;;;;1;1;2;2;2;1;1;1;1;1;1;1;1;;;;;;;;;;;;;1;3;5;2;3;3;2;2;1;3;4;2;2;3;1;3;4;1;1;1;2;2;;;1;3;;4;;8;;;;;;;;;;;;;;;;1;;3;;2;;;;;;;;;;;;2;;98;;;;;;;;;;;;;;;;;;;;;;;;;;;;;;;;1;2;1;1;4;3;2;2;2;4;4;1;2;1;4;4;1;1;2;2;2;4;4;1;;;1;2;3;3;2;5;6;;1;1;1;;2;1;0;3;5;2;99;1,04170036
21089;1;5;3;2;5;;1;4;1;;;;;;;;;;;;;;;;;;;;;;;;;;;;;;;;;1;1;1;2;2;1;1;1;2;1;1;1;2;1;;;;;;;;;;;;1;10;10;1;1;2;1;1;4;1;4;4;4;1;4;4;1;3;1;1;4;1;2;;1;6;;;;;;;;;;;;;;;;;;;;1;;3;;;;;;;;;;;;;;1;1;98;;;;;;;;;;;;;;;;;;;;;;;;;;;;;;;;1;1;1;1;1;4;1;1;1;1;1;1;1;1;1;4;1;2;1;1;1;4;1;4;;;2;4;3;3;1;9;1;;2;5;1;;1;2;0;1;;2;8;0,70835632
21104;1;15;1;1;6;;1;4;1;;;;;;;;;;;;;;;;;;;;;;;;;;;;;;;;;1;2;2;2;2;1;1;1;1;1;1;1;2;1;;;;;;;;;;;;1;8;8;2;2;2;2;1;1;2;2;3;2;3;3;3;2;3;2;2;3;1;2;;1;4;;;;;;;;;;;;;;;;;;;;99;;;;;;;;;;;;;;;;1;1;98;;;;;;;;;;;;;;;;;;;;;;;;;;;;;;;;1;1;4;2;2;4;4;3;4;4;1;3;1;4;3;3;2;2;2;2;2;2;2;3;;;3;1;3;3;1;5;6;;2;6;1;;1;2;1;1;;2;5;0,96949446
21135;2;3;2;1;6;;1;3;4;1;2;2;1;2;2;1;2;2;2;1;2;2;2;2;2;12;L'ISSUE DU VOTE ÉTAIT PROBABLE POUR LA CAQ;;;;;;;;;;;;;;;;;;;;;;;;1;1;2;;;;;;;;;;;;;;2;7;6;1;2;2;3;2;2;3;2;3;3;3;2;3;3;2;2;2;2;2;;;2;;;;;;;;;;;;;;;;;;;;;;;;;;;;;;;;;;;;;1;2;98;;;;;;;;;;;;;;;;;;;;;;;;;;;;;;;;1;2;4;2;4;4;4;4;4;4;3;3;1;3;3;4;2;2;2;2;2;2;3;2;;;1;3;3;2;1;7;6;;2;6;1;;1;4;0;1;;2;4;0,97106183
21151;1;6;1;1;3;;1;4;3;;;;;;;;;;;;;;;;;;;;;;;;;;;;;;;;;1;1;1;1;2;2;1;1;2;1;1;1;2;1;;;;;;;;;;;;2;8;8;9;2;3;2;2;1;3;2;1;1;2;1;2;2;1;1;2;3;1;9;;2;;;;;;;;;;;;;;;;;;;;;;;;;;;;;;;;;;;;;1;9;98;;;;;;;;;;;;;;;;;;;;;;;;;;;;;;;;2;2;4;4;4;4;4;9;4;4;2;3;2;2;3;4;1;1;2;2;2;9;9;9;;;1;2;4;3;2;2;4;;2;6;1;;1;3;2;1;;2;99;5,81480217
21182;1;6;1;1;4;;1;4;1;;;;;;;;;;;;;;;;;;;;;;;;;;;;;;;;;1;2;2;2;2;1;2;1;1;1;1;1;2;1;;3;;;;;;;;1;1;1;5;6;2;2;2;3;1;2;3;4;1;2;3;2;4;2;1;1;1;4;2;;;2;;;;;;;;;;;;;;;;;;;;;;;;;;;;;;;;;;;;;1;1;98;;;;;;;;;;;;;;;;;;;;;;;;;;;;;;;;3;2;4;4;4;4;4;4;4;4;1;1;3;2;2;4;2;1;1;1;1;4;4;4;;;2;2;4;3;2;8;1;;2;5;1;;1;2;2;1;;2;8;0,86757064
21184;1;2;3;3;5;;1;4;1;;;;;;;;;;;;;;;;;;;;;;;;;;;;;;;;;1;1;2;1;2;2;1;1;2;1;1;1;2;2;;;;;;;;;;;;1;6;2;1;2;2;2;2;2;2;2;2;2;3;2;3;2;1;2;2;3;1;2;;1;4;;;;;;;;;;;;;;;;;;;;3;;;;;;;;;;;;;;;;1;1;98;;;;;;;;;;;;;;;;;;;;;;;;;;;;;;;;1;2;4;4;4;4;4;4;4;4;2;3;4;4;3;9;2;2;2;2;2;9;3;9;;;5;3;4;3;2;3;8;;2;6;1;;1;2;0;1;;2;99;0,64965117
21264;1;6;1;1;4;;1;4;1;;;;;;;;;;;;;;;;;;;;;;;;;;;;;;;;;1;2;1;1;2;1;1;1;2;1;1;1;1;;;;;;;;;;;;;1;7;6;1;2;3;3;2;2;3;2;3;2;3;1;3;2;1;1;1;1;1;2;;2;;;;;;;;;;;;;;;;;;;;;;;;;;;;;;;;;;;;;2;;2;;3;;;;;;;;;;;;;;;;;;;;;;;;;;;;;;2;2;2;2;2;3;4;4;4;4;1;2;1;3;4;4;2;1;1;1;1;2;1;1;;;1;1;4;2;1;8;1;;2;5;1;;2;1;0;1;;2;4;0,80743265
21388;1;5;3;2;6;;1;4;1;;;;;;;;;;;;;;;;;;;;;;;;;;;;;;;;;1;1;1;1;2;1;1;1;2;1;1;1;2;1;;;;;;;;;;;;1;8;8;1;2;2;1;2;2;3;2;2;2;2;2;3;2;2;1;1;4;1;2;;2;;;;;;;;;;;;;;;;;;;;;;;;;;;;;;;;;;;;;1;1;98;;;;;;;;;;;;;;;;;;;;;;;;;;;;;;;;2;1;4;1;4;4;4;4;4;4;1;1;2;2;2;3;1;1;2;2;1;4;3;2;;;3;3;3;3;2;6;6;;2;5;1;;1;2;0;1;;2;99;0,88120085
21479;1;4;3;2;5;;1;4;1;;;;;;;;;;;;;;;;;;;;;;;;;;;;;;;;;1;1;1;1;1;1;1;1;1;1;1;1;2;1;;3;;;;;;;;2;;1;8;8;1;2;2;2;2;3;2;2;2;3;2;2;3;2;3;1;2;3;1;2;;1;4;;7;;;;;;;;;;;;;;;;;;3;;;;;;;;;;;;;;;;1;1;1;;;;;;;;;;;;;;;;2;;;;;;;;;;;;;;;;1;2;2;4;2;4;4;4;4;4;1;2;1;1;3;4;2;2;3;2;2;4;4;3;;;4;4;4;3;1;3;6;;2;6;1;;1;3;0;1;;2;5;2,63539386
21499;1;2;3;3;3;;1;4;1;;;;;;;;;;;;;;;;;;;;;;;;;;;;;;;;;1;1;2;1;2;1;2;1;2;1;1;1;2;1;;;;;;;;;;;;1;8;6;9;3;2;2;2;2;2;3;2;3;2;2;2;2;1;1;1;4;1;2;;1;2;;3;;4;;;;;;;;;;;;;;;;3;;;;;;;;;;;;;;;;1;1;1;;;;;;;;;;;;;;;;1;;2;;3;;;;;;;;;;;;2;2;4;4;4;4;4;4;4;4;1;4;2;4;4;4;1;1;1;1;1;4;4;4;;;1;2;2;3;2;8;1;;2;6;1;;1;2;2;1;;2;5;0,19229379
21549;1;16;3;2;5;;1;4;1;;;;;;;;;;;;;;;;;;;;;;;;;;;;;;;;;1;1;1;2;2;1;1;1;2;1;1;1;2;1;;;;;;;;;;;;1;6;10;1;2;2;5;2;3;5;3;3;2;5;2;4;2;2;2;1;4;1;2;;2;;;;;;;;;;;;;;;;;;;;;;;;;;;;;;;;;;;;;1;1;98;;;;;;;;;;;;;;;;;;;;;;;;;;;;;;;;1;1;1;1;4;4;4;4;4;4;2;3;3;3;4;4;1;1;2;2;1;9;4;9;;;1;4;3;3;2;5;1;;2;6;1;;1;2;0;1;;2;2;0,67723006
21561;1;16;1;2;4;;1;4;1;;;;;;;;;;;;;;;;;;;;;;;;;;;;;;;;;1;2;2;1;2;2;2;2;1;1;1;1;1;;;;;;;;;;;;;1;9;9;2;3;2;2;2;3;2;2;2;3;3;1;2;3;2;1;1;4;1;2;;1;4;;;;;;;;;;;;;;;;;;;;99;;;;;;;;;;;;;;;;2;;3;;;;;;;;;;;;;;;;;;;;;;;;;;;;;;;;2;1;4;4;4;4;4;4;4;4;1;3;2;1;3;4;2;2;2;2;1;9;4;4;;;3;2;4;3;2;7;1;;2;6;1;;3;1;2;1;;2;5;0,58852845
21592;1;3;2;1;5;;1;4;1;;;;;;;;;;;;;;;;;;;;;;;;;;;;;;;;;1;1;1;1;2;1;1;1;1;1;1;1;1;;;;;;;;;;;;;1;10;9;1;1;2;2;1;2;3;3;3;2;3;3;3;2;2;1;1;3;1;2;;1;3;;;;;;;;;;;;;;;;;;;;7;VÉRIFIER QUE J’ALLAIS ALLER VOTER;;;;;;;;;;;;;;;2;;98;;;;;;;;;;;;;;;;;;;;;;;;;;;;;;;;2;1;1;2;4;4;3;2;3;4;1;1;1;1;1;4;1;1;1;2;2;4;4;4;;;2;1;3;3;2;8;6;;2;6;1;;2;1;0;1;;2;2;0,89974082
21611;1;9;3;3;5;;1;4;3;;;;;;;;;;;;;;;;;;;;;;;;;;;;;;;;;1;1;1;2;2;1;1;1;1;1;1;1;1;;;;;;;;;;;;;1;8;9;1;2;3;2;3;1;3;2;1;1;4;1;3;2;1;1;1;2;2;;;2;;;;;;;;;;;;;;;;;;;;;;;;;;;;;;;;;;;;;2;;98;;;;;;;;;;;;;;;;;;;;;;;;;;;;;;;;3;2;2;1;1;9;4;3;4;4;4;2;2;1;1;4;3;4;1;1;1;4;4;4;;;1;1;4;3;2;5;1;;1;6;1;;2;1;0;3;5;2;3;0,15537187
21615;1;2;3;3;4;;1;4;1;;;;;;;;;;;;;;;;;;;;;;;;;;;;;;;;;1;1;1;2;2;1;2;1;1;1;1;1;1;;;;;;;;;;;;;1;9;9;1;2;2;1;3;3;2;3;4;3;2;2;3;2;2;1;1;4;2;;;1;3;;4;;;;;;;;;;;;;;;;;;3;;;;;;;;;;;;;;;;1;1;98;;;;;;;;;;;;;;;;;;;;;;;;;;;;;;;;3;2;4;3;4;4;4;4;4;4;1;1;3;4;1;2;2;1;2;2;1;3;1;2;;;3;2;3;3;2;8;1;;2;6;1;;1;2;0;1;;1;8;0,10674001
21820;1;8;3;3;3;;1;4;1;;;;;;;;;;;;;;;;;;;;;;;;;;;;;;;;;1;1;1;1;1;1;1;1;1;1;1;1;2;1;;3;;;;;;;;1;1;1;10;10;1;1;2;1;1;3;3;4;4;4;3;2;3;3;2;1;1;4;1;2;;1;3;;5;;;;;;;;;;;;;;;;;;2;;3;;;;;;;;;;;;;;1;1;98;;;;;;;;;;;;;;;;;;;;;;;;;;;;;;;;1;1;2;1;1;2;1;4;4;1;3;3;2;1;2;3;1;1;3;1;2;3;3;4;;;1;4;2;3;1;7;1;;2;6;1;;1;2;3;1;;2;6;0,17896475
21835;1;6;1;1;4;;1;4;4;;;;;;;;;;;;;;;;;;;;;;;;;;;;;;;;;1;1;2;2;2;1;1;1;2;1;1;1;1;;;;;;;;;;;;;1;9;9;1;1;3;3;4;2;3;1;3;2;3;2;3;4;1;1;3;4;2;;;2;;;;;;;;;;;;;;;;;;;;;;;;;;;;;;;;;;;;;2;;1;;2;;3;;;;;;;;;;;;3;;;;;;;;;;;;;;;;1;1;1;2;4;3;4;3;4;4;2;1;2;2;1;4;1;1;1;1;2;4;2;4;;;1;1;3;3;1;7;1;;2;5;1;;2;1;2;1;;2;2;0,80743265
21853;1;6;1;1;6;;1;4;1;;;;;;;;;;;;;;;;;;;;;;;;;;;;;;;;;1;2;2;1;2;1;2;2;2;1;1;1;1;;;;;;;;;;;;;1;8;9;1;1;1;1;1;2;3;4;4;4;3;1;3;1;3;1;1;4;1;2;;2;;;;;;;;;;;;;;;;;;;;;;;;;;;;;;;;;;;;;2;;98;;;;;;;;;;;;;;;;;;;;;;;;;;;;;;;;3;2;4;4;4;4;4;4;4;4;1;4;4;4;1;4;1;1;1;2;2;4;4;4;;;4;2;4;3;2;7;6;;2;6;1;;2;1;0;1;;2;3;1,17072916
21871;1;16;3;2;6;;1;4;1;;;;;;;;;;;;;;;;;;;;;;;;;;;;;;;;;1;1;1;1;2;1;2;1;2;1;1;1;2;1;;;;;;;;;;;;1;8;8;1;2;2;3;3;2;3;2;2;2;2;2;2;2;2;1;1;3;1;2;;1;3;;4;;;;;;;;;;;;;;;;;;4;;3;;7;ALLER VOTER;;;;;;;;;;;1;1;98;;;;;;;;;;;;;;;;;;;;;;;;;;;;;;;;2;2;2;4;4;2;4;2;4;4;2;2;2;3;3;3;2;2;1;1;2;2;3;2;;;1;2;3;3;1;7;6;;2;6;1;;1;2;0;1;;2;4;0,92170042
21877;1;16;1;1;4;;1;4;1;;;;;;;;;;;;;;;;;;;;;;;;;;;;;;;;;1;1;1;1;1;1;1;1;1;1;1;1;2;1;;;;;;;;;;;;1;6;6;1;3;2;2;3;2;3;3;1;2;3;2;3;2;3;1;2;4;1;2;;2;;;;;;;;;;;;;;;;;;;;;;;;;;;;;;;;;;;;;2;;98;;;;;;;;;;;;;;;;;;;;;;;;;;;;;;;;2;3;3;2;4;4;4;4;4;4;1;2;3;1;1;4;1;1;1;1;1;1;4;1;;;1;1;1;3;2;8;1;;2;3;1;;1;2;0;1;;2;7;0,86757064
21884;1;6;1;1;5;;1;4;1;;;;;;;;;;;;;;;;;;;;;;;;;;;;;;;;;1;1;1;1;2;1;1;1;2;1;1;1;1;;;;;;;;;;;;;1;9;9;1;2;3;2;1;2;3;4;3;1;3;2;4;2;1;1;1;2;1;2;;1;1;;3;;5;;7;;;;;;;;;;;;;;4;;2;;1;;;;;;;;;;;;2;;98;;;;;;;;;;;;;;;;;;;;;;;;;;;;;;;;2;2;1;1;1;4;3;1;4;3;1;1;1;1;2;3;1;1;2;1;1;3;2;2;;;2;3;2;3;1;7;1;;1;6;1;;2;1;0;1;;2;3;0,83737397
21912;1;13;1;1;6;;1;4;3;;;;;;;;;;;;;;;;;;;;;;;;;;;;;;;;;1;1;1;1;2;1;1;1;1;1;1;1;1;;;;;;;;;;;;;1;7;9;1;2;2;2;2;2;2;2;2;3;3;2;3;2;2;1;2;3;1;2;;2;;;;;;;;;;;;;;;;;;;;;;;;;;;;;;;;;;;;;2;;98;;;;;;;;;;;;;;;;;;;;;;;;;;;;;;;;2;3;4;4;4;4;4;4;4;4;1;1;3;4;2;4;1;1;1;2;1;3;4;3;;;1;2;3;3;2;7;6;;2;6;1;;2;1;0;1;;2;2;1,17072916
22001;1;11;3;3;5;;1;4;1;;;;;;;;;;;;;;;;;;;;;;;;;;;;;;;;;1;1;2;2;2;1;1;1;2;1;1;1;2;1;;;;;;;;;;;;1;8;8;1;2;2;2;2;4;2;3;3;4;2;2;3;2;3;2;2;3;2;;;1;3;;;;;;;;;;;;;;;;;;;;7;QU'IL EST IMPORTANT D'ALLER VOTER;;;;;;;;;;;;;;;1;1;98;;;;;;;;;;;;;;;;;;;;;;;;;;;;;;;;2;2;4;1;4;4;4;4;4;4;1;2;3;3;3;4;2;2;2;2;2;4;4;3;;;2;3;3;3;2;8;6;;2;6;1;;1;4;0;1;;2;3;0,17461693
22037;1;6;1;1;5;;1;4;1;;;;;;;;;;;;;;;;;;;;;;;;;;;;;;;;;1;1;1;1;2;1;1;1;1;1;1;1;2;1;;3;;;;;;;;2;;1;8;8;1;2;3;2;3;2;3;2;3;2;2;2;3;2;2;1;2;1;1;2;;1;3;;4;;;;;;;;;;;;;;;;;;3;;;;;;;;;;;;;;;;1;1;98;;;;;;;;;;;;;;;;;;;;;;;;;;;;;;;;1;1;3;2;4;4;4;4;4;4;3;1;3;4;2;4;2;2;2;2;2;2;9;1;;;2;4;5;3;2;8;6;;2;4;1;;1;2;0;1;;2;7;0,89974082
22206;1;17;3;2;4;;1;4;1;;;;;;;;;;;;;;;;;;;;;;;;;;;;;;;;;1;1;1;1;2;1;1;1;1;1;1;2;1;;;;;;;;;;;;;1;8;8;1;2;2;2;3;5;2;3;3;3;2;2;3;3;3;1;2;3;1;2;;9;;;;;;;;;;;;;;;;;;;;;;;;;;;;;;;;;;;;;1;1;1;;;;;;;;;;;;;;;;1;;3;;;;;;;;;;;;;;2;2;2;9;3;4;3;4;4;4;2;2;2;3;3;4;1;1;2;2;2;4;3;9;;;2;3;4;3;2;7;1;;2;6;1;;2;2;0;1;;2;2;0,58852845
22253;2;6;1;1;4;;1;3;4;2;2;1;1;1;2;2;2;2;2;2;2;2;1;1;1;5;ETRE DANS UNE CIRCONSCRIPTION OÙ L’ISSUE N’EST PAS PRÉ DÉTERMINÉE;;;;;;;;;;;;;;;;;;;;;;;;1;1;1;;;;;;;;;;;;;;2;8;9;2;2;3;2;1;2;3;5;2;2;2;5;2;2;2;2;2;2;1;;1;2;;;;;;;;;;;;;;;;;;;;;;;;;;;;;;;;;;;;;1;1;1;;3;;;;;;;;;;;;;;1;;2;;;;;;;;;;;;;;2;2;3;2;4;4;4;4;4;4;1;2;2;4;1;3;2;1;2;2;1;2;2;2;;;1;3;4;3;2;8;1;;2;6;1;;1;2;1;1;;2;8;1,01937151
22378;1;6;1;1;5;;1;4;1;;;;;;;;;;;;;;;;;;;;;;;;;;;;;;;;;1;1;2;2;2;2;2;2;1;1;1;1;1;;;;;;;;;;;;;1;10;10;2;1;2;2;1;3;2;3;2;3;2;3;2;3;2;1;1;4;1;2;;9;;;;;;;;;;;;;;;;;;;;;;;;;;;;;;;;;;;;;1;1;99;;;;;;;;;;;;;;;;;;;;;;;;;;;;;;;;3;2;2;1;4;4;4;4;4;4;2;1;1;3;1;4;1;1;1;2;2;9;4;1;;;3;2;5;3;2;8;1;;2;6;1;;1;3;0;1;;2;8;0,89974082
22461;1;16;3;2;3;;1;4;1;;;;;;;;;;;;;;;;;;;;;;;;;;;;;;;;;1;1;2;1;2;2;1;2;2;9;9;9;2;2;;;;;;;;;;;;1;0;5;2;3;4;4;1;3;3;4;2;3;3;1;1;3;1;1;4;1;2;;;1;3;;4;;;;;;;;;;;;;;;;;;3;;;;;;;;;;;;;;;;1;1;1;;;;;;;;;;;;;;;;1;;;;;;;;;;;;;;;;4;3;1;1;4;1;4;3;4;1;4;3;3;2;3;9;3;3;2;1;1;4;2;4;;;1;1;4;1;2;6;8;;3;1;1;;2;3;0;1;;2;1;0,94338685
22675;1;6;1;1;6;;1;4;1;;;;;;;;;;;;;;;;;;;;;;;;;;;;;;;;;1;1;1;2;2;1;1;1;2;1;1;1;2;1;;;;;;;;;;;;1;8;9;1;2;2;2;2;3;1;4;3;2;3;1;4;3;1;1;1;4;1;2;;1;4;;;;;;;;;;;;;;;;;;;;7;M'INCITER À ALLER VOTER;;;;;;;;;;;;;;;1;1;98;;;;;;;;;;;;;;;;;;;;;;;;;;;;;;;;2;1;4;4;4;4;4;3;4;4;1;2;4;1;3;4;1;1;1;1;1;2;3;2;;;2;3;4;3;2;4;6;;2;6;1;;1;2;0;1;;2;4;1,04170036
22784;1;14;1;1;4;;1;4;1;;;;;;;;;;;;;;;;;;;;;;;;;;;;;;;;;1;2;2;2;2;1;2;2;2;1;1;1;2;3;;;;;;;;;;2;;1;7;7;1;2;3;2;2;3;5;3;2;2;2;5;4;2;5;2;2;3;2;;;1;2;;3;;4;;6;;7;;;;;;;;;;;;4;;3;;;;;;;;;;;;;;1;1;98;;;;;;;;;;;;;;;;;;;;;;;;;;;;;;;;2;2;4;3;3;4;4;4;2;4;1;3;2;1;1;4;1;1;1;1;1;4;4;4;;;4;4;4;2;2;5;8;;2;3;1;;1;3;0;1;;2;8;0,77195251
22901;1;6;1;1;4;;1;4;1;;;;;;;;;;;;;;;;;;;;;;;;;;;;;;;;;1;1;1;1;1;1;2;2;1;1;1;1;2;1;;;;;;;;;;;;1;8;7;1;2;2;2;2;2;3;3;4;3;3;2;3;3;2;2;2;4;1;2;;1;2;;3;;4;;;;;;;;;;;;;;;;4;;3;;;;;;;;;;;;;;1;1;98;;;;;;;;;;;;;;;;;;;;;;;;;;;;;;;;1;1;3;2;4;4;4;3;4;4;1;1;2;3;4;4;2;2;2;2;2;3;3;2;;;3;4;2;3;1;7;1;;2;5;1;;1;2;0;3;5;2;5;0,80743265
22918;1;5;3;2;4;;1;4;1;;;;;;;;;;;;;;;;;;;;;;;;;;;;;;;;;1;1;1;1;1;1;2;1;1;1;1;1;1;;;;;;;;;;;;;1;8;8;1;2;1;2;2;3;2;4;3;3;2;2;4;2;3;1;1;1;2;;;1;4;;6;;8;;;;;;;;;;;;;;;;4;;;;;;;;;;;;;;;;2;;98;;;;;;;;;;;;;;;;;;;;;;;;;;;;;;;;1;3;3;4;4;4;4;4;4;4;2;3;3;3;2;4;1;1;1;1;1;3;3;3;;;3;3;4;1;2;6;1;;2;4;1;;3;1;1;1;;2;4;0,52366459
22973;1;6;1;1;5;;1;4;1;;;;;;;;;;;;;;;;;;;;;;;;;;;;;;;;;1;1;1;2;2;1;1;1;2;1;1;1;2;1;;;;;;;;;;;;1;10;10;1;2;1;1;1;1;1;4;2;2;2;1;2;1;1;1;1;4;2;;;2;;;;;;;;;;;;;;;;;;;;;;;;;;;;;;;;;;;;;1;1;98;;;;;;;;;;;;;;;;;;;;;;;;;;;;;;;;4;2;3;4;4;4;4;4;4;4;1;1;3;3;1;4;1;1;1;1;1;4;4;4;;;2;1;2;3;2;3;6;;2;6;1;;1;2;0;1;;2;4;3,34743714
23041;1;3;2;1;5;;1;4;1;;;;;;;;;;;;;;;;;;;;;;;;;;;;;;;;;1;1;1;2;2;1;2;1;2;1;1;1;1;;;;;;;;;;;;;1;8;8;1;2;3;1;3;2;4;2;2;2;3;2;3;3;3;1;2;4;1;2;;1;3;;4;;5;;;;;;;;;;;;;;;;3;;;;;;;;;;;;;;;;1;1;98;;;;;;;;;;;;;;;;;;;;;;;;;;;;;;;;4;1;2;1;3;3;4;4;4;4;3;3;3;2;1;4;1;1;3;2;2;3;3;1;;;1;3;3;3;1;9;1;;2;6;1;;1;2;0;1;;2;5;0,83737397
23150;1;6;1;1;4;;1;4;4;;;;;;;;;;;;;;;;;;;;;;;;;;;;;;;;;1;2;2;1;2;1;1;2;2;1;1;1;1;;;;;;;;;;;;;2;8;9;2;2;4;2;3;1;3;4;1;1;3;1;2;3;1;1;2;4;2;;;1;4;;;;;;;;;;;;;;;;;;;;8;AUCUNE DISCUTION MESSAGE ENREGISTRÉ DONC AUCUN INTÉRÊT POUR LA COMMUNICATION AVEC LES CITOYENS;;;;;;;;;;;;;;;1;2;1;;;;;;;;;;;;;;;;4;;;;;;;;;;;;;;;;2;2;3;1;3;4;4;4;3;4;3;3;4;2;2;9;1;1;1;2;1;2;2;2;;;2;2;4;3;1;4;1;;1;6;1;;2;3;0;1;;2;3;0,71844256
23168;2;6;1;1;5;;1;1;4;2;2;2;2;2;2;2;2;2;2;2;1;2;2;2;2;7;PAS ÊTRE MALADE;;;;;;;;;;;;;;;;;;;;;;;;1;1;1;;;;;;;;;;;;;;1;6;8;1;2;1;1;1;3;2;4;5;3;2;3;3;2;2;1;1;4;1;;2;1;3;;4;;;;;;;;;;;;;;;;;;3;;5;;;;;;;;;;;;;;2;;1;;2;;;;;;;;;;;;;;3;;;;;;;;;;;;;;;;3;2;3;1;4;4;4;4;4;4;1;1;2;4;3;4;1;1;2;1;1;4;4;4;;;1;1;4;3;2;7;1;;1;5;1;;2;1;0;1;;2;5;0,36995301
23249;1;3;2;2;5;;1;4;1;;;;;;;;;;;;;;;;;;;;;;;;;;;;;;;;;1;1;1;2;2;1;2;1;1;1;1;1;1;;;;;;;;;;;;;1;10;10;2;3;2;2;2;2;2;3;2;2;2;2;3;2;3;1;1;3;1;2;;2;;;;;;;;;;;;;;;;;;;;;;;;;;;;;;;;;;;;;1;1;98;;;;;;;;;;;;;;;;;;;;;;;;;;;;;;;;2;1;2;3;4;4;3;4;4;4;1;1;2;3;1;3;2;2;2;2;2;3;2;4;;;2;2;3;3;1;7;6;;2;6;1;;1;2;0;1;;2;99;0,70835632
23339;1;3;2;1;6;;1;4;1;;;;;;;;;;;;;;;;;;;;;;;;;;;;;;;;;1;1;1;2;2;1;2;1;2;1;1;1;1;;;;;;;;;;;;;1;0;0;1;1;2;2;2;3;1;4;3;3;2;1;4;3;2;1;1;4;1;2;;2;;;;;;;;;;;;;;;;;;;;;;;;;;;;;;;;;;;;;2;;98;;;;;;;;;;;;;;;;;;;;;;;;;;;;;;;;2;1;4;4;4;4;1;4;4;1;1;1;2;2;3;4;1;1;1;1;1;4;4;4;;;4;5;4;3;2;5;6;;2;6;1;;2;1;0;1;;2;2;1,04170036
23393;1;6;1;1;6;;1;4;1;;;;;;;;;;;;;;;;;;;;;;;;;;;;;;;;;1;1;2;1;2;1;1;2;2;1;1;1;1;;;;;;;;;;;;;1;9;9;2;2;2;1;1;2;4;2;2;2;3;2;3;2;2;1;1;3;1;2;;1;3;;;;;;;;;;;;;;;;;;;;3;;;;;;;;;;;;;;;;2;;98;;;;;;;;;;;;;;;;;;;;;;;;;;;;;;;;2;1;2;2;4;4;4;4;4;4;1;1;3;4;1;4;1;2;2;1;1;4;4;4;;;2;2;3;3;2;5;9;;2;6;1;;2;1;0;1;;2;2;1,04170036
23402;1;12;2;2;6;;1;4;1;;;;;;;;;;;;;;;;;;;;;;;;;;;;;;;;;1;1;1;1;2;1;2;1;2;1;1;1;1;;;;;;;;;;;;;1;5;6;2;2;1;2;1;2;2;2;2;2;2;3;2;2;3;1;1;4;1;2;;1;3;;4;;;;;;;;;;;;;;;;;;3;;;;;;;;;;;;;;;;2;;98;;;;;;;;;;;;;;;;;;;;;;;;;;;;;;;;3;1;3;1;4;3;4;3;4;4;2;2;3;3;2;4;2;2;2;2;2;4;4;4;;;1;2;3;3;2;5;1;;1;5;1;;9;1;0;1;;2;2;0,88120085
23406;1;16;1;1;5;;1;4;2;;;;;;;;;;;;;;;;;;;;;;;;;;;;;;;;;1;1;2;1;2;1;1;1;2;1;1;1;2;1;;;;;;;;;;;;1;9;9;2;2;2;2;3;3;3;3;2;3;2;3;2;3;1;1;2;4;1;2;;9;;;;;;;;;;;;;;;;;;;;;;;;;;;;;;;;;;;;;1;1;98;;;;;;;;;;;;;;;;;;;;;;;;;;;;;;;;2;2;4;2;2;4;4;4;4;4;1;1;3;3;3;4;1;1;1;1;1;1;9;1;;;2;4;4;3;1;8;6;;2;6;1;;1;3;0;1;;2;5;0,83737397
23410;1;6;1;1;4;;1;4;4;;;;;;;;;;;;;;;;;;;;;;;;;;;;;;;;;1;1;2;1;1;1;2;1;1;8;8;8;2;1;;3;;;;;;;;1;1;1;8;10;1;2;3;2;1;2;2;4;3;2;3;2;4;5;2;1;1;3;2;;;2;;;;;;;;;;;;;;;;;;;;;;;;;;;;;;;;;;;;;1;1;1;;;;;;;;;;;;;;;;3;;;;;;;;;;;;;;;;1;2;4;1;4;4;4;3;4;4;2;1;1;1;4;1;1;1;1;1;1;1;1;1;;;1;3;3;3;2;8;1;;2;1;1;;1;3;1;3;4;2;6;0,86757064
23426;1;3;2;1;5;;1;4;2;;;;;;;;;;;;;;;;;;;;;;;;;;;;;;;;;1;1;1;2;2;1;1;1;2;1;1;1;1;;;;;;;;;;;;;1;10;10;1;1;1;4;1;4;1;4;4;4;1;4;4;1;4;1;1;4;1;2;;2;;;;;;;;;;;;;;;;;;;;;;;;;;;;;;;;;;;;;1;1;98;;;;;;;;;;;;;;;;;;;;;;;;;;;;;;;;2;1;4;4;4;4;4;4;4;4;1;1;1;1;1;4;1;1;1;1;1;4;4;9;;;4;4;4;3;1;7;6;;2;6;1;;1;3;0;1;;2;8;0,83737397
23472;2;7;3;2;5;;1;3;2;2;2;2;2;2;2;1;2;2;2;1;2;2;2;2;2;5;JE VOTE À TOUTES LES ÉLECTIONS, MAIS J'ÉTAIS À L'EXTÉRIEUR DU PAYS;;;;;;;;;;;;;;;;;;;;;;;;1;1;1;;;;;;;;;;;;;;1;5;5;1;2;3;4;3;2;3;2;2;2;3;1;2;3;2;1;2;4;1;;2;1;4;;;;;;;;;;;;;;;;;;;;3;;;;;;;;;;;;;;;;1;1;98;;;;;;;;;;;;;;;;;;;;;;;;;;;;;;;;2;2;4;1;4;4;4;4;4;4;1;1;1;4;1;4;1;1;1;2;1;4;4;2;;;2;2;4;3;2;5;6;;2;6;1;;1;2;0;1;;2;5;0,27846184
23477;1;5;3;2;4;;1;4;1;;;;;;;;;;;;;;;;;;;;;;;;;;;;;;;;;1;1;1;2;2;1;2;1;2;1;1;1;1;;;;;;;;;;;;;1;5;5;1;1;2;1;1;3;2;4;4;3;2;3;3;2;3;1;2;1;1;2;;2;;;;;;;;;;;;;;;;;;;;;;;;;;;;;;;;;;;;;1;1;98;;;;;;;;;;;;;;;;;;;;;;;;;;;;;;;;3;3;2;2;4;4;4;2;4;4;1;1;1;4;1;3;1;1;1;1;1;1;3;3;;;1;3;3;2;1;7;99;;1;2;1;;2;1;0;1;;2;99;0,54773313
23514;1;13;1;1;5;;1;4;1;;;;;;;;;;;;;;;;;;;;;;;;;;;;;;;;;1;1;1;2;2;1;1;1;1;1;1;1;2;3;;;;;;;;;;2;;1;6;8;1;2;2;2;2;2;3;1;1;2;2;2;2;5;1;1;2;1;2;;;1;3;;4;;;;;;;;;;;;;;;;;;3;;;;;;;;;;;;;;;;1;1;98;;;;;;;;;;;;;;;;;;;;;;;;;;;;;;;;3;2;2;2;4;4;4;4;4;4;2;2;4;1;3;4;1;1;1;1;1;4;9;3;;;1;2;4;3;2;5;8;;2;6;1;;2;2;0;1;;2;1;0,80057913
23518;1;17;3;2;6;;1;4;1;;;;;;;;;;;;;;;;;;;;;;;;;;;;;;;;;1;2;2;2;2;1;2;1;2;1;1;1;1;;;;;;;;;;;;;1;10;8;2;2;2;2;2;3;3;3;3;2;3;2;3;3;1;2;1;1;1;2;;2;;;;;;;;;;;;;;;;;;;;;;;;;;;;;;;;;;;;;1;1;1;;5;;;;;;;;;;;;;;2;;3;;;;;;;;;;;;;;1;1;2;1;2;4;4;2;3;4;1;2;2;1;2;4;2;1;1;3;1;2;2;2;;;2;4;3;3;2;9;1;;2;6;1;;1;3;0;1;;2;99;0,99035168
23574;1;15;3;2;6;;1;4;1;;;;;;;;;;;;;;;;;;;;;;;;;;;;;;;;;1;1;2;1;2;1;2;1;2;1;1;1;2;1;;;;;;;;;;;;1;10;6;1;2;1;2;2;3;2;2;3;3;2;3;4;3;3;1;1;4;1;2;;1;4;;;;;;;;;;;;;;;;;;;;4;;3;;;;;;;;;;;;;;1;1;98;;;;;;;;;;;;;;;;;;;;;;;;;;;;;;;;3;2;3;2;4;4;4;4;4;4;1;1;4;4;1;4;1;1;1;1;1;1;2;1;;;2;4;4;3;1;8;6;;2;6;1;;1;2;0;1;;2;99;0,92170042
23578;1;6;1;1;5;;1;4;1;;;;;;;;;;;;;;;;;;;;;;;;;;;;;;;;;1;1;1;2;2;1;2;1;2;1;1;1;2;1;;;;;;;;;;;;1;10;8;1;1;2;2;1;3;3;4;4;4;1;3;4;3;2;1;1;3;1;2;;2;;;;;;;;;;;;;;;;;;;;;;;;;;;;;;;;;;;;;1;1;98;;;;;;;;;;;;;;;;;;;;;;;;;;;;;;;;1;1;1;3;4;2;4;2;2;4;1;2;3;4;2;3;1;1;1;1;2;1;1;1;;;1;2;2;3;1;7;6;;1;1;1;;1;2;0;3;5;2;99;0,83737397
23651;1;6;1;1;3;;1;4;3;;;;;;;;;;;;;;;;;;;;;;;;;;;;;;;;;1;1;1;2;2;1;1;1;1;1;1;1;1;;;;;;;;;;;;;1;6;6;1;2;2;2;2;3;3;2;2;2;3;2;3;2;2;1;1;3;2;;;2;;;;;;;;;;;;;;;;;;;;;;;;;;;;;;;;;;;;;2;;98;;;;;;;;;;;;;;;;;;;;;;;;;;;;;;;;3;3;1;1;4;1;4;4;4;4;1;2;3;2;2;4;1;1;2;2;1;4;4;4;;;2;2;2;3;2;7;1;;2;5;1;;2;1;0;1;;2;2;1,56293797
23678;1;6;1;1;3;;1;4;1;;;;;;;;;;;;;;;;;;;;;;;;;;;;;;;;;1;2;2;1;2;1;1;1;1;1;1;1;2;1;;;;;;;;;;;;1;4;4;2;3;2;2;2;1;3;2;1;2;4;1;2;2;1;1;1;4;2;;;2;;;;;;;;;;;;;;;;;;;;;;;;;;;;;;;;;;;;;1;1;98;;;;;;;;;;;;;;;;;;;;;;;;;;;;;;;;2;2;4;4;4;4;4;4;4;4;1;3;3;4;3;4;1;1;1;1;2;4;4;4;;;1;1;4;3;2;5;1;;2;5;1;;1;2;0;1;;2;99;1,39068377
23712;1;4;3;2;5;;1;4;3;;;;;;;;;;;;;;;;;;;;;;;;;;;;;;;;;1;2;2;1;2;2;1;2;1;1;1;2;2;1;;;;;;;;;;;;1;7;8;1;2;3;2;2;2;2;2;3;2;3;2;2;3;2;1;1;1;1;2;;1;1;;;;;;;;;;;;;;;;;;;;4;;;;;;;;;;;;;;;;1;1;98;;;;;;;;;;;;;;;;;;;;;;;;;;;;;;;;2;2;3;4;4;4;4;4;4;4;1;1;1;2;2;4;2;2;1;2;2;1;2;2;;;1;2;4;3;1;7;6;;2;5;1;;1;2;0;1;;2;5;0,70835632
23736;1;4;3;2;5;;1;4;1;;;;;;;;;;;;;;;;;;;;;;;;;;;;;;;;;1;1;1;2;2;1;2;1;2;1;1;1;1;;;;;;;;;;;;;1;10;10;1;1;3;2;2;2;3;2;3;2;3;2;3;2;2;1;2;4;1;2;;1;4;;5;;7;;8;;;;;;;;;;;;;;2;;4;;1;;;;;;;;;;;;1;1;5;;97;DGE;;;;;;;;;;;;;;;;;;;;;;;;;;;;;2;1;2;1;2;3;2;2;4;3;3;3;1;1;2;3;1;1;1;1;1;1;1;1;;;4;1;2;3;1;4;6;;2;6;1;;1;1;0;1;;2;4;0,63028711
23750;1;4;3;2;4;;1;4;2;;;;;;;;;;;;;;;;;;;;;;;;;;;;;;;;;1;2;1;1;2;2;2;2;2;1;1;1;1;;;;;;;;;;;;;2;7;8;2;3;2;3;2;4;2;4;2;2;3;2;2;2;2;2;2;2;1;2;;2;;;;;;;;;;;;;;;;;;;;;;;;;;;;;;;;;;;;;1;1;98;;;;;;;;;;;;;;;;;;;;;;;;;;;;;;;;2;3;3;4;4;4;3;4;4;4;1;3;2;2;3;4;3;2;2;2;2;3;4;3;;;1;3;4;3;2;7;8;;2;6;1;;1;2;0;1;;2;8;0,58852845
23752;1;7;3;2;6;;1;4;1;;;;;;;;;;;;;;;;;;;;;;;;;;;;;;;;;1;1;2;2;2;1;1;1;2;1;1;1;2;1;;;;;;;;;;;;1;8;8;1;1;2;2;2;2;2;3;3;2;2;2;4;2;2;1;1;3;1;2;;1;1;;3;;;;;;;;;;;;;;;;;;3;;4;;;;;;;;;;;;;;1;1;98;;;;;;;;;;;;;;;;;;;;;;;;;;;;;;;;2;2;4;4;4;4;4;4;4;4;1;1;2;2;1;4;1;1;1;2;1;1;4;1;;;4;4;4;1;1;9;6;;2;6;1;;1;1;0;1;;2;8;0,92170042
23789;1;14;3;2;6;;1;4;2;;;;;;;;;;;;;;;;;;;;;;;;;;;;;;;;;1;1;1;2;2;1;1;1;2;1;1;1;1;;;;;;;;;;;;;1;10;10;1;2;2;3;2;3;2;2;3;3;2;2;3;2;2;1;2;2;2;;;1;3;;;;;;;;;;;;;;;;;;;;3;;;;;;;;;;;;;;;;2;;98;;;;;;;;;;;;;;;;;;;;;;;;;;;;;;;;2;2;4;4;4;4;4;4;4;4;2;2;3;2;3;4;2;1;2;1;1;9;9;1;;;3;3;3;3;2;1;6;;1;2;1;;2;1;2;1;;2;1;3,6845355
23796;1;7;3;2;6;;1;4;1;;;;;;;;;;;;;;;;;;;;;;;;;;;;;;;;;1;1;1;2;2;1;1;1;2;1;1;1;1;;;;;;;;;;;;;1;5;5;2;3;2;1;1;2;3;4;4;2;3;1;2;4;1;1;1;4;2;;;2;;;;;;;;;;;;;;;;;;;;;;;;;;;;;;;;;;;;;2;;98;;;;;;;;;;;;;;;;;;;;;;;;;;;;;;;;4;3;4;3;4;4;4;4;4;4;2;4;4;3;4;4;2;2;2;1;3;4;4;2;;;1;1;4;3;2;3;6;;1;1;1;;2;1;0;1;;2;3;3,6845355
23799;1;3;2;2;6;;1;4;1;;;;;;;;;;;;;;;;;;;;;;;;;;;;;;;;;1;1;1;2;2;1;1;1;2;1;1;1;2;1;;;;;;;;;;;;1;10;10;1;2;2;1;1;3;2;3;2;3;2;3;4;1;2;1;1;4;1;2;;1;2;;3;;4;;97;TÉLÉVISION ET JOURNAUX;;;;;;;;;;;;;3;;;;;;;;;;;;;;;;1;1;1;;2;;5;;;;;;;;;;;;2;;3;;;;;;;;;;;;;;1;1;4;1;3;4;4;4;4;4;1;1;1;4;3;4;1;1;1;1;2;4;4;4;;;4;2;4;3;1;7;6;;2;6;1;;1;2;0;1;;2;4;0,92170042
23808;2;6;1;1;6;;1;1;4;2;2;2;2;2;2;2;2;2;1;2;1;2;2;2;2;7;"J'ÉTAIS LASSE; JE VENAIT D'AVOIR MON CONGÉ DE L'HÔPITAL";;;;;;;;;;;;;;;;;;;;;;;;1;1;1;;;;;;;;;;;;;;1;7;8;1;2;3;2;4;2;3;1;3;2;3;1;2;3;2;1;3;4;2;;;1;3;;5;;;;;;;;;;;;;;;;;;3;;4;;;;;;;;;;;;;;2;;5;;;;;;;;;;;;;;;;;;;;;;;;;;;;;;;;1;2;4;4;4;4;4;3;4;4;2;3;4;4;2;3;1;1;1;2;1;3;1;3;;;2;1;4;3;2;6;6;;1;5;1;;2;1;0;1;;2;2;0,35253394
23824;1;6;1;1;5;;1;4;1;;;;;;;;;;;;;;;;;;;;;;;;;;;;;;;;;1;1;2;2;2;1;1;2;2;1;1;1;2;8;FRÈRE ET BELLE-SOEUR;;;;;;;;;;;2;3;3;1;2;3;2;2;3;2;3;2;2;3;2;3;3;3;1;2;4;1;2;;1;4;;7;;;;;;;;;;;;;;;;;;4;;3;;;;;;;;;;;;;;2;;98;;;;;;;;;;;;;;;;;;;;;;;;;;;;;;;;1;2;3;3;2;4;4;3;2;4;2;4;3;2;3;4;2;2;2;2;4;3;3;3;;;4;3;4;3;2;7;6;;2;5;1;;2;1;0;1;;2;3;0,89974082
23864;1;13;1;1;4;;1;4;2;;;;;;;;;;;;;;;;;;;;;;;;;;;;;;;;;1;2;2;1;2;2;1;1;1;1;1;1;1;;;;;;;;;;;;;1;8;8;2;2;3;2;5;2;5;2;1;1;4;2;2;3;1;1;5;4;1;2;;2;;;;;;;;;;;;;;;;;;;;;;;;;;;;;;;;;;;;;2;;1;;2;;3;;5;;6;MÉDIAS;;;;;;;1;;;;;;;;;;;;;;;;1;1;4;4;2;4;4;4;4;4;1;1;2;1;1;4;3;4;1;2;1;9;4;1;;;4;2;4;3;2;7;1;;1;3;1;;2;1;0;1;;2;99;0,86757064
23890;1;17;3;2;5;;1;4;1;;;;;;;;;;;;;;;;;;;;;;;;;;;;;;;;;1;1;2;2;2;1;1;2;2;1;1;1;2;1;;;;;;;;;;;;1;7;5;2;2;3;2;2;3;4;3;2;2;2;2;2;2;3;1;1;3;1;2;;2;;;;;;;;;;;;;;;;;;;;;;;;;;;;;;;;;;;;;2;;98;;;;;;;;;;;;;;;;;;;;;;;;;;;;;;;;2;3;4;4;4;4;4;4;4;4;1;1;4;4;3;3;1;1;2;2;2;2;4;3;;;4;3;2;3;1;6;6;;2;6;1;;1;2;0;1;;2;4;0,63028711
23892;1;16;1;1;3;;1;4;1;;;;;;;;;;;;;;;;;;;;;;;;;;;;;;;;;1;2;2;1;2;1;1;1;1;1;1;1;1;;;;;;;;;;;;;1;8;6;9;3;3;2;2;2;3;3;2;2;3;2;3;2;1;1;1;3;1;2;;2;6;;;;;;;;;;;;;;;;;;;;;;;;;;;;;;;;;;;;2;;2;;;;;;;;;;;;;;;;;;;;;;;;;;;;;;;;4;1;2;2;4;4;4;4;4;4;2;1;1;4;1;4;1;1;2;1;1;3;4;2;;;5;3;3;3;2;7;1;;2;4;1;;2;1;0;1;;2;3;1,56293797
23925;1;3;2;1;6;;1;4;1;;;;;;;;;;;;;;;;;;;;;;;;;;;;;;;;;1;1;1;2;2;1;1;1;1;1;1;1;2;1;;;;;;;;;;;;1;9;9;1;1;2;1;1;2;1;4;2;4;3;1;4;3;2;1;1;4;1;2;;2;;;;;;;;;;;;;;;;;;;;;;;;;;;;;;;;;;;;;1;1;98;;;;;;;;;;;;;;;;;;;;;;;;;;;;;;;;1;1;1;1;1;4;4;2;4;4;1;1;3;3;1;4;2;2;1;1;2;2;3;2;;;2;3;2;3;2;8;6;;2;6;1;;1;3;0;1;;2;5;1,17072916
23939;1;3;2;1;6;;1;4;1;;;;;;;;;;;;;;;;;;;;;;;;;;;;;;;;;1;1;1;1;2;1;1;1;2;1;1;1;2;1;;;;;;;;;;;;1;10;10;1;1;2;1;1;3;1;3;3;3;2;3;4;2;2;1;1;4;1;2;;2;;;;;;;;;;;;;;;;;;;;;;;;;;;;;;;;;;;;;1;1;98;;;;;;;;;;;;;;;;;;;;;;;;;;;;;;;;2;1;2;1;4;4;4;4;4;4;1;1;3;3;2;4;1;1;1;2;1;4;4;4;;;2;2;4;3;1;5;6;;2;5;1;;1;2;0;1;;2;5;0,96949446
23978;1;6;1;1;6;;1;4;1;;;;;;;;;;;;;;;;;;;;;;;;;;;;;;;;;1;1;2;1;2;1;1;1;1;1;1;1;2;2;;;;;;;;;;;;1;6;6;2;3;2;2;3;2;2;3;2;2;3;1;2;2;1;1;2;3;1;2;;1;3;;4;;;;;;;;;;;;;;;;;;3;;;;;;;;;;;;;;;;2;;98;;;;;;;;;;;;;;;;;;;;;;;;;;;;;;;;3;3;4;4;4;4;4;4;4;4;1;1;4;4;4;4;2;2;1;2;2;4;4;4;;;1;3;4;3;2;6;6;;1;5;1;;2;1;0;1;;2;2;1,04170036
24017;1;16;1;2;5;;1;4;1;;;;;;;;;;;;;;;;;;;;;;;;;;;;;;;;;1;1;2;2;2;1;1;1;2;1;1;1;1;;;;;;;;;;;;;1;9;9;1;2;2;2;4;2;3;2;2;1;2;1;3;3;1;1;2;4;2;;;2;;;;;;;;;;;;;;;;;;;;;;;;;;;;;;;;;;;;;2;;98;;;;;;;;;;;;;;;;;;;;;;;;;;;;;;;;1;1;2;2;4;4;4;4;4;4;2;3;3;3;3;3;2;2;2;2;2;4;4;2;;;3;3;3;3;2;3;1;;2;6;1;;2;1;1;1;;2;1;2,83167624
24035;1;15;3;2;6;;1;4;1;;;;;;;;;;;;;;;;;;;;;;;;;;;;;;;;;1;1;1;1;2;1;2;1;2;1;1;1;1;;;;;;;;;;;;;1;9;9;1;1;2;3;2;2;1;3;3;2;2;4;3;2;2;1;2;4;1;2;;1;1;;3;;4;;5;;7;;;;;;;;;;;;1;;2;;;;;;;;;;;;;;1;1;98;;;;;;;;;;;;;;;;;;;;;;;;;;;;;;;;2;1;3;3;2;4;1;1;3;3;1;1;3;3;2;4;1;2;2;2;2;4;4;2;;;1;3;3;3;1;3;9;;2;6;1;;1;1;0;1;;2;2;3,42913675
24049;1;13;1;1;5;;1;4;1;;;;;;;;;;;;;;;;;;;;;;;;;;;;;;;;;1;2;1;2;2;1;1;1;2;1;1;1;1;;;;;;;;;;;;;1;7;7;2;2;3;3;3;1;5;5;2;1;3;2;2;2;2;1;5;4;1;2;;2;;;;;;;;;;;;;;;;;;;;;;;;;;;;;;;;;;;;;2;;98;;;;;;;;;;;;;;;;;;;;;;;;;;;;;;;;3;3;3;4;4;4;4;4;4;4;1;3;1;1;1;4;1;1;1;1;1;4;4;4;;;1;1;4;3;2;3;8;;1;3;1;;3;1;0;1;;2;1;3,34743714
24073;1;6;1;1;6;;1;4;2;;;;;;;;;;;;;;;;;;;;;;;;;;;;;;;;;1;2;1;2;1;2;2;2;1;1;1;1;2;1;;;;;;;;;;;;1;4;5;1;2;2;1;1;1;2;2;2;1;3;1;1;2;1;1;1;2;2;;;1;3;;;;;;;;;;;;;;;;;;;;4;;;;;;;;;;;;;;;;1;1;1;;;;;;;;;;;;;;;;4;;;;;;;;;;;;;;;;3;2;4;4;4;4;4;4;4;4;1;1;1;1;3;4;1;1;1;1;1;4;4;4;;;1;2;4;3;2;3;6;;1;6;1;;1;2;0;1;;2;3;4,35561752
24083;1;12;2;2;6;;1;4;1;;;;;;;;;;;;;;;;;;;;;;;;;;;;;;;;;1;1;2;2;2;1;2;1;2;1;1;1;2;1;;;;;;;;;;;;1;8;8;2;2;3;2;1;1;3;4;2;1;3;1;1;3;2;1;1;4;2;;;1;3;;4;;;;;;;;;;;;;;;;;;3;;;;;;;;;;;;;;;;1;1;98;;;;;;;;;;;;;;;;;;;;;;;;;;;;;;;;2;1;3;2;3;4;4;3;4;4;1;4;2;2;3;4;2;2;1;3;2;4;1;2;;;2;4;4;3;2;8;9;;2;6;1;;1;2;0;1;;2;99;0,99035168
24123;1;6;1;1;4;;1;4;1;;;;;;;;;;;;;;;;;;;;;;;;;;;;;;;;;1;1;1;1;1;1;2;1;1;1;1;1;1;;;;;;;;;;;;;1;10;10;1;2;1;1;1;3;2;4;4;4;2;3;3;1;4;1;1;4;1;2;;2;;;;;;;;;;;;;;;;;;;;;;;;;;;;;;;;;;;;;1;1;1;;2;;3;;;;;;;;;;;;2;;;;;;;;;;;;;;;;2;1;1;1;1;4;4;4;2;4;1;4;2;1;1;1;1;1;1;1;2;3;1;4;;;4;2;4;3;1;7;1;;2;3;2;;1;2;3;1;;2;99;0,80743265
24157;1;16;1;1;5;;1;4;1;;;;;;;;;;;;;;;;;;;;;;;;;;;;;;;;;1;1;1;2;2;1;1;1;2;1;1;1;1;;;;;;;;;;;;;1;9;9;1;2;1;2;3;3;2;2;4;3;2;3;3;5;5;1;1;4;1;2;;1;4;;;;;;;;;;;;;;;;;;;;3;;;;;;;;;;;;;;;;1;1;98;;;;;;;;;;;;;;;;;;;;;;;;;;;;;;;;2;2;4;4;4;4;4;4;4;4;1;2;1;4;1;4;1;1;1;1;1;9;9;9;;;4;5;4;3;1;3;6;;2;6;1;;1;3;0;1;;2;4;3,11539721
24162;1;6;1;1;2;;1;4;1;;;;;;;;;;;;;;;;;;;;;;;;;;;;;;;;;1;1;2;2;2;1;1;1;2;1;1;1;2;1;;3;;;;;;;;1;2;1;8;6;2;3;2;2;1;3;5;3;2;2;4;1;4;2;1;1;1;4;2;;;2;;;;;;;;;;;;;;;;;;;;;;;;;;;;;;;;;;;;;1;1;98;;;;;;;;;;;;;;;;;;;;;;;;;;;;;;;;1;1;1;1;9;4;4;1;4;4;4;2;1;2;2;2;1;1;1;1;1;2;3;2;2;2;3;3;4;3;1;7;1;;2;3;2;;1;2;1;1;;2;7;0,41990462
24163;1;6;1;1;4;;1;4;1;;;;;;;;;;;;;;;;;;;;;;;;;;;;;;;;;1;1;1;1;1;1;1;1;1;1;1;1;1;;;;;;;;;;;;;1;9;10;1;2;1;2;2;2;2;2;2;2;2;2;2;2;2;2;2;2;1;2;;2;;;;;;;;;;;;;;;;;;;;;;;;;;;;;;;;;;;;;2;;98;;;;;;;;;;;;;;;;;;;;;;;;;;;;;;;;2;2;4;4;4;4;4;4;4;4;1;2;3;4;3;4;2;2;2;2;2;2;2;2;;;4;4;4;3;1;3;1;;2;3;1;;2;1;1;1;;2;3;3,004004
24178;1;6;1;1;2;;1;4;1;;;;;;;;;;;;;;;;;;;;;;;;;;;;;;;;;1;1;1;1;1;1;1;1;1;1;1;1;1;;;;;;;;;;;;;1;7;7;1;2;3;2;3;3;3;3;3;3;3;2;3;2;1;1;2;4;1;2;;2;;;;;;;;;;;;;;;;;;;;;;;;;;;;;;;;;;;;;2;;98;;;;;;;;;;;;;;;;;;;;;;;;;;;;;;;;2;1;3;3;2;4;1;4;4;2;3;1;3;3;1;2;1;1;2;1;1;3;2;2;2;2;1;1;2;3;2;8;1;;1;3;1;;2;1;0;1;;2;4;0,45117819
24180;1;6;1;1;4;;1;4;1;;;;;;;;;;;;;;;;;;;;;;;;;;;;;;;;;1;1;1;1;2;1;1;1;2;1;1;1;1;;;;;;;;;;;;;1;10;9;1;1;3;2;2;2;3;2;3;2;3;2;4;2;1;2;2;3;1;2;;1;3;;4;;5;;;;;;;;;;;;;;;;3;;;;;;;;;;;;;;;;1;1;98;;;;;;;;;;;;;;;;;;;;;;;;;;;;;;;;1;1;2;1;2;3;4;3;4;4;4;3;3;2;1;3;2;2;2;2;2;3;2;3;;;1;2;2;3;1;8;1;;2;5;1;;1;2;2;1;;2;8;0,80743265
24307;1;16;1;2;5;;1;4;1;;;;;;;;;;;;;;;;;;;;;;;;;;;;;;;;;1;2;2;2;2;1;1;1;2;1;1;1;2;1;;;;;;;;;;;;1;8;9;1;2;2;5;2;4;5;3;2;5;5;3;3;5;2;1;1;4;2;;;2;;;;;;;;;;;;;;;;;;;;;;;;;;;;;;;;;;;;;2;;98;;;;;;;;;;;;;;;;;;;;;;;;;;;;;;;;2;2;2;3;2;4;4;2;3;4;2;2;2;3;4;4;2;2;1;2;2;9;9;2;;;2;2;2;3;1;4;6;;1;6;1;;1;2;0;1;;2;4;0,63028711
24365;1;16;3;2;5;;1;4;1;;;;;;;;;;;;;;;;;;;;;;;;;;;;;;;;;1;1;2;1;2;1;1;1;2;1;1;1;2;1;;;;;;;;;;;;1;10;10;1;2;2;1;1;1;1;2;1;2;2;1;2;3;1;1;1;4;1;2;;2;;;;;;;;;;;;;;;;;;;;;;;;;;;;;;;;;;;;;1;1;98;;;;;;;;;;;;;;;;;;;;;;;;;;;;;;;;3;2;2;1;4;4;4;3;4;4;1;1;3;2;1;4;1;1;2;2;1;4;4;1;;;4;4;4;3;2;5;1;;2;4;1;;1;2;0;1;;2;99;0,67723006
24370;1;14;1;1;5;;1;4;1;;;;;;;;;;;;;;;;;;;;;;;;;;;;;;;;;1;1;1;2;2;1;1;1;1;1;1;1;1;;;;;;;;;;;;;1;9;9;1;2;2;3;2;1;2;2;2;3;3;2;2;3;2;1;2;4;1;2;;1;1;;;;;;;;;;;;;;;;;;;;4;;;;;;;;;;;;;;;;2;;98;;;;;;;;;;;;;;;;;;;;;;;;;;;;;;;;3;3;3;4;4;4;4;4;4;4;2;1;3;2;2;4;1;2;1;1;1;4;3;1;;;1;3;4;3;2;3;2;;2;6;1;;2;1;0;1;;2;98;3,34743714
24386;1;17;3;2;5;;1;4;1;;;;;;;;;;;;;;;;;;;;;;;;;;;;;;;;;1;1;2;1;2;1;1;1;2;1;1;1;2;1;;;;;;;;;;;;1;8;8;1;2;3;2;2;3;2;3;3;2;2;3;3;2;2;1;2;3;1;2;;2;;;;;;;;;;;;;;;;;;;;;;;;;;;;;;;;;;;;;1;1;98;;;;;;;;;;;;;;;;;;;;;;;;;;;;;;;;2;3;4;9;4;4;4;4;4;4;1;1;3;4;2;4;1;1;2;1;1;4;4;4;;;3;3;4;3;2;2;99;;9;6;1;;1;2;0;1;;2;2;2,83167624
24399;1;13;1;1;6;;1;4;1;;;;;;;;;;;;;;;;;;;;;;;;;;;;;;;;;1;2;1;1;2;1;2;2;1;1;1;1;1;;;;;;;;;;;;;1;10;10;1;1;4;1;1;1;2;1;3;1;2;1;3;3;2;1;2;4;1;2;;2;;;;;;;;;;;;;;;;;;;;;;;;;;;;;;;;;;;;;2;;98;;;;;;;;;;;;;;;;;;;;;;;;;;;;;;;;2;1;4;1;9;4;4;4;4;4;1;1;4;4;1;4;1;1;1;3;1;4;9;4;;;1;1;2;3;2;3;6;;1;6;1;;3;1;0;1;;2;2;4,35561752
24443;1;3;2;2;6;;1;4;1;;;;;;;;;;;;;;;;;;;;;;;;;;;;;;;;;1;2;1;1;2;1;2;2;1;1;1;1;1;;;;;;;;;;;;;2;4;4;1;2;2;2;1;2;2;2;1;1;2;2;4;5;5;2;2;4;1;2;;2;;;;;;;;;;;;;;;;;;;;;;;;;;;;;;;;;;;;;2;;98;;;;;;;;;;;;;;;;;;;;;;;;;;;;;;;;1;2;9;4;4;4;4;4;4;4;1;2;3;3;1;4;1;1;1;1;1;4;4;4;;;2;4;4;3;2;5;6;;2;6;1;;2;1;0;1;;2;99;0,88120085
24450;1;16;1;1;2;;1;4;1;;;;;;;;;;;;;;;;;;;;;;;;;;;;;;;;;1;1;2;1;2;1;1;1;2;1;1;2;1;;;;;;;;;;;;;1;6;8;2;3;2;3;2;3;2;3;2;2;3;2;3;2;2;1;2;4;1;2;;2;;;;;;;;;;;;;;;;;;;;;;;;;;;;;;;;;;;;;2;;98;;;;;;;;;;;;;;;;;;;;;;;;;;;;;;;;1;2;2;1;4;4;4;4;4;4;2;1;3;1;1;4;2;1;3;2;1;4;4;2;1;2;4;3;2;3;2;8;1;;2;4;1;;2;1;0;1;;2;4;0,45117819
24481;1;6;1;1;6;;1;4;2;;;;;;;;;;;;;;;;;;;;;;;;;;;;;;;;;1;2;2;2;1;1;2;1;2;1;1;1;1;;;;;;;;;;;;;1;4;5;1;3;2;3;2;2;3;2;2;4;2;3;4;1;4;1;1;4;1;2;;1;3;;4;;6;;;;;;;;;;;;;;;;4;;1;;3;;;;;;;;;;;;2;;2;;;;;;;;;;;;;;;;;;;;;;;;;;;;;;;;1;1;3;3;4;4;3;3;4;3;3;3;3;2;3;4;2;2;1;3;1;3;3;4;;;4;4;4;2;1;4;6;;1;5;1;;2;1;0;3;5;2;2;0,96949446
24552;1;4;3;2;4;;1;4;4;;;;;;;;;;;;;;;;;;;;;;;;;;;;;;;;;1;2;1;2;1;1;2;1;1;1;1;1;1;;;;;;;;;;;;;1;7;7;2;2;3;2;2;2;3;2;2;3;2;3;2;3;2;1;2;3;1;2;;1;2;;;;;;;;;;;;;;;;;;;;97;SERRER LA MAIN DANS UN LIEU PUBLIC;;;;;;;;;;;;;;;1;1;1;;;;;;;;;;;;;;;;2;;;;;;;;;;;;;;;;2;2;4;4;4;4;4;4;4;4;4;4;3;2;4;4;1;1;1;1;2;3;2;3;;;2;2;4;3;1;8;1;;2;6;1;;1;3;0;1;;2;7;0,54773313
24617;1;6;1;1;5;;1;4;1;;;;;;;;;;;;;;;;;;;;;;;;;;;;;;;;;1;2;1;1;2;2;1;1;2;1;1;1;1;;;;;;;;;;;;;1;10;10;1;2;2;2;1;3;2;4;2;3;2;3;4;2;1;1;1;4;1;2;;1;2;;3;;4;;5;;7;;;;;;;;;;;;4;;2;;;;;;;;;;;;;;2;;98;;;;;;;;;;;;;;;;;;;;;;;;;;;;;;;;1;1;1;4;4;3;4;4;4;4;1;1;2;4;1;4;1;1;1;1;2;4;4;3;;;1;2;1;3;1;3;6;;1;5;1;;2;1;0;1;;2;2;3,11539721
24635;1;9;3;3;5;;1;4;1;;;;;;;;;;;;;;;;;;;;;;;;;;;;;;;;;1;1;1;1;2;1;1;1;2;1;1;1;2;1;;;;;;;;;;;;1;10;10;1;2;2;2;2;4;5;2;2;2;3;2;2;2;2;1;1;1;1;2;;1;2;;3;;4;;;;;;;;;;;;;;;;3;;;;;;;;;;;;;;;;1;1;98;;;;;;;;;;;;;;;;;;;;;;;;;;;;;;;;2;2;4;9;4;4;4;4;4;4;1;1;2;2;2;4;2;2;2;2;1;4;4;4;;;1;2;4;3;2;4;8;;1;6;1;;1;2;0;1;;2;2;0,15537187
24721;1;3;2;1;5;;1;4;1;;;;;;;;;;;;;;;;;;;;;;;;;;;;;;;;;1;1;2;2;2;1;1;1;2;1;1;1;2;1;;;;;;;;;;;;1;8;8;1;2;2;2;2;2;3;3;2;5;4;2;4;2;1;2;1;4;1;1;;1;2;;3;;4;;7;;;;;;;;;;;;;;4;;3;;;;;;;;;;;;;;1;1;98;;;;;;;;;;;;;;;;;;;;;;;;;;;;;;;;2;3;1;1;1;4;4;2;4;2;2;1;2;3;3;4;2;3;2;1;1;3;4;2;;;2;4;4;3;1;7;1;;2;5;1;;1;2;0;1;;2;6;0,83737397
24780;1;6;1;1;6;;1;4;1;;;;;;;;;;;;;;;;;;;;;;;;;;;;;;;;;1;1;1;1;1;1;1;1;2;1;1;1;1;;;;;;;;;;;;;1;10;10;1;1;4;4;2;3;4;4;4;4;3;2;2;3;2;2;3;3;1;2;;1;1;;4;;6;;;;;;;;;;;;;;;;4;;;;;;;;;;;;;;;;2;;98;;;;;;;;;;;;;;;;;;;;;;;;;;;;;;;;2;1;4;2;4;4;4;4;4;4;1;1;2;4;3;4;2;2;2;1;1;1;3;4;;;2;1;3;3;2;8;6;;1;5;1;;3;1;0;1;;2;6;1,17072916
24811;1;3;2;2;4;;1;4;1;;;;;;;;;;;;;;;;;;;;;;;;;;;;;;;;;1;2;1;1;2;1;2;2;2;1;1;1;2;1;;;;;;;;;;;;1;7;6;1;2;2;3;2;5;2;5;3;5;2;5;2;3;5;2;2;2;1;2;;9;;;;;;;;;;;;;;;;;;;;;;;;;;;;;;;;;;;;;2;;98;;;;;;;;;;;;;;;;;;;;;;;;;;;;;;;;3;3;4;4;4;4;4;4;4;4;2;1;3;3;1;4;2;1;1;1;1;4;4;2;;;3;3;3;1;1;5;1;;2;3;1;;1;2;1;1;;2;5;0,48736537
24818;1;16;1;1;4;;1;4;2;;;;;;;;;;;;;;;;;;;;;;;;;;;;;;;;;1;1;1;1;1;1;1;1;1;1;1;1;1;;;;;;;;;;;;;1;8;8;1;2;2;1;1;2;1;4;2;3;1;3;4;1;3;1;1;1;1;2;;1;4;;;;;;;;;;;;;;;;;;;;4;;;;;;;;;;;;;;;;1;1;98;;;;;;;;;;;;;;;;;;;;;;;;;;;;;;;;3;2;4;4;4;4;4;4;4;4;1;1;3;3;1;4;1;1;1;1;1;4;2;1;;;1;1;4;3;2;5;1;;2;6;1;;1;3;0;1;;2;8;0,77195251
24839;2;6;1;1;6;;1;2;3;2;2;1;2;2;2;2;2;2;2;2;2;2;2;2;2;1;DE MEILLEURS CANDIDATS, DE MEILLEURS PROGRAMMES, PLUS DIFFÉRENCIÉS.;97;;;;;;;;;;;;;;;;;;;;;;;1;1;1;;;;;;;;;;;;;;2;10;10;1;1;3;2;2;1;1;3;4;1;4;1;1;4;4;2;3;4;1;;2;2;;;;;;;;;;;;;;;;;;;;;;;;;;;;;;;;;;;;;1;1;2;;;;;;;;;;;;;;;;;;;;;;;;;;;;;;;;3;1;3;3;4;4;4;4;4;4;1;1;3;4;4;4;1;1;1;1;2;2;1;1;;;1;4;4;3;1;9;6;;1;5;1;;1;2;0;1;;2;7;0,97106183
24861;1;5;3;2;6;;1;4;2;;;;;;;;;;;;;;;;;;;;;;;;;;;;;;;;;1;2;2;1;2;2;2;2;1;1;1;1;1;;;;;;;;;;;;;1;2;2;2;4;1;3;2;2;3;1;2;1;3;1;1;3;2;1;2;3;2;;;1;3;;4;;;;;;;;;;;;;;;;;;3;;;;;;;;;;;;;;;;1;1;1;;2;;;;;;;;;;;;;;2;;;;;;;;;;;;;;;;1;3;4;4;4;4;4;4;4;4;1;1;4;4;3;4;2;2;1;3;2;4;4;4;;;2;2;4;3;1;3;6;;2;6;1;;1;2;0;1;;2;5;3,42913675
24868;1;12;3;2;6;;1;4;1;;;;;;;;;;;;;;;;;;;;;;;;;;;;;;;;;1;1;2;1;2;1;1;1;2;1;1;1;2;1;;;;;;;;;;;;1;10;10;2;1;1;2;3;2;2;3;2;2;2;3;3;2;1;1;1;1;1;2;;1;2;;4;;;;;;;;;;;;;;;;;;4;;;;;;;;;;;;;;;;1;1;98;;;;;;;;;;;;;;;;;;;;;;;;;;;;;;;;3;2;4;3;4;4;4;4;4;4;1;1;3;2;3;4;1;1;1;1;1;2;3;4;;;4;4;4;3;1;3;6;;2;6;1;;1;2;0;1;;2;3;3,42913675
24872;1;5;3;2;6;;1;4;2;;;;;;;;;;;;;;;;;;;;;;;;;;;;;;;;;1;1;2;2;1;1;1;1;2;1;1;1;1;;;;;;;;;;;;;1;5;5;2;2;2;3;2;2;2;3;2;2;3;4;1;3;2;1;1;4;1;2;;1;3;;4;;;;;;;;;;;;;;;;;;3;;4;;;;;;;;;;;;;;2;;98;;;;;;;;;;;;;;;;;;;;;;;;;;;;;;;;2;2;4;4;4;4;4;4;4;4;2;2;4;3;3;4;2;2;2;2;2;4;4;3;;;3;3;4;3;1;6;6;;1;3;1;;2;1;0;1;;2;3;0,82012111
25001;1;14;1;1;6;;1;4;1;;;;;;;;;;;;;;;;;;;;;;;;;;;;;;;;;1;1;1;1;2;1;1;1;2;1;1;1;1;;;;;;;;;;;;;1;10;10;1;2;2;2;2;3;3;3;3;3;2;3;4;2;3;1;2;4;1;2;;1;3;;;;;;;;;;;;;;;;;;;;3;;;;;;;;;;;;;;;;1;1;98;;;;;;;;;;;;;;;;;;;;;;;;;;;;;;;;1;1;4;4;4;4;4;4;4;4;1;1;1;1;3;4;2;2;2;2;2;3;2;3;;;4;3;3;3;1;7;1;;2;6;1;;1;2;0;1;;2;99;1,08958244
25032;1;2;3;3;3;;1;4;1;;;;;;;;;;;;;;;;;;;;;;;;;;;;;;;;;1;2;2;1;2;1;2;2;1;1;1;1;1;;;;;;;;;;;;;1;5;5;9;3;2;2;3;3;3;3;2;3;2;5;3;3;5;1;1;4;2;;;2;;;;;;;;;;;;;;;;;;;;;;;;;;;;;;;;;;;;;1;1;98;;;;;;;;;;;;;;;;;;;;;;;;;;;;;;;;2;2;2;2;4;4;4;4;4;4;3;2;3;3;2;4;1;1;2;1;1;2;3;2;;;3;5;4;3;2;7;1;;2;5;1;;1;2;2;1;;2;7;0,19229379
25070;1;14;1;1;5;;1;4;1;;;;;;;;;;;;;;;;;;;;;;;;;;;;;;;;;1;1;2;1;2;2;1;2;2;1;1;1;2;1;;;;;;;;;;;;1;7;8;2;3;4;3;3;1;3;1;1;1;3;1;2;2;1;1;2;3;1;2;;1;3;;;;;;;;;;;;;;;;;;;;3;;;;;;;;;;;;;;;;1;1;2;;;;;;;;;;;;;;;;;;;;;;;;;;;;;;;;1;2;3;4;4;4;4;1;4;4;1;1;1;1;1;4;3;3;2;1;1;3;4;2;;;1;3;3;3;1;2;1;;2;6;1;;1;2;0;1;;2;6;3,11539721
25295;1;14;1;1;5;;1;4;1;;;;;;;;;;;;;;;;;;;;;;;;;;;;;;;;;1;1;1;1;2;1;1;1;1;1;1;1;1;;;;;;;;;;;;;1;9;10;1;2;2;1;1;3;2;3;4;3;2;2;4;2;3;1;1;1;1;2;;2;;;;;;;;;;;;;;;;;;;;;;;;;;;;;;;;;;;;;2;;98;;;;;;;;;;;;;;;;;;;;;;;;;;;;;;;;1;2;3;2;2;4;4;4;4;4;1;3;3;3;2;4;1;1;2;2;2;4;3;3;;;4;1;3;3;1;5;2;;2;6;1;;2;1;0;1;;2;3;0,74508673
25308;1;7;3;2;4;;1;4;2;;;;;;;;;;;;;;;;;;;;;;;;;;;;;;;;;1;1;2;1;1;1;1;1;1;1;1;2;1;;;;;;;;;;;;;1;7;8;1;3;2;2;2;2;2;2;3;1;2;2;3;2;1;1;1;2;2;;;2;;;;;;;;;;;;;;;;;;;;;;;;;;;;;;;;;;;;;2;;1;;2;;3;;5;;;;;;;;;;2;;;;;;;;;;;;;;;;2;1;4;2;4;4;4;4;4;4;2;2;4;4;1;4;2;2;1;2;1;4;1;2;;;1;1;4;1;2;4;1;;2;5;1;;1;2;0;1;;2;7;0,52366459
25411;1;6;1;1;3;;1;4;1;;;;;;;;;;;;;;;;;;;;;;;;;;;;;;;;;1;1;1;2;2;1;1;1;1;1;1;1;1;;;;;;;;;;;;;1;6;8;1;3;2;2;2;1;2;2;1;2;4;1;3;2;2;1;2;4;1;2;;2;;;;;;;;;;;;;;;;;;;;;;;;;;;;;;;;;;;;;2;;98;;;;;;;;;;;;;;;;;;;;;;;;;;;;;;;;3;3;4;2;4;4;4;4;4;4;3;4;3;4;1;2;2;2;1;2;2;4;4;2;;;1;1;4;3;1;3;1;;1;5;1;;2;1;0;1;;2;3;5,41174984
25499;1;6;1;1;5;;1;4;1;;;;;;;;;;;;;;;;;;;;;;;;;;;;;;;;;1;2;2;1;1;1;1;1;2;1;1;1;1;;;;;;;;;;;;;1;8;8;1;2;2;2;1;2;2;2;3;2;3;2;3;3;4;1;1;4;1;2;;2;;;;;;;;;;;;;;;;;;;;;;;;;;;;;;;;;;;;;1;1;98;;;;;;;;;;;;;;;;;;;;;;;;;;;;;;;;1;1;4;3;4;4;4;4;4;4;1;1;3;3;1;4;1;1;1;1;1;2;1;2;;;1;1;2;3;1;8;1;;2;6;1;;1;3;1;1;;2;8;0,83737397
25559;1;6;1;1;5;;1;4;1;;;;;;;;;;;;;;;;;;;;;;;;;;;;;;;;;1;1;1;2;2;1;1;1;1;1;1;1;1;;;;;;;;;;;;;1;10;10;1;1;2;2;1;3;2;2;3;3;2;3;3;2;3;1;2;4;1;2;;1;1;;3;;5;;;;;;;;;;;;;;;;3;;97;SIGNER UN BULLETIN DE CANDIDATURE;;;;;;;;;;;;;2;;98;;;;;;;;;;;;;;;;;;;;;;;;;;;;;;;;1;1;2;3;2;4;4;4;4;4;1;1;1;3;1;2;1;1;1;3;1;1;1;1;;;2;1;3;3;2;7;6;;1;6;1;;2;1;0;1;;2;4;0,89974082
25573;1;16;3;2;3;;1;4;1;;;;;;;;;;;;;;;;;;;;;;;;;;;;;;;;;1;1;1;1;2;1;1;1;2;1;1;1;1;;;;;;;;;;;;;1;8;8;1;2;3;3;3;2;3;4;2;3;2;2;3;3;2;1;2;2;1;2;;2;;;;;;;;;;;;;;;;;;;;;;;;;;;;;;;;;;;;;2;;98;JE N'AI PAS EU À ÊTRE ENCOURAGÉ, J'ÉTAIS DÉJÀ CERTAIN D'ALLER VOTER.;;;;;;;;;;;;;;;;;;;;;;;;;;;;;;;2;2;4;2;4;4;4;4;4;4;2;1;1;4;2;2;2;2;1;1;2;3;2;1;;;2;2;3;3;1;4;1;;1;6;1;;2;1;0;1;;2;3;0,87799472
25625;1;16;1;2;5;;1;4;1;;;;;;;;;;;;;;;;;;;;;;;;;;;;;;;;;1;2;2;1;2;1;1;1;2;1;1;2;1;;;;;;;;;;;;;1;9;9;1;2;2;2;2;3;2;4;2;3;2;3;4;1;2;1;1;4;1;2;;1;3;;;;;;;;;;;;;;;;;;;;4;;3;;;;;;;;;;;;;;1;2;1;;2;;;;;;;;;;;;;;3;;;;;;;;;;;;;;;;1;2;3;4;4;4;4;4;4;4;3;1;1;3;3;4;2;2;2;2;2;4;4;4;;;1;4;4;3;1;8;1;;2;6;1;;2;4;0;1;;2;5;0,70835632
25686;1;6;1;1;3;;1;4;1;;;;;;;;;;;;;;;;;;;;;;;;;;;;;;;;;1;1;2;2;2;2;1;2;2;1;1;1;2;1;;3;;;;;;;;1;1;1;7;8;1;2;2;2;2;3;3;3;2;2;4;2;3;2;2;1;2;4;1;2;;1;4;;;;;;;;;;;;;;;;;;;;4;;;;;;;;;;;;;;;;1;1;98;;;;;;;;;;;;;;;;;;;;;;;;;;;;;;;;2;2;3;2;3;4;4;3;4;4;2;2;2;3;2;4;2;1;2;1;2;4;3;4;;;4;2;4;3;2;7;1;;2;6;1;;1;2;2;1;;2;99;1,56293797
25702;1;16;1;2;5;;1;4;1;;;;;;;;;;;;;;;;;;;;;;;;;;;;;;;;;1;2;1;2;2;2;2;2;2;1;1;1;1;;;;;;;;;;;;;1;10;1;1;1;4;4;4;2;4;1;4;1;4;1;4;3;1;1;4;4;1;2;;1;4;;5;;;;;;;;;;;;;;;;;;3;;4;;;;;;;;;;;;;;1;1;98;;;;;;;;;;;;;;;;;;;;;;;;;;;;;;;;1;1;2;1;4;2;2;2;4;1;1;2;2;4;1;3;3;4;2;2;1;2;2;3;;;1;2;5;3;1;7;8;;2;6;1;;1;3;0;1;;2;6;0,70835632
25709;1;7;3;2;3;;1;4;1;;;;;;;;;;;;;;;;;;;;;;;;;;;;;;;;;1;1;2;1;2;1;1;1;2;1;1;1;1;;;;;;;;;;;;;1;8;8;1;2;3;2;3;2;4;3;2;3;3;1;3;4;1;1;1;4;2;;;1;5;;;;;;;;;;;;;;;;;;;;3;;4;;;;;;;;;;;;;;2;;98;;;;;;;;;;;;;;;;;;;;;;;;;;;;;;;;2;2;3;1;4;4;3;4;4;4;4;3;3;2;3;4;1;1;2;1;1;3;3;2;;;1;1;2;1;2;7;1;;2;4;1;;1;1;2;1;;2;4;1,0602386
25743;1;3;2;1;6;;1;4;1;;;;;;;;;;;;;;;;;;;;;;;;;;;;;;;;;1;1;2;2;2;1;2;1;1;1;1;1;2;1;;;;;;;;;;;;1;7;8;1;2;2;2;2;4;3;3;2;3;2;3;4;2;3;1;1;4;1;2;;2;;;;;;;;;;;;;;;;;;;;;;;;;;;;;;;;;;;;;1;1;98;;;;;;;;;;;;;;;;;;;;;;;;;;;;;;;;2;2;2;4;4;4;4;4;4;4;1;1;3;4;3;9;2;2;1;2;1;2;2;2;;;3;2;4;3;1;7;6;;1;3;1;;1;2;0;3;5;2;3;1,08958244
25755;1;6;1;1;2;;1;4;1;;;;;;;;;;;;;;;;;;;;;;;;;;;;;;;;;1;1;1;2;2;1;1;1;1;1;1;1;2;1;;3;;;;;;;;1;1;1;10;9;1;1;4;2;2;2;3;4;4;2;3;3;4;4;1;1;1;4;1;2;;1;2;;3;;4;;5;;6;;7;;;;;;;;;;1;;3;;2;;;;;;;;;;;;1;1;1;;3;;;;;;;;;;;;;;2;;;;;;;;;;;;;;;;2;1;1;1;1;3;3;2;2;1;1;1;1;1;1;1;1;1;2;2;1;3;1;3;1;1;1;1;1;3;1;8;1;;2;6;1;;1;2;2;1;;2;7;0,41990462
25763;1;7;3;2;3;;1;4;1;;;;;;;;;;;;;;;;;;;;;;;;;;;;;;;;;1;2;1;1;2;1;2;1;2;1;1;1;2;1;;3;;;;;;;;1;1;1;10;9;9;2;2;1;1;2;2;4;4;4;2;3;4;2;4;1;1;4;1;2;;2;;;;;;;;;;;;;;;;;;;;;;;;;;;;;;;;;;;;;1;1;98;;;;;;;;;;;;;;;;;;;;;;;;;;;;;;;;2;1;3;4;4;4;4;4;4;4;2;2;1;1;2;1;2;1;3;2;2;2;1;1;;;1;3;3;1;1;7;1;;2;4;1;;1;2;2;1;;2;8;0,98674732
25812;1;1;3;2;5;;1;4;1;;;;;;;;;;;;;;;;;;;;;;;;;;;;;;;;;1;2;2;1;2;1;1;2;2;1;1;1;2;1;;;;;;;;;;;;1;6;6;2;2;2;2;3;1;3;2;1;1;3;1;1;3;1;2;2;3;2;;;2;;;;;;;;;;;;;;;;;;;;;;;;;;;;;;;;;;;;;2;;98;;;;;;;;;;;;;;;;;;;;;;;;;;;;;;;;1;3;2;4;4;4;4;2;4;4;2;3;3;3;3;9;1;1;1;1;1;9;9;9;;;1;2;3;3;1;2;1;TEMPS PARTIEL;2;6;1;;1;2;0;1;;2;2;2,63539386
25826;1;6;1;1;5;;1;4;1;;;;;;;;;;;;;;;;;;;;;;;;;;;;;;;;;1;2;2;2;2;1;2;1;1;1;1;1;1;;;;;;;;;;;;;1;9;9;1;2;2;1;2;3;3;3;2;3;3;3;4;2;2;1;1;4;1;2;;1;3;;4;;5;;;;;;;;;;;;;;;;3;;;;;;;;;;;;;;;;2;;98;;;;;;;;;;;;;;;;;;;;;;;;;;;;;;;;1;2;2;2;4;3;4;4;4;4;2;2;2;3;2;4;1;2;2;2;2;4;4;3;;;2;1;3;3;2;7;1;;2;5;1;;2;1;0;1;;2;3;0,89974082
25850;1;1;3;2;5;;1;4;1;;;;;;;;;;;;;;;;;;;;;;;;;;;;;;;;;1;1;2;2;1;1;2;2;2;1;1;1;2;1;;;;;;;;;;;;1;9;9;1;2;2;3;2;3;2;2;2;2;2;3;3;3;4;1;1;4;1;2;;2;;;;;;;;;;;;;;;;;;;;;;;;;;;;;;;;;;;;;1;1;98;;;;;;;;;;;;;;;;;;;;;;;;;;;;;;;;1;2;3;3;4;4;4;4;4;4;1;3;4;4;3;9;1;1;2;2;1;3;3;1;;;2;4;3;3;2;4;6;;2;6;1;;1;2;0;1;;2;5;0,67723006
25884;1;6;1;1;6;;1;4;1;;;;;;;;;;;;;;;;;;;;;;;;;;;;;;;;;1;1;1;1;2;1;2;1;2;1;1;1;2;1;;;;;;;;;;;;1;8;10;1;1;2;2;2;1;2;3;3;2;2;2;4;2;3;1;1;4;1;2;;1;2;;3;;;;;;;;;;;;;;;;;;3;;;;;;;;;;;;;;;;1;1;98;;;;;;;;;;;;;;;;;;;;;;;;;;;;;;;;2;2;2;4;4;3;4;4;4;4;3;1;2;4;1;4;1;1;1;2;1;2;2;2;;;1;1;4;3;1;8;6;;2;6;1;;1;3;0;3;5;2;8;1,08958244
25933;1;14;3;2;5;;1;4;1;;;;;;;;;;;;;;;;;;;;;;;;;;;;;;;;;1;1;1;2;2;1;2;1;2;1;1;9;2;2;;;;;;;;;;;;1;4;4;1;2;2;2;1;2;3;4;4;5;3;2;3;2;2;1;1;4;1;2;;2;;;;;;;;;;;;;;;;;;;;;;;;;;;;;;;;;;;;;1;1;98;;;;;;;;;;;;;;;;;;;;;;;;;;;;;;;;2;2;4;3;4;4;4;4;4;4;2;2;1;4;3;4;2;1;2;9;1;9;9;4;;;4;2;3;3;2;8;1;;1;6;1;;9;2;0;1;;2;99;0,76111543
26006;1;6;1;1;6;;1;4;4;;;;;;;;;;;;;;;;;;;;;;;;;;;;;;;;;2;2;1;2;2;2;2;2;2;1;2;1;1;;;;;;;;;;;;;3;6;3;1;1;3;3;2;2;3;1;2;1;4;2;3;3;2;3;3;4;1;2;;2;;;;;;;;;;;;;;;;;;;;;;;;;;;;;;;;;;;;;2;;98;;;;;;;;;;;;;;;;;;;;;;;;;;;;;;;;3;3;2;1;2;4;4;3;4;4;3;1;2;4;2;4;1;2;1;2;1;3;2;2;;;3;4;4;3;1;5;6;;1;5;1;;3;1;0;1;;2;2;0,96949446
26021;1;17;3;2;6;;1;4;1;;;;;;;;;;;;;;;;;;;;;;;;;;;;;;;;;1;2;1;2;1;1;1;1;2;1;1;1;2;1;;;;;;;;;;;;1;7;7;2;3;2;2;1;2;2;2;2;2;2;2;2;2;1;2;2;3;9;;;2;;;;;;;;;;;;;;;;;;;;;;;;;;;;;;;;;;;;;2;;98;;;;;;;;;;;;;;;;;;;;;;;;;;;;;;;;3;4;4;4;4;4;4;4;4;4;3;2;4;4;4;4;1;1;1;1;1;4;3;1;;;4;3;4;3;1;3;6;;2;4;1;;1;1;0;1;;2;99;3,42913675
26052;1;6;1;1;3;;1;4;1;;;;;;;;;;;;;;;;;;;;;;;;;;;;;;;;;1;1;1;2;2;1;1;1;2;1;1;2;1;;;;;;;;;;;;;1;7;6;2;3;2;2;3;2;3;2;2;2;3;2;2;2;1;1;2;3;1;2;;1;3;;;;;;;;;;;;;;;;;;;;3;;4;;;;;;;;;;;;;;1;1;98;;;;;;;;;;;;;;;;;;;;;;;;;;;;;;;;2;2;2;2;1;4;3;4;4;4;2;3;3;2;2;2;1;1;1;1;2;4;3;3;;;2;3;2;3;1;3;1;;2;5;1;;1;2;2;1;;2;6;5,41174984
26129;1;15;3;2;3;;1;4;2;;;;;;;;;;;;;;;;;;;;;;;;;;;;;;;;;1;1;1;2;1;1;1;1;2;1;1;1;1;;;;;;;;;;;;;1;8;8;1;2;1;1;1;3;1;2;1;2;2;2;3;2;1;1;1;3;2;;;1;2;;3;;4;;;;;;;;;;;;;;;;3;;;;;;;;;;;;;;;;2;;98;;;;;;;;;;;;;;;;;;;;;;;;;;;;;;;;1;1;1;4;4;4;4;3;4;4;2;2;4;4;2;4;1;1;1;1;1;3;2;3;;;1;1;4;3;1;3;1;;2;6;1;;2;1;2;1;;2;5;3,6711235
26163;1;3;2;1;3;;1;4;3;;;;;;;;;;;;;;;;;;;;;;;;;;;;;;;;;1;1;2;1;2;1;2;2;2;1;1;1;2;1;;3;;97;BELLE MERE;;;;;1;2;1;8;9;1;2;2;1;1;3;2;3;3;4;2;3;3;2;2;1;1;1;1;2;;1;3;;5;;;;;;;;;;;;;;;;;;3;;7;ME DEMANDÉ SI J'AVAIS VOTÉ;;;;;;;;;;;;;1;1;2;;;;;;;;;;;;;;;;;;;;;;;;;;;;;;;;1;1;3;2;4;4;4;4;4;4;1;2;2;1;2;2;1;1;1;1;2;2;1;3;;;3;3;5;3;1;5;1;;2;6;1;;1;3;3;1;;2;7;1,29428685
26251;1;3;2;1;6;;1;4;1;;;;;;;;;;;;;;;;;;;;;;;;;;;;;;;;;1;1;1;2;2;1;1;1;1;1;1;1;1;;;;;;;;;;;;;1;8;8;1;2;3;1;2;2;3;3;3;2;3;2;3;2;2;1;1;4;1;2;;2;;;;;;;;;;;;;;;;;;;;;;;;;;;;;;;;;;;;;2;;98;;;;;;;;;;;;;;;;;;;;;;;;;;;;;;;;3;1;2;1;4;4;4;4;4;4;2;2;4;4;2;4;2;1;1;1;2;4;3;1;;;4;4;4;3;2;7;6;;1;3;1;;2;1;0;1;;2;3;1,17072916
26257;1;16;1;1;6;;1;4;1;;;;;;;;;;;;;;;;;;;;;;;;;;;;;;;;;1;1;1;2;2;2;2;2;2;1;1;1;2;1;;;;;;;;;;;;1;5;6;2;2;2;1;2;3;2;4;3;3;2;3;4;1;3;1;1;1;1;2;;1;3;;;;;;;;;;;;;;;;;;;;3;;;;;;;;;;;;;;;;1;1;98;;;;;;;;;;;;;;;;;;;;;;;;;;;;;;;;4;3;2;4;4;4;4;4;4;4;1;1;3;4;2;4;2;1;2;2;3;1;3;1;;;2;2;3;3;1;8;6;;2;6;1;;1;2;0;1;;2;6;1,08958244
26289;1;4;3;2;6;;1;4;1;;;;;;;;;;;;;;;;;;;;;;;;;;;;;;;;;1;1;1;2;2;1;2;1;2;1;1;1;2;1;;;;;;;;;;;;1;10;10;1;1;4;1;1;2;2;2;3;2;2;2;3;2;2;1;1;4;1;2;;1;3;;5;;6;;7;;;;;;;;;;;;;;4;;2;;1;;;;;;;;;;;;2;;98;;;;;;;;;;;;;;;;;;;;;;;;;;;;;;;;1;1;1;1;1;4;9;1;4;4;1;1;1;1;3;9;1;1;1;1;1;1;9;1;;;1;1;4;3;1;7;6;;2;6;1;;1;2;0;1;;2;4;0,92170042
26323;1;1;3;3;5;;1;4;1;;;;;;;;;;;;;;;;;;;;;;;;;;;;;;;;;1;1;1;2;2;2;2;1;2;1;2;1;1;;;;;;;;;;;;;2;8;8;1;2;2;2;2;3;3;2;2;2;3;1;3;2;1;2;2;3;1;2;;1;3;;;;;;;;;;;;;;;;;;;;3;;;;;;;;;;;;;;;;2;;98;;;;;;;;;;;;;;;;;;;;;;;;;;;;;;;;2;1;3;4;4;4;3;3;4;4;2;2;3;3;2;4;2;1;1;2;2;3;3;2;;;3;4;3;3;1;3;1;;1;6;1;;2;1;0;1;;2;2;0,60462022
26418;1;8;3;3;3;;1;4;4;;;;;;;;;;;;;;;;;;;;;;;;;;;;;;;;;1;1;2;2;2;1;1;1;1;1;1;9;2;3;;;;;;;;;;1;1;5;8;7;1;2;3;2;3;3;2;2;2;2;3;1;2;3;1;2;3;3;1;2;;2;;;;;;;;;;;;;;;;;;;;;;;;;;;;;;;;;;;;;1;1;98;;;;;;;;;;;;;;;;;;;;;;;;;;;;;;;;1;1;1;1;1;2;2;4;4;3;2;2;2;4;1;4;1;2;2;2;1;4;4;3;;;1;2;3;3;2;8;1;;2;6;1;;1;2;3;1;;2;6;0,19229379
26457;1;6;1;1;6;;1;4;1;;;;;;;;;;;;;;;;;;;;;;;;;;;;;;;;;2;2;1;1;2;2;1;1;2;1;2;2;1;;;;;;;;;;;;;5;8;8;1;2;2;2;2;2;5;3;2;5;5;2;3;2;5;5;2;2;1;2;;1;3;;;;;;;;;;;;;;;;;;;;3;;;;;;;;;;;;;;;;2;;98;;;;;;;;;;;;;;;;;;;;;;;;;;;;;;;;1;1;2;9;2;2;4;2;4;3;1;2;2;4;4;4;2;2;2;2;2;3;3;3;;;5;4;3;3;1;3;6;;1;5;1;;2;1;0;1;;2;99;4,05371332
26459;1;16;3;2;6;;1;4;1;;;;;;;;;;;;;;;;;;;;;;;;;;;;;;;;;1;1;1;1;2;1;1;1;1;1;1;2;2;1;;;;;;;;;;;;1;10;10;1;2;1;2;3;2;2;4;2;3;2;2;3;2;2;1;2;3;1;2;;1;3;;4;;;;;;;;;;;;;;;;;;3;;;;;;;;;;;;;;;;1;1;98;;;;;;;;;;;;;;;;;;;;;;;;;;;;;;;;2;1;4;4;4;4;4;4;4;4;1;2;4;4;3;4;2;2;2;2;1;4;4;3;;;2;3;3;3;1;3;6;;2;6;1;;1;2;0;1;;2;2;3,42913675
26818;1;14;3;2;6;;1;4;1;;;;;;;;;;;;;;;;;;;;;;;;;;;;;;;;;1;1;1;2;2;2;2;1;2;1;1;1;1;;;;;;;;;;;;;1;8;9;1;2;2;2;2;3;2;3;3;3;2;2;4;2;2;1;1;3;1;2;;2;;;;;;;;;;;;;;;;;;;;;;;;;;;;;;;;;;;;;2;;98;;;;;;;;;;;;;;;;;;;;;;;;;;;;;;;;2;2;2;4;4;4;4;4;4;4;1;3;4;4;2;4;1;1;2;2;2;4;4;4;;;1;2;4;3;2;5;6;;2;6;1;;2;1;0;1;;2;1;0,88120085
26834;1;2;3;3;4;;1;4;4;;;;;;;;;;;;;;;;;;;;;;;;;;;;;;;;;2;2;2;2;2;2;2;2;1;9;1;2;1;;;;;;;;;;;;;4;0;0;2;4;4;4;4;5;4;1;5;1;5;1;1;5;1;5;4;5;2;;;1;1;;3;;;;;;;;;;;;;;;;;;3;;;;;;;;;;;;;;;;2;;1;;;;;;;;;;;;;;;;3;;;;;;;;;;;;;;;;3;4;3;3;4;3;4;4;4;4;3;3;4;3;3;9;9;9;9;9;9;9;9;9;;;1;4;5;3;2;6;3;;1;3;1;;2;1;1;1;;2;1;0,09497616
26899;1;5;3;2;5;;1;4;1;;;;;;;;;;;;;;;;;;;;;;;;;;;;;;;;;1;1;1;2;2;1;2;1;2;1;1;1;2;1;;;;;;;;;;;;1;9;10;1;2;2;3;2;5;3;3;4;3;3;3;4;2;2;1;1;4;1;2;;2;;;;;;;;;;;;;;;;;;;;;;;;;;;;;;;;;;;;;1;1;1;;;;;;;;;;;;;;;;2;;;;;;;;;;;;;;;;3;2;3;1;4;4;4;4;4;4;1;1;2;4;1;4;2;3;2;1;2;2;3;3;;;3;5;4;3;2;8;6;;2;5;1;;1;2;0;1;;2;7;0,76111543
26908;1;3;2;1;4;;1;4;1;;;;;;;;;;;;;;;;;;;;;;;;;;;;;;;;;1;2;1;1;1;1;1;1;1;1;1;1;1;;;;;;;;;;;;;1;8;8;1;2;3;1;2;1;3;2;2;2;4;2;4;2;1;1;2;2;1;2;;1;3;;;;;;;;;;;;;;;;;;;;3;;;;;;;;;;;;;;;;2;;98;;;;;;;;;;;;;;;;;;;;;;;;;;;;;;;;3;2;2;1;2;3;1;1;3;3;1;2;2;3;3;4;2;2;1;2;2;4;4;2;;;2;1;3;1;1;3;1;;1;6;1;;2;1;0;3;5;2;2;3,004004
26942;1;4;3;2;5;;1;4;3;;;;;;;;;;;;;;;;;;;;;;;;;;;;;;;;;1;2;1;1;2;1;1;2;2;1;1;2;1;;;;;;;;;;;;;1;4;3;1;3;2;3;2;2;3;3;2;2;3;2;3;3;2;1;1;3;2;;;2;;;;;;;;;;;;;;;;;;;;;;;;;;;;;;;;;;;;;2;;98;;;;;;;;;;;;;;;;;;;;;;;;;;;;;;;;3;2;2;1;4;2;2;9;9;4;2;3;4;4;2;4;2;2;2;2;2;4;3;2;;;4;3;3;3;1;3;1;;1;3;1;;2;1;0;1;;2;3;2,63539386
26952;1;3;2;2;6;;1;4;3;;;;;;;;;;;;;;;;;;;;;;;;;;;;;;;;;1;1;1;2;1;1;1;1;1;1;1;1;1;;;;;;;;;;;;;1;8;10;1;2;1;2;1;2;1;2;1;2;2;2;3;2;2;1;1;4;1;2;;1;3;;4;;;;;;;;;;;;;;;;;;3;;4;;;;;;;;;;;;;;2;;98;;;;;;;;;;;;;;;;;;;;;;;;;;;;;;;;2;2;3;4;4;4;4;3;4;4;1;1;1;3;1;4;2;1;2;2;2;4;3;4;;;3;4;4;3;1;3;1;;1;3;1;;2;1;0;1;;2;3;3,42913675
26984;1;5;3;2;5;;1;4;1;;;;;;;;;;;;;;;;;;;;;;;;;;;;;;;;;1;1;1;1;2;2;2;2;1;1;1;1;2;1;;;;;;;;;;;;1;3;8;2;2;3;3;3;2;3;1;1;1;2;2;4;2;1;1;1;4;1;2;;2;;;;;;;;;;;;;;;;;;;;;;;;;;;;;;;;;;;;;1;1;98;;;;;;;;;;;;;;;;;;;;;;;;;;;;;;;;4;3;4;4;4;4;4;4;4;4;2;4;1;4;4;4;1;1;1;1;1;3;4;4;;;4;1;4;3;1;3;1;;2;4;1;;1;2;1;1;;2;6;2,63539386
27167;1;6;1;1;6;;1;4;1;;;;;;;;;;;;;;;;;;;;;;;;;;;;;;;;;1;1;1;2;2;1;2;1;2;1;1;1;1;;;;;;;;;;;;;1;10;10;1;1;1;1;1;2;1;3;4;2;2;2;4;2;2;1;1;4;1;2;;1;3;;;;;;;;;;;;;;;;;;;;3;;;;;;;;;;;;;;;;1;1;98;;;;;;;;;;;;;;;;;;;;;;;;;;;;;;;;3;1;4;4;4;4;4;4;4;4;1;1;4;4;4;4;1;1;2;1;1;1;3;1;;;2;4;4;3;1;4;6;;1;4;1;;2;2;0;1;;2;3;0,96949446
27172;1;15;3;2;4;;1;4;1;;;;;;;;;;;;;;;;;;;;;;;;;;;;;;;;;1;1;2;2;2;1;1;1;2;1;1;1;1;;;;;;;;;;;;;1;3;6;9;4;2;2;5;2;3;2;1;3;2;2;5;3;5;1;2;4;2;;;1;2;;4;;;;;;;;;;;;;;;;;;3;;;;;;;;;;;;;;;;1;1;98;;;;;;;;;;;;;;;;;;;;;;;;;;;;;;;;1;4;3;3;4;4;4;4;4;4;3;3;3;1;3;4;1;1;1;1;1;4;4;4;;;1;5;2;3;2;5;1;;2;6;1;;1;2;1;1;;2;3;0,52366459
27214;1;6;1;1;4;;1;4;1;;;;;;;;;;;;;;;;;;;;;;;;;;;;;;;;;1;2;1;1;2;1;2;1;1;1;1;1;2;2;;3;;;;;;;;2;;1;9;9;1;2;3;3;2;2;3;2;4;2;3;1;3;3;1;1;1;2;1;2;;1;1;;4;;5;;;;;;;;;;;;;;;;4;;3;;;;;;;;;;;;;;1;1;1;;;;;;;;;;;;;;;;4;;;;;;;;;;;;;;;;2;1;3;2;4;4;4;4;4;4;2;2;4;4;1;4;1;2;1;2;1;4;3;3;;;1;3;4;3;2;8;1;;2;6;1;;1;3;2;1;;2;8;0,86757064
27240;1;6;1;1;5;;1;4;1;;;;;;;;;;;;;;;;;;;;;;;;;;;;;;;;;1;1;1;2;2;1;2;1;2;1;1;1;2;3;;;;;;;;;;2;;1;9;10;1;2;2;2;1;3;1;4;4;3;2;2;3;2;4;1;1;4;1;2;;2;;;;;;;;;;;;;;;;;;;;;;;;;;;;;;;;;;;;;1;1;98;;;;;;;;;;;;;;;;;;;;;;;;;;;;;;;;1;1;2;1;4;4;4;4;4;4;1;2;2;3;2;3;1;1;1;1;2;2;2;2;;;2;2;3;3;2;8;2;;2;6;1;;1;4;0;1;;2;8;0,89974082
27245;1;6;1;1;6;;1;4;1;;;;;;;;;;;;;;;;;;;;;;;;;;;;;;;;;1;1;1;2;2;1;1;1;1;1;1;1;2;1;;;;;;;;;;;;1;10;10;1;2;2;2;1;2;2;2;2;2;3;2;4;2;2;1;2;2;1;2;;1;4;;6;;;;;;;;;;;;;;;;;;3;;;;;;;;;;;;;;;;1;1;1;;;;;;;;;;;;;;;;2;;;;;;;;;;;;;;;;3;1;2;1;4;4;4;3;4;4;1;1;3;3;2;3;1;1;1;1;1;2;2;1;;;1;2;4;3;1;5;6;;1;6;1;;1;2;0;1;;2;99;0,96949446
27308;1;7;3;2;6;;1;4;1;;;;;;;;;;;;;;;;;;;;;;;;;;;;;;;;;1;1;1;1;1;1;2;1;2;1;1;1;2;1;;;;;;;;;;;;1;9;9;1;2;2;2;2;3;2;3;3;3;2;3;3;2;3;2;2;4;1;2;;2;;;;;;;;;;;;;;;;;;;;;;;;;;;;;;;;;;;;;1;1;98;;;;;;;;;;;;;;;;;;;;;;;;;;;;;;;;1;1;4;4;4;4;4;4;4;4;1;3;3;4;4;4;1;1;1;1;1;4;4;4;;;4;1;3;3;1;7;6;;1;3;1;;1;2;0;1;;2;3;0,92170042
27316;2;2;3;3;5;;1;3;1;2;2;2;2;2;2;1;2;2;2;1;2;2;2;2;2;5;J'ÉTAIS PARTI EN VOYAGE ET JE N'AIPAS PU VOTER PAR ANTICIPATION. J'AURAIS PQ;;;;;;;;;;;;;;;;;;;;;;;;1;1;1;;;;;;;;;;;;;;1;10;10;1;2;2;1;3;3;3;3;3;3;3;2;3;2;2;1;1;4;1;;2;1;3;;5;;;;;;;;;;;;;;;;;;3;;1;;;;;;;;;;;;;;2;;98;;;;;;;;;;;;;;;;;;;;;;;;;;;;;;;;1;2;3;2;4;4;4;4;4;4;1;1;3;4;3;3;2;3;1;2;1;1;1;1;;;5;2;4;3;1;7;6;;2;6;1;;2;1;0;1;;2;3;0,17597368
27335;1;15;3;2;4;;1;4;2;;;;;;;;;;;;;;;;;;;;;;;;;;;;;;;;;1;1;1;2;2;1;1;1;1;1;1;2;2;1;;;;;;;;;;;;1;5;5;2;2;3;2;2;3;3;2;2;2;3;2;2;3;3;1;1;3;2;;;1;3;;4;;;;;;;;;;;;;;;;;;3;;;;;;;;;;;;;;;;1;1;1;;2;;3;;;;;;;;;;;;2;;;;;;;;;;;;;;;;2;2;4;4;4;4;4;4;4;4;1;3;3;3;1;4;1;1;1;1;1;9;4;4;;;2;3;4;2;2;7;1;;2;5;1;;1;4;0;1;;2;8;0,58852845
27339;1;3;2;1;6;;1;4;4;;;;;;;;;;;;;;;;;;;;;;;;;;;;;;;;;1;2;1;2;2;2;1;2;2;1;1;1;2;1;;;;;;;;;;;;1;5;7;1;3;1;2;1;4;2;4;3;3;2;3;3;3;2;1;1;4;1;2;;1;3;;;;;;;;;;;;;;;;;;;;3;;;;;;;;;;;;;;;;1;1;98;;;;;;;;;;;;;;;;;;;;;;;;;;;;;;;;3;2;4;1;2;4;3;4;4;4;1;1;3;4;3;4;2;3;1;1;1;9;3;9;;;4;3;4;3;1;3;6;;2;6;1;;1;2;0;1;;2;4;4,05371332
27370;1;14;3;2;5;;1;4;1;;;;;;;;;;;;;;;;;;;;;;;;;;;;;;;;;1;1;2;2;1;1;1;1;2;1;1;1;2;1;;;;;;;;;;;;1;9;9;2;1;2;2;1;4;2;4;4;2;2;3;3;2;3;1;1;2;1;2;;1;3;;4;;;;;;;;;;;;;;;;;;3;;;;;;;;;;;;;;;;1;1;1;;;;;;;;;;;;;;;;2;;;;;;;;;;;;;;;;2;2;2;2;4;4;4;4;4;4;1;1;2;3;1;4;2;2;2;2;2;3;2;3;;;4;3;3;3;2;4;6;;2;6;1;;1;2;0;1;;2;2;0,67723006
27390;1;4;3;2;5;;1;4;1;;;;;;;;;;;;;;;;;;;;;;;;;;;;;;;;;1;1;2;1;2;1;1;1;2;1;1;1;1;;;;;;;;;;;;;1;9;9;2;2;3;3;3;2;3;2;3;2;2;3;2;3;2;1;3;3;1;2;;1;3;;4;;;;;;;;;;;;;;;;;;3;;;;;;;;;;;;;;;;2;;98;;;;;;;;;;;;;;;;;;;;;;;;;;;;;;;;2;2;3;3;3;4;4;4;4;4;1;1;2;1;1;4;1;1;1;1;1;4;4;4;;;2;2;4;3;1;4;6;;1;6;1;;2;1;0;1;;2;3;0,63028711
27391;1;16;3;2;2;;1;4;1;;;;;;;;;;;;;;;;;;;;;;;;;;;;;;;;;1;1;1;1;1;1;1;1;1;1;1;1;1;;;;;;;;;;;;;1;10;9;1;1;2;2;2;3;2;4;4;3;2;2;4;2;3;1;1;4;1;2;;2;;;;;;;;;;;;;;;;;;;;;;;;;;;;;;;;;;;;;1;1;1;;2;;;;;;;;;;;;;;1;;;;;;;;;;;;;;;;1;1;4;4;4;4;4;4;4;4;4;3;1;2;3;2;1;1;2;2;1;4;2;1;2;2;1;4;3;3;1;6;1;;3;6;1;;2;3;0;1;;2;2;0,24181154
27392;1;5;3;2;5;;1;4;1;;;;;;;;;;;;;;;;;;;;;;;;;;;;;;;;;1;1;2;1;2;1;1;1;2;1;1;1;1;;;;;;;;;;;;;1;10;10;1;1;2;1;2;4;2;2;3;3;2;3;4;1;3;1;1;4;1;2;;1;3;;4;;7;;;;;;;;;;;;;;;;3;;4;;1;;;;;;;;;;;;1;1;98;;;;;;;;;;;;;;;;;;;;;;;;;;;;;;;;1;1;4;3;3;2;1;3;1;4;1;1;3;2;2;2;1;1;1;1;1;2;1;2;;;4;3;3;3;1;9;1;;2;4;1;;1;3;1;1;;2;8;0,70835632
27405;1;6;1;1;5;;1;4;1;;;;;;;;;;;;;;;;;;;;;;;;;;;;;;;;;1;1;1;1;2;1;1;1;2;1;1;1;1;;;;;;;;;;;;;1;8;8;1;2;3;2;3;2;2;2;4;2;2;2;2;4;1;1;1;4;1;2;;1;1;;2;;3;;4;;6;;;;;;;;;;;;3;;;;;;;;;;;;;;;;2;;98;;;;;;;;;;;;;;;;;;;;;;;;;;;;;;;;4;2;2;4;4;4;4;4;4;4;1;2;3;4;3;4;2;2;1;2;2;4;3;4;;;4;2;4;3;1;3;6;;1;6;1;;2;1;0;1;;2;2;3,11539721
27425;1;6;1;1;5;;1;4;1;;;;;;;;;;;;;;;;;;;;;;;;;;;;;;;;;1;1;2;1;2;1;1;1;2;1;1;1;2;1;;;;;;;;;;;;1;9;9;2;2;2;1;2;4;2;3;4;3;2;3;3;2;2;1;1;4;1;2;;2;;;;;;;;;;;;;;;;;;;;;;;;;;;;;;;;;;;;;2;;98;;;;;;;;;;;;;;;;;;;;;;;;;;;;;;;;3;1;4;2;4;4;4;4;4;4;1;1;3;4;1;9;1;1;2;1;2;2;2;2;;;4;1;4;3;1;8;6;;2;6;1;;1;1;0;1;;2;99;0,83737397
27447;1;16;1;2;3;;1;4;1;;;;;;;;;;;;;;;;;;;;;;;;;;;;;;;;;1;1;1;2;1;1;1;1;2;1;1;1;1;;;;;;;;;;;;;1;9;8;2;2;2;2;2;2;2;3;3;2;2;2;3;2;2;1;2;4;1;9;;1;2;;4;;;;;;;;;;;;;;;;;;4;;;;;;;;;;;;;;;;1;1;1;;2;;;;;;;;;;;;;;2;;;;;;;;;;;;;;;;3;1;2;2;4;4;4;4;4;4;1;1;2;4;1;3;1;1;1;2;2;3;3;3;;;1;3;2;3;2;7;1;;2;6;1;;1;2;2;1;;2;8;1,0602386
27453;1;5;3;2;4;;1;4;1;;;;;;;;;;;;;;;;;;;;;;;;;;;;;;;;;1;1;1;1;1;1;2;1;2;1;1;2;1;;;;;;;;;;;;;1;7;7;1;1;4;4;3;1;4;1;3;1;4;1;2;4;1;2;2;3;1;2;;1;2;;3;;4;;5;;6;;;;;;;;;;;;3;;5;;1;;4;;;;;;;;;;1;1;1;;3;;4;;;;;;;;;;;;1;;2;;3;;;;;;;;;;;;1;1;2;3;2;2;2;2;2;2;3;3;1;2;1;3;1;1;2;1;1;2;2;2;;;1;2;2;1;1;9;1;;2;6;1;;1;2;2;1;;2;5;0,54773313
27492;1;13;1;1;6;;1;4;1;;;;;;;;;;;;;;;;;;;;;;;;;;;;;;;;;1;2;1;2;2;1;2;1;2;1;1;1;2;1;;;;;;;;;;;;1;10;10;1;1;2;2;2;3;2;4;3;4;2;3;4;2;2;1;1;4;1;2;;1;1;;3;;6;;;;;;;;;;;;;;;;4;;3;;;;;;;;;;;;;;1;1;98;;;;;;;;;;;;;;;;;;;;;;;;;;;;;;;;1;1;4;1;4;4;4;2;4;4;1;1;1;4;1;4;2;2;1;2;1;1;2;4;;;1;4;4;3;1;9;6;;2;6;2;;1;2;0;1;;2;8;1,08958244
27583;1;16;3;2;4;;1;4;1;;;;;;;;;;;;;;;;;;;;;;;;;;;;;;;;;1;1;1;1;2;1;1;1;1;1;1;1;2;1;;;;;;;;;;;;1;5;5;2;2;2;2;2;2;2;2;3;2;3;2;3;3;2;1;2;4;1;2;;1;3;;4;;;;;;;;;;;;;;;;;;3;;;;;;;;;;;;;;;;1;1;98;;;;;;;;;;;;;;;;;;;;;;;;;;;;;;;;2;2;2;2;4;4;4;4;4;4;1;3;3;2;2;4;2;1;2;2;2;4;4;2;;;2;2;3;3;2;4;8;;2;6;1;;1;2;0;1;;2;5;0,52366459
27664;1;2;3;3;4;;1;4;1;;;;;;;;;;;;;;;;;;;;;;;;;;;;;;;;;1;1;2;1;2;1;1;1;2;1;1;1;2;1;;;;;;;;;;;;1;7;3;1;3;3;3;2;2;4;1;2;1;3;1;3;3;1;1;2;4;1;2;;2;;;;;;;;;;;;;;;;;;;;;;;;;;;;;;;;;;;;;1;1;98;;;;;;;;;;;;;;;;;;;;;;;;;;;;;;;;2;2;2;2;2;2;4;4;4;3;3;3;3;1;3;4;1;2;1;1;1;3;4;2;;;1;3;4;3;1;4;1;;2;6;1;;1;2;0;1;;2;6;0,08839304
27686;1;6;1;1;4;;1;4;1;;;;;;;;;;;;;;;;;;;;;;;;;;;;;;;;;1;1;1;1;2;1;2;1;1;1;1;1;2;1;;;;;;;;;;;;1;8;8;1;1;2;2;1;2;4;2;3;2;2;2;2;2;2;1;2;3;1;2;;2;;;;;;;;;;;;;;;;;;;;;;;;;;;;;;;;;;;;;1;1;1;;2;;3;;;;;;;;;;;;1;;2;;;;;;;;;;;;;;1;1;4;1;4;4;4;4;4;4;2;2;2;2;2;4;1;1;1;1;1;4;2;4;;;2;1;4;1;2;5;1;;1;1;2;;1;3;1;1;;2;99;0,77195251
27688;1;6;1;1;5;;1;4;1;;;;;;;;;;;;;;;;;;;;;;;;;;;;;;;;;1;1;1;2;2;1;1;2;2;1;1;1;2;1;;;;;;;;;;;;1;7;9;1;1;2;2;2;2;2;3;3;3;2;3;3;2;3;1;2;3;1;2;;2;;;;;;;;;;;;;;;;;;;;;;;;;;;;;;;;;;;;;1;1;98;;;;;;;;;;;;;;;;;;;;;;;;;;;;;;;;2;2;3;2;4;3;4;4;4;4;1;1;4;3;3;4;2;2;2;2;2;3;4;3;;;1;2;3;3;2;5;6;;2;6;1;;1;2;0;1;;2;4;0,80057913
27695;1;17;3;2;4;;1;4;3;;;;;;;;;;;;;;;;;;;;;;;;;;;;;;;;;1;1;1;1;2;1;1;1;2;1;1;1;1;;;;;;;;;;;;;1;10;10;1;1;2;1;2;2;2;4;2;2;2;2;3;1;2;1;2;1;1;2;;1;4;;;;;;;;;;;;;;;;;;;;3;;;;;;;;;;;;;;;;2;;98;;;;;;;;;;;;;;;;;;;;;;;;;;;;;;;;2;2;3;3;4;4;4;4;4;4;1;1;4;4;1;1;1;1;1;1;1;4;1;1;;;1;1;3;3;1;3;12;HANDICAPE;1;6;1;;2;1;0;1;;2;1;2,0378089
27704;1;16;1;1;5;;1;4;4;;;;;;;;;;;;;;;;;;;;;;;;;;;;;;;;;1;1;1;1;1;1;1;1;1;1;1;1;1;;;;;;;;;;;;;1;7;7;1;2;3;2;2;1;3;2;2;1;4;2;3;2;2;1;2;2;2;;;1;4;;;;;;;;;;;;;;;;;;;;3;;;;;;;;;;;;;;;;1;1;1;;2;;;;;;;;;;;;;;2;;;;;;;;;;;;;;;;2;2;3;4;3;4;4;4;4;4;1;4;3;3;3;3;1;1;2;2;1;3;3;3;;;2;2;3;3;1;3;1;;2;6;2;;1;3;1;1;;2;5;3,11539721
27844;1;6;1;1;2;;1;4;1;;;;;;;;;;;;;;;;;;;;;;;;;;;;;;;;;1;1;1;1;2;1;1;1;2;1;1;1;1;;;;;;;;;;;;;2;8;7;1;3;3;2;2;3;3;2;2;3;3;1;3;4;1;2;2;2;1;2;;1;2;;3;;4;;5;;;;;;;;;;;;;;1;;3;;4;;2;;;;;;;;;;1;1;2;;3;;;;;;;;;;;;;;;;;;;;;;;;;;;;;;2;1;2;2;2;9;9;4;9;4;4;3;3;2;3;2;2;2;1;2;2;2;3;2;9;1;1;3;1;3;2;8;1;;1;5;1;;1;2;0;1;;2;7;0,45117819
27846;1;14;3;2;6;;1;4;1;;;;;;;;;;;;;;;;;;;;;;;;;;;;;;;;;1;1;1;1;2;1;1;1;2;1;1;1;1;;;;;;;;;;;;;1;9;9;1;2;3;2;1;3;2;3;2;2;5;3;4;1;2;1;1;4;2;;;1;2;;3;;5;;7;;;;;;;;;;;;;;2;;3;;4;;;;;;;;;;;;2;;98;;;;;;;;;;;;;;;;;;;;;;;;;;;;;;;;2;3;3;1;4;4;3;3;4;4;1;1;1;2;1;4;1;1;4;1;1;4;4;4;;;5;3;4;3;2;7;6;;1;6;1;;2;1;0;1;;2;2;0,99035168
27874;1;6;1;1;5;;1;4;1;;;;;;;;;;;;;;;;;;;;;;;;;;;;;;;;;1;1;1;1;2;1;1;1;1;1;1;1;1;;;;;;;;;;;;;1;9;9;1;2;2;1;1;4;2;4;4;3;2;2;3;1;3;1;1;1;1;2;;2;;;;;;;;;;;;;;;;;;;;;;;;;;;;;;;;;;;;;2;;98;;;;;;;;;;;;;;;;;;;;;;;;;;;;;;;;2;1;4;1;2;4;4;4;4;4;4;1;2;3;3;4;1;1;1;1;1;1;1;1;;;3;4;4;3;1;8;1;;1;6;1;;2;1;0;1;;2;5;0,83737397
27908;1;16;1;2;6;;1;4;1;;;;;;;;;;;;;;;;;;;;;;;;;;;;;;;;;1;1;1;2;2;1;2;1;2;1;1;1;2;1;;;;;;;;;;;;1;10;10;1;1;2;1;1;3;2;4;4;3;3;3;3;3;4;1;1;4;1;2;;2;;;;;;;;;;;;;;;;;;;;;;;;;;;;;;;;;;;;;1;1;2;;;;;;;;;;;;;;;;;;;;;;;;;;;;;;;;2;2;3;1;4;4;4;4;4;4;1;1;1;3;2;4;1;1;1;1;1;4;4;9;;;4;3;4;3;2;7;6;;2;5;1;;1;2;0;1;;2;5;0,99035168
27910;1;13;1;1;4;;1;4;2;;;;;;;;;;;;;;;;;;;;;;;;;;;;;;;;;1;2;2;1;2;1;1;1;2;1;1;1;1;;;;;;;;;;;;;1;7;7;1;2;2;1;3;2;3;3;2;3;2;3;3;2;3;1;1;4;1;2;;1;1;;;;;;;;;;;;;;;;;;;;3;;;;;;;;;;;;;;;;1;1;1;;2;;3;;;;;;;;;;;;1;;3;;;;;;;;;;;;;;3;2;2;3;4;4;4;4;4;4;3;1;3;1;1;4;1;1;1;1;2;4;1;2;;;3;2;1;1;2;99;1;;2;5;1;;2;2;1;1;;2;3;3,22773314
27923;1;4;3;2;6;;1;4;1;;;;;;;;;;;;;;;;;;;;;;;;;;;;;;;;;1;1;1;2;2;1;1;1;2;1;1;1;2;1;;;;;;;;;;;;1;8;9;1;2;1;1;2;3;2;4;2;3;3;3;2;2;2;1;1;2;1;2;;1;3;;;;;;;;;;;;;;;;;;;;4;;;;;;;;;;;;;;;;1;1;98;;;;;;;;;;;;;;;;;;;;;;;;;;;;;;;;1;2;4;4;4;4;4;4;4;4;1;1;4;4;3;4;1;1;1;1;1;2;1;1;;;4;4;4;3;1;4;6;;2;6;1;;1;2;0;1;;2;99;0,82012111
27946;1;3;2;1;6;;1;4;1;;;;;;;;;;;;;;;;;;;;;;;;;;;;;;;;;1;1;1;1;1;1;2;1;1;1;1;1;1;;;;;;;;;;;;;1;0;0;1;1;1;2;1;1;3;1;2;1;3;1;3;2;2;1;2;4;1;2;;2;;;;;;;;;;;;;;;;;;;;;;;;;;;;;;;;;;;;;2;;98;;;;;;;;;;;;;;;;;;;;;;;;;;;;;;;;1;2;2;4;4;2;2;1;4;4;1;4;1;4;1;4;1;1;1;2;1;4;1;4;;;5;1;3;3;1;8;6;;1;1;1;;3;1;0;1;;2;99;1,08958244
27992;1;15;3;2;2;;1;4;1;;;;;;;;;;;;;;;;;;;;;;;;;;;;;;;;;1;1;2;2;2;1;1;1;2;1;1;1;1;;;;;;;;;;;;;1;9;8;1;2;3;1;2;3;2;3;2;2;3;2;4;3;3;2;2;4;2;;;1;4;;6;;;;;;;;;;;;;;;;;;99;;;;;;;;;;;;;;;;1;1;1;;2;;3;;;;;;;;;;;;2;;;;;;;;;;;;;;;;3;2;2;1;4;4;4;4;2;4;3;3;2;4;3;9;1;1;2;2;2;3;2;3;2;1;4;3;4;3;1;7;1;;2;4;1;;1;2;3;1;;1;5;0,27176392
28035;1;16;1;1;4;;1;4;4;;;;;;;;;;;;;;;;;;;;;;;;;;;;;;;;;1;1;2;2;1;2;1;2;2;1;1;2;2;1;;;;;;;;;;;;2;6;2;2;3;2;3;4;2;3;2;2;2;3;1;2;3;1;2;2;2;1;1;;1;2;;3;;4;;;;;;;;;;;;;;;;4;;3;;;;;;;;;;;;;;1;1;1;;;;;;;;;;;;;;;;2;;;;;;;;;;;;;;;;2;2;3;3;4;4;4;4;4;4;3;2;2;3;3;3;9;2;2;3;3;9;3;9;;;2;3;3;3;1;7;1;;1;6;1;;1;2;0;1;;2;5;0,80743265
28060;1;3;2;1;6;;1;4;1;;;;;;;;;;;;;;;;;;;;;;;;;;;;;;;;;1;2;1;2;2;1;1;1;2;1;1;1;1;;;;;;;;;;;;;1;8;8;1;2;1;2;2;3;2;3;3;3;2;3;4;2;2;1;1;3;1;2;;1;3;;;;;;;;;;;;;;;;;;;;4;;;;;;;;;;;;;;;;1;1;98;;;;;;;;;;;;;;;;;;;;;;;;;;;;;;;;2;1;4;4;4;4;4;4;4;4;1;1;2;3;3;4;2;2;2;2;2;3;3;2;;;2;3;3;3;1;6;1;;2;6;1;;1;2;0;1;;2;6;0,96949446
28113;2;6;1;1;5;;1;1;1;1;2;2;1;1;2;2;1;2;2;2;2;2;1;2;2;99;;;;;;;;;;;;;;;;;;;;;;;;;1;2;2;;;;;;;;;;;;;;1;5;5;1;3;2;2;2;2;4;4;2;2;3;2;3;3;2;2;2;2;2;;;2;;;;;;;;;;;;;;;;;;;;;;;;;;;;;;;;;;;;;1;2;2;;3;;;;;;;;;;;;;;;;;;;;;;;;;;;;;;1;3;2;1;4;4;4;4;4;4;1;3;1;1;1;4;1;1;1;1;1;9;1;1;;;1;4;4;3;2;7;1;;1;3;1;;2;2;0;1;;2;5;0,36995301
28130;1;7;3;2;4;;1;4;1;;;;;;;;;;;;;;;;;;;;;;;;;;;;;;;;;1;1;2;2;2;2;1;2;2;1;1;1;1;;;;;;;;;;;;;1;8;8;2;3;4;1;4;1;3;1;1;1;4;1;1;3;5;1;3;3;9;;;2;;;;;;;;;;;;;;;;;;;;;;;;;;;;;;;;;;;;;1;2;1;;;;;;;;;;;;;;;;3;;;;;;;;;;;;;;;;4;3;3;4;4;4;4;4;4;4;2;4;3;1;2;4;1;4;2;1;1;4;4;4;;;5;4;5;3;1;3;1;;2;6;1;;1;3;0;1;;2;5;2,0378089
28182;1;5;3;2;4;;1;4;1;;;;;;;;;;;;;;;;;;;;;;;;;;;;;;;;;1;2;1;2;2;1;1;1;2;1;1;1;2;1;;;;;;;;;;;;1;8;4;1;1;3;3;4;2;4;1;2;1;4;1;3;4;2;1;1;4;1;2;;2;;;;;;;;;;;;;;;;;;;;;;;;;;;;;;;;;;;;;1;1;98;;;;;;;;;;;;;;;;;;;;;;;;;;;;;;;;1;1;4;1;4;4;4;4;4;4;1;1;3;4;1;4;1;1;1;1;1;1;1;4;;;4;4;4;3;2;7;6;;2;5;97;50% FRANÇAIS, 50% ANGLAIS;1;3;0;1;;2;2;0,58852845
28230;1;15;1;2;5;;1;4;1;;;;;;;;;;;;;;;;;;;;;;;;;;;;;;;;;1;1;1;1;1;1;1;1;1;2;2;2;2;1;;;;;;;;;;;;2;10;10;1;2;2;2;2;2;2;2;3;2;3;3;4;2;1;2;2;3;1;2;;2;;;;;;;;;;;;;;;;;;;;;;;;;;;;;;;;;;;;;1;1;98;;;;;;;;;;;;;;;;;;;;;;;;;;;;;;;;3;1;4;1;4;4;3;2;4;2;1;1;3;1;1;2;1;1;2;1;2;2;2;1;;;3;2;2;3;1;4;9;;2;5;1;;1;2;0;1;;2;4;0,63028711
28332;1;3;3;1;5;;1;4;3;;;;;;;;;;;;;;;;;;;;;;;;;;;;;;;;;1;1;1;1;2;1;1;1;1;1;1;1;1;;;;;;;;;;;;;1;8;9;1;3;2;2;2;2;2;3;2;2;2;3;2;2;2;1;2;3;1;2;;2;;;;;;;;;;;;;;;;;;;;;;;;;;;;;;;;;;;;;1;1;98;;;;;;;;;;;;;;;;;;;;;;;;;;;;;;;;3;2;3;4;4;4;4;4;4;4;2;2;2;3;2;4;2;2;1;2;1;3;4;2;;;2;2;3;3;1;4;6;;2;6;1;;1;2;0;1;;2;6;0,74508673
28399;1;11;3;3;5;;1;4;3;;;;;;;;;;;;;;;;;;;;;;;;;;;;;;;;;1;1;1;1;1;1;1;1;1;1;1;1;2;1;;;;;;;;;;;;1;10;10;1;2;2;1;1;2;1;4;1;2;2;2;2;1;1;1;1;1;1;2;;1;3;;;;;;;;;;;;;;;;;;;;3;;;;;;;;;;;;;;;;2;;98;;;;;;;;;;;;;;;;;;;;;;;;;;;;;;;;1;2;2;9;4;4;4;4;4;4;1;1;3;1;1;4;1;1;1;1;1;4;4;4;;;2;4;4;3;2;3;2;;2;3;1;;1;2;0;1;;2;4;0,64965117
28405;1;16;3;2;6;;1;4;1;;;;;;;;;;;;;;;;;;;;;;;;;;;;;;;;;1;1;2;1;2;1;1;2;2;1;1;1;1;;;;;;;;;;;;;1;3;8;2;2;1;2;1;3;1;3;2;2;2;2;3;2;2;1;2;3;1;2;;1;5;;;;;;;;;;;;;;;;;;;;99;;;;;;;;;;;;;;;;1;1;2;;5;;;;;;;;;;;;;;;;;;;;;;;;;;;;;;2;2;4;2;4;4;3;4;4;4;2;2;4;4;2;4;2;2;2;2;2;2;3;2;;;3;3;4;3;1;8;6;;2;6;1;;1;2;0;1;;2;3;0,92170042
28411;2;6;1;1;5;;1;1;1;2;1;1;2;1;2;2;1;2;2;2;2;2;2;2;1;1;RIEN. JE N'AI AUCUNE CONFIANCE ENVERS LES PARTIS ET CANDIDATS.;;;;;;;;;;;;;;;;;;;;;;;;2;2;2;;;;;;;;;;;;;;5;0;0;2;3;3;2;1;1;2;2;1;1;2;2;1;2;1;3;2;4;2;;;2;;;;;;;;;;;;;;;;;;;;;;;;;;;;;;;;;;;;;2;;98;;;;;;;;;;;;;;;;;;;;;;;;;;;;;;;;2;4;4;4;4;4;4;4;4;4;1;3;3;1;1;4;1;1;2;1;1;4;4;4;;;1;4;2;3;1;4;6;;1;3;1;;2;1;0;1;;2;2;0,8067984
28464;1;15;3;2;3;;1;4;3;;;;;;;;;;;;;;;;;;;;;;;;;;;;;;;;;1;1;2;1;2;1;1;2;1;1;1;1;1;;;;;;;;;;;;;1;2;2;2;2;2;2;2;1;3;2;1;1;4;1;2;4;2;1;1;2;1;1;;2;;;;;;;;;;;;;;;;;;;;;;;;;;;;;;;;;;;;;1;1;98;;;;;;;;;;;;;;;;;;;;;;;;;;;;;;;;2;3;3;1;3;4;4;4;4;4;3;1;1;4;2;4;2;2;1;1;1;4;4;4;;;1;3;3;3;1;7;1;;2;5;1;;1;2;3;1;;2;8;0,98674732
28491;1;15;3;2;6;;1;4;3;;;;;;;;;;;;;;;;;;;;;;;;;;;;;;;;;1;1;1;1;1;1;1;1;1;1;1;2;2;1;;;;;;;;;;;;1;10;10;1;1;1;2;2;2;2;2;2;2;2;2;2;2;2;2;2;2;1;2;;2;;;;;;;;;;;;;;;;;;;;;;;;;;;;;;;;;;;;;1;1;1;;;;;;;;;;;;;;;;2;;;;;;;;;;;;;;;;3;2;4;4;4;4;4;4;4;4;1;3;3;3;2;3;2;2;2;2;3;3;3;3;;;2;2;3;3;1;5;6;;2;6;1;;1;2;0;1;;2;99;0,82012111
28605;1;8;3;3;4;;1;4;1;;;;;;;;;;;;;;;;;;;;;;;;;;;;;;;;;1;1;1;1;2;1;1;1;2;1;1;1;1;;;;;;;;;;;;;1;9;9;1;2;2;2;2;3;2;3;3;3;3;5;3;2;3;2;1;4;1;2;;1;3;;5;;;;;;;;;;;;;;;;;;2;;4;;;;;;;;;;;;;;2;;98;;;;;;;;;;;;;;;;;;;;;;;;;;;;;;;;1;2;1;1;4;4;4;2;1;4;1;1;2;3;1;4;1;1;1;1;1;4;3;4;;;2;5;3;3;2;7;1;;1;5;1;;2;1;0;1;;2;1;0,10674001
28640;1;1;3;3;6;;1;4;1;;;;;;;;;;;;;;;;;;;;;;;;;;;;;;;;;1;1;1;2;2;1;2;1;2;1;1;1;2;1;;;;;;;;;;;;1;8;8;1;2;2;2;2;3;3;2;2;3;5;2;3;3;2;1;2;1;1;2;;1;3;;4;;5;;;;;;;;;;;;;;;;4;;3;;;;;;;;;;;;;;1;1;1;;;;;;;;;;;;;;;;2;;3;;;;;;;;;;;;;;2;2;2;2;4;4;3;2;4;4;1;1;3;3;1;3;1;1;1;2;2;9;3;3;;;2;3;3;3;1;8;6;;2;6;1;;1;2;0;1;;2;5;0,21145961
28683;1;11;3;3;4;;1;4;4;;;;;;;;;;;;;;;;;;;;;;;;;;;;;;;;;1;1;2;1;1;1;1;1;2;9;9;9;1;;;;;;;;;;;;;1;5;5;2;2;4;2;1;1;2;1;1;1;3;2;2;3;1;1;3;4;1;2;;2;;;;;;;;;;;;;;;;;;;;;;;;;;;;;;;;;;;;;1;1;98;;;;;;;;;;;;;;;;;;;;;;;;;;;;;;;;1;2;2;4;4;4;4;4;4;4;1;4;3;2;2;4;1;1;1;1;1;3;3;3;;;1;1;4;3;2;2;1;;2;6;1;;1;1;0;1;;2;4;0,39711922
28698;1;3;3;1;5;;1;4;2;;;;;;;;;;;;;;;;;;;;;;;;;;;;;;;;;1;2;1;1;2;1;2;1;2;1;1;1;1;;;;;;;;;;;;;1;9;9;1;2;1;2;2;4;2;4;3;3;2;2;4;1;4;1;1;3;1;2;;2;;;;;;;;;;;;;;;;;;;;;;;;;;;;;;;;;;;;;1;1;98;;;;;;;;;;;;;;;;;;;;;;;;;;;;;;;;1;1;4;4;4;4;4;1;4;4;1;2;2;1;1;4;1;1;1;1;1;4;4;4;;;4;2;4;3;2;3;1;;2;6;1;;1;2;0;1;;2;3;3,34743714
28728;1;16;1;1;4;;1;4;1;;;;;;;;;;;;;;;;;;;;;;;;;;;;;;;;;1;1;2;2;2;1;2;1;2;1;1;2;1;;;;;;;;;;;;;1;5;8;9;2;3;1;2;1;3;1;1;2;3;2;3;3;1;1;2;4;2;;;2;;;;;;;;;;;;;;;;;;;;;;;;;;;;;;;;;;;;;2;;98;;;;;;;;;;;;;;;;;;;;;;;;;;;;;;;;2;3;3;1;4;4;4;4;4;4;1;3;2;3;3;4;1;2;2;1;1;4;4;4;;;1;2;4;3;2;5;1;;2;5;1;;2;1;1;1;;2;4;0,77195251
28820;1;14;3;2;5;;1;4;1;;;;;;;;;;;;;;;;;;;;;;;;;;;;;;;;;1;2;1;2;2;1;1;1;2;1;1;2;1;;;;;;;;;;;;;1;9;10;2;1;2;2;1;3;2;3;3;3;5;5;4;2;2;1;1;4;1;2;;1;3;;4;;5;;6;;7;;;;;;;;;;;;1;;2;;3;;4;;;;;;;;;;1;1;98;;;;;;;;;;;;;;;;;;;;;;;;;;;;;;;;2;2;4;4;4;4;4;4;4;4;1;2;2;3;1;4;1;1;2;2;2;2;3;2;;;2;3;3;3;1;3;6;;2;6;1;;1;2;0;1;;2;5;2,63539386
29054;1;6;1;1;3;;1;4;1;;;;;;;;;;;;;;;;;;;;;;;;;;;;;;;;;1;1;1;1;2;1;1;1;2;1;1;1;2;1;;3;;;;;;;;1;1;1;9;9;1;2;2;2;2;2;2;3;3;2;3;2;3;2;2;1;1;4;1;2;;2;;;;;;;;;;;;;;;;;;;;;;;;;;;;;;;;;;;;;1;1;98;;;;;;;;;;;;;;;;;;;;;;;;;;;;;;;;2;2;2;1;2;4;4;4;4;2;3;2;1;1;1;4;1;1;1;1;1;4;3;4;;;1;3;2;3;1;5;1;;2;6;1;;1;2;4;1;;2;5;1,29428685
29065;1;12;2;2;5;;1;4;1;;;;;;;;;;;;;;;;;;;;;;;;;;;;;;;;;1;2;1;2;2;1;1;1;2;1;1;1;2;1;;;;;;;;;;;;1;10;10;1;1;1;2;2;3;2;3;3;3;2;2;3;2;1;1;1;3;1;2;;2;;;;;;;;;;;;;;;;;;;;;;;;;;;;;;;;;;;;;2;;98;;;;;;;;;;;;;;;;;;;;;;;;;;;;;;;;3;2;4;4;4;4;4;4;4;4;1;1;2;2;3;4;1;1;1;2;1;1;9;1;;;4;3;4;3;1;5;6;;2;6;1;;1;2;0;1;;2;5;0,63028711
29071;2;6;1;1;6;;1;2;3;2;2;2;2;1;2;2;2;2;2;2;2;2;2;2;2;99;;;;;;;;;;;;;;;;;;;;;;;;;9;9;9;;;;;;;;;;;;;;1;2;2;1;2;2;1;1;5;1;4;2;5;2;2;5;1;1;1;1;4;1;;2;2;;;;;;;;;;;;;;;;;;;;;;;;;;;;;;;;;;;;;2;;98;;;;;;;;;;;;;;;;;;;;;;;;;;;;;;;;4;3;4;4;4;4;4;4;4;4;1;1;1;4;4;9;9;9;9;9;9;9;9;9;;;5;5;5;9;1;3;6;;1;2;1;;2;1;0;1;;2;2;3,61277318
29073;1;2;3;3;6;;1;4;1;;;;;;;;;;;;;;;;;;;;;;;;;;;;;;;;;1;1;1;1;2;1;1;1;1;1;1;1;2;1;;;;;;;;;;;;1;10;10;1;2;2;2;1;1;1;3;2;2;2;2;2;2;2;1;2;1;1;2;;2;;;;;;;;;;;;;;;;;;;;;;;;;;;;;;;;;;;;;1;1;98;;;;;;;;;;;;;;;;;;;;;;;;;;;;;;;;1;2;4;4;4;4;1;4;4;4;2;3;3;3;3;4;1;1;2;1;2;4;3;3;;;3;2;3;3;2;2;6;;2;6;1;;1;2;0;1;;2;3;0,84531575
29145;1;3;2;1;6;;1;4;1;;;;;;;;;;;;;;;;;;;;;;;;;;;;;;;;;1;1;2;2;2;1;1;1;2;1;1;1;1;;;;;;;;;;;;;1;8;9;2;2;2;2;2;2;4;3;3;2;3;2;3;2;2;1;1;2;1;2;;2;;;;;;;;;;;;;;;;;;;;;;;;;;;;;;;;;;;;;1;1;1;;;;;;;;;;;;;;;;2;;;;;;;;;;;;;;;;2;2;4;4;4;4;4;4;4;4;3;3;4;4;3;4;1;1;2;2;1;3;2;2;;;2;3;3;3;2;9;1;;2;6;1;;1;2;0;1;;2;3;1,17072916
29157;1;2;3;3;6;;1;4;1;;;;;;;;;;;;;;;;;;;;;;;;;;;;;;;;;1;2;1;1;2;2;2;2;2;1;1;1;2;1;;;;;;;;;;;;1;5;9;1;2;2;3;2;2;3;2;2;2;3;1;4;2;2;1;1;4;1;2;;1;2;;3;;;;;;;;;;;;;;;;;;3;;4;;;;;;;;;;;;;;1;1;1;;2;;;;;;;;;;;;;;2;;;;;;;;;;;;;;;;2;2;3;4;4;4;4;4;4;2;2;1;4;4;4;4;1;1;2;2;2;3;4;4;;;4;1;3;3;1;7;6;;2;6;1;;1;2;0;1;;2;4;0,21145961
29180;1;3;2;1;4;;1;4;2;;;;;;;;;;;;;;;;;;;;;;;;;;;;;;;;;2;2;1;2;2;1;1;1;1;1;1;1;2;1;;;;;;;;;;;;2;7;7;1;2;1;4;1;2;5;4;1;2;2;1;4;4;1;1;4;4;1;1;;2;;;;;;;;;;;;;;;;;;;;;;;;;;;;;;;;;;;;;1;1;1;;;;;;;;;;;;;;;;2;;;;;;;;;;;;;;;;4;1;4;4;4;4;4;4;4;4;1;1;1;1;1;4;1;1;1;1;1;4;4;4;;;1;4;4;3;1;3;99;;2;6;1;;1;2;0;1;;2;99;3,004004
29213;1;2;3;3;5;;1;4;1;;;;;;;;;;;;;;;;;;;;;;;;;;;;;;;;;1;1;1;1;2;1;1;1;1;1;1;1;2;1;;;;;;;;;;;;1;10;10;1;1;1;1;1;2;1;2;2;1;3;1;4;1;1;1;1;4;1;2;;1;4;;;;;;;;;;;;;;;;;;;;3;;;;;;;;;;;;;;;;1;1;98;;;;;;;;;;;;;;;;;;;;;;;;;;;;;;;;1;1;1;4;1;4;2;3;4;4;1;1;4;1;3;4;1;1;1;2;1;4;3;4;;;1;3;4;3;2;5;6;;2;6;1;;1;2;0;1;;2;3;0,15537187
29228;1;13;1;1;6;;1;4;1;;;;;;;;;;;;;;;;;;;;;;;;;;;;;;;;;1;1;1;1;2;1;1;1;2;1;1;1;1;;;;;;;;;;;;;1;6;7;1;2;2;2;2;2;2;3;2;3;3;2;3;2;2;1;2;3;1;2;;2;;;;;;;;;;;;;;;;;;;;;;;;;;;;;;;;;;;;;1;1;98;;;;;;;;;;;;;;;;;;;;;;;;;;;;;;;;2;2;2;2;4;4;4;4;4;4;1;2;3;3;2;4;1;1;1;1;2;4;4;9;;;2;3;3;3;2;7;6;;9;6;1;;1;2;0;1;;8;99;1,17072916
29270;1;15;1;2;6;;1;4;3;;;;;;;;;;;;;;;;;;;;;;;;;;;;;;;;;1;2;2;2;2;2;2;2;2;1;1;2;2;2;;3;;;;;;;;2;;1;10;10;1;1;2;2;3;2;2;2;3;2;3;2;2;2;2;1;2;3;1;2;;1;4;;;;;;;;;;;;;;;;;;;;99;;;;;;;;;;;;;;;;1;1;98;;;;;;;;;;;;;;;;;;;;;;;;;;;;;;;;4;1;3;3;3;4;4;4;4;4;1;2;2;2;1;3;1;1;1;1;1;3;3;3;;;2;3;3;3;2;3;6;;1;5;1;;2;2;0;1;;2;1;3,6845355
29288;1;6;1;1;4;;1;4;1;;;;;;;;;;;;;;;;;;;;;;;;;;;;;;;;;1;1;1;1;1;1;1;1;1;1;1;1;1;;;;;;;;;;;;;1;10;10;1;1;2;1;1;3;2;4;1;2;2;3;4;1;2;1;1;3;1;2;;1;1;;3;;4;;5;;;;;;;;;;;;;;3;;4;;2;;;;;;;;;;;;1;1;98;;;;;;;;;;;;;;;;;;;;;;;;;;;;;;;;1;1;2;1;2;3;4;1;1;4;1;1;1;2;1;3;1;1;1;1;1;1;1;1;;;1;1;1;1;1;8;1;;2;6;1;;1;2;0;1;;2;7;0,80743265
29294;1;6;1;1;6;;1;4;1;;;;;;;;;;;;;;;;;;;;;;;;;;;;;;;;;1;1;2;2;2;1;1;1;2;1;1;1;1;;;;;;;;;;;;;1;5;2;2;1;2;2;1;2;2;2;3;2;2;2;2;2;1;1;1;1;1;2;;1;3;;;;;;;;;;;;;;;;;;;;3;;;;;;;;;;;;;;;;1;1;98;;;;;;;;;;;;;;;;;;;;;;;;;;;;;;;;1;3;3;3;4;4;4;4;4;4;2;1;3;2;1;4;2;1;1;2;1;4;2;4;;;1;2;3;3;1;5;6;;1;5;1;;1;2;0;1;;2;3;0,96949446
29296;1;6;1;1;6;;1;4;1;;;;;;;;;;;;;;;;;;;;;;;;;;;;;;;;;1;1;2;2;2;1;1;1;2;1;1;1;1;;;;;;;;;;;;;1;8;6;2;2;2;3;2;3;3;3;2;3;3;2;2;3;2;2;2;3;1;2;;1;4;;;;;;;;;;;;;;;;;;;;4;;3;;;;;;;;;;;;;;2;;98;;;;;;;;;;;;;;;;;;;;;;;;;;;;;;;;2;2;2;9;4;2;4;4;4;4;1;1;3;4;1;4;3;2;1;1;1;2;2;2;;;1;2;4;3;2;8;6;;2;6;1;;2;1;0;1;;2;2;1,17072916
29306;1;16;1;1;4;;1;4;1;;;;;;;;;;;;;;;;;;;;;;;;;;;;;;;;;1;2;1;2;2;1;1;1;2;1;1;1;1;;;;;;;;;;;;;1;9;9;1;2;2;2;2;2;3;3;2;2;2;3;3;2;3;1;2;4;1;2;;2;;;;;;;;;;;;;;;;;;;;;;;;;;;;;;;;;;;;;1;1;1;;;;;;;;;;;;;;;;3;;;;;;;;;;;;;;;;2;1;4;4;4;4;4;4;4;4;1;1;4;4;1;4;2;2;2;2;2;3;3;3;;;2;2;4;3;1;7;1;;2;6;1;;2;3;1;1;;2;6;0,80743265
29324;1;16;1;2;5;;1;4;4;;;;;;;;;;;;;;;;;;;;;;;;;;;;;;;;;1;2;2;2;2;2;2;2;2;1;1;1;1;;;;;;;;;;;;;1;3;7;2;2;2;1;2;3;3;1;3;2;1;2;2;3;2;1;1;4;1;2;;1;1;;2;;3;;4;;;;;;;;;;;;;;4;;3;;;;;;;;;;;;;;2;;98;;;;;;;;;;;;;;;;;;;;;;;;;;;;;;;;2;2;3;1;3;4;4;4;4;4;2;1;2;3;3;4;1;1;1;1;1;4;1;1;;;2;3;4;3;1;7;1;;2;6;1;;2;1;1;1;;2;4;0,70835632
29348;1;2;3;3;4;;1;4;1;;;;;;;;;;;;;;;;;;;;;;;;;;;;;;;;;1;1;1;2;2;1;1;1;2;9;9;1;1;;;;;;;;;;;;;1;9;10;1;2;2;1;4;3;5;3;3;3;2;3;4;3;5;1;2;4;2;;;1;3;;7;;;;;;;;;;;;;;;;;;3;;;;;;;;;;;;;;;;2;;2;;;;;;;;;;;;;;;;;;;;;;;;;;;;;;;;1;2;1;2;9;4;4;4;4;4;1;1;1;2;2;4;1;1;1;1;2;4;3;4;;;2;2;4;3;1;6;1;;1;6;1;;2;1;0;1;;2;3;0,08839304
29535;1;4;3;2;6;;1;4;3;;;;;;;;;;;;;;;;;;;;;;;;;;;;;;;;;1;2;1;1;1;1;2;1;2;1;9;1;1;;;;;;;;;;;;;1;10;10;1;2;2;1;1;5;2;3;2;5;1;3;3;2;3;1;2;2;1;2;;2;;;;;;;;;;;;;;;;;;;;;;;;;;;;;;;;;;;;;2;;98;JE L'AI DÉCIDER MOI MÊME;;;;;;;;;;;;;;;;;;;;;;;;;;;;;;;3;2;4;4;4;3;2;4;3;4;3;3;4;4;4;3;2;2;2;1;2;4;3;3;;;5;2;1;1;1;3;6;;1;5;1;;3;1;0;1;;2;1;3,42913675
29571;1;15;1;1;4;;1;4;1;;;;;;;;;;;;;;;;;;;;;;;;;;;;;;;;;1;1;1;2;1;1;1;1;1;1;1;1;1;;;;;;;;;;;;;1;7;8;2;2;2;3;2;2;3;2;1;2;3;2;2;2;2;1;2;4;1;2;;1;4;;;;;;;;;;;;;;;;;;;;3;;;;;;;;;;;;;;;;1;1;1;;2;;3;;;;;;;;;;;;4;;;;;;;;;;;;;;;;2;2;2;1;3;4;4;4;4;4;1;1;1;2;1;3;1;1;1;2;1;2;3;1;;;2;4;4;3;2;7;1;;2;5;1;;1;2;0;1;;2;7;0,86757064
29575;1;1;3;3;5;;1;4;1;;;;;;;;;;;;;;;;;;;;;;;;;;;;;;;;;1;2;1;2;2;1;1;1;1;1;1;1;2;1;;;;;;;;;;;;1;10;10;1;1;1;1;1;3;1;3;3;3;2;2;3;2;3;1;1;3;1;2;;2;;;;;;;;;;;;;;;;;;;;;;;;;;;;;;;;;;;;;2;;98;;;;;;;;;;;;;;;;;;;;;;;;;;;;;;;;1;1;4;1;1;4;4;2;4;4;1;1;1;3;1;3;2;1;1;1;1;1;2;1;;;2;2;2;3;1;5;6;;2;6;1;;1;2;0;1;;2;2;0,14460243
29589;1;6;1;1;6;;1;4;1;;;;;;;;;;;;;;;;;;;;;;;;;;;;;;;;;1;1;1;2;2;1;2;2;2;1;1;1;2;4;;;;;;;;;;;;1;8;8;1;2;2;2;2;3;3;3;2;2;2;3;3;2;2;1;1;4;1;2;;1;4;;;;;;;;;;;;;;;;;;;;3;;;;;;;;;;;;;;;;1;1;98;;;;;;;;;;;;;;;;;;;;;;;;;;;;;;;;3;2;4;4;4;4;3;4;4;4;2;1;3;3;1;4;1;1;1;2;1;4;4;3;;;1;2;4;3;2;2;6;;1;9;1;;9;2;0;1;;2;99;4,35561752
29630;1;6;1;1;5;;1;4;2;;;;;;;;;;;;;;;;;;;;;;;;;;;;;;;;;1;1;1;2;2;1;1;1;2;1;1;1;2;1;;3;;;;;;;;2;;1;8;9;1;2;2;2;2;2;2;3;2;3;3;2;3;3;2;1;1;4;1;2;;1;4;;;;;;;;;;;;;;;;;;;;3;;;;;;;;;;;;;;;;1;1;98;;;;;;;;;;;;;;;;;;;;;;;;;;;;;;;;1;1;2;2;3;4;4;4;4;4;1;3;3;4;3;4;1;1;1;1;1;4;4;4;;;3;2;4;3;1;8;6;;2;6;1;;1;3;0;1;;2;99;0,83737397
29689;1;12;3;2;3;;1;4;4;;;;;;;;;;;;;;;;;;;;;;;;;;;;;;;;;1;1;2;2;1;1;1;2;2;1;1;2;2;1;;;;;;;;;;;;2;0;0;2;3;3;2;4;1;4;1;1;1;4;1;2;4;2;2;4;4;1;2;;1;4;;;;;;;;;;;;;;;;;;;;3;;;;;;;;;;;;;;;;1;1;98;;;;;;;;;;;;;;;;;;;;;;;;;;;;;;;;4;3;4;4;4;4;4;4;4;4;3;3;4;3;3;4;1;2;1;2;2;4;4;4;;;1;4;4;3;2;2;4;;2;6;1;;1;2;2;1;;2;3;3,94454312
29711;2;13;1;1;3;;1;2;4;1;2;1;2;1;2;2;2;2;2;2;1;2;2;2;2;99;;;;;;;;;;;;;;;;;;;;;;;;;1;9;2;;;;;;;;;;;;;;3;3;4;1;3;2;2;2;5;4;2;3;2;3;3;2;3;1;2;2;2;1;;2;2;;;;;;;;;;;;;;;;;;;;;;;;;;;;;;;;;;;;;2;;98;;;;;;;;;;;;;;;;;;;;;;;;;;;;;;;;2;2;3;3;1;4;4;3;4;4;4;2;3;2;2;2;1;2;1;1;2;3;2;3;;;5;4;4;3;1;7;1;;2;5;1;;2;1;2;1;;2;3;2,41375136
29873;1;7;3;2;5;;1;4;1;;;;;;;;;;;;;;;;;;;;;;;;;;;;;;;;;1;2;2;2;2;2;2;2;2;1;1;1;2;1;;;;;;;;;;;;1;5;5;1;1;1;2;2;2;2;2;2;2;3;2;2;2;2;1;2;3;1;2;;1;3;;4;;;;;;;;;;;;;;;;;;7;TO GO AND VOTE;;;;;;;;;;;;;;;1;1;98;;;;;;;;;;;;;;;;;;;;;;;;;;;;;;;;3;2;4;4;4;4;4;4;4;4;2;2;3;3;3;4;4;4;4;4;4;4;4;4;;;2;2;3;3;2;3;6;;2;5;1;;1;1;0;1;;2;5;2,83167624
30004;1;16;1;1;5;;1;4;2;;;;;;;;;;;;;;;;;;;;;;;;;;;;;;;;;1;1;2;1;2;1;2;2;2;1;1;1;2;1;;;;;;;;;;;;1;10;10;1;1;2;2;2;3;2;3;3;3;2;3;3;2;3;2;2;3;1;2;;1;3;;4;;6;;;;;;;;;;;;;;;;3;;;;;;;;;;;;;;;;2;;98;;;;;;;;;;;;;;;;;;;;;;;;;;;;;;;;1;1;4;1;4;4;4;4;4;4;1;1;1;2;3;4;2;2;2;2;2;3;2;2;;;3;3;2;3;1;4;6;;2;6;1;;1;2;0;1;;2;6;0,74508673
30008;1;6;1;1;6;;1;4;1;;;;;;;;;;;;;;;;;;;;;;;;;;;;;;;;;1;1;2;1;1;1;1;1;1;1;1;1;1;;;;;;;;;;;;;1;10;10;2;2;1;1;1;2;1;4;2;2;2;2;3;1;1;1;1;1;1;2;;2;;;;;;;;;;;;;;;;;;;;;;;;;;;;;;;;;;;;;2;;98;;;;;;;;;;;;;;;;;;;;;;;;;;;;;;;;1;1;4;4;4;4;4;4;4;4;1;1;2;4;3;4;1;1;1;1;1;4;4;4;;;4;4;4;3;2;3;6;;1;6;1;;2;1;0;1;;2;2;4,35561752
30039;1;5;3;2;6;;1;4;2;;;;;;;;;;;;;;;;;;;;;;;;;;;;;;;;;1;1;2;1;2;1;2;1;2;1;1;1;2;1;;;;;;;;;;;;1;10;10;1;1;2;1;1;2;2;4;2;2;2;3;4;1;2;1;1;1;1;2;;2;;;;;;;;;;;;;;;;;;;;;;;;;;;;;;;;;;;;;2;;98;;;;;;;;;;;;;;;;;;;;;;;;;;;;;;;;1;2;4;3;4;4;4;4;4;4;1;1;3;3;2;4;2;2;1;2;2;2;4;4;;;4;2;4;3;1;6;6;;2;6;1;;1;2;0;1;;2;3;0,82012111
30060;1;17;3;2;4;;1;4;1;;;;;;;;;;;;;;;;;;;;;;;;;;;;;;;;;1;1;2;2;2;1;1;1;2;1;1;1;1;;;;;;;;;;;;;1;9;9;2;1;3;2;2;1;3;2;2;1;3;1;3;3;2;1;1;1;1;2;;2;;;;;;;;;;;;;;;;;;;;;;;;;;;;;;;;;;;;;1;1;98;;;;;;;;;;;;;;;;;;;;;;;;;;;;;;;;1;2;1;2;4;2;4;2;1;2;1;1;3;1;1;3;1;1;1;1;1;1;1;1;;;1;1;4;3;1;5;1;;2;6;1;;1;3;0;1;;2;8;0,48736537
30084;2;6;1;1;5;;1;1;1;2;1;2;2;1;2;2;2;2;2;2;2;2;2;2;2;1;SI LES POLITICIENS NE SERAIENT DES MENTEURS, DES HYPOCRITES ET DES VOLEURS ET AUTRES DE LA SORTE...;;;;;;;;;;;;;;;;;;;;;;;;2;2;2;;;;;;;;;;;;;;4;0;0;1;2;4;4;4;1;4;4;1;1;4;1;1;4;1;4;4;4;2;;;1;3;;4;;;;;;;;;;;;;;;;;;5;;3;;4;;;;;;;;;;;;2;;98;;;;;;;;;;;;;;;;;;;;;;;;;;;;;;;;9;4;4;4;4;4;4;4;4;4;1;1;3;4;1;4;1;1;1;4;1;9;4;4;;;1;4;4;3;1;5;1;;2;6;1;;2;1;0;1;;2;3;0,8067984
30109;1;3;2;2;6;;1;4;1;;;;;;;;;;;;;;;;;;;;;;;;;;;;;;;;;1;2;1;2;2;1;1;1;2;1;1;1;2;1;;;;;;;;;;;;1;10;10;2;2;1;1;1;2;2;4;2;3;2;2;4;1;1;1;1;1;1;2;;1;4;;;;;;;;;;;;;;;;;;;;3;;;;;;;;;;;;;;;;2;;98;;;;;;;;;;;;;;;;;;;;;;;;;;;;;;;;3;1;4;4;4;4;4;4;4;4;1;1;4;4;2;4;2;2;1;2;1;2;2;1;;;4;4;4;3;1;4;6;;2;6;1;;1;2;0;1;;2;3;0,82012111
30155;1;16;3;2;6;;1;4;1;;;;;;;;;;;;;;;;;;;;;;;;;;;;;;;;;1;1;2;1;2;1;1;1;2;1;1;1;1;;;;;;;;;;;;;1;4;8;1;2;2;2;1;2;1;1;1;1;2;1;1;2;1;1;1;1;2;;;2;;;;;;;;;;;;;;;;;;;;;;;;;;;;;;;;;;;;;2;;98;;;;;;;;;;;;;;;;;;;;;;;;;;;;;;;;3;2;3;1;3;4;3;4;4;4;1;1;3;2;4;4;1;1;1;1;1;2;4;4;;;3;1;4;3;2;6;6;;1;4;1;;2;1;0;1;;2;2;0,88120085
30185;1;3;2;1;5;;1;4;2;;;;;;;;;;;;;;;;;;;;;;;;;;;;;;;;;1;2;1;1;2;1;1;1;2;1;1;1;1;;;;;;;;;;;;;2;4;5;1;2;3;2;1;1;3;1;2;1;2;2;2;2;1;1;1;3;1;2;;1;4;;;;;;;;;;;;;;;;;;;;97;PUB;;;;;;;;;;;;;;;1;1;98;;;;;;;;;;;;;;;;;;;;;;;;;;;;;;;;3;3;4;2;4;2;4;4;4;4;1;2;2;3;3;9;2;1;1;1;1;1;1;1;;;1;3;3;3;1;3;1;;2;6;1;;1;2;0;1;;2;4;3,11539721
30264;1;16;1;2;6;;1;4;1;;;;;;;;;;;;;;;;;;;;;;;;;;;;;;;;;2;1;1;2;2;1;2;1;2;1;1;1;2;97;BÉNÉVOLE;;;;;;;;;;;1;10;10;1;1;3;2;1;2;2;3;2;3;2;3;4;3;1;1;1;4;1;2;;1;3;;;;;;;;;;;;;;;;;;;;3;;1;;;;;;;;;;;;;;1;1;1;;;;;;;;;;;;;;;;2;;;;;;;;;;;;;;;;2;1;1;4;1;2;1;2;1;1;2;2;1;1;1;1;1;1;1;2;1;1;1;1;;;1;2;2;3;1;8;6;;2;6;1;;1;2;0;1;;2;3;0,92170042
30348;1;14;1;1;4;;1;4;2;;;;;;;;;;;;;;;;;;;;;;;;;;;;;;;;;1;1;1;2;2;1;1;1;2;1;1;1;2;1;;3;;;;;;;;2;;1;7;8;1;2;1;1;2;2;2;3;2;3;2;3;3;2;5;1;1;3;1;2;;2;;;;;;;;;;;;;;;;;;;;;;;;;;;;;;;;;;;;;1;1;98;;;;;;;;;;;;;;;;;;;;;;;;;;;;;;;;2;3;1;4;4;3;4;4;4;2;3;3;3;3;2;9;2;2;2;2;3;3;9;3;;;3;2;3;3;1;3;1;;2;6;1;;1;3;1;1;;2;6;3,004004
30448;1;6;1;1;6;;1;4;1;;;;;;;;;;;;;;;;;;;;;;;;;;;;;;;;;1;2;2;1;2;1;1;2;1;1;1;1;1;;;;;;;;;;;;;1;8;8;2;2;9;2;2;1;2;2;1;1;3;3;2;2;1;1;2;1;1;2;;2;;;;;;;;;;;;;;;;;;;;;;;;;;;;;;;;;;;;;2;;98;;;;;;;;;;;;;;;;;;;;;;;;;;;;;;;;1;2;4;4;4;4;4;4;4;4;1;1;3;4;3;4;2;2;2;1;1;4;4;4;;;1;3;3;3;2;3;6;;1;6;1;;3;1;0;1;;2;99;4,35561752
30518;1;5;3;2;6;;1;4;1;;;;;;;;;;;;;;;;;;;;;;;;;;;;;;;;;1;2;2;2;2;1;2;1;2;1;1;1;2;1;;;;;;;;;;;;1;8;8;1;2;2;1;1;2;3;3;3;2;2;1;2;3;1;2;1;5;1;2;;1;3;;4;;;;;;;;;;;;;;;;;;4;;3;;;;;;;;;;;;;;1;1;98;;;;;;;;;;;;;;;;;;;;;;;;;;;;;;;;2;2;4;4;4;4;4;4;4;4;1;1;4;4;1;3;1;1;2;2;2;3;3;3;;;1;3;3;3;1;8;6;;2;6;1;;1;2;0;1;;2;5;0,92170042
30548;1;2;3;3;5;;1;4;1;;;;;;;;;;;;;;;;;;;;;;;;;;;;;;;;;1;1;1;1;1;1;1;1;2;1;1;1;2;1;;;;;;;;;;;;1;10;10;1;1;1;1;1;1;4;4;4;3;3;1;4;2;2;1;1;4;2;;;2;;;;;;;;;;;;;;;;;;;;;;;;;;;;;;;;;;;;;2;;98;;;;;;;;;;;;;;;;;;;;;;;;;;;;;;;;2;2;1;4;4;4;4;4;4;4;4;4;4;1;4;3;1;1;1;1;1;1;3;1;;;4;1;4;1;1;2;6;;2;6;1;;1;2;0;1;;2;4;0,60462022
30555;1;14;1;1;6;;1;4;1;;;;;;;;;;;;;;;;;;;;;;;;;;;;;;;;;1;1;1;1;2;1;1;1;1;1;1;1;1;;;;;;;;;;;;;1;9;9;1;2;2;2;1;3;2;3;3;3;2;2;3;2;1;1;2;1;1;2;;1;3;;4;;;;;;;;;;;;;;;;;;97;DISCUSSION NON POURSUIVI, CAR VOTE PAR ANTICIPATION;;;;;;;;;;;;;;;1;1;98;;;;;;;;;;;;;;;;;;;;;;;;;;;;;;;;3;4;3;3;4;4;4;2;4;4;1;1;1;3;1;4;1;1;1;1;1;3;1;3;;;1;3;4;3;1;7;6;;2;1;1;;1;1;0;1;;2;99;1,08958244
30645;1;6;1;1;3;;1;4;1;;;;;;;;;;;;;;;;;;;;;;;;;;;;;;;;;1;2;2;2;2;1;2;1;2;1;1;1;1;;;;;;;;;;;;;1;8;9;1;2;2;3;2;3;3;4;2;3;3;2;3;2;2;2;2;4;1;2;;2;;;;;;;;;;;;;;;;;;;;;;;;;;;;;;;;;;;;;2;;2;;5;;;;;;;;;;;;;;;;;;;;;;;;;;;;;;1;1;1;1;3;2;4;4;4;4;3;1;3;1;1;4;1;1;1;1;1;4;4;1;;;2;4;2;3;2;5;1;;1;4;1;;1;1;0;1;;2;3;1,39068377
30702;1;6;1;1;1;1;1;4;4;;;;;;;;;;;;;;;;;;;;;;;;;;;;;;;;;1;1;2;1;1;1;1;1;1;2;2;1;2;2;;;;;;;;;;;;2;4;5;2;3;2;3;3;2;3;3;3;3;3;2;3;3;2;1;2;2;2;;;2;;;;;;;;;;;;;;;;;;;;;;;;;;;;;;;;;;;;;1;1;98;;;;;;;;;;;;;;;;;;;;;;;;;;;;;;;;3;3;4;4;4;4;4;4;4;4;3;3;2;1;3;2;3;2;2;2;3;3;3;2;2;2;2;3;4;3;1;7;3;;1;3;1;;2;3;0;3;4;2;1;0,50078893
30708;1;6;1;1;5;;1;4;3;;;;;;;;;;;;;;;;;;;;;;;;;;;;;;;;;1;1;2;2;2;1;1;1;2;1;1;1;2;1;;;;;;;;;;;;2;6;5;2;2;4;3;1;1;1;1;1;1;2;1;1;2;1;3;3;3;2;;;2;;;;;;;;;;;;;;;;;;;;;;;;;;;;;;;;;;;;;1;9;98;;;;;;;;;;;;;;;;;;;;;;;;;;;;;;;;4;4;9;9;9;9;9;9;9;9;2;3;3;3;3;4;2;1;1;1;2;4;4;4;;;1;4;4;3;2;3;1;;1;6;1;;1;1;0;1;;2;98;3,34743714
30721;2;16;1;1;6;;1;3;3;2;1;2;2;1;2;2;2;1;2;2;1;2;2;2;2;7;JE NE POUVAIS PAS. TROP MALADE;;;;;;;;;;;;;;;;;;;;;;;;1;1;1;;;;;;;;;;;;;;2;6;6;2;3;2;2;2;3;2;3;2;2;3;2;2;2;3;2;2;3;1;;2;2;;;;;;;;;;;;;;;;;;;;;;;;;;;;;;;;;;;;;2;;98;;;;;;;;;;;;;;;;;;;;;;;;;;;;;;;;2;2;4;4;4;4;4;4;4;4;2;3;4;2;1;4;2;2;2;2;2;4;4;4;;;3;4;4;3;2;2;6;;1;6;1;;3;1;0;1;;2;2;1,47403276
30732;1;16;3;2;5;;1;4;3;;;;;;;;;;;;;;;;;;;;;;;;;;;;;;;;;1;1;1;2;2;1;1;1;1;1;1;1;2;1;;;;;;;;;;;;1;10;10;1;1;1;1;2;2;2;3;2;2;2;3;3;1;1;1;1;1;1;2;;2;;;;;;;;;;;;;;;;;;;;;;;;;;;;;;;;;;;;;1;1;98;;;;;;;;;;;;;;;;;;;;;;;;;;;;;;;;1;1;4;1;4;4;4;4;4;4;1;4;1;1;1;4;1;1;1;1;1;1;3;3;;;1;3;4;3;2;3;1;;2;6;1;;1;2;0;1;;2;99;2,83167624
30733;1;16;3;2;4;;1;4;3;;;;;;;;;;;;;;;;;;;;;;;;;;;;;;;;;1;1;2;2;2;1;1;2;1;1;1;1;2;1;;;;;;;;;;;;1;7;6;2;2;2;3;3;3;2;2;5;2;3;1;3;4;2;1;1;4;1;2;;2;;;;;;;;;;;;;;;;;;;;;;;;;;;;;;;;;;;;;1;1;98;;;;;;;;;;;;;;;;;;;;;;;;;;;;;;;;2;2;3;3;4;4;4;4;4;4;1;2;2;3;1;4;2;2;2;1;2;4;4;4;;;1;3;4;3;2;6;1;;2;5;1;;1;2;2;1;;2;99;0,52366459
30739;1;14;1;1;3;;1;4;9;;;;;;;;;;;;;;;;;;;;;;;;;;;;;;;;;1;1;2;2;2;1;2;1;2;1;1;1;2;1;;;;;;;;;;;;1;8;8;1;2;3;2;2;1;3;2;1;1;5;1;3;3;1;1;2;5;1;2;;2;;;;;;;;;;;;;;;;;;;;;;;;;;;;;;;;;;;;;1;1;1;;;;;;;;;;;;;;;;2;;;;;;;;;;;;;;;;3;2;4;2;4;4;4;4;4;4;3;3;3;3;2;3;1;1;1;1;1;4;3;4;;;2;2;2;3;2;7;1;;2;6;1;;1;3;2;1;;2;99;1,56293797
30746;1;6;1;1;6;;1;4;1;;;;;;;;;;;;;;;;;;;;;;;;;;;;;;;;;1;2;2;2;2;1;2;2;1;1;1;1;2;1;;;;;;;;;;;;1;10;10;1;1;2;1;1;4;3;4;4;2;3;3;4;2;2;1;1;4;1;2;;1;3;;4;;5;;;;;;;;;;;;;;;;2;;1;;;;;;;;;;;;;;1;1;98;;;;;;;;;;;;;;;;;;;;;;;;;;;;;;;;1;1;4;1;4;4;4;1;4;4;3;2;3;4;1;4;1;1;2;2;2;1;1;1;;;1;1;2;3;1;7;6;;2;6;1;;1;2;0;1;;2;4;1,08958244
30763;1;2;3;3;4;;1;4;1;;;;;;;;;;;;;;;;;;;;;;;;;;;;;;;;;1;2;1;2;2;2;2;2;2;1;1;1;2;2;;;;;;;;;;;;1;8;9;1;2;2;2;4;3;3;2;2;1;4;2;4;2;2;1;2;4;1;2;;1;1;;2;;3;;4;;6;;7;;;;;;;;;;3;;;;;;;;;;;;;;;;1;1;98;;;;;;;;;;;;;;;;;;;;;;;;;;;;;;;;3;2;3;4;4;4;3;4;4;4;2;1;1;1;3;9;1;2;2;2;2;4;4;9;;;2;4;4;3;1;2;99;;3;6;1;;2;3;0;1;;2;99;0,3695935
30768;1;4;3;2;4;;1;4;2;;;;;;;;;;;;;;;;;;;;;;;;;;;;;;;;;1;2;1;2;1;1;1;2;2;1;1;2;2;1;;4;;;;;;;;;;1;7;8;1;2;3;1;3;2;2;2;1;2;3;2;3;3;1;1;3;4;2;;;2;;;;;;;;;;;;;;;;;;;;;;;;;;;;;;;;;;;;;1;1;1;;2;;3;;;;;;;;;;;;2;;;;;;;;;;;;;;;;3;2;4;4;4;4;4;4;4;4;2;3;2;2;3;4;2;1;2;1;2;4;9;3;;;1;3;3;2;1;3;1;;1;4;1;;1;1;0;1;;2;2;2,0378089
30773;2;6;1;1;2;;1;3;4;2;1;1;2;1;2;2;1;1;2;2;2;2;2;2;2;97;1. PLUS DE FACILITÉ À CHANGER SON ADRESSE SUR LA LISTE ÉLECTORALE.  2. DES PARTIS VRAIMENT DIFFÉRENTS LES UNS DES AUTRES.   3. UN PARTI PLUS CONSERVATEUR À L'AVANT PLAN.;;;;;;;;;;;;;;;;;;;;;;;;1;1;1;;;;;;;;;;;;;;2;6;9;2;2;3;2;4;2;4;2;4;2;3;3;2;3;3;2;3;1;1;;2;1;2;;3;;4;;6;;;;;;;;;;;;;;3;;5;;4;;;;;;;;;;;;2;;3;;;;;;;;;;;;;;;;;;;;;;;;;;;;;;;;2;2;4;4;4;4;4;4;4;4;3;4;1;3;3;4;2;2;2;2;1;1;3;1;1;1;1;2;3;3;1;6;1;;2;3;1;;2;1;0;1;;2;4;1,26311862
30776;1;5;3;2;5;;1;4;1;;;;;;;;;;;;;;;;;;;;;;;;;;;;;;;;;1;1;1;2;2;1;1;1;2;1;1;1;1;;;;;;;;;;;;;1;4;2;1;2;3;2;3;1;3;2;1;2;3;1;3;3;2;1;1;4;2;;;1;4;;;;;;;;;;;;;;;;;;;;99;;;;;;;;;;;;;;;;1;1;98;;;;;;;;;;;;;;;;;;;;;;;;;;;;;;;;2;2;2;1;4;3;4;4;4;4;4;1;1;2;3;4;1;1;1;1;1;1;4;1;;;1;3;5;2;2;4;1;;2;6;1;;1;2;0;1;;2;6;0,67723006
30803;1;13;1;1;3;;1;4;1;;;;;;;;;;;;;;;;;;;;;;;;;;;;;;;;;1;2;2;2;2;1;1;1;1;1;1;1;1;;;;;;;;;;;;;1;6;6;1;3;2;1;3;3;2;4;3;3;5;2;4;5;3;1;1;4;1;2;;1;4;;;;;;;;;;;;;;;;;;;;3;;4;;;;;;;;;;;;;;1;1;98;;;;;;;;;;;;;;;;;;;;;;;;;;;;;;;;2;2;2;2;4;4;3;4;4;4;3;2;2;3;1;4;2;2;1;2;2;2;3;4;;;5;2;4;3;2;8;1;;2;6;1;;1;2;3;3;5;2;8;1,56293797
30851;1;13;1;1;3;;1;4;1;;;;;;;;;;;;;;;;;;;;;;;;;;;;;;;;;1;1;2;1;2;1;1;1;2;1;1;1;2;2;;;;;;;;;;;;1;5;5;2;2;3;2;2;1;3;3;2;1;1;1;2;2;2;1;2;4;1;2;;1;3;;;;;;;;;;;;;;;;;;;;3;;;;;;;;;;;;;;;;1;1;98;;;;;;;;;;;;;;;;;;;;;;;;;;;;;;;;2;2;4;4;4;4;4;4;4;4;3;3;2;1;2;4;1;1;2;2;2;9;4;9;;;1;3;1;3;2;4;1;;2;6;97;ARABE;2;3;0;3;5;2;3;1,39068377
30853;1;16;1;1;4;;1;4;1;;;;;;;;;;;;;;;;;;;;;;;;;;;;;;;;;1;2;1;1;2;1;2;1;2;1;1;2;1;;;;;;;;;;;;;1;8;6;1;2;2;3;3;2;2;4;1;2;2;2;2;3;2;1;1;4;1;2;;2;;;;;;;;;;;;;;;;;;;;;;;;;;;;;;;;;;;;;1;1;98;;;;;;;;;;;;;;;;;;;;;;;;;;;;;;;;2;1;2;4;2;4;4;4;4;4;1;2;1;2;3;9;1;1;1;1;2;3;2;4;;;1;1;4;3;2;6;97;SABBATIQUE;2;6;1;;1;2;1;1;;2;6;0,77195251
30854;1;5;3;2;3;;1;4;4;;;;;;;;;;;;;;;;;;;;;;;;;;;;;;;;;1;2;2;2;2;1;1;1;1;1;1;1;1;;;;;;;;;;;;;1;1;1;2;3;4;2;4;1;4;1;1;1;4;1;2;3;1;1;1;1;2;;;1;3;;4;;;;;;;;;;;;;;;;;;3;;;;;;;;;;;;;;;;1;1;1;;3;;;;;;;;;;;;;;2;;;;;;;;;;;;;;;;1;2;4;1;4;4;4;4;4;4;4;4;4;4;4;4;1;1;1;1;1;4;4;4;;;3;2;4;3;2;7;1;;2;5;1;;1;2;2;1;;2;6;1,0602386
30913;1;3;2;1;3;;1;4;1;;;;;;;;;;;;;;;;;;;;;;;;;;;;;;;;;1;2;1;1;1;1;1;2;1;1;1;1;1;;;;;;;;;;;;;1;9;8;1;2;2;2;2;3;3;3;3;3;2;2;2;2;2;1;1;3;1;2;;1;4;;;;;;;;;;;;;;;;;;;;4;;3;;;;;;;;;;;;;;1;1;1;;2;;3;;5;;;;;;;;;;2;;;;;;;;;;;;;;;;1;2;4;4;3;4;4;4;3;4;3;3;3;1;1;2;2;1;1;2;1;3;2;2;;;1;2;3;3;2;8;1;;2;5;1;;1;2;2;1;;2;8;1,56293797
30953;1;4;3;2;6;;1;4;2;;;;;;;;;;;;;;;;;;;;;;;;;;;;;;;;;1;1;1;1;1;1;1;1;1;1;1;1;1;;;;;;;;;;;;;1;8;9;2;1;2;1;1;2;2;3;2;3;2;2;3;1;3;1;1;1;1;1;;1;3;;;;;;;;;;;;;;;;;;;;3;;;;;;;;;;;;;;;;2;;98;;;;;;;;;;;;;;;;;;;;;;;;;;;;;;;;2;2;4;4;2;4;4;4;4;4;1;1;3;3;4;4;2;2;3;3;3;3;2;9;;;3;1;3;1;2;3;6;;1;6;1;;2;1;0;1;;2;1;3,6845355
31070;1;16;1;1;2;;1;4;1;;;;;;;;;;;;;;;;;;;;;;;;;;;;;;;;;1;1;2;1;2;1;1;1;2;1;1;1;1;;;;;;;;;;;;;1;5;7;1;2;3;2;3;2;3;3;2;2;2;2;2;2;2;1;2;3;1;1;;2;;;;;;;;;;;;;;;;;;;;;;;;;;;;;;;;;;;;;2;;98;;;;;;;;;;;;;;;;;;;;;;;;;;;;;;;;3;2;2;2;3;4;4;4;2;3;3;1;1;1;1;4;1;1;3;1;2;4;4;4;2;2;3;2;3;1;1;7;1;;1;5;1;;2;1;0;1;;2;3;0,41990462
31098;1;3;2;1;6;;1;4;1;;;;;;;;;;;;;;;;;;;;;;;;;;;;;;;;;1;1;1;2;2;1;1;1;1;1;1;1;2;1;;;;;;;;;;;;1;10;10;1;1;2;1;1;3;2;4;2;4;4;3;3;1;3;1;1;4;1;2;;1;3;;;;;;;;;;;;;;;;;;;;3;;;;;;;;;;;;;;;;1;1;98;;;;;;;;;;;;;;;;;;;;;;;;;;;;;;;;3;2;4;2;4;4;4;4;4;4;1;1;4;4;1;4;1;1;1;1;1;9;9;3;;;4;4;4;3;1;7;6;;2;6;1;;1;2;0;1;;2;3;1,08958244
31108;1;3;3;1;4;;1;4;3;;;;;;;;;;;;;;;;;;;;;;;;;;;;;;;;;1;1;2;2;2;1;1;1;2;1;2;2;1;;;;;;;;;;;;;1;6;6;2;2;2;1;2;1;2;3;2;1;3;1;2;3;1;2;2;3;1;2;;1;1;;;;;;;;;;;;;;;;;;;;6;FAIRE CONNAÎTRE SON PROGRAMME;;;;;;;;;;;;;;;2;;98;;;;;;;;;;;;;;;;;;;;;;;;;;;;;;;;1;2;2;1;3;4;3;4;4;4;1;2;2;2;1;4;2;2;1;2;2;4;4;2;;;1;2;3;3;2;5;1;;1;3;1;;2;1;1;1;;2;3;0,77195251
31160;1;7;3;2;6;;1;4;1;;;;;;;;;;;;;;;;;;;;;;;;;;;;;;;;;1;1;1;1;1;1;1;1;2;1;1;1;1;;;;;;;;;;;;;1;9;9;2;2;1;1;1;3;2;3;2;3;2;3;4;2;2;1;1;2;1;2;;1;5;;6;;;;;;;;;;;;;;;;;;4;;;;;;;;;;;;;;;;1;1;98;;;;;;;;;;;;;;;;;;;;;;;;;;;;;;;;2;1;2;4;4;4;4;4;4;4;1;1;1;3;1;4;2;2;2;2;2;2;2;2;;;4;4;3;3;1;5;1;;2;6;1;;1;2;0;1;;2;8;0,82012111
31166;1;7;3;2;6;;1;4;1;;;;;;;;;;;;;;;;;;;;;;;;;;;;;;;;;1;2;2;1;2;1;1;1;2;1;1;1;1;;;;;;;;;;;;;1;8;7;1;2;2;2;1;3;2;2;2;3;2;3;4;2;3;1;1;2;1;2;;2;;;;;;;;;;;;;;;;;;;;;;;;;;;;;;;;;;;;;2;;98;;;;;;;;;;;;;;;;;;;;;;;;;;;;;;;;3;1;3;4;4;4;4;4;4;4;3;2;3;4;2;4;2;1;2;2;2;1;3;4;;;2;3;2;3;1;7;6;;2;6;1;;2;1;0;1;;2;5;0,92170042
31170;1;2;3;3;5;;1;4;1;;;;;;;;;;;;;;;;;;;;;;;;;;;;;;;;;1;2;1;1;1;1;2;1;1;1;1;1;2;1;;;;;;;;;;;;1;5;10;1;2;3;1;2;2;3;1;2;2;3;3;1;3;1;1;1;3;1;2;;1;3;;;;;;;;;;;;;;;;;;;;3;;;;;;;;;;;;;;;;2;;98;;;;;;;;;;;;;;;;;;;;;;;;;;;;;;;;1;2;4;3;4;4;4;4;4;4;1;3;3;4;1;4;1;1;1;1;1;4;4;4;;;1;2;4;1;2;4;6;;2;6;1;;1;2;0;1;;2;3;0,15537187
31180;1;16;1;1;4;;1;4;1;;;;;;;;;;;;;;;;;;;;;;;;;;;;;;;;;1;1;2;1;1;1;1;1;2;1;1;1;1;;;;;;;;;;;;;1;5;5;2;3;2;2;1;2;3;2;2;2;3;1;2;4;2;1;3;4;1;2;;2;;;;;;;;;;;;;;;;;;;;;;;;;;;;;;;;;;;;;1;1;98;;;;;;;;;;;;;;;;;;;;;;;;;;;;;;;;2;2;2;1;4;4;4;4;4;4;2;2;3;4;2;4;3;2;2;3;2;3;4;4;;;1;2;4;3;1;5;1;;2;6;1;;1;2;2;1;;2;7;0,71844256
31191;1;6;1;1;4;;1;4;2;;;;;;;;;;;;;;;;;;;;;;;;;;;;;;;;;1;2;1;2;2;1;1;1;2;1;1;1;2;1;;3;;;;;;;;1;1;2;10;10;1;1;4;3;4;1;4;4;4;1;4;4;1;4;1;2;2;4;1;2;;1;5;;;;;;;;;;;;;;;;;;;;3;;2;;1;;;;;;;;;;;;1;1;2;;3;;;;;;;;;;;;;;;;;;;;;;;;;;;;;;2;1;1;2;4;2;4;2;2;4;2;1;1;3;1;2;1;1;2;1;1;4;1;4;;;1;4;1;3;1;8;1;;2;6;1;;1;2;3;1;;2;5;0,80743265
31201;2;6;1;1;6;;1;1;3;1;2;2;2;2;2;1;2;2;2;1;2;2;2;2;2;5;I WANTED TO VOTE BUT WAS AWAY ON VACATION AND I DID NOT HAVE ACCESS TO REMOTE VOTING CAPABILITIES;;;;;;;;;;;;;;;;;;;;;;;;1;1;1;;;;;;;;;;;;;;1;7;5;2;3;2;2;2;3;2;3;3;3;3;3;3;2;2;1;2;3;2;;;2;;;;;;;;;;;;;;;;;;;;;;;;;;;;;;;;;;;;;1;1;98;;;;;;;;;;;;;;;;;;;;;;;;;;;;;;;;2;2;2;4;2;2;4;2;4;4;2;3;2;4;3;4;2;2;2;2;2;3;3;3;;;2;3;3;3;1;4;1;SENIOR CARE;1;6;97;ITALIAN;3;2;0;1;;2;2;0,86403853
31203;1;3;2;1;5;;1;4;2;;;;;;;;;;;;;;;;;;;;;;;;;;;;;;;;;1;1;1;2;2;1;1;1;1;1;1;1;1;;;;;;;;;;;;;1;8;8;1;2;3;1;1;2;3;2;3;2;3;2;2;2;2;1;1;3;1;2;;1;3;;;;;;;;;;;;;;;;;;;;3;;;;;;;;;;;;;;;;2;;2;;;;;;;;;;;;;;;;;;;;;;;;;;;;;;;;2;1;2;3;3;4;4;3;4;4;2;2;2;1;1;3;1;1;1;1;1;4;9;3;;;2;2;5;3;1;4;1;;1;5;1;;2;1;0;1;;2;3;0,74508673
31220;1;4;3;2;6;;1;4;1;;;;;;;;;;;;;;;;;;;;;;;;;;;;;;;;;1;1;1;1;2;1;1;1;2;1;1;1;2;1;;;;;;;;;;;;1;10;10;1;1;2;1;2;3;2;4;2;2;2;2;4;2;2;1;1;4;1;2;;1;3;;;;;;;;;;;;;;;;;;;;3;;;;;;;;;;;;;;;;1;1;98;;;;;;;;;;;;;;;;;;;;;;;;;;;;;;;;1;1;2;1;1;1;1;1;1;1;2;2;2;1;2;1;1;1;2;2;1;2;1;3;;;1;1;3;3;1;8;6;;2;5;1;;1;2;0;1;;2;5;0,92170042
31252;1;6;1;1;6;;1;4;1;;;;;;;;;;;;;;;;;;;;;;;;;;;;;;;;;1;1;1;2;2;1;2;1;2;1;1;1;2;1;;;;;;;;;;;;1;8;10;1;1;2;1;2;3;4;3;3;3;2;2;4;2;3;1;2;4;1;2;;1;3;;4;;;;;;;;;;;;;;;;;;4;;3;;;;;;;;;;;;;;1;1;98;;;;;;;;;;;;;;;;;;;;;;;;;;;;;;;;2;2;4;4;4;4;4;4;4;4;2;3;3;3;3;4;2;1;2;2;2;2;2;4;;;4;2;4;3;1;7;6;;1;6;1;;1;3;0;1;;2;2;1,08958244
31262;1;3;2;1;3;;1;4;1;;;;;;;;;;;;;;;;;;;;;;;;;;;;;;;;;1;1;1;2;2;1;2;1;1;1;1;1;1;;;;;;;;;;;;;1;6;6;2;3;2;2;2;2;3;3;3;3;3;2;4;2;5;1;1;4;1;2;;1;3;;5;;6;;;;;;;;;;;;;;;;4;;3;;;;;;;;;;;;;;2;;98;;;;;;;;;;;;;;;;;;;;;;;;;;;;;;;;4;2;3;1;4;4;4;4;4;4;4;4;1;4;2;4;9;9;2;1;1;9;4;9;;;4;1;4;3;2;9;1;;2;4;1;;2;1;0;1;;2;6;1,56293797
31267;1;15;1;1;5;;1;4;1;;;;;;;;;;;;;;;;;;;;;;;;;;;;;;;;;1;1;1;2;2;1;1;1;2;1;1;2;1;;;;;;;;;;;;;1;10;8;9;1;1;2;3;2;2;3;3;2;2;3;3;3;3;1;1;1;1;2;;1;4;;;;;;;;;;;;;;;;;;;;3;;;;;;;;;;;;;;;;1;1;98;;;;;;;;;;;;;;;;;;;;;;;;;;;;;;;;4;1;4;4;4;4;4;4;4;4;1;1;3;4;1;3;1;1;1;1;1;1;2;4;;;1;3;4;1;1;3;1;;2;6;1;;1;3;0;3;5;2;3;3,11539721
31284;1;13;1;1;5;;1;4;1;;;;;;;;;;;;;;;;;;;;;;;;;;;;;;;;;1;1;1;2;2;1;1;1;1;1;1;1;2;1;;;;;;;;;;;;1;5;5;1;3;2;2;2;1;1;4;2;2;3;1;2;2;1;1;2;3;2;;;1;1;;;;;;;;;;;;;;;;;;;;6;SE PRÉSENTER COMME CANDIDAT DANS MON COMTÉ;;;;;;;;;;;;;;;1;1;98;;;;;;;;;;;;;;;;;;;;;;;;;;;;;;;;3;3;4;4;4;4;4;4;4;4;2;2;4;4;3;4;2;2;2;2;2;3;3;3;;;2;3;4;3;1;7;5;;2;6;1;;1;2;0;1;;2;5;0,83737397
31311;1;6;1;1;2;;1;4;1;;;;;;;;;;;;;;;;;;;;;;;;;;;;;;;;;1;2;2;1;2;1;2;2;2;1;1;1;1;;;;;;;;;;;;;1;10;2;2;3;1;1;1;2;3;3;4;3;2;3;4;3;2;1;1;2;1;2;;2;;;;;;;;;;;;;;;;;;;;;;;;;;;;;;;;;;;;;2;;1;;2;;;;;;;;;;;;;;5;COUSIN;;;;;;;;;;;;;;;1;1;4;4;4;4;2;4;2;3;3;2;1;3;4;2;1;2;3;1;1;3;3;2;2;2;1;1;4;3;1;8;3;;2;5;1;;2;1;0;3;4;2;1;0,41990462
31332;1;6;1;1;6;;1;4;1;;;;;;;;;;;;;;;;;;;;;;;;;;;;;;;;;1;1;2;2;2;1;1;1;2;1;1;1;2;1;;3;;;;;;;;2;;1;9;8;2;1;3;3;2;2;4;4;4;2;3;2;3;3;2;1;2;4;2;;;1;3;;5;;8;;;;;;;;;;;;;;;;4;;3;;;;;;;;;;;;;;1;1;98;;;;;;;;;;;;;;;;;;;;;;;;;;;;;;;;3;2;1;1;4;3;4;2;4;3;1;1;2;3;3;4;1;1;1;1;1;9;4;1;;;1;3;5;3;2;7;6;;2;5;1;;1;3;0;1;;2;5;1,17072916
31337;1;14;3;2;3;;1;4;1;;;;;;;;;;;;;;;;;;;;;;;;;;;;;;;;;1;1;1;2;1;1;2;1;1;1;1;1;2;3;;;;;;;;;;1;1;1;9;7;1;1;2;2;2;3;2;4;2;3;2;3;3;3;2;1;2;4;1;2;;2;;;;;;;;;;;;;;;;;;;;;;;;;;;;;;;;;;;;;1;1;1;;2;;3;;;;;;;;;;;;1;;2;;3;;4;;;;;;;;;;1;2;2;1;1;3;4;3;2;4;1;2;2;2;1;3;1;1;2;1;2;2;3;4;;;2;4;3;3;2;7;1;;2;6;1;;1;2;3;1;;2;8;1,0602386
31358;1;4;3;2;6;;1;4;3;;;;;;;;;;;;;;;;;;;;;;;;;;;;;;;;;1;1;2;1;2;1;1;2;2;1;1;1;2;1;;;;;;;;;;;;1;7;10;2;3;3;1;2;1;2;1;1;1;2;1;1;2;3;1;1;3;1;2;;2;;;;;;;;;;;;;;;;;;;;;;;;;;;;;;;;;;;;;1;1;98;;;;;;;;;;;;;;;;;;;;;;;;;;;;;;;;2;3;4;4;4;4;4;4;4;4;1;3;3;4;4;4;2;1;1;1;1;4;4;9;;;4;1;3;3;1;2;6;;2;6;1;;1;2;0;1;;2;2;3,42913675
31364;1;14;1;1;5;;1;4;4;;;;;;;;;;;;;;;;;;;;;;;;;;;;;;;;;1;2;1;2;2;2;1;2;2;1;1;1;2;1;;;;;;;;;;;;1;5;5;9;3;2;2;2;3;2;3;2;3;2;2;3;2;2;1;2;4;2;;;1;3;;;;;;;;;;;;;;;;;;;;3;;;;;;;;;;;;;;;;1;1;98;;;;;;;;;;;;;;;;;;;;;;;;;;;;;;;;4;4;4;4;4;4;4;4;4;4;3;3;3;4;3;4;2;2;2;2;2;4;4;4;;;2;4;4;3;1;5;1;;2;6;1;;1;4;0;1;;2;5;0,74508673
31388;1;16;3;2;3;;1;4;1;;;;;;;;;;;;;;;;;;;;;;;;;;;;;;;;;1;1;2;1;2;1;1;1;2;2;1;2;2;1;;;;;;;;;;;;1;7;8;1;2;1;2;2;2;2;2;1;2;3;2;4;2;1;1;2;5;1;2;;2;;;;;;;;;;;;;;;;;;;;;;;;;;;;;;;;;;;;;2;;98;;;;;;;;;;;;;;;;;;;;;;;;;;;;;;;;4;3;3;1;1;2;4;4;4;4;2;2;4;2;3;4;1;2;1;2;1;4;4;9;;;1;4;4;3;1;3;4;;1;3;1;;1;2;3;1;;2;2;3,6711235
31390;1;16;1;1;5;;1;4;1;;;;;;;;;;;;;;;;;;;;;;;;;;;;;;;;;1;1;1;2;2;1;1;1;1;1;1;1;2;1;;;;;;;;;;;;1;6;5;2;9;2;2;2;5;3;2;2;2;3;2;2;5;2;2;2;2;1;2;;1;5;;;;;;;;;;;;;;;;;;;;4;;2;;;;;;;;;;;;;;1;1;98;;;;;;;;;;;;;;;;;;;;;;;;;;;;;;;;3;3;4;4;4;4;4;4;4;4;1;3;2;4;3;4;2;2;1;1;1;3;4;2;;;2;3;4;3;2;7;6;;2;6;1;;1;2;0;1;;2;4;0,89974082
31403;1;5;3;2;3;;1;4;2;;;;;;;;;;;;;;;;;;;;;;;;;;;;;;;;;2;1;2;2;2;1;1;1;2;9;2;2;1;;;;;;;;;;;;;2;2;7;2;2;3;2;3;2;3;2;1;2;3;2;3;3;2;3;3;2;2;;;1;1;;4;;;;;;;;;;;;;;;;;;3;;;;;;;;;;;;;;;;2;;98;;;;;;;;;;;;;;;;;;;;;;;;;;;;;;;;4;2;4;4;4;4;4;4;4;4;2;3;2;2;3;4;9;9;2;9;2;4;4;4;;;1;4;4;2;2;3;4;;1;3;1;;2;1;2;1;;2;1;3,94454312
31412;1;17;3;2;3;;1;4;1;;;;;;;;;;;;;;;;;;;;;;;;;;;;;;;;;1;1;1;2;2;1;1;1;1;1;1;2;1;;;;;;;;;;;;;1;10;10;1;2;2;2;3;3;4;2;2;2;3;2;2;3;2;1;1;3;1;2;;1;4;;8;;;;;;;;;;;;;;;;;;99;;;;;;;;;;;;;;;;1;1;98;;;;;;;;;;;;;;;;;;;;;;;;;;;;;;;;3;2;2;4;2;4;4;4;4;4;3;1;2;1;1;4;1;1;1;3;2;4;4;4;;;4;1;4;3;1;3;1;;2;6;1;;1;2;2;1;;2;4;3,6711235
31435;1;1;3;3;6;;1;4;2;;;;;;;;;;;;;;;;;;;;;;;;;;;;;;;;;1;1;1;2;2;1;2;1;1;1;1;1;2;1;;;;;;;;;;;;1;10;10;1;2;2;2;2;3;2;2;2;3;2;2;2;2;2;2;2;2;9;;;1;2;;3;;;;;;;;;;;;;;;;;;3;;;;;;;;;;;;;;;;1;1;98;;;;;;;;;;;;;;;;;;;;;;;;;;;;;;;;9;3;4;4;4;4;4;4;4;4;2;3;4;4;3;4;2;2;2;2;2;4;4;4;;;3;3;3;3;1;3;6;;2;6;1;;1;2;0;1;;2;3;0,78672314
31438;1;16;1;1;4;;1;4;1;;;;;;;;;;;;;;;;;;;;;;;;;;;;;;;;;1;1;2;2;2;1;1;1;2;1;1;1;2;1;;;;;;;;;;;;1;9;8;1;1;2;2;1;3;2;3;4;3;2;3;3;2;2;1;1;4;1;2;;2;;;;;;;;;;;;;;;;;;;;;;;;;;;;;;;;;;;;;1;1;1;;2;;5;;;;;;;;;;;;2;;3;;;;;;;;;;;;;;2;1;3;1;1;4;4;3;4;4;1;1;1;1;1;2;1;1;2;1;3;2;1;3;;;4;4;2;3;1;7;1;;2;5;1;;1;2;2;1;;2;8;0,80743265
31498;1;6;1;1;6;;1;4;1;;;;;;;;;;;;;;;;;;;;;;;;;;;;;;;;;1;2;1;2;2;1;1;2;2;1;1;1;1;;;;;;;;;;;;;1;10;10;1;1;3;1;4;2;1;2;3;2;3;2;3;1;2;1;1;4;1;2;;2;;;;;;;;;;;;;;;;;;;;;;;;;;;;;;;;;;;;;2;;98;;;;;;;;;;;;;;;;;;;;;;;;;;;;;;;;2;1;1;2;1;4;4;3;1;4;1;1;3;2;1;4;1;1;1;1;1;4;4;4;;;1;4;2;3;2;8;6;;2;6;1;;3;1;0;1;;2;2;1,17072916
31504;1;14;3;2;5;;1;4;1;;;;;;;;;;;;;;;;;;;;;;;;;;;;;;;;;1;1;1;2;2;1;1;1;1;1;1;2;1;;;;;;;;;;;;;1;7;7;1;2;2;1;1;3;2;2;2;3;2;3;3;2;2;1;2;1;1;2;;2;;;;;;;;;;;;;;;;;;;;;;;;;;;;;;;;;;;;;1;1;98;;;;;;;;;;;;;;;;;;;;;;;;;;;;;;;;1;2;4;4;4;4;4;4;4;4;1;4;4;2;4;4;1;1;1;1;1;4;4;4;;;1;1;4;3;2;5;6;;2;6;1;;1;2;0;1;;2;3;0,67723006
31511;1;16;1;1;5;;1;4;2;;;;;;;;;;;;;;;;;;;;;;;;;;;;;;;;;1;2;1;2;2;1;2;1;1;1;1;1;1;;;;;;;;;;;;;1;8;10;1;2;3;1;3;2;3;1;2;2;2;1;3;3;1;1;1;3;1;2;;2;;;;;;;;;;;;;;;;;;;;;;;;;;;;;;;;;;;;;1;1;1;;;;;;;;;;;;;;;;3;;;;;;;;;;;;;;;;1;1;2;1;1;2;2;3;2;3;1;1;3;4;1;1;1;1;1;2;1;2;1;2;;;4;1;4;3;1;6;1;;2;6;97;ARABE;1;4;1;3;5;2;5;0,74508673
31519;1;6;1;1;5;;1;4;1;;;;;;;;;;;;;;;;;;;;;;;;;;;;;;;;;1;1;2;1;2;1;1;2;2;1;1;1;1;;;;;;;;;;;;;1;7;7;1;2;2;2;2;3;3;3;2;2;2;2;3;2;2;1;1;1;1;2;;1;3;;;;;;;;;;;;;;;;;;;;4;;3;;;;;;;;;;;;;;2;;98;;;;;;;;;;;;;;;;;;;;;;;;;;;;;;;;2;2;4;3;4;4;4;4;4;4;1;2;2;4;3;4;2;1;2;1;1;2;3;3;;;1;3;4;3;1;5;1;;1;6;1;;2;1;0;2;5;2;3;0,74508673
31521;1;16;1;1;6;;1;4;1;;;;;;;;;;;;;;;;;;;;;;;;;;;;;;;;;1;2;1;2;2;1;2;2;2;1;2;2;2;1;;;;;;;;;;;;1;1;0;1;2;4;2;1;1;2;2;3;1;4;1;2;3;1;2;2;3;1;2;;1;3;;4;;;;;;;;;;;;;;;;;;3;;;;;;;;;;;;;;;;1;1;98;;;;;;;;;;;;;;;;;;;;;;;;;;;;;;;;1;2;1;1;3;4;4;4;4;4;1;1;2;3;2;4;1;1;2;2;2;2;1;1;;;1;4;2;3;2;5;6;;2;6;1;;1;2;0;1;;2;6;1,04170036
31524;1;11;3;3;6;;1;4;4;;;;;;;;;;;;;;;;;;;;;;;;;;;;;;;;;1;1;1;2;2;1;1;2;1;1;1;1;2;1;;;;;;;;;;;;1;10;10;1;2;2;2;1;3;3;3;3;3;2;3;3;2;2;1;2;3;1;2;;1;4;;;;;;;;;;;;;;;;;;;;3;;;;;;;;;;;;;;;;1;1;98;;;;;;;;;;;;;;;;;;;;;;;;;;;;;;;;1;1;4;4;3;4;4;4;4;4;1;1;4;4;1;4;2;2;2;2;4;4;4;4;;;3;3;3;3;2;7;6;;2;6;1;;1;2;0;1;;2;6;0,22720873
31561;1;5;3;2;5;;1;4;1;;;;;;;;;;;;;;;;;;;;;;;;;;;;;;;;;1;1;2;1;2;1;1;1;1;1;1;1;1;;;;;;;;;;;;;1;3;5;2;3;1;3;2;3;3;3;1;3;3;2;3;3;2;1;5;4;1;2;;9;;;;;;;;;;;;;;;;;;;;;;;;;;;;;;;;;;;;;2;;5;;;;;;;;;;;;;;;;;;;;;;;;;;;;;;;;3;2;1;1;2;4;1;4;3;4;3;3;3;2;2;4;1;1;2;1;1;1;4;1;;;5;5;4;3;2;7;6;;1;3;1;;2;1;0;1;;2;2;0,76111543
31580;1;15;1;1;3;;1;4;1;;;;;;;;;;;;;;;;;;;;;;;;;;;;;;;;;1;2;2;1;2;1;1;1;1;1;1;1;1;;;;;;;;;;;;;1;4;6;1;2;3;2;2;1;3;1;2;2;3;2;3;2;1;1;2;4;1;2;;2;;;;;;;;;;;;;;;;;;;;;;;;;;;;;;;;;;;;;2;;98;;;;;;;;;;;;;;;;;;;;;;;;;;;;;;;;2;1;1;1;4;4;4;4;2;4;1;2;3;3;2;4;2;2;1;1;1;4;2;4;;;1;4;3;3;1;7;1;;2;4;1;;2;1;1;1;;2;6;1,45460439
31640;1;6;1;1;4;;1;4;1;;;;;;;;;;;;;;;;;;;;;;;;;;;;;;;;;1;2;2;1;2;2;1;2;2;1;1;1;2;1;;;;;;;;;;;;2;6;6;2;3;3;3;3;1;3;2;1;1;4;2;1;3;1;1;2;4;1;2;;1;1;;;;;;;;;;;;;;;;;;;;4;;;;;;;;;;;;;;;;1;1;98;;;;;;;;;;;;;;;;;;;;;;;;;;;;;;;;3;3;2;1;4;4;4;4;4;4;1;3;1;1;3;9;1;1;1;1;1;4;4;4;;;1;1;1;3;1;8;1;;3;3;1;;1;2;3;1;;2;99;0,80743265
31642;1;6;1;1;3;;1;4;1;;;;;;;;;;;;;;;;;;;;;;;;;;;;;;;;;1;1;1;2;1;1;1;1;1;1;1;2;1;;;;;;;;;;;;;2;8;8;1;2;3;2;3;2;3;2;2;2;3;1;2;3;1;3;3;2;1;2;;2;;;;;;;;;;;;;;;;;;;;;;;;;;;;;;;;;;;;;2;;2;;;;;;;;;;;;;;;;;;;;;;;;;;;;;;;;3;2;4;1;4;4;4;4;4;4;3;2;1;3;2;2;2;2;2;2;2;3;3;2;;;1;4;2;3;1;7;3;;1;3;1;;1;2;0;1;;2;2;1,45460439
31689;2;6;1;1;4;;1;1;2;2;1;2;1;1;2;2;2;2;2;2;2;2;2;2;2;97;LA DESOLATION POLITIQUE;;;;;;;;;;;;;;;;;;;;;;;;1;1;2;;;;;;;;;;;;;;2;7;7;2;3;2;3;2;1;3;1;1;1;2;1;2;3;2;2;2;2;1;;2;2;;;;;;;;;;;;;;;;;;;;;;;;;;;;;;;;;;;;;2;;98;;;;;;;;;;;;;;;;;;;;;;;;;;;;;;;;3;2;3;2;4;4;4;4;4;4;2;3;2;2;1;4;1;1;1;1;1;2;4;9;;;4;4;4;3;1;8;2;;2;2;1;;2;1;0;1;;2;4;2,49841094
31695;1;6;1;1;2;;1;4;2;;;;;;;;;;;;;;;;;;;;;;;;;;;;;;;;;1;1;1;2;2;1;1;1;2;1;1;9;1;;;;;;;;;;;;;2;10;7;1;2;2;2;2;2;2;3;3;3;2;2;3;2;2;1;2;3;1;2;;2;;;;;;;;;;;;;;;;;;;;;;;;;;;;;;;;;;;;;1;1;98;;;;;;;;;;;;;;;;;;;;;;;;;;;;;;;;3;1;4;2;4;4;4;4;4;4;3;1;2;1;3;3;1;2;1;3;2;2;2;3;2;2;4;3;4;2;1;8;1;;2;5;1;;1;2;2;1;;2;8;0,41990462
31703;1;6;1;1;3;;1;4;1;;;;;;;;;;;;;;;;;;;;;;;;;;;;;;;;;1;1;1;1;1;1;1;1;2;1;1;1;1;;;;;;;;;;;;;1;7;6;1;3;3;2;2;3;4;3;2;3;3;3;3;2;2;1;1;4;1;2;;1;1;;2;;6;;;;;;;;;;;;;;;;3;;4;;;;;;;;;;;;;;1;1;98;;;;;;;;;;;;;;;;;;;;;;;;;;;;;;;;2;2;2;1;4;4;4;4;4;4;2;1;2;3;2;4;1;1;1;2;2;3;4;1;;;1;4;3;3;1;6;3;;2;4;1;;1;2;2;1;;2;4;1,29428685
31750;1;6;1;1;3;;1;4;2;;;;;;;;;;;;;;;;;;;;;;;;;;;;;;;;;1;2;1;1;2;1;1;2;1;1;1;1;1;;;;;;;;;;;;;1;7;9;2;2;3;2;3;1;2;1;3;2;3;1;2;3;1;1;3;3;2;;;2;;;;;;;;;;;;;;;;;;;;;;;;;;;;;;;;;;;;;1;1;98;;;;;;;;;;;;;;;;;;;;;;;;;;;;;;;;3;2;1;1;1;3;4;4;4;1;3;1;2;2;1;2;1;1;1;1;1;4;2;1;;;1;1;4;2;1;5;1;;2;6;1;;1;2;0;1;;2;7;1,29428685
31790;2;16;1;1;6;;1;3;4;1;1;1;2;1;2;1;2;2;1;2;1;2;1;2;2;2;AVOIR UNE PERSONNE POUR ME CONDUIRE AU BUREAU DE VOTE . MA HERNIE DISCALE M' EMPÊCHAIT DE CONDUIRE MA VOITURE .;7;;;;;;;;;;;;;;;;;;;;;;;1;1;1;;;;;;;;;;;;;;1;6;3;9;3;3;2;2;2;2;2;2;1;2;1;2;2;1;1;1;1;1;;2;2;;;;;;;;;;;;;;;;;;;;;;;;;;;;;;;;;;;;;1;1;1;;;;;;;;;;;;;;;;3;;;;;;;;;;;;;;;;2;2;1;1;3;4;4;3;4;4;1;1;2;1;3;9;1;1;1;1;1;9;2;9;;;1;2;4;2;2;9;8;;2;6;1;;3;1;0;1;;2;99;0,39619997
31818;1;6;1;1;6;;1;4;1;;;;;;;;;;;;;;;;;;;;;;;;;;;;;;;;;1;1;1;2;2;1;2;2;2;1;1;1;1;;;;;;;;;;;;;1;7;5;1;1;1;1;2;3;2;3;2;3;2;3;4;2;2;1;1;4;1;2;;2;;;;;;;;;;;;;;;;;;;;;;;;;;;;;;;;;;;;;2;;98;;;;;;;;;;;;;;;;;;;;;;;;;;;;;;;;1;2;4;1;4;4;4;4;4;4;1;1;3;3;1;4;1;1;2;2;2;3;4;3;;;5;5;3;3;2;8;6;;1;4;1;;2;1;0;1;;2;3;1,17072916
31819;1;11;3;3;1;1;1;4;1;;;;;;;;;;;;;;;;;;;;;;;;;;;;;;;;;1;1;1;1;2;1;1;1;2;1;1;1;1;;;;;;;;;;;;;1;7;7;1;2;2;2;2;5;2;3;3;2;2;3;2;3;3;1;1;4;1;2;;2;;;;;;;;;;;;;;;;;;;;;;;;;;;;;;;;;;;;;2;;1;;;;;;;;;;;;;;;;1;;4;;;;;;;;;;;;;;2;2;4;1;4;4;4;4;4;4;1;2;1;3;3;3;1;1;1;1;1;2;2;2;2;1;1;2;5;3;2;8;1;;1;1;1;;2;1;0;1;;2;3;0,10665981
31827;1;14;1;1;3;;1;4;3;;;;;;;;;;;;;;;;;;;;;;;;;;;;;;;;;1;1;2;2;2;1;1;1;2;1;1;1;2;1;;;;;;;;;;;;1;2;5;2;3;3;5;5;2;3;1;1;1;3;2;1;4;5;1;4;5;2;;;1;3;;;;;;;;;;;;;;;;;;;;3;;;;;;;;;;;;;;;;1;1;98;;;;;;;;;;;;;;;;;;;;;;;;;;;;;;;;4;3;2;4;2;4;4;4;2;4;3;3;2;3;3;9;1;1;9;9;1;9;9;9;;;4;1;4;3;2;3;7;;2;4;1;;1;2;3;1;;2;99;5,81480217
31831;1;15;1;1;3;;1;4;1;;;;;;;;;;;;;;;;;;;;;;;;;;;;;;;;;1;2;2;2;2;2;1;2;1;1;1;1;1;;;;;;;;;;;;;1;3;1;1;3;2;1;3;1;1;1;1;1;3;1;4;3;1;1;1;3;1;2;;2;;;;;;;;;;;;;;;;;;;;;;;;;;;;;;;;;;;;;2;;98;;;;;;;;;;;;;;;;;;;;;;;;;;;;;;;;2;3;4;4;4;2;4;4;4;4;3;4;4;3;2;4;3;3;1;1;1;4;4;4;;;4;4;2;3;2;3;1;;1;5;1;;2;1;2;1;;2;2;5,81480217
31838;2;6;1;1;4;;1;1;4;2;2;1;2;1;2;2;2;2;2;2;2;2;2;2;2;97;SI LES VOTES ANNULÉS ÉTAIENT COMPTABILISÉS ET QUE CETTE STATISTIQUE ÉTAIENT PRÉSENTÉE AU MÊME TITRE QUE LES AUTRES.;;;;;;;;;;;;;;;;;;;;;;;;2;2;2;;;;;;;;;;;;;;3;10;10;2;1;4;4;3;2;4;1;4;2;4;1;2;4;1;3;3;2;1;;2;1;3;;4;;5;;6;;7;;8;;;;;;;;;;2;;3;;1;;;;;;;;;;;;2;;98;;;;;;;;;;;;;;;;;;;;;;;;;;;;;;;;1;1;1;1;2;3;4;3;1;3;4;1;1;4;1;4;4;4;2;2;2;2;1;4;;;1;3;2;3;1;8;1;;2;4;1;;2;1;0;1;;2;6;2,49841094
31848;1;3;2;1;4;;1;4;1;;;;;;;;;;;;;;;;;;;;;;;;;;;;;;;;;1;1;2;2;1;1;1;1;2;1;2;2;2;1;;;;;;;;;;;;1;8;6;2;2;2;1;1;2;3;4;4;4;4;2;4;2;4;1;1;2;1;1;;1;3;;;;;;;;;;;;;;;;;;;;3;;;;;;;;;;;;;;;;1;1;98;;;;;;;;;;;;;;;;;;;;;;;;;;;;;;;;1;3;4;4;4;4;4;4;4;4;1;1;1;1;1;4;1;1;1;1;1;1;1;4;;;4;4;4;1;1;8;1;;2;5;1;;1;4;5;1;;2;8;0,80743265
31882;1;3;2;1;5;;1;4;1;;;;;;;;;;;;;;;;;;;;;;;;;;;;;;;;;1;1;1;2;2;1;2;1;1;1;1;1;2;1;;3;;;;;;;;1;1;1;9;9;2;2;2;2;3;5;2;3;2;3;2;3;3;2;2;1;2;3;1;2;;1;1;;3;;5;;7;;;;;;;;;;;;;;3;;;;;;;;;;;;;;;;1;1;1;;;;;;;;;;;;;;;;1;;3;;;;;;;;;;;;;;2;1;2;1;3;4;4;4;3;4;1;1;1;2;1;4;1;2;1;1;2;2;2;2;;;1;2;3;2;1;7;6;;2;5;1;;1;2;0;1;;2;6;0,83737397
31914;1;4;3;2;3;;1;4;1;;;;;;;;;;;;;;;;;;;;;;;;;;;;;;;;;1;1;1;2;2;1;1;1;1;1;1;1;2;3;;;;;;;;;;1;1;1;10;10;1;2;3;1;1;3;2;2;2;2;5;2;3;2;2;1;1;4;1;2;;1;4;;;;;;;;;;;;;;;;;;;;97;SAVOIR SI J'ÉTAIS SATISFAITE DU GVT COUILLARD;;;;;;;;;;;;;;;1;1;1;;2;;;;;;;;;;;;;;1;;;;;;;;;;;;;;;;2;2;1;1;2;3;4;2;4;4;2;2;3;1;2;9;1;1;1;1;1;9;9;3;;;1;5;3;3;2;7;4;;2;5;1;;1;4;4;1;;2;6;1,0602386
31915;1;3;2;1;6;;1;4;1;;;;;;;;;;;;;;;;;;;;;;;;;;;;;;;;;1;1;2;2;1;1;1;1;2;1;1;1;2;1;;;;;;;;;;;;1;9;9;1;1;1;1;1;3;2;3;4;3;2;3;3;2;3;1;1;2;1;2;;1;3;;4;;;;;;;;;;;;;;;;;;3;;5;;;;;;;;;;;;;;1;1;98;;;;;;;;;;;;;;;;;;;;;;;;;;;;;;;;1;1;4;1;2;4;4;2;4;4;1;1;2;1;2;4;2;2;1;2;1;9;9;4;;;3;1;4;3;2;4;6;;2;6;1;;1;2;0;1;;2;99;1,04170036
31932;1;13;1;1;3;;1;4;1;;;;;;;;;;;;;;;;;;;;;;;;;;;;;;;;;1;2;2;1;2;1;1;1;2;1;1;1;1;;;;;;;;;;;;;1;6;4;2;2;3;2;1;1;3;2;4;2;3;2;3;3;2;1;1;4;1;2;;2;;;;;;;;;;;;;;;;;;;;;;;;;;;;;;;;;;;;;2;;98;;;;;;;;;;;;;;;;;;;;;;;;;;;;;;;;1;3;2;2;4;4;4;4;4;4;1;3;4;1;2;4;1;1;2;2;2;4;4;2;;;1;1;1;3;2;8;1;;2;1;1;;2;1;0;1;;2;3;1,56293797
31940;1;5;3;2;5;;1;4;1;;;;;;;;;;;;;;;;;;;;;;;;;;;;;;;;;1;1;2;1;2;1;1;1;2;1;1;1;2;1;;;;;;;;;;;;1;5;10;2;2;2;2;4;3;3;4;3;3;2;2;2;3;2;1;1;1;1;1;;1;3;;4;;7;;;;;;;;;;;;;;;;4;;3;;;;;;;;;;;;;;1;1;1;;2;;5;;;;;;;;;;;;2;;;;;;;;;;;;;;;;3;2;4;4;4;4;4;4;4;4;1;3;3;2;1;4;1;1;1;1;2;1;4;1;;;3;1;4;3;2;8;6;;2;6;1;;1;2;0;1;;2;8;0,76111543
31949;1;6;1;1;6;;1;4;1;;;;;;;;;;;;;;;;;;;;;;;;;;;;;;;;;1;1;1;1;2;1;1;1;1;1;1;1;1;;;;;;;;;;;;;1;8;8;1;1;1;1;1;4;1;4;4;4;2;2;4;5;3;1;1;3;1;2;;1;3;;4;;;;;;;;;;;;;;;;;;4;;;;;;;;;;;;;;;;2;;98;;;;;;;;;;;;;;;;;;;;;;;;;;;;;;;;1;2;4;1;4;4;4;4;4;4;1;1;3;4;1;3;1;1;1;1;1;3;2;2;;;4;4;4;3;2;7;6;;1;5;1;;2;1;0;1;;2;2;1,17072916
31952;1;12;3;2;4;;1;4;1;;;;;;;;;;;;;;;;;;;;;;;;;;;;;;;;;1;1;2;2;2;1;1;1;2;1;1;1;1;;;;;;;;;;;;;1;10;10;2;2;2;1;1;2;2;3;2;3;2;2;2;2;3;2;1;4;2;;;1;2;;3;;;;;;;;;;;;;;;;;;1;;4;;3;;;;;;;;;;;;1;1;98;;;;;;;;;;;;;;;;;;;;;;;;;;;;;;;;2;1;3;2;1;4;4;4;4;4;2;2;2;3;1;3;1;1;1;2;1;3;3;2;;;1;4;4;3;1;3;1;;2;6;1;;1;2;0;3;5;2;3;2,0378089
31954;1;5;3;2;4;;1;4;1;;;;;;;;;;;;;;;;;;;;;;;;;;;;;;;;;1;1;2;2;2;1;1;1;1;1;1;1;1;;;;;;;;;;;;;1;6;6;1;2;2;2;3;2;2;3;3;2;2;2;3;2;2;2;2;2;1;1;;1;3;;6;;;;;;;;;;;;;;;;;;4;;3;;;;;;;;;;;;;;1;1;1;;3;;;;;;;;;;;;;;2;;3;;;;;;;;;;;;;;1;1;3;1;4;4;4;4;4;4;3;1;3;3;3;4;1;1;1;1;1;4;4;4;;;2;3;4;3;2;7;1;;2;3;1;;1;4;0;1;;2;8;0,58852845
31963;2;2;3;3;4;;1;2;4;2;2;2;1;1;2;1;2;2;1;1;2;2;2;2;2;2;JE N'AVAIS PAS DE MOYEN DE TRANSPORT.;;;;;;;;;;;;;;;;;;;;;;;;2;2;1;;;;;;;;;;;;;;1;7;8;2;2;3;3;1;1;3;2;2;1;3;1;3;3;1;1;2;1;1;;2;2;;;;;;;;;;;;;;;;;;;;;;;;;;;;;;;;;;;;;2;;98;;;;;;;;;;;;;;;;;;;;;;;;;;;;;;;;3;2;1;1;2;4;4;4;4;4;3;3;1;1;1;4;1;1;1;1;1;4;4;1;;;1;3;4;9;1;7;6;;1;5;1;;2;1;0;1;;2;1;0,30739012
31969;1;6;1;1;3;;1;4;1;;;;;;;;;;;;;;;;;;;;;;;;;;;;;;;;;1;1;2;2;2;1;1;1;2;1;1;1;2;3;;;;;;;;;;1;2;1;9;9;2;2;1;1;2;2;2;2;2;2;2;2;3;3;4;1;1;4;1;2;;1;2;;4;;;;;;;;;;;;;;;;;;4;;;;;;;;;;;;;;;;1;1;98;;;;;;;;;;;;;;;;;;;;;;;;;;;;;;;;1;2;3;2;4;4;4;4;4;4;2;2;4;4;2;2;1;2;1;2;1;2;3;4;;;1;1;1;3;2;6;1;;2;6;1;;1;2;3;1;;2;7;1,39068377
31983;1;6;1;1;4;;1;4;4;;;;;;;;;;;;;;;;;;;;;;;;;;;;;;;;;1;1;1;1;1;1;1;2;1;1;1;1;2;1;;;;;;;;;;;;1;10;10;1;1;1;1;1;1;1;1;1;1;2;1;3;1;1;1;1;1;1;2;;1;4;;5;;;;;;;;;;;;;;;;;;3;;;;;;;;;;;;;;;;1;1;98;;;;;;;;;;;;;;;;;;;;;;;;;;;;;;;;1;1;4;4;2;4;4;4;4;4;1;1;1;1;1;1;1;4;4;1;1;4;9;1;;;4;4;4;1;1;6;1;;1;6;97;ARABE;1;4;3;3;5;2;2;0,71844256
32000;1;8;3;3;4;;1;4;1;;;;;;;;;;;;;;;;;;;;;;;;;;;;;;;;;1;1;2;1;2;1;2;1;2;1;1;1;1;;;;;;;;;;;;;1;9;9;9;2;2;2;2;2;3;2;2;3;2;2;3;2;2;1;1;4;1;2;;2;;;;;;;;;;;;;;;;;;;;;;;;;;;;;;;;;;;;;2;;98;;;;;;;;;;;;;;;;;;;;;;;;;;;;;;;;4;2;9;1;9;4;4;2;4;4;2;3;2;3;1;9;1;2;1;1;1;1;2;4;;;1;3;4;9;1;4;1;;2;6;1;;2;4;3;1;;2;4;0,08839304
32019;1;1;3;3;5;;1;4;1;;;;;;;;;;;;;;;;;;;;;;;;;;;;;;;;;1;1;1;2;2;1;1;1;2;1;1;2;2;1;;;;;;;;;;;;1;8;8;1;2;2;2;2;3;2;4;2;3;2;3;3;2;2;1;1;2;1;2;;2;;;;;;;;;;;;;;;;;;;;;;;;;;;;;;;;;;;;;1;1;1;;;;;;;;;;;;;;;;2;;;;;;;;;;;;;;;;1;1;4;4;4;4;4;4;4;4;1;3;4;4;1;3;1;1;2;2;2;3;2;2;;;2;3;3;3;1;8;2;;1;1;1;;1;2;0;1;;2;1;0,16251326
32044;2;6;1;1;6;;1;3;4;2;2;2;2;2;2;2;2;2;2;2;1;2;2;2;2;7;N'EUT ÉTÉ DE MON PROBLÈME DE SANTÉ JE SERAIS ALLER VOTER;;;;;;;;;;;;;;;;;;;;;;;;1;1;1;;;;;;;;;;;;;;1;10;10;1;1;2;2;1;3;3;3;3;2;3;2;4;3;1;2;2;2;1;;2;1;1;;3;;5;;;;;;;;;;;;;;;;2;;3;;;;;;;;;;;;;;1;1;98;;;;;;;;;;;;;;;;;;;;;;;;;;;;;;;;2;1;2;2;1;4;4;2;4;4;1;1;1;2;3;3;2;1;1;1;2;2;2;3;;;2;3;3;3;1;7;6;;2;6;1;;1;2;0;1;;2;5;0,97106183
32061;1;13;1;1;6;;1;4;1;;;;;;;;;;;;;;;;;;;;;;;;;;;;;;;;;1;1;2;2;2;1;1;1;2;1;1;1;2;1;;;;;;;;;;;;1;10;10;1;1;2;1;1;2;2;3;2;2;2;1;4;2;3;1;1;2;1;2;;1;1;;3;;4;;6;;;;;;;;;;;;;;3;;4;;;;;;;;;;;;;;1;1;1;;2;;;;;;;;;;;;;;1;;2;;;;;;;;;;;;;;2;1;2;1;1;4;4;3;4;4;1;1;1;1;1;3;1;1;2;1;1;3;3;2;;;2;1;4;3;2;4;6;;2;6;1;;1;2;0;3;5;2;4;1,04170036
32067;1;6;1;1;6;;1;4;4;;;;;;;;;;;;;;;;;;;;;;;;;;;;;;;;;1;1;1;1;2;1;1;1;1;1;1;2;2;1;;;;;;;;;;;;1;9;10;1;2;1;2;1;2;1;4;2;3;3;3;4;2;3;1;2;2;1;2;;2;;;;;;;;;;;;;;;;;;;;;;;;;;;;;;;;;;;;;1;1;98;;;;;;;;;;;;;;;;;;;;;;;;;;;;;;;;2;1;3;4;2;4;4;4;3;4;1;3;1;1;3;3;2;1;2;2;2;3;9;3;;;2;2;3;2;1;2;6;;2;6;1;;1;1;0;3;5;2;99;4,05371332
32073;1;16;1;2;5;;1;4;1;;;;;;;;;;;;;;;;;;;;;;;;;;;;;;;;;1;1;2;2;2;2;1;2;2;1;1;1;2;1;;;;;;;;;;;;1;7;8;1;2;3;2;2;2;3;2;2;2;3;1;2;2;1;1;2;5;1;2;;1;3;;4;;;;;;;;;;;;;;;;;;3;;;;;;;;;;;;;;;;1;1;98;;;;;;;;;;;;;;;;;;;;;;;;;;;;;;;;2;2;1;1;4;4;4;4;4;4;1;4;3;2;2;3;1;1;1;1;2;2;3;2;;;1;1;4;1;2;3;2;;2;5;1;;1;2;0;1;;2;5;2,83167624
32120;1;1;3;3;5;;1;4;1;;;;;;;;;;;;;;;;;;;;;;;;;;;;;;;;;1;1;1;1;2;1;1;1;1;1;1;1;1;;;;;;;;;;;;;1;6;10;1;3;2;2;2;3;3;2;2;2;2;2;3;2;2;2;2;4;1;2;;1;2;;4;;5;;7;;;;;;;;;;;;;;3;;4;;;;;;;;;;;;;;2;;98;;;;;;;;;;;;;;;;;;;;;;;;;;;;;;;;2;1;3;1;4;4;4;4;4;4;2;3;3;2;3;4;1;2;1;1;1;4;4;1;;;3;3;3;3;2;6;1;;2;6;1;;2;1;0;1;;2;99;0,15537187
32122;1;1;3;3;3;;1;4;1;;;;;;;;;;;;;;;;;;;;;;;;;;;;;;;;;1;1;1;1;1;1;1;1;1;1;1;1;2;3;;;;;;;;;;1;1;1;8;10;1;2;2;1;1;3;3;3;2;3;2;2;3;3;2;1;1;1;1;2;;2;;;;;;;;;;;;;;;;;;;;;;;;;;;;;;;;;;;;;1;1;1;;2;;;;;;;;;;;;;;2;;;;;;;;;;;;;;;;1;2;3;1;2;4;4;3;4;4;3;1;3;1;2;4;1;1;1;1;1;2;1;2;;;1;1;3;3;2;8;1;;2;6;1;;1;2;1;1;;2;8;0,19229379
32129;1;1;3;3;4;;1;4;1;;;;;;;;;;;;;;;;;;;;;;;;;;;;;;;;;1;2;2;1;2;1;2;1;1;1;1;1;1;;;;;;;;;;;;;1;8;8;2;2;2;1;3;2;2;2;2;2;2;2;2;2;2;1;1;4;1;2;;1;2;;3;;4;;6;;7;;;;;;;;;;;;3;;4;;;;;;;;;;;;;;1;1;98;;;;;;;;;;;;;;;;;;;;;;;;;;;;;;;;2;2;2;2;2;4;4;3;4;3;1;3;1;3;3;4;1;1;1;2;1;9;3;3;;;4;2;3;3;1;6;1;;2;6;1;;1;2;2;3;5;2;99;0,08839304
32138;1;2;3;3;4;;1;4;1;;;;;;;;;;;;;;;;;;;;;;;;;;;;;;;;;1;2;2;2;2;2;2;2;2;1;1;1;2;1;;;;;;;;;;;;1;6;6;2;2;2;5;5;2;2;1;2;2;5;2;2;3;2;1;5;4;2;;;1;1;;3;;6;;;;;;;;;;;;;;;;4;;3;;;;;;;;;;;;;;1;1;98;;;;;;;;;;;;;;;;;;;;;;;;;;;;;;;;3;3;4;4;4;4;4;4;4;4;3;3;3;4;2;4;9;9;1;2;1;4;4;4;;;1;4;4;3;2;5;1;;3;6;1;;1;2;0;1;;2;5;0,09497616
32140;1;2;3;3;5;;1;4;1;;;;;;;;;;;;;;;;;;;;;;;;;;;;;;;;;1;1;1;1;1;1;1;1;1;1;1;1;1;;;;;;;;;;;;;1;8;6;1;2;2;2;3;3;1;2;2;2;2;3;2;3;1;1;2;1;1;2;;1;3;;4;;;;;;;;;;;;;;;;;;3;;;;;;;;;;;;;;;;2;;98;;;;;;;;;;;;;;;;;;;;;;;;;;;;;;;;1;2;3;1;4;4;3;4;4;4;2;3;2;4;2;4;4;2;1;2;2;4;4;4;;;2;2;2;3;1;8;6;;2;6;1;;2;1;0;1;;2;2;0,16251326
32169;1;4;3;2;6;;1;4;2;;;;;;;;;;;;;;;;;;;;;;;;;;;;;;;;;1;1;1;2;2;1;1;1;2;1;1;1;2;1;;;;;;;;;;;;1;8;10;1;2;2;1;1;1;2;2;1;2;2;1;3;2;2;1;1;4;1;2;;2;;;;;;;;;;;;;;;;;;;;;;;;;;;;;;;;;;;;;1;1;98;;;;;;;;;;;;;;;;;;;;;;;;;;;;;;;;2;2;4;4;4;4;4;4;4;4;1;2;2;2;2;3;2;1;1;1;1;1;4;1;;;3;3;4;3;1;6;6;;2;6;1;;1;2;0;1;;2;99;0,82012111
32170;1;3;2;1;3;;1;4;1;;;;;;;;;;;;;;;;;;;;;;;;;;;;;;;;;1;2;2;1;2;1;1;1;1;1;1;1;2;1;;3;;;;;;;;1;1;1;6;4;2;2;2;3;4;2;3;2;4;3;2;2;3;3;2;1;2;3;1;2;;1;4;;;;;;;;;;;;;;;;;;;;4;;;;;;;;;;;;;;;;1;1;98;;;;;;;;;;;;;;;;;;;;;;;;;;;;;;;;1;1;4;4;4;4;4;4;4;4;2;4;2;1;4;4;2;2;2;2;3;4;4;4;;;1;1;4;3;2;7;1;;2;6;1;;1;2;2;1;;2;99;1,56293797
32174;1;6;1;1;4;;1;4;3;;;;;;;;;;;;;;;;;;;;;;;;;;;;;;;;;1;2;2;1;1;1;2;2;1;1;1;1;1;;;;;;;;;;;;;2;0;0;2;4;2;1;3;1;2;1;2;1;4;1;2;3;1;1;2;4;2;;;2;;;;;;;;;;;;;;;;;;;;;;;;;;;;;;;;;;;;;1;1;1;;;;;;;;;;;;;;;;2;;;;;;;;;;;;;;;;4;3;4;4;4;4;4;4;4;4;2;4;3;1;2;4;1;1;1;2;1;2;4;3;;;1;3;4;3;2;7;6;;2;4;2;;1;2;0;1;;2;8;0,86757064
32185;1;6;1;1;4;;1;4;4;;;;;;;;;;;;;;;;;;;;;;;;;;;;;;;;;1;1;1;1;1;1;2;1;1;1;1;1;1;;;;;;;;;;;;;1;3;3;1;3;2;2;2;2;2;2;2;2;2;2;2;2;2;2;2;2;1;2;;2;;;;;;;;;;;;;;;;;;;;;;;;;;;;;;;;;;;;;1;1;98;;;;;;;;;;;;;;;;;;;;;;;;;;;;;;;;1;2;4;4;4;4;4;4;4;4;2;2;2;2;3;4;1;1;1;1;1;4;4;4;;;1;1;4;3;2;6;2;;2;5;1;;1;2;1;1;;2;8;0,77195251
32187;2;6;1;1;5;;1;1;1;2;2;1;1;1;2;2;2;2;2;2;2;2;2;2;2;1;DE NOS JOURS LES POLITICIENS NE SONT PLUS CHARISMATIQUES, ONT UN SÉRIEUX MANQUE DE VISION. LES BOURASSA, LÉVESQUE, PARISEAU, BOUCHARD N'EXISTENT PLUS MALHEUREUSEMENT...;97;;;;;;;;;;;;;;;;;;;;;;;1;2;2;;;;;;;;;;;;;;2;8;8;2;2;3;2;1;1;2;3;1;1;2;2;1;3;1;3;2;2;1;;2;2;;;;;;;;;;;;;;;;;;;;;;;;;;;;;;;;;;;;;2;;98;;;;;;;;;;;;;;;;;;;;;;;;;;;;;;;;2;2;4;4;3;4;4;4;4;4;1;3;3;3;3;4;1;1;1;1;1;4;4;1;;;1;4;4;3;1;6;6;;1;6;1;;2;1;0;1;;2;1;0,8067984
32189;1;6;1;1;4;;1;4;3;;;;;;;;;;;;;;;;;;;;;;;;;;;;;;;;;1;2;2;1;1;1;1;1;2;1;1;1;1;;;;;;;;;;;;;1;9;10;2;2;2;1;1;4;1;4;3;2;2;1;4;2;1;1;1;4;1;2;;2;;;;;;;;;;;;;;;;;;;;;;;;;;;;;;;;;;;;;2;;98;;;;;;;;;;;;;;;;;;;;;;;;;;;;;;;;1;1;4;2;1;4;4;4;4;4;1;1;1;1;2;4;1;4;1;1;1;2;4;4;;;1;1;4;3;1;7;1;;1;5;1;;2;1;0;1;;2;2;0,80743265
32204;1;14;1;1;3;;1;4;4;;;;;;;;;;;;;;;;;;;;;;;;;;;;;;;;;1;2;2;2;2;1;1;2;2;1;1;1;2;1;;3;;;;;;;;1;2;1;7;4;2;4;3;2;1;2;2;3;2;3;5;2;5;3;3;1;2;3;2;;;1;3;;4;;;;;;;;;;;;;;;;;;3;;4;;;;;;;;;;;;;;1;1;1;;2;;3;;5;;;;;;;;;;2;;3;;;;;;;;;;;;;;9;2;3;4;4;4;4;4;4;2;3;3;4;2;2;4;2;2;1;1;2;4;3;4;;;1;2;5;3;1;4;1;;2;3;1;;1;2;3;1;;2;7;1,29428685
32209;1;15;1;1;4;;1;4;1;;;;;;;;;;;;;;;;;;;;;;;;;;;;;;;;;1;1;1;1;2;1;1;1;2;1;1;2;2;3;;;;;;;;;;1;2;1;7;8;9;2;3;2;2;3;2;1;2;3;3;3;4;2;1;1;1;4;2;;;1;3;;;;;;;;;;;;;;;;;;;;3;;;;;;;;;;;;;;;;1;1;1;;2;;;;;;;;;;;;;;1;;;;;;;;;;;;;;;;2;1;2;4;1;4;4;3;9;4;3;1;2;2;1;4;1;1;3;2;2;3;4;3;;;2;4;1;3;2;4;9;;3;3;1;;2;2;0;1;;2;1;0,77195251
32231;1;3;2;1;2;;1;4;3;;;;;;;;;;;;;;;;;;;;;;;;;;;;;;;;;1;2;1;2;2;2;1;1;2;1;2;2;1;;;;;;;;;;;;;1;8;9;1;2;3;3;4;2;4;4;2;2;3;1;3;3;2;1;1;4;2;;;2;;;;;;;;;;;;;;;;;;;;;;;;;;;;;;;;;;;;;1;1;98;;;;;;;;;;;;;;;;;;;;;;;;;;;;;;;;3;1;3;1;1;4;3;4;4;4;1;2;3;1;3;1;1;1;2;1;2;9;2;2;1;1;1;2;1;3;2;7;3;;1;3;1;;1;2;0;1;;2;4;0,45117819
32249;1;6;1;1;4;;1;4;1;;;;;;;;;;;;;;;;;;;;;;;;;;;;;;;;;1;2;2;2;2;2;2;2;2;1;1;1;1;;;;;;;;;;;;;1;8;7;2;1;2;3;4;2;4;2;3;1;4;1;3;3;1;2;2;2;1;2;;1;1;;;;;;;;;;;;;;;;;;;;6;SE PRÉSENTER;;;;;;;;;;;;;;;1;1;1;;;;;;;;;;;;;;;;3;;;;;;;;;;;;;;;;4;1;4;1;4;4;4;4;4;4;3;2;2;2;1;4;1;1;2;1;2;4;2;4;;;1;4;4;3;1;7;1;;2;5;1;;1;2;1;3;5;2;5;0,80743265
32256;1;6;1;1;2;;1;4;1;;;;;;;;;;;;;;;;;;;;;;;;;;;;;;;;;1;1;1;1;2;1;1;1;1;1;1;1;2;3;;;;;;;;;;1;1;1;8;8;1;2;2;2;2;2;3;1;3;2;3;1;3;2;1;1;2;3;1;2;;2;;;;;;;;;;;;;;;;;;;;;;;;;;;;;;;;;;;;;2;;1;;;;;;;;;;;;;;;;1;;4;;;;;;;;;;;;;;2;2;2;2;4;3;4;4;4;4;4;2;1;3;1;4;2;1;2;2;2;2;2;4;2;2;1;2;2;3;2;9;7;;2;4;1;;1;2;2;1;;2;8;0,45117819
32261;1;6;1;1;5;;1;4;4;;;;;;;;;;;;;;;;;;;;;;;;;;;;;;;;;1;2;1;2;2;2;2;2;2;1;1;1;2;1;;;;;;;;;;;;1;7;7;1;2;2;3;3;2;2;2;2;2;1;3;3;3;2;1;1;1;1;1;;2;;;;;;;;;;;;;;;;;;;;;;;;;;;;;;;;;;;;;1;1;98;;;;;;;;;;;;;;;;;;;;;;;;;;;;;;;;2;3;3;1;4;4;4;4;4;4;1;1;3;3;1;4;1;1;1;2;2;9;4;2;;;1;5;4;3;2;7;6;;2;6;1;;1;2;0;1;;2;99;0,89974082
32263;1;6;1;1;6;;1;4;1;;;;;;;;;;;;;;;;;;;;;;;;;;;;;;;;;1;1;2;1;1;2;2;2;1;1;1;1;1;;;;;;;;;;;;;2;10;10;2;3;2;2;2;2;3;1;2;3;2;5;2;2;5;1;1;1;1;2;;1;3;;4;;;;;;;;;;;;;;;;;;99;;;;;;;;;;;;;;;;1;1;98;;;;;;;;;;;;;;;;;;;;;;;;;;;;;;;;2;2;4;4;4;4;4;4;4;4;2;4;4;4;4;4;1;1;2;2;2;4;4;4;;;5;5;5;3;2;2;6;;2;6;2;;1;2;0;1;;2;3;4,35561752
32265;1;6;1;1;5;;1;4;1;;;;;;;;;;;;;;;;;;;;;;;;;;;;;;;;;1;1;1;1;2;1;1;1;2;1;1;1;2;3;;;;;;;;;;2;;1;10;10;1;1;2;2;2;2;2;3;3;3;2;3;3;2;3;2;2;3;1;2;;1;3;;4;;;;;;;;;;;;;;;;;;4;;3;;;;;;;;;;;;;;1;2;98;;;;;;;;;;;;;;;;;;;;;;;;;;;;;;;;3;1;4;4;2;4;4;4;4;4;4;1;1;1;3;4;1;1;1;1;1;2;3;2;;;1;4;3;3;1;8;6;;1;5;1;;2;2;0;1;;2;4;0,83737397
32277;1;6;1;1;4;;1;4;1;;;;;;;;;;;;;;;;;;;;;;;;;;;;;;;;;1;1;2;1;2;2;2;2;2;8;1;1;2;1;;;;;;;;;;;;1;8;8;2;2;2;2;2;3;4;3;2;3;3;2;3;2;3;1;1;3;2;;;1;1;;;;;;;;;;;;;;;;;;;;97;JE NE LUI AI PAS PARLÉ QUAND IL A SONNÉ  ...ET J'AI REFERMÉ LA PORTE....;;;;;;;;;;;;;;;1;1;5;;;;;;;;;;;;;;;;;;;;;;;;;;;;;;;;2;2;4;2;4;4;4;4;4;4;1;2;1;2;2;4;1;1;1;1;1;3;4;4;;;1;1;3;2;2;7;1;;2;6;1;;1;2;2;3;5;2;8;0,86757064
32299;1;6;1;1;3;;1;4;1;;;;;;;;;;;;;;;;;;;;;;;;;;;;;;;;;2;1;1;1;2;1;1;1;2;1;1;1;1;;;;;;;;;;;;;1;8;6;1;2;3;1;2;3;3;4;3;2;3;3;3;5;2;3;1;2;1;2;;2;;;;;;;;;;;;;;;;;;;;;;;;;;;;;;;;;;;;;2;;1;;2;;3;;;;;;;;;;;;1;;;;;;;;;;;;;;;;1;1;1;1;4;4;4;4;9;4;2;3;2;1;1;2;1;1;9;3;2;3;3;1;;;2;4;4;3;2;7;1;;2;5;1;;2;1;0;1;;2;4;1,56293797
32344;1;15;3;2;3;;1;4;1;;;;;;;;;;;;;;;;;;;;;;;;;;;;;;;;;2;2;2;2;2;1;1;1;2;1;1;2;1;;;;;;;;;;;;;2;9;7;1;2;4;2;4;1;3;4;4;2;4;2;3;2;1;3;3;3;2;;;1;4;;5;;;;;;;;;;;;;;;;;;7;RAPPELER D'ALLER VOTER;;;;;;;;;;;;;;;2;;2;;;;;;;;;;;;;;;;;;;;;;;;;;;;;;;;4;2;2;1;1;4;4;4;4;4;4;4;3;3;4;2;1;1;1;2;1;2;1;1;;;1;4;4;3;1;3;1;;1;4;1;;2;1;0;1;;2;2;3,6711235
32346;1;16;1;2;5;;1;4;1;;;;;;;;;;;;;;;;;;;;;;;;;;;;;;;;;1;1;2;1;2;1;1;1;2;1;1;1;1;;;;;;;;;;;;;1;7;7;2;3;3;2;2;2;2;3;2;3;2;2;3;2;1;1;2;3;2;;;2;;;;;;;;;;;;;;;;;;;;;;;;;;;;;;;;;;;;;1;1;98;;;;;;;;;;;;;;;;;;;;;;;;;;;;;;;;2;3;3;4;4;4;4;4;4;4;2;4;4;3;3;4;1;2;2;9;1;9;9;9;;;2;3;2;3;1;5;1;;2;5;1;;1;2;0;1;;2;4;0,63028711
32352;1;14;1;1;6;;1;4;1;;;;;;;;;;;;;;;;;;;;;;;;;;;;;;;;;1;1;2;1;2;1;1;2;2;1;1;1;2;1;;;;;;;;;;;;2;7;8;1;2;2;2;2;3;2;4;2;3;2;1;4;2;1;1;1;2;1;2;;1;3;;4;;8;;;;;;;;;;;;;;;;3;;;;;;;;;;;;;;;;1;1;98;;;;;;;;;;;;;;;;;;;;;;;;;;;;;;;;2;2;2;1;2;4;4;4;4;4;1;2;1;3;2;4;2;2;2;2;1;3;3;4;;;1;3;4;3;1;6;6;;2;4;1;;1;2;0;1;;2;4;0,96949446
32356;1;2;3;3;6;;1;4;1;;;;;;;;;;;;;;;;;;;;;;;;;;;;;;;;;1;1;1;1;1;1;1;1;2;2;1;1;1;;;;;;;;;;;;;1;10;10;1;2;1;1;1;3;2;3;2;3;2;3;3;1;3;1;1;1;1;2;;1;3;;;;;;;;;;;;;;;;;;;;3;;;;;;;;;;;;;;;;1;1;98;;;;;;;;;;;;;;;;;;;;;;;;;;;;;;;;3;2;3;4;4;4;4;4;4;4;1;1;3;4;1;4;1;1;2;2;2;3;4;3;;;1;3;4;3;1;9;6;;2;6;1;;1;3;0;1;;2;3;0,21145961
32360;1;16;3;2;6;;1;4;1;;;;;;;;;;;;;;;;;;;;;;;;;;;;;;;;;1;1;1;2;2;1;1;1;2;1;1;1;2;1;;;;;;;;;;;;1;10;10;1;2;2;2;1;3;2;4;2;4;2;3;4;2;3;1;1;3;1;2;;1;3;;5;;;;;;;;;;;;;;;;;;3;;4;;1;;;;;;;;;;;;1;1;98;;;;;;;;;;;;;;;;;;;;;;;;;;;;;;;;1;1;2;2;4;4;4;3;4;4;1;1;3;4;2;3;1;1;1;2;1;2;3;2;;;1;2;2;3;1;8;6;;2;6;1;;1;2;0;1;;2;5;0,92170042
32380;1;3;2;2;5;;1;4;1;;;;;;;;;;;;;;;;;;;;;;;;;;;;;;;;;1;1;1;2;2;1;1;1;1;1;1;1;1;;;;;;;;;;;;;1;10;10;1;1;1;1;1;2;1;1;3;1;2;3;3;2;2;1;2;1;1;2;;1;3;;;;;;;;;;;;;;;;;;;;3;;;;;;;;;;;;;;;;1;1;98;;;;;;;;;;;;;;;;;;;;;;;;;;;;;;;;3;1;3;4;4;4;1;4;1;4;1;1;3;4;1;4;1;1;1;4;1;4;4;4;;;1;1;4;3;2;4;6;;2;6;1;;2;2;0;1;;2;4;0,67723006
32393;1;12;2;2;6;;1;4;2;;;;;;;;;;;;;;;;;;;;;;;;;;;;;;;;;1;1;2;2;2;1;1;1;2;1;1;1;2;1;;;;;;;;;;;;1;10;10;1;2;2;2;1;3;4;4;4;3;2;3;4;2;2;1;1;1;1;2;;2;;;;;;;;;;;;;;;;;;;;;;;;;;;;;;;;;;;;;1;1;98;;;;;;;;;;;;;;;;;;;;;;;;;;;;;;;;1;2;3;1;2;4;4;4;4;4;1;1;1;2;1;4;1;1;1;1;2;2;4;4;;;5;2;4;3;1;8;6;;2;6;1;;1;2;0;1;;2;4;0,92170042
32407;2;16;3;2;5;;1;2;4;2;2;2;2;1;1;1;1;1;1;2;2;2;2;1;2;99;;;;;;;;;;;;;;;;;;;;;;;;;1;1;2;;;;;;;;;;;;;;3;3;5;2;4;2;2;5;1;2;1;1;1;3;1;2;3;1;4;2;5;1;;1;2;;;;;;;;;;;;;;;;;;;;;;;;;;;;;;;;;;;;;2;;98;;;;;;;;;;;;;;;;;;;;;;;;;;;;;;;;3;4;2;2;4;4;4;4;4;4;3;4;4;1;3;4;3;3;2;3;1;4;4;9;;;1;4;4;3;2;4;1;;1;6;1;;3;1;0;1;;2;2;0,27846184
32411;1;16;1;2;3;;1;4;1;;;;;;;;;;;;;;;;;;;;;;;;;;;;;;;;;1;1;2;2;1;1;1;1;2;1;1;1;1;;;;;;;;;;;;;1;7;4;1;1;4;3;1;2;4;1;3;2;3;2;2;3;1;1;3;4;1;2;;2;;;;;;;;;;;;;;;;;;;;;;;;;;;;;;;;;;;;;1;1;98;;;;;;;;;;;;;;;;;;;;;;;;;;;;;;;;2;2;4;4;4;4;4;4;4;4;1;3;4;4;3;4;3;3;2;2;2;3;2;4;;;1;2;4;3;1;4;1;;2;5;1;;1;2;2;1;;2;7;0,87799472
32422;1;15;1;1;4;;1;4;1;;;;;;;;;;;;;;;;;;;;;;;;;;;;;;;;;1;1;1;1;1;1;1;1;2;1;1;2;2;3;;;;;;;;;;2;;1;6;8;1;2;2;2;2;2;2;3;2;5;5;2;3;5;2;1;2;3;1;2;;2;;;;;;;;;;;;;;;;;;;;;;;;;;;;;;;;;;;;;1;1;98;;;;;;;;;;;;;;;;;;;;;;;;;;;;;;;;2;1;4;2;4;4;4;9;4;4;3;3;1;1;2;4;2;2;2;2;2;4;2;4;;;1;3;4;3;2;7;1;;2;5;1;;2;3;0;1;;2;6;0,86757064
32428;1;2;3;3;5;;1;4;1;;;;;;;;;;;;;;;;;;;;;;;;;;;;;;;;;1;2;1;2;2;1;1;1;2;1;1;1;1;;;;;;;;;;;;;1;10;9;1;2;2;2;1;2;1;3;4;2;2;2;3;1;2;1;1;4;1;2;;1;3;;4;;5;;;;;;;;;;;;;;;;3;;;;;;;;;;;;;;;;2;;98;;;;;;;;;;;;;;;;;;;;;;;;;;;;;;;;1;1;3;2;4;4;4;4;4;4;1;1;1;1;1;4;1;1;1;2;2;2;1;1;;;5;2;4;3;2;7;1;;2;6;1;;2;1;0;1;;2;99;0,17461693
32440;1;2;3;3;2;;1;4;1;;;;;;;;;;;;;;;;;;;;;;;;;;;;;;;;;1;1;1;1;2;1;2;1;1;1;1;1;2;3;;;;;;;;;;1;2;1;6;6;1;2;2;2;3;2;4;3;3;3;3;2;3;2;2;1;2;1;1;2;;2;;;;;;;;;;;;;;;;;;;;;;;;;;;;;;;;;;;;;1;1;98;;;;;;;;;;;;;;;;;;;;;;;;;;;;;;;;3;9;2;1;4;4;4;4;4;4;3;2;3;2;3;3;2;2;3;2;2;3;3;3;9;2;1;1;4;3;1;7;1;;2;3;1;;1;2;1;1;;2;8;0,08323339
32461;1;5;3;2;2;;1;4;1;;;;;;;;;;;;;;;;;;;;;;;;;;;;;;;;;1;1;1;2;2;1;2;1;1;1;1;1;2;1;;;;;;;;;;;;1;5;5;1;2;2;2;2;3;1;3;2;2;2;3;4;2;4;1;1;4;1;2;;2;;;;;;;;;;;;;;;;;;;;;;;;;;;;;;;;;;;;;1;1;98;;;;;;;;;;;;;;;;;;;;;;;;;;;;;;;;2;2;4;4;4;4;4;4;4;4;3;3;3;1;3;4;2;1;1;1;1;9;9;9;2;2;4;2;4;3;2;7;1;;2;4;1;;1;2;0;1;;2;4;0,29200417
32475;1;5;3;2;6;;1;4;1;;;;;;;;;;;;;;;;;;;;;;;;;;;;;;;;;1;2;2;1;2;2;1;1;2;1;1;1;2;3;;;;;;;;;;2;;2;9;8;1;2;3;1;1;2;4;2;2;3;3;2;3;3;1;2;2;1;1;1;;1;3;;4;;5;;;;;;;;;;;;;;;;4;;;;;;;;;;;;;;;;1;1;98;;;;;;;;;;;;;;;;;;;;;;;;;;;;;;;;3;1;1;1;4;4;2;2;2;2;1;2;3;4;1;4;2;2;1;1;1;3;2;2;;;1;4;4;3;1;4;6;;2;6;1;;1;3;0;1;;2;4;0,82012111
32476;1;16;3;2;6;;1;4;1;;;;;;;;;;;;;;;;;;;;;;;;;;;;;;;;;1;2;2;2;2;1;2;1;2;1;1;1;1;;;;;;;;;;;;;1;8;10;2;1;2;2;2;3;3;3;3;3;2;2;3;2;2;2;2;4;1;2;;2;;;;;;;;;;;;;;;;;;;;;;;;;;;;;;;;;;;;;1;1;98;;;;;;;;;;;;;;;;;;;;;;;;;;;;;;;;2;1;4;1;4;4;4;4;4;4;1;1;4;4;2;4;9;9;1;1;1;1;1;2;;;2;4;4;3;2;8;6;;2;6;1;;1;2;0;1;;2;6;0,99035168
32538;1;16;1;1;5;;1;4;1;;;;;;;;;;;;;;;;;;;;;;;;;;;;;;;;;1;1;2;1;2;1;1;2;1;1;1;1;1;;;;;;;;;;;;;1;5;5;2;2;3;3;2;2;3;2;1;2;3;2;1;3;5;1;2;3;1;2;;1;4;;;;;;;;;;;;;;;;;;;;3;;;;;;;;;;;;;;;;2;;98;;;;;;;;;;;;;;;;;;;;;;;;;;;;;;;;2;3;4;2;4;4;4;4;4;4;1;3;3;4;2;4;2;2;2;2;1;4;4;4;;;1;3;3;3;2;3;6;;2;6;1;;2;1;0;1;;2;3;3,34743714
32558;1;14;1;1;1;1;1;4;2;;;;;;;;;;;;;;;;;;;;;;;;;;;;;;;;;1;1;1;1;2;1;1;1;1;1;1;1;1;;;;;;;;;;;;;1;10;10;1;1;2;1;1;2;1;3;3;2;2;2;3;2;1;1;2;3;1;2;;2;;;;;;;;;;;;;;;;;;;;;;;;;;;;;;;;;;;;;1;1;2;;;;;;;;;;;;;;;;;;;;;;;;;;;;;;;;2;1;4;4;4;4;4;4;4;4;2;3;2;1;2;9;1;1;2;1;1;4;3;3;1;1;3;1;3;3;1;6;3;;3;6;1;;2;3;0;1;;2;7;0,44559637
32606;1;8;3;3;4;;1;4;1;;;;;;;;;;;;;;;;;;;;;;;;;;;;;;;;;1;1;2;1;2;1;1;1;1;1;1;1;1;;;;;;;;;;;;;1;5;10;2;3;3;2;4;1;4;2;2;2;3;1;3;4;1;1;2;4;1;2;;1;3;;;;;;;;;;;;;;;;;;;;7;DE VOTER;;;;;;;;;;;;;;;2;;98;;;;;;;;;;;;;;;;;;;;;;;;;;;;;;;;4;3;2;1;4;4;4;4;4;3;3;3;3;2;3;4;1;1;2;1;2;3;3;9;;;1;3;4;3;1;7;1;;2;5;1;;2;1;0;1;;2;4;0,09934163
32631;1;7;3;2;5;;1;4;1;;;;;;;;;;;;;;;;;;;;;;;;;;;;;;;;;1;1;1;2;2;1;2;1;2;1;1;1;1;;;;;;;;;;;;;1;8;8;1;2;2;1;2;2;3;2;2;2;2;5;3;3;2;2;2;3;1;2;;2;;;;;;;;;;;;;;;;;;;;;;;;;;;;;;;;;;;;;1;9;98;;;;;;;;;;;;;;;;;;;;;;;;;;;;;;;;2;2;3;1;4;4;4;4;4;4;3;3;3;4;1;4;2;1;2;1;1;4;4;4;;;1;4;4;3;1;3;6;;1;6;1;;1;1;0;1;;2;4;2,63539386
32658;1;12;2;2;5;;1;4;1;;;;;;;;;;;;;;;;;;;;;;;;;;;;;;;;;1;1;1;2;1;1;1;2;2;1;1;9;1;;;;;;;;;;;;;2;9;9;1;2;3;2;3;2;5;2;2;3;4;1;3;3;1;2;3;2;1;1;;2;;;;;;;;;;;;;;;;;;;;;;;;;;;;;;;;;;;;;1;1;1;;;;;;;;;;;;;;;;3;;;;;;;;;;;;;;;;2;1;4;4;4;4;4;4;4;4;1;1;1;3;1;4;2;1;1;2;1;9;4;4;;;2;4;4;3;1;7;1;;2;6;1;;1;3;0;1;;2;99;0,70835632
32668;1;1;3;2;6;;1;4;1;;;;;;;;;;;;;;;;;;;;;;;;;;;;;;;;;1;2;1;2;2;1;1;1;2;1;1;1;2;1;;;;;;;;;;;;1;7;10;2;2;3;1;1;2;2;1;1;1;2;1;1;1;2;1;2;4;1;2;;1;3;;;;;;;;;;;;;;;;;;;;3;;;;;;;;;;;;;;;;1;1;98;;;;;;;;;;;;;;;;;;;;;;;;;;;;;;;;2;3;4;4;4;4;4;4;4;4;3;4;4;4;4;4;1;1;1;1;1;4;4;4;;;5;2;1;3;2;99;6;;2;6;1;;1;2;0;1;;2;2;3,6845355
32697;1;14;1;1;2;;1;4;1;;;;;;;;;;;;;;;;;;;;;;;;;;;;;;;;;1;1;1;2;2;1;1;1;1;1;1;1;2;3;;;;;;;;;;1;1;1;8;7;1;2;2;1;2;4;2;3;3;3;2;1;4;2;3;1;1;4;2;;;1;3;;4;;;;;;;;;;;;;;;;;;3;;;;;;;;;;;;;;;;1;1;1;;2;;;;;;;;;;;;;;1;;2;;;;;;;;;;;;;;1;2;3;1;4;4;4;4;4;4;2;1;1;1;3;3;1;1;2;1;1;9;2;3;2;1;1;1;4;3;2;7;10;A LA MAISON;2;5;1;;1;2;2;1;;2;99;0,45117819
32702;1;6;1;1;6;;1;4;1;;;;;;;;;;;;;;;;;;;;;;;;;;;;;;;;;1;1;1;1;1;1;1;1;1;1;1;1;2;1;;;;;;;;;;;;1;6;8;2;2;2;2;2;3;2;3;2;3;2;2;3;2;3;1;1;4;1;2;;1;1;;4;;;;;;;;;;;;;;;;;;4;;;;;;;;;;;;;;;;1;1;98;;;;;;;;;;;;;;;;;;;;;;;;;;;;;;;;2;2;4;4;4;4;4;4;4;4;1;1;1;3;1;4;1;9;1;9;9;9;9;9;;;1;3;3;3;1;7;6;;2;6;1;;1;2;0;1;;2;5;1,08958244
32715;1;14;1;1;4;;1;4;2;;;;;;;;;;;;;;;;;;;;;;;;;;;;;;;;;1;1;1;1;2;1;1;1;2;1;1;1;2;1;;;;;;;;;;;;1;7;8;1;2;2;2;2;2;2;3;2;2;3;2;2;2;1;1;2;4;1;2;;1;4;;;;;;;;;;;;;;;;;;;;3;;;;;;;;;;;;;;;;1;1;98;;;;;;;;;;;;;;;;;;;;;;;;;;;;;;;;2;2;2;2;2;4;4;4;4;4;2;2;1;2;2;4;2;2;2;2;2;4;4;3;;;2;3;4;3;1;4;1;;2;6;1;;1;3;0;1;;2;5;0,71844256
32719;1;16;1;1;4;;1;4;1;;;;;;;;;;;;;;;;;;;;;;;;;;;;;;;;;1;1;2;2;2;1;2;1;1;1;1;1;1;;;;;;;;;;;;;1;6;8;2;3;2;2;2;3;2;3;2;3;2;3;4;4;2;1;1;4;1;2;;1;2;;;;;;;;;;;;;;;;;;;;4;;;;;;;;;;;;;;;;1;1;1;;;;;;;;;;;;;;;;2;;3;;;;;;;;;;;;;;9;3;4;9;4;4;4;4;4;4;2;3;3;3;1;2;2;2;2;2;2;9;9;2;;;4;4;4;3;1;6;1;;2;6;1;;1;2;2;1;;2;99;0,71844256
32720;1;16;1;1;1;1;1;4;2;;;;;;;;;;;;;;;;;;;;;;;;;;;;;;;;;1;1;2;1;1;1;1;1;1;8;8;1;1;;;;;;;;;;;;;1;6;8;9;2;3;2;2;1;2;1;1;1;3;2;3;2;1;1;2;3;1;1;;2;;;;;;;;;;;;;;;;;;;;;;;;;;;;;;;;;;;;;1;1;1;;;;;;;;;;;;;;;;1;;4;;;;;;;;;;;;;;2;2;2;2;4;4;4;4;4;4;2;2;2;1;3;4;1;2;1;1;1;4;4;4;2;1;4;1;4;3;2;3;3;;3;6;1;;2;4;0;1;;2;2;2,00191617
32747;1;16;3;2;6;;1;4;1;;;;;;;;;;;;;;;;;;;;;;;;;;;;;;;;;1;2;1;2;2;1;1;2;2;1;1;2;2;1;;;;;;;;;;;;1;10;10;1;2;3;1;1;3;2;4;4;2;2;3;4;2;3;1;1;4;1;2;;1;3;;5;;;;;;;;;;;;;;;;;;3;;;;;;;;;;;;;;;;1;1;98;;;;;;;;;;;;;;;;;;;;;;;;;;;;;;;;2;1;3;3;2;4;4;4;3;4;1;1;1;3;1;9;1;1;1;1;1;1;1;1;;;3;2;1;3;2;7;6;;2;6;1;;1;2;0;1;;2;8;0,99035168
32752;1;15;1;1;6;;1;4;4;;;;;;;;;;;;;;;;;;;;;;;;;;;;;;;;;1;2;2;1;2;2;1;2;1;1;1;1;2;1;;3;;;;;;;;1;2;1;4;4;2;2;2;2;3;2;2;3;2;2;3;2;1;2;1;1;1;4;2;;;1;3;;4;;;;;;;;;;;;;;;;;;3;;;;;;;;;;;;;;;;1;1;98;;;;;;;;;;;;;;;;;;;;;;;;;;;;;;;;2;1;4;4;4;4;4;4;4;4;2;2;2;4;2;4;1;1;1;1;1;3;4;4;;;4;3;4;1;2;5;1;;2;6;1;;1;3;1;1;;2;8;1,04170036
32754;1;13;1;1;3;;1;4;3;;;;;;;;;;;;;;;;;;;;;;;;;;;;;;;;;1;1;2;2;2;1;1;1;1;1;1;1;1;;;;;;;;;;;;;1;7;9;1;2;2;2;2;3;2;2;2;3;3;2;3;2;2;1;1;4;1;1;;1;3;;4;;;;;;;;;;;;;;;;;;3;;;;;;;;;;;;;;;;1;1;98;;;;;;;;;;;;;;;;;;;;;;;;;;;;;;;;2;2;2;2;4;4;4;4;4;4;2;3;3;2;2;4;1;2;4;1;1;4;4;4;;;2;3;4;3;2;4;1;;2;6;1;;1;2;3;1;;2;7;1,39068377
32765;1;15;1;2;5;;1;4;3;;;;;;;;;;;;;;;;;;;;;;;;;;;;;;;;;1;1;1;2;1;1;1;1;1;1;1;2;2;1;;;;;;;;;;;;1;8;8;1;2;2;3;2;3;2;2;2;3;2;2;3;1;2;1;2;4;1;2;;1;3;;4;;;;;;;;;;;;;;;;;;3;;;;;;;;;;;;;;;;2;;98;;;;;;;;;;;;;;;;;;;;;;;;;;;;;;;;2;2;2;3;4;4;4;4;4;4;1;1;1;1;2;4;1;1;1;1;1;4;4;2;;;2;4;4;3;1;6;6;;2;6;1;;1;2;0;1;;2;4;0,63028711
32766;1;2;3;3;5;;1;4;1;;;;;;;;;;;;;;;;;;;;;;;;;;;;;;;;;1;2;2;2;2;1;1;1;2;1;1;1;1;;;;;;;;;;;;;1;9;9;1;2;3;2;3;2;3;2;3;2;3;2;3;4;1;2;2;4;1;2;;1;3;;4;;6;;;;;;;;;;;;;;;;3;;;;;;;;;;;;;;;;1;1;98;;;;;;;;;;;;;;;;;;;;;;;;;;;;;;;;2;2;3;1;4;4;4;4;1;4;1;1;2;4;1;3;2;1;1;2;1;2;2;2;;;1;2;4;3;1;6;1;;2;6;1;;1;3;0;1;;2;7;0,14460243
32772;1;7;3;2;6;;1;4;1;;;;;;;;;;;;;;;;;;;;;;;;;;;;;;;;;1;1;2;2;2;1;2;2;2;1;1;1;2;1;;;;;;;;;;;;1;4;4;1;2;2;3;3;3;3;1;3;2;4;4;2;3;1;1;1;4;2;;;2;;;;;;;;;;;;;;;;;;;;;;;;;;;;;;;;;;;;;1;1;1;;;;;;;;;;;;;;;;2;;;;;;;;;;;;;;;;3;2;4;4;4;4;4;4;3;4;3;4;4;4;2;4;3;3;2;1;1;1;4;3;;;1;4;4;3;1;6;6;;2;5;1;;1;2;0;2;5;2;99;0,82012111
32801;1;13;1;1;4;;1;4;2;;;;;;;;;;;;;;;;;;;;;;;;;;;;;;;;;1;1;2;2;2;1;1;2;2;1;1;1;2;1;;3;;;;;;;;2;;1;1;1;2;3;3;2;5;1;5;2;2;1;3;1;2;3;5;1;2;5;2;;;1;3;;4;;;;;;;;;;;;;;;;;;3;;;;;;;;;;;;;;;;1;1;98;;;;;;;;;;;;;;;;;;;;;;;;;;;;;;;;3;2;4;4;4;4;4;4;4;4;2;3;1;2;3;4;1;2;1;2;1;4;4;4;;;1;4;4;3;2;3;5;;2;6;1;;1;4;0;1;;2;2;3,22773314
32833;1;5;3;2;5;;1;4;3;;;;;;;;;;;;;;;;;;;;;;;;;;;;;;;;;1;1;2;2;1;1;1;2;2;1;1;1;2;1;;;;;;;;;;;;2;6;5;2;2;2;2;2;3;2;2;2;3;3;3;3;2;2;2;2;3;1;2;;1;3;;;;;;;;;;;;;;;;;;;;3;;;;;;;;;;;;;;;;1;2;98;;;;;;;;;;;;;;;;;;;;;;;;;;;;;;;;1;3;3;2;4;4;4;4;4;4;2;3;3;3;2;3;2;2;2;2;2;3;3;2;;;2;3;4;3;2;3;6;;2;6;1;;1;2;0;1;;8;99;2,83167624
32839;1;7;3;2;4;;1;4;1;;;;;;;;;;;;;;;;;;;;;;;;;;;;;;;;;1;1;2;2;2;1;1;2;2;1;1;1;1;;;;;;;;;;;;;1;3;3;2;3;2;2;1;1;4;4;2;1;3;2;3;2;2;1;1;2;1;2;;2;;;;;;;;;;;;;;;;;;;;;;;;;;;;;;;;;;;;;1;1;98;;;;;;;;;;;;;;;;;;;;;;;;;;;;;;;;4;3;4;1;4;4;4;4;4;4;2;2;3;4;1;4;1;1;2;1;2;9;4;9;;;2;3;4;2;2;7;1;;2;6;1;;1;3;0;1;;2;7;0,58852845
32841;1;5;3;2;4;;1;4;1;;;;;;;;;;;;;;;;;;;;;;;;;;;;;;;;;1;1;1;1;2;1;2;1;1;1;1;1;1;;;;;;;;;;;;;2;8;7;1;2;2;2;2;3;2;3;2;3;3;2;3;2;2;1;1;3;1;2;;1;3;;4;;5;;;;;;;;;;;;;;;;2;;3;;;;;;;;;;;;;;1;1;1;;;;;;;;;;;;;;;;2;;;;;;;;;;;;;;;;1;2;3;2;2;4;2;2;3;4;2;1;1;2;2;2;1;1;2;2;2;3;2;2;;;4;3;4;3;1;5;1;;2;3;1;;1;2;0;1;;2;3;0,48736537
32843;1;4;3;2;5;;1;4;1;;;;;;;;;;;;;;;;;;;;;;;;;;;;;;;;;1;1;1;2;2;1;1;2;2;1;1;1;2;1;;;;;;;;;;;;1;10;10;9;2;2;2;2;3;2;3;3;3;2;3;3;2;3;2;2;2;1;2;;1;3;;4;;6;;;;;;;;;;;;;;;;3;;;;;;;;;;;;;;;;1;1;98;;;;;;;;;;;;;;;;;;;;;;;;;;;;;;;;1;2;3;2;4;3;4;4;4;4;1;1;1;1;1;4;2;1;1;1;2;4;4;9;;;4;2;4;3;2;7;6;;2;6;1;;1;2;0;1;;2;6;0,76111543
32846;1;13;1;1;6;;1;4;1;;;;;;;;;;;;;;;;;;;;;;;;;;;;;;;;;1;1;1;2;2;1;1;1;2;1;1;1;1;;;;;;;;;;;;;1;10;10;1;1;2;2;2;2;2;4;3;4;2;2;4;2;2;1;1;4;1;2;;1;3;;4;;5;;;;;;;;;;;;;;;;3;;;;;;;;;;;;;;;;2;;98;;;;;;;;;;;;;;;;;;;;;;;;;;;;;;;;1;2;4;2;3;4;4;4;4;4;1;1;3;4;1;4;1;1;1;2;1;2;2;1;;;2;2;4;3;2;7;6;;1;6;1;;2;1;0;1;;2;3;1,17072916
32849;1;16;3;2;5;;1;4;2;;;;;;;;;;;;;;;;;;;;;;;;;;;;;;;;;1;2;2;2;2;2;1;2;2;1;1;1;1;;;;;;;;;;;;;1;5;5;9;3;3;3;3;2;3;2;2;2;4;1;3;4;1;2;3;2;1;2;;1;3;;;;;;;;;;;;;;;;;;;;3;;;;;;;;;;;;;;;;2;;98;;;;;;;;;;;;;;;;;;;;;;;;;;;;;;;;1;3;2;1;4;3;4;4;2;4;3;3;3;2;3;3;1;1;2;2;2;3;3;2;;;2;3;3;3;2;7;1;;2;6;1;;2;1;0;1;;2;2;0,76111543
32854;1;4;3;2;3;;1;4;4;;;;;;;;;;;;;;;;;;;;;;;;;;;;;;;;;1;1;2;1;2;1;1;1;1;1;1;1;1;;;;;;;;;;;;;1;8;4;2;1;4;4;2;1;4;1;3;1;2;2;1;3;1;1;1;4;2;;;2;;;;;;;;;;;;;;;;;;;;;;;;;;;;;;;;;;;;;1;1;98;;;;;;;;;;;;;;;;;;;;;;;;;;;;;;;;1;2;2;1;3;4;4;4;4;4;2;3;1;2;1;4;1;1;1;1;1;4;4;4;;;1;4;4;3;2;7;1;;2;5;1;;1;2;3;1;;2;7;1,0602386
32857;1;15;1;2;5;;1;4;4;;;;;;;;;;;;;;;;;;;;;;;;;;;;;;;;;1;2;2;2;2;2;1;2;2;1;1;1;1;;;;;;;;;;;;;1;0;5;2;2;3;1;1;1;2;1;1;1;3;1;1;3;1;1;2;1;1;1;;1;3;;4;;;;;;;;;;;;;;;;;;3;;10;TRANSPORT POUR ALLER VOTER;;;;;;;;;;;;;2;;98;;;;;;;;;;;;;;;;;;;;;;;;;;;;;;;;4;3;4;4;4;4;4;4;4;4;1;2;4;4;4;4;1;2;1;1;2;9;4;9;;;1;3;4;1;2;3;1;;2;6;1;;2;1;0;1;;2;2;2,83167624
32868;1;7;3;2;5;;1;4;1;;;;;;;;;;;;;;;;;;;;;;;;;;;;;;;;;1;1;2;2;2;1;2;2;2;1;1;1;2;1;;3;;;;;;;;2;;1;8;8;1;2;1;3;2;2;3;3;3;3;2;2;4;2;2;1;1;4;1;2;;1;4;;;;;;;;;;;;;;;;;;;;3;;;;;;;;;;;;;;;;1;1;98;;;;;;;;;;;;;;;;;;;;;;;;;;;;;;;;3;2;2;2;4;4;3;4;4;4;1;1;1;3;2;4;1;1;1;1;1;3;4;3;;;4;1;1;3;1;5;6;;2;6;2;;1;3;0;2;5;2;7;0,63028711
32869;1;7;3;2;1;1;1;4;1;;;;;;;;;;;;;;;;;;;;;;;;;;;;;;;;;1;1;2;1;1;1;1;1;1;1;1;1;2;1;;;;;;;;;;;;1;5;5;2;2;2;2;2;1;2;3;1;3;2;1;2;3;2;1;2;2;1;2;;2;;;;;;;;;;;;;;;;;;;;;;;;;;;;;;;;;;;;;1;1;1;;3;;;;;;;;;;;;;;1;;2;;4;;;;;;;;;;;;3;2;3;1;4;4;4;3;4;4;3;2;3;2;3;3;1;1;2;2;1;3;3;3;2;1;1;1;2;3;2;7;7;;2;3;1;;1;2;1;1;;2;6;0,34825167
32874;1;14;3;2;4;;1;4;1;;;;;;;;;;;;;;;;;;;;;;;;;;;;;;;;;1;1;2;2;2;1;1;1;2;1;1;9;2;1;;;;;;;;;;;;2;7;8;9;3;4;2;3;2;2;1;3;1;4;2;2;3;1;3;3;2;2;;;9;;;;;;;;;;;;;;;;;;;;;;;;;;;;;;;;;;;;;1;1;98;;;;;;;;;;;;;;;;;;;;;;;;;;;;;;;;2;2;2;2;4;4;4;4;4;4;2;3;1;4;3;4;1;2;2;1;1;9;3;9;;;1;3;4;3;2;4;1;;2;6;1;;1;2;1;1;;2;99;0,52366459
32897;1;7;3;2;6;;1;4;1;;;;;;;;;;;;;;;;;;;;;;;;;;;;;;;;;1;1;1;2;2;1;2;1;1;1;1;1;1;;;;;;;;;;;;;1;10;10;1;2;2;2;1;3;2;3;2;3;2;2;3;1;3;1;1;1;1;2;;1;3;;4;;5;;6;;;;;;;;;;;;;;2;;1;;;;;;;;;;;;;;1;1;98;;;;;;;;;;;;;;;;;;;;;;;;;;;;;;;;3;2;4;3;4;4;1;4;3;4;1;1;1;4;1;2;1;1;1;2;1;2;2;1;;;2;2;4;3;1;8;6;;2;6;1;;1;2;0;1;;2;7;0,92170042
32909;1;7;3;2;6;;1;4;1;;;;;;;;;;;;;;;;;;;;;;;;;;;;;;;;;1;1;1;2;2;1;1;2;2;1;1;2;1;;;;;;;;;;;;;1;5;6;1;3;3;2;1;3;2;2;1;2;3;1;2;1;1;1;1;4;1;2;;1;2;;4;;6;;;;;;;;;;;;;;;;6;AFIN QUE L’ON PUISSE LE CONNAÎTRE ET  NOUS INFORMER DU PARTI QU’IL REPRÉSENTAIT.;;;;;;;;;;;;;;;2;;98;;;;;;;;;;;;;;;;;;;;;;;;;;;;;;;;3;2;4;1;4;4;4;4;4;4;1;3;2;1;1;4;1;1;2;1;1;4;4;4;;;3;3;3;3;2;1;6;;1;6;1;;3;1;0;1;;2;2;3,6845355
32920;1;4;3;2;3;;1;4;3;;;;;;;;;;;;;;;;;;;;;;;;;;;;;;;;;1;2;2;2;2;2;1;1;1;1;1;1;1;;;;;;;;;;;;;1;5;10;2;2;2;2;3;2;3;2;2;2;4;2;1;3;2;1;2;3;1;1;;1;3;;4;;5;;;;;;;;;;;;;;;;3;;;;;;;;;;;;;;;;2;;1;;3;;;;;;;;;;;;;;2;;;;;;;;;;;;;;;;3;1;1;4;3;4;3;2;4;4;1;2;4;4;1;9;3;2;1;1;1;3;3;9;;;1;3;4;1;2;7;1;;2;5;1;;1;4;1;1;;2;6;1,0602386
32949;1;7;3;2;3;;1;4;1;;;;;;;;;;;;;;;;;;;;;;;;;;;;;;;;;1;2;1;1;1;1;1;1;2;1;1;1;2;3;;;;;;;;;;1;1;1;8;8;1;2;3;3;2;1;3;4;1;1;3;1;3;3;2;1;2;4;1;2;;1;1;;;;;;;;;;;;;;;;;;;;4;;3;;;;;;;;;;;;;;2;;1;;2;;3;;5;;6;MÉDIAS, ARTISTE, ORGANISMES ENVIRONNEMENTAUX, SYNDICATS,;97;;;;;;2;;3;;4;;;;;;;;;;;;2;2;1;1;2;4;4;1;4;4;3;1;3;1;2;3;1;1;1;1;1;4;2;4;;;1;1;3;3;2;7;1;;2;3;1;;1;1;1;1;;1;5;1,0602386
32967;1;7;3;2;5;;1;4;3;;;;;;;;;;;;;;;;;;;;;;;;;;;;;;;;;1;1;2;2;2;1;1;2;2;1;1;1;1;;;;;;;;;;;;;1;9;8;2;2;2;2;2;3;2;4;2;4;2;3;3;2;2;1;1;2;2;;;2;;;;;;;;;;;;;;;;;;;;;;;;;;;;;;;;;;;;;1;1;98;;;;;;;;;;;;;;;;;;;;;;;;;;;;;;;;2;3;4;4;2;4;4;4;4;4;1;1;1;4;1;4;1;1;2;2;2;4;4;4;;;4;3;4;3;1;6;1;;2;6;1;;1;2;0;1;;2;3;0,63028711
32976;1;12;3;2;5;;1;4;1;;;;;;;;;;;;;;;;;;;;;;;;;;;;;;;;;1;1;1;1;2;1;2;1;2;1;1;1;1;;;;;;;;;;;;;1;10;9;1;2;3;3;1;2;3;2;3;1;3;2;3;3;2;1;2;4;1;2;;1;4;;5;;;;;;;;;;;;;;;;;;3;;4;VOTER POUR LUI/ELLE;;;;;;;;;;;;;1;1;98;;;;;;;;;;;;;;;;;;;;;;;;;;;;;;;;2;2;4;4;4;4;4;4;4;4;1;2;4;4;3;2;2;2;1;1;2;2;2;2;;;4;1;4;3;2;7;6;;2;6;1;;2;2;0;1;;2;99;0,76111543
32988;1;14;3;2;4;;1;4;2;;;;;;;;;;;;;;;;;;;;;;;;;;;;;;;;;1;1;2;1;2;1;1;1;1;1;1;2;2;3;;;;;;;;;;2;;1;7;10;1;3;2;1;3;1;5;4;2;3;3;2;2;2;2;1;1;1;1;1;;1;3;;4;;;;;;;;;;;;;;;;;;3;;;;;;;;;;;;;;;;1;1;98;;;;;;;;;;;;;;;;;;;;;;;;;;;;;;;;3;1;4;4;4;4;4;4;4;4;1;1;2;3;4;4;2;2;1;2;2;4;3;4;;;1;4;4;3;2;5;1;;2;6;1;;1;3;1;1;;2;2;0,52366459
32992;1;13;1;1;6;;1;4;1;;;;;;;;;;;;;;;;;;;;;;;;;;;;;;;;;1;1;1;1;2;1;1;1;1;1;1;1;2;1;;;;;;;;;;;;1;10;10;1;1;2;1;1;2;2;3;3;3;2;2;4;1;2;1;1;1;1;2;;1;4;;5;;;;;;;;;;;;;;;;;;4;;3;;;;;;;;;;;;;;1;1;98;;;;;;;;;;;;;;;;;;;;;;;;;;;;;;;;2;2;3;3;4;2;2;4;4;2;1;1;2;3;4;4;2;2;2;2;2;2;9;3;;;2;3;3;3;2;8;6;;2;6;1;;1;1;0;1;;2;5;1,17072916
32993;1;16;1;1;5;;1;4;1;;;;;;;;;;;;;;;;;;;;;;;;;;;;;;;;;1;1;2;2;2;1;1;2;2;1;1;1;1;;;;;;;;;;;;;1;9;8;2;2;3;4;1;3;4;4;3;2;2;4;2;4;2;1;2;4;1;2;;2;;;;;;;;;;;;;;;;;;;;;;;;;;;;;;;;;;;;;1;1;98;;;;;;;;;;;;;;;;;;;;;;;;;;;;;;;;1;1;1;1;4;2;4;3;4;4;1;3;1;3;2;3;1;1;1;1;2;1;1;4;;;2;3;4;3;1;7;1;;3;5;1;;1;4;0;1;;2;8;0,83737397
32994;2;6;1;1;6;;1;3;2;2;1;2;1;1;2;1;2;2;2;1;2;2;2;2;2;99;;;;;;;;;;;;;;;;;;;;;;;;;1;1;2;;;;;;;;;;;;;;2;10;7;1;2;3;2;3;1;4;1;3;1;4;1;3;3;2;2;2;2;2;;;1;3;;;;;;;;;;;;;;;;;;;;99;;;;;;;;;;;;;;;;1;1;98;;;;;;;;;;;;;;;;;;;;;;;;;;;;;;;;2;3;2;2;1;1;3;4;4;3;3;2;4;4;4;4;2;2;1;2;2;4;3;2;;;1;3;4;3;1;7;6;;2;6;1;;1;2;0;1;;2;4;0,97106183
32996;1;17;3;2;5;;1;4;2;;;;;;;;;;;;;;;;;;;;;;;;;;;;;;;;;1;1;1;2;1;1;1;1;2;1;1;1;1;;;;;;;;;;;;;1;10;10;1;1;1;4;4;4;4;4;3;4;4;4;4;4;4;4;4;4;2;;;2;;;;;;;;;;;;;;;;;;;;;;;;;;;;;;;;;;;;;2;;99;;;;;;;;;;;;;;;;;;;;;;;;;;;;;;;;1;1;4;4;4;4;4;4;4;4;1;1;1;1;1;1;1;1;1;1;1;1;1;1;;;4;4;1;1;2;2;1;JE TRAVAILLE;2;6;1;;3;1;0;1;;2;1;2,83167624
32997;1;16;3;1;4;;1;4;1;;;;;;;;;;;;;;;;;;;;;;;;;;;;;;;;;1;2;2;1;1;1;2;1;2;1;1;1;1;;;;;;;;;;;;;1;8;8;1;2;1;2;2;3;2;3;3;3;2;2;3;2;2;1;1;2;1;2;;2;;;;;;;;;;;;;;;;;;;;;;;;;;;;;;;;;;;;;1;1;98;;;;;;;;;;;;;;;;;;;;;;;;;;;;;;;;1;2;3;4;4;4;4;4;4;4;1;2;3;4;2;4;2;2;1;1;1;4;4;4;;;4;5;4;3;1;3;1;;9;9;1;;2;2;0;1;;2;3;3,004004
32998;1;16;3;2;6;;1;4;1;;;;;;;;;;;;;;;;;;;;;;;;;;;;;;;;;1;1;1;2;2;1;1;1;2;1;1;1;1;;;;;;;;;;;;;1;7;9;1;2;1;1;2;2;2;3;2;3;3;3;3;2;2;1;2;2;1;2;;2;;;;;;;;;;;;;;;;;;;;;;;;;;;;;;;;;;;;;2;;98;;;;;;;;;;;;;;;;;;;;;;;;;;;;;;;;1;2;4;2;4;4;4;4;4;4;1;1;4;2;2;2;2;2;2;2;2;2;2;2;;;1;2;3;3;1;4;6;;1;5;1;;2;1;0;1;;2;3;0,82012111
32999;1;4;3;2;5;;1;4;4;;;;;;;;;;;;;;;;;;;;;;;;;;;;;;;;;1;1;1;2;2;1;1;1;2;1;1;2;1;;;;;;;;;;;;;1;8;10;2;2;1;1;1;2;2;4;3;3;2;2;3;1;3;1;1;2;1;2;;1;3;;;;;;;;;;;;;;;;;;;;3;;;;;;;;;;;;;;;;2;;98;;;;;;;;;;;;;;;;;;;;;;;;;;;;;;;;1;2;4;2;4;4;4;4;4;4;1;3;4;4;3;4;2;2;1;2;1;4;3;3;;;4;4;4;3;1;5;1;;1;3;1;;2;1;0;1;;2;2;0,63028711
33000;1;4;3;2;6;;1;4;2;;;;;;;;;;;;;;;;;;;;;;;;;;;;;;;;;1;2;1;1;2;2;1;2;1;1;1;1;1;;;;;;;;;;;;;1;5;5;9;2;3;5;5;3;5;2;5;1;2;1;1;2;1;1;5;5;2;;;2;;;;;;;;;;;;;;;;;;;;;;;;;;;;;;;;;;;;;1;1;98;;;;;;;;;;;;;;;;;;;;;;;;;;;;;;;;1;1;4;4;4;4;4;4;4;4;2;3;3;3;4;4;1;1;4;2;2;4;4;4;;;2;2;4;3;2;3;6;;2;6;1;;1;2;0;1;;2;1;3,6845355
33005;2;14;3;2;2;;1;1;1;2;2;2;2;2;2;2;2;2;2;2;2;2;2;2;2;8;EN AUCUNE FAÇON J’AURA ÉTÉ VOTÉ C’EST CONTRE MA RELIGION SI C’ETAIS OBLIGATOIRE J’IRAIS POUR L’ANNULER;;;;;;;;;;;;;;;;;;;;;;;;2;2;2;;;;;;;;;;;;;;4;5;2;2;3;4;2;3;1;4;1;2;1;4;1;2;4;2;4;4;4;2;;;2;;;;;;;;;;;;;;;;;;;;;;;;;;;;;;;;;;;;;1;1;1;;;;;;;;;;;;;;;;4;;;;;;;;;;;;;;;;4;3;4;1;4;4;4;4;4;4;4;4;4;2;1;4;2;2;1;2;1;4;4;4;2;2;1;4;2;3;2;3;1;;3;5;1;;2;3;0;1;;2;5;1,39463198
33017;1;12;3;2;5;;1;4;9;;;;;;;;;;;;;;;;;;;;;;;;;;;;;;;;;1;2;2;1;1;2;2;2;2;1;1;1;9;;;;;;;;;;;;;2;6;6;2;2;2;2;3;2;2;2;3;2;2;3;3;2;3;2;2;2;2;;;2;;;;;;;;;;;;;;;;;;;;;;;;;;;;;;;;;;;;;1;1;1;;;;;;;;;;;;;;;;1;;;;;;;;;;;;;;;;2;2;4;4;4;4;4;4;4;4;1;2;2;4;2;4;1;1;1;1;1;3;4;2;;;5;3;4;3;2;4;6;;2;5;1;;1;2;0;1;;2;99;0,67723006
33021;1;12;3;2;5;;1;4;1;;;;;;;;;;;;;;;;;;;;;;;;;;;;;;;;;1;2;2;1;2;2;2;2;2;1;1;1;2;1;;;;;;;;;;;;2;6;7;2;2;2;2;3;2;3;2;3;1;2;1;2;3;1;1;4;2;1;1;;1;3;;6;;;;;;;;;;;;;;;;;;3;;;;;;;;;;;;;;;;1;1;98;;;;;;;;;;;;;;;;;;;;;;;;;;;;;;;;4;3;2;2;4;4;4;4;4;4;2;1;3;3;2;4;2;1;2;2;1;4;4;4;;;2;3;4;3;2;2;1;;2;6;1;;1;3;0;1;;2;3;2,83167624
33042;1;12;3;2;1;1;1;4;1;;;;;;;;;;;;;;;;;;;;;;;;;;;;;;;;;2;2;1;1;1;1;2;1;2;1;1;1;1;;;;;;;;;;;;;1;1;2;1;1;2;1;2;1;2;1;2;1;1;2;1;2;1;1;3;1;1;2;;1;2;;;;;;;;;;;;;;;;;;;;2;;;;;;;;;;;;;;;;1;1;1;;;;;;;;;;;;;;;;1;;;;;;;;;;;;;;;;1;2;2;1;2;2;1;1;1;2;1;2;2;2;1;1;2;1;2;3;1;2;2;2;2;2;1;1;2;2;2;7;1;;2;1;2;;1;1;0;1;;2;2;0,34825167
33044;1;11;3;3;5;;1;4;4;;;;;;;;;;;;;;;;;;;;;;;;;;;;;;;;;1;2;2;1;2;1;1;1;2;1;1;1;2;1;;;;;;;;;;;;1;5;5;2;3;3;2;5;5;5;5;5;2;3;1;5;2;3;1;5;2;2;;;2;;;;;;;;;;;;;;;;;;;;;;;;;;;;;;;;;;;;;1;9;98;;;;;;;;;;;;;;;;;;;;;;;;;;;;;;;;2;3;9;9;9;9;9;9;9;9;2;3;4;4;2;9;9;9;9;9;9;9;9;9;;;5;5;3;9;2;2;99;;1;1;1;;1;2;0;1;;2;99;0,64965117
33045;1;3;2;1;2;;1;4;2;;;;;;;;;;;;;;;;;;;;;;;;;;;;;;;;;1;1;1;1;1;1;1;1;1;1;1;1;2;1;;5;;;;;;;;;;1;5;7;1;2;2;2;2;2;2;3;1;3;2;2;3;2;2;1;2;4;1;2;;2;;;;;;;;;;;;;;;;;;;;;;;;;;;;;;;;;;;;;1;1;98;;;;;;;;;;;;;;;;;;;;;;;;;;;;;;;;3;3;3;4;4;4;4;4;3;4;3;3;3;1;2;4;1;1;2;1;1;4;4;4;2;2;1;1;4;2;2;3;1;;1;1;1;;1;2;0;1;;2;5;1,67858315
33046;1;7;3;2;2;;1;4;1;;;;;;;;;;;;;;;;;;;;;;;;;;;;;;;;;1;2;2;1;2;1;2;1;1;1;2;2;1;;;;;;;;;;;;;1;8;7;2;2;2;2;2;2;3;2;2;2;3;2;3;2;2;1;2;2;2;;;2;;;;;;;;;;;;;;;;;;;;;;;;;;;;;;;;;;;;;1;1;1;;;;;;;;;;;;;;;;1;;;;;;;;;;;;;;;;3;3;2;1;4;4;4;4;4;4;4;3;3;2;3;4;1;1;2;2;1;4;4;2;2;1;3;4;2;3;2;7;1;;1;6;2;;1;4;0;1;;2;2;0,29200417
33048;1;16;1;2;2;;1;4;1;;;;;;;;;;;;;;;;;;;;;;;;;;;;;;;;;1;1;1;2;2;1;1;1;1;1;1;1;2;2;;4;;;;;;;;;;1;9;10;1;1;1;2;3;2;2;3;2;3;3;2;2;3;2;2;2;2;1;1;;2;;;;;;;;;;;;;;;;;;;;;;;;;;;;;;;;;;;;;1;1;98;;;;;;;;;;;;;;;;;;;;;;;;;;;;;;;;2;2;2;4;4;1;4;2;3;2;3;2;2;2;2;4;1;2;2;2;2;3;9;2;1;1;2;2;4;1;2;7;1;;2;4;1;;2;3;0;1;;2;4;0,29200417
33049;1;6;1;1;2;;1;4;1;;;;;;;;;;;;;;;;;;;;;;;;;;;;;;;;;1;1;2;1;1;2;1;1;1;1;1;1;1;;;;;;;;;;;;;1;6;7;1;2;2;1;3;3;2;2;2;4;1;2;4;2;1;2;2;2;2;;;2;;;;;;;;;;;;;;;;;;;;;;;;;;;;;;;;;;;;;1;9;1;;;;;;;;;;;;;;;;1;;;;;;;;;;;;;;;;2;2;4;1;4;4;4;4;4;4;2;2;2;1;2;1;1;2;2;2;1;3;1;2;1;2;2;4;4;1;2;8;1;;2;4;2;;1;2;2;1;;2;7;0,45117819
33051;2;8;3;3;4;;1;3;4;1;2;1;2;2;2;2;2;2;2;2;2;2;2;2;2;1;BETTER CANDIDATES, PARTY PLATFORMS.;;;;;;;;;;;;;;;;;;;;;;;;8;1;1;;;;;;;;;;;;;;1;8;5;2;3;3;2;1;2;3;3;3;2;2;2;4;3;2;2;2;4;2;;;1;1;;;;;;;;;;;;;;;;;;;;4;;;;;;;;;;;;;;;;1;1;98;;;;;;;;;;;;;;;;;;;;;;;;;;;;;;;;2;2;4;4;4;4;4;4;4;4;2;3;2;2;3;4;2;1;2;2;2;4;2;1;;;2;4;1;3;1;7;1;;2;4;2;;1;2;0;2;3;2;5;0,30739012
33052;1;7;3;2;2;;1;4;2;;;;;;;;;;;;;;;;;;;;;;;;;;;;;;;;;1;2;2;2;1;1;1;1;2;1;2;1;1;;;;;;;;;;;;;3;10;7;1;2;2;2;3;1;2;2;1;2;2;3;2;3;2;3;3;2;1;1;;1;1;;5;;;;;;;;;;;;;;;;;;2;;;;;;;;;;;;;;;;1;1;1;;2;;;;;;;;;;;;;;1;;2;;;;;;;;;;;;;;2;1;1;3;2;1;1;2;3;2;2;1;2;1;3;1;2;1;1;3;2;1;2;2;1;1;1;2;1;1;2;8;1;;2;6;2;;1;2;1;1;;2;6;0,29200417
33053;1;1;3;3;6;;1;4;1;;;;;;;;;;;;;;;;;;;;;;;;;;;;;;;;;1;2;2;1;2;1;2;1;1;1;1;1;2;9;PETITE FILLE;;;;;;;;;;;1;8;8;1;2;2;2;2;2;1;3;2;2;2;2;3;1;2;1;1;4;1;2;;2;;;;;;;;;;;;;;;;;;;;;;;;;;;;;;;;;;;;;2;;98;;;;;;;;;;;;;;;;;;;;;;;;;;;;;;;;2;2;3;4;4;4;4;4;4;4;1;3;2;3;1;4;1;1;2;1;1;4;4;4;;;1;3;4;3;2;3;2;;2;6;1;;2;1;0;1;;2;2;0,84531575
33055;1;1;3;3;6;;1;4;4;;;;;;;;;;;;;;;;;;;;;;;;;;;;;;;;;1;2;1;2;2;1;1;1;2;1;1;2;2;1;;;;;;;;;;;;1;5;5;2;3;2;1;2;2;2;2;2;2;2;2;2;2;1;1;1;2;1;2;;2;;;;;;;;;;;;;;;;;;;;;;;;;;;;;;;;;;;;;2;;98;;;;;;;;;;;;;;;;;;;;;;;;;;;;;;;;3;3;4;4;4;4;4;3;4;4;2;2;3;4;2;3;2;2;2;2;2;3;3;3;;;2;2;3;3;1;3;6;RETRAITÉ;2;6;1;;1;2;0;1;;2;2;0,78672314
33056;2;1;3;2;2;;1;1;4;2;2;1;2;1;2;2;2;2;2;2;2;2;2;2;2;1;AVOIR UN POLITICIEN EN LEQUEL JE CROIS;;;;;;;;;;;;;;;;;;;;;;;;1;1;1;;;;;;;;;;;;;;2;3;2;1;2;4;3;3;1;2;3;3;2;2;2;2;3;1;2;2;4;1;;1;1;1;;3;;5;;7;;;;;;;;;;;;;;3;;;;;;;;;;;;;;;;1;2;5;;;;;;;;;;;;;;;;;;;;;;;;;;;;;;;;2;2;1;1;4;4;4;4;4;4;2;3;3;2;3;4;2;3;2;3;2;9;4;4;2;2;1;2;1;3;2;2;7;;2;5;1;;1;2;2;1;;2;4;1,39463198
33057;2;8;3;3;4;;1;2;3;2;2;2;2;2;2;2;2;2;1;2;2;2;2;2;2;13;PAS DE TEMPS D'ATTENTE DEBOUT;;;;;;;;;;;;;;;;;;;;;;;;8;2;2;;;;;;;;;;;;;;1;4;4;1;3;3;2;3;2;3;2;2;2;2;2;2;2;2;2;2;2;1;;2;2;;;;;;;;;;;;;;;;;;;;;;;;;;;;;;;;;;;;;2;;2;;;;;;;;;;;;;;;;;;;;;;;;;;;;;;;;3;3;4;4;4;4;4;4;4;4;2;3;3;4;3;4;1;1;1;1;1;4;4;4;;;4;3;3;3;2;3;8;;1;5;1;;2;1;0;1;;2;1;0,46660507
33058;1;16;3;2;2;;1;4;1;;;;;;;;;;;;;;;;;;;;;;;;;;;;;;;;;1;1;1;1;1;1;1;1;1;1;1;1;1;;;;;;;;;;;;;1;10;9;1;2;2;2;2;1;2;4;4;4;1;5;4;1;5;1;1;1;1;2;;2;;;;;;;;;;;;;;;;;;;;;;;;;;;;;;;;;;;;;2;;98;;;;;;;;;;;;;;;;;;;;;;;;;;;;;;;;1;1;3;4;3;4;4;3;4;4;1;2;1;1;1;4;2;2;2;1;2;4;2;4;2;2;1;1;4;1;2;2;1;;2;6;1;;9;4;2;1;;2;4;1,08638453
33059;1;10;3;3;2;;1;4;4;;;;;;;;;;;;;;;;;;;;;;;;;;;;;;;;;1;1;1;1;1;1;1;1;1;1;1;1;2;1;;;;;;;;;;;;1;9;9;2;2;2;2;1;1;2;1;2;2;1;1;2;2;2;1;1;2;1;2;;2;;;;;;;;;;;;;;;;;;;;;;;;;;;;;;;;;;;;;1;1;1;;2;;3;;;;;;;;;;;;1;;;;;;;;;;;;;;;;2;2;4;4;4;4;4;4;4;4;1;1;1;1;1;1;2;1;2;2;2;1;2;1;2;2;2;1;1;1;1;7;1;;2;6;1;;1;2;1;1;;2;3;0,08323339
33060;1;11;3;3;4;;1;4;3;;;;;;;;;;;;;;;;;;;;;;;;;;;;;;;;;1;2;2;1;2;1;1;2;2;1;1;1;2;1;;3;;;;;;;;2;;1;8;8;1;2;3;2;2;5;2;2;2;2;2;2;4;2;3;2;2;4;1;2;;2;;;;;;;;;;;;;;;;;;;;;;;;;;;;;;;;;;;;;2;;1;;;;;;;;;;;;;;;;2;;;;;;;;;;;;;;;;4;2;2;1;3;4;3;1;3;3;2;2;2;2;2;2;2;2;2;2;2;2;3;2;;;2;2;2;2;2;5;8;;2;3;1;;1;3;0;1;;2;4;0,09497616
33061;1;11;3;3;3;;1;4;3;;;;;;;;;;;;;;;;;;;;;;;;;;;;;;;;;1;1;2;2;2;1;2;1;1;1;1;1;1;;;;;;;;;;;;;1;6;5;1;3;3;4;3;2;3;2;2;2;2;2;2;3;2;1;1;2;1;1;;2;;;;;;;;;;;;;;;;;;;;;;;;;;;;;;;;;;;;;1;1;1;;;;;;;;;;;;;;;;1;;;;;;;;;;;;;;;;2;2;4;2;4;4;4;4;4;4;1;3;2;4;2;2;2;2;2;2;2;4;2;2;;;2;1;3;3;1;3;8;;2;6;1;;2;2;0;1;;2;1;0,66582835
33062;1;6;1;1;2;;1;4;1;;;;;;;;;;;;;;;;;;;;;;;;;;;;;;;;;1;2;1;1;1;2;2;1;1;1;1;1;2;1;;;;;;;;;;;;1;9;9;1;1;2;1;1;1;2;2;1;2;2;2;1;1;2;1;2;1;1;1;;1;1;;2;;5;;;;;;;;;;;;;;;;2;;;;;;;;;;;;;;;;1;1;1;;;;;;;;;;;;;;;;2;;;;;;;;;;;;;;;;1;1;2;2;3;1;1;3;2;3;2;2;2;2;1;1;2;2;2;2;2;1;1;2;1;1;2;2;1;1;2;7;3;;1;4;1;;1;2;1;1;;2;4;0,45117819
33063;1;6;1;1;1;1;1;4;4;;;;;;;;;;;;;;;;;;;;;;;;;;;;;;;;;1;1;1;1;2;2;2;1;2;1;1;1;1;;;;;;;;;;;;;2;8;8;1;2;2;2;2;2;2;2;2;2;2;3;2;2;2;2;2;2;1;2;;2;;;;;;;;;;;;;;;;;;;;;;;;;;;;;;;;;;;;;2;;1;;;;;;;;;;;;;;;;1;;;;;;;;;;;;;;;;2;2;2;2;2;2;2;1;2;2;2;2;2;2;2;2;2;2;2;2;2;2;2;2;2;2;4;2;3;1;1;7;1;;2;6;2;;2;1;1;1;;2;6;0,50078893
33064;1;1;3;3;5;;1;4;1;;;;;;;;;;;;;;;;;;;;;;;;;;;;;;;;;1;1;1;2;2;1;2;1;2;1;1;1;1;;;;;;;;;;;;;1;8;10;1;2;3;2;1;4;2;4;3;5;2;2;3;1;2;1;1;3;1;2;;1;3;;;;;;;;;;;;;;;;;;;;3;;;;;;;;;;;;;;;;1;1;98;;;;;;;;;;;;;;;;;;;;;;;;;;;;;;;;2;1;3;3;4;4;3;9;4;4;1;3;1;3;4;4;1;1;2;2;2;2;9;3;;;1;3;4;3;1;5;6;;2;6;1;;1;2;0;1;;2;5;0,14460243
33065;1;11;3;3;6;;1;4;3;;;;;;;;;;;;;;;;;;;;;;;;;;;;;;;;;1;1;2;2;1;1;2;2;1;1;1;1;2;1;;;;;;;;;;;;2;7;7;2;2;3;2;2;2;3;2;2;2;3;2;1;2;1;1;2;2;1;2;;1;4;;;;;;;;;;;;;;;;;;;;3;;;;;;;;;;;;;;;;1;1;1;;;;;;;;;;;;;;;;2;;;;;;;;;;;;;;;;1;2;4;4;4;4;4;4;4;4;1;2;2;2;2;4;2;2;2;2;2;3;3;4;;;1;5;3;3;1;4;6;;2;6;1;;1;2;0;1;;2;2;0,18815424
33068;1;2;3;3;2;;1;4;2;;;;;;;;;;;;;;;;;;;;;;;;;;;;;;;;;1;1;2;2;2;2;2;2;2;1;1;1;1;;;;;;;;;;;;;1;10;8;1;1;1;2;2;2;1;2;1;1;2;2;4;3;2;2;1;1;1;2;;1;1;;3;;5;;6;;7;;;;;;;;;;;;4;;3;;5;;;;;;;;;;;;1;1;1;;2;;;;;;;;;;;;;;1;;2;;4;;;;;;;;;;;;3;2;2;1;1;2;1;2;1;1;2;3;2;1;2;1;2;2;1;2;1;1;2;2;2;2;2;1;3;1;2;9;4;;2;4;1;;1;4;3;1;;2;4;0,08943269
33069;2;5;3;2;2;;1;3;3;2;2;2;2;2;2;2;2;1;2;2;2;2;2;2;2;99;;;;;;;;;;;;;;;;;;;;;;;;;1;1;1;;;;;;;;;;;;;;2;4;4;1;2;3;1;2;2;2;3;2;1;3;2;4;2;1;2;2;2;1;;2;2;;;;;;;;;;;;;;;;;;;;;;;;;;;;;;;;;;;;;2;;1;;;;;;;;;;;;;;;;6;TANTE;;;;;;;;;;;;;;;2;2;4;2;4;3;3;4;2;4;2;3;2;2;3;3;1;1;1;2;1;4;9;1;2;1;2;4;2;3;1;3;1;;1;1;1;;2;1;0;1;;2;2;3,41816521
33070;1;2;3;3;2;;1;4;1;;;;;;;;;;;;;;;;;;;;;;;;;;;;;;;;;1;1;1;1;1;1;1;2;1;1;1;2;1;;;;;;;;;;;;;1;8;10;2;1;2;2;1;2;2;1;3;2;1;3;2;2;1;2;2;1;2;;;1;1;;;;;;;;;;;;;;;;;;;;1;;;;;;;;;;;;;;;;1;2;1;;;;;;;;;;;;;;;;2;;;;;;;;;;;;;;;;1;2;2;2;2;1;3;2;2;1;1;1;2;2;2;1;2;2;1;3;1;1;2;2;1;1;2;1;2;1;1;3;2;;1;3;1;;2;2;0;1;;2;1;0,30966517
33071;2;2;3;3;3;;1;1;4;2;1;2;1;1;2;2;2;1;2;2;2;2;2;2;2;6;PAR INTERNET;;;;;;;;;;;;;;;;;;;;;;;;1;1;1;;;;;;;;;;;;;;1;8;7;2;2;3;2;3;3;3;5;2;5;3;2;2;3;1;1;2;2;1;;2;2;;;;;;;;;;;;;;;;;;;;;;;;;;;;;;;;;;;;;2;;98;;;;;;;;;;;;;;;;;;;;;;;;;;;;;;;;3;3;3;4;4;4;4;4;1;4;1;3;1;1;1;4;1;1;1;2;1;4;4;4;;;2;2;3;3;2;4;1;;2;4;1;;2;1;0;1;;2;2;0,10781265
33072;1;8;3;3;4;;1;4;1;;;;;;;;;;;;;;;;;;;;;;;;;;;;;;;;;1;1;1;2;2;1;2;1;2;1;1;1;2;1;;;;;;;;;;;;1;8;8;1;2;2;2;4;3;2;4;3;4;2;3;3;2;3;2;1;2;1;2;;2;;;;;;;;;;;;;;;;;;;;;;;;;;;;;;;;;;;;;1;1;98;;;;;;;;;;;;;;;;;;;;;;;;;;;;;;;;2;2;2;3;4;3;4;4;4;3;1;2;1;3;1;2;1;1;2;2;2;3;2;2;;;4;2;3;3;1;3;1;;2;6;1;;1;2;2;1;;2;5;0,3695935
33073;2;7;3;2;2;;1;2;2;2;2;2;2;2;2;2;2;2;2;1;2;2;2;1;2;11;IF I HAD ENOUGH TIME TO VOTE, I WAS TO BUSY;;;;;;;;;;;;;;;;;;;;;;;;2;2;2;;;;;;;;;;;;;;2;7;6;2;2;2;2;2;2;2;2;2;2;2;2;2;2;2;2;2;2;1;;2;2;;;;;;;;;;;;;;;;;;;;;;;;;;;;;;;;;;;;;1;2;98;;;;;;;;;;;;;;;;;;;;;;;;;;;;;;;;2;2;4;4;4;4;3;4;4;4;2;2;3;3;2;2;2;2;2;2;2;2;2;2;2;2;2;2;2;1;2;3;1;;1;3;2;;2;1;0;1;;2;1;1,39463198
33075;1;11;3;3;4;;1;4;2;;;;;;;;;;;;;;;;;;;;;;;;;;;;;;;;;1;1;1;1;2;1;1;1;1;1;1;1;2;2;;;;;;;;;;;;1;8;8;2;1;2;2;2;2;2;3;3;3;2;3;3;1;3;1;1;4;1;2;;1;3;;4;;;;;;;;;;;;;;;;;;4;;5;;;;;;;;;;;;;;1;1;98;;;;;;;;;;;;;;;;;;;;;;;;;;;;;;;;2;2;4;2;2;4;4;4;2;4;1;1;1;1;1;2;1;1;1;1;1;2;1;2;;;1;2;3;3;2;7;1;;2;4;1;;2;2;0;1;;2;2;0,10674001
33076;1;15;1;1;2;;1;4;3;;;;;;;;;;;;;;;;;;;;;;;;;;;;;;;;;1;2;2;2;1;2;2;2;1;9;1;1;1;;;;;;;;;;;;;3;0;0;2;1;2;3;3;1;3;3;1;1;1;2;2;1;2;4;3;3;2;;;2;;;;;;;;;;;;;;;;;;;;;;;;;;;;;;;;;;;;;1;2;1;;;;;;;;;;;;;;;;1;;;;;;;;;;;;;;;;4;4;3;9;4;4;4;3;4;3;2;3;3;3;2;2;2;2;9;3;3;2;3;3;9;9;3;3;3;1;2;3;1;;1;1;1;;2;1;0;1;;1;2;1,67858315
33077;1;6;1;1;2;;1;4;1;;;;;;;;;;;;;;;;;;;;;;;;;;;;;;;;;1;1;1;2;2;1;1;1;2;1;1;1;2;4;;;;;;;;;;;;1;5;7;2;2;3;1;1;2;3;3;2;2;2;2;3;2;2;1;1;3;2;;;2;;;;;;;;;;;;;;;;;;;;;;;;;;;;;;;;;;;;;1;1;1;;2;;;;;;;;;;;;;;1;;4;;;;;;;;;;;;;;1;1;4;4;4;4;4;4;4;4;3;3;3;3;2;4;1;1;2;1;2;4;4;4;2;2;2;3;3;3;2;7;1;;1;6;2;;2;2;0;1;;2;2;0,45117819
33079;1;8;3;3;6;;1;4;1;;;;;;;;;;;;;;;;;;;;;;;;;;;;;;;;;1;1;2;2;2;1;1;1;1;1;1;1;2;3;;;;;;;;;;2;;1;8;9;2;2;4;1;1;3;3;3;3;2;2;3;3;2;1;1;1;1;1;2;;1;3;;;;;;;;;;;;;;;;;;;;3;;;;;;;;;;;;;;;;2;;1;;;;;;;;;;;;;;;;3;;;;;;;;;;;;;;;;1;2;2;2;4;2;4;3;3;4;1;2;1;3;1;4;1;1;2;1;1;3;3;3;;;1;1;4;1;2;5;6;;2;6;1;;2;1;0;1;;2;2;0,2021677
33080;2;8;3;3;4;;1;2;1;1;2;1;2;1;2;2;2;2;2;2;1;2;1;2;2;1;PLUS CONFIANCE AUX ÉLUS ET À UN PARTI MINIMUM;;;;;;;;;;;;;;;;;;;;;;;;2;2;2;;;;;;;;;;;;;;2;6;7;2;3;2;2;2;2;2;3;2;2;3;2;3;2;1;3;2;3;1;;1;2;;;;;;;;;;;;;;;;;;;;;;;;;;;;;;;;;;;;;1;2;98;;;;;;;;;;;;;;;;;;;;;;;;;;;;;;;;3;2;4;4;4;4;4;4;4;4;3;3;2;4;2;4;2;1;2;2;1;4;3;3;;;1;3;2;3;1;4;1;;2;4;1;;1;2;2;1;;2;4;0,27351153
33081;1;5;3;2;1;1;1;4;1;;;;;;;;;;;;;;;;;;;;;;;;;;;;;;;;;1;1;1;2;2;1;1;1;2;8;8;8;2;2;;;;;;;;;;;;1;7;7;1;2;3;2;3;3;2;4;4;2;3;2;3;2;2;1;2;4;1;2;;2;;;;;;;;;;;;;;;;;;;;;;;;;;;;;;;;;;;;;1;2;1;;;;;;;;;;;;;;;;1;;;;;;;;;;;;;;;;1;1;2;3;4;2;4;4;3;4;3;2;2;2;3;3;1;1;2;1;1;3;3;2;2;2;2;2;3;3;1;3;1;;1;1;1;;2;2;0;1;;2;1;1,20583975
33082;1;2;3;3;6;;1;4;1;;;;;;;;;;;;;;;;;;;;;;;;;;;;;;;;;1;1;2;2;2;2;1;1;2;1;1;1;2;1;;;;;;;;;;;;1;9;9;1;2;1;1;3;1;3;2;4;1;4;1;2;2;1;1;2;4;1;2;;1;3;;4;;;;;;;;;;;;;;;;;;4;;;;;;;;;;;;;;;;1;1;98;;;;;;;;;;;;;;;;;;;;;;;;;;;;;;;;2;2;4;4;4;4;3;4;4;4;1;3;3;4;4;4;3;3;2;4;2;4;4;4;;;4;4;4;3;2;3;6;;2;6;1;;1;2;0;1;;2;99;0,84531575
33083;1;5;3;2;1;1;1;4;2;;;;;;;;;;;;;;;;;;;;;;;;;;;;;;;;;1;1;1;2;1;1;1;1;2;2;2;1;2;1;;;;;;;;;;;;2;7;5;9;2;2;1;2;2;2;5;2;5;2;2;3;2;3;2;2;2;1;1;;1;1;;;;;;;;;;;;;;;;;;;;3;;4;;;;;;;;;;;;;;1;1;1;;2;;;;;;;;;;;;;;1;;2;;;;;;;;;;;;;;2;3;9;4;9;4;3;4;4;4;2;3;2;2;4;2;2;9;2;2;2;9;2;3;2;2;2;2;2;1;2;3;7;;2;3;1;;1;2;0;1;;2;2;1,29564881
33084;1;9;3;3;3;;1;4;4;;;;;;;;;;;;;;;;;;;;;;;;;;;;;;;;;1;1;1;2;2;1;1;2;2;2;2;2;1;;;;;;;;;;;;;2;2;2;2;3;3;5;5;5;3;5;4;5;5;5;5;5;5;5;5;5;2;;;2;;;;;;;;;;;;;;;;;;;;;;;;;;;;;;;;;;;;;2;;98;;;;;;;;;;;;;;;;;;;;;;;;;;;;;;;;4;3;9;3;9;9;9;2;3;3;1;3;2;2;3;9;3;4;4;9;9;9;9;9;;;5;5;4;9;2;5;1;;2;6;1;;1;3;1;1;;2;99;0,17110108
33090;1;16;1;1;1;1;1;4;1;;;;;;;;;;;;;;;;;;;;;;;;;;;;;;;;;1;2;2;1;2;1;1;1;2;8;8;1;1;;;;;;;;;;;;;1;6;9;2;2;1;1;1;1;3;3;2;4;2;2;3;2;2;1;1;1;1;1;;2;;;;;;;;;;;;;;;;;;;;;;;;;;;;;;;;;;;;;1;1;98;;;;;;;;;;;;;;;;;;;;;;;;;;;;;;;;2;3;4;3;4;4;4;4;4;4;1;2;1;3;3;4;1;2;1;2;1;2;3;2;2;2;4;4;3;3;1;9;1;;2;3;1;;1;2;0;1;;2;8;0,50078893
33091;1;11;3;3;6;;1;4;1;;;;;;;;;;;;;;;;;;;;;;;;;;;;;;;;;2;1;1;2;2;1;1;1;2;1;1;1;2;1;;;;;;;;;;;;1;7;5;1;2;2;1;1;1;1;2;1;2;2;3;3;2;1;3;1;1;1;2;;1;3;;;;;;;;;;;;;;;;;;;;3;;;;;;;;;;;;;;;;1;1;98;;;;;;;;;;;;;;;;;;;;;;;;;;;;;;;;1;2;4;4;2;4;4;2;4;4;1;3;3;1;4;4;1;1;2;1;1;4;3;4;;;1;4;1;3;1;6;6;;2;6;1;;1;2;0;1;;1;2;0,18815424
33092;1;11;3;3;5;;1;4;2;;;;;;;;;;;;;;;;;;;;;;;;;;;;;;;;;1;1;1;2;1;1;1;1;2;1;1;1;2;1;;;;;;;;;;;;1;8;8;1;2;2;1;1;1;1;1;1;1;1;1;1;1;1;1;1;1;1;2;;1;3;;;;;;;;;;;;;;;;;;;;3;;;;;;;;;;;;;;;;1;1;1;;;;;;;;;;;;;;;;2;;;;;;;;;;;;;;;;2;2;4;4;4;4;4;4;4;4;1;2;2;2;3;4;2;2;1;1;1;3;4;2;;;2;5;4;3;1;5;6;;2;6;1;;1;2;0;1;;2;3;0,14460243
33094;2;16;1;1;2;;1;1;2;2;2;1;2;2;2;2;2;2;1;1;2;2;2;2;2;0;HVJNFKN;;;;;;;;;;;;;;;;;;;;;;;;8;2;2;;;;;;;;;;;;;;2;7;7;2;1;4;2;1;3;3;2;2;3;2;2;5;4;3;3;3;3;2;;;2;;;;;;;;;;;;;;;;;;;;;;;;;;;;;;;;;;;;;1;2;2;;;;;;;;;;;;;;;;;;;;;;;;;;;;;;;;2;2;2;1;3;1;3;2;2;2;2;2;2;2;2;2;2;4;2;1;4;2;3;2;2;1;4;2;2;2;2;4;4;;3;3;1;;1;2;2;1;;1;6;0,51536065
33095;1;8;3;3;4;;1;4;1;;;;;;;;;;;;;;;;;;;;;;;;;;;;;;;;;1;1;2;2;2;1;1;1;1;1;1;1;1;;;;;;;;;;;;;1;9;10;1;3;2;2;2;3;3;4;3;2;3;3;4;3;2;1;1;1;1;1;;1;3;;;;;;;;;;;;;;;;;;;;3;;;;;;;;;;;;;;;;2;;98;;;;;;;;;;;;;;;;;;;;;;;;;;;;;;;;3;2;4;4;4;4;4;4;4;4;2;2;3;3;2;9;1;1;1;1;1;1;4;4;;;1;4;1;1;1;8;1;;2;5;1;;2;1;0;1;;2;5;0,09934163
33096;1;2;3;3;3;;1;4;1;;;;;;;;;;;;;;;;;;;;;;;;;;;;;;;;;1;1;1;2;2;1;1;1;2;1;1;2;2;1;;;;;;;;;;;;1;6;10;1;2;1;1;1;2;1;4;2;1;1;2;2;2;1;2;1;1;1;2;;2;;;;;;;;;;;;;;;;;;;;;;;;;;;;;;;;;;;;;2;;98;;;;;;;;;;;;;;;;;;;;;;;;;;;;;;;;2;3;3;4;3;3;4;3;3;4;1;1;1;1;3;3;2;2;2;2;3;1;2;2;;;4;3;3;3;1;3;1;;1;6;1;;1;2;0;1;;2;4;0,66582835
33097;1;2;3;3;3;;1;4;1;;;;;;;;;;;;;;;;;;;;;;;;;;;;;;;;;1;1;2;1;1;1;1;1;1;1;1;1;1;;;;;;;;;;;;;2;8;9;1;2;2;3;3;2;1;1;4;3;1;3;1;2;4;2;2;2;1;1;;1;2;;4;;;;;;;;;;;;;;;;;;2;;;;;;;;;;;;;;;;1;2;1;;;;;;;;;;;;;;;;2;;;;;;;;;;;;;;;;1;1;2;1;2;1;2;1;2;1;4;2;4;2;2;2;3;2;2;2;1;2;2;1;;;3;5;4;2;1;2;9;;1;1;1;;2;1;0;1;;1;3;0,66582835
33099;2;8;3;3;2;;1;1;1;1;1;1;1;1;2;2;1;2;2;2;2;2;2;2;2;99;;;;;;;;;;;;;;;;;;;;;;;;;9;9;9;;;;;;;;;;;;;;3;1;1;2;3;4;4;3;5;2;2;4;4;2;5;4;5;3;3;3;5;9;;;9;;;;;;;;;;;;;;;;;;;;;;;;;;;;;;;;;;;;;2;;5;;;;;;;;;;;;;;;;;;;;;;;;;;;;;;;;4;3;9;4;4;3;9;4;9;4;3;3;2;2;2;2;4;2;3;3;3;3;3;4;9;1;3;3;3;2;1;2;12;BLESSURE;1;8;98;;2;1;9;1;;8;4;1,04688501
33101;1;11;3;3;2;;1;4;1;;;;;;;;;;;;;;;;;;;;;;;;;;;;;;;;;1;2;1;1;2;1;2;1;2;1;1;8;1;;;;;;;;;;;;;1;8;9;1;2;3;2;1;3;4;3;3;2;3;1;3;2;2;1;2;4;1;2;;2;;;;;;;;;;;;;;;;;;;;;;;;;;;;;;;;;;;;;1;1;98;;;;;;;;;;;;;;;;;;;;;;;;;;;;;;;;3;1;4;9;4;4;4;4;4;4;3;1;1;4;2;4;1;1;1;2;2;9;3;1;1;2;1;3;4;3;2;7;1;;2;3;1;;1;2;0;1;;2;5;0,08943269
33102;1;2;3;3;1;1;1;4;3;;;;;;;;;;;;;;;;;;;;;;;;;;;;;;;;;1;1;1;2;2;1;2;1;2;1;1;1;2;8;SOEUR;;;;;;;;;;;1;7;10;2;2;2;2;2;2;2;2;2;2;2;5;5;5;2;2;2;5;2;;;2;;;;;;;;;;;;;;;;;;;;;;;;;;;;;;;;;;;;;2;;98;;;;;;;;;;;;;;;;;;;;;;;;;;;;;;;;4;3;3;2;2;4;4;4;4;4;4;4;4;3;4;4;1;2;2;2;2;1;4;4;1;1;2;1;1;3;2;6;3;;1;4;1;;2;1;0;1;;2;3;0,09490455
33103;2;6;1;1;1;1;1;3;2;1;1;2;1;2;1;1;1;1;2;1;2;2;2;2;2;11;JE TRAVELLER;;;;;;;;;;;;;;;;;;;;;;;;2;2;2;;;;;;;;;;;;;;2;7;7;2;2;2;1;3;3;1;3;1;2;1;1;1;2;2;1;2;2;1;;1;1;4;;;;;;;;;;;;;;;;;;;;3;;5;;;;;;;;;;;;;;1;1;2;;;;;;;;;;;;;;;;;;;;;;;;;;;;;;;;2;1;2;3;1;3;1;3;2;2;2;2;1;2;3;2;2;3;2;2;2;4;2;3;1;1;3;4;2;2;1;5;4;;1;3;1;;2;2;2;1;;1;3;1,96357691
33104;1;2;3;3;2;;1;4;3;;;;;;;;;;;;;;;;;;;;;;;;;;;;;;;;;1;1;1;1;1;1;1;1;1;1;1;1;2;1;;;;;;;;;;;;1;10;10;1;1;2;2;1;3;1;2;3;3;3;1;2;2;1;1;1;4;1;2;;1;1;;3;;5;;7;;8;;;;;;;;;;;;3;;;;;;;;;;;;;;;;2;;98;;;;;;;;;;;;;;;;;;;;;;;;;;;;;;;;1;1;1;1;1;4;4;1;4;1;1;1;1;1;1;1;1;1;1;1;1;1;1;1;1;1;1;1;1;3;1;7;1;;1;1;1;;1;2;0;1;;2;4;0,08323339
33105;1;11;3;3;5;;1;4;1;;;;;;;;;;;;;;;;;;;;;;;;;;;;;;;;;1;1;1;1;1;1;1;1;1;1;1;1;1;;;;;;;;;;;;;1;10;10;1;1;1;1;1;4;2;4;2;2;2;3;3;2;3;1;2;4;1;2;;1;3;;4;;5;;6;;;;;;;;;;;;;;4;;3;;2;;;;;;;;;;;;2;;98;;;;;;;;;;;;;;;;;;;;;;;;;;;;;;;;2;2;2;2;4;4;3;4;4;4;1;2;1;1;3;3;1;2;2;2;2;4;3;2;;;4;1;5;3;2;3;9;;1;3;1;;2;1;0;1;;2;1;0,64965117
33106;1;9;3;3;5;;1;4;1;;;;;;;;;;;;;;;;;;;;;;;;;;;;;;;;;1;1;1;1;2;1;1;1;1;1;1;1;2;1;;;;;;;;;;;;1;10;10;1;2;3;2;2;2;2;2;2;2;3;2;2;2;2;2;2;2;2;;;2;;;;;;;;;;;;;;;;;;;;;;;;;;;;;;;;;;;;;1;1;98;;;;;;;;;;;;;;;;;;;;;;;;;;;;;;;;3;3;3;3;3;4;4;4;4;4;3;3;3;3;3;3;2;2;2;2;2;3;3;3;;;3;2;3;1;2;4;1;;1;4;1;;1;2;0;1;;2;3;0,15537187
33107;1;17;3;2;2;;1;4;2;;;;;;;;;;;;;;;;;;;;;;;;;;;;;;;;;1;1;1;1;2;1;1;1;1;1;1;2;2;2;;;;;;;;;;;;1;9;9;1;2;2;2;2;1;3;2;2;1;2;1;2;3;3;1;1;4;1;2;;2;;;;;;;;;;;;;;;;;;;;;;;;;;;;;;;;;;;;;1;1;98;;;;;;;;;;;;;;;;;;;;;;;;;;;;;;;;3;1;4;4;4;4;4;1;4;4;1;2;3;4;1;2;2;2;2;1;1;3;2;2;2;2;1;4;3;3;1;3;1;;2;6;1;;2;3;0;1;;2;5;1,01107609
33108;1;12;2;2;1;1;1;4;2;;;;;;;;;;;;;;;;;;;;;;;;;;;;;;;;;1;1;1;1;1;1;1;1;1;1;1;1;1;;;;;;;;;;;;;1;8;8;1;2;3;3;2;2;2;2;3;3;2;2;3;2;4;2;1;1;1;2;;2;;;;;;;;;;;;;;;;;;;;;;;;;;;;;;;;;;;;;1;1;1;;;;;;;;;;;;;;;;2;;;;;;;;;;;;;;;;2;2;1;4;4;4;3;4;4;4;2;2;1;2;2;1;2;1;2;2;2;3;1;2;2;2;2;4;4;2;1;7;1;;2;3;1;;1;2;1;1;;2;2;0,32411322
33109;1;2;3;3;6;;1;4;1;;;;;;;;;;;;;;;;;;;;;;;;;;;;;;;;;1;1;1;2;2;1;2;1;1;1;1;1;2;1;;;;;;;;;;;;1;9;9;1;2;2;1;1;2;1;4;3;2;2;3;4;1;3;1;1;4;1;2;;1;2;;3;;4;;;;;;;;;;;;;;;;3;;4;;;;;;;;;;;;;;1;1;98;;;;;;;;;;;;;;;;;;;;;;;;;;;;;;;;2;2;4;4;4;4;4;4;4;4;1;1;3;3;1;4;1;1;1;1;1;1;4;1;;;4;1;4;3;1;7;6;;1;4;1;;1;2;0;1;;2;3;0,21145961
33110;1;2;3;3;6;;1;4;3;;;;;;;;;;;;;;;;;;;;;;;;;;;;;;;;;2;1;2;1;2;1;1;2;2;1;1;2;1;;;;;;;;;;;;;1;3;2;9;3;1;2;2;1;3;1;2;1;3;1;2;3;1;2;2;2;2;;;2;;;;;;;;;;;;;;;;;;;;;;;;;;;;;;;;;;;;;2;;2;;;;;;;;;;;;;;;;;;;;;;;;;;;;;;;;4;3;1;1;3;9;4;2;9;3;2;1;3;3;4;4;3;2;2;1;2;3;9;4;;;2;3;4;3;2;6;6;;1;3;1;;2;1;0;1;;2;1;0,2021677
33112;1;2;3;3;6;;1;4;3;;;;;;;;;;;;;;;;;;;;;;;;;;;;;;;;;1;2;2;1;2;1;1;1;1;1;1;1;1;;;;;;;;;;;;;1;4;4;2;3;3;1;5;1;2;1;1;1;5;1;1;5;1;1;1;4;2;;;2;;;;;;;;;;;;;;;;;;;;;;;;;;;;;;;;;;;;;1;1;98;;;;;;;;;;;;;;;;;;;;;;;;;;;;;;;;3;3;4;4;4;4;4;4;4;4;1;1;4;4;1;4;2;1;2;1;1;9;9;4;;;5;1;4;3;2;5;6;;2;6;1;;1;2;0;1;;2;2;0,2021677
33114;1;1;3;3;4;;1;4;2;;;;;;;;;;;;;;;;;;;;;;;;;;;;;;;;;1;1;1;2;2;1;1;1;2;1;1;1;1;;;;;;;;;;;;;1;9;8;1;2;3;1;1;2;2;4;3;2;3;2;3;3;2;1;2;3;2;;;1;3;;5;;;;;;;;;;;;;;;;;;1;;2;;;;;;;;;;;;;;1;1;98;;;;;;;;;;;;;;;;;;;;;;;;;;;;;;;;2;2;2;2;2;3;4;4;4;4;2;2;3;2;1;2;1;1;3;2;3;2;3;2;;;2;2;2;2;1;7;1;;2;6;1;;1;3;1;1;;2;8;0,09934163
33115;1;1;3;3;6;;1;4;3;;;;;;;;;;;;;;;;;;;;;;;;;;;;;;;;;1;1;1;1;1;1;1;1;1;1;1;1;1;;;;;;;;;;;;;1;10;10;2;1;2;1;1;4;3;4;4;4;1;2;2;2;3;1;1;3;1;1;;1;4;;;;;;;;;;;;;;;;;;;;8;MESSAGE ENREGISTRÉ;;;;;;;;;;;;;;;2;;98;;;;;;;;;;;;;;;;;;;;;;;;;;;;;;;;2;1;4;2;4;4;4;2;4;4;1;1;2;1;4;4;1;1;1;2;2;4;3;4;;;1;1;2;3;1;7;6;;1;6;1;;2;1;0;1;;2;3;0,21145961
33116;2;6;1;1;2;;1;1;2;1;1;2;1;1;2;1;1;1;1;2;2;1;1;2;1;1;THE CANADATES DON’T STAY TRUE TO THEIR WORD;;;;;;;;;;;;;;;;;;;;;;;;8;8;8;;;;;;;;;;;;;;2;5;4;1;3;3;1;4;1;4;1;1;1;4;1;1;4;1;4;4;4;2;;;1;3;;;;;;;;;;;;;;;;;;;;4;;;;;;;;;;;;;;;;1;2;98;;;;;;;;;;;;;;;;;;;;;;;;;;;;;;;;4;2;1;2;3;4;4;4;3;4;1;3;2;3;1;4;1;1;1;1;1;4;4;4;2;2;1;4;4;3;2;5;4;;3;4;2;;1;1;4;1;;2;3;0,51536065
33117;1;16;1;1;2;;1;4;2;;;;;;;;;;;;;;;;;;;;;;;;;;;;;;;;;1;1;1;2;1;1;1;1;2;1;1;1;2;1;;;;;;;;;;;;1;9;9;1;2;2;1;1;2;3;4;4;2;2;3;3;1;2;1;1;4;1;1;;2;;;;;;;;;;;;;;;;;;;;;;;;;;;;;;;;;;;;;1;1;1;;;;;;;;;;;;;;;;2;;;;;;;;;;;;;;;;3;2;3;4;4;4;4;4;1;4;3;4;1;2;4;4;1;1;3;2;1;4;1;4;2;2;4;1;4;2;1;7;1;;1;4;2;;1;1;1;3;3;2;3;0,41990462
33118;1;6;1;1;1;1;1;4;2;;;;;;;;;;;;;;;;;;;;;;;;;;;;;;;;;1;1;1;1;1;1;1;1;1;8;8;1;2;2;;;;;;;;;;;;1;7;7;1;2;9;2;5;2;4;3;2;1;3;1;3;3;5;1;2;1;2;;;2;;;;;;;;;;;;;;;;;;;;;;;;;;;;;;;;;;;;;1;1;1;;2;;;;;;;;;;;;;;1;;;;;;;;;;;;;;;;2;2;3;4;2;4;4;3;4;4;1;3;3;1;3;9;1;1;1;2;2;9;9;9;2;1;4;2;4;2;2;4;3;;3;6;2;;2;4;0;1;;2;4;0,47878304
33119;2;1;3;3;4;;1;1;2;1;2;2;1;1;2;2;2;2;2;1;2;2;1;2;2;97;BAISSE  D'IMPÔT;;;;;;;;;;;;;;;;;;;;;;;;9;9;1;;;;;;;;;;;;;;2;7;7;1;3;3;1;2;5;5;3;2;5;2;5;5;2;2;1;2;2;1;;1;2;;;;;;;;;;;;;;;;;;;;;;;;;;;;;;;;;;;;;1;1;1;;5;;;;;;;;;;;;;;1;;2;;3;;;;;;;;;;;;1;2;9;4;4;4;4;4;4;3;1;2;3;3;2;4;1;2;1;1;1;4;2;4;;;2;4;5;3;1;5;1;;2;6;1;;1;1;0;1;;2;5;0,27351153
33120;2;9;3;3;2;;1;3;3;2;2;2;2;2;2;1;2;2;2;1;2;2;1;2;2;11;PLUS DE CHOIX DANS LES JOURS ET/OU LES HEURES D'OUVERTURES;;;;;;;;;;;;;;;;;;;;;;;;1;2;1;;;;;;;;;;;;;;2;8;9;9;2;2;5;5;5;5;2;2;5;2;2;3;5;5;2;2;4;1;;2;2;;;;;;;;;;;;;;;;;;;;;;;;;;;;;;;;;;;;;1;2;98;;;;;;;;;;;;;;;;;;;;;;;;;;;;;;;;2;2;1;1;4;4;4;4;4;4;1;2;2;4;3;4;1;1;1;2;1;4;4;4;2;2;5;4;2;2;2;3;4;;2;4;1;;1;2;2;1;;2;5;0,4271372
33121;1;3;2;1;2;;1;4;3;;;;;;;;;;;;;;;;;;;;;;;;;;;;;;;;;1;1;1;1;1;1;1;1;1;1;1;1;1;;;;;;;;;;;;;1;0;0;1;2;3;2;2;5;2;4;2;2;2;2;2;2;2;1;1;2;1;1;;2;;;;;;;;;;;;;;;;;;;;;;;;;;;;;;;;;;;;;1;1;1;;2;;3;;;;;;;;;;;;1;;2;;4;;;;;;;;;;;;3;2;2;4;3;4;4;4;4;4;1;2;2;2;3;4;1;1;1;1;1;4;4;4;2;2;1;1;4;3;2;5;1;;2;3;1;;1;2;1;1;;2;4;0,40145314
33122;1;7;3;2;2;;1;4;4;;;;;;;;;;;;;;;;;;;;;;;;;;;;;;;;;1;1;2;2;2;1;1;2;2;1;1;2;2;3;;;;;;;;;;1;1;2;5;5;2;3;2;2;2;1;3;1;1;2;3;2;3;2;1;1;2;2;1;2;;2;;;;;;;;;;;;;;;;;;;;;;;;;;;;;;;;;;;;;2;;98;;;;;;;;;;;;;;;;;;;;;;;;;;;;;;;;3;3;4;4;4;4;4;4;4;4;3;2;2;3;1;4;1;1;1;2;2;4;4;4;2;2;1;2;2;3;2;6;3;;1;3;1;;2;1;1;1;;2;1;0,25982258
33123;1;6;1;1;2;;1;4;1;;;;;;;;;;;;;;;;;;;;;;;;;;;;;;;;;2;1;1;2;2;1;1;1;2;1;1;2;2;1;;3;;;;;;;;1;1;2;8;9;1;1;2;2;2;1;1;4;1;1;3;1;2;2;1;2;1;1;2;;;1;1;;2;;6;;;;;;;;;;;;;;;;3;;4;;;;;;;;;;;;;;1;1;1;;;;;;;;;;;;;;;;1;;2;;;;;;;;;;;;;;3;2;2;4;4;4;4;4;4;4;3;3;2;1;4;4;2;1;1;1;1;4;4;4;2;2;1;3;1;2;2;3;1;;1;3;1;;1;2;2;1;;2;3;1,67858315
33124;1;7;3;2;2;;1;4;4;;;;;;;;;;;;;;;;;;;;;;;;;;;;;;;;;1;1;2;2;1;1;1;1;2;1;1;1;2;4;;;;;;;;;;;;1;6;8;1;2;3;4;4;1;1;1;2;2;4;1;3;2;2;1;2;4;1;2;;2;;;;;;;;;;;;;;;;;;;;;;;;;;;;;;;;;;;;;2;;98;;;;;;;;;;;;;;;;;;;;;;;;;;;;;;;;2;2;2;3;4;4;4;4;4;4;3;3;3;3;4;3;1;1;2;1;1;4;2;2;2;2;1;1;4;3;1;2;1;;1;1;2;;2;1;0;1;;2;3;1,01107609
33125;2;3;2;1;2;;1;3;3;1;2;1;2;2;2;2;2;2;2;2;2;2;1;2;2;7;JAI EU UN ENFANT QUELQUES JOURS AVANT LE VOTE;;;;;;;;;;;;;;;;;;;;;;;;1;2;2;;;;;;;;;;;;;;2;3;7;1;2;3;2;2;5;5;3;2;5;3;2;3;2;3;3;2;5;1;;2;2;;;;;;;;;;;;;;;;;;;;;;;;;;;;;;;;;;;;;1;1;1;;;;;;;;;;;;;;;;2;;;;;;;;;;;;;;;;3;2;4;4;4;4;4;4;4;4;2;3;2;3;3;4;1;1;9;2;2;9;9;4;2;2;5;4;4;3;2;8;1;;2;4;1;;1;2;2;1;;2;4;0,57919556
33127;1;7;3;2;2;;1;4;1;;;;;;;;;;;;;;;;;;;;;;;;;;;;;;;;;1;1;1;1;2;1;2;1;2;1;1;1;2;1;;3;;;;;;;;1;2;1;7;7;1;2;2;2;4;1;1;2;1;2;2;2;3;2;2;2;1;4;2;;;2;;;;;;;;;;;;;;;;;;;;;;;;;;;;;;;;;;;;;1;1;98;;;;;;;;;;;;;;;;;;;;;;;;;;;;;;;;3;1;3;4;3;4;4;2;4;4;3;3;3;1;3;4;1;1;1;2;1;4;4;9;2;2;1;3;4;3;2;6;1;;2;5;2;;1;2;4;3;4;2;2;0,25982258
33128;1;16;1;2;2;;1;4;3;;;;;;;;;;;;;;;;;;;;;;;;;;;;;;;;;1;1;2;1;1;1;2;1;2;1;1;8;1;;;;;;;;;;;;;1;8;8;1;2;2;2;3;1;2;4;3;2;1;1;2;3;1;1;1;4;1;2;;2;;;;;;;;;;;;;;;;;;;;;;;;;;;;;;;;;;;;;2;;1;;2;;;;;;;;;;;;;;1;;4;;;;;;;;;;;;;;1;1;9;1;1;4;4;4;4;4;4;2;1;2;2;3;1;1;3;2;1;4;2;1;1;1;4;1;3;3;2;7;1;;2;1;2;;2;1;0;1;;2;3;0,29200417
33129;1;16;3;2;2;;1;4;1;;;;;;;;;;;;;;;;;;;;;;;;;;;;;;;;;1;1;1;2;2;1;1;1;2;2;2;1;1;;;;;;;;;;;;;2;8;8;1;2;2;2;2;3;1;3;3;2;3;2;3;2;3;2;2;3;1;2;;2;;;;;;;;;;;;;;;;;;;;;;;;;;;;;;;;;;;;;1;1;1;;2;;;;;;;;;;;;;;1;;4;;;;;;;;;;;;;;2;2;2;4;4;4;3;3;4;4;1;3;2;2;3;3;2;2;2;2;1;2;3;3;1;2;2;2;3;3;2;6;1;;2;5;1;;2;2;2;1;;2;5;0,25982258
33130;1;1;3;3;2;;1;4;4;;;;;;;;;;;;;;;;;;;;;;;;;;;;;;;;;1;2;2;1;2;1;1;2;1;8;9;9;2;1;;3;;;;;;;;1;1;2;1;7;9;3;9;2;5;5;2;2;2;5;5;2;3;5;5;1;5;4;2;;;2;;;;;;;;;;;;;;;;;;;;;;;;;;;;;;;;;;;;;1;1;1;;;;;;;;;;;;;;;;2;;;;;;;;;;;;;;;;3;3;4;3;4;9;4;4;4;4;3;3;2;1;2;4;2;2;2;2;2;4;4;4;2;2;4;4;4;3;2;4;1;;2;4;1;;1;2;3;1;;2;6;0,07957616
33131;2;2;3;3;4;;1;3;3;2;2;2;2;2;2;1;2;2;2;2;2;2;2;2;1;9;LE VOTE PAR ANTICIPATION LE 21 SEPTEMBRE IL Y AVAIT TROP D’ATTENTE POUR VOTER.....;13;;;;;;;;;;;;;;;;;;;;;;;1;1;1;;;;;;;;;;;;;;1;8;9;2;2;1;4;2;2;2;2;2;1;3;2;2;4;2;1;1;4;1;;2;9;;;;;;;;;;;;;;;;;;;;;;;;;;;;;;;;;;;;;1;1;98;;;;;;;;;;;;;;;;;;;;;;;;;;;;;;;;2;2;2;4;4;4;4;4;4;4;1;1;2;1;1;4;1;1;1;1;1;2;4;2;;;2;2;2;2;1;5;1;;2;5;1;;1;4;0;1;;2;8;0,27351153
33132;1;9;3;3;1;1;1;4;1;;;;;;;;;;;;;;;;;;;;;;;;;;;;;;;;;1;2;2;1;2;1;1;2;2;8;1;1;2;1;;3;;;;;;;;1;2;1;6;7;9;2;9;5;3;2;5;3;3;2;3;5;3;3;5;1;2;4;2;;;2;;;;;;;;;;;;;;;;;;;;;;;;;;;;;;;;;;;;;1;1;1;;3;;5;;;;;;;;;;;;1;;2;;;;;;;;;;;;;;2;2;2;2;4;4;4;4;4;4;3;3;3;3;3;4;2;2;9;2;1;9;4;9;2;2;2;3;4;3;2;5;1;;2;1;1;;1;2;1;1;;2;4;0,09490455
33135;2;6;1;1;2;;1;1;4;1;1;1;1;1;2;2;2;2;2;2;2;2;1;1;2;99;;;;;;;;;;;;;;;;;;;;;;;;;2;2;2;;;;;;;;;;;;;;2;1;1;1;3;4;5;5;5;5;5;5;5;5;5;5;5;5;5;5;5;2;;;2;;;;;;;;;;;;;;;;;;;;;;;;;;;;;;;;;;;;;1;2;98;;;;;;;;;;;;;;;;;;;;;;;;;;;;;;;;4;4;4;4;4;4;4;4;4;4;4;3;3;2;4;9;9;1;9;9;9;4;4;4;2;2;5;5;5;9;1;3;1;;3;9;99;;1;4;1;1;;2;99;5,28142452
33137;1;16;1;1;2;;1;4;3;;;;;;;;;;;;;;;;;;;;;;;;;;;;;;;;;1;1;1;1;1;1;1;1;1;1;1;2;2;1;;3;;;;;;;;1;2;1;8;10;2;2;4;2;2;3;1;3;3;2;4;3;2;3;1;1;1;2;2;;;2;;;;;;;;;;;;;;;;;;;;;;;;;;;;;;;;;;;;;1;1;98;;;;;;;;;;;;;;;;;;;;;;;;;;;;;;;;1;3;4;3;4;4;4;4;4;4;1;3;2;2;2;4;1;2;2;2;1;3;4;4;2;2;1;1;4;3;2;5;7;;1;3;1;;1;2;3;1;;2;2;0,40145314
33138;2;1;3;3;2;;1;3;3;1;2;2;2;1;2;2;2;2;2;2;2;2;1;1;2;99;;;;;;;;;;;;;;;;;;;;;;;;;1;1;1;;;;;;;;;;;;;;2;6;6;1;3;3;2;2;2;3;2;2;2;3;1;3;3;3;2;2;2;1;;2;2;;;;;;;;;;;;;;;;;;;;;;;;;;;;;;;;;;;;;1;2;98;;;;;;;;;;;;;;;;;;;;;;;;;;;;;;;;3;3;3;4;4;4;4;4;2;4;3;3;2;1;3;2;2;2;2;2;3;4;4;4;2;2;2;3;4;2;2;3;1;;2;4;1;;1;2;1;1;;2;4;0,4271372
33139;1;16;1;1;2;;1;4;1;;;;;;;;;;;;;;;;;;;;;;;;;;;;;;;;;1;1;1;2;2;1;1;1;2;2;2;1;2;1;;;;;;;;;;;;1;6;10;1;3;2;2;2;2;3;2;2;2;3;2;3;2;2;1;2;1;2;;;2;;;;;;;;;;;;;;;;;;;;;;;;;;;;;;;;;;;;;1;2;98;;;;;;;;;;;;;;;;;;;;;;;;;;;;;;;;2;2;4;4;4;4;4;4;4;4;2;2;1;2;4;4;1;1;2;1;1;9;3;3;2;2;3;3;3;3;2;8;1;;2;3;1;;1;3;1;3;4;2;7;0,45117819
33140;2;6;1;1;2;;1;1;1;1;1;1;1;1;1;1;1;2;1;2;2;2;2;2;1;1;HAVE BETTER CANDIDATES RUNNING;;;;;;;;;;;;;;;;;;;;;;;;2;1;2;;;;;;;;;;;;;;2;0;0;1;3;4;1;3;1;4;1;1;1;4;1;1;1;1;2;2;1;2;;;2;;;;;;;;;;;;;;;;;;;;;;;;;;;;;;;;;;;;;2;;99;;;;;;;;;;;;;;;;;;;;;;;;;;;;;;;;2;4;3;4;4;4;4;4;4;4;3;4;3;2;3;4;1;2;3;1;2;4;4;3;2;2;1;4;3;1;2;2;98;;1;2;1;;2;1;4;1;;2;1;2,1548593
33141;1;6;1;1;2;;1;4;1;;;;;;;;;;;;;;;;;;;;;;;;;;;;;;;;;1;1;1;1;1;1;2;1;2;1;1;2;1;;;;;;;;;;;;;1;4;6;1;3;2;1;2;3;2;3;3;3;2;2;3;2;2;1;1;2;1;2;;2;;;;;;;;;;;;;;;;;;;;;;;;;;;;;;;;;;;;;2;;98;;;;;;;;;;;;;;;;;;;;;;;;;;;;;;;;2;4;4;4;4;4;4;4;4;4;3;1;1;2;4;4;1;1;2;2;2;3;4;3;2;2;3;4;2;3;1;7;1;;1;5;1;;2;1;0;1;;2;2;0,41990462
33142;1;3;2;1;2;;1;4;2;;;;;;;;;;;;;;;;;;;;;;;;;;;;;;;;;1;1;1;2;2;1;1;1;2;1;1;1;2;1;;;;;;;;;;;;1;7;7;2;2;3;2;2;2;2;4;2;2;2;2;2;3;3;1;2;3;1;2;;2;;;;;;;;;;;;;;;;;;;;;;;;;;;;;;;;;;;;;1;1;1;;3;;;;;;;;;;;;;;1;;2;;;;;;;;;;;;;;3;3;2;4;4;4;4;4;4;4;2;3;3;2;3;4;1;1;3;1;2;3;9;3;1;2;2;3;4;2;1;5;1;;1;4;1;;1;2;2;1;;2;5;0,37362623
33143;1;6;1;1;1;1;1;4;3;;;;;;;;;;;;;;;;;;;;;;;;;;;;;;;;;1;2;2;1;1;1;1;1;1;1;2;1;2;1;;;;;;;;;;;;2;7;7;1;2;2;2;3;2;3;2;2;2;1;2;2;3;2;2;3;2;1;2;;1;1;;4;;;;;;;;;;;;;;;;;;3;;4;;;;;;;;;;;;;;1;1;1;;;;;;;;;;;;;;;;1;;2;;;;;;;;;;;;;;2;2;3;2;3;2;3;3;2;2;2;2;2;2;1;3;2;2;3;2;2;3;3;2;1;2;2;2;2;2;1;5;1;;1;4;2;;1;2;0;1;;2;3;0,44559637
33145;1;11;3;3;2;;1;4;3;;;;;;;;;;;;;;;;;;;;;;;;;;;;;;;;;2;1;1;1;2;1;1;1;1;1;1;1;2;1;;;;;;;;;;;;1;4;4;9;2;4;3;4;4;2;3;4;2;3;5;5;4;2;2;3;3;1;2;;1;2;;;;;;;;;;;;;;;;;;;;99;;;;;;;;;;;;;;;;1;1;99;;;;;;;;;;;;;;;;;;;;;;;;;;;;;;;;9;3;3;9;1;2;4;3;3;3;3;4;1;1;4;1;3;2;3;3;2;4;2;9;2;2;4;4;2;3;2;5;1;;2;6;2;;1;2;0;1;;2;99;0,07957616
33146;1;2;3;3;2;;1;4;1;;;;;;;;;;;;;;;;;;;;;;;;;;;;;;;;;1;1;1;2;1;1;1;1;1;1;1;1;9;;;;;;;;;;;;;1;7;7;1;1;3;3;3;1;5;2;1;1;4;2;4;4;1;1;5;4;1;2;;2;;;;;;;;;;;;;;;;;;;;;;;;;;;;;;;;;;;;;1;1;1;;2;;3;;;;;;;;;;;;2;;4;;;;;;;;;;;;;;3;2;2;2;1;4;4;4;4;4;3;3;3;1;3;4;2;1;2;9;2;4;4;4;2;2;5;2;5;2;2;3;1;;1;3;1;;1;2;0;1;;1;2;0,33272818
33147;2;13;1;1;1;1;1;2;4;1;1;1;1;2;2;2;1;2;2;2;2;2;2;2;2;99;;;;;;;;;;;;;;;;;;;;;;;;;2;1;2;;;;;;;;;;;;;;1;7;7;2;3;1;2;3;3;1;2;1;3;3;1;2;1;3;4;2;1;1;;2;1;2;;;;;;;;;;;;;;;;;;;;2;;;;;;;;;;;;;;;;1;2;1;;3;;;;;;;;;;;;;;1;;;;;;;;;;;;;;;;2;3;2;3;1;2;9;1;4;2;2;1;2;2;2;3;3;2;2;2;3;3;3;2;1;2;2;2;3;1;2;2;3;;3;3;1;;1;2;2;2;2;1;5;3,34982681
33148;1;8;3;3;2;;1;4;3;;;;;;;;;;;;;;;;;;;;;;;;;;;;;;;;;1;1;2;2;2;1;1;1;2;1;1;1;1;;;;;;;;;;;;;2;6;8;2;2;3;2;2;3;2;2;3;2;3;2;3;2;2;2;2;3;1;2;;1;3;;;;;;;;;;;;;;;;;;;;3;;;;;;;;;;;;;;;;1;1;98;;;;;;;;;;;;;;;;;;;;;;;;;;;;;;;;2;2;1;2;4;4;4;4;4;4;3;3;2;2;2;3;2;3;4;4;4;9;9;9;2;2;1;2;3;3;2;7;1;;2;5;1;;1;2;1;1;;2;7;0,08943269
33161;1;4;3;2;2;;1;4;2;;;;;;;;;;;;;;;;;;;;;;;;;;;;;;;;;1;1;1;2;1;1;2;1;1;1;1;1;2;2;;;;;;;;;;;;1;4;5;2;3;3;2;2;2;2;2;2;2;2;2;2;2;2;2;2;2;1;1;;2;;;;;;;;;;;;;;;;;;;;;;;;;;;;;;;;;;;;;1;1;1;;;;;;;;;;;;;;;;1;;;;;;;;;;;;;;;;3;2;4;4;4;4;4;4;4;4;4;2;4;2;4;9;9;9;9;9;9;9;9;9;2;2;5;5;5;9;1;5;2;;3;6;1;;2;3;0;1;;2;3;0,24181154
33171;1;6;1;1;1;1;1;4;4;;;;;;;;;;;;;;;;;;;;;;;;;;;;;;;;;1;1;1;2;1;1;1;1;2;2;1;2;1;;;;;;;;;;;;;1;3;4;1;2;1;3;3;3;3;2;3;2;2;3;3;4;2;4;3;3;1;2;;2;;;;;;;;;;;;;;;;;;;;;;;;;;;;;;;;;;;;;1;2;2;;4;;;;;;;;;;;;;;;;;;;;;;;;;;;;;;3;1;2;3;3;3;4;4;4;3;2;3;2;2;3;2;2;3;3;2;2;2;3;1;1;2;4;3;3;2;1;5;3;;1;3;1;;2;4;0;1;;2;4;0,44559637
33172;1;2;3;3;3;;1;4;1;;;;;;;;;;;;;;;;;;;;;;;;;;;;;;;;;1;1;1;1;2;1;2;1;1;1;1;1;1;;;;;;;;;;;;;1;8;8;1;2;2;3;3;3;3;3;3;3;3;3;3;3;3;3;3;3;1;2;;2;;;;;;;;;;;;;;;;;;;;;;;;;;;;;;;;;;;;;1;2;98;;;;;;;;;;;;;;;;;;;;;;;;;;;;;;;;2;2;3;1;1;4;4;4;4;4;3;3;2;2;2;4;2;2;2;2;2;2;4;4;;;4;3;2;3;1;7;1;;2;3;1;;1;2;1;1;;2;8;0,17896475
33176;2;16;1;1;2;;1;3;4;1;1;1;1;1;2;2;2;2;2;2;2;2;1;1;2;99;;;;;;;;;;;;;;;;;;;;;;;;;1;1;1;;;;;;;;;;;;;;1;1;1;2;3;3;2;2;2;1;2;1;1;4;1;2;5;2;1;2;3;2;;;2;;;;;;;;;;;;;;;;;;;;;;;;;;;;;;;;;;;;;2;;98;;;;;;;;;;;;;;;;;;;;;;;;;;;;;;;;2;4;4;1;4;4;4;4;4;4;3;4;3;1;3;4;2;1;2;1;1;4;4;4;2;2;1;3;3;2;1;4;1;;1;2;1;;2;2;0;1;;2;5;1,26311862
33244;1;5;3;2;2;;1;4;1;;;;;;;;;;;;;;;;;;;;;;;;;;;;;;;;;1;2;2;1;2;2;1;1;2;1;1;2;1;;;;;;;;;;;;;3;7;1;2;2;4;4;4;1;4;1;1;1;4;1;1;4;1;4;4;4;1;2;;2;;;;;;;;;;;;;;;;;;;;;;;;;;;;;;;;;;;;;1;1;98;;;;;;;;;;;;;;;;;;;;;;;;;;;;;;;;3;2;4;4;2;4;4;4;4;4;2;2;3;3;3;4;4;3;1;2;1;4;1;4;2;2;1;4;4;3;1;1;1;;1;3;1;;1;2;0;1;;2;98;1,01107609
33263;2;10;3;3;3;;1;1;4;1;1;1;1;2;2;2;2;2;2;2;2;2;1;1;1;99;;;;;;;;;;;;;;;;;;;;;;;;;2;2;2;;;;;;;;;;;;;;5;0;0;9;9;1;5;2;1;5;2;1;1;2;2;3;5;5;3;5;5;2;;;2;;;;;;;;;;;;;;;;;;;;;;;;;;;;;;;;;;;;;1;2;98;;;;;;;;;;;;;;;;;;;;;;;;;;;;;;;;4;3;9;4;4;4;4;4;4;4;2;4;1;1;3;4;1;9;9;1;1;4;4;4;;;1;4;4;3;2;2;99;;9;6;97;CREE;1;4;2;1;;1;99;0,45079193
33268;2;2;3;3;3;;1;1;3;2;2;2;2;2;2;1;2;2;2;2;2;2;2;1;2;99;;;;;;;;;;;;;;;;;;;;;;;;;1;1;1;;;;;;;;;;;;;;1;10;10;1;3;2;1;1;2;1;1;1;1;1;1;1;1;1;1;1;1;1;;2;1;3;;;;;;;;;;;;;;;;;;;;3;;;;;;;;;;;;;;;;1;1;1;;;;;;;;;;;;;;;;2;;;;;;;;;;;;;;;;3;2;3;4;4;4;4;4;4;4;2;2;3;3;2;4;2;4;1;3;2;4;4;2;;;2;4;3;2;1;5;1;;2;3;1;;1;2;2;1;;2;5;0,26424217
33289;2;8;3;3;5;;1;2;4;1;1;1;2;1;2;2;2;2;2;2;2;2;2;2;2;1;UN BON CHEF, AVEC DU CHARISME ET DES IDÉES CLAIRES ET SOLIDES POUR LE DÉVELOPPEMENT DU QUÉBEC, AU LIEU DE POLITICIENS QUI S'OBSTINENT SUR DES PÉCADILLES.;;;;;;;;;;;;;;;;;;;;;;;;1;1;1;;;;;;;;;;;;;;1;8;6;1;3;3;4;3;2;3;2;2;1;3;2;1;3;1;2;2;2;1;;2;2;;;;;;;;;;;;;;;;;;;;;;;;;;;;;;;;;;;;;2;;2;;;;;;;;;;;;;;;;;;;;;;;;;;;;;;;;1;3;4;2;4;4;4;4;4;4;1;3;3;3;2;3;1;1;1;1;1;3;2;2;;;2;4;4;3;2;3;1;;2;6;1;;2;1;0;1;;2;2;0,26712185
33302;2;2;3;3;2;;1;1;1;1;1;1;2;1;2;1;2;2;2;2;2;2;2;1;2;1;UN MEILLEUR CHOIX DES CANDIDATS;;;;;;;;;;;;;;;;;;;;;;;;1;9;9;;;;;;;;;;;;;;2;5;5;2;3;3;4;4;2;4;2;2;2;3;2;2;4;2;4;4;4;2;;;2;;;;;;;;;;;;;;;;;;;;;;;;;;;;;;;;;;;;;1;1;2;;;;;;;;;;;;;;;;;;;;;;;;;;;;;;;;4;3;4;4;4;4;4;4;4;4;3;3;3;3;3;4;2;4;2;2;2;4;4;4;1;2;1;4;3;2;2;5;1;;3;6;1;;2;3;0;1;;2;3;0,10215487
33308;2;6;1;1;1;1;1;2;4;2;1;2;1;2;2;1;2;1;2;2;2;2;2;1;1;12;IF I KNEW THAT THE PARTY THAT I VOTE FOR WOULD SURELY WIN.;;;;;;;;;;;;;;;;;;;;;;;;8;8;8;;;;;;;;;;;;;;2;7;5;9;2;2;2;2;2;2;3;2;4;2;2;2;2;2;1;2;3;1;;1;1;1;;;;;;;;;;;;;;;;;;;;5;;4;;3;;;;;;;;;;;;1;2;1;;2;;;;;;;;;;;;;;1;;;;;;;;;;;;;;;;1;2;4;4;4;4;4;4;4;4;4;3;3;3;4;3;3;3;2;2;2;3;3;3;2;2;2;2;3;2;2;4;3;;3;4;97;MANDARIN;2;3;0;3;5;2;3;0,80115086
33318;1;11;3;3;5;;1;4;1;;;;;;;;;;;;;;;;;;;;;;;;;;;;;;;;;1;1;2;2;2;1;2;1;2;1;1;1;2;1;;;;;;;;;;;;1;10;10;2;2;4;1;1;1;1;1;1;1;3;1;2;2;1;1;2;3;1;2;;1;3;;;;;;;;;;;;;;;;;;;;97;POUR TRAVAILLER AUX ÉLECTIONS;;;;;;;;;;;;;;;1;1;98;;;;;;;;;;;;;;;;;;;;;;;;;;;;;;;;2;2;4;4;4;4;4;4;4;4;2;3;4;4;3;4;1;1;1;1;1;4;4;4;;;1;3;4;3;2;1;6;;1;6;1;;1;1;0;1;;1;2;0,64965117
33322;2;7;3;2;2;;1;1;3;1;1;2;2;2;2;2;2;2;2;2;2;2;2;2;2;97;IF I HAD MY LIFE TOGETHER AND I CARED MORE ABOUT THE ELECTIONS;;;;;;;;;;;;;;;;;;;;;;;;2;2;2;;;;;;;;;;;;;;2;2;2;2;4;9;2;5;3;5;2;1;2;2;1;3;2;5;2;1;3;2;;;2;;;;;;;;;;;;;;;;;;;;;;;;;;;;;;;;;;;;;1;9;98;;;;;;;;;;;;;;;;;;;;;;;;;;;;;;;;3;4;4;4;4;4;4;4;4;4;3;2;3;2;4;4;1;1;2;2;2;4;4;4;2;2;5;4;4;3;1;7;2;;3;4;2;;2;2;0;3;3;2;3;0,91875303
33325;1;3;2;1;2;;1;4;1;;;;;;;;;;;;;;;;;;;;;;;;;;;;;;;;;1;1;1;2;2;1;1;1;2;1;2;8;2;1;;;;;;;;;;;;1;8;10;1;1;4;1;2;2;3;2;3;2;3;1;3;4;1;1;2;1;1;2;;2;;;;;;;;;;;;;;;;;;;;;;;;;;;;;;;;;;;;;1;1;1;;2;;;;;;;;;;;;;;2;;;;;;;;;;;;;;;;1;1;1;2;1;3;4;4;4;4;3;2;3;1;3;3;1;1;1;1;1;4;3;1;1;1;1;4;1;3;1;7;1;;1;3;1;;1;2;0;1;;2;3;0,41990462
33327;2;16;1;1;2;;1;1;3;2;2;2;2;2;1;1;1;2;2;2;1;1;2;2;2;99;;;;;;;;;;;;;;;;;;;;;;;;;1;1;9;;;;;;;;;;;;;;1;5;4;1;3;2;2;2;5;5;4;3;3;2;5;5;5;5;1;5;1;2;;;2;;;;;;;;;;;;;;;;;;;;;;;;;;;;;;;;;;;;;1;1;2;;;;;;;;;;;;;;;;;;;;;;;;;;;;;;;;4;3;4;4;4;4;4;4;4;4;2;4;2;2;4;9;2;9;9;9;9;9;9;9;2;2;5;5;4;3;1;2;99;;1;4;99;;2;1;0;1;;8;1;5,28142452
33330;1;16;3;2;1;1;1;4;1;;;;;;;;;;;;;;;;;;;;;;;;;;;;;;;;;2;1;1;2;2;1;1;1;2;1;1;1;1;;;;;;;;;;;;;1;9;7;1;1;1;2;1;2;3;3;3;4;1;2;2;1;3;2;1;3;1;1;;1;1;;3;;;;;;;;;;;;;;;;;;4;;5;;3;;;;;;;;;;;;1;1;1;;2;;3;;;;;;;;;;;;4;;;;;;;;;;;;;;;;1;2;2;3;1;2;3;2;3;1;2;1;1;2;1;1;2;2;1;3;2;2;1;2;1;2;1;2;1;1;1;5;1;;2;3;1;;2;1;0;1;;1;6;0,28839251
33331;1;2;3;3;6;;1;4;1;;;;;;;;;;;;;;;;;;;;;;;;;;;;;;;;;1;1;1;2;2;1;1;1;1;1;1;1;2;1;;;;;;;;;;;;1;8;10;1;2;2;1;1;2;3;3;3;2;2;2;1;3;3;1;1;3;1;2;;1;3;;4;;6;;;;;;;;;;;;;;;;97;POUR DES SONDAGES;;;;;;;;;;;;;;;1;1;98;;;;;;;;;;;;;;;;;;;;;;;;;;;;;;;;2;2;2;1;2;4;4;4;4;4;1;1;1;1;1;4;1;1;1;1;1;4;3;3;;;1;1;2;3;2;5;6;;2;5;1;;1;4;0;1;;2;6;0,2021677
33336;1;1;3;3;5;;1;4;1;;;;;;;;;;;;;;;;;;;;;;;;;;;;;;;;;1;1;1;1;1;1;1;1;1;1;1;1;2;1;;;;;;;;;;;;1;9;10;1;2;1;1;1;4;2;1;3;1;1;1;4;1;1;1;1;3;1;2;;2;;;;;;;;;;;;;;;;;;;;;;;;;;;;;;;;;;;;;1;1;1;;2;;5;;;;;;;;;;;;1;;2;;;;;;;;;;;;;;2;1;1;1;2;3;4;4;4;3;1;2;1;1;3;4;1;1;1;1;1;4;3;3;;;4;3;4;3;1;5;6;;2;6;1;;1;2;0;1;;2;2;0,14460243
33338;2;16;1;2;2;;1;2;3;1;2;1;2;1;2;1;2;2;2;2;2;2;1;2;1;99;;;;;;;;;;;;;;;;;;;;;;;;;2;2;2;;;;;;;;;;;;;;2;6;3;2;3;3;2;2;2;2;2;2;3;4;2;2;3;1;2;2;3;2;;;2;;;;;;;;;;;;;;;;;;;;;;;;;;;;;;;;;;;;;2;;1;;;;;;;;;;;;;;;;1;;;;;;;;;;;;;;;;2;2;2;4;4;4;4;4;4;4;2;2;2;2;2;4;1;2;1;2;1;4;4;4;2;2;2;3;4;2;2;7;1;;2;3;2;;1;1;1;3;5;2;5;0,37485752
33341;1;17;3;2;2;;1;4;1;;;;;;;;;;;;;;;;;;;;;;;;;;;;;;;;;1;1;1;1;1;1;1;1;1;1;1;1;2;1;;3;;;;;;;;1;1;1;9;9;1;1;2;1;1;1;1;1;2;1;1;1;1;1;1;1;1;1;2;;;2;;;;;;;;;;;;;;;;;;;;;;;;;;;;;;;;;;;;;1;1;98;;;;;;;;;;;;;;;;;;;;;;;;;;;;;;;;2;4;4;4;4;4;4;4;4;4;2;3;3;2;2;2;2;2;2;2;2;4;2;4;2;2;2;2;2;3;1;2;8;;2;5;1;;1;2;2;1;;2;4;1,01107609
33344;2;2;3;3;2;;1;2;4;1;2;1;2;1;2;1;2;2;1;2;2;2;1;2;2;3;ÊTRE PLUS INFORMÉ SUR LES CANDIDATS JAI MANQUER TOUT LEUR DISCOURS ET LE N'EST PAS RÉUSSIE À LES TROUVER SUR INTERNET  ALORS J'AI PRÉFÉRÉ NE PAS VOTÉ CAR J'IGNORAIS QUELLES CANDIDATS AVAIENT LE PLUS DE POTENTIEL  ET QUI CORRESPONDAIT LE PLUS À ME;;;;;;;;;;;;;;;;;;;;;;;;2;2;1;;;;;;;;;;;;;;1;1;0;2;3;4;4;2;2;1;1;1;1;4;1;5;3;2;2;5;4;2;;;1;3;;;;;;;;;;;;;;;;;;;;4;;3;;;;;;;;;;;;;;2;;98;;;;;;;;;;;;;;;;;;;;;;;;;;;;;;;;3;3;1;4;2;4;4;4;4;4;4;3;3;2;3;4;2;1;2;2;2;4;3;4;2;2;1;3;4;2;2;2;4;;1;3;1;;2;1;1;1;;1;2;0,4271372
33348;1;14;3;2;2;;1;4;1;;;;;;;;;;;;;;;;;;;;;;;;;;;;;;;;;1;1;1;2;2;1;1;1;1;1;2;2;1;;;;;;;;;;;;;1;10;10;1;1;3;1;3;3;1;2;2;3;2;3;4;1;2;1;2;4;1;1;;2;;;;;;;;;;;;;;;;;;;;;;;;;;;;;;;;;;;;;1;2;98;;;;;;;;;;;;;;;;;;;;;;;;;;;;;;;;3;2;3;1;1;4;4;4;4;4;2;1;2;1;3;3;1;1;2;2;1;9;2;4;9;2;2;1;3;3;2;3;7;;1;4;1;;1;2;3;1;;2;5;1,08638453
33361;2;13;1;1;2;;1;2;4;1;2;1;2;1;2;1;2;2;2;2;2;2;2;1;2;11;IF I WASNT ON AN OVERNIGHT SHIFT;;;;;;;;;;;;;;;;;;;;;;;;1;1;1;;;;;;;;;;;;;;2;2;1;1;4;2;3;2;2;5;2;1;2;3;1;2;2;2;2;2;3;2;;;2;;;;;;;;;;;;;;;;;;;;;;;;;;;;;;;;;;;;;1;1;98;;;;;;;;;;;;;;;;;;;;;;;;;;;;;;;;3;3;4;4;4;4;4;4;4;4;3;3;3;2;2;4;2;2;2;2;1;3;4;4;2;2;2;3;4;3;1;6;1;;3;6;2;;2;4;0;1;;2;6;1,26311862
33362;1;2;3;3;4;;1;4;4;;;;;;;;;;;;;;;;;;;;;;;;;;;;;;;;;1;1;2;2;1;1;1;1;2;1;1;2;1;;;;;;;;;;;;;1;6;6;9;3;1;2;1;2;2;4;2;3;1;1;1;1;1;1;1;1;1;2;;1;9;;;;;;;;;;;;;;;;;;;;3;;;;;;;;;;;;;;;;2;;1;;2;;;;;;;;;;;;;;1;;;;;;;;;;;;;;;;9;3;9;9;9;9;9;9;9;9;1;4;4;1;4;4;4;1;1;1;1;4;4;4;;;1;1;4;1;2;2;6;;1;2;1;;2;1;0;1;;2;1;0,39711922
33377;1;1;3;3;6;;1;4;1;;;;;;;;;;;;;;;;;;;;;;;;;;;;;;;;;1;1;1;1;2;1;1;1;2;1;1;2;1;;;;;;;;;;;;;1;10;10;1;2;3;1;2;5;2;3;2;2;2;2;3;5;1;1;1;1;1;2;;2;;;;;;;;;;;;;;;;;;;;;;;;;;;;;;;;;;;;;2;;98;;;;;;;;;;;;;;;;;;;;;;;;;;;;;;;;2;2;4;1;1;4;4;3;4;4;1;3;1;1;3;3;1;1;1;2;1;4;9;3;;;1;1;3;3;1;6;1;;1;6;1;;2;1;0;1;;2;2;0,18815424
33378;1;3;2;1;2;;1;4;3;;;;;;;;;;;;;;;;;;;;;;;;;;;;;;;;;1;1;2;2;1;1;1;1;2;1;1;1;1;;;;;;;;;;;;;1;4;2;1;3;3;1;2;3;2;5;3;1;4;1;3;5;2;1;2;4;2;;;2;;;;;;;;;;;;;;;;;;;;;;;;;;;;;;;;;;;;;1;1;1;;;;;;;;;;;;;;;;1;;2;;;;;;;;;;;;;;3;2;4;2;4;3;4;4;4;4;2;3;1;1;2;3;1;1;9;9;4;4;4;4;2;2;5;5;4;3;2;3;1;;2;3;1;;1;2;0;1;;2;99;1,67858315
33382;1;2;3;3;4;;1;4;2;;;;;;;;;;;;;;;;;;;;;;;;;;;;;;;;;1;1;1;1;1;1;2;1;1;1;1;1;2;1;;3;;;;;;;;2;;1;9;8;2;2;2;2;2;3;2;3;3;2;2;2;3;2;2;1;2;1;1;2;;1;1;;3;;6;;7;;8;;;;;;;;;;;;3;;1;;;;;;;;;;;;;;1;1;1;;;;;;;;;;;;;;;;2;;;;;;;;;;;;;;;;2;1;4;4;4;4;4;4;4;4;1;2;1;1;2;3;2;1;1;1;1;3;2;4;;;3;3;4;9;2;7;1;;2;5;1;;1;2;0;1;;2;4;0,10674001
33390;1;16;3;2;2;;1;4;1;;;;;;;;;;;;;;;;;;;;;;;;;;;;;;;;;1;1;1;1;1;1;1;1;1;1;1;1;2;2;;;;;;;;;;;;2;5;5;1;3;3;3;2;3;3;2;2;2;3;1;3;2;2;1;2;1;1;2;;2;;;;;;;;;;;;;;;;;;;;;;;;;;;;;;;;;;;;;1;1;98;;;;;;;;;;;;;;;;;;;;;;;;;;;;;;;;2;2;4;4;4;3;4;4;4;4;3;3;3;2;2;4;1;1;1;1;1;4;4;1;1;2;1;1;4;1;1;2;8;;1;1;1;;2;4;3;1;;2;1;1,01107609
33393;2;5;3;2;2;;1;1;1;2;1;2;2;1;2;2;2;2;2;2;2;2;2;2;2;0;RIEN DU TOUT.;;;;;;;;;;;;;;;;;;;;;;;;2;2;2;;;;;;;;;;;;;;4;9;1;1;1;4;5;1;1;5;4;4;1;4;2;2;4;2;4;4;4;1;;2;1;4;;8;;;;;;;;;;;;;;;;;;2;;3;;1;;;;;;;;;;;;2;;2;;3;;4;;5;;;;;;;;;;;;;;;;;;;;;;;;;;4;2;1;1;1;1;4;1;1;1;3;1;3;4;2;4;2;4;4;4;4;4;4;4;1;1;2;4;5;3;2;6;1;;1;2;1;;9;1;0;1;;2;1;0,3335439
33398;2;13;1;1;2;;1;1;3;2;1;2;1;2;2;1;2;1;2;2;2;1;1;2;2;97;OYI;;;;;;;;;;;;;;;;;;;;;;;;2;2;2;;;;;;;;;;;;;;2;8;8;1;3;3;2;3;2;4;2;1;3;3;2;2;3;4;3;2;3;2;;;2;;;;;;;;;;;;;;;;;;;;;;;;;;;;;;;;;;;;;2;;99;;;;;;;;;;;;;;;;;;;;;;;;;;;;;;;;2;2;3;4;2;2;9;2;3;2;4;1;3;2;2;4;3;1;3;4;3;9;4;3;9;2;4;4;4;2;3;1;99;;3;2;98;;1;1;0;1;;1;3;5,28142452
33411;1;8;3;3;3;;1;4;1;;;;;;;;;;;;;;;;;;;;;;;;;;;;;;;;;1;1;1;2;2;1;1;1;2;1;1;2;2;1;;;;;;;;;;;;1;10;10;1;2;1;2;1;2;2;3;3;3;2;2;3;2;3;1;2;3;1;2;;1;3;;4;;;;;;;;;;;;;;;;;;3;;;;;;;;;;;;;;;;1;1;98;;;;;;;;;;;;;;;;;;;;;;;;;;;;;;;;3;2;3;4;1;3;4;4;4;4;1;1;1;1;3;4;1;1;2;2;1;4;4;4;;;2;3;4;2;1;7;1;;2;6;1;;1;2;2;1;;2;4;0,17896475
33414;1;2;3;3;6;;1;4;1;;;;;;;;;;;;;;;;;;;;;;;;;;;;;;;;;1;2;1;1;2;1;2;1;2;1;1;1;2;2;;;;;;;;;;;;1;10;7;1;1;2;1;1;5;2;3;3;3;3;2;3;2;1;1;2;4;1;2;;1;2;;3;;4;;;;;;;;;;;;;;;;3;;4;;;;;;;;;;;;;;1;1;98;;;;;;;;;;;;;;;;;;;;;;;;;;;;;;;;1;1;9;1;9;4;4;2;9;4;1;1;1;4;4;1;1;1;2;2;2;2;2;1;;;5;3;2;3;2;6;6;;3;3;1;;3;3;0;1;;2;7;0,2021677
33416;2;6;1;1;2;;1;1;1;1;2;1;2;1;1;2;2;1;1;2;2;2;2;1;1;99;;;;;;;;;;;;;;;;;;;;;;;;;2;2;2;;;;;;;;;;;;;;2;0;0;2;4;2;1;1;1;1;1;1;1;3;1;3;3;1;2;1;4;2;;;2;;;;;;;;;;;;;;;;;;;;;;;;;;;;;;;;;;;;;1;2;98;;;;;;;;;;;;;;;;;;;;;;;;;;;;;;;;4;4;4;4;4;4;4;4;4;4;3;3;3;2;4;4;1;1;1;1;1;9;9;9;2;2;1;4;4;3;2;3;1;;1;2;1;;1;2;3;1;;2;2;2,1548593
33421;2;6;1;1;1;1;1;1;4;1;2;1;1;1;2;1;2;2;2;2;1;2;2;1;2;99;;;;;;;;;;;;;;;;;;;;;;;;;8;8;1;;;;;;;;;;;;;;1;4;7;1;3;2;2;5;1;2;4;2;2;3;1;3;1;1;1;1;3;2;;;1;9;;;;;;;;;;;;;;;;;;;;99;;;;;;;;;;;;;;;;1;1;1;;;;;;;;;;;;;;;;1;;;;;;;;;;;;;;;;3;3;2;2;4;4;4;4;4;4;3;3;2;1;3;3;1;2;3;1;2;4;1;1;2;2;1;1;1;2;2;3;1;;1;2;1;;2;3;0;1;;2;1;3,34982681
33427;2;8;3;3;5;;1;1;4;2;2;2;2;2;2;2;2;2;2;2;1;2;2;2;2;99;;;;;;;;;;;;;;;;;;;;;;;;;1;1;2;;;;;;;;;;;;;;2;9;9;1;1;1;2;2;2;2;2;2;2;3;3;3;3;2;2;2;2;2;;;2;;;;;;;;;;;;;;;;;;;;;;;;;;;;;;;;;;;;;1;1;1;;;;;;;;;;;;;;;;2;;;;;;;;;;;;;;;;2;2;3;4;4;4;3;4;4;4;3;4;4;4;3;4;2;2;1;2;2;4;3;1;;;2;3;4;3;2;2;5;;2;3;1;;1;2;0;1;;2;3;0,26712185
33431;1;1;3;3;3;;1;4;1;;;;;;;;;;;;;;;;;;;;;;;;;;;;;;;;;2;2;2;1;2;2;2;2;2;1;1;1;1;;;;;;;;;;;;;1;8;8;1;2;2;3;2;2;2;2;2;2;2;2;2;2;2;2;3;2;2;;;1;4;;;;;;;;;;;;;;;;;;;;4;;;;;;;;;;;;;;;;2;;1;;;;;;;;;;;;;;;;1;;;;;;;;;;;;;;;;2;3;2;2;2;2;3;3;2;2;2;2;2;2;2;3;2;2;3;3;2;3;2;3;;;2;2;2;2;2;6;1;;2;4;1;;2;1;0;1;;2;4;0,17110108
33441;1;1;3;3;5;;1;4;2;;;;;;;;;;;;;;;;;;;;;;;;;;;;;;;;;1;1;1;1;2;1;1;1;1;1;1;1;2;1;;;;;;;;;;;;1;8;8;1;2;2;2;2;3;2;2;2;3;2;2;4;3;2;1;2;3;1;2;;1;4;;6;;7;;;;;;;;;;;;;;;;5;;3;;4;;;;;;;;;;;;1;1;1;;5;;;;;;;;;;;;;;2;;3;;;;;;;;;;;;;;2;2;2;2;2;4;4;4;4;4;1;1;1;1;2;4;2;2;2;2;2;3;4;3;;;3;3;4;3;1;7;6;;2;6;1;;1;2;0;1;;2;5;0,16251326
33443;1;2;3;3;6;;1;4;4;;;;;;;;;;;;;;;;;;;;;;;;;;;;;;;;;1;1;2;2;2;1;2;1;2;1;1;1;2;1;;2;;;;;;;;;;1;10;10;2;1;2;2;2;3;2;4;4;3;2;3;3;2;2;1;1;4;1;2;;2;;;;;;;;;;;;;;;;;;;;;;;;;;;;;;;;;;;;;1;1;98;;;;;;;;;;;;;;;;;;;;;;;;;;;;;;;;3;1;4;2;4;4;4;4;4;4;2;1;1;3;2;4;1;1;2;1;1;4;4;4;;;2;2;4;3;1;7;6;;2;6;1;;1;2;0;1;;2;4;0,21145961
33452;1;6;1;1;2;;1;4;3;;;;;;;;;;;;;;;;;;;;;;;;;;;;;;;;;1;1;1;1;1;1;1;1;1;1;1;1;2;1;;3;;;;;;;;1;2;1;3;3;2;3;2;2;2;1;2;1;2;1;1;1;1;1;1;1;2;1;1;2;;1;3;;;;;;;;;;;;;;;;;;;;4;;;;;;;;;;;;;;;;1;1;1;;;;;;;;;;;;;;;;2;;;;;;;;;;;;;;;;3;3;4;4;4;4;4;4;4;4;3;2;3;3;3;2;2;2;2;2;2;2;2;2;2;2;2;3;3;3;2;7;1;;2;6;97;CANTONESE;1;2;2;3;5;2;8;0,45117819
33462;2;14;1;1;2;;1;3;4;1;2;2;2;2;2;1;2;2;2;1;2;2;2;1;2;3;IF I HAD MORE KNOWLEDGE ABOUT THE PARTIES AND CANDIDATES.;;;;;;;;;;;;;;;;;;;;;;;;1;1;1;;;;;;;;;;;;;;2;7;5;2;4;3;2;4;1;3;2;2;2;4;1;2;3;1;2;3;4;2;;;2;;;;;;;;;;;;;;;;;;;;;;;;;;;;;;;;;;;;;2;;98;;;;;;;;;;;;;;;;;;;;;;;;;;;;;;;;3;3;4;4;4;4;4;4;4;4;3;2;3;2;3;4;1;1;1;1;1;4;4;4;2;2;1;2;4;2;1;5;1;;1;4;1;;2;1;0;1;;2;2;1,26311862
33467;1;1;3;3;4;;1;4;1;;;;;;;;;;;;;;;;;;;;;;;;;;;;;;;;;1;1;1;2;2;1;1;1;2;1;1;1;2;1;;3;;;;;;;;1;1;1;10;10;1;1;4;1;2;2;2;4;2;2;3;1;4;2;2;1;1;4;1;2;;1;3;;4;;6;;;;;;;;;;;;;;;;3;;;;;;;;;;;;;;;;1;1;98;;;;;;;;;;;;;;;;;;;;;;;;;;;;;;;;1;1;1;2;1;2;3;2;4;2;1;2;2;2;1;9;2;1;1;1;9;9;2;3;;;1;1;1;3;1;5;1;;1;5;1;;1;2;2;1;;2;4;0,08839304
33473;1;2;3;3;5;;1;4;1;;;;;;;;;;;;;;;;;;;;;;;;;;;;;;;;;1;1;1;2;2;1;2;1;2;1;1;1;2;1;;;;;;;;;;;;1;9;9;1;2;1;2;1;3;3;3;2;3;2;3;3;2;3;1;1;1;1;2;;1;4;;;;;;;;;;;;;;;;;;;;3;;;;;;;;;;;;;;;;2;;98;;;;;;;;;;;;;;;;;;;;;;;;;;;;;;;;2;1;2;3;4;4;4;3;4;4;1;1;2;4;2;4;1;1;2;2;2;3;9;1;;;1;4;5;3;2;3;6;;2;6;1;;1;1;0;1;;2;4;0,64965117
33482;1;11;3;3;6;;1;4;1;;;;;;;;;;;;;;;;;;;;;;;;;;;;;;;;;1;1;1;2;2;1;1;1;2;1;1;1;1;;;;;;;;;;;;;1;8;8;1;2;2;1;2;3;2;4;2;3;3;1;3;2;1;1;2;4;1;2;;2;;;;;;;;;;;;;;;;;;;;;;;;;;;;;;;;;;;;;2;;98;;;;;;;;;;;;;;;;;;;;;;;;;;;;;;;;1;1;3;1;2;2;4;3;2;4;2;1;1;3;3;4;2;1;2;2;1;4;3;1;;;2;2;3;3;2;7;6;;1;5;1;;2;1;0;1;;2;3;0,22720873
33485;1;2;3;3;4;;1;4;1;;;;;;;;;;;;;;;;;;;;;;;;;;;;;;;;;1;1;1;1;2;1;2;1;2;1;1;2;2;4;;;;;;;;;;;;1;8;8;1;2;2;2;2;3;2;3;4;2;2;2;4;2;4;2;2;2;1;2;;2;;;;;;;;;;;;;;;;;;;;;;;;;;;;;;;;;;;;;1;1;98;;;;;;;;;;;;;;;;;;;;;;;;;;;;;;;;2;1;1;2;2;4;4;4;4;4;1;1;1;1;1;3;2;1;2;1;1;9;4;4;;;4;4;3;3;2;7;1;;2;3;1;;1;2;0;1;;2;7;0,10674001
33514;1;16;3;2;2;;1;4;4;;;;;;;;;;;;;;;;;;;;;;;;;;;;;;;;;1;2;2;1;2;1;2;1;1;1;1;1;2;1;;3;;;;;;;;1;2;1;4;4;2;2;3;3;2;2;3;4;3;2;3;2;2;3;1;1;2;1;2;;;2;;;;;;;;;;;;;;;;;;;;;;;;;;;;;;;;;;;;;1;1;1;;2;;;;;;;;;;;;;;2;;;;;;;;;;;;;;;;4;2;2;2;4;2;4;4;4;4;2;4;4;2;2;4;2;2;2;3;2;3;4;4;1;1;1;1;4;3;2;8;7;;2;4;1;;1;2;3;1;;2;5;0,29200417
33519;1;16;3;2;2;;1;4;1;;;;;;;;;;;;;;;;;;;;;;;;;;;;;;;;;1;1;1;1;2;1;1;1;2;1;1;1;2;1;;;;;;;;;;;;1;6;6;2;3;3;2;3;3;3;2;3;2;4;2;3;3;2;1;2;4;2;;;2;;;;;;;;;;;;;;;;;;;;;;;;;;;;;;;;;;;;;1;1;98;;;;;;;;;;;;;;;;;;;;;;;;;;;;;;;;3;3;4;3;4;4;4;4;4;4;2;2;2;2;2;4;2;2;3;2;2;4;4;4;2;2;2;3;4;3;2;7;1;;2;5;1;;1;2;2;1;;2;7;0,29200417
33535;2;2;3;3;4;;1;3;4;2;2;2;1;1;2;2;2;2;2;2;2;2;2;2;2;99;;;;;;;;;;;;;;;;;;;;;;;;;1;2;2;;;;;;;;;;;;;;1;8;7;1;2;2;2;2;2;3;2;3;2;3;3;4;2;2;2;2;2;1;;2;2;;;;;;;;;;;;;;;;;;;;;;;;;;;;;;;;;;;;;2;;2;;5;;;;;;;;;;;;;;;;;;;;;;;;;;;;;;2;2;4;4;4;4;4;4;4;4;2;3;1;3;3;4;1;1;2;1;1;4;4;4;;;2;3;3;3;1;3;2;;1;4;1;;2;1;0;1;;2;1;1,14362192
33537;1;1;3;3;3;;1;4;1;;;;;;;;;;;;;;;;;;;;;;;;;;;;;;;;;1;2;2;1;1;1;2;1;2;1;1;2;1;;;;;;;;;;;;;1;2;5;2;3;2;3;3;2;2;2;1;2;3;1;2;3;1;1;2;3;1;2;;2;;;;;;;;;;;;;;;;;;;;;;;;;;;;;;;;;;;;;2;;98;;;;;;;;;;;;;;;;;;;;;;;;;;;;;;;;3;3;4;4;4;4;4;4;4;4;3;3;3;4;3;4;1;1;2;2;1;4;4;2;;;1;3;4;3;2;5;1;;1;4;1;;2;1;0;1;;2;3;0,17110108
33540;1;9;3;3;3;;1;4;1;;;;;;;;;;;;;;;;;;;;;;;;;;;;;;;;;1;1;2;1;2;1;1;2;2;1;1;1;2;1;;;;;;;;;;;;1;6;6;2;3;2;2;5;5;5;5;5;5;4;2;2;3;2;1;2;4;2;;;1;3;;4;;;;;;;;;;;;;;;;;;3;;;;;;;;;;;;;;;;1;1;98;;;;;;;;;;;;;;;;;;;;;;;;;;;;;;;;3;3;3;3;4;4;4;4;4;4;2;3;2;2;2;4;2;2;2;2;2;4;4;4;;;3;2;5;3;2;5;1;;2;6;1;;1;2;3;1;;2;99;0,17110108
33545;2;15;1;2;2;;1;1;1;2;2;2;2;1;2;2;2;2;2;2;2;2;2;2;2;99;;;;;;;;;;;;;;;;;;;;;;;;;2;2;2;;;;;;;;;;;;;;5;0;0;2;3;9;5;5;5;5;5;1;5;2;5;2;5;5;2;5;4;2;;;2;;;;;;;;;;;;;;;;;;;;;;;;;;;;;;;;;;;;;2;;98;;;;;;;;;;;;;;;;;;;;;;;;;;;;;;;;9;4;4;4;4;4;4;4;4;4;4;4;3;4;4;4;1;1;9;1;9;9;4;1;2;2;5;2;5;3;2;7;1;;2;5;1;;2;1;0;1;;2;99;0,37485752
33546;2;1;3;3;5;;1;1;1;2;1;1;2;1;2;2;2;2;2;2;2;2;2;2;2;1;D'AUTRES CANDIDATS PLUS CRÉDIBLES;;;;;;;;;;;;;;;;;;;;;;;;1;1;2;;;;;;;;;;;;;;1;0;0;2;3;3;2;2;2;2;1;1;1;3;1;1;2;1;1;2;3;1;;2;1;3;;4;;;;;;;;;;;;;;;;;;4;;;;;;;;;;;;;;;;1;1;1;;;;;;;;;;;;;;;;2;;;;;;;;;;;;;;;;3;3;4;4;4;4;4;4;4;4;1;1;4;4;1;4;1;1;1;1;1;9;4;4;;;3;3;3;3;2;7;6;;2;6;1;;1;2;0;1;;2;3;0,07179871
33562;1;7;3;2;1;1;1;4;1;;;;;;;;;;;;;;;;;;;;;;;;;;;;;;;;;1;1;1;2;2;1;2;1;2;8;8;8;1;;;;;;;;;;;;;1;8;9;1;2;1;1;2;2;4;4;1;4;1;1;4;2;1;1;1;1;1;2;;1;2;;;;;;;;;;;;;;;;;;;;4;;;;;;;;;;;;;;;;1;2;4;;;;;;;;;;;;;;;;;;;;;;;;;;;;;;;;1;1;1;2;4;4;4;4;4;4;3;3;1;1;3;4;1;1;1;1;1;4;2;4;2;1;4;1;4;3;2;3;3;;1;5;2;;2;2;2;3;4;2;4;1,29564881
33569;1;6;1;1;2;;1;4;4;;;;;;;;;;;;;;;;;;;;;;;;;;;;;;;;;1;1;1;1;1;1;1;1;1;1;1;1;1;;;;;;;;;;;;;1;10;10;1;1;1;1;1;1;1;2;1;1;1;1;1;1;1;1;1;1;1;1;;1;1;;;;;;;;;;;;;;;;;;;;4;;3;;2;;;;;;;;;;;;1;1;1;;2;;;;;;;;;;;;;;4;;;;;;;;;;;;;;;;1;1;2;2;2;2;2;2;2;2;1;1;1;1;1;1;1;1;1;1;1;1;1;1;1;1;1;1;1;1;1;4;5;;2;6;2;;2;2;1;1;;2;1;0,37362623
33571;1;16;1;2;2;;1;4;1;;;;;;;;;;;;;;;;;;;;;;;;;;;;;;;;;1;1;1;2;1;1;1;1;2;1;1;1;2;1;;;;;;;;;;;;1;9;10;1;1;1;1;2;4;1;4;4;4;2;3;4;1;4;1;1;3;1;2;;2;;;;;;;;;;;;;;;;;;;;;;;;;;;;;;;;;;;;;1;1;1;;2;;;;;;;;;;;;;;2;;4;;;;;;;;;;;;;;3;1;3;2;3;4;4;4;3;4;1;1;1;1;1;3;1;1;2;1;1;3;4;3;1;2;3;2;3;1;2;5;1;;2;3;1;;1;2;1;1;;2;4;0,25982258
33573;1;16;1;2;2;;1;4;2;;;;;;;;;;;;;;;;;;;;;;;;;;;;;;;;;1;1;2;1;1;1;1;1;2;1;1;8;1;;;;;;;;;;;;;1;7;6;1;2;2;2;4;2;2;4;2;4;2;1;4;3;1;1;1;3;2;;;2;;;;;;;;;;;;;;;;;;;;;;;;;;;;;;;;;;;;;2;;1;;2;;;;;;;;;;;;;;1;;4;;;;;;;;;;;;;;1;1;4;3;2;4;4;4;4;4;4;2;2;1;3;3;1;1;3;2;1;3;2;2;1;1;4;2;4;3;2;7;1;;2;1;2;;2;1;0;1;;2;3;0,29200417
33601;1;6;1;1;2;;1;4;2;;;;;;;;;;;;;;;;;;;;;;;;;;;;;;;;;2;2;1;2;2;2;2;1;1;1;1;1;1;;;;;;;;;;;;;2;8;8;2;2;3;3;2;1;3;1;2;1;3;1;3;4;1;3;2;3;1;2;;2;;;;;;;;;;;;;;;;;;;;;;;;;;;;;;;;;;;;;1;1;98;;;;;;;;;;;;;;;;;;;;;;;;;;;;;;;;2;2;3;4;3;3;4;4;3;4;2;2;3;3;2;4;2;2;1;2;1;4;3;4;2;2;1;3;2;3;1;7;1;;2;5;1;;1;2;2;1;;2;6;0,41990462
33606;1;2;3;3;6;;1;4;2;;;;;;;;;;;;;;;;;;;;;;;;;;;;;;;;;1;1;1;2;2;1;1;1;2;1;1;1;1;;;;;;;;;;;;;1;10;10;1;2;2;1;1;4;1;2;2;2;5;2;4;1;2;1;1;1;1;2;;1;4;;;;;;;;;;;;;;;;;;;;3;;;;;;;;;;;;;;;;2;;98;;;;;;;;;;;;;;;;;;;;;;;;;;;;;;;;2;1;4;4;4;4;4;4;4;4;1;3;3;4;2;4;1;1;1;1;1;4;4;4;;;5;3;4;3;2;8;6;;1;6;1;;2;1;0;1;;2;1;0,22720873
33616;1;2;3;3;6;;1;4;1;;;;;;;;;;;;;;;;;;;;;;;;;;;;;;;;;1;1;1;2;2;1;1;1;2;1;1;1;2;1;;;;;;;;;;;;1;5;7;9;2;2;2;2;2;2;2;2;1;2;1;2;1;1;1;2;3;1;2;;1;3;;;;;;;;;;;;;;;;;;;;3;;;;;;;;;;;;;;;;1;1;1;;;;;;;;;;;;;;;;2;;;;;;;;;;;;;;;;2;2;4;4;4;4;4;4;4;4;1;3;3;4;3;4;2;1;1;2;2;4;4;4;;;3;2;4;3;1;1;6;;1;3;1;;1;2;0;1;;2;99;0,78672314
33619;2;12;3;2;2;;1;3;3;2;1;1;2;1;2;2;2;2;2;2;2;2;2;2;2;99;;;;;;;;;;;;;;;;;;;;;;;;;1;1;1;;;;;;;;;;;;;;2;5;6;2;2;3;2;2;1;3;1;3;1;3;1;3;3;2;2;2;5;1;;2;2;;;;;;;;;;;;;;;;;;;;;;;;;;;;;;;;;;;;;1;1;98;;;;;;;;;;;;;;;;;;;;;;;;;;;;;;;;2;2;2;2;4;4;4;4;4;4;3;2;2;2;2;4;1;2;1;2;2;4;3;3;2;2;2;3;4;3;2;5;1;;2;4;1;;1;2;2;1;;2;4;0,3335439
33625;1;3;2;1;2;;1;4;4;;;;;;;;;;;;;;;;;;;;;;;;;;;;;;;;;1;2;1;1;2;1;1;2;2;1;1;1;1;;;;;;;;;;;;;1;8;6;2;2;3;2;3;2;3;2;2;2;3;2;3;3;2;1;1;4;2;;;2;;;;;;;;;;;;;;;;;;;;;;;;;;;;;;;;;;;;;2;;98;;;;;;;;;;;;;;;;;;;;;;;;;;;;;;;;2;1;2;4;3;4;4;2;4;4;1;3;1;2;2;2;1;1;2;2;2;9;3;9;2;2;1;2;4;3;2;5;1;;1;2;1;;2;1;0;1;;2;3;0,40145314
33628;1;16;3;2;1;1;1;4;1;;;;;;;;;;;;;;;;;;;;;;;;;;;;;;;;;2;2;2;1;2;1;1;1;2;2;1;1;1;;;;;;;;;;;;;3;7;8;2;2;2;3;2;2;1;2;2;3;4;2;2;3;3;4;5;1;2;;;2;;;;;;;;;;;;;;;;;;;;;;;;;;;;;;;;;;;;;1;1;2;;;;;;;;;;;;;;;;;;;;;;;;;;;;;;;;2;2;2;4;3;3;4;2;3;3;3;3;3;2;2;2;3;2;2;3;3;1;2;2;2;2;1;2;2;2;2;5;1;;2;3;2;;1;2;0;1;;2;6;0,30987042
33676;1;17;3;2;2;;1;4;1;;;;;;;;;;;;;;;;;;;;;;;;;;;;;;;;;1;1;1;1;2;1;1;1;1;1;1;2;2;1;;;;;;;;;;;;1;8;8;1;2;2;1;2;1;3;2;1;2;2;1;2;3;1;2;1;2;1;2;;2;;;;;;;;;;;;;;;;;;;;;;;;;;;;;;;;;;;;;1;1;98;;;;;;;;;;;;;;;;;;;;;;;;;;;;;;;;4;2;4;4;4;4;4;4;4;4;3;1;3;2;2;3;2;1;1;2;2;3;2;3;2;2;1;2;4;3;1;3;1;;2;4;1;;1;2;2;1;;2;5;1,01107609
33689;1;6;1;1;1;1;1;4;1;;;;;;;;;;;;;;;;;;;;;;;;;;;;;;;;;1;1;1;1;1;1;1;1;1;2;1;1;2;2;;;;;;;;;;;;1;5;4;2;3;2;2;2;5;2;2;1;2;3;2;3;2;1;1;1;2;1;2;;2;;;;;;;;;;;;;;;;;;;;;;;;;;;;;;;;;;;;;1;1;1;;;;;;;;;;;;;;;;1;;;;;;;;;;;;;;;;2;2;3;2;4;4;4;4;4;4;2;3;2;2;3;4;2;2;2;2;2;4;4;9;1;2;4;2;3;1;2;7;3;;3;6;2;;1;3;0;1;;2;8;0,53808683
33693;1;1;3;3;4;;1;4;3;;;;;;;;;;;;;;;;;;;;;;;;;;;;;;;;;1;1;1;2;2;1;2;1;2;1;1;1;2;1;;3;;;;;;;;1;1;1;9;9;1;2;2;2;2;4;2;4;4;4;2;3;3;2;3;1;1;2;1;2;;2;;;;;;;;;;;;;;;;;;;;;;;;;;;;;;;;;;;;;1;1;98;;;;;;;;;;;;;;;;;;;;;;;;;;;;;;;;2;1;3;4;4;4;4;4;4;4;1;3;3;1;2;4;2;2;2;2;2;4;3;3;;;5;3;3;1;2;6;1;;1;4;1;;1;2;1;1;;2;2;0,09497616
33745;1;7;3;2;2;;1;4;2;;;;;;;;;;;;;;;;;;;;;;;;;;;;;;;;;1;1;2;1;2;1;1;1;1;1;1;1;1;;;;;;;;;;;;;1;8;8;2;1;4;3;1;1;1;1;1;1;4;1;1;4;1;1;4;4;1;2;;2;;;;;;;;;;;;;;;;;;;;;;;;;;;;;;;;;;;;;2;;98;;;;;;;;;;;;;;;;;;;;;;;;;;;;;;;;2;2;1;1;1;4;4;2;4;4;3;1;1;3;4;4;1;1;1;1;1;4;1;1;1;1;1;1;4;3;2;7;1;;2;4;1;;2;1;0;1;;2;4;0,29200417
33761;1;6;1;1;2;;1;4;1;;;;;;;;;;;;;;;;;;;;;;;;;;;;;;;;;1;1;1;1;1;1;1;1;1;1;1;1;1;;;;;;;;;;;;;1;7;7;2;2;3;3;3;3;3;3;4;4;5;4;4;4;2;4;4;4;2;;;2;;;;;;;;;;;;;;;;;;;;;;;;;;;;;;;;;;;;;2;;98;;;;;;;;;;;;;;;;;;;;;;;;;;;;;;;;3;3;4;4;3;4;4;4;4;4;3;3;3;3;2;4;4;4;4;4;4;4;4;4;2;2;3;4;4;3;1;8;1;;1;5;1;;2;1;0;1;;2;2;0,41990462
33765;1;2;3;3;5;;1;4;2;;;;;;;;;;;;;;;;;;;;;;;;;;;;;;;;;1;2;2;2;1;1;1;1;2;1;1;1;1;;;;;;;;;;;;;1;5;6;9;2;2;2;1;1;3;1;1;2;2;2;2;2;2;1;1;3;2;;;1;4;;;;;;;;;;;;;;;;;;;;3;;;;;;;;;;;;;;;;2;;98;;;;;;;;;;;;;;;;;;;;;;;;;;;;;;;;3;3;4;1;4;4;4;4;4;4;1;2;2;3;3;4;2;1;1;1;1;4;4;4;;;5;5;4;1;1;99;2;;2;6;1;;2;1;0;1;;2;99;0,60462022
33773;1;7;3;2;2;;1;4;1;;;;;;;;;;;;;;;;;;;;;;;;;;;;;;;;;2;1;2;2;2;1;1;1;2;9;1;2;1;;;;;;;;;;;;;2;5;6;2;3;3;5;5;5;5;5;5;5;5;2;5;5;5;5;5;5;1;9;;2;;;;;;;;;;;;;;;;;;;;;;;;;;;;;;;;;;;;;2;;98;;;;;;;;;;;;;;;;;;;;;;;;;;;;;;;;4;3;4;4;4;4;4;4;4;4;3;4;3;2;3;9;9;9;9;9;1;9;9;9;2;2;1;4;4;1;2;2;2;;1;3;1;;1;2;2;1;;8;1;1,08638453
33778;1;6;1;1;1;1;1;4;1;;;;;;;;;;;;;;;;;;;;;;;;;;;;;;;;;1;1;1;1;1;1;1;1;1;9;1;1;1;;;;;;;;;;;;;1;5;5;9;2;2;2;2;3;2;3;3;3;2;2;2;2;2;2;2;2;2;;;2;;;;;;;;;;;;;;;;;;;;;;;;;;;;;;;;;;;;;1;1;98;;;;;;;;;;;;;;;;;;;;;;;;;;;;;;;;3;3;4;4;4;4;4;4;4;4;2;3;2;2;2;4;1;1;9;1;2;9;3;9;2;2;2;5;5;3;1;5;1;;3;6;1;;2;3;0;1;;2;3;0,44559637
33785;1;1;3;3;3;;1;4;2;;;;;;;;;;;;;;;;;;;;;;;;;;;;;;;;;1;1;1;2;1;2;2;2;2;1;2;2;1;;;;;;;;;;;;;1;7;8;2;2;2;2;3;2;3;2;1;2;2;2;2;2;1;2;2;2;1;2;;1;4;;;;;;;;;;;;;;;;;;;;3;;;;;;;;;;;;;;;;1;1;98;;;;;;;;;;;;;;;;;;;;;;;;;;;;;;;;2;3;3;2;2;4;4;4;4;4;1;2;3;2;2;4;1;1;2;1;2;3;3;3;;;5;3;3;1;1;6;1;;1;6;1;;2;2;0;1;;2;3;0,15924101
33788;1;3;2;1;2;;1;4;1;;;;;;;;;;;;;;;;;;;;;;;;;;;;;;;;;1;1;1;1;1;1;1;1;1;1;1;1;1;;;;;;;;;;;;;1;9;9;1;1;2;1;1;2;3;2;3;2;2;2;3;2;3;3;1;2;1;2;;2;;;;;;;;;;;;;;;;;;;;;;;;;;;;;;;;;;;;;2;;99;;;;;;;;;;;;;;;;;;;;;;;;;;;;;;;;1;2;2;2;2;2;1;1;3;2;1;2;2;2;1;3;1;2;2;3;2;2;2;2;1;2;2;3;3;3;3;8;3;;1;4;1;;1;4;3;1;;2;7;0,45117819
33789;1;4;3;2;2;;1;4;2;;;;;;;;;;;;;;;;;;;;;;;;;;;;;;;;;2;2;1;2;2;1;1;1;1;1;1;1;1;;;;;;;;;;;;;1;9;9;1;2;2;4;2;3;2;2;3;3;2;2;3;2;2;3;3;2;1;1;;1;1;;2;;;;;;;;;;;;;;;;;;5;;;;;;;;;;;;;;;;1;1;1;;;;;;;;;;;;;;;;2;;;;;;;;;;;;;;;;1;2;2;2;2;3;4;2;3;1;1;2;2;2;2;4;2;3;2;2;3;4;3;3;2;2;2;2;2;1;1;7;1;;2;5;1;;1;2;2;1;;2;6;0,27176392
33817;2;13;1;1;2;;1;3;4;2;2;2;2;2;2;1;2;2;1;1;2;2;2;2;2;2;AVOIR UN ACCÈS PLUS FACILEMENT AU LIEU DU VOTE / OU VOTE PAR INTERNET;6;;;;;;;;;;;;;;;;;;;;;;;1;1;1;;;;;;;;;;;;;;1;6;4;2;2;3;3;2;2;4;1;2;1;3;2;2;3;2;2;3;5;2;;;2;;;;;;;;;;;;;;;;;;;;;;;;;;;;;;;;;;;;;2;;1;;3;;;;;;;;;;;;;;1;;;;;;;;;;;;;;;;3;2;2;3;4;2;4;4;4;4;3;2;2;2;3;4;2;2;2;2;2;9;9;9;1;2;1;1;4;2;2;7;1;;2;5;1;;2;1;0;1;;2;2;0,57919556
33827;1;6;1;1;2;;1;4;1;;;;;;;;;;;;;;;;;;;;;;;;;;;;;;;;;1;1;1;2;2;1;1;1;1;1;1;1;2;1;;;;;;;;;;;;1;3;8;1;2;3;3;1;2;2;4;1;1;3;1;3;2;1;1;1;4;1;2;;2;;;;;;;;;;;;;;;;;;;;;;;;;;;;;;;;;;;;;1;1;1;;2;;;;;;;;;;;;;;1;;;;;;;;;;;;;;;;2;2;3;1;2;4;4;3;4;4;3;1;2;1;4;4;2;1;1;1;1;9;3;2;2;2;1;1;4;3;2;5;1;;1;3;1;;1;2;0;1;;2;5;0,40145314
33829;1;16;1;1;2;;1;4;2;;;;;;;;;;;;;;;;;;;;;;;;;;;;;;;;;1;2;2;2;2;2;2;2;2;2;2;2;9;;;;;;;;;;;;;5;5;5;9;9;2;3;3;3;3;3;3;3;3;3;3;3;3;3;3;3;2;;;2;;;;;;;;;;;;;;;;;;;;;;;;;;;;;;;;;;;;;1;1;1;;;;;;;;;;;;;;;;1;;;;;;;;;;;;;;;;3;3;4;4;4;4;4;4;4;4;3;3;3;3;3;9;9;9;9;9;9;9;9;9;2;2;2;2;2;3;1;7;3;;3;6;1;;2;3;0;1;;2;4;0,41990462
33833;1;16;3;2;2;;1;4;4;;;;;;;;;;;;;;;;;;;;;;;;;;;;;;;;;1;1;1;2;1;1;1;1;2;1;1;1;1;;;;;;;;;;;;;1;6;7;2;3;3;2;3;2;3;3;2;2;2;2;3;2;2;2;2;2;2;;;2;;;;;;;;;;;;;;;;;;;;;;;;;;;;;;;;;;;;;1;1;98;;;;;;;;;;;;;;;;;;;;;;;;;;;;;;;;3;2;3;1;4;4;4;4;4;4;3;3;4;4;2;3;3;3;3;3;3;4;2;3;1;2;1;3;3;3;2;7;1;;1;4;2;;1;2;0;1;;2;4;0,29200417
33840;1;1;3;3;6;;1;4;1;;;;;;;;;;;;;;;;;;;;;;;;;;;;;;;;;2;2;1;2;2;1;2;1;2;1;2;1;1;;;;;;;;;;;;;1;7;7;9;2;2;3;1;3;2;2;2;2;2;3;3;2;2;1;1;2;1;2;;1;4;;5;;;;;;;;;;;;;;;;;;7;PERSUADER A VOTER;;;;;;;;;;;;;;;1;1;98;;;;;;;;;;;;;;;;;;;;;;;;;;;;;;;;2;3;3;1;4;4;3;3;4;4;1;1;4;2;3;4;1;1;1;1;1;3;4;2;;;5;3;4;3;1;4;6;;2;6;1;;1;2;0;1;;2;3;0,18815424
33846;1;8;3;3;5;;1;4;3;;;;;;;;;;;;;;;;;;;;;;;;;;;;;;;;;2;2;2;2;2;2;1;2;2;1;1;1;1;;;;;;;;;;;;;3;1;1;2;9;3;5;4;1;4;1;1;1;4;2;2;3;1;5;2;3;2;;;2;;;;;;;;;;;;;;;;;;;;;;;;;;;;;;;;;;;;;2;;98;;;;;;;;;;;;;;;;;;;;;;;;;;;;;;;;4;4;4;4;4;4;4;4;4;4;3;3;4;4;3;4;4;4;4;4;2;4;4;4;;;1;4;4;3;1;3;6;;2;6;1;;2;1;0;1;;2;99;0,60462022
33848;1;3;2;1;2;;1;4;1;;;;;;;;;;;;;;;;;;;;;;;;;;;;;;;;;1;1;1;1;2;1;2;1;1;1;1;2;1;;;;;;;;;;;;;1;6;6;2;2;3;5;5;5;5;5;5;5;3;1;1;4;1;1;1;4;1;2;;2;;;;;;;;;;;;;;;;;;;;;;;;;;;;;;;;;;;;;1;2;98;;;;;;;;;;;;;;;;;;;;;;;;;;;;;;;;3;3;3;4;4;4;4;4;4;4;2;4;4;2;2;4;1;1;1;1;1;4;1;4;2;2;1;3;4;2;2;5;1;;2;4;1;;1;2;1;1;;2;7;0,40145314
33849;1;11;3;3;4;;1;4;2;;;;;;;;;;;;;;;;;;;;;;;;;;;;;;;;;1;1;1;1;1;1;2;1;1;1;1;1;2;1;;;;;;;;;;;;1;7;8;1;2;2;2;2;2;2;2;1;2;2;2;2;2;2;1;1;4;1;2;;1;4;;6;;;;;;;;;;;;;;;;;;4;;;;;;;;;;;;;;;;1;1;98;;;;;;;;;;;;;;;;;;;;;;;;;;;;;;;;2;1;4;4;4;4;4;4;4;4;1;3;1;1;1;4;1;1;1;1;1;4;4;4;;;2;5;4;3;1;3;1;;2;6;1;;1;3;0;1;;2;4;0,3695935
33853;1;11;3;3;6;;1;4;4;;;;;;;;;;;;;;;;;;;;;;;;;;;;;;;;;1;1;1;1;2;1;1;1;2;1;1;1;1;;;;;;;;;;;;;1;10;10;1;1;1;1;1;2;2;4;2;2;1;2;2;1;3;1;1;4;1;2;;1;3;;;;;;;;;;;;;;;;;;;;3;;;;;;;;;;;;;;;;1;1;98;;;;;;;;;;;;;;;;;;;;;;;;;;;;;;;;4;4;3;3;2;4;4;4;4;4;1;4;2;3;4;4;1;1;1;1;4;4;4;4;;;2;1;3;3;2;3;6;;2;6;1;;1;2;0;1;;2;1;0,84531575
33862;2;2;3;3;2;;1;3;4;2;2;1;2;1;2;2;2;2;2;2;2;2;1;1;2;99;;;;;;;;;;;;;;;;;;;;;;;;;1;1;1;;;;;;;;;;;;;;2;5;4;2;2;3;3;2;2;3;2;2;2;3;2;1;3;2;2;3;5;1;;2;2;;;;;;;;;;;;;;;;;;;;;;;;;;;;;;;;;;;;;1;1;98;;;;;;;;;;;;;;;;;;;;;;;;;;;;;;;;3;2;4;9;4;4;4;4;4;4;1;3;3;1;3;4;2;9;1;2;9;4;4;9;2;2;1;3;3;9;2;5;1;;2;5;1;;1;2;0;1;;2;5;0,10215487
33887;2;15;1;2;2;;1;1;3;2;2;2;2;2;2;1;2;2;2;1;2;2;2;2;2;5;J'ÉTAIS EN VOYAGE ET IL ME FALLAIT UNE ADRESSE FIXE POUR RECEVOIR LA CARET DE VOTE ET JE N'EN AVAIT PAS;4;;;;;;;;;;;;;;;;;;;;;;;1;1;1;;;;;;;;;;;;;;1;6;6;1;3;2;2;2;2;3;2;2;3;3;2;3;2;3;1;2;3;2;;;2;;;;;;;;;;;;;;;;;;;;;;;;;;;;;;;;;;;;;1;1;98;;;;;;;;;;;;;;;;;;;;;;;;;;;;;;;;4;3;3;4;4;3;4;4;4;4;2;2;2;2;2;4;1;1;3;1;1;3;1;4;1;1;1;3;4;3;2;7;1;;2;3;1;;1;2;0;1;;2;99;0,37485752
33898;1;4;3;2;2;;1;4;1;;;;;;;;;;;;;;;;;;;;;;;;;;;;;;;;;1;1;1;1;1;1;1;1;1;1;1;1;2;1;;;;;;;;;;;;1;8;10;1;1;2;1;1;3;2;3;2;2;3;2;4;2;1;1;1;4;1;2;;2;;;;;;;;;;;;;;;;;;;;;;;;;;;;;;;;;;;;;1;1;1;;2;;3;;;;;;;;;;;;1;;2;;;;;;;;;;;;;;2;2;1;1;4;4;2;2;2;4;4;2;2;1;1;3;1;1;1;1;1;4;1;4;2;1;4;2;1;2;1;5;1;;2;3;1;;1;2;0;1;;2;5;0,24181154
33902;2;6;1;1;1;1;1;2;2;1;1;1;2;2;1;1;2;2;1;2;2;2;1;1;1;97;ENENE;;;;;;;;;;;;;;;;;;;;;;;;1;2;1;;;;;;;;;;;;;;2;8;8;1;2;2;2;2;2;2;2;2;2;2;2;2;2;2;2;2;2;1;;2;1;1;;;;;;;;;;;;;;;;;;;;4;;;;;;;;;;;;;;;;1;1;1;;2;;;;;;;;;;;;;;4;;;;;;;;;;;;;;;;2;2;2;2;2;2;2;2;2;2;2;2;2;2;2;2;2;2;2;2;2;2;2;2;1;2;2;2;2;1;1;7;1;;1;3;1;;2;1;0;1;;2;2;2,20678902
33943;2;6;1;1;2;;1;1;2;2;1;1;2;1;2;2;2;2;2;2;2;2;2;2;2;97;NOTHING ,ALL ARE COCKSUCKERS;;;;;;;;;;;;;;;;;;;;;;;;2;2;2;;;;;;;;;;;;;;4;0;0;2;9;4;4;4;4;4;4;4;4;4;4;4;4;4;4;4;4;2;;;2;;;;;;;;;;;;;;;;;;;;;;;;;;;;;;;;;;;;;2;;98;;;;;;;;;;;;;;;;;;;;;;;;;;;;;;;;4;4;4;4;4;4;4;4;4;4;4;4;4;4;4;4;4;4;4;4;4;4;4;4;2;2;4;4;4;3;1;7;1;;2;3;2;;1;2;0;1;;2;4;1,41957378
33946;1;2;3;3;3;;1;4;2;;;;;;;;;;;;;;;;;;;;;;;;;;;;;;;;;1;1;1;1;2;1;2;1;2;1;1;1;2;1;;;;;;;;;;;;1;5;5;1;3;3;1;1;5;5;4;1;5;3;3;3;3;3;3;3;3;1;2;;1;3;;;;;;;;;;;;;;;;;;;;99;;;;;;;;;;;;;;;;1;1;98;;;;;;;;;;;;;;;;;;;;;;;;;;;;;;;;9;3;4;4;4;4;3;4;3;4;1;3;2;2;3;9;3;1;1;3;1;4;9;9;;;3;1;4;3;2;3;4;;1;3;1;;1;2;3;1;;2;2;0,71541643
33955;2;2;3;3;4;;1;1;4;1;1;2;1;2;2;2;2;2;2;2;2;2;2;2;2;99;;;;;;;;;;;;;;;;;;;;;;;;;1;1;2;;;;;;;;;;;;;;2;0;0;2;4;2;3;3;2;3;2;2;2;2;2;1;4;2;2;3;3;2;;;2;;;;;;;;;;;;;;;;;;;;;;;;;;;;;;;;;;;;;2;;98;;;;;;;;;;;;;;;;;;;;;;;;;;;;;;;;4;4;4;4;4;4;4;4;4;4;2;4;4;4;2;4;2;2;2;2;2;4;4;4;;;3;3;3;3;1;7;2;;1;4;1;;2;1;0;1;;2;1;0,30739012
33963;2;13;1;1;2;;1;1;3;1;2;1;2;1;2;1;2;2;2;2;2;2;1;1;2;6;POUVOIR VOTER EN LIGNE SUR UN SITE SÉCURISÉ DU GOUVERNEMENT AVEC ACCÈS TRÈS CONTRÔLÉ, COMME CELA SE FAIT SUR LES SITE DE REVENU QUÉBEC OU REVENU CANADA, EN DEMANDANT DES INFORMATIONS PERSONNELLES EN PLUS D'UN CODE D'ACCÈS PERSONNALISÉ SECRET ENVO;;;;;;;;;;;;;;;;;;;;;;;;2;2;2;;;;;;;;;;;;;;2;6;6;2;3;2;3;2;2;2;2;3;2;3;3;3;2;2;3;2;2;2;;;2;;;;;;;;;;;;;;;;;;;;;;;;;;;;;;;;;;;;;2;;3;;;;;;;;;;;;;;;;;;;;;;;;;;;;;;;;3;3;2;2;4;4;4;4;4;4;3;3;2;2;3;4;1;2;2;1;2;4;3;2;2;2;1;3;4;3;1;6;1;;1;1;1;;1;2;0;3;5;2;3;1,26311862
33965;2;9;3;3;4;;1;3;3;2;2;1;2;1;2;1;2;2;2;1;2;2;2;1;2;99;;;;;;;;;;;;;;;;;;;;;;;;;1;1;1;;;;;;;;;;;;;;2;8;9;1;2;2;2;1;2;2;2;2;2;3;1;3;3;1;1;2;1;2;;;2;;;;;;;;;;;;;;;;;;;;;;;;;;;;;;;;;;;;;2;;98;;;;;;;;;;;;;;;;;;;;;;;;;;;;;;;;1;1;4;1;4;4;4;4;4;4;1;1;3;3;2;4;1;2;1;1;1;2;3;2;;;1;3;5;3;1;4;1;;2;6;1;;2;1;0;1;;2;6;0,27351153
33967;1;16;3;2;2;;1;4;1;;;;;;;;;;;;;;;;;;;;;;;;;;;;;;;;;2;1;1;1;2;1;1;1;1;1;1;1;1;;;;;;;;;;;;;1;8;7;1;2;4;1;1;3;4;4;2;1;4;1;2;3;1;2;2;4;2;;;2;;;;;;;;;;;;;;;;;;;;;;;;;;;;;;;;;;;;;2;;2;;3;;;;;;;;;;;;;;;;;;;;;;;;;;;;;;3;2;2;2;4;4;4;4;4;4;4;2;2;2;2;3;1;1;1;1;1;3;2;4;1;1;1;3;4;1;2;8;1;;2;3;1;;2;1;0;1;;2;2;0,29200417
33983;2;2;3;3;2;;1;1;1;1;1;1;2;1;2;2;2;2;2;2;2;2;1;2;1;97;ABOLIR LA CORUPTION;;;;;;;;;;;;;;;;;;;;;;;;2;2;2;;;;;;;;;;;;;;4;0;0;2;3;4;2;2;1;4;1;1;1;4;1;1;4;1;4;4;4;1;;2;2;;;;;;;;;;;;;;;;;;;;;;;;;;;;;;;;;;;;;1;2;98;;;;;;;;;;;;;;;;;;;;;;;;;;;;;;;;2;4;3;1;3;4;4;4;4;4;4;1;1;1;1;4;1;1;1;1;1;4;4;4;1;2;1;4;4;2;2;5;4;;2;4;1;;1;2;2;1;;2;3;0,10215487
33993;1;8;3;3;2;;1;4;1;;;;;;;;;;;;;;;;;;;;;;;;;;;;;;;;;1;1;2;1;2;1;1;1;2;1;1;1;2;1;;;;;;;;;;;;1;10;10;9;1;3;2;2;1;4;4;2;3;1;5;2;3;2;2;2;4;2;;;2;;;;;;;;;;;;;;;;;;;;;;;;;;;;;;;;;;;;;1;1;98;;;;;;;;;;;;;;;;;;;;;;;;;;;;;;;;2;2;3;4;1;3;2;4;9;3;2;3;2;1;3;9;1;1;1;3;2;2;1;1;2;2;1;1;4;3;2;99;5;;1;3;1;;1;4;4;1;;2;99;0,33272818
33994;2;8;3;3;2;;1;1;1;2;2;1;2;1;2;2;2;2;2;2;2;2;2;2;2;1;SI LES POLITICIENS AVAIENT UN REEL IMPACT ET AVAIENT LES CITOYENS COMME PRIORITÉS, SI L'HONNETETÉ SERAIT EXISTANTE EN POLITIQUE. LA SEUL RAISON SI JE COMMENCE A VOTÉ CE SERA A PARCE QUE LES POLITICIENS ARRETENT DE JOUER UNE GAME ET DEVIENNENT TRANSPARE;;;;;;;;;;;;;;;;;;;;;;;;2;2;2;;;;;;;;;;;;;;4;8;0;2;3;4;3;4;1;3;1;3;1;4;1;1;4;1;3;3;3;2;;;2;;;;;;;;;;;;;;;;;;;;;;;;;;;;;;;;;;;;;1;2;98;;;;;;;;;;;;;;;;;;;;;;;;;;;;;;;;3;3;4;4;4;4;4;4;4;4;3;3;3;2;3;2;1;1;1;3;2;3;2;3;2;2;2;4;3;3;1;3;1;;1;3;1;;2;2;0;1;;2;1;1,04688501
34005;2;16;3;2;2;;1;1;1;2;1;1;2;1;2;2;2;2;2;2;2;2;2;2;1;16;RIEN, JE PRÉFÉRÉ NE PAS LÉGITIMER UN SYSTÈME AUQUEL JE NE FAIS PAS CONFIANCE EN ALLANT VOTER;;;;;;;;;;;;;;;;;;;;;;;;2;2;2;;;;;;;;;;;;;;4;7;7;1;2;4;1;4;2;4;1;3;1;4;1;3;4;1;4;4;4;1;;2;2;;;;;;;;;;;;;;;;;;;;;;;;;;;;;;;;;;;;;1;2;2;;3;;5;;;;;;;;;;;;;;;;;;;;;;;;;;;;2;1;4;1;4;4;4;4;4;4;4;3;2;1;4;9;1;1;2;1;2;4;3;9;1;1;1;4;2;3;1;6;1;;1;4;1;;1;2;0;1;;2;3;0,81749469
34023;1;4;3;2;2;;1;4;2;;;;;;;;;;;;;;;;;;;;;;;;;;;;;;;;;1;1;1;2;2;1;1;1;2;1;1;2;1;;;;;;;;;;;;;1;9;9;1;1;2;1;2;3;3;1;4;1;4;2;4;2;1;1;1;3;1;2;;1;4;;;;;;;;;;;;;;;;;;;;2;;4;;;;;;;;;;;;;;2;;98;;;;;;;;;;;;;;;;;;;;;;;;;;;;;;;;3;3;4;4;4;4;4;4;4;4;2;1;1;1;3;3;1;2;2;2;2;4;3;2;2;2;2;2;2;3;1;3;1;;2;6;1;;2;1;0;1;;2;2;1,01107609
34026;1;9;3;3;5;;1;4;1;;;;;;;;;;;;;;;;;;;;;;;;;;;;;;;;;1;1;1;2;2;1;1;1;2;1;1;1;1;;;;;;;;;;;;;1;5;7;9;2;3;2;2;3;2;2;2;2;3;2;3;2;3;1;2;3;1;2;;2;;;;;;;;;;;;;;;;;;;;;;;;;;;;;;;;;;;;;2;;1;;3;;;;;;;;;;;;;;3;;;;;;;;;;;;;;;;3;2;4;4;4;4;4;4;4;4;2;2;3;2;2;4;2;2;2;3;2;4;3;4;;;1;3;4;3;2;3;1;;2;6;1;;9;1;0;1;;2;3;0,64965117
34035;1;2;3;3;6;;1;4;1;;;;;;;;;;;;;;;;;;;;;;;;;;;;;;;;;1;1;1;1;2;1;1;1;2;1;1;9;1;;;;;;;;;;;;;1;6;8;1;2;2;2;1;2;3;1;2;2;3;2;2;3;1;1;2;2;2;;;1;3;;;;;;;;;;;;;;;;;;;;4;;3;;;;;;;;;;;;;;2;;98;;;;;;;;;;;;;;;;;;;;;;;;;;;;;;;;2;3;3;3;2;4;4;4;4;4;1;3;3;2;2;4;1;1;1;1;1;4;4;4;;;1;5;4;3;2;4;6;;1;3;1;;2;1;0;1;;2;1;0,2021677
34056;1;16;3;2;1;1;1;4;4;;;;;;;;;;;;;;;;;;;;;;;;;;;;;;;;;1;2;2;2;1;1;1;1;1;8;1;2;2;4;;;;;;;;;;;;1;1;1;2;3;9;2;2;1;5;4;1;2;4;1;2;3;1;1;2;1;1;2;;2;;;;;;;;;;;;;;;;;;;;;;;;;;;;;;;;;;;;;1;1;1;;;;;;;;;;;;;;;;1;;;;;;;;;;;;;;;;1;1;2;4;4;4;4;4;4;4;1;2;3;1;3;4;9;9;1;1;1;9;3;9;2;2;1;2;2;3;2;6;3;;1;1;1;;2;1;0;1;;2;99;0,30987042
34058;1;10;3;3;2;;1;4;4;;;;;;;;;;;;;;;;;;;;;;;;;;;;;;;;;1;2;2;1;2;1;1;1;1;2;2;2;9;;;;;;;;;;;;;3;5;5;2;3;4;4;2;2;3;3;3;2;2;4;2;2;2;1;2;2;1;2;;2;;;;;;;;;;;;;;;;;;;;;;;;;;;;;;;;;;;;;9;;1;;2;;;;;;;;;;;;;;1;;;;;;;;;;;;;;;;9;3;9;9;9;9;9;9;9;9;4;4;4;1;4;9;9;9;9;9;9;9;9;9;2;2;5;5;5;3;2;98;98;;1;3;1;;2;1;1;1;;2;1;0,33272818
34073;1;16;1;2;1;1;1;4;1;;;;;;;;;;;;;;;;;;;;;;;;;;;;;;;;;1;1;1;1;1;1;1;1;1;1;1;1;1;;;;;;;;;;;;;1;10;10;1;1;4;2;2;2;3;3;3;2;3;2;3;2;2;1;2;3;1;2;;2;;;;;;;;;;;;;;;;;;;;;;;;;;;;;;;;;;;;;1;1;98;;;;;;;;;;;;;;;;;;;;;;;;;;;;;;;;2;1;1;1;1;2;1;1;1;1;2;2;2;2;2;1;1;1;1;2;2;2;1;2;1;1;1;1;1;1;2;7;3;;2;3;1;;1;2;0;1;;2;5;0,34825167
34134;1;2;3;3;4;;1;4;1;;;;;;;;;;;;;;;;;;;;;;;;;;;;;;;;;1;2;1;1;2;2;1;1;2;1;1;1;1;;;;;;;;;;;;;1;3;10;9;3;2;2;3;1;4;1;2;1;4;1;1;2;1;1;2;1;2;;;1;4;;;;;;;;;;;;;;;;;;;;3;;;;;;;;;;;;;;;;2;;2;;;;;;;;;;;;;;;;;;;;;;;;;;;;;;;;3;2;3;4;3;4;4;4;4;4;3;3;4;1;3;4;4;2;1;1;1;4;4;4;;;1;4;4;3;2;3;8;;1;4;1;;2;1;0;1;;2;1;0,39711922
34153;1;1;3;3;6;;1;4;1;;;;;;;;;;;;;;;;;;;;;;;;;;;;;;;;;1;1;1;2;2;2;1;2;1;1;1;1;1;;;;;;;;;;;;;1;10;6;2;1;2;2;2;3;2;2;3;3;2;3;3;2;3;1;2;4;1;2;;1;3;;4;;;;;;;;;;;;;;;;;;3;;;;;;;;;;;;;;;;1;1;98;;;;;;;;;;;;;;;;;;;;;;;;;;;;;;;;4;2;4;4;3;4;4;4;4;4;1;1;2;3;3;4;1;1;1;1;1;1;3;1;;;2;3;3;3;1;7;6;;2;5;1;;1;2;0;1;;2;5;0,21145961
34198;1;16;1;1;2;;1;4;1;;;;;;;;;;;;;;;;;;;;;;;;;;;;;;;;;1;1;2;1;2;1;1;1;1;1;1;1;1;;;;;;;;;;;;;1;7;2;2;2;4;2;2;1;3;3;3;1;4;2;1;4;1;1;1;3;2;;;2;;;;;;;;;;;;;;;;;;;;;;;;;;;;;;;;;;;;;2;;98;;;;;;;;;;;;;;;;;;;;;;;;;;;;;;;;2;1;1;1;2;2;4;3;3;4;2;2;2;1;2;4;1;1;1;2;2;4;3;2;1;1;1;3;4;3;2;5;1;;2;4;1;;2;1;0;1;;2;2;0,40145314
34200;1;2;3;3;4;;1;4;1;;;;;;;;;;;;;;;;;;;;;;;;;;;;;;;;;1;1;1;1;2;1;1;1;1;1;1;1;2;1;;;;;;;;;;;;1;8;8;1;1;2;1;1;2;2;2;2;3;2;2;3;2;2;1;1;4;2;;;1;4;;;;;;;;;;;;;;;;;;;;3;;;;;;;;;;;;;;;;1;1;98;;;;;;;;;;;;;;;;;;;;;;;;;;;;;;;;1;1;2;2;4;3;4;4;4;4;2;2;2;2;2;4;2;2;4;2;3;4;4;2;;;2;1;2;3;2;3;6;;2;6;1;;1;2;0;1;;2;3;0,39711922
34214;2;2;3;3;4;;1;1;4;1;2;1;2;2;2;2;2;2;2;2;2;2;2;2;2;97;RIEN J ÉTAIS INDÉCISE;;;;;;;;;;;;;;;;;;;;;;;;9;9;9;;;;;;;;;;;;;;1;0;0;9;3;2;2;5;4;2;3;2;3;2;2;4;2;3;2;2;5;1;;2;1;4;;;;;;;;;;;;;;;;;;;;3;;;;;;;;;;;;;;;;2;;98;;;;;;;;;;;;;;;;;;;;;;;;;;;;;;;;3;2;4;4;4;4;4;4;4;4;3;1;4;4;3;4;1;1;3;3;1;4;4;4;;;1;3;4;3;2;3;8;;1;1;1;;2;1;1;1;;2;1;0,46660507
34216;1;2;3;3;3;;1;4;1;;;;;;;;;;;;;;;;;;;;;;;;;;;;;;;;;1;1;1;1;2;1;1;1;2;1;1;2;2;2;;;;;;;;;;;;1;7;7;1;2;4;2;2;1;4;2;1;2;2;1;4;2;1;1;2;4;2;;;2;;;;;;;;;;;;;;;;;;;;;;;;;;;;;;;;;;;;;2;;98;;;;;;;;;;;;;;;;;;;;;;;;;;;;;;;;4;3;1;1;9;4;4;4;4;4;4;3;1;1;1;4;1;1;1;1;1;4;4;4;;;2;5;5;3;2;7;8;;1;4;1;;2;1;0;1;;2;1;0,19229379
34235;1;2;3;3;6;;1;4;1;;;;;;;;;;;;;;;;;;;;;;;;;;;;;;;;;1;2;1;1;1;1;2;1;2;1;1;1;2;1;;;;;;;;;;;;1;9;9;1;2;2;2;1;2;2;2;2;2;2;2;3;1;2;1;1;1;1;2;;1;3;;;;;;;;;;;;;;;;;;;;3;;;;;;;;;;;;;;;;1;1;98;;;;;;;;;;;;;;;;;;;;;;;;;;;;;;;;2;2;2;3;4;4;4;4;4;4;1;1;1;4;2;4;2;2;1;1;1;4;4;4;;;4;2;2;3;1;3;6;;1;5;1;;1;2;0;1;;2;99;0,78672314
34239;1;9;3;3;2;;1;4;3;;;;;;;;;;;;;;;;;;;;;;;;;;;;;;;;;1;1;2;1;2;1;1;1;1;1;1;1;1;;;;;;;;;;;;;2;5;6;2;3;3;2;5;3;5;2;2;2;2;2;2;3;1;1;2;2;2;;;2;;;;;;;;;;;;;;;;;;;;;;;;;;;;;;;;;;;;;1;1;98;;;;;;;;;;;;;;;;;;;;;;;;;;;;;;;;3;3;3;1;4;4;4;4;4;4;3;3;3;1;2;4;2;2;2;2;2;4;4;4;2;2;2;3;3;3;1;3;1;;2;5;1;;1;2;1;1;;2;6;0,30966517
34244;1;4;3;2;2;;1;4;1;;;;;;;;;;;;;;;;;;;;;;;;;;;;;;;;;1;1;2;1;2;1;1;1;1;1;1;2;1;;;;;;;;;;;;;1;7;9;2;2;3;2;3;2;3;2;2;2;4;1;1;3;1;1;2;3;2;;;2;;;;;;;;;;;;;;;;;;;;;;;;;;;;;;;;;;;;;1;2;98;;;;;;;;;;;;;;;;;;;;;;;;;;;;;;;;3;2;3;1;4;4;4;4;4;4;4;4;3;1;4;3;2;2;2;2;2;3;3;3;2;2;2;3;4;3;2;5;1;;1;3;1;;2;2;0;1;;2;2;0,25982258
34260;2;13;1;1;2;;1;1;1;1;1;1;2;1;2;2;2;2;2;2;2;2;2;2;2;10;IF THE CANDIDATES DID NOT TALK ABOUT LANGUAGE OR BANNING RELIGIONS OR IMMIGRANTS. THOSE THINGS ARE NOT IMPORTANT. WHAT I WANT TO HEAR IS HOW THEY WILL FIX THE MEDICAL AND SCHOOL AND ROAD SYSTEMS. THEN I WOULD GO VOTE;;;;;;;;;;;;;;;;;;;;;;;;9;9;9;;;;;;;;;;;;;;2;6;4;2;3;9;3;3;1;3;1;2;2;4;1;1;4;1;3;3;5;1;;2;2;;;;;;;;;;;;;;;;;;;;;;;;;;;;;;;;;;;;;1;1;3;;;;;;;;;;;;;;;;;;;;;;;;;;;;;;;;4;2;4;4;4;4;4;4;4;4;3;1;1;1;2;4;2;1;1;1;1;4;4;4;2;2;1;1;4;9;2;5;1;;3;6;2;;2;1;0;1;;2;6;0,51536065
34262;2;7;3;2;2;;1;3;2;1;1;2;1;1;1;2;2;1;1;1;2;1;2;1;2;97;JE CROIS QUE SERAIS LES ORGANISE;;;;;;;;;;;;;;;;;;;;;;;;1;8;8;;;;;;;;;;;;;;2;6;4;1;2;1;2;2;1;1;3;1;2;1;4;4;2;3;2;1;2;1;;2;1;2;;3;;4;;6;;7;;;;;;;;;;;;2;;4;;;;;;;;;;;;;;1;1;3;;;;;;;;;;;;;;;;;;;;;;;;;;;;;;;;2;1;2;4;1;1;3;3;1;3;3;2;2;3;1;2;2;3;3;9;1;1;4;3;1;9;1;1;3;2;2;8;5;;2;4;1;;1;2;1;2;3;1;99;0,37485752
34291;1;9;3;3;3;;1;4;1;;;;;;;;;;;;;;;;;;;;;;;;;;;;;;;;;1;1;1;1;2;1;1;2;2;1;1;1;1;;;;;;;;;;;;;1;5;8;1;3;4;1;1;1;1;1;1;1;3;1;1;3;1;1;1;4;1;2;;1;3;;;;;;;;;;;;;;;;;;;;3;;;;;;;;;;;;;;;;1;1;1;;;;;;;;;;;;;;;;2;;;;;;;;;;;;;;;;2;2;2;9;2;2;4;4;3;4;2;3;2;1;2;4;1;1;2;1;1;4;4;4;;;1;1;1;3;2;3;1;;2;6;1;;1;2;2;1;;2;8;0,71541643
34326;2;8;3;3;2;;1;1;9;2;2;2;2;1;1;2;1;1;2;2;1;2;2;2;2;99;;;;;;;;;;;;;;;;;;;;;;;;;9;9;9;;;;;;;;;;;;;;1;8;6;1;3;2;2;2;3;3;2;4;5;4;2;3;3;2;1;1;5;2;;;1;3;;;;;;;;;;;;;;;;;;;;99;;;;;;;;;;;;;;;;2;;98;;;;;;;;;;;;;;;;;;;;;;;;;;;;;;;;2;2;3;9;4;4;4;4;4;4;1;3;1;1;4;1;1;1;1;1;1;4;1;1;1;1;1;4;2;2;2;7;1;;1;1;1;;2;1;0;1;;2;1;0,11480807
34328;2;6;1;1;5;;1;3;4;2;1;1;1;1;2;2;2;2;2;2;2;2;2;2;2;99;;;;;;;;;;;;;;;;;;;;;;;;;1;1;1;;;;;;;;;;;;;;2;3;3;2;2;3;2;2;2;3;2;1;2;3;2;2;3;5;3;2;3;1;;2;1;3;;4;;;;;;;;;;;;;;;;;;3;;;;;;;;;;;;;;;;1;1;98;;;;;;;;;;;;;;;;;;;;;;;;;;;;;;;;4;3;2;2;3;4;4;4;4;4;1;2;2;4;2;3;9;9;2;2;2;4;3;3;;;2;2;5;3;1;7;6;;9;6;1;;1;2;0;1;;2;99;0,90673155
34330;1;14;3;2;2;;1;4;2;;;;;;;;;;;;;;;;;;;;;;;;;;;;;;;;;1;1;2;1;1;2;1;2;1;1;1;1;1;;;;;;;;;;;;;1;9;7;1;1;2;2;2;3;1;1;2;3;3;4;1;2;3;2;1;3;1;1;;2;;;;;;;;;;;;;;;;;;;;;;;;;;;;;;;;;;;;;2;;98;;;;;;;;;;;;;;;;;;;;;;;;;;;;;;;;2;3;3;2;2;3;2;4;2;3;1;1;2;3;2;2;1;2;4;3;2;2;3;1;2;2;2;2;1;1;1;9;1;;2;4;1;;2;1;0;1;;2;5;0,27176392
34331;1;8;3;3;2;;1;4;1;;;;;;;;;;;;;;;;;;;;;;;;;;;;;;;;;1;1;1;1;2;1;1;1;1;1;1;1;2;1;;3;;;;;;;;1;1;1;9;9;1;2;2;2;2;2;3;3;2;3;2;3;3;2;2;1;2;4;1;2;;2;;;;;;;;;;;;;;;;;;;;;;;;;;;;;;;;;;;;;1;1;1;;2;;;;;;;;;;;;;;2;;;;;;;;;;;;;;;;3;2;4;1;4;4;4;4;4;3;2;2;2;3;2;4;2;1;2;2;2;4;4;9;2;1;4;1;2;3;2;3;1;;2;5;1;;1;2;2;1;;2;4;0,33272818
34332;1;16;3;2;4;;1;4;1;;;;;;;;;;;;;;;;;;;;;;;;;;;;;;;;;1;1;1;2;2;2;1;1;2;2;2;2;2;4;;5;;;;;;;;;;2;4;9;1;2;3;2;2;2;5;2;2;2;3;2;2;3;2;2;5;5;1;2;;2;;;;;;;;;;;;;;;;;;;;;;;;;;;;;;;;;;;;;2;;98;;;;;;;;;;;;;;;;;;;;;;;;;;;;;;;;3;2;2;1;4;4;4;4;4;4;3;2;3;3;4;4;2;2;2;2;2;4;4;4;;;3;5;4;3;2;2;8;;1;5;1;;2;1;0;1;;2;1;2,18957973
34333;1;16;3;2;3;;1;4;2;;;;;;;;;;;;;;;;;;;;;;;;;;;;;;;;;1;1;2;1;2;1;2;1;2;1;1;1;1;;;;;;;;;;;;;1;2;2;2;3;1;1;4;2;2;3;1;3;2;3;3;2;1;1;2;4;2;;;2;;;;;;;;;;;;;;;;;;;;;;;;;;;;;;;;;;;;;1;1;1;;;;;;;;;;;;;;;;1;;;;;;;;;;;;;;;;4;3;4;2;4;4;4;4;4;4;3;3;3;4;3;4;1;2;2;1;2;3;4;4;;;1;3;3;3;1;4;1;;1;3;1;;1;2;1;1;;2;3;0,87799472
34334;1;16;1;2;3;;1;4;2;;;;;;;;;;;;;;;;;;;;;;;;;;;;;;;;;1;2;1;1;1;1;1;1;1;1;1;1;2;1;;;;;;;;;;;;1;6;7;1;2;3;2;2;2;3;2;2;2;2;3;2;3;2;2;2;2;1;1;;1;4;;;;;;;;;;;;;;;;;;;;4;;;;;;;;;;;;;;;;1;1;1;;;;;;;;;;;;;;;;1;;2;;;;;;;;;;;;;;2;2;2;2;2;2;2;3;2;2;3;2;2;2;1;1;3;2;2;2;2;3;2;2;;;2;2;2;2;1;7;1;;2;4;2;;1;2;0;1;;2;99;0,98674732
34342;2;5;3;2;4;;1;1;9;2;2;2;2;2;2;2;2;2;2;2;2;2;2;2;2;99;;;;;;;;;;;;;;;;;;;;;;;;;2;2;2;;;;;;;;;;;;;;5;9;9;9;9;9;5;5;5;5;5;5;5;5;5;5;5;5;5;5;5;9;;;9;;;;;;;;;;;;;;;;;;;;;;;;;;;;;;;;;;;;;9;;99;;;;;;;;;;;;;;;;;;;;;;;;;;;;;;;;9;9;9;9;9;9;9;9;9;9;4;4;4;4;4;9;9;9;9;9;9;9;9;9;;;5;5;5;9;1;5;1;;2;6;1;;1;2;0;1;;2;99;1,50804174
34343;2;3;2;1;3;;1;1;1;2;2;2;2;2;2;2;2;2;2;2;2;2;2;2;2;99;;;;;;;;;;;;;;;;;;;;;;;;;2;2;2;;;;;;;;;;;;;;2;0;0;2;9;9;5;5;5;5;5;5;1;5;5;5;5;5;5;5;5;2;;;2;;;;;;;;;;;;;;;;;;;;;;;;;;;;;;;;;;;;;2;;98;;;;;;;;;;;;;;;;;;;;;;;;;;;;;;;;4;4;9;9;9;9;9;9;9;9;4;4;4;4;4;9;9;9;9;9;9;9;9;9;;;1;5;5;3;2;6;8;;1;5;1;;2;1;0;1;;2;99;0,87628502
34351;2;16;3;2;3;;1;1;4;1;2;2;2;2;1;2;1;1;2;2;2;2;2;2;2;99;;;;;;;;;;;;;;;;;;;;;;;;;1;1;2;;;;;;;;;;;;;;1;0;0;2;4;9;2;2;2;3;3;2;2;2;2;3;2;2;1;2;3;2;;;2;;;;;;;;;;;;;;;;;;;;;;;;;;;;;;;;;;;;;2;;1;;;;;;;;;;;;;;;;1;;;;;;;;;;;;;;;;4;3;4;4;4;4;4;4;4;4;3;3;3;3;3;4;1;1;1;1;1;4;4;4;;;1;2;4;3;2;5;1;;1;1;1;;2;1;1;1;;2;4;0,59443939
34352;2;2;3;3;2;;1;2;2;2;1;1;2;1;2;1;2;2;2;2;2;2;2;1;1;99;;;;;;;;;;;;;;;;;;;;;;;;;1;2;2;;;;;;;;;;;;;;2;0;4;2;3;3;4;3;1;4;2;1;1;3;1;1;3;1;2;3;4;2;;;2;;;;;;;;;;;;;;;;;;;;;;;;;;;;;;;;;;;;;1;1;1;;3;;;;;;;;;;;;;;2;;;;;;;;;;;;;;;;4;4;2;1;4;3;4;4;4;3;4;4;3;1;4;4;2;2;1;1;1;4;4;2;2;1;1;1;2;2;2;3;1;;2;3;1;;1;3;0;1;;2;3;0,4271372
34353;1;16;3;2;3;;1;4;1;;;;;;;;;;;;;;;;;;;;;;;;;;;;;;;;;1;1;1;2;2;1;1;1;2;1;1;1;1;;;;;;;;;;;;;1;7;7;1;2;2;2;2;5;2;5;2;3;3;3;4;2;2;1;1;4;2;;;2;;;;;;;;;;;;;;;;;;;;;;;;;;;;;;;;;;;;;2;;98;;;;;;;;;;;;;;;;;;;;;;;;;;;;;;;;1;2;2;3;2;4;4;4;4;4;1;3;2;1;1;4;2;1;2;2;2;9;1;9;;;1;1;4;3;2;5;1;;1;4;1;;2;1;2;1;;2;3;0,94338685
34356;2;14;3;2;4;;1;1;2;2;1;1;1;1;2;1;1;2;2;2;1;2;1;2;2;99;;;;;;;;;;;;;;;;;;;;;;;;;2;1;2;;;;;;;;;;;;;;2;0;0;2;2;4;2;4;1;4;1;2;1;4;1;1;3;1;1;2;2;2;;;2;;;;;;;;;;;;;;;;;;;;;;;;;;;;;;;;;;;;;1;2;98;;;;;;;;;;;;;;;;;;;;;;;;;;;;;;;;1;2;4;4;4;4;4;4;4;4;1;3;3;2;2;9;1;1;1;2;1;3;9;2;;;1;4;4;3;2;5;99;;2;6;2;;1;4;0;2;5;2;99;0,61529177
34360;2;16;3;2;3;;1;1;9;2;2;2;2;2;1;2;1;1;2;1;2;2;2;2;2;99;;;;;;;;;;;;;;;;;;;;;;;;;1;1;1;;;;;;;;;;;;;;1;5;5;9;3;9;5;5;5;5;5;5;5;1;1;1;1;1;1;1;1;2;;;2;;;;;;;;;;;;;;;;;;;;;;;;;;;;;;;;;;;;;2;;99;;;;;;;;;;;;;;;;;;;;;;;;;;;;;;;;3;3;4;4;4;4;4;4;4;4;3;3;2;2;3;4;1;4;1;1;1;4;4;4;;;1;2;4;1;1;2;2;;3;3;1;;2;4;4;1;;2;1;6,09182405
34362;2;16;1;1;5;;1;3;4;1;2;1;2;1;2;1;2;2;2;2;2;2;1;2;2;99;;;;;;;;;;;;;;;;;;;;;;;;;1;1;1;;;;;;;;;;;;;;1;2;2;2;2;3;3;3;3;3;3;3;3;3;3;2;3;2;3;3;3;2;;;2;;;;;;;;;;;;;;;;;;;;;;;;;;;;;;;;;;;;;2;;98;;;;;;;;;;;;;;;;;;;;;;;;;;;;;;;;3;3;3;3;3;4;4;3;4;4;3;2;2;3;3;4;2;2;2;2;2;3;3;4;;;2;3;4;3;2;3;6;;1;6;1;;2;1;0;1;;2;2;1,37638462
34365;1;2;3;3;5;;1;4;3;;;;;;;;;;;;;;;;;;;;;;;;;;;;;;;;;1;2;2;1;1;1;1;2;1;1;1;1;1;;;;;;;;;;;;;1;2;1;2;2;2;1;2;1;2;4;1;2;3;2;1;4;2;1;2;3;1;2;;1;4;;;;;;;;;;;;;;;;;;;;4;;;;;;;;;;;;;;;;2;;98;;;;;;;;;;;;;;;;;;;;;;;;;;;;;;;;3;3;3;3;4;4;4;4;4;4;1;1;2;3;2;4;2;2;1;1;2;2;3;3;;;2;1;4;3;1;7;1;;2;6;1;;2;1;0;1;;2;99;0,16251326
34366;1;17;3;2;4;;1;4;3;;;;;;;;;;;;;;;;;;;;;;;;;;;;;;;;;1;2;2;1;1;2;1;2;1;1;1;2;1;;;;;;;;;;;;;2;7;5;2;2;3;2;2;1;4;3;4;1;3;4;2;2;1;2;2;1;1;2;;2;;;;;;;;;;;;;;;;;;;;;;;;;;;;;;;;;;;;;1;1;98;;;;;;;;;;;;;;;;;;;;;;;;;;;;;;;;2;2;4;4;4;4;4;4;4;4;1;4;4;4;3;4;1;1;1;1;2;2;4;2;;;2;4;4;3;1;5;1;;2;6;1;;1;2;2;1;;2;6;0,48736537
34370;1;16;1;2;3;;1;4;1;;;;;;;;;;;;;;;;;;;;;;;;;;;;;;;;;1;1;2;2;2;1;2;1;2;1;1;1;1;;;;;;;;;;;;;1;9;8;2;2;2;2;2;3;3;4;3;3;2;2;2;2;2;1;2;3;1;2;;2;;;;;;;;;;;;;;;;;;;;;;;;;;;;;;;;;;;;;1;1;98;;;;;;;;;;;;;;;;;;;;;;;;;;;;;;;;3;2;3;3;3;4;4;4;4;4;4;2;4;4;1;4;1;2;2;2;2;9;4;4;;;3;5;3;3;2;8;4;;2;6;1;;1;2;2;1;;2;5;1,0602386
34376;1;2;3;3;4;;1;4;2;;;;;;;;;;;;;;;;;;;;;;;;;;;;;;;;;1;2;1;2;2;1;2;2;2;1;2;1;1;;;;;;;;;;;;;1;7;9;1;2;2;1;3;3;3;3;3;4;2;4;3;2;3;1;1;4;1;2;;2;;;;;;;;;;;;;;;;;;;;;;;;;;;;;;;;;;;;;2;;98;;;;;;;;;;;;;;;;;;;;;;;;;;;;;;;;2;4;4;4;3;4;4;4;4;4;2;2;4;4;3;4;1;1;3;2;2;4;3;4;;;1;2;4;3;2;5;1;RÉPONDRE À DES SONDAGES ET TRAVAL AUTONOME.;1;1;1;;2;1;0;1;;2;1;0,09497616
34381;2;15;1;1;4;;1;1;1;2;2;2;2;2;2;2;2;2;2;2;1;1;1;1;2;99;JE NE SAIS PAS;;;;;;;;;;;;;;;;;;;;;;;;2;2;2;;;;;;;;;;;;;;3;2;2;9;3;3;3;3;2;2;3;3;4;3;4;2;3;3;2;3;3;2;;;2;;;;;;;;;;;;;;;;;;;;;;;;;;;;;;;;;;;;;1;1;1;;;;;;;;;;;;;;;;2;;;;;;;;;;;;;;;;2;2;4;4;4;4;4;4;4;4;3;3;2;2;3;4;2;2;3;2;3;4;4;4;;;4;4;4;3;2;2;4;;2;6;1;;1;2;2;1;;2;4;3,79250026
34387;1;7;3;2;4;;1;4;1;;;;;;;;;;;;;;;;;;;;;;;;;;;;;;;;;1;1;2;2;1;1;1;1;1;1;1;1;1;;;;;;;;;;;;;1;8;8;9;2;2;2;2;3;1;4;2;2;3;2;4;2;2;1;1;4;2;;;2;;;;;;;;;;;;;;;;;;;;;;;;;;;;;;;;;;;;;1;1;98;;;;;;;;;;;;;;;;;;;;;;;;;;;;;;;;3;2;9;9;4;4;4;4;9;4;1;2;2;2;2;4;1;1;1;1;1;9;2;9;;;2;2;4;3;2;7;5;;2;6;1;;1;1;1;1;;2;8;0,58852845
34388;2;6;1;1;1;1;1;1;3;1;1;1;2;1;1;2;2;2;2;2;2;1;2;1;1;99;;;;;;;;;;;;;;;;;;;;;;;;;8;8;1;;;;;;;;;;;;;;1;0;5;2;3;3;1;5;1;2;4;1;1;3;1;1;3;1;1;1;2;1;;1;2;;;;;;;;;;;;;;;;;;;;;;;;;;;;;;;;;;;;;2;;2;;3;;;;;;;;;;;;;;;;;;;;;;;;;;;;;;3;4;1;1;4;3;4;2;2;1;1;2;2;1;3;4;1;1;3;1;1;9;4;3;1;2;2;4;2;2;2;4;1;;1;3;2;;2;1;0;1;;2;2;0,80115086
34393;2;6;1;1;4;;1;1;2;2;2;1;2;2;2;2;2;2;2;2;2;2;2;2;2;1;DES CANDIDATS SÉRIEUX;;;;;;;;;;;;;;;;;;;;;;;;2;2;2;;;;;;;;;;;;;;3;9;8;2;1;3;4;4;2;4;2;4;4;4;4;4;4;4;4;4;4;1;;2;2;;;;;;;;;;;;;;;;;;;;;;;;;;;;;;;;;;;;;1;2;98;;;;;;;;;;;;;;;;;;;;;;;;;;;;;;;;1;1;4;4;4;4;4;4;4;4;1;2;1;4;1;4;2;2;2;2;2;4;4;4;;;2;3;3;3;1;7;1;;2;5;1;;1;2;1;3;5;2;5;2,49841094
34400;1;6;1;1;2;;1;4;4;;;;;;;;;;;;;;;;;;;;;;;;;;;;;;;;;2;2;2;2;1;2;1;1;2;1;1;2;1;;;;;;;;;;;;;2;9;6;1;2;3;3;1;1;3;3;2;2;2;2;3;2;3;2;1;2;1;1;;2;;;;;;;;;;;;;;;;;;;;;;;;;;;;;;;;;;;;;1;1;4;;5;;;;;;;;;;;;;;;;;;;;;;;;;;;;;;2;4;3;3;2;4;1;1;4;4;2;1;2;3;1;2;3;3;2;3;2;3;2;2;2;1;2;2;1;1;2;3;1;;1;2;1;;2;1;0;1;;2;4;1,67858315
34402;1;3;2;1;1;1;1;4;3;;;;;;;;;;;;;;;;;;;;;;;;;;;;;;;;;1;1;2;2;1;1;2;2;1;2;2;1;2;2;;;;;;;;;;;;1;7;8;2;2;2;2;2;2;3;2;2;3;3;2;3;2;2;1;1;1;1;2;;2;;;;;;;;;;;;;;;;;;;;;;;;;;;;;;;;;;;;;1;1;1;;2;;4;;;;;;;;;;;;1;;;;;;;;;;;;;;;;2;2;2;2;3;4;4;4;4;4;2;3;2;1;3;3;1;1;2;2;2;3;1;2;1;2;1;2;2;3;2;6;3;;3;6;97;VIETNAMIEN;2;3;0;1;;2;5;0,47878304
34403;1;3;2;1;1;1;1;4;3;;;;;;;;;;;;;;;;;;;;;;;;;;;;;;;;;1;1;2;2;1;1;2;2;1;2;2;1;2;2;;;;;;;;;;;;1;7;8;2;2;2;2;2;2;3;2;2;3;3;2;3;2;2;1;1;1;1;2;;2;;;;;;;;;;;;;;;;;;;;;;;;;;;;;;;;;;;;;1;1;1;;2;;4;;;;;;;;;;;;1;;;;;;;;;;;;;;;;2;2;2;2;3;4;4;4;4;4;2;3;2;1;3;3;1;1;2;2;2;3;4;3;1;2;1;2;2;3;2;6;3;;3;6;97;VIETNAMIEN;2;3;0;1;;2;5;0,47878304
34404;1;11;3;3;4;;1;4;2;;;;;;;;;;;;;;;;;;;;;;;;;;;;;;;;;1;1;2;1;2;1;1;1;2;1;1;2;1;;;;;;;;;;;;;1;9;7;1;2;3;2;2;5;2;3;2;2;2;2;3;2;2;2;2;1;1;2;;2;;;;;;;;;;;;;;;;;;;;;;;;;;;;;;;;;;;;;1;1;98;;;;;;;;;;;;;;;;;;;;;;;;;;;;;;;;3;2;4;4;4;4;4;4;4;4;1;2;2;3;2;4;1;2;1;2;2;3;3;4;;;1;4;4;3;2;5;1;;2;6;1;;1;2;1;1;;2;99;0,09497616
34405;1;16;3;2;2;;1;4;1;;;;;;;;;;;;;;;;;;;;;;;;;;;;;;;;;1;2;1;1;2;1;1;1;1;1;1;1;2;2;;;;;;;;;;;;1;8;7;9;2;2;2;5;1;3;2;3;2;4;1;3;2;1;1;2;2;1;2;;2;;;;;;;;;;;;;;;;;;;;;;;;;;;;;;;;;;;;;1;9;98;;;;;;;;;;;;;;;;;;;;;;;;;;;;;;;;3;2;3;2;1;4;4;4;4;4;3;2;1;2;3;4;1;1;2;1;2;4;4;4;1;2;5;4;2;3;1;4;9;;1;5;1;;2;3;0;1;;2;3;0,24181154
34407;1;2;3;3;2;;1;4;4;;;;;;;;;;;;;;;;;;;;;;;;;;;;;;;;;2;2;2;2;2;2;1;2;2;9;9;2;2;2;;;;;;;;;;;;2;0;0;2;4;9;5;5;5;5;5;5;5;5;1;5;5;2;2;5;5;2;;;2;;;;;;;;;;;;;;;;;;;;;;;;;;;;;;;;;;;;;2;;1;;;;;;;;;;;;;;;;1;;;;;;;;;;;;;;;;4;4;4;4;4;4;4;4;4;4;3;4;4;3;3;4;1;2;2;1;2;4;4;4;2;2;4;4;4;3;2;7;3;;1;3;1;;2;1;0;1;;2;1;0,08943269
34412;1;17;3;2;4;;1;4;3;;;;;;;;;;;;;;;;;;;;;;;;;;;;;;;;;1;1;1;1;2;1;1;2;1;1;1;1;1;;;;;;;;;;;;;1;9;9;1;2;3;3;2;1;4;2;1;2;4;1;2;3;1;2;2;4;1;2;;1;4;;;;;;;;;;;;;;;;;;;;3;;;;;;;;;;;;;;;;2;;98;;;;;;;;;;;;;;;;;;;;;;;;;;;;;;;;1;2;2;3;4;4;2;4;4;4;2;1;2;2;2;4;1;1;1;1;1;4;4;4;;;2;3;3;3;1;7;8;;2;6;1;;2;1;0;1;;2;3;0,54773313
34413;2;7;3;2;4;;1;1;9;1;1;1;1;1;1;1;2;1;1;2;1;1;2;2;2;99;;;;;;;;;;;;;;;;;;;;;;;;;2;2;2;;;;;;;;;;;;;;1;6;6;1;9;4;1;1;1;1;4;1;4;2;1;4;1;5;1;1;5;2;;;2;;;;;;;;;;;;;;;;;;;;;;;;;;;;;;;;;;;;;1;9;98;;;;;;;;;;;;;;;;;;;;;;;;;;;;;;;;4;2;4;4;4;4;4;4;4;4;1;3;1;4;4;4;1;1;1;1;1;4;4;4;;;1;4;4;3;2;5;8;;1;3;2;;2;2;0;2;5;2;2;0,61529177
34414;1;14;3;2;3;;1;4;2;;;;;;;;;;;;;;;;;;;;;;;;;;;;;;;;;1;2;1;2;2;1;1;1;2;1;1;1;1;;;;;;;;;;;;;1;4;8;9;2;3;2;5;2;2;4;1;1;4;2;2;3;3;1;5;4;1;2;;2;;;;;;;;;;;;;;;;;;;;;;;;;;;;;;;;;;;;;2;;98;;;;;;;;;;;;;;;;;;;;;;;;;;;;;;;;3;2;2;2;1;4;4;4;4;4;2;1;1;2;2;4;1;1;1;1;1;4;4;4;;;1;5;4;3;2;5;1;;1;3;1;;2;1;0;1;;2;3;0,94338685
34415;1;6;1;1;2;;1;4;1;;;;;;;;;;;;;;;;;;;;;;;;;;;;;;;;;1;1;1;2;2;1;1;1;2;1;1;1;2;1;;;;;;;;;;;;1;7;9;1;2;2;2;2;3;2;4;2;3;4;2;3;3;2;1;1;4;1;2;;2;;;;;;;;;;;;;;;;;;;;;;;;;;;;;;;;;;;;;1;1;98;;;;;;;;;;;;;;;;;;;;;;;;;;;;;;;;2;1;3;1;4;4;4;4;4;4;3;1;1;4;3;3;2;2;9;2;2;9;2;9;9;1;2;3;5;3;2;7;1;;1;3;1;;1;2;0;1;;2;2;0,45117819
34416;2;4;3;2;3;;1;1;1;2;2;1;1;1;2;2;2;1;2;2;2;2;2;2;1;99;;;;;;;;;;;;;;;;;;;;;;;;;2;2;2;;;;;;;;;;;;;;2;0;0;9;4;4;1;1;2;5;5;1;1;2;3;4;5;5;3;2;5;2;;;2;;;;;;;;;;;;;;;;;;;;;;;;;;;;;;;;;;;;;1;9;99;;;;;;;;;;;;;;;;;;;;;;;;;;;;;;;;1;4;2;2;9;4;4;4;4;4;2;3;2;1;3;4;1;9;1;1;1;9;4;4;;;5;5;5;3;2;2;1;;3;2;1;;2;2;2;1;;2;5;2,48550725
34417;1;2;3;3;4;;1;4;3;;;;;;;;;;;;;;;;;;;;;;;;;;;;;;;;;1;2;2;2;2;1;2;2;2;9;2;2;1;;;;;;;;;;;;;2;6;7;2;2;2;2;3;5;2;4;2;5;5;2;2;2;1;1;2;5;1;9;;1;2;;3;;;;;;;;;;;;;;;;;;3;;;;;;;;;;;;;;;;1;1;98;;;;;;;;;;;;;;;;;;;;;;;;;;;;;;;;2;3;4;4;2;4;4;4;4;4;1;1;2;2;3;4;2;2;1;1;2;4;4;9;;;2;5;3;1;2;5;1;;2;6;1;;2;3;0;1;;2;1;0,09497616
34418;1;16;3;2;4;;1;4;1;;;;;;;;;;;;;;;;;;;;;;;;;;;;;;;;;1;1;1;2;2;1;2;1;1;1;1;1;2;4;;;;;;;;;;;;1;10;10;1;2;3;1;1;3;2;4;3;2;3;2;3;3;1;1;1;4;1;2;;1;1;;2;;3;;4;;5;;6;;;;;;;;;;4;;3;;;;;;;;;;;;;;2;;98;;;;;;;;;;;;;;;;;;;;;;;;;;;;;;;;2;1;2;4;1;3;1;4;4;2;2;1;1;3;1;2;1;1;1;1;2;3;3;1;;;2;1;4;3;1;8;8;;1;3;1;;2;2;0;1;;2;3;0,54773313
34420;1;2;3;3;5;;1;4;1;;;;;;;;;;;;;;;;;;;;;;;;;;;;;;;;;1;1;1;1;2;1;2;1;2;1;1;1;2;1;;;;;;;;;;;;1;10;10;1;1;3;2;3;2;2;3;2;3;3;3;3;3;1;1;2;4;1;2;;1;1;;4;;;;;;;;;;;;;;;;;;5;;;;;;;;;;;;;;;;1;1;1;;;;;;;;;;;;;;;;2;;;;;;;;;;;;;;;;2;2;4;3;4;4;4;4;4;4;1;1;2;4;1;3;1;1;1;2;2;3;3;3;;;1;2;4;3;1;7;1;;2;5;1;;1;4;0;1;;2;4;0,16251326
34421;2;2;3;3;5;;1;1;1;2;1;1;2;1;2;2;2;2;2;2;2;2;2;2;2;99;;;;;;;;;;;;;;;;;;;;;;;;;2;1;2;;;;;;;;;;;;;;3;5;5;2;3;3;3;3;3;2;3;3;2;2;4;4;3;2;3;3;3;1;;2;2;;;;;;;;;;;;;;;;;;;;;;;;;;;;;;;;;;;;;2;;98;;;;;;;;;;;;;;;;;;;;;;;;;;;;;;;;3;3;4;4;4;4;4;4;4;4;2;3;2;3;3;2;3;2;4;3;4;2;3;3;;;3;2;3;3;1;6;1;;2;6;1;;2;1;0;1;;2;5;0,15657926
34422;1;16;3;2;4;;1;4;3;;;;;;;;;;;;;;;;;;;;;;;;;;;;;;;;;2;1;2;2;1;1;2;2;1;1;1;1;2;1;;;;;;;;;;;;2;3;3;2;3;3;3;2;2;3;2;2;3;5;5;3;2;5;5;3;2;9;;;1;5;;;;;;;;;;;;;;;;;;;;99;;;;;;;;;;;;;;;;1;1;98;;;;;;;;;;;;;;;;;;;;;;;;;;;;;;;;3;2;9;9;9;9;9;9;9;9;3;3;3;3;3;9;2;2;9;2;9;3;3;9;;;3;3;2;2;1;7;1;;2;6;1;;1;2;0;1;;2;5;0,54773313
34423;1;8;3;3;5;;1;4;1;;;;;;;;;;;;;;;;;;;;;;;;;;;;;;;;;1;1;1;1;2;1;1;1;2;1;1;1;2;1;;;;;;;;;;;;1;6;6;1;2;2;2;3;4;2;3;2;3;2;3;3;3;2;1;1;4;9;;;1;3;;4;;;;;;;;;;;;;;;;;;3;;;;;;;;;;;;;;;;2;;98;;;;;;;;;;;;;;;;;;;;;;;;;;;;;;;;1;2;9;2;4;4;4;4;4;4;1;2;2;2;1;4;1;1;2;1;2;2;2;2;;;4;4;4;3;2;4;1;;2;6;1;;1;2;0;1;;2;99;0,15537187
34425;1;15;1;2;3;;1;4;1;;;;;;;;;;;;;;;;;;;;;;;;;;;;;;;;;1;1;1;2;2;2;1;1;2;1;1;2;1;;;;;;;;;;;;;2;5;7;1;2;3;2;3;2;2;2;3;2;3;2;2;3;1;2;2;2;1;2;;1;4;;6;;;;;;;;;;;;;;;;;;4;;;;;;;;;;;;;;;;2;;1;;;;;;;;;;;;;;;;1;;;;;;;;;;;;;;;;1;2;2;3;4;4;4;4;4;4;2;3;3;3;2;3;2;2;2;2;2;3;3;4;;;5;3;4;2;2;3;8;;1;1;1;;2;1;2;1;;2;2;3,94454312
34426;1;7;3;2;4;;1;4;4;;;;;;;;;;;;;;;;;;;;;;;;;;;;;;;;;1;2;2;2;2;1;1;2;2;1;1;1;1;;;;;;;;;;;;;1;5;3;2;2;9;3;2;2;3;2;2;2;4;1;1;3;1;1;1;4;2;;;2;;;;;;;;;;;;;;;;;;;;;;;;;;;;;;;;;;;;;2;;98;;;;;;;;;;;;;;;;;;;;;;;;;;;;;;;;3;2;3;2;4;4;3;4;4;4;2;3;3;3;1;4;1;1;3;9;9;4;9;9;;;1;5;4;9;2;5;6;;2;5;1;;2;1;0;1;;9;1;0,52366459
34427;1;17;3;2;4;;1;4;1;;;;;;;;;;;;;;;;;;;;;;;;;;;;;;;;;1;1;1;2;2;1;1;1;2;1;1;1;1;;;;;;;;;;;;;1;6;8;9;2;3;2;3;3;1;3;2;2;5;5;3;2;2;1;2;4;1;1;;2;;;;;;;;;;;;;;;;;;;;;;;;;;;;;;;;;;;;;1;1;98;;;;;;;;;;;;;;;;;;;;;;;;;;;;;;;;2;2;2;2;4;4;4;4;4;4;1;2;4;2;2;4;2;1;2;1;1;4;4;2;;;1;3;4;3;2;2;1;;2;6;1;;1;2;0;1;;2;2;2,18957973
34428;1;16;3;2;4;;1;4;1;;;;;;;;;;;;;;;;;;;;;;;;;;;;;;;;;1;2;2;2;2;2;2;2;2;9;9;9;2;1;;;;;;;;;;;;2;7;8;9;2;2;2;2;2;2;3;2;1;3;2;3;3;2;2;5;3;1;2;;2;;;;;;;;;;;;;;;;;;;;;;;;;;;;;;;;;;;;;1;1;98;;;;;;;;;;;;;;;;;;;;;;;;;;;;;;;;3;1;4;4;4;4;4;4;4;4;1;4;2;2;3;9;2;2;1;2;2;4;4;3;;;1;1;4;3;2;3;99;;9;5;1;;1;2;0;1;;2;99;2,18957973
34429;1;11;3;3;5;;1;4;2;;;;;;;;;;;;;;;;;;;;;;;;;;;;;;;;;1;2;2;2;2;1;2;2;1;2;2;1;1;;;;;;;;;;;;;1;10;7;2;1;3;2;2;3;2;4;4;2;4;2;2;2;2;1;1;3;1;2;;1;3;;;;;;;;;;;;;;;;;;;;4;;3;;;;;;;;;;;;;;1;1;98;;;;;;;;;;;;;;;;;;;;;;;;;;;;;;;;4;1;4;2;2;4;4;3;4;4;3;1;1;3;1;1;1;1;1;1;1;3;1;1;;;4;4;4;2;1;8;6;;2;3;1;;1;2;0;1;;2;4;0,16251326
34430;1;5;3;2;4;;1;4;1;;;;;;;;;;;;;;;;;;;;;;;;;;;;;;;;;1;1;2;1;1;1;1;2;1;9;1;9;2;1;;;;;;;;;;;;1;4;8;2;2;2;4;5;1;2;1;1;1;4;1;1;3;1;1;5;1;1;1;;2;;;;;;;;;;;;;;;;;;;;;;;;;;;;;;;;;;;;;1;1;1;;;;;;;;;;;;;;;;2;;;;;;;;;;;;;;;;3;2;3;3;4;4;4;4;4;2;2;3;4;2;1;4;1;1;1;9;3;4;4;4;;;1;4;4;3;2;3;1;;2;3;1;;1;2;0;1;;2;7;2,18957973
34431;2;17;3;2;4;;1;2;3;2;2;1;2;2;2;2;2;2;2;2;2;2;2;2;2;97;SI ON AVAIT FAIT RENAÎTRE RENÉ LÉVESQUE DE SES CENDRES;;;;;;;;;;;;;;;;;;;;;;;;2;2;2;;;;;;;;;;;;;;3;0;1;2;2;4;3;3;3;3;3;3;3;3;3;3;3;3;3;3;3;1;;2;2;;;;;;;;;;;;;;;;;;;;;;;;;;;;;;;;;;;;;2;;98;;;;;;;;;;;;;;;;;;;;;;;;;;;;;;;;1;3;4;4;4;4;4;4;4;4;3;3;3;3;3;3;3;3;3;3;3;3;3;3;;;3;3;3;3;1;4;1;;2;5;1;;2;1;0;1;;2;2;1,50804174
34432;1;11;3;3;5;;1;4;1;;;;;;;;;;;;;;;;;;;;;;;;;;;;;;;;;1;1;1;1;2;1;1;1;2;1;1;2;1;;;;;;;;;;;;;1;10;10;1;1;2;3;2;2;3;2;2;2;3;3;3;3;2;2;2;2;1;2;;2;;;;;;;;;;;;;;;;;;;;;;;;;;;;;;;;;;;;;1;2;98;;;;;;;;;;;;;;;;;;;;;;;;;;;;;;;;2;2;4;4;4;4;4;4;4;4;1;2;1;2;2;4;1;1;1;1;1;4;4;4;;;1;4;5;3;1;5;11;AIDE SOCIALE;1;5;1;;1;2;0;1;;2;1;0,14460243
34433;1;2;3;3;6;;1;4;1;;;;;;;;;;;;;;;;;;;;;;;;;;;;;;;;;1;1;1;2;2;1;1;1;2;1;1;1;1;;;;;;;;;;;;;1;9;9;1;1;2;2;1;1;2;3;2;1;3;1;1;2;1;1;1;3;1;2;;1;3;;;;;;;;;;;;;;;;;;;;3;;;;;;;;;;;;;;;;2;;98;;;;;;;;;;;;;;;;;;;;;;;;;;;;;;;;1;2;2;1;4;4;1;4;4;4;1;1;1;2;3;4;1;1;1;1;1;4;4;4;;;2;1;4;3;2;4;6;;2;6;1;;2;1;0;1;;2;1;0,2021677
34434;1;16;3;2;4;;1;4;4;;;;;;;;;;;;;;;;;;;;;;;;;;;;;;;;;1;1;2;1;1;1;1;1;1;1;1;2;1;;;;;;;;;;;;;1;5;7;1;3;2;2;1;2;2;2;2;2;2;2;3;2;1;1;2;3;1;2;;1;3;;;;;;;;;;;;;;;;;;;;3;;;;;;;;;;;;;;;;1;1;1;;;;;;;;;;;;;;;;3;;;;;;;;;;;;;;;;2;2;4;3;4;4;4;4;4;4;3;3;3;3;3;4;2;1;2;2;1;4;4;4;;;1;3;4;3;2;3;1;;2;6;1;;2;2;0;3;5;2;2;2,18957973
34435;2;1;3;3;3;;1;1;1;2;1;2;2;1;2;1;2;1;2;2;2;2;1;2;2;99;;;;;;;;;;;;;;;;;;;;;;;;;2;2;2;;;;;;;;;;;;;;3;0;1;2;3;3;3;3;3;2;3;3;4;3;2;3;2;1;2;2;1;2;;;2;;;;;;;;;;;;;;;;;;;;;;;;;;;;;;;;;;;;;1;9;2;;3;;;;;;;;;;;;;;;;;;;;;;;;;;;;;;3;4;3;4;4;4;3;3;4;4;1;3;1;1;3;4;1;1;1;2;1;1;4;9;;;5;4;4;3;2;3;2;;9;4;1;;1;2;2;1;;2;2;0,45079193
34437;1;2;3;3;6;;1;4;2;;;;;;;;;;;;;;;;;;;;;;;;;;;;;;;;;1;1;1;2;2;1;1;1;1;1;1;1;1;;;;;;;;;;;;;1;10;10;1;1;2;2;1;3;2;4;2;3;2;3;4;2;2;1;2;3;1;2;;1;2;;3;;;;;;;;;;;;;;;;;;3;;;;;;;;;;;;;;;;2;;98;;;;;;;;;;;;;;;;;;;;;;;;;;;;;;;;2;1;1;1;2;2;1;3;3;1;1;1;2;2;2;3;2;1;1;2;2;2;1;3;;;1;1;4;3;1;4;6;;1;6;1;;2;1;0;1;;2;2;0,18815424
34439;1;15;3;2;3;;1;4;2;;;;;;;;;;;;;;;;;;;;;;;;;;;;;;;;;1;1;2;1;2;1;1;2;2;1;9;1;1;;;;;;;;;;;;;1;6;4;9;3;2;2;2;3;2;3;3;3;2;5;5;2;2;1;5;3;2;;;1;4;;;;;;;;;;;;;;;;;;;;99;;;;;;;;;;;;;;;;2;;98;;;;;;;;;;;;;;;;;;;;;;;;;;;;;;;;3;3;4;3;4;4;4;4;4;4;2;2;4;2;2;9;1;1;2;1;2;9;4;4;;;5;3;4;3;1;5;1;;2;6;1;;2;1;2;1;;2;2;0,87799472
34440;1;8;3;3;6;;1;4;1;;;;;;;;;;;;;;;;;;;;;;;;;;;;;;;;;1;1;1;1;2;1;2;2;1;1;1;1;1;;;;;;;;;;;;;1;6;7;1;2;2;3;1;2;2;2;1;2;5;5;5;5;2;1;1;4;1;2;;1;3;;4;;6;;;;;;;;;;;;;;;;3;;;;;;;;;;;;;;;;2;;98;;;;;;;;;;;;;;;;;;;;;;;;;;;;;;;;4;3;4;3;4;4;4;4;4;4;3;1;1;3;4;4;3;2;2;2;1;2;4;2;;;3;3;4;3;2;7;1;;2;6;1;;2;1;0;1;;2;2;0,22720873
34442;1;9;3;3;6;;1;4;1;;;;;;;;;;;;;;;;;;;;;;;;;;;;;;;;;1;2;1;2;2;1;2;2;2;1;1;1;1;;;;;;;;;;;;;1;10;10;1;1;1;1;1;3;4;4;4;2;2;2;4;1;2;1;1;3;1;2;;1;3;;;;;;;;;;;;;;;;;;;;3;;;;;;;;;;;;;;;;1;1;98;;;;;;;;;;;;;;;;;;;;;;;;;;;;;;;;3;1;2;4;3;4;2;4;3;2;1;1;1;4;3;4;2;1;2;2;2;4;2;4;;;1;1;4;3;1;2;6;;2;6;1;;1;2;0;1;;2;3;0,78672314
34444;1;7;3;2;3;;1;4;1;;;;;;;;;;;;;;;;;;;;;;;;;;;;;;;;;1;1;2;2;2;1;1;1;2;1;1;1;2;1;;3;;;;;;;;1;2;1;8;9;1;1;3;2;3;2;2;2;3;2;3;2;2;3;1;1;1;3;1;2;;1;3;;;;;;;;;;;;;;;;;;;;3;;;;;;;;;;;;;;;;1;1;98;;;;;;;;;;;;;;;;;;;;;;;;;;;;;;;;3;2;2;1;4;4;4;4;3;4;3;1;1;1;1;1;1;1;1;1;1;2;2;2;;;2;3;1;1;1;3;1;;2;6;1;;1;2;2;1;;2;5;3,6711235
34445;1;5;3;2;3;;1;4;2;;;;;;;;;;;;;;;;;;;;;;;;;;;;;;;;;1;1;1;2;1;1;1;1;1;2;1;1;1;;;;;;;;;;;;;1;8;8;1;2;2;1;1;2;2;4;3;3;4;1;3;2;1;1;1;4;1;2;;2;;;;;;;;;;;;;;;;;;;;;;;;;;;;;;;;;;;;;1;2;98;;;;;;;;;;;;;;;;;;;;;;;;;;;;;;;;3;3;3;3;3;4;4;3;4;4;2;2;1;1;2;4;1;1;1;1;1;4;4;4;;;1;1;3;1;1;5;1;;1;1;1;;2;2;0;2;5;2;2;0,87799472
34448;1;16;3;2;4;;1;4;2;;;;;;;;;;;;;;;;;;;;;;;;;;;;;;;;;1;2;2;1;2;2;2;2;2;1;1;1;2;1;;3;;;;;;;;2;;2;6;3;2;2;9;5;2;3;5;2;2;5;5;2;2;5;5;2;2;5;2;;;1;4;;;;;;;;;;;;;;;;;;;;99;;;;;;;;;;;;;;;;1;1;98;;;;;;;;;;;;;;;;;;;;;;;;;;;;;;;;2;3;9;4;4;4;4;4;9;4;3;2;2;2;2;9;9;9;9;9;9;9;9;9;;;1;2;4;3;2;5;1;;2;5;1;;1;3;0;1;;2;99;0,52366459
34451;1;8;3;3;6;;1;4;1;;;;;;;;;;;;;;;;;;;;;;;;;;;;;;;;;1;2;1;1;2;2;2;1;2;1;1;1;1;;;;;;;;;;;;;2;3;3;1;2;3;2;2;2;2;3;3;1;3;2;2;3;2;4;2;4;1;2;;1;3;;5;;;;;;;;;;;;;;;;;;4;;3;;;;;;;;;;;;;;2;;1;;2;;3;;5;;;;;;;;;;4;;;;;;;;;;;;;;;;3;2;3;2;4;4;4;4;4;4;2;2;3;4;1;4;1;1;3;3;2;2;3;9;;;2;3;4;3;1;8;6;;2;6;1;;2;1;0;1;;2;4;0,21145961
34454;2;15;1;1;5;;1;1;9;2;1;2;2;2;1;1;1;2;2;1;1;2;1;1;1;99;;;;;;;;;;;;;;;;;;;;;;;;;9;9;9;;;;;;;;;;;;;;5;5;5;9;9;9;4;3;5;3;4;2;3;4;4;3;5;4;3;4;2;9;;;9;;;;;;;;;;;;;;;;;;;;;;;;;;;;;;;;;;;;;9;;99;;;;;;;;;;;;;;;;;;;;;;;;;;;;;;;;3;9;2;3;3;4;4;9;1;9;4;3;3;4;4;9;9;9;9;9;9;9;9;9;;;5;5;5;9;4;8;6;;2;6;2;;1;2;0;1;;2;2;0,90673155
34455;1;2;3;3;5;;1;4;1;;;;;;;;;;;;;;;;;;;;;;;;;;;;;;;;;1;1;2;1;2;1;1;1;2;1;1;1;2;1;;;;;;;;;;;;1;10;10;1;1;1;1;1;1;2;2;2;1;3;1;3;2;1;1;1;1;1;2;;1;3;;6;;;;;;;;;;;;;;;;;;4;;;;;;;;;;;;;;;;2;;98;;;;;;;;;;;;;;;;;;;;;;;;;;;;;;;;1;1;4;4;4;4;4;4;4;4;1;3;4;4;3;2;1;1;2;2;2;3;2;2;;;1;1;4;3;1;2;6;;1;5;1;;1;2;0;1;;2;4;0,60462022
34458;2;12;2;2;5;;1;1;4;2;2;2;2;2;2;2;2;2;2;2;1;2;2;2;2;7;MON HOMME ÉTAIT À HÔPITAL POUR OPÉRATION À CŒUR OUVERT ..JE PRÉFÉRAIT L'ACCOMPAGNER;;;;;;;;;;;;;;;;;;;;;;;;1;1;1;;;;;;;;;;;;;;1;7;9;1;2;1;1;1;3;1;3;2;3;2;2;3;1;2;1;1;3;1;;2;2;;;;;;;;;;;;;;;;;;;;;;;;;;;;;;;;;;;;;1;1;98;;;;;;;;;;;;;;;;;;;;;;;;;;;;;;;;2;2;4;4;4;3;4;4;4;4;1;3;3;4;2;4;1;1;1;1;1;4;4;4;;;5;1;4;3;2;3;6;;2;6;1;;1;2;0;1;;2;5;1,16431904
34463;2;15;3;2;5;;1;3;4;2;2;1;1;1;2;2;2;2;2;2;2;2;2;2;2;99;;;;;;;;;;;;;;;;;;;;;;;;;1;1;1;;;;;;;;;;;;;;2;4;4;9;3;3;3;3;2;3;2;2;2;3;2;2;3;2;2;5;3;2;;;1;3;;4;;;;;;;;;;;;;;;;;;3;;;;;;;;;;;;;;;;1;1;98;;;;;;;;;;;;;;;;;;;;;;;;;;;;;;;;3;3;4;4;4;4;4;4;4;4;3;2;3;1;4;4;2;2;2;2;2;4;4;4;;;2;3;4;3;2;3;2;;2;6;1;;1;2;0;1;;2;98;1,16431904
34466;1;1;3;3;6;;1;4;1;;;;;;;;;;;;;;;;;;;;;;;;;;;;;;;;;1;2;1;1;2;2;2;2;2;1;1;1;1;;;;;;;;;;;;;1;5;6;1;2;2;2;2;3;2;3;2;3;3;3;2;2;2;1;1;2;1;2;;1;2;;3;;4;;6;;;;;;;;;;;;;;3;;;;;;;;;;;;;;;;2;;98;;;;;;;;;;;;;;;;;;;;;;;;;;;;;;;;3;2;4;4;4;4;4;4;4;4;2;2;3;3;3;4;2;2;1;2;2;4;4;4;;;3;3;4;3;2;7;6;;2;6;1;;3;1;0;1;;2;3;0,22720873
34468;1;8;3;3;5;;1;4;1;;;;;;;;;;;;;;;;;;;;;;;;;;;;;;;;;1;1;2;2;2;1;1;2;1;1;1;1;2;1;;;;;;;;;;;;1;6;8;1;2;2;1;2;3;2;2;2;2;2;2;2;2;2;1;2;3;2;;;1;4;;;;;;;;;;;;;;;;;;;;3;;;;;;;;;;;;;;;;1;1;1;;;;;;;;;;;;;;;;1;;;;;;;;;;;;;;;;2;3;4;4;4;4;4;4;4;4;1;2;4;4;1;4;2;2;2;2;2;9;4;4;;;3;3;4;3;2;3;1;;2;6;1;;1;2;0;1;;2;99;0,64965117
34469;1;16;3;2;3;;1;4;4;;;;;;;;;;;;;;;;;;;;;;;;;;;;;;;;;1;1;1;1;1;1;1;1;1;1;1;1;1;;;;;;;;;;;;;1;10;10;2;1;1;1;1;1;1;1;1;1;1;1;1;1;1;1;1;1;1;1;;2;;;;;;;;;;;;;;;;;;;;;;;;;;;;;;;;;;;;;1;1;1;;2;;3;;4;;5;;;;;;;;1;;2;;3;;4;;;;;;;;;;1;1;2;2;2;2;2;2;2;2;1;1;1;1;1;2;2;2;2;2;2;2;2;2;;;2;2;2;1;1;7;1;;2;6;1;;1;2;2;1;;2;5;0,98674732
34470;1;2;3;3;6;;1;4;1;;;;;;;;;;;;;;;;;;;;;;;;;;;;;;;;;1;1;1;1;2;1;2;1;2;1;1;1;2;1;;;;;;;;;;;;1;10;10;1;1;2;2;1;3;2;2;4;2;3;2;4;2;2;2;1;5;1;2;;1;3;;4;;;;;;;;;;;;;;;;;;3;;;;;;;;;;;;;;;;1;1;98;;;;;;;;;;;;;;;;;;;;;;;;;;;;;;;;4;1;4;1;4;4;4;4;4;4;1;2;1;3;4;4;9;2;2;2;2;2;1;2;;;4;4;4;3;2;7;6;;2;6;1;;1;2;0;1;;2;99;0,22720873
34471;1;12;3;2;2;;1;4;1;;;;;;;;;;;;;;;;;;;;;;;;;;;;;;;;;1;1;2;1;2;1;1;1;1;1;1;2;2;1;;;;;;;;;;;;1;3;6;1;2;2;2;2;1;3;1;1;1;3;2;4;2;1;1;2;3;1;2;;1;5;;;;;;;;;;;;;;;;;;;;7;UN RAPPEL D’ALLER VOTER, PAS NÉCESSAIREMENT POUR LEUR PARTI.;;;;;;;;;;;;;;;1;1;98;;;;;;;;;;;;;;;;;;;;;;;;;;;;;;;;2;2;3;3;4;4;4;4;4;4;2;3;2;1;3;4;1;1;1;1;2;4;4;4;2;2;3;1;4;3;2;7;4;;3;1;1;;1;2;2;1;;2;3;0,29200417
34472;1;16;3;2;1;1;1;4;3;;;;;;;;;;;;;;;;;;;;;;;;;;;;;;;;;1;1;2;2;1;1;1;1;1;2;2;1;1;;;;;;;;;;;;;2;3;7;2;2;3;2;2;2;3;2;2;2;3;2;3;2;2;2;2;2;1;2;;2;;;;;;;;;;;;;;;;;;;;;;;;;;;;;;;;;;;;;2;;1;;;;;;;;;;;;;;;;4;;;;;;;;;;;;;;;;4;3;4;4;4;4;4;4;4;4;3;3;1;1;2;4;2;2;2;2;2;4;4;4;2;2;2;3;3;3;2;7;1;;1;3;1;;1;1;0;1;;2;4;0,34825167
34473;2;16;1;1;5;;1;1;1;2;2;1;2;1;2;2;2;2;2;2;2;2;2;2;1;99;;;;;;;;;;;;;;;;;;;;;;;;;2;2;2;;;;;;;;;;;;;;1;0;0;2;3;2;2;2;1;2;1;1;1;2;1;1;1;1;1;1;4;2;;;2;;;;;;;;;;;;;;;;;;;;;;;;;;;;;;;;;;;;;1;2;98;;;;;;;;;;;;;;;;;;;;;;;;;;;;;;;;4;4;4;4;4;4;4;4;4;4;1;1;4;4;1;4;1;1;1;1;1;4;4;4;;;1;4;4;3;1;7;1;;2;6;1;;1;2;0;1;;2;4;0,90673155
34476;1;7;3;2;3;;1;4;1;;;;;;;;;;;;;;;;;;;;;;;;;;;;;;;;;1;1;1;2;2;1;1;2;2;1;1;1;1;;;;;;;;;;;;;1;8;10;2;1;2;2;3;2;2;4;2;2;2;2;3;3;3;1;1;4;1;2;;2;;;;;;;;;;;;;;;;;;;;;;;;;;;;;;;;;;;;;1;1;1;;2;;;;;;;;;;;;;;2;;;;;;;;;;;;;;;;3;2;3;4;4;4;4;4;4;4;2;1;1;2;3;4;1;1;2;2;2;4;3;1;;;1;1;2;3;2;7;1;;2;4;1;;1;2;0;1;;2;6;1,0602386
34477;2;13;1;1;2;;1;2;4;1;2;2;2;1;2;2;2;2;2;2;2;2;2;2;2;99;;;;;;;;;;;;;;;;;;;;;;;;;1;1;1;;;;;;;;;;;;;;2;6;2;1;3;2;1;2;2;3;2;2;2;2;2;2;3;1;2;1;5;2;;;2;;;;;;;;;;;;;;;;;;;;;;;;;;;;;;;;;;;;;1;1;3;;;;;;;;;;;;;;;;;;;;;;;;;;;;;;;;3;3;3;4;4;4;4;4;4;4;2;3;3;3;2;4;1;1;2;1;1;4;4;4;2;2;3;3;3;3;1;4;1;;2;3;1;;1;2;1;1;;2;5;1,26311862
34479;1;16;1;1;2;;1;4;1;;;;;;;;;;;;;;;;;;;;;;;;;;;;;;;;;2;1;1;2;2;1;1;1;2;1;1;2;2;2;;;;;;;;;;;;1;9;9;1;1;3;1;1;5;3;1;3;1;3;1;4;3;1;2;2;4;1;2;;2;;;;;;;;;;;;;;;;;;;;;;;;;;;;;;;;;;;;;1;1;98;;;;;;;;;;;;;;;;;;;;;;;;;;;;;;;;3;2;4;4;3;4;4;4;4;4;1;2;1;1;3;4;1;1;2;1;1;4;3;3;2;2;2;4;5;2;1;5;1;;3;5;1;;2;3;0;1;;2;6;0,37362623
34480;1;16;1;1;2;;1;4;4;;;;;;;;;;;;;;;;;;;;;;;;;;;;;;;;;1;1;2;2;1;1;1;1;2;9;9;2;1;;;;;;;;;;;;;2;3;5;2;3;2;2;2;3;5;3;2;3;2;2;3;3;2;1;2;3;1;2;;2;;;;;;;;;;;;;;;;;;;;;;;;;;;;;;;;;;;;;2;;1;;2;;;;;;;;;;;;;;1;;2;;;;;;;;;;;;;;3;3;3;1;4;4;4;4;1;4;4;2;1;1;3;4;1;1;1;1;1;1;4;1;2;2;1;3;1;3;2;8;1;;2;3;1;;1;1;0;3;5;2;6;0,45117819
34483;1;3;2;1;1;1;1;4;1;;;;;;;;;;;;;;;;;;;;;;;;;;;;;;;;;1;2;1;1;1;1;1;1;1;1;1;2;1;;;;;;;;;;;;;1;10;10;1;2;2;2;2;3;4;2;1;2;1;4;3;2;1;3;2;2;1;2;;2;;;;;;;;;;;;;;;;;;;;;;;;;;;;;;;;;;;;;2;;1;;2;;;;;;;;;;;;;;1;;;;;;;;;;;;;;;;2;1;1;2;1;4;4;2;2;4;2;2;1;1;3;3;1;4;4;4;9;4;4;9;1;1;1;1;1;2;2;7;2;;1;3;1;;2;1;1;1;;2;1;0,53808683
34486;2;6;1;1;2;;1;3;3;2;2;2;1;1;2;2;2;2;2;2;2;2;2;2;2;99;;;;;;;;;;;;;;;;;;;;;;;;;1;1;2;;;;;;;;;;;;;;2;8;8;1;2;3;3;2;2;3;2;3;3;3;2;3;2;2;2;3;2;2;;;1;1;;;;;;;;;;;;;;;;;;;;4;;;;;;;;;;;;;;;;1;1;1;;;;;;;;;;;;;;;;2;;;;;;;;;;;;;;;;2;2;2;3;2;4;4;4;3;4;2;2;2;2;3;3;2;2;2;3;2;4;3;3;1;2;2;3;3;3;1;5;1;;2;3;1;;1;2;1;1;;2;5;1,26311862
34487;2;3;3;1;5;;1;3;9;1;1;1;1;1;2;2;2;1;2;2;1;2;1;2;1;99;;;;;;;;;;;;;;;;;;;;;;;;;1;1;2;;;;;;;;;;;;;;2;5;6;9;2;3;3;2;1;2;2;1;2;3;1;2;1;1;1;1;2;1;;9;2;;;;;;;;;;;;;;;;;;;;;;;;;;;;;;;;;;;;;1;9;98;;;;;;;;;;;;;;;;;;;;;;;;;;;;;;;;3;3;3;2;4;4;9;9;4;4;2;2;2;2;2;4;1;1;1;1;1;1;1;1;;;5;4;4;1;2;3;99;;1;3;1;;9;3;0;1;;2;2;1,37638462
34490;1;6;1;1;2;;1;4;1;;;;;;;;;;;;;;;;;;;;;;;;;;;;;;;;;1;1;1;2;1;1;1;1;1;1;1;1;1;;;;;;;;;;;;;1;10;10;1;2;2;2;3;1;2;2;4;2;3;1;2;3;2;2;2;3;1;2;;2;;;;;;;;;;;;;;;;;;;;;;;;;;;;;;;;;;;;;1;1;98;;;;;;;;;;;;;;;;;;;;;;;;;;;;;;;;2;2;4;4;4;4;4;4;4;4;1;1;4;4;1;4;4;4;1;1;1;9;4;9;2;2;2;2;5;3;1;9;1;;2;5;2;;1;2;1;1;;2;8;0,41990462
34492;1;15;1;2;1;1;1;4;2;;;;;;;;;;;;;;;;;;;;;;;;;;;;;;;;;1;2;1;1;1;1;1;1;1;1;1;2;1;;;;;;;;;;;;;1;5;0;1;2;4;2;4;3;3;2;3;2;4;5;3;2;2;1;1;1;1;2;;2;;;;;;;;;;;;;;;;;;;;;;;;;;;;;;;;;;;;;1;1;2;;3;;97;INFLUENCEUR;;;;;;;;;;;;;;;;;;;;;;;;;;;3;2;3;1;4;4;4;4;4;4;3;4;2;1;2;4;1;1;2;1;1;4;4;4;1;1;5;2;4;3;2;6;1;;1;1;1;;1;3;0;1;;2;4;0,30987042
34498;2;12;3;2;6;;1;3;2;1;2;1;2;1;2;2;2;2;2;2;2;2;2;2;2;99;;;;;;;;;;;;;;;;;;;;;;;;;1;1;1;;;;;;;;;;;;;;2;7;7;2;3;2;3;2;2;5;2;2;2;3;2;2;3;2;2;2;3;1;;2;1;4;;;;;;;;;;;;;;;;;;;;3;;;;;;;;;;;;;;;;1;1;98;;;;;;;;;;;;;;;;;;;;;;;;;;;;;;;;2;2;4;4;4;4;4;4;4;4;1;2;4;4;2;4;2;4;2;2;2;4;4;3;;;1;4;4;3;2;3;1;;1;4;1;;1;2;0;1;;2;4;1,24692321
34499;1;8;3;3;6;;1;4;1;;;;;;;;;;;;;;;;;;;;;;;;;;;;;;;;;1;1;1;1;1;1;1;1;1;1;1;1;2;1;;;;;;;;;;;;1;10;10;1;1;2;2;1;2;2;2;3;2;3;2;3;3;2;1;2;4;1;2;;1;3;;4;;;;;;;;;;;;;;;;;;3;;;;;;;;;;;;;;;;1;1;98;;;;;;;;;;;;;;;;;;;;;;;;;;;;;;;;3;2;4;4;4;4;4;4;4;4;1;2;4;3;2;4;2;2;2;2;2;4;4;2;;;3;2;3;3;1;7;6;;2;6;1;;1;2;0;1;;2;6;0,21145961
34503;1;8;3;3;6;;1;4;1;;;;;;;;;;;;;;;;;;;;;;;;;;;;;;;;;1;2;2;2;2;1;1;1;2;1;1;1;2;1;;;;;;;;;;;;1;8;10;1;1;2;1;1;3;2;3;4;2;3;2;4;2;2;1;1;2;1;2;;1;3;;4;;5;;7;;;;;;;;;;;;;;2;;4;;1;;;;;;;;;;;;1;1;98;;;;;;;;;;;;;;;;;;;;;;;;;;;;;;;;2;2;9;1;9;4;4;2;4;4;1;2;3;2;1;4;2;1;2;2;2;9;9;4;;;4;1;4;3;1;3;6;;2;3;1;;1;2;0;1;;2;99;0,78672314
34505;1;1;3;3;6;;1;4;1;;;;;;;;;;;;;;;;;;;;;;;;;;;;;;;;;1;1;1;1;1;1;1;1;1;1;1;1;2;1;;;;;;;;;;;;1;10;10;1;1;2;2;1;2;1;4;3;1;2;1;3;2;1;1;2;1;1;2;;1;3;;6;;;;;;;;;;;;;;;;;;3;;;;;;;;;;;;;;;;2;;98;;;;;;;;;;;;;;;;;;;;;;;;;;;;;;;;1;2;4;3;2;4;3;3;3;4;1;2;2;3;2;4;2;1;1;1;1;3;3;3;;;2;2;2;3;1;3;6;;2;6;1;;1;2;0;1;;2;5;0,78672314
34507;1;6;1;1;2;;1;4;1;;;;;;;;;;;;;;;;;;;;;;;;;;;;;;;;;1;1;1;2;1;1;1;1;1;1;1;1;2;2;;;;;;;;;;;;1;8;7;2;2;2;2;2;2;4;4;2;3;3;2;2;2;2;1;2;3;1;2;;2;;;;;;;;;;;;;;;;;;;;;;;;;;;;;;;;;;;;;1;1;98;;;;;;;;;;;;;;;;;;;;;;;;;;;;;;;;4;1;1;4;3;2;4;4;4;4;1;2;1;1;3;4;1;1;1;1;1;4;4;3;2;2;5;1;3;3;2;5;1;;3;3;2;;2;3;0;1;;2;4;0,40145314
34508;1;9;3;3;5;;1;4;1;;;;;;;;;;;;;;;;;;;;;;;;;;;;;;;;;1;1;2;2;2;1;1;1;2;1;1;1;1;;;;;;;;;;;;;1;7;10;1;2;3;1;3;2;2;3;2;2;3;2;2;2;2;2;2;3;1;2;;2;;;;;;;;;;;;;;;;;;;;;;;;;;;;;;;;;;;;;1;1;1;;2;;3;;;;;;;;;;;;1;;2;;;;;;;;;;;;;;1;2;1;1;4;3;4;4;1;1;1;1;1;1;3;4;1;1;1;1;1;2;4;2;;;3;2;4;2;2;6;1;;1;5;1;;1;2;0;1;;2;6;0,15537187
34509;1;14;3;2;2;;1;4;1;;;;;;;;;;;;;;;;;;;;;;;;;;;;;;;;;2;2;1;2;2;1;1;1;2;2;2;2;1;;;;;;;;;;;;;2;10;10;1;1;3;2;1;2;2;4;4;2;3;2;4;1;2;3;2;4;1;2;;2;;;;;;;;;;;;;;;;;;;;;;;;;;;;;;;;;;;;;2;;98;;;;;;;;;;;;;;;;;;;;;;;;;;;;;;;;4;1;1;1;2;4;4;4;4;2;2;1;1;1;3;2;1;1;1;1;1;9;2;9;1;2;1;4;1;3;2;4;3;;1;5;1;;1;2;0;1;;2;4;0,25982258
34515;1;17;3;2;4;;1;4;1;;;;;;;;;;;;;;;;;;;;;;;;;;;;;;;;;1;1;1;1;2;1;1;1;2;1;1;1;1;;;;;;;;;;;;;1;8;9;1;2;2;2;1;3;1;2;2;2;2;3;4;2;1;1;1;4;1;2;;1;1;;2;;3;;7;;;;;;;;;;;;;;3;;4;;;;;;;;;;;;;;2;;2;;3;;;;;;;;;;;;;;;;;;;;;;;;;;;;;;2;2;2;2;2;3;3;2;2;3;1;1;2;1;2;3;2;3;1;3;2;3;4;3;;;3;3;4;3;1;5;1;;2;6;1;;2;1;0;1;;2;3;0,48736537
34517;1;15;1;2;3;;1;4;1;;;;;;;;;;;;;;;;;;;;;;;;;;;;;;;;;1;2;2;1;2;1;1;1;2;1;1;1;1;;;;;;;;;;;;;2;1;1;2;4;3;5;5;2;4;1;2;1;4;1;1;4;1;5;5;5;2;;;1;3;;;;;;;;;;;;;;;;;;;;5;;;;;;;;;;;;;;;;2;;98;;;;;;;;;;;;;;;;;;;;;;;;;;;;;;;;4;4;4;2;4;4;4;4;4;4;3;3;2;3;4;4;9;9;9;9;9;9;9;1;;;1;3;5;3;1;3;1;;1;6;1;;2;1;0;1;;2;3;3,6711235
34518;2;4;3;2;1;1;1;2;1;1;1;1;2;1;2;2;2;1;2;2;2;2;2;1;2;99;;;;;;;;;;;;;;;;;;;;;;;;;8;8;2;;;;;;;;;;;;;;2;1;3;2;4;3;5;1;1;5;5;1;1;5;1;5;4;1;2;5;3;1;;2;2;;;;;;;;;;;;;;;;;;;;;;;;;;;;;;;;;;;;;2;;98;;;;;;;;;;;;;;;;;;;;;;;;;;;;;;;;3;3;2;3;3;4;4;4;4;4;3;2;1;1;3;4;1;1;1;2;3;4;4;4;1;2;1;5;4;3;2;6;3;;1;3;1;;2;1;0;1;;2;1;0,51850879
34519;1;2;3;3;3;;1;4;2;;;;;;;;;;;;;;;;;;;;;;;;;;;;;;;;;1;1;1;1;2;1;1;1;2;1;1;1;1;;;;;;;;;;;;;1;9;9;2;1;1;1;1;1;2;1;2;1;1;1;2;1;1;1;1;4;1;2;;2;;;;;;;;;;;;;;;;;;;;;;;;;;;;;;;;;;;;;2;;1;;;;;;;;;;;;;;;;1;;;;;;;;;;;;;;;;2;1;3;3;2;4;4;4;4;4;1;2;2;2;1;2;1;1;1;1;1;4;4;4;;;1;1;4;1;1;7;1;;2;5;1;;2;1;1;1;;2;4;0,17896475
34520;1;16;1;1;2;;1;4;4;;;;;;;;;;;;;;;;;;;;;;;;;;;;;;;;;1;1;2;2;2;1;1;1;1;1;1;1;2;3;;;;;;;;;;1;1;1;7;8;2;3;2;1;1;2;4;3;3;4;2;4;2;3;3;2;1;4;1;2;;2;;;;;;;;;;;;;;;;;;;;;;;;;;;;;;;;;;;;;1;1;1;;2;;;;;;;;;;;;;;4;;;;;;;;;;;;;;;;3;2;3;3;4;4;4;3;4;4;3;3;1;2;2;1;1;1;3;2;1;4;2;3;1;2;1;1;3;2;1;5;1;;2;4;1;;1;2;1;1;;2;5;0,37362623
34523;2;15;1;2;5;;1;1;1;2;2;2;2;2;2;2;1;2;2;2;2;2;2;2;2;99;;;;;;;;;;;;;;;;;;;;;;;;;2;2;2;;;;;;;;;;;;;;4;0;0;2;4;9;5;5;5;5;5;5;5;5;5;5;5;5;5;5;4;1;;2;2;;;;;;;;;;;;;;;;;;;;;;;;;;;;;;;;;;;;;1;1;98;;;;;;;;;;;;;;;;;;;;;;;;;;;;;;;;4;4;4;4;4;4;4;4;4;4;4;2;4;4;4;4;1;1;1;1;1;4;4;4;;;1;4;4;3;2;3;6;;2;5;1;;1;2;0;1;;2;5;1,16431904
34524;1;2;3;3;3;;1;4;1;;;;;;;;;;;;;;;;;;;;;;;;;;;;;;;;;1;1;1;1;2;1;1;1;2;1;1;1;2;1;;;;;;;;;;;;1;8;8;9;2;2;2;1;2;2;2;2;2;2;1;2;2;1;1;1;1;2;;;1;3;;4;;6;;7;;;;;;;;;;;;;;3;;4;;;;;;;;;;;;;;1;1;1;;;;;;;;;;;;;;;;4;;;;;;;;;;;;;;;;3;3;2;4;3;3;4;4;4;2;1;1;2;2;2;4;1;1;1;1;1;3;3;2;;;1;4;4;3;1;7;1;;2;5;1;;1;2;1;1;;2;7;0,17896475
34525;1;3;2;1;1;1;1;4;1;;;;;;;;;;;;;;;;;;;;;;;;;;;;;;;;;1;2;2;2;2;1;1;1;1;1;1;1;2;2;;;;;;;;;;;;1;7;7;2;2;2;2;2;2;2;3;2;2;3;2;2;3;3;2;2;3;1;2;;2;;;;;;;;;;;;;;;;;;;;;;;;;;;;;;;;;;;;;1;1;1;;2;;;;;;;;;;;;;;1;;;;;;;;;;;;;;;;3;3;4;3;4;4;4;4;4;4;3;3;3;2;3;4;2;2;2;2;2;4;4;4;2;2;2;3;3;1;2;7;1;;2;3;1;;1;3;0;1;;2;6;0,53808683
34527;1;15;1;2;2;;1;4;2;;;;;;;;;;;;;;;;;;;;;;;;;;;;;;;;;1;1;1;2;1;1;1;1;2;2;2;2;2;1;;3;;;;;;;;1;2;2;3;8;9;3;3;2;2;2;5;4;2;2;3;2;3;2;2;1;2;3;2;;;2;;;;;;;;;;;;;;;;;;;;;;;;;;;;;;;;;;;;;1;1;1;;;;;;;;;;;;;;;;2;;;;;;;;;;;;;;;;4;3;4;4;4;4;4;4;4;4;3;4;3;3;3;3;2;2;2;2;1;4;3;3;2;2;3;3;4;2;1;2;1;;1;3;1;;1;2;2;1;;2;4;1,01107609
34528;2;6;1;1;2;;1;3;3;2;2;2;2;2;2;2;1;2;1;2;2;2;2;2;2;4;BEING REGISTERED BEFORE THE DEADLINE;;;;;;;;;;;;;;;;;;;;;;;;2;2;2;;;;;;;;;;;;;;1;6;4;9;3;9;1;5;5;5;2;1;2;3;2;5;5;5;1;1;5;2;;;2;;;;;;;;;;;;;;;;;;;;;;;;;;;;;;;;;;;;;1;1;98;;;;;;;;;;;;;;;;;;;;;;;;;;;;;;;;1;3;2;4;4;4;4;4;4;4;3;2;1;1;3;4;9;1;9;9;1;9;4;9;2;2;4;4;5;3;2;2;99;;3;6;1;;2;2;0;1;;2;98;2,1548593
34530;1;8;3;3;4;;1;4;1;;;;;;;;;;;;;;;;;;;;;;;;;;;;;;;;;1;1;2;1;1;1;1;1;2;1;1;1;1;;;;;;;;;;;;;1;8;5;2;2;2;2;2;2;3;3;2;3;3;2;2;3;2;1;2;1;1;2;;1;1;;2;;3;;4;;;;;;;;;;;;;;3;;;;;;;;;;;;;;;;1;1;1;;;;;;;;;;;;;;;;2;;;;;;;;;;;;;;;;3;2;4;1;4;4;4;4;4;4;1;2;3;3;1;4;3;3;2;2;1;2;1;2;;;3;3;4;3;1;7;8;;2;5;1;;1;2;2;1;;2;8;0,09934163
34533;2;2;3;3;5;;1;3;3;2;2;2;2;1;2;1;2;2;2;1;2;2;2;2;2;11;PLUS DE FLEXIBILITÉ. VOTE A DISTANCE LA JOURNÉE DU VOTE. J'ÉTAIS ÉGALEMENT À L'EXTÉRIEUR LORS DES JOURNÉES DE VOTE PAR ANTICIPATION.;6;;5;;;;;;;;;;;;;;;;;;;;;1;1;1;;;;;;;;;;;;;;1;9;9;1;3;2;2;2;1;2;1;2;1;2;3;3;3;2;2;2;3;1;;2;2;;;;;;;;;;;;;;;;;;;;;;;;;;;;;;;;;;;;;1;1;98;;;;;;;;;;;;;;;;;;;;;;;;;;;;;;;;3;3;4;4;4;4;4;4;4;4;1;2;2;4;3;4;2;3;2;2;3;2;2;3;;;2;3;4;2;2;7;6;;2;6;1;;1;2;0;1;;2;8;0,07179871
34535;1;5;3;2;1;1;1;4;1;;;;;;;;;;;;;;;;;;;;;;;;;;;;;;;;;1;1;1;2;2;1;1;1;2;8;1;1;2;1;;;;;;;;;;;;1;10;10;1;1;3;2;2;3;2;4;4;3;3;2;4;2;2;1;2;4;1;2;;1;1;;2;;3;;5;;6;;7;;;;;;;;;;3;;5;;4;;;;;;;;;;;;1;1;98;;;;;;;;;;;;;;;;;;;;;;;;;;;;;;;;2;1;4;1;4;3;1;2;2;1;3;3;1;1;3;1;1;1;1;1;1;1;1;1;2;2;1;5;1;3;1;6;3;;1;3;1;;1;2;0;1;;2;1;0,28839251
34536;1;7;3;2;2;;1;4;3;;;;;;;;;;;;;;;;;;;;;;;;;;;;;;;;;1;2;2;2;1;2;1;2;2;9;9;9;2;2;;;;;;;;;;;;1;1;0;2;3;4;2;2;1;4;4;2;1;4;1;2;2;1;1;2;4;2;;;2;;;;;;;;;;;;;;;;;;;;;;;;;;;;;;;;;;;;;1;1;1;;2;;;;;;;;;;;;;;1;;2;;;;;;;;;;;;;;2;2;4;4;4;4;4;4;4;4;3;3;3;1;1;4;1;1;2;2;2;4;4;4;2;2;1;2;3;3;2;3;1;;2;4;1;;1;2;0;1;;2;3;1,08638453
34537;1;11;3;3;4;;1;4;1;;;;;;;;;;;;;;;;;;;;;;;;;;;;;;;;;1;1;2;1;2;2;1;1;2;1;1;1;2;1;;;;;;;;;;;;1;6;7;1;2;3;2;5;2;1;4;2;2;3;2;4;3;1;1;1;4;1;2;;2;;;;;;;;;;;;;;;;;;;;;;;;;;;;;;;;;;;;;1;1;98;;;;;;;;;;;;;;;;;;;;;;;;;;;;;;;;1;3;1;4;4;4;4;4;4;4;2;1;2;1;2;4;1;1;1;1;1;4;2;4;;;2;4;2;3;2;3;1;;2;3;1;;1;2;4;1;;2;6;0,39711922
34539;2;3;2;1;4;;1;1;1;2;2;1;2;1;2;2;2;2;2;2;2;2;2;2;2;97;"RIEN COMPTE TENU DE L'ÉTAT DE NOTRE ""DÉMOCRATIE""";;;;;;;;;;;;;;;;;;;;;;;;2;2;2;;;;;;;;;;;;;;3;10;10;2;2;4;4;4;1;4;1;3;1;3;2;1;4;1;4;4;4;1;;2;2;;;;;;;;;;;;;;;;;;;;;;;;;;;;;;;;;;;;;1;2;98;;;;;;;;;;;;;;;;;;;;;;;;;;;;;;;;1;1;2;1;1;4;4;4;4;3;2;2;2;3;3;3;3;1;1;1;1;3;3;4;;;1;4;5;3;1;6;8;;3;5;1;;2;3;0;1;;2;3;2,22306108
34543;1;5;3;2;2;;1;4;4;;;;;;;;;;;;;;;;;;;;;;;;;;;;;;;;;1;1;2;2;1;2;1;1;2;1;1;1;2;1;;;;;;;;;;;;2;6;6;2;2;2;1;3;2;2;2;2;2;2;2;2;2;2;2;1;4;1;2;;2;;;;;;;;;;;;;;;;;;;;;;;;;;;;;;;;;;;;;1;1;98;;;;;;;;;;;;;;;;;;;;;;;;;;;;;;;;3;3;3;2;4;4;4;4;4;4;3;2;2;1;3;4;1;1;2;1;1;4;1;9;2;2;5;4;4;3;2;4;1;;2;3;1;;1;2;0;1;;2;99;0,25982258
34545;2;7;3;2;1;1;1;2;1;1;1;2;2;1;2;2;2;2;2;2;2;2;1;1;1;1;QUE LES GENS QUI Y SONT, TIENNENT LEURS PROMESSES.;;;;;;;;;;;;;;;;;;;;;;;;8;8;8;;;;;;;;;;;;;;2;5;7;9;3;3;5;3;1;4;3;2;1;4;1;2;3;1;3;3;4;2;;;2;;;;;;;;;;;;;;;;;;;;;;;;;;;;;;;;;;;;;1;2;1;;;;;;;;;;;;;;;;97;GRAND MÈRE;;;;;;;;;;;;;;;3;4;3;9;4;4;3;4;4;4;3;3;3;2;2;4;1;1;1;2;1;3;4;4;2;1;1;4;4;3;2;3;3;;3;3;1;;2;2;0;1;;8;2;2,1680212
34547;1;17;3;2;2;;1;4;4;;;;;;;;;;;;;;;;;;;;;;;;;;;;;;;;;1;1;1;2;2;1;1;1;1;1;1;9;2;1;;;;;;;;;;;;1;8;8;1;2;2;2;2;2;2;2;3;2;3;3;4;2;2;1;1;4;2;;;2;;;;;;;;;;;;;;;;;;;;;;;;;;;;;;;;;;;;;1;1;1;;;;;;;;;;;;;;;;1;;2;;;;;;;;;;;;;;3;3;2;4;4;2;4;4;4;3;2;1;2;1;3;4;3;2;1;1;1;4;4;4;2;2;2;1;4;3;2;3;1;;1;1;1;;1;2;1;1;;2;2;1,08638453
34549;1;8;3;3;6;;1;4;1;;;;;;;;;;;;;;;;;;;;;;;;;;;;;;;;;1;1;1;2;2;1;2;1;2;1;1;1;2;2;;;;;;;;;;;;1;6;10;1;2;2;1;1;1;1;4;1;1;5;1;1;1;1;1;1;5;1;1;;1;4;;;;;;;;;;;;;;;;;;;;3;;;;;;;;;;;;;;;;2;;2;;;;;;;;;;;;;;;;;;;;;;;;;;;;;;;;3;2;4;2;4;4;4;4;4;4;1;2;4;4;3;4;1;1;1;1;2;1;4;4;;;1;2;4;1;2;2;6;;1;6;1;;3;1;0;1;;2;2;0,84531575
34551;2;16;1;1;3;;1;2;3;1;2;1;1;1;2;2;1;1;1;1;1;1;1;2;2;4;J4L2N2 PAS REÇU;;;;;;;;;;;;;;;;;;;;;;;;8;8;2;;;;;;;;;;;;;;2;7;7;2;2;3;3;3;2;2;2;3;3;1;3;3;3;3;2;2;2;1;;1;2;;;;;;;;;;;;;;;;;;;;;;;;;;;;;;;;;;;;;2;;1;;;;;;;;;;;;;;;;2;;;;;;;;;;;;;;;;3;2;1;3;2;3;4;2;4;3;2;4;2;3;2;4;3;2;3;3;1;3;3;3;;;2;3;3;2;2;4;4;;3;4;2;;3;3;3;1;;1;4;0,87628502
34552;1;6;1;1;2;;1;4;1;;;;;;;;;;;;;;;;;;;;;;;;;;;;;;;;;1;1;1;1;1;1;1;1;1;1;1;1;2;1;;;;;;;;;;;;1;10;10;1;1;1;1;1;1;1;1;1;1;1;1;1;2;1;2;2;1;2;;;2;;;;;;;;;;;;;;;;;;;;;;;;;;;;;;;;;;;;;1;1;1;;;;;;;;;;;;;;;;2;;;;;;;;;;;;;;;;2;2;4;4;4;4;4;4;4;4;4;4;4;3;4;4;4;4;4;4;4;4;4;4;2;2;4;4;4;1;1;3;1;;2;4;2;;1;4;2;1;;2;3;1,56222737
34555;2;15;3;2;2;;1;1;4;1;2;2;2;1;2;1;2;1;1;2;2;2;1;2;2;3;ÊTRE MIEUX INFORMÉS;;;;;;;;;;;;;;;;;;;;;;;;1;2;2;;;;;;;;;;;;;;3;5;8;9;2;3;2;3;2;4;2;2;2;3;1;3;2;1;2;2;3;1;;2;2;;;;;;;;;;;;;;;;;;;;;;;;;;;;;;;;;;;;;1;1;1;;;;;;;;;;;;;;;;1;;;;;;;;;;;;;;;;2;2;4;4;3;4;4;4;4;4;2;3;1;1;1;9;9;9;9;9;9;9;9;9;9;9;5;5;5;3;2;3;4;;1;6;1;;1;2;3;1;;2;1;1,39463198
34559;1;1;3;3;3;;1;4;1;;;;;;;;;;;;;;;;;;;;;;;;;;;;;;;;;1;1;1;2;2;1;1;1;2;1;1;1;2;1;;;;;;;;;;;;1;7;7;1;2;2;2;3;3;2;3;3;2;3;2;3;2;3;3;2;3;1;2;;1;3;;4;;;;;;;;;;;;;;;;;;3;;;;;;;;;;;;;;;;1;1;1;;;;;;;;;;;;;;;;2;;;;;;;;;;;;;;;;1;3;3;3;4;4;4;4;4;4;2;1;2;2;3;9;2;2;2;2;2;2;2;2;;;2;3;3;3;2;5;1;;2;4;1;;1;2;0;1;;2;3;0,17110108
34564;2;6;1;1;4;;1;3;4;2;2;1;1;1;2;2;2;2;1;2;1;2;2;2;1;99;;;;;;;;;;;;;;;;;;;;;;;;;1;1;1;;;;;;;;;;;;;;1;0;7;9;3;4;3;3;1;5;1;1;1;4;1;1;2;2;1;1;5;1;;1;1;2;;3;;6;;;;;;;;;;;;;;;;3;;4;;2;;;;;;;;;;;;1;1;1;;;;;;;;;;;;;;;;2;;3;;;;;;;;;;;;;;1;2;4;4;4;4;4;4;4;4;2;2;1;1;3;4;1;1;1;1;1;9;4;4;;;1;3;4;3;2;5;5;;2;6;2;;1;4;0;3;5;2;5;0,90702385
34565;1;15;3;2;2;;1;4;9;;;;;;;;;;;;;;;;;;;;;;;;;;;;;;;;;1;1;2;2;2;1;1;1;1;1;1;1;1;;;;;;;;;;;;;1;9;8;9;2;2;2;3;3;3;3;3;3;3;2;3;3;2;1;2;3;9;;;1;3;;;;;;;;;;;;;;;;;;;;99;;;;;;;;;;;;;;;;1;1;98;;;;;;;;;;;;;;;;;;;;;;;;;;;;;;;;2;2;4;1;4;4;4;4;4;4;3;3;2;3;2;1;2;1;2;2;2;3;2;2;9;1;2;3;3;3;2;7;3;;3;3;1;;2;2;0;1;;8;2;0,29200417
34566;1;2;3;3;6;;1;4;1;;;;;;;;;;;;;;;;;;;;;;;;;;;;;;;;;1;1;1;1;1;1;1;1;1;1;1;1;2;1;;;;;;;;;;;;1;9;10;1;2;1;2;2;4;2;4;3;3;2;2;4;2;2;1;1;4;1;2;;2;;;;;;;;;;;;;;;;;;;;;;;;;;;;;;;;;;;;;1;1;98;;;;;;;;;;;;;;;;;;;;;;;;;;;;;;;;2;2;2;2;2;4;2;4;3;4;2;2;1;2;2;4;1;2;1;1;1;4;3;2;;;4;4;4;3;1;6;6;;2;3;1;;1;2;0;1;;2;4;0,18815424
34567;1;16;3;2;2;;1;4;1;;;;;;;;;;;;;;;;;;;;;;;;;;;;;;;;;1;2;1;2;2;1;1;1;1;1;1;1;2;1;;3;;;;;;;;1;2;1;5;8;1;2;4;2;3;2;3;1;2;1;4;1;3;3;1;1;1;1;1;2;;1;4;;;;;;;;;;;;;;;;;;;;4;;3;;;;;;;;;;;;;;1;1;98;;;;;;;;;;;;;;;;;;;;;;;;;;;;;;;;3;3;4;1;4;4;4;3;4;4;1;3;2;1;3;3;1;1;1;1;1;4;3;1;2;2;1;1;1;3;2;4;4;;1;5;1;;1;2;3;1;;2;3;0,25982258
34569;1;4;3;2;1;1;1;4;1;;;;;;;;;;;;;;;;;;;;;;;;;;;;;;;;;1;1;1;1;1;1;1;1;1;8;8;1;2;2;;;;;;;;;;;;1;7;8;1;2;3;2;3;2;2;4;2;2;2;2;3;1;3;1;1;4;1;2;;1;1;;4;;;;;;;;;;;;;;;;;;4;;;;;;;;;;;;;;;;1;1;1;;2;;;;;;;;;;;;;;1;;;;;;;;;;;;;;;;3;2;4;4;4;4;4;4;4;4;3;2;3;3;2;2;1;1;2;1;2;3;2;3;2;1;1;1;3;3;2;6;3;;3;6;1;;2;4;0;1;;2;5;0,30987042
34570;1;1;3;3;4;;1;4;3;;;;;;;;;;;;;;;;;;;;;;;;;;;;;;;;;1;1;1;1;1;1;1;1;2;1;1;2;1;;;;;;;;;;;;;1;9;10;2;2;2;2;2;1;2;1;2;1;2;2;1;1;2;2;2;2;1;2;;2;;;;;;;;;;;;;;;;;;;;;;;;;;;;;;;;;;;;;1;1;98;;;;;;;;;;;;;;;;;;;;;;;;;;;;;;;;2;2;3;4;4;3;4;4;4;4;2;2;2;2;2;2;2;2;2;2;2;1;2;2;;;4;3;4;3;1;7;1;;2;6;1;;1;2;2;1;;2;5;0,09934163
34571;2;6;1;1;4;;1;1;9;2;2;2;2;2;2;1;1;2;2;1;2;2;2;2;2;99;;;;;;;;;;;;;;;;;;;;;;;;;9;9;9;;;;;;;;;;;;;;2;6;9;1;2;4;2;2;1;3;4;2;1;3;1;2;2;1;1;2;1;9;;;2;;;;;;;;;;;;;;;;;;;;;;;;;;;;;;;;;;;;;2;;98;;;;;;;;;;;;;;;;;;;;;;;;;;;;;;;;3;4;3;2;4;4;4;4;3;4;2;3;4;4;2;4;2;2;2;2;2;4;4;4;;;2;3;4;3;2;4;8;;1;6;1;;2;1;0;1;;2;2;0,90702385
34572;2;3;2;1;6;;1;1;1;2;2;2;2;2;2;2;1;2;2;2;2;2;2;2;2;0;RIEN;;;;;;;;;;;;;;;;;;;;;;;;2;2;2;;;;;;;;;;;;;;2;9;9;2;2;2;2;2;3;2;3;3;3;3;2;3;2;3;3;2;4;1;;2;2;;;;;;;;;;;;;;;;;;;;;;;;;;;;;;;;;;;;;1;1;98;;;;;;;;;;;;;;;;;;;;;;;;;;;;;;;;1;2;4;4;4;4;4;4;4;4;1;1;1;1;1;4;2;2;2;2;2;2;4;2;;;2;4;3;3;1;8;6;;2;6;1;;1;2;0;1;;2;7;0,97106183
34576;1;16;1;2;4;;1;4;1;;;;;;;;;;;;;;;;;;;;;;;;;;;;;;;;;1;2;2;1;2;1;2;2;2;1;1;2;1;;;;;;;;;;;;;2;5;1;2;2;3;4;3;1;2;4;4;2;3;2;2;4;2;2;2;4;2;;;2;;;;;;;;;;;;;;;;;;;;;;;;;;;;;;;;;;;;;2;;98;;;;;;;;;;;;;;;;;;;;;;;;;;;;;;;;3;4;3;3;4;4;4;4;4;4;2;3;2;2;1;4;1;1;1;1;1;1;4;4;;;1;2;2;3;1;7;10;AU FOYER;1;4;1;;2;1;0;1;;2;1;0,54773313
34580;1;16;1;2;3;;1;4;1;;;;;;;;;;;;;;;;;;;;;;;;;;;;;;;;;2;1;1;1;2;2;1;1;1;1;1;1;2;1;;;;;;;;;;;;2;9;6;1;2;2;2;2;3;2;2;2;3;2;3;2;3;3;2;2;3;2;;;2;;;;;;;;;;;;;;;;;;;;;;;;;;;;;;;;;;;;;1;1;1;;2;;3;;;;;;;;;;;;1;;2;;;;;;;;;;;;;;2;2;4;4;3;2;2;4;2;4;3;3;2;2;2;3;3;2;2;3;3;3;4;3;;;2;3;2;2;1;7;1;;1;4;2;;1;1;0;1;;2;5;0,98674732
34581;2;6;1;1;3;;1;1;9;2;2;2;2;2;2;2;2;2;2;2;2;2;2;2;2;99;;;;;;;;;;;;;;;;;;;;;;;;;2;2;2;;;;;;;;;;;;;;5;0;0;2;9;9;5;5;5;5;5;5;5;5;5;5;5;5;5;5;5;2;;;2;;;;;;;;;;;;;;;;;;;;;;;;;;;;;;;;;;;;;1;2;98;;;;;;;;;;;;;;;;;;;;;;;;;;;;;;;;4;4;4;4;4;4;4;4;4;4;4;4;2;2;4;9;9;9;9;9;9;9;9;9;;;5;5;5;9;1;8;1;;1;1;2;;1;2;0;3;4;2;99;2,41375136
34582;1;16;3;2;3;;1;4;1;;;;;;;;;;;;;;;;;;;;;;;;;;;;;;;;;1;1;1;1;2;1;1;1;1;1;1;1;1;;;;;;;;;;;;;1;9;9;1;2;2;1;1;2;3;4;2;2;2;2;2;2;2;1;1;1;1;2;;2;;;;;;;;;;;;;;;;;;;;;;;;;;;;;;;;;;;;;1;1;1;;;;;;;;;;;;;;;;2;;;;;;;;;;;;;;;;2;1;4;4;4;4;4;4;4;4;1;3;2;4;1;4;1;1;1;1;1;9;4;1;;;5;4;4;3;2;7;3;;3;3;1;;1;2;0;1;;2;99;1,0602386
34585;2;2;3;3;4;;1;3;2;2;2;2;2;2;1;2;2;1;1;2;1;2;2;2;1;2;QUE JE SOIS CAPABLE DE ME RENDRE AU BUREAU DE VOTE MAIS MON ÉTAT DE SANTÉ NE ME LE PERMET PAS;7;;;;;;;;;;;;;;;;;;;;;;;1;1;2;;;;;;;;;;;;;;1;1;8;1;2;2;1;4;2;2;2;1;1;3;2;2;3;1;1;2;2;1;;2;1;1;;;;;;;;;;;;;;;;;;;;3;;;;;;;;;;;;;;;;2;;98;;;;;;;;;;;;;;;;;;;;;;;;;;;;;;;;3;2;4;1;4;4;4;4;4;4;1;4;3;3;4;4;1;1;1;1;1;1;4;2;;;1;4;4;3;2;6;8;;2;5;1;;2;1;0;1;;2;1;0,11159445
34587;1;16;3;2;2;;1;4;1;;;;;;;;;;;;;;;;;;;;;;;;;;;;;;;;;1;1;1;1;2;1;1;1;2;1;1;1;2;1;;3;;;;;;;;1;2;1;7;6;1;2;3;1;2;1;3;1;2;4;3;2;4;2;1;1;2;2;1;2;;2;;;;;;;;;;;;;;;;;;;;;;;;;;;;;;;;;;;;;1;1;98;;;;;;;;;;;;;;;;;;;;;;;;;;;;;;;;3;2;3;1;2;4;4;4;4;4;3;4;3;2;3;4;1;2;1;1;1;4;4;4;1;2;2;1;3;3;2;3;8;;2;5;1;;1;2;2;1;;2;4;1,08638453
34590;2;12;2;2;1;1;1;3;4;1;2;2;2;1;2;2;2;1;2;2;1;2;2;1;2;99;;;;;;;;;;;;;;;;;;;;;;;;;1;1;1;;;;;;;;;;;;;;2;5;4;2;3;2;2;3;2;2;2;2;2;3;1;2;3;1;1;2;5;1;;2;2;;;;;;;;;;;;;;;;;;;;;;;;;;;;;;;;;;;;;1;1;98;;;;;;;;;;;;;;;;;;;;;;;;;;;;;;;;3;3;1;3;4;4;4;4;4;4;3;2;3;2;3;4;2;1;2;1;2;9;4;2;2;2;2;3;4;3;2;4;1;;1;1;1;;2;2;0;1;;2;2;0,51850879
34591;1;9;3;3;1;1;1;4;2;;;;;;;;;;;;;;;;;;;;;;;;;;;;;;;;;2;1;1;1;1;2;1;1;2;2;2;1;2;4;;;;;;;;;;;;2;6;6;9;2;2;2;3;1;1;1;2;1;2;2;3;4;2;4;3;2;1;2;;1;2;;4;;7;;;;;;;;;;;;;;;;3;;;;;;;;;;;;;;;;1;2;1;;;;;;;;;;;;;;;;1;;2;;;;;;;;;;;;;;1;1;2;2;2;9;4;2;1;3;3;1;3;2;2;3;2;2;2;2;3;3;3;2;2;1;4;3;3;2;2;3;1;;1;6;99;;2;2;0;1;;2;4;0,39682019
34592;1;13;1;1;1;1;1;4;4;;;;;;;;;;;;;;;;;;;;;;;;;;;;;;;;;1;2;2;2;2;1;1;1;2;1;1;1;2;1;;;;;;;;;;;;5;0;0;2;2;4;1;1;1;4;4;1;1;4;1;1;2;5;1;5;5;1;2;;2;;;;;;;;;;;;;;;;;;;;;;;;;;;;;;;;;;;;;1;1;1;;;;;;;;;;;;;;;;1;;2;;;;;;;;;;;;;;3;3;4;4;4;4;4;4;4;4;1;2;4;1;3;4;1;1;1;1;1;4;4;4;2;2;1;4;4;3;2;3;3;;1;3;1;;1;2;1;1;;2;99;2,00191617
34595;1;2;3;3;5;;1;4;1;;;;;;;;;;;;;;;;;;;;;;;;;;;;;;;;;1;1;1;1;2;1;1;1;2;1;1;1;1;;;;;;;;;;;;;1;10;10;1;1;1;1;1;1;1;1;4;2;1;1;4;1;1;1;1;4;1;1;;1;3;;4;;7;;;;;;;;;;;;;;;;4;;3;;;;;;;;;;;;;;1;1;1;;5;;;;;;;;;;;;;;2;;;;;;;;;;;;;;;;1;1;4;4;1;4;2;1;4;4;1;2;2;1;2;1;1;1;1;1;1;1;1;1;;;3;3;4;1;2;3;6;;2;6;1;;1;2;0;1;;2;4;0,64965117
34598;1;5;3;2;2;;1;4;1;;;;;;;;;;;;;;;;;;;;;;;;;;;;;;;;;1;1;2;1;2;1;1;1;1;1;1;1;2;1;;;;;;;;;;;;1;10;10;1;1;1;1;3;3;1;3;3;3;1;2;4;2;2;1;1;4;1;2;;2;;;;;;;;;;;;;;;;;;;;;;;;;;;;;;;;;;;;;1;1;98;;;;;;;;;;;;;;;;;;;;;;;;;;;;;;;;2;2;2;2;2;2;3;2;2;2;1;1;1;1;1;1;2;2;2;1;2;2;2;3;2;1;1;4;4;1;1;3;1;;2;4;1;;1;2;2;1;;2;5;1,01107609
34604;1;16;3;2;2;;1;4;2;;;;;;;;;;;;;;;;;;;;;;;;;;;;;;;;;1;2;2;1;1;1;2;1;1;1;1;2;2;1;;;;;;;;;;;;2;5;8;2;1;3;2;2;2;4;3;3;2;4;1;2;4;3;2;2;2;1;2;;2;;;;;;;;;;;;;;;;;;;;;;;;;;;;;;;;;;;;;1;1;1;;2;;4;;;;;;;;;;;;1;;2;;;;;;;;;;;;;;2;1;4;4;4;4;4;4;4;4;4;4;3;2;3;4;2;2;2;2;2;4;4;4;2;2;4;2;2;3;2;8;3;;1;1;1;;1;2;0;1;;2;3;0,29200417
34605;1;1;3;3;2;;1;4;2;;;;;;;;;;;;;;;;;;;;;;;;;;;;;;;;;1;1;1;1;1;1;1;1;1;2;2;2;1;;;;;;;;;;;;;1;10;10;1;1;1;1;1;1;1;1;1;1;1;1;1;1;1;1;1;1;1;1;;2;;;;;;;;;;;;;;;;;;;;;;;;;;;;;;;;;;;;;1;1;5;;;;;;;;;;;;;;;;;;;;;;;;;;;;;;;;4;2;2;2;2;2;2;2;2;2;1;1;1;1;1;1;1;1;1;1;1;1;1;1;2;2;1;1;1;1;2;5;1;;1;3;1;;2;2;0;1;;2;1;0,07957616
34606;1;16;1;2;2;;1;4;1;;;;;;;;;;;;;;;;;;;;;;;;;;;;;;;;;1;1;1;2;1;1;1;1;2;1;1;1;2;1;;;;;;;;;;;;1;6;8;1;2;2;2;5;3;2;4;2;3;2;3;4;2;3;1;1;2;1;2;;1;1;;;;;;;;;;;;;;;;;;;;4;;;;;;;;;;;;;;;;1;1;98;;;;;;;;;;;;;;;;;;;;;;;;;;;;;;;;3;2;3;2;2;4;4;4;4;4;3;2;4;1;3;4;1;1;2;1;1;4;4;3;2;2;3;1;4;3;2;3;1;;1;5;1;;1;2;1;1;;2;4;1,08638453
34607;1;17;3;2;2;;1;4;1;;;;;;;;;;;;;;;;;;;;;;;;;;;;;;;;;1;1;1;1;1;1;1;1;1;1;1;1;1;;;;;;;;;;;;;1;6;6;2;3;3;2;2;2;3;2;2;2;2;2;2;2;2;2;2;2;2;;;1;3;;;;;;;;;;;;;;;;;;;;3;;;;;;;;;;;;;;;;2;;98;;;;;;;;;;;;;;;;;;;;;;;;;;;;;;;;3;3;4;4;4;4;4;4;4;4;2;3;3;2;2;2;2;2;2;2;2;2;2;2;2;2;2;2;4;3;2;5;1;;1;4;1;;2;1;0;1;;2;2;0,25982258
34616;2;17;3;2;3;;1;1;9;1;2;2;2;1;2;2;2;2;2;2;2;2;2;2;2;16;PEUT ÊTRE L'ANNÉE PROCHAINE SI JE REPRENDS CONFIANCE;;;;;;;;;;;;;;;;;;;;;;;;2;2;2;;;;;;;;;;;;;;3;0;0;9;3;9;2;5;1;5;2;2;2;3;2;2;5;2;2;5;5;9;;;2;;;;;;;;;;;;;;;;;;;;;;;;;;;;;;;;;;;;;1;2;98;;;;;;;;;;;;;;;;;;;;;;;;;;;;;;;;2;4;4;4;4;4;4;4;4;4;3;3;3;2;2;4;9;9;9;2;2;3;4;9;;;1;5;4;3;1;2;1;;1;2;1;;2;2;2;1;;2;2;6,09182405
34618;1;8;3;3;5;;1;4;1;;;;;;;;;;;;;;;;;;;;;;;;;;;;;;;;;1;2;2;2;2;2;2;2;1;1;1;1;1;;;;;;;;;;;;;4;7;7;2;2;3;2;2;1;2;2;1;1;2;2;2;2;1;1;2;4;2;;;1;3;;;;;;;;;;;;;;;;;;;;3;;;;;;;;;;;;;;;;1;1;98;;;;;;;;;;;;;;;;;;;;;;;;;;;;;;;;2;2;4;4;4;4;4;4;4;4;4;4;4;4;4;4;2;2;2;2;2;4;4;2;;;3;1;4;3;2;5;6;;2;6;1;;1;2;0;1;;2;2;0,15537187
34619;2;6;1;1;5;;1;2;4;2;2;2;2;2;2;2;2;2;2;2;1;2;2;2;2;7;RIEN CAR J'ÉTAIS TROP MALADE;;;;;;;;;;;;;;;;;;;;;;;;1;1;1;;;;;;;;;;;;;;1;8;9;1;2;2;2;2;2;2;3;3;3;2;3;3;2;2;1;2;3;1;;2;2;;;;;;;;;;;;;;;;;;;;;;;;;;;;;;;;;;;;;2;;1;;2;;;;;;;;;;;;;;1;;;;;;;;;;;;;;;;3;2;3;4;4;4;4;4;4;4;2;2;4;4;4;4;2;1;2;2;2;4;4;4;;;5;4;4;3;2;5;6;;2;6;1;;2;1;0;1;;2;2;0,32917967
34621;1;5;3;2;3;;1;4;1;;;;;;;;;;;;;;;;;;;;;;;;;;;;;;;;;1;1;1;1;2;1;1;1;2;1;1;2;2;1;;;;;;;;;;;;1;7;7;1;2;2;1;2;2;1;4;2;3;2;2;2;2;2;1;1;1;2;;;1;3;;;;;;;;;;;;;;;;;;;;3;;;;;;;;;;;;;;;;1;1;1;;;;;;;;;;;;;;;;2;;3;;;;;;;;;;;;;;2;1;4;2;4;4;4;4;4;4;1;2;1;1;1;4;1;1;2;2;1;4;4;4;;;2;1;1;3;2;4;4;;1;6;1;;1;2;3;1;;2;5;0,94338685
34628;1;1;3;3;4;;1;4;3;;;;;;;;;;;;;;;;;;;;;;;;;;;;;;;;;1;2;2;1;2;2;2;2;2;9;9;1;1;;;;;;;;;;;;;2;3;6;2;3;9;5;5;3;5;2;2;5;5;5;3;5;4;2;3;3;2;;;2;;;;;;;;;;;;;;;;;;;;;;;;;;;;;;;;;;;;;1;1;98;;;;;;;;;;;;;;;;;;;;;;;;;;;;;;;;9;4;9;4;4;4;4;4;4;4;3;3;3;2;2;4;2;1;1;2;2;9;4;9;;;2;3;5;3;2;7;1;;2;4;1;;2;2;1;1;;2;3;0,10674001
34640;1;7;3;2;3;;1;4;4;;;;;;;;;;;;;;;;;;;;;;;;;;;;;;;;;1;1;1;2;2;1;1;1;2;1;1;2;2;3;;;;;;;;;;2;;1;10;10;1;1;2;2;1;1;2;1;2;1;1;2;1;2;1;2;1;1;1;2;;1;4;;;;;;;;;;;;;;;;;;;;3;;;;;;;;;;;;;;;;1;1;1;;3;;;;;;;;;;;;;;2;;;;;;;;;;;;;;;;2;2;2;4;4;4;4;4;4;4;1;3;2;2;1;1;2;1;1;2;1;1;2;1;;;1;1;3;3;2;5;1;;2;5;1;;1;2;2;2;5;2;6;0,94338685
34644;2;16;3;2;4;;1;3;4;2;1;1;2;2;2;2;2;2;2;2;2;2;2;2;2;99;;;;;;;;;;;;;;;;;;;;;;;;;1;1;1;;;;;;;;;;;;;;2;3;1;1;3;4;1;4;1;2;1;1;1;4;1;4;4;2;2;5;4;2;;;2;;;;;;;;;;;;;;;;;;;;;;;;;;;;;;;;;;;;;1;9;98;;;;;;;;;;;;;;;;;;;;;;;;;;;;;;;;4;2;4;4;4;4;4;4;4;4;3;2;3;4;3;4;2;2;4;1;1;4;4;1;;;1;3;4;3;2;6;1;;1;6;2;;3;2;0;1;;2;2;0,61529177
34646;1;6;1;1;1;1;1;4;4;;;;;;;;;;;;;;;;;;;;;;;;;;;;;;;;;1;1;1;1;1;1;1;1;1;8;2;1;2;8;SIBLINGS;;;;;;;;;;;1;3;6;2;3;4;1;4;3;1;3;2;2;3;1;3;2;1;3;3;3;2;;;1;5;;;;;;;;;;;;;;;;;;;;99;;;;;;;;;;;;;;;;1;1;1;;;;;;;;;;;;;;;;4;;;;;;;;;;;;;;;;3;3;4;4;4;9;3;4;4;9;4;3;4;2;4;2;4;2;2;3;3;2;2;3;1;2;4;3;2;1;1;3;2;;3;6;1;;2;4;0;1;;2;2;1,8631525
34648;1;16;3;2;2;;1;4;4;;;;;;;;;;;;;;;;;;;;;;;;;;;;;;;;;1;1;2;1;1;1;1;1;1;1;1;1;1;;;;;;;;;;;;;2;0;3;2;3;2;2;2;2;2;2;2;2;3;2;2;3;2;2;2;3;2;;;2;;;;;;;;;;;;;;;;;;;;;;;;;;;;;;;;;;;;;1;1;1;;;;;;;;;;;;;;;;2;;;;;;;;;;;;;;;;3;3;4;4;4;4;4;4;4;4;3;3;3;3;3;4;4;4;4;4;4;4;4;4;2;2;3;3;3;3;2;5;1;;2;5;1;;1;2;2;1;;2;5;0,25982258
34649;1;9;3;3;2;;1;4;1;;;;;;;;;;;;;;;;;;;;;;;;;;;;;;;;;1;2;2;1;1;1;2;1;2;1;1;1;1;;;;;;;;;;;;;1;7;8;2;3;3;1;2;3;3;3;2;2;3;2;3;3;2;1;1;4;1;2;;2;;;;;;;;;;;;;;;;;;;;;;;;;;;;;;;;;;;;;2;;98;;;;;;;;;;;;;;;;;;;;;;;;;;;;;;;;2;2;3;4;4;4;4;4;4;4;3;1;3;4;2;4;1;1;1;1;2;3;4;4;2;2;2;1;3;2;2;5;1;;2;5;1;;2;1;0;1;;2;3;0,07957616
34650;2;6;1;1;3;;1;1;1;1;2;1;2;1;2;2;2;1;2;2;2;2;2;2;2;1;HONNÊTETÉ;;;;;;;;;;;;;;;;;;;;;;;;2;2;2;;;;;;;;;;;;;;5;0;0;2;4;4;2;5;2;4;1;4;2;4;1;2;3;1;2;2;4;2;;;2;;;;;;;;;;;;;;;;;;;;;;;;;;;;;;;;;;;;;2;;98;;;;;;;;;;;;;;;;;;;;;;;;;;;;;;;;1;4;2;4;4;4;4;3;4;4;4;3;3;3;3;4;2;1;1;1;1;4;4;9;;;1;5;4;3;2;3;2;;1;1;1;;2;1;1;1;;2;2;3,66397119
34652;1;9;3;3;2;;1;4;2;;;;;;;;;;;;;;;;;;;;;;;;;;;;;;;;;1;1;1;1;1;1;1;1;1;1;1;1;1;;;;;;;;;;;;;1;10;10;9;1;2;1;1;1;1;1;1;1;2;1;3;2;2;2;1;2;1;1;;2;;;;;;;;;;;;;;;;;;;;;;;;;;;;;;;;;;;;;2;;1;;;;;;;;;;;;;;;;4;;;;;;;;;;;;;;;;1;1;1;1;1;1;1;1;1;1;1;1;1;1;3;3;3;3;3;3;3;3;3;3;2;2;1;1;2;1;1;2;8;;1;1;1;;2;1;0;1;;2;1;0,30966517
34653;2;6;1;1;6;;1;1;1;2;2;2;2;2;2;1;2;2;2;1;2;2;2;2;2;9;EARLIER ADVANCE POLLS;;;;;;;;;;;;;;;;;;;;;;;;1;1;1;;;;;;;;;;;;;;1;9;9;9;1;2;2;1;3;3;3;2;3;3;2;3;2;2;1;2;3;2;;;1;3;;4;;;;;;;;;;;;;;;;;;4;;;;;;;;;;;;;;;;1;2;98;;;;;;;;;;;;;;;;;;;;;;;;;;;;;;;;2;1;1;2;4;2;2;2;2;2;1;1;2;4;1;3;1;1;1;1;2;1;1;1;;;2;2;3;3;2;8;1;;2;6;2;;1;3;1;3;5;2;8;0,39619997
34658;1;16;3;2;3;;1;4;1;;;;;;;;;;;;;;;;;;;;;;;;;;;;;;;;;1;1;1;1;2;1;2;1;1;1;1;1;2;5;;;;;;;;;;;;1;9;9;1;2;2;1;1;3;2;3;2;3;2;3;3;2;2;1;1;2;1;2;;2;;;;;;;;;;;;;;;;;;;;;;;;;;;;;;;;;;;;;2;;98;;;;;;;;;;;;;;;;;;;;;;;;;;;;;;;;2;2;4;4;4;4;4;4;4;4;2;4;3;4;2;4;1;1;1;1;1;4;4;4;;;4;3;4;3;1;5;1;;1;6;1;;2;1;0;1;;2;99;0,87799472
34663;2;12;2;2;2;;1;1;1;1;1;1;1;1;1;1;1;1;1;1;1;1;1;1;1;0;RIEN;;;;;;;;;;;;;;;;;;;;;;;;1;1;1;;;;;;;;;;;;;;3;0;0;2;2;9;5;5;5;5;5;1;5;5;5;5;5;4;5;4;5;1;;9;9;;;;;;;;;;;;;;;;;;;;;;;;;;;;;;;;;;;;;9;;1;;2;;3;;;;;;;;;;;;2;;;;;;;;;;;;;;;;2;3;2;2;2;2;2;2;2;2;2;1;2;2;2;3;2;3;3;2;3;3;3;2;1;1;1;1;1;1;2;6;1;;2;3;1;;1;2;0;1;;2;1;0,3335439
34664;1;2;3;3;2;;1;4;2;;;;;;;;;;;;;;;;;;;;;;;;;;;;;;;;;1;1;1;1;1;1;1;1;1;1;1;1;2;1;;;;;;;;;;;;1;10;10;1;1;1;1;1;1;1;1;1;1;1;1;1;1;1;1;1;1;1;1;;1;1;;3;;4;;6;;;;;;;;;;;;;;2;;5;;4;;;;;;;;;;;;1;1;1;;2;;;;;;;;;;;;;;1;;2;;;;;;;;;;;;;;3;3;2;3;3;1;3;3;3;2;1;1;1;1;1;1;1;1;1;1;1;1;1;1;1;1;1;1;1;1;1;8;1;;2;1;2;;1;2;1;1;;1;8;0,08323339
34666;2;2;3;3;5;;1;2;4;2;2;2;2;2;2;1;2;2;2;2;2;2;2;2;2;97;UNE VOITURE RÉCENTE;;;;;;;;;;;;;;;;;;;;;;;;1;1;2;;;;;;;;;;;;;;1;7;9;1;2;3;2;2;1;2;1;5;1;5;3;3;1;2;1;2;4;1;;2;2;;;;;;;;;;;;;;;;;;;;;;;;;;;;;;;;;;;;;2;;98;;;;;;;;;;;;;;;;;;;;;;;;;;;;;;;;2;4;3;4;4;4;4;3;4;4;2;4;4;2;2;4;2;2;2;1;2;3;3;4;;;5;4;4;3;2;6;12;INVALIDITÉ;1;5;1;;2;1;0;1;;2;1;0,0638857
34668;2;1;3;3;4;;1;2;4;2;2;2;2;2;2;2;2;2;2;1;2;2;2;2;2;5;JE VOULAIS ALLER MAIS N’ETAIS PAS DANS MA CIRCONSCRIPTION;;;;;;;;;;;;;;;;;;;;;;;;2;2;2;;;;;;;;;;;;;;1;10;10;1;1;4;2;1;1;3;1;3;1;3;2;3;1;2;1;2;1;1;;2;2;;;;;;;;;;;;;;;;;;;;;;;;;;;;;;;;;;;;;1;1;98;;;;;;;;;;;;;;;;;;;;;;;;;;;;;;;;1;3;2;2;3;4;4;2;4;4;1;3;2;2;3;2;2;2;2;1;1;4;2;1;;;1;1;4;3;2;4;1;;2;4;1;;1;2;0;1;;2;2;0,11159445
34672;2;6;1;1;1;1;1;3;2;1;1;1;1;1;2;2;2;2;2;2;2;2;2;2;2;99;;;;;;;;;;;;;;;;;;;;;;;;;1;1;1;;;;;;;;;;;;;;1;8;8;1;2;2;3;3;2;3;2;2;2;2;2;2;3;2;2;2;3;1;;1;1;3;;;;;;;;;;;;;;;;;;;;4;;;;;;;;;;;;;;;;2;;4;;;;;;;;;;;;;;;;;;;;;;;;;;;;;;;;3;3;4;3;2;2;1;3;2;2;3;2;2;3;2;2;1;3;3;2;3;3;2;2;2;2;2;2;2;2;2;7;3;;3;5;97;RUSSIAN;2;3;0;3;5;2;5;0,90038496
34673;1;15;3;2;2;;1;4;1;;;;;;;;;;;;;;;;;;;;;;;;;;;;;;;;;1;2;2;1;2;1;1;1;1;1;1;8;2;1;;;;;;;;;;;;1;1;6;2;3;2;2;4;2;3;2;3;1;4;2;3;4;2;1;2;4;2;;;1;4;;6;;;;;;;;;;;;;;;;;;99;;;;;;;;;;;;;;;;1;1;98;;;;;;;;;;;;;;;;;;;;;;;;;;;;;;;;1;3;1;1;4;3;4;4;4;4;3;2;2;2;2;4;3;3;4;9;2;4;1;2;2;2;2;2;4;3;2;3;1;;2;5;1;;1;2;2;1;;8;4;1,08638453
34674;2;17;3;2;6;;1;1;1;2;1;1;2;1;2;2;2;2;2;2;2;2;2;2;2;8;RIEN JE SUIS DEPUIS LONGTEMPS DEGOUTEE PAR LES  MENSONGES LES NON REALISATIONS LES COUPURES ET LES SALAIRES ACCORDEE EXHORBITANTS A CERTAINS;1;;;;;;;;;;;;;;;;;;;;;;;2;2;2;;;;;;;;;;;;;;5;0;5;2;2;3;2;3;1;2;2;1;2;4;1;1;5;2;4;4;4;1;;2;2;;;;;;;;;;;;;;;;;;;;;;;;;;;;;;;;;;;;;1;1;98;;;;;;;;;;;;;;;;;;;;;;;;;;;;;;;;3;2;4;4;4;4;4;4;4;4;1;1;1;1;1;4;1;1;2;1;1;4;4;4;;;1;4;4;3;2;5;6;;2;6;1;;1;2;0;1;;2;4;0,29821771
34675;1;2;3;3;6;;1;4;1;;;;;;;;;;;;;;;;;;;;;;;;;;;;;;;;;1;1;1;1;1;1;1;1;1;1;1;1;1;;;;;;;;;;;;;1;9;9;2;1;2;1;1;4;2;3;1;2;1;3;3;2;2;1;1;1;1;2;;1;3;;6;;7;;;;;;;;;;;;;;;;4;;3;;;;;;;;;;;;;;1;1;1;;;;;;;;;;;;;;;;2;;;;;;;;;;;;;;;;2;1;4;4;3;3;4;4;4;2;1;3;2;2;2;3;1;1;3;2;2;2;1;2;;;4;3;3;3;1;8;6;;2;6;1;;1;2;0;1;;2;3;0,21145961
34678;1;2;3;3;2;;1;4;3;;;;;;;;;;;;;;;;;;;;;;;;;;;;;;;;;1;2;1;1;2;1;1;1;2;1;1;1;2;1;;;;;;;;;;;;1;6;7;2;3;3;2;2;2;2;4;2;2;3;2;3;3;2;1;2;2;1;2;;2;;;;;;;;;;;;;;;;;;;;;;;;;;;;;;;;;;;;;1;1;98;;;;;;;;;;;;;;;;;;;;;;;;;;;;;;;;3;2;3;2;4;4;4;4;3;4;1;3;2;1;2;4;2;2;2;2;2;3;3;3;1;1;2;2;4;3;2;7;1;;1;3;1;;9;2;0;1;;2;99;0,08943269
34680;1;16;3;2;3;;1;4;4;;;;;;;;;;;;;;;;;;;;;;;;;;;;;;;;;1;1;2;2;2;1;1;1;2;9;9;1;2;1;;;;;;;;;;;;1;5;5;9;2;2;2;2;2;2;2;3;3;2;2;2;2;3;2;2;3;2;;;1;2;;3;;;;;;;;;;;;;;;;;;4;;3;;;;;;;;;;;;;;1;1;98;;;;;;;;;;;;;;;;;;;;;;;;;;;;;;;;2;2;2;4;4;4;4;4;4;4;2;3;2;3;2;4;1;1;1;1;1;4;4;4;;;2;2;3;3;2;7;1;;2;3;1;;1;2;2;1;;2;5;1,0602386
34683;2;3;2;1;5;;1;2;4;2;2;1;2;1;2;1;2;2;2;2;2;2;1;2;2;97;NE PAS AVOIR DE LA VISITE A LA DERNIERE MINUTE;;;;;;;;;;;;;;;;;;;;;;;;9;9;9;;;;;;;;;;;;;;2;7;7;2;3;3;2;3;2;2;3;2;2;2;2;2;2;2;1;3;3;2;;;1;4;;;;;;;;;;;;;;;;;;;;4;;;;;;;;;;;;;;;;1;1;1;;;;;;;;;;;;;;;;2;;;;;;;;;;;;;;;;1;1;4;4;4;4;4;4;4;4;1;2;4;4;4;4;1;2;2;2;2;4;4;4;;;2;2;4;3;2;2;99;;1;6;1;;1;3;0;1;;2;98;1,37638462
34685;1;3;2;1;2;;1;4;4;;;;;;;;;;;;;;;;;;;;;;;;;;;;;;;;;1;1;1;2;2;2;1;2;1;1;1;1;2;2;;;;;;;;;;;;1;10;10;1;1;1;2;1;2;2;1;2;1;1;1;1;1;2;2;1;1;1;1;;1;2;;;;;;;;;;;;;;;;;;;;4;;;;;;;;;;;;;;;;1;1;3;;;;;;;;;;;;;;;;;;;;;;;;;;;;;;;;1;1;3;2;3;2;1;2;1;1;1;2;2;1;1;2;1;1;1;2;1;1;2;1;1;1;1;1;3;1;2;5;1;;2;4;1;;2;1;1;1;;1;4;0,40145314
34688;1;4;3;2;2;;1;4;1;;;;;;;;;;;;;;;;;;;;;;;;;;;;;;;;;1;2;2;1;2;2;2;2;2;1;1;1;1;;;;;;;;;;;;;1;2;4;2;3;2;2;3;3;2;3;1;2;3;2;2;3;2;1;1;4;1;2;;1;3;;;;;;;;;;;;;;;;;;;;3;;4;;;;;;;;;;;;;;1;1;98;;;;;;;;;;;;;;;;;;;;;;;;;;;;;;;;3;3;3;4;4;4;4;4;4;4;1;1;3;2;3;4;1;1;1;2;1;4;4;4;2;2;3;1;3;3;2;7;7;;2;5;1;;1;2;1;1;;2;6;0,29200417
34689;1;2;3;3;3;;1;4;1;;;;;;;;;;;;;;;;;;;;;;;;;;;;;;;;;1;1;2;1;2;1;1;1;1;1;1;1;2;3;;;;;;;;;;2;;1;8;8;1;3;2;2;2;5;2;4;2;3;2;2;2;2;2;1;1;4;1;2;;1;3;;;;;;;;;;;;;;;;;;;;3;;;;;;;;;;;;;;;;1;1;1;;3;;;;;;;;;;;;;;1;;;;;;;;;;;;;;;;2;2;2;2;4;4;4;4;4;4;1;3;3;1;3;4;1;1;2;1;2;4;4;4;;;5;5;3;3;2;2;1;;2;6;1;;3;1;1;1;;2;2;0,71541643
34690;1;6;1;1;1;1;1;4;3;;;;;;;;;;;;;;;;;;;;;;;;;;;;;;;;;1;1;2;1;2;1;2;1;1;2;1;1;2;1;;;;;;;;;;;;1;7;9;2;1;2;3;2;1;2;2;2;2;2;2;2;2;2;2;2;2;1;1;;2;;;;;;;;;;;;;;;;;;;;;;;;;;;;;;;;;;;;;1;1;1;;2;;4;;;;;;;;;;;;2;;;;;;;;;;;;;;;;1;3;4;4;3;4;4;4;4;4;3;3;3;3;3;3;4;3;3;4;3;3;3;3;2;2;2;2;3;2;2;5;1;;2;3;1;;1;1;1;1;;2;5;0,47878304
34692;2;2;3;3;2;;1;1;3;1;2;2;2;2;2;2;2;1;2;2;2;2;2;2;2;3;SI J'AURAIS CONNU PLUS LES CANDIDATS;;;;;;;;;;;;;;;;;;;;;;;;1;2;2;;;;;;;;;;;;;;2;0;6;1;3;2;1;1;3;3;4;4;2;3;2;3;2;2;1;1;4;2;;;1;4;;;;;;;;;;;;;;;;;;;;3;;;;;;;;;;;;;;;;2;;2;;3;;;;;;;;;;;;;;;;;;;;;;;;;;;;;;2;3;4;4;2;4;4;4;4;4;4;3;2;1;1;4;1;1;3;2;1;4;2;4;2;2;1;4;4;3;2;7;1;;1;3;1;;2;1;0;1;;2;3;0,11480807
34694;2;6;1;1;6;;1;3;4;1;2;2;2;2;2;1;2;2;2;2;1;2;2;2;2;7;NOT BEING SICK;;;;;;;;;;;;;;;;;;;;;;;;1;1;1;;;;;;;;;;;;;;1;10;6;1;2;2;1;3;2;2;3;2;3;3;3;2;3;1;1;1;1;2;;;2;;;;;;;;;;;;;;;;;;;;;;;;;;;;;;;;;;;;;1;1;1;;;;;;;;;;;;;;;;2;;;;;;;;;;;;;;;;4;4;4;4;4;4;4;4;4;4;3;3;4;4;2;9;1;1;2;2;2;4;9;4;;;1;2;2;3;1;8;6;;2;6;1;;1;2;0;3;5;2;6;0,97106183
34696;1;2;3;3;4;;1;4;1;;;;;;;;;;;;;;;;;;;;;;;;;;;;;;;;;1;2;1;1;2;1;1;1;2;1;1;1;2;1;;3;;;;;;;;1;2;1;10;10;1;2;2;1;1;4;2;4;4;3;2;3;4;1;2;1;1;4;1;2;;1;1;;3;;4;;;;;;;;;;;;;;;;4;;3;;;;;;;;;;;;;;1;1;98;;;;;;;;;;;;;;;;;;;;;;;;;;;;;;;;1;3;2;1;4;4;4;4;2;4;2;2;4;4;3;4;1;1;1;1;1;4;9;4;;;2;4;2;3;2;7;5;;1;6;1;;1;2;1;1;;2;1;0,10674001
34706;1;17;3;2;2;;1;4;3;;;;;;;;;;;;;;;;;;;;;;;;;;;;;;;;;1;1;1;1;1;1;1;1;2;9;1;1;2;4;;;;;;;;;;;;1;8;8;1;2;2;2;2;2;2;2;2;2;2;2;2;2;2;2;2;2;1;1;;1;3;;4;;;;;;;;;;;;;;;;;;3;;;;;;;;;;;;;;;;1;1;1;;2;;3;;;;;;;;;;;;1;;;;;;;;;;;;;;;;2;2;3;3;3;3;9;9;3;3;2;2;2;2;3;2;2;1;2;2;1;2;1;1;2;2;2;2;3;1;1;6;3;;3;8;1;;2;2;0;1;;2;5;0,24181154
34709;2;11;3;3;2;;1;1;2;1;2;1;2;1;2;1;2;2;2;2;2;2;2;1;2;1;MEILLEUR CHOIX DE CANDIDATS AVEC DES VALEURS QUI ME TOUCHE ET ME RESSEMBLE PLUS AVOIR QUELQU’UN QUI TIENS VRAIMENT À AMÉLIORER LA SITUATION DES CITOYENS AU LIEU DE CRÉER PLUS DE PROBLÈMES;;;;;;;;;;;;;;;;;;;;;;;;2;2;2;;;;;;;;;;;;;;2;0;0;2;4;3;5;5;1;5;1;1;1;5;5;3;5;1;5;2;5;2;;;2;;;;;;;;;;;;;;;;;;;;;;;;;;;;;;;;;;;;;1;2;98;;;;;;;;;;;;;;;;;;;;;;;;;;;;;;;;4;3;2;2;9;3;4;3;4;4;3;4;4;3;4;4;1;1;4;1;1;4;4;4;2;2;1;4;4;3;2;2;1;;1;2;1;;1;2;0;1;;2;2;0,4271372
34710;2;3;2;1;3;;1;1;9;1;2;2;2;2;2;2;2;2;2;2;2;2;2;1;2;99;;;;;;;;;;;;;;;;;;;;;;;;;2;2;2;;;;;;;;;;;;;;1;7;4;2;4;2;2;2;2;2;3;2;3;2;5;2;2;5;2;2;2;2;;;2;;;;;;;;;;;;;;;;;;;;;;;;;;;;;;;;;;;;;2;;98;;;;;;;;;;;;;;;;;;;;;;;;;;;;;;;;2;3;4;4;4;4;4;4;9;4;4;3;1;3;3;4;2;2;2;2;2;4;4;4;;;3;3;2;3;1;2;1;;1;1;1;;2;1;0;1;;2;1;8,98019123
34711;1;16;3;2;4;;1;4;1;;;;;;;;;;;;;;;;;;;;;;;;;;;;;;;;;1;1;1;1;1;1;1;1;2;1;1;1;1;;;;;;;;;;;;;1;9;9;1;1;2;1;2;2;2;4;2;3;3;3;4;1;2;1;1;2;1;2;;2;;;;;;;;;;;;;;;;;;;;;;;;;;;;;;;;;;;;;2;;3;;;;;;;;;;;;;;;;;;;;;;;;;;;;;;;;2;2;3;3;3;3;4;4;4;4;1;2;3;2;1;3;1;2;2;2;2;2;2;3;;;4;3;4;3;1;7;1;;2;6;1;;2;1;1;1;;2;3;0,54773313
34712;1;9;3;3;5;;1;4;1;;;;;;;;;;;;;;;;;;;;;;;;;;;;;;;;;1;1;1;2;2;1;1;1;2;1;1;1;2;1;;;;;;;;;;;;1;5;10;1;2;2;2;1;2;2;2;2;3;2;2;3;2;2;1;2;2;1;2;;1;4;;;;;;;;;;;;;;;;;;;;3;;;;;;;;;;;;;;;;1;1;98;;;;;;;;;;;;;;;;;;;;;;;;;;;;;;;;3;2;2;1;4;3;4;4;4;4;2;2;3;2;2;4;1;2;1;1;2;4;4;4;;;3;3;3;3;1;4;6;;2;6;1;;1;2;0;2;5;2;5;0,14460243
34714;2;5;3;2;2;;1;1;4;1;1;1;1;1;2;2;2;2;2;2;2;2;2;1;2;99;;;;;;;;;;;;;;;;;;;;;;;;;9;9;9;;;;;;;;;;;;;;3;5;4;2;2;3;3;3;3;4;3;2;3;3;3;3;2;3;3;2;3;2;;;2;;;;;;;;;;;;;;;;;;;;;;;;;;;;;;;;;;;;;2;;99;;;;;;;;;;;;;;;;;;;;;;;;;;;;;;;;2;3;3;4;3;3;2;4;2;3;3;2;2;2;3;3;2;3;3;2;2;3;3;3;2;2;3;3;3;3;2;7;1;;1;3;1;;1;1;0;1;;2;5;0,37485752
34715;1;11;3;3;3;;1;4;1;;;;;;;;;;;;;;;;;;;;;;;;;;;;;;;;;1;1;1;1;2;1;1;1;1;2;1;1;1;;;;;;;;;;;;;1;5;8;1;2;2;2;2;2;2;4;2;2;3;2;4;2;2;1;1;4;1;2;;9;;;;;;;;;;;;;;;;;;;;;;;;;;;;;;;;;;;;;1;2;98;;;;;;;;;;;;;;;;;;;;;;;;;;;;;;;;2;3;2;2;3;4;4;4;4;4;1;3;3;2;3;4;2;2;2;2;2;9;4;4;;;4;2;4;3;2;4;1;;2;5;1;;1;2;1;1;;2;4;0,17110108
34720;1;2;3;3;5;;1;4;1;;;;;;;;;;;;;;;;;;;;;;;;;;;;;;;;;1;1;1;2;2;1;1;1;2;1;1;1;2;1;;;;;;;;;;;;1;5;9;1;2;2;2;2;2;3;2;3;2;3;3;3;2;2;2;2;3;1;2;;1;4;;;;;;;;;;;;;;;;;;;;6;INFORMER DE LEUR POLITIQUES;;;;;;;;;;;;;;;2;;98;;;;;;;;;;;;;;;;;;;;;;;;;;;;;;;;3;2;4;4;4;4;4;4;4;4;1;2;3;3;1;4;2;2;2;2;2;4;4;4;;;4;4;4;3;2;4;6;;2;6;1;;1;2;0;1;;2;4;0,15537187
34725;1;17;3;2;4;;1;4;1;;;;;;;;;;;;;;;;;;;;;;;;;;;;;;;;;1;1;1;2;1;1;1;1;2;1;1;1;2;1;;;;;;;;;;;;1;6;7;1;2;1;2;1;3;2;4;3;3;2;3;3;2;2;1;1;3;1;2;;9;;;;;;;;;;;;;;;;;;;;;;;;;;;;;;;;;;;;;1;1;1;;;;;;;;;;;;;;;;2;;;;;;;;;;;;;;;;2;1;3;9;2;4;4;9;4;4;1;2;2;1;2;9;1;1;1;2;2;4;9;2;;;4;4;4;3;2;5;1;;2;6;1;;1;4;1;1;;2;5;0,52366459
34729;2;6;1;1;6;;1;3;3;2;2;2;2;1;2;2;2;2;2;2;2;2;2;2;1;99;;;;;;;;;;;;;;;;;;;;;;;;;1;1;2;;;;;;;;;;;;;;2;0;0;9;2;3;2;2;1;4;5;2;1;3;2;3;3;2;5;5;5;2;;;2;;;;;;;;;;;;;;;;;;;;;;;;;;;;;;;;;;;;;2;;98;;;;;;;;;;;;;;;;;;;;;;;;;;;;;;;;4;4;9;9;9;4;9;9;9;9;2;3;4;4;3;4;9;1;1;9;1;4;9;4;;;1;4;4;3;1;8;6;;2;6;99;;1;1;0;3;5;2;99;0,97106183
34740;2;6;1;1;3;;1;2;3;2;2;2;1;2;2;2;2;2;2;1;2;2;1;2;2;99;;;;;;;;;;;;;;;;;;;;;;;;;8;8;1;;;;;;;;;;;;;;1;8;8;1;2;3;1;1;1;2;4;4;2;2;1;4;1;2;1;1;2;1;;2;2;;;;;;;;;;;;;;;;;;;;;;;;;;;;;;;;;;;;;2;;2;;3;;;;;;;;;;;;;;;;;;;;;;;;;;;;;;1;2;2;2;4;3;4;4;4;4;3;1;1;2;3;2;2;1;1;2;1;9;1;3;;;1;3;4;3;1;8;1;;1;2;97;HEBREW;2;1;2;3;3;2;7;2,41375136
34742;1;1;3;3;5;;1;4;1;;;;;;;;;;;;;;;;;;;;;;;;;;;;;;;;;1;1;1;2;2;1;1;1;2;1;1;1;1;;;;;;;;;;;;;1;5;7;1;2;3;1;3;4;2;1;2;1;2;3;2;1;3;1;1;4;1;2;;1;3;;4;;5;;;;;;;;;;;;;;;;3;;;;;;;;;;;;;;;;1;1;98;;;;;;;;;;;;;;;;;;;;;;;;;;;;;;;;2;2;4;4;4;4;4;4;4;4;1;3;4;2;3;4;1;2;2;2;1;4;4;4;;;4;4;4;3;2;2;1;;2;6;1;;1;3;0;1;;2;3;0,64965117
34751;1;2;3;3;2;;1;4;3;;;;;;;;;;;;;;;;;;;;;;;;;;;;;;;;;1;1;1;1;1;1;1;1;1;1;1;1;2;1;;3;;;;;;;;1;2;1;9;9;9;3;2;3;2;3;2;4;1;3;2;3;2;2;2;1;1;1;2;;;2;;;;;;;;;;;;;;;;;;;;;;;;;;;;;;;;;;;;;1;1;1;;;;;;;;;;;;;;;;1;;;;;;;;;;;;;;;;2;2;2;1;3;4;4;4;4;4;2;2;3;2;2;4;1;1;1;2;1;4;4;4;2;2;5;1;4;1;2;5;4;;2;4;1;;1;4;2;1;;2;99;0,07957616
34752;1;16;3;2;1;1;1;4;3;;;;;;;;;;;;;;;;;;;;;;;;;;;;;;;;;2;1;2;2;1;2;2;1;1;2;2;8;1;;;;;;;;;;;;;1;6;9;2;2;3;3;2;3;3;4;1;2;3;1;1;1;2;2;4;4;2;;;2;;;;;;;;;;;;;;;;;;;;;;;;;;;;;;;;;;;;;1;2;1;;;;;;;;;;;;;;;;1;;;;;;;;;;;;;;;;3;9;4;4;3;3;4;9;2;3;3;2;4;3;2;2;4;4;3;9;2;3;2;3;2;2;3;3;2;2;2;5;1;;2;5;2;;1;2;0;1;;2;6;0,30987042
34766;1;6;1;1;1;1;1;4;3;;;;;;;;;;;;;;;;;;;;;;;;;;;;;;;;;2;1;1;1;2;1;1;1;2;2;2;1;1;;;;;;;;;;;;;2;7;8;1;2;3;3;2;3;1;2;2;2;3;2;4;3;2;2;2;3;1;9;;2;;;;;;;;;;;;;;;;;;;;;;;;;;;;;;;;;;;;;1;1;1;;;;;;;;;;;;;;;;1;;;;;;;;;;;;;;;;3;2;3;9;3;2;3;3;2;3;2;3;2;2;2;9;3;2;4;1;2;3;3;1;1;2;3;3;4;3;1;3;3;;3;6;2;;2;2;0;1;;2;6;1,8631525
34770;1;11;3;3;5;;1;4;3;;;;;;;;;;;;;;;;;;;;;;;;;;;;;;;;;1;1;1;1;2;2;1;2;1;1;1;1;2;1;;;;;;;;;;;;1;7;7;9;2;2;1;1;3;1;4;1;4;1;3;3;1;1;1;1;1;1;2;;1;4;;;;;;;;;;;;;;;;;;;;3;;;;;;;;;;;;;;;;1;1;98;;;;;;;;;;;;;;;;;;;;;;;;;;;;;;;;1;2;3;3;4;4;4;4;4;4;1;1;1;1;1;4;1;1;1;1;1;4;4;4;;;2;4;4;3;2;3;10;AU FOYER;2;3;1;;1;2;0;1;;2;4;0,64965117
34771;2;15;1;2;6;;1;3;2;2;2;2;2;2;1;2;2;2;2;2;2;2;2;2;2;99;;;;;;;;;;;;;;;;;;;;;;;;;1;1;2;;;;;;;;;;;;;;2;7;6;1;2;2;2;2;2;2;2;2;2;2;3;3;2;3;2;2;2;1;;2;2;;;;;;;;;;;;;;;;;;;;;;;;;;;;;;;;;;;;;2;;98;;;;;;;;;;;;;;;;;;;;;;;;;;;;;;;;1;2;4;4;4;4;4;4;4;4;2;3;2;2;3;4;2;2;2;2;2;4;9;1;;;3;3;4;3;2;5;6;;1;1;1;;3;1;0;1;;2;2;0,29821771
34774;2;8;3;3;3;;1;1;3;2;1;1;2;1;2;2;2;2;1;2;1;2;1;2;2;2;AVOIR PLUS D'UN BUREAU DE VOTE DANS MA MUNICIPALITÉ;;;;;;;;;;;;;;;;;;;;;;;;1;1;2;;;;;;;;;;;;;;2;4;4;2;2;3;2;2;3;3;1;1;1;2;2;2;3;2;1;2;3;2;;;2;;;;;;;;;;;;;;;;;;;;;;;;;;;;;;;;;;;;;1;2;98;;;;;;;;;;;;;;;;;;;;;;;;;;;;;;;;1;2;3;4;4;4;4;4;4;4;2;3;2;3;3;4;1;1;2;1;2;4;4;4;;;4;4;4;3;2;4;1;;1;5;1;;1;2;2;1;;2;3;0,10781265
34779;1;7;3;2;4;;1;4;1;;;;;;;;;;;;;;;;;;;;;;;;;;;;;;;;;1;1;1;1;2;1;1;1;2;1;1;1;2;1;;;;;;;;;;;;1;8;9;2;1;2;1;1;2;2;3;1;2;2;2;3;1;3;1;1;1;1;2;;2;;;;;;;;;;;;;;;;;;;;;;;;;;;;;;;;;;;;;1;1;98;;;;;;;;;;;;;;;;;;;;;;;;;;;;;;;;2;2;4;2;3;3;4;4;4;4;1;1;2;3;2;3;1;1;1;1;1;3;3;3;;;1;1;4;3;1;3;6;;2;6;1;;1;3;1;1;;2;4;2,0378089
34780;2;6;1;1;3;;1;2;4;2;2;2;2;2;2;2;2;2;2;2;2;2;2;2;2;99;;;;;;;;;;;;;;;;;;;;;;;;;9;1;1;;;;;;;;;;;;;;5;6;6;9;9;9;5;5;5;5;5;5;5;5;5;5;5;5;5;5;5;9;;;9;;;;;;;;;;;;;;;;;;;;;;;;;;;;;;;;;;;;;1;1;1;;2;;5;;;;;;;;;;;;1;;;;;;;;;;;;;;;;3;3;9;9;9;9;9;9;9;9;3;3;3;3;3;9;9;9;9;9;9;9;9;9;;;5;5;5;3;1;2;98;;1;4;2;;2;3;0;1;;2;3;8,98019123
34781;2;2;3;3;4;;1;2;1;2;2;2;2;1;2;2;2;2;2;2;2;2;2;2;2;0;RIEN DU TOUT.;;;;;;;;;;;;;;;;;;;;;;;;2;2;2;;;;;;;;;;;;;;4;0;2;2;9;4;5;4;4;5;5;5;4;4;5;5;4;4;5;4;4;9;;;2;;;;;;;;;;;;;;;;;;;;;;;;;;;;;;;;;;;;;2;;98;;;;;;;;;;;;;;;;;;;;;;;;;;;;;;;;9;3;9;4;4;9;4;9;9;9;4;3;4;4;3;4;9;9;4;9;9;4;9;9;;;5;4;5;9;2;3;5;;1;1;1;;2;4;0;1;;2;1;0,46660507
34782;2;16;1;2;3;;1;1;1;1;2;2;1;2;2;1;1;2;2;2;2;2;1;1;2;99;;;;;;;;;;;;;;;;;;;;;;;;;2;2;2;;;;;;;;;;;;;;3;4;4;2;3;3;2;2;2;2;2;2;2;2;2;2;2;3;2;2;2;2;;;2;;;;;;;;;;;;;;;;;;;;;;;;;;;;;;;;;;;;;2;;99;;;;;;;;;;;;;;;;;;;;;;;;;;;;;;;;3;3;3;3;3;3;3;3;3;3;2;2;2;2;3;2;2;3;3;3;2;2;2;2;;;2;2;2;3;2;2;5;;2;3;1;;3;2;2;1;;2;2;2,48550725
34786;1;8;3;3;1;1;1;4;1;;;;;;;;;;;;;;;;;;;;;;;;;;;;;;;;;1;1;1;1;1;1;1;1;2;8;8;1;2;2;;;;;;;;;;;;1;9;10;1;2;2;1;3;2;1;3;3;2;3;3;3;1;2;1;1;4;1;2;;1;3;;;;;;;;;;;;;;;;;;;;3;;;;;;;;;;;;;;;;1;1;1;;;;;;;;;;;;;;;;1;;;;;;;;;;;;;;;;2;2;3;3;3;4;9;9;3;3;1;2;1;1;1;1;1;1;3;2;1;3;2;1;2;1;4;2;3;1;2;2;1;;3;6;1;;2;3;0;1;;2;6;0,39682019
34790;2;6;1;1;4;;1;1;3;2;2;2;2;2;2;2;2;2;2;2;2;2;1;2;2;11;JE ETAIS TRES OCCUPER A GARDER MA NIECE TOUTE LA JOURNÉE;;;;;;;;;;;;;;;;;;;;;;;;2;2;2;;;;;;;;;;;;;;4;5;5;2;3;3;3;3;3;3;3;3;3;3;3;3;3;3;3;3;3;1;;1;1;1;;;;;;;;;;;;;;;;;;;;99;;;;;;;;;;;;;;;;1;1;1;;;;;;;;;;;;;;;;1;;;;;;;;;;;;;;;;3;3;3;3;3;3;3;3;3;3;1;4;3;2;3;2;2;2;2;2;2;2;2;2;;;2;2;2;3;2;2;99;;1;6;1;;2;2;0;3;5;9;1;3,79250026
34791;1;16;3;2;2;;1;4;1;;;;;;;;;;;;;;;;;;;;;;;;;;;;;;;;;1;1;2;1;2;1;1;1;1;1;1;1;1;;;;;;;;;;;;;1;6;6;2;2;3;2;3;2;3;2;3;2;4;2;2;4;2;2;2;3;2;;;2;;;;;;;;;;;;;;;;;;;;;;;;;;;;;;;;;;;;;2;;1;;;;;;;;;;;;;;;;1;;;;;;;;;;;;;;;;4;2;2;4;4;3;4;4;4;4;4;2;3;2;3;4;9;9;9;9;9;9;4;4;1;2;1;1;4;3;2;7;1;;2;3;1;;2;1;0;1;;2;4;0,29200417
34792;1;16;1;2;3;;1;4;3;;;;;;;;;;;;;;;;;;;;;;;;;;;;;;;;;1;1;2;1;2;2;1;1;2;1;1;1;1;;;;;;;;;;;;;1;0;0;2;3;4;2;2;1;3;2;1;1;2;1;2;2;1;1;2;3;2;;;2;;;;;;;;;;;;;;;;;;;;;;;;;;;;;;;;;;;;;1;1;98;;;;;;;;;;;;;;;;;;;;;;;;;;;;;;;;3;3;2;2;4;4;4;4;4;4;2;2;2;2;2;4;1;1;1;1;2;2;4;4;;;1;4;4;3;1;5;1;;2;6;1;;1;2;3;1;;2;7;0,87799472
34795;1;4;3;2;4;;1;4;1;;;;;;;;;;;;;;;;;;;;;;;;;;;;;;;;;1;2;1;1;2;1;2;1;1;1;1;2;2;1;;;;;;;;;;;;2;8;6;2;1;2;2;2;1;4;1;2;1;3;2;1;3;1;1;2;1;1;2;;2;;;;;;;;;;;;;;;;;;;;;;;;;;;;;;;;;;;;;1;1;1;;;;;;;;;;;;;;;;2;;;;;;;;;;;;;;;;2;2;1;3;3;4;4;4;4;4;1;2;1;3;3;4;2;2;1;1;2;2;2;4;;;2;1;4;3;1;8;6;;2;6;1;;2;3;0;1;;2;5;0,54773313
34798;1;9;3;3;5;;1;4;1;;;;;;;;;;;;;;;;;;;;;;;;;;;;;;;;;1;1;1;2;2;1;1;1;1;1;1;1;1;;;;;;;;;;;;;1;8;10;1;2;3;2;1;2;3;2;2;2;3;2;2;2;2;1;2;4;2;;;2;;;;;;;;;;;;;;;;;;;;;;;;;;;;;;;;;;;;;1;1;1;;2;;5;;;;;;;;;;;;2;;3;;;;;;;;;;;;;;3;2;3;1;3;4;4;4;4;4;1;1;2;1;2;3;2;2;2;2;2;4;3;2;;;2;2;4;3;2;3;6;;2;6;1;;1;2;0;1;;2;99;0,64965117
34799;1;14;1;1;1;1;1;4;2;;;;;;;;;;;;;;;;;;;;;;;;;;;;;;;;;1;1;2;2;2;1;1;1;2;2;1;1;1;;;;;;;;;;;;;2;5;5;1;2;3;2;2;2;3;3;3;3;2;2;2;2;2;3;2;1;1;1;;1;3;;;;;;;;;;;;;;;;;;;;1;;;;;;;;;;;;;;;;1;1;2;;;;;;;;;;;;;;;;;;;;;;;;;;;;;;;;2;2;3;1;2;2;2;1;2;3;1;2;2;1;2;2;3;3;2;2;2;2;2;2;1;1;2;2;2;2;2;4;1;;1;3;1;;1;2;0;1;;2;1;0,47878304
34802;1;8;3;3;3;;1;4;3;;;;;;;;;;;;;;;;;;;;;;;;;;;;;;;;;1;1;1;1;1;1;1;1;1;1;1;1;2;2;;3;;;;;;;;1;1;1;3;3;2;2;3;3;3;3;3;3;3;3;3;2;2;2;2;2;2;1;1;2;;1;1;;3;;;;;;;;;;;;;;;;;;4;;;;;;;;;;;;;;;;1;1;1;;;;;;;;;;;;;;;;3;;;;;;;;;;;;;;;;1;2;2;2;2;4;2;4;2;2;1;1;1;1;2;2;2;2;2;2;1;1;2;2;;;2;1;4;1;2;3;1;;2;6;1;;1;3;1;1;;2;6;0,71541643
34807;2;15;3;2;4;;1;1;1;2;1;2;2;2;1;2;2;2;2;2;2;2;2;2;1;0;RIEN;;;;;;;;;;;;;;;;;;;;;;;;2;2;2;;;;;;;;;;;;;;5;0;0;2;4;9;5;5;5;5;5;5;5;5;5;5;5;5;5;5;5;2;;;1;8;;;;;;;;;;;;;;;;;;;;99;;;;;;;;;;;;;;;;1;2;98;;;;;;;;;;;;;;;;;;;;;;;;;;;;;;;;4;4;4;4;4;4;4;4;4;4;3;4;4;4;3;4;9;9;9;9;9;4;4;4;;;5;5;5;3;2;3;1;;2;5;1;;1;2;1;1;;2;2;2,57269812
34808;2;6;1;1;2;;1;1;9;2;2;2;2;2;2;2;2;1;2;2;2;2;1;2;2;99;;;;;;;;;;;;;;;;;;;;;;;;;9;9;9;;;;;;;;;;;;;;5;0;0;2;9;9;5;5;5;5;5;5;5;5;5;5;5;5;5;5;5;2;;;2;;;;;;;;;;;;;;;;;;;;;;;;;;;;;;;;;;;;;9;;98;;;;;;;;;;;;;;;;;;;;;;;;;;;;;;;;2;4;4;4;4;4;4;4;4;4;4;4;4;4;4;9;9;9;9;9;9;9;9;9;2;2;5;5;5;9;1;4;1;;1;5;2;;2;2;0;1;;2;98;1,26311862
34811;1;11;3;3;5;;1;4;3;;;;;;;;;;;;;;;;;;;;;;;;;;;;;;;;;1;1;1;2;2;1;1;2;2;1;1;1;2;1;;;;;;;;;;;;1;8;8;1;1;2;2;2;2;2;2;2;2;5;5;5;2;1;1;2;4;1;1;;1;3;;4;;;;;;;;;;;;;;;;;;5;;1;;;;;;;;;;;;;;1;1;98;;;;;;;;;;;;;;;;;;;;;;;;;;;;;;;;2;2;3;4;4;4;4;4;4;4;1;3;3;2;3;3;2;1;2;2;2;3;9;3;;;1;3;4;3;2;3;6;;2;5;1;;1;2;0;1;;2;99;0,64965117
34814;2;2;3;3;4;;1;1;9;2;2;2;2;1;2;2;2;2;2;2;2;2;2;1;2;1;JE N'AI PAS EU D'INFORMATION ASSEZ CLAIRE POUR PRENDRE UNE DÉCISION;;;;;;;;;;;;;;;;;;;;;;;;2;2;2;;;;;;;;;;;;;;1;0;0;2;4;9;1;1;4;3;1;1;1;4;1;1;3;1;1;5;4;2;;;2;;;;;;;;;;;;;;;;;;;;;;;;;;;;;;;;;;;;;1;2;1;;;;;;;;;;;;;;;;1;;;;;;;;;;;;;;;;2;4;4;4;4;4;4;4;4;4;1;4;4;4;4;4;1;1;1;1;1;1;4;1;;;1;4;4;2;2;2;1;;1;1;1;;2;3;0;1;;2;1;0,46660507
34815;1;8;3;3;5;;1;4;1;;;;;;;;;;;;;;;;;;;;;;;;;;;;;;;;;1;1;1;2;2;1;1;1;1;1;1;1;2;1;;;;;;;;;;;;1;10;10;1;1;3;1;1;1;4;2;4;1;4;2;3;3;1;1;1;4;1;2;;1;3;;4;;7;;;;;;;;;;;;;;;;3;;4;;;;;;;;;;;;;;1;1;98;;;;;;;;;;;;;;;;;;;;;;;;;;;;;;;;2;2;2;1;1;4;4;4;4;4;1;1;2;2;2;4;1;1;1;1;1;4;4;1;;;1;1;3;3;2;4;6;;2;6;1;;1;2;0;1;;2;3;0,15537187
34816;1;6;1;1;2;;1;4;3;;;;;;;;;;;;;;;;;;;;;;;;;;;;;;;;;1;1;1;1;1;1;1;1;1;1;1;1;1;;;;;;;;;;;;;1;9;8;1;2;2;1;1;3;3;2;1;4;1;2;1;1;1;1;1;1;1;1;;1;2;;;;;;;;;;;;;;;;;;;;1;;;;;;;;;;;;;;;;1;1;1;;;;;;;;;;;;;;;;2;;;;;;;;;;;;;;;;1;2;1;1;2;1;1;2;1;2;1;1;1;1;1;2;2;1;1;1;2;3;2;1;1;1;1;2;1;1;1;7;5;;1;3;1;;1;1;0;3;3;2;3;0,41990462
34817;1;15;3;2;2;;1;4;4;;;;;;;;;;;;;;;;;;;;;;;;;;;;;;;;;1;1;2;2;1;1;1;1;1;1;2;2;1;;;;;;;;;;;;;1;0;0;1;2;2;2;3;2;2;2;3;3;2;2;4;2;2;1;1;2;1;1;;9;;;;;;;;;;;;;;;;;;;;;;;;;;;;;;;;;;;;;2;;1;;2;;3;;4;;5;;;;;;;;4;;;;;;;;;;;;;;;;2;2;2;2;3;3;4;4;4;4;2;1;1;1;1;4;2;1;3;1;1;4;3;2;2;1;1;2;4;3;2;3;3;;1;1;1;;2;1;2;1;;2;2;1,08638453
34819;1;2;3;3;2;;1;4;3;;;;;;;;;;;;;;;;;;;;;;;;;;;;;;;;;1;2;1;1;2;1;2;2;1;9;9;9;2;3;;;;;;;;;;1;1;1;4;4;1;3;3;1;2;1;2;2;1;1;3;1;2;3;2;1;2;3;2;;;1;3;;4;;;;;;;;;;;;;;;;;;3;;;;;;;;;;;;;;;;1;2;98;;;;;;;;;;;;;;;;;;;;;;;;;;;;;;;;4;4;4;3;4;4;4;4;4;4;3;3;3;3;1;4;2;1;1;1;1;4;4;3;2;2;2;4;4;3;2;3;1;;2;5;1;;1;1;2;1;;2;99;0,33272818
34820;1;8;3;3;5;;1;4;9;;;;;;;;;;;;;;;;;;;;;;;;;;;;;;;;;1;1;2;1;2;2;1;2;2;1;1;1;1;;;;;;;;;;;;;1;6;5;2;3;3;5;1;3;3;1;1;1;1;1;1;3;1;1;3;2;2;;;2;;;;;;;;;;;;;;;;;;;;;;;;;;;;;;;;;;;;;1;1;98;;;;;;;;;;;;;;;;;;;;;;;;;;;;;;;;4;4;4;4;4;4;4;4;4;4;1;3;3;3;2;9;1;1;1;3;1;9;4;4;;;5;3;5;2;2;2;1;;2;6;1;;1;2;0;1;;2;99;0,64965117
34822;2;12;2;2;1;1;1;1;1;2;1;1;2;1;2;2;2;2;2;2;2;2;2;2;2;0;AUCUNE;;;;;;;;;;;;;;;;;;;;;;;;2;2;2;;;;;;;;;;;;;;4;0;0;2;9;9;5;5;5;5;5;5;5;5;5;5;5;5;5;5;5;2;;;2;;;;;;;;;;;;;;;;;;;;;;;;;;;;;;;;;;;;;1;2;98;;;;;;;;;;;;;;;;;;;;;;;;;;;;;;;;9;9;9;9;9;9;9;9;9;9;4;3;3;2;2;9;9;9;9;9;9;9;9;9;2;2;4;4;5;3;4;99;99;;2;1;1;;1;2;0;1;;2;4;2,1680212
34825;1;3;3;1;2;;1;4;4;;;;;;;;;;;;;;;;;;;;;;;;;;;;;;;;;1;2;2;1;1;1;1;1;1;1;1;1;2;1;;3;;;;;;;;1;2;1;7;5;2;2;4;2;2;2;3;4;2;2;4;2;2;4;1;1;2;4;1;2;;2;;;;;;;;;;;;;;;;;;;;;;;;;;;;;;;;;;;;;1;1;98;;;;;;;;;;;;;;;;;;;;;;;;;;;;;;;;2;2;2;2;4;4;4;4;4;4;2;3;4;1;1;4;2;2;1;2;1;4;2;4;1;1;2;2;2;3;2;7;1;;2;4;1;;1;2;1;1;;1;3;0,45117819
34833;1;11;3;3;5;;1;4;1;;;;;;;;;;;;;;;;;;;;;;;;;;;;;;;;;1;1;1;1;2;1;1;1;1;1;1;1;1;;;;;;;;;;;;;1;10;10;1;1;2;1;2;3;2;3;2;3;2;3;3;1;3;1;1;3;2;;;2;;;;;;;;;;;;;;;;;;;;;;;;;;;;;;;;;;;;;2;;98;;;;;;;;;;;;;;;;;;;;;;;;;;;;;;;;2;3;4;3;4;4;4;4;4;4;1;3;3;4;4;4;2;1;2;2;1;4;1;4;;;1;2;1;3;2;7;9;;1;5;1;;2;1;0;1;;2;1;0,17461693
34835;1;5;3;2;2;;1;4;3;;;;;;;;;;;;;;;;;;;;;;;;;;;;;;;;;1;1;2;1;1;1;1;1;1;2;2;1;1;;;;;;;;;;;;;1;9;9;9;2;2;2;2;3;2;4;2;3;2;3;3;2;3;2;1;2;1;2;;1;4;;;;;;;;;;;;;;;;;;;;99;;;;;;;;;;;;;;;;1;1;1;;;;;;;;;;;;;;;;1;;;;;;;;;;;;;;;;2;2;4;4;4;4;4;4;4;4;2;2;2;2;2;3;1;1;1;1;1;3;3;2;1;1;1;4;4;2;1;5;3;;3;6;1;;2;3;0;1;;2;2;0,24181154
34839;2;7;3;2;5;;1;1;1;1;1;1;1;1;2;2;2;2;2;2;2;1;2;2;2;0;NOTHING;;;;;;;;;;;;;;;;;;;;;;;;2;2;2;;;;;;;;;;;;;;2;1;1;2;3;2;2;3;2;3;2;1;2;3;2;2;3;2;2;2;4;2;;;2;;;;;;;;;;;;;;;;;;;;;;;;;;;;;;;;;;;;;1;2;98;;;;;;;;;;;;;;;;;;;;;;;;;;;;;;;;3;3;4;4;4;4;4;4;4;4;3;4;4;4;4;4;2;1;1;2;1;4;4;2;;;2;3;3;3;2;6;1;;3;4;1;;3;2;0;2;3;2;4;0,27846184
34843;1;7;3;2;2;;1;4;4;;;;;;;;;;;;;;;;;;;;;;;;;;;;;;;;;1;1;1;1;1;1;2;1;2;1;1;2;1;;;;;;;;;;;;;1;6;9;1;2;2;2;2;3;3;5;2;2;3;1;3;2;3;1;1;3;1;2;;1;6;;;;;;;;;;;;;;;;;;;;3;;;;;;;;;;;;;;;;2;;1;;2;;3;;;;;;;;;;;;1;;;;;;;;;;;;;;;;1;1;3;4;3;4;4;4;4;4;2;3;3;1;2;4;1;1;1;1;1;4;4;9;9;2;1;1;4;3;2;5;1;;1;3;1;;1;2;0;3;5;2;4;0,25982258
34848;2;11;3;3;4;;1;1;1;2;2;2;2;1;2;2;2;2;2;2;2;2;2;2;2;99;;;;;;;;;;;;;;;;;;;;;;;;;2;2;2;;;;;;;;;;;;;;2;0;0;2;3;2;5;5;5;5;5;5;5;3;2;5;5;5;2;2;4;2;;;2;;;;;;;;;;;;;;;;;;;;;;;;;;;;;;;;;;;;;2;;98;;;;;;;;;;;;;;;;;;;;;;;;;;;;;;;;2;4;4;4;4;4;4;4;4;4;2;3;3;2;4;4;1;1;2;2;1;4;4;9;;;5;4;4;3;2;2;2;;1;3;2;;2;1;0;1;;2;1;0,46660507
34849;1;12;3;2;3;;1;4;2;;;;;;;;;;;;;;;;;;;;;;;;;;;;;;;;;1;2;2;1;2;1;1;2;2;1;1;1;1;;;;;;;;;;;;;1;5;4;2;3;2;2;2;2;2;2;1;1;5;2;1;3;1;1;2;3;2;;;2;;;;;;;;;;;;;;;;;;;;;;;;;;;;;;;;;;;;;1;1;98;;;;;;;;;;;;;;;;;;;;;;;;;;;;;;;;4;4;4;4;4;4;4;4;4;4;3;3;3;3;3;4;2;2;1;2;2;4;4;4;;;1;2;2;3;2;7;1;;2;1;1;;1;2;0;1;;2;4;1,0602386
34850;1;1;3;3;2;;1;4;2;;;;;;;;;;;;;;;;;;;;;;;;;;;;;;;;;1;2;2;1;2;1;1;2;1;1;2;1;2;1;;;;;;;;;;;;2;5;7;2;3;2;2;2;1;3;2;1;3;3;1;2;3;1;1;5;4;2;;;2;;;;;;;;;;;;;;;;;;;;;;;;;;;;;;;;;;;;;1;1;5;;;;;;;;;;;;;;;;;;;;;;;;;;;;;;;;4;4;3;4;4;4;4;4;4;4;2;4;3;3;2;4;1;2;1;1;2;4;4;2;2;2;1;4;4;2;1;3;1;;1;5;1;;1;2;1;1;;2;4;0,30966517
34852;2;16;1;1;3;;1;1;1;2;2;2;2;1;2;2;2;2;2;2;2;2;2;2;2;99;;;;;;;;;;;;;;;;;;;;;;;;;2;2;2;;;;;;;;;;;;;;2;4;4;2;2;3;1;2;2;2;1;2;2;1;1;1;2;1;2;1;2;2;;;1;4;;;;;;;;;;;;;;;;;;;;99;;;;;;;;;;;;;;;;1;2;98;;;;;;;;;;;;;;;;;;;;;;;;;;;;;;;;3;3;4;4;4;4;4;4;4;4;2;2;2;2;2;1;2;2;2;2;1;2;1;1;;;2;2;3;3;2;5;1;;1;4;1;;1;2;0;1;;2;2;0,87628502
34853;2;6;1;1;2;;1;1;4;2;2;2;2;2;2;2;2;2;1;2;2;2;2;2;2;99;;;;;;;;;;;;;;;;;;;;;;;;;2;2;2;;;;;;;;;;;;;;3;0;0;2;4;4;3;3;3;3;3;3;3;3;3;3;3;3;3;3;3;2;;;2;;;;;;;;;;;;;;;;;;;;;;;;;;;;;;;;;;;;;1;2;98;;;;;;;;;;;;;;;;;;;;;;;;;;;;;;;;4;4;4;4;4;4;4;4;4;4;4;4;4;4;4;4;4;4;4;4;4;4;4;4;2;2;4;4;4;3;2;3;4;;1;4;1;;1;2;2;1;;2;1;2,1548593
34854;1;2;3;3;6;;1;4;1;;;;;;;;;;;;;;;;;;;;;;;;;;;;;;;;;1;1;1;2;2;1;1;1;1;1;1;9;2;1;;;;;;;;;;;;1;10;10;1;1;4;1;3;2;3;1;1;1;4;1;3;3;1;1;1;5;1;2;;1;1;;3;;4;;;;;;;;;;;;;;;;2;;3;;1;;;;;;;;;;;;1;1;98;;;;;;;;;;;;;;;;;;;;;;;;;;;;;;;;2;1;2;1;2;2;3;3;4;4;3;3;1;1;3;4;1;9;1;9;1;4;4;4;;;5;3;4;3;1;2;6;;1;1;1;;1;2;0;1;;2;2;0,78672314
34855;1;1;3;3;2;;1;4;1;;;;;;;;;;;;;;;;;;;;;;;;;;;;;;;;;1;1;1;1;2;1;2;2;1;1;1;1;2;4;;;;;;;;;;;;1;9;6;1;1;2;1;3;3;3;2;2;2;3;2;3;2;2;1;1;4;1;2;;1;3;;4;;;;;;;;;;;;;;;;;;3;;;;;;;;;;;;;;;;2;;98;;;;;;;;;;;;;;;;;;;;;;;;;;;;;;;;2;1;2;1;4;3;4;4;4;4;3;1;1;1;2;4;1;1;1;1;2;4;3;4;2;2;4;2;4;3;2;5;1;;2;5;1;;2;1;0;1;;2;3;0,07957616
34858;1;11;3;3;6;;1;4;1;;;;;;;;;;;;;;;;;;;;;;;;;;;;;;;;;1;1;1;2;2;1;2;1;2;1;1;1;2;1;;;;;;;;;;;;1;9;10;1;1;2;2;1;2;1;3;3;2;2;1;3;2;1;1;1;1;1;2;;2;;;;;;;;;;;;;;;;;;;;;;;;;;;;;;;;;;;;;1;1;98;;;;;;;;;;;;;;;;;;;;;;;;;;;;;;;;3;2;3;2;4;4;3;4;4;4;1;1;1;3;3;3;1;2;1;2;2;4;9;9;;;2;2;4;3;1;5;6;;2;5;1;;1;2;0;1;;2;3;0,18815424
34860;1;11;3;3;3;;1;4;3;;;;;;;;;;;;;;;;;;;;;;;;;;;;;;;;;1;2;2;1;2;1;1;1;2;1;1;1;1;;;;;;;;;;;;;2;1;2;2;3;2;2;3;2;3;3;2;2;3;2;2;5;5;2;5;5;2;;;2;;;;;;;;;;;;;;;;;;;;;;;;;;;;;;;;;;;;;2;;98;;;;;;;;;;;;;;;;;;;;;;;;;;;;;;;;2;2;4;4;4;4;4;4;4;4;2;2;2;2;3;4;2;2;2;2;2;4;4;9;;;2;5;4;3;2;7;1;;1;9;1;;2;1;0;1;;2;99;0,19229379
34864;2;6;1;1;1;1;1;1;9;2;1;2;2;2;1;1;2;1;2;2;2;2;2;1;2;99;;;;;;;;;;;;;;;;;;;;;;;;;2;2;2;;;;;;;;;;;;;;1;8;8;2;4;2;2;2;3;2;2;2;2;5;5;3;5;3;5;5;4;2;;;2;;;;;;;;;;;;;;;;;;;;;;;;;;;;;;;;;;;;;2;;1;;;;;;;;;;;;;;;;1;;;;;;;;;;;;;;;;2;2;3;3;3;3;3;4;3;4;4;2;4;3;3;3;3;3;3;3;3;4;3;3;2;2;2;2;3;3;2;2;1;;1;2;2;;1;1;0;3;5;8;2;3,34982681
34866;1;17;3;2;3;;1;4;1;;;;;;;;;;;;;;;;;;;;;;;;;;;;;;;;;1;1;1;2;2;1;1;1;2;1;1;2;2;1;;;;;;;;;;;;1;7;7;1;1;3;2;5;2;3;2;3;2;3;2;5;3;2;1;5;3;1;2;;2;;;;;;;;;;;;;;;;;;;;;;;;;;;;;;;;;;;;;1;1;98;;;;;;;;;;;;;;;;;;;;;;;;;;;;;;;;9;2;4;4;4;4;4;4;4;4;1;2;3;3;3;4;2;2;2;2;2;4;4;3;;;2;2;2;3;2;4;1;;2;5;1;;1;2;0;1;;2;3;0,94338685
34867;1;2;3;3;4;;1;4;2;;;;;;;;;;;;;;;;;;;;;;;;;;;;;;;;;1;1;1;2;2;2;1;1;2;1;1;1;1;;;;;;;;;;;;;1;5;5;1;2;3;1;4;1;4;1;1;1;4;1;1;4;1;1;2;4;1;2;;2;;;;;;;;;;;;;;;;;;;;;;;;;;;;;;;;;;;;;1;1;1;;2;;5;;;;;;;;;;;;1;;2;;4;;;;;;;;;;;;3;2;4;4;4;4;4;4;4;4;1;3;3;4;3;4;1;1;1;1;1;4;2;1;;;1;1;4;3;2;3;6;;1;1;1;;9;2;0;1;;2;1;0,39711922
34868;1;6;1;1;2;;1;4;2;;;;;;;;;;;;;;;;;;;;;;;;;;;;;;;;;2;1;2;2;2;1;1;1;2;2;2;2;1;;;;;;;;;;;;;1;4;8;2;1;4;1;3;1;2;4;2;2;3;1;4;3;2;2;2;1;1;1;;2;;;;;;;;;;;;;;;;;;;;;;;;;;;;;;;;;;;;;2;;2;;;;;;;;;;;;;;;;;;;;;;;;;;;;;;;;4;2;4;2;4;4;4;4;4;4;2;3;2;3;3;4;1;1;1;1;1;4;4;9;2;1;2;4;2;3;2;7;1;;1;3;2;;2;1;0;2;3;2;4;0,45117819
34871;2;16;1;1;3;;1;3;2;1;1;1;2;2;2;1;2;2;2;2;2;2;1;1;2;97;AVOIR EU UN COUP DE CŒUR SUR UN PARTI;;;;;;;;;;;;;;;;;;;;;;;;1;1;1;;;;;;;;;;;;;;2;6;2;2;3;2;2;2;1;3;2;1;1;3;1;3;2;3;2;1;4;2;;;2;;;;;;;;;;;;;;;;;;;;;;;;;;;;;;;;;;;;;1;2;98;;;;;;;;;;;;;;;;;;;;;;;;;;;;;;;;3;4;3;3;4;4;4;4;4;4;2;3;1;1;2;4;1;1;2;2;1;2;3;2;;;4;3;2;3;2;99;1;;2;4;1;;1;1;1;1;;2;6;3,66397119
34872;1;1;3;3;3;;1;4;1;;;;;;;;;;;;;;;;;;;;;;;;;;;;;;;;;1;1;1;1;1;1;1;1;1;1;1;1;1;;;;;;;;;;;;;1;7;8;2;2;3;2;2;3;2;2;2;2;3;2;2;2;2;1;1;3;1;2;;1;3;;4;;;;;;;;;;;;;;;;;;4;;;;;;;;;;;;;;;;2;;98;;;;;;;;;;;;;;;;;;;;;;;;;;;;;;;;3;2;4;1;4;4;4;4;4;4;1;2;2;1;2;4;1;1;2;2;2;3;4;1;;;3;3;4;3;1;5;1;;1;5;1;;1;1;0;1;;2;3;0,15924101
34873;1;6;1;1;1;1;1;4;2;;;;;;;;;;;;;;;;;;;;;;;;;;;;;;;;;1;1;1;1;1;1;2;1;1;8;8;2;1;;;;;;;;;;;;;2;4;4;9;2;3;5;4;3;4;4;4;3;1;2;1;3;1;3;3;2;1;1;;1;1;;;;;;;;;;;;;;;;;;;;3;;;;;;;;;;;;;;;;1;1;98;;;;;;;;;;;;;;;;;;;;;;;;;;;;;;;;3;4;3;4;3;3;3;4;3;4;3;3;2;4;3;4;3;3;3;2;3;3;3;1;9;2;5;5;5;9;2;2;4;;1;1;1;;1;2;1;1;;2;1;2,00191617
34874;1;11;3;3;6;;1;4;1;;;;;;;;;;;;;;;;;;;;;;;;;;;;;;;;;1;1;1;2;2;1;2;1;2;1;1;1;2;3;;;;;;;;;;2;;2;8;7;1;2;3;3;2;3;3;3;2;2;3;2;3;3;1;2;2;3;1;2;;1;3;;6;;;;;;;;;;;;;;;;;;3;;;;;;;;;;;;;;;;1;1;98;;;;;;;;;;;;;;;;;;;;;;;;;;;;;;;;2;2;2;3;4;2;4;4;4;4;1;2;3;3;2;4;2;2;2;2;2;4;4;3;;;2;2;3;3;2;5;6;;2;5;1;;1;3;0;1;;2;3;0,2021677
34878;2;7;3;2;2;;1;1;3;1;1;2;2;2;1;1;2;2;1;1;2;2;1;2;2;11;FAMILY ISSUE;;;;;;;;;;;;;;;;;;;;;;;;2;2;2;;;;;;;;;;;;;;1;10;8;1;3;1;2;2;1;1;2;1;2;2;3;4;2;2;1;1;1;1;;2;2;;;;;;;;;;;;;;;;;;;;;;;;;;;;;;;;;;;;;2;;3;;;;;;;;;;;;;;;;;;;;;;;;;;;;;;;;2;2;4;4;3;4;4;4;4;4;1;3;2;1;3;2;2;1;2;1;1;2;3;1;2;2;4;4;4;3;1;5;1;;2;2;1;;2;1;0;3;4;2;2;0,81749469
34879;1;8;3;3;5;;1;4;1;;;;;;;;;;;;;;;;;;;;;;;;;;;;;;;;;1;1;1;1;2;1;2;1;2;1;1;2;2;1;;;;;;;;;;;;1;7;8;1;2;2;2;5;3;2;3;3;3;2;2;3;2;2;1;1;4;2;;;2;;;;;;;;;;;;;;;;;;;;;;;;;;;;;;;;;;;;;1;1;98;;;;;;;;;;;;;;;;;;;;;;;;;;;;;;;;2;3;4;4;4;4;4;3;4;4;3;4;3;4;3;4;2;2;2;1;2;4;9;2;;;5;2;4;3;2;2;6;;2;6;1;;1;2;0;1;;2;3;0,64965117
34881;1;8;3;3;5;;1;4;4;;;;;;;;;;;;;;;;;;;;;;;;;;;;;;;;;1;2;2;2;2;1;1;2;2;1;1;1;2;1;;;;;;;;;;;;2;5;5;2;3;3;4;2;1;3;4;2;1;3;1;2;3;2;2;5;2;2;;;2;;;;;;;;;;;;;;;;;;;;;;;;;;;;;;;;;;;;;1;1;98;;;;;;;;;;;;;;;;;;;;;;;;;;;;;;;;4;3;4;4;4;3;3;4;4;4;2;3;3;3;3;4;2;2;2;2;1;4;4;4;;;1;2;4;3;2;3;1;;2;3;1;;1;2;0;1;;2;4;0,64965117
34882;1;4;3;2;2;;1;4;1;;;;;;;;;;;;;;;;;;;;;;;;;;;;;;;;;1;1;1;1;1;1;1;1;1;8;8;8;2;1;;3;;;;;;;;1;2;1;8;9;1;2;1;1;1;2;1;4;4;4;3;3;4;1;3;1;1;2;2;;;2;;;;;;;;;;;;;;;;;;;;;;;;;;;;;;;;;;;;;1;1;1;;;;;;;;;;;;;;;;2;;;;;;;;;;;;;;;;1;1;2;4;4;3;4;4;4;3;1;3;3;2;3;4;1;1;1;1;1;9;4;4;2;2;4;3;4;2;2;8;7;;1;5;97;SPANISH;1;2;1;3;4;2;99;0,29200417
34883;1;16;1;2;2;;1;4;3;;;;;;;;;;;;;;;;;;;;;;;;;;;;;;;;;1;2;1;1;2;1;1;1;1;1;1;1;2;1;;3;;;;;;;;1;2;1;9;9;1;2;3;2;3;3;3;2;3;2;3;2;3;3;2;1;1;2;1;2;;2;;;;;;;;;;;;;;;;;;;;;;;;;;;;;;;;;;;;;1;1;98;;;;;;;;;;;;;;;;;;;;;;;;;;;;;;;;3;1;1;1;1;4;4;4;4;4;2;2;2;2;2;4;2;2;2;2;2;4;3;4;2;1;3;3;4;3;2;5;1;;2;3;1;;1;2;3;1;;2;5;0,25982258
34884;1;2;3;3;4;;1;4;1;;;;;;;;;;;;;;;;;;;;;;;;;;;;;;;;;1;1;1;1;2;1;1;1;2;1;1;1;2;2;;;;;;;;;;;;2;7;7;1;2;3;2;2;2;3;3;2;2;2;1;4;2;1;1;1;3;1;1;;1;1;;2;;3;;4;;7;;;;;;;;;;;;3;;;;;;;;;;;;;;;;1;1;1;;;;;;;;;;;;;;;;2;;;;;;;;;;;;;;;;1;1;3;1;4;4;4;4;4;4;1;2;2;1;1;4;1;1;2;2;1;4;4;4;;;4;3;4;3;2;5;1;;2;4;1;;1;2;2;1;;2;4;0,09497616
34886;1;2;3;3;6;;1;4;1;;;;;;;;;;;;;;;;;;;;;;;;;;;;;;;;;1;1;1;2;2;1;1;1;2;1;1;1;2;1;;;;;;;;;;;;1;10;10;1;2;3;2;2;2;2;2;2;1;2;2;3;2;1;1;1;3;1;2;;1;3;;;;;;;;;;;;;;;;;;;;3;;;;;;;;;;;;;;;;1;1;98;;;;;;;;;;;;;;;;;;;;;;;;;;;;;;;;2;2;3;3;3;4;4;4;4;4;1;2;2;2;3;4;1;1;1;1;2;4;4;4;;;2;3;3;3;2;2;6;;2;6;1;;1;4;0;1;;2;99;0,84531575
34892;1;16;3;2;4;;1;4;1;;;;;;;;;;;;;;;;;;;;;;;;;;;;;;;;;1;1;1;2;2;1;1;1;1;1;1;1;2;3;;;;;;;;;;2;;1;4;7;1;3;2;2;1;2;3;3;2;3;3;2;3;2;1;1;2;4;2;;;2;;;;;;;;;;;;;;;;;;;;;;;;;;;;;;;;;;;;;1;1;1;;3;;;;;;;;;;;;;;1;;3;;;;;;;;;;;;;;3;3;4;4;4;4;4;4;4;4;3;3;3;1;3;4;2;2;1;2;3;4;4;4;;;4;2;4;3;2;7;1;;2;1;1;;2;1;0;1;;2;5;0,58852845
34893;1;2;3;3;2;;1;4;1;;;;;;;;;;;;;;;;;;;;;;;;;;;;;;;;;1;1;1;1;1;1;1;1;2;1;1;1;1;;;;;;;;;;;;;1;5;6;9;3;1;2;1;2;2;2;2;2;1;2;2;1;1;1;1;1;2;;;2;;;;;;;;;;;;;;;;;;;;;;;;;;;;;;;;;;;;;1;1;98;;;;;;;;;;;;;;;;;;;;;;;;;;;;;;;;9;2;2;2;3;4;4;4;4;4;1;1;1;1;1;4;9;1;9;9;9;9;9;9;2;2;1;1;4;1;1;2;1;;1;4;1;;1;3;0;1;;2;4;0,30966517
34896;2;6;1;1;2;;1;3;1;1;2;1;2;1;2;2;2;2;2;2;1;2;2;2;2;99;;;;;;;;;;;;;;;;;;;;;;;;;1;1;1;;;;;;;;;;;;;;1;0;0;2;3;4;1;4;1;4;1;2;1;4;1;1;4;1;1;4;1;1;;2;2;;;;;;;;;;;;;;;;;;;;;;;;;;;;;;;;;;;;;2;;1;;2;;4;;;;;;;;;;;;1;;2;;4;;;;;;;;;;;;2;2;2;4;4;4;4;4;4;4;3;4;4;3;4;4;1;4;1;4;1;9;4;4;2;2;1;4;4;9;2;5;3;;1;2;2;;1;2;0;1;;2;1;0,51536065
34897;2;2;3;3;3;;1;1;1;1;1;2;2;2;1;1;1;1;1;2;2;1;1;2;1;99;;;;;;;;;;;;;;;;;;;;;;;;;2;2;2;;;;;;;;;;;;;;3;5;5;9;9;9;2;3;5;5;2;3;5;1;3;3;3;4;4;4;5;2;;;2;;;;;;;;;;;;;;;;;;;;;;;;;;;;;;;;;;;;;9;;4;;;;;;;;;;;;;;;;;;;;;;;;;;;;;;;;9;9;9;4;9;3;3;9;9;9;4;3;4;4;2;2;2;3;2;1;2;4;1;1;;;5;5;5;3;2;2;99;;1;8;99;;9;3;2;1;;2;1;0,45079193
34901;1;6;1;1;1;1;1;4;4;;;;;;;;;;;;;;;;;;;;;;;;;;;;;;;;;1;1;1;1;1;1;1;1;1;8;8;1;1;;;;;;;;;;;;;1;10;10;1;1;1;1;1;4;1;4;4;4;1;4;4;1;4;1;1;1;1;1;;2;;;;;;;;;;;;;;;;;;;;;;;;;;;;;;;;;;;;;1;1;98;;;;;;;;;;;;;;;;;;;;;;;;;;;;;;;;1;1;4;4;2;2;2;2;2;2;1;1;1;1;1;1;1;1;1;1;1;4;1;1;1;2;3;1;1;1;1;3;1;;2;4;1;;2;1;0;1;;2;3;1,8631525
34908;2;8;3;3;4;;1;3;9;1;2;1;2;1;1;2;1;2;2;2;2;2;2;2;2;4;AVOIR ÉTÉ INSCRIT SUR LA DITE LISTE;;;;;;;;;;;;;;;;;;;;;;;;1;2;2;;;;;;;;;;;;;;1;7;8;9;3;3;1;2;2;3;3;2;4;3;2;2;2;2;2;2;5;1;;2;2;;;;;;;;;;;;;;;;;;;;;;;;;;;;;;;;;;;;;2;;5;;;;;;;;;;;;;;;;;;;;;;;;;;;;;;;;2;2;4;4;3;4;4;4;4;4;1;3;2;2;4;4;1;1;2;3;2;4;4;4;;;3;5;4;3;1;1;8;;1;1;1;;2;1;0;1;;2;1;1,14362192
34910;1;6;1;1;1;1;1;4;3;;;;;;;;;;;;;;;;;;;;;;;;;;;;;;;;;1;1;2;2;1;1;1;1;2;1;1;1;2;1;;;;;;;;;;;;1;5;5;9;2;3;3;4;2;3;3;2;2;3;1;1;4;3;3;4;2;9;;;2;;;;;;;;;;;;;;;;;;;;;;;;;;;;;;;;;;;;;1;1;1;;;;;;;;;;;;;;;;2;;;;;;;;;;;;;;;;2;2;4;2;2;4;2;3;2;2;3;3;2;2;4;3;2;3;4;2;1;2;4;3;2;2;2;3;2;2;2;2;7;;1;4;1;;1;1;1;1;;2;3;2,00191617
34912;1;11;3;3;6;;1;4;1;;;;;;;;;;;;;;;;;;;;;;;;;;;;;;;;;1;1;2;1;2;2;1;2;1;1;1;1;2;1;;;;;;;;;;;;1;9;9;2;2;2;2;2;3;2;3;3;3;2;3;3;2;3;2;2;2;1;2;;1;3;;;;;;;;;;;;;;;;;;;;2;;;;;;;;;;;;;;;;1;1;98;;;;;;;;;;;;;;;;;;;;;;;;;;;;;;;;1;2;4;4;4;4;4;4;4;4;1;3;1;4;1;4;2;1;2;2;1;4;4;4;;;4;4;3;3;1;3;6;;2;6;2;;1;2;0;1;;1;2;0,78672314
34915;1;15;3;2;2;;1;4;1;;;;;;;;;;;;;;;;;;;;;;;;;;;;;;;;;1;1;1;1;1;1;1;1;1;1;1;2;1;;;;;;;;;;;;;1;6;10;1;2;4;1;1;1;3;1;1;1;2;1;4;1;1;1;1;4;1;2;;2;;;;;;;;;;;;;;;;;;;;;;;;;;;;;;;;;;;;;1;1;3;;;;;;;;;;;;;;;;;;;;;;;;;;;;;;;;4;1;4;4;4;4;4;4;4;4;3;2;1;1;3;4;1;1;2;1;1;4;4;4;1;2;1;1;4;3;2;7;3;;1;2;1;;2;4;0;1;;2;1;0,29200417
34917;1;1;3;2;4;;1;4;3;;;;;;;;;;;;;;;;;;;;;;;;;;;;;;;;;1;1;1;2;2;1;1;1;1;1;1;1;1;;;;;;;;;;;;;1;9;9;1;2;1;1;1;3;1;3;3;3;2;3;3;1;4;1;1;3;1;9;;2;;;;;;;;;;;;;;;;;;;;;;;;;;;;;;;;;;;;;1;1;98;;;;;;;;;;;;;;;;;;;;;;;;;;;;;;;;1;2;4;3;4;4;4;4;4;4;1;2;3;3;1;2;1;1;2;1;1;9;2;9;;;4;2;4;3;2;3;1;;1;5;1;;2;2;0;1;;2;3;2,18957973
34918;2;16;1;1;3;;1;2;1;1;2;1;2;1;1;1;2;2;2;2;2;2;1;1;1;6;LE FAIRE EN LIGNE;;;;;;;;;;;;;;;;;;;;;;;;1;1;2;;;;;;;;;;;;;;2;5;5;2;3;3;2;2;2;2;2;2;2;3;2;2;3;2;2;3;3;1;;2;2;;;;;;;;;;;;;;;;;;;;;;;;;;;;;;;;;;;;;1;2;98;;;;;;;;;;;;;;;;;;;;;;;;;;;;;;;;2;3;4;4;4;4;4;4;4;4;2;3;2;2;2;4;2;2;2;2;2;4;4;4;;;2;3;3;2;2;5;1;;2;5;1;;1;2;1;1;;2;4;0,87628502
34919;1;16;1;1;2;;1;4;1;;;;;;;;;;;;;;;;;;;;;;;;;;;;;;;;;1;1;1;2;2;1;1;1;1;1;1;1;2;2;;;;;;;;;;;;2;7;7;1;2;2;2;2;2;2;4;2;1;3;2;2;2;2;2;2;4;1;2;;2;;;;;;;;;;;;;;;;;;;;;;;;;;;;;;;;;;;;;1;1;98;;;;;;;;;;;;;;;;;;;;;;;;;;;;;;;;2;2;1;4;4;4;2;4;4;4;4;3;3;4;2;3;1;1;2;2;2;4;2;3;2;2;2;4;3;3;2;8;1;;1;5;1;;2;2;0;1;;2;3;0,45117819
34920;1;1;3;3;5;;1;4;1;;;;;;;;;;;;;;;;;;;;;;;;;;;;;;;;;1;2;1;2;1;2;2;2;1;1;1;2;2;1;;;;;;;;;;;;1;8;7;2;2;3;2;2;3;3;2;2;2;3;1;2;2;2;1;1;3;1;2;;1;4;;;;;;;;;;;;;;;;;;;;3;;;;;;;;;;;;;;;;1;1;98;;;;;;;;;;;;;;;;;;;;;;;;;;;;;;;;1;2;4;2;4;4;4;4;4;4;1;1;2;2;2;4;1;1;1;1;1;4;4;4;;;2;3;3;3;2;3;6;;2;6;1;;1;2;0;1;;2;4;0,64965117
34923;1;5;3;2;2;;1;4;3;;;;;;;;;;;;;;;;;;;;;;;;;;;;;;;;;1;2;2;2;1;1;1;1;1;9;9;1;2;1;;;;;;;;;;;;1;1;1;9;2;9;5;5;2;5;4;1;5;5;4;4;2;2;1;2;4;2;;;2;;;;;;;;;;;;;;;;;;;;;;;;;;;;;;;;;;;;;1;1;98;;;;;;;;;;;;;;;;;;;;;;;;;;;;;;;;9;4;4;4;4;4;4;4;4;4;3;4;4;3;2;4;1;9;1;1;2;4;4;9;2;2;4;2;4;1;2;5;1;;1;4;1;;1;2;0;1;;2;3;0,25982258
34926;1;16;1;1;1;1;1;4;2;;;;;;;;;;;;;;;;;;;;;;;;;;;;;;;;;1;1;1;2;2;1;1;2;2;8;8;1;1;;;;;;;;;;;;;1;5;7;1;2;9;2;3;5;2;4;2;5;3;2;4;5;5;1;2;4;1;2;;2;;;;;;;;;;;;;;;;;;;;;;;;;;;;;;;;;;;;;1;1;1;;5;;;;;;;;;;;;;;1;;;;;;;;;;;;;;;;2;2;2;2;4;4;4;4;4;4;3;2;1;1;3;4;1;1;9;1;9;4;4;4;1;1;3;3;4;3;2;4;8;;3;4;1;;2;4;1;1;;2;7;0,47878304
34928;1;8;3;3;5;;1;4;1;;;;;;;;;;;;;;;;;;;;;;;;;;;;;;;;;1;1;2;2;2;1;1;1;2;1;1;1;1;;;;;;;;;;;;;1;9;10;1;2;2;2;2;3;2;4;3;3;2;3;4;2;5;1;1;1;1;2;;2;;;;;;;;;;;;;;;;;;;;;;;;;;;;;;;;;;;;;1;1;98;;;;;;;;;;;;;;;;;;;;;;;;;;;;;;;;1;1;2;2;2;4;4;2;4;4;1;2;2;2;2;4;1;1;2;2;1;9;3;4;;;4;4;3;3;2;5;1;;2;6;1;;1;2;0;1;;2;99;0,15537187
34930;1;17;3;2;1;1;1;4;4;;;;;;;;;;;;;;;;;;;;;;;;;;;;;;;;;1;1;2;2;1;1;1;1;1;1;1;1;1;;;;;;;;;;;;;1;8;8;2;2;2;1;3;3;3;4;2;3;3;2;3;2;2;1;2;3;1;2;;2;;;;;;;;;;;;;;;;;;;;;;;;;;;;;;;;;;;;;1;1;1;;2;;;;;;;;;;;;;;1;;2;;;;;;;;;;;;;;1;1;2;1;2;4;4;4;2;4;2;2;2;2;2;2;2;1;2;2;2;3;3;2;2;1;3;3;3;3;2;8;3;;1;1;1;;1;2;0;1;;2;1;0,34825167
34935;1;6;1;1;2;;1;4;2;;;;;;;;;;;;;;;;;;;;;;;;;;;;;;;;;1;1;1;1;1;1;1;1;1;1;1;1;1;;;;;;;;;;;;;1;7;7;9;2;2;2;2;2;2;2;2;3;3;3;3;3;3;3;3;3;9;;;9;;;;;;;;;;;;;;;;;;;;;;;;;;;;;;;;;;;;;9;;99;;;;;;;;;;;;;;;;;;;;;;;;;;;;;;;;3;3;4;2;2;2;2;4;2;4;2;2;2;2;2;2;2;2;2;3;2;2;2;2;2;2;3;3;3;2;2;7;1;;2;5;1;;1;2;2;1;;2;6;0,45117819
34936;1;1;3;3;2;;1;4;1;;;;;;;;;;;;;;;;;;;;;;;;;;;;;;;;;1;2;1;1;1;1;1;1;1;1;1;2;1;;;;;;;;;;;;;1;5;8;2;3;3;2;2;3;3;2;1;1;3;2;3;1;2;1;2;1;1;2;;2;;;;;;;;;;;;;;;;;;;;;;;;;;;;;;;;;;;;;2;;1;;;;;;;;;;;;;;;;1;;;;;;;;;;;;;;;;4;3;3;9;4;3;4;4;3;3;2;3;2;1;3;4;1;1;2;2;2;4;4;2;2;2;1;3;4;3;1;7;99;;1;5;1;;2;1;0;3;5;2;2;0,08323339
34937;1;9;3;3;2;;1;4;1;;;;;;;;;;;;;;;;;;;;;;;;;;;;;;;;;1;1;2;2;2;1;1;1;1;9;1;1;1;;;;;;;;;;;;;1;8;8;1;2;3;1;2;1;4;2;2;2;3;2;2;2;2;1;1;1;9;;;2;;;;;;;;;;;;;;;;;;;;;;;;;;;;;;;;;;;;;1;1;98;;;;;;;;;;;;;;;;;;;;;;;;;;;;;;;;3;2;1;1;9;3;4;4;4;1;2;4;2;1;1;4;1;1;1;1;1;4;9;3;1;1;1;1;4;3;2;5;1;;1;5;2;;2;1;0;2;5;8;2;0,07957616
34938;1;15;1;2;3;;1;4;2;;;;;;;;;;;;;;;;;;;;;;;;;;;;;;;;;1;1;2;2;2;1;1;1;2;1;1;2;2;3;;;;;;;;;;1;1;1;6;6;2;2;2;2;2;2;4;2;2;2;2;2;3;2;2;2;2;3;2;;;1;3;;4;;;;;;;;;;;;;;;;;;5;;;;;;;;;;;;;;;;1;1;98;;;;;;;;;;;;;;;;;;;;;;;;;;;;;;;;4;2;3;1;4;4;4;4;3;4;3;1;2;2;2;4;1;1;1;1;2;4;4;4;;;1;3;4;2;2;7;1;;2;6;1;;1;2;1;1;;2;5;1,0602386
34941;1;6;1;1;2;;1;4;3;;;;;;;;;;;;;;;;;;;;;;;;;;;;;;;;;1;1;1;1;2;1;1;1;2;1;1;1;1;;;;;;;;;;;;;1;10;10;1;1;1;1;1;1;1;1;1;1;1;1;1;1;1;1;1;1;1;1;;2;;;;;;;;;;;;;;;;;;;;;;;;;;;;;;;;;;;;;1;1;98;;;;;;;;;;;;;;;;;;;;;;;;;;;;;;;;3;3;4;4;4;4;4;4;4;4;1;1;1;1;1;1;1;1;1;1;1;1;1;1;1;1;4;1;1;1;2;7;1;;1;6;97;MANDARIN;2;1;0;1;;2;4;0,45117819
34942;1;17;3;2;1;1;1;4;1;;;;;;;;;;;;;;;;;;;;;;;;;;;;;;;;;1;1;1;2;1;1;1;1;1;8;2;1;1;;;;;;;;;;;;;1;7;9;1;2;3;3;4;2;3;2;2;4;2;2;4;3;1;1;1;3;1;2;;2;;;;;;;;;;;;;;;;;;;;;;;;;;;;;;;;;;;;;1;2;2;;4;;;;;;;;;;;;;;;;;;;;;;;;;;;;;;4;3;1;3;4;3;4;4;4;2;3;2;2;1;3;4;1;1;2;2;1;4;2;3;2;1;1;1;4;3;2;6;3;;2;2;1;;1;2;0;1;;2;3;0,30987042
34943;1;3;2;1;2;;1;4;3;;;;;;;;;;;;;;;;;;;;;;;;;;;;;;;;;1;2;2;1;2;2;2;2;2;1;1;1;1;;;;;;;;;;;;;1;7;7;2;2;2;2;3;3;2;3;3;3;3;1;3;2;1;2;1;4;2;;;2;;;;;;;;;;;;;;;;;;;;;;;;;;;;;;;;;;;;;1;1;98;;;;;;;;;;;;;;;;;;;;;;;;;;;;;;;;2;2;4;4;4;4;4;4;4;4;2;2;2;2;2;4;2;2;2;2;1;9;3;9;2;2;2;5;5;3;1;7;1;;1;4;1;;1;2;0;1;;2;4;0,41990462
34944;1;2;3;3;1;1;1;4;1;;;;;;;;;;;;;;;;;;;;;;;;;;;;;;;;;1;1;1;2;2;1;1;1;2;1;1;1;1;;;;;;;;;;;;;1;10;7;1;2;4;2;5;1;4;2;4;1;4;1;3;5;1;2;5;5;1;2;;2;;;;;;;;;;;;;;;;;;;;;;;;;;;;;;;;;;;;;1;1;98;;;;;;;;;;;;;;;;;;;;;;;;;;;;;;;;3;2;3;1;4;3;4;4;4;4;3;3;3;2;3;9;9;1;3;4;1;4;9;4;1;1;1;5;4;3;2;7;3;;3;5;1;;2;3;0;1;;2;6;0,10665981
34945;1;1;3;3;3;;1;4;1;;;;;;;;;;;;;;;;;;;;;;;;;;;;;;;;;1;1;1;2;2;1;2;1;2;1;1;1;1;;;;;;;;;;;;;1;9;9;1;2;4;3;4;3;2;2;2;2;3;3;2;4;4;1;2;4;1;2;;2;;;;;;;;;;;;;;;;;;;;;;;;;;;;;;;;;;;;;2;;2;;;;;;;;;;;;;;;;;;;;;;;;;;;;;;;;2;2;2;1;4;3;4;4;3;4;1;2;3;2;2;1;1;1;2;2;2;1;1;1;;;3;3;4;3;2;8;1;;2;5;1;;2;1;0;1;;2;4;0,19229379
34948;1;16;3;2;4;;1;4;3;;;;;;;;;;;;;;;;;;;;;;;;;;;;;;;;;1;1;1;2;1;1;1;1;1;1;1;2;1;;;;;;;;;;;;;2;0;0;1;2;3;1;2;2;3;2;2;1;3;1;2;2;1;2;3;1;2;;;2;;;;;;;;;;;;;;;;;;;;;;;;;;;;;;;;;;;;;2;;3;;;;;;;;;;;;;;;;;;;;;;;;;;;;;;;;3;4;1;4;4;4;4;4;3;4;2;2;4;1;1;4;1;1;1;1;1;4;4;4;;;1;3;4;3;2;3;1;;1;5;1;;2;1;0;1;;2;98;2,18957973
34949;2;3;2;1;2;;1;3;4;2;2;2;2;1;2;2;2;2;1;2;2;2;1;2;2;99;;;;;;;;;;;;;;;;;;;;;;;;;2;1;1;;;;;;;;;;;;;;2;5;5;1;2;3;4;4;3;4;2;1;1;3;2;3;3;1;2;2;3;1;;2;2;;;;;;;;;;;;;;;;;;;;;;;;;;;;;;;;;;;;;1;1;98;;;;;;;;;;;;;;;;;;;;;;;;;;;;;;;;3;3;3;4;2;4;4;4;4;4;3;4;3;2;3;4;1;1;1;1;1;4;4;4;2;2;1;3;4;2;2;3;10;AU FOYER;1;1;1;;1;3;1;1;;2;3;2,1548593
34950;1;12;3;2;1;1;1;4;1;;;;;;;;;;;;;;;;;;;;;;;;;;;;;;;;;1;1;2;1;2;1;1;2;1;9;9;9;2;2;;;;;;;;;;;;1;4;4;2;2;9;5;5;5;5;5;5;5;5;5;5;5;5;5;5;5;1;2;;2;;;;;;;;;;;;;;;;;;;;;;;;;;;;;;;;;;;;;1;1;1;;;;;;;;;;;;;;;;1;;;;;;;;;;;;;;;;3;2;3;2;3;4;4;4;4;4;2;3;2;2;2;9;9;9;9;9;9;9;9;9;9;2;2;3;2;3;2;7;1;;3;6;1;;2;3;0;1;;2;8;0,34825167
34952;1;6;1;1;2;;1;4;1;;;;;;;;;;;;;;;;;;;;;;;;;;;;;;;;;1;1;1;2;1;1;1;1;1;1;1;1;2;2;;;;;;;;;;;;1;10;9;1;2;2;1;1;1;1;2;1;2;2;2;2;2;2;1;1;2;2;;;2;;;;;;;;;;;;;;;;;;;;;;;;;;;;;;;;;;;;;1;1;98;;;;;;;;;;;;;;;;;;;;;;;;;;;;;;;;3;2;4;4;4;4;4;4;4;4;3;2;1;1;1;4;1;1;1;1;1;4;4;4;2;2;4;1;5;1;2;7;1;;3;6;2;;2;2;0;1;;2;99;0,45117819
34953;2;6;1;1;4;;1;3;4;1;2;1;1;2;1;1;1;1;1;1;2;2;2;1;2;9;Y ALLER LE JOURS DE L,ANTICIPATION;;;;;;;;;;;;;;;;;;;;;;;;1;1;9;;;;;;;;;;;;;;2;6;6;1;3;3;3;2;2;3;4;1;1;3;1;2;3;2;2;3;3;9;;;1;2;;4;;;;;;;;;;;;;;;;;;3;;;;;;;;;;;;;;;;1;1;1;;;;;;;;;;;;;;;;2;;;;;;;;;;;;;;;;3;3;3;3;4;4;9;4;4;4;3;3;2;4;3;4;2;2;2;2;2;4;9;9;;;1;4;4;3;1;3;1;;1;4;1;;1;2;0;1;;2;2;9,29522514
34954;2;6;1;1;3;;1;1;1;1;1;1;1;1;2;2;2;2;2;2;2;2;2;2;1;0;NOTHING;;;;;;;;;;;;;;;;;;;;;;;;2;2;2;;;;;;;;;;;;;;4;6;6;2;2;4;3;3;1;5;1;2;1;4;1;1;3;2;4;3;3;1;;2;1;2;;3;;4;;6;;;;;;;;;;;;;;3;;;;;;;;;;;;;;;;2;;98;;;;;;;;;;;;;;;;;;;;;;;;;;;;;;;;3;3;4;4;4;4;4;4;4;4;4;2;4;3;4;4;2;2;2;2;2;3;3;2;;;5;4;4;3;1;5;2;;1;6;1;;2;1;0;1;;2;1;2,14772367
34957;1;6;1;1;2;;1;4;1;;;;;;;;;;;;;;;;;;;;;;;;;;;;;;;;;1;2;1;2;2;1;1;1;1;1;1;2;1;;;;;;;;;;;;;1;8;7;2;2;3;3;3;1;4;1;2;1;4;1;1;4;1;1;1;5;2;;;2;;;;;;;;;;;;;;;;;;;;;;;;;;;;;;;;;;;;;2;;98;;;;;;;;;;;;;;;;;;;;;;;;;;;;;;;;2;2;1;1;4;4;4;1;4;4;4;2;2;1;3;4;1;1;1;1;1;1;3;1;2;1;1;1;2;3;1;7;1;;1;5;1;;2;1;0;1;;2;3;0,41990462
34958;1;16;1;2;3;;1;4;2;;;;;;;;;;;;;;;;;;;;;;;;;;;;;;;;;1;2;2;1;2;1;2;2;2;1;1;1;1;;;;;;;;;;;;;1;6;6;1;2;1;3;3;1;4;2;2;2;3;2;2;4;2;1;2;2;1;2;;2;;;;;;;;;;;;;;;;;;;;;;;;;;;;;;;;;;;;;2;;98;;;;;;;;;;;;;;;;;;;;;;;;;;;;;;;;3;3;3;2;4;4;4;4;4;4;3;1;2;1;1;4;2;2;1;2;2;3;3;1;;;5;2;2;3;2;5;1;;2;4;2;;2;1;0;1;;2;7;0,94338685
34959;2;6;1;1;2;;1;1;1;2;2;1;2;1;2;2;2;2;2;2;2;2;2;1;1;16;RIEN, JE NAI AUCUNE CONFIANCE A LA POLITIQUE. JAI PERDU ESPOIR;;;;;;;;;;;;;;;;;;;;;;;;2;2;2;;;;;;;;;;;;;;5;0;0;2;3;3;3;5;1;1;1;4;1;4;1;1;3;1;3;5;4;2;;;2;;;;;;;;;;;;;;;;;;;;;;;;;;;;;;;;;;;;;1;2;98;;;;;;;;;;;;;;;;;;;;;;;;;;;;;;;;3;3;4;4;4;4;4;4;4;4;3;3;2;2;3;4;2;2;1;2;1;4;3;4;2;2;1;4;4;3;2;4;1;;1;3;1;;1;1;0;1;;2;2;0,51536065
34960;2;8;3;3;2;;1;1;9;2;2;2;2;1;2;1;2;2;2;2;2;2;2;1;2;99;;;;;;;;;;;;;;;;;;;;;;;;;9;9;9;;;;;;;;;;;;;;2;0;0;2;4;4;1;1;1;4;4;1;1;5;5;2;4;1;3;4;1;2;;;2;;;;;;;;;;;;;;;;;;;;;;;;;;;;;;;;;;;;;9;;98;;;;;;;;;;;;;;;;;;;;;;;;;;;;;;;;4;3;2;1;4;3;4;4;4;3;2;4;1;1;1;4;9;3;4;4;9;3;9;3;2;2;5;2;4;3;1;2;1;;1;4;1;;2;1;4;1;;2;5;1,04688501
34961;1;3;2;1;1;1;1;4;1;;;;;;;;;;;;;;;;;;;;;;;;;;;;;;;;;1;2;2;2;1;1;2;1;1;2;2;2;2;2;;;;;;;;;;;;2;7;1;2;2;2;3;3;2;2;2;2;3;2;1;2;2;2;2;3;3;2;;;2;;;;;;;;;;;;;;;;;;;;;;;;;;;;;;;;;;;;;1;1;1;;;;;;;;;;;;;;;;1;;;;;;;;;;;;;;;;3;3;2;4;2;2;4;4;4;4;3;2;2;3;3;4;2;3;2;2;3;1;2;3;2;1;1;3;1;1;1;5;1;;1;1;1;;2;1;0;1;;2;2;0,44559637
34963;1;12;3;2;4;;1;4;3;;;;;;;;;;;;;;;;;;;;;;;;;;;;;;;;;1;1;2;1;2;1;1;1;2;1;1;2;2;1;;;;;;;;;;;;1;2;7;9;2;3;2;2;5;5;5;5;2;4;5;2;5;1;2;5;2;2;;;2;;;;;;;;;;;;;;;;;;;;;;;;;;;;;;;;;;;;;2;;98;;;;;;;;;;;;;;;;;;;;;;;;;;;;;;;;3;3;3;2;4;4;4;4;4;4;2;3;3;3;3;4;2;2;2;2;2;2;2;3;;;5;4;4;3;2;5;1;;2;6;1;;1;2;0;1;;2;4;0,52366459
34964;1;16;1;2;1;1;1;4;2;;;;;;;;;;;;;;;;;;;;;;;;;;;;;;;;;2;2;1;2;2;2;1;1;1;2;2;1;2;1;;;;;;;;;;;;2;6;5;1;2;3;2;3;2;1;3;4;2;2;1;2;4;2;3;5;2;2;;;9;;;;;;;;;;;;;;;;;;;;;;;;;;;;;;;;;;;;;2;;99;;;;;;;;;;;;;;;;;;;;;;;;;;;;;;;;3;3;1;2;9;4;3;4;3;2;2;2;1;3;4;4;3;3;1;3;4;3;9;4;9;2;3;4;2;2;2;6;9;;3;6;1;;1;1;0;1;;2;5;0,30987042
34966;2;6;1;1;1;1;1;1;2;2;2;1;1;1;1;1;1;1;2;1;2;1;2;2;1;0;NOTHING;;;;;;;;;;;;;;;;;;;;;;;;2;1;2;;;;;;;;;;;;;;2;7;8;2;2;2;2;2;2;1;3;1;1;1;2;1;1;3;2;1;3;1;;2;1;3;;;;;;;;;;;;;;;;;;;;3;;;;;;;;;;;;;;;;2;;1;;;;;;;;;;;;;;;;1;;;;;;;;;;;;;;;;2;3;3;4;2;1;3;2;4;2;3;3;2;3;1;2;3;3;3;4;1;4;3;2;1;2;1;3;2;2;1;4;1;;2;6;1;;2;1;0;1;;2;4;1,96357691
34967;1;8;3;3;4;;1;4;1;;;;;;;;;;;;;;;;;;;;;;;;;;;;;;;;;1;1;1;1;1;1;1;1;1;1;1;1;1;;;;;;;;;;;;;1;5;5;1;1;2;3;3;3;3;3;3;3;3;3;3;3;3;3;3;3;1;1;;1;3;;;;;;;;;;;;;;;;;;;;3;;;;;;;;;;;;;;;;1;1;1;;;;;;;;;;;;;;;;2;;;;;;;;;;;;;;;;3;3;4;4;9;4;4;4;4;4;3;3;3;3;3;3;3;3;3;3;3;3;3;3;;;3;3;3;3;2;99;99;;2;6;1;;1;4;1;1;;2;99;0,39711922
34968;1;1;3;3;6;;1;4;2;;;;;;;;;;;;;;;;;;;;;;;;;;;;;;;;;1;1;2;2;2;1;1;1;2;1;1;1;1;;;;;;;;;;;;;1;10;10;1;2;2;3;1;3;2;2;2;2;1;2;3;3;1;1;1;3;1;2;;1;3;;4;;5;;;;;;;;;;;;;;;;4;;;;;;;;;;;;;;;;2;;98;;;;;;;;;;;;;;;;;;;;;;;;;;;;;;;;2;2;1;9;1;4;9;2;9;9;1;1;1;1;1;4;1;1;1;9;1;9;4;9;;;4;3;4;3;2;4;6;;1;5;1;;2;1;0;1;;2;99;0,2021677
34969;1;1;3;3;4;;1;4;2;;;;;;;;;;;;;;;;;;;;;;;;;;;;;;;;;1;1;1;2;2;1;2;1;1;1;1;2;1;;;;;;;;;;;;;2;5;5;2;3;3;4;4;5;4;2;1;2;2;5;4;3;2;2;1;2;1;2;;2;;;;;;;;;;;;;;;;;;;;;;;;;;;;;;;;;;;;;2;;98;;;;;;;;;;;;;;;;;;;;;;;;;;;;;;;;3;3;3;4;4;4;4;4;4;4;2;2;3;3;2;4;2;2;1;1;1;4;4;4;;;5;4;4;9;2;7;99;;2;6;1;;2;1;0;1;;2;3;0,10674001
34971;2;3;3;1;2;;1;3;4;1;1;1;2;1;2;2;2;1;1;1;2;1;1;2;2;99;;;;;;;;;;;;;;;;;;;;;;;;;1;1;1;;;;;;;;;;;;;;2;5;6;2;3;2;3;4;3;2;3;4;2;3;3;3;4;4;4;2;3;1;;2;2;;;;;;;;;;;;;;;;;;;;;;;;;;;;;;;;;;;;;1;2;3;;;;;;;;;;;;;;;;;;;;;;;;;;;;;;;;3;2;3;3;2;2;3;3;1;2;2;2;1;3;2;3;3;4;4;4;3;2;3;2;2;2;1;2;2;2;2;7;1;;2;3;1;;1;2;0;1;;2;3;0,57919556
34972;1;2;3;3;5;;1;4;1;;;;;;;;;;;;;;;;;;;;;;;;;;;;;;;;;1;1;1;1;2;1;1;1;2;1;1;1;1;;;;;;;;;;;;;1;10;10;1;2;3;2;2;2;5;4;2;2;3;2;3;5;2;1;2;2;1;2;;1;3;;4;;;;;;;;;;;;;;;;;;4;;3;;;;;;;;;;;;;;2;;98;C'EST MON DEVOIR;;;;;;;;;;;;;;;;;;;;;;;;;;;;;;;2;2;2;9;4;4;4;4;4;4;2;3;2;2;3;4;2;1;2;2;2;9;4;9;;;5;2;5;3;2;2;8;;1;6;1;;2;1;0;1;;2;1;0,64965117
34973;1;6;1;1;2;;1;4;2;;;;;;;;;;;;;;;;;;;;;;;;;;;;;;;;;1;1;1;2;2;1;1;1;1;1;1;2;1;;;;;;;;;;;;;1;6;9;1;2;2;4;2;2;3;2;3;2;2;3;2;2;2;2;2;2;1;1;;2;;;;;;;;;;;;;;;;;;;;;;;;;;;;;;;;;;;;;1;1;2;;;;;;;;;;;;;;;;;;;;;;;;;;;;;;;;2;2;2;2;2;3;2;4;4;3;2;2;2;2;2;2;2;2;2;2;2;2;2;2;2;2;2;2;2;2;1;7;1;;2;3;2;;2;1;0;1;;2;3;0,41990462
34975;1;13;1;1;1;1;1;4;2;;;;;;;;;;;;;;;;;;;;;;;;;;;;;;;;;2;1;1;2;2;2;1;1;2;8;1;2;2;4;;;;;;;;;;;;2;8;7;1;2;3;2;5;2;3;3;2;3;2;2;2;3;2;2;2;2;2;;;2;;;;;;;;;;;;;;;;;;;;;;;;;;;;;;;;;;;;;2;;2;;;;;;;;;;;;;;;;;;;;;;;;;;;;;;;;2;2;2;4;4;2;2;4;3;2;4;4;3;2;4;2;2;1;2;2;1;3;2;3;1;1;3;3;3;2;2;5;1;;1;3;1;;2;1;0;3;5;2;3;0,47878304
34976;1;12;2;2;3;;1;4;2;;;;;;;;;;;;;;;;;;;;;;;;;;;;;;;;;1;2;1;1;1;1;1;1;1;1;1;1;2;3;;;;;;;;;;1;1;1;9;9;1;2;2;2;1;2;2;3;2;2;2;3;3;2;2;1;1;3;1;2;;2;;;;;;;;;;;;;;;;;;;;;;;;;;;;;;;;;;;;;2;;98;;;;;;;;;;;;;;;;;;;;;;;;;;;;;;;;1;1;4;4;4;4;4;4;4;4;2;3;1;2;1;3;1;1;2;2;3;2;2;3;;;2;3;4;2;1;7;1;;2;2;1;;2;1;2;1;;2;3;0,98674732
34977;1;8;3;3;6;;1;4;1;;;;;;;;;;;;;;;;;;;;;;;;;;;;;;;;;1;1;2;1;2;1;1;2;2;1;1;1;2;1;;;;;;;;;;;;1;9;9;2;2;1;2;2;2;2;2;2;2;2;2;2;2;3;2;2;2;2;;;2;;;;;;;;;;;;;;;;;;;;;;;;;;;;;;;;;;;;;1;1;98;;;;;;;;;;;;;;;;;;;;;;;;;;;;;;;;4;3;4;4;4;4;4;4;4;4;1;2;2;4;2;2;2;2;2;2;2;2;2;2;;;4;4;4;3;1;6;6;;2;6;1;;1;2;0;1;;2;4;0,18815424
34979;1;2;3;3;6;;1;4;1;;;;;;;;;;;;;;;;;;;;;;;;;;;;;;;;;1;1;1;1;2;2;2;2;1;1;1;2;1;;;;;;;;;;;;;1;7;7;9;2;1;2;1;3;3;3;2;3;2;2;3;2;5;1;1;4;1;2;;1;4;;;;;;;;;;;;;;;;;;;;3;;8;MESSAGE ENREGISTRÉ PAR LE CHEF DU PARTI.;;;;;;;;;;;;;1;1;98;;;;;;;;;;;;;;;;;;;;;;;;;;;;;;;;3;2;9;9;4;4;2;4;4;4;1;1;3;3;2;4;1;1;1;1;1;9;4;3;;;1;4;4;3;2;5;6;;2;6;1;;1;2;0;1;;2;2;0,2021677
34980;2;6;1;1;2;;1;1;1;1;1;1;1;1;1;1;1;2;1;1;1;1;1;1;1;97;EVERYTHING;;;;;;;;;;;;;;;;;;;;;;;;2;2;8;;;;;;;;;;;;;;2;10;9;2;1;2;2;2;2;2;1;1;1;1;1;1;1;1;1;1;1;1;;1;1;2;;;;;;;;;;;;;;;;;;;;3;;;;;;;;;;;;;;;;1;1;1;;;;;;;;;;;;;;;;1;;2;;;;;;;;;;;;;;1;1;1;1;1;1;1;1;1;1;1;2;1;2;2;1;1;1;1;1;1;1;1;1;1;1;1;1;1;1;2;7;1;;1;5;2;;1;4;3;1;;1;8;0,57919556
34982;1;9;3;3;3;;1;4;1;;;;;;;;;;;;;;;;;;;;;;;;;;;;;;;;;1;1;1;1;1;1;1;1;1;1;1;1;2;1;;;;;;;;;;;;1;6;6;1;3;2;2;2;2;2;2;2;2;4;2;2;2;3;2;2;2;2;;;2;;;;;;;;;;;;;;;;;;;;;;;;;;;;;;;;;;;;;1;1;1;;;;;;;;;;;;;;;;2;;;;;;;;;;;;;;;;3;3;2;4;4;3;3;4;4;4;2;2;2;2;2;2;2;2;2;2;2;2;4;2;;;2;2;4;3;2;4;1;;2;5;1;;1;2;3;1;;1;8;0,17110108
34984;1;16;3;2;2;;1;4;3;;;;;;;;;;;;;;;;;;;;;;;;;;;;;;;;;1;1;1;1;2;1;1;1;1;1;1;2;1;;;;;;;;;;;;;2;8;5;1;1;2;2;3;1;1;1;1;2;3;3;2;2;2;1;2;1;1;1;;1;2;;4;;;;;;;;;;;;;;;;;;4;;1;;5;;;;;;;;;;;;2;;1;;;;;;;;;;;;;;;;4;;;;;;;;;;;;;;;;1;1;2;1;3;2;1;1;3;1;2;2;1;1;2;1;3;3;2;2;1;1;1;3;1;1;2;1;3;1;2;3;4;;2;4;1;;1;4;2;1;;2;4;1,08638453
34986;1;16;3;2;2;;1;4;1;;;;;;;;;;;;;;;;;;;;;;;;;;;;;;;;;1;1;2;1;2;1;1;1;1;1;1;1;1;;;;;;;;;;;;;1;1;5;2;3;3;2;5;1;1;2;1;2;4;1;1;3;1;1;2;3;1;2;;2;;;;;;;;;;;;;;;;;;;;;;;;;;;;;;;;;;;;;1;1;98;;;;;;;;;;;;;;;;;;;;;;;;;;;;;;;;4;4;4;1;4;3;9;4;4;4;2;4;4;1;3;4;1;1;1;1;1;9;4;9;2;2;3;4;3;3;2;8;1;;1;3;1;;1;2;0;1;;2;6;0,29200417
34988;1;2;3;3;6;;1;4;1;;;;;;;;;;;;;;;;;;;;;;;;;;;;;;;;;1;1;1;2;2;1;2;1;1;1;1;1;2;4;;;;;;;;;;;;1;5;5;9;2;9;5;3;3;3;2;2;3;5;3;2;2;2;1;2;3;1;2;;1;3;;4;;;;;;;;;;;;;;;;;;3;;;;;;;;;;;;;;;;2;;98;;;;;;;;;;;;;;;;;;;;;;;;;;;;;;;;2;2;3;4;4;4;4;4;4;4;2;3;3;3;3;4;1;1;2;1;1;9;9;4;;;2;2;3;3;2;7;6;;1;5;1;;2;1;0;1;;2;3;0,22720873
34990;1;2;3;3;6;;1;4;1;;;;;;;;;;;;;;;;;;;;;;;;;;;;;;;;;1;1;1;2;2;1;1;2;2;1;1;1;1;;;;;;;;;;;;;1;9;10;1;2;2;2;2;3;2;4;4;3;2;2;3;2;2;1;1;3;1;2;;1;3;;4;;6;;;;;;;;;;;;;;;;3;;4;;;;;;;;;;;;;;1;1;98;;;;;;;;;;;;;;;;;;;;;;;;;;;;;;;;3;2;2;2;4;3;4;3;4;4;1;1;2;4;3;4;2;2;1;2;1;4;2;4;;;1;2;2;3;2;7;6;;2;6;1;;1;2;0;2;5;2;6;0,22720873
34991;1;16;3;2;2;;1;4;1;;;;;;;;;;;;;;;;;;;;;;;;;;;;;;;;;1;1;1;1;2;1;1;1;1;1;1;2;2;1;;;;;;;;;;;;1;5;7;1;2;3;2;2;2;2;2;1;2;4;2;3;3;1;1;2;2;1;1;;2;;;;;;;;;;;;;;;;;;;;;;;;;;;;;;;;;;;;;2;;1;;3;;;;;;;;;;;;;;1;;;;;;;;;;;;;;;;2;2;9;2;4;4;4;4;4;4;2;3;2;2;2;3;1;2;2;2;2;3;3;3;2;2;2;2;3;2;2;5;1;;2;4;1;;1;2;1;1;;2;5;0,25982258
34992;1;6;1;1;2;;1;4;1;;;;;;;;;;;;;;;;;;;;;;;;;;;;;;;;;1;1;1;1;1;1;1;1;1;1;1;1;2;2;;;;;;;;;;;;2;10;10;2;2;2;1;1;1;1;2;2;2;2;1;2;2;1;2;1;3;2;;;2;;;;;;;;;;;;;;;;;;;;;;;;;;;;;;;;;;;;;2;;1;;;;;;;;;;;;;;;;4;;;;;;;;;;;;;;;;3;2;9;2;4;1;4;3;3;2;1;1;1;1;1;2;2;2;2;2;2;2;2;2;1;1;2;2;2;1;1;6;8;;1;4;1;;2;1;0;1;;2;1;0,37362623
34994;1;7;3;2;4;;1;4;1;;;;;;;;;;;;;;;;;;;;;;;;;;;;;;;;;1;1;1;1;2;1;1;1;2;1;1;1;1;;;;;;;;;;;;;1;9;10;1;1;2;1;1;3;4;3;3;4;2;3;3;3;3;1;1;4;1;1;;2;;;;;;;;;;;;;;;;;;;;;;;;;;;;;;;;;;;;;1;1;98;;;;;;;;;;;;;;;;;;;;;;;;;;;;;;;;4;3;4;4;4;4;4;4;4;4;2;1;3;4;1;4;1;1;1;1;2;1;4;4;;;4;3;3;3;1;7;1;;2;4;1;;1;3;1;1;;2;8;0,54773313
34995;1;11;3;3;2;;1;4;1;;;;;;;;;;;;;;;;;;;;;;;;;;;;;;;;;1;1;1;2;2;1;1;1;2;1;1;1;2;1;;;;;;;;;;;;1;6;6;9;2;2;2;2;3;2;4;2;3;3;3;4;2;3;1;2;3;2;;;2;;;;;;;;;;;;;;;;;;;;;;;;;;;;;;;;;;;;;1;1;1;;2;;;;;;;;;;;;;;1;;2;;;;;;;;;;;;;;2;2;2;2;4;4;4;4;4;4;2;2;3;3;2;4;1;1;3;2;2;4;4;4;2;2;3;2;3;3;2;2;1;;3;5;1;;1;2;0;1;;2;1;0,33272818
34996;1;6;1;1;2;;1;4;2;;;;;;;;;;;;;;;;;;;;;;;;;;;;;;;;;1;1;1;1;2;1;1;1;2;8;1;1;1;;;;;;;;;;;;;1;7;9;1;3;2;1;3;3;2;4;5;4;2;3;4;2;5;1;1;4;2;;;2;;;;;;;;;;;;;;;;;;;;;;;;;;;;;;;;;;;;;1;1;98;;;;;;;;;;;;;;;;;;;;;;;;;;;;;;;;2;1;2;4;4;4;4;4;4;4;2;2;3;1;3;9;3;2;4;2;2;9;4;3;2;2;2;1;4;1;2;7;7;;1;3;1;;1;2;2;3;4;2;6;0,45117819
34997;1;7;3;2;2;;1;4;4;;;;;;;;;;;;;;;;;;;;;;;;;;;;;;;;;1;2;2;1;1;2;2;2;2;1;1;2;2;2;;;;;;;;;;;;2;5;4;2;2;3;2;2;2;3;2;2;5;2;1;3;3;1;2;2;3;2;;;2;;;;;;;;;;;;;;;;;;;;;;;;;;;;;;;;;;;;;1;1;1;;;;;;;;;;;;;;;;1;;;;;;;;;;;;;;;;3;3;4;4;4;4;4;4;4;4;2;4;3;2;4;4;2;2;3;9;1;9;4;9;1;1;5;3;3;2;2;5;1;;3;6;2;;2;3;0;1;;2;3;0,25982258
34998;1;6;1;1;2;;1;4;3;;;;;;;;;;;;;;;;;;;;;;;;;;;;;;;;;1;1;1;1;1;1;1;1;1;9;1;1;1;;;;;;;;;;;;;1;4;7;1;2;1;2;2;2;1;3;2;3;3;2;4;2;1;1;2;4;2;;;2;;;;;;;;;;;;;;;;;;;;;;;;;;;;;;;;;;;;;1;1;1;;4;;;;;;;;;;;;;;1;;2;;;;;;;;;;;;;;2;2;2;4;2;4;4;4;9;2;1;3;3;2;3;3;3;2;2;1;1;9;3;2;2;2;4;3;4;3;2;5;1;;2;3;1;;1;2;2;3;5;2;6;0,40145314
34999;1;6;1;1;2;;1;4;4;;;;;;;;;;;;;;;;;;;;;;;;;;;;;;;;;2;2;2;2;1;2;2;2;1;1;1;1;2;2;;;;;;;;;;;;2;2;3;9;4;3;2;2;2;3;3;2;4;2;2;2;3;3;2;2;2;1;2;;2;;;;;;;;;;;;;;;;;;;;;;;;;;;;;;;;;;;;;1;1;1;;2;;3;;;;;;;;;;;;1;;2;;;;;;;;;;;;;;3;2;4;4;4;4;4;4;4;4;2;4;2;1;3;4;1;2;2;2;1;4;4;4;2;2;2;3;4;3;2;7;1;;2;2;1;;1;2;0;3;5;2;8;0,45117819
35000;2;16;3;2;2;;1;1;4;2;2;2;2;2;2;1;2;2;2;2;2;2;1;1;1;13;NOUS NOUS SOMMES PRÉSENTÉS APRÈS LE TRAVAIL POUR VOTÉ MAIS, EN SOIRÉE ET IL Y AVAIT PLUS DE 1HEURES D’ATTENTE;;;;;;;;;;;;;;;;;;;;;;;;1;1;1;;;;;;;;;;;;;;1;7;5;1;2;3;1;3;2;2;2;2;2;4;2;4;3;2;2;2;5;1;;2;2;;;;;;;;;;;;;;;;;;;;;;;;;;;;;;;;;;;;;1;1;98;;;;;;;;;;;;;;;;;;;;;;;;;;;;;;;;3;3;1;1;3;4;4;3;4;4;2;3;3;2;3;2;2;2;2;2;2;2;2;2;2;2;2;3;3;2;2;99;4;;2;4;1;;1;1;2;1;;2;99;1,39463198
35001;1;2;3;3;5;;1;4;2;;;;;;;;;;;;;;;;;;;;;;;;;;;;;;;;;1;2;1;2;2;1;1;1;2;1;1;1;1;;;;;;;;;;;;;1;5;5;1;2;3;2;2;3;2;3;2;3;3;3;4;2;4;1;2;4;1;1;;1;3;;4;;;;;;;;;;;;;;;;;;3;;;;;;;;;;;;;;;;1;1;98;;;;;;;;;;;;;;;;;;;;;;;;;;;;;;;;2;3;4;4;4;4;4;4;4;4;2;1;4;4;3;4;1;1;2;2;2;4;4;4;;;4;1;4;3;2;5;6;;2;6;1;;1;2;0;1;;2;5;0,15537187
35003;1;3;2;1;2;;1;4;9;;;;;;;;;;;;;;;;;;;;;;;;;;;;;;;;;2;1;1;2;1;1;2;2;2;1;1;1;2;1;;;;;;;;;;;;2;8;8;1;2;2;3;3;2;2;2;2;3;2;3;4;2;3;2;2;2;2;;;2;;;;;;;;;;;;;;;;;;;;;;;;;;;;;;;;;;;;;1;1;98;;;;;;;;;;;;;;;;;;;;;;;;;;;;;;;;4;2;4;4;4;4;4;4;4;4;2;3;3;4;4;4;2;2;2;2;2;4;3;3;2;2;5;2;4;3;1;4;1;;2;4;1;;1;2;0;1;;2;4;0,37362623
35004;1;3;2;1;2;;1;4;1;;;;;;;;;;;;;;;;;;;;;;;;;;;;;;;;;1;1;2;1;2;1;1;2;2;1;1;1;2;10;COLOCATAIRE;;;;;;;;;;;1;6;6;2;2;2;1;2;2;3;3;2;2;2;2;2;2;2;1;2;2;1;2;;2;;;;;;;;;;;;;;;;;;;;;;;;;;;;;;;;;;;;;1;1;98;;;;;;;;;;;;;;;;;;;;;;;;;;;;;;;;2;2;2;3;4;4;4;4;4;4;3;4;3;2;4;4;1;1;1;2;1;4;4;4;2;1;1;1;4;3;2;5;3;;1;3;1;;2;2;0;1;;2;3;0,40145314
35005;2;16;1;1;2;;1;2;4;1;1;1;2;2;2;2;2;2;2;2;2;2;2;1;2;99;;;;;;;;;;;;;;;;;;;;;;;;;1;9;2;;;;;;;;;;;;;;2;2;2;2;4;9;2;2;3;2;3;2;3;2;2;2;3;2;2;2;3;1;;2;2;;;;;;;;;;;;;;;;;;;;;;;;;;;;;;;;;;;;;2;;98;;;;;;;;;;;;;;;;;;;;;;;;;;;;;;;;4;3;4;4;4;4;4;4;4;4;4;1;3;3;1;4;2;2;2;2;3;3;4;2;2;2;2;3;3;3;2;7;1;;1;5;1;;2;1;0;1;;2;4;0,57919556
35006;2;13;1;1;3;;1;3;4;2;1;2;2;1;2;1;2;2;1;2;1;2;1;1;2;99;;;;;;;;;;;;;;;;;;;;;;;;;2;2;2;;;;;;;;;;;;;;1;6;6;2;2;3;2;4;1;4;4;1;2;3;2;4;3;2;2;1;2;1;;2;2;;;;;;;;;;;;;;;;;;;;;;;;;;;;;;;;;;;;;1;1;1;;2;;5;;;;;;;;;;;;1;;;;;;;;;;;;;;;;1;2;1;3;3;4;4;4;4;4;1;1;1;1;2;4;1;1;1;1;1;4;4;4;;;1;1;4;2;2;5;9;;3;6;1;;2;2;0;1;;2;3;0,87628502
35007;2;7;3;2;3;;1;1;4;1;1;1;1;1;1;1;2;1;1;2;2;2;2;1;2;11;BE OFF FROM WORK ON TIME;;;;;;;;;;;;;;;;;;;;;;;;1;1;1;;;;;;;;;;;;;;1;7;8;2;1;2;4;2;3;2;2;5;5;1;2;1;2;1;1;3;1;2;;;2;;;;;;;;;;;;;;;;;;;;;;;;;;;;;;;;;;;;;1;1;1;;;;;;;;;;;;;;;;4;;;;;;;;;;;;;;;;2;2;9;9;2;3;9;4;9;9;3;2;1;3;4;9;1;9;2;3;2;1;3;4;;;1;1;1;1;2;3;1;;1;3;2;;2;2;0;1;;2;2;2,48550725
35009;2;16;1;1;3;;1;2;4;1;2;1;2;2;2;1;2;2;2;2;2;2;2;2;2;99;;;;;;;;;;;;;;;;;;;;;;;;;1;1;1;;;;;;;;;;;;;;1;1;0;2;3;2;5;4;5;5;5;5;5;4;2;5;5;5;2;5;5;2;;;2;;;;;;;;;;;;;;;;;;;;;;;;;;;;;;;;;;;;;1;2;98;;;;;;;;;;;;;;;;;;;;;;;;;;;;;;;;3;3;4;4;4;4;4;4;4;4;3;1;2;2;3;4;1;1;1;2;1;9;4;9;;;2;3;5;2;2;5;1;;3;4;1;;1;2;0;1;;2;99;0,87628502
35013;2;15;1;1;4;;1;1;1;2;2;2;2;1;2;2;2;2;2;2;2;2;2;1;2;99;;;;;;;;;;;;;;;;;;;;;;;;;2;2;2;;;;;;;;;;;;;;2;2;1;2;4;4;3;3;3;3;3;3;3;4;4;4;4;4;4;4;4;2;;;2;;;;;;;;;;;;;;;;;;;;;;;;;;;;;;;;;;;;;1;1;1;;;;;;;;;;;;;;;;2;;;;;;;;;;;;;;;;3;2;4;9;4;4;4;4;4;9;3;3;3;3;4;4;4;4;9;9;4;4;4;4;;;4;4;4;3;2;3;5;;2;6;1;;1;2;2;1;;2;4;3,79250026
35016;1;7;3;2;2;;1;4;3;;;;;;;;;;;;;;;;;;;;;;;;;;;;;;;;;1;1;1;1;2;1;2;1;2;2;2;1;1;;;;;;;;;;;;;1;5;0;1;2;2;1;2;2;1;4;1;3;3;2;3;2;2;1;1;2;1;2;;2;;;;;;;;;;;;;;;;;;;;;;;;;;;;;;;;;;;;;1;2;4;;;;;;;;;;;;;;;;;;;;;;;;;;;;;;;;3;2;4;3;4;3;4;4;4;4;3;3;2;1;3;4;1;1;3;1;1;3;3;9;1;1;2;2;3;2;2;8;1;;2;6;1;;1;2;1;1;;8;5;0,29200417
35021;2;16;1;1;1;1;1;1;1;1;1;1;2;1;2;2;2;2;2;2;2;2;2;2;2;99;;;;;;;;;;;;;;;;;;;;;;;;;2;2;2;;;;;;;;;;;;;;4;2;0;2;4;4;1;1;3;3;4;2;2;4;3;4;4;2;5;4;3;1;;2;2;;;;;;;;;;;;;;;;;;;;;;;;;;;;;;;;;;;;;2;;98;;;;;;;;;;;;;;;;;;;;;;;;;;;;;;;;4;4;4;4;4;4;4;4;4;4;2;4;4;4;4;4;1;1;2;2;1;4;4;4;2;2;1;4;4;9;2;3;2;;1;2;2;;2;1;0;1;;2;3;3,34982681
35029;2;6;1;1;2;;1;2;2;1;1;1;1;1;2;1;2;2;2;2;1;1;2;1;1;15;ÊTRE PAYÉ POUR ALLER VOTER CAR VOTER GASPILLE SUR MON TEMPS DE TRAVAIL.;11;;;;;;;;;;;;;;;;;;;;;;;2;2;2;;;;;;;;;;;;;;3;7;7;2;3;2;3;3;2;2;2;2;2;2;2;3;3;2;2;2;2;2;;;2;;;;;;;;;;;;;;;;;;;;;;;;;;;;;;;;;;;;;1;1;1;;;;;;;;;;;;;;;;1;;;;;;;;;;;;;;;;2;2;4;4;4;4;4;4;4;4;1;3;2;2;2;2;2;2;2;2;2;2;2;3;2;2;1;4;2;2;2;7;1;;2;6;1;;2;3;0;1;;2;5;0,57919556
35034;2;13;1;1;1;1;1;2;4;1;2;1;1;2;1;2;1;2;2;2;2;2;1;2;2;3;HAVE MORE INFORMATION ON THE PARTIES AND THERE WAYS TO CHANGE OURS FUTURE IN SOCIAL MEDICAL AND EDUCATION.;;;;;;;;;;;;;;;;;;;;;;;;8;8;8;;;;;;;;;;;;;;3;5;9;2;3;2;1;3;1;2;4;3;2;2;2;3;3;1;2;1;2;1;;2;2;;;;;;;;;;;;;;;;;;;;;;;;;;;;;;;;;;;;;1;1;1;;2;;4;;;;;;;;;;;;1;;;;;;;;;;;;;;;;2;3;3;3;4;4;4;2;4;4;1;4;2;1;1;4;1;1;4;2;3;4;4;2;1;1;4;3;1;3;2;3;3;;3;6;1;;2;2;0;3;5;2;6;3,34982681
35035;2;6;1;1;1;1;1;1;1;2;2;2;1;1;2;2;2;2;2;1;2;2;1;2;2;97;QUE IL Y A PLUSIEURS PERSONNE QUI VOTE LA PERSONNE MEILLEURE;;;;;;;;;;;;;;;;;;;;;;;;8;8;8;;;;;;;;;;;;;;3;6;5;2;3;3;2;3;3;3;3;2;3;3;2;2;3;2;1;3;2;2;;;1;1;;;;;;;;;;;;;;;;;;;;4;;;;;;;;;;;;;;;;2;;1;;;;;;;;;;;;;;;;1;;;;;;;;;;;;;;;;3;3;4;4;4;4;3;3;4;9;3;4;3;4;2;3;2;1;3;3;3;3;3;2;2;2;3;3;3;3;1;3;1;;3;4;1;;2;1;0;1;;2;2;8,2102108
35036;1;17;3;2;2;;1;4;1;;;;;;;;;;;;;;;;;;;;;;;;;;;;;;;;;1;2;2;2;1;1;1;2;1;1;1;1;2;1;;;;;;;;;;;;1;6;6;2;3;2;2;2;3;2;3;2;3;3;2;2;5;2;1;2;2;1;2;;2;;;;;;;;;;;;;;;;;;;;;;;;;;;;;;;;;;;;;1;1;1;;2;;3;;;;;;;;;;;;2;;;;;;;;;;;;;;;;2;2;3;1;4;4;3;4;4;4;2;2;3;2;2;4;1;2;2;2;2;3;3;4;2;1;2;2;2;3;2;5;1;;1;4;1;;1;2;3;1;;2;4;0,25982258
35038;1;8;3;3;2;;1;4;3;;;;;;;;;;;;;;;;;;;;;;;;;;;;;;;;;1;1;2;2;2;1;1;1;2;9;9;9;2;3;;;;;;;;;;1;1;2;5;8;9;3;2;3;2;2;2;3;2;2;3;2;2;2;2;2;2;4;1;2;;2;;;;;;;;;;;;;;;;;;;;;;;;;;;;;;;;;;;;;1;2;98;;;;;;;;;;;;;;;;;;;;;;;;;;;;;;;;2;2;3;9;3;4;4;4;4;4;3;2;3;2;3;3;2;2;2;2;2;3;4;4;2;2;5;3;3;3;2;3;2;;1;3;1;;1;2;2;1;;2;3;0,33272818
35040;2;6;1;1;4;;1;1;3;2;2;2;2;2;2;2;2;2;2;1;2;2;2;2;2;99;;;;;;;;;;;;;;;;;;;;;;;;;1;2;2;;;;;;;;;;;;;;2;5;6;2;3;3;4;4;1;4;4;1;1;4;1;1;4;1;2;4;4;1;;2;2;;;;;;;;;;;;;;;;;;;;;;;;;;;;;;;;;;;;;2;;98;;;;;;;;;;;;;;;;;;;;;;;;;;;;;;;;3;3;4;4;4;4;3;4;4;4;1;3;4;4;3;9;4;4;4;4;3;9;9;9;;;1;5;5;9;1;5;1;;2;6;1;;2;1;0;3;5;2;2;2,22306108
35043;1;5;3;2;2;;1;4;1;;;;;;;;;;;;;;;;;;;;;;;;;;;;;;;;;2;1;1;1;1;1;1;1;1;1;1;1;2;1;;2;;;;;;;;;;1;10;10;1;1;1;2;2;3;2;2;4;4;1;3;3;1;3;1;2;5;1;1;;2;;;;;;;;;;;;;;;;;;;;;;;;;;;;;;;;;;;;;1;1;1;;2;;3;;4;;;;;;;;;;1;;2;;4;;;;;;;;;;;;2;1;2;2;4;3;2;3;3;4;2;3;1;1;2;1;1;1;1;1;1;1;1;1;1;1;3;1;2;1;2;5;1;;1;3;1;;1;2;0;3;5;2;2;0,25982258
35044;1;16;3;2;2;;1;4;4;;;;;;;;;;;;;;;;;;;;;;;;;;;;;;;;;1;1;2;1;1;1;1;2;1;1;1;1;1;;;;;;;;;;;;;1;8;7;2;2;3;2;2;3;3;4;3;1;3;2;1;3;1;1;3;4;2;;;2;;;;;;;;;;;;;;;;;;;;;;;;;;;;;;;;;;;;;1;1;1;;2;;;;;;;;;;;;;;2;;;;;;;;;;;;;;;;3;1;4;2;4;4;4;4;1;4;3;3;2;1;2;4;1;1;2;1;2;4;4;4;2;2;1;3;2;2;2;8;1;;2;3;1;;1;2;0;1;;2;4;0,29200417
35045;1;6;1;1;2;;1;4;2;;;;;;;;;;;;;;;;;;;;;;;;;;;;;;;;;1;1;1;1;1;1;1;1;1;2;2;2;1;;;;;;;;;;;;;1;5;5;2;3;3;2;2;2;2;2;2;2;2;2;2;2;2;2;2;2;2;;;2;;;;;;;;;;;;;;;;;;;;;;;;;;;;;;;;;;;;;2;;5;;;;;;;;;;;;;;;;;;;;;;;;;;;;;;;;3;3;4;4;4;4;4;4;4;4;3;3;3;3;3;9;9;9;9;9;9;9;9;9;2;2;3;2;2;2;1;2;1;;1;1;1;;2;1;0;1;;2;2;1,56222737
35048;2;3;2;1;2;;1;1;1;1;2;1;2;1;2;2;2;1;2;2;2;2;2;1;1;99;;;;;;;;;;;;;;;;;;;;;;;;;2;2;2;;;;;;;;;;;;;;3;0;0;2;3;4;2;2;2;2;2;2;2;3;2;1;3;2;2;2;3;2;;;2;;;;;;;;;;;;;;;;;;;;;;;;;;;;;;;;;;;;;1;2;98;;;;;;;;;;;;;;;;;;;;;;;;;;;;;;;;4;3;2;4;4;4;4;4;4;4;4;4;4;4;4;4;2;2;2;2;2;4;4;3;9;2;2;3;3;3;2;3;1;;1;4;1;;1;2;0;1;;2;5;2,1548593
35050;1;8;3;3;4;;1;4;1;;;;;;;;;;;;;;;;;;;;;;;;;;;;;;;;;2;2;2;1;2;2;1;2;2;1;1;1;1;;;;;;;;;;;;;2;7;8;2;3;2;2;2;2;2;2;2;3;3;3;2;2;2;3;2;3;2;;;1;1;;3;;4;;;;;;;;;;;;;;;;3;;4;;;;;;;;;;;;;;1;1;98;;;;;;;;;;;;;;;;;;;;;;;;;;;;;;;;3;2;3;2;4;4;4;4;4;4;2;2;3;3;2;4;1;1;4;1;1;9;4;4;;;1;3;4;3;2;7;1;;2;6;1;;1;3;0;1;;2;7;0,10674001
35051;2;15;1;1;2;;1;2;4;1;1;1;2;2;2;1;2;2;2;2;2;2;1;2;2;99;;;;;;;;;;;;;;;;;;;;;;;;;1;1;1;;;;;;;;;;;;;;2;2;5;2;3;2;1;3;2;5;4;3;2;3;2;2;3;2;1;1;2;2;;;2;;;;;;;;;;;;;;;;;;;;;;;;;;;;;;;;;;;;;2;;98;;;;;;;;;;;;;;;;;;;;;;;;;;;;;;;;4;4;4;4;4;4;4;4;4;4;2;2;4;3;2;4;2;1;1;2;1;9;4;4;1;2;4;2;3;3;1;6;1;;1;3;1;;2;1;9;1;;9;4;1,26311862
35052;1;3;2;1;1;1;1;4;1;;;;;;;;;;;;;;;;;;;;;;;;;;;;;;;;;1;1;1;1;1;1;1;1;2;2;2;1;2;4;;;;;;;;;;;;1;8;10;1;2;3;2;2;3;2;4;2;2;2;3;3;2;2;1;2;4;1;2;;1;3;;4;;;;;;;;;;;;;;;;;;3;;;;;;;;;;;;;;;;1;1;1;;2;;;;;;;;;;;;;;1;;;;;;;;;;;;;;;;2;1;4;4;3;3;4;4;4;3;2;2;3;1;3;9;1;1;3;1;1;9;9;9;2;2;3;2;3;1;2;4;3;;3;6;1;;2;4;5;1;;2;98;0,47878304
35053;2;6;1;1;2;;1;1;2;1;1;1;1;1;2;2;2;1;2;2;2;2;1;2;2;1;UN NOUVEAU CANDIDAT;;;;;;;;;;;;;;;;;;;;;;;;8;8;8;;;;;;;;;;;;;;3;10;0;2;2;3;1;1;1;4;1;1;1;4;1;1;3;1;5;2;1;9;;;2;;;;;;;;;;;;;;;;;;;;;;;;;;;;;;;;;;;;;2;;98;;;;;;;;;;;;;;;;;;;;;;;;;;;;;;;;1;1;2;3;2;4;4;4;9;4;3;1;1;1;3;4;3;1;3;2;1;4;4;4;2;2;1;1;5;2;2;4;1;;1;3;1;;1;2;1;3;4;2;3;0,51536065
35054;1;2;3;3;6;;1;4;2;;;;;;;;;;;;;;;;;;;;;;;;;;;;;;;;;1;1;2;2;2;2;1;2;2;1;1;1;1;;;;;;;;;;;;;1;6;7;2;2;2;2;2;2;1;2;2;2;2;2;2;2;2;1;2;3;2;;;1;3;;4;;;;;;;;;;;;;;;;;;4;;3;;;;;;;;;;;;;;2;;98;;;;;;;;;;;;;;;;;;;;;;;;;;;;;;;;2;3;4;4;4;4;4;4;4;4;2;2;4;3;4;4;1;2;2;2;2;3;3;2;;;3;2;3;3;2;4;6;;1;6;1;;2;1;0;1;;2;1;0,2021677
35055;1;16;1;2;1;1;1;4;1;;;;;;;;;;;;;;;;;;;;;;;;;;;;;;;;;1;1;1;1;1;1;1;1;1;1;1;1;1;;;;;;;;;;;;;1;7;8;1;2;1;1;2;2;1;1;2;2;2;3;3;1;2;1;1;1;2;;;2;;;;;;;;;;;;;;;;;;;;;;;;;;;;;;;;;;;;;1;9;98;;;;;;;;;;;;;;;;;;;;;;;;;;;;;;;;2;2;3;3;3;4;4;9;4;3;2;2;2;2;2;3;2;2;2;2;2;3;3;3;2;2;3;3;3;3;1;7;3;;3;5;1;;2;2;1;1;;2;5;0,32411322
35057;1;17;3;2;4;;1;4;3;;;;;;;;;;;;;;;;;;;;;;;;;;;;;;;;;1;1;2;1;1;1;1;1;1;1;1;1;2;2;;;;;;;;;;;;1;6;7;1;3;1;2;2;3;2;3;3;3;2;2;3;1;2;1;1;4;2;;;2;;;;;;;;;;;;;;;;;;;;;;;;;;;;;;;;;;;;;2;;98;;;;;;;;;;;;;;;;;;;;;;;;;;;;;;;;3;2;1;1;9;4;4;3;4;9;2;4;1;1;3;4;1;1;1;1;1;4;4;4;;;1;4;3;3;2;3;8;;1;3;1;;2;1;0;1;;2;2;2,18957973
35058;2;14;3;2;2;;1;1;1;1;1;1;2;1;2;2;2;2;2;2;2;2;1;2;1;99;;;;;;;;;;;;;;;;;;;;;;;;;2;2;2;;;;;;;;;;;;;;4;0;0;2;4;4;5;5;5;5;5;5;5;5;5;5;5;5;5;5;5;2;;;2;;;;;;;;;;;;;;;;;;;;;;;;;;;;;;;;;;;;;2;;1;;2;;5;;;;;;;;;;;;1;;;;;;;;;;;;;;;;3;4;4;4;4;4;4;4;4;4;2;4;1;1;4;4;1;1;2;1;1;4;4;4;2;2;1;4;4;3;2;3;4;;1;1;1;;2;1;1;1;;2;1;1,39463198
35059;1;15;1;1;1;1;1;4;1;;;;;;;;;;;;;;;;;;;;;;;;;;;;;;;;;1;1;1;1;1;1;1;1;1;2;1;2;2;4;;;;;;;;;;;;1;7;10;1;2;4;1;1;2;2;4;3;2;4;2;4;3;1;1;1;2;1;1;;2;;;;;;;;;;;;;;;;;;;;;;;;;;;;;;;;;;;;;2;;1;;2;;;;;;;;;;;;;;4;;;;;;;;;;;;;;;;3;2;3;1;4;3;4;4;4;4;3;2;3;2;3;4;1;1;2;2;1;4;4;4;2;2;4;1;4;2;2;2;4;;1;3;1;;2;1;1;1;;2;1;2,00191617
35061;2;7;3;2;2;;1;3;3;1;2;2;2;2;2;1;2;2;2;1;2;2;2;2;2;11;OPTIONS TO VOTE ON A DIFFERENT DAY;;;;;;;;;;;;;;;;;;;;;;;;8;1;2;;;;;;;;;;;;;;1;8;7;9;3;9;2;2;2;3;3;2;3;2;5;3;5;2;2;2;5;2;;;9;;;;;;;;;;;;;;;;;;;;;;;;;;;;;;;;;;;;;2;;2;;;;;;;;;;;;;;;;;;;;;;;;;;;;;;;;4;2;3;2;4;4;4;4;4;4;3;2;2;2;4;9;1;1;9;2;2;9;4;9;1;2;5;5;5;3;2;7;1;;2;1;1;;2;1;0;2;3;2;4;0,37485752
35062;1;6;1;1;2;;1;4;4;;;;;;;;;;;;;;;;;;;;;;;;;;;;;;;;;2;1;1;2;2;1;1;1;2;8;1;1;2;4;;;;;;;;;;;;1;9;8;1;2;1;3;5;2;1;4;2;4;1;4;2;3;2;3;2;4;1;2;;2;;;;;;;;;;;;;;;;;;;;;;;;;;;;;;;;;;;;;1;1;1;;2;;3;;4;;;;;;;;;;1;;;;;;;;;;;;;;;;2;2;2;3;2;2;1;3;1;2;3;3;1;3;1;3;2;2;2;2;9;4;3;1;2;2;1;2;2;3;1;6;3;;3;3;2;;2;3;1;1;;2;7;0,37362623
35063;2;3;2;1;4;;1;1;1;1;1;1;2;1;1;1;2;1;2;2;2;2;2;2;2;99;;;;;;;;;;;;;;;;;;;;;;;;;2;2;2;;;;;;;;;;;;;;3;7;7;1;3;4;2;2;2;5;2;1;1;3;1;2;2;2;2;5;4;2;;;2;;;;;;;;;;;;;;;;;;;;;;;;;;;;;;;;;;;;;1;2;98;;;;;;;;;;;;;;;;;;;;;;;;;;;;;;;;1;3;2;1;4;2;1;3;4;2;1;3;3;1;4;4;2;2;2;3;1;4;4;9;;;1;4;4;3;2;2;9;;1;6;1;;2;1;0;1;;2;1;3,79250026
35065;2;13;1;1;1;1;1;3;2;2;1;1;2;1;1;1;1;1;1;1;2;2;1;1;1;15;DES PRIX A AGGNER;;;;;;;;;;;;;;;;;;;;;;;;2;2;2;;;;;;;;;;;;;;2;7;3;1;2;2;2;3;4;3;3;3;4;3;3;1;3;2;2;2;1;2;;;2;;;;;;;;;;;;;;;;;;;;;;;;;;;;;;;;;;;;;1;2;2;;;;;;;;;;;;;;;;;;;;;;;;;;;;;;;;2;3;2;2;1;2;2;2;2;4;1;2;3;2;4;3;2;2;3;3;2;2;4;3;2;2;4;3;4;3;2;5;5;;2;3;99;;2;2;2;1;;1;99;0,80115086
35066;2;8;3;3;5;;1;1;4;2;2;1;2;1;2;2;2;2;2;2;2;2;2;2;2;1;PERSONNE NE M INTÉRESSAIT;;;;;;;;;;;;;;;;;;;;;;;;1;2;2;;;;;;;;;;;;;;2;3;8;1;3;3;2;3;2;2;2;2;1;2;2;3;2;3;2;2;3;2;;;1;3;;;;;;;;;;;;;;;;;;;;3;;;;;;;;;;;;;;;;1;1;1;;;;;;;;;;;;;;;;2;;;;;;;;;;;;;;;;3;3;4;4;4;4;4;2;4;4;2;1;2;1;3;4;4;4;4;4;4;4;4;4;;;2;4;4;3;2;3;6;;2;6;1;;1;2;0;1;;2;3;0,26712185
35068;1;16;3;2;2;;1;4;1;;;;;;;;;;;;;;;;;;;;;;;;;;;;;;;;;1;1;2;2;1;2;2;1;2;1;2;1;1;;;;;;;;;;;;;1;4;6;2;2;3;2;2;4;3;4;4;1;3;2;1;1;4;4;4;5;2;;;2;;;;;;;;;;;;;;;;;;;;;;;;;;;;;;;;;;;;;1;2;1;;;;;;;;;;;;;;;;1;;;;;;;;;;;;;;;;2;1;2;1;9;2;2;3;3;2;3;2;2;3;1;3;1;1;3;3;3;2;2;1;1;2;2;3;1;1;2;2;4;;1;1;1;;2;1;2;1;;8;1;1,08638453
35070;2;6;1;1;4;;1;3;1;2;1;2;1;2;1;1;1;1;1;2;2;2;1;2;2;99;;;;;;;;;;;;;;;;;;;;;;;;;2;2;2;;;;;;;;;;;;;;5;2;2;2;2;4;1;1;1;1;1;1;1;1;5;1;5;1;5;5;1;2;;;2;;;;;;;;;;;;;;;;;;;;;;;;;;;;;;;;;;;;;1;1;98;;;;;;;;;;;;;;;;;;;;;;;;;;;;;;;;2;2;9;9;9;9;9;9;9;9;3;3;2;2;2;9;9;9;9;9;9;3;9;9;;;5;3;3;2;2;3;99;;2;6;1;;1;3;1;1;;2;99;3,79250026
35073;1;8;3;3;5;;1;4;1;;;;;;;;;;;;;;;;;;;;;;;;;;;;;;;;;1;1;1;1;1;1;1;1;1;1;1;1;2;1;;;;;;;;;;;;1;8;9;1;2;2;2;2;3;2;3;2;2;2;2;3;2;2;1;2;2;1;2;;1;3;;4;;;;;;;;;;;;;;;;;;3;;;;;;;;;;;;;;;;1;1;1;;;;;;;;;;;;;;;;2;;;;;;;;;;;;;;;;2;2;4;4;4;4;4;4;4;4;1;2;2;4;3;4;1;1;2;1;1;9;4;4;;;1;3;4;3;2;3;8;;2;5;1;;1;2;0;1;;2;2;0,64965117
35077;1;1;3;3;4;;1;4;1;;;;;;;;;;;;;;;;;;;;;;;;;;;;;;;;;1;1;1;2;1;1;1;1;1;1;1;1;1;;;;;;;;;;;;;1;7;8;1;2;2;2;2;2;2;1;3;1;3;2;4;2;2;1;2;3;1;2;;1;2;;3;;;;;;;;;;;;;;;;;;3;;;;;;;;;;;;;;;;1;1;98;;;;;;;;;;;;;;;;;;;;;;;;;;;;;;;;3;2;3;4;4;4;4;4;4;4;2;1;2;4;2;4;1;1;1;1;1;4;1;4;;;2;1;4;3;1;7;1;;2;6;1;;1;3;0;1;;8;8;0,09934163
35078;2;13;1;1;4;;1;3;4;2;2;2;2;2;2;2;2;2;2;2;1;2;2;2;2;7;FEELING BETTER.  MY FAMILY VOTED.    I WAS TOO SICK TO GO;;;;;;;;;;;;;;;;;;;;;;;;1;1;1;;;;;;;;;;;;;;1;4;3;2;3;2;2;2;3;2;2;2;2;2;2;3;5;3;1;1;3;9;;;2;;;;;;;;;;;;;;;;;;;;;;;;;;;;;;;;;;;;;1;1;1;;;;;;;;;;;;;;;;2;;;;;;;;;;;;;;;;3;3;2;9;4;4;4;4;4;4;3;3;3;2;4;4;1;2;2;2;2;9;4;9;;;3;3;4;2;2;5;1;;2;6;2;;1;3;1;1;;2;6;0,90702385
35082;1;13;1;1;1;1;1;4;1;;;;;;;;;;;;;;;;;;;;;;;;;;;;;;;;;1;2;2;2;1;1;1;1;1;1;1;1;1;;;;;;;;;;;;;1;3;6;2;3;3;3;3;2;3;3;1;2;4;2;2;3;2;1;2;3;1;2;;2;;;;;;;;;;;;;;;;;;;;;;;;;;;;;;;;;;;;;2;;1;;2;;4;;;;;;;;;;;;1;;6;ONCLE, TANTE;;;;;;;;;;;;;4;4;2;1;2;4;4;4;4;4;2;2;3;3;3;4;2;1;2;2;2;4;4;4;1;2;3;2;3;2;2;6;3;;3;4;1;;1;1;0;1;;2;1;0,47878304
35083;1;16;3;2;3;;1;4;4;;;;;;;;;;;;;;;;;;;;;;;;;;;;;;;;;1;1;1;1;1;2;1;1;1;1;1;1;2;1;;;;;;;;;;;;1;8;8;1;2;4;1;4;1;3;1;1;1;4;1;1;2;1;1;2;1;1;2;;1;3;;;;;;;;;;;;;;;;;;;;97;JE LEUR AI PAS LAISSÉ LA CHANCE DE PARLER J'AI RACCROCHÉ C'EST QUE DES MENTERIES ...;;;;;;;;;;;;;;;1;1;1;;;;;;;;;;;;;;;;2;;;;;;;;;;;;;;;;4;3;4;1;4;4;4;4;4;4;1;4;3;3;4;4;1;1;1;1;1;4;4;4;;;1;1;4;1;2;5;1;;2;6;1;;1;2;0;1;;2;4;0,94338685
35084;1;6;1;1;2;;1;4;2;;;;;;;;;;;;;;;;;;;;;;;;;;;;;;;;;1;1;1;2;2;1;2;1;1;8;8;8;1;;;;;;;;;;;;;1;6;6;2;1;2;1;3;2;2;3;2;3;5;2;4;3;2;1;1;4;2;;;2;;;;;;;;;;;;;;;;;;;;;;;;;;;;;;;;;;;;;2;;98;;;;;;;;;;;;;;;;;;;;;;;;;;;;;;;;2;2;3;4;4;4;4;4;4;4;3;1;2;1;4;3;2;2;2;1;1;9;4;9;2;2;4;2;4;3;1;5;1;;1;3;98;;2;1;0;1;;2;2;0,37362623
35085;2;6;1;1;4;;1;2;4;1;2;2;1;1;2;2;2;2;2;1;2;1;2;2;2;99;;;;;;;;;;;;;;;;;;;;;;;;;2;1;2;;;;;;;;;;;;;;2;6;5;2;2;3;1;2;1;2;1;1;1;3;1;1;5;1;2;2;2;1;;9;2;;;;;;;;;;;;;;;;;;;;;;;;;;;;;;;;;;;;;2;;98;;;;;;;;;;;;;;;;;;;;;;;;;;;;;;;;2;4;2;4;4;4;4;4;4;4;3;3;3;3;4;9;2;2;2;2;1;1;9;9;;;1;4;2;2;2;3;8;;1;3;1;;2;1;0;1;;2;99;3,79250026
35087;1;9;3;3;1;1;1;4;3;;;;;;;;;;;;;;;;;;;;;;;;;;;;;;;;;2;2;2;2;1;1;2;1;2;8;8;8;2;2;;;;;;;;;;;;2;5;6;2;3;9;2;5;2;2;5;1;5;5;2;1;4;5;1;5;4;1;2;;9;;;;;;;;;;;;;;;;;;;;;;;;;;;;;;;;;;;;;1;1;1;;;;;;;;;;;;;;;;1;;;;;;;;;;;;;;;;3;3;3;9;9;4;4;4;9;4;2;4;3;3;3;4;1;1;2;2;2;4;4;4;2;2;5;4;4;3;1;3;3;;3;6;1;;2;3;0;1;;2;99;0,3693144
35088;2;6;1;1;3;;1;1;1;2;1;1;2;1;2;2;2;2;2;2;2;2;2;2;2;0;RIEN;;;;;;;;;;;;;;;;;;;;;;;;2;2;2;;;;;;;;;;;;;;4;5;5;2;3;2;2;2;2;3;2;3;2;3;2;2;3;2;3;3;3;2;;;2;;;;;;;;;;;;;;;;;;;;;;;;;;;;;;;;;;;;;1;2;98;;;;;;;;;;;;;;;;;;;;;;;;;;;;;;;;2;3;4;1;4;4;4;4;4;4;2;2;2;2;2;3;2;2;2;2;2;3;2;3;;;2;4;4;3;2;5;1;;1;6;1;;1;2;0;1;;2;4;0,87628502
35091;1;14;3;2;2;;1;4;1;;;;;;;;;;;;;;;;;;;;;;;;;;;;;;;;;1;1;1;2;2;2;1;1;1;1;2;2;1;;;;;;;;;;;;;1;8;8;1;2;3;2;2;2;4;4;2;1;3;2;4;3;2;1;2;4;2;;;2;;;;;;;;;;;;;;;;;;;;;;;;;;;;;;;;;;;;;1;1;4;;;;;;;;;;;;;;;;;;;;;;;;;;;;;;;;3;3;4;1;4;4;4;4;4;4;4;3;4;1;3;9;2;1;2;1;1;4;3;3;1;1;1;2;1;3;2;4;3;;3;3;1;;1;2;0;1;;2;3;0,25982258
35093;1;6;1;1;2;;1;4;1;;;;;;;;;;;;;;;;;;;;;;;;;;;;;;;;;1;1;1;1;1;1;1;1;1;1;1;1;1;;;;;;;;;;;;;1;8;7;1;1;1;2;2;3;1;4;5;1;2;4;4;3;4;1;2;3;1;1;;2;;;;;;;;;;;;;;;;;;;;;;;;;;;;;;;;;;;;;2;;98;;;;;;;;;;;;;;;;;;;;;;;;;;;;;;;;1;2;4;3;2;3;4;4;2;2;2;2;2;1;2;2;1;2;2;2;2;2;1;1;2;1;2;3;4;1;2;4;1;;1;6;1;;2;1;0;1;;2;2;0,40145314
35095;1;1;3;3;4;;1;4;3;;;;;;;;;;;;;;;;;;;;;;;;;;;;;;;;;1;1;2;2;2;1;1;1;1;1;1;1;2;3;;;;;;;;;;1;1;1;5;6;2;2;3;2;2;1;3;2;2;2;2;2;3;3;2;1;1;3;1;2;;1;3;;4;;;;;;;;;;;;;;;;;;3;;4;;;;;;;;;;;;;;1;1;98;;;;;;;;;;;;;;;;;;;;;;;;;;;;;;;;2;3;2;2;4;4;4;4;4;4;3;3;1;3;3;4;2;1;2;2;3;3;3;4;;;3;2;3;3;1;7;1;;2;6;1;;1;2;2;1;;2;5;0,09934163
35096;2;3;2;1;3;;1;3;4;2;2;2;2;2;2;2;2;2;2;2;1;2;2;2;2;99;;;;;;;;;;;;;;;;;;;;;;;;;1;1;1;;;;;;;;;;;;;;1;7;7;1;2;3;2;2;1;3;5;2;1;4;1;4;3;5;1;1;3;1;;2;1;1;;4;;5;;;;;;;;;;;;;;;;2;;4;;;;;;;;;;;;;;1;1;1;;;;;;;;;;;;;;;;2;;;;;;;;;;;;;;;;2;2;2;2;4;3;3;4;4;4;3;3;3;3;3;4;2;1;2;1;1;4;4;4;;;2;1;4;3;2;6;5;;2;6;1;;1;4;3;1;;2;7;0,87628502
35097;1;2;3;3;6;;1;4;1;;;;;;;;;;;;;;;;;;;;;;;;;;;;;;;;;1;1;1;2;2;1;2;1;1;1;1;1;2;1;;;;;;;;;;;;1;5;7;1;3;2;2;5;2;2;3;2;3;2;3;3;2;5;1;2;1;1;2;;1;4;;;;;;;;;;;;;;;;;;;;3;;;;;;;;;;;;;;;;1;1;98;;;;;;;;;;;;;;;;;;;;;;;;;;;;;;;;2;3;4;4;4;4;4;4;4;4;2;2;4;4;2;4;1;1;2;2;2;2;4;3;;;3;5;3;3;2;3;6;;2;6;1;;1;4;0;1;;2;3;0,84531575
35100;1;2;3;3;3;;1;4;1;;;;;;;;;;;;;;;;;;;;;;;;;;;;;;;;;1;1;1;2;2;1;1;1;2;1;1;1;2;1;;;;;;;;;;;;1;8;8;1;2;2;1;2;1;2;2;2;1;2;1;2;2;2;2;2;1;2;;;2;;;;;;;;;;;;;;;;;;;;;;;;;;;;;;;;;;;;;1;1;98;;;;;;;;;;;;;;;;;;;;;;;;;;;;;;;;3;2;2;2;1;2;1;2;2;3;1;2;2;2;2;1;2;2;1;2;2;1;2;1;;;1;1;1;1;1;4;1;;2;3;1;;1;2;1;1;;2;6;0,15924101
35102;1;2;3;3;4;;1;4;1;;;;;;;;;;;;;;;;;;;;;;;;;;;;;;;;;1;1;1;2;2;1;1;1;1;1;1;1;1;;;;;;;;;;;;;1;8;9;2;2;3;1;2;2;2;2;2;2;3;2;4;3;2;1;2;4;1;2;;1;4;;;;;;;;;;;;;;;;;;;;4;;3;;;;;;;;;;;;;;1;2;98;;;;;;;;;;;;;;;;;;;;;;;;;;;;;;;;2;2;9;1;4;4;4;4;1;4;2;2;1;3;1;4;2;2;2;1;1;4;2;4;;;2;2;2;3;2;7;1;;2;6;1;;1;2;1;1;;2;5;0,10674001
35103;2;6;1;1;1;1;1;2;1;2;2;1;2;1;1;2;1;1;2;2;2;2;2;1;2;3;IF I HAD A BETTER IDEA OF HOE TO MAKE SURE I'M ON THE ELECTORS LIST;4;;;;;;;;;;;;;;;;;;;;;;;1;1;1;;;;;;;;;;;;;;2;9;7;1;3;3;2;3;1;4;1;2;1;4;3;2;4;2;3;2;5;2;;;2;;;;;;;;;;;;;;;;;;;;;;;;;;;;;;;;;;;;;9;;1;;;;;;;;;;;;;;;;1;;;;;;;;;;;;;;;;1;1;2;1;1;2;2;4;2;4;3;3;3;3;3;2;2;2;2;3;2;4;4;2;1;1;2;2;2;9;2;7;1;;1;1;2;;2;2;0;2;4;2;2;0,90038496
35104;2;2;3;3;2;;1;3;1;2;2;1;2;1;2;2;2;2;2;2;2;2;1;1;2;14;DU CHANGEMENT;;;;;;;;;;;;;;;;;;;;;;;;1;1;2;;;;;;;;;;;;;;2;7;3;2;3;3;3;3;3;3;2;2;2;3;2;2;2;1;2;3;4;1;;2;2;;;;;;;;;;;;;;;;;;;;;;;;;;;;;;;;;;;;;1;2;2;;3;;;;;;;;;;;;;;;;;;;;;;;;;;;;;;4;3;3;2;3;4;4;4;3;3;1;3;3;1;2;3;2;2;3;2;2;2;3;2;1;1;3;2;3;3;1;3;1;;2;5;1;;1;2;1;1;;2;4;1,04688501
35107;1;6;1;1;2;;1;4;1;;;;;;;;;;;;;;;;;;;;;;;;;;;;;;;;;1;1;1;1;1;1;1;1;1;1;1;1;2;1;;;;;;;;;;;;1;7;7;9;3;9;2;5;2;5;2;1;5;2;2;5;2;2;1;1;5;1;9;;2;;;;;;;;;;;;;;;;;;;;;;;;;;;;;;;;;;;;;1;1;1;;;;;;;;;;;;;;;;2;;;;;;;;;;;;;;;;4;2;9;9;9;9;9;9;9;9;3;1;3;2;2;9;1;1;2;2;2;3;3;9;2;2;5;5;5;3;2;7;1;;1;4;2;;1;2;1;3;5;2;3;0,45117819
35108;1;11;3;3;3;;1;4;4;;;;;;;;;;;;;;;;;;;;;;;;;;;;;;;;;2;2;2;2;2;2;2;2;2;9;9;9;1;;;;;;;;;;;;;3;5;5;2;9;9;5;5;5;5;5;5;5;5;5;5;5;5;5;5;5;9;;;9;;;;;;;;;;;;;;;;;;;;;;;;;;;;;;;;;;;;;1;1;1;;;;;;;;;;;;;;;;1;;;;;;;;;;;;;;;;9;9;9;9;9;9;9;9;9;9;4;4;4;4;4;9;9;9;9;9;9;9;9;9;;;5;5;5;9;1;5;1;;3;6;1;;2;2;0;1;;2;2;0,15924101
35109;1;9;3;3;4;;1;4;1;;;;;;;;;;;;;;;;;;;;;;;;;;;;;;;;;1;1;1;1;2;1;1;1;2;1;1;1;1;;;;;;;;;;;;;1;7;7;1;2;2;2;2;3;2;3;2;3;2;3;3;3;1;2;2;3;1;2;;1;3;;;;;;;;;;;;;;;;;;;;3;;;;;;;;;;;;;;;;1;2;98;;;;;;;;;;;;;;;;;;;;;;;;;;;;;;;;2;2;3;4;3;4;4;4;4;4;2;3;2;2;3;4;1;2;1;2;1;9;4;1;;;4;3;2;3;1;5;1;;2;6;1;;1;3;1;1;;2;5;0,08839304
35110;1;2;3;3;2;;1;4;1;;;;;;;;;;;;;;;;;;;;;;;;;;;;;;;;;1;1;2;2;2;1;1;1;2;1;1;1;1;;;;;;;;;;;;;1;5;5;1;3;3;2;3;2;3;1;2;2;3;2;2;3;1;1;2;1;1;2;;2;;;;;;;;;;;;;;;;;;;;;;;;;;;;;;;;;;;;;2;;98;;;;;;;;;;;;;;;;;;;;;;;;;;;;;;;;2;2;2;2;2;4;4;4;4;4;3;4;3;3;3;4;2;1;1;1;1;3;3;1;2;2;1;1;2;3;1;3;1;;1;3;1;;2;1;0;1;;2;3;0,30966517
35115;1;16;1;2;2;;1;4;1;;;;;;;;;;;;;;;;;;;;;;;;;;;;;;;;;1;1;2;2;2;1;1;1;2;9;1;2;1;;;;;;;;;;;;;1;2;5;9;2;9;1;2;5;5;5;2;5;3;2;5;5;2;2;5;5;1;2;;2;;;;;;;;;;;;;;;;;;;;;;;;;;;;;;;;;;;;;1;1;98;;;;;;;;;;;;;;;;;;;;;;;;;;;;;;;;3;2;4;9;4;4;4;4;4;4;2;4;1;3;4;4;9;2;2;2;1;9;4;9;2;2;2;4;4;3;2;5;4;;2;5;1;;1;2;2;1;;2;4;0,25982258
35116;2;12;2;2;1;1;1;3;3;1;2;1;1;1;2;2;2;1;1;1;2;2;2;2;2;5;ÊTRE AU QC;;;;;;;;;;;;;;;;;;;;;;;;8;8;1;;;;;;;;;;;;;;1;8;8;1;2;2;2;2;4;2;3;2;3;2;3;4;1;3;1;1;1;1;;2;2;;;;;;;;;;;;;;;;;;;;;;;;;;;;;;;;;;;;;1;1;1;;;;;;;;;;;;;;;;1;;2;;;;;;;;;;;;;;2;2;3;2;1;2;2;2;2;2;2;4;2;1;3;9;1;1;4;1;2;4;4;9;1;2;1;1;2;3;1;4;3;;3;6;1;;1;3;1;1;;2;1;1,2708317
35119;1;11;3;3;6;;1;4;1;;;;;;;;;;;;;;;;;;;;;;;;;;;;;;;;;1;1;1;1;2;1;1;1;1;1;1;1;2;1;;;;;;;;;;;;1;6;6;1;2;3;2;2;2;2;3;2;5;3;2;3;1;3;1;2;3;1;2;;1;3;;;;;;;;;;;;;;;;;;;;3;;;;;;;;;;;;;;;;1;1;1;;;;;;;;;;;;;;;;2;;;;;;;;;;;;;;;;1;3;4;4;4;4;4;4;4;4;1;1;1;1;1;4;2;1;2;2;2;4;4;4;;;5;1;3;3;2;3;6;;2;6;1;;1;2;0;1;;2;99;0,84531575
35121;1;16;3;2;1;1;1;4;4;;;;;;;;;;;;;;;;;;;;;;;;;;;;;;;;;2;2;1;2;2;2;1;2;2;1;2;2;2;1;;;;;;;;;;;;2;8;7;1;2;3;2;3;2;2;3;3;2;1;2;2;3;3;2;2;2;1;1;;2;;;;;;;;;;;;;;;;;;;;;;;;;;;;;;;;;;;;;1;2;1;;;;;;;;;;;;;;;;3;;;;;;;;;;;;;;;;1;2;2;3;4;3;4;1;2;2;3;2;2;3;2;2;1;4;3;4;2;2;2;1;2;1;2;2;2;2;2;4;4;;2;3;1;;1;2;2;1;;1;3;0,30987042
35124;1;11;3;3;6;;1;4;1;;;;;;;;;;;;;;;;;;;;;;;;;;;;;;;;;1;1;1;1;2;2;2;2;2;1;1;2;1;;;;;;;;;;;;;1;8;10;1;2;2;2;3;2;2;3;2;3;4;2;3;1;2;1;2;4;1;2;;2;;;;;;;;;;;;;;;;;;;;;;;;;;;;;;;;;;;;;2;;98;;;;;;;;;;;;;;;;;;;;;;;;;;;;;;;;2;2;4;1;4;4;4;4;4;4;2;1;3;4;4;4;1;1;1;1;1;2;4;1;;;5;2;4;3;2;5;6;;1;4;2;;2;1;0;1;;2;99;0,2021677
35125;1;17;3;2;1;1;1;4;1;;;;;;;;;;;;;;;;;;;;;;;;;;;;;;;;;1;1;1;1;1;1;1;1;2;1;1;2;2;2;;;;;;;;;;;;1;8;9;2;2;2;2;2;2;2;3;2;2;3;2;4;2;1;1;1;2;1;2;;2;;;;;;;;;;;;;;;;;;;;;;;;;;;;;;;;;;;;;2;;1;;;;;;;;;;;;;;;;1;;;;;;;;;;;;;;;;3;2;4;1;4;4;4;4;4;4;1;4;3;2;4;3;2;2;2;2;2;3;3;2;2;2;2;3;4;2;1;7;1;;1;1;1;;2;1;0;1;;2;99;0,32411322
35127;2;4;3;2;4;;1;1;3;2;1;2;2;1;2;2;2;2;2;2;1;2;2;2;2;12;SI J'ÉTAIS CERTAIN QUE MON VOTE EN VALAIT VRAIMENT LA PEINE.;;;;;;;;;;;;;;;;;;;;;;;;1;2;2;;;;;;;;;;;;;;3;6;4;1;3;3;4;2;4;3;1;2;1;3;2;2;4;2;3;4;4;2;;;2;;;;;;;;;;;;;;;;;;;;;;;;;;;;;;;;;;;;;2;;98;;;;;;;;;;;;;;;;;;;;;;;;;;;;;;;;2;3;4;4;4;4;4;4;4;4;3;4;4;4;3;4;2;2;1;1;1;4;4;1;;;1;4;4;3;1;7;2;SANS EMPLOI, VICTIME D'ACTES CRIMINELS.;2;3;1;;2;1;0;1;;2;2;1,69483423
35130;1;8;3;3;2;;1;4;1;;;;;;;;;;;;;;;;;;;;;;;;;;;;;;;;;1;1;1;2;2;1;1;1;1;1;8;9;1;;;;;;;;;;;;;1;8;9;1;2;3;1;3;1;2;3;3;2;3;2;4;3;1;1;2;4;2;;;2;;;;;;;;;;;;;;;;;;;;;;;;;;;;;;;;;;;;;1;2;98;;;;;;;;;;;;;;;;;;;;;;;;;;;;;;;;4;3;3;1;1;4;4;4;4;4;4;4;2;1;3;4;1;1;2;2;1;4;4;4;2;9;2;1;1;3;2;4;1;;1;3;1;;2;2;0;1;;2;2;0,07957616
35131;1;14;3;2;2;;1;4;3;;;;;;;;;;;;;;;;;;;;;;;;;;;;;;;;;1;1;2;1;1;1;1;1;1;9;9;9;2;1;;;;;;;;;;;;1;5;5;2;3;2;2;3;3;3;3;2;3;2;2;3;1;3;1;2;4;2;;;2;;;;;;;;;;;;;;;;;;;;;;;;;;;;;;;;;;;;;1;9;1;CONJOINT;;;;;;;;;;;;;;;2;;;;;;;;;;;;;;;;4;4;4;4;4;4;4;4;4;4;2;3;2;1;2;4;1;1;2;2;2;9;4;9;9;2;2;1;5;3;2;4;7;;2;3;1;;1;2;1;1;;2;4;0,25982258
35132;1;9;3;3;5;;1;4;1;;;;;;;;;;;;;;;;;;;;;;;;;;;;;;;;;1;1;1;1;1;1;1;1;2;1;1;1;2;1;;;;;;;;;;;;1;10;10;1;2;2;2;2;3;2;3;2;3;2;3;3;1;2;1;2;1;2;;;2;;;;;;;;;;;;;;;;;;;;;;;;;;;;;;;;;;;;;1;1;1;;;;;;;;;;;;;;;;2;;;;;;;;;;;;;;;;2;2;4;4;2;4;4;4;4;4;1;2;2;1;3;3;2;1;2;2;1;4;3;3;;;2;2;3;3;1;3;1;;1;3;1;;1;2;0;1;;2;2;0,60462022
35133;1;9;3;3;5;;1;4;1;;;;;;;;;;;;;;;;;;;;;;;;;;;;;;;;;2;1;2;2;2;1;2;1;1;1;1;1;2;1;;;;;;;;;;;;1;2;2;2;2;3;2;1;1;4;1;1;1;3;1;1;3;1;2;2;4;1;2;;1;4;;;;;;;;;;;;;;;;;;;;3;;;;;;;;;;;;;;;;1;1;98;;;;;;;;;;;;;;;;;;;;;;;;;;;;;;;;4;3;3;4;4;4;4;4;4;4;3;3;3;3;2;4;1;1;1;1;1;4;4;4;;;2;4;4;3;2;7;1;;2;6;1;;1;2;0;1;;2;5;0,17461693
35134;2;3;3;1;3;;1;1;1;2;2;2;2;2;2;2;2;2;2;2;2;2;2;2;2;8;J'AI JAMAIS VOTER;;;;;;;;;;;;;;;;;;;;;;;;2;2;2;;;;;;;;;;;;;;3;0;1;2;4;3;5;5;5;2;4;1;2;3;2;1;2;1;3;5;1;2;;;2;;;;;;;;;;;;;;;;;;;;;;;;;;;;;;;;;;;;;1;1;98;;;;;;;;;;;;;;;;;;;;;;;;;;;;;;;;4;4;4;4;4;4;4;4;4;4;1;3;3;1;2;4;1;1;1;1;2;4;4;4;;;1;5;5;3;2;2;1;;2;3;1;;1;1;1;1;;2;99;3,66397119
35135;2;1;3;3;4;;1;2;3;1;1;1;2;1;2;2;1;1;1;2;2;2;2;2;2;99;;;;;;;;;;;;;;;;;;;;;;;;;1;1;2;;;;;;;;;;;;;;4;0;0;2;3;4;3;4;1;2;1;1;1;3;1;2;4;1;2;2;4;1;;9;2;;;;;;;;;;;;;;;;;;;;;;;;;;;;;;;;;;;;;1;2;98;;;;;;;;;;;;;;;;;;;;;;;;;;;;;;;;4;4;4;4;4;4;4;4;4;4;1;4;3;3;2;4;2;1;1;1;1;4;4;4;;;5;4;4;3;1;3;1;;1;2;1;;1;1;0;1;;2;4;1,14362192
35137;1;8;3;3;4;;1;4;2;;;;;;;;;;;;;;;;;;;;;;;;;;;;;;;;;1;1;2;2;2;1;2;1;2;1;1;1;1;;;;;;;;;;;;;2;7;7;2;2;2;2;2;2;2;2;2;2;2;2;2;2;2;2;2;2;2;;;2;;;;;;;;;;;;;;;;;;;;;;;;;;;;;;;;;;;;;1;1;98;;;;;;;;;;;;;;;;;;;;;;;;;;;;;;;;3;3;4;4;4;4;4;4;4;4;2;3;2;3;2;3;2;2;3;2;2;3;3;3;;;2;3;3;3;1;3;1;;2;5;1;;1;2;0;1;;2;6;0,3695935
35138;2;1;3;2;2;;1;3;3;2;2;2;2;2;2;1;2;2;2;1;2;2;2;2;2;5;LA POSSIBILITÉ D'ALLER VOTER À UN AUTRE BUREAU DE SCRUTIN. J'AI DÛ ME DÉPLACER À 7H DE ROUTE DE CHEZ MOI DE FAÇON IMPRÉVUE, C'EST CE QUI M'A EMPÊCHÉE D'ALLER VOTER.;;;;;;;;;;;;;;;;;;;;;;;;1;1;2;;;;;;;;;;;;;;1;7;8;1;2;4;2;3;2;4;4;2;2;3;2;3;2;1;1;2;3;1;;2;2;;;;;;;;;;;;;;;;;;;;;;;;;;;;;;;;;;;;;1;1;98;;;;;;;;;;;;;;;;;;;;;;;;;;;;;;;;3;2;1;1;2;4;4;4;4;4;2;1;2;1;3;4;1;1;1;1;1;4;4;1;2;2;1;3;1;3;2;5;1;;1;4;1;;1;2;0;1;;2;4;0,3335439
35139;2;1;3;3;5;;1;2;2;2;2;2;2;2;2;2;2;2;2;2;2;1;2;1;2;97;AU NON CITOYENS;;;;;;;;;;;;;;;;;;;;;;;;1;2;1;;;;;;;;;;;;;;2;6;5;2;2;3;3;4;3;4;3;2;5;2;2;3;3;2;3;2;3;1;;2;1;3;;;;;;;;;;;;;;;;;;;;1;;;;;;;;;;;;;;;;1;1;1;;;;;;;;;;;;;;;;2;;;;;;;;;;;;;;;;2;1;3;3;2;2;2;3;3;2;2;2;2;2;2;4;4;3;3;2;2;2;3;3;;;2;3;3;1;2;2;3;;1;6;1;;2;4;0;1;;2;1;0,26712185
35141;1;9;3;3;6;;1;4;2;;;;;;;;;;;;;;;;;;;;;;;;;;;;;;;;;1;1;1;1;1;1;2;1;1;1;1;1;1;;;;;;;;;;;;;1;7;7;2;2;2;2;2;3;2;2;2;2;2;2;2;2;2;2;2;2;1;2;;2;;;;;;;;;;;;;;;;;;;;;;;;;;;;;;;;;;;;;1;1;98;;;;;;;;;;;;;;;;;;;;;;;;;;;;;;;;2;2;2;4;4;4;3;3;4;3;2;2;2;3;2;3;2;2;2;2;2;3;3;3;;;4;2;4;1;1;2;1;;2;6;1;;1;2;0;1;;2;3;0,78672314
35142;2;11;3;3;3;;1;2;1;2;2;2;2;1;2;2;2;2;2;2;2;2;2;2;2;99;;;;;;;;;;;;;;;;;;;;;;;;;1;9;2;;;;;;;;;;;;;;3;2;2;2;3;3;3;3;3;3;3;3;3;3;3;3;3;3;3;3;3;2;;;2;;;;;;;;;;;;;;;;;;;;;;;;;;;;;;;;;;;;;1;2;98;;;;;;;;;;;;;;;;;;;;;;;;;;;;;;;;3;3;9;3;2;4;4;4;4;4;1;2;2;1;1;2;2;2;2;2;2;2;2;2;;;2;3;3;3;2;3;1;;2;6;1;;1;2;0;1;;2;4;0,45079193
35143;1;1;3;3;4;;1;4;1;;;;;;;;;;;;;;;;;;;;;;;;;;;;;;;;;1;1;1;1;2;1;1;1;2;1;1;1;2;1;;;;;;;;;;;;2;4;4;1;2;3;2;2;2;3;2;2;2;4;1;2;3;1;2;2;3;2;;;1;3;;;;;;;;;;;;;;;;;;;;3;;;;;;;;;;;;;;;;1;1;1;;;;;;;;;;;;;;;;2;;;;;;;;;;;;;;;;3;2;4;4;4;4;4;4;4;4;1;3;1;1;3;4;2;2;1;1;1;2;4;4;;;4;3;4;3;1;4;1;;2;3;1;;1;4;1;1;;2;8;0,08839304
35145;1;2;3;3;6;;1;4;1;;;;;;;;;;;;;;;;;;;;;;;;;;;;;;;;;1;1;1;2;2;1;1;1;2;1;1;1;2;1;;;;;;;;;;;;1;9;10;1;2;2;1;1;3;2;3;2;2;2;3;3;2;2;2;1;2;1;2;;1;3;;;;;;;;;;;;;;;;;;;;3;;;;;;;;;;;;;;;;1;1;1;;;;;;;;;;;;;;;;2;;;;;;;;;;;;;;;;2;2;9;2;9;9;9;4;9;9;1;1;1;3;1;4;1;1;2;1;2;4;4;4;;;5;5;3;3;2;7;6;;2;6;1;;1;2;0;1;;2;5;0,22720873
35147;2;15;1;2;4;;1;1;3;1;1;1;2;1;2;1;2;2;2;1;2;2;2;2;2;99;;;;;;;;;;;;;;;;;;;;;;;;;1;1;2;;;;;;;;;;;;;;1;1;1;2;3;3;2;2;2;3;2;1;2;4;1;2;2;2;1;2;3;1;;2;2;;;;;;;;;;;;;;;;;;;;;;;;;;;;;;;;;;;;;1;1;1;;;;;;;;;;;;;;;;3;;;;;;;;;;;;;;;;3;3;4;4;4;4;4;4;4;4;2;3;3;3;2;4;1;2;2;2;2;4;4;4;;;2;3;5;3;2;7;1;;2;5;1;;1;2;1;1;;2;5;0,6915046
35152;1;2;3;3;4;;1;4;2;;;;;;;;;;;;;;;;;;;;;;;;;;;;;;;;;1;2;2;2;1;1;2;2;1;1;1;1;1;;;;;;;;;;;;;1;6;6;2;2;2;2;1;3;2;3;2;3;3;3;2;3;2;1;1;2;1;2;;1;4;;6;;;;;;;;;;;;;;;;;;3;;4;;;;;;;;;;;;;;1;1;98;;;;;;;;;;;;;;;;;;;;;;;;;;;;;;;;2;2;3;1;4;4;4;4;4;4;2;2;3;2;2;4;1;1;1;2;1;3;4;4;;;4;2;3;3;2;7;1;;2;6;1;;1;2;0;1;;2;7;0,10674001
35154;2;6;1;1;4;;1;1;1;1;1;1;2;1;2;2;1;2;2;2;2;2;2;2;1;1;RIEN TOUS DES MENTEURS, PROFITEURS ET LÂCHES;;;;;;;;;;;;;;;;;;;;;;;;2;2;2;;;;;;;;;;;;;;3;5;5;9;2;3;4;5;1;5;2;2;1;5;1;3;4;1;3;3;5;1;;2;1;1;;;;;;;;;;;;;;;;;;;;6;SE FAIRE CONNAÎTRE;;;;;;;;;;;;;;;2;;98;;;;;;;;;;;;;;;;;;;;;;;;;;;;;;;;2;3;4;4;2;4;4;3;4;4;4;2;4;4;2;1;2;1;2;3;2;3;2;3;;;2;4;4;3;1;7;1;;2;6;1;;2;3;2;3;5;2;4;2,49841094
35155;2;7;3;2;4;;1;3;4;2;2;2;2;2;2;2;2;2;2;2;2;2;2;1;2;6;IF WE HAD INTERNET VOTING;;;;;;;;;;;;;;;;;;;;;;;;1;1;1;;;;;;;;;;;;;;2;4;4;2;3;3;5;5;5;5;5;5;5;5;5;5;5;5;2;5;5;2;;;1;3;;4;;;;;;;;;;;;;;;;;;3;;;;;;;;;;;;;;;;1;1;98;;;;;;;;;;;;;;;;;;;;;;;;;;;;;;;;3;3;9;9;4;4;4;4;4;4;2;2;4;2;2;9;9;9;9;9;9;9;9;9;;;5;4;4;3;2;3;1;;2;6;2;;1;3;0;1;;2;99;2,57269812
35158;1;2;3;3;3;;1;4;1;;;;;;;;;;;;;;;;;;;;;;;;;;;;;;;;;1;1;1;2;2;1;1;1;2;9;1;1;2;1;;;;;;;;;;;;1;8;8;2;2;2;2;5;2;2;3;2;3;2;3;3;2;2;1;1;3;1;2;;2;;;;;;;;;;;;;;;;;;;;;;;;;;;;;;;;;;;;;1;1;1;;;;;;;;;;;;;;;;2;;;;;;;;;;;;;;;;3;3;4;2;4;4;4;4;4;4;1;1;3;2;2;4;1;1;2;1;1;4;4;9;;;1;3;4;3;2;8;1;;2;6;1;;1;2;3;1;;2;6;0,19229379
35159;2;15;3;2;3;;1;1;4;1;1;1;1;1;1;1;1;1;1;1;1;1;1;1;1;99;;;;;;;;;;;;;;;;;;;;;;;;;1;1;1;;;;;;;;;;;;;;3;5;5;2;3;3;3;3;3;2;3;3;3;3;2;3;3;3;3;3;3;2;;;2;;;;;;;;;;;;;;;;;;;;;;;;;;;;;;;;;;;;;2;;99;;;;;;;;;;;;;;;;;;;;;;;;;;;;;;;;3;3;4;3;3;3;3;3;3;4;3;3;2;2;2;3;3;3;3;3;3;3;3;3;;;3;3;3;3;1;2;2;;2;6;98;;2;1;0;1;;2;1;6,09182405
35161;1;11;3;3;5;;1;4;1;;;;;;;;;;;;;;;;;;;;;;;;;;;;;;;;;1;1;1;2;1;1;2;1;1;1;1;1;2;1;;;;;;;;;;;;1;10;10;1;1;3;3;1;1;3;3;1;2;4;4;1;4;1;1;4;4;1;2;;1;1;;;;;;;;;;;;;;;;;;;;2;;1;;;;;;;;;;;;;;1;1;98;;;;;;;;;;;;;;;;;;;;;;;;;;;;;;;;3;1;3;4;2;1;2;3;4;2;1;1;2;3;3;1;1;1;1;2;1;1;1;1;;;1;1;4;2;2;6;1;;2;6;1;;1;2;0;1;;2;6;0,15537187
35170;1;2;3;3;2;;1;4;1;;;;;;;;;;;;;;;;;;;;;;;;;;;;;;;;;1;1;1;1;1;1;1;1;1;1;1;1;1;;;;;;;;;;;;;1;10;10;1;1;1;2;2;2;3;2;2;2;2;2;2;2;1;2;2;2;1;2;;1;1;;3;;6;;;;;;;;;;;;;;;;4;;;;;;;;;;;;;;;;1;1;1;;2;;3;;5;;;;;;;;;;1;;2;;;;;;;;;;;;;;1;1;1;4;1;1;4;4;4;4;1;1;1;1;1;4;1;1;1;1;1;4;4;1;1;1;1;1;1;1;2;8;1;;2;2;1;;1;2;0;3;5;2;5;0,08943269
35172;2;7;3;2;2;;1;3;3;2;2;2;2;2;2;2;2;2;2;1;2;2;2;2;2;11;I WOULD HAVE VOTED IF I HAD ENOUGH TIME.;;;;;;;;;;;;;;;;;;;;;;;;2;2;2;;;;;;;;;;;;;;2;8;8;2;2;2;2;2;2;2;2;2;2;2;2;2;2;2;2;2;2;2;;;2;;;;;;;;;;;;;;;;;;;;;;;;;;;;;;;;;;;;;2;;98;;;;;;;;;;;;;;;;;;;;;;;;;;;;;;;;2;2;4;4;4;4;4;4;4;4;2;3;2;3;2;3;3;3;3;3;3;3;3;3;2;2;3;2;3;3;2;3;1;;1;3;2;;2;1;0;1;;2;1;1,39463198
35175;2;16;3;2;3;;1;1;1;1;2;1;2;1;2;2;2;2;2;2;2;2;1;2;2;97;AVOIR UNE VRAIE CAMPAGNE ÉLECTORALE OÙ ON PARLE DU PROGRAMME DES PARTIS, DES IDÉES ET DES ENJEUX. QUE LES POLITICIENS NOUS DONNENT DES RÉPONSES, PAS DES PHRASES TOUTES FAITES APPRISES PAR COEUR QUI NE RÉPONDENT PAS À NOS QUESTIONS. ENTENDRE PARLER D;1;;;;;;;;;;;;;;;;;;;;;;;9;9;9;;;;;;;;;;;;;;5;0;0;9;4;4;5;5;1;5;1;1;1;4;1;1;5;1;5;5;4;9;;;2;;;;;;;;;;;;;;;;;;;;;;;;;;;;;;;;;;;;;2;;1;;3;;;;;;;;;;;;;;1;;4;;;;;;;;;;;;;;9;2;4;4;4;4;4;4;4;4;1;3;4;3;2;4;1;1;1;1;1;4;9;4;;;1;4;4;3;2;3;1;;2;3;1;;2;1;2;1;;2;3;2,48550725
35176;1;8;3;3;3;;1;4;1;;;;;;;;;;;;;;;;;;;;;;;;;;;;;;;;;1;1;1;1;1;1;1;1;1;1;1;1;1;;;;;;;;;;;;;1;7;7;2;2;3;2;2;1;3;2;2;2;2;1;3;4;2;1;1;3;1;2;;1;3;;;;;;;;;;;;;;;;;;;;3;;;;;;;;;;;;;;;;1;1;1;;;;;;;;;;;;;;;;2;;;;;;;;;;;;;;;;3;3;4;3;4;4;2;4;3;4;2;2;2;3;2;4;1;1;1;1;2;3;2;4;;;1;3;3;3;1;8;1;;2;5;1;;1;2;1;1;;2;7;0,17896475
35177;1;2;3;3;4;;1;4;1;;;;;;;;;;;;;;;;;;;;;;;;;;;;;;;;;1;1;2;1;2;1;1;1;1;1;1;1;2;1;;3;;;;;;;;2;;1;5;10;9;9;9;5;5;5;5;5;5;5;3;3;3;3;3;3;3;3;2;;;1;3;;4;;;;;;;;;;;;;;;;;;3;;;;;;;;;;;;;;;;1;1;1;;;;;;;;;;;;;;;;2;;3;;;;;;;;;;;;;;2;3;9;4;4;4;4;4;4;4;3;4;4;3;4;4;1;1;1;1;1;4;4;4;;;4;5;5;3;2;3;1;;2;6;1;;1;3;0;1;;2;4;0,39711922
35179;1;9;3;3;4;;1;4;1;;;;;;;;;;;;;;;;;;;;;;;;;;;;;;;;;1;1;2;2;2;1;1;1;2;1;1;1;2;1;;;;;;;;;;;;1;6;8;1;2;3;2;2;3;2;1;2;2;3;3;3;2;2;1;2;2;1;9;;1;4;;5;;6;;7;;;;;;;;;;;;;;3;;;;;;;;;;;;;;;;1;1;1;;5;;;;;;;;;;;;;;1;;2;;;;;;;;;;;;;;1;2;4;2;4;4;4;4;4;4;2;3;3;2;2;4;1;1;1;1;1;4;4;4;;;3;2;4;3;2;3;1;;2;5;1;;1;3;0;1;;2;5;0,39711922
35181;1;12;2;2;2;;1;4;1;;;;;;;;;;;;;;;;;;;;;;;;;;;;;;;;;1;1;1;2;2;1;1;1;1;1;1;2;1;;;;;;;;;;;;;1;10;10;1;1;2;1;1;2;5;4;4;3;3;3;4;2;3;1;1;1;1;2;;2;;;;;;;;;;;;;;;;;;;;;;;;;;;;;;;;;;;;;1;1;98;;;;;;;;;;;;;;;;;;;;;;;;;;;;;;;;1;1;3;3;1;4;4;2;4;4;1;1;1;1;1;1;2;1;3;2;1;1;1;1;1;2;2;4;4;3;1;7;1;;2;6;1;;2;3;0;1;;2;6;0,27176392
35186;2;6;1;1;3;;1;1;4;2;2;2;2;2;2;1;2;2;2;2;2;2;1;2;2;11;HAD A FAMILY EMERGENCY. OTHERWISE WOULD HAVE VOTED;;;;;;;;;;;;;;;;;;;;;;;;8;8;8;;;;;;;;;;;;;;1;9;8;1;2;2;1;1;2;2;3;3;2;2;1;3;2;1;1;1;3;2;;;2;;;;;;;;;;;;;;;;;;;;;;;;;;;;;;;;;;;;;2;;2;;3;;;;;;;;;;;;;;;;;;;;;;;;;;;;;;1;2;4;4;4;4;4;4;4;4;3;3;2;2;3;9;2;2;2;2;2;2;2;2;;;2;3;4;3;1;8;1;;1;2;97;HEBREW;2;1;2;3;3;2;6;2,41375136
35187;2;13;1;1;4;;1;2;3;2;1;2;1;1;2;2;2;2;2;1;2;2;2;2;2;97;UN VRAIS PARTI VERT SOIT EN LISTE;;;;;;;;;;;;;;;;;;;;;;;;2;2;2;;;;;;;;;;;;;;5;6;7;1;3;2;2;3;3;3;3;3;2;3;3;3;3;2;3;2;3;1;;1;2;;;;;;;;;;;;;;;;;;;;;;;;;;;;;;;;;;;;;1;1;98;;;;;;;;;;;;;;;;;;;;;;;;;;;;;;;;2;2;4;1;4;4;4;4;4;4;1;3;3;4;3;4;2;9;2;2;2;4;4;2;;;2;4;4;3;2;7;1;;2;6;1;;1;2;0;1;;2;2;1,01937151
35188;2;6;1;1;2;;1;3;4;2;2;2;2;2;2;1;2;2;2;2;2;1;1;1;2;99;;;;;;;;;;;;;;;;;;;;;;;;;1;1;2;;;;;;;;;;;;;;1;2;2;2;3;9;2;3;5;5;2;5;2;5;2;2;5;5;1;5;2;2;;;2;;;;;;;;;;;;;;;;;;;;;;;;;;;;;;;;;;;;;2;;98;;;;;;;;;;;;;;;;;;;;;;;;;;;;;;;;4;3;4;4;4;4;4;4;4;4;4;4;3;2;3;4;9;9;9;9;9;4;4;4;2;2;2;3;4;3;2;3;4;;1;1;2;;2;1;1;1;;2;2;2,1548593
35191;1;8;3;3;2;;1;4;4;;;;;;;;;;;;;;;;;;;;;;;;;;;;;;;;;1;2;2;1;1;2;2;2;1;1;1;1;1;;;;;;;;;;;;;1;10;10;1;3;1;1;2;1;2;1;3;1;3;1;1;2;1;1;1;1;1;1;;1;1;;2;;;;;;;;;;;;;;;;;;4;;1;;;;;;;;;;;;;;1;2;1;;;;;;;;;;;;;;;;1;;2;;;;;;;;;;;;;;1;1;3;2;1;3;1;1;1;2;2;2;2;1;1;1;2;1;3;1;3;2;1;2;2;2;2;1;2;1;2;3;1;;2;5;1;;1;2;3;1;;2;6;0,33272818
35192;1;1;3;3;5;;1;4;1;;;;;;;;;;;;;;;;;;;;;;;;;;;;;;;;;1;2;1;2;2;1;1;1;2;1;1;1;2;1;;;;;;;;;;;;2;7;7;2;2;2;2;2;3;2;1;2;2;3;1;2;2;2;2;2;2;2;;;1;3;;;;;;;;;;;;;;;;;;;;4;;;;;;;;;;;;;;;;1;1;1;;;;;;;;;;;;;;;;2;;3;;;;;;;;;;;;;;2;4;2;4;4;4;4;4;4;4;1;2;2;2;4;4;2;2;2;2;2;3;4;2;;;3;2;4;3;2;3;6;;2;6;1;;1;2;0;1;;2;99;0,64965117
35193;1;2;3;3;4;;1;4;1;;;;;;;;;;;;;;;;;;;;;;;;;;;;;;;;;1;1;1;1;1;1;1;1;1;1;1;2;1;;;;;;;;;;;;;1;7;7;1;2;2;2;1;2;1;2;2;2;2;1;2;1;1;1;1;2;2;;;2;;;;;;;;;;;;;;;;;;;;;;;;;;;;;;;;;;;;;2;;98;;;;;;;;;;;;;;;;;;;;;;;;;;;;;;;;3;1;4;4;4;4;4;4;4;4;1;3;4;4;1;3;2;1;1;2;1;3;3;3;;;1;1;2;3;1;3;2;;1;6;1;;2;1;0;1;;2;1;0,3695935
35194;1;4;3;2;2;;1;4;1;;;;;;;;;;;;;;;;;;;;;;;;;;;;;;;;;1;2;2;1;2;1;2;1;2;1;1;1;2;1;;;;;;;;;;;;2;7;5;1;2;3;2;5;3;2;4;3;3;2;3;2;3;2;1;2;4;1;2;;2;;;;;;;;;;;;;;;;;;;;;;;;;;;;;;;;;;;;;1;1;98;;;;;;;;;;;;;;;;;;;;;;;;;;;;;;;;3;2;4;4;4;4;4;4;4;4;2;3;3;2;2;4;2;1;2;1;2;9;3;9;1;2;2;3;3;3;2;7;1;;2;5;1;;1;2;1;1;;2;99;0,29200417
35202;2;3;2;1;2;;1;2;4;2;2;1;2;1;2;2;2;2;2;2;2;2;2;2;2;1;D'AUTRES CANDIDATS/CHEFS POLITIQUES. J'AURAIS VOTÉ POUR LEGAULT S'IL NE S'ÉTAIT PAS ''PLANTÉ'' LES DERNIÈRES SEMAINES AVANT LES ÉLECTIONS.;;;;;;;;;;;;;;;;;;;;;;;;2;2;2;;;;;;;;;;;;;;1;9;6;2;2;3;2;1;2;3;2;2;2;3;2;3;3;2;1;2;3;1;;2;2;;;;;;;;;;;;;;;;;;;;;;;;;;;;;;;;;;;;;1;9;2;;3;;;;;;;;;;;;;;;;;;;;;;;;;;;;;;1;1;1;2;2;4;4;4;4;3;3;2;1;3;1;4;2;2;2;1;2;1;3;3;2;1;3;2;4;3;1;3;1;;2;3;1;;1;2;0;1;;2;3;5,28142452
35203;2;6;1;1;3;;1;3;9;1;2;2;2;2;1;2;2;1;2;2;2;2;1;1;2;2;IF I WAS AWARE OF WHEN AND WHERE TO GO TO VOTE.;;;;;;;;;;;;;;;;;;;;;;;;1;1;1;;;;;;;;;;;;;;1;7;4;1;3;3;2;4;2;2;2;2;5;4;2;4;2;1;1;2;4;1;;2;2;;;;;;;;;;;;;;;;;;;;;;;;;;;;;;;;;;;;;2;;98;;;;;;;;;;;;;;;;;;;;;;;;;;;;;;;;1;2;3;3;3;4;4;4;4;3;2;2;2;2;2;9;1;1;2;1;1;4;9;2;;;1;2;4;3;2;4;8;;1;2;2;;2;1;0;1;;2;2;0,87628502
35204;1;6;1;1;2;;1;4;2;;;;;;;;;;;;;;;;;;;;;;;;;;;;;;;;;1;1;1;2;2;1;2;1;2;1;1;2;2;1;;;;;;;;;;;;1;7;7;1;2;2;2;2;2;3;2;3;3;2;3;2;2;3;2;3;2;2;;;2;;;;;;;;;;;;;;;;;;;;;;;;;;;;;;;;;;;;;1;1;1;;;;;;;;;;;;;;;;1;;2;;;;;;;;;;;;;;4;4;4;4;4;4;4;4;4;4;3;3;3;3;3;4;4;4;4;4;4;4;4;4;2;2;3;1;3;3;1;6;1;;1;3;1;;1;2;1;1;;2;5;0,37362623
35205;1;16;1;1;1;1;1;4;1;;;;;;;;;;;;;;;;;;;;;;;;;;;;;;;;;1;1;2;1;2;1;1;1;1;8;1;1;2;1;;;;;;;;;;;;1;7;8;2;2;3;1;1;2;4;3;2;2;3;2;3;3;1;1;1;4;2;;;2;;;;;;;;;;;;;;;;;;;;;;;;;;;;;;;;;;;;;1;1;1;;2;;;;;;;;;;;;;;1;;4;;;;;;;;;;;;;;3;2;2;3;4;4;4;4;4;3;3;1;2;1;2;4;1;1;2;2;2;2;4;1;1;2;1;1;1;3;2;7;1;;2;2;2;;1;2;0;2;4;2;6;0,53808683
35207;2;6;1;1;3;;1;2;4;2;1;2;1;1;2;1;2;1;2;2;2;2;1;1;1;99;;;;;;;;;;;;;;;;;;;;;;;;;2;1;2;;;;;;;;;;;;;;3;2;2;1;4;9;2;2;1;4;1;1;1;4;1;2;3;1;4;3;1;2;;;2;;;;;;;;;;;;;;;;;;;;;;;;;;;;;;;;;;;;;1;2;98;;;;;;;;;;;;;;;;;;;;;;;;;;;;;;;;4;4;4;4;4;4;4;4;4;4;2;3;2;4;3;4;4;4;1;1;1;4;4;4;;;4;4;4;3;1;7;1;;1;4;2;;2;2;0;1;;2;6;2,41375136
35211;1;2;3;3;6;;1;4;1;;;;;;;;;;;;;;;;;;;;;;;;;;;;;;;;;1;1;1;2;1;1;1;1;2;1;1;1;2;1;;;;;;;;;;;;1;9;9;1;2;2;2;1;2;2;3;3;2;2;2;3;1;1;1;1;3;1;2;;2;;;;;;;;;;;;;;;;;;;;;;;;;;;;;;;;;;;;;1;1;1;;;;;;;;;;;;;;;;2;;3;;;;;;;;;;;;;;1;2;2;3;3;4;4;4;4;4;1;1;3;4;2;4;1;1;1;2;1;3;2;3;;;2;3;4;1;1;7;6;;2;6;1;;1;1;0;1;;2;5;0,21145961
35217;1;8;3;3;1;1;1;4;1;;;;;;;;;;;;;;;;;;;;;;;;;;;;;;;;;1;1;1;1;2;1;1;1;2;8;8;8;2;4;;;;;;;;;;;;1;1;2;1;2;3;2;2;1;2;3;1;1;3;2;3;2;1;1;2;1;1;2;;1;2;;;;;;;;;;;;;;;;;;;;3;;;;;;;;;;;;;;;;1;1;98;;;;;;;;;;;;;;;;;;;;;;;;;;;;;;;;3;2;2;2;4;4;4;4;4;4;2;4;1;1;3;4;1;2;2;1;2;3;4;1;2;2;1;3;1;3;2;2;8;;3;6;1;;1;1;0;1;;2;2;0,39682019
35220;1;2;3;3;3;;1;4;1;;;;;;;;;;;;;;;;;;;;;;;;;;;;;;;;;1;1;2;2;2;1;2;1;2;1;1;1;2;1;;;;;;;;;;;;1;7;9;2;2;3;3;2;3;2;3;3;2;2;3;2;3;2;3;2;3;2;;;2;;;;;;;;;;;;;;;;;;;;;;;;;;;;;;;;;;;;;1;1;98;;;;;;;;;;;;;;;;;;;;;;;;;;;;;;;;2;1;2;2;4;2;3;4;3;4;2;1;3;3;1;2;2;1;1;2;1;2;2;3;;;4;4;4;3;1;6;1;;2;5;1;;1;2;2;1;;2;6;0,15924101
35221;2;6;1;1;3;;1;2;4;1;2;1;2;1;2;2;2;2;2;2;2;2;1;2;2;99;;;;;;;;;;;;;;;;;;;;;;;;;9;9;9;;;;;;;;;;;;;;1;2;2;9;3;3;2;2;2;5;1;1;1;4;1;2;5;1;2;5;2;9;;;2;;;;;;;;;;;;;;;;;;;;;;;;;;;;;;;;;;;;;2;;2;;;;;;;;;;;;;;;;;;;;;;;;;;;;;;;;2;3;4;4;4;4;4;9;4;4;4;4;3;3;4;4;1;1;2;2;1;4;4;4;;;1;2;2;2;2;5;1;;1;6;2;;2;1;1;1;;2;1;0,87628502
35225;2;2;3;3;2;;1;2;4;1;1;1;2;1;2;1;2;2;2;2;2;2;1;2;1;1;SI LES CANDIDATS CESSAIT DE SEULEMENT DÉVALORISER LES AUTRES PARTIES AU LIEU DE S’OCCUPER DES VRAI CHOSE .. DES VRAI PROBLÈMES... DE LEUR AFFAIRE ! POURQUOI NE PAS MONTRER EN QUOI ILS PEUVENT ÊTRE BON AU LIEU D’ESSAYER DE MONTRER QUE LES AUTRES NE;;;;;;;;;;;;;;;;;;;;;;;;2;2;2;;;;;;;;;;;;;;3;1;1;2;2;4;3;3;1;4;1;1;1;4;1;1;4;1;2;4;3;1;;2;2;;;;;;;;;;;;;;;;;;;;;;;;;;;;;;;;;;;;;1;1;1;;;;;;;;;;;;;;;;2;;;;;;;;;;;;;;;;2;4;2;4;4;4;4;4;4;4;2;3;1;1;3;4;2;3;2;3;2;4;4;4;2;2;1;2;3;2;2;2;4;;2;3;1;;1;2;3;1;;2;2;0,4271372
35228;2;16;3;2;2;;1;1;1;1;2;2;2;2;2;2;1;2;2;2;2;2;2;2;2;0;RIEN;;;;;;;;;;;;;;;;;;;;;;;;2;2;2;;;;;;;;;;;;;;2;0;1;2;4;2;2;2;2;2;2;2;2;2;1;1;3;1;3;2;2;2;;;2;;;;;;;;;;;;;;;;;;;;;;;;;;;;;;;;;;;;;1;1;1;;;;;;;;;;;;;;;;1;;4;;;;;;;;;;;;;;4;4;4;4;4;4;4;4;4;4;4;2;4;2;3;4;1;1;2;2;2;2;4;1;2;1;2;4;2;3;2;5;1;;2;4;1;;1;2;0;1;;2;5;0,3335439
35238;1;1;3;3;5;;1;4;1;;;;;;;;;;;;;;;;;;;;;;;;;;;;;;;;;1;1;1;1;1;1;1;1;1;1;2;1;2;1;;;;;;;;;;;;1;8;8;1;1;1;1;1;1;1;1;1;1;1;1;1;1;1;1;1;1;1;1;;1;1;;;;;;;;;;;;;;;;;;;;4;;;;;;;;;;;;;;;;1;1;98;;;;;;;;;;;;;;;;;;;;;;;;;;;;;;;;1;1;1;1;1;1;1;1;1;1;1;1;1;1;1;1;1;1;1;1;1;1;1;1;;;1;1;1;1;2;3;6;;2;6;1;;1;2;0;1;;2;3;0,64965117
35242;1;2;3;3;5;;1;4;2;;;;;;;;;;;;;;;;;;;;;;;;;;;;;;;;;1;1;2;2;2;1;1;1;2;1;1;1;1;;;;;;;;;;;;;1;4;5;1;3;2;1;2;2;2;4;2;3;2;2;2;2;1;2;2;4;2;;;1;1;;2;;;;;;;;;;;;;;;;;;4;;;;;;;;;;;;;;;;2;;98;;;;;;;;;;;;;;;;;;;;;;;;;;;;;;;;2;3;2;3;4;4;4;4;4;4;4;4;4;1;4;4;1;1;1;1;1;4;4;4;;;2;4;2;3;2;5;6;;1;6;1;;2;1;0;1;;2;1;0,15537187
35244;1;6;1;1;1;1;1;4;1;;;;;;;;;;;;;;;;;;;;;;;;;;;;;;;;;1;2;2;1;2;2;2;1;2;8;8;2;2;2;;;;;;;;;;;;2;8;7;2;2;2;3;4;2;3;2;3;2;3;2;2;4;2;2;2;2;1;2;;2;;;;;;;;;;;;;;;;;;;;;;;;;;;;;;;;;;;;;2;;1;;4;;;;;;;;;;;;;;1;;;;;;;;;;;;;;;;1;2;3;4;4;2;4;4;4;3;4;2;1;2;3;3;2;2;2;2;1;4;3;3;1;1;2;3;4;2;1;6;3;;1;2;1;;1;1;9;3;1;2;2;0,44559637
35245;1;4;3;2;1;1;1;4;1;;;;;;;;;;;;;;;;;;;;;;;;;;;;;;;;;1;1;1;1;2;1;1;1;2;1;1;1;1;;;;;;;;;;;;;1;9;9;1;1;3;5;2;1;2;2;3;2;3;2;4;2;1;1;1;4;1;2;;2;;;;;;;;;;;;;;;;;;;;;;;;;;;;;;;;;;;;;1;2;1;;2;;3;;5;;;;;;;;;;1;;2;;4;;;;;;;;;;;;3;1;1;1;1;1;4;4;1;4;4;1;2;1;1;2;1;1;2;1;1;2;3;1;1;2;1;1;5;3;1;5;1;;1;4;1;;1;2;0;1;;2;2;0,28839251
35247;1;1;3;3;2;;1;4;2;;;;;;;;;;;;;;;;;;;;;;;;;;;;;;;;;2;1;1;1;2;1;2;1;2;1;1;1;2;4;;;;;;;;;;;;1;3;4;1;1;2;3;2;4;3;2;2;3;3;2;2;2;2;3;2;2;1;2;;2;;;;;;;;;;;;;;;;;;;;;;;;;;;;;;;;;;;;;1;2;98;;;;;;;;;;;;;;;;;;;;;;;;;;;;;;;;2;3;4;4;4;4;4;4;9;4;2;1;4;2;4;4;4;3;4;3;4;3;2;3;2;2;2;4;4;3;2;4;4;;2;3;1;;2;1;1;1;;2;2;0,07957616
35249;1;1;3;3;3;;1;4;2;;;;;;;;;;;;;;;;;;;;;;;;;;;;;;;;;1;1;2;1;1;1;1;1;2;1;1;1;1;;;;;;;;;;;;;1;8;9;1;2;2;1;2;1;1;1;1;1;1;1;1;2;2;1;3;1;1;1;;2;;;;;;;;;;;;;;;;;;;;;;;;;;;;;;;;;;;;;2;;1;;3;;5;;;;;;;;;;;;3;;;;;;;;;;;;;;;;4;2;1;3;2;3;1;2;1;2;1;1;1;1;1;1;2;3;3;2;2;3;2;2;;;1;1;1;1;2;3;4;;1;1;1;;2;1;2;1;;1;2;0,71541643
35256;2;6;1;1;4;;1;2;4;2;2;2;2;1;2;2;2;2;2;2;2;2;1;2;2;16;PAS GRAND CHOSE. JE N'AI PLUS  CONFIANCE EN PERSONNES. MAIS J'AURAIS DÛ ALLER ANNULER MON VOTE.;97;;;;;;;;;;;;;;;;;;;;;;;2;2;2;;;;;;;;;;;;;;3;10;10;2;2;4;2;2;1;3;1;2;1;3;1;1;3;1;2;5;4;1;;2;1;4;;;;;;;;;;;;;;;;;;;;3;;;;;;;;;;;;;;;;1;1;1;;;;;;;;;;;;;;;;1;;;;;;;;;;;;;;;;9;2;3;2;4;4;4;4;2;4;2;3;1;1;2;4;1;1;1;1;1;4;4;4;;;1;5;1;3;2;3;8;;1;6;1;;1;2;3;1;;2;1;3,79250026
35258;2;7;3;2;2;;1;2;4;1;2;2;1;1;2;2;2;2;2;2;2;2;2;2;2;99;;;;;;;;;;;;;;;;;;;;;;;;;2;2;2;;;;;;;;;;;;;;3;1;3;2;3;3;5;5;2;5;4;2;2;5;2;2;3;2;2;3;5;2;;;2;;;;;;;;;;;;;;;;;;;;;;;;;;;;;;;;;;;;;1;2;98;;;;;;;;;;;;;;;;;;;;;;;;;;;;;;;;3;4;3;4;4;4;4;4;4;4;1;3;1;1;2;4;2;2;2;2;1;4;4;4;2;2;1;3;2;3;2;7;1;;2;3;1;;1;2;1;1;;2;6;0,37485752
35260;2;12;3;2;4;;1;1;2;2;2;2;1;2;2;2;2;2;2;2;2;2;2;2;2;99;;;;;;;;;;;;;;;;;;;;;;;;;2;2;2;;;;;;;;;;;;;;5;0;2;9;9;9;5;5;5;5;5;5;5;5;5;5;5;5;5;5;5;9;;;9;;;;;;;;;;;;;;;;;;;;;;;;;;;;;;;;;;;;;9;;99;;;;;;;;;;;;;;;;;;;;;;;;;;;;;;;;9;9;9;9;9;9;9;9;9;9;4;4;4;4;4;9;9;9;9;9;9;9;9;9;;;5;5;5;9;4;99;99;;2;6;1;;1;2;0;1;;2;1;6,30550432
35262;1;2;3;3;5;;1;4;1;;;;;;;;;;;;;;;;;;;;;;;;;;;;;;;;;1;1;1;1;1;1;1;1;1;1;1;1;1;;;;;;;;;;;;;1;10;10;1;3;3;2;1;1;1;1;1;1;1;1;1;1;1;1;1;1;9;;;1;3;;;;;;;;;;;;;;;;;;;;4;;;;;;;;;;;;;;;;2;;2;;;;;;;;;;;;;;;;;;;;;;;;;;;;;;;;9;3;4;4;4;4;4;4;4;4;2;3;2;2;4;4;3;2;3;3;3;3;3;3;;;2;3;3;3;2;3;6;;1;5;1;;2;1;0;1;;2;1;0,64965117
35263;2;7;3;2;3;;1;2;4;1;1;1;2;2;2;2;2;2;1;2;2;2;1;1;1;6;VOTER PAR COURRIEL, TEXTO, SANS ME DEPLACER... DIFFICILE QUAND ON EST MONOPARENTAL;11;;;;;;;;;;;;;;;;;;;;;;;2;1;2;;;;;;;;;;;;;;1;6;6;1;3;2;2;4;3;3;4;2;3;3;2;3;2;3;2;2;3;2;;;2;;;;;;;;;;;;;;;;;;;;;;;;;;;;;;;;;;;;;1;1;98;;;;;;;;;;;;;;;;;;;;;;;;;;;;;;;;2;3;4;4;3;4;4;4;4;4;3;4;3;2;2;4;2;2;2;2;1;4;4;4;;;2;3;2;2;2;8;1;;2;5;1;;1;2;1;2;5;2;8;0,66806847
35269;1;16;3;2;1;1;1;4;3;;;;;;;;;;;;;;;;;;;;;;;;;;;;;;;;;1;1;1;2;2;1;1;1;1;1;1;1;2;2;;;;;;;;;;;;1;6;7;1;3;2;1;2;2;2;2;1;2;1;1;1;1;1;1;3;1;1;2;;2;;;;;;;;;;;;;;;;;;;;;;;;;;;;;;;;;;;;;1;1;1;;;;;;;;;;;;;;;;1;;;;;;;;;;;;;;;;2;2;1;1;1;1;1;1;1;1;1;1;1;1;1;1;1;1;1;1;1;1;2;1;2;2;1;2;1;1;2;6;3;;1;3;1;;2;2;0;1;;2;4;0,30987042
35270;2;16;3;2;2;;1;1;1;1;1;1;1;1;2;2;2;2;2;2;2;2;1;2;2;3;ÊTRE PLUS INFORMÉ;;;;;;;;;;;;;;;;;;;;;;;;2;2;2;;;;;;;;;;;;;;3;2;3;2;4;3;1;3;3;1;3;2;2;3;2;3;3;3;3;2;2;2;;;2;;;;;;;;;;;;;;;;;;;;;;;;;;;;;;;;;;;;;1;2;1;;;;;;;;;;;;;;;;1;;;;;;;;;;;;;;;;4;4;3;3;3;4;4;9;4;4;1;2;2;2;4;3;3;3;3;2;4;3;4;2;2;2;3;3;5;9;2;3;1;;2;5;1;;1;2;2;1;;2;4;1,39463198
35271;1;2;3;3;5;;1;4;1;;;;;;;;;;;;;;;;;;;;;;;;;;;;;;;;;1;1;2;2;2;1;1;1;1;1;1;1;2;1;;;;;;;;;;;;1;9;9;2;1;3;2;2;1;2;2;2;1;2;1;2;3;1;1;1;1;1;2;;1;3;;4;;;;;;;;;;;;;;;;;;5;;3;;;;;;;;;;;;;;1;1;98;;;;;;;;;;;;;;;;;;;;;;;;;;;;;;;;2;2;4;4;3;4;4;4;4;4;1;4;4;4;2;4;1;1;1;2;2;4;4;4;;;3;3;4;3;1;3;6;;2;6;1;;1;2;0;1;;2;3;0,60462022
35273;2;2;3;3;1;1;1;3;4;2;2;1;1;1;2;1;1;2;1;1;2;2;2;1;1;10;DES ENJEUX PLUS INTERESSANT;;;;;;;;;;;;;;;;;;;;;;;;2;2;2;;;;;;;;;;;;;;3;5;5;2;2;2;1;3;2;2;3;1;2;2;2;1;2;3;2;1;1;1;;1;2;;;;;;;;;;;;;;;;;;;;;;;;;;;;;;;;;;;;;1;1;1;;2;;5;;;;;;;;;;;;1;;;;;;;;;;;;;;;;3;3;4;4;4;3;4;3;9;3;1;3;4;2;3;1;3;2;3;2;3;3;4;2;2;2;2;4;3;3;1;3;1;;1;2;1;;2;1;0;1;;2;3;1,6274308
35276;1;11;3;3;2;;1;4;1;;;;;;;;;;;;;;;;;;;;;;;;;;;;;;;;;1;1;1;1;1;1;1;1;2;1;1;1;2;1;;;;;;;;;;;;1;10;7;1;1;2;1;1;1;1;1;1;1;1;1;1;1;1;1;1;1;1;1;;1;8;;;;;;;;;;;;;;;;;;;;3;;;;;;;;;;;;;;;;1;1;1;;;;;;;;;;;;;;;;2;;;;;;;;;;;;;;;;3;3;1;2;2;2;2;2;3;2;3;3;1;1;2;2;2;2;3;2;1;2;2;2;1;2;2;2;2;2;2;3;1;;1;3;1;;1;1;0;1;;2;5;0,33272818
35287;1;9;3;3;4;;1;4;1;;;;;;;;;;;;;;;;;;;;;;;;;;;;;;;;;1;1;1;1;1;1;1;1;1;9;9;9;1;;;;;;;;;;;;;1;7;7;2;3;3;5;5;5;5;5;5;5;5;5;5;5;5;5;5;5;2;;;1;4;;;;;;;;;;;;;;;;;;;;1;;5;;3;;;;;;;;;;;;2;;98;;;;;;;;;;;;;;;;;;;;;;;;;;;;;;;;1;4;4;4;4;4;4;4;4;4;4;4;4;4;4;9;9;9;9;9;9;9;9;9;;;4;4;4;1;1;3;12;INVALIDE;1;5;1;;2;1;0;1;;2;1;0,3695935
35288;2;17;3;2;5;;1;1;1;2;2;2;2;1;2;2;2;2;2;2;2;2;2;2;2;99;;;;;;;;;;;;;;;;;;;;;;;;;2;2;2;;;;;;;;;;;;;;5;0;0;2;2;4;1;2;2;5;1;1;1;4;2;1;3;1;1;4;4;1;;2;1;1;;3;;6;;;;;;;;;;;;;;;;3;;;;;;;;;;;;;;;;1;2;98;;;;;;;;;;;;;;;;;;;;;;;;;;;;;;;;1;4;4;4;4;4;4;4;4;4;2;2;4;4;2;4;9;3;9;9;9;4;9;4;;;3;4;4;9;2;6;1;;2;6;1;;1;2;0;1;;2;2;0,27846184
35290;2;8;3;3;3;;1;1;2;2;2;2;2;2;1;1;2;2;2;1;2;2;2;2;2;99;;;;;;;;;;;;;;;;;;;;;;;;;1;1;1;;;;;;;;;;;;;;2;7;7;1;2;2;2;2;2;2;2;3;2;1;1;1;1;1;1;1;1;1;;2;2;;;;;;;;;;;;;;;;;;;;;;;;;;;;;;;;;;;;;2;;98;;;;;;;;;;;;;;;;;;;;;;;;;;;;;;;;2;1;4;2;4;2;4;4;9;4;3;2;4;2;2;9;9;9;9;9;9;9;9;9;;;3;3;4;9;2;6;1;;2;6;1;;1;2;5;1;;2;5;0,10781265
35292;2;6;1;1;1;1;1;3;3;2;2;2;2;2;2;1;2;2;1;1;2;2;2;1;2;11;PLUS DE TEMPS POUR ALLER VOTER;;;;;;;;;;;;;;;;;;;;;;;;1;1;1;;;;;;;;;;;;;;2;5;6;9;3;3;2;5;5;2;2;2;5;2;2;2;5;5;1;2;2;9;;;2;;;;;;;;;;;;;;;;;;;;;;;;;;;;;;;;;;;;;1;1;1;;2;;3;;4;;5;;;;;;;;1;;4;;;;;;;;;;;;;;3;3;3;4;4;4;4;4;3;4;2;3;2;1;3;3;9;9;2;1;2;4;4;9;9;9;3;5;5;2;2;6;1;;3;1;1;;2;4;0;1;;2;2;0,80115086
35293;1;9;3;3;1;1;1;4;2;;;;;;;;;;;;;;;;;;;;;;;;;;;;;;;;;1;1;1;2;1;1;1;1;2;8;8;8;2;2;;;;;;;;;;;;1;8;9;1;1;3;1;1;3;2;4;1;2;2;2;3;2;1;1;1;3;1;1;;2;;;;;;;;;;;;;;;;;;;;;;;;;;;;;;;;;;;;;1;1;1;;;;;;;;;;;;;;;;1;;4;;;;;;;;;;;;;;2;1;2;3;2;4;4;3;4;3;1;1;1;1;1;3;1;1;2;1;1;4;4;3;1;1;1;3;2;2;2;3;3;;1;6;1;;2;3;0;1;;2;2;0,39682019
35294;1;2;3;3;3;;1;4;1;;;;;;;;;;;;;;;;;;;;;;;;;;;;;;;;;1;1;1;2;2;1;1;1;2;1;1;9;1;;;;;;;;;;;;;1;9;10;1;2;3;2;5;2;3;2;2;2;3;2;3;4;1;1;2;3;2;;;2;;;;;;;;;;;;;;;;;;;;;;;;;;;;;;;;;;;;;1;1;1;;;;;;;;;;;;;;;;2;;;;;;;;;;;;;;;;1;2;4;1;4;4;4;4;4;4;4;4;2;2;3;4;1;1;3;2;1;4;9;2;;;1;5;1;3;2;3;1;;1;5;1;;1;1;1;1;;2;4;0,71541643
35296;2;16;1;1;1;1;1;2;4;1;1;1;2;1;2;2;2;2;2;2;2;2;2;2;1;99;;;;;;;;;;;;;;;;;;;;;;;;;8;8;8;;;;;;;;;;;;;;2;4;4;2;3;9;4;2;2;3;4;3;2;3;2;2;4;2;2;3;2;2;;;2;;;;;;;;;;;;;;;;;;;;;;;;;;;;;;;;;;;;;1;1;1;;;;;;;;;;;;;;;;1;;;;;;;;;;;;;;;;3;3;4;4;4;4;4;4;4;4;2;3;3;2;3;4;1;2;3;1;2;4;4;9;2;2;4;3;3;2;1;4;3;;3;3;1;;2;3;0;1;;2;3;1,96357691
35297;2;16;3;2;3;;1;1;1;1;1;1;2;1;2;2;2;2;2;2;2;2;2;2;1;99;;;;;;;;;;;;;;;;;;;;;;;;;2;2;2;;;;;;;;;;;;;;3;0;0;2;4;4;5;5;5;5;5;5;5;5;5;5;5;5;5;5;5;2;;;2;;;;;;;;;;;;;;;;;;;;;;;;;;;;;;;;;;;;;1;1;98;;;;;;;;;;;;;;;;;;;;;;;;;;;;;;;;4;4;9;9;9;9;9;9;9;9;3;4;3;4;4;4;2;2;4;2;2;4;4;4;;;5;4;2;3;2;2;5;;1;3;1;;1;2;0;1;;2;1;2,48550725
35300;1;16;3;2;2;;1;4;1;;;;;;;;;;;;;;;;;;;;;;;;;;;;;;;;;1;2;1;2;2;1;1;1;1;1;1;1;2;1;;3;;;;;;;;1;1;1;5;8;1;2;2;1;3;1;2;1;3;2;3;1;4;3;3;1;2;4;1;2;;1;4;;;;;;;;;;;;;;;;;;;;7;RAPPEL DE VOTER;;;;;;;;;;;;;;;1;1;98;;;;;;;;;;;;;;;;;;;;;;;;;;;;;;;;3;2;4;1;2;4;4;4;4;9;3;4;4;1;3;3;2;1;2;2;1;4;4;9;2;2;5;2;3;3;2;7;7;;2;3;1;;1;2;2;1;;2;6;0,29200417
35302;1;5;3;2;2;;1;4;1;;;;;;;;;;;;;;;;;;;;;;;;;;;;;;;;;1;1;1;1;1;2;1;1;2;9;9;9;1;;;;;;;;;;;;;1;5;7;2;3;2;2;2;2;3;3;2;4;1;2;2;2;2;1;1;3;1;1;;2;;;;;;;;;;;;;;;;;;;;;;;;;;;;;;;;;;;;;2;;2;;3;;5;;;;;;;;;;;;;;;;;;;;;;;;;;;;3;3;2;2;2;4;3;1;4;2;1;2;2;2;1;2;1;1;1;2;1;1;3;2;2;2;2;2;1;3;1;2;1;;1;3;2;;2;1;0;1;;2;2;1,01107609
35307;1;2;3;3;4;;1;4;1;;;;;;;;;;;;;;;;;;;;;;;;;;;;;;;;;1;1;1;1;1;1;1;1;1;1;1;1;2;1;;3;;;;;;;;1;1;1;10;10;1;1;1;1;1;1;1;2;1;2;1;1;1;1;1;1;1;2;1;1;;1;1;;4;;;;;;;;;;;;;;;;;;4;;3;;;;;;;;;;;;;;2;;1;;;;;;;;;;;;;;;;2;;;;;;;;;;;;;;;;1;1;1;3;2;1;1;1;2;2;1;1;1;1;1;1;1;1;1;1;1;1;2;1;;;1;2;1;1;1;3;1;;2;4;1;;1;2;1;1;;2;3;0,3695935
35308;1;11;3;3;2;;1;4;4;;;;;;;;;;;;;;;;;;;;;;;;;;;;;;;;;1;2;1;1;2;1;2;1;2;1;1;1;2;3;;;;;;;;;;1;1;1;8;5;2;2;3;1;1;3;1;2;1;2;3;1;2;2;1;1;1;3;1;2;;2;;;;;;;;;;;;;;;;;;;;;;;;;;;;;;;;;;;;;1;1;1;;;;;;;;;;;;;;;;1;;;;;;;;;;;;;;;;4;2;2;3;9;4;4;4;4;4;3;1;1;3;1;4;1;1;1;1;1;4;4;4;1;1;1;1;2;3;2;5;1;;2;5;1;;1;1;1;1;;2;8;0,07957616
35310;1;16;1;1;2;;1;4;4;;;;;;;;;;;;;;;;;;;;;;;;;;;;;;;;;2;1;1;2;2;1;1;1;2;9;1;1;1;;;;;;;;;;;;;2;4;5;1;2;2;3;2;2;2;2;2;2;2;3;2;2;2;1;2;2;1;1;;2;;;;;;;;;;;;;;;;;;;;;;;;;;;;;;;;;;;;;1;9;98;;;;;;;;;;;;;;;;;;;;;;;;;;;;;;;;2;3;3;4;2;2;4;3;4;4;1;3;2;1;3;2;1;2;1;2;1;3;4;3;2;2;2;3;4;1;2;3;1;;1;1;2;;1;2;3;2;4;2;2;1,67858315
35313;1;1;3;3;1;1;1;4;2;;;;;;;;;;;;;;;;;;;;;;;;;;;;;;;;;1;1;1;2;2;1;1;1;2;2;1;2;2;4;;;;;;;;;;;;1;2;6;1;2;3;2;3;3;4;3;3;2;3;2;4;3;1;1;2;4;1;2;;2;;;;;;;;;;;;;;;;;;;;;;;;;;;;;;;;;;;;;2;;1;;2;;4;;;;;;;;;;;;2;;4;;;;;;;;;;;;;;3;2;3;2;4;4;4;4;3;4;3;1;3;1;2;4;1;1;2;2;1;4;4;4;1;1;1;2;3;3;2;7;3;;1;2;1;;1;1;0;1;;2;1;0,10665981
35314;1;9;3;3;3;;1;4;3;;;;;;;;;;;;;;;;;;;;;;;;;;;;;;;;;1;1;1;2;2;1;1;1;1;9;9;1;2;1;;3;;;;;;;;1;2;1;7;7;2;2;2;2;2;3;2;3;2;4;3;3;2;2;2;1;2;3;1;2;;1;3;;;;;;;;;;;;;;;;;;;;3;;;;;;;;;;;;;;;;1;1;98;;;;;;;;;;;;;;;;;;;;;;;;;;;;;;;;2;2;4;4;4;4;4;4;4;4;2;2;2;2;2;4;1;1;2;1;1;9;4;4;;;3;3;4;3;2;7;1;;2;6;1;;1;2;3;1;;2;5;0,19229379
35315;1;4;3;2;2;;1;4;1;;;;;;;;;;;;;;;;;;;;;;;;;;;;;;;;;1;1;1;2;2;1;1;1;2;1;1;1;1;;;;;;;;;;;;;1;9;10;1;2;2;2;2;3;2;3;2;3;2;2;3;2;3;1;2;3;1;2;;2;;;;;;;;;;;;;;;;;;;;;;;;;;;;;;;;;;;;;2;;98;;;;;;;;;;;;;;;;;;;;;;;;;;;;;;;;3;2;2;4;4;4;4;4;4;4;2;2;2;1;2;4;2;2;2;2;2;3;2;2;1;2;2;4;4;3;2;5;1;;1;2;1;;2;1;0;1;;2;4;0,25982258
35317;1;16;1;1;2;;1;4;1;;;;;;;;;;;;;;;;;;;;;;;;;;;;;;;;;1;2;1;2;2;1;1;2;2;1;2;1;2;1;;3;;;;;;;;1;2;1;6;7;1;2;2;1;1;2;2;2;2;2;2;2;3;2;1;1;1;1;1;2;;2;;;;;;;;;;;;;;;;;;;;;;;;;;;;;;;;;;;;;1;1;1;;;;;;;;;;;;;;;;2;;;;;;;;;;;;;;;;2;3;4;4;4;4;4;4;4;4;4;3;3;4;3;4;2;2;1;1;1;4;4;4;2;2;4;3;4;3;2;7;1;;2;3;1;;1;2;2;3;5;2;4;0,45117819
35322;1;8;3;3;4;;1;4;4;;;;;;;;;;;;;;;;;;;;;;;;;;;;;;;;;1;2;2;2;1;2;1;2;1;1;1;1;1;;;;;;;;;;;;;2;2;2;2;2;1;5;2;2;3;4;2;2;2;2;4;4;3;1;2;4;1;2;;1;3;;4;;;;;;;;;;;;;;;;;;3;;;;;;;;;;;;;;;;1;1;1;;2;;4;;;;;;;;;;;;3;;;;;;;;;;;;;;;;2;3;3;4;4;4;4;4;4;4;1;3;3;2;3;4;2;1;2;1;1;3;4;9;;;1;2;4;3;2;7;1;;2;6;1;;2;1;0;1;;2;5;0,10674001
35325;1;6;1;1;2;;1;4;3;;;;;;;;;;;;;;;;;;;;;;;;;;;;;;;;;1;2;1;2;2;1;2;1;2;1;1;1;1;;;;;;;;;;;;;1;5;5;2;2;2;5;5;5;5;5;5;5;5;5;5;5;5;5;5;5;2;;;2;;;;;;;;;;;;;;;;;;;;;;;;;;;;;;;;;;;;;1;1;98;;;;;;;;;;;;;;;;;;;;;;;;;;;;;;;;3;3;4;4;4;4;4;4;4;4;2;1;2;1;3;9;9;9;9;9;9;9;9;9;2;2;2;3;4;3;2;7;7;;2;5;1;;1;2;1;3;5;2;8;0,45117819
35328;2;15;1;1;2;;1;3;3;1;1;1;1;1;2;1;2;2;2;2;2;2;2;1;2;9;AVOIR PLUS DE JOURS POUR VOTER POUR ANTICIPATION, CONNAÎTRE LES DATES DE VOTE PAR ANTICIPATION PLUS À L'AVANCE, POUVOIR ALLER VOTER PLUS TÔT LE MATIN;11;;;;;;;;;;;;;;;;;;;;;;;1;1;1;;;;;;;;;;;;;;2;1;1;1;4;2;5;3;3;2;4;2;3;3;1;3;2;2;1;1;2;2;;;2;;;;;;;;;;;;;;;;;;;;;;;;;;;;;;;;;;;;;1;1;98;;;;;;;;;;;;;;;;;;;;;;;;;;;;;;;;4;3;4;4;4;4;4;4;4;4;3;3;3;3;3;4;2;2;1;2;2;3;3;3;2;2;2;2;4;2;2;7;1;;2;5;1;;1;2;2;1;;2;7;0,57919556
35330;1;2;3;3;5;;1;4;3;;;;;;;;;;;;;;;;;;;;;;;;;;;;;;;;;1;1;1;2;1;1;1;1;2;1;1;1;2;1;;;;;;;;;;;;1;7;10;2;2;2;1;1;3;2;1;3;4;2;3;3;1;3;1;1;1;9;;;1;4;;;;;;;;;;;;;;;;;;;;3;;;;;;;;;;;;;;;;1;1;1;;;;;;;;;;;;;;;;2;;;;;;;;;;;;;;;;3;2;3;4;4;4;4;4;9;4;1;3;3;2;2;4;1;1;2;2;1;4;4;4;;;4;2;3;3;2;5;6;;2;6;1;;1;2;0;1;;2;2;0,15537187
35331;1;1;3;3;6;;1;4;1;;;;;;;;;;;;;;;;;;;;;;;;;;;;;;;;;1;2;1;1;2;1;1;1;2;1;1;1;2;1;;;;;;;;;;;;1;8;9;1;2;2;2;2;3;2;3;2;2;3;3;3;2;2;2;2;3;1;2;;2;;;;;;;;;;;;;;;;;;;;;;;;;;;;;;;;;;;;;1;1;98;;;;;;;;;;;;;;;;;;;;;;;;;;;;;;;;2;2;3;2;2;4;4;4;4;4;2;3;3;2;2;3;2;2;2;2;2;2;2;2;;;4;4;4;3;1;7;6;;2;6;1;;1;2;0;1;;2;4;0,21145961
35332;1;8;3;3;4;;1;4;3;;;;;;;;;;;;;;;;;;;;;;;;;;;;;;;;;1;1;2;1;1;1;1;1;1;1;1;1;1;;;;;;;;;;;;;1;9;9;2;2;2;2;2;2;2;2;2;2;2;2;2;2;2;2;2;2;2;;;2;;;;;;;;;;;;;;;;;;;;;;;;;;;;;;;;;;;;;1;2;98;;;;;;;;;;;;;;;;;;;;;;;;;;;;;;;;3;3;4;4;4;4;4;4;4;4;2;4;4;4;2;4;2;4;3;4;2;4;4;4;;;2;2;2;2;2;3;1;;2;5;1;;3;1;0;1;;2;3;0,39711922
35333;1;8;3;3;3;;1;4;1;;;;;;;;;;;;;;;;;;;;;;;;;;;;;;;;;1;1;1;1;2;1;1;1;1;1;1;1;1;;;;;;;;;;;;;2;7;7;1;3;2;2;2;2;2;2;2;2;3;2;3;3;2;1;1;5;1;2;;1;2;;3;;4;;5;;6;;8;;;;;;;;;;4;;3;;;;;;;;;;;;;;2;;1;;2;;3;;5;;;;;;;;;;1;;;;;;;;;;;;;;;;3;2;3;2;4;4;4;2;2;4;1;1;3;1;2;3;1;1;2;2;1;9;3;9;;;2;3;5;3;2;6;1;;9;6;1;;2;1;0;1;;2;4;0,17110108
35334;1;17;3;2;2;;1;4;4;;;;;;;;;;;;;;;;;;;;;;;;;;;;;;;;;1;1;1;2;2;1;1;1;2;1;1;2;1;;;;;;;;;;;;;2;2;6;1;3;3;2;2;3;2;3;2;2;3;2;2;2;2;1;1;3;1;2;;9;;;;;;;;;;;;;;;;;;;;;;;;;;;;;;;;;;;;;1;2;1;;2;;;;;;;;;;;;;;1;;;;;;;;;;;;;;;;2;3;3;4;4;4;4;4;4;4;3;3;2;1;1;4;1;1;1;1;1;4;4;2;2;2;1;4;4;1;2;3;1;;1;3;1;;1;2;0;1;;2;2;1,08638453
35335;1;2;3;3;5;;1;4;4;;;;;;;;;;;;;;;;;;;;;;;;;;;;;;;;;1;1;2;1;2;1;2;2;2;1;1;1;2;1;;;;;;;;;;;;1;8;8;1;1;2;1;3;3;1;4;2;3;2;2;2;1;1;1;1;4;2;;;2;;;;;;;;;;;;;;;;;;;;;;;;;;;;;;;;;;;;;2;;98;;;;;;;;;;;;;;;;;;;;;;;;;;;;;;;;2;1;2;2;4;4;4;4;4;4;1;1;3;4;2;4;1;1;1;1;1;4;4;4;;;1;4;3;3;2;7;6;;2;6;1;;1;2;0;1;;2;4;0,17461693
35336;1;8;3;3;6;;1;4;2;;;;;;;;;;;;;;;;;;;;;;;;;;;;;;;;;1;1;1;1;2;1;2;2;2;1;1;1;2;1;;;;;;;;;;;;1;8;9;1;1;2;1;2;2;2;3;2;3;2;2;4;2;2;1;1;2;1;2;;1;2;;3;;6;;;;;;;;;;;;;;;;4;;3;;;;;;;;;;;;;;1;1;98;;;;;;;;;;;;;;;;;;;;;;;;;;;;;;;;2;2;3;2;4;4;2;4;3;4;1;1;3;4;2;3;1;1;1;2;1;2;2;2;;;4;3;3;3;1;7;6;;2;5;1;;1;2;0;1;;2;7;0,21145961
35337;2;7;3;2;2;;1;3;2;2;2;2;2;2;2;1;2;2;2;2;1;2;2;2;2;14;LE CHANGEMENT;;;;;;;;;;;;;;;;;;;;;;;;1;1;1;;;;;;;;;;;;;;1;10;10;1;1;1;2;1;2;2;2;1;1;2;1;1;1;1;2;1;2;1;;1;1;3;;;;;;;;;;;;;;;;;;;;5;;;;;;;;;;;;;;;;1;1;1;;;;;;;;;;;;;;;;2;;;;;;;;;;;;;;;;1;1;3;3;2;2;2;3;3;4;2;2;2;1;1;2;2;3;3;1;2;3;2;2;1;2;1;2;1;1;1;5;1;;2;4;1;;1;2;3;1;;2;6;0,81749469
35338;1;6;1;1;2;;1;4;1;;;;;;;;;;;;;;;;;;;;;;;;;;;;;;;;;1;2;2;1;1;1;1;1;2;1;1;1;2;2;;;;;;;;;;;;1;5;5;1;2;2;3;2;2;2;2;3;1;1;1;1;1;1;2;2;1;2;;;1;3;;4;;5;;;;;;;;;;;;;;;;3;;4;;;;;;;;;;;;;;1;1;1;;2;;;;;;;;;;;;;;1;;;;;;;;;;;;;;;;3;3;2;1;2;1;1;3;2;3;2;1;1;2;3;1;1;2;1;1;1;2;1;1;1;2;2;2;3;1;2;8;3;;1;5;2;;1;2;0;1;;2;4;0,45117819
35339;2;6;1;1;3;;1;2;3;2;2;1;2;1;2;2;1;1;2;2;2;2;2;2;2;99;;;;;;;;;;;;;;;;;;;;;;;;;2;2;2;;;;;;;;;;;;;;3;4;4;2;4;4;3;3;1;3;2;2;1;3;1;2;3;1;3;3;4;2;;;2;;;;;;;;;;;;;;;;;;;;;;;;;;;;;;;;;;;;;2;;98;;;;;;;;;;;;;;;;;;;;;;;;;;;;;;;;4;3;4;4;4;4;4;4;4;4;3;4;3;2;1;4;2;2;1;3;1;4;4;9;;;1;5;3;3;2;5;1;;1;3;2;;2;1;0;1;;2;3;0,87628502
35340;1;16;3;2;2;;1;4;4;;;;;;;;;;;;;;;;;;;;;;;;;;;;;;;;;1;1;2;2;2;1;1;1;2;1;1;1;2;1;;;;;;;;;;;;1;5;3;2;3;3;2;2;2;4;3;2;2;3;2;3;2;2;1;2;4;2;;;1;3;;4;;;;;;;;;;;;;;;;;;4;;;;;;;;;;;;;;;;1;1;98;;;;;;;;;;;;;;;;;;;;;;;;;;;;;;;;3;3;4;2;4;4;4;4;4;4;2;4;3;4;2;4;2;2;2;3;2;4;2;4;1;2;2;3;4;3;2;5;1;;2;3;1;;1;2;1;1;;2;4;0,25982258
35341;1;8;3;3;5;;1;4;1;;;;;;;;;;;;;;;;;;;;;;;;;;;;;;;;;1;1;2;2;2;1;1;1;2;1;1;1;2;1;;;;;;;;;;;;1;7;7;1;2;2;2;2;2;2;2;2;1;2;1;2;2;1;1;1;2;2;;;2;;;;;;;;;;;;;;;;;;;;;;;;;;;;;;;;;;;;;1;1;98;;;;;;;;;;;;;;;;;;;;;;;;;;;;;;;;2;2;3;4;4;4;4;4;4;4;1;3;4;4;4;9;2;9;1;2;1;3;4;2;;;4;2;4;1;2;3;6;;2;6;2;;1;1;0;2;5;2;99;0,64965117
35345;1;6;1;1;2;;1;4;4;;;;;;;;;;;;;;;;;;;;;;;;;;;;;;;;;1;1;1;1;1;1;1;1;1;1;1;1;2;1;;;;;;;;;;;;1;10;10;1;1;1;1;1;1;1;1;1;1;1;1;1;1;1;1;1;1;1;1;;1;1;;;;;;;;;;;;;;;;;;;;2;;;;;;;;;;;;;;;;1;1;1;;;;;;;;;;;;;;;;2;;;;;;;;;;;;;;;;1;1;1;1;1;1;1;1;1;1;1;1;1;1;1;1;1;1;1;1;1;1;1;1;1;1;1;1;1;1;1;9;1;;2;1;2;;1;4;2;1;;2;8;0,41990462
35347;1;8;3;3;3;;1;4;2;;;;;;;;;;;;;;;;;;;;;;;;;;;;;;;;;1;1;2;1;2;1;1;1;2;9;1;1;1;;;;;;;;;;;;;1;8;8;1;2;2;2;2;2;2;3;2;2;3;2;3;3;2;1;2;2;2;;;1;3;;;;;;;;;;;;;;;;;;;;3;;;;;;;;;;;;;;;;1;1;98;;;;;;;;;;;;;;;;;;;;;;;;;;;;;;;;4;2;4;1;4;4;4;4;4;4;1;2;2;2;2;4;1;1;2;2;1;4;9;4;;;5;3;3;3;1;3;1;;2;6;1;;1;2;3;1;;2;5;0,66582835
35348;2;15;1;2;3;;1;2;4;1;2;2;2;2;2;1;2;2;2;2;2;2;1;2;1;6;NE PAS ÊTRE OBLIGÉS DE ME DÉPLACER ET ATTENDRE LONGTEMPS DEBOUT.;13;;;;;;;;;;;;;;;;;;;;;;;2;2;2;;;;;;;;;;;;;;2;3;3;9;3;3;2;3;2;3;2;2;2;2;2;1;3;1;2;1;4;2;;;1;3;;;;;;;;;;;;;;;;;;;;99;JE NE SAIS PAS, ILS N'ONT PAS LAISSEZ DE MESSAGE.;;;;;;;;;;;;;;;2;;98;;;;;;;;;;;;;;;;;;;;;;;;;;;;;;;;3;3;4;4;4;4;4;4;4;4;3;3;3;3;4;4;2;1;1;2;2;4;4;4;;;4;2;4;3;2;4;4;;1;4;1;;1;2;1;1;;2;98;0,59443939
35349;1;17;3;2;1;1;1;4;1;;;;;;;;;;;;;;;;;;;;;;;;;;;;;;;;;1;1;1;2;2;1;1;1;1;8;8;1;2;2;;;;;;;;;;;;1;9;10;1;2;3;1;2;2;3;2;2;3;3;1;4;1;2;2;1;5;1;2;;2;;;;;;;;;;;;;;;;;;;;;;;;;;;;;;;;;;;;;1;1;1;;2;;3;;4;;;;;;;;;;1;;;;;;;;;;;;;;;;2;3;4;3;3;4;4;4;4;4;2;4;3;2;1;4;2;1;1;1;2;4;3;4;1;1;1;1;3;2;2;5;3;;1;4;1;;2;4;0;1;;2;99;0,30987042
35368;1;1;3;3;2;;1;4;1;;;;;;;;;;;;;;;;;;;;;;;;;;;;;;;;;1;1;2;2;2;1;1;2;2;1;1;1;1;;;;;;;;;;;;;1;5;5;2;3;2;2;2;4;3;3;2;3;2;3;3;3;3;1;1;5;2;;;2;;;;;;;;;;;;;;;;;;;;;;;;;;;;;;;;;;;;;1;2;98;;;;;;;;;;;;;;;;;;;;;;;;;;;;;;;;3;2;4;1;4;4;4;4;1;4;2;2;2;4;3;4;1;1;2;1;2;3;4;4;2;2;2;3;3;3;2;8;1;;2;5;1;;1;2;1;1;;2;4;0,08943269
35385;2;11;3;3;6;;1;3;2;2;1;2;2;2;2;2;2;2;2;1;2;2;2;2;2;5;SI J AVAIS éTé CHEZ NOUS J AURAIS éTé VOTé;;;;;;;;;;;;;;;;;;;;;;;;1;1;1;;;;;;;;;;;;;;1;5;5;1;3;2;2;1;2;1;2;2;3;2;2;2;2;3;1;5;2;2;;;2;;;;;;;;;;;;;;;;;;;;;;;;;;;;;;;;;;;;;2;;98;;;;;;;;;;;;;;;;;;;;;;;;;;;;;;;;1;3;4;4;4;4;4;4;4;4;2;4;4;4;3;4;1;1;1;2;2;4;2;4;;;2;2;2;3;2;2;6;;1;5;1;;3;1;0;1;;2;1;0,28607252
35391;1;8;3;3;6;;1;4;1;;;;;;;;;;;;;;;;;;;;;;;;;;;;;;;;;1;1;1;1;2;1;1;1;1;1;1;1;2;1;;;;;;;;;;;;1;10;10;9;1;2;2;3;2;2;2;3;5;5;2;4;2;1;1;2;1;2;;;1;3;;;;;;;;;;;;;;;;;;;;3;;;;;;;;;;;;;;;;1;1;99;;;;;;;;;;;;;;;;;;;;;;;;;;;;;;;;1;2;2;1;4;4;4;4;4;4;1;1;1;2;1;3;1;1;4;2;2;1;2;1;;;4;4;4;3;2;7;6;;2;6;1;;1;2;0;1;;2;5;0,22720873
35400;1;9;3;3;6;;1;4;1;;;;;;;;;;;;;;;;;;;;;;;;;;;;;;;;;1;1;1;1;2;1;1;1;1;1;1;2;2;1;;;;;;;;;;;;1;10;10;1;2;2;1;1;1;1;3;1;2;2;1;2;2;1;1;1;4;1;2;;1;4;;;;;;;;;;;;;;;;;;;;7;INCITER A ALLER VOTER;;;;;;;;;;;;;;;1;1;98;;;;;;;;;;;;;;;;;;;;;;;;;;;;;;;;1;1;4;1;4;4;4;4;4;4;1;1;1;4;3;4;1;1;3;1;1;1;1;4;;;4;3;4;3;2;3;6;;2;6;1;;1;2;0;1;;2;3;0,84531575
35406;2;2;3;3;6;;1;1;3;2;2;2;2;2;2;2;2;2;2;2;2;2;2;2;2;99;;;;;;;;;;;;;;;;;;;;;;;;;2;2;2;;;;;;;;;;;;;;3;0;0;2;2;3;3;3;3;3;3;3;3;3;3;3;3;3;3;3;3;1;;2;2;;;;;;;;;;;;;;;;;;;;;;;;;;;;;;;;;;;;;2;;98;;;;;;;;;;;;;;;;;;;;;;;;;;;;;;;;4;2;3;3;3;3;3;3;3;3;1;4;4;4;4;4;2;4;4;4;4;4;3;2;;;4;4;4;3;2;8;99;;1;6;1;;2;1;0;1;;2;99;0,07689238
35413;1;1;3;3;4;;1;4;3;;;;;;;;;;;;;;;;;;;;;;;;;;;;;;;;;1;1;1;2;2;1;1;1;1;1;1;1;1;;;;;;;;;;;;;1;7;8;2;2;2;2;1;2;2;3;2;3;2;2;3;2;2;1;1;4;1;2;;2;;;;;;;;;;;;;;;;;;;;;;;;;;;;;;;;;;;;;1;1;98;;;;;;;;;;;;;;;;;;;;;;;;;;;;;;;;1;1;2;1;4;3;4;4;4;4;1;1;1;4;1;4;1;1;1;1;1;4;4;4;;;3;1;3;3;2;7;1;;2;5;1;;1;2;1;1;;2;6;0,10674001
35424;1;8;3;3;4;;1;4;1;;;;;;;;;;;;;;;;;;;;;;;;;;;;;;;;;1;1;2;2;2;1;1;1;2;1;1;2;1;;;;;;;;;;;;;2;7;8;2;2;2;2;3;2;3;2;2;3;3;2;2;2;1;2;1;3;2;;;1;4;;;;;;;;;;;;;;;;;;;;8;CETAIT COMME UNE MACHINE POUR MINDIQUER DE VOTER POUR EUX;;;;;;;;;;;;;;;1;1;1;;;;;;;;;;;;;;;;2;;;;;;;;;;;;;;;;2;2;4;4;2;4;4;4;4;4;1;2;3;3;3;4;1;1;1;1;1;4;9;4;;;4;4;4;3;2;4;1;;2;5;1;;1;2;2;1;;2;7;0,09497616
35425;1;2;3;3;2;;1;4;1;;;;;;;;;;;;;;;;;;;;;;;;;;;;;;;;;1;1;2;2;2;1;2;1;1;1;1;1;2;1;;;;;;;;;;;;1;8;6;2;2;3;3;2;5;3;4;3;2;3;2;2;4;5;1;2;4;1;2;;1;4;;;;;;;;;;;;;;;;;;;;2;;3;;;;;;;;;;;;;;1;1;98;;;;;;;;;;;;;;;;;;;;;;;;;;;;;;;;2;2;4;1;4;4;4;4;4;4;3;2;2;3;2;3;2;1;2;1;2;2;2;3;2;2;1;3;2;3;1;8;1;;2;5;1;;1;2;3;1;;2;6;0,08323339
35427;1;2;3;3;6;;1;4;3;;;;;;;;;;;;;;;;;;;;;;;;;;;;;;;;;1;2;1;2;1;2;1;1;1;9;1;1;1;;;;;;;;;;;;;1;8;8;2;2;1;1;1;1;5;1;1;4;1;1;2;1;1;1;5;1;1;2;;1;3;;;;;;;;;;;;;;;;;;;;9;SAVOIR SI JAVAIS ETE VOTER;;;;;;;;;;;;;;;2;;98;;;;;;;;;;;;;;;;;;;;;;;;;;;;;;;;1;3;3;4;4;4;4;4;4;4;2;3;3;3;2;4;1;1;9;1;1;9;3;4;;;1;1;3;3;2;2;6;;2;6;1;;3;1;0;1;;2;2;0,84531575
35456;1;2;3;3;6;;1;4;1;;;;;;;;;;;;;;;;;;;;;;;;;;;;;;;;;1;2;1;2;2;2;2;2;2;1;1;1;1;;;;;;;;;;;;;1;5;5;1;1;4;2;4;1;2;3;1;1;2;3;2;2;1;1;1;1;1;2;;2;;;;;;;;;;;;;;;;;;;;;;;;;;;;;;;;;;;;;2;;1;;;;;;;;;;;;;;;;4;;;;;;;;;;;;;;;;1;3;1;2;1;4;1;2;4;4;1;1;3;4;1;4;1;1;1;1;2;3;4;2;;;3;4;4;3;1;8;6;;2;6;1;;2;1;0;1;;2;2;0,21145961
35457;1;9;3;3;4;;1;4;1;;;;;;;;;;;;;;;;;;;;;;;;;;;;;;;;;1;1;1;2;2;1;1;1;1;1;1;1;2;1;;;;;;;;;;;;1;8;8;1;1;1;1;2;3;1;2;2;4;2;3;4;2;3;1;1;4;1;2;;2;;;;;;;;;;;;;;;;;;;;;;;;;;;;;;;;;;;;;1;1;1;;2;;;;;;;;;;;;;;2;;;;;;;;;;;;;;;;2;2;3;1;1;4;4;3;3;2;1;1;3;1;1;9;1;1;2;1;2;3;3;2;;;4;4;4;3;1;4;1;;2;6;1;;1;2;0;1;;2;5;0,08839304
35468;2;7;3;2;2;;1;1;1;1;1;2;2;2;2;2;2;2;2;2;2;2;2;2;2;97;DONNER MON VOTE PLUS INFORMER;;;;;;;;;;;;;;;;;;;;;;;;2;9;2;;;;;;;;;;;;;;5;0;0;2;3;4;5;5;5;4;3;3;5;5;5;4;5;5;4;5;3;2;;;2;;;;;;;;;;;;;;;;;;;;;;;;;;;;;;;;;;;;;1;1;1;;2;;3;;5;;;;;;;;;;1;;;;;;;;;;;;;;;;4;3;4;4;4;4;4;4;4;4;4;4;4;4;4;4;2;9;4;9;2;4;4;9;2;2;3;4;3;3;1;3;1;;2;4;1;;2;4;0;1;;2;4;3,41816521
35476;1;2;3;3;5;;1;4;1;;;;;;;;;;;;;;;;;;;;;;;;;;;;;;;;;1;1;2;1;2;1;1;1;1;1;1;1;2;1;;;;;;;;;;;;1;5;5;2;1;1;2;2;2;3;2;3;1;2;1;3;2;3;1;1;2;2;;;1;3;;4;;;;;;;;;;;;;;;;;;3;;;;;;;;;;;;;;;;1;1;98;;;;;;;;;;;;;;;;;;;;;;;;;;;;;;;;3;2;3;4;4;4;4;4;4;4;1;1;4;4;1;3;1;1;1;1;1;3;4;3;;;1;4;4;3;1;3;1;;2;6;1;;3;1;0;1;;2;3;0,60462022
35480;2;8;3;3;5;;1;2;4;2;2;2;2;1;2;2;2;2;2;1;2;2;2;2;2;99;;;;;;;;;;;;;;;;;;;;;;;;;1;2;2;;;;;;;;;;;;;;2;5;5;1;2;2;2;2;3;3;2;2;2;2;2;3;2;2;1;2;3;2;;;1;3;;6;;;;;;;;;;;;;;;;;;4;;3;;;;;;;;;;;;;;1;1;1;;;;;;;;;;;;;;;;2;;3;;;;;;;;;;;;;;2;2;3;2;4;4;4;9;4;4;2;3;3;4;2;4;1;1;1;1;1;4;4;1;;;1;3;4;3;2;7;8;;2;6;1;;1;2;0;1;;2;7;0,07179871
35497;1;10;3;3;2;;1;4;3;;;;;;;;;;;;;;;;;;;;;;;;;;;;;;;;;1;2;1;1;1;1;1;1;1;1;1;1;1;;;;;;;;;;;;;1;5;5;1;2;3;2;2;2;2;3;2;2;2;2;2;2;1;1;1;4;2;;;2;;;;;;;;;;;;;;;;;;;;;;;;;;;;;;;;;;;;;1;1;1;;2;;3;;4;;5;;;;;;;;1;;2;;4;;;;;;;;;;;;3;2;4;1;4;4;4;4;4;4;2;3;3;3;2;4;1;1;1;1;1;9;4;4;2;2;2;3;4;3;2;5;1;;2;5;1;;1;2;3;1;;2;99;0,07957616
35517;1;2;3;3;6;;1;4;1;;;;;;;;;;;;;;;;;;;;;;;;;;;;;;;;;1;1;1;2;2;1;2;1;1;1;1;1;1;;;;;;;;;;;;;1;8;8;1;2;2;2;2;3;2;2;3;3;1;2;4;3;2;2;1;4;1;2;;1;3;;4;;;;;;;;;;;;;;;;;;4;;3;;;;;;;;;;;;;;1;1;98;;;;;;;;;;;;;;;;;;;;;;;;;;;;;;;;2;2;4;2;4;4;4;4;4;4;2;2;2;2;2;3;2;2;2;2;2;2;3;2;;;3;3;3;3;1;3;1;;2;6;1;;1;1;0;1;;2;8;0,78672314
35522;1;2;3;3;5;;1;4;3;;;;;;;;;;;;;;;;;;;;;;;;;;;;;;;;;1;1;2;1;1;1;1;1;1;1;1;1;2;1;;;;;;;;;;;;1;8;8;1;2;2;1;1;2;1;2;1;2;1;2;2;1;1;1;1;1;1;2;;2;;;;;;;;;;;;;;;;;;;;;;;;;;;;;;;;;;;;;2;;98;;;;;;;;;;;;;;;;;;;;;;;;;;;;;;;;2;2;4;4;4;4;4;4;4;4;1;2;4;4;3;4;2;1;1;1;1;4;4;3;;;1;4;4;3;1;2;1;;2;6;1;;1;2;1;1;;2;2;0,60462022
35540;1;9;3;3;3;;1;4;1;;;;;;;;;;;;;;;;;;;;;;;;;;;;;;;;;1;1;1;1;2;1;1;1;2;1;1;1;1;;;;;;;;;;;;;1;8;10;1;2;2;2;1;4;2;4;2;3;2;2;3;2;1;1;1;3;2;;;1;6;;4;;3;;2;;;;;;;;;;;;;;3;;;;;;;;;;;;;;;;1;2;98;;;;;;;;;;;;;;;;;;;;;;;;;;;;;;;;2;2;3;2;4;4;4;4;4;4;2;3;3;2;4;3;2;1;2;1;1;3;2;3;;;4;1;1;3;2;5;1;;2;5;1;;3;2;2;1;;2;2;0,17110108
35542;2;2;3;3;3;;1;1;1;2;2;2;2;1;2;2;2;2;2;2;2;2;2;2;2;97;AVEZ DES DIFICULTé A SUIVRE LA POLITIQUE;;;;;;;;;;;;;;;;;;;;;;;;1;1;2;;;;;;;;;;;;;;2;7;5;2;2;3;3;3;2;2;2;2;3;3;2;2;3;2;3;3;3;2;;;1;1;;2;;3;;4;;7;;;;;;;;;;;;3;;5;;4;;;;;;;;;;;;1;2;1;;2;;5;;;;;;;;;;;;3;;;;;;;;;;;;;;;;2;2;4;4;4;4;4;4;4;4;1;3;3;3;1;4;3;4;3;3;3;2;3;3;;;1;3;3;3;2;5;1;;3;2;1;;2;1;1;1;;2;3;0,10781265
35564;2;9;3;3;6;;1;3;9;1;1;1;2;1;2;2;2;2;2;1;2;2;2;2;2;10;ENJEUX SOCIALES;;;;;;;;;;;;;;;;;;;;;;;;1;1;2;;;;;;;;;;;;;;2;6;7;2;2;2;2;2;3;1;3;2;2;2;2;2;2;1;2;2;3;1;;2;2;;;;;;;;;;;;;;;;;;;;;;;;;;;;;;;;;;;;;1;1;98;;;;;;;;;;;;;;;;;;;;;;;;;;;;;;;;4;2;4;4;4;4;4;4;4;4;1;3;4;4;4;4;1;1;1;1;1;4;4;4;;;2;2;3;2;1;1;6;;2;6;1;;1;2;0;1;;2;3;0,70114714
35624;1;11;3;3;5;;1;4;1;;;;;;;;;;;;;;;;;;;;;;;;;;;;;;;;;1;1;1;2;1;1;1;1;1;1;1;1;2;1;;;;;;;;;;;;1;5;5;2;2;3;1;1;4;2;2;2;3;2;2;3;2;2;1;1;1;2;;;2;;;;;;;;;;;;;;;;;;;;;;;;;;;;;;;;;;;;;1;1;98;;;;;;;;;;;;;;;;;;;;;;;;;;;;;;;;3;3;4;4;4;4;4;4;4;4;2;2;4;4;2;4;1;1;1;1;1;2;3;1;;;1;1;4;3;1;3;1;;2;6;1;;1;2;0;1;;2;3;0,60462022
35628;1;9;3;3;6;;1;4;1;;;;;;;;;;;;;;;;;;;;;;;;;;;;;;;;;1;1;2;2;2;1;1;1;2;1;1;1;2;1;;;;;;;;;;;;1;7;8;1;2;2;2;2;2;5;4;2;2;4;2;2;1;2;1;1;4;1;2;;1;3;;;;;;;;;;;;;;;;;;;;3;;2;;4;;;;;;;;;;;;1;1;98;NON;;;;;;;;;;;;;;;;;;;;;;;;;;;;;;;1;2;2;1;4;4;4;4;4;4;1;1;2;2;4;4;1;1;1;1;1;4;4;4;;;4;4;2;3;2;4;6;;2;6;1;;1;4;0;1;;2;99;0,2021677
35646;1;2;3;3;3;;1;4;1;;;;;;;;;;;;;;;;;;;;;;;;;;;;;;;;;1;1;2;2;2;1;1;1;2;1;1;1;2;1;MARI;;;;;;;;;;;1;0;0;2;3;2;2;2;3;2;3;2;2;3;2;2;3;3;1;1;3;2;;;2;;;;;;;;;;;;;;;;;;;;;;;;;;;;;;;;;;;;;1;1;98;;;;;;;;;;;;;;;;;;;;;;;;;;;;;;;;4;2;3;4;3;4;4;4;4;4;3;3;4;4;2;4;1;1;1;1;1;3;4;4;;;4;1;4;3;2;8;1;;2;4;1;;1;2;3;1;;2;8;0,19229379
35647;1;8;3;3;5;;1;4;1;;;;;;;;;;;;;;;;;;;;;;;;;;;;;;;;;1;1;1;1;2;1;2;1;2;1;1;1;2;1;;;;;;;;;;;;1;5;5;2;3;2;2;2;2;2;2;2;2;2;2;3;2;1;1;1;3;1;2;;1;2;;;;;;;;;;;;;;;;;;;;4;;;;;;;;;;;;;;;;1;9;98;;;;;;;;;;;;;;;;;;;;;;;;;;;;;;;;2;3;4;4;4;4;4;4;4;4;1;4;4;4;4;4;1;1;1;1;1;4;4;2;;;2;4;4;3;1;4;6;;2;6;1;;1;3;0;1;;2;3;0,14460243
35661;1;2;3;3;3;;1;4;1;;;;;;;;;;;;;;;;;;;;;;;;;;;;;;;;;1;1;1;1;1;1;1;1;2;1;1;1;2;1;;;;;;;;;;;;1;7;7;2;2;2;1;2;4;1;1;4;2;2;2;3;2;3;1;1;1;2;;;2;;;;;;;;;;;;;;;;;;;;;;;;;;;;;;;;;;;;;1;1;1;;2;;3;;5;;;;;;;;;;2;;;;;;;;;;;;;;;;2;2;4;1;1;4;4;4;4;4;1;3;4;4;1;4;1;4;4;1;1;4;4;4;;;1;4;1;3;2;3;1;;2;6;1;;1;2;1;1;;2;5;0,71541643
35664;1;1;3;3;5;;1;4;1;;;;;;;;;;;;;;;;;;;;;;;;;;;;;;;;;1;1;1;1;2;1;1;1;2;1;1;1;2;1;;;;;;;;;;;;1;9;10;1;1;3;3;1;3;3;3;2;2;3;3;3;3;2;1;1;1;1;2;;1;4;;11;EN PERSONNE;;;;;;;;;;;;;;;;;3;;2;;;;;;;;;;;;;;1;1;98;;;;;;;;;;;;;;;;;;;;;;;;;;;;;;;;1;1;2;1;4;4;1;2;1;1;1;1;1;2;1;4;1;1;1;1;1;1;2;3;;;1;3;2;3;1;7;1;;2;6;1;;1;2;0;1;;2;5;0,16251326
35688;1;2;3;3;2;;1;4;3;;;;;;;;;;;;;;;;;;;;;;;;;;;;;;;;;1;1;1;1;2;1;1;1;2;1;1;1;1;;;;;;;;;;;;;1;9;10;1;2;3;2;2;2;3;2;3;3;2;1;3;2;1;1;1;2;1;2;;1;2;;4;;;;;;;;;;;;;;;;;;3;;4;;;;;;;;;;;;;;1;1;98;;;;;;;;;;;;;;;;;;;;;;;;;;;;;;;;2;2;4;1;2;4;4;4;4;4;2;3;3;2;2;4;1;1;1;1;1;4;4;4;2;2;1;4;4;3;2;4;7;;2;3;1;;1;2;2;1;;2;5;0,07957616
35719;1;8;3;3;6;;1;4;1;;;;;;;;;;;;;;;;;;;;;;;;;;;;;;;;;1;2;1;1;1;1;1;1;1;1;1;2;1;;;;;;;;;;;;;1;10;10;1;1;2;2;1;5;1;4;4;1;2;1;4;1;1;1;1;1;2;;;1;1;;3;;4;;;;;;;;;;;;;;;;5;;;;;;;;;;;;;;;;2;;98;;;;;;;;;;;;;;;;;;;;;;;;;;;;;;;;1;1;4;2;4;4;4;4;4;4;1;1;2;4;4;4;4;1;2;1;1;1;4;1;;;1;1;4;3;1;4;6;;1;6;1;;2;2;0;1;;2;4;0,18815424
35739;1;1;3;3;5;;1;4;1;;;;;;;;;;;;;;;;;;;;;;;;;;;;;;;;;1;1;1;1;2;1;1;1;2;1;1;1;1;;;;;;;;;;;;;1;9;5;2;2;2;2;2;2;3;2;2;2;2;2;3;2;2;2;2;2;1;1;;1;4;;;;;;;;;;;;;;;;;;;;3;;4;;;;;;;;;;;;;;2;;98;;;;;;;;;;;;;;;;;;;;;;;;;;;;;;;;1;1;2;1;2;2;4;4;4;3;2;2;2;2;2;4;1;2;2;1;1;2;3;2;;;1;3;1;3;1;7;6;;2;6;1;;1;2;0;1;;2;3;0,16251326
35758;1;9;3;3;3;;1;4;1;;;;;;;;;;;;;;;;;;;;;;;;;;;;;;;;;1;2;2;2;2;1;1;2;2;1;1;1;1;;;;;;;;;;;;;1;7;8;1;3;3;2;2;3;2;4;3;3;3;2;3;2;2;1;3;3;2;;;1;3;;;;;;;;;;;;;;;;;;;;7;SI JE VAIS ALLER VOTER;3;;;;;;;;;;;;;;1;1;1;;3;;;;;;;;;;;;;;1;;;;;;;;;;;;;;;;2;1;3;4;4;4;4;4;4;4;2;2;3;4;1;4;1;1;1;1;1;4;2;1;;;1;3;4;3;1;7;1;;2;6;1;;1;2;2;1;;2;7;0,17896475
35770;1;1;3;3;3;;1;4;1;;;;;;;;;;;;;;;;;;;;;;;;;;;;;;;;;1;1;2;2;2;1;2;1;2;1;1;1;1;;;;;;;;;;;;;1;6;6;1;1;2;3;2;2;2;4;3;3;2;3;3;1;2;1;1;3;1;2;;1;3;;4;;;;;;;;;;;;;;;;;;3;;;;;;;;;;;;;;;;2;;98;;;;;;;;;;;;;;;;;;;;;;;;;;;;;;;;1;1;2;1;1;4;1;4;1;4;4;1;4;1;4;4;1;1;1;1;1;4;1;4;;;4;1;4;3;1;9;1;;2;6;1;;2;1;1;1;;2;99;0,17896475
35775;1;2;3;3;6;;1;4;1;;;;;;;;;;;;;;;;;;;;;;;;;;;;;;;;;1;1;1;1;2;1;1;1;2;1;1;2;2;1;;;;;;;;;;;;1;7;8;1;2;1;3;1;2;2;2;2;3;2;2;2;1;1;1;1;3;1;2;;1;3;;4;;;;;;;;;;;;;;;;;;3;;;;;;;;;;;;;;;;1;1;1;;;;;;;;;;;;;;;;2;;;;;;;;;;;;;;;;2;2;4;2;4;4;4;4;4;4;1;1;1;2;1;4;2;1;2;1;1;4;4;3;;;2;4;3;3;2;5;6;;2;5;1;;1;2;0;1;;2;3;0,2021677
35887;1;8;3;3;2;;1;4;3;;;;;;;;;;;;;;;;;;;;;;;;;;;;;;;;;2;1;2;1;2;1;2;1;1;1;1;1;1;;;;;;;;;;;;;1;5;5;2;3;1;2;2;1;2;3;1;2;2;2;3;2;1;1;1;1;2;;;9;;;;;;;;;;;;;;;;;;;;;;;;;;;;;;;;;;;;;1;2;98;;;;;;;;;;;;;;;;;;;;;;;;;;;;;;;;1;3;4;1;4;4;4;4;4;4;3;4;3;2;1;4;1;1;1;1;2;4;4;4;2;2;2;4;4;3;1;3;1;;2;5;1;;1;2;3;1;;2;4;0,30966517
35890;2;2;3;3;5;;1;1;1;2;2;1;2;1;2;2;2;2;2;2;2;2;2;2;2;16;AUCUN CONFIANCE DANS LA POLITIQUE;;;;;;;;;;;;;;;;;;;;;;;;2;2;2;;;;;;;;;;;;;;4;0;0;2;4;2;2;1;2;2;1;4;2;3;2;4;4;1;4;2;4;1;;2;1;4;;;;;;;;;;;;;;;;;;;;99;;;;;;;;;;;;;;;;1;1;1;;;;;;;;;;;;;;;;3;;;;;;;;;;;;;;;;4;4;4;4;4;4;4;4;4;4;2;3;4;4;3;4;2;2;1;1;1;1;1;1;;;4;4;4;3;1;7;6;;2;6;1;;1;4;0;1;;2;5;0,17597368
35907;1;2;3;3;2;;1;4;1;;;;;;;;;;;;;;;;;;;;;;;;;;;;;;;;;1;1;2;1;1;1;1;2;2;1;1;1;1;;;;;;;;;;;;;1;7;8;2;2;2;2;2;3;2;3;4;3;2;3;3;2;2;1;1;4;2;;;1;3;;4;;;;;;;;;;;;;;;;;;4;;;;;;;;;;;;;;;;1;1;98;;;;;;;;;;;;;;;;;;;;;;;;;;;;;;;;3;3;4;3;4;4;4;4;4;4;2;3;2;2;2;4;1;1;2;1;1;2;4;4;2;2;4;3;4;3;1;7;1;;2;5;1;;1;2;0;1;;2;6;0,08323339
35908;1;9;3;3;5;;1;4;1;;;;;;;;;;;;;;;;;;;;;;;;;;;;;;;;;1;2;1;1;2;1;2;1;1;1;1;1;2;1;;;;;;;;;;;;1;6;8;1;2;2;1;1;2;2;2;2;2;2;2;2;2;3;1;1;1;1;2;;1;4;;6;;;;;;;;;;;;;;;;;;3;;;;;;;;;;;;;;;;2;;98;;;;;;;;;;;;;;;;;;;;;;;;;;;;;;;;2;2;4;4;4;4;4;4;4;4;2;3;3;4;3;4;1;1;1;1;1;4;4;3;;;1;1;4;3;2;7;1;;2;6;1;;1;2;0;1;;2;7;0,17461693
35930;1;11;3;3;5;;1;4;1;;;;;;;;;;;;;;;;;;;;;;;;;;;;;;;;;1;2;1;1;1;1;2;1;1;1;1;1;1;;;;;;;;;;;;;1;8;8;1;2;2;2;2;2;2;3;3;2;3;2;3;2;2;2;1;3;2;;;1;1;;;;;;;;;;;;;;;;;;;;3;;;;;;;;;;;;;;;;1;2;98;;;;;;;;;;;;;;;;;;;;;;;;;;;;;;;;1;2;3;4;4;4;3;4;3;4;2;1;4;3;3;3;1;1;3;1;1;3;3;3;;;3;2;3;3;2;3;1;;2;4;1;;3;2;0;1;;2;98;0,64965117
35963;2;2;3;3;6;;1;1;4;2;2;2;2;2;2;2;2;2;2;2;1;2;2;2;2;97;REPRESEMTER LE CANDIDAT;;;;;;;;;;;;;;;;;;;;;;;;1;1;2;;;;;;;;;;;;;;1;9;10;1;1;2;1;4;4;1;1;3;3;2;2;3;1;1;1;1;1;1;;2;1;3;;;;;;;;;;;;;;;;;;;;3;;;;;;;;;;;;;;;;1;1;98;;;;;;;;;;;;;;;;;;;;;;;;;;;;;;;;3;1;4;4;4;4;1;4;4;4;2;1;4;4;3;4;1;3;2;2;1;4;4;2;;;1;4;3;3;2;1;6;;1;6;1;;1;2;0;1;;2;1;0,28607252
35988;1;2;3;3;5;;1;4;1;;;;;;;;;;;;;;;;;;;;;;;;;;;;;;;;;1;2;1;2;1;2;1;1;1;1;1;1;2;1;;;;;;;;;;;;1;7;6;1;2;3;2;1;1;4;1;1;1;1;1;1;4;1;1;1;1;1;2;;1;3;;4;;7;;;;;;;;;;;;;;;;3;;;;;;;;;;;;;;;;1;1;2;;;;;;;;;;;;;;;;;;;;;;;;;;;;;;;;2;1;4;2;4;4;4;4;4;4;2;3;2;2;2;4;1;1;1;1;1;4;4;4;;;1;4;4;3;1;5;1;;2;6;1;;1;3;1;1;;2;5;0,14460243
36026;2;3;3;1;5;;1;2;3;1;1;1;1;1;2;1;2;2;2;1;2;2;1;2;2;0;PAS GRAND CHOSE;;;;;;;;;;;;;;;;;;;;;;;;1;1;1;;;;;;;;;;;;;;2;6;6;2;4;4;1;1;1;3;1;1;1;4;1;1;4;1;1;2;1;2;;;2;;;;;;;;;;;;;;;;;;;;;;;;;;;;;;;;;;;;;2;;98;;;;;;;;;;;;;;;;;;;;;;;;;;;;;;;;1;4;4;4;4;4;4;4;4;4;2;2;4;4;4;4;1;1;2;1;1;1;4;1;;;1;3;1;3;2;3;8;;2;6;1;;3;1;0;1;;2;1;1,37638462
36037;1;8;3;3;4;;1;4;3;;;;;;;;;;;;;;;;;;;;;;;;;;;;;;;;;1;1;1;1;1;1;1;1;2;1;1;2;1;;;;;;;;;;;;;1;6;7;1;2;2;2;3;3;2;5;2;2;2;2;2;2;2;2;2;2;1;2;;1;3;;;;;;;;;;;;;;;;;;;;4;;;;;;;;;;;;;;;;1;1;1;;2;;3;;5;;;;;;;;;;2;;;;;;;;;;;;;;;;2;2;4;4;4;4;4;4;4;4;1;1;2;2;3;4;1;1;2;1;1;4;4;4;;;3;2;3;3;2;4;1;;2;5;1;;1;2;0;1;;2;3;0,09497616
36053;1;1;3;3;2;;1;4;1;;;;;;;;;;;;;;;;;;;;;;;;;;;;;;;;;1;2;1;1;2;1;1;1;1;1;1;1;2;1;;;;;;;;;;;;2;8;8;1;2;3;2;3;3;4;3;2;2;3;2;2;3;2;1;3;1;2;;;1;3;;4;;;;;;;;;;;;;;;;;;3;;;;;;;;;;;;;;;;1;1;98;;;;;;;;;;;;;;;;;;;;;;;;;;;;;;;;2;2;4;4;4;4;4;4;4;4;2;3;3;2;2;4;2;2;2;2;2;3;3;3;2;1;2;3;3;3;2;7;1;;2;4;1;;1;2;1;1;;2;5;0,08943269
36101;1;8;3;3;4;;1;4;1;;;;;;;;;;;;;;;;;;;;;;;;;;;;;;;;;1;1;1;2;2;1;1;1;1;1;9;1;1;;;;;;;;;;;;;1;5;7;2;3;3;1;2;1;2;1;2;1;2;2;1;3;5;1;2;3;2;;;1;3;;4;;;;;;;;;;;;;;;;;;3;;;;;;;;;;;;;;;;1;1;98;;;;;;;;;;;;;;;;;;;;;;;;;;;;;;;;4;3;2;4;4;4;4;4;4;4;2;4;2;2;4;3;2;1;2;2;2;3;3;3;;;2;3;3;3;2;2;1;;2;6;1;;1;3;1;1;;2;6;0,39711922
36103;1;2;3;3;4;;1;4;1;;;;;;;;;;;;;;;;;;;;;;;;;;;;;;;;;1;1;2;1;1;1;1;1;1;1;1;1;2;1;;;;;;;;;;;;1;5;5;2;1;4;2;3;2;3;3;1;3;3;2;2;3;2;1;1;4;1;2;;1;4;;;;;;;;;;;;;;;;;;;;4;;;;;;;;;;;;;;;;2;;98;;;;;;;;;;;;;;;;;;;;;;;;;;;;;;;;1;1;3;1;4;3;3;4;4;4;2;2;3;3;2;3;1;2;1;1;3;4;4;4;;;1;4;4;3;2;4;1;;2;6;1;;1;2;0;1;;2;4;0,09497616
36218;1;1;3;3;4;;1;4;4;;;;;;;;;;;;;;;;;;;;;;;;;;;;;;;;;1;1;1;2;2;1;1;1;2;1;1;2;1;;;;;;;;;;;;;1;7;5;2;3;2;2;2;2;3;4;2;2;3;3;3;2;2;2;2;3;2;;;1;4;;2;;6;;;;;;;;;;;;;;;;3;;;;;;;;;;;;;;;;1;2;98;;;;;;;;;;;;;;;;;;;;;;;;;;;;;;;;2;4;4;2;4;4;4;4;4;4;4;2;2;2;3;3;2;2;2;2;2;3;3;3;;;1;2;3;3;2;4;1;;1;4;1;;1;2;2;2;2;2;4;0,09497616
36220;2;2;3;3;6;;1;3;3;2;2;1;2;1;2;2;2;2;2;2;2;2;2;2;2;1;LES PARTIS NE RéPONDAIENT à MES REVENDICATIONS;;;;;;;;;;;;;;;;;;;;;;;;1;1;1;;;;;;;;;;;;;;1;8;7;1;1;2;2;1;2;2;5;2;2;2;1;2;2;4;1;1;3;1;;1;2;;;;;;;;;;;;;;;;;;;;;;;;;;;;;;;;;;;;;1;1;98;;;;;;;;;;;;;;;;;;;;;;;;;;;;;;;;2;1;4;4;4;4;4;2;4;4;2;1;3;4;1;4;1;1;2;2;2;9;2;4;;;2;2;4;3;1;4;6;;2;6;1;;1;2;0;1;;2;3;0,16768828
36270;1;8;3;3;4;;1;4;2;;;;;;;;;;;;;;;;;;;;;;;;;;;;;;;;;1;1;2;1;2;1;1;2;2;1;1;1;1;;;;;;;;;;;;;2;3;5;2;3;2;3;3;2;3;2;1;1;3;1;2;4;2;2;2;3;1;2;;1;3;;;;;;;;;;;;;;;;;;;;3;;;;;;;;;;;;;;;;1;9;98;;;;;;;;;;;;;;;;;;;;;;;;;;;;;;;;3;2;4;4;4;4;4;4;4;4;2;4;3;3;2;4;2;2;3;3;2;9;4;2;;;3;2;4;3;2;3;1;;1;2;1;;2;2;1;1;;2;2;0,39711922
36306;2;9;3;3;4;;1;2;4;1;1;2;1;2;2;1;1;2;2;2;2;2;2;1;2;99;;;;;;;;;;;;;;;;;;;;;;;;;1;1;2;;;;;;;;;;;;;;2;5;5;2;2;2;2;2;2;2;1;2;1;2;1;2;2;2;1;2;2;2;;;2;;;;;;;;;;;;;;;;;;;;;;;;;;;;;;;;;;;;;1;2;1;;2;;3;;5;;;;;;;;;;1;;4;;;;;;;;;;;;;;3;2;2;4;3;4;2;4;4;4;2;2;3;3;3;4;1;1;2;1;2;2;1;2;;;1;1;3;3;1;3;1;;2;6;1;;1;1;1;1;;2;4;1,14362192
36329;2;11;3;3;6;;1;1;1;1;1;1;2;1;2;2;2;2;2;2;2;2;2;2;1;14;DES CHANGEMENTS DANS L ATTITUDE DES GOUVERNEMENTS;;;;;;;;;;;;;;;;;;;;;;;;2;2;1;;;;;;;;;;;;;;4;2;1;2;1;4;3;1;1;4;1;1;1;4;1;1;4;1;4;4;4;1;;2;1;4;;;;;;;;;;;;;;;;;;;;3;;;;;;;;;;;;;;;;1;2;98;;;;;;;;;;;;;;;;;;;;;;;;;;;;;;;;2;4;4;4;4;4;4;4;4;4;2;4;4;4;2;4;4;1;1;1;1;4;4;4;;;2;4;4;3;1;4;6;;1;4;1;;1;2;0;1;;2;2;0,16768828
36398;1;8;3;3;3;;1;4;1;;;;;;;;;;;;;;;;;;;;;;;;;;;;;;;;;1;1;1;1;1;1;1;1;2;1;1;9;2;1;;;;;;;;;;;;1;7;7;2;2;2;2;2;2;2;3;3;2;2;3;2;3;1;1;2;3;1;2;;1;4;;;;;;;;;;;;;;;;;;;;3;;;;;;;;;;;;;;;;1;1;98;;;;;;;;;;;;;;;;;;;;;;;;;;;;;;;;1;3;3;1;4;4;4;4;2;4;4;2;2;1;2;3;2;2;2;2;2;3;2;3;;;2;3;2;3;1;7;1;;2;6;1;;1;2;2;1;;2;99;0,17896475
36406;2;8;3;3;4;;1;1;1;2;2;1;1;1;2;2;2;2;2;2;2;2;2;2;2;97;SI MA CANDIDATE AVAIT ÉTÉ DANS UN AUTRE PARTI;;;;;;;;;;;;;;;;;;;;;;;;2;1;2;;;;;;;;;;;;;;2;5;5;2;2;2;4;4;3;2;2;2;2;2;2;1;3;4;2;2;3;2;;;1;3;;4;;;;;;;;;;;;;;;;;;3;;;;;;;;;;;;;;;;1;2;1;;2;;3;;;;;;;;;;;;6;ONCLE OU TANTE;;;;;;;;;;;;;;;3;2;4;2;4;3;4;4;3;4;1;3;4;3;3;4;1;1;2;1;1;3;4;3;;;2;2;4;3;2;5;1;;2;6;1;;1;4;0;1;;2;5;0,11159445
36419;1;2;3;3;4;;1;4;3;;;;;;;;;;;;;;;;;;;;;;;;;;;;;;;;;1;1;2;1;1;1;1;1;1;1;1;1;1;;;;;;;;;;;;;2;6;5;2;2;2;2;2;1;2;2;1;1;3;2;4;2;1;2;3;1;2;;;1;3;;4;;7;;;;;;;;;;;;;;;;3;;;;;;;;;;;;;;;;1;1;98;;;;;;;;;;;;;;;;;;;;;;;;;;;;;;;;2;4;4;4;4;4;3;4;4;4;3;4;3;4;3;4;2;2;1;1;2;3;9;3;;;2;3;4;3;2;4;6;RETRAITéE RéGIE DES RENTES DU QUéBEC RRQ, MALADIE DE LONGUE DURéE DEPUIS 18 ANS;2;6;1;;1;2;0;1;;2;3;0,09497616
36421;1;2;3;3;3;;1;4;9;;;;;;;;;;;;;;;;;;;;;;;;;;;;;;;;;1;2;1;2;2;1;1;1;2;1;1;1;2;3;;;;;;;;;;2;;2;5;6;1;2;3;1;2;2;1;1;2;1;2;3;3;3;1;1;1;1;1;2;;2;;;;;;;;;;;;;;;;;;;;;;;;;;;;;;;;;;;;;1;1;98;;;;;;;;;;;;;;;;;;;;;;;;;;;;;;;;1;2;4;4;4;4;4;4;4;4;4;4;3;3;2;3;1;1;1;1;1;9;3;3;;;3;4;1;3;2;5;1;;3;6;1;;1;3;1;1;;2;7;0,17110108
36475;2;2;3;3;6;;1;1;9;1;2;2;2;1;2;1;2;2;1;2;2;1;2;2;2;2;C EST PARCEQUE PERSONNES NI VENU VOUS CHERCHER POUR VOTER;;;;;;;;;;;;;;;;;;;;;;;;1;1;1;;;;;;;;;;;;;;1;8;7;2;2;2;3;3;2;2;3;2;2;3;2;3;3;2;2;2;2;1;;2;1;3;;;;;;;;;;;;;;;;;;;;4;;;;;;;;;;;;;;;;2;;98;;;;;;;;;;;;;;;;;;;;;;;;;;;;;;;;4;4;4;4;4;4;4;4;4;4;4;4;4;4;4;3;2;2;2;2;3;3;3;3;;;3;2;2;3;2;1;6;;1;6;1;;2;1;0;1;;2;1;0,28607252
36565;2;4;3;2;6;;1;1;1;2;1;1;1;1;2;2;1;2;2;2;2;2;2;2;2;97;PLUS DE RERIEUX;;;;;;;;;;;;;;;;;;;;;;;;2;2;2;;;;;;;;;;;;;;3;7;7;1;2;3;1;2;2;1;1;1;1;4;1;2;2;1;2;2;3;1;;1;2;;;;;;;;;;;;;;;;;;;;;;;;;;;;;;;;;;;;;1;1;98;;;;;;;;;;;;;;;;;;;;;;;;;;;;;;;;2;2;3;1;4;4;4;3;4;4;3;4;4;4;2;4;1;1;1;1;1;4;3;4;;;1;2;4;3;1;2;6;;2;6;1;;1;2;0;1;;2;3;3,05613232
36567;1;2;3;3;4;;1;4;3;;;;;;;;;;;;;;;;;;;;;;;;;;;;;;;;;1;2;1;1;2;1;1;1;2;1;1;1;1;;;;;;;;;;;;;2;6;6;2;3;3;2;1;1;2;1;2;5;2;2;1;2;5;1;2;2;2;;;1;3;;4;;;;;;;;;;;;;;;;;;3;;;;;;;;;;;;;;;;2;;98;;;;;;;;;;;;;;;;;;;;;;;;;;;;;;;;3;3;3;4;4;4;4;4;4;4;1;3;4;3;3;4;2;1;1;2;1;3;4;2;;;3;3;3;3;1;3;1;;2;6;2;;1;1;0;1;;2;2;0,3695935
36569;2;2;3;3;5;;1;3;4;2;2;2;2;1;2;2;2;2;2;2;1;2;2;2;2;97;PLUS DE TRANSPARENCE;;;;;;;;;;;;;;;;;;;;;;;;2;9;9;;;;;;;;;;;;;;1;5;5;2;2;2;2;1;2;2;3;2;3;2;1;1;3;2;1;2;2;2;;;1;4;;;;;;;;;;;;;;;;;;;;3;;;;;;;;;;;;;;;;2;;98;;;;;;;;;;;;;;;;;;;;;;;;;;;;;;;;4;4;4;4;4;4;4;4;4;4;1;2;3;3;3;4;1;1;3;1;3;4;4;4;;;3;4;4;3;2;2;6;;1;5;1;;2;1;0;1;;2;1;0,26712185
36577;2;2;3;3;3;;1;1;1;1;2;2;1;2;1;1;1;1;2;2;2;2;1;2;2;2;MON BUREAU DE VOTE TOUJOUR ME DEMANE DE ME DEPLACER;;;;;;;;;;;;;;;;;;;;;;;;2;2;2;;;;;;;;;;;;;;2;4;2;2;3;3;2;3;3;2;3;2;2;2;2;3;3;2;2;2;3;2;;;1;2;;;;;;;;;;;;;;;;;;;;3;;;;;;;;;;;;;;;;2;;98;;;;;;;;;;;;;;;;;;;;;;;;;;;;;;;;4;3;4;4;4;4;4;4;4;4;2;4;4;4;3;4;2;2;2;2;2;3;3;3;;;2;3;3;3;1;3;2;;1;5;1;;2;1;0;1;;1;1;1,10486627
36689;1;2;3;3;3;;1;4;1;;;;;;;;;;;;;;;;;;;;;;;;;;;;;;;;;1;2;2;2;2;2;2;2;2;1;1;2;1;;;;;;;;;;;;;1;8;8;2;1;3;3;3;2;3;3;2;2;3;2;1;3;2;1;3;2;1;2;;1;3;;;;;;;;;;;;;;;;;;;;3;;;;;;;;;;;;;;;;1;1;98;;;;;;;;;;;;;;;;;;;;;;;;;;;;;;;;1;1;4;1;1;4;4;4;4;4;4;1;1;1;1;4;1;1;1;1;1;4;1;4;;;2;1;4;3;2;8;2;;2;6;1;;1;2;3;1;;2;4;0,19229379
36719;1;8;3;3;3;;1;4;2;;;;;;;;;;;;;;;;;;;;;;;;;;;;;;;;;1;1;1;1;1;1;1;1;1;1;1;1;1;;;;;;;;;;;;;2;8;8;1;2;2;1;2;2;2;3;2;2;1;2;1;1;2;1;1;2;1;1;;1;8;;3;;6;;7;;;;;;;;;;;;;;3;;;;;;;;;;;;;;;;1;1;1;;2;;3;;5;;;;;;;;;;2;;;;;;;;;;;;;;;;3;3;4;4;2;4;4;4;4;4;2;3;2;2;3;4;1;1;3;1;1;3;3;1;;;4;1;4;3;2;3;1;;2;6;1;;1;2;0;1;;2;3;0,71541643
36786;2;11;3;3;6;;1;1;2;2;1;2;2;1;2;2;2;2;2;2;2;2;2;2;2;14;LE CHANGEMENT;;;;;;;;;;;;;;;;;;;;;;;;1;1;1;;;;;;;;;;;;;;1;6;10;2;1;3;2;1;1;3;4;1;1;3;1;1;3;1;1;1;2;1;;2;2;;;;;;;;;;;;;;;;;;;;;;;;;;;;;;;;;;;;;1;1;98;;;;;;;;;;;;;;;;;;;;;;;;;;;;;;;;3;2;4;4;4;4;4;4;4;4;1;4;4;4;4;4;4;1;1;2;1;4;4;4;;;3;1;4;3;2;3;6;;2;6;1;;1;2;0;1;;2;2;0,28607252
37027;1;17;3;2;2;;1;4;3;;;;;;;;;;;;;;;;;;;;;;;;;;;;;;;;;1;1;2;2;2;1;1;1;2;1;1;1;2;1;;;;;;;;;;;;2;8;8;2;3;2;1;2;2;2;4;1;2;1;2;2;2;1;1;1;2;1;1;;2;;;;;;;;;;;;;;;;;;;;;;;;;;;;;;;;;;;;;1;1;1;;;;;;;;;;;;;;;;1;;;;;;;;;;;;;;;;4;3;4;1;4;4;4;4;4;4;2;2;3;2;3;2;2;2;3;2;1;3;2;3;1;2;3;3;2;3;2;2;1;;1;3;1;;1;4;1;1;;2;1;1,08638453
37163;2;9;3;3;5;;1;1;9;1;2;2;2;1;1;1;2;1;1;1;2;1;1;1;2;8;JàI JAMAIS VOTER JE POUVAIT PAS;;;;;;;;;;;;;;;;;;;;;;;;2;2;2;;;;;;;;;;;;;;2;5;6;1;3;3;2;2;1;2;1;2;2;2;2;2;1;2;1;2;2;1;;1;1;7;;;;;;;;;;;;;;;;;;;;3;;;;;;;;;;;;;;;;2;;2;;;;;;;;;;;;;;;;;;;;;;;;;;;;;;;;3;2;4;4;4;4;4;4;4;4;1;3;4;4;4;2;2;2;3;2;3;2;2;2;;;1;2;2;2;2;7;1;;1;6;2;;1;2;0;1;;1;2;0,07179871
37182;1;2;3;3;3;;1;4;3;;;;;;;;;;;;;;;;;;;;;;;;;;;;;;;;;1;1;2;2;1;1;1;1;2;1;1;1;2;1;;;;;;;;;;;;1;5;5;2;2;3;2;1;1;3;3;2;3;2;1;2;2;3;1;2;3;1;2;;2;;;;;;;;;;;;;;;;;;;;;;;;;;;;;;;;;;;;;1;1;1;;;;;;;;;;;;;;;;2;;;;;;;;;;;;;;;;3;2;4;4;4;4;4;4;4;4;2;3;3;3;2;3;2;2;2;2;2;3;4;3;;;2;3;3;3;1;2;1;;3;3;1;;1;2;2;1;;2;5;0,66582835
37195;1;2;3;3;4;;1;4;3;;;;;;;;;;;;;;;;;;;;;;;;;;;;;;;;;1;1;1;1;1;1;1;1;1;1;1;1;2;1;;;;;;;;;;;;1;9;9;1;1;2;1;1;2;2;3;2;3;2;2;3;1;2;1;2;2;2;;;1;1;;;;;;;;;;;;;;;;;;;;3;;;;;;;;;;;;;;;;1;1;1;;;;;;;;;;;;;;;;3;;;;;;;;;;;;;;;;1;2;4;1;4;4;3;4;4;4;1;1;1;4;1;4;2;2;2;2;2;3;4;3;;;3;2;3;3;1;2;1;;2;6;1;;1;4;0;1;;2;3;0,3695935
37200;1;2;3;3;4;;1;4;3;;;;;;;;;;;;;;;;;;;;;;;;;;;;;;;;;2;2;1;1;2;1;2;1;2;1;1;1;1;;;;;;;;;;;;;5;0;0;2;2;3;5;1;1;4;1;1;1;4;1;2;4;1;3;5;4;2;;;1;3;;4;;;;;;;;;;;;;;;;;;4;;3;;;;;;;;;;;;;;1;1;98;;;;;;;;;;;;;;;;;;;;;;;;;;;;;;;;4;4;4;4;4;4;4;4;4;4;4;4;4;4;4;4;1;3;1;1;1;4;4;4;;;1;4;4;3;1;4;6;;1;4;1;;2;2;0;1;;2;1;0,08839304
37219;1;8;3;3;3;;1;4;1;;;;;;;;;;;;;;;;;;;;;;;;;;;;;;;;;1;1;1;1;1;1;1;1;2;1;1;1;1;;;;;;;;;;;;;1;5;8;1;2;2;2;1;3;2;3;2;3;2;2;3;2;2;1;1;2;1;2;;1;3;;;;;;;;;;;;;;;;;;;;4;;;;;;;;;;;;;;;;1;1;98;;;;;;;;;;;;;;;;;;;;;;;;;;;;;;;;4;2;4;1;4;4;4;4;4;4;2;2;3;3;2;4;1;1;1;1;2;2;4;4;;;1;2;1;3;1;7;1;;2;3;1;;1;2;1;1;;2;6;0,17896475
37230;2;2;3;3;6;;1;1;1;1;1;2;2;1;2;2;1;2;2;2;2;2;2;2;2;0;RIEN;;;;;;;;;;;;;;;;;;;;;;;;2;2;2;;;;;;;;;;;;;;3;2;2;2;9;3;3;3;2;2;2;2;2;3;3;2;3;2;3;3;3;2;;;2;;;;;;;;;;;;;;;;;;;;;;;;;;;;;;;;;;;;;2;;98;;;;;;;;;;;;;;;;;;;;;;;;;;;;;;;;4;3;4;4;4;4;4;4;4;4;2;3;3;3;2;3;2;3;2;2;2;3;3;3;;;3;3;3;3;1;2;6;;2;6;1;;2;1;0;1;;2;2;0,70114714
37271;1;2;3;3;2;;1;4;1;;;;;;;;;;;;;;;;;;;;;;;;;;;;;;;;;1;2;2;1;2;1;1;1;1;1;1;1;1;;;;;;;;;;;;;1;6;4;2;2;3;1;2;2;3;3;2;3;2;2;3;2;3;1;1;4;2;;;1;3;;;;;;;;;;;;;;;;;;;;3;;;;;;;;;;;;;;;;1;1;98;;;;;;;;;;;;;;;;;;;;;;;;;;;;;;;;2;2;2;1;4;4;4;4;4;4;3;3;2;2;2;4;1;1;2;1;1;3;4;4;2;2;2;1;3;3;2;8;1;;2;4;1;;1;2;1;1;;2;6;0,08943269
37273;1;2;3;3;4;;1;4;1;;;;;;;;;;;;;;;;;;;;;;;;;;;;;;;;;1;1;2;1;2;1;1;1;2;1;1;1;1;;;;;;;;;;;;;1;8;9;2;2;1;1;1;3;3;4;3;4;1;4;3;1;3;1;1;3;2;;;1;3;;;;;;;;;;;;;;;;;;;;3;;;;;;;;;;;;;;;;1;1;98;;;;;;;;;;;;;;;;;;;;;;;;;;;;;;;;1;1;2;2;4;4;4;4;4;4;2;4;4;2;2;4;1;1;1;4;1;3;3;4;;;4;1;4;3;1;3;1;;2;6;1;;1;4;1;1;;2;4;0,3695935
37274;1;2;3;3;2;;1;4;4;;;;;;;;;;;;;;;;;;;;;;;;;;;;;;;;;2;2;2;2;2;2;2;2;2;1;1;1;1;;;;;;;;;;;;;2;1;1;2;3;2;2;2;2;2;1;2;2;1;2;2;2;2;1;3;4;2;;;1;3;;4;;;;;;;;;;;;;;;;;;5;;3;;4;;;;;;;;;;;;1;1;98;;;;;;;;;;;;;;;;;;;;;;;;;;;;;;;;3;3;3;3;3;3;3;3;2;3;4;4;4;2;2;1;3;1;1;2;2;1;1;1;2;2;4;4;4;3;2;9;1;;2;6;1;;1;2;2;1;;2;6;0,08943269
37297;1;2;3;3;4;;1;4;3;;;;;;;;;;;;;;;;;;;;;;;;;;;;;;;;;1;1;1;2;1;1;1;1;2;2;2;2;1;;;;;;;;;;;;;1;5;8;1;3;3;1;2;2;2;3;1;2;2;2;2;2;1;1;2;4;2;;;2;;;;;;;;;;;;;;;;;;;;;;;;;;;;;;;;;;;;;2;;98;;;;;;;;;;;;;;;;;;;;;;;;;;;;;;;;4;3;4;4;4;4;4;4;4;4;2;4;4;4;2;4;1;1;1;1;1;4;4;4;;;3;2;2;3;2;2;8;;1;3;1;;2;1;0;1;;2;1;0,39711922
37419;2;9;3;3;6;;1;1;1;2;2;2;2;1;1;2;2;2;2;2;2;2;2;2;2;0;RIEN;;;;;;;;;;;;;;;;;;;;;;;;2;2;2;;;;;;;;;;;;;;4;0;0;2;1;4;2;4;1;2;1;4;1;4;1;1;4;2;2;4;4;1;;2;2;;;;;;;;;;;;;;;;;;;;;;;;;;;;;;;;;;;;;2;;98;;;;;;;;;;;;;;;;;;;;;;;;;;;;;;;;1;4;4;4;4;4;4;4;4;4;1;4;4;4;4;4;4;4;4;4;2;4;4;4;;;3;3;4;3;2;2;6;;2;6;1;;3;1;0;1;;2;1;0,28607252
37454;1;2;3;3;2;;1;4;1;;;;;;;;;;;;;;;;;;;;;;;;;;;;;;;;;1;1;1;1;2;1;2;1;1;1;1;1;1;;;;;;;;;;;;;2;4;4;1;2;2;2;2;2;3;3;2;3;3;2;2;2;2;2;2;1;2;;;1;3;;;;;;;;;;;;;;;;;;;;4;;3;;;;;;;;;;;;;;1;1;98;;;;;;;;;;;;;;;;;;;;;;;;;;;;;;;;3;4;4;4;4;4;4;4;4;4;3;4;3;3;3;4;2;2;2;2;3;2;3;2;2;2;3;3;2;3;2;4;1;;2;5;1;;1;2;1;1;;2;7;0,07957616
37479;1;8;3;3;3;;1;4;1;;;;;;;;;;;;;;;;;;;;;;;;;;;;;;;;;1;1;2;1;1;1;1;1;1;1;1;1;1;;;;;;;;;;;;;1;7;7;2;2;2;2;2;3;3;4;2;3;2;2;2;2;2;1;2;1;1;2;;1;4;;3;;;;;;;;;;;;;;;;;;3;;;;;;;;;;;;;;;;1;1;1;;2;;3;;5;;;;;;;;;;2;;1;;4;;;;;;;;;;;;1;2;2;1;4;4;4;4;4;4;3;2;1;2;2;4;1;1;2;1;1;3;2;2;;;1;1;4;3;2;3;1;;2;6;1;;1;2;2;1;;2;7;0,71541643
37492;2;2;3;3;3;;1;3;4;1;2;2;2;2;2;1;2;2;2;1;2;2;2;1;2;6;SI EN POUVAIT FARE CA EN LIGNE;;;;;;;;;;;;;;;;;;;;;;;;1;1;1;;;;;;;;;;;;;;2;8;8;1;3;2;2;1;3;2;4;2;3;2;3;2;2;2;2;2;3;2;;;2;;;;;;;;;;;;;;;;;;;;;;;;;;;;;;;;;;;;;1;2;98;;;;;;;;;;;;;;;;;;;;;;;;;;;;;;;;2;2;2;1;4;4;4;4;4;4;3;3;3;2;3;4;1;1;1;1;1;4;4;4;;;3;2;2;3;2;7;1;;2;5;1;;1;2;1;1;;1;4;0,12116673
37530;1;9;3;3;3;;1;4;1;;;;;;;;;;;;;;;;;;;;;;;;;;;;;;;;;1;2;2;1;2;1;2;1;1;1;1;1;1;;;;;;;;;;;;;1;5;7;2;2;2;3;3;3;3;2;2;3;2;2;3;2;2;1;1;3;1;2;;2;;;;;;;;;;;;;;;;;;;;;;;;;;;;;;;;;;;;;2;;1;;;;;;;;;;;;;;;;4;;;;;;;;;;;;;;;;2;2;4;4;4;4;4;4;4;3;1;2;3;4;2;4;1;1;1;1;1;4;4;4;;;2;3;3;3;2;7;1;;2;4;1;;2;1;1;1;;2;5;0,19229379
37536;2;11;3;3;6;;1;3;3;2;2;2;2;2;2;2;2;2;2;1;1;2;1;2;2;99;;;;;;;;;;;;;;;;;;;;;;;;;1;1;1;;;;;;;;;;;;;;1;10;10;1;1;1;2;2;2;2;3;2;4;2;4;3;2;2;2;2;2;1;;2;2;;;;;;;;;;;;;;;;;;;;;;;;;;;;;;;;;;;;;1;1;98;;;;;;;;;;;;;;;;;;;;;;;;;;;;;;;;3;4;4;4;4;4;4;4;4;4;1;4;3;4;1;4;2;2;2;3;2;2;3;2;;;3;2;3;3;1;3;6;;2;6;1;;1;2;0;1;;2;2;0,70114714
37577;2;4;3;2;5;;1;3;3;1;2;2;2;1;2;2;2;2;2;2;2;2;1;2;1;11;LE TEMPS;;;;;;;;;;;;;;;;;;;;;;;;1;1;1;;;;;;;;;;;;;;3;2;2;2;3;4;2;4;1;2;1;1;1;1;1;1;3;1;1;4;1;2;;;1;3;;7;;;;;;;;;;;;;;;;;;3;;;;;;;;;;;;;;;;1;1;98;;;;;;;;;;;;;;;;;;;;;;;;;;;;;;;;2;3;2;2;4;4;4;4;4;4;3;3;2;1;1;4;3;3;3;3;3;3;3;3;;;1;4;4;3;2;2;1;;1;1;1;;1;2;0;1;;2;3;1,16431904
37605;2;1;3;3;6;;1;2;4;1;1;1;2;1;2;2;2;2;2;2;2;2;2;2;2;99;;;;;;;;;;;;;;;;;;;;;;;;;1;1;2;;;;;;;;;;;;;;1;8;2;2;2;3;2;1;1;2;1;1;1;5;1;1;2;1;1;1;2;1;;2;1;3;;4;;;;;;;;;;;;;;;;;;99;;;;;;;;;;;;;;;;1;2;98;;;;;;;;;;;;;;;;;;;;;;;;;;;;;;;;1;4;4;4;4;4;4;4;4;4;3;3;3;3;3;4;1;1;1;1;1;4;4;1;;;2;4;3;3;1;3;6;;1;5;1;;1;1;0;1;;2;3;0,70114714
37655;2;8;3;3;5;;1;2;4;2;2;2;2;1;2;2;2;2;2;1;2;2;1;2;2;99;;;;;;;;;;;;;;;;;;;;;;;;;2;2;1;;;;;;;;;;;;;;1;7;7;1;1;3;2;2;4;3;2;4;1;4;1;3;1;1;1;2;2;1;;2;1;3;;;;;;;;;;;;;;;;;;;;4;;;;;;;;;;;;;;;;1;1;5;;;;;;;;;;;;;;;;;;;;;;;;;;;;;;;;3;3;4;2;4;4;4;4;4;4;1;1;3;3;3;4;1;3;1;1;1;2;4;1;;;1;4;4;3;2;3;1;;2;6;1;;1;2;0;1;;2;4;0,26712185
37665;2;2;3;3;6;;1;3;1;2;2;2;2;2;2;2;2;2;2;1;2;2;2;2;2;11;SES DISPONIBILITES;;;;;;;;;;;;;;;;;;;;;;;;1;1;1;;;;;;;;;;;;;;1;10;10;2;1;1;2;2;2;2;3;3;2;2;2;2;2;2;2;2;2;1;;2;2;;;;;;;;;;;;;;;;;;;;;;;;;;;;;;;;;;;;;1;1;98;;;;;;;;;;;;;;;;;;;;;;;;;;;;;;;;2;1;4;2;4;4;4;4;4;4;1;1;2;4;3;2;2;2;2;2;2;2;2;2;;;4;1;4;3;1;5;6;;2;6;1;;1;1;0;1;;2;3;0,16768828
37777;2;5;3;2;5;;1;1;3;2;2;1;1;1;2;1;2;2;2;1;2;2;2;2;2;99;;;;;;;;;;;;;;;;;;;;;;;;;1;1;1;;;;;;;;;;;;;;3;5;5;2;3;1;2;2;1;1;1;1;1;1;3;1;2;1;1;1;1;2;;;2;;;;;;;;;;;;;;;;;;;;;;;;;;;;;;;;;;;;;1;1;2;;;;;;;;;;;;;;;;;;;;;;;;;;;;;;;;3;3;4;4;4;4;4;4;4;4;2;3;2;3;3;3;1;1;1;1;1;1;3;2;;;2;1;3;3;1;2;6;;2;6;1;;1;1;0;1;;2;2;2,85367322
37786;1;2;3;3;3;;1;4;4;;;;;;;;;;;;;;;;;;;;;;;;;;;;;;;;;1;2;2;1;2;1;1;1;1;1;1;1;1;;;;;;;;;;;;;1;7;7;2;2;2;2;2;3;3;2;2;3;2;2;2;2;2;1;1;3;2;;;2;;;;;;;;;;;;;;;;;;;;;;;;;;;;;;;;;;;;;1;1;1;;5;;;;;;;;;;;;;;2;;;;;;;;;;;;;;;;3;2;4;4;4;4;4;4;4;4;2;2;3;1;1;4;1;1;2;1;1;3;3;3;;;3;2;3;1;2;5;1;;2;6;1;;1;2;2;1;;2;5;0,17110108
37874;1;11;3;3;3;;1;4;1;;;;;;;;;;;;;;;;;;;;;;;;;;;;;;;;;1;1;2;2;2;1;1;1;1;1;1;9;2;1;;;;;;;;;;;;1;7;7;2;2;2;2;2;3;2;3;2;2;2;3;3;2;1;1;2;1;1;1;;1;3;;;;;;;;;;;;;;;;;;;;4;;;;;;;;;;;;;;;;1;1;98;;;;;;;;;;;;;;;;;;;;;;;;;;;;;;;;3;2;2;2;4;4;4;4;4;4;3;3;2;2;3;3;2;2;2;2;3;3;3;3;;;2;2;3;3;1;3;1;;2;6;1;;1;2;1;1;;2;2;0,66582835
37900;2;2;3;3;6;;1;1;1;2;2;2;2;2;2;2;2;2;2;2;2;2;2;2;2;6;SI LES VOTES SONT FAITES À DOMICILE;;;;;;;;;;;;;;;;;;;;;;;;1;1;2;;;;;;;;;;;;;;1;8;8;1;2;2;2;2;3;2;3;3;3;2;3;3;2;2;1;2;2;1;;2;1;1;;2;;3;;4;;7;;;;;;;;;;;;6;POUR SE PRÉSENTER;;;;;;;;;;;;;;;2;;98;;;;;;;;;;;;;;;;;;;;;;;;;;;;;;;;3;3;4;4;4;4;4;4;4;4;3;3;4;4;4;4;1;1;2;1;1;4;4;4;;;1;4;4;3;2;3;6;;1;2;1;;2;1;0;1;;2;2;0,28607252
37915;1;2;3;3;2;;1;4;1;;;;;;;;;;;;;;;;;;;;;;;;;;;;;;;;;1;1;2;2;2;1;1;1;2;1;1;1;1;;;;;;;;;;;;;1;8;7;2;2;2;2;2;3;2;3;2;3;2;3;3;2;2;1;1;4;1;2;;1;3;;;;;;;;;;;;;;;;;;;;3;;;;;;;;;;;;;;;;1;1;1;;2;;3;;4;;5;;;;;;;;1;;4;;2;;;;;;;;;;;;2;2;2;2;4;3;4;4;2;3;4;1;1;2;2;4;1;1;1;1;1;3;3;4;2;1;3;2;4;3;2;7;7;;2;4;1;;1;2;2;1;;2;5;0,08943269
37975;1;1;3;3;4;;1;4;1;;;;;;;;;;;;;;;;;;;;;;;;;;;;;;;;;1;1;2;2;1;1;1;1;1;1;1;1;1;;;;;;;;;;;;;1;2;3;1;3;2;1;2;3;3;4;2;3;2;2;3;2;2;1;1;1;1;2;;1;4;;;;;;;;;;;;;;;;;;;;3;;;;;;;;;;;;;;;;1;1;98;;;;;;;;;;;;;;;;;;;;;;;;;;;;;;;;3;2;3;1;4;4;4;4;4;4;1;1;4;4;1;4;1;1;2;2;1;3;3;3;;;3;3;4;3;2;7;6;;2;6;1;;3;3;0;1;;2;3;0,10674001
38015;1;2;3;3;4;;1;4;2;;;;;;;;;;;;;;;;;;;;;;;;;;;;;;;;;1;1;2;1;2;1;1;1;2;1;1;1;2;1;;;;;;;;;;;;1;3;2;2;2;1;1;1;3;2;2;2;3;2;2;3;1;1;1;1;3;1;2;;1;3;;4;;;;;;;;;;;;;;;;;;3;;;;;;;;;;;;;;;;1;1;98;;;;;;;;;;;;;;;;;;;;;;;;;;;;;;;;3;2;4;4;4;4;4;4;4;4;1;1;2;3;3;4;1;1;3;2;1;3;3;1;;;3;3;4;3;1;8;1;;2;5;1;;1;4;0;1;;2;6;0,09934163
38111;1;9;3;3;3;;1;4;4;;;;;;;;;;;;;;;;;;;;;;;;;;;;;;;;;2;2;2;1;2;2;2;2;2;1;1;2;2;1;;;;;;;;;;;;3;0;7;1;2;4;3;3;1;3;1;1;1;3;2;2;5;2;2;4;1;2;;;1;2;;;;;;;;;;;;;;;;;;;;3;;;;;;;;;;;;;;;;1;2;1;;;;;;;;;;;;;;;;4;;;;;;;;;;;;;;;;3;2;4;1;1;4;4;3;4;4;4;4;2;1;1;2;1;2;2;2;2;2;3;2;;;1;3;2;3;1;4;1;;2;4;1;;1;2;2;1;;2;8;0,15924101
38194;1;2;3;3;4;;1;4;2;;;;;;;;;;;;;;;;;;;;;;;;;;;;;;;;;1;1;2;1;1;1;1;1;1;1;1;1;2;2;;;;;;;;;;;;1;10;10;1;2;4;3;4;1;3;1;2;1;4;1;1;4;1;1;2;1;1;2;;2;;;;;;;;;;;;;;;;;;;;;;;;;;;;;;;;;;;;;2;;1;;;;;;;;;;;;;;;;1;;;;;;;;;;;;;;;;2;2;2;2;1;4;4;1;1;4;4;1;3;1;1;4;4;4;1;1;2;4;1;2;;;1;1;4;3;1;4;1;;1;6;1;;2;2;0;1;;2;2;0,08839304
38219;1;8;3;3;3;;1;4;1;;;;;;;;;;;;;;;;;;;;;;;;;;;;;;;;;1;1;2;1;1;1;1;1;2;1;1;1;1;;;;;;;;;;;;;1;5;2;2;2;2;2;3;3;2;4;2;2;2;2;3;2;4;1;2;4;2;;;1;3;;;;;;;;;;;;;;;;;;;;3;;;;;;;;;;;;;;;;1;1;1;;;;;;;;;;;;;;;;3;;;;;;;;;;;;;;;;4;2;4;4;4;4;4;4;4;4;4;4;4;4;4;4;2;1;2;2;2;4;4;4;;;2;4;3;3;2;3;1;;2;5;1;;1;2;2;1;;2;5;0,71541643
38256;1;1;3;3;4;;1;4;2;;;;;;;;;;;;;;;;;;;;;;;;;;;;;;;;;1;1;1;1;2;2;2;1;2;1;1;1;2;3;;;;;;;;;;2;;1;4;5;1;2;2;2;1;2;1;1;1;1;3;1;2;2;1;2;1;4;2;;;1;4;;;;;;;;;;;;;;;;;;;;4;;;;;;;;;;;;;;;;1;1;98;;;;;;;;;;;;;;;;;;;;;;;;;;;;;;;;2;3;2;2;4;4;4;4;4;4;3;2;4;2;4;4;2;2;2;1;2;4;3;4;;;4;3;4;3;2;6;1;;2;5;1;;1;4;0;1;;2;7;0,09497616
38317;2;2;3;3;5;;1;1;4;2;2;2;2;2;2;2;2;2;2;2;2;2;2;2;2;2;A CAUSE DE L ENDROIT;;;;;;;;;;;;;;;;;;;;;;;;9;1;2;;;;;;;;;;;;;;2;7;5;2;2;2;2;2;3;2;3;2;1;4;1;2;2;2;2;2;3;2;;;1;4;;7;;2;;;;;;;;;;;;;;;;3;;;;;;;;;;;;;;;;2;;99;;;;;;;;;;;;;;;;;;;;;;;;;;;;;;;;3;3;4;4;4;4;4;4;4;4;3;4;3;3;2;4;2;1;2;2;2;3;4;3;;;2;3;4;3;2;4;1;;2;6;1;;2;1;0;1;;2;3;0,0638857
38318;1;10;3;3;2;;1;4;1;;;;;;;;;;;;;;;;;;;;;;;;;;;;;;;;;1;2;1;2;2;1;1;1;1;1;1;2;1;;;;;;;;;;;;;1;1;1;1;2;2;1;3;4;3;3;3;3;2;3;3;2;3;1;1;3;1;2;;2;;;;;;;;;;;;;;;;;;;;;;;;;;;;;;;;;;;;;1;1;1;;;;;;;;;;;;;;;;1;;;;;;;;;;;;;;;;1;1;2;1;4;4;4;4;4;4;3;1;2;3;2;3;1;1;1;1;1;2;3;9;2;1;3;3;2;3;2;8;1;;3;1;1;;1;2;0;1;;2;6;0,08943269
38336;2;8;3;3;5;;1;2;4;2;2;2;2;2;2;1;2;2;2;1;2;2;1;1;2;11;#NOM?;;;;;;;;;;;;;;;;;;;;;;;;1;1;2;;;;;;;;;;;;;;1;4;2;1;2;2;1;2;3;2;3;1;4;1;3;5;1;3;1;1;2;1;;1;2;;;;;;;;;;;;;;;;;;;;;;;;;;;;;;;;;;;;;1;1;98;;;;;;;;;;;;;;;;;;;;;;;;;;;;;;;;1;4;4;1;4;4;4;4;4;4;1;3;2;2;4;4;2;2;2;1;1;2;1;3;;;4;2;4;2;2;5;1;;2;6;1;;1;2;0;1;;2;2;0,0638857
38425;1;8;3;3;2;;1;4;1;;;;;;;;;;;;;;;;;;;;;;;;;;;;;;;;;1;1;2;1;2;1;1;2;2;1;9;2;2;3;;;;;;;;;;1;1;1;2;1;2;2;2;5;5;4;1;4;3;3;2;3;4;1;5;1;1;4;2;;;2;;;;;;;;;;;;;;;;;;;;;;;;;;;;;;;;;;;;;1;2;98;;;;;;;;;;;;;;;;;;;;;;;;;;;;;;;;4;2;4;1;2;4;4;4;4;4;2;3;2;2;4;4;1;2;2;1;1;9;4;4;2;2;2;2;4;3;2;3;3;éTUDIANTE ET UNE PARTIE JE M«'OCCUPAIS DE MES ENFANTS;3;5;1;;1;2;3;1;;2;6;0,33272818
38431;2;11;3;3;5;;1;1;3;2;2;2;2;2;2;1;2;2;2;1;2;2;2;2;2;5;LA JOURNéE DES éLECTIONS J'éTAIS HORS E LA VILLE ET J'AI MANQUé LES VOTES PAR ANTICIPATION;;;;;;;;;;;;;;;;;;;;;;;;9;1;1;;;;;;;;;;;;;;1;2;0;1;2;2;1;1;3;2;4;3;3;1;1;3;2;1;1;1;3;1;;2;1;3;;;;;;;;;;;;;;;;;;;;9;SAVOIR SI ELLE ALLAIT VOTER;;;;;;;;;;;;;;;2;;98;;;;;;;;;;;;;;;;;;;;;;;;;;;;;;;;9;1;3;2;4;4;4;4;4;4;1;2;3;2;3;4;1;1;1;2;1;9;4;2;;;2;3;3;3;2;7;6;OPéRATION (MALADIE LONGUE DURéE, INVALIDITé) ET RETRAITE;1;4;1;;1;1;0;1;;2;2;0,07179871
38434;1;11;3;3;2;;1;4;2;;;;;;;;;;;;;;;;;;;;;;;;;;;;;;;;;1;2;2;1;2;1;1;1;2;1;1;1;2;1;;;;;;;;;;;;1;3;3;1;2;3;2;2;2;2;2;2;2;2;2;3;3;2;1;2;3;1;2;;1;3;;;;;;;;;;;;;;;;;;;;4;;;;;;;;;;;;;;;;1;1;98;;;;;;;;;;;;;;;;;;;;;;;;;;;;;;;;3;2;1;1;2;4;4;4;4;4;2;3;2;2;2;4;1;1;3;1;1;4;4;3;2;2;1;2;2;3;1;5;1;;1;3;1;;1;2;0;1;;2;2;0,07406043
38586;1;1;3;3;2;;1;4;1;;;;;;;;;;;;;;;;;;;;;;;;;;;;;;;;;1;1;1;2;2;1;1;1;2;2;2;1;1;;;;;;;;;;;;;1;5;1;1;2;2;2;2;3;2;3;1;2;2;3;4;2;3;2;1;4;2;;;2;;;;;;;;;;;;;;;;;;;;;;;;;;;;;;;;;;;;;1;2;98;;;;;;;;;;;;;;;;;;;;;;;;;;;;;;;;2;2;2;1;4;4;4;4;4;4;1;4;3;1;1;4;1;2;1;2;1;4;4;4;1;2;2;2;4;3;1;5;1;;2;5;1;;1;2;2;1;;2;5;0,07406043
38614;1;1;3;3;2;;1;4;1;;;;;;;;;;;;;;;;;;;;;;;;;;;;;;;;;1;1;1;2;2;1;1;1;2;1;1;1;1;;;;;;;;;;;;;2;3;1;9;2;4;2;3;3;3;2;3;2;3;2;2;2;2;1;2;3;1;2;;2;;;;;;;;;;;;;;;;;;;;;;;;;;;;;;;;;;;;;1;1;1;;2;;3;;4;;5;;;;;;;;2;;;;;;;;;;;;;;;;3;2;2;2;4;4;4;4;4;4;4;2;2;1;3;4;1;1;2;1;3;4;3;4;2;2;3;3;3;3;2;7;1;;2;4;1;;1;2;2;1;;2;6;0,08943269
38672;1;2;3;3;2;;1;4;3;;;;;;;;;;;;;;;;;;;;;;;;;;;;;;;;;1;1;2;2;2;1;1;1;1;1;1;1;1;;;;;;;;;;;;;1;5;5;2;3;2;1;2;2;1;2;2;3;2;2;3;2;2;1;2;3;1;2;;9;;;;;;;;;;;;;;;;;;;;;;;;;;;;;;;;;;;;;1;1;98;;;;;;;;;;;;;;;;;;;;;;;;;;;;;;;;4;2;2;1;4;4;4;4;4;4;2;3;3;3;1;4;2;2;2;2;2;4;3;4;2;2;1;2;3;3;2;3;1;;2;5;1;;1;2;1;1;;2;3;0,33272818
38687;2;11;3;3;3;;1;1;9;2;2;2;2;2;2;2;2;2;2;2;2;2;2;2;2;8;VOS CROYANCES RELIGIEUSES NE COINCIDENT PAS AVEC LA POLITIQUE;;;;;;;;;;;;;;;;;;;;;;;;2;2;2;;;;;;;;;;;;;;2;10;10;2;2;2;2;2;1;2;1;1;2;2;4;3;2;4;3;5;4;1;;2;1;3;;;;;;;;;;;;;;;;;;;;3;;;;;;;;;;;;;;;;1;2;98;;;;;;;;;;;;;;;;;;;;;;;;;;;;;;;;4;4;4;4;4;4;4;4;4;4;3;1;2;4;1;4;1;2;2;2;1;4;4;4;;;3;4;3;3;1;2;1;;2;6;1;;1;2;2;2;5;2;4;1,10486627
38737;1;8;3;3;1;1;1;4;1;;;;;;;;;;;;;;;;;;;;;;;;;;;;;;;;;1;2;1;2;2;1;1;1;2;2;2;2;2;2;;;;;;;;;;;;2;3;3;1;2;2;2;2;2;2;3;2;3;2;3;4;3;1;1;2;1;2;;;1;6;;;;;;;;;;;;;;;;;;;;3;;;;;;;;;;;;;;;;1;1;98;;;;;;;;;;;;;;;;;;;;;;;;;;;;;;;;2;2;2;2;4;4;4;4;4;4;3;2;2;2;2;4;1;2;2;1;1;1;1;9;2;2;1;4;4;3;1;3;1;;2;3;1;;1;4;3;1;;2;8;0,3693144
38800;1;11;3;3;2;;1;4;1;;;;;;;;;;;;;;;;;;;;;;;;;;;;;;;;;1;2;1;1;1;1;2;2;1;1;1;1;2;1;;;;;;;;;;;;1;2;0;1;2;3;2;1;1;2;3;2;2;1;1;2;1;3;1;1;4;1;2;;2;;;;;;;;;;;;;;;;;;;;;;;;;;;;;;;;;;;;;1;1;98;;;;;;;;;;;;;;;;;;;;;;;;;;;;;;;;2;1;4;4;4;4;3;3;4;4;1;1;1;4;1;4;2;2;1;1;1;4;4;1;2;2;1;1;4;3;2;4;6;;2;6;1;;1;1;0;1;;2;3;0,07957616
38836;2;11;3;3;6;;1;3;4;2;2;2;2;2;2;2;2;2;1;2;2;2;1;1;2;0;RIEN;;;;;;;;;;;;;;;;;;;;;;;;1;1;1;;;;;;;;;;;;;;1;5;5;2;2;2;2;2;2;3;3;2;2;2;2;2;2;2;1;1;3;2;;;2;;;;;;;;;;;;;;;;;;;;;;;;;;;;;;;;;;;;;2;;98;;;;;;;;;;;;;;;;;;;;;;;;;;;;;;;;4;2;4;4;4;4;4;4;4;4;2;3;4;4;2;4;1;1;2;1;1;4;3;4;;;3;3;4;3;2;3;6;;2;6;1;;3;1;0;1;;2;2;0,28607252
38889;1;9;3;3;2;;1;4;3;;;;;;;;;;;;;;;;;;;;;;;;;;;;;;;;;1;1;1;1;1;1;1;1;1;1;1;1;2;1;;;;;;;;;;;;1;2;0;2;1;2;1;1;2;1;3;2;2;2;1;3;1;2;1;1;1;1;1;;1;4;;;;;;;;;;;;;;;;;;;;3;;;;;;;;;;;;;;;;2;;98;;;;;;;;;;;;;;;;;;;;;;;;;;;;;;;;1;2;2;1;2;4;4;4;4;4;2;1;2;4;2;4;2;2;2;1;2;2;2;2;1;1;2;2;3;3;1;7;6;;2;6;1;;1;2;0;1;;2;5;0,08323339
38917;1;10;3;3;2;;1;4;2;;;;;;;;;;;;;;;;;;;;;;;;;;;;;;;;;2;1;2;2;2;1;1;1;2;1;1;1;1;;;;;;;;;;;;;1;4;1;2;1;2;1;2;1;1;1;1;1;3;1;1;2;2;1;1;1;2;;;2;;;;;;;;;;;;;;;;;;;;;;;;;;;;;;;;;;;;;2;;98;;;;;;;;;;;;;;;;;;;;;;;;;;;;;;;;2;2;2;4;1;4;4;4;3;4;1;2;4;4;1;4;2;1;4;2;1;4;3;3;2;2;1;4;4;3;2;3;1;;2;6;1;;9;1;0;1;;2;3;0,33272818
39023;2;9;3;3;5;;1;2;3;2;2;2;2;1;2;2;1;2;1;2;2;2;1;2;2;97;''UN SURPLUS POUR LES AINéES'';;;;;;;;;;;;;;;;;;;;;;;;2;2;2;;;;;;;;;;;;;;2;6;6;2;3;1;1;1;4;1;1;1;4;1;1;1;1;1;1;2;1;1;;2;1;3;;;;;;;;;;;;;;;;;;;;97;S'INSCRIRE LISTE éLéCTORALE;;;;;;;;;;;;;;;2;;98;;;;;;;;;;;;;;;;;;;;;;;;;;;;;;;;3;4;4;4;4;4;4;4;4;4;2;3;4;4;3;4;2;1;1;1;1;3;4;1;;;1;1;4;3;1;2;6;;2;5;1;;2;1;0;1;;2;1;0,65469897
39133;1;8;3;3;2;;1;4;4;;;;;;;;;;;;;;;;;;;;;;;;;;;;;;;;;1;1;2;2;2;1;1;1;2;1;1;1;2;1;;;;;;;;;;;;1;4;4;2;3;2;3;2;2;3;2;2;2;3;2;2;3;2;2;2;3;2;;;2;;;;;;;;;;;;;;;;;;;;;;;;;;;;;;;;;;;;;1;1;1;;;;;;;;;;;;;;;;2;;;;;;;;;;;;;;;;3;2;4;2;4;2;4;4;4;2;3;3;3;2;2;4;1;1;1;1;1;4;4;4;1;2;4;1;1;3;2;7;1;;2;6;1;;1;2;2;1;;2;5;0,08943269
39179;2;11;3;3;3;;1;1;3;1;2;2;2;2;2;1;2;2;2;1;2;2;1;1;2;5;JY  SERAIS ALLEZ SI J'AURAIS éTé PRéSENT;;;;;;;;;;;;;;;;;;;;;;;;1;1;1;;;;;;;;;;;;;;1;2;2;1;2;2;1;1;1;1;1;1;1;1;1;1;1;1;1;1;1;2;;;1;4;;;;;;;;;;;;;;;;;;;;3;;;;;;;;;;;;;;;;2;;5;;;;;;;;;;;;;;;;;;;;;;;;;;;;;;;;2;2;2;1;4;4;4;4;4;4;3;3;2;2;2;4;1;1;1;1;1;1;4;4;;;1;1;4;3;1;1;8;;2;5;1;;1;2;3;1;;1;6;1,10486627
39211;2;2;3;3;6;;1;3;2;2;2;2;2;2;2;2;2;2;2;1;2;2;2;2;1;2;BUREAU DE VOTE TROP LOIN;;;;;;;;;;;;;;;;;;;;;;;;1;1;1;;;;;;;;;;;;;;2;1;2;1;1;2;2;2;1;1;2;3;2;1;2;4;1;2;1;1;1;2;;;2;;;;;;;;;;;;;;;;;;;;;;;;;;;;;;;;;;;;;1;1;5;;;;;;;;;;;;;;;;;;;;;;;;;;;;;;;;1;2;3;2;3;4;4;4;4;4;2;4;2;2;2;4;3;1;2;1;2;4;4;4;;;1;4;4;3;1;4;6;;2;6;1;;1;1;0;1;;2;2;0,16768828
39274;2;8;3;3;2;;1;2;4;2;2;2;2;2;2;1;2;2;2;2;2;2;1;2;2;11;QUE CA FERME PLUS TARD LE SOIR;;;;;;;;;;;;;;;;;;;;;;;;1;1;2;;;;;;;;;;;;;;1;6;5;2;3;2;3;2;3;3;3;2;2;5;3;3;3;3;1;2;3;1;;2;1;2;;3;;;;;;;;;;;;;;;;;;3;;;;;;;;;;;;;;;;2;;2;;;;;;;;;;;;;;;;;;;;;;;;;;;;;;;;2;3;3;4;4;4;4;4;4;4;3;3;3;3;2;3;1;1;1;1;1;2;2;4;2;2;4;4;4;3;2;3;1;;1;1;1;;2;1;3;1;;2;3;0,4271372
39281;1;2;3;3;2;;1;4;1;;;;;;;;;;;;;;;;;;;;;;;;;;;;;;;;;1;2;1;1;2;2;2;2;2;1;1;1;2;1;;3;;;;;;;;1;2;1;5;0;2;2;2;2;2;3;3;3;2;2;2;2;2;2;2;1;1;3;2;;;1;2;;4;;;;;;;;;;;;;;;;;;97;#NOM?;;;;;;;;;;;;;;;1;1;1;;2;;3;;4;;5;;;;;;;;1;;2;;4;;;;;;;;;;;;3;3;3;4;4;4;4;4;4;4;1;1;1;1;1;4;1;1;1;1;1;9;1;9;2;2;3;3;3;3;2;7;1;;2;4;1;;1;2;1;1;;2;7;0,08943269
39332;1;8;3;3;2;;1;4;1;;;;;;;;;;;;;;;;;;;;;;;;;;;;;;;;;1;1;1;2;2;1;1;1;1;1;1;2;2;4;;;;;;;;;;;;1;1;0;1;1;4;2;2;1;3;1;3;1;3;1;2;2;1;1;2;1;1;2;;1;7;;3;;8;;;;;;;;;;;;;;;;2;;5;;;;;;;;;;;;;;1;1;1;;;;;;;;;;;;;;;;2;;4;;;;;;;;;;;;;;1;1;3;2;1;4;2;4;4;4;1;2;1;1;4;4;1;1;1;1;1;4;4;4;2;2;1;3;4;3;2;4;8;;2;6;1;;1;2;0;1;;2;4;0,07957616
39344;1;9;3;3;2;;1;4;3;;;;;;;;;;;;;;;;;;;;;;;;;;;;;;;;;1;1;2;1;2;1;1;1;2;1;1;1;2;1;;;;;;;;;;;;2;5;4;2;2;2;1;1;3;2;2;3;2;2;2;3;1;2;1;1;4;1;2;;2;;;;;;;;;;;;;;;;;;;;;;;;;;;;;;;;;;;;;1;1;1;;;;;;;;;;;;;;;;1;;;;;;;;;;;;;;;;3;2;4;4;4;4;4;4;4;4;2;3;3;2;3;4;1;1;1;1;1;9;4;2;2;2;4;4;4;3;2;3;1;;2;5;1;;1;2;0;1;;2;7;0,33272818
39391;2;1;3;3;2;;1;1;1;1;2;2;2;1;2;2;2;2;2;2;2;2;1;1;2;3;CELA M'AURAIS INCITER SI J'AVAIS SUIVIE LES NOUVELLES;;;;;;;;;;;;;;;;;;;;;;;;2;2;2;;;;;;;;;;;;;;2;6;4;2;3;3;2;2;2;3;1;3;1;3;3;2;3;1;2;1;3;1;;2;1;3;;6;;;;;;;;;;;;;;;;;;4;;2;;;;;;;;;;;;;;2;;5;;;;;;;;;;;;;;;;;;;;;;;;;;;;;;;;2;2;4;4;2;4;4;4;4;4;4;3;2;2;3;4;1;1;1;1;1;4;4;3;2;2;1;4;4;3;2;2;1;;1;1;1;;2;1;1;1;;2;1;0,4271372
39426;2;9;3;3;3;;1;1;4;2;1;2;1;1;2;2;2;2;2;1;2;2;1;2;2;5;SI J'AVAIS PU VOTER A UN BUREAU DE VOTE EN DEHORS DE SA RéGION CAR J'éTAIS AILLEURS;;;;;;;;;;;;;;;;;;;;;;;;1;1;1;;;;;;;;;;;;;;1;4;5;1;2;1;1;3;1;4;1;1;1;3;1;2;4;1;1;2;2;1;;1;2;;;;;;;;;;;;;;;;;;;;;;;;;;;;;;;;;;;;;1;1;1;;;;;;;;;;;;;;;;1;;;;;;;;;;;;;;;;3;2;2;4;2;4;4;4;4;4;1;2;1;3;1;1;1;1;1;2;1;4;1;4;;;4;1;4;2;1;8;1;;2;5;1;;1;2;2;1;;2;8;0,29697213
39543;2;8;3;3;6;;1;1;3;1;1;1;2;1;2;1;2;2;1;2;1;2;2;2;2;7;NE PAS ETRE MALDE;;;;;;;;;;;;;;;;;;;;;;;;1;1;2;;;;;;;;;;;;;;2;10;10;2;2;4;2;1;3;2;2;1;2;2;2;2;2;1;2;3;4;2;;;2;;;;;;;;;;;;;;;;;;;;;;;;;;;;;;;;;;;;;1;1;98;;;;;;;;;;;;;;;;;;;;;;;;;;;;;;;;2;4;4;4;4;4;4;4;4;4;2;4;4;3;4;4;2;2;2;2;2;2;2;4;;;2;3;4;3;2;3;6;;1;6;1;;1;2;0;1;;2;2;0,28607252
39559;1;4;3;2;2;;1;4;1;;;;;;;;;;;;;;;;;;;;;;;;;;;;;;;;;1;1;2;2;1;1;1;1;2;1;1;1;1;;;;;;;;;;;;;1;2;2;2;2;2;2;2;3;1;2;2;2;2;2;3;2;1;1;1;3;1;2;;2;;;;;;;;;;;;;;;;;;;;;;;;;;;;;;;;;;;;;1;1;98;;;;;;;;;;;;;;;;;;;;;;;;;;;;;;;;2;2;4;2;4;4;4;4;4;4;1;2;3;4;3;4;1;1;1;1;1;4;3;4;2;2;3;3;3;3;2;4;1;;2;6;1;;1;2;0;1;;2;5;0,25982258
39615;2;1;3;3;4;;1;1;9;1;2;2;1;1;2;2;2;2;2;2;2;2;2;2;2;1;"QUELQU'UN QUI EST BONS; LE MONDE ALENTOUR DEVRAIT PRENDR EXMEPLE";;;;;;;;;;;;;;;;;;;;;;;;2;2;2;;;;;;;;;;;;;;1;10;4;2;4;3;1;1;1;1;1;1;3;4;1;1;1;1;1;1;1;2;;;2;;;;;;;;;;;;;;;;;;;;;;;;;;;;;;;;;;;;;2;;98;;;;;;;;;;;;;;;;;;;;;;;;;;;;;;;;1;3;4;4;4;4;4;4;4;4;3;3;3;3;2;4;1;2;1;1;1;3;1;3;;;2;1;2;3;1;2;8;;2;5;1;;2;1;0;1;;2;2;1,14362192
39649;2;10;3;3;2;;1;2;4;1;2;2;2;2;2;1;2;2;2;1;2;2;1;1;1;97;VOTING WITHOUT ID;;;;;;;;;;;;;;;;;;;;;;;;2;2;2;;;;;;;;;;;;;;1;5;5;2;4;3;2;2;1;2;2;2;1;3;1;2;2;2;2;2;2;2;;;2;;;;;;;;;;;;;;;;;;;;;;;;;;;;;;;;;;;;;1;2;2;;;;;;;;;;;;;;;;;;;;;;;;;;;;;;;;3;2;3;4;3;4;4;2;4;4;3;4;2;2;2;2;1;2;2;2;2;2;3;2;1;2;2;2;2;3;2;5;1;;1;2;2;;2;3;2;1;;1;2;0,10215487
39668;2;10;3;3;2;;1;1;4;2;2;2;2;2;2;1;2;2;2;1;2;2;1;2;2;11;IL AURAIT FALLU QUE LES PORTES D'OUVERTURES SOIENT PLUS TôT OU PLUS TARD;;;;;;;;;;;;;;;;;;;;;;;;1;1;1;;;;;;;;;;;;;;1;5;1;2;3;2;2;3;2;2;4;1;2;2;2;2;2;2;1;2;4;1;;2;2;;;;;;;;;;;;;;;;;;;;;;;;;;;;;;;;;;;;;1;1;98;;;;;;;;;;;;;;;;;;;;;;;;;;;;;;;;2;2;4;4;4;4;4;4;4;4;2;3;2;2;2;4;1;1;4;1;1;4;4;2;2;2;2;4;4;3;2;2;4;;2;5;1;;1;2;3;1;;2;3;0,4271372
39755;1;2;3;3;1;1;1;4;2;;;;;;;;;;;;;;;;;;;;;;;;;;;;;;;;;1;1;2;2;2;1;1;2;2;1;1;2;1;;;;;;;;;;;;;1;4;2;1;1;2;2;2;5;2;1;2;2;5;2;2;2;2;2;2;2;1;2;;2;;;;;;;;;;;;;;;;;;;;;;;;;;;;;;;;;;;;;2;;98;;;;;;;;;;;;;;;;;;;;;;;;;;;;;;;;1;2;2;4;1;4;4;3;4;4;1;2;2;1;4;4;2;1;2;2;2;2;4;4;2;2;2;3;4;3;1;2;6;;2;6;1;;2;1;0;1;;2;2;0,3693144
39761;1;2;3;3;2;;1;4;3;;;;;;;;;;;;;;;;;;;;;;;;;;;;;;;;;1;1;1;1;2;1;1;1;1;1;1;1;1;;;;;;;;;;;;;2;2;2;1;2;2;1;1;1;1;3;2;2;2;1;3;1;2;3;2;2;1;2;;1;3;;;;;;;;;;;;;;;;;;;;5;;;;;;;;;;;;;;;;2;;98;;;;;;;;;;;;;;;;;;;;;;;;;;;;;;;;2;2;4;4;4;4;4;4;4;4;1;3;2;3;2;2;1;1;2;2;1;2;2;2;2;2;2;1;2;3;1;2;6;;1;5;1;;2;1;0;1;;2;1;0,30966517
39930;2;2;3;3;4;;1;1;9;2;1;2;2;1;2;2;1;2;2;2;2;2;2;2;2;11;LA LISTE ELECTORALE ETAIT DEJA COMPLETE.POUVEZ PAS S'INCRIRE, 2 JOURS AVANT LES ELECTIONS;;;;;;;;;;;;;;;;;;;;;;;;1;1;2;;;;;;;;;;;;;;2;3;3;1;2;3;2;2;2;3;1;1;4;4;1;4;1;1;1;1;1;2;;;2;;;;;;;;;;;;;;;;;;;;;;;;;;;;;;;;;;;;;1;1;98;;;;;;;;;;;;;;;;;;;;;;;;;;;;;;;;2;2;4;4;4;4;4;4;4;4;1;4;3;3;3;4;1;1;1;1;1;4;4;4;;;3;4;3;3;1;5;1;;2;6;1;;1;2;0;2;5;2;7;0,27351153
39939;2;8;3;3;4;;1;1;1;2;1;2;2;1;2;2;2;2;2;2;2;2;2;2;2;0;RIEN;;;;;;;;;;;;;;;;;;;;;;;;2;2;2;;;;;;;;;;;;;;4;10;10;2;1;2;4;4;4;4;4;4;4;4;4;4;4;4;4;4;4;2;;;1;3;;;;;;;;;;;;;;;;;;;;4;;3;;;;;;;;;;;;;;1;2;98;;;;;;;;;;;;;;;;;;;;;;;;;;;;;;;;4;4;4;4;4;4;4;4;4;4;3;2;4;4;4;4;4;3;4;4;4;4;4;4;;;4;4;4;3;1;3;1;;2;6;1;;1;2;0;1;;2;3;1,14362192
40199;1;8;3;3;2;;1;4;4;;;;;;;;;;;;;;;;;;;;;;;;;;;;;;;;;1;2;2;1;2;2;1;2;1;1;1;1;2;1;;;;;;;;;;;;1;0;0;2;1;4;5;4;1;4;1;2;1;4;1;1;4;2;1;5;4;1;2;;1;4;;;;;;;;;;;;;;;;;;;;5;;;;;;;;;;;;;;;;2;;98;;;;;;;;;;;;;;;;;;;;;;;;;;;;;;;;1;1;4;1;4;4;4;1;4;4;1;4;4;4;4;3;2;2;1;3;3;3;3;2;2;2;2;3;3;3;1;1;5;;2;6;1;;2;1;0;1;;2;1;0,30966517
40218;2;2;3;3;6;;1;1;1;2;1;1;2;1;2;2;2;2;2;2;2;2;2;2;2;1;SI LES POLITICIENS RESPECTAIENT LEUR PROMESSES;;;;;;;;;;;;;;;;;;;;;;;;2;2;2;;;;;;;;;;;;;;4;10;10;2;4;4;4;1;2;4;1;1;1;1;1;2;4;2;4;4;4;2;;;1;3;;4;;;;;;;;;;;;;;;;;;4;;;;;;;;;;;;;;;;2;;1;;;;;;;;;;;;;;;;97;FILLE;;;;;;;;;;;;;;;4;3;4;1;4;4;4;4;4;4;4;4;4;4;4;3;1;1;3;1;1;4;4;4;;;3;4;4;3;2;2;9;;1;6;1;;2;1;0;1;;2;1;0,28607252
40247;1;16;3;1;2;;1;4;1;;;;;;;;;;;;;;;;;;;;;;;;;;;;;;;;;1;1;1;2;2;1;1;2;2;1;1;2;2;2;;;;;;;;;;;;1;5;3;1;2;2;2;3;2;2;3;2;2;2;2;3;2;3;2;2;3;2;;;1;3;;4;;;;;;;;;;;;;;;;;;3;;;;;;;;;;;;;;;;1;1;1;;;;;;;;;;;;;;;;1;;;;;;;;;;;;;;;;2;1;1;1;4;2;4;3;4;4;3;3;2;2;1;4;1;1;2;2;4;3;4;2;1;2;1;3;3;3;2;7;1;;3;6;1;;2;3;0;1;;2;98;0,45117819
40312;2;2;3;3;5;;1;3;3;1;2;2;2;1;2;2;2;2;2;2;2;2;2;2;2;97;ON EST PLUS DE CONDIDAT JE CONNAISSAIT PAS LES CONDIDART;3;;;;;;;;;;;;;;;;;;;;;;;9;2;2;;;;;;;;;;;;;;2;5;5;2;3;3;2;2;2;2;2;2;2;2;2;2;2;2;2;2;2;2;;;2;;;;;;;;;;;;;;;;;;;;;;;;;;;;;;;;;;;;;1;1;98;;;;;;;;;;;;;;;;;;;;;;;;;;;;;;;;4;2;4;4;4;4;4;4;4;4;2;4;2;4;4;4;1;2;2;2;2;4;3;3;;;1;4;4;3;2;3;9;;2;6;1;;1;2;0;1;;2;3;0,26712185
40383;1;9;3;3;2;;1;4;1;;;;;;;;;;;;;;;;;;;;;;;;;;;;;;;;;1;1;1;1;2;1;1;1;1;1;1;1;1;;;;;;;;;;;;;1;2;2;1;2;2;2;3;2;2;3;1;1;3;1;3;2;1;1;1;1;2;;;2;;;;;;;;;;;;;;;;;;;;;;;;;;;;;;;;;;;;;1;1;98;;;;;;;;;;;;;;;;;;;;;;;;;;;;;;;;1;2;2;2;4;4;4;4;4;4;2;2;4;4;2;4;1;1;1;1;2;3;3;2;2;2;2;3;3;2;2;2;6;;2;6;1;;1;2;0;1;;2;3;0,33272818
40435;2;11;3;3;2;;1;2;4;2;2;2;2;2;2;1;2;2;2;2;2;2;2;1;2;14;CHANGEMENT;;;;;;;;;;;;;;;;;;;;;;;;2;2;2;;;;;;;;;;;;;;2;1;1;2;3;3;1;1;1;2;2;1;1;2;2;1;1;1;1;2;2;2;;;2;;;;;;;;;;;;;;;;;;;;;;;;;;;;;;;;;;;;;1;1;1;;;;;;;;;;;;;;;;1;;;;;;;;;;;;;;;;3;2;4;4;4;4;4;4;4;4;2;3;3;3;2;4;1;1;1;1;1;4;4;4;2;2;1;1;1;2;1;3;1;;1;6;1;;2;3;0;1;;2;3;1,04688501
40455;1;2;3;3;2;;1;4;1;;;;;;;;;;;;;;;;;;;;;;;;;;;;;;;;;1;1;1;2;2;2;1;2;1;1;1;2;1;;;;;;;;;;;;;1;5;2;9;2;2;3;3;2;2;3;1;2;1;1;1;3;2;1;2;4;1;2;;1;3;;;;;;;;;;;;;;;;;;;;4;;;;;;;;;;;;;;;;1;1;98;;;;;;;;;;;;;;;;;;;;;;;;;;;;;;;;3;2;4;4;4;4;4;4;4;4;3;1;3;2;2;4;2;2;1;2;2;2;4;2;2;2;4;3;3;3;1;2;1;;2;6;1;;1;2;2;1;;2;3;0,30966517
40492;2;11;3;3;5;;1;3;3;2;2;2;2;2;2;2;2;2;2;2;1;2;2;2;2;7;RIEN DE PLUS (MALADIE);;;;;;;;;;;;;;;;;;;;;;;;1;1;1;;;;;;;;;;;;;;1;2;2;1;2;2;2;2;3;2;2;3;3;2;3;3;2;2;1;1;3;1;;2;2;;;;;;;;;;;;;;;;;;;;;;;;;;;;;;;;;;;;;1;1;98;;;;;;;;;;;;;;;;;;;;;;;;;;;;;;;;3;2;4;2;4;4;4;4;4;4;2;3;2;3;2;4;1;1;1;1;1;4;4;2;;;2;4;4;3;2;6;1;;2;6;1;;1;2;0;1;;2;5;0,0638857
40598;1;2;3;3;2;;1;4;1;;;;;;;;;;;;;;;;;;;;;;;;;;;;;;;;;1;1;1;1;2;1;1;1;1;1;1;1;2;3;;;;;;;;;;1;1;1;4;4;9;2;3;2;3;2;3;2;2;2;3;2;2;3;3;2;3;3;2;;;2;;;;;;;;;;;;;;;;;;;;;;;;;;;;;;;;;;;;;1;1;1;;2;;3;;5;;;;;;;;;;1;;2;;;;;;;;;;;;;;3;1;2;2;2;4;4;3;3;4;4;2;2;2;2;2;2;2;2;2;2;3;2;3;1;2;2;2;3;3;2;7;1;;2;3;1;;1;2;2;1;;2;6;0,08943269
40688;1;1;3;3;2;;1;4;1;;;;;;;;;;;;;;;;;;;;;;;;;;;;;;;;;1;1;1;2;2;1;1;1;2;1;1;2;2;1;;;;;;;;;;;;1;5;5;1;2;3;2;2;3;3;1;2;2;2;2;3;4;2;1;2;3;2;;;2;;;;;;;;;;;;;;;;;;;;;;;;;;;;;;;;;;;;;2;;98;;;;;;;;;;;;;;;;;;;;;;;;;;;;;;;;2;1;4;2;4;4;4;4;4;4;3;3;3;2;3;4;1;1;3;2;1;4;4;3;1;2;1;1;4;3;2;7;1;;2;3;1;;1;2;1;1;;2;5;0,08943269
40816;1;2;3;3;1;1;1;4;2;;;;;;;;;;;;;;;;;;;;;;;;;;;;;;;;;1;1;1;2;2;1;1;1;2;2;2;2;1;;;;;;;;;;;;;1;1;0;1;2;2;2;2;3;2;4;3;3;2;3;4;2;3;1;1;3;1;2;;1;2;;4;;3;;;;;;;;;;;;;;;;5;;;;;;;;;;;;;;;;1;1;1;;3;;2;;4;;5;;;;;;;;1;;;;;;;;;;;;;;;;1;1;4;1;4;4;4;3;4;1;1;1;1;3;1;2;2;1;4;2;2;3;4;2;1;1;2;2;2;3;1;98;3;;3;6;1;;2;3;1;1;;2;98;0,3693144
40841;2;8;3;3;6;;1;3;4;1;1;1;1;1;2;2;2;2;2;2;2;2;2;2;2;0;RIEN;;;;;;;;;;;;;;;;;;;;;;;;1;1;1;;;;;;;;;;;;;;2;10;10;2;3;2;3;1;1;4;1;1;1;4;1;1;3;1;1;2;4;1;;2;2;;;;;;;;;;;;;;;;;;;;;;;;;;;;;;;;;;;;;1;1;1;;;;;;;;;;;;;;;;2;;;;;;;;;;;;;;;;2;3;3;1;4;4;4;4;4;4;1;4;3;4;3;4;1;1;1;1;1;4;4;4;;;1;4;4;3;2;5;6;;2;6;1;;1;2;0;1;;2;3;0,06841806
40928;2;2;3;3;2;;1;1;2;1;2;2;2;2;2;2;2;2;2;2;2;2;1;2;2;3;ÊTRE PLUS AU COURANT, PAS INTéRéSSéE PAR LA POLITIQUE;8;;;;;;;;;;;;;;;;;;;;;;;2;1;2;;;;;;;;;;;;;;2;8;7;2;3;3;3;3;2;3;2;2;3;3;2;3;4;1;2;2;2;1;;2;1;1;;10;TéLéPHONE PAS RéPONDU;;;;;;;;;;;;;;;;;4;;3;;;;;;;;;;;;;;1;1;98;;;;;;;;;;;;;;;;;;;;;;;;;;;;;;;;4;4;4;4;4;4;4;4;4;4;4;4;4;3;3;4;2;1;1;2;2;2;3;4;2;2;1;4;3;3;2;8;1;;2;5;1;;1;2;2;1;;2;7;0,11480807
40959;2;4;3;2;3;;1;3;9;1;2;2;2;2;2;2;2;2;2;1;2;2;1;1;2;11;MON HEURAIRE DE TRAVAIL;;;;;;;;;;;;;;;;;;;;;;;;2;2;2;;;;;;;;;;;;;;1;5;3;2;3;2;2;3;1;2;1;2;2;2;2;3;3;1;1;1;2;1;;2;2;;;;;;;;;;;;;;;;;;;;;;;;;;;;;;;;;;;;;2;;3;;2;;;;;;;;;;;;;;;;;;;;;;;;;;;;;;2;2;4;2;3;4;4;4;4;3;2;2;3;2;2;4;4;1;1;1;1;3;3;4;;;2;4;3;3;2;3;1;;1;6;1;;2;1;4;1;;1;4;2,48550725
41138;2;12;2;2;5;;1;1;1;2;1;1;2;1;2;2;2;2;2;2;2;2;2;2;1;0;RIEN;;;;;;;;;;;;;;;;;;;;;;;;2;2;2;;;;;;;;;;;;;;2;9;9;2;1;2;2;2;4;2;2;4;2;2;2;2;2;2;2;2;4;1;;2;2;;;;;;;;;;;;;;;;;;;;;;;;;;;;;;;;;;;;;1;2;98;;;;;;;;;;;;;;;;;;;;;;;;;;;;;;;;2;2;4;4;4;4;4;4;4;4;1;4;4;4;4;4;2;1;2;2;2;2;4;1;;;2;3;4;3;1;3;6;;2;6;1;;1;3;0;1;;2;3;2,85367322
41146;1;2;3;3;2;;1;4;4;;;;;;;;;;;;;;;;;;;;;;;;;;;;;;;;;1;1;1;2;2;1;1;1;2;1;1;1;2;5;;;;;;;;;;;;2;0;0;1;2;9;2;2;1;5;3;2;2;2;2;2;2;2;1;2;2;1;2;;2;;;;;;;;;;;;;;;;;;;;;;;;;;;;;;;;;;;;;2;;98;;;;;;;;;;;;;;;;;;;;;;;;;;;;;;;;3;3;4;4;2;4;4;4;4;4;2;2;2;2;4;4;1;2;4;1;9;4;4;4;2;2;1;1;3;3;2;2;6;;1;5;1;;3;1;0;1;;2;5;0,33272818
41151;2;2;3;3;2;;1;1;1;1;2;1;2;2;1;1;2;2;2;1;2;2;2;1;2;5;LA CHASSE;;;;;;;;;;;;;;;;;;;;;;;;1;1;1;;;;;;;;;;;;;;1;2;2;1;2;2;1;1;1;1;3;1;1;3;2;1;1;1;1;1;4;1;;2;1;3;;;;;;;;;;;;;;;;;;;;1;;;;;;;;;;;;;;;;1;1;2;;;;;;;;;;;;;;;;;;;;;;;;;;;;;;;;4;3;4;4;4;4;4;4;4;4;1;1;1;3;1;4;1;1;1;1;1;3;3;4;2;2;1;2;4;3;1;2;6;;2;6;1;;1;2;0;3;5;2;3;1,04688501
41260;2;9;3;3;5;;1;2;4;1;1;1;1;2;2;2;2;2;2;2;2;2;2;2;2;12;JE SAVAIT QUE PQ QUI LEMPORTER ET MON JE VOTE PAS POUR LE PQ;;;;;;;;;;;;;;;;;;;;;;;;1;1;2;;;;;;;;;;;;;;2;4;3;1;3;2;2;1;1;3;1;2;3;2;2;3;3;1;1;2;1;2;;;1;4;;;;;;;;;;;;;;;;;;;;4;;3;;;;;;;;;;;;;;1;2;1;;2;;;;;;;;;;;;;;3;;;;;;;;;;;;;;;;2;2;2;4;4;4;4;4;4;4;1;2;4;4;3;4;1;1;3;2;1;4;4;4;;;4;1;4;3;2;3;1;;2;6;1;;1;2;0;1;;2;99;0,26712185
41370;1;8;3;3;2;;1;4;1;;;;;;;;;;;;;;;;;;;;;;;;;;;;;;;;;1;1;1;2;2;1;1;1;2;1;1;1;2;1;;;;;;;;;;;;1;3;2;1;2;2;2;2;2;3;2;2;3;2;2;3;2;2;2;2;3;1;2;;1;3;;;;;;;;;;;;;;;;;;;;3;;;;;;;;;;;;;;;;1;1;3;;;;;;;;;;;;;;;;;;;;;;;;;;;;;;;;3;3;4;4;4;4;4;4;4;4;2;2;3;2;2;4;1;2;2;1;1;3;4;3;2;2;4;4;4;3;1;5;1;;2;4;1;;1;2;1;1;;2;4;0,07406043
41399;1;2;3;3;2;;1;4;2;;;;;;;;;;;;;;;;;;;;;;;;;;;;;;;;;1;1;2;2;2;1;1;1;2;1;1;1;1;;;;;;;;;;;;;1;5;4;1;2;3;1;1;2;1;4;2;2;1;2;2;2;2;1;1;1;1;2;;1;4;;;;;;;;;;;;;;;;;;;;4;;;;;;;;;;;;;;;;1;1;98;;;;;;;;;;;;;;;;;;;;;;;;;;;;;;;;4;4;2;2;2;4;4;4;4;4;1;1;1;1;2;4;1;1;1;1;1;3;3;3;2;2;1;3;3;3;1;4;1;;2;3;1;;1;2;0;1;;2;99;0,07406043
41480;1;2;3;3;2;;1;4;1;;;;;;;;;;;;;;;;;;;;;;;;;;;;;;;;;1;1;2;1;2;1;2;1;2;1;1;1;2;1;;;;;;;;;;;;1;4;3;2;2;2;2;3;3;4;4;3;4;2;3;3;2;3;2;1;3;1;2;;1;3;;;;;;;;;;;;;;;;;;;;3;;;;;;;;;;;;;;;;1;1;1;;2;;3;;;;;;;;;;;;2;;;;;;;;;;;;;;;;2;2;2;2;4;4;4;4;4;4;1;2;1;3;1;4;1;2;1;2;2;4;4;3;2;1;1;3;2;3;2;8;1;;2;5;1;;1;2;1;1;;2;6;0,08943269
41492;1;2;3;3;2;;1;4;1;;;;;;;;;;;;;;;;;;;;;;;;;;;;;;;;;1;1;1;1;2;1;1;2;1;1;1;1;2;1;;3;;;;;;;;1;1;1;0;0;1;2;3;2;2;3;4;2;2;2;2;2;3;2;2;1;4;2;1;2;;2;;;;;;;;;;;;;;;;;;;;;;;;;;;;;;;;;;;;;1;1;98;;;;;;;;;;;;;;;;;;;;;;;;;;;;;;;;1;2;3;2;4;4;2;4;4;4;2;3;1;2;2;4;1;1;1;2;2;1;4;3;1;2;1;4;3;3;2;4;1;;2;5;1;;1;2;2;1;;2;5;0,07957616
41503;1;1;3;3;2;;1;4;1;;;;;;;;;;;;;;;;;;;;;;;;;;;;;;;;;1;1;2;1;1;1;1;1;1;1;1;1;2;3;;;;;;;;;;1;1;1;0;0;2;1;2;1;2;2;3;4;2;3;2;3;4;2;2;1;1;4;1;2;;2;;;;;;;;;;;;;;;;;;;;;;;;;;;;;;;;;;;;;1;1;98;;;;;;;;;;;;;;;;;;;;;;;;;;;;;;;;1;1;2;2;2;4;4;2;4;4;4;1;1;2;1;4;1;1;2;1;1;4;2;3;1;2;1;2;3;3;2;7;1;;1;5;1;;1;2;2;1;;2;2;0,08943269
41522;2;2;3;3;4;;1;3;3;1;2;2;2;2;2;2;2;2;2;2;2;2;2;2;2;1;LES CONDIDATS QUE JAMAIT PAS;;;;;;;;;;;;;;;;;;;;;;;;1;1;1;;;;;;;;;;;;;;2;4;4;2;2;2;3;3;3;3;3;2;3;3;3;2;2;3;2;2;4;2;;;1;4;;;;;;;;;;;;;;;;;;;;3;;;;;;;;;;;;;;;;1;1;1;;;;;;;;;;;;;;;;3;;;;;;;;;;;;;;;;3;4;4;4;4;4;4;4;4;4;3;3;4;4;3;4;3;2;4;1;1;2;4;4;;;1;4;4;3;1;3;1;;2;5;1;;2;3;0;1;;2;6;1,14362192
41533;1;11;3;3;2;;1;4;1;;;;;;;;;;;;;;;;;;;;;;;;;;;;;;;;;1;1;2;1;2;1;1;2;2;1;1;1;1;;;;;;;;;;;;;1;0;0;2;2;2;1;2;1;4;1;1;1;3;1;4;2;1;1;1;2;2;;;2;;;;;;;;;;;;;;;;;;;;;;;;;;;;;;;;;;;;;1;1;1;;;;;;;;;;;;;;;;1;;;;;;;;;;;;;;;;2;2;4;4;2;4;4;2;4;4;1;1;4;3;3;4;1;1;1;1;1;4;4;4;2;2;4;4;3;3;2;4;1;;2;6;1;;1;3;1;1;;2;2;0,07957616
41678;1;9;3;3;2;;1;4;1;;;;;;;;;;;;;;;;;;;;;;;;;;;;;;;;;1;1;1;2;1;1;1;1;2;1;1;1;1;;;;;;;;;;;;;1;3;3;1;2;2;1;1;1;1;2;1;1;1;1;4;1;1;1;2;1;1;2;;1;4;;;;;;;;;;;;;;;;;;;;3;;;;;;;;;;;;;;;;1;1;1;;;;;;;;;;;;;;;;1;;2;;;;;;;;;;;;;;1;3;2;1;9;4;2;4;9;1;2;3;2;2;3;4;1;2;3;1;1;2;4;2;2;2;3;3;3;3;1;4;6;;2;6;1;;1;4;0;1;;2;4;0,07406043
41843;2;8;3;3;4;;1;1;9;2;1;1;2;1;2;2;2;2;2;2;2;2;2;2;2;8;SA M`INTERERSSER PAS;;;;;;;;;;;;;;;;;;;;;;;;1;8;8;;;;;;;;;;;;;;3;5;5;2;3;3;2;2;2;2;2;2;2;2;2;2;3;2;2;2;3;2;;;2;;;;;;;;;;;;;;;;;;;;;;;;;;;;;;;;;;;;;1;1;1;;3;;2;;;;;;;;;;;;2;;;;;;;;;;;;;;;;2;3;4;2;4;4;4;4;4;4;1;1;4;4;1;4;2;1;9;3;3;3;4;4;;;3;3;3;3;1;3;1;;2;6;1;;1;3;1;1;;2;4;1,14362192
41886;1;8;3;3;2;;1;4;1;;;;;;;;;;;;;;;;;;;;;;;;;;;;;;;;;1;1;2;2;2;1;1;1;2;1;1;1;1;;;;;;;;;;;;;1;0;0;2;1;2;1;1;1;1;3;3;3;1;1;3;1;2;1;1;1;1;2;;1;4;;;;;;;;;;;;;;;;;;;;3;;;;;;;;;;;;;;;;1;1;98;;;;;;;;;;;;;;;;;;;;;;;;;;;;;;;;3;1;1;1;1;4;4;4;1;4;1;1;1;2;1;4;1;1;1;1;1;2;4;1;1;1;3;2;3;3;2;7;1;;2;6;1;;1;2;0;1;;2;4;0,08943269
41920;2;2;3;3;1;1;1;1;1;2;1;1;2;2;2;2;2;2;2;2;2;2;1;1;1;99;ABSOLUMENT RIEN;;;;;;;;;;;;;;;;;;;;;;;;9;2;9;;;;;;;;;;;;;;3;10;10;2;4;3;2;3;1;4;3;2;2;3;1;3;4;2;3;3;5;2;;;2;;;;;;;;;;;;;;;;;;;;;;;;;;;;;;;;;;;;;1;2;98;;;;;;;;;;;;;;;;;;;;;;;;;;;;;;;;4;2;4;4;4;4;4;4;4;4;4;3;3;3;3;4;2;1;4;4;4;4;4;4;2;2;1;4;4;3;1;5;1;;2;3;1;;1;2;3;1;;2;3;0,38921937
41945;2;2;3;3;3;;1;3;2;2;2;2;2;2;2;2;1;2;2;2;2;2;2;2;2;4;SI ELLE ETAIT INSCRITE SUR LA LISTE;;;;;;;;;;;;;;;;;;;;;;;;1;1;1;;;;;;;;;;;;;;1;4;2;1;2;2;2;2;2;2;3;3;2;2;2;3;2;1;2;2;3;1;;2;1;3;;;;;;;;;;;;;;;;;;;;3;;;;;;;;;;;;;;;;1;1;98;;;;;;;;;;;;;;;;;;;;;;;;;;;;;;;;3;3;4;4;4;4;4;4;4;4;3;4;3;4;3;4;1;2;2;1;2;4;4;4;;;3;1;4;3;2;3;1;;1;3;1;;1;2;2;1;;2;2;0,45079193
41964;1;2;3;3;2;;1;4;1;;;;;;;;;;;;;;;;;;;;;;;;;;;;;;;;;1;1;2;1;1;1;1;1;2;1;1;1;2;3;;;;;;;;;;1;1;1;1;0;1;2;3;2;2;2;2;1;4;1;2;1;1;2;1;1;2;4;2;;;2;;;;;;;;;;;;;;;;;;;;;;;;;;;;;;;;;;;;;1;1;1;;;;;;;;;;;;;;;;4;;;;;;;;;;;;;;;;1;1;2;3;1;4;4;4;4;4;3;2;4;2;2;1;1;1;1;1;1;4;1;4;1;1;1;3;3;3;1;5;1;;2;5;1;;1;2;3;1;;2;5;0,07406043
41997;1;2;3;3;2;;1;4;1;;;;;;;;;;;;;;;;;;;;;;;;;;;;;;;;;1;1;2;1;1;1;2;2;1;1;1;1;1;;;;;;;;;;;;;1;4;6;2;2;2;2;2;1;4;2;3;2;3;2;3;2;2;1;1;4;2;;;2;;;;;;;;;;;;;;;;;;;;;;;;;;;;;;;;;;;;;1;1;98;;;;;;;;;;;;;;;;;;;;;;;;;;;;;;;;4;2;4;4;3;4;4;4;4;4;3;3;2;2;2;4;1;1;1;1;1;4;4;4;1;1;4;4;4;3;2;7;1;;2;6;1;;1;2;2;1;;2;7;0,08943269
42161;1;2;3;3;1;1;1;4;1;;;;;;;;;;;;;;;;;;;;;;;;;;;;;;;;;1;1;2;1;2;2;2;2;2;1;1;1;1;;;;;;;;;;;;;1;3;5;1;2;2;1;3;2;1;3;2;3;2;4;2;2;3;1;1;1;2;;;1;3;;4;;;;;;;;;;;;;;;;;;3;;97;TRAVAILLER AU ÉLECTION;;;;;;;;;;;;;1;1;98;;;;;;;;;;;;;;;;;;;;;;;;;;;;;;;;3;2;4;1;4;4;4;4;4;4;2;1;2;2;3;3;1;1;2;1;2;3;2;3;1;1;2;2;3;3;1;7;1;;3;6;1;;2;4;0;1;;2;3;0,09926651
42411;1;11;3;3;2;;1;4;1;;;;;;;;;;;;;;;;;;;;;;;;;;;;;;;;;1;1;1;1;2;1;2;2;2;1;1;1;1;;;;;;;;;;;;;2;4;2;9;1;2;2;2;2;2;2;1;3;2;3;3;2;2;1;2;2;2;;;1;3;;;;;;;;;;;;;;;;;;;;7;S`ASSURER POUR IRER VOTé;;;;;;;;;;;;;;;1;1;98;;;;;;;;;;;;;;;;;;;;;;;;;;;;;;;;3;3;4;4;4;4;4;4;4;4;2;2;2;3;2;4;2;2;2;2;2;3;4;4;2;2;2;2;3;3;1;2;1;;2;6;1;;1;2;2;1;;2;98;0,30966517
42452;1;1;3;3;2;;1;4;1;;;;;;;;;;;;;;;;;;;;;;;;;;;;;;;;;1;1;1;1;1;1;1;1;2;1;1;2;2;3;;;;;;;;;;1;1;1;1;1;1;2;3;2;2;3;2;3;2;3;2;2;2;2;2;1;1;3;1;1;;1;1;;2;;3;;4;;5;;7;;;;;;;;;;2;;1;;3;;;;;;;;;;;;1;1;1;;2;;3;;4;;5;;;;;;;;1;;2;;;;;;;;;;;;;;1;1;1;2;3;2;4;4;2;4;1;3;2;1;2;2;1;1;1;1;1;3;2;3;2;1;1;2;4;3;2;7;1;;2;3;1;;1;2;4;1;;2;3;0,08943269
42653;2;1;3;3;5;;1;1;1;2;1;2;2;1;2;2;2;2;2;2;2;2;2;2;2;97;LE SEUL MOMENT DÉMOCRATIQUE EST LE JOUR DU VOTE LE REST DU TEMPS TOUT CE PASSE SANS NOTRE AVIS;;;;;;;;;;;;;;;;;;;;;;;;2;2;2;;;;;;;;;;;;;;4;8;8;2;2;3;3;2;2;4;2;5;1;3;2;1;3;2;3;3;4;2;;;2;;;;;;;;;;;;;;;;;;;;;;;;;;;;;;;;;;;;;1;2;98;;;;;;;;;;;;;;;;;;;;;;;;;;;;;;;;1;2;4;2;4;4;4;4;4;4;1;1;1;3;2;3;2;2;2;2;2;3;3;3;;;2;3;3;3;1;3;1;;2;6;1;;1;2;0;1;;2;4;0,65469897
43061;1;2;3;3;2;;1;4;1;;;;;;;;;;;;;;;;;;;;;;;;;;;;;;;;;1;1;2;2;2;1;2;2;1;1;1;1;2;3;;;;;;;;;;1;2;1;2;3;2;2;3;2;2;1;1;3;1;3;2;2;3;3;1;1;1;4;2;;;1;4;;;;;;;;;;;;;;;;;;;;4;;;;;;;;;;;;;;;;1;1;98;;;;;;;;;;;;;;;;;;;;;;;;;;;;;;;;1;1;2;1;4;4;4;4;4;4;2;3;2;2;3;3;1;1;2;1;2;2;2;4;1;2;1;4;4;3;2;5;1;;2;4;1;;1;2;2;1;;2;5;0,07957616
43128;2;11;3;3;2;;1;2;4;2;2;2;2;2;2;2;2;2;2;2;2;2;1;2;2;99;;;;;;;;;;;;;;;;;;;;;;;;;9;1;2;;;;;;;;;;;;;;2;3;3;2;3;2;2;2;2;2;3;3;3;2;3;2;2;3;2;2;2;1;;2;2;;;;;;;;;;;;;;;;;;;;;;;;;;;;;;;;;;;;;1;1;98;;;;;;;;;;;;;;;;;;;;;;;;;;;;;;;;4;4;4;4;4;4;4;4;4;4;4;4;4;4;2;3;2;2;3;2;3;2;3;2;2;2;3;3;3;3;2;4;4;;1;2;1;;1;1;1;1;;2;1;0,10215487
43215;2;4;3;2;4;;1;1;1;2;1;1;2;1;2;2;2;2;2;2;2;2;2;2;2;99;;;;;;;;;;;;;;;;;;;;;;;;;1;1;1;;;;;;;;;;;;;;1;4;4;2;2;3;3;2;4;1;1;2;1;1;1;1;3;1;2;1;4;2;;;2;;;;;;;;;;;;;;;;;;;;;;;;;;;;;;;;;;;;;2;;98;;;;;;;;;;;;;;;;;;;;;;;;;;;;;;;;3;1;2;1;4;4;4;4;4;4;4;1;1;4;4;4;1;1;1;1;1;1;4;1;;;1;4;4;3;2;7;1;;2;6;1;;2;1;0;1;;2;4;0,6915046
43310;2;2;3;3;5;;1;3;1;2;2;2;2;2;2;1;2;2;2;1;2;2;2;2;2;11;UNE DIFFERENTE DATE;;;;;;;;;;;;;;;;;;;;;;;;1;1;1;;;;;;;;;;;;;;1;5;5;2;2;4;2;2;3;3;2;2;1;2;2;2;2;4;2;2;2;2;;;1;4;;3;;;;;;;;;;;;;;;;;;3;;;;;;;;;;;;;;;;1;1;1;;;;;;;;;;;;;;;;2;;;;;;;;;;;;;;;;2;1;4;2;4;4;4;4;4;4;1;2;2;4;2;4;1;1;1;1;1;4;4;1;;;4;4;4;3;2;3;6;;2;6;1;;1;1;0;1;;2;3;0,26712185
43569;2;2;3;3;5;;1;3;4;2;2;2;2;2;2;2;2;2;2;2;2;2;2;2;2;99;;;;;;;;;;;;;;;;;;;;;;;;;1;1;1;;;;;;;;;;;;;;1;5;5;2;3;2;2;2;2;2;2;2;3;2;2;2;3;2;1;1;2;2;;;1;3;;4;;;;;;;;;;;;;;;;;;3;;;;;;;;;;;;;;;;1;1;1;;;;;;;;;;;;;;;;2;;3;;;;;;;;;;;;;;2;2;4;4;4;4;4;4;4;4;3;4;3;4;4;4;1;1;1;1;1;4;4;4;;;2;3;4;3;2;4;1;;2;5;1;;1;4;0;1;;2;3;0,0638857
43682;1;2;3;3;2;;1;4;2;;;;;;;;;;;;;;;;;;;;;;;;;;;;;;;;;1;1;2;1;2;1;1;2;2;1;1;1;1;;;;;;;;;;;;;2;7;8;2;2;2;3;2;3;4;3;3;2;3;2;2;2;2;2;2;3;2;;;2;;;;;;;;;;;;;;;;;;;;;;;;;;;;;;;;;;;;;1;1;98;;;;;;;;;;;;;;;;;;;;;;;;;;;;;;;;2;2;2;1;4;4;4;4;4;4;2;3;3;2;3;3;2;2;2;2;2;3;2;3;1;1;1;1;4;3;2;7;1;;2;5;1;;1;1;1;1;;2;6;0,08943269
43836;1;8;3;3;2;;1;4;1;;;;;;;;;;;;;;;;;;;;;;;;;;;;;;;;;1;2;2;1;2;1;1;1;1;1;1;1;2;3;;;;;;;;;;1;2;1;2;2;2;2;3;1;1;3;3;2;2;3;2;3;3;2;4;1;1;4;2;;;2;;;;;;;;;;;;;;;;;;;;;;;;;;;;;;;;;;;;;1;1;98;;;;;;;;;;;;;;;;;;;;;;;;;;;;;;;;4;3;4;1;1;4;4;4;4;3;2;3;3;2;2;4;1;1;2;2;2;9;4;4;2;1;1;1;3;3;2;5;1;;2;5;1;;1;2;4;1;;2;6;0,07957616
44092;1;8;3;3;2;;1;4;1;;;;;;;;;;;;;;;;;;;;;;;;;;;;;;;;;1;1;2;1;2;1;2;1;2;1;1;1;1;;;;;;;;;;;;;1;2;2;1;1;3;1;3;4;3;4;2;2;2;3;4;3;2;1;1;4;2;;;1;2;;;;;;;;;;;;;;;;;;;;97;ÉVENEMENT PUBLIQUE;;;;;;;;;;;;;;;1;9;98;;;;;;;;;;;;;;;;;;;;;;;;;;;;;;;;2;2;1;2;4;4;4;4;4;4;2;1;1;1;3;4;1;1;1;1;1;9;4;4;2;1;1;2;4;2;2;5;4;;2;3;1;;1;3;3;1;;2;6;0,07957616
44162;1;1;3;3;2;;1;4;1;;;;;;;;;;;;;;;;;;;;;;;;;;;;;;;;;2;2;1;2;2;1;1;1;2;1;1;1;2;3;;;;;;;;;;1;2;1;0;0;1;1;4;3;4;3;4;1;3;1;4;1;4;5;1;3;1;4;1;2;;1;4;;;;;;;;;;;;;;;;;;;;97;AUCUNE JUSTE REMERCIER POUR AVOIR PRIS LEUR CARTE DE MEMBRES;;;;;;;;;;;;;;;1;1;98;;;;;;;;;;;;;;;;;;;;;;;;;;;;;;;;3;1;2;1;4;4;4;4;4;4;4;1;1;2;1;4;1;1;3;1;1;1;4;4;1;2;1;4;3;3;2;8;1;;2;5;1;;1;2;2;1;;2;5;0,08943269
44270;1;8;3;3;2;;1;4;2;;;;;;;;;;;;;;;;;;;;;;;;;;;;;;;;;1;1;1;2;2;1;1;1;1;1;1;1;2;1;;;;;;;;;;;;1;5;0;1;2;4;2;2;2;2;4;1;3;2;2;3;4;2;1;2;1;1;2;;1;3;;8;;;;;;;;;;;;;;;;;;3;;;;;;;;;;;;;;;;1;1;3;;1;;;;;;;;;;;;;;2;;;;;;;;;;;;;;;;2;2;1;1;4;4;4;4;4;4;2;4;1;1;2;4;1;2;1;1;1;4;4;4;1;2;1;1;4;3;2;7;1;;2;4;1;;1;2;2;1;;2;4;0,08943269
44283;1;2;3;3;1;1;1;4;1;;;;;;;;;;;;;;;;;;;;;;;;;;;;;;;;;1;1;1;2;1;1;1;1;1;8;8;2;1;;;;;;;;;;;;;1;5;3;1;2;2;2;3;3;2;3;3;3;2;3;4;1;3;2;2;4;1;2;;2;;;;;;;;;;;;;;;;;;;;;;;;;;;;;;;;;;;;;1;1;1;;;;;;;;;;;;;;;;1;;;;;;;;;;;;;;;;3;2;4;4;4;4;4;4;4;4;2;3;3;1;2;4;1;2;3;2;2;3;4;3;2;2;3;1;4;3;2;4;3;;3;6;1;;1;2;0;1;;2;98;0,09490455
44440;1;9;3;3;2;;1;4;1;;;;;;;;;;;;;;;;;;;;;;;;;;;;;;;;;1;1;2;1;2;1;2;1;1;1;1;1;2;1;;;;;;;;;;;;2;1;1;1;2;2;1;2;2;2;1;1;2;2;2;1;1;4;1;1;1;2;;;2;;;;;;;;;;;;;;;;;;;;;;;;;;;;;;;;;;;;;1;1;98;;;;;;;;;;;;;;;;;;;;;;;;;;;;;;;;2;1;3;2;4;4;4;4;4;4;1;2;4;3;2;2;1;1;1;1;1;3;4;1;2;1;2;2;1;3;1;3;1;;2;3;1;;1;2;3;1;;2;4;0,30966517
44623;1;2;3;3;2;;1;4;1;;;;;;;;;;;;;;;;;;;;;;;;;;;;;;;;;1;1;1;1;1;1;1;1;1;2;1;1;2;1;;;;;;;;;;;;1;3;3;1;2;2;2;3;3;2;2;2;3;2;2;1;2;4;2;1;3;1;2;;1;2;;3;;;;;;;;;;;;;;;;;;3;;;;;;;;;;;;;;;;1;1;3;;;;;;;;;;;;;;;;;;;;;;;;;;;;;;;;2;2;4;4;4;4;4;4;4;4;1;3;3;1;3;3;2;2;2;3;2;3;2;2;2;1;1;1;3;3;1;3;1;;1;3;1;;1;2;0;1;;2;3;0,30966517
44705;1;10;3;3;2;;1;4;1;;;;;;;;;;;;;;;;;;;;;;;;;;;;;;;;;1;1;1;2;1;1;1;1;1;1;1;1;2;4;;;;;;;;;;;;1;2;0;1;2;1;1;2;3;2;3;3;3;2;2;3;2;1;1;1;4;1;2;;2;;;;;;;;;;;;;;;;;;;;;;;;;;;;;;;;;;;;;1;1;98;;;;;;;;;;;;;;;;;;;;;;;;;;;;;;;;2;2;4;1;4;4;4;4;4;4;1;2;2;2;3;2;1;2;2;1;1;2;2;2;1;2;2;1;4;3;1;7;1;;2;4;1;;1;2;0;1;;2;8;0,08323339
44748;1;2;3;3;2;;1;4;4;;;;;;;;;;;;;;;;;;;;;;;;;;;;;;;;;1;2;2;2;2;2;2;2;2;2;9;2;1;;;;;;;;;;;;;2;10;10;2;3;9;2;3;5;2;1;1;2;1;1;1;2;1;1;2;3;2;;;1;3;;4;;;;;;;;;;;;;;;;;;99;;;;;;;;;;;;;;;;1;1;2;;;;;;;;;;;;;;;;;;;;;;;;;;;;;;;;4;3;3;4;4;4;4;4;4;4;4;4;4;2;2;3;1;1;2;1;1;9;3;3;2;2;2;3;3;3;2;7;7;;2;4;1;;1;2;3;1;;2;6;0,08943269
44857;1;2;3;3;2;;1;4;1;;;;;;;;;;;;;;;;;;;;;;;;;;;;;;;;;1;1;1;1;2;1;1;2;1;1;1;1;1;;;;;;;;;;;;;1;5;5;2;3;2;3;2;2;3;2;2;2;3;2;2;2;1;2;2;3;2;;;2;;;;;;;;;;;;;;;;;;;;;;;;;;;;;;;;;;;;;1;1;98;;;;;;;;;;;;;;;;;;;;;;;;;;;;;;;;3;2;3;4;4;2;4;4;1;4;3;3;3;2;2;3;2;2;2;2;2;3;3;2;2;1;3;3;3;3;2;7;1;;2;5;1;;1;2;3;1;;2;7;0,08943269
44997;1;2;3;3;2;;1;4;1;;;;;;;;;;;;;;;;;;;;;;;;;;;;;;;;;1;1;2;2;2;1;1;1;1;2;2;1;1;;;;;;;;;;;;;1;3;3;1;1;2;1;1;3;3;2;3;3;2;3;3;3;3;1;1;4;2;;;1;3;;;;;;;;;;;;;;;;;;;;3;;;;;;;;;;;;;;;;2;;98;;;;;;;;;;;;;;;;;;;;;;;;;;;;;;;;1;1;4;1;4;4;4;4;3;4;3;2;3;1;1;4;1;1;1;1;1;2;3;1;2;1;4;3;4;3;2;7;1;;1;3;97;"ESPAGNOL;";1;2;0;1;;2;3;0,08943269
45134;1;2;3;3;2;;1;4;1;;;;;;;;;;;;;;;;;;;;;;;;;;;;;;;;;1;1;2;1;1;1;1;1;1;1;1;1;1;;;;;;;;;;;;;1;4;4;1;2;2;2;3;2;2;3;2;3;2;3;2;2;3;1;2;2;2;;;1;11;ILS SONT VENUS A L'ENTREPRISE MÊME;;;;;;;;;;;;;;;;;;;6;ILS SE SONT JUSTE PRÉSENTÉS EN NOUS SERRANT LA MAIN;;;;;;;;;;;;;;;1;1;1;;2;;3;;;;;;;;;;;;2;;;;;;;;;;;;;;;;2;2;4;4;4;4;4;4;4;4;2;2;3;2;2;4;1;1;1;1;1;4;3;4;1;2;4;3;2;2;2;5;1;;2;5;1;;1;2;2;1;;2;4;0,07957616
45170;1;8;3;3;2;;1;4;2;;;;;;;;;;;;;;;;;;;;;;;;;;;;;;;;;1;1;1;2;2;1;1;1;1;1;1;1;1;;;;;;;;;;;;;1;4;1;1;2;2;2;2;2;2;4;2;2;2;1;3;2;1;1;1;4;2;;;2;;;;;;;;;;;;;;;;;;;;;;;;;;;;;;;;;;;;;2;;98;;;;;;;;;;;;;;;;;;;;;;;;;;;;;;;;2;2;4;2;4;4;4;1;4;4;3;4;4;4;2;4;1;1;1;1;2;4;4;4;2;2;3;3;2;3;2;4;1;;2;5;1;;1;2;3;1;;2;4;0,07957616
45259;1;1;3;3;2;;1;4;1;;;;;;;;;;;;;;;;;;;;;;;;;;;;;;;;;1;2;1;1;2;2;1;1;1;1;1;1;2;2;;1;;3;;;;;;1;1;1;2;5;1;1;1;3;4;4;3;2;2;1;3;1;2;2;1;1;1;4;1;2;;2;;;;;;;;;;;;;;;;;;;;;;;;;;;;;;;;;;;;;1;1;1;;;;;;;;;;;;;;;;2;;;;;;;;;;;;;;;;2;2;3;1;4;4;4;4;4;4;3;3;4;3;3;1;1;1;1;1;2;3;1;4;1;1;1;4;4;3;2;7;4;;2;3;1;;1;3;3;1;;2;3;0,08943269
89634;1;6;1;1;2;;1;4;2;;;;;;;;;;;;;;;;;;;;;;;;;;;;;;;;;2;1;1;2;2;2;2;1;2;1;1;1;2;1;;3;;;;;;;;1;1;1;8;7;2;2;3;2;3;2;2;3;2;2;2;3;2;4;3;2;2;2;1;2;;1;3;;;;;;;;;;;;;;;;;;;;3;;;;;;;;;;;;;;;;1;1;98;;;;;;;;;;;;;;;;;;;;;;;;;;;;;;;;2;3;4;3;4;4;4;4;4;4;1;3;2;2;3;3;2;1;2;1;2;9;3;4;2;2;2;4;3;3;2;7;1;;1;4;1;;1;2;2;1;;2;4;0,45117819
89635;1;2;3;3;5;;1;4;4;;;;;;;;;;;;;;;;;;;;;;;;;;;;;;;;;1;1;1;1;2;1;1;1;1;9;1;1;1;;;;;;;;;;;;;1;6;8;1;2;2;1;1;3;2;3;2;3;2;2;3;1;1;1;2;3;2;;;1;2;;3;;4;;;;;;;;;;;;;;;;3;;5;;4;;;;;;;;;;;;2;;98;;;;;;;;;;;;;;;;;;;;;;;;;;;;;;;;3;3;3;1;4;4;4;4;4;4;1;1;4;4;1;4;1;1;1;1;1;9;4;9;;;1;3;3;3;2;3;1;;2;6;2;;3;1;0;1;;2;99;0,64965117
89636;1;2;3;3;4;;1;4;1;;;;;;;;;;;;;;;;;;;;;;;;;;;;;;;;;1;1;1;1;1;1;1;1;1;1;1;2;1;;;;;;;;;;;;;1;3;3;2;3;2;2;2;3;2;3;2;3;2;2;4;2;2;1;1;3;2;;;2;;;;;;;;;;;;;;;;;;;;;;;;;;;;;;;;;;;;;1;1;98;;;;;;;;;;;;;;;;;;;;;;;;;;;;;;;;3;3;4;4;4;4;4;4;4;4;1;4;2;4;1;4;1;1;2;1;1;3;4;3;;;1;3;4;3;2;5;1;;3;3;1;;1;2;0;1;;2;5;0,09497616
89637;1;3;2;1;1;1;1;4;3;;;;;;;;;;;;;;;;;;;;;;;;;;;;;;;;;1;1;1;1;1;1;1;1;2;2;1;1;1;;;;;;;;;;;;;2;7;8;1;2;3;2;2;1;1;3;1;2;3;2;3;2;2;1;2;1;9;;;2;;;;;;;;;;;;;;;;;;;;;;;;;;;;;;;;;;;;;1;1;1;;;;;;;;;;;;;;;;1;;2;;;;;;;;;;;;;;3;2;2;1;1;3;4;4;2;3;1;1;1;1;1;9;2;1;3;1;2;4;3;9;1;1;1;3;1;2;2;4;1;;1;1;1;;1;2;0;1;;2;3;0,47878304
89638;2;17;3;2;2;;1;1;1;1;1;1;1;1;2;2;2;2;2;2;2;2;2;2;2;8;NOTHING I DO NOT VOTE FOR RELIGIOUS REASONS;;;;;;;;;;;;;;;;;;;;;;;;2;2;2;;;;;;;;;;;;;;4;2;2;2;4;4;4;4;1;4;1;4;1;4;1;1;4;1;4;2;4;2;;;1;4;;6;;;;;;;;;;;;;;;;;;3;;;;;;;;;;;;;;;;2;;98;;;;;;;;;;;;;;;;;;;;;;;;;;;;;;;;4;4;4;4;4;4;4;4;4;4;4;4;4;4;4;4;9;9;9;9;1;9;4;9;2;2;1;4;4;3;2;5;1;;1;1;2;;1;2;0;1;;2;2;0,3335439
89641;2;2;3;3;5;;1;3;9;2;2;2;2;2;2;1;2;2;2;1;2;2;2;2;2;5;J'ETAIS A L'ETRANGER;;;;;;;;;;;;;;;;;;;;;;;;1;1;2;;;;;;;;;;;;;;1;7;7;9;2;1;3;3;2;2;3;2;2;2;2;3;2;2;2;2;4;2;;;2;;;;;;;;;;;;;;;;;;;;;;;;;;;;;;;;;;;;;1;1;98;;;;;;;;;;;;;;;;;;;;;;;;;;;;;;;;2;3;4;4;4;4;4;4;4;4;2;1;1;4;3;4;1;1;1;1;1;1;2;9;;;1;2;2;3;1;7;6;;1;6;1;;1;2;0;1;;2;7;0,17597368
89642;1;16;1;1;2;;1;4;3;;;;;;;;;;;;;;;;;;;;;;;;;;;;;;;;;1;1;1;1;1;1;1;1;1;1;1;1;1;;;;;;;;;;;;;1;10;10;1;1;1;2;1;1;1;1;1;1;2;2;1;1;1;1;1;1;1;1;;1;2;;7;;;;;;;;;;;;;;;;;;4;;;;;;;;;;;;;;;;1;1;1;;;;;;;;;;;;;;;;1;;;;;;;;;;;;;;;;1;2;4;4;4;4;4;4;3;4;1;2;1;1;1;4;4;4;4;4;4;4;9;4;1;1;2;1;4;1;2;7;1;;1;6;1;;2;2;0;1;;2;3;0,45117819
89643;1;1;3;3;1;1;1;4;2;;;;;;;;;;;;;;;;;;;;;;;;;;;;;;;;;1;2;1;1;1;2;1;2;1;2;2;1;1;;;;;;;;;;;;;1;10;7;1;2;2;2;1;2;1;1;1;1;2;2;3;2;2;1;3;2;1;2;;1;4;;;;;;;;;;;;;;;;;;;;2;;4;;;;;;;;;;;;;;2;;2;;;;;;;;;;;;;;;;;;;;;;;;;;;;;;;;1;1;2;2;2;1;3;1;2;3;2;1;1;1;2;1;2;2;2;1;2;1;3;3;1;2;1;1;2;2;2;5;1;;2;3;1;;2;1;0;1;;2;3;0,09490455
89644;1;14;3;2;2;;1;4;4;;;;;;;;;;;;;;;;;;;;;;;;;;;;;;;;;1;1;1;1;1;1;1;1;1;2;1;1;1;;;;;;;;;;;;;1;4;7;2;3;3;3;2;3;2;2;2;2;2;1;2;2;2;3;2;1;2;;;2;;;;;;;;;;;;;;;;;;;;;;;;;;;;;;;;;;;;;2;;4;;;;;;;;;;;;;;;;;;;;;;;;;;;;;;;;3;4;4;3;4;4;4;2;2;2;4;3;2;2;3;3;2;2;3;2;2;1;2;3;1;1;3;1;2;1;2;3;2;;1;1;1;;2;1;1;1;;2;1;1,08638453
89645;1;8;3;3;4;;1;4;1;;;;;;;;;;;;;;;;;;;;;;;;;;;;;;;;;1;1;1;1;1;1;2;1;1;1;1;1;2;1;;;;;;;;;;;;1;7;6;2;1;3;2;3;1;3;2;2;1;4;1;1;4;1;1;3;2;1;2;;1;3;;;;;;;;;;;;;;;;;;;;3;;;;;;;;;;;;;;;;1;1;98;;;;;;;;;;;;;;;;;;;;;;;;;;;;;;;;1;2;3;2;4;4;4;3;4;4;2;2;2;3;2;4;1;4;1;1;2;2;2;4;;;1;1;3;2;1;7;1;;2;4;1;;1;2;0;1;;2;6;0,09934163
89646;2;16;1;1;4;;1;1;4;2;2;1;2;1;2;1;2;2;1;2;2;2;2;2;2;6;LE VOTE PAR INTERNET SVP.;;;;;;;;;;;;;;;;;;;;;;;;1;1;1;;;;;;;;;;;;;;1;8;6;2;1;3;2;2;1;3;1;2;1;2;1;2;2;1;1;2;3;1;;2;2;;;;;;;;;;;;;;;;;;;;;;;;;;;;;;;;;;;;;2;;98;;;;;;;;;;;;;;;;;;;;;;;;;;;;;;;;3;1;1;2;2;4;4;3;4;4;1;3;2;2;3;4;1;1;1;1;1;2;4;3;;;1;1;2;3;2;7;1;;1;4;1;;2;1;0;2;5;2;4;1,01937151
89648;1;17;3;2;2;;1;4;1;;;;;;;;;;;;;;;;;;;;;;;;;;;;;;;;;1;1;1;1;1;1;1;1;1;1;1;9;1;;;;;;;;;;;;;1;7;9;1;2;2;3;2;3;3;3;2;3;2;2;3;2;3;1;2;4;1;1;;2;;;;;;;;;;;;;;;;;;;;;;;;;;;;;;;;;;;;;1;1;1;;3;;;;;;;;;;;;;;2;;;;;;;;;;;;;;;;2;2;4;9;4;4;4;4;4;4;1;2;3;3;3;3;2;2;2;2;2;4;3;4;2;2;4;3;4;3;2;5;1;;2;3;1;;1;2;0;1;;2;5;0,25982258
89649;1;2;3;3;2;;1;4;4;;;;;;;;;;;;;;;;;;;;;;;;;;;;;;;;;1;1;1;2;1;2;2;1;1;2;2;2;2;1;;;;;;;;;;;;2;6;6;1;2;9;2;5;3;3;2;2;2;3;5;3;2;1;2;3;2;2;;;2;;;;;;;;;;;;;;;;;;;;;;;;;;;;;;;;;;;;;1;1;98;;;;;;;;;;;;;;;;;;;;;;;;;;;;;;;;3;3;2;2;1;4;4;4;4;4;4;3;2;2;2;3;1;3;2;2;1;3;3;3;2;2;3;4;2;2;2;3;3;;1;3;1;;1;1;0;1;;2;3;0,33272818
89651;2;6;1;1;3;;1;2;2;1;2;1;2;1;2;1;2;2;1;2;2;2;1;1;2;1;MORE INVESTED IN CANDIDATES;;;;;;;;;;;;;;;;;;;;;;;;1;1;2;;;;;;;;;;;;;;1;8;7;2;2;2;2;2;2;3;3;3;5;5;1;3;5;2;1;1;2;1;;2;2;;;;;;;;;;;;;;;;;;;;;;;;;;;;;;;;;;;;;1;1;2;;4;;;;;;;;;;;;;;;;;;;;;;;;;;;;;;2;2;2;1;2;2;4;4;2;2;2;3;1;1;4;4;1;1;2;2;1;9;3;1;;;2;2;5;3;2;7;1;;1;4;2;;1;2;2;2;3;2;4;0,98482507
89652;1;2;3;3;5;;1;4;1;;;;;;;;;;;;;;;;;;;;;;;;;;;;;;;;;1;1;1;1;2;2;1;1;1;1;1;1;2;1;;;;;;;;;;;;1;5;7;1;2;2;2;3;3;3;2;1;3;2;2;4;3;1;1;1;4;1;2;;1;3;;4;;;;;;;;;;;;;;;;;;3;;;;;;;;;;;;;;;;1;1;98;;;;;;;;;;;;;;;;;;;;;;;;;;;;;;;;1;2;4;1;1;4;4;4;3;4;1;1;1;1;1;4;1;1;1;1;1;4;3;4;;;4;1;4;3;2;7;6;;2;6;1;;3;2;0;1;;2;5;0,17461693
89653;1;1;3;2;2;;1;4;2;;;;;;;;;;;;;;;;;;;;;;;;;;;;;;;;;1;1;1;2;1;1;1;1;1;2;2;2;1;;;;;;;;;;;;;2;6;7;2;2;2;2;3;2;2;2;2;3;2;2;2;2;2;2;2;2;2;;;2;;;;;;;;;;;;;;;;;;;;;;;;;;;;;;;;;;;;;2;;2;;3;;;;;;;;;;;;;;;;;;;;;;;;;;;;;;3;3;9;9;3;3;9;9;4;9;2;3;3;2;2;2;2;2;2;2;2;2;3;2;9;9;3;3;5;1;1;7;1;;2;3;1;;1;4;2;1;;2;7;0,27176392
89654;1;8;3;3;4;;1;4;1;;;;;;;;;;;;;;;;;;;;;;;;;;;;;;;;;1;1;1;1;2;1;1;1;2;1;1;2;1;;;;;;;;;;;;;1;9;10;1;1;2;2;2;3;2;1;2;3;2;2;2;2;3;1;1;3;1;2;;1;3;;4;;;;;;;;;;;;;;;;;;3;;;;;;;;;;;;;;;;2;;98;;;;;;;;;;;;;;;;;;;;;;;;;;;;;;;;2;2;4;4;4;4;4;4;4;4;1;1;1;3;2;4;1;1;2;1;2;2;3;4;;;1;3;1;1;1;7;1;;2;6;1;;2;1;0;1;;2;5;0,09934163
89655;2;11;3;3;4;;1;1;4;2;2;2;2;2;2;2;1;1;2;2;2;2;1;2;2;99;;;;;;;;;;;;;;;;;;;;;;;;;1;1;1;;;;;;;;;;;;;;2;0;0;2;4;3;2;2;1;2;2;1;2;1;1;1;2;2;2;2;3;2;;;2;;;;;;;;;;;;;;;;;;;;;;;;;;;;;;;;;;;;;1;1;98;;;;;;;;;;;;;;;;;;;;;;;;;;;;;;;;4;4;4;4;4;4;4;4;4;4;2;4;4;2;2;4;4;2;4;4;2;4;4;4;;;2;5;4;3;2;3;1;;1;3;1;;1;2;0;1;;2;2;0,46660507
89657;2;6;1;1;4;;1;1;3;2;2;2;2;2;2;2;2;2;2;2;2;2;2;1;2;0;RIEN;;;;;;;;;;;;;;;;;;;;;;;;2;2;2;;;;;;;;;;;;;;1;0;5;2;4;2;5;5;1;5;2;5;5;2;1;2;2;2;1;1;4;2;;;2;;;;;;;;;;;;;;;;;;;;;;;;;;;;;;;;;;;;;1;2;98;;;;;;;;;;;;;;;;;;;;;;;;;;;;;;;;4;4;4;4;4;4;4;4;4;4;2;3;4;4;3;4;1;1;4;1;1;9;4;2;;;2;2;4;2;1;2;1;;1;3;1;;3;1;0;1;;2;4;9,29522514
89659;1;15;1;1;1;1;1;4;1;;;;;;;;;;;;;;;;;;;;;;;;;;;;;;;;;1;1;2;2;2;1;1;1;2;8;8;8;1;;;;;;;;;;;;;2;5;5;1;2;4;3;5;1;4;1;2;1;3;1;1;3;1;1;2;5;2;;;1;1;;2;;6;;7;;;;;;;;;;;;;;4;;;;;;;;;;;;;;;;1;1;1;;2;;4;;5;;;;;;;;;;1;;4;;;;;;;;;;;;;;2;2;2;2;3;4;4;4;4;4;2;3;2;2;2;4;1;1;2;2;9;9;3;9;2;2;1;3;4;3;2;4;3;;3;1;1;;2;2;0;1;;2;8;0,47878304
89660;1;1;3;3;5;;1;4;1;;;;;;;;;;;;;;;;;;;;;;;;;;;;;;;;;1;2;2;2;2;2;2;2;2;1;2;1;1;;;;;;;;;;;;;1;9;10;1;1;1;3;4;2;5;4;1;3;2;5;3;4;4;2;1;3;1;1;;1;1;;3;;5;;7;;;;;;;;;;;;;;2;;5;;3;;;;;;;;;;;;1;1;1;;3;;5;;;;;;;;;;;;1;;2;;4;;;;;;;;;;;;1;1;4;3;2;9;2;3;1;4;3;1;2;2;1;2;2;2;4;1;3;1;3;3;;;1;2;1;1;1;8;1;;2;1;2;;1;2;2;1;;1;7;0,16251326
89661;1;2;3;3;6;;1;4;1;;;;;;;;;;;;;;;;;;;;;;;;;;;;;;;;;1;2;1;2;2;1;2;1;2;1;1;1;1;;;;;;;;;;;;;1;9;9;1;1;2;2;2;4;2;2;2;3;2;2;3;2;3;1;2;2;2;;;1;3;;4;;;;;;;;;;;;;;;;;;3;;;;;;;;;;;;;;;;1;1;98;;;;;;;;;;;;;;;;;;;;;;;;;;;;;;;;1;1;3;4;4;4;4;4;4;4;1;2;4;4;1;4;1;1;1;1;1;3;4;4;;;3;3;4;3;2;6;6;;2;6;1;;1;2;0;1;;2;3;0,2021677
89662;1;2;3;3;3;;1;4;1;;;;;;;;;;;;;;;;;;;;;;;;;;;;;;;;;1;1;2;1;2;1;1;1;1;1;1;1;1;;;;;;;;;;;;;2;3;3;2;3;1;2;3;2;4;2;2;2;4;1;2;2;3;2;2;3;1;2;;2;;;;;;;;;;;;;;;;;;;;;;;;;;;;;;;;;;;;;1;1;1;;;;;;;;;;;;;;;;2;;;;;;;;;;;;;;;;3;3;4;4;4;4;4;4;4;4;1;2;2;3;1;4;2;1;2;1;1;3;4;2;;;4;4;3;3;2;5;1;;2;5;1;;1;2;2;1;;2;7;0,17110108
89663;1;7;3;2;2;;1;4;4;;;;;;;;;;;;;;;;;;;;;;;;;;;;;;;;;1;2;2;1;2;2;2;2;2;9;1;2;1;;;;;;;;;;;;;1;2;2;9;3;3;5;5;5;5;5;5;5;5;5;5;5;5;5;5;5;9;;;9;;;;;;;;;;;;;;;;;;;;;;;;;;;;;;;;;;;;;9;;3;;;;;;;;;;;;;;;;;;;;;;;;;;;;;;;;3;3;9;9;9;9;9;9;9;9;3;3;3;3;3;9;9;9;9;9;9;9;9;9;2;2;5;2;3;3;2;3;1;;2;5;1;;2;1;0;1;;2;3;1,08638453
89664;2;1;3;3;2;;1;1;4;2;2;2;2;2;2;2;2;2;2;2;2;2;2;1;2;99;;;;;;;;;;;;;;;;;;;;;;;;;1;1;2;;;;;;;;;;;;;;2;3;5;1;2;3;2;2;2;2;3;2;1;2;1;2;2;3;1;3;2;2;;;2;;;;;;;;;;;;;;;;;;;;;;;;;;;;;;;;;;;;;1;1;1;;;;;;;;;;;;;;;;1;;;;;;;;;;;;;;;;2;3;3;4;4;4;4;4;4;4;2;3;2;2;2;4;1;1;3;2;1;9;4;4;2;2;3;4;2;3;1;2;1;;1;2;1;;1;2;0;1;;2;4;1,04688501
89665;1;8;3;3;3;;1;4;3;;;;;;;;;;;;;;;;;;;;;;;;;;;;;;;;;1;1;2;2;1;1;1;1;1;1;1;1;1;;;;;;;;;;;;;1;7;7;2;2;4;2;4;2;2;3;1;3;4;1;3;3;3;2;2;4;2;;;1;4;;;;;;;;;;;;;;;;;;;;4;;;;;;;;;;;;;;;;1;1;1;;;;;;;;;;;;;;;;4;;;;;;;;;;;;;;;;2;2;4;1;4;4;4;4;4;4;3;4;1;1;2;4;1;1;9;1;1;9;4;4;;;1;1;2;3;1;3;1;;2;5;2;;1;4;0;1;;2;5;0,66582835
89667;1;6;1;1;1;1;1;4;1;;;;;;;;;;;;;;;;;;;;;;;;;;;;;;;;;1;1;2;1;1;2;2;2;1;2;1;1;2;2;;;;;;;;;;;;1;1;4;9;3;3;2;4;2;3;2;1;2;3;1;2;2;1;1;3;1;2;;;2;;;;;;;;;;;;;;;;;;;;;;;;;;;;;;;;;;;;;1;1;1;;;;;;;;;;;;;;;;1;;;;;;;;;;;;;;;;3;3;3;2;4;4;4;4;4;4;3;3;2;2;3;4;1;1;1;2;1;4;4;2;1;2;4;2;4;2;2;6;3;;3;2;2;;1;4;0;1;;2;99;0,47878304
89668;1;2;3;3;1;1;1;4;4;;;;;;;;;;;;;;;;;;;;;;;;;;;;;;;;;1;1;1;1;1;1;1;1;2;8;1;1;2;4;;;;;;;;;;;;1;6;7;1;3;2;2;3;3;2;3;2;3;2;2;2;2;3;1;2;2;1;2;;2;;;;;;;;;;;;;;;;;;;;;;;;;;;;;;;;;;;;;2;;2;;;;;;;;;;;;;;;;;;;;;;;;;;;;;;;;2;2;1;4;2;4;4;4;4;3;1;2;2;1;3;4;1;1;2;2;2;4;4;4;2;2;1;3;3;3;2;6;1;;2;3;1;;2;2;0;3;3;2;3;0,09490455
89669;2;16;3;2;1;1;1;2;9;1;2;2;2;1;2;1;2;2;2;2;2;2;1;2;2;8;SI JE MINTERESSERAIS PLUS A LA POLITIQUE LOL;;;;;;;;;;;;;;;;;;;;;;;;8;8;2;;;;;;;;;;;;;;2;5;5;9;4;3;5;2;5;5;3;1;1;3;1;5;5;1;2;5;5;1;;2;2;;;;;;;;;;;;;;;;;;;;;;;;;;;;;;;;;;;;;2;;1;;2;;;;;;;;;;;;;;1;;4;;;;;;;;;;;;;;4;3;4;4;4;4;4;4;4;4;2;2;2;2;2;4;1;1;2;2;1;4;4;1;2;2;5;5;4;3;2;2;4;;1;2;1;;2;1;1;1;;2;1;2,1680212
89670;1;3;3;1;2;;1;4;1;;;;;;;;;;;;;;;;;;;;;;;;;;;;;;;;;1;1;1;1;1;1;1;1;1;1;1;1;1;;;;;;;;;;;;;1;10;10;1;1;1;2;3;2;2;1;2;1;1;4;4;1;4;1;1;4;1;2;;1;4;;;;;;;;;;;;;;;;;;;;4;;;;;;;;;;;;;;;;1;1;1;;;;;;;;;;;;;;;;2;;;;;;;;;;;;;;;;1;1;2;2;4;4;4;3;4;4;1;1;1;1;1;2;1;1;1;1;1;2;1;1;1;1;4;4;4;1;1;7;1;;2;3;1;;1;1;1;1;;2;6;0,41990462
89672;1;2;3;3;5;;1;4;1;;;;;;;;;;;;;;;;;;;;;;;;;;;;;;;;;1;1;1;1;2;1;1;1;2;1;1;9;1;;;;;;;;;;;;;1;7;9;9;3;3;2;3;2;3;3;2;2;4;1;2;4;2;2;2;2;2;;;2;;;;;;;;;;;;;;;;;;;;;;;;;;;;;;;;;;;;;1;1;1;;;;;;;;;;;;;;;;3;;;;;;;;;;;;;;;;3;3;9;4;4;4;4;4;4;4;2;3;3;2;2;4;3;1;1;1;9;4;4;4;;;3;2;3;3;2;2;99;;2;6;1;;1;3;0;1;;2;3;0,64965117
89673;2;6;1;1;3;;1;2;4;2;2;1;2;1;2;1;2;2;2;2;2;2;1;2;2;97;QUE L’ECOLE DE MES ENFANTS SOIT OUVERTE. C’ETAIT UNE JOURNÉE PEDAGOGIQUE DUE AUX ELECTIONS. ENTANT QUE MERE MONOPARENTALE, ALLER VOTER AVEC 2 JEUNES ENFANTS ET ATTENDRE EN LIGNE N’EST PAS EVIDENT.;13;;;;;;;;;;;;;;;;;;;;;;;1;2;2;;;;;;;;;;;;;;1;9;10;1;1;2;1;3;1;3;3;4;3;2;1;3;2;3;2;2;5;1;;2;2;;;;;;;;;;;;;;;;;;;;;;;;;;;;;;;;;;;;;2;;1;;;;;;;;;;;;;;;;1;;;;;;;;;;;;;;;;1;1;4;3;4;4;4;4;4;4;3;2;2;1;1;4;1;2;1;2;1;1;4;4;;;3;4;4;2;2;8;1;;2;3;1;;2;1;2;1;;2;4;0,98482507
89674;1;11;3;3;5;;1;4;4;;;;;;;;;;;;;;;;;;;;;;;;;;;;;;;;;1;1;2;2;2;1;1;2;2;1;1;1;2;1;;;;;;;;;;;;1;7;7;1;3;2;1;2;3;2;4;2;3;3;2;2;3;3;1;1;3;1;2;;2;;;;;;;;;;;;;;;;;;;;;;;;;;;;;;;;;;;;;1;1;98;;;;;;;;;;;;;;;;;;;;;;;;;;;;;;;;4;1;3;2;4;4;1;3;2;4;2;2;2;2;2;4;1;1;1;2;3;2;2;3;;;3;3;3;3;1;7;6;;2;4;1;;1;2;0;3;5;2;4;0,16251326
89676;1;2;3;3;5;;1;4;1;;;;;;;;;;;;;;;;;;;;;;;;;;;;;;;;;1;1;2;2;2;1;2;2;2;1;1;1;2;1;;;;;;;;;;;;1;8;6;2;1;2;2;1;2;3;4;4;2;2;3;2;3;1;1;1;4;1;2;;1;3;;;;;;;;;;;;;;;;;;;;3;;;;;;;;;;;;;;;;1;1;98;;;;;;;;;;;;;;;;;;;;;;;;;;;;;;;;2;1;1;2;4;4;4;4;4;4;1;1;3;4;1;4;1;1;1;1;1;1;2;1;;;2;2;3;3;2;8;1;;2;6;1;;1;2;0;1;;2;2;0,17461693
89679;1;2;3;3;4;;1;4;2;;;;;;;;;;;;;;;;;;;;;;;;;;;;;;;;;2;2;2;2;2;2;1;2;2;1;1;1;2;1;;;;;;;;;;;;1;6;6;1;2;2;2;2;2;2;2;2;2;3;2;1;3;2;1;2;1;1;2;;1;3;;;;;;;;;;;;;;;;;;;;3;;;;;;;;;;;;;;;;1;1;98;;;;;;;;;;;;;;;;;;;;;;;;;;;;;;;;2;2;3;3;4;4;4;4;4;4;1;1;2;2;2;4;2;2;2;2;2;2;3;9;;;2;2;4;3;1;3;1;;2;6;1;;1;2;0;1;;2;6;0,3695935
89681;1;6;1;1;2;;1;4;1;;;;;;;;;;;;;;;;;;;;;;;;;;;;;;;;;1;2;2;1;2;1;1;1;1;1;1;1;1;;;;;;;;;;;;;1;0;0;2;3;3;2;3;1;4;2;1;1;4;1;1;4;1;1;3;4;2;;;2;;;;;;;;;;;;;;;;;;;;;;;;;;;;;;;;;;;;;2;;98;;;;;;;;;;;;;;;;;;;;;;;;;;;;;;;;4;3;4;4;4;4;4;4;4;4;4;1;3;1;4;4;1;1;2;2;2;4;2;4;2;2;1;1;4;3;1;8;1;;1;3;1;;2;1;0;1;;2;5;0,41990462
89685;1;9;3;3;2;;1;4;2;;;;;;;;;;;;;;;;;;;;;;;;;;;;;;;;;1;2;2;1;2;1;1;2;2;1;1;2;1;;;;;;;;;;;;;2;2;2;2;3;2;2;2;2;2;3;2;3;2;2;2;2;2;2;2;2;2;;;2;;;;;;;;;;;;;;;;;;;;;;;;;;;;;;;;;;;;;1;1;1;;;;;;;;;;;;;;;;2;;;;;;;;;;;;;;;;3;4;4;4;4;4;4;4;4;4;2;3;3;2;3;4;2;2;2;2;2;4;4;4;2;2;2;2;3;3;2;5;1;;1;1;1;;1;2;0;1;;2;8;0,07957616
89686;1;2;3;3;6;;1;4;1;;;;;;;;;;;;;;;;;;;;;;;;;;;;;;;;;1;2;2;2;2;1;2;1;2;1;1;1;1;;;;;;;;;;;;;1;3;5;1;2;3;3;2;2;2;3;2;2;3;2;2;2;1;1;1;3;2;;;1;3;;4;;;;;;;;;;;;;;;;;;3;;;;;;;;;;;;;;;;1;2;98;;;;;;;;;;;;;;;;;;;;;;;;;;;;;;;;2;3;4;2;4;4;4;3;4;3;1;1;4;4;2;3;2;2;2;2;2;3;2;2;;;2;4;3;3;2;3;6;;2;6;1;;1;2;0;1;;2;5;0,84531575
89687;1;3;2;1;2;;1;4;2;;;;;;;;;;;;;;;;;;;;;;;;;;;;;;;;;1;1;1;1;1;2;1;1;2;1;1;1;1;;;;;;;;;;;;;1;4;2;2;3;3;2;2;3;3;4;2;3;2;2;3;2;3;1;2;2;1;2;;1;2;;;;;;;;;;;;;;;;;;;;4;;3;;;;;;;;;;;;;;1;1;1;;;;;;;;;;;;;;;;2;;;;;;;;;;;;;;;;3;3;4;4;4;4;4;4;4;4;3;3;3;1;3;4;2;2;3;3;2;3;3;3;2;2;3;3;4;3;2;7;1;;2;4;1;;1;2;2;1;;2;5;0,45117819
89688;1;3;2;1;2;;1;4;2;;;;;;;;;;;;;;;;;;;;;;;;;;;;;;;;;1;1;2;1;1;1;1;1;1;1;1;1;1;;;;;;;;;;;;;1;8;8;2;2;3;2;3;2;2;3;3;2;3;3;2;2;2;3;2;2;1;2;;1;1;;2;;;;;;;;;;;;;;;;;;4;;5;;;;;;;;;;;;;;2;;99;;;;;;;;;;;;;;;;;;;;;;;;;;;;;;;;2;2;3;1;3;4;4;2;4;4;2;3;2;2;2;3;2;2;1;2;2;2;2;2;1;1;2;1;4;1;1;6;1;;1;6;1;;2;1;0;1;;2;4;0,37362623
89691;2;15;3;2;3;;1;2;2;1;1;1;2;1;2;2;2;2;2;2;2;2;2;2;2;16;LORSQUE MA CONFIANCE EN LA POLITIQUE SERA AUGMENTÉ ET QUE JE SENTIRAIS QU'IL Y A UN RÉEL AVANTAGE POUR LES CITOYENS;;;;;;;;;;;;;;;;;;;;;;;;1;2;2;;;;;;;;;;;;;;3;7;7;1;2;4;2;3;2;1;1;3;2;4;3;3;2;2;3;2;2;1;;1;2;;;;;;;;;;;;;;;;;;;;;;;;;;;;;;;;;;;;;1;2;1;;;;;;;;;;;;;;;;5;COUSINE;;;;;;;;;;;;;;;4;2;3;4;4;4;4;4;4;4;2;3;3;2;3;2;1;1;2;2;1;3;2;2;;;1;2;3;3;2;3;1;;1;3;1;;1;2;1;1;;2;3;2,48550725
89692;2;7;3;2;1;1;1;2;4;2;2;2;2;2;2;1;2;2;2;1;1;2;1;2;2;11;HAVE ANOTHER DAY TO VOTE;;;;;;;;;;;;;;;;;;;;;;;;8;8;8;;;;;;;;;;;;;;1;5;6;1;2;3;2;2;1;4;2;2;2;3;2;2;3;2;1;2;3;2;;;2;;;;;;;;;;;;;;;;;;;;;;;;;;;;;;;;;;;;;1;1;1;;2;;3;;5;;;;;;;;;;1;;;;;;;;;;;;;;;;2;2;2;4;4;4;4;4;4;4;3;3;2;1;3;4;1;1;1;1;1;4;4;4;1;1;1;3;2;2;2;3;3;;3;5;1;;1;3;0;1;;2;4;2,1680212
89694;2;8;3;3;3;;1;3;4;2;2;2;2;2;2;2;2;2;2;2;2;2;1;2;2;99;;;;;;;;;;;;;;;;;;;;;;;;;1;1;2;;;;;;;;;;;;;;1;2;2;2;4;9;2;5;5;5;3;5;5;5;5;5;5;5;1;1;4;2;;;2;;;;;;;;;;;;;;;;;;;;;;;;;;;;;;;;;;;;;1;2;98;;;;;;;;;;;;;;;;;;;;;;;;;;;;;;;;4;4;4;9;4;4;4;4;4;4;4;4;4;4;4;4;1;1;1;1;1;4;4;9;;;1;5;1;3;2;6;1;;2;4;1;;1;2;0;1;;2;8;0,10781265
89695;1;1;3;3;5;;1;4;2;;;;;;;;;;;;;;;;;;;;;;;;;;;;;;;;;2;1;1;2;2;1;1;1;1;1;1;2;1;;;;;;;;;;;;;1;5;10;1;2;2;1;1;2;2;3;3;2;2;2;3;2;2;2;2;3;1;2;;1;3;;;;;;;;;;;;;;;;;;;;4;;;;;;;;;;;;;;;;2;;98;;;;;;;;;;;;;;;;;;;;;;;;;;;;;;;;3;2;2;2;3;4;4;4;4;4;1;2;3;1;2;4;4;2;1;1;4;4;4;4;;;5;2;2;3;1;3;6;;1;6;1;;2;1;0;1;;2;2;0,60462022
89696;1;12;3;2;2;;1;4;3;;;;;;;;;;;;;;;;;;;;;;;;;;;;;;;;;1;1;1;1;2;1;1;1;1;1;1;8;2;1;;;;;;;;;;;;1;8;9;1;2;2;2;2;3;2;3;1;2;2;2;3;2;2;1;1;3;1;2;;2;;;;;;;;;;;;;;;;;;;;;;;;;;;;;;;;;;;;;1;1;98;;;;;;;;;;;;;;;;;;;;;;;;;;;;;;;;2;2;3;2;4;4;4;4;4;4;2;4;3;4;3;4;1;2;2;2;1;9;9;3;2;1;1;5;1;3;1;3;1;;2;4;1;;1;2;0;1;;2;5;1,01107609
89697;1;3;2;1;2;;1;4;1;;;;;;;;;;;;;;;;;;;;;;;;;;;;;;;;;1;2;1;1;1;1;2;2;1;1;1;1;2;1;;;;;;;;;;;;1;6;8;2;3;3;3;3;1;2;2;1;2;4;2;2;3;2;1;1;4;1;2;;2;;;;;;;;;;;;;;;;;;;;;;;;;;;;;;;;;;;;;1;1;98;;;;;;;;;;;;;;;;;;;;;;;;;;;;;;;;3;3;3;4;4;4;4;4;4;4;3;3;3;4;2;4;1;1;2;1;1;9;4;9;1;1;2;1;4;3;2;5;1;;1;4;1;;1;2;0;1;;2;99;0,40145314
89698;2;2;3;3;1;1;1;1;1;2;1;2;2;2;2;1;2;2;2;1;2;2;1;2;2;99;;;;;;;;;;;;;;;;;;;;;;;;;2;2;2;;;;;;;;;;;;;;2;5;5;2;3;3;2;2;2;2;2;3;3;3;2;3;2;2;2;2;2;2;;;2;;;;;;;;;;;;;;;;;;;;;;;;;;;;;;;;;;;;;1;1;1;;;;;;;;;;;;;;;;1;;2;;;;;;;;;;;;;;2;2;2;3;3;3;3;3;3;3;3;3;2;2;3;3;2;2;2;2;2;3;3;3;2;2;2;3;3;3;1;2;2;;1;1;1;;1;2;0;1;;2;1;1,6274308
89699;2;6;1;1;2;;1;3;4;1;2;2;2;2;2;1;2;2;2;2;2;2;1;2;2;2;SI JAVAIS LE LIEU DANS MES COURRIEL;;;;;;;;;;;;;;;;;;;;;;;;2;1;2;;;;;;;;;;;;;;1;3;4;1;3;2;2;2;3;2;3;3;3;2;3;4;2;2;1;2;3;2;;;2;;;;;;;;;;;;;;;;;;;;;;;;;;;;;;;;;;;;;2;;98;;;;;;;;;;;;;;;;;;;;;;;;;;;;;;;;2;3;4;4;4;4;4;4;4;3;3;3;2;1;1;4;2;1;2;1;1;9;2;2;2;2;1;2;2;2;2;7;4;;1;3;1;;2;3;2;3;5;2;2;0,57919556
89700;1;12;2;2;1;1;1;4;2;;;;;;;;;;;;;;;;;;;;;;;;;;;;;;;;;1;1;1;1;1;1;1;1;1;2;2;2;1;;;;;;;;;;;;;1;10;10;1;2;2;2;3;2;2;2;2;2;2;3;4;2;2;1;2;2;1;2;;2;;;;;;;;;;;;;;;;;;;;;;;;;;;;;;;;;;;;;1;1;1;;2;;4;;;;;;;;;;;;1;;;;;;;;;;;;;;;;2;1;2;1;3;4;4;4;4;4;1;2;3;1;1;1;2;1;1;2;1;2;1;2;2;2;3;3;3;2;1;4;3;;2;4;1;;2;3;0;1;;2;6;0,28839251
89703;1;1;3;3;6;;1;4;1;;;;;;;;;;;;;;;;;;;;;;;;;;;;;;;;;1;1;1;2;2;1;1;1;2;1;1;1;1;;;;;;;;;;;;;1;6;9;1;2;3;2;1;3;2;4;2;2;2;2;4;2;3;1;2;4;1;2;;1;3;;4;;;;;;;;;;;;;;;;;;3;;10;POUR M'OFFRIR UN MOYEN DE TRANSPORT POUR ALLER VOTER;;;;;;;;;;;;;2;;98;;;;;;;;;;;;;;;;;;;;;;;;;;;;;;;;3;2;2;2;2;4;4;4;4;4;1;2;2;2;3;4;1;1;1;1;1;4;4;4;;;2;3;3;3;2;2;6;;1;6;1;;2;1;0;1;;2;2;0,84531575
89704;1;8;3;3;6;;1;4;2;;;;;;;;;;;;;;;;;;;;;;;;;;;;;;;;;1;1;2;2;2;2;2;2;2;1;1;1;1;;;;;;;;;;;;;2;6;6;2;2;3;2;2;2;2;3;2;2;3;2;3;2;2;2;2;4;2;;;2;;;;;;;;;;;;;;;;;;;;;;;;;;;;;;;;;;;;;2;;98;;;;;;;;;;;;;;;;;;;;;;;;;;;;;;;;9;2;9;9;4;4;4;4;4;4;2;3;4;4;3;4;2;2;2;2;1;4;4;4;;;5;5;5;3;2;1;6;;1;5;1;;3;1;0;1;;2;1;0,84531575
89705;2;4;3;2;2;;1;1;1;2;2;2;2;2;2;2;2;2;2;2;2;2;2;2;1;0;RIEN;;;;;;;;;;;;;;;;;;;;;;;;2;2;2;;;;;;;;;;;;;;4;0;0;2;4;4;5;5;5;5;5;5;5;5;5;5;5;5;5;5;5;2;;;2;;;;;;;;;;;;;;;;;;;;;;;;;;;;;;;;;;;;;2;;98;;;;;;;;;;;;;;;;;;;;;;;;;;;;;;;;4;4;4;4;4;4;4;4;4;4;4;3;2;1;3;9;9;9;9;9;9;9;9;9;2;2;5;5;5;3;1;1;1;;1;1;1;;2;1;0;1;;2;2;3,41816521
89706;1;16;3;2;2;;1;4;2;;;;;;;;;;;;;;;;;;;;;;;;;;;;;;;;;1;1;1;1;1;1;1;1;1;1;1;1;2;1;;;;;;;;;;;;1;6;6;1;2;2;2;2;2;2;4;2;1;2;2;2;2;3;1;1;3;1;2;;2;;;;;;;;;;;;;;;;;;;;;;;;;;;;;;;;;;;;;1;1;98;;;;;;;;;;;;;;;;;;;;;;;;;;;;;;;;2;3;9;2;4;4;4;4;4;4;2;2;3;4;2;4;1;2;2;1;2;9;9;9;2;2;3;3;3;3;2;7;1;;1;2;1;;1;2;0;1;;2;6;0,29200417
89707;1;14;1;1;2;;1;4;3;;;;;;;;;;;;;;;;;;;;;;;;;;;;;;;;;1;1;2;1;2;1;1;2;1;1;1;1;1;;;;;;;;;;;;;1;3;6;2;2;3;4;3;1;4;2;2;2;3;1;3;4;2;1;2;4;1;2;;2;;;;;;;;;;;;;;;;;;;;;;;;;;;;;;;;;;;;;2;;98;;;;;;;;;;;;;;;;;;;;;;;;;;;;;;;;3;2;4;4;4;4;4;4;4;4;4;4;3;3;3;4;2;2;1;2;1;4;4;1;1;2;4;1;4;3;2;8;1;;2;4;1;;2;1;0;1;;2;2;0,45117819
89708;1;8;3;3;2;;1;4;2;;;;;;;;;;;;;;;;;;;;;;;;;;;;;;;;;1;1;1;2;2;1;1;1;2;2;2;2;1;;;;;;;;;;;;;1;7;7;1;2;2;5;5;2;4;2;2;2;3;1;3;3;1;1;2;5;1;2;;1;2;;;;;;;;;;;;;;;;;;;;3;;;;;;;;;;;;;;;;2;;98;;;;;;;;;;;;;;;;;;;;;;;;;;;;;;;;3;3;4;4;4;4;4;4;4;4;4;4;3;3;1;4;1;1;9;2;2;9;4;9;2;2;4;5;4;2;2;7;1;;1;3;1;;1;1;9;1;;2;2;0,08943269
89709;1;12;3;2;2;;1;4;4;;;;;;;;;;;;;;;;;;;;;;;;;;;;;;;;;1;1;2;1;2;1;2;1;1;1;1;2;2;3;;;;;;;;;;1;1;2;7;7;9;3;2;2;2;5;2;5;5;2;2;2;2;2;2;2;2;2;9;;;2;;;;;;;;;;;;;;;;;;;;;;;;;;;;;;;;;;;;;1;2;98;;;;;;;;;;;;;;;;;;;;;;;;;;;;;;;;2;2;4;3;4;4;4;4;3;4;3;3;3;3;3;3;1;2;3;3;2;4;3;4;2;2;3;4;2;1;2;5;1;;2;3;1;;2;2;1;1;;2;3;0,25982258
89710;1;2;3;3;6;;1;4;1;;;;;;;;;;;;;;;;;;;;;;;;;;;;;;;;;1;1;2;2;2;1;1;1;1;1;1;1;1;;;;;;;;;;;;;1;6;6;1;2;3;3;2;2;2;2;2;2;3;2;3;2;2;1;2;3;1;2;;2;;;;;;;;;;;;;;;;;;;;;;;;;;;;;;;;;;;;;2;;98;;;;;;;;;;;;;;;;;;;;;;;;;;;;;;;;2;3;2;4;4;4;4;4;4;4;1;2;2;1;3;4;2;2;2;2;2;4;4;4;;;4;2;4;3;2;4;6;;1;6;1;;3;1;0;1;;2;1;0,2021677
89711;1;2;3;3;3;;1;4;2;;;;;;;;;;;;;;;;;;;;;;;;;;;;;;;;;2;2;2;2;2;1;2;2;2;9;1;2;1;;;;;;;;;;;;;3;4;5;2;2;3;3;3;2;3;4;3;1;3;3;2;3;2;3;3;3;1;2;;2;;;;;;;;;;;;;;;;;;;;;;;;;;;;;;;;;;;;;9;;98;;;;;;;;;;;;;;;;;;;;;;;;;;;;;;;;3;2;2;1;1;4;4;1;2;3;2;2;3;2;3;4;2;1;3;3;1;4;3;4;;;1;3;2;3;2;3;5;;1;3;1;;9;1;9;9;;9;99;0,71541643
89712;1;8;3;3;5;;1;4;1;;;;;;;;;;;;;;;;;;;;;;;;;;;;;;;;;1;2;2;2;2;2;1;2;2;1;1;1;1;;;;;;;;;;;;;2;8;8;2;2;3;2;2;2;4;3;4;4;3;3;3;2;2;1;2;5;2;;;2;;;;;;;;;;;;;;;;;;;;;;;;;;;;;;;;;;;;;1;1;98;;;;;;;;;;;;;;;;;;;;;;;;;;;;;;;;3;3;4;4;4;4;4;4;4;4;2;4;3;4;2;4;2;1;2;2;4;4;3;2;;;3;2;4;3;2;5;1;;2;6;1;;1;2;0;1;;2;99;0,15537187
89714;2;5;3;2;3;;1;1;3;2;2;2;2;2;2;2;2;2;2;2;2;2;2;2;2;99;;;;;;;;;;;;;;;;;;;;;;;;;1;1;2;;;;;;;;;;;;;;2;8;8;2;2;2;1;2;1;1;1;4;3;2;2;2;2;2;2;2;2;1;;2;2;;;;;;;;;;;;;;;;;;;;;;;;;;;;;;;;;;;;;1;2;1;;;;;;;;;;;;;;;;2;;;;;;;;;;;;;;;;1;1;4;4;2;4;4;2;4;4;2;1;1;1;3;3;1;1;1;1;1;1;3;3;;;2;2;3;3;2;3;4;;2;6;1;;3;3;1;1;;2;1;2,48550725
89715;1;16;3;2;2;;1;4;1;;;;;;;;;;;;;;;;;;;;;;;;;;;;;;;;;1;1;1;1;1;1;1;1;1;1;1;1;1;;;;;;;;;;;;;1;10;10;1;1;2;2;2;2;3;3;3;3;2;2;2;2;2;2;2;3;1;2;;2;;;;;;;;;;;;;;;;;;;;;;;;;;;;;;;;;;;;;1;1;98;;;;;;;;;;;;;;;;;;;;;;;;;;;;;;;;1;1;4;4;2;4;2;3;3;4;2;2;2;2;2;2;2;2;2;3;2;2;2;3;2;2;2;3;3;1;1;4;1;;2;5;1;;1;2;2;1;;2;4;0,24181154
89716;1;9;3;3;5;;1;4;1;;;;;;;;;;;;;;;;;;;;;;;;;;;;;;;;;1;1;1;2;2;1;2;1;2;1;1;1;1;;;;;;;;;;;;;1;10;10;1;1;2;1;1;3;2;1;5;1;3;2;3;2;1;1;2;4;1;2;;1;2;;3;;4;;7;;;;;;;;;;;;;;4;;3;;;;;;;;;;;;;;1;1;98;;;;;;;;;;;;;;;;;;;;;;;;;;;;;;;;2;2;2;4;4;4;4;4;4;4;1;3;2;3;3;4;1;1;1;1;1;4;4;4;;;1;1;4;3;1;2;1;;2;6;1;;1;2;0;1;;2;7;0,60462022
89717;1;6;1;1;1;1;1;4;3;;;;;;;;;;;;;;;;;;;;;;;;;;;;;;;;;1;1;1;1;1;1;1;1;1;9;9;9;2;1;;;;;;;;;;;;1;8;8;1;2;3;5;5;2;5;4;2;2;3;2;3;5;2;1;2;1;2;;;2;;;;;;;;;;;;;;;;;;;;;;;;;;;;;;;;;;;;;2;;1;;;;;;;;;;;;;;;;1;;2;;;;;;;;;;;;;;3;2;2;2;4;3;4;4;4;4;1;1;1;1;1;3;2;1;2;2;2;4;3;4;1;2;1;2;4;3;2;2;8;;1;3;1;;1;2;2;1;;2;2;2,00191617
89719;1;16;1;1;1;1;1;4;1;;;;;;;;;;;;;;;;;;;;;;;;;;;;;;;;;1;1;1;2;2;1;1;2;2;1;1;1;2;1;;;;;;;;;;;;1;7;9;1;1;2;3;3;2;2;4;1;1;4;1;3;4;1;2;2;3;1;2;;2;;;;;;;;;;;;;;;;;;;;;;;;;;;;;;;;;;;;;1;1;98;;;;;;;;;;;;;;;;;;;;;;;;;;;;;;;;3;2;1;2;4;4;3;4;4;2;2;1;1;1;1;3;2;1;2;2;1;2;3;3;1;2;1;1;2;3;2;5;1;;2;3;1;;1;2;0;1;;2;6;0,47878304
89720;1;6;1;1;2;;1;4;2;;;;;;;;;;;;;;;;;;;;;;;;;;;;;;;;;1;1;1;1;2;1;1;1;1;1;1;2;2;1;;;;;;;;;;;;1;10;10;1;2;3;1;1;3;2;4;2;3;2;2;3;2;2;1;2;1;1;2;;2;;;;;;;;;;;;;;;;;;;;;;;;;;;;;;;;;;;;;1;1;1;;2;;3;;;;;;;;;;;;1;;2;;;;;;;;;;;;;;1;1;4;3;3;4;4;4;4;4;2;2;1;1;1;2;1;1;1;1;2;1;1;1;1;1;1;4;4;3;1;7;1;;1;3;1;;1;2;0;1;;2;7;0,41990462
89723;1;9;3;3;3;;1;4;1;;;;;;;;;;;;;;;;;;;;;;;;;;;;;;;;;1;1;1;1;1;1;1;1;2;1;1;1;2;1;;;;;;;;;;;;1;7;7;2;2;2;2;2;4;2;4;2;2;3;1;3;2;1;2;2;4;1;2;;2;;;;;;;;;;;;;;;;;;;;;;;;;;;;;;;;;;;;;1;1;98;;;;;;;;;;;;;;;;;;;;;;;;;;;;;;;;2;2;4;2;4;4;4;4;4;4;1;3;3;4;2;4;1;1;2;1;1;4;4;4;;;4;3;4;3;2;5;1;;2;6;1;;1;2;0;1;;2;8;0,17110108
89724;1;2;3;3;5;;1;4;4;;;;;;;;;;;;;;;;;;;;;;;;;;;;;;;;;1;1;1;1;2;1;1;1;2;1;1;1;2;1;;;;;;;;;;;;1;5;5;2;2;2;1;1;1;3;1;2;1;2;1;3;2;1;1;2;4;1;2;;1;3;;4;;6;POSTE;;;;;;;;;;;;;;;3;;;;;;;;;;;;;;;;1;1;98;;;;;;;;;;;;;;;;;;;;;;;;;;;;;;;;2;2;3;4;4;4;4;4;4;4;1;2;2;1;2;9;1;1;2;1;1;4;2;9;;;1;3;4;3;2;4;99;;2;6;1;;1;3;0;1;;2;99;0,15537187
89725;1;6;1;1;2;;1;4;4;;;;;;;;;;;;;;;;;;;;;;;;;;;;;;;;;1;1;1;1;1;1;1;1;1;1;1;1;1;;;;;;;;;;;;;2;8;9;2;2;2;2;2;2;2;2;2;2;2;2;2;2;2;2;2;2;2;;;2;;;;;;;;;;;;;;;;;;;;;;;;;;;;;;;;;;;;;1;2;1;;;;;;;;;;;;;;;;2;;;;;;;;;;;;;;;;2;2;4;4;4;4;4;4;4;4;2;2;2;2;2;2;2;2;2;2;2;2;2;2;2;2;2;2;2;2;2;3;1;;2;4;1;;1;2;0;1;;2;5;1,67858315
89728;1;9;3;3;3;;1;4;3;;;;;;;;;;;;;;;;;;;;;;;;;;;;;;;;;1;1;2;2;2;1;1;1;1;9;1;1;1;;;;;;;;;;;;;1;3;3;1;3;2;5;2;3;2;2;5;3;2;2;2;2;5;1;2;1;1;2;;2;;;;;;;;;;;;;;;;;;;;;;;;;;;;;;;;;;;;;2;;98;;;;;;;;;;;;;;;;;;;;;;;;;;;;;;;;3;3;3;4;4;4;4;4;4;4;3;4;4;3;4;4;2;3;2;2;2;4;2;3;;;5;5;3;9;2;3;1;;1;3;1;;1;1;1;1;;2;2;0,71541643
89733;1;5;3;2;2;;1;4;1;;;;;;;;;;;;;;;;;;;;;;;;;;;;;;;;;1;1;2;1;2;2;1;2;2;1;1;1;1;;;;;;;;;;;;;1;7;7;9;9;9;5;5;5;5;5;5;5;5;5;5;5;5;5;5;5;2;;;2;;;;;;;;;;;;;;;;;;;;;;;;;;;;;;;;;;;;;1;2;98;;;;;;;;;;;;;;;;;;;;;;;;;;;;;;;;3;3;4;4;4;4;4;4;4;4;3;3;3;3;3;9;9;9;9;9;9;9;9;9;2;2;2;1;5;3;1;4;1;;3;5;1;;2;3;0;1;;2;99;0,24181154
89734;1;8;3;3;5;;1;4;1;;;;;;;;;;;;;;;;;;;;;;;;;;;;;;;;;1;1;1;1;1;1;1;1;1;1;1;1;1;;;;;;;;;;;;;1;3;3;2;3;2;4;4;2;4;4;4;3;4;4;2;2;3;4;4;4;1;2;;1;4;;5;;8;;;;;;;;;;;;;;;;4;;3;;5;;1;;;;;;;;;;2;;98;;;;;;;;;;;;;;;;;;;;;;;;;;;;;;;;3;3;4;4;4;4;4;4;4;4;1;2;2;2;1;3;2;2;2;3;2;3;3;3;;;3;3;3;1;1;7;1;;2;5;1;;2;1;0;1;;2;5;0,16251326
89735;1;8;3;3;4;;1;4;1;;;;;;;;;;;;;;;;;;;;;;;;;;;;;;;;;1;1;2;2;2;1;2;2;2;1;1;1;1;;;;;;;;;;;;;1;8;7;1;2;3;2;2;3;3;3;2;3;2;1;3;2;1;1;1;1;1;2;;2;;;;;;;;;;;;;;;;;;;;;;;;;;;;;;;;;;;;;1;1;2;;3;;;;;;;;;;;;;;;;;;;;;;;;;;;;;;3;2;4;2;3;4;4;4;4;4;3;3;3;2;2;2;1;2;2;2;1;3;2;3;;;1;2;4;2;1;7;1;;2;6;1;;1;2;2;1;;2;7;0,09934163
89736;1;6;1;1;2;;1;4;2;;;;;;;;;;;;;;;;;;;;;;;;;;;;;;;;;1;1;2;1;2;1;1;1;1;1;1;1;2;1;;;;;;;;;;;;2;1;3;2;3;3;2;2;1;3;2;1;1;4;1;2;3;1;2;4;3;2;;;2;;;;;;;;;;;;;;;;;;;;;;;;;;;;;;;;;;;;;1;1;1;;2;;3;;;;;;;;;;;;2;;4;;;;;;;;;;;;;;3;3;4;4;4;4;4;4;4;4;2;1;3;1;3;4;1;1;2;1;1;3;4;4;2;2;2;2;4;2;2;5;1;;1;5;2;;1;2;0;1;;2;5;0,40145314
89740;2;6;1;1;2;;1;3;2;2;1;1;1;1;2;2;2;2;2;2;2;2;2;2;2;97;KNOWING THAT THERE IS A PARTY THAT ACTUALLY CARES ABOUT ALL QUEBECERS OF ALL RELIGIONS AND ETHNICITY;;;;;;;;;;;;;;;;;;;;;;;;1;1;2;;;;;;;;;;;;;;2;9;6;2;1;4;3;3;1;4;1;2;1;3;1;3;4;2;2;3;2;1;;1;2;;;;;;;;;;;;;;;;;;;;;;;;;;;;;;;;;;;;;1;2;2;;3;;5;;;;;;;;;;;;;;;;;;;;;;;;;;;;1;1;2;4;2;4;4;3;2;3;2;2;1;1;3;3;2;2;2;1;1;4;3;2;1;1;1;4;3;2;1;6;1;;1;4;97;ARABIC;2;4;0;3;5;2;4;1,26311862
89742;2;17;3;2;4;;1;1;9;2;1;1;2;1;2;2;2;2;2;2;2;2;1;2;1;8;RIEN P!US INTÉRESSER COMME AVANT QUAND JECTRAVAILKAIS POUR EUX;;;;;;;;;;;;;;;;;;;;;;;;2;2;2;;;;;;;;;;;;;;4;4;4;2;4;9;1;2;2;5;1;2;1;3;1;1;3;1;1;3;4;2;;;2;;;;;;;;;;;;;;;;;;;;;;;;;;;;;;;;;;;;;2;;98;;;;;;;;;;;;;;;;;;;;;;;;;;;;;;;;1;4;1;4;4;1;1;3;3;2;4;4;4;1;4;4;1;1;1;1;1;1;2;1;;;1;4;4;3;1;3;11;AIDE SOCIAL INVALIDE;1;2;1;;1;1;0;1;;2;1;6,30550432
89743;1;15;1;1;2;;1;4;1;;;;;;;;;;;;;;;;;;;;;;;;;;;;;;;;;1;1;1;2;2;1;1;2;2;1;1;9;1;;;;;;;;;;;;;1;9;8;1;2;3;2;2;1;1;4;1;2;3;2;3;1;2;1;1;4;2;;;2;;;;;;;;;;;;;;;;;;;;;;;;;;;;;;;;;;;;;2;;1;;;;;;;;;;;;;;;;4;;;;;;;;;;;;;;;;3;3;2;2;2;3;4;4;4;3;3;2;2;2;2;4;2;1;3;1;2;4;4;4;2;2;2;1;4;1;2;3;1;;1;4;1;;2;1;0;1;;2;2;1,67858315
89744;2;12;3;2;4;;1;1;2;2;1;1;2;1;2;1;2;2;2;2;2;2;1;1;2;1;RIEN IL FOND TOUS DE BELLE PROMESSE ET IL LES TIENNENT PAS;;;;;;;;;;;;;;;;;;;;;;;;1;1;2;;;;;;;;;;;;;;2;1;1;2;3;3;1;1;1;1;1;1;1;4;1;2;4;1;1;3;2;2;;;1;2;;3;;;;;;;;;;;;;;;;;;3;;;;;;;;;;;;;;;;1;1;2;;;;;;;;;;;;;;;;;;;;;;;;;;;;;;;;3;3;1;3;9;9;4;4;3;4;1;1;4;3;3;3;2;3;3;3;2;3;3;3;;;1;3;1;3;2;2;1;;2;5;1;;1;2;0;1;;2;2;2,57269812
89745;2;16;3;2;3;;1;1;1;1;1;1;2;1;2;1;1;1;1;2;1;2;1;1;2;97;FOR MY RIGHT;;;;;;;;;;;;;;;;;;;;;;;;1;1;1;;;;;;;;;;;;;;1;10;8;1;1;2;1;1;1;1;1;2;1;1;1;1;1;1;1;1;2;1;;1;1;1;;3;;;;;;;;;;;;;;;;;;2;;;;;;;;;;;;;;;;1;1;1;;3;;4;;;;;;;;;;;;1;;3;;;;;;;;;;;;;;1;2;1;2;1;2;2;3;1;2;1;2;2;1;1;2;1;1;1;1;1;2;1;1;;;1;1;1;1;1;8;1;;2;1;2;;1;3;2;1;;1;8;1,63739288
89746;1;6;1;1;2;;1;4;1;;;;;;;;;;;;;;;;;;;;;;;;;;;;;;;;;1;1;2;1;1;1;1;1;1;1;1;1;2;2;;;;;;;;;;;;1;0;0;2;4;4;1;1;1;4;1;4;1;4;1;4;1;4;1;1;1;2;;;2;;;;;;;;;;;;;;;;;;;;;;;;;;;;;;;;;;;;;1;1;1;;;;;;;;;;;;;;;;1;;;;;;;;;;;;;;;;1;4;4;1;4;4;4;4;4;4;3;3;4;3;1;4;1;1;1;1;1;4;4;4;2;1;1;1;4;3;2;6;1;;3;6;2;;1;2;0;1;;2;6;0,40145314
89747;2;8;3;3;2;;1;3;1;2;2;2;2;2;2;1;2;2;2;1;2;2;2;2;2;5;NE PAS ÊTRE A L'EXTÉRIEUR;;;;;;;;;;;;;;;;;;;;;;;;1;1;1;;;;;;;;;;;;;;2;2;2;9;2;3;3;5;1;2;1;5;2;2;1;2;3;1;2;2;4;2;;;2;;;;;;;;;;;;;;;;;;;;;;;;;;;;;;;;;;;;;1;1;98;;;;;;;;;;;;;;;;;;;;;;;;;;;;;;;;3;3;4;4;4;4;4;4;4;4;3;4;4;4;3;4;1;1;3;1;3;9;4;4;1;2;1;2;4;3;2;5;7;;2;5;1;;1;1;1;1;;2;2;0,10215487
89749;2;6;1;1;3;;1;1;1;2;1;1;2;2;2;1;2;2;2;1;2;2;1;1;2;8;NOTHING, POLITICS ARE A JOKE;;;;;;;;;;;;;;;;;;;;;;;;2;2;2;;;;;;;;;;;;;;2;1;1;2;1;3;2;3;2;4;2;3;2;4;2;4;2;2;3;2;2;1;;2;2;;;;;;;;;;;;;;;;;;;;;;;;;;;;;;;;;;;;;2;;98;;;;;;;;;;;;;;;;;;;;;;;;;;;;;;;;1;1;2;4;4;4;4;4;4;4;2;2;2;2;2;4;1;1;1;2;1;1;1;2;;;1;4;4;3;1;7;1;;2;4;2;;1;2;2;1;;2;5;2,41375136
89750;1;2;3;3;5;;1;4;9;;;;;;;;;;;;;;;;;;;;;;;;;;;;;;;;;1;1;2;1;2;1;2;1;2;9;9;9;1;;;;;;;;;;;;;1;5;5;9;2;2;2;2;3;2;3;3;3;2;2;2;3;5;2;2;3;2;;;1;3;;;;;;;;;;;;;;;;;;;;3;;;;;;;;;;;;;;;;2;;98;;;;;;;;;;;;;;;;;;;;;;;;;;;;;;;;2;3;4;4;4;4;4;4;4;4;3;2;3;3;2;4;2;2;2;2;9;9;9;4;;;4;4;4;3;2;3;6;;1;6;1;;2;1;0;1;;2;1;0,64965117
89751;1;11;3;3;4;;1;4;4;;;;;;;;;;;;;;;;;;;;;;;;;;;;;;;;;1;1;1;1;2;1;1;1;2;1;1;1;1;;;;;;;;;;;;;1;8;8;2;2;2;2;2;3;2;3;2;3;2;3;3;2;2;2;2;3;1;2;;1;3;;4;;;;;;;;;;;;;;;;;;3;;;;;;;;;;;;;;;;2;;1;;5;;;;;;;;;;;;;;1;;;;;;;;;;;;;;;;2;2;4;2;4;4;4;4;4;4;2;2;3;3;2;3;2;2;2;2;2;3;3;2;;;2;2;3;3;2;6;1;;1;4;1;;2;1;0;1;;2;3;0,09497616
89752;1;1;3;3;5;;1;4;2;;;;;;;;;;;;;;;;;;;;;;;;;;;;;;;;;2;1;1;1;2;1;1;1;2;8;8;8;2;1;;;;;;;;;;;;2;6;4;1;2;3;2;4;3;3;3;4;3;3;4;3;2;3;3;3;4;2;;;1;3;;;;;;;;;;;;;;;;;;;;5;;;;;;;;;;;;;;;;2;;3;;;;;;;;;;;;;;;;;;;;;;;;;;;;;;;;2;3;9;4;3;4;2;3;4;2;3;4;2;3;3;3;3;3;2;4;4;4;9;4;;;2;4;3;9;1;3;6;;2;6;1;;1;2;2;2;5;2;5;0,60462022
89756;1;11;3;3;2;;1;4;1;;;;;;;;;;;;;;;;;;;;;;;;;;;;;;;;;1;1;1;2;2;1;2;1;2;1;1;1;1;;;;;;;;;;;;;1;8;8;1;2;2;2;2;3;3;2;4;2;2;2;3;2;2;2;1;4;1;2;;2;;;;;;;;;;;;;;;;;;;;;;;;;;;;;;;;;;;;;1;1;98;;;;;;;;;;;;;;;;;;;;;;;;;;;;;;;;3;1;4;4;4;4;4;4;4;4;2;1;1;4;1;4;1;1;1;2;3;4;3;2;1;1;2;4;3;3;2;7;1;;2;3;1;;1;2;0;1;;2;5;0,08943269
89757;1;1;3;3;5;;1;4;1;;;;;;;;;;;;;;;;;;;;;;;;;;;;;;;;;1;1;2;2;2;1;2;1;2;1;1;1;1;;;;;;;;;;;;;1;6;6;2;2;2;2;2;3;2;3;2;2;5;2;2;2;5;1;2;3;1;2;;1;3;;;;;;;;;;;;;;;;;;;;4;;;;;;;;;;;;;;;;2;;98;;;;;;;;;;;;;;;;;;;;;;;;;;;;;;;;3;3;4;9;9;4;4;4;4;4;1;2;3;4;4;4;2;2;2;2;2;3;4;9;;;5;5;4;3;2;5;6;;2;6;1;;2;1;0;1;;2;99;0,15537187
89758;2;12;2;2;3;;1;1;1;2;2;2;2;2;2;2;2;2;2;2;2;2;1;2;2;99;;;;;;;;;;;;;;;;;;;;;;;;;2;2;2;;;;;;;;;;;;;;2;2;2;1;3;3;2;2;2;3;4;2;2;2;1;3;2;2;2;2;3;2;;;2;;;;;;;;;;;;;;;;;;;;;;;;;;;;;;;;;;;;;1;2;98;;;;;;;;;;;;;;;;;;;;;;;;;;;;;;;;4;4;4;4;4;4;4;4;4;4;3;3;3;2;2;3;2;2;2;2;2;3;3;3;;;2;3;4;3;1;3;1;;2;5;1;;1;2;0;1;;2;5;6,09182405
89759;1;2;3;3;3;;1;4;2;;;;;;;;;;;;;;;;;;;;;;;;;;;;;;;;;1;1;1;2;2;1;1;1;1;2;2;1;1;;;;;;;;;;;;;1;9;9;1;2;3;2;2;2;3;2;3;2;2;3;3;2;1;1;1;1;1;2;;2;;;;;;;;;;;;;;;;;;;;;;;;;;;;;;;;;;;;;1;1;1;;;;;;;;;;;;;;;;1;;;;;;;;;;;;;;;;3;3;4;4;4;4;4;4;4;4;1;1;1;3;3;3;1;1;1;1;1;4;3;2;;;2;3;2;3;1;5;8;;2;5;1;;1;2;0;1;;2;4;0,15924101
89761;1;13;1;1;2;;1;4;1;;;;;;;;;;;;;;;;;;;;;;;;;;;;;;;;;2;1;1;2;2;1;1;1;2;1;2;2;1;;;;;;;;;;;;;1;7;9;1;2;9;2;4;1;5;4;2;2;4;2;2;4;1;2;1;4;2;;;2;;;;;;;;;;;;;;;;;;;;;;;;;;;;;;;;;;;;;1;1;1;;4;;;;;;;;;;;;;;4;;;;;;;;;;;;;;;;3;2;4;4;4;4;4;4;4;4;2;2;2;1;3;9;1;1;1;1;1;9;9;9;2;2;4;4;3;2;2;5;7;;2;3;97;ESPAGNOL;2;2;1;1;;2;99;0,40145314
89762;1;6;1;1;2;;1;4;3;;;;;;;;;;;;;;;;;;;;;;;;;;;;;;;;;1;1;1;1;2;1;2;1;1;8;8;8;1;;;;;;;;;;;;;1;8;7;2;2;3;1;2;2;3;4;2;3;4;2;3;2;2;1;1;4;2;;;2;;;;;;;;;;;;;;;;;;;;;;;;;;;;;;;;;;;;;2;;1;;2;;;;;;;;;;;;;;2;;;;;;;;;;;;;;;;1;2;2;4;4;4;3;4;4;4;1;3;1;1;4;2;1;1;1;2;1;4;4;1;1;2;1;3;4;3;2;7;1;;1;3;2;;9;1;0;9;;2;99;0,45117819
89764;2;8;3;3;5;;1;3;3;1;2;2;2;2;2;2;2;2;2;1;2;2;1;2;2;5;IF I HAD NOT HAD AN OUT OF TOWN COMMITMENT, I WOULD HAVE VOTED.;;;;;;;;;;;;;;;;;;;;;;;;1;1;1;;;;;;;;;;;;;;1;6;3;2;2;1;2;2;2;3;3;4;3;3;2;3;2;1;1;2;3;1;;2;2;;;;;;;;;;;;;;;;;;;;;;;;;;;;;;;;;;;;;1;1;98;;;;;;;;;;;;;;;;;;;;;;;;;;;;;;;;2;2;3;4;3;4;4;4;4;4;3;2;2;2;3;4;1;1;1;1;2;2;3;4;;;2;3;3;3;1;8;6;;2;3;2;;1;2;0;2;2;2;5;0,17597368
89766;2;2;3;3;2;;1;1;1;2;1;2;2;2;2;2;2;2;2;2;2;2;2;2;2;0;RIEN;;;;;;;;;;;;;;;;;;;;;;;;2;2;2;;;;;;;;;;;;;;4;0;0;2;4;4;2;2;2;3;3;3;3;3;2;3;3;3;4;2;3;2;;;2;;;;;;;;;;;;;;;;;;;;;;;;;;;;;;;;;;;;;2;;98;;;;;;;;;;;;;;;;;;;;;;;;;;;;;;;;4;4;4;9;3;3;9;3;3;3;3;3;3;3;1;2;3;4;3;4;3;3;3;4;2;9;3;3;2;3;2;2;2;;1;1;1;;2;1;0;1;;2;1;0,4271372
89767;1;6;1;1;1;1;1;4;3;;;;;;;;;;;;;;;;;;;;;;;;;;;;;;;;;2;1;1;2;2;1;1;1;2;2;2;1;1;;;;;;;;;;;;;1;8;10;1;2;3;1;2;2;3;4;3;2;3;2;3;2;3;2;2;3;2;;;2;;;;;;;;;;;;;;;;;;;;;;;;;;;;;;;;;;;;;1;1;1;;2;;3;;5;;;;;;;;;;1;;2;;4;;;;;;;;;;;;1;2;1;1;4;2;3;4;2;2;2;1;1;1;1;2;2;1;1;2;1;4;1;3;1;1;1;1;1;3;2;4;3;;3;5;1;;1;2;1;3;4;2;2;0,47878304
89768;2;9;3;3;1;1;1;1;9;2;2;2;2;2;1;2;2;2;2;2;2;2;2;2;1;99;;;;;;;;;;;;;;;;;;;;;;;;;2;2;2;;;;;;;;;;;;;;3;6;6;2;4;2;2;2;5;2;4;2;2;5;2;5;5;2;3;5;5;2;;;2;;;;;;;;;;;;;;;;;;;;;;;;;;;;;;;;;;;;;1;2;98;;;;;;;;;;;;;;;;;;;;;;;;;;;;;;;;2;1;4;4;4;4;4;4;4;4;2;2;2;2;2;9;1;1;3;2;1;9;9;9;2;2;3;3;5;9;1;2;10;MAISON A TEMPS PLEIN;3;4;1;;1;3;2;1;;1;6;1,6274308
89769;2;16;1;1;2;;1;3;4;2;2;2;2;2;2;2;2;2;2;2;2;2;2;2;2;99;;;;;;;;;;;;;;;;;;;;;;;;;2;2;2;;;;;;;;;;;;;;2;0;0;2;3;9;5;5;5;5;5;5;5;5;5;5;5;5;5;5;5;2;;;2;;;;;;;;;;;;;;;;;;;;;;;;;;;;;;;;;;;;;2;;98;;;;;;;;;;;;;;;;;;;;;;;;;;;;;;;;3;3;4;4;4;4;4;4;4;4;3;2;2;2;2;4;9;9;9;9;9;9;9;9;2;2;5;5;5;3;2;5;1;;2;1;2;;1;2;0;1;;2;4;0,51536065
89770;2;17;3;2;2;;1;1;1;2;2;2;2;2;2;2;1;2;2;2;2;2;2;2;2;0;RIEN;;;;;;;;;;;;;;;;;;;;;;;;2;2;2;;;;;;;;;;;;;;4;1;1;2;3;9;5;5;5;5;5;5;5;5;5;5;5;5;5;5;5;2;;;2;;;;;;;;;;;;;;;;;;;;;;;;;;;;;;;;;;;;;1;2;98;;;;;;;;;;;;;;;;;;;;;;;;;;;;;;;;3;4;9;9;9;9;9;9;9;9;3;2;4;2;4;9;9;9;9;9;9;9;9;9;2;2;5;5;5;3;2;5;8;;3;5;1;;2;3;0;1;;2;5;0,3335439
89774;1;2;3;3;5;;1;4;1;;;;;;;;;;;;;;;;;;;;;;;;;;;;;;;;;1;1;2;1;2;1;1;1;2;1;1;1;1;;;;;;;;;;;;;1;8;8;2;2;2;2;5;3;5;3;2;3;3;2;2;2;2;1;2;5;2;;;1;3;;;;;;;;;;;;;;;;;;;;4;;;;;;;;;;;;;;;;1;1;1;;;;;;;;;;;;;;;;1;;;;;;;;;;;;;;;;2;2;3;2;3;4;4;4;4;4;1;1;1;2;1;4;1;1;1;1;2;9;4;9;;;5;5;4;3;2;5;6;;3;4;1;;2;2;0;1;;2;4;0,15537187
89776;1;15;3;2;2;;1;4;1;;;;;;;;;;;;;;;;;;;;;;;;;;;;;;;;;1;1;2;2;2;2;1;1;2;1;1;1;1;;;;;;;;;;;;;1;6;8;1;2;2;2;5;1;3;3;2;2;4;2;3;3;1;1;1;2;1;2;;1;1;;3;;6;;;;;;;;;;;;;;;;4;;;;;;;;;;;;;;;;1;1;98;;;;;;;;;;;;;;;;;;;;;;;;;;;;;;;;4;3;2;1;4;3;4;4;3;4;3;2;1;2;2;4;1;1;2;2;1;4;4;4;2;2;2;3;1;3;2;5;1;;2;5;1;;1;2;1;1;;2;7;0,25982258
89783;2;16;1;1;5;;1;3;3;2;2;2;1;2;2;2;2;2;2;2;2;2;2;2;2;99;;;;;;;;;;;;;;;;;;;;;;;;;1;1;1;;;;;;;;;;;;;;2;6;6;9;3;2;3;3;2;3;3;3;3;2;2;3;2;2;2;2;2;1;;2;2;;;;;;;;;;;;;;;;;;;;;;;;;;;;;;;;;;;;;2;;5;;;;;;;;;;;;;;;;;;;;;;;;;;;;;;;;4;4;3;3;2;3;3;2;2;3;1;3;3;3;3;4;4;3;4;3;4;3;3;3;;;3;3;4;3;1;7;1;;1;4;1;;2;1;0;1;;2;2;0,90673155
89799;2;4;3;2;2;;1;3;3;2;2;2;2;2;2;1;2;2;2;2;2;2;2;1;2;11;JE NE POUVAIS PAS ALLER VOTER JE TRAVAILLAIS;;;;;;;;;;;;;;;;;;;;;;;;1;1;2;;;;;;;;;;;;;;1;3;7;1;3;2;2;3;2;2;4;2;2;5;2;4;2;1;1;1;4;1;;2;2;;;;;;;;;;;;;;;;;;;;;;;;;;;;;;;;;;;;;1;1;1;;2;;3;;;;;;;;;;;;1;;4;;;;;;;;;;;;;;2;2;3;4;4;4;4;4;4;4;1;2;2;1;3;4;1;1;1;2;2;4;9;2;9;9;1;1;3;2;2;2;1;;3;3;1;;2;2;0;1;;2;2;1,39463198
89802;2;16;3;2;2;;1;1;2;1;1;1;2;1;2;1;2;1;1;1;2;1;2;1;1;97;I'M VERY GOOD;;;;;;;;;;;;;;;;;;;;;;;;2;2;1;;;;;;;;;;;;;;2;8;8;1;2;2;2;1;2;2;1;2;1;2;2;2;2;1;2;2;1;1;;1;2;;;;;;;;;;;;;;;;;;;;;;;;;;;;;;;;;;;;;1;1;1;;2;;3;;;;;;;;;;;;1;;2;;;;;;;;;;;;;;2;2;2;2;1;2;2;1;2;2;1;2;1;1;2;2;2;2;2;1;2;2;2;1;1;2;3;3;3;2;1;8;1;;2;6;2;;1;2;1;1;;2;5;0,91875303
89811;2;12;3;2;2;;1;1;9;1;1;2;2;1;2;2;2;2;2;2;2;2;2;2;2;99;;;;;;;;;;;;;;;;;;;;;;;;;2;2;2;;;;;;;;;;;;;;3;0;0;2;4;9;2;3;3;4;1;1;2;3;1;1;3;1;3;4;4;2;;;2;;;;;;;;;;;;;;;;;;;;;;;;;;;;;;;;;;;;;2;;98;;;;;;;;;;;;;;;;;;;;;;;;;;;;;;;;4;3;2;4;4;4;4;4;4;4;3;3;3;3;3;9;1;3;9;3;9;4;9;9;2;9;5;5;5;3;2;3;1;;2;5;1;;2;1;0;1;;2;3;1,39463198
89812;2;6;1;1;2;;1;1;2;2;2;1;2;1;2;2;2;2;2;2;2;2;1;1;2;10;TO HAVE BETTERIDEALS.;;;;;;;;;;;;;;;;;;;;;;;;1;1;1;;;;;;;;;;;;;;3;5;8;2;2;2;2;3;2;2;2;1;2;2;2;2;2;2;3;3;2;2;;;1;1;;;;;;;;;;;;;;;;;;;;3;;;;;;;;;;;;;;;;1;2;98;;;;;;;;;;;;;;;;;;;;;;;;;;;;;;;;3;3;3;3;3;2;3;3;4;4;3;3;3;2;3;3;3;4;2;3;3;3;3;4;1;2;2;3;2;1;1;5;3;;3;6;2;;1;3;0;1;;2;3;1,26311862
89813;2;9;3;3;4;;1;3;4;2;2;2;2;2;1;2;2;2;2;2;2;2;2;2;2;99;;;;;;;;;;;;;;;;;;;;;;;;;1;1;1;;;;;;;;;;;;;;1;8;7;1;2;2;2;1;2;2;3;2;3;2;2;3;2;3;1;2;2;1;;2;2;;;;;;;;;;;;;;;;;;;;;;;;;;;;;;;;;;;;;2;;2;;3;;;;;;;;;;;;;;;;;;;;;;;;;;;;;;3;2;2;3;4;3;4;4;4;3;1;2;3;4;1;4;2;1;2;2;2;3;3;2;;;2;2;4;3;1;8;1;;2;3;1;;2;1;0;1;;2;3;0,30739012
89814;2;16;3;2;5;;1;1;1;2;1;2;2;2;2;2;2;2;2;2;2;2;2;1;2;97;RIEN. JE CROIS PLUTÔT QUE LE ROYAUME DE JÉHOVAH A LUI SEUL LA SOLUTION AUX PROBLÈMES DE LA TERRE ET QUE C EST LUI QUI DÉBARRASSERA DE NOTRE PLANÈTE LES GOUVERNEMENTS HUMAINS INCAPABLES. LIVRE DE DANIEL 2:44. MATH 6:9,10.;;;;;;;;;;;;;;;;;;;;;;;;2;2;2;;;;;;;;;;;;;;4;0;0;2;4;4;5;5;5;5;5;5;5;5;5;5;5;5;4;5;4;2;;;9;;;;;;;;;;;;;;;;;;;;;;;;;;;;;;;;;;;;;1;2;98;;;;;;;;;;;;;;;;;;;;;;;;;;;;;;;;4;4;4;4;4;4;4;4;4;4;1;1;1;4;3;4;9;9;9;9;1;9;4;4;;;5;4;5;3;1;3;1;;1;5;1;;1;2;0;1;;2;3;2,85367322
89818;2;6;1;1;1;1;1;2;2;1;2;1;1;2;2;2;2;1;2;2;2;2;2;1;1;99;;;;;;;;;;;;;;;;;;;;;;;;;1;2;2;;;;;;;;;;;;;;1;6;7;2;2;1;2;2;2;2;2;3;2;3;2;2;2;3;2;3;2;2;;;9;;;;;;;;;;;;;;;;;;;;;;;;;;;;;;;;;;;;;2;;99;;;;;;;;;;;;;;;;;;;;;;;;;;;;;;;;4;3;2;2;1;3;3;4;3;3;3;2;2;2;3;4;1;2;1;3;3;3;2;4;2;2;3;2;2;3;2;7;3;;1;3;1;;2;1;0;3;5;2;1;0,90038496
89819;1;15;1;1;2;;1;4;1;;;;;;;;;;;;;;;;;;;;;;;;;;;;;;;;;1;1;1;2;2;1;1;1;2;1;1;1;1;;;;;;;;;;;;;1;6;8;1;2;2;2;2;1;3;2;1;1;3;1;4;2;1;2;2;4;1;2;;2;;;;;;;;;;;;;;;;;;;;;;;;;;;;;;;;;;;;;1;1;1;;2;;3;;;;;;;;;;;;1;;;;;;;;;;;;;;;;1;2;2;1;1;4;4;4;4;4;3;3;3;2;1;4;1;1;2;2;2;4;4;4;2;2;1;2;4;3;2;3;1;;2;4;1;;1;2;2;1;;2;4;1,67858315
89820;1;6;1;1;2;;1;4;1;;;;;;;;;;;;;;;;;;;;;;;;;;;;;;;;;1;1;1;1;1;1;1;1;1;1;1;1;1;;;;;;;;;;;;;1;5;4;2;2;3;2;2;2;4;2;2;2;3;3;3;3;1;1;2;2;2;;;2;;;;;;;;;;;;;;;;;;;;;;;;;;;;;;;;;;;;;1;1;98;;;;;;;;;;;;;;;;;;;;;;;;;;;;;;;;3;3;2;4;4;3;4;4;4;4;3;3;3;2;3;2;3;2;1;1;1;9;2;1;2;1;1;2;1;9;1;8;1;;1;3;2;;2;2;0;1;;2;2;0,41990462
89821;1;16;3;2;2;;1;4;1;;;;;;;;;;;;;;;;;;;;;;;;;;;;;;;;;1;1;1;2;1;1;1;1;1;1;1;1;2;1;;;;;;;;;;;;1;5;5;1;2;3;2;3;2;2;1;2;2;4;2;4;2;2;1;2;3;2;;;1;4;;;;;;;;;;;;;;;;;;;;3;;;;;;;;;;;;;;;;1;1;1;;;;;;;;;;;;;;;;2;;;;;;;;;;;;;;;;2;1;4;4;4;4;4;4;4;4;2;3;2;2;2;4;1;2;1;1;1;3;1;3;2;1;4;1;2;3;2;3;4;;2;3;1;;1;2;3;1;;2;4;1,08638453
89823;2;6;1;1;1;1;1;3;3;1;2;2;2;2;1;1;2;2;2;2;2;2;1;1;2;3;IF I KNEW THE CANDIDATES BETTER;;;;;;;;;;;;;;;;;;;;;;;;2;2;1;;;;;;;;;;;;;;2;6;8;1;3;2;1;4;1;1;1;1;1;1;1;2;3;4;1;3;3;2;;;2;;;;;;;;;;;;;;;;;;;;;;;;;;;;;;;;;;;;;2;;1;;;;;;;;;;;;;;;;1;;;;;;;;;;;;;;;;1;2;3;3;3;3;2;3;3;3;2;3;2;2;2;3;9;1;3;3;4;3;3;3;2;2;4;3;2;3;1;6;1;;8;9;2;;2;2;0;2;5;2;3;1,96357691
89826;2;7;3;2;2;;1;2;4;1;2;1;2;1;2;1;2;2;2;2;2;2;2;1;1;99;;;;;;;;;;;;;;;;;;;;;;;;;1;2;1;;;;;;;;;;;;;;3;3;5;2;3;3;2;2;2;3;1;2;1;3;2;2;2;1;2;2;3;1;;2;2;;;;;;;;;;;;;;;;;;;;;;;;;;;;;;;;;;;;;1;2;2;;;;;;;;;;;;;;;;;;;;;;;;;;;;;;;;2;3;4;4;4;4;4;4;4;4;2;2;3;2;2;4;2;1;3;2;2;4;3;4;2;2;2;3;3;2;2;3;1;;1;3;1;;1;1;0;1;;2;2;1,39463198
89830;2;15;1;2;1;1;1;3;3;2;2;2;1;1;2;1;2;2;2;1;2;2;2;1;2;5;JE N’ETAIS PAS AU PAYS;;;;;;;;;;;;;;;;;;;;;;;;2;1;2;;;;;;;;;;;;;;1;8;8;1;2;3;2;2;3;3;2;2;2;3;2;3;2;2;1;2;2;1;;2;1;8;;;;;;;;;;;;;;;;;;;;4;;;;;;;;;;;;;;;;1;1;1;;;;;;;;;;;;;;;;1;;;;;;;;;;;;;;;;1;1;3;4;3;4;4;4;4;3;3;3;2;1;3;2;1;1;2;1;1;3;2;2;1;1;5;2;2;3;1;5;3;;3;5;97;ESPAGNOL;2;3;1;3;5;2;3;1,2708317
89831;2;16;3;2;1;1;1;3;4;1;2;1;1;2;1;1;2;1;1;2;1;2;2;1;2;7;NOT BEING SICK;;;;;;;;;;;;;;;;;;;;;;;;1;1;1;;;;;;;;;;;;;;1;10;10;2;1;1;1;1;1;1;1;1;1;1;1;1;1;1;1;1;1;1;;1;1;2;;;;;;;;;;;;;;;;;;;;3;;;;;;;;;;;;;;;;1;1;1;;2;;;;;;;;;;;;;;1;;2;;;;;;;;;;;;;;1;1;1;1;1;1;1;1;1;1;1;1;1;1;1;1;1;1;1;1;1;1;1;1;1;1;1;1;1;1;2;2;98;;1;3;2;;1;1;0;1;;1;2;2,1680212
89833;1;7;3;2;2;;1;4;1;;;;;;;;;;;;;;;;;;;;;;;;;;;;;;;;;1;2;2;1;2;2;2;1;2;1;1;1;2;1;;;;;;;;;;;;1;8;5;1;2;1;2;5;3;4;3;3;2;2;2;3;1;3;1;1;4;1;2;;2;;;;;;;;;;;;;;;;;;;;;;;;;;;;;;;;;;;;;1;1;1;;;;;;;;;;;;;;;;2;;;;;;;;;;;;;;;;4;1;4;4;4;4;4;4;4;4;1;3;1;3;2;4;1;1;1;1;1;1;1;4;1;1;5;4;4;3;2;7;1;;2;2;1;;1;2;0;1;;2;8;0,29200417
89836;2;6;1;1;6;;1;3;4;2;1;1;2;2;2;2;1;2;2;2;1;2;2;2;2;99;;;;;;;;;;;;;;;;;;;;;;;;;1;1;1;;;;;;;;;;;;;;1;5;10;1;2;3;2;2;1;2;4;2;1;4;1;4;2;1;1;1;1;1;;2;1;3;;;;;;;;;;;;;;;;;;;;3;;;;;;;;;;;;;;;;2;;2;;;;;;;;;;;;;;;;;;;;;;;;;;;;;;;;2;2;4;4;4;4;4;4;4;4;2;4;4;4;3;4;1;1;1;1;1;4;4;9;;;5;3;3;3;1;2;6;;1;6;1;;2;1;0;1;;2;1;3,61277318
89845;2;17;3;2;5;;1;1;9;2;2;1;2;1;2;2;2;2;2;2;2;2;1;2;2;99;;;;;;;;;;;;;;;;;;;;;;;;;2;2;2;;;;;;;;;;;;;;4;0;0;2;4;4;5;5;5;5;5;5;5;5;5;5;5;5;5;5;5;2;;;2;;;;;;;;;;;;;;;;;;;;;;;;;;;;;;;;;;;;;1;2;98;;;;;;;;;;;;;;;;;;;;;;;;;;;;;;;;4;4;4;4;4;4;4;4;4;4;4;4;4;4;4;9;9;9;9;9;9;9;9;9;;;5;5;5;3;2;1;6;;2;6;1;;1;2;0;1;;2;99;1,16431904
89851;1;2;3;3;3;;1;4;2;;;;;;;;;;;;;;;;;;;;;;;;;;;;;;;;;1;2;2;2;2;1;1;1;2;1;1;2;2;1;;3;;;;;;;;1;1;1;4;6;2;2;2;2;1;2;2;4;2;4;2;3;4;2;3;1;1;4;2;;;1;3;;;;;;;;;;;;;;;;;;;;3;;;;;;;;;;;;;;;;1;1;98;;;;;;;;;;;;;;;;;;;;;;;;;;;;;;;;3;2;2;2;4;4;4;4;4;4;2;4;3;2;2;4;1;1;2;2;3;4;4;4;;;2;4;4;3;2;7;1;;2;6;1;;1;2;2;1;;2;4;0,19229379
89853;1;16;1;2;2;;1;4;1;;;;;;;;;;;;;;;;;;;;;;;;;;;;;;;;;1;1;2;2;2;1;1;1;2;1;1;1;1;;;;;;;;;;;;;1;3;5;2;3;3;2;5;5;2;5;2;3;5;2;4;2;3;1;3;4;2;;;2;;;;;;;;;;;;;;;;;;;;;;;;;;;;;;;;;;;;;1;1;98;;;;;;;;;;;;;;;;;;;;;;;;;;;;;;;;4;2;4;4;4;4;4;4;4;4;3;3;3;2;4;4;2;2;1;2;1;9;4;9;2;2;2;2;4;3;2;3;4;;2;5;1;;1;2;2;1;;2;5;1,08638453
89856;1;7;3;2;2;;1;4;1;;;;;;;;;;;;;;;;;;;;;;;;;;;;;;;;;1;2;2;1;1;1;1;1;1;1;1;1;2;4;;;;;;;;;;;;1;7;5;2;3;3;2;2;1;4;2;2;2;3;1;2;3;1;1;2;4;2;;;2;;;;;;;;;;;;;;;;;;;;;;;;;;;;;;;;;;;;;1;2;98;;;;;;;;;;;;;;;;;;;;;;;;;;;;;;;;1;2;1;2;4;2;4;4;4;4;3;3;1;2;2;4;1;1;1;1;1;4;4;2;1;2;1;2;2;3;2;7;1;;1;1;2;;1;2;0;2;5;2;5;0,29200417
89865;2;16;1;2;5;;1;3;1;2;2;2;2;2;2;1;2;2;2;1;2;2;2;2;2;11;COULDN'T GO;;;;;;;;;;;;;;;;;;;;;;;;1;1;1;;;;;;;;;;;;;;1;10;10;2;1;1;1;1;4;2;1;4;3;2;1;3;1;2;1;1;4;2;;;2;;;;;;;;;;;;;;;;;;;;;;;;;;;;;;;;;;;;;2;;98;;;;;;;;;;;;;;;;;;;;;;;;;;;;;;;;3;2;3;4;4;4;4;4;1;4;1;1;1;1;3;3;1;1;2;2;1;1;1;1;;;1;1;4;3;1;5;6;;2;6;2;;3;1;0;3;5;2;3;0,68249238
89866;1;17;3;2;2;;1;4;4;;;;;;;;;;;;;;;;;;;;;;;;;;;;;;;;;1;1;1;1;1;1;1;2;1;1;1;1;1;;;;;;;;;;;;;1;9;9;1;1;1;1;1;1;2;1;1;1;2;1;1;1;1;1;1;1;1;1;;1;2;;7;;8;;;;;;;;;;;;;;;;4;;2;;;;;;;;;;;;;;1;1;1;;2;;;;;;;;;;;;;;1;;2;;;;;;;;;;;;;;1;2;3;2;2;2;2;3;2;1;1;1;1;1;1;2;2;1;2;1;1;1;1;1;1;1;1;1;1;1;2;6;1;;2;2;1;;1;2;1;1;;1;4;0,25982258
89867;2;5;3;2;1;1;1;3;9;1;2;2;2;1;2;1;2;1;2;1;2;2;2;1;2;99;;;;;;;;;;;;;;;;;;;;;;;;;1;1;2;;;;;;;;;;;;;;1;5;5;9;3;2;2;3;2;4;3;3;3;3;1;3;4;2;1;5;3;2;;;9;;;;;;;;;;;;;;;;;;;;;;;;;;;;;;;;;;;;;1;2;3;;;;;;;;;;;;;;;;;;;;;;;;;;;;;;;;3;2;4;1;4;4;4;4;4;4;3;3;2;1;2;4;2;2;2;1;1;4;9;9;2;1;2;3;4;2;2;7;1;;1;1;1;;1;2;0;1;;2;3;0,58273286
89868;1;16;1;2;1;1;1;4;4;;;;;;;;;;;;;;;;;;;;;;;;;;;;;;;;;1;1;2;1;1;1;2;1;1;8;8;8;1;;;;;;;;;;;;;1;6;5;2;2;2;3;3;1;2;1;2;1;3;2;5;2;2;2;3;2;1;1;;1;1;;;;;;;;;;;;;;;;;;;;5;;;;;;;;;;;;;;;;2;;2;;3;;4;;;;;;;;;;;;;;;;;;;;;;;;;;;;2;2;3;4;4;4;4;4;4;4;2;3;2;1;2;3;2;2;9;9;3;9;2;2;2;2;2;4;4;2;1;3;1;;8;6;2;;2;2;1;1;;2;4;1,20583975
89872;2;12;3;2;3;;1;1;1;2;1;1;2;1;2;2;2;2;2;2;2;2;2;2;2;99;;;;;;;;;;;;;;;;;;;;;;;;;2;2;2;;;;;;;;;;;;;;4;0;0;2;1;4;4;4;1;4;1;1;1;4;1;1;4;1;4;4;4;1;;2;1;4;;;;;;;;;;;;;;;;;;;;3;;;;;;;;;;;;;;;;2;;1;;;;;;;;;;;;;;;;1;;;;;;;;;;;;;;;;4;1;1;1;1;4;4;1;4;4;2;2;2;2;2;4;1;1;2;1;1;4;4;4;;;1;4;1;3;1;5;1;;3;6;1;;2;1;0;1;;2;1;1,45693457
89873;1;16;1;1;2;;1;4;3;;;;;;;;;;;;;;;;;;;;;;;;;;;;;;;;;1;1;2;1;2;1;1;2;2;1;1;1;2;1;;;;;;;;;;;;1;3;4;1;2;9;3;3;3;2;4;3;2;2;2;3;2;2;2;3;3;2;;;2;;;;;;;;;;;;;;;;;;;;;;;;;;;;;;;;;;;;;2;;98;;;;;;;;;;;;;;;;;;;;;;;;;;;;;;;;3;3;3;9;4;9;4;9;9;4;4;3;3;2;3;4;4;2;4;4;4;4;4;4;1;2;2;2;4;3;2;5;1;;1;1;1;;2;1;2;2;5;2;2;0,40145314
89881;2;1;3;2;5;;1;1;9;1;1;2;2;1;2;2;1;1;1;2;2;2;2;2;2;99;;;;;;;;;;;;;;;;;;;;;;;;;2;2;2;;;;;;;;;;;;;;4;0;0;2;9;4;5;5;5;5;5;5;5;5;5;5;5;5;5;5;5;2;;;1;6;;;;;;;;;;;;;;;;;;;;7;SIMPLEMENT D'ALLER VOTE, JE NE VOTE JAMAIS.;;;;;;;;;;;;;;;2;;98;;;;;;;;;;;;;;;;;;;;;;;;;;;;;;;;4;4;4;4;4;4;4;4;4;4;2;2;2;4;2;9;9;9;9;9;9;9;9;9;;;5;3;3;3;1;3;11;JE SUIS SUR LES SS: SOLIDARITÉ SOCIAL.MERCI;1;1;1;;2;1;0;1;;2;1;2,85367322
89887;1;16;3;2;2;;1;4;4;;;;;;;;;;;;;;;;;;;;;;;;;;;;;;;;;1;1;1;1;1;1;1;1;1;1;1;1;2;1;;;;;;;;;;;;1;8;7;1;2;3;2;2;2;2;2;2;2;2;2;2;2;2;2;2;2;1;1;;2;;;;;;;;;;;;;;;;;;;;;;;;;;;;;;;;;;;;;2;;98;;;;;;;;;;;;;;;;;;;;;;;;;;;;;;;;3;3;4;4;4;4;4;4;4;4;2;3;3;2;2;2;2;2;2;2;2;2;2;2;1;1;2;2;2;3;1;7;1;;1;4;2;;1;2;0;1;;2;4;0,27176392
89892;2;16;3;2;1;1;1;1;9;2;2;2;2;2;2;2;2;2;2;2;2;2;2;1;2;99;;;;;;;;;;;;;;;;;;;;;;;;;2;2;2;;;;;;;;;;;;;;1;10;10;2;9;9;5;5;5;5;5;5;5;5;5;5;5;5;5;5;5;2;;;2;;;;;;;;;;;;;;;;;;;;;;;;;;;;;;;;;;;;;9;;98;;;;;;;;;;;;;;;;;;;;;;;;;;;;;;;;4;4;9;9;9;4;9;9;4;9;3;3;4;3;4;4;2;9;2;2;2;4;4;9;2;2;5;5;5;9;2;2;1;EMPLOI TEMP PARTIEL;1;1;1;;3;1;0;3;4;2;98;2,1680212
89909;1;16;1;2;2;;1;4;1;;;;;;;;;;;;;;;;;;;;;;;;;;;;;;;;;1;1;2;1;1;1;1;1;1;9;1;2;2;1;;;;;;;;;;;;2;2;2;2;3;3;2;5;2;5;2;1;2;3;2;2;2;1;2;2;3;2;;;2;;;;;;;;;;;;;;;;;;;;;;;;;;;;;;;;;;;;;2;;1;;;;;;;;;;;;;;;;4;;;;;;;;;;;;;;;;3;4;3;4;4;4;4;4;4;4;3;4;3;1;3;4;1;1;1;1;1;4;4;4;2;2;2;3;5;3;2;3;1;;3;3;1;;1;2;1;1;;2;4;1,08638453
89917;2;16;3;2;2;;1;1;1;2;2;2;2;1;2;2;2;2;2;2;2;2;2;2;2;0;RIEN;;;;;;;;;;;;;;;;;;;;;;;;1;2;2;;;;;;;;;;;;;;4;0;0;2;2;4;2;4;1;3;2;1;1;3;2;1;4;2;4;3;4;1;;2;2;;;;;;;;;;;;;;;;;;;;;;;;;;;;;;;;;;;;;2;;98;;;;;;;;;;;;;;;;;;;;;;;;;;;;;;;;3;4;4;4;4;4;4;4;4;4;2;2;2;4;2;4;4;4;4;4;4;4;4;4;1;2;4;4;4;3;1;4;8;;1;3;1;;2;1;0;1;;2;1;0,81749469
89923;2;6;1;1;6;;1;1;1;1;1;2;2;1;2;2;2;2;2;2;2;2;2;2;2;1;MOINS D'ATTAQUES PERSONNELS HUMILIANTES LES UNS ENVERS LES AUTRES. L'HONNÊTETÉ, LA FRANCHISE ET LA TRANSPARENCE DES CANDIDATS ET LEURS ACOLYTES, DES PROMESSES ÉLECTORALES RÉALISTES, MOINS DE COUPURES TEL LE 1G AUX MÉDECINS SPÉCIALISTES ET DES OBJECT;;;;;;;;;;;;;;;;;;;;;;;;2;2;2;;;;;;;;;;;;;;1;7;9;1;3;3;1;4;3;2;4;2;3;3;3;3;2;2;1;1;3;1;;2;2;;;;;;;;;;;;;;;;;;;;;;;;;;;;;;;;;;;;;2;;5;;;;;;;;;;;;;;;;;;;;;;;;;;;;;;;;1;3;1;3;1;4;4;3;4;4;4;1;1;1;1;4;1;2;2;2;2;3;3;2;;;2;4;2;3;1;5;6;;1;6;1;;2;1;0;1;;2;2;0,86403853
89928;2;5;3;2;3;;1;1;1;2;2;2;2;2;2;2;2;2;2;2;2;2;2;2;2;8;RIEN JE NE VOTE JAMAIS POUR CES MANIPULATEURS ET VOLEUR D'ARGENT DU PEUPLE BANDE DE CORROMPU!!;1;;;;;;;;;;;;;;;;;;;;;;;2;2;2;;;;;;;;;;;;;;4;0;0;2;2;4;1;4;1;4;1;3;1;4;1;1;4;2;4;4;4;1;;2;2;;;;;;;;;;;;;;;;;;;;;;;;;;;;;;;;;;;;;2;;98;;;;;;;;;;;;;;;;;;;;;;;;;;;;;;;;2;2;2;3;2;3;3;3;3;4;2;3;3;2;2;2;3;3;2;2;3;3;4;4;;;3;2;3;3;1;3;1;;2;5;1;;1;4;2;1;;2;7;6,09182405
89929;1;6;1;1;2;;1;4;1;;;;;;;;;;;;;;;;;;;;;;;;;;;;;;;;;1;1;1;1;1;2;1;1;1;1;1;1;1;;;;;;;;;;;;;1;10;10;1;1;1;1;1;1;2;1;2;1;1;2;1;1;1;1;2;2;1;1;;1;1;;2;;3;;;;;;;;;;;;;;;;2;;4;;5;;;;;;;;;;;;1;1;1;;2;;3;;;;;;;;;;;;1;;2;;;;;;;;;;;;;;1;1;1;2;1;1;1;2;1;2;2;1;2;1;2;1;1;2;1;2;1;1;1;2;1;1;1;1;2;1;1;7;1;;1;4;1;;1;1;1;1;;1;3;0,41990462
89939;2;6;1;1;6;;1;1;9;2;2;1;1;1;2;2;2;2;2;2;2;2;2;2;2;99;;;;;;;;;;;;;;;;;;;;;;;;;1;1;1;;;;;;;;;;;;;;5;0;0;9;2;2;2;3;2;2;2;2;2;2;2;3;2;2;2;2;3;2;;;2;;;;;;;;;;;;;;;;;;;;;;;;;;;;;;;;;;;;;1;1;98;;;;;;;;;;;;;;;;;;;;;;;;;;;;;;;;4;2;2;4;4;4;4;4;4;4;2;2;4;2;4;4;1;1;1;1;1;4;4;4;;;1;5;4;3;2;2;6;;1;6;1;;2;3;0;1;;2;99;1,47403276
89946;1;9;3;3;2;;1;4;1;;;;;;;;;;;;;;;;;;;;;;;;;;;;;;;;;1;1;1;2;2;1;1;1;2;2;2;2;2;3;;;;;;;;;;1;1;2;6;7;1;2;2;1;2;2;2;3;3;4;2;3;3;3;2;1;2;3;1;2;;1;1;;2;;;;;;;;;;;;;;;;;;4;;;;;;;;;;;;;;;;1;1;1;;;;;;;;;;;;;;;;2;;;;;;;;;;;;;;;;4;3;4;1;2;4;4;4;4;4;4;3;2;2;2;4;1;1;2;2;1;4;3;4;1;2;1;4;2;3;1;5;1;;2;3;1;;1;2;2;1;;2;6;0,07406043
89949;2;5;3;2;5;;1;3;4;2;1;1;2;1;2;2;2;2;2;2;2;2;2;2;2;1;UN PARTI QUI DONNE CONFIANCE EN CE QU'IL PROMET.;;;;;;;;;;;;;;;;;;;;;;;;1;1;2;;;;;;;;;;;;;;2;2;2;2;2;2;1;3;2;3;1;3;1;3;2;2;2;1;5;5;3;2;;;2;;;;;;;;;;;;;;;;;;;;;;;;;;;;;;;;;;;;;2;;98;;;;;;;;;;;;;;;;;;;;;;;;;;;;;;;;2;3;1;2;4;4;4;3;4;4;3;3;3;2;3;4;9;2;2;2;2;4;4;2;;;1;4;4;3;2;5;8;;2;6;1;;2;1;0;1;;2;1;0,27846184
89951;2;12;2;2;4;;1;2;4;1;1;2;2;2;2;1;2;2;2;2;2;2;1;1;2;99;;;;;;;;;;;;;;;;;;;;;;;;;1;1;2;;;;;;;;;;;;;;2;3;3;2;3;2;2;3;3;2;2;2;2;2;3;3;2;2;2;2;2;1;;2;1;4;;;;;;;;;;;;;;;;;;;;3;;;;;;;;;;;;;;;;1;1;98;;;;;;;;;;;;;;;;;;;;;;;;;;;;;;;;2;3;4;4;4;4;4;4;4;4;1;2;3;1;3;4;2;1;3;2;1;3;4;3;;;3;4;3;3;2;3;1;;2;6;1;;1;4;1;1;;2;99;2,57269812
89954;1;4;3;2;2;;1;4;1;;;;;;;;;;;;;;;;;;;;;;;;;;;;;;;;;1;1;1;2;2;1;1;1;2;2;2;2;2;1;;3;;;;;;;;1;2;1;10;10;1;1;4;3;3;2;4;2;2;1;4;1;3;2;1;1;4;3;1;2;;2;;;;;;;;;;;;;;;;;;;;;;;;;;;;;;;;;;;;;1;2;1;;;;;;;;;;;;;;;;2;;;;;;;;;;;;;;;;4;1;1;1;1;4;4;4;4;4;2;1;2;1;2;9;1;2;2;3;1;9;3;1;1;2;1;1;1;3;2;6;4;;2;5;1;;1;2;2;1;;2;3;0,25982258
89955;1;1;3;3;3;;1;4;4;;;;;;;;;;;;;;;;;;;;;;;;;;;;;;;;;1;1;1;2;2;1;1;2;2;9;9;9;1;;;;;;;;;;;;;1;0;0;1;2;3;1;1;2;3;4;1;1;3;2;2;3;2;1;3;5;2;;;2;;;;;;;;;;;;;;;;;;;;;;;;;;;;;;;;;;;;;1;2;98;;;;;;;;;;;;;;;;;;;;;;;;;;;;;;;;3;3;4;4;4;4;4;4;4;4;2;1;3;1;3;4;1;1;2;2;1;4;4;4;;;1;2;4;3;2;2;1;;1;5;1;;2;2;1;1;;2;2;0,71541643
89957;2;16;3;2;5;;1;1;3;2;2;2;2;1;2;2;2;2;2;2;2;2;2;2;2;99;;;;;;;;;;;;;;;;;;;;;;;;;1;2;2;;;;;;;;;;;;;;3;1;1;2;3;3;5;5;1;5;5;5;5;5;5;5;5;5;5;3;5;2;;;2;;;;;;;;;;;;;;;;;;;;;;;;;;;;;;;;;;;;;1;1;98;;;;;;;;;;;;;;;;;;;;;;;;;;;;;;;;4;4;4;4;4;4;4;4;4;4;3;1;2;4;3;9;9;9;9;9;9;9;9;9;;;5;5;5;3;1;7;1;;2;1;1;;1;2;0;1;;2;7;0,76702917
89970;2;2;3;3;4;;1;1;1;1;1;1;1;1;1;1;1;1;1;1;1;1;1;1;1;97;OUI;;;;;;;;;;;;;;;;;;;;;;;;1;1;1;;;;;;;;;;;;;;1;10;10;1;1;1;1;1;1;1;1;1;1;1;1;1;1;1;1;1;1;1;;1;1;1;;;;;;;;;;;;;;;;;;;;2;;;;;;;;;;;;;;;;1;1;1;;;;;;;;;;;;;;;;1;;;;;;;;;;;;;;;;1;1;1;1;1;1;1;1;1;1;1;1;1;1;1;1;1;1;1;1;1;1;1;1;;;1;1;1;1;2;5;1;;1;1;1;;2;1;1;1;;1;4;0,11159445
89981;1;16;3;2;2;;1;4;3;;;;;;;;;;;;;;;;;;;;;;;;;;;;;;;;;1;1;1;2;2;1;1;1;1;1;1;2;1;;;;;;;;;;;;;2;2;5;1;3;2;2;3;2;2;1;2;2;2;2;3;3;2;2;2;4;2;;;2;;;;;;;;;;;;;;;;;;;;;;;;;;;;;;;;;;;;;2;;98;;;;;;;;;;;;;;;;;;;;;;;;;;;;;;;;3;3;3;1;4;4;4;4;4;4;4;3;3;1;3;4;1;1;2;2;2;4;4;4;2;1;2;3;4;3;2;7;1;;1;2;1;;2;1;0;1;;2;3;0,29200417
89982;2;13;1;1;1;1;1;3;2;2;2;2;1;2;1;2;1;2;2;2;1;1;2;1;2;97;TRUDEAU;;;;;;;;;;;;;;;;;;;;;;;;8;1;1;;;;;;;;;;;;;;3;2;8;2;1;3;2;2;2;5;1;2;4;2;1;4;1;2;5;3;3;2;;;1;2;;4;;8;;;;;;;;;;;;;;;;2;;3;;4;;;;;;;;;;;;2;;2;;4;;5;;;;;;;;;;;;;;;;;;;;;;;;;;;;1;3;1;3;1;2;2;4;2;9;3;3;2;2;3;9;2;4;3;2;4;3;2;1;2;1;1;2;4;2;2;4;7;;3;3;2;;1;2;3;2;2;8;5;0,80115086
89990;2;2;3;3;4;;1;2;1;1;1;1;2;1;2;2;2;2;2;2;2;2;2;1;2;99;;;;;;;;;;;;;;;;;;;;;;;;;1;1;2;;;;;;;;;;;;;;1;2;0;2;4;3;2;3;2;3;2;2;2;2;2;3;2;3;1;1;3;2;;;2;;;;;;;;;;;;;;;;;;;;;;;;;;;;;;;;;;;;;2;;98;;;;;;;;;;;;;;;;;;;;;;;;;;;;;;;;2;3;3;4;4;4;4;4;4;4;2;3;4;3;1;4;4;2;1;2;1;4;4;4;;;2;3;4;3;2;5;1;;2;4;1;;2;1;1;1;;2;3;0,11159445
89991;2;4;3;2;5;;1;3;4;2;2;2;2;2;2;2;2;2;1;2;1;2;2;2;2;6;POUVOIR VOTER A PARTIR DE L'HOPITAL;;;;;;;;;;;;;;;;;;;;;;;;1;1;2;;;;;;;;;;;;;;1;7;8;1;2;3;1;5;4;2;4;4;2;2;2;3;2;1;1;3;2;1;;2;2;;;;;;;;;;;;;;;;;;;;;;;;;;;;;;;;;;;;;1;2;98;;;;;;;;;;;;;;;;;;;;;;;;;;;;;;;;3;2;4;4;4;4;4;4;4;4;3;3;2;2;3;4;1;1;1;1;1;4;9;4;;;1;1;4;3;1;3;1;;1;3;1;;3;2;1;1;;2;2;2,85367322
89999;2;15;3;2;2;;1;3;4;2;2;1;2;2;1;1;2;1;2;2;2;2;1;2;1;99;;;;;;;;;;;;;;;;;;;;;;;;;2;2;2;;;;;;;;;;;;;;3;3;4;2;3;4;2;2;3;3;2;1;2;3;3;2;3;2;2;2;2;2;;;2;;;;;;;;;;;;;;;;;;;;;;;;;;;;;;;;;;;;;2;;98;;;;;;;;;;;;;;;;;;;;;;;;;;;;;;;;3;3;4;4;4;4;4;4;4;4;3;3;3;3;3;3;3;3;2;3;3;2;4;3;2;2;3;2;3;3;1;3;1;;1;3;1;;2;1;0;1;;2;1;3,41816521
90002;2;7;3;2;2;;1;1;1;2;2;1;2;1;2;2;2;2;2;2;2;2;1;2;1;99;;;;;;;;;;;;;;;;;;;;;;;;;2;2;2;;;;;;;;;;;;;;4;0;0;2;2;4;5;1;1;3;1;2;1;4;1;1;4;1;4;4;4;2;;;2;;;;;;;;;;;;;;;;;;;;;;;;;;;;;;;;;;;;;1;2;1;;3;;5;;;;;;;;;;;;5;COUSIN;;;;;;;;;;;;;;;3;3;3;3;4;4;4;4;4;4;1;1;1;1;1;4;1;1;1;1;1;4;4;4;2;2;1;4;5;3;1;1;98;;2;6;1;;2;2;0;1;;2;1;3,41816521
90004;2;12;2;2;2;;1;2;1;1;1;2;2;1;1;1;1;1;1;1;1;1;1;1;1;0;RIEN;;;;;;;;;;;;;;;;;;;;;;;;1;1;2;;;;;;;;;;;;;;1;4;7;1;2;2;3;1;3;1;3;3;2;2;2;2;2;2;2;3;2;1;;1;1;1;;;;;;;;;;;;;;;;;;;;3;;;;;;;;;;;;;;;;1;1;1;;;;;;;;;;;;;;;;1;;;;;;;;;;;;;;;;2;2;2;2;2;1;2;1;3;2;3;3;2;2;3;4;1;2;3;3;1;3;3;2;1;1;3;1;3;1;2;4;1;;2;3;1;;1;1;1;1;;2;3;0,3335439
90006;1;17;3;2;2;;1;4;1;;;;;;;;;;;;;;;;;;;;;;;;;;;;;;;;;2;2;1;2;2;2;1;1;2;2;2;2;2;4;;;;;;;;;;;;2;3;10;1;2;2;1;3;1;3;3;1;1;3;1;1;3;1;2;2;1;2;;;2;;;;;;;;;;;;;;;;;;;;;;;;;;;;;;;;;;;;;2;;2;;;;;;;;;;;;;;;;;;;;;;;;;;;;;;;;2;4;3;4;4;4;4;4;4;4;1;2;2;3;2;4;2;1;1;1;1;4;4;4;9;2;1;3;4;3;2;2;4;;1;3;1;;2;1;2;1;;2;1;1,08638453
90012;2;11;3;3;4;;1;1;1;2;1;1;1;1;2;2;2;2;2;2;2;2;2;2;2;10;ENJEUX QUI TOUCHE MA SITUATION;;;;;;;;;;;;;;;;;;;;;;;;1;1;1;;;;;;;;;;;;;;1;10;4;1;1;4;2;1;2;3;1;2;1;3;2;1;4;3;1;1;2;1;;2;1;1;;4;;5;;;;;;;;;;;;;;;;1;;4;;;;;;;;;;;;;;1;1;1;;2;;;;;;;;;;;;;;2;;;;;;;;;;;;;;;;1;1;3;4;1;3;4;4;4;3;1;1;1;1;1;2;2;1;1;1;1;1;2;2;;;1;4;4;3;1;2;1;;2;4;1;;1;2;0;1;;2;8;1,14362192
90018;2;3;2;1;6;;1;1;1;2;1;1;2;1;2;2;2;2;2;2;2;2;2;2;2;99;;;;;;;;;;;;;;;;;;;;;;;;;2;2;2;;;;;;;;;;;;;;3;5;5;2;2;3;3;2;2;2;3;2;2;3;2;2;3;2;2;3;3;1;;2;2;;;;;;;;;;;;;;;;;;;;;;;;;;;;;;;;;;;;;1;2;98;;;;;;;;;;;;;;;;;;;;;;;;;;;;;;;;2;3;4;4;4;4;4;3;4;4;1;1;4;4;3;4;1;1;1;1;1;1;1;1;;;1;4;4;3;2;6;6;;2;6;1;;1;2;0;1;;2;7;0,35253394
90020;2;17;3;2;5;;1;3;9;2;2;2;2;2;2;2;2;2;2;1;2;2;2;2;2;11;JE DÉSIRAIS ALLER VOTER, MAIS CERTAINES CIRCONSTANCES ONT FAIT QUE JE N'Y AI PLUS PENSÉ.;;;;;;;;;;;;;;;;;;;;;;;;1;1;1;;;;;;;;;;;;;;1;5;5;2;2;3;2;2;2;5;4;3;1;3;2;2;3;1;2;3;2;2;;;2;;;;;;;;;;;;;;;;;;;;;;;;;;;;;;;;;;;;;1;1;1;;;;;;;;;;;;;;;;3;;;;;;;;;;;;;;;;1;2;4;3;4;4;4;4;4;4;2;3;3;2;2;4;1;2;2;2;2;4;4;4;;;5;4;4;3;2;4;1;;2;6;1;;3;2;1;1;;2;2;0,27846184
90022;2;6;1;1;5;;1;2;2;2;2;2;2;2;1;2;1;1;2;2;2;2;2;2;2;4;QUE JE SOIS INSCRIT A LA LISTE , J'AI TRAVAILLER AU ÉLECTIONS DES ANNÉES ET J'HABITE AU MÊME ENDROIT DEPUIS 15 ANS ET JE NE SUIS PAS INSCRIT, CELA M'A DÉGOÛTÉ;;;;;;;;;;;;;;;;;;;;;;;;1;1;2;;;;;;;;;;;;;;2;5;8;1;2;1;1;3;2;2;2;4;1;3;1;3;2;1;2;3;1;2;;;1;3;;;;;;;;;;;;;;;;;;;;3;;;;;;;;;;;;;;;;2;;3;;;;;;;;;;;;;;;;;;;;;;;;;;;;;;;;3;3;3;4;4;2;4;4;4;4;4;4;4;4;3;3;3;3;3;3;2;4;3;2;;;1;4;4;3;2;6;1;;1;6;1;;2;1;0;1;;2;2;0,32917967
90023;2;17;3;2;6;;1;1;1;2;1;1;1;1;2;2;2;2;2;2;2;2;2;2;2;1;QUAND IL Y AURA UN CANDIDAT QUI ARRÊTERA DE TOUJOURS EN PRENDRE DANS NOS POCHES AVEC LEUR TAXE TPS TVA UNE BANDE DE VOLEUR;;;;;;;;;;;;;;;;;;;;;;;;2;2;2;;;;;;;;;;;;;;4;0;0;1;1;4;5;5;1;4;1;1;1;4;1;1;5;1;4;4;4;1;;2;2;;;;;;;;;;;;;;;;;;;;;;;;;;;;;;;;;;;;;2;;98;;;;;;;;;;;;;;;;;;;;;;;;;;;;;;;;2;2;4;4;4;4;4;4;4;4;1;3;4;4;3;9;1;1;3;2;1;4;2;9;;;4;4;4;3;1;3;6;;2;6;1;;2;1;0;1;;2;1;3,05613232
90050;2;15;1;1;5;;1;2;4;1;2;2;2;1;2;2;2;2;2;2;1;2;1;2;2;99;;;;;;;;;;;;;;;;;;;;;;;;;2;2;2;;;;;;;;;;;;;;1;3;3;2;3;3;2;2;2;4;2;1;2;3;2;3;3;1;1;1;1;2;;;9;;;;;;;;;;;;;;;;;;;;;;;;;;;;;;;;;;;;;1;1;1;;2;;;;;;;;;;;;;;2;;;;;;;;;;;;;;;;2;2;4;1;4;4;4;4;4;4;4;1;1;4;2;4;1;1;1;2;2;4;4;4;;;2;4;4;3;2;6;4;;2;6;2;;1;2;1;3;5;2;5;0,32917967
90051;2;6;1;1;5;;1;1;4;2;1;1;2;1;2;2;1;2;2;2;2;2;2;2;2;99;;;;;;;;;;;;;;;;;;;;;;;;;2;1;2;;;;;;;;;;;;;;3;5;1;2;2;3;3;2;2;3;2;2;2;3;2;2;5;2;5;5;5;2;;;2;;;;;;;;;;;;;;;;;;;;;;;;;;;;;;;;;;;;;2;;98;;;;;;;;;;;;;;;;;;;;;;;;;;;;;;;;2;3;4;4;4;4;4;4;4;4;2;3;3;3;4;4;3;2;1;2;2;2;3;4;;;5;3;3;3;2;5;6;;1;4;1;;2;1;0;1;;2;1;0,32917967
90053;1;12;2;2;1;1;1;4;1;;;;;;;;;;;;;;;;;;;;;;;;;;;;;;;;;1;1;1;1;1;1;1;1;1;1;1;1;2;1;;;;;;;;;;;;1;3;3;2;3;2;2;2;2;2;2;2;2;2;1;2;2;2;2;2;2;2;;;2;;;;;;;;;;;;;;;;;;;;;;;;;;;;;;;;;;;;;1;1;98;;;;;;;;;;;;;;;;;;;;;;;;;;;;;;;;3;3;4;4;4;4;4;4;4;4;3;4;3;3;3;4;4;2;4;4;1;4;4;4;2;2;2;3;3;2;2;5;1;;2;1;1;;1;2;0;1;;2;4;0,30987042
90058;1;8;3;3;4;;1;4;1;;;;;;;;;;;;;;;;;;;;;;;;;;;;;;;;;1;2;1;1;2;1;1;2;1;1;1;1;1;;;;;;;;;;;;;1;1;3;1;3;2;1;3;1;5;1;1;1;3;2;2;5;1;2;2;4;2;;;2;;;;;;;;;;;;;;;;;;;;;;;;;;;;;;;;;;;;;2;;98;;;;;;;;;;;;;;;;;;;;;;;;;;;;;;;;2;2;4;2;4;4;4;4;4;4;3;3;3;3;2;4;1;1;1;1;1;4;4;4;;;1;5;3;3;2;6;1;;2;6;1;;2;1;2;1;;2;99;0,09497616
90059;1;2;3;3;4;;1;4;2;;;;;;;;;;;;;;;;;;;;;;;;;;;;;;;;;1;1;2;1;2;1;2;2;1;1;1;1;1;;;;;;;;;;;;;1;2;6;9;3;3;2;2;2;3;2;2;2;2;5;3;3;5;1;2;4;2;;;1;3;;4;;;;;;;;;;;;;;;;;;3;;;;;;;;;;;;;;;;1;1;98;;;;;;;;;;;;;;;;;;;;;;;;;;;;;;;;2;4;4;4;4;4;4;4;4;4;1;3;4;4;3;4;1;1;1;1;1;4;4;4;;;4;2;4;3;2;3;1;;2;5;1;;1;4;0;1;;2;4;0,39711922
90060;1;8;3;3;3;;1;4;1;;;;;;;;;;;;;;;;;;;;;;;;;;;;;;;;;2;1;2;1;2;1;1;1;2;1;1;1;2;1;;;;;;;;;;;;2;5;5;9;3;3;2;5;2;2;5;2;5;3;3;2;3;2;3;5;2;1;2;;2;;;;;;;;;;;;;;;;;;;;;;;;;;;;;;;;;;;;;1;1;1;;;;;;;;;;;;;;;;2;;;;;;;;;;;;;;;;3;2;2;4;4;4;4;4;3;4;1;2;2;1;2;4;2;1;1;1;1;4;4;4;;;5;3;3;3;2;5;1;;2;5;1;;1;2;2;1;;2;7;0,17110108
90061;2;6;1;1;1;1;1;3;1;2;2;2;2;2;2;2;2;2;2;1;2;2;2;2;2;6;SI ON M’AVAIT INFORMÉ D’UNE FAÇON QUE JE POUVAIS VOTER À DISTANCE;;;;;;;;;;;;;;;;;;;;;;;;1;1;1;;;;;;;;;;;;;;1;2;1;2;4;2;2;2;3;2;2;1;3;3;2;2;3;3;1;1;2;2;;;2;;;;;;;;;;;;;;;;;;;;;;;;;;;;;;;;;;;;;1;1;1;;;;;;;;;;;;;;;;1;;;;;;;;;;;;;;;;2;4;2;1;3;4;4;4;4;4;3;4;2;1;4;4;1;1;2;2;1;4;4;4;2;2;1;2;4;3;2;5;3;;3;6;1;;1;3;0;1;;2;98;0,80115086
90062;2;6;1;1;6;;1;2;4;2;2;1;2;1;2;2;2;2;2;2;2;2;1;1;2;99;;;;;;;;;;;;;;;;;;;;;;;;;9;9;1;;;;;;;;;;;;;;1;8;7;2;1;4;2;2;3;1;5;3;4;4;4;3;3;2;2;3;3;1;;2;9;;;;;;;;;;;;;;;;;;;;;;;;;;;;;;;;;;;;;1;1;1;;;;;;;;;;;;;;;;2;;;;;;;;;;;;;;;;3;1;4;4;9;9;4;4;4;4;1;1;2;4;1;9;1;3;1;2;1;9;9;9;;;2;1;1;1;1;5;1;;3;5;2;;1;2;1;1;;2;8;0,86403853
90085;1;13;1;1;2;;1;4;1;;;;;;;;;;;;;;;;;;;;;;;;;;;;;;;;;1;1;2;2;2;1;1;1;2;1;1;2;2;1;;;;;;;;;;;;1;6;10;1;2;1;2;4;1;4;2;1;1;4;1;2;3;1;1;1;4;1;2;;2;;;;;;;;;;;;;;;;;;;;;;;;;;;;;;;;;;;;;1;1;1;;2;;3;;;;;;;;;;;;1;;2;;4;;;;;;;;;;;;2;1;3;1;4;4;4;4;4;4;3;3;2;1;2;4;2;1;2;1;1;4;4;4;2;2;3;1;4;3;2;7;1;;2;4;1;;1;2;0;1;;2;8;0,45117819
90087;2;17;3;2;2;;1;1;1;1;1;1;1;1;2;2;2;2;2;1;1;1;1;1;1;99;;;;;;;;;;;;;;;;;;;;;;;;;2;2;2;;;;;;;;;;;;;;3;3;3;2;3;3;3;3;2;2;3;3;2;3;3;3;2;2;3;2;2;2;;;2;;;;;;;;;;;;;;;;;;;;;;;;;;;;;;;;;;;;;1;2;98;;;;;;;;;;;;;;;;;;;;;;;;;;;;;;;;3;3;4;4;4;4;4;4;4;4;3;3;3;3;3;3;3;3;3;3;3;3;3;3;2;2;3;3;3;2;2;3;4;;1;1;1;;1;2;4;1;;2;2;1,39463198
90088;2;13;1;1;2;;1;2;4;2;2;2;2;2;2;1;2;2;2;2;2;2;1;2;2;11;SI J’AVAIS EU LE TEMPS DE LE FAIRE CETTE JOURNEE MA;;;;;;;;;;;;;;;;;;;;;;;;1;1;2;;;;;;;;;;;;;;2;5;6;1;3;3;2;5;2;2;2;2;2;4;1;2;3;2;2;2;3;2;;;2;;;;;;;;;;;;;;;;;;;;;;;;;;;;;;;;;;;;;1;1;1;;;;;;;;;;;;;;;;1;;;;;;;;;;;;;;;;2;3;3;4;4;3;4;4;4;4;2;3;3;2;3;4;2;2;1;2;2;4;3;4;2;2;2;2;4;3;2;7;7;;2;3;1;;1;2;1;1;;2;6;0,57919556
90091;2;4;3;2;6;;1;3;4;2;2;1;2;1;2;2;2;2;2;2;2;2;2;2;2;99;;;;;;;;;;;;;;;;;;;;;;;;;1;1;1;;;;;;;;;;;;;;1;4;4;2;2;2;3;3;3;4;3;2;2;3;2;2;5;2;1;5;3;1;;2;2;;;;;;;;;;;;;;;;;;;;;;;;;;;;;;;;;;;;;2;;98;;;;;;;;;;;;;;;;;;;;;;;;;;;;;;;;3;3;4;4;4;4;4;4;4;4;2;2;4;4;3;4;1;1;1;1;1;9;9;9;;;1;4;4;3;1;7;6;;2;6;1;;9;1;0;1;;2;2;0,8214457
90092;1;7;3;2;2;;1;4;1;;;;;;;;;;;;;;;;;;;;;;;;;;;;;;;;;1;1;2;2;2;1;1;1;2;1;1;2;2;1;;;;;;;;;;;;1;9;7;2;2;3;2;2;1;3;2;3;2;3;1;2;3;1;1;1;3;1;2;;2;;;;;;;;;;;;;;;;;;;;;;;;;;;;;;;;;;;;;1;1;98;;;;;;;;;;;;;;;;;;;;;;;;;;;;;;;;4;1;4;1;4;4;4;4;4;4;3;2;2;3;1;3;1;1;2;1;2;4;3;4;2;1;1;4;3;3;1;7;1;;2;5;1;;1;2;2;2;5;2;7;0,27176392
90094;2;15;1;1;2;;1;1;1;2;1;1;2;1;2;2;2;2;2;2;2;2;2;2;2;99;;;;;;;;;;;;;;;;;;;;;;;;;2;2;2;;;;;;;;;;;;;;3;5;5;2;4;4;3;3;3;3;3;3;3;3;3;3;3;3;3;3;3;2;;;1;4;;;;;;;;;;;;;;;;;;;;5;;;;;;;;;;;;;;;;1;1;1;;;;;;;;;;;;;;;;2;;;;;;;;;;;;;;;;4;4;9;9;9;9;9;9;9;9;4;3;3;1;3;3;3;2;3;2;3;3;3;3;2;2;1;3;4;3;2;3;7;;2;6;1;;1;2;2;1;;2;6;2,1548593
90095;2;15;1;2;2;;1;1;4;1;1;1;2;1;2;2;1;2;2;2;2;2;1;2;2;11;PLUS DE DATES DE VOTE EXEMPLE SUR 2-3 JOURS PUISQUE J'ÉTAIS SEULE AVEC LES 4 ENFANTS, LES DEVOIRS, SPORTS ETC J'AI MANQUÉ DE TEMPS. SUR DEUX-TROIS JOURS MON CONJOINT AURAIT ÉTÉ PRÉSENT POUR JE PUISSES Y ALLER AVEC LUI OU SANS LUI QU'IL S'OCCUPE DES E;;;;;;;;;;;;;;;;;;;;;;;;1;1;1;;;;;;;;;;;;;;2;5;5;2;3;3;3;2;2;4;3;2;2;4;2;2;4;2;2;2;3;1;;2;2;;;;;;;;;;;;;;;;;;;;;;;;;;;;;;;;;;;;;1;1;1;;2;;5;;;;;;;;;;;;1;;2;;3;;;;;;;;;;;;4;3;3;1;2;4;4;4;4;4;3;3;3;1;3;4;2;2;2;2;2;4;4;4;2;2;1;3;3;2;2;7;4;;1;1;1;;1;2;4;1;;2;2;0,37485752
90096;2;17;3;2;5;;1;2;4;2;2;2;2;2;2;2;2;2;2;2;1;2;2;2;2;99;;;;;;;;;;;;;;;;;;;;;;;;;1;1;2;;;;;;;;;;;;;;2;6;6;2;3;3;2;1;2;2;2;2;2;3;1;3;1;4;1;2;2;2;;;2;;;;;;;;;;;;;;;;;;;;;;;;;;;;;;;;;;;;;1;1;98;;;;;;;;;;;;;;;;;;;;;;;;;;;;;;;;3;4;4;4;4;4;4;4;4;4;1;2;3;2;2;4;2;2;2;2;2;4;4;4;;;2;2;4;3;2;4;8;;1;5;1;;1;2;0;1;;2;2;0,27846184
90098;2;13;1;1;2;;1;3;4;2;2;1;2;1;1;2;2;1;2;2;2;2;1;1;2;99;;;;;;;;;;;;;;;;;;;;;;;;;8;1;1;;;;;;;;;;;;;;1;1;1;2;3;3;3;3;2;3;3;3;3;3;2;3;3;2;3;2;3;2;;;2;;;;;;;;;;;;;;;;;;;;;;;;;;;;;;;;;;;;;2;;98;;;;;;;;;;;;;;;;;;;;;;;;;;;;;;;;4;4;4;4;4;4;4;4;4;4;3;3;3;3;2;3;3;3;2;3;3;3;3;3;2;2;3;3;4;3;2;5;1;;2;3;1;;2;1;1;3;4;2;2;0,51536065
90100;2;8;3;3;2;;1;3;4;2;2;2;2;2;2;2;2;2;2;2;2;2;2;2;2;99;;;;;;;;;;;;;;;;;;;;;;;;;1;1;1;;;;;;;;;;;;;;1;0;0;2;3;3;5;2;1;3;3;1;1;4;1;1;4;1;1;2;4;2;;;2;;;;;;;;;;;;;;;;;;;;;;;;;;;;;;;;;;;;;2;;98;;;;;;;;;;;;;;;;;;;;;;;;;;;;;;;;4;4;2;2;4;2;4;4;4;4;3;4;2;2;2;4;1;1;1;1;1;4;1;4;2;2;1;2;4;3;2;3;1;;1;1;1;;1;1;0;1;;2;2;0,4271372
90102;2;12;3;2;6;;1;1;1;1;1;1;1;1;2;2;2;2;2;2;2;2;2;2;2;99;;;;;;;;;;;;;;;;;;;;;;;;;1;1;2;;;;;;;;;;;;;;4;0;0;2;3;3;4;4;2;4;1;2;1;3;2;2;3;2;5;3;3;2;;;2;;;;;;;;;;;;;;;;;;;;;;;;;;;;;;;;;;;;;1;9;98;;;;;;;;;;;;;;;;;;;;;;;;;;;;;;;;4;4;4;4;4;4;4;4;4;4;3;4;4;4;3;4;4;9;9;4;9;4;9;4;;;1;4;4;3;1;5;6;;2;6;1;;1;2;0;1;;2;2;0,73091167
90113;2;17;3;2;5;;1;3;3;2;2;2;2;2;2;2;2;2;2;2;1;2;2;2;2;7;JE ME FESAIT OPÉRER;;;;;;;;;;;;;;;;;;;;;;;;1;1;1;;;;;;;;;;;;;;2;7;8;1;3;3;2;2;3;2;2;2;3;2;3;3;2;2;2;1;2;2;;;1;3;;;;;;;;;;;;;;;;;;;;4;;;;;;;;;;;;;;;;1;2;1;;;;;;;;;;;;;;;;4;;;;;;;;;;;;;;;;3;3;9;2;4;4;4;4;4;4;1;3;2;2;3;4;1;1;3;2;1;4;4;3;;;2;3;3;2;1;5;8;;2;5;1;;1;2;0;1;;2;4;0,68249238
90120;1;6;1;1;1;1;1;4;4;;;;;;;;;;;;;;;;;;;;;;;;;;;;;;;;;1;1;1;1;1;1;1;2;1;2;2;1;2;1;;2;;;;;;;;;;1;6;6;1;2;2;4;4;4;3;2;2;3;3;2;3;3;4;3;3;1;1;1;;1;2;;;;;;;;;;;;;;;;;;;;4;;;;;;;;;;;;;;;;1;1;1;;5;;;;;;;;;;;;;;1;;2;;;;;;;;;;;;;;1;2;2;2;1;2;2;3;2;2;2;2;2;3;2;3;2;2;4;3;3;2;2;3;1;1;1;3;2;1;2;3;1;;3;6;1;;1;2;0;1;;2;3;2,00191617
90124;2;15;1;1;2;;1;2;4;1;1;1;1;1;2;2;2;2;2;2;2;2;2;2;2;10;I DON'T THINK ANYTHING COULD HAVE MADE ME VOTE. I DID NOT AGREE WITH THE ISSUES RAISED DURING THE ELECTION. THE POLITICIANS SPENT THEIR TIME ON STUPID ISSUES THAT NO ONE REALLY CARES ABOUT (IE IMMIGRATION, RELIGIOUS SYMBOLS) AND NOT ENOUGH ON THINGS THAT;;;;;;;;;;;;;;;;;;;;;;;;1;1;2;;;;;;;;;;;;;;2;6;4;2;2;3;2;2;1;4;1;3;1;3;1;1;3;1;2;2;2;2;;;2;;;;;;;;;;;;;;;;;;;;;;;;;;;;;;;;;;;;;2;;98;;;;;;;;;;;;;;;;;;;;;;;;;;;;;;;;2;2;3;4;4;4;4;4;4;4;1;3;3;4;2;4;1;1;2;3;1;4;3;2;2;2;1;4;4;3;2;7;1;;2;6;2;;2;1;0;1;;1;2;0,57919556
90125;1;3;2;1;2;;1;4;4;;;;;;;;;;;;;;;;;;;;;;;;;;;;;;;;;1;1;2;2;2;1;1;2;1;1;1;2;1;;;;;;;;;;;;;1;6;5;2;3;3;3;3;2;3;2;2;2;2;2;2;3;2;1;2;3;2;;;2;;;;;;;;;;;;;;;;;;;;;;;;;;;;;;;;;;;;;2;;98;;;;;;;;;;;;;;;;;;;;;;;;;;;;;;;;1;2;4;1;4;4;4;4;4;4;3;3;3;1;3;4;2;2;2;1;1;4;3;4;1;1;1;3;4;3;2;6;1;;1;3;1;;2;1;1;1;;2;3;0,40145314
90126;1;6;1;1;2;;1;4;1;;;;;;;;;;;;;;;;;;;;;;;;;;;;;;;;;1;1;1;2;2;1;1;1;2;1;1;2;1;;;;;;;;;;;;;1;6;8;1;2;2;1;2;3;2;3;3;3;3;2;4;2;2;1;1;2;1;2;;1;3;;5;;8;;;;;;;;;;;;;;;;3;;;;;;;;;;;;;;;;2;;1;;2;;3;;;;;;;;;;;;1;;;;;;;;;;;;;;;;2;2;3;4;4;4;4;4;4;4;3;3;2;1;2;4;1;1;2;1;1;4;4;2;2;2;1;1;3;3;2;3;1;;1;3;1;;2;1;0;2;5;2;3;1,67858315
90129;1;2;3;3;3;;1;4;3;;;;;;;;;;;;;;;;;;;;;;;;;;;;;;;;;1;1;1;1;1;1;2;1;2;1;1;2;2;3;;;;;;;;;;2;;1;8;8;1;2;2;2;2;3;2;3;2;3;2;3;3;2;3;2;2;3;1;2;;2;;;;;;;;;;;;;;;;;;;;;;;;;;;;;;;;;;;;;1;1;98;;;;;;;;;;;;;;;;;;;;;;;;;;;;;;;;2;2;4;4;4;4;4;4;4;4;1;2;2;2;2;4;1;2;1;1;1;9;3;2;;;4;4;3;1;2;7;1;;2;3;1;;2;2;1;1;;2;3;0,19229379
90134;1;6;1;1;2;;1;4;4;;;;;;;;;;;;;;;;;;;;;;;;;;;;;;;;;2;2;1;1;2;1;1;1;1;1;1;2;1;;;;;;;;;;;;;2;10;10;1;1;3;2;1;1;3;2;3;1;4;2;2;4;2;4;4;1;1;2;;2;;;;;;;;;;;;;;;;;;;;;;;;;;;;;;;;;;;;;2;;98;;;;;;;;;;;;;;;;;;;;;;;;;;;;;;;;2;2;3;1;1;4;4;4;4;4;4;4;2;1;3;4;2;1;1;1;1;3;3;1;1;2;1;4;4;3;1;4;1;;2;5;1;;2;1;0;1;;2;4;0,37362623
90135;2;2;3;3;6;;1;1;1;2;2;2;2;1;2;2;2;2;2;2;2;2;2;2;2;1;LE JOUR OÙ  LES POLITICIENS SERONT INTÈGRES  J'ENVISAGERAIS D'ALLER VOTER.  JE CONSIDÈRE QUE LA POLITIQUE EST AUTRE CHOSE QU'UN JEU OÙ CHACUN SE ( BITCH) À QUI MIEUX MIEUX;;;;;;;;;;;;;;;;;;;;;;;;2;2;2;;;;;;;;;;;;;;1;0;0;2;3;3;2;2;2;5;3;2;2;4;2;2;5;2;2;2;4;2;;;2;;;;;;;;;;;;;;;;;;;;;;;;;;;;;;;;;;;;;2;;2;;;;;;;;;;;;;;;;;;;;;;;;;;;;;;;;3;4;3;4;4;4;4;4;4;4;1;2;3;3;3;4;2;2;9;2;2;3;4;3;;;2;3;4;3;2;7;6;;2;4;1;;2;1;0;1;;2;3;0,07689238
90143;2;14;3;2;6;;1;3;4;1;1;1;1;1;1;2;2;2;2;2;2;2;1;2;2;99;;;;;;;;;;;;;;;;;;;;;;;;;1;1;1;;;;;;;;;;;;;;1;8;8;1;2;2;2;2;3;2;4;3;3;2;3;2;2;4;1;2;4;2;;;1;1;;10;TEL;;;;;;;;;;;;;;;;;3;;;;;;;;;;;;;;;;1;1;1;;;;;;;;;;;;;;;;2;;;;;;;;;;;;;;;;2;2;3;3;4;4;3;4;4;4;2;2;2;3;3;4;1;1;1;1;1;4;4;4;;;3;3;3;3;1;3;6;;2;6;1;;1;2;0;1;;2;2;3,05613232
90156;2;6;1;1;5;;1;3;2;2;2;1;2;1;2;1;2;2;2;1;2;2;2;2;2;5;IF I WAS IN THE PROVINCE AT THE TIME OF THE VOTE OR ADVANCE VOTE;9;;;;;;;;;;;;;;;;;;;;;;;1;1;1;;;;;;;;;;;;;;1;3;3;2;2;2;2;2;2;4;2;2;2;4;1;2;3;5;2;2;1;2;;;2;;;;;;;;;;;;;;;;;;;;;;;;;;;;;;;;;;;;;1;2;98;;;;;;;;;;;;;;;;;;;;;;;;;;;;;;;;3;3;4;1;4;4;4;4;4;4;1;2;3;3;1;4;1;1;2;3;1;9;4;4;;;5;5;5;3;2;7;1;;2;6;2;;1;2;0;3;5;2;99;0,36995301
90161;2;12;3;2;6;;1;3;1;2;2;2;2;2;2;2;2;2;2;1;2;2;2;2;2;5;J'ÉTAIS À L'EXTÉRIEUR;;;;;;;;;;;;;;;;;;;;;;;;1;1;1;;;;;;;;;;;;;;1;8;8;9;3;2;2;2;2;2;2;2;2;5;5;2;3;5;1;2;5;2;;;9;;;;;;;;;;;;;;;;;;;;;;;;;;;;;;;;;;;;;1;1;98;;;;;;;;;;;;;;;;;;;;;;;;;;;;;;;;3;2;4;4;4;4;4;4;4;4;2;3;4;4;2;4;2;1;1;1;1;4;4;4;;;2;3;4;3;2;3;6;;2;6;1;;1;2;0;1;;2;3;1,24692321
90163;1;8;3;3;2;;1;4;1;;;;;;;;;;;;;;;;;;;;;;;;;;;;;;;;;1;2;1;1;1;1;1;1;2;1;1;1;1;;;;;;;;;;;;;2;5;6;2;2;2;2;2;1;2;2;1;1;1;2;1;2;2;2;2;2;1;2;;2;;;;;;;;;;;;;;;;;;;;;;;;;;;;;;;;;;;;;1;1;1;;;;;;;;;;;;;;;;1;;;;;;;;;;;;;;;;3;3;4;4;4;2;4;4;4;4;1;4;1;1;4;4;1;1;2;1;1;9;4;4;1;1;5;1;4;3;2;2;1;;1;5;1;;1;2;0;1;;2;2;0,33272818
90166;2;4;3;2;6;;1;2;4;2;2;2;2;2;2;2;2;1;1;2;2;2;2;2;2;97;JE N'ÉTAIS PAS INTÉRESSÉE D'Y ALLER SEULE.;;;;;;;;;;;;;;;;;;;;;;;;1;1;2;;;;;;;;;;;;;;1;10;10;1;2;2;2;1;2;1;3;2;2;2;2;3;2;2;1;1;4;1;;2;2;;;;;;;;;;;;;;;;;;;;;;;;;;;;;;;;;;;;;2;;98;JE SUIS LA PERSONNE QUI DIT AUX AUTRES QUE C'EST IMPORTANT D'EXERCER SON DROIT DE VOTE.;;;;;;;;;;;;;;;;;;;;;;;;;;;;;;;2;1;3;1;4;4;4;4;4;4;1;3;3;2;3;4;1;1;1;1;2;4;3;2;;;1;4;4;3;2;2;6;;1;4;1;;2;1;0;1;;2;1;1,24692321
90171;1;3;2;1;1;1;1;4;9;;;;;;;;;;;;;;;;;;;;;;;;;;;;;;;;;1;1;1;1;1;1;1;1;1;8;8;2;1;;;;;;;;;;;;;1;3;3;2;3;9;2;2;2;5;4;2;5;5;2;5;5;5;1;2;3;1;1;;2;;;;;;;;;;;;;;;;;;;;;;;;;;;;;;;;;;;;;2;;1;;2;;;;;;;;;;;;;;2;;;;;;;;;;;;;;;;2;2;4;4;4;4;4;4;4;4;3;3;3;2;3;9;2;2;2;2;2;9;3;9;1;1;2;2;2;9;2;3;1;;1;1;1;;1;1;0;1;;2;2;2,00191617
90174;1;6;1;1;2;;1;4;1;;;;;;;;;;;;;;;;;;;;;;;;;;;;;;;;;2;2;2;2;2;1;1;2;2;1;1;1;1;;;;;;;;;;;;;4;10;5;2;9;4;4;4;1;4;1;4;1;4;1;1;4;2;4;4;4;2;;;2;;;;;;;;;;;;;;;;;;;;;;;;;;;;;;;;;;;;;1;9;98;;;;;;;;;;;;;;;;;;;;;;;;;;;;;;;;3;1;1;1;4;4;4;4;4;4;1;1;3;4;3;1;1;1;4;4;1;3;1;1;2;2;1;4;5;3;1;1;1;;1;3;1;;2;3;0;1;;2;6;1,56222737
90177;1;4;3;2;2;;1;4;3;;;;;;;;;;;;;;;;;;;;;;;;;;;;;;;;;1;1;1;1;2;1;1;1;1;1;1;1;2;1;;;;;;;;;;;;1;8;8;1;2;2;2;2;2;2;3;2;3;3;2;2;3;1;1;2;3;1;2;;2;;;;;;;;;;;;;;;;;;;;;;;;;;;;;;;;;;;;;1;1;98;;;;;;;;;;;;;;;;;;;;;;;;;;;;;;;;2;2;1;2;4;3;4;4;4;4;3;2;2;2;3;9;1;1;2;1;1;4;3;2;2;1;2;4;3;3;2;8;2;;1;1;1;;1;2;0;1;;2;1;0,29200417
90178;2;17;3;2;4;;1;1;2;2;1;2;2;1;2;2;2;2;2;2;2;2;2;2;2;99;;;;;;;;;;;;;;;;;;;;;;;;;1;1;2;;;;;;;;;;;;;;3;7;7;1;2;3;4;4;1;2;2;3;2;3;2;2;3;1;2;3;4;2;;;1;4;;;;;;;;;;;;;;;;;;;;3;;;;;;;;;;;;;;;;2;;3;;;;;;;;;;;;;;;;;;;;;;;;;;;;;;;;1;1;4;2;2;4;4;4;4;4;1;2;3;3;1;4;2;2;2;2;2;2;3;4;;;1;4;4;3;1;5;1;;2;6;1;;1;2;0;1;;2;5;1,50804174
90180;1;15;1;1;2;;1;4;1;;;;;;;;;;;;;;;;;;;;;;;;;;;;;;;;;1;1;2;2;2;1;1;1;2;9;1;2;1;;;;;;;;;;;;;1;2;10;1;2;3;1;1;2;1;1;1;2;2;2;3;1;3;1;1;4;2;;;2;;;;;;;;;;;;;;;;;;;;;;;;;;;;;;;;;;;;;1;1;1;;;;;;;;;;;;;;;;1;;2;;;;;;;;;;;;;;3;2;4;4;4;4;4;4;4;4;2;4;2;4;2;4;1;1;2;1;1;4;4;4;2;2;1;2;4;3;2;7;4;;2;1;1;;1;2;2;3;5;2;7;0,45117819
90181;2;7;3;2;1;1;1;3;4;2;2;2;2;2;2;2;2;2;2;2;2;2;1;2;2;99;;;;;;;;;;;;;;;;;;;;;;;;;9;9;9;;;;;;;;;;;;;;2;5;5;2;3;3;2;2;2;2;3;2;2;3;3;3;3;3;3;3;3;2;;;2;;;;;;;;;;;;;;;;;;;;;;;;;;;;;;;;;;;;;1;2;98;;;;;;;;;;;;;;;;;;;;;;;;;;;;;;;;4;3;4;4;4;4;4;4;4;4;3;3;3;2;2;3;3;3;3;3;3;3;2;2;2;2;1;4;4;2;2;3;5;;1;3;2;;1;2;2;1;;2;2;2,1680212
90184;2;12;3;2;6;;1;1;1;2;2;2;2;1;2;2;2;2;2;2;2;2;2;2;2;6;SI ONT POUVAIENT VOTER AVEC INTERNET.;;;;;;;;;;;;;;;;;;;;;;;;1;2;2;;;;;;;;;;;;;;2;1;1;2;2;2;3;2;4;1;2;2;2;3;1;1;4;3;1;2;4;2;;;1;3;;6;;;;;;;;;;;;;;;;;;3;;;;;;;;;;;;;;;;2;;2;;;;;;;;;;;;;;;;;;;;;;;;;;;;;;;;1;2;4;4;4;4;4;4;4;4;3;1;1;4;3;4;1;1;2;1;1;4;4;1;;;1;2;4;3;2;2;6;;1;6;1;;2;1;0;1;;2;1;1,24692321
90185;2;4;3;2;5;;1;1;1;2;2;2;2;1;2;2;2;2;2;2;2;2;2;2;2;99;;;;;;;;;;;;;;;;;;;;;;;;;2;2;2;;;;;;;;;;;;;;5;0;0;1;3;4;5;5;5;5;2;2;2;3;2;2;3;1;3;3;3;2;;;2;;;;;;;;;;;;;;;;;;;;;;;;;;;;;;;;;;;;;2;;98;;;;;;;;;;;;;;;;;;;;;;;;;;;;;;;;3;3;4;1;4;4;4;4;4;4;2;2;3;4;3;4;2;1;2;2;2;4;4;2;;;2;4;3;3;2;3;2;;1;6;1;;2;1;0;1;;2;2;1,16431904
90192;2;13;1;1;2;;1;2;4;1;1;1;2;2;2;1;2;2;1;2;1;2;1;1;2;6;ONLINE VOTING;;;;;;;;;;;;;;;;;;;;;;;;1;1;2;;;;;;;;;;;;;;2;7;7;1;3;3;3;2;1;2;3;2;2;3;1;3;3;1;2;2;4;2;;;2;;;;;;;;;;;;;;;;;;;;;;;;;;;;;;;;;;;;;1;2;98;;;;;;;;;;;;;;;;;;;;;;;;;;;;;;;;4;3;2;3;4;3;4;4;4;3;3;1;2;1;1;1;2;2;1;2;1;4;1;1;2;1;1;3;2;2;2;5;1;;1;4;2;;2;4;0;1;;2;2;0,51536065
90195;2;16;1;2;6;;1;1;1;2;1;1;2;1;2;2;2;2;2;2;2;2;2;2;2;97;IF I BELIEVED CANADA HAD A DEMOCRACY RATHER THAN A CORPORATE OLIGOPOLY.;;;;;;;;;;;;;;;;;;;;;;;;2;2;2;;;;;;;;;;;;;;4;1;0;2;4;4;4;3;3;5;1;4;2;2;1;1;4;1;4;4;4;2;;;1;2;;;;;;;;;;;;;;;;;;;;99;;;;;;;;;;;;;;;;1;1;98;;;;;;;;;;;;;;;;;;;;;;;;;;;;;;;;3;2;4;4;4;4;4;4;4;4;3;3;2;3;3;4;3;4;1;2;1;4;9;1;;;5;4;3;3;1;7;6;;3;5;2;;2;2;0;3;5;2;2;0,8214457
90197;1;16;3;2;2;;1;4;2;;;;;;;;;;;;;;;;;;;;;;;;;;;;;;;;;1;1;1;2;2;1;1;1;2;2;2;2;2;1;;;;;;;;;;;;2;8;10;1;2;4;2;2;1;4;4;2;2;4;2;3;3;1;2;3;4;1;2;;2;;;;;;;;;;;;;;;;;;;;;;;;;;;;;;;;;;;;;1;1;1;;2;;3;;;;;;;;;;;;2;;;;;;;;;;;;;;;;3;2;2;1;1;4;4;4;4;4;4;4;2;2;4;2;1;1;1;1;1;4;2;1;2;2;2;2;2;3;2;3;1;;1;3;1;;1;2;0;1;;2;3;1,08638453
90198;2;6;1;1;2;;1;2;4;1;1;1;2;1;2;1;2;1;2;2;2;2;1;1;2;6;BEING ABLE TO DO IT FROM HOME;;;;;;;;;;;;;;;;;;;;;;;;1;1;2;;;;;;;;;;;;;;1;10;10;2;2;4;3;4;4;4;1;4;1;4;1;1;4;1;1;4;4;1;;2;2;;;;;;;;;;;;;;;;;;;;;;;;;;;;;;;;;;;;;2;;1;;2;;;;;;;;;;;;;;1;;;;;;;;;;;;;;;;1;1;2;2;2;2;4;4;4;2;3;2;2;2;3;4;1;1;3;1;1;4;4;4;2;1;1;1;4;2;2;7;1;;1;2;2;;1;1;1;1;;2;4;0,57919556
90199;2;17;3;2;4;;1;1;9;1;1;1;1;1;2;2;2;2;2;2;1;2;2;2;2;99;;;;;;;;;;;;;;;;;;;;;;;;;2;2;2;;;;;;;;;;;;;;1;0;0;2;9;3;2;2;2;3;1;1;2;3;1;2;4;1;1;3;4;2;;;2;;;;;;;;;;;;;;;;;;;;;;;;;;;;;;;;;;;;;1;2;98;;;;;;;;;;;;;;;;;;;;;;;;;;;;;;;;4;4;4;4;4;4;4;4;4;4;4;4;4;4;4;4;1;1;2;2;1;4;4;4;;;1;4;3;3;1;3;8;;1;6;1;;2;2;0;1;;2;2;6,30550432
90200;2;5;3;2;4;;1;2;4;1;2;2;2;2;2;1;2;1;1;2;1;2;2;2;2;97;ÉCOUTER PLUS LES MÉDIAS,QUE LES MÉDIAS NE INFORMENT PLUS D AVANTAGES, SURTOUT,QUE CERTAINS TERMES SOIENT SIMPLIFIERT PLUS CLAIR S;;;;;;;;;;;;;;;;;;;;;;;;1;2;2;;;;;;;;;;;;;;1;6;6;1;3;3;2;4;2;2;2;1;3;3;3;2;3;1;1;1;2;1;;2;2;;;;;;;;;;;;;;;;;;;;;;;;;;;;;;;;;;;;;1;9;1;;;;;;;;;;;;;;;;1;;;;;;;;;;;;;;;;2;2;2;2;1;3;4;4;4;4;2;3;3;3;1;4;1;1;1;1;1;4;4;1;;;1;2;1;2;2;3;2;;1;5;1;;2;2;1;1;;2;2;2,57269812
90201;1;2;3;3;4;;1;4;1;;;;;;;;;;;;;;;;;;;;;;;;;;;;;;;;;1;1;2;2;2;1;2;1;1;1;1;1;1;;;;;;;;;;;;;1;6;6;2;3;1;2;2;4;2;4;2;3;2;2;3;2;5;1;1;5;2;;;9;;;;;;;;;;;;;;;;;;;;;;;;;;;;;;;;;;;;;2;;98;;;;;;;;;;;;;;;;;;;;;;;;;;;;;;;;2;2;3;3;4;4;4;4;4;4;1;3;3;4;1;4;1;1;1;1;1;4;4;4;;;2;4;4;3;1;7;1;;2;5;1;;2;1;0;1;;2;99;0,09934163
90202;2;8;3;3;1;1;1;1;1;2;2;2;2;2;2;2;2;2;2;1;1;1;1;1;1;99;;;;;;;;;;;;;;;;;;;;;;;;;9;9;9;;;;;;;;;;;;;;4;0;0;9;9;9;4;4;4;4;4;4;4;4;4;4;4;4;4;4;4;9;;;9;;;;;;;;;;;;;;;;;;;;;;;;;;;;;;;;;;;;;9;;98;;;;;;;;;;;;;;;;;;;;;;;;;;;;;;;;4;4;4;4;4;4;4;4;4;4;4;4;4;4;4;9;9;9;9;9;9;9;9;9;9;9;5;5;5;3;2;2;7;;1;4;1;;1;2;2;1;;2;8;0,664002
90204;1;6;1;1;1;1;1;4;2;;;;;;;;;;;;;;;;;;;;;;;;;;;;;;;;;1;1;1;1;1;1;1;1;1;1;1;1;1;;;;;;;;;;;;;2;8;8;2;2;2;2;2;2;2;4;1;1;2;1;2;2;2;1;2;2;2;;;2;;;;;;;;;;;;;;;;;;;;;;;;;;;;;;;;;;;;;2;;98;;;;;;;;;;;;;;;;;;;;;;;;;;;;;;;;9;9;3;4;4;4;4;4;4;4;3;4;4;4;3;9;9;9;9;9;9;9;9;9;2;2;2;2;5;9;1;6;1;;2;9;1;;1;2;0;1;;2;5;0,44559637
90210;1;16;3;2;1;1;1;4;1;;;;;;;;;;;;;;;;;;;;;;;;;;;;;;;;;1;1;2;1;1;1;1;1;1;1;1;1;1;;;;;;;;;;;;;1;5;5;9;3;3;2;2;2;2;2;1;2;2;2;2;2;2;1;2;4;9;;;2;;;;;;;;;;;;;;;;;;;;;;;;;;;;;;;;;;;;;2;;98;;;;;;;;;;;;;;;;;;;;;;;;;;;;;;;;4;3;9;9;9;4;4;4;4;4;2;4;3;1;3;3;2;2;2;2;2;3;3;9;2;2;3;2;3;3;2;3;1;;1;3;1;;1;1;0;1;;2;2;1,29564881
90213;1;15;1;1;2;;1;4;4;;;;;;;;;;;;;;;;;;;;;;;;;;;;;;;;;1;1;2;2;2;1;2;2;1;1;1;1;1;;;;;;;;;;;;;2;7;7;2;2;3;3;5;1;5;1;1;1;4;1;2;4;1;3;5;2;2;;;2;;;;;;;;;;;;;;;;;;;;;;;;;;;;;;;;;;;;;1;2;98;;;;;;;;;;;;;;;;;;;;;;;;;;;;;;;;4;1;4;4;2;4;4;4;4;4;3;2;4;1;3;4;1;1;1;1;1;3;4;4;2;2;2;2;4;3;2;3;1;;2;4;97;ARABE;1;2;2;3;5;2;6;1,67858315
90221;1;2;3;3;3;;1;4;1;;;;;;;;;;;;;;;;;;;;;;;;;;;;;;;;;1;1;1;1;1;1;1;1;1;1;1;1;2;1;;;;;;;;;;;;1;5;5;2;2;2;1;2;2;2;3;3;2;1;2;2;1;2;1;1;1;1;2;;2;;;;;;;;;;;;;;;;;;;;;;;;;;;;;;;;;;;;;1;1;98;;;;;;;;;;;;;;;;;;;;;;;;;;;;;;;;4;4;4;4;4;4;4;4;4;4;2;4;4;2;4;4;2;2;2;2;2;4;4;4;;;3;1;3;3;2;3;98;;1;6;1;;1;2;0;1;;2;1;0,71541643
90231;2;14;1;1;2;;1;2;1;1;1;2;1;1;2;1;2;2;1;2;2;2;2;2;2;99;;;;;;;;;;;;;;;;;;;;;;;;;1;1;1;;;;;;;;;;;;;;1;8;8;1;1;3;3;2;3;2;2;1;3;3;1;3;2;1;3;3;3;2;;;2;;;;;;;;;;;;;;;;;;;;;;;;;;;;;;;;;;;;;2;;1;;2;;3;;;;;;;;;;;;1;;2;;3;;;;;;;;;;;;2;2;2;3;1;2;2;3;2;3;1;1;1;1;1;1;3;3;2;2;2;2;2;2;1;1;1;1;1;1;2;3;1;;1;3;1;;2;1;0;1;;2;2;2,1548593
90232;2;6;1;1;5;;1;3;3;2;1;1;2;1;2;2;2;2;2;2;2;2;2;2;2;1;A LEADER THAT RESPECTS WHO YOU ARE AND THE LANGUAGE THAT YOU SPEAK.;;;;;;;;;;;;;;;;;;;;;;;;1;1;2;;;;;;;;;;;;;;4;5;3;2;2;4;2;3;2;2;2;2;1;4;1;2;4;2;4;3;3;2;;;2;;;;;;;;;;;;;;;;;;;;;;;;;;;;;;;;;;;;;1;1;98;;;;;;;;;;;;;;;;;;;;;;;;;;;;;;;;4;4;2;3;4;4;4;3;4;4;1;1;2;4;2;4;2;2;2;2;2;4;4;4;;;2;4;4;3;1;3;1;;1;5;2;;1;4;0;3;5;2;6;3,37344432
90234;1;16;3;2;2;;1;4;1;;;;;;;;;;;;;;;;;;;;;;;;;;;;;;;;;1;1;2;1;2;1;1;1;1;1;1;1;1;;;;;;;;;;;;;1;3;7;2;2;2;2;3;3;2;3;2;2;3;2;3;5;2;1;1;3;2;;;2;;;;;;;;;;;;;;;;;;;;;;;;;;;;;;;;;;;;;1;1;1;;;;;;;;;;;;;;;;1;;2;;;;;;;;;;;;;;2;3;2;3;4;4;4;4;4;4;3;2;2;2;4;4;1;1;1;2;2;4;4;4;2;2;1;5;4;3;2;7;1;;2;6;1;;1;2;2;1;;2;3;0,29200417
90242;2;12;2;2;3;;1;1;9;1;2;2;2;1;2;2;2;1;2;2;2;2;2;2;2;99;;;;;;;;;;;;;;;;;;;;;;;;;9;9;2;;;;;;;;;;;;;;3;0;0;2;4;9;4;4;2;4;2;1;2;4;1;1;3;1;4;3;5;2;;;9;;;;;;;;;;;;;;;;;;;;;;;;;;;;;;;;;;;;;2;;98;;;;;;;;;;;;;;;;;;;;;;;;;;;;;;;;3;4;4;4;4;4;4;4;4;4;3;3;2;2;3;4;3;3;2;2;3;4;4;4;;;1;4;4;3;2;5;1;;1;2;1;;1;1;0;1;;2;3;0,59443939
90245;2;1;3;3;1;1;1;1;4;1;2;2;2;1;2;1;2;2;2;2;2;2;2;1;2;99;;;;;;;;;;;;;;;;;;;;;;;;;2;2;2;;;;;;;;;;;;;;2;0;0;2;4;3;3;4;1;3;4;1;3;3;1;1;2;4;2;1;5;2;;;2;;;;;;;;;;;;;;;;;;;;;;;;;;;;;;;;;;;;;1;2;98;;;;;;;;;;;;;;;;;;;;;;;;;;;;;;;;4;4;4;4;4;4;4;4;4;4;3;3;4;1;3;3;3;3;3;3;3;3;3;3;2;2;1;2;4;3;2;3;1;;1;4;1;;1;1;0;1;;2;2;0,664002
90246;2;10;3;3;3;;1;3;4;2;2;2;2;2;2;2;2;2;2;2;1;2;2;2;2;99;;;;;;;;;;;;;;;;;;;;;;;;;2;2;2;;;;;;;;;;;;;;2;2;3;2;3;9;3;3;1;3;3;2;1;2;3;3;2;2;1;3;3;2;;;2;;;;;;;;;;;;;;;;;;;;;;;;;;;;;;;;;;;;;1;2;98;;;;;;;;;;;;;;;;;;;;;;;;;;;;;;;;3;3;2;4;3;4;4;3;2;2;2;3;1;1;2;3;1;2;2;3;3;2;3;2;;;2;2;2;3;1;2;1;;1;1;2;;1;2;4;1;;1;4;1,10486627
90249;1;9;3;3;2;;1;4;3;;;;;;;;;;;;;;;;;;;;;;;;;;;;;;;;;1;2;2;1;2;1;1;2;1;1;1;1;1;;;;;;;;;;;;;1;6;4;2;2;3;3;3;1;3;2;1;2;3;2;2;2;1;1;2;4;2;;;2;;;;;;;;;;;;;;;;;;;;;;;;;;;;;;;;;;;;;1;2;1;;3;;;;;;;;;;;;;;1;;;;;;;;;;;;;;;;3;2;3;3;4;4;4;4;4;4;2;3;3;2;3;4;9;2;1;2;1;4;4;3;1;9;2;2;5;3;2;4;7;;1;2;1;;1;2;1;1;;2;4;0,07957616
90254;2;16;3;2;5;;1;1;1;1;1;2;2;1;2;2;2;2;2;2;1;2;2;2;2;99;;;;;;;;;;;;;;;;;;;;;;;;;1;1;2;;;;;;;;;;;;;;3;5;6;2;3;3;3;2;2;3;4;2;2;5;2;2;3;5;2;3;5;2;;;2;;;;;;;;;;;;;;;;;;;;;;;;;;;;;;;;;;;;;1;1;98;;;;;;;;;;;;;;;;;;;;;;;;;;;;;;;;4;4;4;4;4;4;3;4;4;4;1;4;4;4;2;4;1;2;2;2;1;4;4;4;;;1;4;4;3;2;5;6;;2;6;1;;1;2;0;1;;2;99;0,27846184
90267;2;16;3;2;4;;1;3;4;2;1;1;2;1;1;1;1;1;2;1;1;2;2;2;2;7;PSS ÊTRE MALADE;;;;;;;;;;;;;;;;;;;;;;;;1;1;1;;;;;;;;;;;;;;1;6;6;9;1;2;1;1;1;1;1;1;1;1;1;1;1;1;1;1;1;2;;;2;;;;;;;;;;;;;;;;;;;;;;;;;;;;;;;;;;;;;1;1;1;;;;;;;;;;;;;;;;2;;;;;;;;;;;;;;;;4;3;4;4;4;4;4;4;4;4;3;3;3;3;3;4;1;1;1;1;1;4;4;4;;;1;1;3;3;2;2;2;;1;3;1;;1;2;0;1;;2;3;2,57269812
90282;2;6;1;1;5;;1;3;2;2;2;2;2;2;2;1;2;2;2;1;2;2;2;2;2;9;ADVANCE POLLS WHEN I WAS NOT AWAY;;;;;;;;;;;;;;;;;;;;;;;;1;1;1;;;;;;;;;;;;;;1;8;8;1;2;2;2;1;2;3;3;3;2;2;2;3;5;3;1;1;3;1;;2;2;;;;;;;;;;;;;;;;;;;;;;;;;;;;;;;;;;;;;1;1;98;;;;;;;;;;;;;;;;;;;;;;;;;;;;;;;;2;2;3;4;4;4;4;4;4;4;3;1;4;3;1;4;1;1;1;2;2;2;1;2;;;5;2;3;3;1;9;1;;2;6;2;;1;2;0;2;5;2;5;0,90673155
90285;2;11;3;3;2;;1;1;4;2;2;2;2;2;2;2;2;2;2;1;2;2;2;2;2;0;RIEN;;;;;;;;;;;;;;;;;;;;;;;;2;2;2;;;;;;;;;;;;;;3;0;0;2;4;4;2;2;2;3;2;2;2;3;2;2;3;2;3;3;3;2;;;2;;;;;;;;;;;;;;;;;;;;;;;;;;;;;;;;;;;;;1;2;98;;;;;;;;;;;;;;;;;;;;;;;;;;;;;;;;4;4;2;4;4;4;4;4;3;4;3;3;3;3;3;4;1;1;1;3;2;4;4;3;2;2;1;4;3;3;2;3;1;;2;3;1;;1;2;0;1;;2;4;0,4271372
90296;2;15;3;2;5;;1;2;4;2;2;2;2;1;2;2;2;2;2;2;2;2;2;2;1;99;;;;;;;;;;;;;;;;;;;;;;;;;2;2;2;;;;;;;;;;;;;;2;2;6;2;3;3;2;1;1;2;2;2;1;5;2;2;3;2;2;2;5;1;;2;2;;;;;;;;;;;;;;;;;;;;;;;;;;;;;;;;;;;;;2;;98;;;;;;;;;;;;;;;;;;;;;;;;;;;;;;;;4;4;4;4;4;4;4;4;4;4;2;2;3;3;4;4;1;2;1;2;1;3;4;4;;;1;4;4;3;2;5;6;;2;6;1;;2;1;0;1;;2;2;0,27846184
90303;2;6;1;1;2;;1;1;1;2;2;1;2;1;2;2;2;2;2;2;2;2;2;2;1;8;NOTHING WOULD HAVE PROMPTED ME TO VOTE.;;;;;;;;;;;;;;;;;;;;;;;;2;2;2;;;;;;;;;;;;;;2;3;3;2;3;3;2;3;1;4;1;2;1;4;1;1;3;1;5;2;4;2;;;2;;;;;;;;;;;;;;;;;;;;;;;;;;;;;;;;;;;;;2;;98;;;;;;;;;;;;;;;;;;;;;;;;;;;;;;;;3;3;4;4;4;4;4;4;4;4;2;3;1;3;3;4;1;1;1;1;1;4;4;4;2;2;1;4;4;3;1;3;5;;2;5;2;;2;1;0;1;;2;2;5,28142452
90320;1;7;3;2;2;;1;4;4;;;;;;;;;;;;;;;;;;;;;;;;;;;;;;;;;1;1;2;2;2;1;1;2;2;1;1;1;2;1;;3;;;;;;;;1;1;1;3;3;2;3;3;2;2;2;2;1;1;2;3;2;3;2;3;1;2;4;9;;;9;;;;;;;;;;;;;;;;;;;;;;;;;;;;;;;;;;;;;1;1;98;;;;;;;;;;;;;;;;;;;;;;;;;;;;;;;;4;4;4;1;2;4;4;4;4;4;2;3;4;3;3;4;1;1;1;1;1;4;4;4;2;2;1;4;3;2;2;2;4;;1;5;1;;1;2;2;1;;2;99;1,08638453
90344;1;7;3;2;2;;1;4;3;;;;;;;;;;;;;;;;;;;;;;;;;;;;;;;;;1;1;2;2;2;1;1;1;2;1;1;1;1;;;;;;;;;;;;;1;8;8;9;2;2;2;4;5;5;2;2;3;2;3;3;2;5;1;2;4;9;;;2;;;;;;;;;;;;;;;;;;;;;;;;;;;;;;;;;;;;;2;;98;;;;;;;;;;;;;;;;;;;;;;;;;;;;;;;;3;2;2;3;4;4;4;4;4;4;1;4;1;1;1;4;1;2;1;1;1;4;4;4;2;2;1;1;3;3;2;2;1;;1;3;1;;1;2;2;1;;2;4;1,08638453
90353;2;6;1;1;3;;1;1;4;1;1;1;1;1;2;2;2;2;2;2;2;2;2;2;2;99;;;;;;;;;;;;;;;;;;;;;;;;;1;1;1;;;;;;;;;;;;;;1;1;1;2;3;4;3;4;2;4;2;2;2;4;1;1;3;2;3;2;3;2;;;2;;;;;;;;;;;;;;;;;;;;;;;;;;;;;;;;;;;;;2;;2;;;;;;;;;;;;;;;;;;;;;;;;;;;;;;;;3;3;3;2;4;9;4;4;4;4;3;4;4;3;3;9;9;9;9;9;9;9;9;9;;;2;2;4;3;2;6;8;;2;6;97;GREEK;1;1;0;1;;2;3;0,87628502
90368;2;6;1;1;4;;1;3;3;1;1;1;2;1;2;2;2;2;2;2;2;2;2;2;2;99;;;;;;;;;;;;;;;;;;;;;;;;;1;1;1;;;;;;;;;;;;;;2;2;2;1;3;4;2;3;2;4;2;2;2;3;2;1;3;1;1;2;3;9;;;2;;;;;;;;;;;;;;;;;;;;;;;;;;;;;;;;;;;;;1;1;98;;;;;;;;;;;;;;;;;;;;;;;;;;;;;;;;3;2;4;4;4;4;4;4;4;4;2;3;3;3;3;4;1;2;2;2;1;4;4;9;;;1;4;4;3;1;7;5;;1;6;2;;1;2;0;1;;2;4;2,49841094
90371;1;11;3;3;3;;1;4;1;;;;;;;;;;;;;;;;;;;;;;;;;;;;;;;;;1;1;1;1;1;1;2;1;1;1;1;1;2;2;;4;;97;TANTE;;;;;;;1;8;8;1;2;3;2;1;2;2;2;2;2;2;3;4;2;2;1;1;3;1;2;;1;3;;8;;;;;;;;;;;;;;;;;;4;;;;;;;;;;;;;;;;1;1;98;;;;;;;;;;;;;;;;;;;;;;;;;;;;;;;;2;2;1;2;4;4;4;4;4;4;1;1;1;3;3;4;1;1;1;2;1;4;4;3;;;2;1;4;1;2;99;3;;3;5;1;;2;4;1;1;;2;99;0,71541643
90442;2;12;3;2;1;1;1;1;1;2;2;2;1;1;2;2;2;2;2;2;2;2;2;2;1;0;NOTHING;;;;;;;;;;;;;;;;;;;;;;;;8;8;2;;;;;;;;;;;;;;4;0;0;1;1;4;1;1;1;4;1;1;1;4;4;4;4;4;4;4;4;1;;2;2;;;;;;;;;;;;;;;;;;;;;;;;;;;;;;;;;;;;;2;;98;;;;;;;;;;;;;;;;;;;;;;;;;;;;;;;;4;4;4;4;4;4;4;4;4;4;4;4;1;1;4;4;4;3;4;4;4;4;4;4;2;2;4;4;4;3;2;2;8;;3;1;1;;1;2;0;1;;2;1;2,1680212
90448;1;6;1;1;2;;1;4;9;;;;;;;;;;;;;;;;;;;;;;;;;;;;;;;;;2;2;2;1;2;2;1;2;2;2;1;2;1;;;;;;;;;;;;;3;7;4;2;3;2;3;3;3;2;3;1;3;3;2;4;2;3;2;2;2;1;2;;2;;;;;;;;;;;;;;;;;;;;;;;;;;;;;;;;;;;;;1;2;98;;;;;;;;;;;;;;;;;;;;;;;;;;;;;;;;3;3;3;4;4;4;4;4;4;4;1;2;2;3;1;4;2;1;3;1;1;4;4;3;2;2;5;5;5;1;1;2;1;;1;3;1;;1;2;1;1;;2;5;1,56222737
90469;2;16;1;1;5;;1;1;1;2;1;2;2;1;2;2;2;2;2;2;2;2;2;2;1;0;RIEN;;;;;;;;;;;;;;;;;;;;;;;;2;2;2;;;;;;;;;;;;;;1;0;0;2;3;1;1;1;1;3;1;1;1;1;1;1;1;1;1;1;4;2;;;2;;;;;;;;;;;;;;;;;;;;;;;;;;;;;;;;;;;;;1;2;98;;;;;;;;;;;;;;;;;;;;;;;;;;;;;;;;4;4;4;4;4;4;4;4;4;4;2;2;4;4;2;4;1;1;1;1;1;4;4;4;;;1;4;4;3;1;7;1;;2;6;1;;1;2;0;1;;2;4;0,90673155
90500;1;6;1;1;2;;1;4;1;;;;;;;;;;;;;;;;;;;;;;;;;;;;;;;;;1;1;1;1;1;1;1;1;1;1;1;1;2;1;;;;;;;;;;;;1;9;9;1;2;2;2;2;1;3;2;1;1;4;1;3;2;2;1;1;1;9;;;2;;;;;;;;;;;;;;;;;;;;;;;;;;;;;;;;;;;;;1;1;98;;;;;;;;;;;;;;;;;;;;;;;;;;;;;;;;2;3;4;4;4;4;4;4;4;4;2;1;1;3;2;4;1;1;1;2;1;4;2;2;2;2;1;3;4;3;1;7;1;;2;5;2;;1;2;1;1;;2;6;0,41990462
90545;1;6;1;1;2;;1;4;1;;;;;;;;;;;;;;;;;;;;;;;;;;;;;;;;;1;1;1;1;2;1;1;1;2;8;1;1;2;2;;;;;;;;;;;;1;9;9;1;2;3;2;2;2;3;1;2;2;3;2;1;2;1;1;2;1;1;2;;2;;;;;;;;;;;;;;;;;;;;;;;;;;;;;;;;;;;;;1;1;1;;2;;3;;4;;;;;;;;;;1;;;;;;;;;;;;;;;;3;1;1;2;1;2;3;1;2;2;2;1;2;2;2;2;3;3;2;2;2;2;3;3;1;1;2;1;1;2;1;6;1;;1;2;1;;2;1;0;1;;2;3;0,37362623
90550;2;6;1;1;2;;1;1;1;1;2;1;2;1;2;2;2;2;2;2;2;2;2;2;2;1;A GOOD CANDIDATE;;;;;;;;;;;;;;;;;;;;;;;;2;2;2;;;;;;;;;;;;;;4;0;0;2;3;4;5;5;1;1;1;2;1;4;1;1;4;1;2;2;5;2;;;2;;;;;;;;;;;;;;;;;;;;;;;;;;;;;;;;;;;;;1;2;2;;4;;5;;;;;;;;;;;;;;;;;;;;;;;;;;;;4;4;1;1;2;4;4;4;4;4;4;3;3;1;3;4;1;1;1;2;1;4;4;4;2;1;1;4;4;3;2;4;3;;1;3;2;;1;2;2;1;;2;1;0,51536065
90573;2;5;3;2;4;;1;1;2;2;2;2;2;1;2;2;2;2;2;2;2;2;2;2;2;1;THEY TELL YOU NICE PROMISES AFTER THEY GET THE VOTE THERE PROMISES ARE NOT TRUE;;;;;;;;;;;;;;;;;;;;;;;;2;2;2;;;;;;;;;;;;;;2;0;0;2;4;4;2;2;1;5;1;2;1;3;1;1;3;1;2;5;5;2;;;1;3;;;;;;;;;;;;;;;;;;;;4;;;;;;;;;;;;;;;;2;;98;;;;;;;;;;;;;;;;;;;;;;;;;;;;;;;;4;4;4;4;4;4;4;4;4;4;4;4;4;4;4;9;1;1;2;1;1;9;9;1;;;5;5;4;3;2;3;8;;1;1;2;;2;1;0;1;;2;1;2,57269812
90643;1;15;3;2;1;1;1;4;2;;;;;;;;;;;;;;;;;;;;;;;;;;;;;;;;;1;1;1;2;2;1;1;1;2;8;8;8;1;;;;;;;;;;;;;1;8;10;9;2;3;2;2;1;3;4;2;2;2;2;3;2;3;1;2;3;1;2;;2;;;;;;;;;;;;;;;;;;;;;;;;;;;;;;;;;;;;;2;;1;;4;;;;;;;;;;;;;;1;;;;;;;;;;;;;;;;2;2;2;4;2;4;9;2;4;4;1;1;2;2;1;4;2;1;2;2;2;9;4;9;2;2;1;1;4;2;2;3;1;;1;1;1;;1;2;0;1;;2;1;1,29564881
90647;2;16;1;1;5;;1;1;1;2;2;1;1;1;2;2;2;2;2;2;2;2;2;2;2;1;UN CHEF AVEC DES IDÉES RÉALISTES;;;;;;;;;;;;;;;;;;;;;;;;2;2;2;;;;;;;;;;;;;;2;5;5;2;2;3;2;4;4;4;4;2;2;4;2;1;3;2;4;3;4;1;;2;2;;;;;;;;;;;;;;;;;;;;;;;;;;;;;;;;;;;;;2;;98;;;;;;;;;;;;;;;;;;;;;;;;;;;;;;;;2;3;4;4;4;4;4;4;4;4;1;3;4;4;4;4;1;1;4;1;1;4;4;4;;;1;4;4;3;1;3;1;;1;3;1;;2;1;0;1;;2;3;3,37344432
90687;2;6;1;1;3;;1;1;1;2;1;2;2;2;1;1;2;2;2;2;2;2;1;2;2;97;PLUS IMPACTE SVP. NOS PROBLEMES S EMPIRENT;;;;;;;;;;;;;;;;;;;;;;;;2;8;8;;;;;;;;;;;;;;3;2;3;2;4;3;3;4;4;4;4;2;4;3;4;3;4;5;3;3;3;2;;;2;;;;;;;;;;;;;;;;;;;;;;;;;;;;;;;;;;;;;2;;98;;;;;;;;;;;;;;;;;;;;;;;;;;;;;;;;4;4;4;4;2;4;4;4;4;4;3;3;4;2;3;4;4;3;3;2;3;3;3;3;;;4;4;2;3;1;5;1;;2;4;2;;1;2;0;1;;2;3;2,14772367
90732;1;8;3;3;2;;1;4;1;;;;;;;;;;;;;;;;;;;;;;;;;;;;;;;;;1;1;2;2;2;1;1;1;2;1;1;1;1;;;;;;;;;;;;;1;3;1;1;2;3;2;2;2;5;2;1;2;2;2;2;3;1;1;3;4;1;2;;2;;;;;;;;;;;;;;;;;;;;;;;;;;;;;;;;;;;;;1;1;98;;;;;;;;;;;;;;;;;;;;;;;;;;;;;;;;4;3;3;3;4;4;4;4;4;4;1;2;2;2;4;4;1;2;1;2;1;4;4;4;2;2;3;3;3;3;2;2;4;;2;3;1;;1;2;2;1;;2;3;0,33272818
90756;2;12;3;2;5;;1;1;2;1;2;2;1;1;1;2;2;2;1;1;2;2;2;2;2;99;;;;;;;;;;;;;;;;;;;;;;;;;2;2;1;;;;;;;;;;;;;;3;3;4;9;3;4;2;3;2;3;3;2;2;3;2;2;3;2;2;3;1;1;;2;2;;;;;;;;;;;;;;;;;;;;;;;;;;;;;;;;;;;;;2;;98;;;;;;;;;;;;;;;;;;;;;;;;;;;;;;;;2;3;4;4;4;4;4;4;4;4;2;3;4;2;4;3;2;2;3;2;2;3;3;3;;;1;3;3;3;2;2;98;;1;1;1;;2;1;0;1;;2;1;1,16431904
90758;2;4;3;2;5;;1;3;3;2;2;2;2;2;2;2;2;2;2;1;2;2;2;2;2;5;JE NE POUVAIT TOUT SIMPLEMENT PAS CAR JE VENAIS DE DÉMÉNAGER À 1HRS ET DEMI DE ROUTE ET LES DATE DU VOTE ANTICIPÉ NE ME CONVENAIT PAS NON PLUS, ÇA ÉTÉ POUR MOI UNE SITUATION HORS DE MON CONTRÔLE.;;;;;;;;;;;;;;;;;;;;;;;;1;1;1;;;;;;;;;;;;;;1;9;9;1;2;2;2;2;3;2;4;2;3;2;3;3;2;2;1;1;3;1;;2;2;;;;;;;;;;;;;;;;;;;;;;;;;;;;;;;;;;;;;2;;98;;;;;;;;;;;;;;;;;;;;;;;;;;;;;;;;2;4;3;4;4;4;4;4;4;4;2;2;4;4;3;4;1;1;1;1;1;4;4;4;;;1;4;4;3;2;3;1;;1;1;1;;2;1;0;1;;2;1;1,16431904
90782;2;6;1;1;3;;1;1;9;2;2;1;2;1;2;1;2;2;2;2;2;2;1;1;2;99;;;;;;;;;;;;;;;;;;;;;;;;;2;2;2;;;;;;;;;;;;;;3;0;0;2;4;9;2;2;2;5;5;2;2;3;2;2;3;2;3;3;5;2;;;2;;;;;;;;;;;;;;;;;;;;;;;;;;;;;;;;;;;;;2;;98;;;;;;;;;;;;;;;;;;;;;;;;;;;;;;;;3;3;4;4;4;4;4;4;4;4;3;4;3;2;3;4;2;2;2;2;9;4;4;4;;;5;5;5;3;1;2;1;;1;6;2;;2;1;2;1;;2;3;8,98019123
90812;2;6;1;1;5;;1;1;1;2;1;2;2;1;2;2;2;2;2;2;2;2;2;2;2;14;DE NOUVELLES IDÉES!;;;;;;;;;;;;;;;;;;;;;;;;2;2;2;;;;;;;;;;;;;;5;5;5;2;2;2;3;3;1;3;2;3;1;3;1;1;5;2;3;5;3;2;;;2;;;;;;;;;;;;;;;;;;;;;;;;;;;;;;;;;;;;;1;2;98;;;;;;;;;;;;;;;;;;;;;;;;;;;;;;;;3;2;4;4;4;4;4;4;4;4;2;4;4;4;4;4;2;2;1;2;2;4;4;3;;;1;4;4;3;2;2;10;À LA MAISON;1;6;1;;1;2;0;1;;2;99;1,37638462
90822;1;6;1;1;2;;1;4;2;;;;;;;;;;;;;;;;;;;;;;;;;;;;;;;;;1;1;1;1;1;1;1;1;1;1;2;1;1;;;;;;;;;;;;;2;7;7;1;1;2;1;3;2;2;3;4;2;2;2;2;3;3;2;3;3;1;1;;1;1;;2;;3;;4;;;;;;;;;;;;;;1;;;;;;;;;;;;;;;;1;1;2;;;;;;;;;;;;;;;;;;;;;;;;;;;;;;;;2;3;3;2;3;2;2;1;2;2;2;2;1;1;2;2;2;1;4;3;1;3;1;3;1;1;1;3;2;2;1;7;1;;2;4;1;;1;4;5;1;;2;6;0,41990462
90827;2;7;3;2;5;;1;2;3;1;2;1;2;1;2;2;2;2;2;2;1;2;2;1;2;99;;;;;;;;;;;;;;;;;;;;;;;;;1;1;2;;;;;;;;;;;;;;2;8;5;2;3;2;2;2;1;3;2;2;2;3;2;2;2;1;2;2;2;2;;;2;;;;;;;;;;;;;;;;;;;;;;;;;;;;;;;;;;;;;1;1;1;;;;;;;;;;;;;;;;2;;;;;;;;;;;;;;;;3;2;2;3;4;4;4;4;3;4;1;3;1;1;1;4;1;2;2;2;2;4;4;4;;;3;3;4;3;2;7;1;;2;6;2;;1;3;0;1;;2;6;0,31295282
90880;2;6;1;1;5;;1;1;1;2;1;1;2;1;2;2;2;2;2;2;2;2;2;2;1;1;BETTER CANDIDATES;;;;;;;;;;;;;;;;;;;;;;;;1;1;8;;;;;;;;;;;;;;1;0;0;2;1;4;1;4;1;4;1;4;1;4;1;1;4;1;3;4;3;1;;2;2;;;;;;;;;;;;;;;;;;;;;;;;;;;;;;;;;;;;;1;2;2;;;;;;;;;;;;;;;;;;;;;;;;;;;;;;;;4;3;4;4;4;4;4;4;4;4;3;3;2;2;3;4;1;1;1;1;1;4;1;4;;;1;4;1;3;1;3;6;;1;1;2;;2;1;0;1;;2;1;3,37344432
90923;2;16;1;1;5;;1;1;1;2;2;1;2;1;2;2;2;2;2;1;2;2;2;2;2;99;;;;;;;;;;;;;;;;;;;;;;;;;1;1;1;;;;;;;;;;;;;;1;10;10;2;1;3;3;2;1;4;2;3;1;2;1;2;2;3;1;1;2;1;;2;2;;;;;;;;;;;;;;;;;;;;;;;;;;;;;;;;;;;;;1;1;98;;;;;;;;;;;;;;;;;;;;;;;;;;;;;;;;2;2;4;4;4;4;4;3;4;4;3;4;3;3;4;2;2;1;1;1;2;4;4;3;;;2;4;4;3;1;8;1;;2;6;97;ESPAGNOL;1;4;0;3;5;2;8;0,90673155
90939;2;16;3;2;5;;1;1;1;2;2;2;2;1;2;2;2;2;2;2;2;2;2;2;2;0;RIEN!;;;;;;;;;;;;;;;;;;;;;;;;2;2;2;;;;;;;;;;;;;;4;0;0;2;4;9;2;5;5;5;1;5;5;5;5;5;4;1;5;5;4;2;;;9;;;;;;;;;;;;;;;;;;;;;;;;;;;;;;;;;;;;;2;;98;;;;;;;;;;;;;;;;;;;;;;;;;;;;;;;;4;4;2;9;4;3;4;4;1;4;3;3;2;3;3;4;9;1;1;1;3;4;4;4;;;4;4;4;3;1;3;1;;1;6;1;;2;1;0;1;;2;3;2,85367322
90941;2;15;1;1;5;;1;1;4;1;2;2;2;1;1;2;2;1;2;2;2;2;2;2;2;4;TO RECEIVE MY BALLOT TO VOTE;;;;;;;;;;;;;;;;;;;;;;;;8;1;2;;;;;;;;;;;;;;1;8;8;1;3;4;1;3;1;4;1;2;1;4;1;1;3;1;1;3;3;2;;;2;;;;;;;;;;;;;;;;;;;;;;;;;;;;;;;;;;;;;2;;98;;;;;;;;;;;;;;;;;;;;;;;;;;;;;;;;4;2;4;4;4;4;4;4;4;4;3;2;1;3;2;4;1;1;1;1;1;4;4;4;;;1;2;4;3;2;4;1;;1;4;1;;2;1;0;1;;2;2;0,32917967
90942;2;16;3;2;5;;1;3;4;1;2;1;2;1;1;2;1;2;2;2;1;2;1;2;2;99;;;;;;;;;;;;;;;;;;;;;;;;;1;1;1;;;;;;;;;;;;;;1;5;7;2;2;3;3;2;2;4;2;2;2;3;2;3;3;2;3;3;3;2;;;2;;;;;;;;;;;;;;;;;;;;;;;;;;;;;;;;;;;;;1;1;1;;2;;;;;;;;;;;;;;2;;4;;;;;;;;;;;;;;2;2;2;3;4;4;4;4;4;3;1;2;3;3;2;3;2;1;3;1;1;4;4;3;;;2;4;4;1;2;2;1;;2;6;2;;1;1;1;1;;2;2;1,16431904
90996;2;8;3;3;2;;1;1;4;2;2;2;2;2;2;2;2;2;2;2;2;2;2;2;2;99;;;;;;;;;;;;;;;;;;;;;;;;;2;2;2;;;;;;;;;;;;;;2;0;0;2;9;9;2;3;1;3;5;2;1;4;1;3;2;1;1;3;5;2;;;2;;;;;;;;;;;;;;;;;;;;;;;;;;;;;;;;;;;;;9;;98;;;;;;;;;;;;;;;;;;;;;;;;;;;;;;;;3;3;4;4;4;4;4;4;4;4;2;3;3;1;2;4;1;1;1;1;1;9;4;9;1;2;3;3;4;3;2;3;1;;2;1;1;;1;1;0;1;;2;2;0,4271372
91006;1;17;3;2;1;1;1;4;2;;;;;;;;;;;;;;;;;;;;;;;;;;;;;;;;;1;2;1;1;1;1;1;1;2;2;2;1;1;;;;;;;;;;;;;1;8;7;9;2;3;3;4;2;2;1;3;2;1;3;3;5;4;2;2;4;1;1;;1;1;;;;;;;;;;;;;;;;;;;;4;;;;;;;;;;;;;;;;1;1;1;;;;;;;;;;;;;;;;1;;;;;;;;;;;;;;;;3;2;3;3;2;1;3;4;1;2;4;3;1;2;2;3;2;3;3;4;2;2;3;4;2;1;3;3;2;2;2;7;1;;2;6;1;;1;1;1;3;5;2;4;0,34825167
91030;2;3;2;1;6;;1;1;3;2;2;2;2;2;2;1;2;2;1;1;2;2;2;2;2;97;POUR UN MEILLEUR GOUVERNEMENT;;;;;;;;;;;;;;;;;;;;;;;;1;1;1;;;;;;;;;;;;;;2;8;8;1;3;2;2;2;2;2;2;2;2;2;3;3;2;5;1;2;2;2;;;2;;;;;;;;;;;;;;;;;;;;;;;;;;;;;;;;;;;;;2;;1;;;;;;;;;;;;;;;;4;;;;;;;;;;;;;;;;3;3;4;4;4;4;4;4;4;4;3;4;4;4;4;4;2;2;2;2;2;4;4;4;;;2;3;4;3;2;3;1;;9;6;1;;2;1;0;1;;2;2;1,47403276
91050;2;6;1;1;2;;1;2;4;2;1;1;1;1;2;2;1;2;2;2;2;2;2;2;2;4;JE VOULAIS ALLER VOTER , MAIS COMME PAR HASARD J'ÉTAIS INSCRITE À MON ANCIENNE ADRESSE ET NON À MA NOUVELLE ALORS QUE J'AI FAIT TOUS MES CHANGEMENTS D'ADRESSE COMME IL SE DOIT. ET ÇA ÉTÉ COMME ÇA POUR BON NOMBRE DE CITOYENS DANS MON COMTÉ;;;;;;;;;;;;;;;;;;;;;;;;1;1;2;;;;;;;;;;;;;;3;7;7;2;2;4;4;4;1;4;1;2;1;4;1;1;4;1;2;2;2;1;;2;2;;;;;;;;;;;;;;;;;;;;;;;;;;;;;;;;;;;;;2;;1;;2;;3;;5;;;;;;;;;;1;;4;;;;;;;;;;;;;;1;1;1;1;1;2;2;2;4;2;3;2;1;1;2;4;1;1;1;1;1;4;1;4;2;2;1;4;1;3;2;5;1;;1;3;1;;2;1;0;1;;2;1;0,51536065
91053;2;13;1;1;3;;1;3;3;2;2;1;2;1;2;2;2;2;2;2;2;2;2;2;2;1;HAVING COMPETENT, NON-RACIST, OPEN-MINDED CANDIDATES.;;;;;;;;;;;;;;;;;;;;;;;;1;1;2;;;;;;;;;;;;;;1;8;0;2;3;4;4;4;1;4;3;4;1;4;1;1;4;1;1;2;4;2;;;2;;;;;;;;;;;;;;;;;;;;;;;;;;;;;;;;;;;;;1;1;2;;;;;;;;;;;;;;;;;;;;;;;;;;;;;;;;1;1;2;2;4;4;4;4;2;4;2;2;3;4;3;2;1;1;1;1;1;3;1;1;;;1;4;2;3;1;7;1;;2;5;97;GREEK;1;2;1;1;;2;7;2,41375136
91077;2;2;3;3;5;;1;2;3;2;1;1;2;1;2;2;2;2;2;1;2;2;2;1;2;1;UN CHOIX DE CANDIDATS NETTEMENT DIFFÉRENTS DE CEUX QUI SE PRÉSENTAIENT. SI J'Y ÉTAIS ALLÉE, J'AURAIS VOTÉ POUR LE PARTI 51. JE SUIS UN VOTEUR DÉSABUSÉ TOTALEMENT REMPLI DE CYNISME.;97;;;;;;;;;;;;;;;;;;;;;;;1;1;2;;;;;;;;;;;;;;1;3;2;2;2;4;3;4;1;5;1;4;1;4;1;5;4;1;1;3;4;2;;;2;;;;;;;;;;;;;;;;;;;;;;;;;;;;;;;;;;;;;1;1;98;;;;;;;;;;;;;;;;;;;;;;;;;;;;;;;;1;2;1;1;1;4;3;1;3;4;1;2;2;3;3;1;1;1;1;1;1;1;1;1;;;2;2;4;2;2;7;1;;2;6;1;;1;2;0;1;;2;8;0,07179871
91083;2;12;3;2;2;;1;2;4;2;2;1;1;2;1;1;1;1;1;2;2;2;2;2;2;99;;;;;;;;;;;;;;;;;;;;;;;;;1;1;1;;;;;;;;;;;;;;1;10;8;2;3;4;3;2;1;2;2;3;1;2;2;2;2;2;3;3;2;2;;;2;;;;;;;;;;;;;;;;;;;;;;;;;;;;;;;;;;;;;2;;98;;;;;;;;;;;;;;;;;;;;;;;;;;;;;;;;4;1;4;4;4;4;4;4;4;4;3;4;4;3;1;2;2;3;2;2;1;2;2;2;2;2;1;1;1;3;1;3;2;;1;1;1;;1;2;0;1;;2;1;3,41816521
91093;2;14;1;1;5;;1;1;1;2;2;2;2;1;2;2;2;2;2;2;2;2;2;2;2;99;;;;;;;;;;;;;;;;;;;;;;;;;2;2;2;;;;;;;;;;;;;;2;5;5;9;2;3;2;5;5;5;1;2;4;2;2;2;5;1;2;5;4;2;;;2;;;;;;;;;;;;;;;;;;;;;;;;;;;;;;;;;;;;;1;2;1;;;;;;;;;;;;;;;;4;;;;;;;;;;;;;;;;3;2;3;4;4;4;4;4;4;4;3;2;2;2;4;4;1;1;1;1;1;4;4;4;;;1;3;4;3;2;5;6;;1;5;1;;3;2;0;1;;2;1;0,32917967
91118;2;16;3;2;4;;1;3;4;2;1;2;1;1;2;2;2;2;2;1;1;2;2;2;2;5;JE N’ETAIS PAS DANS LA VILLE;;;;;;;;;;;;;;;;;;;;;;;;1;1;1;;;;;;;;;;;;;;2;5;6;9;2;3;3;2;2;3;2;3;3;4;2;2;2;3;1;2;3;1;;2;2;;;;;;;;;;;;;;;;;;;;;;;;;;;;;;;;;;;;;1;1;1;;;;;;;;;;;;;;;;2;;;;;;;;;;;;;;;;2;2;4;4;4;4;4;4;4;4;1;2;2;3;1;3;1;2;2;1;1;9;9;4;;;2;3;3;3;2;7;1;;2;6;1;;1;2;1;1;;2;4;0,6915046
91127;2;6;1;1;5;;1;1;3;2;2;2;2;2;1;2;1;1;1;2;2;2;2;2;2;99;;;;;;;;;;;;;;;;;;;;;;;;;1;1;1;;;;;;;;;;;;;;2;7;6;1;2;2;5;3;5;5;5;5;5;5;5;5;5;5;5;5;5;1;;1;2;;;;;;;;;;;;;;;;;;;;;;;;;;;;;;;;;;;;;1;1;99;;;;;;;;;;;;;;;;;;;;;;;;;;;;;;;;2;2;9;9;9;9;9;9;9;9;2;2;3;3;2;4;9;9;9;4;9;9;9;9;;;5;5;5;1;1;2;6;;1;5;1;;1;1;0;1;;2;4;3,37344432
91145;1;16;1;1;2;;1;4;2;;;;;;;;;;;;;;;;;;;;;;;;;;;;;;;;;1;2;1;1;2;1;1;1;1;1;1;1;2;1;;;;;;;;;;;;1;5;7;2;3;9;2;5;3;5;2;2;2;4;2;3;3;2;1;2;4;2;;;2;;;;;;;;;;;;;;;;;;;;;;;;;;;;;;;;;;;;;1;1;98;;;;;;;;;;;;;;;;;;;;;;;;;;;;;;;;3;3;2;4;4;1;3;4;4;1;4;3;3;2;2;4;2;2;2;2;2;4;4;3;2;2;1;2;4;3;2;3;1;;1;5;1;;1;2;0;1;;2;5;1,67858315
91151;1;17;3;2;2;;1;4;1;;;;;;;;;;;;;;;;;;;;;;;;;;;;;;;;;1;2;2;2;2;1;1;1;2;1;1;2;2;10;COLOCATAIRE;;;;;;;;;;;1;5;5;2;3;4;2;3;4;4;2;3;1;4;1;3;3;1;1;2;4;1;2;;2;;;;;;;;;;;;;;;;;;;;;;;;;;;;;;;;;;;;;1;1;98;;;;;;;;;;;;;;;;;;;;;;;;;;;;;;;;4;3;2;1;4;3;4;4;4;4;4;4;3;3;4;4;2;1;9;9;1;4;3;3;2;2;1;1;4;3;2;3;3;;2;4;1;;2;2;3;1;;2;1;1,08638453
91156;2;15;3;2;5;;1;3;1;1;1;1;2;2;1;1;2;2;2;1;2;2;2;2;2;5;EN VOYAGE EN ITALIE ENTRE LE 13 SEPT AU 2 OCT,PAS POSSIBLE DE VOTER......FRANCHEMENT EN 2018 UN PEU IMPENSABLE......;;;;;;;;;;;;;;;;;;;;;;;;1;1;1;;;;;;;;;;;;;;1;5;10;1;1;2;1;2;3;1;4;4;4;2;3;5;2;2;1;1;1;1;;2;1;3;;;;;;;;;;;;;;;;;;;;7;ALLER VOTER;;;;;;;;;;;;;;;1;1;98;;;;;;;;;;;;;;;;;;;;;;;;;;;;;;;;1;1;3;1;4;4;2;4;4;4;1;1;1;4;4;3;2;2;1;1;1;1;1;1;;;1;3;3;3;2;5;1;;1;4;1;;1;1;0;1;;2;5;0,27846184
91169;1;13;1;1;2;;1;4;1;;;;;;;;;;;;;;;;;;;;;;;;;;;;;;;;;1;1;1;1;1;1;1;1;1;2;2;1;2;1;;;;;;;;;;;;1;5;5;1;2;2;2;2;2;2;2;2;2;2;2;2;2;2;2;2;2;1;1;;1;3;;5;;;;;;;;;;;;;;;;;;5;;;;;;;;;;;;;;;;1;1;1;;;;;;;;;;;;;;;;2;;;;;;;;;;;;;;;;2;1;2;2;2;2;2;2;2;3;2;2;2;2;2;2;2;3;2;2;2;2;2;2;2;1;2;2;2;2;1;5;1;;2;3;1;;1;2;1;3;4;2;4;0,37362623
91175;2;14;3;2;6;;1;1;1;2;2;2;1;1;1;2;1;1;2;2;1;2;2;2;2;99;;;;;;;;;;;;;;;;;;;;;;;;;1;1;1;;;;;;;;;;;;;;2;5;5;2;4;9;2;2;1;5;5;2;1;3;1;2;2;2;1;5;5;2;;;2;;;;;;;;;;;;;;;;;;;;;;;;;;;;;;;;;;;;;9;;98;;;;;;;;;;;;;;;;;;;;;;;;;;;;;;;;4;4;3;4;4;4;4;4;4;4;1;3;4;2;4;4;1;1;2;1;1;4;4;4;;;5;3;4;3;2;2;6;;2;6;1;;3;1;0;1;;2;98;1,24692321
91176;2;11;3;3;6;;1;1;9;2;2;1;2;1;2;2;2;2;2;2;2;2;2;2;1;1;UN CANDIDAT HONNETE;;;;;;;;;;;;;;;;;;;;;;;;2;2;2;;;;;;;;;;;;;;3;0;0;2;3;3;2;3;2;5;5;1;2;3;1;1;3;2;3;2;5;2;;;2;;;;;;;;;;;;;;;;;;;;;;;;;;;;;;;;;;;;;2;;98;;;;;;;;;;;;;;;;;;;;;;;;;;;;;;;;3;3;4;4;4;4;4;4;4;4;4;4;3;3;3;4;9;9;2;9;2;4;4;3;;;5;4;3;3;1;2;6;;1;6;1;;2;1;0;1;;2;1;0,70114714
91186;2;13;1;1;3;;1;1;1;2;1;1;2;1;2;2;2;2;2;2;2;2;2;2;2;99;;;;;;;;;;;;;;;;;;;;;;;;;2;2;2;;;;;;;;;;;;;;2;0;0;2;4;3;2;3;3;2;3;2;2;3;2;2;2;3;3;2;3;2;;;2;;;;;;;;;;;;;;;;;;;;;;;;;;;;;;;;;;;;;1;2;98;;;;;;;;;;;;;;;;;;;;;;;;;;;;;;;;4;4;4;4;4;4;4;4;4;4;1;3;3;4;3;4;2;2;2;2;2;4;4;3;;;2;3;3;3;2;2;2;;1;3;1;;2;2;1;1;;2;1;3,66397119
91188;2;16;1;1;5;;1;1;1;2;1;1;2;1;2;2;2;2;2;2;2;2;2;2;1;0;RIEN;;;;;;;;;;;;;;;;;;;;;;;;2;2;2;;;;;;;;;;;;;;1;0;0;2;3;1;1;1;1;3;1;1;1;2;1;1;1;1;1;1;4;2;;;2;;;;;;;;;;;;;;;;;;;;;;;;;;;;;;;;;;;;;1;2;98;;;;;;;;;;;;;;;;;;;;;;;;;;;;;;;;4;4;4;4;4;4;4;4;4;4;2;2;4;4;2;4;1;1;1;1;1;4;4;4;;;1;4;4;3;1;7;1;;2;6;1;;1;2;0;1;;2;4;0,90673155
91193;1;5;3;2;1;1;1;4;4;;;;;;;;;;;;;;;;;;;;;;;;;;;;;;;;;1;2;2;2;2;2;2;2;2;2;2;2;1;;;;;;;;;;;;;2;1;3;2;4;3;5;5;2;3;5;5;2;4;1;5;5;5;2;5;3;2;;;2;;;;;;;;;;;;;;;;;;;;;;;;;;;;;;;;;;;;;1;1;1;;3;;4;;;;;;;;;;;;6;ONCLE;;;;;;;;;;;;;;;2;4;4;4;4;4;4;4;4;4;3;3;2;2;3;9;9;9;9;9;9;9;9;9;2;2;5;4;4;3;2;4;3;;1;3;2;;2;3;1;1;;2;1;0,30987042
91198;2;7;3;2;5;;1;3;4;2;2;2;2;2;2;2;2;2;2;2;2;2;2;2;2;5;HAD I BEEN STAYING IN THIS PROVINCE.  HOME FOR SALE AND PLAN TO MOVE OUT OF CURRENT PROVINCE.;;;;;;;;;;;;;;;;;;;;;;;;1;1;1;;;;;;;;;;;;;;1;8;8;1;2;3;1;4;2;3;3;2;2;2;2;4;2;3;1;2;1;1;;2;2;;;;;;;;;;;;;;;;;;;;;;;;;;;;;;;;;;;;;1;1;98;;;;;;;;;;;;;;;;;;;;;;;;;;;;;;;;2;2;4;1;4;4;4;4;4;4;1;1;1;2;1;4;1;1;3;3;1;9;4;9;;;2;4;4;9;2;99;6;;2;6;1;;1;1;0;2;5;2;99;1,16431904
91204;1;12;3;2;2;;1;4;4;;;;;;;;;;;;;;;;;;;;;;;;;;;;;;;;;2;1;1;1;2;2;1;1;2;1;1;1;1;;;;;;;;;;;;;2;8;9;1;2;3;2;2;2;2;2;1;2;3;2;4;2;2;2;2;1;1;1;;2;;;;;;;;;;;;;;;;;;;;;;;;;;;;;;;;;;;;;1;1;98;;;;;;;;;;;;;;;;;;;;;;;;;;;;;;;;2;2;2;4;2;4;4;4;4;4;1;2;2;1;1;4;1;2;1;2;1;4;3;4;1;1;1;3;4;2;2;5;1;;2;6;1;;1;2;4;1;;2;5;0,25982258
91214;2;5;3;2;4;;1;1;9;2;2;2;2;2;2;2;2;1;2;2;2;2;2;2;2;99;;;;;;;;;;;;;;;;;;;;;;;;;2;2;2;;;;;;;;;;;;;;5;0;0;2;4;3;5;4;1;5;3;2;2;4;1;4;4;2;4;5;4;2;;;2;;;;;;;;;;;;;;;;;;;;;;;;;;;;;;;;;;;;;1;2;98;;;;;;;;;;;;;;;;;;;;;;;;;;;;;;;;3;4;4;4;4;4;4;4;4;4;4;4;3;1;4;4;1;1;4;3;2;4;4;4;;;4;4;4;3;2;3;10;HOMEMAKER;2;6;1;;1;4;0;3;5;2;3;2,57269812
91216;1;4;3;2;2;;1;4;3;;;;;;;;;;;;;;;;;;;;;;;;;;;;;;;;;1;2;2;1;2;1;1;1;1;1;1;1;1;;;;;;;;;;;;;1;6;6;2;3;3;2;2;2;2;2;2;2;3;2;2;3;2;1;1;3;1;2;;2;;;;;;;;;;;;;;;;;;;;;;;;;;;;;;;;;;;;;2;;98;;;;;;;;;;;;;;;;;;;;;;;;;;;;;;;;2;2;4;1;4;2;1;4;4;4;2;3;2;2;2;3;1;2;2;2;2;3;3;3;1;1;3;2;3;3;1;4;1;;2;1;1;;2;1;0;1;;2;3;0,24181154
91217;1;17;3;2;2;;1;4;1;;;;;;;;;;;;;;;;;;;;;;;;;;;;;;;;;1;1;1;1;2;1;1;1;2;1;1;1;1;;;;;;;;;;;;;1;2;4;9;2;2;2;4;1;4;2;4;1;3;2;2;4;1;1;5;4;2;;;2;;;;;;;;;;;;;;;;;;;;;;;;;;;;;;;;;;;;;1;1;98;;;;;;;;;;;;;;;;;;;;;;;;;;;;;;;;4;4;4;1;4;4;4;4;4;4;1;3;1;2;1;4;1;1;2;1;1;9;9;9;2;2;1;1;5;2;2;2;3;;2;5;1;;1;2;2;1;;2;4;1,08638453
91219;2;16;3;2;2;;1;2;4;1;2;2;2;1;2;2;2;2;2;2;2;2;1;2;2;99;;;;;;;;;;;;;;;;;;;;;;;;;2;2;2;;;;;;;;;;;;;;1;7;6;2;2;3;2;3;1;1;1;1;1;1;1;2;2;1;1;2;3;2;;;2;;;;;;;;;;;;;;;;;;;;;;;;;;;;;;;;;;;;;2;;98;;;;;;;;;;;;;;;;;;;;;;;;;;;;;;;;4;4;4;2;4;4;4;4;4;4;2;2;2;4;4;4;1;1;1;1;1;3;4;3;2;2;1;3;4;3;2;3;5;;1;4;1;;1;2;2;1;;2;3;1,39463198
91220;2;16;3;2;5;;1;1;1;2;2;2;2;2;2;2;2;2;2;2;2;2;2;2;2;0;RIEN;;;;;;;;;;;;;;;;;;;;;;;;2;2;2;;;;;;;;;;;;;;5;7;7;9;3;9;5;5;5;5;5;5;5;5;5;5;5;5;5;5;5;2;;;2;;;;;;;;;;;;;;;;;;;;;;;;;;;;;;;;;;;;;2;;98;;;;;;;;;;;;;;;;;;;;;;;;;;;;;;;;3;3;9;9;9;9;9;9;9;9;2;4;4;4;3;9;9;9;4;4;9;9;9;4;;;2;4;5;3;1;4;98;;2;5;1;;1;2;0;1;;2;3;0,68249238
91222;2;13;1;1;2;;1;3;9;1;1;1;2;1;2;2;2;2;2;1;2;2;2;1;2;2;S’IL N’Y AVAIT PAS EU UN ÉTABLISSEMENT PRÉCIS POUR ALLER VOTER. IL FAUDRAIT POUVOIR VOTER PAR INTERNET.;6;;;;;;;;;;;;;;;;;;;;;;;9;9;1;;;;;;;;;;;;;;1;3;0;2;4;2;2;2;1;3;2;1;2;3;1;2;3;1;1;1;2;2;;;2;;;;;;;;;;;;;;;;;;;;;;;;;;;;;;;;;;;;;1;2;3;;;;;;;;;;;;;;;;;;;;;;;;;;;;;;;;3;3;2;4;4;4;4;4;4;4;3;2;3;1;2;4;1;1;1;1;1;4;4;2;1;2;1;3;2;2;2;6;1;;1;1;1;;1;2;0;1;;2;4;0,51536065
91223;2;15;1;2;1;1;1;1;2;1;1;1;1;1;2;2;1;2;1;1;1;1;1;2;2;99;;;;;;;;;;;;;;;;;;;;;;;;;8;2;1;;;;;;;;;;;;;;1;2;6;1;3;2;4;4;2;3;3;3;3;1;2;3;3;4;3;3;3;2;;;2;;;;;;;;;;;;;;;;;;;;;;;;;;;;;;;;;;;;;1;9;2;;4;;;;;;;;;;;;;;;;;;;;;;;;;;;;;;3;4;3;2;4;3;4;3;3;4;2;3;2;3;3;4;3;2;2;3;9;2;4;4;9;2;3;2;3;2;2;7;4;;2;4;2;;1;2;3;1;;1;3;0,58273286
91235;2;8;3;3;3;;1;2;3;1;2;2;2;2;2;2;2;2;2;2;2;2;2;2;2;3;IF I KNEW MORE ABOUT THE CANDIDATES;;;;;;;;;;;;;;;;;;;;;;;;2;2;2;;;;;;;;;;;;;;1;5;5;2;3;2;2;2;1;2;1;1;2;4;2;3;2;2;2;2;3;2;;;2;;;;;;;;;;;;;;;;;;;;;;;;;;;;;;;;;;;;;1;2;1;;;;;;;;;;;;;;;;2;;;;;;;;;;;;;;;;3;3;4;4;4;4;4;4;4;4;3;3;4;4;3;4;1;1;1;1;1;2;1;4;;;2;4;4;3;1;99;3;;1;5;2;;1;2;3;1;;1;1;1,10486627
91238;2;16;3;2;6;;1;3;4;2;1;2;2;1;2;2;2;2;2;2;2;2;2;2;2;1;QUE LES PARTIS POLITIQUES SOIENT PLUS EXPLICITES DANS LEUR CAMPAGNE ET ARRÊTENT DE SE QUERELLER ET DE FAIRE DES PROMESSES DONT ON SAIT QU'ILS NE TIENDRONT PAS, CE QUI CONTRIBUE À LEURRER L'ÉLECTORAT.;;;;;;;;;;;;;;;;;;;;;;;;2;2;2;;;;;;;;;;;;;;2;1;0;2;2;4;2;2;1;4;1;2;1;3;1;1;2;1;2;2;3;1;;2;2;;;;;;;;;;;;;;;;;;;;;;;;;;;;;;;;;;;;;1;2;98;;;;;;;;;;;;;;;;;;;;;;;;;;;;;;;;2;2;4;4;4;4;4;4;4;4;3;2;3;4;3;4;2;2;2;3;2;4;4;9;;;1;3;4;3;1;5;6;;2;6;1;;3;2;0;1;;2;2;0,73091167
91240;1;17;3;2;2;;1;4;1;;;;;;;;;;;;;;;;;;;;;;;;;;;;;;;;;1;1;1;1;2;2;2;2;1;1;1;1;2;1;;;;;;;;;;;;1;7;7;2;3;2;2;2;3;2;3;2;2;2;2;2;2;2;1;1;3;2;;;2;;;;;;;;;;;;;;;;;;;;;;;;;;;;;;;;;;;;;1;1;98;;;;;;;;;;;;;;;;;;;;;;;;;;;;;;;;3;2;4;4;4;4;4;4;4;4;4;3;2;3;2;4;2;1;2;2;2;4;4;2;2;2;2;2;4;1;2;7;1;;2;5;1;;1;2;0;1;;2;5;0,29200417
91242;1;14;1;1;1;1;1;4;1;;;;;;;;;;;;;;;;;;;;;;;;;;;;;;;;;1;1;2;1;2;2;1;2;2;8;8;1;1;;;;;;;;;;;;;1;6;8;2;3;2;2;2;3;2;3;2;5;3;3;3;2;1;1;2;3;9;;;2;;;;;;;;;;;;;;;;;;;;;;;;;;;;;;;;;;;;;1;1;1;;;;;;;;;;;;;;;;1;;;;;;;;;;;;;;;;3;3;4;4;4;4;4;4;4;4;2;3;2;2;3;4;3;2;2;2;3;4;9;4;2;2;4;1;2;3;2;9;3;;1;2;1;;2;2;0;1;;2;1;0,53808683
91246;1;16;1;2;2;;1;4;1;;;;;;;;;;;;;;;;;;;;;;;;;;;;;;;;;1;1;1;1;2;1;1;1;2;1;1;2;2;1;;;;;;;;;;;;1;8;9;2;2;3;1;2;3;3;3;2;2;3;2;2;2;1;1;2;1;1;2;;2;;;;;;;;;;;;;;;;;;;;;;;;;;;;;;;;;;;;;1;1;1;;2;;3;;;;;;;;;;;;1;;2;;;;;;;;;;;;;;2;1;4;4;2;4;4;4;4;4;1;2;1;1;2;4;1;1;2;2;1;3;3;2;2;2;2;3;4;3;1;6;1;;2;3;1;;1;2;2;1;;2;4;0,24181154
91248;2;16;1;2;3;;1;3;3;2;1;1;2;1;2;2;2;2;2;2;2;2;2;2;2;1;HAVE BETTER CANDIDATES;;;;;;;;;;;;;;;;;;;;;;;;2;2;2;;;;;;;;;;;;;;1;8;8;1;2;4;3;2;2;4;4;3;1;2;1;3;2;1;1;3;4;2;;;1;1;;4;;;;;;;;;;;;;;;;;;4;;;;;;;;;;;;;;;;1;1;98;;;;;;;;;;;;;;;;;;;;;;;;;;;;;;;;2;1;3;2;4;4;4;4;4;4;4;4;4;4;3;4;1;1;2;4;1;4;4;4;;;1;4;4;9;2;4;5;;2;4;2;;1;1;0;3;4;2;2;0,59443939
91250;2;16;3;2;6;;1;1;1;2;2;2;2;2;2;2;2;2;2;2;1;2;2;2;2;6;VOTER PAR INTERNET.;;;;;;;;;;;;;;;;;;;;;;;;1;1;2;;;;;;;;;;;;;;1;8;9;1;2;2;1;2;4;1;4;4;3;3;3;3;3;2;1;2;4;1;;2;1;3;;4;;;;;;;;;;;;;;;;;;3;;4;;;;;;;;;;;;;;2;;98;;;;;;;;;;;;;;;;;;;;;;;;;;;;;;;;2;2;4;3;4;4;4;4;4;4;3;2;3;4;2;9;1;1;1;1;1;9;2;1;;;1;1;4;3;2;6;6;;2;6;1;;2;1;0;1;;2;3;0,29821771
91260;2;6;1;1;5;;1;1;1;2;2;2;2;1;2;2;2;2;2;1;2;2;2;2;2;0;RIEN;;;;;;;;;;;;;;;;;;;;;;;;1;2;1;;;;;;;;;;;;;;3;1;0;2;3;4;4;4;1;4;1;4;1;4;1;1;4;1;4;4;4;2;;;2;;;;;;;;;;;;;;;;;;;;;;;;;;;;;;;;;;;;;1;2;98;;;;;;;;;;;;;;;;;;;;;;;;;;;;;;;;3;2;3;1;2;4;4;4;4;4;4;3;3;1;2;4;1;1;1;4;1;4;1;2;;;1;5;5;3;2;7;6;;2;6;1;;2;2;0;1;;2;2;0,36995301
91274;2;6;1;1;5;;1;1;1;2;2;2;2;2;2;2;2;2;2;2;2;2;2;2;2;97;MY VOTE IS IMPORTANT I ALWAYS VOTE;;;;;;;;;;;;;;;;;;;;;;;;1;1;1;;;;;;;;;;;;;;1;7;8;1;2;2;2;2;2;3;3;2;2;3;2;2;1;2;1;1;1;9;;;1;3;;4;;;;;;;;;;;;;;;;;;4;;3;;;;;;;;;;;;;;1;1;1;;;;;;;;;;;;;;;;2;;;;;;;;;;;;;;;;2;2;3;4;4;4;3;4;4;4;2;2;3;3;3;4;1;1;1;2;2;4;4;4;;;4;1;4;3;2;3;6;;2;6;2;;1;2;0;1;;2;7;1,37638462
91275;1;6;1;1;2;;1;4;4;;;;;;;;;;;;;;;;;;;;;;;;;;;;;;;;;1;1;1;1;1;1;1;1;1;1;1;1;2;1;;;;;;;;;;;;1;6;6;2;2;4;1;1;1;3;1;1;1;4;1;1;4;1;1;5;4;2;;;2;;;;;;;;;;;;;;;;;;;;;;;;;;;;;;;;;;;;;1;1;98;;;;;;;;;;;;;;;;;;;;;;;;;;;;;;;;4;4;4;4;4;4;4;4;4;4;4;4;4;4;4;9;9;9;9;9;9;9;4;9;2;2;4;4;4;3;2;3;3;;1;4;1;;1;2;0;1;;2;2;1,67858315
91283;2;7;3;2;6;;1;3;4;2;1;1;2;1;1;2;1;1;1;1;1;2;2;2;2;99;;;;;;;;;;;;;;;;;;;;;;;;;1;1;1;;;;;;;;;;;;;;2;8;9;2;2;3;2;2;1;3;2;1;1;2;1;2;2;1;1;2;1;1;;1;1;3;;;;;;;;;;;;;;;;;;;;3;;;;;;;;;;;;;;;;1;1;98;;;;;;;;;;;;;;;;;;;;;;;;;;;;;;;;1;2;1;1;4;1;4;4;2;2;1;1;1;1;1;4;1;2;1;1;1;1;3;4;;;1;3;4;2;2;7;6;;9;1;1;;3;1;0;1;;8;5;0,33515528
91303;1;6;1;1;2;;1;4;1;;;;;;;;;;;;;;;;;;;;;;;;;;;;;;;;;1;1;2;2;2;2;2;2;2;1;1;1;2;2;;;;;;;;;;;;2;5;5;9;2;2;2;2;2;2;2;2;2;2;2;2;2;2;1;2;2;2;;;2;;;;;;;;;;;;;;;;;;;;;;;;;;;;;;;;;;;;;1;1;1;;2;;;;;;;;;;;;;;1;;2;;;;;;;;;;;;;;1;2;4;4;4;4;4;4;4;4;3;3;3;3;3;2;2;2;2;2;2;2;2;2;2;2;4;2;4;2;2;7;1;;2;3;1;;1;2;0;3;5;2;6;0,45117819
91304;2;5;3;2;1;1;1;2;4;2;2;2;1;1;2;2;2;2;2;2;2;2;2;2;2;97;CHOISIR LE PREMIER MINISTRE DE MON CHOIX;;;;;;;;;;;;;;;;;;;;;;;;1;1;1;;;;;;;;;;;;;;1;0;10;1;1;2;1;1;5;5;5;1;5;2;5;4;1;5;1;1;5;1;;2;1;6;;;;;;;;;;;;;;;;;;;;4;;;;;;;;;;;;;;;;1;1;1;;2;;;;;;;;;;;;;;1;;4;;;;;;;;;;;;;;2;1;3;4;4;4;1;4;4;3;3;1;1;1;2;9;1;1;4;9;1;1;9;9;1;2;5;2;5;3;1;2;1;;1;3;1;;1;3;0;2;4;2;2;5,31367779
91306;2;15;3;2;6;;1;1;9;2;2;2;2;1;2;2;2;2;2;2;2;2;2;2;2;99;;;;;;;;;;;;;;;;;;;;;;;;;2;2;2;;;;;;;;;;;;;;4;0;0;2;3;9;5;5;5;5;5;5;5;4;1;1;4;5;4;4;4;2;;;1;3;;4;;;;;;;;;;;;;;;;;;3;;;;;;;;;;;;;;;;1;2;97;REPRÉSENTANT;;;;;;;;;;;;;;;;;;;;;;;;;;;;;;;3;4;4;4;4;4;4;4;4;4;2;4;3;3;2;9;9;9;9;9;9;9;9;9;;;5;4;4;3;2;3;6;;2;5;1;;1;2;0;1;;2;2;1,24692321
91317;2;5;3;2;6;;1;1;4;2;2;2;2;1;2;2;1;2;2;1;2;2;2;2;2;99;;;;;;;;;;;;;;;;;;;;;;;;;2;2;2;;;;;;;;;;;;;;2;0;0;2;2;4;1;2;1;1;1;1;1;4;1;1;3;1;3;3;5;9;;;9;;;;;;;;;;;;;;;;;;;;;;;;;;;;;;;;;;;;;2;;98;;;;;;;;;;;;;;;;;;;;;;;;;;;;;;;;4;4;4;4;4;4;4;4;4;4;1;1;1;1;4;4;1;1;2;1;1;1;1;1;;;1;4;3;3;1;2;98;;1;6;1;;2;1;0;1;;2;2;3,05613232
91320;2;6;1;1;5;;1;1;3;1;2;1;2;1;1;2;2;1;2;2;2;2;2;2;1;6;VOTER PAR INTERNET;;;;;;;;;;;;;;;;;;;;;;;;2;1;2;;;;;;;;;;;;;;1;1;1;2;3;2;2;2;3;2;3;2;3;2;2;2;2;2;2;2;3;2;;;2;;;;;;;;;;;;;;;;;;;;;;;;;;;;;;;;;;;;;1;1;2;;;;;;;;;;;;;;;;;;;;;;;;;;;;;;;;3;3;1;4;4;4;4;4;4;4;2;3;2;3;4;4;1;1;1;2;2;4;4;9;;;2;4;2;3;1;5;1;;1;4;1;;2;2;0;1;;2;7;0,8067984
91333;2;7;3;2;5;;1;1;4;2;2;1;2;1;2;1;2;2;2;2;2;2;2;2;1;9;QUE LE SYSTÈME INFORMATIQUE POUR VOTE PAR ANTICIPATION SOIT FONCTIONNEL.....N’AVAIT PAS DES HEURES À ATTENDRE;13;;;;;;;;;;;;;;;;;;;;;;;1;1;1;;;;;;;;;;;;;;1;6;6;9;2;2;3;3;3;3;2;2;2;3;2;2;3;2;2;2;3;1;;2;1;1;;6;;;;;;;;;;;;;;;;;;4;;;;;;;;;;;;;;;;2;;2;;;;;;;;;;;;;;;;;;;;;;;;;;;;;;;;2;2;3;4;4;4;4;4;4;4;2;2;2;3;2;4;1;1;2;1;2;3;3;3;;;2;3;3;3;2;7;6;;2;6;1;;2;1;0;2;5;2;4;0,31295282
91335;2;2;3;3;2;;1;1;1;2;2;2;2;2;2;2;2;2;2;2;2;2;2;2;2;99;;;;;;;;;;;;;;;;;;;;;;;;;9;9;9;;;;;;;;;;;;;;5;0;0;2;4;4;5;5;5;5;5;5;5;5;5;5;5;5;5;5;5;9;;;9;;;;;;;;;;;;;;;;;;;;;;;;;;;;;;;;;;;;;9;;99;;;;;;;;;;;;;;;;;;;;;;;;;;;;;;;;3;4;4;4;4;4;4;4;4;4;3;3;3;3;3;9;9;9;9;9;9;9;9;9;2;2;5;5;5;2;2;4;1;;1;6;1;;2;1;0;1;;2;2;0,10215487
91337;1;16;3;2;2;;1;4;4;;;;;;;;;;;;;;;;;;;;;;;;;;;;;;;;;1;2;2;2;2;2;2;2;2;9;9;9;1;;;;;;;;;;;;;1;0;0;2;4;9;5;5;2;3;5;1;5;5;1;2;5;5;2;2;4;2;;;2;;;;;;;;;;;;;;;;;;;;;;;;;;;;;;;;;;;;;1;1;1;;;;;;;;;;;;;;;;2;;;;;;;;;;;;;;;;4;4;4;4;4;4;4;4;4;4;3;4;3;2;3;4;1;1;1;2;1;4;4;4;2;2;5;5;5;3;2;5;1;;2;4;1;;1;2;0;1;;2;4;0,25982258
91338;1;15;1;1;2;;1;4;1;;;;;;;;;;;;;;;;;;;;;;;;;;;;;;;;;1;2;1;2;2;1;1;1;2;1;1;1;1;;;;;;;;;;;;;1;10;8;2;1;2;2;2;2;3;1;3;1;3;2;3;2;1;1;2;2;1;2;;2;;;;;;;;;;;;;;;;;;;;;;;;;;;;;;;;;;;;;1;1;1;;;;;;;;;;;;;;;;1;;3;;4;;;;;;;;;;;;1;1;1;2;1;3;4;4;4;3;2;1;1;2;3;4;1;2;1;1;2;4;4;4;2;1;1;2;4;3;2;5;4;;2;5;1;;1;2;4;1;;2;5;0,40145314
91340;1;17;3;2;2;;1;4;1;;;;;;;;;;;;;;;;;;;;;;;;;;;;;;;;;1;2;2;2;2;2;2;2;2;1;1;1;2;1;;;;;;;;;;;;1;3;6;2;2;3;3;2;2;2;1;2;1;3;2;2;3;1;1;2;3;2;;;1;3;;;;;;;;;;;;;;;;;;;;3;;;;;;;;;;;;;;;;1;1;1;;2;;3;;4;;5;;;;;;;;1;;2;;;;;;;;;;;;;;4;3;3;2;3;3;4;3;4;4;2;2;2;2;2;4;2;2;2;2;4;3;4;4;2;1;1;1;3;3;2;5;4;;1;6;1;;1;1;2;1;;2;2;0,25982258
91343;1;6;1;1;2;;1;4;1;;;;;;;;;;;;;;;;;;;;;;;;;;;;;;;;;1;1;2;2;1;1;1;1;2;1;1;1;2;1;;;;;;;;;;;;1;0;0;2;1;3;3;4;1;3;1;1;1;4;1;2;1;1;1;5;4;2;;;2;;;;;;;;;;;;;;;;;;;;;;;;;;;;;;;;;;;;;1;1;98;;;;;;;;;;;;;;;;;;;;;;;;;;;;;;;;3;4;3;3;4;4;4;4;4;4;4;4;3;1;3;4;1;1;1;1;1;4;4;4;2;2;1;1;2;3;2;6;5;;1;1;2;;1;2;1;1;;2;4;0,40145314
91345;2;16;1;2;5;;1;1;9;2;2;2;2;2;2;2;2;2;2;2;2;2;2;2;2;99;;;;;;;;;;;;;;;;;;;;;;;;;9;9;9;;;;;;;;;;;;;;2;5;5;9;9;2;3;3;2;2;3;2;5;3;3;5;2;5;2;2;3;1;;2;2;;;;;;;;;;;;;;;;;;;;;;;;;;;;;;;;;;;;;1;9;98;;;;;;;;;;;;;;;;;;;;;;;;;;;;;;;;3;3;4;4;4;4;4;4;4;4;2;3;3;4;2;4;2;2;3;2;2;4;3;4;;;5;3;4;1;1;4;1;;2;6;1;;1;3;0;1;;8;99;0,68249238
91348;2;7;3;2;3;;1;1;3;1;1;1;2;2;2;2;2;2;2;2;2;2;2;2;2;97;HAVING MORE ENGLISH DEBATES TO BE MORE INFORMED OF EACH POLITICAL PARTIES VIEWS AND WHERE THEY STAND IN CERTAIN ISSUES.;3;;;;;;;;;;;;;;;;;;;;;;;1;1;1;;;;;;;;;;;;;;1;8;7;1;3;2;1;1;1;3;3;2;2;2;1;3;2;2;1;1;4;2;;;2;;;;;;;;;;;;;;;;;;;;;;;;;;;;;;;;;;;;;1;1;98;;;;;;;;;;;;;;;;;;;;;;;;;;;;;;;;2;1;2;2;4;4;4;4;3;4;1;3;3;1;2;4;1;1;2;1;1;4;2;4;;;1;1;1;1;2;3;5;;2;6;2;;1;2;1;2;5;2;4;2,48550725
91351;1;6;1;1;2;;1;4;3;;;;;;;;;;;;;;;;;;;;;;;;;;;;;;;;;1;2;1;1;1;1;2;1;1;1;2;1;1;;;;;;;;;;;;;2;10;3;1;1;2;1;1;1;4;3;3;1;2;2;1;1;3;2;2;1;1;1;;1;4;;;;;;;;;;;;;;;;;;;;4;;;;;;;;;;;;;;;;1;1;1;;2;;;;;;;;;;;;;;1;;2;;3;;;;;;;;;;;;1;1;1;4;3;1;3;1;1;1;2;2;1;3;4;1;2;4;3;2;3;1;2;4;1;1;1;1;1;1;2;9;1;;1;6;1;;1;1;1;1;;1;8;0,45117819
91359;2;2;3;3;6;;1;1;3;1;2;2;2;2;2;2;1;2;2;2;2;2;2;2;2;99;;;;;;;;;;;;;;;;;;;;;;;;;1;1;1;;;;;;;;;;;;;;2;5;3;2;3;3;3;2;1;2;2;2;1;3;1;2;2;2;1;2;2;2;;;2;;;;;;;;;;;;;;;;;;;;;;;;;;;;;;;;;;;;;2;;98;;;;;;;;;;;;;;;;;;;;;;;;;;;;;;;;3;4;4;4;4;2;4;4;4;4;2;3;3;2;4;4;2;2;2;2;2;3;3;3;;;2;2;3;3;2;4;6;;1;6;1;;3;1;0;1;;2;2;0,06841806
91364;1;13;1;1;2;;1;4;1;;;;;;;;;;;;;;;;;;;;;;;;;;;;;;;;;1;1;2;2;2;1;2;1;2;1;1;1;1;;;;;;;;;;;;;1;9;9;9;2;2;1;2;1;2;2;3;1;1;1;3;1;1;1;1;3;2;;;2;;;;;;;;;;;;;;;;;;;;;;;;;;;;;;;;;;;;;1;1;98;;;;;;;;;;;;;;;;;;;;;;;;;;;;;;;;2;2;4;4;4;4;4;4;4;4;2;1;1;4;2;2;1;1;1;1;1;2;2;2;1;1;1;1;3;3;1;7;1;;2;6;2;;1;2;1;1;;2;5;0,41990462
91369;2;4;3;2;5;;1;1;9;2;2;1;2;2;2;2;2;2;2;2;2;2;2;2;2;8;BECAUSE THEY ARE ALL THE SAME AND I DON'T HAVE THE INTEREST FOR THE POLITIC.;;;;;;;;;;;;;;;;;;;;;;;;1;1;1;;;;;;;;;;;;;;2;0;0;1;2;3;3;3;3;3;3;3;3;4;1;1;4;3;3;3;3;2;;;1;4;;;;;;;;;;;;;;;;;;;;4;;3;;;;;;;;;;;;;;1;2;3;;;;;;;;;;;;;;;;;;;;;;;;;;;;;;;;4;2;4;4;4;4;4;3;4;4;2;3;3;1;2;4;1;1;2;3;3;3;9;4;;;4;4;4;3;2;5;1;;2;6;1;;1;2;0;1;;2;5;0,27846184
91371;1;7;3;2;1;1;1;4;3;;;;;;;;;;;;;;;;;;;;;;;;;;;;;;;;;1;1;1;1;2;1;1;1;1;1;1;1;1;;;;;;;;;;;;;1;7;9;1;1;2;2;2;3;3;2;2;2;3;5;3;2;2;1;2;2;1;2;;2;;;;;;;;;;;;;;;;;;;;;;;;;;;;;;;;;;;;;2;;98;;;;;;;;;;;;;;;;;;;;;;;;;;;;;;;;3;2;4;4;4;4;4;4;4;4;1;1;1;4;1;9;1;1;1;1;1;9;9;9;2;2;4;2;4;3;2;7;3;;1;2;1;;1;1;0;1;;2;1;0,34825167
91381;2;7;3;2;5;;1;3;3;1;2;2;2;1;2;2;2;2;2;1;2;2;2;2;2;99;;;;;;;;;;;;;;;;;;;;;;;;;9;1;2;;;;;;;;;;;;;;1;4;8;9;2;3;2;3;2;3;2;2;2;3;1;3;2;2;1;1;3;1;;2;2;;;;;;;;;;;;;;;;;;;;;;;;;;;;;;;;;;;;;1;1;1;;;;;;;;;;;;;;;;3;;;;;;;;;;;;;;;;4;3;4;4;4;4;4;4;4;4;1;2;3;2;3;4;2;2;1;1;2;4;4;4;;;4;1;4;3;2;2;6;;2;6;1;;2;2;0;1;;2;2;1,16431904
91383;2;16;3;2;5;;1;3;3;1;2;1;2;1;2;2;2;2;2;1;2;2;2;1;2;97;AVOIR CONFIANCE POUR L'AVANCEMENT DE LA LIBERTÉ DANS LA SOCIÉTÉ ON N'EST PLUS AUCUNEMENT AUSSI LIBRE QU'AUTREFOIS D'AILLEURS J'AI ÉCRIT DES TEXTES SUR LA LIBERTÉ QUI SONT TRÈS 8NTERESSANT À LIRE JE PEUX VOUS LES TÉLÉCHARGER VOIS VERREZ J'AI BEAUC;;;;;;;;;;;;;;;;;;;;;;;;1;1;2;;;;;;;;;;;;;;1;8;2;1;2;3;1;2;3;2;4;2;4;3;3;3;2;2;2;3;2;1;;9;2;;;;;;;;;;;;;;;;;;;;;;;;;;;;;;;;;;;;;2;;5;;;;;;;;;;;;;;;;;;;;;;;;;;;;;;;;1;1;1;1;3;4;4;2;3;3;4;2;1;2;1;4;2;2;1;2;2;4;4;3;;;1;2;1;3;1;3;1;;1;1;1;;3;1;0;1;;2;1;2,85367322
91385;2;9;3;3;3;;1;1;1;1;1;1;2;1;2;2;2;2;2;2;2;2;2;2;1;99;;;;;;;;;;;;;;;;;;;;;;;;;2;2;2;;;;;;;;;;;;;;2;0;0;2;2;4;1;2;1;4;1;1;1;4;1;1;4;1;2;4;4;1;;2;2;;;;;;;;;;;;;;;;;;;;;;;;;;;;;;;;;;;;;1;1;1;;;;;;;;;;;;;;;;3;;;;;;;;;;;;;;;;3;3;2;2;4;4;4;4;4;4;2;2;2;2;2;4;1;1;1;1;2;9;4;9;;;2;4;4;3;2;3;1;;1;3;1;;2;2;0;1;;2;1;0,45079193
91387;1;5;3;2;2;;1;4;4;;;;;;;;;;;;;;;;;;;;;;;;;;;;;;;;;1;1;2;1;1;1;1;1;1;1;1;1;2;1;;3;;;;;;;;1;1;1;1;3;2;4;3;2;4;1;3;1;2;2;3;1;1;3;1;1;3;4;2;;;2;;;;;;;;;;;;;;;;;;;;;;;;;;;;;;;;;;;;;1;1;98;;;;;;;;;;;;;;;;;;;;;;;;;;;;;;;;4;4;4;4;4;4;4;4;4;4;4;4;4;4;4;4;1;1;9;1;1;4;4;4;2;2;1;2;4;3;2;3;1;;2;5;1;;1;2;3;1;;2;3;1,08638453
91388;2;4;3;2;2;;1;1;1;2;2;2;2;1;2;2;2;2;2;2;2;2;1;2;1;99;;;;;;;;;;;;;;;;;;;;;;;;;2;2;2;;;;;;;;;;;;;;3;2;2;2;9;4;3;3;1;3;2;1;2;3;1;1;3;1;5;5;3;2;;;2;;;;;;;;;;;;;;;;;;;;;;;;;;;;;;;;;;;;;2;;98;;;;;;;;;;;;;;;;;;;;;;;;;;;;;;;;9;4;3;4;4;4;4;4;4;4;1;3;3;2;2;3;1;1;1;1;1;3;3;3;2;2;2;4;3;3;2;1;4;;1;6;1;;2;1;2;1;;2;1;1,39463198
91389;1;5;3;2;2;;1;4;2;;;;;;;;;;;;;;;;;;;;;;;;;;;;;;;;;1;1;1;2;2;1;1;1;1;1;1;2;1;;;;;;;;;;;;;1;9;9;9;2;2;2;2;3;3;4;3;3;2;2;3;2;3;2;2;2;2;;;1;3;;;;;;;;;;;;;;;;;;;;4;;3;;;;;;;;;;;;;;2;;98;;;;;;;;;;;;;;;;;;;;;;;;;;;;;;;;3;1;2;4;4;4;4;4;4;4;3;2;2;2;3;4;2;2;2;2;2;4;3;4;2;2;2;3;3;3;2;7;1;;1;4;1;;1;2;1;1;;2;3;0,29200417
91391;1;6;1;1;2;;1;4;2;;;;;;;;;;;;;;;;;;;;;;;;;;;;;;;;;1;1;1;1;1;1;1;2;1;1;1;1;1;;;;;;;;;;;;;2;0;0;2;4;9;2;2;2;2;2;2;2;4;2;2;2;2;2;3;2;9;;;2;;;;;;;;;;;;;;;;;;;;;;;;;;;;;;;;;;;;;2;;98;;;;;;;;;;;;;;;;;;;;;;;;;;;;;;;;4;4;4;4;4;4;4;4;4;4;2;3;3;2;2;4;1;1;1;1;1;4;4;4;2;2;5;2;4;3;2;5;1;;1;2;1;;2;1;1;1;;8;2;0,40145314
91392;1;7;3;2;1;1;1;4;3;;;;;;;;;;;;;;;;;;;;;;;;;;;;;;;;;2;1;1;1;2;1;1;1;2;2;2;2;1;;;;;;;;;;;;;1;6;6;2;1;1;2;1;4;3;3;2;3;3;2;2;4;2;3;2;2;1;1;;1;3;;;;;;;;;;;;;;;;;;;;2;;;;;;;;;;;;;;;;1;1;2;;;;;;;;;;;;;;;;;;;;;;;;;;;;;;;;2;2;3;3;1;3;2;4;2;3;1;2;3;3;2;1;2;2;3;2;3;3;2;3;1;1;4;2;3;2;1;1;3;;1;1;1;;1;1;0;1;;1;1;1,20583975
91398;1;8;3;3;2;;1;4;3;;;;;;;;;;;;;;;;;;;;;;;;;;;;;;;;;2;2;2;1;2;2;1;2;1;1;1;1;1;;;;;;;;;;;;;2;4;4;9;3;2;2;5;3;2;1;2;2;2;2;4;3;5;2;2;5;2;;;2;;;;;;;;;;;;;;;;;;;;;;;;;;;;;;;;;;;;;2;;98;;;;;;;;;;;;;;;;;;;;;;;;;;;;;;;;3;3;4;4;4;4;4;4;4;4;4;4;2;2;3;4;2;2;2;2;2;9;4;9;2;2;1;3;4;3;2;4;1;;1;1;1;;2;1;0;1;;2;3;0,07957616
91401;1;6;1;1;1;1;1;4;2;;;;;;;;;;;;;;;;;;;;;;;;;;;;;;;;;1;2;1;1;1;1;1;1;1;2;2;1;1;;;;;;;;;;;;;1;5;5;2;2;1;1;1;1;1;1;3;3;2;1;4;1;3;2;2;3;1;2;;2;;;;;;;;;;;;;;;;;;;;;;;;;;;;;;;;;;;;;1;1;1;;;;;;;;;;;;;;;;1;;;;;;;;;;;;;;;;2;2;2;2;2;2;3;2;2;2;2;3;3;3;3;9;1;1;1;1;1;3;9;2;2;2;3;2;3;9;2;4;3;;3;2;2;;2;2;1;1;;2;98;0,47878304
91403;2;16;3;2;5;;1;3;4;2;2;1;2;1;2;2;2;1;2;2;1;2;2;2;2;97;MIEUX FILER;;;;;;;;;;;;;;;;;;;;;;;;1;1;2;;;;;;;;;;;;;;1;4;5;1;3;3;2;3;5;2;2;2;1;3;2;2;3;1;1;2;2;1;;2;2;;;;;;;;;;;;;;;;;;;;;;;;;;;;;;;;;;;;;2;;98;;;;;;;;;;;;;;;;;;;;;;;;;;;;;;;;3;2;4;2;4;4;4;4;4;4;1;3;2;2;3;4;1;1;2;1;2;4;4;4;;;2;3;3;3;2;5;8;;1;4;1;;2;1;0;1;;2;2;0,27846184
91406;1;6;1;1;2;;1;4;3;;;;;;;;;;;;;;;;;;;;;;;;;;;;;;;;;1;2;2;1;1;2;1;2;1;2;1;1;1;;;;;;;;;;;;;1;8;8;2;2;2;2;2;3;2;3;2;3;3;1;3;2;2;1;2;1;1;2;;2;;;;;;;;;;;;;;;;;;;;;;;;;;;;;;;;;;;;;2;;98;;;;;;;;;;;;;;;;;;;;;;;;;;;;;;;;1;1;2;3;4;4;4;3;4;4;2;2;2;2;2;4;1;1;3;1;2;9;3;3;2;1;1;2;2;3;1;7;1;;1;3;1;;2;1;0;3;5;2;3;0,41990462
91407;2;2;3;3;5;;1;2;2;2;2;1;1;1;2;2;2;2;1;2;2;2;2;2;2;99;;;;;;;;;;;;;;;;;;;;;;;;;1;1;1;;;;;;;;;;;;;;1;9;7;2;2;2;2;1;5;2;3;2;2;5;2;3;3;5;2;1;5;1;;2;1;4;;;;;;;;;;;;;;;;;;;;3;;;;;;;;;;;;;;;;1;2;98;;;;;;;;;;;;;;;;;;;;;;;;;;;;;;;;2;1;4;4;4;4;4;4;4;4;3;3;3;3;1;4;1;1;2;9;1;4;2;1;;;5;4;4;3;2;5;1;;1;6;1;;2;2;0;1;;2;2;0,0638857
91429;1;16;1;1;2;;1;4;2;;;;;;;;;;;;;;;;;;;;;;;;;;;;;;;;;1;1;2;1;1;1;1;1;2;1;1;1;2;2;;;;;;;;;;;;5;7;2;2;2;3;3;3;2;4;2;3;2;4;2;1;3;1;1;2;1;1;2;;1;2;;;;;;;;;;;;;;;;;;;;3;;;;;;;;;;;;;;;;1;1;98;;;;;;;;;;;;;;;;;;;;;;;;;;;;;;;;1;2;2;2;3;4;4;4;4;4;3;2;2;2;2;4;2;2;2;2;2;4;4;4;2;2;2;1;1;1;2;7;1;;2;5;97;SPANISH;2;4;1;3;5;2;2;0,45117819
91439;1;12;3;2;2;;1;4;1;;;;;;;;;;;;;;;;;;;;;;;;;;;;;;;;;1;1;1;1;2;1;1;1;1;1;1;1;2;1;;;;;;;;;;;;1;6;7;2;3;9;1;2;3;2;3;1;5;3;2;1;3;2;1;2;3;2;;;2;;;;;;;;;;;;;;;;;;;;;;;;;;;;;;;;;;;;;1;1;98;;;;;;;;;;;;;;;;;;;;;;;;;;;;;;;;3;3;4;4;4;4;4;4;2;4;3;3;3;2;1;4;1;1;1;1;1;4;4;4;2;2;1;1;4;3;2;5;1;;2;5;1;;1;2;2;1;;2;5;0,25982258
91440;2;4;3;2;5;;1;1;1;1;2;2;2;1;2;2;2;2;2;2;2;2;2;2;2;99;;;;;;;;;;;;;;;;;;;;;;;;;2;2;2;;;;;;;;;;;;;;1;5;8;1;3;3;1;1;1;1;2;1;2;2;1;4;2;5;1;5;5;1;;9;1;3;;;;;;;;;;;;;;;;;;;;3;;;;;;;;;;;;;;;;1;2;98;;;;;;;;;;;;;;;;;;;;;;;;;;;;;;;;2;2;4;4;4;4;4;4;4;4;1;1;3;3;3;1;1;1;1;1;1;1;1;1;;;1;4;4;1;2;3;99;;2;6;1;;1;3;0;1;;2;2;1,16431904
91442;2;7;3;2;6;;1;1;1;2;2;1;2;2;2;1;2;2;2;1;2;2;2;2;2;5;WAS OUT OF THE COUNTRY AND REALLY DID NOT FEEL I WAS WELL INFORMED ENOUGH TO CAST MY BALLOT AT THE ADVANCE POLLS.;3;;;;;;;;;;;;;;;;;;;;;;;1;1;2;;;;;;;;;;;;;;2;9;5;1;2;2;3;3;2;2;3;2;3;2;3;3;2;3;2;2;3;2;;;2;;;;;;;;;;;;;;;;;;;;;;;;;;;;;;;;;;;;;2;;98;;;;;;;;;;;;;;;;;;;;;;;;;;;;;;;;1;3;4;2;4;4;4;4;4;4;1;3;1;2;3;4;1;1;1;2;2;4;4;4;;;4;4;4;3;1;6;6;;2;6;2;;2;1;0;2;5;2;2;0,73091167
91444;1;16;3;2;2;;1;4;1;;;;;;;;;;;;;;;;;;;;;;;;;;;;;;;;;1;1;1;1;2;1;1;1;1;1;1;1;2;4;;;;;;;;;;;;1;7;10;1;2;4;2;2;5;3;4;2;5;5;3;3;5;2;1;1;2;1;2;;2;;;;;;;;;;;;;;;;;;;;;;;;;;;;;;;;;;;;;1;1;2;;3;;;;;;;;;;;;;;;;;;;;;;;;;;;;;;1;2;1;1;1;4;4;1;4;4;3;1;1;1;3;9;9;1;2;2;1;9;4;4;1;1;4;5;1;3;2;5;3;;1;1;1;;1;2;0;1;;2;3;0,25982258
91446;2;14;1;1;2;;1;2;4;1;1;2;2;2;2;1;1;2;2;1;2;2;2;1;2;11;LE FAIT DE TRAVAILLER 60 HEURES LA NUIT ET LORSQUE LA JOURNEE DU VOTE JE PREFERAIS PRENDRE MON SOMMEIL QUI ETAIT PLUS IMPORTANT AU LIEU D'ALLER VOTER;;;;;;;;;;;;;;;;;;;;;;;;2;2;2;;;;;;;;;;;;;;3;0;4;2;3;4;4;2;3;4;4;1;1;5;3;2;4;1;4;4;5;1;;2;2;;;;;;;;;;;;;;;;;;;;;;;;;;;;;;;;;;;;;1;9;98;;;;;;;;;;;;;;;;;;;;;;;;;;;;;;;;4;4;4;4;4;4;4;4;4;4;1;1;3;1;3;4;2;1;4;3;2;4;4;4;2;2;1;4;4;2;2;3;1;;1;6;1;;2;4;1;1;;2;6;2,1548593
91447;2;7;3;2;4;;1;1;4;1;1;2;2;1;2;2;1;2;2;2;2;2;2;2;2;4;DEPUIS PLUSIEURS ANNÉES JE FAIT TOUT LE NÉCESSAIRE POUR ÊTRE INSCRITE SUR LA LISTE ÉLECTORALE ET JE NE LE SUIS JAMAIS;;;;;;;;;;;;;;;;;;;;;;;;8;8;1;;;;;;;;;;;;;;5;2;2;2;4;3;5;5;2;5;1;1;1;5;2;2;3;5;2;5;4;2;;;2;;;;;;;;;;;;;;;;;;;;;;;;;;;;;;;;;;;;;1;1;1;;;;;;;;;;;;;;;;2;;;;;;;;;;;;;;;;1;3;4;4;4;4;4;4;4;4;2;2;2;2;3;4;1;1;1;1;2;4;4;4;;;1;4;3;3;2;3;12;ACCIDENT DE TRAVAIL + BLESSURE PERSO;1;3;1;;1;2;3;1;;2;5;2,57269812
91449;2;7;3;2;3;;1;1;9;1;2;2;2;1;1;2;2;1;2;2;2;2;2;2;2;99;;;;;;;;;;;;;;;;;;;;;;;;;2;2;2;;;;;;;;;;;;;;2;0;0;1;3;9;3;2;1;5;1;1;1;4;1;4;4;1;3;3;5;2;;;2;;;;;;;;;;;;;;;;;;;;;;;;;;;;;;;;;;;;;2;;98;;;;;;;;;;;;;;;;;;;;;;;;;;;;;;;;4;2;1;1;9;4;4;4;4;4;4;4;3;2;2;4;1;1;2;1;1;4;4;4;;;1;4;3;3;2;5;1;;1;2;2;;2;1;0;2;1;2;3;0,59443939
91450;1;2;3;3;2;;1;4;1;;;;;;;;;;;;;;;;;;;;;;;;;;;;;;;;;1;2;2;2;2;2;2;2;1;9;9;9;2;1;;;;;;;;;;;;1;0;0;2;4;9;1;2;1;2;5;1;3;2;2;1;5;5;1;5;2;2;;;2;;;;;;;;;;;;;;;;;;;;;;;;;;;;;;;;;;;;;1;1;1;;;;;;;;;;;;;;;;2;;;;;;;;;;;;;;;;4;4;4;4;4;4;4;4;4;4;4;4;4;1;3;4;1;1;3;1;1;4;4;4;2;2;2;4;4;3;2;5;1;;2;4;1;;1;2;0;1;;2;5;0,07957616
91452;1;6;1;1;2;;1;4;1;;;;;;;;;;;;;;;;;;;;;;;;;;;;;;;;;1;2;2;1;2;1;1;1;1;1;1;1;2;1;;;;;;;;;;;;1;4;6;1;3;3;2;4;1;4;2;4;2;3;1;2;3;2;2;1;2;2;;;1;1;;2;;;;;;;;;;;;;;;;;;5;;3;;4;;;;;;;;;;;;1;1;1;;2;;3;;5;;;;;;;;;;1;;2;;;;;;;;;;;;;;2;2;2;1;2;2;4;4;3;4;1;4;2;2;3;4;1;3;1;3;1;4;4;1;2;1;1;3;5;3;1;9;1;;1;4;1;;1;2;0;1;;2;3;0,41990462
91455;1;16;1;2;2;;1;4;3;;;;;;;;;;;;;;;;;;;;;;;;;;;;;;;;;1;2;2;1;2;1;1;1;2;1;1;1;2;1;;;;;;;;;;;;1;6;6;2;3;3;3;3;2;3;2;2;3;3;2;3;2;2;2;1;3;1;2;;2;;;;;;;;;;;;;;;;;;;;;;;;;;;;;;;;;;;;;1;1;98;;;;;;;;;;;;;;;;;;;;;;;;;;;;;;;;3;3;4;3;4;4;4;4;4;4;3;3;3;3;2;3;2;2;2;2;2;3;3;3;2;2;3;3;4;3;1;5;1;;2;5;1;;1;2;0;1;;2;4;0,24181154
91457;2;2;3;3;5;;1;3;1;2;2;2;2;2;2;1;2;2;2;1;2;2;2;2;2;5;J AURAIS CERTAINEMENT VOTÉ,MAIS J ÉTAIS A L EXTÉRIEUR DU PAYS;;;;;;;;;;;;;;;;;;;;;;;;1;1;1;;;;;;;;;;;;;;1;9;9;1;1;3;1;2;2;2;2;3;1;3;1;2;3;1;2;2;4;1;;2;1;4;;5;;;;;;;;;;;;;;;;;;4;;3;;;;;;;;;;;;;;1;1;98;;;;;;;;;;;;;;;;;;;;;;;;;;;;;;;;1;1;1;2;1;2;4;4;4;3;1;1;1;1;2;1;1;1;2;1;1;1;1;1;;;1;4;4;3;1;7;6;;2;5;1;;1;2;0;1;;2;5;0,17597368
91459;1;7;3;2;2;;1;4;1;;;;;;;;;;;;;;;;;;;;;;;;;;;;;;;;;2;1;2;2;1;1;1;1;2;1;1;1;2;1;;;;;;;;;;;;1;6;8;1;3;4;4;4;4;4;4;2;1;4;4;2;3;1;2;2;4;2;;;2;;;;;;;;;;;;;;;;;;;;;;;;;;;;;;;;;;;;;1;1;98;;;;;;;;;;;;;;;;;;;;;;;;;;;;;;;;2;3;4;4;4;4;4;4;4;4;3;3;1;3;3;2;1;2;2;4;1;4;1;4;2;2;4;2;2;3;2;7;1;;2;3;2;;1;1;0;2;2;2;3;0,29200417
91461;1;16;3;2;2;;1;4;4;;;;;;;;;;;;;;;;;;;;;;;;;;;;;;;;;1;2;1;1;1;1;1;1;2;1;1;1;1;;;;;;;;;;;;;1;8;8;1;2;2;2;1;3;2;3;2;3;2;3;4;2;3;1;1;2;1;2;;2;;;;;;;;;;;;;;;;;;;;;;;;;;;;;;;;;;;;;1;1;98;;;;;;;;;;;;;;;;;;;;;;;;;;;;;;;;4;3;4;2;4;4;4;4;4;4;2;1;3;4;1;3;2;1;2;2;2;4;4;3;2;2;2;3;3;3;1;5;3;;3;6;1;;2;2;0;1;;2;1;0,24181154
91463;2;7;3;2;3;;1;1;2;2;2;2;2;2;2;2;2;2;2;1;2;2;2;2;2;99;;;;;;;;;;;;;;;;;;;;;;;;;2;1;2;;;;;;;;;;;;;;1;2;2;2;3;2;2;3;3;1;2;2;4;2;2;4;2;4;2;1;1;2;;;2;;;;;;;;;;;;;;;;;;;;;;;;;;;;;;;;;;;;;1;2;98;;;;;;;;;;;;;;;;;;;;;;;;;;;;;;;;4;3;4;4;4;4;4;4;4;4;4;4;4;4;4;4;1;1;1;9;9;4;4;1;;;1;5;5;9;2;7;5;;2;4;2;;1;2;3;2;5;2;3;0,66806847
91464;2;8;3;3;5;;1;2;4;2;2;2;2;1;2;2;2;2;2;1;1;2;1;2;2;99;;;;;;;;;;;;;;;;;;;;;;;;;1;1;1;;;;;;;;;;;;;;1;4;10;1;2;4;2;4;1;1;4;2;1;4;1;1;3;1;1;2;1;2;;;1;3;;;;;;;;;;;;;;;;;;;;4;;;;;;;;;;;;;;;;2;;98;;;;;;;;;;;;;;;;;;;;;;;;;;;;;;;;3;2;2;4;4;3;4;4;4;3;1;2;3;1;2;4;1;1;2;1;1;4;2;4;;;4;4;4;3;1;3;1;;2;5;1;;2;1;0;1;;2;99;0,65469897
91466;1;14;3;2;2;;1;4;2;;;;;;;;;;;;;;;;;;;;;;;;;;;;;;;;;1;1;2;1;2;1;1;1;1;1;1;2;1;;;;;;;;;;;;;1;8;6;1;2;4;2;2;1;4;2;1;1;4;2;2;3;1;1;2;1;1;2;;2;;;;;;;;;;;;;;;;;;;;;;;;;;;;;;;;;;;;;1;2;98;;;;;;;;;;;;;;;;;;;;;;;;;;;;;;;;2;2;2;1;4;4;4;2;2;4;1;2;2;2;3;4;1;2;1;2;2;4;2;2;1;1;1;1;4;3;2;8;1;;1;5;1;;1;2;0;1;;2;3;0,29200417
91467;2;7;3;2;4;;1;1;4;2;2;2;2;2;2;2;2;2;2;2;2;2;2;2;2;1;SONT TOUTE PAREILLE DES MENTEUR;;;;;;;;;;;;;;;;;;;;;;;;9;9;9;;;;;;;;;;;;;;5;2;8;2;2;9;3;3;3;3;1;2;2;5;2;4;3;2;5;5;5;2;;;2;;;;;;;;;;;;;;;;;;;;;;;;;;;;;;;;;;;;;9;;98;;;;;;;;;;;;;;;;;;;;;;;;;;;;;;;;3;4;4;9;9;4;4;4;4;4;1;4;3;4;3;4;9;9;9;9;9;9;9;9;;;2;4;5;9;2;2;8;;3;4;1;;2;1;0;1;;2;99;2,57269812
91468;2;8;3;3;1;1;1;2;2;1;1;1;1;1;2;1;2;2;1;1;2;1;2;1;2;97;SI JAURRAIS PUE CHANGER DADRESS APRES LE 17 SEPT;;;;;;;;;;;;;;;;;;;;;;;;8;8;1;;;;;;;;;;;;;;1;6;5;1;2;2;5;2;2;5;2;2;5;5;3;5;2;5;5;2;5;2;;;2;;;;;;;;;;;;;;;;;;;;;;;;;;;;;;;;;;;;;2;;2;;;;;;;;;;;;;;;;;;;;;;;;;;;;;;;;3;2;2;2;2;3;2;2;2;2;3;3;1;1;3;2;2;1;3;2;2;2;2;2;2;1;5;3;3;3;3;3;1;;1;1;1;;2;1;0;1;;2;2;0,664002
91470;1;6;1;1;2;;1;4;4;;;;;;;;;;;;;;;;;;;;;;;;;;;;;;;;;1;1;2;2;2;1;1;1;2;1;1;1;2;1;;;;;;;;;;;;1;8;9;2;2;2;2;2;1;3;3;2;2;4;2;3;3;2;1;1;1;1;2;;1;4;;;;;;;;;;;;;;;;;;;;3;;;;;;;;;;;;;;;;1;1;1;;;;;;;;;;;;;;;;1;;;;;;;;;;;;;;;;1;2;1;3;4;4;4;3;4;4;3;2;2;2;3;4;2;2;1;2;1;3;3;4;2;2;3;3;4;3;2;7;1;;2;3;1;;1;2;0;1;;2;5;0,45117819
91471;1;16;3;2;2;;1;4;1;;;;;;;;;;;;;;;;;;;;;;;;;;;;;;;;;1;1;2;1;2;1;1;1;1;1;1;1;1;;;;;;;;;;;;;1;6;10;2;3;3;2;2;2;4;3;2;3;3;2;2;3;2;1;2;4;1;2;;2;;;;;;;;;;;;;;;;;;;;;;;;;;;;;;;;;;;;;2;;98;;;;;;;;;;;;;;;;;;;;;;;;;;;;;;;;4;3;4;4;4;4;4;4;4;4;2;4;4;2;3;4;1;1;1;1;1;4;4;1;2;2;1;1;4;3;2;5;1;;2;4;1;;2;1;0;1;;2;2;0,25982258
91472;2;3;2;1;1;1;1;1;2;1;1;2;1;1;1;1;1;1;1;2;2;2;2;1;1;97;QUEBEC SOLIDAIRE;;;;;;;;;;;;;;;;;;;;;;;;2;2;2;;;;;;;;;;;;;;1;7;6;9;3;2;2;2;1;3;4;1;1;4;1;2;2;1;2;2;2;2;;;1;2;;6;;;;;;;;;;;;;;;;;;4;;;;;;;;;;;;;;;;1;2;3;;;;;;;;;;;;;;;;;;;;;;;;;;;;;;;;3;3;2;2;2;4;4;4;4;4;4;3;2;1;3;4;1;1;1;1;1;4;4;3;2;1;3;2;3;2;2;5;1;;1;1;1;;1;2;0;1;;2;3;0,80115086
91473;1;6;1;1;2;;1;4;2;;;;;;;;;;;;;;;;;;;;;;;;;;;;;;;;;1;1;1;1;1;1;1;1;1;1;1;1;1;;;;;;;;;;;;;1;9;9;1;1;1;2;2;2;2;2;2;2;2;2;2;2;2;2;2;2;2;;;2;;;;;;;;;;;;;;;;;;;;;;;;;;;;;;;;;;;;;1;1;1;;;;;;;;;;;;;;;;2;;;;;;;;;;;;;;;;2;2;2;2;2;2;2;2;2;2;2;2;2;2;2;2;2;2;2;2;2;2;2;2;1;1;2;2;2;1;2;8;1;;2;6;1;;1;2;1;1;;2;8;0,45117819
91474;1;16;1;1;1;1;1;4;4;;;;;;;;;;;;;;;;;;;;;;;;;;;;;;;;;2;1;1;2;2;1;1;1;1;8;2;2;2;1;;;;;;;;;;;;1;9;9;1;2;4;5;5;2;5;2;2;2;3;2;2;3;1;4;4;2;1;2;;2;;;;;;;;;;;;;;;;;;;;;;;;;;;;;;;;;;;;;1;2;98;;;;;;;;;;;;;;;;;;;;;;;;;;;;;;;;1;1;2;1;4;4;4;1;4;4;4;1;2;2;4;2;1;1;2;2;2;4;1;2;1;2;1;3;1;2;2;3;3;;1;5;1;;1;2;0;1;;2;4;2,00191617
91476;2;11;3;3;5;;1;1;9;2;2;1;1;1;2;2;2;2;2;2;2;2;2;2;2;99;;;;;;;;;;;;;;;;;;;;;;;;;9;9;9;;;;;;;;;;;;;;1;0;0;2;4;4;1;1;1;1;1;1;5;4;1;4;4;1;5;5;4;2;;;2;;;;;;;;;;;;;;;;;;;;;;;;;;;;;;;;;;;;;1;1;98;;;;;;;;;;;;;;;;;;;;;;;;;;;;;;;;4;4;4;4;4;4;4;4;4;4;4;4;4;4;4;9;1;1;1;1;1;9;9;9;;;1;4;4;3;2;5;1;;3;4;2;;1;3;0;1;;2;4;0,0638857
91477;2;3;2;1;5;;1;3;2;2;2;2;2;2;2;1;2;2;2;1;2;2;2;2;2;99;;;;;;;;;;;;;;;;;;;;;;;;;1;1;2;;;;;;;;;;;;;;1;5;8;1;2;1;2;1;2;1;3;1;2;3;1;3;2;1;1;1;5;1;;2;2;;;;;;;;;;;;;;;;;;;;;;;;;;;;;;;;;;;;;1;1;98;;;;;;;;;;;;;;;;;;;;;;;;;;;;;;;;3;2;4;4;4;4;4;4;4;4;1;2;2;2;2;4;1;1;1;1;1;4;4;4;;;2;4;4;3;1;7;6;;2;6;1;;1;2;0;1;;2;4;0,90673155
91480;2;6;1;1;1;1;1;2;3;2;1;1;1;2;2;1;1;2;2;2;2;2;1;2;1;0;PAS GRAND CHOSE;;;;;;;;;;;;;;;;;;;;;;;;8;8;8;;;;;;;;;;;;;;2;1;3;1;3;3;3;2;2;2;1;1;2;2;1;4;3;1;2;1;2;9;;;2;;;;;;;;;;;;;;;;;;;;;;;;;;;;;;;;;;;;;1;1;1;;2;;3;;4;;5;;;;;;;;1;;;;;;;;;;;;;;;;3;4;4;4;3;4;4;4;4;4;4;4;2;2;3;1;2;2;1;2;2;2;1;2;1;1;2;4;1;2;1;3;3;;2;5;2;;2;3;9;1;;1;3;8,2102108
91486;2;8;3;3;6;;1;1;2;2;2;2;2;2;2;2;2;2;2;2;1;2;2;2;2;99;;;;;;;;;;;;;;;;;;;;;;;;;1;1;2;;;;;;;;;;;;;;1;5;5;2;3;3;2;2;1;2;2;1;1;3;1;1;3;1;2;2;4;2;;;2;;;;;;;;;;;;;;;;;;;;;;;;;;;;;;;;;;;;;1;1;98;;;;;;;;;;;;;;;;;;;;;;;;;;;;;;;;9;3;4;4;4;4;4;4;4;4;2;3;3;2;3;4;3;3;2;2;2;4;4;4;;;1;3;2;3;2;3;6;;1;6;1;;1;2;0;1;;2;3;0,28607252
91487;1;13;1;1;1;1;1;4;1;;;;;;;;;;;;;;;;;;;;;;;;;;;;;;;;;1;1;1;2;1;1;1;1;1;2;2;2;2;2;;;;;;;;;;;;1;6;10;1;2;3;2;2;2;2;3;3;3;2;2;4;1;2;1;5;3;2;;;2;;;;;;;;;;;;;;;;;;;;;;;;;;;;;;;;;;;;;1;1;1;;2;;3;;;;;;;;;;;;1;;2;;;;;;;;;;;;;;2;2;4;1;4;4;4;4;4;4;3;3;3;3;2;9;1;1;9;2;2;9;9;3;2;1;1;1;3;3;2;4;1;TRAVAIL ET TRAVAIL AUTONOME;1;1;1;;1;2;0;1;;2;98;0,47878304
91488;2;1;3;3;3;;1;1;9;2;2;1;2;1;2;2;1;1;2;1;2;1;2;1;2;99;;;;;;;;;;;;;;;;;;;;;;;;;2;2;2;;;;;;;;;;;;;;5;0;0;2;3;4;5;5;5;5;5;5;5;4;4;4;4;4;4;4;4;2;;;2;;;;;;;;;;;;;;;;;;;;;;;;;;;;;;;;;;;;;1;2;98;;;;;;;;;;;;;;;;;;;;;;;;;;;;;;;;2;2;3;4;2;2;1;2;3;2;2;3;2;1;2;2;3;2;1;3;3;3;1;1;;;3;1;4;2;2;7;3;;2;4;1;;1;3;1;1;;2;3;0,12116673
91490;1;5;3;2;1;1;1;4;3;;;;;;;;;;;;;;;;;;;;;;;;;;;;;;;;;1;1;1;1;2;1;1;1;2;2;1;1;2;2;;;;;;;;;;;;1;7;7;1;2;2;2;1;2;3;3;2;2;3;2;3;2;2;1;1;3;1;2;;2;;;;;;;;;;;;;;;;;;;;;;;;;;;;;;;;;;;;;1;2;2;;4;;;;;;;;;;;;;;;;;;;;;;;;;;;;;;3;1;2;2;1;4;4;4;4;4;4;4;1;2;2;4;1;1;1;2;2;4;4;2;1;2;3;2;3;3;2;6;3;;1;3;2;;1;2;0;1;;2;3;0,30987042
91495;1;15;1;1;2;;1;4;2;;;;;;;;;;;;;;;;;;;;;;;;;;;;;;;;;1;2;2;1;2;1;1;1;2;1;1;1;2;1;;;;;;;;;;;;1;9;4;1;1;2;2;2;2;4;2;1;2;2;2;2;2;3;1;2;1;1;2;;1;11;AU TRAVAIL;;;;;;;;;;;;;;;;;;;4;;;;;;;;;;;;;;;;1;1;98;;;;;;;;;;;;;;;;;;;;;;;;;;;;;;;;2;2;1;2;4;2;4;2;2;3;1;2;2;1;1;4;2;2;1;1;2;4;4;4;2;1;2;4;4;3;1;7;1;;2;2;1;;1;2;0;1;;2;2;0,41990462
91498;2;16;1;1;2;;1;2;4;1;2;1;2;2;2;2;2;2;2;2;2;2;1;1;2;99;;;;;;;;;;;;;;;;;;;;;;;;;1;1;1;;;;;;;;;;;;;;2;5;5;2;2;2;2;3;3;3;3;1;1;2;3;3;1;1;2;3;3;1;;9;2;;;;;;;;;;;;;;;;;;;;;;;;;;;;;;;;;;;;;2;;2;;;;;;;;;;;;;;;;;;;;;;;;;;;;;;;;2;2;4;4;4;4;4;4;4;4;3;3;3;3;3;4;2;2;3;1;2;2;2;9;2;2;3;2;4;1;2;5;4;;2;3;97;CHINOIS;1;2;2;3;2;8;5;0,51536065
91499;1;16;1;2;2;;1;4;2;;;;;;;;;;;;;;;;;;;;;;;;;;;;;;;;;1;1;1;1;2;1;1;1;2;1;1;1;2;97;BOYFRIEND;;;;;;;;;;;1;8;10;1;2;1;1;2;2;1;4;2;3;2;3;4;1;2;1;1;4;2;;;2;;;;;;;;;;;;;;;;;;;;;;;;;;;;;;;;;;;;;1;1;1;;2;;5;;;;;;;;;;;;1;BOYFRIENDS PARENTS;97;;;;;;;;;;;;;;2;2;2;4;4;4;4;4;4;3;3;2;2;2;3;4;1;1;2;2;1;3;4;4;1;2;2;2;3;3;2;5;1;;1;1;2;;1;2;0;3;1;2;3;0,25982258
91501;2;13;1;1;1;1;1;2;9;1;1;2;1;1;1;2;2;2;1;2;2;2;1;2;2;6;QU’ON PUISSE VOTER EN LIGNE;;;;;;;;;;;;;;;;;;;;;;;;8;8;8;;;;;;;;;;;;;;1;8;8;1;2;3;2;1;2;3;1;2;2;4;2;3;4;2;1;2;1;1;;1;2;;;;;;;;;;;;;;;;;;;;;;;;;;;;;;;;;;;;;1;1;1;;2;;;;;;;;;;;;;;1;;;;;;;;;;;;;;;;9;2;9;9;3;4;4;4;2;3;3;3;2;2;3;3;1;1;3;1;1;2;4;4;2;2;4;1;1;2;1;4;3;;1;1;1;;1;3;1;1;;2;5;1,96357691
91508;1;13;1;1;1;1;1;4;2;;;;;;;;;;;;;;;;;;;;;;;;;;;;;;;;;1;1;1;1;1;1;1;1;1;1;1;1;1;;;;;;;;;;;;;2;5;6;9;3;2;3;2;5;5;5;5;2;2;5;5;2;2;5;2;5;9;;;9;;;;;;;;;;;;;;;;;;;;;;;;;;;;;;;;;;;;;9;;98;;;;;;;;;;;;;;;;;;;;;;;;;;;;;;;;9;4;4;4;4;4;4;4;4;4;3;4;3;3;3;9;9;9;9;9;9;9;9;9;9;9;5;5;5;9;1;6;99;;2;8;1;;9;1;0;1;;2;4;0,44559637
91515;2;1;3;3;3;;1;1;3;1;2;2;2;1;2;2;2;2;2;2;2;2;2;2;2;99;;;;;;;;;;;;;;;;;;;;;;;;;2;2;2;;;;;;;;;;;;;;1;4;7;2;3;3;2;5;3;3;2;2;2;3;2;3;5;3;1;1;3;1;;2;2;;;;;;;;;;;;;;;;;;;;;;;;;;;;;;;;;;;;;1;2;3;;;;;;;;;;;;;;;;;;;;;;;;;;;;;;;;3;2;4;4;4;4;4;4;4;4;2;2;2;2;2;4;1;1;1;1;1;9;4;9;;;1;3;3;3;2;5;1;;2;6;1;;1;2;0;1;;2;6;0,10781265
91527;2;1;3;3;3;;1;2;4;1;2;1;2;1;1;1;1;1;2;1;1;1;2;1;2;99;;;;;;;;;;;;;;;;;;;;;;;;;2;2;2;;;;;;;;;;;;;;3;5;4;9;3;3;3;2;2;3;3;3;3;3;2;3;1;3;3;2;2;1;;2;1;3;;;;;;;;;;;;;;;;;;;;1;;;;;;;;;;;;;;;;1;1;3;;;;;;;;;;;;;;;;;;;;;;;;;;;;;;;;3;3;3;3;3;2;3;3;3;3;2;3;3;2;3;3;2;3;2;2;3;3;3;2;;;2;1;3;2;2;2;5;;2;6;1;;2;4;1;1;;2;2;0,45079193
91532;1;13;1;1;2;;1;4;4;;;;;;;;;;;;;;;;;;;;;;;;;;;;;;;;;1;1;1;1;1;1;1;1;1;1;1;1;2;1;;;;;;;;;;;;1;6;6;2;3;2;2;3;2;4;3;1;2;3;2;2;2;2;2;3;3;1;2;;2;;;;;;;;;;;;;;;;;;;;;;;;;;;;;;;;;;;;;1;1;1;;;;;;;;;;;;;;;;2;;;;;;;;;;;;;;;;4;2;4;1;2;4;4;4;2;4;1;2;2;3;1;4;2;2;2;2;2;2;4;2;1;1;2;4;2;3;2;7;1;;3;4;1;;1;2;0;1;;2;8;0,45117819
91538;1;16;1;2;2;;1;4;1;;;;;;;;;;;;;;;;;;;;;;;;;;;;;;;;;2;2;2;2;2;1;2;2;2;1;1;1;2;1;;4;;;;;;;;;;1;5;6;2;3;3;2;3;3;3;4;2;2;3;2;4;3;2;1;2;4;2;;;2;;;;;;;;;;;;;;;;;;;;;;;;;;;;;;;;;;;;;1;1;98;;;;;;;;;;;;;;;;;;;;;;;;;;;;;;;;4;2;4;3;4;4;4;4;4;4;3;3;3;2;1;4;1;2;2;2;2;3;3;3;2;2;4;4;4;3;2;7;1;;2;3;1;;1;2;0;1;;2;6;0,29200417
91539;2;12;2;2;1;1;1;2;3;1;2;2;2;2;2;2;2;2;2;2;2;2;2;2;2;3;QUE JE SOIS PLUS INFORMÉE.;;;;;;;;;;;;;;;;;;;;;;;;8;8;2;;;;;;;;;;;;;;1;4;4;2;3;3;2;2;3;2;3;2;3;2;2;3;2;2;1;2;3;1;;1;2;;;;;;;;;;;;;;;;;;;;;;;;;;;;;;;;;;;;;1;1;1;;2;;3;;4;;5;;;;;;;;1;;;;;;;;;;;;;;;;3;2;3;9;3;4;4;4;4;4;2;3;1;1;4;4;1;1;2;2;1;9;4;9;1;1;1;2;3;3;2;5;3;;3;6;1;;1;4;0;1;;2;4;0,51850879
91540;2;15;1;1;2;;1;3;9;1;2;2;2;2;2;1;2;2;2;1;2;2;2;1;2;5;D'AVOIR ÉTÉ EN CONGÉ ET DANS LA PROVINCE POUR LE FAIRE;;;;;;;;;;;;;;;;;;;;;;;;1;1;2;;;;;;;;;;;;;;2;3;2;1;4;1;1;2;2;2;3;2;2;2;2;2;2;3;1;1;3;2;;;2;;;;;;;;;;;;;;;;;;;;;;;;;;;;;;;;;;;;;2;;98;;;;;;;;;;;;;;;;;;;;;;;;;;;;;;;;4;3;3;4;4;4;4;4;4;4;3;3;3;3;4;4;1;1;2;1;1;9;4;2;2;2;1;4;3;3;1;6;1;;2;1;1;;1;1;0;1;;2;7;1,26311862
91543;1;15;1;2;1;1;1;4;3;;;;;;;;;;;;;;;;;;;;;;;;;;;;;;;;;1;2;2;1;1;1;1;2;2;8;8;8;2;1;;2;;;;;;;;;;2;6;5;2;3;3;1;3;1;5;3;2;3;3;4;4;2;1;1;3;4;1;2;;9;;;;;;;;;;;;;;;;;;;;;;;;;;;;;;;;;;;;;9;;1;;;;;;;;;;;;;;;;3;;;;;;;;;;;;;;;;3;2;3;9;1;3;3;3;1;3;4;4;3;1;3;2;1;1;4;4;3;3;3;3;9;2;2;4;4;2;2;5;9;;3;5;1;;1;3;3;1;;8;1;0,30987042
91548;1;16;1;1;2;;1;4;3;;;;;;;;;;;;;;;;;;;;;;;;;;;;;;;;;1;1;1;1;1;1;2;1;2;1;1;1;2;1;;;;;;;;;;;;1;6;8;2;3;3;2;1;2;2;2;3;2;3;5;1;3;2;1;1;4;1;2;;2;;;;;;;;;;;;;;;;;;;;;;;;;;;;;;;;;;;;;1;1;1;;;;;;;;;;;;;;;;1;;2;;;;;;;;;;;;;;2;2;3;1;4;4;4;4;4;4;2;2;3;3;2;4;1;1;2;1;1;9;4;4;2;2;2;4;4;3;2;7;1;;1;3;1;;1;2;0;1;;2;7;0,45117819
91554;1;17;3;2;2;;1;4;1;;;;;;;;;;;;;;;;;;;;;;;;;;;;;;;;;1;1;2;1;2;1;1;1;1;1;1;2;2;3;;;;;;;;;;1;1;1;6;7;2;2;2;2;2;3;2;3;3;3;2;3;3;2;3;1;1;4;1;2;;1;4;;8;;;;;;;;;;;;;;;;;;3;;;;;;;;;;;;;;;;1;1;98;;;;;;;;;;;;;;;;;;;;;;;;;;;;;;;;3;2;4;4;4;4;4;4;4;4;2;2;3;4;3;4;1;1;2;2;2;9;4;4;2;2;2;2;2;3;2;7;7;;2;5;1;;1;2;2;1;;2;4;0,29200417
91558;1;6;1;1;2;;1;4;4;;;;;;;;;;;;;;;;;;;;;;;;;;;;;;;;;1;2;2;1;2;1;2;1;1;1;1;1;2;1;;;;;;;;;;;;1;8;9;1;2;2;2;1;1;2;2;2;2;1;1;1;1;1;1;1;1;1;2;;1;3;;;;;;;;;;;;;;;;;;;;2;;;;;;;;;;;;;;;;1;1;1;;;;;;;;;;;;;;;;2;;;;;;;;;;;;;;;;1;2;1;3;2;3;2;1;2;1;1;2;1;2;1;2;1;1;1;2;1;1;1;2;1;2;1;1;1;1;2;7;1;;1;4;1;;1;2;0;1;;2;3;0,45117819
91571;2;2;3;3;5;;1;1;1;2;1;2;2;1;2;2;2;2;2;2;2;2;2;2;2;99;;;;;;;;;;;;;;;;;;;;;;;;;9;9;2;;;;;;;;;;;;;;1;5;5;2;3;3;3;3;3;3;3;3;3;3;3;3;3;3;3;3;3;2;;;2;;;;;;;;;;;;;;;;;;;;;;;;;;;;;;;;;;;;;1;1;1;;;;;;;;;;;;;;;;2;;;;;;;;;;;;;;;;2;2;4;4;4;4;4;4;4;4;2;2;3;3;2;4;1;1;1;1;1;2;4;2;;;1;3;4;3;1;3;1;;2;5;1;;1;2;1;1;;2;6;0,65469897
91579;2;16;1;2;4;;1;1;4;2;2;2;2;2;2;1;2;2;2;2;2;2;2;1;1;11;J AI DES HEURES DE TRAVAIL VARIÉ JE SUIS REMPLACANT QUAND J AI ENTRÉ ON M AVAIT DEMANDER UN NUMERO DE DISTRICT JE L AVAIS PAS AVEC MOI J AI ATTENDU UNE FILE POUR ME FAIRE DIRE QUE JE N ETAIS PAS AU BON ENDROIT JE N AVAIS PLUS LE TEMPS DE REFAIRE UNE FIL;4;;13;;;;;;;;;;;;;;;;;;;;;2;9;1;;;;;;;;;;;;;;1;5;3;1;3;3;1;1;2;1;1;1;2;3;1;1;2;1;1;5;3;1;;2;2;;;;;;;;;;;;;;;;;;;;;;;;;;;;;;;;;;;;;1;1;1;;5;;;;;;;;;;;;;;3;;;;;;;;;;;;;;;;2;2;4;4;4;4;4;4;4;4;3;2;3;4;3;3;1;1;1;1;2;4;4;4;;;3;1;4;3;1;2;4;;2;6;1;;1;3;1;1;;2;4;6,30550432
91582;1;6;1;1;2;;1;4;9;;;;;;;;;;;;;;;;;;;;;;;;;;;;;;;;;1;1;2;1;2;1;1;2;1;1;1;1;2;8;SISTER;;;;;;;;;;;1;0;0;2;4;3;1;2;2;2;2;2;2;3;2;2;3;2;2;2;2;2;;;1;3;;;;;;;;;;;;;;;;;;;;3;;4;;;;;;;;;;;;;;1;1;1;;4;;;;;;;;;;;;;;1;;;;;;;;;;;;;;;;4;3;4;4;4;4;4;4;4;4;4;4;4;4;4;4;1;1;1;1;1;4;4;4;2;2;1;1;4;3;2;7;3;;3;6;1;;2;4;0;1;;2;99;0,45117819
91588;1;15;1;2;2;;1;4;1;;;;;;;;;;;;;;;;;;;;;;;;;;;;;;;;;2;1;1;2;2;1;1;1;2;2;2;2;2;1;;;;;;;;;;;;1;1;10;1;2;2;1;3;2;3;1;2;1;4;2;3;3;2;3;1;1;1;2;;2;;;;;;;;;;;;;;;;;;;;;;;;;;;;;;;;;;;;;1;2;1;;;;;;;;;;;;;;;;1;;2;;;;;;;;;;;;;;4;2;2;2;4;4;4;4;4;4;2;1;1;1;3;4;1;1;1;1;1;4;4;1;2;2;4;1;5;3;2;3;1;;2;3;1;;1;2;0;1;;2;5;1,08638453
91590;2;7;3;2;2;;1;2;4;1;1;2;2;2;2;2;2;2;2;2;2;1;1;2;2;99;;;;;;;;;;;;;;;;;;;;;;;;;9;9;9;;;;;;;;;;;;;;2;2;5;2;3;3;2;2;2;3;2;2;2;3;2;5;5;5;2;5;4;2;;;2;;;;;;;;;;;;;;;;;;;;;;;;;;;;;;;;;;;;;1;1;1;;;;;;;;;;;;;;;;2;;;;;;;;;;;;;;;;3;3;4;4;4;4;4;4;4;4;2;3;3;2;1;4;1;1;2;1;1;4;9;9;2;2;1;4;4;3;2;3;5;;1;5;2;;1;2;1;2;4;2;1;1,39463198
91596;2;2;3;3;4;;1;3;4;1;2;2;2;2;1;2;1;1;2;2;2;2;2;2;2;99;;;;;;;;;;;;;;;;;;;;;;;;;1;1;1;;;;;;;;;;;;;;1;1;1;2;3;4;4;3;1;4;1;1;1;4;1;1;4;1;1;4;4;2;;;2;;;;;;;;;;;;;;;;;;;;;;;;;;;;;;;;;;;;;2;;3;;;;;;;;;;;;;;;;;;;;;;;;;;;;;;;;4;3;1;2;4;2;4;4;3;4;3;2;3;1;2;4;3;2;2;3;2;4;4;4;;;1;2;3;3;2;5;1;;1;1;1;;2;1;0;1;;2;2;0,11159445
91600;2;15;1;2;2;;1;1;3;1;2;2;2;1;1;2;2;2;2;2;2;2;1;1;2;99;;;;;;;;;;;;;;;;;;;;;;;;;2;2;2;;;;;;;;;;;;;;2;4;4;2;3;3;2;2;2;3;3;1;2;3;2;3;2;1;2;2;3;2;;;2;;;;;;;;;;;;;;;;;;;;;;;;;;;;;;;;;;;;;1;1;1;;;;;;;;;;;;;;;;2;;;;;;;;;;;;;;;;4;3;4;4;4;4;4;4;4;4;3;4;4;3;3;4;2;2;2;1;1;4;4;3;2;2;4;4;4;2;1;2;1;;1;3;1;;1;2;2;1;;2;4;3,41816521
91604;1;2;3;3;2;;1;4;4;;;;;;;;;;;;;;;;;;;;;;;;;;;;;;;;;1;1;2;1;1;1;1;1;1;1;1;1;2;1;;;;;;;;;;;;1;8;8;2;2;2;1;2;2;2;3;2;3;3;2;4;2;2;2;2;2;1;2;;1;3;;4;;;;;;;;;;;;;;;;;;4;;3;;;;;;;;;;;;;;1;1;1;;2;;;;;;;;;;;;;;2;;;;;;;;;;;;;;;;3;3;1;3;2;3;4;1;4;4;1;1;2;1;2;4;1;1;2;2;1;3;3;2;2;2;2;3;2;1;1;3;1;;2;4;1;;1;2;1;1;;2;5;0,30966517
91615;2;14;1;1;2;;1;2;4;1;2;2;2;2;2;1;2;2;2;2;2;2;1;1;2;6;LA POSSIBILITÉ DE VOTER À DISTANCE, EN LIGNE PAR EXEMPLE.;;;;;;;;;;;;;;;;;;;;;;;;1;1;1;;;;;;;;;;;;;;1;6;6;1;3;2;1;2;5;4;2;2;2;3;1;3;3;5;1;2;3;2;;;2;;;;;;;;;;;;;;;;;;;;;;;;;;;;;;;;;;;;;1;1;1;;2;;3;;5;;;;;;;;;;1;;;;;;;;;;;;;;;;3;3;4;1;4;4;3;4;4;4;3;3;3;3;2;4;1;1;1;1;1;9;4;9;2;2;4;4;2;2;2;7;1;;2;4;1;;1;2;2;1;;2;4;0,57919556
91617;1;9;3;3;2;;1;4;1;;;;;;;;;;;;;;;;;;;;;;;;;;;;;;;;;1;1;2;1;2;1;1;1;2;1;1;1;2;4;;;;;;;;;;;;1;8;7;2;2;3;1;5;1;2;3;2;3;3;2;3;3;3;1;2;4;2;;;1;1;;;;;;;;;;;;;;;;;;;;3;;4;;;;;;;;;;;;;;1;1;3;;;;;;;;;;;;;;;;;;;;;;;;;;;;;;;;2;2;2;2;4;4;4;4;4;4;3;2;2;2;3;4;2;2;2;2;2;3;4;4;2;2;2;2;3;3;2;8;1;;1;3;1;;1;2;0;1;;2;7;0,08943269
91620;1;15;3;2;2;;1;4;1;;;;;;;;;;;;;;;;;;;;;;;;;;;;;;;;;1;1;2;1;2;1;1;1;2;1;1;1;2;2;;;;;;;;;;;;1;7;7;1;2;3;2;5;2;3;2;2;2;3;2;3;5;2;1;2;3;1;2;;1;2;;3;;;;;;;;;;;;;;;;;;3;;;;;;;;;;;;;;;;1;1;1;;2;;3;;;;;;;;;;;;1;;;;;;;;;;;;;;;;3;2;4;4;4;4;4;4;4;4;2;3;3;3;3;4;1;1;1;1;1;3;4;1;2;2;1;1;4;3;2;5;1;;3;6;1;;2;2;0;1;;2;5;0,25982258
91668;2;2;3;3;4;;1;3;3;2;1;1;2;1;2;2;2;2;2;2;2;2;2;2;2;1;UN AUTRE  CHEF;;;;;;;;;;;;;;;;;;;;;;;;1;1;1;;;;;;;;;;;;;;2;3;7;2;2;3;2;2;2;2;3;2;2;2;2;3;2;2;2;2;2;1;;2;2;;;;;;;;;;;;;;;;;;;;;;;;;;;;;;;;;;;;;2;;2;;;;;;;;;;;;;;;;;;;;;;;;;;;;;;;;1;2;4;2;3;3;4;2;4;4;2;1;1;1;2;4;3;1;2;2;1;1;3;4;;;1;3;1;3;1;5;2;;1;1;1;;2;2;0;1;;2;1;0,27351153
91690;2;7;3;2;4;;1;2;4;1;2;1;1;1;1;1;1;1;1;2;1;2;1;1;1;99;;;;;;;;;;;;;;;;;;;;;;;;;2;2;2;;;;;;;;;;;;;;2;2;2;2;3;4;4;2;2;4;2;3;2;2;2;2;2;2;2;2;2;9;;;9;;;;;;;;;;;;;;;;;;;;;;;;;;;;;;;;;;;;;1;2;98;;;;;;;;;;;;;;;;;;;;;;;;;;;;;;;;3;3;3;2;4;4;4;3;4;4;1;1;1;1;1;3;3;3;3;3;3;3;3;3;;;3;3;4;3;2;3;1;;2;6;1;;1;2;0;2;5;2;4;2,57269812
91697;1;1;3;3;2;;1;4;1;;;;;;;;;;;;;;;;;;;;;;;;;;;;;;;;;1;2;1;2;2;2;2;2;2;1;1;2;1;;;;;;;;;;;;;1;4;4;1;2;3;1;1;1;1;1;1;1;1;1;1;1;1;1;1;1;1;2;;2;;;;;;;;;;;;;;;;;;;;;;;;;;;;;;;;;;;;;2;;98;;;;;;;;;;;;;;;;;;;;;;;;;;;;;;;;3;3;4;4;4;4;4;4;4;4;1;3;1;1;2;9;9;4;9;9;9;9;9;9;2;2;4;5;4;1;1;5;1;;1;3;1;;2;1;1;1;;2;2;0,07406043
91710;2;16;3;2;1;1;1;2;4;2;2;2;2;2;2;2;2;2;2;2;2;2;2;2;1;0;RIEN;;;;;;;;;;;;;;;;;;;;;;;;8;8;2;;;;;;;;;;;;;;5;0;0;2;4;9;5;5;5;5;5;5;5;5;5;5;5;5;5;5;5;2;;;2;;;;;;;;;;;;;;;;;;;;;;;;;;;;;;;;;;;;;1;1;98;;;;;;;;;;;;;;;;;;;;;;;;;;;;;;;;4;4;9;9;9;9;9;9;9;9;4;4;4;3;4;9;9;9;9;9;9;9;9;9;2;2;1;4;4;3;1;2;1;;3;5;1;;2;2;0;1;;2;3;5,31367779
91712;1;16;3;2;1;1;1;4;3;;;;;;;;;;;;;;;;;;;;;;;;;;;;;;;;;2;1;1;2;2;1;1;2;2;8;8;1;1;;;;;;;;;;;;;1;4;2;1;3;3;2;2;1;3;4;1;1;4;1;3;1;2;1;2;2;2;;;2;;;;;;;;;;;;;;;;;;;;;;;;;;;;;;;;;;;;;1;1;1;;;;;;;;;;;;;;;;2;;;;;;;;;;;;;;;;3;3;4;4;4;4;4;4;4;4;3;4;1;2;2;4;2;3;3;2;2;4;4;4;1;1;1;4;4;3;1;3;1;;2;2;1;;1;2;0;1;;2;3;1,20583975
91715;2;3;2;1;2;;1;3;3;2;2;1;2;1;2;1;2;2;2;2;2;2;1;1;1;13;QUE CELA PRENNE 5 M;;;;;;;;;;;;;;;;;;;;;;;;1;1;1;;;;;;;;;;;;;;1;8;8;2;1;3;2;1;1;1;1;1;1;2;2;1;4;1;1;4;1;1;;2;2;;;;;;;;;;;;;;;;;;;;;;;;;;;;;;;;;;;;;1;1;1;;;;;;;;;;;;;;;;2;;;;;;;;;;;;;;;;2;2;4;4;3;4;4;2;4;4;1;2;1;2;1;4;1;1;1;1;1;4;4;4;2;2;1;4;5;2;1;4;1;;2;6;1;;1;2;2;1;;2;5;1,26311862
91729;1;17;3;2;1;1;1;4;4;;;;;;;;;;;;;;;;;;;;;;;;;;;;;;;;;1;2;2;1;2;2;1;2;2;2;2;2;1;;;;;;;;;;;;;2;0;4;2;4;3;2;5;1;3;1;1;1;4;1;2;2;1;1;5;5;2;;;2;;;;;;;;;;;;;;;;;;;;;;;;;;;;;;;;;;;;;2;;98;;;;;;;;;;;;;;;;;;;;;;;;;;;;;;;;4;4;4;4;4;4;4;4;4;4;4;4;4;4;4;4;2;1;9;9;1;4;4;9;2;2;1;1;2;2;1;3;3;;9;4;1;;9;1;0;1;;2;99;1,20583975
91738;2;8;3;3;6;;1;3;3;2;2;1;2;1;1;1;2;1;1;1;2;2;2;2;2;6;J’AI PAR COURRIEL FAIT UNE DEMANDE COMMENT VOTER À DISTANCE ET JE N’AI PAS EU DE RÉPONSE;;;;;;;;;;;;;;;;;;;;;;;;1;1;1;;;;;;;;;;;;;;1;5;7;1;2;3;2;4;2;2;2;3;4;3;2;3;2;1;1;1;3;1;;2;1;3;;;;;;;;;;;;;;;;;;;;7;M’INCITER À ALLER VOTER;;;;;;;;;;;;;;;1;2;98;;;;;;;;;;;;;;;;;;;;;;;;;;;;;;;;2;3;2;4;4;4;4;4;4;4;1;2;3;3;2;4;1;1;2;1;1;2;4;4;;;1;3;3;3;2;6;6;;2;6;1;;1;2;0;1;;2;3;0,06841806
91742;1;1;3;3;2;;1;4;1;;;;;;;;;;;;;;;;;;;;;;;;;;;;;;;;;1;2;2;1;2;2;2;2;1;1;1;1;1;;;;;;;;;;;;;1;0;0;2;3;9;3;5;5;5;2;2;2;2;2;2;5;5;1;2;5;2;;;1;8;;;;;;;;;;;;;;;;;;;;3;;4;;;;;;;;;;;;;;1;1;99;;;;;;;;;;;;;;;;;;;;;;;;;;;;;;;;4;3;1;4;9;4;4;2;4;4;2;3;3;1;2;4;1;2;1;1;2;4;4;4;2;2;5;5;5;9;2;5;1;;2;4;1;;1;1;1;1;;2;3;0,07957616
91749;1;17;3;2;2;;1;4;1;;;;;;;;;;;;;;;;;;;;;;;;;;;;;;;;;1;1;1;1;1;1;1;1;1;1;1;1;1;;;;;;;;;;;;;1;6;6;1;2;3;1;2;3;2;3;2;3;2;3;4;2;2;1;1;4;1;2;;2;;;;;;;;;;;;;;;;;;;;;;;;;;;;;;;;;;;;;1;2;1;;2;;3;;;;;;;;;;;;1;;2;;;;;;;;;;;;;;2;2;2;4;4;4;4;4;4;4;3;2;2;2;2;4;1;2;2;2;2;4;4;9;1;1;1;1;1;3;2;5;1;;2;4;1;;1;2;0;1;;2;4;0,25982258
91752;2;14;3;2;2;;1;1;1;1;1;1;1;1;2;1;2;2;2;2;2;2;1;2;1;99;;;;;;;;;;;;;;;;;;;;;;;;;2;2;2;;;;;;;;;;;;;;3;2;2;2;4;4;2;2;2;1;1;1;2;3;2;3;2;2;2;3;4;1;;2;2;;;;;;;;;;;;;;;;;;;;;;;;;;;;;;;;;;;;;2;;98;;;;;;;;;;;;;;;;;;;;;;;;;;;;;;;;3;4;4;4;4;4;4;4;3;4;2;3;3;1;3;4;2;1;9;2;1;4;4;3;2;2;2;3;2;3;2;3;3;;1;2;1;;2;1;2;1;;2;2;1,39463198
91754;1;17;3;2;2;;1;4;4;;;;;;;;;;;;;;;;;;;;;;;;;;;;;;;;;1;1;1;1;1;1;2;1;2;2;1;1;1;;;;;;;;;;;;;1;0;10;1;1;2;1;1;3;1;4;2;3;2;3;3;3;2;1;1;4;1;2;;2;;;;;;;;;;;;;;;;;;;;;;;;;;;;;;;;;;;;;2;;98;;;;;;;;;;;;;;;;;;;;;;;;;;;;;;;;1;1;3;1;4;4;1;4;4;4;1;2;1;4;1;3;1;1;1;1;1;4;4;4;1;1;1;4;4;3;1;8;1;;9;3;1;;9;1;0;1;;2;3;0,27176392
91760;1;7;3;2;2;;1;4;3;;;;;;;;;;;;;;;;;;;;;;;;;;;;;;;;;2;2;1;2;2;2;1;1;1;1;1;1;2;1;;;;;;;;;;;;2;7;7;1;3;2;2;2;2;3;3;3;2;3;2;2;4;2;2;2;1;2;;;1;4;;5;;;;;;;;;;;;;;;;;;4;;3;;;;;;;;;;;;;;1;1;1;;;;;;;;;;;;;;;;3;;;;;;;;;;;;;;;;3;2;2;2;2;4;4;4;4;3;1;2;3;3;3;9;2;3;1;2;1;3;2;9;2;2;1;5;3;3;1;5;1;;1;5;2;;1;3;2;2;4;2;4;0,24181154
91770;1;15;3;2;2;;1;4;1;;;;;;;;;;;;;;;;;;;;;;;;;;;;;;;;;1;1;1;1;2;2;1;1;2;1;1;2;2;1;;;;;;;;;;;;1;4;4;2;3;2;2;2;3;2;3;2;3;2;3;4;2;3;1;2;2;2;;;2;;;;;;;;;;;;;;;;;;;;;;;;;;;;;;;;;;;;;1;1;98;;;;;;;;;;;;;;;;;;;;;;;;;;;;;;;;4;3;4;4;4;4;4;4;4;4;3;4;3;2;2;4;2;2;3;2;2;4;4;4;2;2;3;2;4;3;2;5;1;;1;3;1;;1;2;0;1;;2;4;0,25982258
91772;2;10;3;3;2;;1;2;9;1;1;1;2;2;2;1;2;2;2;1;2;2;2;1;2;99;;;;;;;;;;;;;;;;;;;;;;;;;1;1;1;;;;;;;;;;;;;;1;8;8;9;3;4;1;5;1;5;5;1;1;5;1;1;5;5;5;5;5;2;;;9;;;;;;;;;;;;;;;;;;;;;;;;;;;;;;;;;;;;;1;1;1;;2;;3;;;;;;;;;;;;1;;;;;;;;;;;;;;;;2;2;1;9;4;9;4;4;4;4;2;2;2;2;2;9;1;1;2;9;2;9;9;9;9;1;5;5;5;9;1;4;1;;1;5;97;INUKTITUT;1;2;5;1;;1;4;0,25037587
91774;1;7;3;2;1;1;1;4;2;;;;;;;;;;;;;;;;;;;;;;;;;;;;;;;;;2;1;2;2;2;1;1;2;1;1;2;1;2;1;;;;;;;;;;;;1;9;7;1;1;2;3;2;1;3;2;2;1;2;2;1;3;2;2;3;1;1;1;;1;3;;;;;;;;;;;;;;;;;;;;3;;;;;;;;;;;;;;;;1;1;1;;;;;;;;;;;;;;;;2;;;;;;;;;;;;;;;;1;2;1;2;1;2;3;2;3;2;2;1;2;1;2;1;2;2;2;1;1;2;3;3;1;2;1;1;2;1;2;2;1;;2;5;2;;1;2;0;1;;1;7;1,29564881
91777;1;7;3;2;2;;1;4;2;;;;;;;;;;;;;;;;;;;;;;;;;;;;;;;;;1;1;2;1;2;1;2;1;1;2;1;1;1;;;;;;;;;;;;;1;9;8;1;1;1;1;1;2;2;4;4;4;3;2;2;2;1;1;1;2;1;1;;2;;;;;;;;;;;;;;;;;;;;;;;;;;;;;;;;;;;;;1;1;98;;;;;;;;;;;;;;;;;;;;;;;;;;;;;;;;2;2;2;2;4;2;3;2;4;2;2;2;2;1;3;2;2;2;1;1;1;2;1;2;2;2;3;3;3;1;1;8;1;;2;6;1;;1;2;2;1;;2;7;0,27176392
91785;2;15;3;2;4;;1;1;1;2;2;2;2;2;2;2;2;2;2;2;2;2;2;2;2;99;;;;;;;;;;;;;;;;;;;;;;;;;1;2;2;;;;;;;;;;;;;;2;2;3;2;4;3;3;3;3;3;3;3;3;3;2;2;3;3;3;2;3;2;;;1;3;;;;;;;;;;;;;;;;;;;;3;;5;;;;;;;;;;;;;;1;2;98;;;;;;;;;;;;;;;;;;;;;;;;;;;;;;;;2;2;4;4;4;4;4;4;4;4;3;3;2;1;3;3;3;3;3;3;3;3;3;3;;;3;3;3;3;2;2;13;AIDANTE NATURELLE;2;6;1;;1;2;0;1;;2;1;2,57269812
91790;2;16;1;1;1;1;1;2;9;2;2;2;2;2;1;2;1;1;2;2;2;2;2;2;2;4;HAVING MY NAME ON THE REGISTRY. I DIDN'T KNOW YOU NEEDED TO HAVE A CARD AND HAVE TO BE REGISTERED.;;;;;;;;;;;;;;;;;;;;;;;;8;8;8;;;;;;;;;;;;;;1;6;9;1;3;3;1;2;1;4;2;2;2;4;2;3;4;1;1;1;4;2;;;1;1;;4;;97;SPOTIFY ADS;;;;;;;;;;;;;;;3;;;;;;;;;;;;;;;;1;1;1;;2;;4;;97;PASTOR;;;;;;;;;1;;4;;;;;;;;;;;;;;1;3;2;1;4;4;4;4;4;4;3;4;1;1;3;2;1;1;2;1;1;4;3;3;1;2;4;4;4;9;2;4;3;;3;5;2;;2;4;0;3;5;2;4;0,80115086
91815;2;8;3;3;3;;1;1;1;2;1;2;2;1;2;2;2;2;2;1;2;2;2;1;2;99;;;;;;;;;;;;;;;;;;;;;;;;;2;2;2;;;;;;;;;;;;;;2;2;1;2;3;2;2;3;3;2;3;2;3;1;3;2;2;1;3;2;4;2;;;2;;;;;;;;;;;;;;;;;;;;;;;;;;;;;;;;;;;;;1;1;1;;3;;;;;;;;;;;;;;3;;;;;;;;;;;;;;;;4;4;3;2;4;4;4;4;2;4;2;3;1;1;2;4;2;1;2;1;1;4;4;4;;;2;4;4;3;2;4;1;;1;6;1;;2;2;1;1;;2;4;0,10781265
91820;2;8;3;3;4;;1;2;4;1;2;2;1;1;2;2;2;2;2;2;2;2;1;1;2;99;;;;;;;;;;;;;;;;;;;;;;;;;2;2;2;;;;;;;;;;;;;;2;0;0;2;2;4;1;1;1;2;1;1;1;2;1;1;4;1;1;3;5;1;;1;2;;;;;;;;;;;;;;;;;;;;;;;;;;;;;;;;;;;;;1;2;98;;;;;;;;;;;;;;;;;;;;;;;;;;;;;;;;1;2;4;4;3;4;4;4;3;4;1;3;1;1;3;4;1;1;1;2;2;3;4;3;;;1;1;4;3;2;3;1;;2;6;1;;1;2;0;1;;2;4;0,46660507
91821;2;7;3;2;2;;1;1;1;2;1;1;1;1;2;2;2;2;2;2;2;2;2;2;2;1;MEILLEURS CANDIDATS;;;;;;;;;;;;;;;;;;;;;;;;2;2;2;;;;;;;;;;;;;;3;7;6;2;3;4;2;4;1;4;4;2;1;4;1;1;4;1;2;4;3;1;;2;2;;;;;;;;;;;;;;;;;;;;;;;;;;;;;;;;;;;;;2;;98;;;;;;;;;;;;;;;;;;;;;;;;;;;;;;;;1;1;1;3;1;4;4;4;4;4;4;1;1;2;2;4;1;1;1;1;1;4;3;1;2;2;1;4;4;2;2;4;1;;1;5;1;;2;1;0;2;5;9;3;0,3335439
91841;2;16;1;1;2;;1;3;3;2;2;2;2;2;2;2;2;2;2;2;2;2;2;2;2;99;DUNNO;;;;;;;;;;;;;;;;;;;;;;;;9;9;9;;;;;;;;;;;;;;1;5;5;2;1;2;5;5;5;5;5;5;5;5;5;5;5;5;5;5;5;1;;1;1;9;;;;;;;;;;;;;;;;;;;;99;;;;;;;;;;;;;;;;1;1;98;;;;;;;;;;;;;;;;;;;;;;;;;;;;;;;;3;3;9;9;9;9;9;9;9;9;4;4;4;4;4;9;9;9;9;9;9;9;9;9;9;9;5;5;5;3;2;3;4;;8;4;2;;1;2;1;9;;2;98;2,1548593
91843;2;17;3;2;4;;1;2;4;1;1;1;2;1;2;2;1;1;2;2;2;2;2;2;2;0;RIEN;;;;;;;;;;;;;;;;;;;;;;;;1;2;2;;;;;;;;;;;;;;2;2;0;2;4;4;3;4;1;2;2;2;1;4;1;2;3;1;5;2;4;2;;;2;;;;;;;;;;;;;;;;;;;;;;;;;;;;;;;;;;;;;1;2;98;;;;;;;;;;;;;;;;;;;;;;;;;;;;;;;;3;2;1;2;4;4;4;4;4;4;4;4;3;3;3;4;2;2;2;2;2;4;4;4;;;5;2;3;3;2;5;8;;1;2;1;;2;2;0;1;;2;3;0,61529177
91861;2;17;3;2;3;;1;1;1;2;1;1;2;1;2;1;2;2;2;2;2;2;1;1;1;99;;;;;;;;;;;;;;;;;;;;;;;;;2;2;2;;;;;;;;;;;;;;3;0;0;2;3;9;2;2;5;3;2;1;2;3;2;2;3;1;2;2;3;2;;;9;;;;;;;;;;;;;;;;;;;;;;;;;;;;;;;;;;;;;1;9;2;;;;;;;;;;;;;;;;;;;;;;;;;;;;;;;;3;3;4;3;4;4;4;3;4;4;2;2;2;1;1;4;2;1;3;2;1;4;4;4;;;1;3;4;3;2;3;1;;2;5;1;;1;3;0;1;;2;3;2,48550725
91863;2;7;3;2;2;;1;2;2;1;2;1;1;1;2;2;2;2;2;2;2;2;1;1;1;99;;;;;;;;;;;;;;;;;;;;;;;;;1;2;2;;;;;;;;;;;;;;4;2;2;2;4;4;3;3;3;2;2;3;3;4;3;3;5;4;3;4;4;2;;;2;;;;;;;;;;;;;;;;;;;;;;;;;;;;;;;;;;;;;2;;2;;;;;;;;;;;;;;;;;;;;;;;;;;;;;;;;4;4;4;4;4;4;4;4;4;4;1;3;1;1;1;4;4;4;4;4;4;9;4;4;2;2;1;4;1;9;1;2;1;;1;3;1;;3;1;1;1;;2;2;3,41816521
91873;1;16;3;2;1;1;1;4;3;;;;;;;;;;;;;;;;;;;;;;;;;;;;;;;;;1;1;1;2;1;1;1;1;1;2;1;2;2;2;;;;;;;;;;;;1;5;5;1;3;3;3;3;2;3;4;1;1;3;2;2;4;1;1;3;4;1;2;;1;8;;;;;;;;;;;;;;;;;;;;4;;;;;;;;;;;;;;;;1;1;1;;;;;;;;;;;;;;;;2;;;;;;;;;;;;;;;;3;3;1;1;1;4;4;2;4;4;4;3;3;2;3;4;1;1;1;1;1;4;4;4;2;1;2;1;3;3;2;4;4;;2;3;1;;1;2;2;1;;2;3;0,30987042
91882;2;11;3;3;5;;1;1;4;2;2;1;2;2;2;1;2;2;2;1;2;2;2;2;2;99;;;;;;;;;;;;;;;;;;;;;;;;;1;1;1;;;;;;;;;;;;;;2;3;3;9;3;3;3;3;2;2;2;2;2;3;1;1;3;3;2;2;3;2;;;2;;;;;;;;;;;;;;;;;;;;;;;;;;;;;;;;;;;;;1;1;98;;;;;;;;;;;;;;;;;;;;;;;;;;;;;;;;3;3;2;4;4;4;4;4;4;4;3;4;4;4;3;4;2;1;2;1;1;4;4;4;;;2;3;4;2;2;3;6;;2;6;1;;1;2;0;1;;2;3;0,26712185
91916;1;15;3;2;2;;1;4;1;;;;;;;;;;;;;;;;;;;;;;;;;;;;;;;;;1;1;1;1;1;1;1;1;2;2;2;1;2;1;;;;;;;;;;;;1;10;10;1;2;2;2;1;3;2;3;2;3;2;3;3;2;1;1;2;1;1;2;;2;;;;;;;;;;;;;;;;;;;;;;;;;;;;;;;;;;;;;1;2;1;;2;;3;;5;;;;;;;;;;2;;;;;;;;;;;;;;;;2;2;3;2;3;3;4;4;4;3;1;1;1;1;1;2;2;2;2;2;2;4;4;2;1;1;3;1;3;1;1;2;1;;1;2;1;;1;2;1;1;;2;1;1,01107609
91922;1;8;3;3;3;;1;4;9;;;;;;;;;;;;;;;;;;;;;;;;;;;;;;;;;1;1;2;2;2;1;1;1;2;9;9;9;1;;;;;;;;;;;;;1;5;5;9;3;3;5;5;3;3;4;5;5;5;5;5;5;5;5;5;5;9;;;2;;;;;;;;;;;;;;;;;;;;;;;;;;;;;;;;;;;;;1;2;98;;;;;;;;;;;;;;;;;;;;;;;;;;;;;;;;3;3;4;4;4;4;4;4;4;4;3;4;4;4;3;9;2;2;9;9;9;9;3;9;;;5;5;3;9;2;99;99;;1;6;1;;9;4;9;9;;2;99;0,71541643
91924;1;8;3;3;6;;1;4;2;;;;;;;;;;;;;;;;;;;;;;;;;;;;;;;;;1;1;2;2;2;1;1;1;2;1;1;1;2;1;;;;;;;;;;;;1;10;10;1;1;1;1;1;1;1;1;3;1;1;1;2;3;4;1;1;4;2;;;1;3;;5;;6;;7;;8;;;;;;;;;;;;1;;3;;2;;4;;;;;;;;;;1;1;98;;;;;;;;;;;;;;;;;;;;;;;;;;;;;;;;1;1;3;4;1;4;4;1;1;4;1;1;1;1;3;1;1;3;1;1;1;1;1;1;;;1;4;4;2;1;4;6;;2;5;1;;1;2;0;1;;2;4;0,18815424
91925;1;1;3;3;5;;1;4;4;;;;;;;;;;;;;;;;;;;;;;;;;;;;;;;;;2;2;2;2;2;2;2;2;2;1;1;1;1;;;;;;;;;;;;;3;8;8;2;3;3;3;3;3;3;3;3;3;3;3;3;3;3;3;3;3;2;;;2;;;;;;;;;;;;;;;;;;;;;;;;;;;;;;;;;;;;;2;;98;;;;;;;;;;;;;;;;;;;;;;;;;;;;;;;;4;3;4;4;4;4;4;4;4;4;4;4;4;4;4;4;4;4;4;4;4;4;4;4;;;4;4;4;3;2;3;6;;1;4;1;;2;1;0;1;;2;1;0,64965117
91929;1;8;3;3;2;;1;4;1;;;;;;;;;;;;;;;;;;;;;;;;;;;;;;;;;1;1;2;1;1;1;1;2;2;1;1;2;1;;;;;;;;;;;;;1;2;4;2;2;2;1;1;1;4;1;2;1;4;1;3;3;1;1;2;4;1;2;;2;;;;;;;;;;;;;;;;;;;;;;;;;;;;;;;;;;;;;1;2;98;;;;;;;;;;;;;;;;;;;;;;;;;;;;;;;;2;3;2;1;4;4;4;4;4;4;3;4;3;2;4;4;1;1;1;1;2;4;4;1;2;2;1;2;4;2;1;3;1;;1;1;1;;1;2;1;1;;2;4;0,30966517
91931;1;1;3;3;2;;1;4;3;;;;;;;;;;;;;;;;;;;;;;;;;;;;;;;;;1;2;1;2;1;2;1;1;2;1;1;2;2;1;;;;;;;;;;;;1;8;8;2;2;3;3;2;2;3;2;2;2;3;1;3;3;2;1;3;3;2;;;2;;;;;;;;;;;;;;;;;;;;;;;;;;;;;;;;;;;;;1;1;1;;5;;;;;;;;;;;;;;1;;;;;;;;;;;;;;;;2;3;3;2;3;3;4;4;4;4;3;3;2;1;2;4;1;1;2;1;2;4;3;3;1;2;3;4;5;3;2;7;1;;1;5;1;;1;2;1;1;;2;4;0,08943269
91933;2;8;3;3;2;;1;1;9;2;2;1;2;2;2;2;1;1;2;1;1;2;1;2;2;0;RIEN;;;;;;;;;;;;;;;;;;;;;;;;1;1;1;;;;;;;;;;;;;;1;3;4;2;4;4;2;3;1;4;4;3;2;4;3;3;2;1;1;2;4;2;;;2;;;;;;;;;;;;;;;;;;;;;;;;;;;;;;;;;;;;;1;2;1;;;;;;;;;;;;;;;;2;;;;;;;;;;;;;;;;4;4;3;3;3;4;3;4;4;4;4;4;3;3;4;2;4;4;3;4;4;4;3;9;2;2;4;3;4;2;1;2;1;;2;5;1;;1;1;1;1;;2;7;1,04688501
91934;1;8;3;3;1;1;1;4;3;;;;;;;;;;;;;;;;;;;;;;;;;;;;;;;;;2;2;2;1;2;2;2;2;2;2;2;2;2;1;;;;;;;;;;;;3;3;4;2;4;4;1;2;1;4;4;4;1;4;1;2;4;1;3;5;2;1;2;;2;;;;;;;;;;;;;;;;;;;;;;;;;;;;;;;;;;;;;1;2;98;;;;;;;;;;;;;;;;;;;;;;;;;;;;;;;;9;4;4;4;4;4;4;4;4;4;4;4;4;4;4;4;2;4;1;1;1;4;4;4;2;2;3;4;5;3;2;1;2;;1;1;1;;1;1;2;1;;2;3;0,39682019
91935;1;2;3;3;2;;1;4;4;;;;;;;;;;;;;;;;;;;;;;;;;;;;;;;;;2;1;2;2;2;2;1;1;2;2;2;2;1;;;;;;;;;;;;;1;0;0;2;4;9;5;5;1;5;1;1;1;5;1;1;5;1;2;5;5;2;;;2;;;;;;;;;;;;;;;;;;;;;;;;;;;;;;;;;;;;;2;;2;;5;;;;;;;;;;;;;;;;;;;;;;;;;;;;;;2;4;4;4;4;4;4;4;4;4;3;4;3;2;3;4;1;1;1;1;2;4;4;4;2;2;1;2;3;3;2;3;1;;1;3;1;;2;1;0;1;;1;2;0,33272818
91936;1;2;3;3;2;;1;4;1;;;;;;;;;;;;;;;;;;;;;;;;;;;;;;;;;1;1;2;2;2;1;1;1;2;1;1;1;1;;;;;;;;;;;;;1;9;9;2;2;3;2;3;3;1;2;3;1;4;1;2;4;2;2;1;3;2;;;2;;;;;;;;;;;;;;;;;;;;;;;;;;;;;;;;;;;;;2;;3;;;;;;;;;;;;;;;;;;;;;;;;;;;;;;;;2;3;4;4;3;3;4;4;3;4;2;3;2;1;2;3;1;2;3;1;1;1;1;3;1;1;1;3;4;3;1;3;1;;1;2;2;;2;1;0;1;;2;3;0,30966517
91937;2;2;3;3;5;;1;1;1;1;1;1;1;1;2;2;1;1;2;2;2;2;2;2;2;1;AVOIR UN VRAI PARTIE HONETE;;;;;;;;;;;;;;;;;;;;;;;;1;1;2;;;;;;;;;;;;;;4;0;0;1;4;4;4;4;1;4;1;2;1;4;1;1;4;1;4;4;4;1;;2;2;;;;;;;;;;;;;;;;;;;;;;;;;;;;;;;;;;;;;1;2;98;;;;;;;;;;;;;;;;;;;;;;;;;;;;;;;;1;3;4;4;4;4;4;4;4;4;1;2;2;2;2;4;4;4;4;4;4;1;4;4;;;1;4;4;3;1;2;2;;1;1;1;;2;2;0;1;;2;1;0,65469897
91938;1;1;3;3;5;;1;4;3;;;;;;;;;;;;;;;;;;;;;;;;;;;;;;;;;1;1;1;2;1;2;1;2;2;1;1;2;2;3;;;;;;;;;;2;;1;5;7;2;2;2;1;3;3;2;2;1;3;2;3;3;2;2;1;1;3;1;2;;2;;;;;;;;;;;;;;;;;;;;;;;;;;;;;;;;;;;;;2;;98;;;;;;;;;;;;;;;;;;;;;;;;;;;;;;;;3;3;2;1;4;3;4;4;4;4;2;3;1;4;3;4;1;1;3;1;1;4;4;3;;;1;2;3;3;2;5;6;;1;3;1;;2;1;0;1;;2;2;0,15537187
91939;2;1;3;3;5;;1;1;1;2;2;2;1;2;2;2;2;2;2;2;2;2;2;2;2;99;;;;;;;;;;;;;;;;;;;;;;;;;2;2;2;;;;;;;;;;;;;;2;2;2;2;3;9;2;2;2;3;2;2;2;3;2;2;3;2;2;2;4;2;;;1;3;;;;;;;;;;;;;;;;;;;;3;;;;;;;;;;;;;;;;9;;98;;;;;;;;;;;;;;;;;;;;;;;;;;;;;;;;2;4;4;4;4;4;4;4;4;4;2;3;4;4;4;4;1;1;2;2;2;4;4;4;;;2;3;4;3;2;5;6;;2;6;1;;1;2;0;1;;2;2;0,0638857
91941;1;2;3;3;3;;1;4;1;;;;;;;;;;;;;;;;;;;;;;;;;;;;;;;;;1;1;1;1;1;1;1;1;1;1;1;1;1;;;;;;;;;;;;;1;7;8;1;2;2;2;2;3;2;4;3;3;2;3;3;1;3;1;1;2;1;2;;1;3;;4;;;;;;;;;;;;;;;;;;3;;;;;;;;;;;;;;;;1;1;98;;;;;;;;;;;;;;;;;;;;;;;;;;;;;;;;2;2;2;2;3;4;4;4;4;4;2;3;2;1;1;4;1;1;2;2;2;3;3;4;;;2;1;4;3;2;8;1;;2;3;1;;1;2;3;1;;2;7;0,19229379
91942;2;2;3;3;5;;1;1;1;2;2;2;2;1;2;2;2;2;2;2;2;2;2;2;2;97;UNE VISION RASSEMBLEUSE,;;;;;;;;;;;;;;;;;;;;;;;;1;2;2;;;;;;;;;;;;;;5;0;0;2;1;4;4;3;1;5;1;4;1;4;1;1;4;1;5;4;4;1;;2;1;3;;4;;5;;6;;;;;;;;;;;;;;5;;3;;;;;;;;;;;;;;2;;2;;;;;;;;;;;;;;;;;;;;;;;;;;;;;;;;4;2;4;4;1;4;4;3;4;4;4;1;3;4;2;4;1;1;1;1;1;4;1;1;;;1;4;1;3;1;5;6;;1;6;1;;2;1;0;1;;2;3;0,15657926
91943;1;8;3;3;5;;1;4;1;;;;;;;;;;;;;;;;;;;;;;;;;;;;;;;;;2;2;1;1;2;2;1;1;2;1;1;2;2;1;;;;;;;;;;;;1;5;5;1;2;3;3;4;1;4;1;1;1;4;1;1;3;1;1;3;4;1;2;;2;;;;;;;;;;;;;;;;;;;;;;;;;;;;;;;;;;;;;1;1;1;;;;;;;;;;;;;;;;2;;;;;;;;;;;;;;;;2;1;4;2;4;4;4;4;4;4;1;1;1;4;1;4;3;3;2;2;2;3;1;2;;;2;4;4;3;1;8;6;;2;6;1;;1;2;0;1;;2;5;0,16251326
91944;1;2;3;3;5;;1;4;1;;;;;;;;;;;;;;;;;;;;;;;;;;;;;;;;;1;1;1;1;1;2;1;2;1;1;1;1;1;;;;;;;;;;;;;1;10;4;1;2;2;2;2;1;3;2;3;1;3;2;2;3;1;2;2;3;2;;;1;2;;3;;4;;6;;;;;;;;;;;;;;3;;4;;;;;;;;;;;;;;1;1;98;;;;;;;;;;;;;;;;;;;;;;;;;;;;;;;;1;1;2;2;3;4;4;4;4;4;1;1;1;4;2;3;1;1;1;1;1;2;3;2;;;1;4;4;3;1;7;1;;2;6;1;;1;2;0;1;;2;7;0,16251326
91945;1;11;3;3;5;;1;4;2;;;;;;;;;;;;;;;;;;;;;;;;;;;;;;;;;1;1;1;2;2;1;1;1;1;9;1;1;2;1;;;;;;;;;;;;1;9;9;1;2;2;3;2;3;2;4;2;4;1;3;3;2;2;1;2;3;1;2;;2;;;;;;;;;;;;;;;;;;;;;;;;;;;;;;;;;;;;;2;;98;;;;;;;;;;;;;;;;;;;;;;;;;;;;;;;;2;3;3;1;3;4;4;9;4;4;1;2;3;3;3;3;2;1;2;1;1;4;3;3;;;2;2;3;3;1;2;6;;2;3;1;;1;2;0;1;;2;2;0,60462022
91946;2;2;3;3;4;;1;1;1;2;2;2;2;1;2;2;2;2;2;2;2;2;2;2;2;99;;;;;;;;;;;;;;;;;;;;;;;;;2;2;2;;;;;;;;;;;;;;4;0;0;2;4;9;4;5;3;5;2;1;1;4;1;1;4;5;5;4;5;2;;;2;;;;;;;;;;;;;;;;;;;;;;;;;;;;;;;;;;;;;2;;1;;;;;;;;;;;;;;;;1;;;;;;;;;;;;;;;;2;4;4;4;4;4;4;4;4;4;3;4;4;2;2;4;2;2;4;4;4;4;4;4;;;2;4;3;3;2;5;1;;1;4;1;;1;1;0;1;;2;5;0,11159445
91947;1;2;3;3;4;;1;4;1;;;;;;;;;;;;;;;;;;;;;;;;;;;;;;;;;1;1;1;2;2;1;2;1;1;1;1;1;2;1;;;;;;;;;;;;1;8;8;1;2;2;2;1;3;2;3;2;3;2;3;3;2;2;1;2;3;1;2;;1;4;;5;;;;;;;;;;;;;;;;;;3;;;;;;;;;;;;;;;;1;1;1;;;;;;;;;;;;;;;;3;;;;;;;;;;;;;;;;4;2;3;2;3;4;4;4;4;4;1;1;1;1;2;4;1;1;1;1;1;1;3;3;;;4;1;1;3;2;5;1;;2;6;1;;1;1;0;3;5;2;6;0,09497616
