id_respondent,weight_main,ses_gender,ses_age,ses_age_category,ses_language,ses_ethnicity,ses_education,ses_income_household,ses_occupation,ses_region,ses_born_canada,ses_marital_status,ses_union_member,ses_household_size,ses_homeowner,ses_children_home,ses_religion,ses_religiosity,ses_region_administrative,tech_sample_type,ses_spouse_union_member,op_interest_politics,op_follow_campaign,op_care_election_outcome,op_satisfaction_democracy,op_trust_government,op_politics_too_complicated,behav_vote_turnout_2007,behav_vote_choice_provincial,behav_vote_choice_federal,behav_vote_certainty,behav_vote_decision_timing,behav_vote_considered_other_party,behav_campaign_interest,behav_vote_frequency,behav_contacted_by_party,behav_tried_convince_others,behav_attended_political_events,behav_political_donation,behav_signed_petition,behav_boycott_products,behav_protest_participation,behav_union_household,behav_party_identification_provincial,behav_party_identification_federal,op_rating_leader_1,op_rating_leader_2,op_rating_leader_3,op_rating_leader_4,op_rating_leader_5,op_rating_entity_1,op_rating_entity_2,op_rating_entity_3,op_rating_entity_4,op_rating_entity_5,op_rating_institution_1,op_rating_institution_2,op_sovereignty,op_referendum_vote,op_referendum_certainty,op_issue_position_1,op_issue_position_2,op_issue_position_3,op_attitude_1,op_attitude_2,op_voting_duty,op_attitude_4,op_government_responsiveness,op_mps_lose_touch,op_attitude_7,op_attitude_8,op_government_intervention,op_left_right_position,op_redistribution,op_environment_economy,op_attitude_minorities,op_immigration_level,op_attitude_13,op_attitude_14,op_attitude_15,op_attitude_16,op_attitude_17,op_issue_importance_1,op_issue_importance_2,op_issue_importance_3
1,0.1873806416988372,male,64.0,55_64,french,canadian_quebecois,college_cegep,over_150k,employed,3,1.0,widowed,0.0,2_persons,0.0,no_children,,,montreal,type_1,1.0,1.0,1.0,0.67,0.67,1.0,0.67,1.0,plq,ndp,0.67,0.75,1.0,0.67,0.5,0.67,0.67,0.67,1.0,,0.0,0.67,0.0,,,0.75,0.25,0.25,0.0,0.05,0.5,0.0,0.5,,,0.0,1.0,0.0,1.0,0.0,0.67,0.33,0.67,1.0,1.0,1.0,0.0,1.0,0.67,1.0,0.67,1.0,0.8,0.6,,0.6,0.8,0.8,0.8,1.0,0.6,1.0,0.17,0.67,0.67
2,0.9654632806777954,male,57.0,55_64,french,canadian_quebecois,college_cegep,under_20k,student,26,1.0,widowed,1.0,3_4_persons,1.0,no_children,protestant,1.0,other_regions,type_1,,1.0,1.0,0.67,1.0,1.0,0.67,0.0,plq,other,0.67,0.75,0.67,0.0,1.0,0.33,0.33,0.33,1.0,0.0,1.0,0.67,0.0,,,0.05,0.8,0.8,0.5,0.5,0.0,0.1,0.7,,,0.5,0.5,0.0,1.0,0.67,1.0,1.0,0.67,0.33,0.33,0.33,0.33,0.67,0.33,0.33,0.33,0.8,0.6,0.8,0.2,0.8,0.6,0.8,0.8,0.8,0.8,0.8,0.67,0.67,0.67
3,1.1757395267486572,male,69.0,65_plus,french,canadian_quebecois,college_cegep,20k_to_40k,self_employed,14,1.0,common_law,,2_persons,0.0,children_under_18,other_christian,0.5,other_regions,type_1,,1.0,1.0,0.67,0.67,0.67,0.67,1.0,adq,conservative,0.33,1.0,0.67,0.67,1.0,0.33,0.33,0.33,1.0,0.0,1.0,0.33,1.0,pq,ndp,0.3,0.5,0.6,0.5,0.5,0.25,0.4,0.7,0.4,0.4,0.7,0.7,0.0,1.0,0.67,0.67,,0.67,0.33,0.67,1.0,0.67,0.67,0.33,0.67,0.33,0.6,0.6,0.6,0.6,0.6,0.6,0.6,0.6,0.6,0.6,0.6,0.67,0.67,0.67
4,0.6555481553077698,female,52.0,45_54,french,canadian_quebecois,college_cegep,40k_to_60k,employed,16,1.0,common_law,,3_4_persons,0.0,no_children,,,other_regions,type_1,0.0,1.0,0.67,0.67,0.0,0.67,,1.0,pq,liberal,0.0,0.75,0.67,0.0,1.0,1.0,,0.67,1.0,0.0,1.0,0.67,1.0,pq,green,0.25,0.5,0.1,0.5,0.5,0.6,0.45,0.8,0.8,0.8,0.75,0.5,0.0,1.0,0.33,,1.0,0.33,,0.33,1.0,0.0,0.33,0.67,0.67,0.33,,,,0.2,0.4,0.6,0.8,0.8,,,,1.0,,0.5
5,1.1757395267486572,male,66.0,65_plus,french,other,graduate,under_20k,self_employed,6,1.0,widowed,,3_4_persons,0.0,no_children,,,montreal,type_1,1.0,1.0,0.67,0.33,1.0,0.33,0.33,1.0,qs,other,0.33,0.5,0.33,0.67,0.5,1.0,1.0,0.0,,0.0,1.0,0.33,0.0,other,,0.4,0.25,0.3,0.0,0.3,0.5,0.01,0.35,0.0,0.35,0.2,0.2,1.0,1.0,0.0,0.67,1.0,0.33,0.67,1.0,0.33,0.33,0.67,0.33,0.67,0.0,0.4,,0.6,0.2,0.4,0.6,0.8,0.8,1.0,1.0,0.6,1.0,0.5,0.67
6,3.324955463409424,male,24.0,18_24,french,canadian_quebecois,bachelor,40k_to_60k,student,26,1.0,divorced_separated,0.0,3_4_persons,0.0,children_under_18,other_religion,0.5,monteregie,type_1,,1.0,1.0,1.0,1.0,0.67,1.0,0.0,adq,bloc,0.67,1.0,0.67,0.33,0.5,0.33,0.67,0.33,1.0,0.0,0.0,0.67,1.0,,,0.7,0.7,0.5,0.8,0.8,0.5,0.5,0.4,0.7,0.7,0.0,0.7,1.0,1.0,0.33,0.67,1.0,0.33,0.67,0.33,0.33,0.0,1.0,0.67,0.33,0.0,0.8,0.8,0.8,0.2,0.8,0.6,0.8,0.8,0.8,0.8,0.8,1.0,0.33,1.0
7,0.5535573959350586,female,57.0,55_64,french,canadian_quebecois,high_school,20k_to_40k,employed,14,1.0,married,1.0,1_person,1.0,no_children,protestant,0.5,monteregie,type_1,,1.0,1.0,0.67,1.0,1.0,0.67,1.0,plq,bloc,0.67,1.0,0.67,1.0,1.0,0.33,1.0,0.33,1.0,0.0,0.0,0.67,1.0,,,0.5,0.8,0.8,0.7,0.8,0.6,0.8,0.8,0.7,0.6,0.9,0.9,1.0,0.0,0.67,0.67,1.0,0.0,0.33,0.33,1.0,0.0,1.0,0.67,0.67,1.0,1.0,0.8,1.0,0.2,0.8,0.6,0.8,0.8,1.0,0.8,1.0,,,0.67
8,0.9346079230308532,male,61.0,55_64,french,canadian_quebecois,high_school,20k_to_40k,self_employed,4,1.0,married,1.0,5_plus_persons,1.0,children_under_18,protestant,0.5,other_regions,type_1,,1.0,1.0,1.0,1.0,1.0,0.0,1.0,adq,liberal,0.67,1.0,0.67,0.0,1.0,1.0,1.0,0.67,0.0,,0.0,0.67,1.0,pq,ndp,0.0,0.7,0.7,0.0,0.4,0.0,0.6,0.8,0.3,0.4,1.0,0.9,0.0,1.0,0.0,1.0,0.67,0.0,0.33,0.67,1.0,0.0,0.0,0.0,0.33,0.0,0.6,0.8,0.8,0.2,0.4,0.6,0.8,0.8,1.0,1.0,0.6,1.0,0.67,0.67
9,0.212483525276184,female,57.0,55_64,french,canadian_quebecois,high_school,under_20k,homemaker,3,1.0,single,0.0,2_persons,0.0,children_18_plus,catholic,0.5,,type_1,,1.0,0.67,0.67,0.67,1.0,1.0,1.0,plq,ndp,0.67,1.0,0.67,0.67,0.5,0.33,0.33,0.67,1.0,,0.0,0.67,1.0,plq,ndp,0.8,0.0,0.75,0.0,0.0,0.9,0.0,0.8,0.6,,0.0,1.0,1.0,1.0,0.0,1.0,0.33,0.33,0.33,0.0,1.0,0.67,0.33,0.67,0.67,0.33,1.0,0.6,1.0,1.0,1.0,0.6,1.0,1.0,1.0,1.0,0.6,1.0,1.0,1.0
10,0.2516313791275024,female,53.0,45_54,french,canadian_quebecois,high_school,100k_to_120k,employed,3,1.0,widowed,1.0,5_plus_persons,0.0,no_children,,,quebec_city,type_1,0.0,0.67,1.0,0.67,0.67,1.0,1.0,0.0,plq,ndp,0.0,1.0,0.67,0.0,0.5,1.0,1.0,0.0,1.0,1.0,1.0,0.67,1.0,,,0.45,0.0,0.75,0.0,0.0,0.55,0.0,0.8,,,0.55,0.45,0.0,1.0,0.0,0.67,0.67,0.67,0.33,1.0,0.33,,0.0,0.0,0.0,0.0,0.6,0.6,0.6,0.6,0.6,0.6,0.6,0.6,1.0,0.6,0.6,0.67,0.67,0.67
11,1.3550678491592407,male,30.0,25_34,french,canadian_quebecois,high_school,under_20k,employed,6,1.0,divorced_separated,1.0,5_plus_persons,1.0,no_children,protestant,0.5,other_regions,type_1,,0.67,1.0,0.67,1.0,0.33,0.67,1.0,plq,conservative,0.67,0.75,0.67,1.0,1.0,1.0,1.0,0.33,1.0,0.0,1.0,0.33,1.0,pq,bloc,0.2,0.8,0.5,0.6,0.6,0.1,0.7,0.5,0.4,0.4,0.6,0.5,0.0,1.0,1.0,1.0,0.67,1.0,0.33,0.67,1.0,0.67,1.0,0.33,0.0,0.0,0.8,0.6,0.8,0.8,0.6,0.6,0.8,0.8,0.8,0.8,0.6,0.83,0.67,0.67
12,1.1706970930099487,female,69.0,65_plus,french,canadian_quebecois,college_cegep,,employed,32,1.0,single,,1_person,0.0,children_18_plus,protestant,1.0,other_regions,type_1,,1.0,1.0,1.0,1.0,1.0,0.33,1.0,adq,liberal,1.0,0.75,0.67,1.0,1.0,0.33,0.67,0.33,1.0,0.0,1.0,0.33,0.0,pq,,0.15,1.0,0.04,0.1,0.2,0.06,1.0,0.05,0.07,0.1,0.9,0.65,1.0,,0.67,1.0,0.67,0.33,0.33,0.67,1.0,0.0,0.0,0.67,0.67,0.0,0.8,0.8,0.8,0.8,0.8,0.8,0.8,0.8,0.8,0.8,0.8,0.83,0.83,0.83
13,0.5535573959350586,female,62.0,55_64,french,canadian_quebecois,bachelor,40k_to_60k,self_employed,14,1.0,widowed,1.0,5_plus_persons,0.0,children_18_plus,other_christian,0.5,quebec_city,type_1,,1.0,1.0,0.67,1.0,1.0,0.33,1.0,plq,ndp,1.0,0.5,1.0,0.67,0.5,0.33,0.67,0.67,0.0,,0.0,0.67,0.0,pq,ndp,0.2,0.6,0.7,0.6,0.5,0.4,0.4,0.75,0.65,0.4,0.65,0.65,0.0,1.0,0.0,0.67,1.0,0.67,0.67,0.33,1.0,0.0,0.67,0.33,0.0,0.0,0.6,0.8,0.6,0.2,0.6,0.6,0.6,0.6,0.6,0.6,0.6,0.83,0.67,0.67
14,1.2432608604431152,female,50.0,45_54,french,canadian_quebecois,college_cegep,20k_to_40k,employed,26,1.0,widowed,0.0,2_persons,1.0,children_under_18,no_religion,0.0,montreal,type_1,,1.0,1.0,0.67,1.0,1.0,0.67,1.0,pq,ndp,0.67,1.0,1.0,0.67,1.0,0.67,0.67,0.33,1.0,0.0,1.0,0.67,1.0,pq,ndp,0.35,0.6,0.55,,0.5,0.2,0.5,0.6,,,0.3,0.6,0.0,,0.33,0.67,1.0,0.67,0.67,0.67,1.0,0.33,0.33,0.67,0.33,0.0,0.8,0.8,0.6,0.2,0.6,0.6,0.8,0.8,0.6,0.6,0.6,0.67,0.67,0.67
15,1.889244079589844,female,36.0,35_44,french,canadian_quebecois,high_school,,homemaker,26,1.0,divorced_separated,1.0,1_person,1.0,no_children,other_christian,0.0,,type_1,,1.0,1.0,0.0,1.0,1.0,1.0,1.0,plq,bloc,0.67,0.75,1.0,1.0,1.0,1.0,1.0,0.33,1.0,0.0,0.0,0.0,1.0,adq,,0.05,0.07,0.09,0.05,0.05,0.07,0.09,0.1,0.05,0.1,0.09,0.1,1.0,1.0,0.67,0.67,1.0,1.0,1.0,1.0,0.67,1.0,0.67,1.0,1.0,1.0,0.8,0.8,0.6,0.6,0.6,0.6,0.6,0.8,0.8,0.6,0.8,0.67,0.67,0.83
16,3.615523815155029,female,22.0,18_24,french,canadian_quebecois,bachelor,,retired,8,1.0,widowed,0.0,3_4_persons,1.0,no_children,protestant,0.5,other_regions,type_1,,1.0,1.0,0.67,0.67,0.67,0.67,1.0,plq,conservative,0.67,0.5,1.0,0.33,1.0,0.67,0.67,0.33,0.0,0.0,0.0,0.33,0.0,pq,ndp,0.0,0.7,0.9,,,0.0,0.8,0.95,,,0.8,1.0,1.0,,0.67,1.0,0.67,0.0,0.33,0.67,1.0,0.67,0.67,0.67,0.67,0.67,0.6,0.6,,,,0.6,0.6,0.6,,,0.8,0.67,0.67,0.67
17,1.1706970930099487,female,79.0,65_plus,french,canadian_quebecois,elementary,under_20k,self_employed,32,1.0,single,0.0,1_person,1.0,no_children,catholic,1.0,,type_1,,1.0,0.67,1.0,1.0,0.67,0.67,1.0,adq,liberal,1.0,1.0,1.0,0.67,1.0,0.67,0.67,1.0,1.0,,0.0,0.67,0.0,plq,,0.75,0.5,0.25,0.5,0.25,0.65,0.7,0.8,0.3,0.25,0.0,0.4,1.0,1.0,0.67,1.0,1.0,0.67,0.33,0.0,0.33,1.0,1.0,1.0,0.67,0.67,0.8,,0.6,,1.0,1.0,1.0,0.6,1.0,,1.0,0.67,0.67,1.0
18,1.2432608604431152,female,49.0,45_54,french,canadian_quebecois,high_school,20k_to_40k,homemaker,26,1.0,divorced_separated,1.0,5_plus_persons,1.0,no_children,catholic,0.5,montreal,type_1,,1.0,1.0,0.67,0.67,1.0,0.67,1.0,plq,ndp,0.67,1.0,0.33,1.0,0.5,0.67,1.0,0.33,1.0,0.0,1.0,0.67,1.0,plq,,0.75,0.3,0.5,,,0.7,0.3,0.5,,,0.1,0.4,0.0,0.0,0.0,0.67,0.67,0.67,0.33,0.0,0.33,0.67,0.0,1.0,1.0,0.0,1.0,1.0,1.0,0.8,1.0,0.6,1.0,0.6,1.0,1.0,0.6,1.0,1.0,0.67
19,1.3865697383880615,female,43.0,35_44,french,canadian_quebecois,bachelor,100k_to_120k,employed,17,1.0,divorced_separated,1.0,3_4_persons,0.0,children_under_18,protestant,0.5,other_regions,type_1,,1.0,1.0,0.67,1.0,0.67,0.67,1.0,plq,ndp,0.33,0.75,1.0,0.33,1.0,0.67,0.67,0.33,0.0,0.0,0.0,0.67,1.0,pq,ndp,0.6,0.9,0.7,0.7,0.5,0.6,0.6,0.7,0.8,0.6,0.75,0.8,0.0,1.0,0.67,0.67,0.67,0.33,0.33,0.33,1.0,0.67,0.67,0.67,0.67,0.33,0.8,0.8,0.8,0.8,0.8,0.8,0.8,0.8,0.8,0.8,0.8,0.83,0.67,0.83
20,0.3281298279762268,male,29.0,25_34,french,canadian_quebecois,bachelor,100k_to_120k,employed,3,1.0,divorced_separated,1.0,3_4_persons,0.0,children_18_plus,protestant,0.0,other_regions,type_1,,0.67,0.67,0.33,1.0,0.67,1.0,1.0,qs,conservative,0.67,0.75,1.0,0.0,1.0,0.33,0.33,0.67,,,0.0,0.67,1.0,pq,,0.6,0.8,0.4,0.75,0.75,0.5,0.8,0.3,0.6,,0.6,0.6,0.0,1.0,0.33,0.67,0.33,0.33,1.0,0.67,1.0,0.33,0.33,1.0,1.0,0.0,,0.8,1.0,0.2,0.8,0.8,0.8,0.8,0.8,1.0,0.4,0.83,0.5,0.5
21,0.7738205194473267,male,56.0,55_64,french,canadian_quebecois,bachelor,over_150k,employed,16,1.0,widowed,1.0,3_4_persons,1.0,no_children,,,quebec_city,type_1,1.0,0.67,0.33,0.33,0.67,0.67,0.0,1.0,adq,liberal,0.67,0.5,0.67,0.67,0.5,0.67,1.0,0.33,1.0,1.0,1.0,0.33,1.0,adq,,0.4,0.4,0.9,,0.15,0.35,0.4,0.9,,,0.0,0.5,1.0,0.0,0.0,0.67,1.0,0.0,1.0,0.0,1.0,0.0,0.67,0.0,1.0,0.0,0.6,0.6,1.0,,0.6,0.6,,0.8,,0.6,0.6,0.67,0.67,0.67
22,0.3228451609611511,female,78.0,65_plus,french,canadian_quebecois,high_school,,self_employed,3,1.0,divorced_separated,0.0,2_persons,1.0,no_children,catholic,0.5,montreal,type_1,,1.0,1.0,1.0,1.0,1.0,0.67,1.0,plq,ndp,1.0,1.0,0.67,1.0,0.5,0.67,1.0,0.67,1.0,1.0,1.0,0.67,1.0,plq,ndp,0.75,0.0,0.25,0.0,0.1,0.75,0.4,0.6,0.5,,0.5,0.6,,1.0,0.0,0.67,1.0,0.67,1.0,1.0,1.0,0.67,1.0,1.0,,0.33,1.0,1.0,1.0,,,,1.0,,,,,1.0,,0.67
23,0.9163962006568908,male,46.0,45_54,french,canadian_quebecois,high_school,20k_to_40k,employed,6,1.0,widowed,1.0,3_4_persons,0.0,no_children,other_christian,0.0,montreal,type_1,,1.0,1.0,1.0,1.0,0.67,0.67,1.0,plq,conservative,0.67,0.75,0.67,1.0,0.5,0.67,1.0,0.33,1.0,0.0,1.0,1.0,1.0,adq,liberal,0.7,0.6,0.8,0.6,0.06,0.7,0.7,0.9,0.5,0.05,0.0,0.7,1.0,1.0,0.0,0.67,0.33,0.33,0.33,0.0,1.0,,1.0,0.0,0.0,0.0,0.6,0.6,0.8,0.6,0.6,0.6,0.8,0.8,,0.6,0.6,0.83,0.67,0.67
24,1.1433428525924685,male,51.0,45_54,french,canadian_quebecois,high_school,20k_to_40k,employed,26,1.0,divorced_separated,1.0,3_4_persons,0.0,children_under_18,catholic,0.5,montreal,type_1,,0.67,0.67,0.67,0.67,0.67,0.33,1.0,plq,,0.67,0.75,0.67,0.67,0.5,0.67,0.67,0.33,1.0,0.0,1.0,0.67,0.0,adq,,0.6,0.25,0.4,0.1,0.05,0.5,0.3,0.5,0.2,0.1,0.4,0.5,1.0,0.0,0.33,1.0,0.67,0.33,0.33,1.0,0.33,0.33,0.33,0.67,0.67,0.33,1.0,1.0,1.0,1.0,1.0,0.6,1.0,,1.0,0.6,0.6,1.0,,1.0
25,1.3550678491592407,male,33.0,25_34,french,canadian_quebecois,high_school,100k_to_120k,employed,15,1.0,widowed,1.0,3_4_persons,0.0,children_under_18,protestant,0.5,other_regions,type_1,,0.67,1.0,1.0,1.0,1.0,0.33,1.0,plq,ndp,1.0,1.0,0.67,0.33,1.0,1.0,1.0,0.33,1.0,1.0,1.0,0.0,1.0,qs,conservative,0.2,0.8,0.25,0.9,0.7,0.2,0.55,0.35,0.85,0.65,0.75,0.5,0.0,1.0,,1.0,0.33,0.33,0.67,0.67,1.0,0.33,0.67,0.67,0.67,0.0,0.4,0.8,1.0,0.4,0.4,0.4,0.4,0.8,0.4,0.6,0.4,0.5,0.5,0.5
26,0.7705016136169434,female,57.0,55_64,french,canadian_quebecois,elementary,under_20k,employed,17,1.0,married,1.0,1_person,1.0,children_under_18,other_religion,0.0,,type_1,,1.0,0.67,0.67,1.0,0.67,0.67,1.0,plq,other,0.0,0.75,0.67,0.67,1.0,1.0,1.0,0.0,1.0,1.0,1.0,0.33,0.0,adq,,0.07,0.1,0.25,0.05,0.03,0.1,0.5,0.75,0.25,0.35,0.25,0.5,0.0,0.0,0.33,,0.67,0.67,0.33,0.0,1.0,0.0,1.0,1.0,1.0,0.0,0.6,0.6,0.6,0.8,0.6,0.6,0.8,0.8,0.6,0.6,0.6,0.67,0.67,0.83
27,1.3116263151168823,female,65.0,55_64,french,canadian_quebecois,bachelor,40k_to_60k,self_employed,1,1.0,single,0.0,2_persons,0.0,children_under_18,catholic,0.5,montreal,type_1,,0.67,0.67,0.67,0.67,0.67,1.0,1.0,adq,liberal,1.0,0.5,0.33,0.67,0.5,0.67,0.67,0.67,1.0,0.0,0.0,0.67,1.0,plq,ndp,0.8,0.6,0.3,0.3,0.1,0.85,0.6,0.85,0.03,,0.75,0.75,1.0,,0.0,1.0,1.0,0.67,1.0,1.0,1.0,1.0,0.67,1.0,0.33,0.67,1.0,1.0,0.6,0.2,1.0,1.0,1.0,0.8,1.0,1.0,1.0,1.0,1.0,0.67
28,1.1433428525924685,male,48.0,45_54,french,canadian_quebecois,bachelor,20k_to_40k,employed,25,1.0,widowed,1.0,,0.0,children_under_18,protestant,1.0,other_regions,type_1,,1.0,1.0,1.0,1.0,1.0,0.33,1.0,adq,bloc,1.0,1.0,1.0,1.0,1.0,0.67,0.67,0.0,0.0,0.0,1.0,0.33,1.0,pq,ndp,0.0,0.7,0.5,0.75,0.2,0.0,0.7,0.7,0.75,0.2,0.9,0.9,0.0,1.0,1.0,1.0,1.0,0.0,0.33,0.67,1.0,0.0,0.0,1.0,1.0,1.0,0.8,0.8,0.8,0.8,0.8,0.8,0.8,0.8,0.8,0.6,0.8,0.83,0.83,0.67
29,0.3281298279762268,male,32.0,25_34,french,canadian_quebecois,high_school,20k_to_40k,employed,3,1.0,divorced_separated,0.0,5_plus_persons,1.0,children_under_18,other_christian,0.5,quebec_city,type_1,,1.0,1.0,0.33,0.33,0.67,1.0,1.0,adq,conservative,0.67,0.75,1.0,0.33,0.5,0.67,0.67,0.0,1.0,0.0,1.0,0.33,1.0,adq,,0.0,0.0,0.8,0.0,0.0,0.4,0.6,0.8,,,0.7,0.8,1.0,1.0,0.0,1.0,0.67,0.33,0.33,0.0,0.33,1.0,1.0,0.33,0.33,0.33,0.6,0.6,0.6,0.8,0.6,0.6,0.6,0.8,0.6,0.6,0.6,0.67,0.67,0.67
30,0.8410736918449402,female,66.0,65_plus,french,canadian_quebecois,bachelor,40k_to_60k,self_employed,15,1.0,widowed,,5_plus_persons,0.0,children_under_18,catholic,0.0,montreal,type_1,,0.33,0.0,0.0,0.67,1.0,1.0,1.0,adq,liberal,0.67,0.5,0.33,0.67,0.5,1.0,1.0,0.33,1.0,0.0,1.0,0.33,1.0,plq,,0.8,0.4,0.39,0.25,0.05,0.7,0.3,0.24,0.5,0.4,0.0,0.95,1.0,1.0,0.0,0.0,1.0,0.67,0.33,1.0,0.33,0.0,1.0,1.0,0.0,1.0,,,,,,1.0,0.4,1.0,,1.0,,1.0,,0.5
31,0.8410736918449402,female,65.0,55_64,french,canadian_quebecois,graduate,40k_to_60k,self_employed,6,1.0,widowed,0.0,3_4_persons,0.0,no_children,protestant,0.5,other_regions,type_1,,1.0,0.67,0.67,1.0,1.0,0.67,1.0,pq,ndp,0.67,1.0,0.67,1.0,1.0,0.67,0.67,0.67,1.0,0.0,0.0,0.67,1.0,other,conservative,0.4,0.8,0.5,,0.2,0.6,0.7,0.7,0.6,0.5,0.7,0.7,0.0,1.0,0.67,0.67,0.67,0.67,0.33,0.67,1.0,0.33,0.67,0.67,0.67,0.33,1.0,0.8,1.0,0.2,1.0,0.6,0.8,0.8,0.8,0.8,0.6,1.0,0.67,0.67
32,0.3281298279762268,male,27.0,25_34,french,canadian_quebecois,college_cegep,under_20k,employed,3,1.0,widowed,1.0,5_plus_persons,0.0,no_children,,,monteregie,type_1,,1.0,1.0,0.67,0.67,0.33,0.0,0.0,qs,liberal,0.67,0.75,0.67,1.0,0.5,0.67,1.0,0.0,0.0,0.0,1.0,0.67,0.0,,,0.0,0.05,0.25,,0.0,0.0,0.1,0.5,,,0.0,0.65,0.0,,0.0,0.67,0.67,1.0,0.67,0.33,1.0,0.0,0.67,0.33,0.67,0.33,,,0.6,,,,,,0.6,,,0.17,0.67,0.67
33,1.3492573499679563,female,31.0,25_34,french,canadian_quebecois,high_school,20k_to_40k,employed,5,1.0,single,0.0,3_4_persons,0.0,children_under_18,other_christian,0.5,,type_1,,1.0,1.0,0.67,1.0,1.0,0.67,1.0,,conservative,1.0,0.75,0.67,,0.5,1.0,1.0,0.33,1.0,0.0,1.0,0.33,0.0,adq,,0.3,0.4,0.7,,0.1,0.2,0.3,0.75,,,0.4,0.75,0.0,,0.0,0.67,0.33,1.0,0.67,0.0,1.0,1.0,0.33,0.67,0.33,0.0,,1.0,,,,0.6,0.6,0.6,0.6,,,0.67,0.67,0.67
34,0.9163962006568908,male,46.0,45_54,french,canadian_quebecois,graduate,over_150k,employed,16,1.0,common_law,0.0,2_persons,1.0,children_18_plus,catholic,0.5,quebec_city,type_1,,0.67,0.67,0.33,0.67,0.67,1.0,1.0,pq,liberal,0.33,0.5,0.33,0.33,0.5,1.0,0.33,0.67,1.0,,0.0,0.67,0.0,plq,ndp,0.75,0.4,0.6,0.4,0.4,0.75,0.5,0.6,0.4,0.6,0.4,0.6,0.0,1.0,0.0,0.67,0.33,0.0,1.0,1.0,0.67,0.67,0.67,0.67,0.67,0.33,1.0,0.8,1.0,1.0,1.0,1.0,0.8,0.8,1.0,1.0,1.0,1.0,1.0,0.67
35,0.9654632806777954,male,59.0,55_64,french,canadian_quebecois,high_school,60k_to_80k,employed,24,1.0,widowed,0.0,5_plus_persons,1.0,children_under_18,,,other,type_1,0.0,0.67,1.0,0.67,0.67,0.67,0.67,1.0,plq,ndp,0.67,0.75,0.67,0.67,0.5,1.0,0.67,0.0,1.0,0.0,1.0,0.33,1.0,other,,0.0,0.0,0.0,0.0,0.0,0.02,0.5,0.5,,,0.5,0.5,0.0,0.0,0.33,0.67,1.0,1.0,0.67,0.0,0.33,0.0,0.0,1.0,0.67,0.0,,,,,0.6,0.6,0.6,,,,,0.17,0.17,0.67
36,0.2516313791275024,female,50.0,45_54,french,canadian_quebecois,bachelor,over_150k,employed,3,1.0,widowed,1.0,3_4_persons,0.0,no_children,,,,type_1,,1.0,1.0,1.0,0.67,1.0,0.33,1.0,plq,ndp,0.33,1.0,0.33,0.33,,0.67,0.67,0.0,1.0,0.0,1.0,0.33,0.0,,,0.6,0.6,0.6,0.6,0.6,0.4,0.52,0.64,0.8,0.8,0.75,,0.0,,0.0,,0.33,1.0,0.33,0.0,1.0,,0.67,,0.33,0.0,,,,0.2,0.4,0.4,0.4,0.8,,,0.4,0.5,0.5,0.5
37,2.6271798610687256,female,37.0,35_44,other,,bachelor,,employed,6,0.0,married,,2_persons,0.0,children_18_plus,catholic,0.0,montreal,type_1,,1.0,1.0,0.67,1.0,,1.0,0.0,adq,conservative,1.0,1.0,0.67,,0.5,0.33,0.67,0.33,0.0,0.0,1.0,0.33,1.0,,,0.45,0.0,0.0,0.0,0.0,0.04,0.04,0.0,0.0,0.04,0.4,,0.0,1.0,0.33,0.67,0.67,0.33,0.33,0.33,1.0,0.67,,0.67,0.67,0.33,,,,,,1.0,,,1.0,,1.0,1.0,,1.0
38,0.9961626529693604,female,37.0,35_44,french,canadian_quebecois,bachelor,80k_to_100k,,16,1.0,common_law,1.0,,,children_18_plus,protestant,0.0,outaouais,type_1,,0.67,1.0,0.67,1.0,0.67,0.33,1.0,pq,liberal,0.67,1.0,1.0,0.67,1.0,0.33,0.67,0.33,1.0,0.0,,0.33,1.0,qs,green,0.5,0.7,0.3,1.0,0.9,0.4,0.6,0.5,1.0,0.9,0.75,0.6,0.0,1.0,0.33,,0.67,0.33,0.33,0.67,1.0,0.33,0.33,0.67,0.67,0.0,0.4,0.4,0.4,0.4,0.4,0.4,0.4,0.4,0.4,0.4,0.4,0.5,0.5,0.5
39,0.7738205194473267,male,62.0,55_64,french,canadian_quebecois,graduate,40k_to_60k,self_employed,6,1.0,widowed,1.0,5_plus_persons,0.0,children_under_18,protestant,1.0,other_regions,type_1,,1.0,1.0,0.67,1.0,1.0,0.33,1.0,plq,ndp,1.0,1.0,1.0,0.67,1.0,0.33,0.67,0.33,0.0,0.0,0.0,0.67,1.0,pq,,0.25,1.0,0.0,0.75,0.6,0.02,0.8,0.1,0.6,0.6,1.0,0.5,0.0,1.0,0.33,1.0,1.0,0.33,0.33,0.33,1.0,0.0,0.0,1.0,1.0,0.67,0.8,0.8,0.8,0.8,0.8,0.8,0.8,0.8,0.8,1.0,0.8,0.83,0.83,0.5
40,1.922140955924988,male,27.0,25_34,french,canadian_quebecois,college_cegep,under_20k,student,2,1.0,widowed,0.0,3_4_persons,1.0,both,other_christian,0.5,other_regions,type_1,,1.0,1.0,0.67,0.67,0.33,0.0,1.0,plq,ndp,0.0,0.75,0.33,0.0,1.0,0.67,0.67,0.67,1.0,0.0,0.0,0.67,1.0,adq,liberal,0.5,0.4,0.9,0.3,0.3,0.4,0.2,0.8,0.3,,0.5,0.7,1.0,1.0,0.33,1.0,1.0,0.33,0.67,0.33,1.0,0.0,0.33,0.67,0.67,0.0,1.0,0.6,0.6,0.6,0.6,0.6,0.6,0.6,0.8,0.6,0.6,0.67,0.67,0.67
41,0.7738205194473267,male,56.0,55_64,french,canadian_quebecois,college_cegep,under_20k,student,14,1.0,widowed,1.0,2_persons,1.0,no_children,,,other,type_1,0.0,1.0,1.0,1.0,1.0,0.67,0.0,1.0,plq,,0.0,1.0,1.0,1.0,0.5,1.0,1.0,0.0,1.0,1.0,1.0,0.0,0.0,,,0.0,0.0,0.4,0.4,0.4,0.0,0.0,0.5,0.6,0.1,0.01,0.4,0.0,1.0,0.0,0.67,0.67,1.0,0.33,0.0,1.0,1.0,1.0,0.0,0.33,0.0,0.6,0.6,0.6,0.6,0.6,0.6,0.6,0.6,0.6,0.6,0.6,0.17,0.67,0.67
42,0.7705016136169434,female,56.0,55_64,french,canadian_quebecois,bachelor,under_20k,employed,5,1.0,widowed,1.0,5_plus_persons,0.0,no_children,,,monteregie,type_1,0.0,1.0,1.0,1.0,1.0,,1.0,0.0,plq,,1.0,1.0,1.0,1.0,1.0,0.67,0.0,0.33,1.0,0.0,1.0,0.67,1.0,,,0.1,0.5,0.6,0.7,0.85,0.0,0.5,0.65,,0.75,0.5,0.85,1.0,1.0,0.67,0.67,0.67,1.0,1.0,0.67,1.0,0.0,0.0,0.33,0.33,1.0,,0.8,,0.2,,0.8,0.8,0.8,0.2,,0.6,0.17,0.67,0.33
43,0.9346079230308532,male,62.0,55_64,french,canadian_quebecois,high_school,under_20k,student,32,1.0,widowed,0.0,3_4_persons,1.0,no_children,,,quebec_city,type_1,0.0,1.0,1.0,0.67,0.33,1.0,0.0,1.0,plq,ndp,0.67,1.0,0.67,0.33,0.5,1.0,1.0,0.33,1.0,0.0,1.0,0.67,1.0,plq,ndp,0.75,0.3,0.75,0.05,0.05,0.75,0.1,0.75,,,0.4,0.9,0.0,1.0,0.0,1.0,1.0,1.0,0.33,1.0,1.0,1.0,1.0,0.67,1.0,0.0,,1.0,1.0,0.6,1.0,1.0,1.0,0.6,,1.0,0.6,1.0,0.67,0.67
44,1.3116263151168823,female,65.0,55_64,french,canadian_quebecois,bachelor,40k_to_60k,employed,2,1.0,married,,3_4_persons,0.0,children_under_18,,,,type_1,0.0,0.67,0.67,0.33,0.67,0.33,0.33,1.0,plq,ndp,0.67,0.5,0.67,0.67,0.5,0.67,0.67,0.33,1.0,,1.0,0.33,0.0,,,0.49,0.15,0.5,0.15,0.15,0.49,0.1,0.55,0.1,,0.5,0.55,0.0,1.0,0.0,0.67,0.67,0.33,0.33,0.33,1.0,0.33,0.67,0.67,0.67,0.33,0.6,0.6,0.6,0.2,0.4,0.6,1.0,,,0.6,0.6,0.17,0.67,0.67
45,1.0454652309417725,male,64.0,55_64,english,canadian_quebecois,bachelor,40k_to_60k,self_employed,6,0.0,divorced_separated,,5_plus_persons,0.0,no_children,catholic,0.5,montreal,type_1,,1.0,1.0,0.0,0.67,0.67,1.0,0.0,adq,liberal,0.67,0.75,0.67,0.67,0.5,0.67,0.67,0.67,1.0,0.0,1.0,0.67,1.0,,,0.8,0.0,0.3,0.0,0.1,0.7,0.0,0.3,,0.1,0.0,0.7,0.0,1.0,0.0,0.67,0.67,0.33,0.33,1.0,0.67,0.0,0.0,1.0,1.0,0.0,1.0,1.0,1.0,1.0,1.0,1.0,1.0,1.0,1.0,1.0,1.0,1.0,1.0,1.0
46,0.2219046652317047,male,54.0,45_54,french,canadian_quebecois,graduate,over_150k,employed,3,1.0,divorced_separated,1.0,2_persons,0.0,children_under_18,catholic,0.0,,type_1,,0.67,0.67,0.0,1.0,1.0,0.0,1.0,plq,ndp,0.67,1.0,0.67,0.0,0.5,0.67,0.67,0.33,1.0,0.0,1.0,0.67,0.0,,,0.8,0.65,0.8,0.78,0.78,0.75,0.75,0.8,0.5,0.5,0.5,0.7,0.0,0.0,0.0,0.67,0.67,0.67,0.33,1.0,1.0,0.33,0.67,0.67,0.67,0.33,1.0,0.8,1.0,0.6,0.6,0.8,0.8,0.8,1.0,0.6,0.6,1.0,0.67,0.67
47,0.3281298279762268,male,29.0,25_34,french,canadian_quebecois,bachelor,40k_to_60k,employed,3,1.0,divorced_separated,1.0,5_plus_persons,0.0,children_under_18,other_christian,0.5,outaouais,type_1,,0.67,0.33,0.67,0.33,0.67,0.33,1.0,qs,conservative,0.67,0.5,0.33,0.67,0.5,0.33,0.67,0.33,,0.0,0.0,0.67,0.0,adq,green,0.5,0.3,0.8,0.25,0.7,0.75,0.65,0.8,0.0,0.4,0.0,0.8,0.0,1.0,0.0,0.67,0.0,0.67,0.33,0.33,1.0,0.0,0.67,1.0,1.0,0.67,1.0,0.8,1.0,0.2,0.4,0.6,1.0,0.8,0.6,0.6,0.6,1.0,0.67,0.5
48,1.690662503242493,male,32.0,25_34,french,canadian_quebecois,college_cegep,40k_to_60k,employed,8,1.0,widowed,,5_plus_persons,0.0,no_children,,,,type_1,0.0,0.67,0.67,0.33,1.0,0.33,0.33,1.0,plq,conservative,0.0,0.75,0.67,0.33,0.5,0.33,1.0,0.33,1.0,0.0,1.0,0.67,0.0,qs,ndp,0.5,0.5,0.5,0.5,0.5,0.5,0.5,0.5,0.5,,0.7,0.7,1.0,1.0,0.0,0.67,1.0,0.67,0.33,0.0,1.0,0.33,1.0,0.67,0.67,0.33,,,,0.2,,,,,,,,,,
49,0.3372038602828979,male,42.0,35_44,french,canadian_quebecois,bachelor,20k_to_40k,student,3,1.0,widowed,1.0,5_plus_persons,0.0,children_under_18,other_religion,0.5,monteregie,type_1,,1.0,1.0,0.33,0.67,0.33,0.33,1.0,plq,conservative,0.33,0.5,0.67,0.67,1.0,1.0,1.0,0.0,0.0,0.0,1.0,0.67,,qs,green,0.1,0.1,0.1,0.25,0.25,0.1,0.1,0.1,0.25,0.2,0.8,0.2,0.0,1.0,1.0,0.67,1.0,0.67,0.33,0.67,1.0,0.0,0.0,0.67,0.67,0.0,0.4,0.4,,0.4,0.4,0.4,0.4,0.4,0.4,,0.4,1.0,0.83,0.67
50,0.1873806416988372,male,63.0,55_64,french,canadian_quebecois,high_school,20k_to_40k,self_employed,3,1.0,common_law,,5_plus_persons,0.0,children_under_18,protestant,1.0,other_regions,type_1,,0.0,0.0,1.0,1.0,0.0,0.0,1.0,plq,ndp,1.0,0.5,0.33,0.67,1.0,0.33,1.0,0.33,1.0,1.0,1.0,0.33,0.0,pq,,0.0,1.0,0.0,0.0,0.0,0.0,1.0,0.0,0.0,0.0,1.0,0.75,1.0,0.0,1.0,1.0,1.0,0.0,0.33,0.67,1.0,0.0,0.0,1.0,1.0,0.0,0.8,0.8,0.8,0.8,0.8,0.8,0.8,0.8,0.8,0.8,0.8,0.83,0.83,0.83
51,1.3116263151168823,female,78.0,65_plus,french,canadian_quebecois,high_school,20k_to_40k,self_employed,2,1.0,widowed,0.0,1_person,1.0,children_under_18,protestant,1.0,other_regions,type_1,,1.0,1.0,1.0,0.67,1.0,1.0,1.0,plq,ndp,1.0,0.75,0.67,0.67,1.0,1.0,1.0,0.0,1.0,0.0,1.0,0.0,1.0,pq,ndp,0.0,0.5,0.5,,,0.0,0.5,0.5,0.6,0.05,0.8,0.8,0.0,1.0,0.67,1.0,1.0,1.0,0.67,0.67,1.0,1.0,1.0,1.0,1.0,0.0,0.8,0.6,0.6,0.6,0.6,0.6,0.8,0.8,0.8,,0.6,0.83,0.83,0.67
52,0.1873806416988372,male,62.0,55_64,french,canadian_quebecois,bachelor,80k_to_100k,employed,3,1.0,widowed,,5_plus_persons,0.0,children_under_18,other_christian,0.0,other_regions,type_1,,0.67,1.0,1.0,1.0,1.0,0.0,1.0,plq,ndp,0.33,1.0,0.67,0.33,0.5,0.67,1.0,0.0,1.0,0.0,1.0,0.67,0.0,adq,conservative,0.3,0.3,0.4,0.1,0.1,0.1,0.2,0.4,0.3,0.1,0.6,0.7,0.0,1.0,0.0,0.67,1.0,0.67,0.33,0.33,1.0,0.33,1.0,0.67,0.67,0.33,0.6,0.6,0.6,0.2,0.4,0.6,0.6,0.6,0.6,0.6,0.4,0.67,0.33,0.5
53,0.3372038602828979,male,36.0,35_44,french,canadian_quebecois,bachelor,80k_to_100k,employed,3,1.0,divorced_separated,0.0,5_plus_persons,0.0,children_18_plus,other_christian,0.5,outaouais,type_1,,0.67,1.0,0.33,0.67,0.33,0.67,1.0,qs,conservative,0.33,0.5,0.67,0.33,0.5,0.33,0.33,0.33,0.0,0.0,0.0,0.67,1.0,adq,liberal,0.6,0.2,0.8,0.1,0.4,0.6,0.3,0.75,0.2,,0.6,0.8,0.0,1.0,0.0,0.67,0.33,0.67,0.33,1.0,0.33,0.0,1.0,0.67,1.0,0.67,0.6,0.6,0.6,0.6,0.6,0.6,0.6,0.6,0.6,0.6,0.6,0.67,0.67,0.67
54,1.595116138458252,female,69.0,65_plus,french,canadian_quebecois,high_school,,self_employed,26,1.0,divorced_separated,1.0,3_4_persons,0.0,no_children,other_christian,0.5,,type_1,,1.0,1.0,1.0,1.0,0.67,1.0,1.0,adq,liberal,0.67,1.0,1.0,0.67,0.5,0.67,1.0,0.67,1.0,0.0,1.0,0.67,1.0,adq,liberal,0.5,0.55,0.7,0.6,0.6,0.7,0.6,0.8,,,0.7,0.6,1.0,1.0,0.33,0.67,0.67,0.67,0.33,0.33,1.0,0.33,1.0,1.0,1.0,0.0,0.6,0.6,1.0,0.6,1.0,0.6,0.6,1.0,1.0,0.6,0.6,0.67,0.67,0.67
55,0.1873806416988372,male,56.0,55_64,french,canadian_quebecois,college_cegep,40k_to_60k,employed,3,1.0,divorced_separated,1.0,3_4_persons,1.0,children_18_plus,protestant,0.5,quebec_city,type_1,,1.0,1.0,0.67,1.0,0.67,0.67,1.0,plq,ndp,0.33,1.0,1.0,0.33,1.0,0.33,0.67,0.33,1.0,0.0,0.0,0.67,1.0,adq,green,0.6,0.5,0.75,0.3,0.3,0.5,0.6,0.7,0.4,0.3,0.5,0.75,0.0,1.0,0.67,1.0,0.67,0.33,0.67,0.33,1.0,0.0,0.67,1.0,1.0,0.0,1.0,,0.8,0.2,,0.8,1.0,0.8,1.0,1.0,0.8,0.83,0.83,0.17
56,0.7317694425582886,female,21.0,18_24,french,canadian_quebecois,college_cegep,under_20k,,3,1.0,widowed,1.0,5_plus_persons,0.0,no_children,protestant,0.5,,type_1,,0.67,1.0,0.67,1.0,0.67,0.0,1.0,plq,ndp,0.67,1.0,0.67,0.33,0.5,0.67,0.67,0.33,1.0,0.0,0.0,0.33,0.0,,,0.4,0.5,0.4,,,0.6,0.6,0.6,,,0.7,0.5,1.0,1.0,0.0,1.0,0.67,0.33,0.33,0.67,1.0,0.33,0.0,0.67,0.67,0.33,1.0,0.8,0.6,0.2,0.2,0.6,0.8,0.8,0.8,0.6,0.8,1.0,0.83,0.83
57,0.9961626529693604,female,43.0,35_44,french,canadian_quebecois,bachelor,over_150k,employed,6,1.0,divorced_separated,1.0,3_4_persons,0.0,no_children,protestant,0.5,other_regions,type_1,,1.0,0.67,0.67,1.0,0.33,0.33,1.0,adq,liberal,1.0,0.75,1.0,0.0,1.0,0.67,0.67,0.67,0.0,0.0,0.0,1.0,0.0,pq,,0.5,0.9,0.4,0.6,0.8,0.3,0.6,0.3,0.7,,0.8,0.6,0.0,,0.33,0.67,0.67,0.33,0.33,0.67,1.0,0.33,0.33,0.67,0.67,0.0,,0.8,,0.2,0.4,0.8,0.8,0.8,0.8,,,0.17,0.17,0.5
58,0.2531591951847076,male,62.0,55_64,english,canadian_quebecois,bachelor,60k_to_80k,self_employed,3,0.0,married,0.0,5_plus_persons,0.0,both,other_christian,0.5,quebec_city,type_1,,1.0,1.0,1.0,1.0,1.0,0.67,1.0,plq,ndp,0.0,1.0,1.0,1.0,0.5,1.0,1.0,0.0,1.0,0.0,1.0,0.67,1.0,adq,liberal,0.7,0.65,0.85,0.35,0.4,0.75,0.65,0.9,0.45,0.35,0.0,0.4,1.0,1.0,0.0,1.0,0.0,1.0,0.67,0.33,0.33,1.0,1.0,1.0,0.67,0.0,0.6,0.6,0.6,,0.6,0.6,0.6,0.6,0.6,0.6,0.6,0.67,0.67,0.67
59,0.7738205194473267,male,55.0,45_54,french,canadian_quebecois,graduate,over_150k,employed,6,1.0,widowed,1.0,3_4_persons,0.0,children_under_18,catholic,1.0,other_regions,type_1,,1.0,1.0,0.67,1.0,0.67,0.67,1.0,adq,liberal,0.33,0.75,0.67,1.0,1.0,0.33,0.67,0.67,0.0,,0.0,0.67,1.0,plq,,0.75,0.4,0.3,0.1,0.15,0.75,0.35,0.4,0.15,0.15,0.6,0.4,0.0,1.0,0.33,1.0,1.0,0.0,1.0,0.67,1.0,0.0,0.67,0.67,0.67,0.0,1.0,1.0,1.0,1.0,0.4,1.0,1.0,1.0,1.0,1.0,1.0,1.0,0.83,0.67
60,0.8410736918449402,female,66.0,65_plus,french,canadian_quebecois,college_cegep,20k_to_40k,self_employed,16,1.0,widowed,1.0,,1.0,children_18_plus,catholic,0.5,outaouais,type_1,,1.0,1.0,0.0,1.0,0.67,0.67,1.0,adq,liberal,0.67,0.75,0.67,0.0,0.5,0.33,0.67,0.67,0.0,0.0,1.0,1.0,1.0,plq,green,0.9,0.0,0.0,0.0,0.9,0.9,0.4,0.5,0.4,0.6,0.1,0.7,1.0,1.0,0.0,0.67,1.0,0.0,0.33,1.0,1.0,0.0,0.0,0.33,0.33,1.0,1.0,,1.0,0.2,,0.6,1.0,1.0,,1.0,1.0,1.0,1.0,0.67
61,0.7738205194473267,male,56.0,55_64,french,canadian_quebecois,high_school,40k_to_60k,employed,6,1.0,divorced_separated,,1_person,1.0,no_children,,,quebec_city,type_1,0.0,1.0,0.0,0.0,1.0,1.0,0.0,1.0,plq,,0.0,1.0,0.0,1.0,0.5,1.0,1.0,0.33,1.0,0.0,1.0,0.33,1.0,adq,green,0.4,0.4,0.4,0.4,,0.5,0.5,0.5,,,0.5,0.5,0.0,1.0,0.0,0.67,0.67,1.0,0.67,1.0,1.0,0.0,0.67,0.67,0.67,0.0,,1.0,,0.6,0.6,0.6,1.0,0.8,,0.6,0.6,0.67,0.67,0.67
62,3.6725471019744873,male,43.0,35_44,other,other,graduate,20k_to_40k,employed,13,,single,0.0,3_4_persons,1.0,children_under_18,,,,type_1,0.0,1.0,1.0,1.0,1.0,0.33,1.0,1.0,pq,liberal,1.0,1.0,1.0,1.0,0.5,0.0,0.67,0.67,0.0,0.0,0.0,0.67,1.0,,,,,,0.5,0.5,0.8,0.2,0.5,,0.6,0.6,0.7,0.0,1.0,0.0,0.67,1.0,1.0,1.0,1.0,1.0,0.0,1.0,0.67,0.0,1.0,1.0,1.0,1.0,1.0,1.0,1.0,1.0,1.0,1.0,1.0,0.8,1.0,1.0,1.0
63,0.3228451609611511,female,72.0,65_plus,french,canadian_quebecois,college_cegep,20k_to_40k,self_employed,3,1.0,divorced_separated,0.0,2_persons,1.0,children_under_18,catholic,0.5,,type_1,,1.0,1.0,0.33,1.0,0.67,0.33,1.0,plq,conservative,0.67,0.75,0.67,0.67,0.5,0.67,0.67,0.67,1.0,,0.0,1.0,1.0,,,0.85,0.15,0.5,0.1,0.0,0.8,0.15,0.5,0.2,0.1,0.4,0.4,0.0,1.0,0.0,1.0,1.0,0.67,0.33,1.0,1.0,0.67,0.67,1.0,0.67,0.0,1.0,1.0,1.0,0.6,0.6,0.6,1.0,0.8,1.0,1.0,0.6,1.0,1.0,0.67
64,0.2219046652317047,male,45.0,35_44,french,canadian_quebecois,graduate,over_150k,employed,3,1.0,widowed,1.0,5_plus_persons,0.0,both,protestant,0.0,other_regions,type_1,,0.33,1.0,1.0,0.67,0.33,0.0,1.0,adq,bloc,1.0,1.0,0.33,0.0,1.0,0.33,0.33,0.67,,,1.0,1.0,1.0,pq,,0.03,0.3,0.0,0.24,0.25,0.07,0.19,0.0,0.15,0.13,0.75,0.33,1.0,1.0,0.33,1.0,0.0,0.0,0.33,0.67,1.0,0.0,0.0,1.0,1.0,0.33,0.8,0.8,1.0,0.8,0.8,0.8,0.8,0.8,0.8,1.0,0.8,1.0,0.83,0.67
65,1.3925409317016602,male,40.0,35_44,french,canadian_quebecois,bachelor,60k_to_80k,employed,16,1.0,widowed,,5_plus_persons,1.0,no_children,catholic,0.5,montreal,type_1,,1.0,1.0,1.0,0.67,0.67,1.0,1.0,adq,liberal,0.67,0.75,1.0,0.33,1.0,0.67,0.67,0.0,1.0,1.0,1.0,0.67,1.0,,,0.5,0.4,0.5,0.1,0.5,0.8,0.75,0.75,0.5,,0.0,1.0,1.0,1.0,0.33,0.67,0.67,0.67,0.33,0.0,1.0,1.0,0.67,0.67,0.33,0.0,1.0,1.0,1.0,0.6,0.6,0.6,0.8,0.8,0.6,1.0,0.6,1.0,0.83,0.67
66,1.3492573499679563,female,30.0,25_34,french,canadian_quebecois,bachelor,20k_to_40k,employed,17,1.0,widowed,1.0,5_plus_persons,0.0,children_under_18,protestant,0.0,other_regions,type_1,,1.0,1.0,0.33,1.0,0.67,1.0,1.0,plq,bloc,1.0,0.75,1.0,0.67,1.0,0.67,0.33,0.67,1.0,0.0,0.0,0.67,0.0,adq,,0.3,0.85,0.9,0.5,0.8,0.1,0.6,0.8,0.5,0.2,0.5,0.8,0.0,1.0,0.33,0.67,1.0,0.33,0.33,0.33,1.0,0.33,0.67,0.67,0.67,0.0,0.6,0.6,0.6,0.2,0.4,0.6,0.6,0.8,0.6,0.6,0.4,0.17,0.67,0.67
67,0.2516313791275024,female,52.0,45_54,french,canadian_quebecois,bachelor,40k_to_60k,employed,3,1.0,widowed,0.0,5_plus_persons,0.0,no_children,protestant,0.5,other_regions,type_1,,1.0,1.0,0.67,0.67,0.33,0.33,1.0,plq,ndp,0.67,0.75,0.0,0.33,,0.67,0.67,0.33,0.0,,1.0,0.67,1.0,,,0.65,0.55,0.6,0.33,0.15,0.65,0.75,0.7,0.65,0.05,0.65,0.8,1.0,0.0,0.33,0.67,1.0,0.67,0.67,0.67,1.0,0.0,0.33,1.0,1.0,0.33,1.0,0.8,0.6,0.2,0.4,0.6,0.8,0.8,,1.0,0.6,0.83,0.5,0.5
68,3.6725471019744873,male,38.0,35_44,other,other,bachelor,20k_to_40k,employed,6,,divorced_separated,0.0,3_4_persons,0.0,children_18_plus,catholic,0.5,montreal,type_1,,1.0,0.33,0.33,1.0,0.67,0.33,1.0,qs,ndp,1.0,0.75,0.67,1.0,0.5,0.67,1.0,0.33,0.0,1.0,1.0,0.67,0.0,plq,ndp,0.8,0.6,0.7,0.6,0.6,0.7,0.6,0.8,0.6,0.6,0.6,0.7,1.0,1.0,0.0,0.67,1.0,0.0,0.33,1.0,1.0,0.67,0.67,1.0,1.0,0.0,0.6,0.8,0.6,1.0,0.6,0.6,0.8,0.8,1.0,0.6,1.0,1.0,0.67,1.0
69,1.466917634010315,male,70.0,65_plus,french,canadian_quebecois,college_cegep,40k_to_60k,self_employed,25,1.0,widowed,,5_plus_persons,0.0,children_18_plus,other_christian,0.0,quebec_city,type_1,,1.0,1.0,0.67,0.33,0.33,1.0,1.0,adq,,0.33,0.75,0.67,1.0,0.0,1.0,1.0,0.0,1.0,,1.0,0.33,1.0,,,0.1,0.1,0.2,0.05,0.05,0.1,0.1,0.2,0.05,,0.1,0.25,0.0,1.0,,0.0,0.33,0.33,0.33,0.0,0.33,0.0,,0.0,0.0,,,,,,,,,,,,0.6,,0.0,0.67
70,1.022304654121399,female,53.0,45_54,french,canadian_quebecois,high_school,40k_to_60k,student,11,1.0,divorced_separated,1.0,3_4_persons,0.0,children_under_18,protestant,0.0,other_regions,type_1,,0.67,0.67,0.67,0.67,,0.67,1.0,,,0.67,0.75,0.67,0.33,0.5,1.0,0.67,0.33,0.0,0.0,1.0,0.33,0.0,pq,ndp,0.5,0.6,0.5,0.3,0.3,0.4,0.5,0.5,0.3,0.3,0.8,0.8,0.0,1.0,0.67,,0.67,0.67,0.67,0.0,0.67,0.67,0.67,0.67,0.67,0.67,1.0,0.8,0.8,0.8,0.8,1.0,0.8,0.8,0.8,0.8,0.8,0.83,0.83,0.67
71,0.6555481553077698,female,45.0,35_44,french,canadian_quebecois,high_school,20k_to_40k,employed,16,1.0,widowed,1.0,3_4_persons,0.0,children_under_18,catholic,0.0,montreal,type_1,,1.0,1.0,0.67,1.0,0.67,0.33,1.0,plq,conservative,0.33,0.75,1.0,0.33,0.5,0.67,0.67,0.33,0.0,0.0,1.0,0.67,1.0,plq,ndp,0.8,0.7,0.8,0.3,0.5,0.7,0.65,0.7,0.6,0.5,0.5,0.7,0.0,,0.33,1.0,0.67,0.67,0.33,0.33,1.0,0.67,0.67,0.67,0.33,0.0,1.0,1.0,,0.2,0.6,0.6,0.6,0.6,,,0.6,1.0,0.67,0.67
72,0.9346079230308532,male,57.0,55_64,french,canadian_quebecois,college_cegep,,employed,4,1.0,divorced_separated,0.0,1_person,1.0,children_under_18,other_religion,1.0,monteregie,type_1,,0.67,0.33,0.33,0.67,1.0,0.33,0.0,qs,ndp,1.0,0.5,0.0,0.33,1.0,1.0,1.0,0.33,0.0,0.0,1.0,0.0,1.0,,,0.35,0.3,0.4,0.6,0.65,0.25,0.25,0.4,0.7,,0.35,0.35,0.0,1.0,0.67,0.67,1.0,0.0,0.67,0.67,,0.0,1.0,0.67,1.0,0.67,0.2,0.4,1.0,0.2,0.4,0.4,0.4,0.4,0.6,0.2,0.4,0.17,0.5,0.5
73,0.9693608283996582,female,30.0,25_34,french,canadian_quebecois,bachelor,under_20k,employed,15,1.0,widowed,1.0,3_4_persons,0.0,children_under_18,other_christian,0.5,other_regions,type_1,,1.0,1.0,0.33,1.0,1.0,0.67,1.0,plq,ndp,1.0,0.5,0.67,0.67,,0.67,0.67,0.33,1.0,0.0,0.0,0.67,0.0,,,0.4,0.7,0.7,0.5,0.55,0.3,0.6,0.8,0.7,0.6,0.7,0.5,1.0,0.0,0.33,0.67,1.0,0.67,0.67,0.33,1.0,0.0,0.67,0.67,1.0,0.0,0.6,0.6,,0.6,,0.6,0.6,0.6,0.6,,0.6,0.67,0.67,0.67
74,0.3823769092559814,female,42.0,35_44,french,canadian_quebecois,high_school,20k_to_40k,employed,12,1.0,widowed,0.0,5_plus_persons,0.0,no_children,other_christian,0.5,,type_1,,1.0,1.0,0.0,1.0,0.0,0.0,1.0,plq,ndp,1.0,1.0,1.0,1.0,1.0,1.0,1.0,0.0,1.0,0.0,1.0,0.33,0.0,,,0.0,0.5,0.7,0.3,,0.0,0.5,0.8,,,0.5,0.5,1.0,,0.67,0.67,0.67,1.0,0.33,0.33,1.0,0.33,0.33,0.33,0.33,0.0,0.6,0.6,0.6,0.2,0.6,0.6,0.6,0.6,0.6,0.6,0.6,0.67,0.67,0.67
75,1.1757395267486572,male,69.0,65_plus,french,canadian_quebecois,graduate,over_150k,employed,16,1.0,widowed,0.0,5_plus_persons,1.0,children_under_18,catholic,0.0,quebec_city,type_1,,0.67,1.0,0.67,0.33,0.67,0.33,1.0,adq,liberal,1.0,0.75,1.0,0.67,0.5,0.0,0.33,0.67,0.0,,0.0,1.0,1.0,plq,ndp,0.65,0.25,0.5,0.1,0.1,0.6,0.2,0.6,0.1,0.1,0.15,0.5,1.0,0.0,0.0,0.67,1.0,0.0,0.33,1.0,1.0,0.0,1.0,1.0,0.67,1.0,0.6,1.0,1.0,1.0,1.0,0.6,0.8,0.8,1.0,0.6,0.6,1.0,0.0,0.67
76,0.9693608283996582,female,33.0,25_34,french,canadian_quebecois,college_cegep,40k_to_60k,employed,6,1.0,widowed,1.0,5_plus_persons,1.0,no_children,protestant,1.0,other_regions,type_1,,0.67,1.0,0.67,1.0,1.0,0.67,1.0,plq,ndp,1.0,1.0,0.67,0.67,1.0,0.33,0.67,1.0,1.0,0.0,,1.0,1.0,pq,ndp,0.25,0.75,0.5,0.0,0.0,0.15,0.5,0.5,0.5,,,,0.0,,1.0,1.0,1.0,1.0,0.33,0.67,1.0,1.0,1.0,1.0,1.0,0.0,,0.6,0.6,0.6,,,0.8,0.8,0.8,0.6,0.8,0.67,0.83,0.83
77,0.3228451609611511,female,67.0,65_plus,french,canadian_quebecois,college_cegep,20k_to_40k,self_employed,3,1.0,divorced_separated,1.0,3_4_persons,0.0,children_under_18,other_religion,1.0,montreal,type_1,,1.0,1.0,0.67,1.0,0.33,0.33,1.0,adq,liberal,0.67,0.75,0.67,0.67,1.0,0.67,0.67,0.33,1.0,,1.0,0.33,,qs,conservative,0.05,0.05,0.05,0.07,0.06,0.5,0.65,0.6,0.7,,0.6,0.7,1.0,1.0,0.67,0.67,1.0,0.67,0.33,0.67,1.0,0.0,0.33,0.67,0.33,0.33,0.6,1.0,0.6,0.8,0.6,0.6,0.6,0.8,0.4,1.0,0.6,1.0,0.67,0.67
78,0.212483525276184,female,63.0,55_64,french,canadian_quebecois,bachelor,,self_employed,3,1.0,single,1.0,3_4_persons,0.0,children_under_18,catholic,0.5,,type_1,,1.0,0.0,0.33,0.0,0.67,0.0,1.0,adq,liberal,0.0,0.75,0.67,0.67,0.5,0.67,1.0,0.33,1.0,,1.0,0.67,1.0,,,0.6,0.5,0.58,0.4,0.2,0.7,0.65,0.7,0.6,,0.7,0.9,0.0,1.0,0.33,0.67,1.0,0.33,0.33,1.0,1.0,0.0,0.67,0.67,0.67,0.33,1.0,,1.0,0.2,0.4,0.4,0.8,0.8,1.0,1.0,0.6,1.0,0.83,0.67
79,0.3720875084400177,female,33.0,25_34,french,canadian_quebecois,graduate,over_150k,employed,3,1.0,divorced_separated,1.0,5_plus_persons,1.0,no_children,other_christian,0.5,quebec_city,type_1,,1.0,1.0,0.33,0.67,0.33,0.33,1.0,plq,conservative,0.33,0.75,1.0,0.33,0.5,0.67,0.33,0.67,1.0,,0.0,0.67,1.0,adq,green,0.4,0.4,0.7,0.5,0.5,0.6,0.6,0.8,0.3,0.5,0.0,0.8,0.0,1.0,0.0,1.0,0.33,0.67,0.67,0.33,0.33,0.33,1.0,0.33,0.33,0.33,0.6,0.6,0.6,0.8,0.6,0.6,0.6,0.8,0.6,0.6,0.6,1.0,0.67,0.67
80,0.8410736918449402,female,72.0,65_plus,french,canadian_quebecois,bachelor,under_20k,self_employed,16,1.0,common_law,,1_person,0.0,children_under_18,catholic,0.5,montreal,type_1,,1.0,1.0,0.67,0.67,0.33,0.67,1.0,plq,ndp,0.67,0.75,1.0,0.33,0.5,0.67,0.67,0.33,1.0,0.0,0.0,0.67,1.0,adq,liberal,0.6,0.3,0.5,0.1,0.2,0.75,0.4,0.75,0.2,,0.2,0.75,0.0,1.0,0.0,0.67,0.67,0.33,0.33,1.0,1.0,0.67,0.67,0.67,0.67,0.67,0.6,1.0,1.0,1.0,1.0,0.6,0.6,1.0,1.0,1.0,1.0,1.0,0.0,0.67
81,0.284705102443695,male,73.0,65_plus,french,canadian_quebecois,graduate,over_150k,employed,3,1.0,widowed,0.0,3_4_persons,1.0,both,catholic,0.5,quebec_city,type_1,,0.67,1.0,0.67,0.67,1.0,0.0,1.0,adq,liberal,,0.5,0.0,0.0,0.5,0.33,1.0,0.33,1.0,,1.0,0.67,1.0,plq,ndp,0.5,0.25,0.3,0.1,0.05,0.6,0.4,0.5,0.2,0.02,0.4,0.8,0.0,1.0,0.0,1.0,1.0,0.0,0.33,1.0,0.33,0.0,1.0,1.0,1.0,0.0,1.0,0.8,0.6,0.8,0.8,0.8,1.0,0.8,1.0,0.6,0.6,1.0,0.67,0.67
82,0.9693608283996582,female,27.0,25_34,french,canadian_quebecois,bachelor,under_20k,,6,1.0,widowed,1.0,5_plus_persons,0.0,children_18_plus,protestant,0.0,other_regions,type_1,,1.0,1.0,0.67,1.0,0.67,0.67,1.0,qs,liberal,1.0,1.0,1.0,0.33,1.0,1.0,0.67,0.0,1.0,1.0,1.0,0.0,1.0,pq,green,0.0,0.95,0.03,0.6,0.85,0.0,0.63,0.0,0.15,0.75,0.8,0.2,0.0,,0.67,0.67,0.67,0.33,0.33,0.67,1.0,0.0,0.67,0.67,0.33,0.0,0.8,0.8,0.8,0.2,0.4,0.8,0.8,0.8,0.8,0.8,0.8,0.17,0.17,0.5
83,1.3925409317016602,male,38.0,35_44,french,canadian_quebecois,bachelor,over_150k,employed,6,1.0,widowed,1.0,5_plus_persons,0.0,children_18_plus,protestant,0.5,other_regions,type_1,,0.67,1.0,0.67,1.0,1.0,0.67,1.0,plq,ndp,0.67,1.0,0.67,0.67,1.0,0.33,0.67,0.67,1.0,0.0,0.0,0.67,0.0,pq,ndp,0.4,0.8,0.8,0.7,0.7,0.4,0.8,0.8,0.5,0.6,0.6,0.6,0.0,1.0,0.33,0.67,1.0,0.33,0.33,0.33,1.0,0.33,0.67,0.67,0.33,0.33,1.0,,0.8,0.8,,0.6,0.8,0.8,1.0,0.8,0.6,1.0,0.33,0.67
84,0.2219046652317047,male,49.0,45_54,french,canadian_quebecois,high_school,40k_to_60k,employed,3,1.0,widowed,1.0,3_4_persons,1.0,children_under_18,other_christian,0.5,quebec_city,type_1,,1.0,1.0,0.33,0.67,0.67,0.33,1.0,plq,conservative,0.33,1.0,1.0,0.33,1.0,0.67,1.0,0.0,1.0,1.0,1.0,0.0,1.0,adq,,0.0,0.0,0.85,0.75,,0.0,0.0,0.85,0.8,0.5,0.0,0.75,1.0,0.0,0.0,0.67,0.0,0.33,0.33,0.33,1.0,0.0,1.0,0.0,0.33,0.33,0.6,0.6,0.6,0.6,0.6,0.6,0.6,0.6,0.6,0.6,0.6,0.67,0.67,0.67
85,1.3550678491592407,male,27.0,25_34,french,canadian_quebecois,high_school,100k_to_120k,employed,6,1.0,widowed,1.0,5_plus_persons,0.0,no_children,other_christian,0.5,quebec_city,type_1,,1.0,1.0,0.67,0.33,0.33,0.67,1.0,plq,bloc,0.33,0.75,1.0,0.33,0.5,1.0,1.0,0.33,1.0,0.0,0.0,1.0,0.0,,,0.75,0.5,0.85,0.1,0.1,0.8,0.8,0.9,0.25,0.1,0.5,0.5,1.0,0.0,0.0,0.67,0.0,0.33,0.33,0.0,0.33,0.33,0.67,0.33,1.0,0.0,1.0,0.8,1.0,0.2,0.6,0.6,1.0,1.0,0.8,0.6,0.6,1.0,0.67,0.67
86,0.284705102443695,male,67.0,65_plus,french,canadian_quebecois,bachelor,under_20k,self_employed,3,1.0,single,0.0,2_persons,1.0,children_under_18,protestant,0.5,other_regions,type_1,,1.0,0.67,0.67,1.0,0.67,0.33,1.0,plq,ndp,0.67,1.0,0.67,0.67,1.0,0.67,0.67,0.33,1.0,0.0,0.0,0.67,1.0,pq,ndp,0.4,0.55,0.5,0.5,0.4,0.3,0.5,0.6,0.65,0.5,0.5,0.55,0.0,1.0,0.0,0.67,0.33,0.33,0.67,0.67,1.0,0.33,0.67,0.67,0.67,0.0,0.6,0.8,0.4,0.2,0.4,0.6,0.8,0.8,,0.6,0.6,0.5,0.5,0.5
87,0.9961626529693604,female,42.0,35_44,french,,,,,13,,,1.0,2_persons,0.0,children_under_18,catholic,0.0,montreal,type_1,,1.0,1.0,0.67,1.0,0.67,0.33,1.0,adq,liberal,1.0,0.75,0.67,1.0,0.5,0.33,0.33,0.67,0.0,0.0,0.0,0.67,1.0,plq,ndp,0.7,0.5,0.6,0.4,0.5,0.8,0.5,0.6,0.7,0.7,0.5,,1.0,,0.0,,0.67,0.33,0.33,1.0,0.33,0.33,0.67,0.67,0.67,0.0,1.0,0.6,,1.0,0.6,0.6,1.0,,1.0,,1.0,1.0,,1.0
88,0.5535573959350586,female,64.0,55_64,french,canadian_quebecois,bachelor,80k_to_100k,self_employed,16,1.0,widowed,1.0,3_4_persons,0.0,children_under_18,protestant,0.5,other_regions,type_1,,1.0,1.0,0.67,0.67,0.67,0.67,1.0,adq,liberal,1.0,0.75,0.67,0.67,1.0,0.67,1.0,0.67,,0.0,1.0,0.33,1.0,pq,,0.5,0.5,0.5,0.3,0.3,0.7,0.7,0.7,0.6,0.4,0.6,0.9,0.0,1.0,1.0,0.67,1.0,0.0,0.67,0.67,1.0,0.0,0.67,1.0,0.67,0.0,0.8,0.8,0.8,0.8,1.0,,0.8,0.8,0.8,,0.6,1.0,0.83,0.67
89,0.6555481553077698,female,52.0,45_54,french,canadian_quebecois,graduate,20k_to_40k,employed,6,1.0,widowed,0.0,5_plus_persons,0.0,children_under_18,other_religion,0.5,other_regions,type_1,,1.0,1.0,0.67,0.67,0.33,0.0,1.0,adq,liberal,0.33,1.0,1.0,0.33,1.0,1.0,1.0,0.33,1.0,0.0,1.0,0.33,1.0,pq,bloc,0.3,0.5,0.1,0.7,0.7,0.1,0.3,0.05,0.6,,0.8,0.6,0.0,1.0,0.33,0.0,1.0,0.33,0.67,0.67,1.0,0.0,0.0,0.67,1.0,0.0,,0.8,,0.4,0.4,0.8,0.8,0.8,0.8,,0.4,0.83,0.5,0.5
90,0.3720875084400177,female,29.0,25_34,french,canadian_quebecois,college_cegep,40k_to_60k,employed,12,1.0,common_law,0.0,2_persons,1.0,no_children,other_christian,0.0,quebec_city,type_1,,0.67,1.0,0.0,0.67,1.0,1.0,1.0,pq,ndp,0.67,0.75,1.0,1.0,0.5,1.0,0.67,0.0,1.0,0.0,0.0,0.67,1.0,adq,,0.4,0.6,0.9,0.5,0.4,0.4,0.4,0.8,0.6,0.4,0.3,0.9,0.0,1.0,0.0,0.33,0.67,1.0,0.33,0.0,1.0,1.0,1.0,0.67,0.67,1.0,0.6,0.6,0.6,0.2,0.4,0.6,0.6,0.8,0.6,0.6,0.4,1.0,0.67,0.67
91,0.3720875084400177,female,31.0,25_34,french,canadian_quebecois,college_cegep,,retired,3,1.0,widowed,1.0,5_plus_persons,0.0,children_under_18,protestant,0.5,other_regions,type_1,,1.0,1.0,0.67,1.0,1.0,0.33,0.0,adq,liberal,0.67,1.0,1.0,1.0,1.0,0.67,0.67,0.67,0.0,0.0,0.0,0.67,0.0,,,0.65,0.7,0.65,0.75,0.65,0.5,0.55,0.45,0.7,0.5,0.75,0.7,0.0,1.0,0.0,0.67,1.0,0.67,0.33,0.33,1.0,0.0,1.0,1.0,1.0,0.0,0.6,0.8,0.6,0.2,0.4,0.4,0.8,0.8,0.8,0.8,0.4,0.5,0.5,0.5
92,0.1873806416988372,male,58.0,55_64,french,canadian_quebecois,college_cegep,under_20k,employed,12,1.0,widowed,,5_plus_persons,1.0,no_children,other_christian,0.5,eastern_quebec,type_1,,0.67,0.67,0.33,1.0,0.67,0.0,1.0,pq,liberal,0.33,0.75,0.67,0.33,1.0,0.67,1.0,0.33,1.0,0.0,1.0,0.67,1.0,adq,green,0.3,0.5,0.5,0.1,0.3,0.3,0.1,0.5,0.1,0.3,0.3,0.5,0.0,1.0,0.33,0.67,0.0,0.67,0.33,0.0,1.0,0.0,0.67,0.0,0.0,0.33,,0.6,0.6,,,0.6,0.6,0.8,0.6,0.6,0.6,0.67,0.67,0.67
93,1.3550678491592407,male,25.0,18_24,french,canadian_quebecois,graduate,40k_to_60k,employed,6,1.0,widowed,1.0,3_4_persons,1.0,no_children,catholic,0.5,montreal,type_1,,0.67,0.33,0.33,0.33,1.0,1.0,1.0,adq,liberal,0.67,0.5,0.33,0.33,0.5,0.33,0.67,0.33,1.0,,0.0,1.0,1.0,plq,,1.0,0.0,0.5,0.0,0.45,0.75,0.03,0.51,0.0,0.35,0.0,0.9,1.0,0.0,0.0,1.0,0.67,0.33,0.33,1.0,0.67,0.33,1.0,1.0,1.0,0.67,1.0,,,0.2,0.4,0.6,,1.0,1.0,,,1.0,0.17,0.67
94,0.9961626529693604,female,41.0,35_44,french,canadian_quebecois,bachelor,,student,6,1.0,widowed,0.0,2_persons,0.0,children_under_18,catholic,0.5,quebec_city,type_1,,1.0,0.67,0.67,0.67,0.67,0.33,1.0,adq,liberal,0.67,0.75,0.67,0.33,0.5,0.67,0.67,0.67,1.0,0.0,0.0,0.67,1.0,plq,ndp,0.75,0.0,0.5,,,0.5,0.0,0.5,,,0.5,0.5,0.0,1.0,0.33,0.67,1.0,0.33,0.33,1.0,1.0,0.33,0.67,0.67,0.67,0.33,1.0,1.0,1.0,1.0,1.0,1.0,1.0,1.0,1.0,1.0,1.0,1.0,0.67,0.67
95,1.3550678491592407,male,31.0,25_34,french,canadian_quebecois,college_cegep,40k_to_60k,employed,6,1.0,widowed,1.0,2_persons,0.0,children_18_plus,no_religion,0.5,monteregie,type_1,,0.67,0.67,0.67,1.0,0.33,0.67,0.0,plq,conservative,1.0,1.0,1.0,0.33,0.5,0.67,1.0,0.0,1.0,0.0,1.0,0.33,1.0,,,0.6,0.6,0.5,0.4,,0.5,0.5,0.4,0.4,0.6,0.65,0.5,0.0,1.0,0.0,0.67,1.0,0.33,0.33,0.0,0.33,0.33,0.33,0.67,1.0,0.33,,,,0.2,,,,0.8,,,,,0.33,0.5
96,0.9693608283996582,female,34.0,25_34,french,canadian_quebecois,college_cegep,20k_to_40k,employed,6,1.0,widowed,1.0,3_4_persons,0.0,children_18_plus,other_religion,0.5,other_regions,type_1,,0.67,1.0,1.0,1.0,0.67,0.33,1.0,pq,ndp,0.67,1.0,1.0,0.33,1.0,0.67,0.67,0.33,1.0,0.0,1.0,0.67,0.0,qs,green,0.3,0.5,0.5,0.8,0.8,0.0,0.4,0.5,0.8,,0.5,0.5,0.0,1.0,0.0,0.67,1.0,0.67,0.67,0.67,1.0,0.0,0.0,0.67,0.0,0.0,,0.4,1.0,0.2,0.4,0.4,0.8,0.8,0.4,,0.4,0.5,0.5,0.5
97,0.2219046652317047,male,53.0,45_54,french,canadian_quebecois,high_school,40k_to_60k,employed,3,1.0,widowed,,2_persons,0.0,children_under_18,protestant,0.5,other_regions,type_1,,1.0,0.67,0.67,0.67,1.0,0.67,1.0,plq,conservative,0.67,1.0,0.67,0.33,1.0,0.33,0.67,0.67,0.0,0.0,1.0,0.67,1.0,pq,ndp,0.55,0.75,0.65,0.6,0.6,0.35,0.55,0.5,0.5,0.5,0.8,0.75,0.0,1.0,0.67,0.67,0.67,0.33,1.0,0.33,1.0,0.0,0.67,0.67,1.0,0.33,0.8,0.8,0.8,0.2,0.6,0.6,0.8,0.8,0.8,0.8,0.8,1.0,0.67,0.67
98,1.728875994682312,female,51.0,45_54,other,other_european,elementary,under_20k,student,6,,single,0.0,3_4_persons,0.0,children_under_18,other_religion,1.0,montreal,type_1,,1.0,1.0,1.0,0.0,0.0,0.0,1.0,plq,,0.0,1.0,1.0,1.0,,0.0,0.33,0.33,1.0,0.0,0.0,1.0,0.0,plq,bloc,0.9,0.7,0.2,0.8,0.5,0.75,0.0,0.5,0.75,0.4,0.0,0.9,1.0,0.0,0.0,0.67,1.0,0.67,0.67,0.33,0.33,0.33,0.0,1.0,1.0,0.0,1.0,1.0,0.4,0.2,0.4,0.4,0.8,0.8,1.0,,1.0,1.0,,1.0
99,0.3823769092559814,female,44.0,35_44,french,canadian_quebecois,college_cegep,40k_to_60k,employed,3,1.0,common_law,1.0,3_4_persons,0.0,no_children,,,outaouais,type_1,0.0,0.67,1.0,0.67,1.0,0.67,1.0,1.0,plq,conservative,0.0,1.0,1.0,1.0,0.5,0.67,1.0,0.0,1.0,0.0,1.0,0.33,0.0,,,0.3,0.3,0.3,,,0.2,0.1,0.4,,,0.5,1.0,0.0,,0.0,0.67,1.0,0.67,0.67,0.0,1.0,0.33,0.33,0.33,1.0,0.0,,0.6,,0.2,,0.6,,0.8,,,,0.17,,0.67
100,3.780189752578736,male,24.0,18_24,french,canadian_quebecois,high_school,under_20k,retired,1,1.0,divorced_separated,1.0,3_4_persons,0.0,children_under_18,protestant,0.5,other_regions,type_1,,1.0,1.0,1.0,0.67,0.0,1.0,1.0,adq,liberal,1.0,0.75,1.0,0.0,1.0,0.67,0.67,0.33,0.0,0.0,0.0,0.33,0.0,pq,ndp,0.15,0.75,0.05,0.0,0.0,0.15,0.5,0.35,0.0,0.0,0.75,0.75,1.0,1.0,1.0,1.0,1.0,0.33,0.33,0.67,1.0,0.33,1.0,0.67,0.33,0.0,0.8,0.8,0.8,0.6,0.8,0.6,0.8,0.8,0.8,0.6,0.6,0.67,0.67,0.67
101,1.1433428525924685,male,53.0,45_54,french,canadian_quebecois,high_school,under_20k,student,25,1.0,widowed,,1_person,1.0,children_18_plus,protestant,1.0,monteregie,type_1,,1.0,1.0,1.0,1.0,1.0,1.0,1.0,plq,,1.0,1.0,1.0,1.0,1.0,1.0,1.0,0.0,1.0,0.0,1.0,0.33,1.0,pq,,0.2,0.8,0.7,0.4,0.35,0.3,0.7,0.8,,,0.8,0.6,0.0,0.0,1.0,0.33,1.0,1.0,0.67,0.67,1.0,1.0,0.0,1.0,1.0,0.0,0.8,0.8,0.8,0.8,0.8,0.8,0.8,0.8,0.8,0.8,0.8,0.67,0.67,0.67
102,0.3228451609611511,female,74.0,65_plus,french,canadian_quebecois,college_cegep,under_20k,self_employed,3,1.0,married,0.0,2_persons,1.0,no_children,catholic,0.5,quebec_city,type_1,,1.0,1.0,0.67,0.67,0.67,1.0,1.0,plq,ndp,0.67,1.0,0.67,1.0,0.5,1.0,1.0,0.67,0.0,0.0,0.0,0.67,0.0,adq,liberal,0.8,0.05,0.7,0.0,0.05,0.8,0.05,0.85,0.0,0.0,0.6,0.6,0.0,1.0,0.0,0.67,1.0,0.67,0.33,1.0,1.0,,0.0,1.0,0.67,0.0,1.0,0.6,1.0,1.0,0.6,0.6,1.0,1.0,0.6,0.6,0.6,1.0,0.67,0.67
103,0.9654632806777954,male,60.0,55_64,french,canadian_quebecois,high_school,under_20k,employed,26,1.0,widowed,,2_persons,0.0,no_children,protestant,0.0,monteregie,type_1,,1.0,1.0,1.0,0.67,0.67,0.0,0.0,qs,liberal,0.67,1.0,1.0,0.67,1.0,1.0,0.67,0.33,1.0,0.0,1.0,0.67,1.0,,,0.1,0.8,0.4,0.2,0.2,0.1,0.4,0.2,0.5,,0.3,0.8,1.0,,1.0,1.0,1.0,0.0,0.33,0.33,1.0,0.33,1.0,1.0,1.0,0.0,,,,,,,0.8,0.8,0.8,0.6,0.8,0.83,,0.67
104,0.2516313791275024,female,48.0,45_54,french,canadian_quebecois,bachelor,40k_to_60k,employed,3,1.0,divorced_separated,1.0,2_persons,0.0,children_18_plus,other_christian,0.5,quebec_city,type_1,,1.0,1.0,1.0,1.0,1.0,0.67,1.0,plq,ndp,0.67,1.0,1.0,0.67,1.0,0.33,0.33,0.67,1.0,0.0,0.0,0.67,0.0,plq,ndp,0.8,0.8,0.9,0.7,0.7,0.7,0.8,0.9,0.9,0.8,0.7,0.7,1.0,0.0,0.0,1.0,0.33,0.0,0.33,0.33,1.0,0.33,1.0,0.33,0.33,0.0,1.0,1.0,1.0,0.6,0.6,0.6,0.6,0.8,1.0,1.0,0.6,1.0,0.83,0.67
105,0.2219046652317047,male,53.0,45_54,french,canadian_quebecois,bachelor,over_150k,employed,12,1.0,widowed,1.0,3_4_persons,0.0,children_under_18,,,,type_1,1.0,0.67,0.67,0.67,0.67,1.0,0.67,1.0,plq,conservative,0.0,0.0,0.0,0.0,1.0,0.33,0.0,0.33,1.0,0.0,1.0,0.67,1.0,,,0.25,0.4,0.3,0.25,0.1,0.15,0.5,0.4,0.45,0.1,0.5,0.5,0.0,1.0,0.67,0.67,1.0,0.67,0.33,0.67,1.0,0.33,0.33,0.67,0.67,0.33,0.8,0.8,0.8,0.8,0.8,0.8,0.8,0.8,0.8,0.8,0.8,0.83,0.83,0.67
106,1.8733046054840088,female,38.0,35_44,english,canadian_quebecois,high_school,under_20k,employed,17,1.0,widowed,1.0,2_persons,0.0,children_under_18,other_christian,0.0,other,type_1,,1.0,1.0,0.67,1.0,1.0,1.0,1.0,,other,0.67,1.0,1.0,0.67,1.0,1.0,0.67,0.33,1.0,0.0,1.0,0.33,0.0,adq,conservative,0.1,0.3,0.8,,,0.0,0.7,0.8,,,0.5,0.5,0.0,1.0,0.67,1.0,0.67,0.67,0.33,0.0,0.33,,0.67,0.33,0.67,0.0,0.6,0.6,0.6,0.6,0.6,0.6,0.6,0.6,0.6,0.6,0.6,0.67,0.67,0.67
107,1.4200392961502075,male,65.0,55_64,french,other,graduate,over_150k,self_employed,5,1.0,widowed,1.0,5_plus_persons,0.0,no_children,protestant,0.0,other_regions,type_1,,1.0,0.67,0.33,0.67,1.0,0.0,1.0,qs,ndp,0.67,0.75,0.67,0.67,1.0,0.67,1.0,0.33,1.0,0.0,1.0,0.33,1.0,pq,bloc,0.0,0.9,0.1,0.8,0.3,0.0,0.4,0.1,0.9,0.2,0.8,0.2,0.0,1.0,0.33,0.67,1.0,0.0,0.33,0.67,1.0,0.0,0.33,1.0,1.0,0.0,0.4,0.8,0.4,0.2,0.4,0.6,0.8,0.8,0.8,0.6,0.4,0.5,0.5,0.67
108,0.3228451609611511,female,83.0,65_plus,french,canadian_quebecois,college_cegep,20k_to_40k,self_employed,3,1.0,common_law,,2_persons,1.0,both,protestant,0.5,outaouais,type_1,,1.0,1.0,0.33,1.0,0.67,0.33,1.0,pq,liberal,0.0,1.0,1.0,1.0,1.0,0.67,0.67,0.67,0.0,,,0.67,0.0,pq,ndp,0.25,0.75,0.75,0.75,0.75,0.6,0.5,0.6,0.8,,0.8,0.8,0.0,1.0,0.0,,1.0,0.67,0.33,0.67,0.33,1.0,1.0,0.67,0.33,0.33,0.4,0.8,0.4,0.2,0.4,0.6,0.8,0.8,0.4,0.8,0.4,,,0.67
109,0.6555481553077698,female,48.0,45_54,french,canadian_quebecois,high_school,20k_to_40k,student,6,1.0,divorced_separated,1.0,2_persons,0.0,children_under_18,protestant,0.5,other_regions,type_1,,1.0,1.0,0.67,1.0,0.67,0.67,1.0,plq,,1.0,1.0,0.67,0.33,1.0,0.67,0.67,0.33,0.0,0.0,1.0,0.33,0.0,pq,,0.1,0.8,0.5,0.1,0.0,0.2,0.8,0.6,0.1,0.0,0.2,0.5,1.0,1.0,0.67,0.67,0.33,0.33,0.33,0.67,1.0,0.67,0.67,0.67,0.33,0.33,0.8,0.8,0.8,0.8,0.8,0.8,0.8,0.8,0.8,0.8,0.8,0.83,0.83,0.83
110,1.3865697383880615,female,44.0,35_44,french,canadian_quebecois,college_cegep,20k_to_40k,employed,17,1.0,common_law,1.0,2_persons,0.0,children_under_18,other_christian,0.5,eastern_quebec,type_1,,0.67,0.67,0.67,0.67,1.0,0.67,1.0,plq,ndp,0.67,0.75,0.67,0.33,0.5,0.33,0.67,0.33,1.0,0.0,1.0,0.67,0.0,other,ndp,0.7,0.6,0.8,0.8,0.8,0.7,0.7,0.8,0.8,0.8,0.8,0.8,1.0,1.0,0.33,0.33,0.67,0.33,0.33,1.0,1.0,,0.67,0.67,0.67,0.33,,1.0,1.0,0.2,0.4,0.6,1.0,1.0,0.6,1.0,0.6,1.0,0.5,0.67
111,0.9346079230308532,male,63.0,55_64,french,canadian_quebecois,bachelor,20k_to_40k,self_employed,32,1.0,widowed,1.0,5_plus_persons,0.0,no_children,protestant,0.0,other_regions,type_1,,1.0,0.67,0.67,1.0,1.0,0.33,1.0,plq,bloc,1.0,0.75,0.67,1.0,1.0,0.67,0.67,0.33,1.0,0.0,0.0,0.67,1.0,pq,,0.4,0.75,0.65,0.5,0.7,0.4,0.8,0.65,0.5,0.5,0.6,0.75,0.0,1.0,0.33,1.0,0.33,0.67,0.67,0.67,1.0,0.0,0.0,0.33,0.33,0.0,,,0.8,0.8,,0.6,0.8,0.8,,,,0.83,0.0,0.67
112,0.9654632806777954,male,60.0,55_64,french,canadian_quebecois,bachelor,80k_to_100k,employed,7,0.0,divorced_separated,1.0,2_persons,0.0,children_18_plus,catholic,0.5,montreal,type_1,,1.0,1.0,0.33,1.0,0.33,1.0,1.0,adq,liberal,1.0,0.75,0.33,0.33,0.5,0.67,1.0,0.33,1.0,0.0,1.0,0.67,1.0,plq,ndp,0.7,0.3,0.6,0.5,0.6,0.5,0.5,0.5,0.4,0.4,0.5,0.5,0.0,1.0,0.0,0.67,0.67,0.67,0.67,1.0,0.33,0.33,0.33,0.67,1.0,0.33,1.0,1.0,1.0,0.2,0.6,0.8,1.0,1.0,1.0,1.0,0.6,1.0,1.0,0.67
113,0.3720875084400177,female,34.0,25_34,french,canadian_quebecois,bachelor,under_20k,employed,3,1.0,widowed,,5_plus_persons,1.0,no_children,no_religion,1.0,eastern_quebec,type_1,,0.67,1.0,1.0,1.0,0.33,0.33,0.0,plq,ndp,0.67,1.0,1.0,0.0,0.0,1.0,0.67,0.0,1.0,1.0,1.0,0.0,1.0,,,0.0,,0.5,1.0,1.0,0.0,0.5,0.5,0.5,0.5,0.0,0.5,0.0,1.0,0.0,0.67,0.33,0.0,0.33,0.33,1.0,,,0.67,0.0,0.0,,0.6,,0.2,0.6,0.6,,,0.6,0.6,0.6,1.0,0.67,
114,1.2432608604431152,female,47.0,45_54,french,canadian_quebecois,high_school,40k_to_60k,employed,26,1.0,common_law,1.0,1_person,1.0,no_children,catholic,0.5,montreal,type_1,,1.0,0.67,0.67,0.67,0.33,1.0,1.0,plq,ndp,0.67,0.75,0.67,1.0,0.5,0.33,0.67,0.67,1.0,0.0,0.0,0.67,0.0,adq,liberal,0.8,0.3,0.8,0.2,0.4,0.8,0.3,0.8,,0.3,0.0,0.8,1.0,0.0,0.0,0.67,0.67,0.67,0.33,1.0,1.0,0.33,1.0,1.0,0.33,0.33,1.0,0.6,1.0,0.6,0.6,0.6,1.0,,0.6,1.0,0.6,1.0,0.67,0.67
115,0.5535573959350586,female,57.0,55_64,french,canadian_quebecois,graduate,40k_to_60k,employed,15,1.0,widowed,1.0,3_4_persons,1.0,no_children,other_religion,1.0,other_regions,type_1,,1.0,1.0,0.67,0.67,0.67,0.33,1.0,adq,liberal,0.33,1.0,1.0,0.33,1.0,1.0,1.0,0.33,1.0,0.0,1.0,0.33,1.0,qs,conservative,0.03,0.65,,1.0,0.25,0.25,0.7,0.85,1.0,0.1,0.5,0.7,0.0,1.0,0.67,0.67,0.67,0.33,0.67,0.67,1.0,0.0,1.0,0.0,0.0,0.0,0.6,0.6,0.4,0.4,0.4,0.4,0.8,0.6,0.6,0.6,0.6,0.5,0.5,0.67
116,0.9961626529693604,female,43.0,35_44,french,canadian_quebecois,college_cegep,under_20k,employed,6,1.0,common_law,0.0,2_persons,0.0,children_under_18,other_christian,0.0,,type_1,,0.67,0.67,0.33,1.0,1.0,1.0,1.0,plq,other,1.0,1.0,0.67,0.67,0.5,1.0,0.67,0.33,1.0,0.0,1.0,0.33,0.0,other,ndp,0.2,0.5,0.75,0.6,0.8,0.02,0.6,0.75,0.6,0.75,0.0,0.75,1.0,0.0,0.0,0.67,0.33,0.33,0.67,0.0,1.0,1.0,0.0,0.67,0.33,0.0,,0.6,0.6,0.8,0.8,0.6,1.0,0.6,0.8,0.6,0.8,0.67,0.83,0.67
117,1.3865697383880615,female,37.0,35_44,french,canadian_quebecois,bachelor,over_150k,employed,17,1.0,widowed,1.0,3_4_persons,0.0,children_18_plus,other_christian,1.0,quebec_city,type_1,,0.33,0.67,0.33,0.67,0.67,0.67,1.0,pq,ndp,0.33,0.75,0.67,0.33,0.5,0.67,1.0,0.33,1.0,0.0,1.0,0.67,1.0,adq,,0.65,0.4,0.95,,,0.7,0.7,0.9,0.5,0.5,0.0,0.9,0.0,1.0,0.0,1.0,1.0,0.33,0.33,1.0,1.0,0.67,1.0,0.33,1.0,0.33,0.6,0.6,,0.2,,0.6,0.6,0.6,0.6,0.6,0.6,0.67,0.67,0.67
118,0.3281298279762268,male,34.0,25_34,french,canadian_quebecois,bachelor,over_150k,employed,3,1.0,divorced_separated,0.0,3_4_persons,0.0,children_under_18,other_christian,1.0,quebec_city,type_1,,0.67,0.67,0.33,0.67,0.67,0.67,1.0,qs,conservative,0.33,0.5,0.67,0.33,0.5,0.33,0.33,0.33,1.0,0.0,1.0,1.0,1.0,adq,liberal,0.7,0.3,0.9,0.0,0.1,0.7,0.0,0.95,0.0,,0.5,0.95,1.0,1.0,0.0,0.67,0.33,0.33,0.33,1.0,1.0,0.67,0.67,0.67,0.67,0.67,0.6,0.6,0.6,0.6,0.6,0.6,1.0,0.8,0.6,0.6,0.6,0.67,0.67,0.67
119,1.097648024559021,male,62.0,55_64,french,canadian_quebecois,bachelor,40k_to_60k,self_employed,11,1.0,divorced_separated,1.0,2_persons,0.0,children_under_18,protestant,0.5,other_regions,type_1,,0.33,0.67,1.0,0.67,1.0,0.33,1.0,plq,ndp,1.0,0.5,1.0,,1.0,0.33,1.0,0.67,,,0.0,1.0,1.0,pq,ndp,0.7,0.75,0.6,0.6,0.5,0.4,0.55,0.5,0.5,0.4,0.7,0.8,0.0,1.0,0.33,0.67,1.0,0.33,0.33,0.67,1.0,0.0,0.33,1.0,1.0,0.33,1.0,0.8,0.8,0.2,,0.6,0.8,0.8,1.0,,0.8,0.83,0.0,0.83
120,3.573729515075684,male,33.0,25_34,other,other_european,bachelor,20k_to_40k,employed,6,1.0,married,1.0,3_4_persons,1.0,both,catholic,0.5,other_regions,type_1,,1.0,1.0,1.0,1.0,0.67,1.0,0.0,plq,bloc,0.67,1.0,1.0,0.67,1.0,1.0,1.0,0.33,1.0,0.0,1.0,0.67,1.0,,,0.06,0.06,0.05,0.05,0.05,0.0,0.7,0.7,0.8,,0.5,0.0,0.0,0.0,,0.67,1.0,0.67,1.0,0.33,0.33,0.0,0.67,0.67,0.0,0.0,0.6,0.6,,0.8,0.8,,0.8,0.8,0.6,1.0,0.8,1.0,0.67,0.67
121,1.889244079589844,female,41.0,35_44,french,canadian_quebecois,college_cegep,60k_to_80k,employed,25,1.0,widowed,1.0,5_plus_persons,0.0,children_under_18,other_christian,0.5,,type_1,,1.0,1.0,0.33,1.0,0.67,0.67,1.0,plq,conservative,1.0,0.75,1.0,0.33,0.5,0.67,0.67,0.33,1.0,0.0,1.0,0.33,0.0,,,0.8,0.75,0.85,0.75,0.7,0.75,0.75,0.75,0.75,0.75,0.0,1.0,1.0,1.0,1.0,0.67,0.33,1.0,0.33,0.0,0.67,1.0,0.67,0.0,0.33,0.33,0.6,0.6,0.8,1.0,,0.6,0.8,1.0,1.0,1.0,0.6,0.0,0.67,0.67
122,0.3281298279762268,male,29.0,25_34,french,canadian_quebecois,college_cegep,20k_to_40k,employed,3,1.0,widowed,0.0,1_person,1.0,both,other_christian,0.0,montreal,type_1,,0.0,0.33,0.33,1.0,0.0,1.0,1.0,other,bloc,0.0,0.0,0.33,0.0,0.5,1.0,1.0,0.33,1.0,0.0,0.0,0.33,1.0,adq,green,0.0,0.4,0.9,,0.5,0.0,,0.8,,,0.0,1.0,1.0,1.0,0.0,0.67,0.33,1.0,0.67,1.0,0.33,0.67,0.67,0.67,1.0,0.33,,,,,,,0.8,0.6,0.2,,,,0.17,0.33
123,0.9654632806777954,male,63.0,55_64,french,canadian_quebecois,high_school,under_20k,self_employed,26,1.0,widowed,0.0,5_plus_persons,1.0,no_children,protestant,1.0,other_regions,type_1,,1.0,1.0,0.67,0.67,1.0,0.67,1.0,plq,,1.0,0.75,0.67,1.0,0.5,0.67,1.0,0.33,1.0,0.0,0.0,0.0,1.0,pq,,0.3,0.6,0.54,0.2,0.05,0.3,0.6,0.25,0.15,0.05,0.4,0.75,0.0,1.0,1.0,0.33,1.0,1.0,1.0,0.67,1.0,0.33,0.0,1.0,0.33,1.0,0.8,0.8,0.8,0.8,0.8,0.8,0.8,0.8,0.8,0.8,0.8,0.83,0.83,0.83
124,1.2432608604431152,female,53.0,45_54,french,canadian_quebecois,high_school,60k_to_80k,employed,26,1.0,divorced_separated,1.0,5_plus_persons,0.0,children_18_plus,other_religion,0.5,other_regions,type_1,,0.0,1.0,0.67,1.0,1.0,0.0,1.0,pq,liberal,0.67,0.75,0.0,0.0,1.0,0.33,0.67,0.67,0.0,,1.0,0.33,1.0,pq,bloc,0.1,0.5,0.1,0.8,0.4,0.1,0.7,0.1,0.9,0.6,0.6,0.6,0.0,1.0,0.33,0.67,0.67,0.33,0.67,0.67,1.0,0.0,0.0,0.33,0.33,0.0,0.4,0.8,0.8,0.4,0.4,0.4,0.8,0.8,0.8,1.0,0.4,0.5,0.5,0.5
125,1.6366344690322876,male,33.0,25_34,french,canadian_quebecois,college_cegep,60k_to_80k,employed,5,1.0,widowed,1.0,5_plus_persons,1.0,no_children,other_christian,0.5,other_regions,type_1,,1.0,1.0,0.67,0.67,0.33,0.0,1.0,plq,,0.0,0.5,0.67,0.67,0.5,0.33,0.67,0.67,1.0,,0.0,0.67,1.0,adq,green,0.4,0.25,0.7,,0.8,0.4,0.1,1.0,,,0.5,0.6,0.0,1.0,0.0,0.33,0.0,0.67,0.67,0.0,1.0,0.0,1.0,0.33,0.0,0.0,,0.8,0.6,0.2,0.8,1.0,0.6,0.6,1.0,1.0,0.6,0.67,0.0,0.67
126,0.9693608283996582,female,27.0,25_34,french,canadian_quebecois,college_cegep,,homemaker,6,1.0,widowed,1.0,5_plus_persons,,children_18_plus,other_religion,1.0,other_regions,type_1,,0.67,0.67,0.67,1.0,0.67,0.33,1.0,,,0.67,1.0,1.0,0.33,1.0,1.0,1.0,0.0,1.0,0.0,1.0,0.0,1.0,qs,conservative,0.1,0.6,0.4,0.8,0.8,0.25,0.4,0.3,0.85,,0.5,0.1,0.0,1.0,1.0,0.67,0.67,1.0,0.33,0.67,1.0,0.0,0.0,0.0,0.33,0.0,0.4,0.4,,0.4,0.4,0.4,0.4,0.4,,0.8,0.4,0.5,0.5,0.5
127,0.9163962006568908,male,45.0,35_44,french,canadian_quebecois,college_cegep,60k_to_80k,employed,16,1.0,widowed,1.0,3_4_persons,0.0,no_children,,,,type_1,0.0,0.67,0.33,0.67,0.67,0.67,0.33,1.0,adq,liberal,0.33,0.75,0.67,1.0,0.5,0.33,0.67,0.33,1.0,0.0,1.0,0.33,1.0,adq,,0.5,0.5,0.6,0.4,0.45,0.45,0.48,0.58,,,0.35,0.35,0.0,1.0,0.0,0.67,0.67,0.33,0.33,0.33,1.0,0.0,0.67,0.67,0.67,0.33,1.0,0.8,0.6,0.2,0.6,0.6,0.8,0.8,0.6,0.6,0.6,0.83,0.67,0.67
128,1.3492573499679563,female,34.0,25_34,french,canadian_quebecois,bachelor,60k_to_80k,employed,32,1.0,divorced_separated,1.0,3_4_persons,0.0,children_under_18,other_christian,0.5,other_regions,type_1,,0.67,0.67,0.33,0.33,0.33,0.67,1.0,adq,liberal,0.33,0.75,1.0,0.33,0.5,0.67,1.0,0.33,1.0,0.0,0.0,0.67,1.0,adq,conservative,0.5,0.7,0.85,,,0.5,0.65,0.8,,,0.7,0.9,0.0,1.0,0.0,0.67,0.33,0.0,0.67,0.67,1.0,1.0,0.67,0.33,0.33,0.0,0.6,0.6,0.8,0.2,0.6,0.6,0.8,0.8,0.8,0.6,0.6,0.67,0.67,0.67
129,0.6555481553077698,female,45.0,35_44,french,canadian_quebecois,graduate,over_150k,employed,16,1.0,widowed,1.0,5_plus_persons,0.0,children_under_18,protestant,0.0,montreal,type_1,,0.67,1.0,0.67,1.0,0.67,0.33,1.0,adq,conservative,0.33,0.75,0.67,0.33,1.0,0.67,0.67,0.33,1.0,0.0,0.0,0.67,1.0,other,conservative,0.4,0.6,0.4,0.5,0.9,0.4,0.7,0.6,0.7,0.7,0.4,0.7,0.0,1.0,0.33,0.67,0.67,0.33,0.33,0.67,1.0,0.33,0.67,0.67,0.67,0.33,0.8,0.8,0.4,0.8,0.4,0.4,0.8,0.8,0.8,0.6,0.4,0.83,0.33,0.5
130,1.595116138458252,female,65.0,55_64,french,canadian_quebecois,high_school,20k_to_40k,self_employed,26,1.0,single,0.0,2_persons,0.0,no_children,other_christian,1.0,other_regions,type_1,,0.67,0.67,0.0,1.0,1.0,0.67,1.0,adq,liberal,1.0,0.0,1.0,0.0,1.0,0.33,0.67,0.67,1.0,0.0,1.0,0.67,0.0,plq,ndp,0.7,0.6,0.8,0.1,0.4,0.6,0.5,0.9,0.1,0.4,0.7,0.8,1.0,1.0,0.67,0.67,0.33,0.33,0.33,0.67,1.0,0.0,1.0,1.0,0.67,0.33,1.0,0.6,1.0,1.0,0.6,0.6,0.8,0.8,1.0,0.6,0.6,1.0,0.67,0.67
131,0.5535573959350586,female,56.0,55_64,french,canadian_quebecois,bachelor,80k_to_100k,self_employed,16,1.0,widowed,1.0,3_4_persons,0.0,children_under_18,other_christian,0.5,other_regions,type_1,,0.67,1.0,0.67,0.67,0.67,0.33,1.0,adq,liberal,0.33,0.75,0.33,0.0,0.5,1.0,0.67,0.33,0.0,,1.0,0.67,1.0,adq,,0.0,0.5,1.0,,,0.5,0.3,0.7,0.3,0.3,0.8,0.8,0.0,1.0,0.0,0.67,1.0,0.67,0.33,0.33,1.0,0.0,1.0,1.0,0.67,0.33,,,,,0.6,0.6,0.6,0.6,0.6,0.6,0.6,0.67,0.67,0.67
132,0.3281298279762268,male,28.0,25_34,french,canadian_quebecois,college_cegep,,employed,12,1.0,divorced_separated,0.0,3_4_persons,0.0,no_children,other_christian,0.5,quebec_city,type_1,,0.67,0.67,0.33,0.67,0.67,0.67,1.0,pq,ndp,0.33,0.5,0.67,0.33,0.5,0.33,0.67,0.33,1.0,0.0,0.0,0.67,1.0,adq,,0.5,0.1,0.75,0.0,0.3,0.5,0.2,0.8,0.05,,0.05,0.6,0.0,1.0,0.0,0.67,1.0,0.33,0.33,1.0,1.0,1.0,0.67,0.67,0.33,0.0,0.6,0.6,1.0,0.2,1.0,0.6,0.6,0.6,0.6,0.6,0.6,0.67,0.67,0.67
133,1.595116138458252,female,66.0,65_plus,french,canadian_quebecois,high_school,,self_employed,26,1.0,widowed,1.0,3_4_persons,0.0,children_under_18,protestant,0.5,other_regions,type_1,,0.67,1.0,0.67,1.0,0.67,0.33,1.0,adq,liberal,1.0,1.0,1.0,0.33,1.0,0.33,1.0,0.67,0.0,,1.0,0.67,1.0,pq,,0.4,0.6,0.2,0.5,0.5,0.5,0.6,0.3,0.5,,0.8,0.7,1.0,1.0,0.33,1.0,0.67,0.67,0.33,0.67,1.0,0.0,0.67,0.67,0.67,0.0,0.8,0.8,0.8,0.8,0.8,0.8,0.8,0.8,0.8,0.8,0.8,0.83,0.0,0.67
134,1.1706970930099487,female,67.0,65_plus,french,canadian_quebecois,bachelor,20k_to_40k,self_employed,17,1.0,single,,2_persons,0.0,children_under_18,catholic,1.0,montreal,type_1,,0.67,0.67,0.67,1.0,0.67,1.0,1.0,plq,ndp,0.33,0.75,1.0,0.0,0.5,0.67,0.67,0.33,0.0,,,0.67,0.0,plq,,0.6,0.6,0.6,0.5,0.25,0.6,0.5,0.5,,,0.7,0.8,,1.0,0.0,0.33,0.67,0.33,0.33,1.0,1.0,0.33,0.33,0.67,0.67,0.67,1.0,1.0,1.0,0.8,1.0,1.0,1.0,,1.0,1.0,0.6,1.0,0.0,1.0
135,0.2219046652317047,male,53.0,45_54,french,canadian_quebecois,college_cegep,80k_to_100k,employed,3,1.0,common_law,0.0,3_4_persons,0.0,no_children,other_christian,0.5,quebec_city,type_1,,1.0,1.0,1.0,0.33,0.33,1.0,1.0,plq,ndp,0.67,1.0,1.0,1.0,0.5,0.33,1.0,0.67,0.0,,0.0,1.0,1.0,adq,liberal,0.5,0.4,0.7,,0.2,0.5,0.45,0.75,,0.4,0.6,0.6,1.0,0.0,0.0,0.67,1.0,0.67,0.33,1.0,0.33,0.33,1.0,0.67,0.67,1.0,0.6,1.0,,0.6,0.6,1.0,0.6,1.0,0.6,0.6,0.6,1.0,0.67,1.0
136,0.9961626529693604,female,36.0,35_44,french,canadian_quebecois,bachelor,over_150k,employed,15,1.0,widowed,1.0,,0.0,children_under_18,catholic,0.0,quebec_city,type_1,,1.0,1.0,0.0,1.0,0.33,0.33,1.0,adq,liberal,0.33,0.75,0.67,0.33,0.5,0.67,0.67,0.33,1.0,1.0,0.0,0.67,0.0,adq,liberal,0.65,0.5,0.6,,0.4,0.6,0.5,0.7,0.2,,0.5,0.6,1.0,1.0,0.0,,1.0,0.33,0.33,1.0,1.0,0.33,0.67,0.67,0.67,0.0,0.6,0.6,,1.0,,1.0,1.0,0.8,1.0,,0.6,1.0,0.67,0.67
137,0.3228451609611511,female,67.0,65_plus,french,canadian_quebecois,bachelor,20k_to_40k,employed,3,1.0,widowed,,5_plus_persons,0.0,no_children,,,quebec_city,type_1,0.0,1.0,1.0,0.67,0.33,0.33,0.0,1.0,adq,conservative,0.33,0.75,0.67,0.0,0.5,1.0,1.0,0.0,1.0,0.0,1.0,0.33,1.0,pq,ndp,0.0,0.3,0.35,0.0,0.02,0.1,0.0,0.3,0.1,,0.3,0.3,0.0,1.0,0.0,0.67,0.67,0.67,0.33,0.0,1.0,0.33,0.67,0.67,0.0,0.0,0.6,0.8,0.6,0.6,0.8,0.8,0.8,0.8,0.6,,0.6,0.17,0.67,0.67
138,0.2219046652317047,male,48.0,45_54,french,canadian_quebecois,graduate,20k_to_40k,employed,3,1.0,divorced_separated,,3_4_persons,0.0,children_18_plus,catholic,0.5,quebec_city,type_1,,1.0,0.67,0.33,0.33,0.67,0.67,1.0,adq,conservative,0.67,0.5,0.67,0.0,0.5,0.33,0.33,0.67,0.0,0.0,0.0,0.67,0.0,plq,green,0.8,0.4,0.5,0.2,0.6,0.6,0.4,0.5,0.3,0.5,0.7,0.8,1.0,0.0,0.0,0.67,0.67,0.33,0.33,1.0,1.0,0.0,0.67,0.67,0.67,0.33,1.0,1.0,1.0,1.0,0.4,1.0,1.0,1.0,1.0,0.6,0.6,1.0,0.67,0.67
139,1.3865697383880615,female,44.0,35_44,french,canadian_quebecois,high_school,under_20k,employed,32,1.0,single,0.0,1_person,1.0,no_children,other_christian,0.0,montreal,type_1,,1.0,1.0,1.0,1.0,0.67,0.33,1.0,plq,ndp,0.67,1.0,1.0,0.67,0.5,0.33,1.0,0.33,1.0,1.0,1.0,0.67,1.0,adq,,0.3,0.5,0.6,0.4,0.3,0.4,0.2,0.6,,,0.0,0.7,1.0,1.0,0.33,,0.67,1.0,0.67,0.33,1.0,0.33,1.0,0.67,0.67,0.0,0.6,0.6,0.6,0.6,0.6,0.6,0.6,0.6,0.6,0.6,0.6,0.67,0.67,0.67
140,0.3281298279762268,male,34.0,25_34,french,canadian_quebecois,bachelor,over_150k,employed,3,1.0,widowed,1.0,3_4_persons,0.0,no_children,,,eastern_quebec,type_1,1.0,0.67,0.67,0.33,0.67,0.67,1.0,1.0,plq,conservative,0.67,0.5,0.33,0.67,1.0,0.67,0.33,0.67,0.0,0.0,0.0,0.67,1.0,,,0.75,0.35,0.8,0.1,0.65,0.85,0.4,0.7,0.05,0.25,0.45,0.8,0.0,1.0,0.67,1.0,0.67,0.0,0.33,0.67,1.0,0.0,1.0,0.67,0.67,0.33,1.0,0.8,0.6,0.2,0.6,0.8,1.0,0.8,0.6,1.0,0.6,1.0,0.67,0.67
141,0.6453179717063904,male,20.0,18_24,french,canadian_quebecois,college_cegep,,retired,3,1.0,widowed,0.0,5_plus_persons,0.0,no_children,,,outaouais,type_1,,1.0,1.0,0.67,0.67,0.67,0.33,1.0,plq,ndp,0.67,0.5,0.67,1.0,0.5,1.0,0.67,0.33,1.0,0.0,0.0,0.33,1.0,adq,,0.0,0.3,0.6,0.55,0.4,0.05,0.0,0.2,0.3,,0.7,0.6,1.0,1.0,0.0,1.0,1.0,0.67,0.33,0.0,0.33,0.33,0.0,0.67,0.67,0.33,0.8,0.8,0.8,0.2,0.8,0.6,0.8,0.4,0.6,0.6,0.8,0.5,0.5,0.67
142,0.1873806416988372,male,57.0,55_64,french,canadian_quebecois,high_school,20k_to_40k,employed,3,1.0,common_law,1.0,1_person,1.0,no_children,protestant,0.0,quebec_city,type_1,,1.0,0.33,0.67,1.0,1.0,0.67,1.0,plq,ndp,0.67,1.0,1.0,0.33,1.0,1.0,1.0,0.0,1.0,0.0,1.0,0.67,0.0,pq,ndp,0.6,0.7,0.5,0.4,0.5,0.6,0.7,0.55,0.6,,0.5,0.6,0.0,1.0,0.33,0.67,0.67,0.67,1.0,0.33,1.0,0.33,0.33,1.0,1.0,0.0,0.8,0.8,1.0,0.8,0.8,0.8,0.8,0.8,1.0,0.8,0.8,0.83,0.83,0.83
143,0.7317694425582886,female,22.0,18_24,french,canadian_quebecois,bachelor,over_150k,retired,12,1.0,widowed,1.0,5_plus_persons,0.0,children_under_18,other_christian,0.5,monteregie,type_1,,1.0,0.67,0.33,0.67,1.0,0.67,1.0,adq,liberal,0.33,1.0,0.67,0.0,0.5,0.33,0.33,0.33,0.0,0.0,0.0,0.67,0.0,other,ndp,0.5,0.7,0.75,0.5,0.8,0.03,0.06,0.07,0.05,0.05,0.85,0.6,1.0,1.0,0.33,1.0,0.67,0.33,0.33,0.0,1.0,0.33,0.33,0.67,0.67,0.33,0.8,0.6,0.8,0.2,0.6,0.8,0.8,0.8,0.2,0.6,0.6,0.67,0.67,0.5
144,2.218165874481201,female,,,,,,,,14,,,1.0,3_4_persons,1.0,no_children,other_christian,0.5,,type_1,,1.0,1.0,0.67,0.67,0.0,0.67,1.0,pq,liberal,0.67,1.0,1.0,1.0,0.5,1.0,1.0,0.33,1.0,0.0,1.0,0.67,1.0,,,0.3,0.4,0.9,0.6,0.5,0.04,0.06,0.8,0.2,0.2,0.0,0.8,0.0,1.0,0.0,0.67,1.0,0.67,0.67,0.0,1.0,1.0,0.0,0.67,0.67,0.33,0.6,0.6,0.6,0.6,0.6,0.6,0.8,0.6,0.6,0.6,0.6,0.67,0.67,0.67
145,1.3096427917480469,female,29.0,25_34,english,canadian_quebecois,bachelor,80k_to_100k,employed,6,0.0,widowed,1.0,5_plus_persons,0.0,children_under_18,catholic,0.0,quebec_city,type_1,,1.0,1.0,1.0,1.0,1.0,0.67,0.0,qs,liberal,0.67,1.0,0.67,0.67,0.5,0.33,0.67,0.33,0.0,1.0,1.0,0.67,0.0,,,0.8,0.65,0.7,,0.7,0.8,0.7,0.85,,,0.4,0.5,0.0,1.0,0.0,0.67,0.67,0.67,0.33,1.0,0.33,0.33,0.33,0.33,0.67,0.33,,,,0.2,,0.6,0.8,0.8,,1.0,,1.0,0.67,0.67
146,0.2516313791275024,female,49.0,45_54,french,canadian_quebecois,college_cegep,40k_to_60k,employed,3,1.0,widowed,1.0,3_4_persons,0.0,children_18_plus,other_religion,0.5,outaouais,type_1,,1.0,1.0,1.0,1.0,0.67,0.67,1.0,pq,,0.0,1.0,0.67,0.33,1.0,0.67,0.67,0.33,1.0,0.0,1.0,0.67,0.0,qs,,0.5,0.5,0.5,0.8,0.5,0.5,0.5,0.5,0.8,0.5,0.8,0.8,,1.0,0.0,0.67,0.33,0.33,0.67,0.33,1.0,0.33,0.33,0.67,0.67,0.33,0.4,0.4,0.4,0.4,0.4,0.4,0.4,0.4,0.4,0.4,0.4,0.5,0.5,0.5
147,1.3925409317016602,male,44.0,35_44,french,canadian_quebecois,bachelor,,employed,6,1.0,widowed,1.0,5_plus_persons,0.0,children_under_18,protestant,0.5,eastern_quebec,type_1,,1.0,0.33,0.0,1.0,0.33,0.33,1.0,plq,ndp,0.33,0.5,0.33,0.33,,0.67,0.33,0.0,1.0,0.0,1.0,0.33,1.0,other,,0.3,0.25,0.31,0.25,0.5,0.26,0.01,0.51,0.25,0.35,0.25,0.75,0.0,1.0,0.33,0.67,,0.33,1.0,0.0,1.0,0.0,0.33,0.33,0.67,0.67,,,,0.2,0.4,0.6,,0.8,1.0,0.6,0.4,0.67,0.67,0.67
148,0.1873806416988372,male,57.0,55_64,french,canadian_quebecois,high_school,20k_to_40k,employed,3,1.0,widowed,1.0,5_plus_persons,1.0,no_children,other_christian,0.5,,type_1,,1.0,0.33,0.33,0.67,1.0,0.33,1.0,plq,ndp,1.0,1.0,1.0,1.0,1.0,1.0,1.0,0.33,1.0,1.0,,0.67,1.0,adq,,0.0,0.2,0.8,0.5,0.05,0.25,0.0,1.0,0.0,0.0,0.0,1.0,1.0,1.0,0.33,1.0,1.0,0.33,1.0,0.33,1.0,0.0,1.0,0.0,1.0,0.0,0.6,0.6,0.6,0.2,0.6,0.6,0.6,0.8,,0.6,0.6,1.0,0.67,0.67
149,0.3399654626846313,female,52.0,45_54,english,canadian_quebecois,bachelor,over_150k,employed,3,1.0,widowed,1.0,5_plus_persons,0.0,children_under_18,other_christian,1.0,quebec_city,type_1,,0.67,1.0,0.67,0.67,0.0,0.0,1.0,adq,bloc,0.0,0.75,1.0,0.0,0.5,0.33,0.67,0.33,1.0,0.0,1.0,0.67,1.0,adq,,0.7,0.25,0.75,0.25,0.1,0.6,0.5,0.75,0.5,,0.1,0.6,1.0,1.0,0.0,0.0,1.0,0.0,1.0,0.0,1.0,0.0,1.0,1.0,1.0,1.0,0.6,0.6,1.0,0.6,1.0,0.6,1.0,1.0,1.0,0.6,0.6,1.0,0.67,0.67
150,1.3492573499679563,female,28.0,25_34,french,canadian_quebecois,college_cegep,40k_to_60k,employed,17,1.0,divorced_separated,1.0,3_4_persons,0.0,children_under_18,other_christian,0.5,monteregie,type_1,,1.0,1.0,1.0,1.0,1.0,0.67,0.0,other,conservative,0.67,1.0,1.0,,,0.67,0.67,0.33,1.0,0.0,1.0,0.67,0.0,,,0.45,0.5,0.75,,0.3,0.04,0.6,0.8,,,0.5,0.8,1.0,0.0,0.33,0.67,0.67,0.33,0.33,0.0,1.0,0.33,0.67,0.67,0.67,0.33,0.6,0.6,0.6,0.2,0.6,0.6,0.6,0.6,0.6,0.6,0.6,0.67,0.67,0.67
151,0.9654632806777954,male,63.0,55_64,french,canadian_quebecois,high_school,20k_to_40k,employed,7,1.0,common_law,,1_person,1.0,no_children,catholic,0.0,montreal,type_1,,1.0,0.33,0.67,1.0,0.67,0.33,1.0,plq,ndp,0.0,1.0,1.0,0.33,0.5,1.0,0.67,0.67,1.0,0.0,,0.67,1.0,plq,ndp,0.8,0.6,0.75,0.0,0.3,0.8,0.2,0.8,0.3,,0.3,0.4,0.0,1.0,0.0,0.67,1.0,0.33,1.0,1.0,0.33,0.0,0.33,1.0,0.67,0.0,1.0,1.0,1.0,1.0,0.6,0.6,1.0,1.0,0.6,,0.6,1.0,0.67,0.67
152,0.3720875084400177,female,32.0,25_34,french,canadian_quebecois,bachelor,over_150k,employed,3,1.0,widowed,1.0,5_plus_persons,0.0,children_under_18,other_christian,0.5,quebec_city,type_1,,0.67,0.67,0.33,0.33,0.33,1.0,1.0,pq,ndp,0.33,0.5,0.67,0.0,0.5,0.67,0.67,0.33,1.0,0.0,1.0,0.67,1.0,adq,,0.5,0.7,0.9,0.0,0.0,0.6,0.5,0.8,0.0,0.0,0.1,0.9,1.0,1.0,0.0,0.67,0.67,0.33,0.33,0.33,1.0,0.67,1.0,0.67,0.67,0.33,0.6,0.6,0.6,0.6,0.6,0.6,0.6,0.8,0.6,0.6,0.6,0.67,0.67,0.67
153,1.299885392189026,male,50.0,45_54,french,canadian_quebecois,college_cegep,over_150k,employed,11,1.0,widowed,,3_4_persons,0.0,children_under_18,other_christian,0.5,quebec_city,type_1,,0.67,1.0,0.67,0.67,0.33,0.0,1.0,plq,ndp,0.67,0.75,0.67,0.67,1.0,0.33,0.67,0.67,1.0,1.0,1.0,0.33,1.0,,,0.5,0.5,0.8,0.85,0.75,0.6,0.3,0.9,0.75,0.75,0.25,0.75,0.0,1.0,0.0,0.67,0.33,0.33,0.33,0.33,1.0,0.0,0.67,0.67,0.33,0.33,0.6,0.6,0.6,0.2,0.6,0.6,0.8,0.6,1.0,0.6,0.6,0.67,0.67,0.67
154,0.1873806416988372,male,63.0,55_64,french,canadian_quebecois,elementary,20k_to_40k,self_employed,3,1.0,widowed,1.0,3_4_persons,1.0,no_children,other_christian,0.0,quebec_city,type_1,,1.0,1.0,1.0,1.0,0.67,1.0,1.0,adq,liberal,0.67,1.0,1.0,1.0,1.0,0.0,1.0,0.0,1.0,0.0,1.0,0.0,1.0,adq,liberal,0.5,0.3,0.9,0.0,0.75,0.4,0.0,0.75,0.0,0.0,0.5,0.5,0.0,1.0,0.0,0.67,1.0,1.0,0.67,0.0,0.33,0.33,0.67,0.67,0.0,0.0,0.6,0.6,0.6,0.6,0.6,0.6,0.6,0.8,0.6,1.0,0.6,1.0,0.67,0.67
155,0.284705102443695,male,79.0,65_plus,french,canadian_quebecois,elementary,20k_to_40k,self_employed,3,1.0,single,0.0,2_persons,1.0,children_18_plus,other_christian,0.5,outaouais,type_1,,1.0,1.0,0.67,0.67,1.0,0.67,1.0,adq,liberal,0.67,1.0,1.0,0.33,0.5,0.67,0.67,0.33,1.0,0.0,0.0,0.67,0.0,adq,,0.5,0.0,1.0,0.0,0.1,0.2,0.1,1.0,0.0,0.0,0.0,0.5,1.0,0.0,0.0,0.67,0.67,0.67,0.33,0.33,0.33,1.0,1.0,0.0,0.0,0.0,0.6,0.6,0.6,0.6,0.6,0.6,0.6,0.6,0.6,0.6,0.6,0.67,0.67,0.67
156,0.8410736918449402,female,67.0,65_plus,french,canadian_quebecois,elementary,under_20k,self_employed,15,1.0,widowed,,3_4_persons,1.0,,,,quebec_city,type_1,0.0,1.0,1.0,1.0,1.0,0.33,0.33,1.0,plq,ndp,1.0,1.0,1.0,0.33,0.5,0.67,0.67,0.33,1.0,,1.0,0.67,1.0,adq,green,0.25,0.25,1.0,,0.75,0.5,,1.0,,,0.25,,1.0,1.0,0.0,0.67,1.0,1.0,0.67,0.0,1.0,0.67,0.0,0.33,0.33,0.0,,0.6,0.6,,0.6,0.6,0.6,0.6,0.6,,,0.0,0.0,
157,0.3228451609611511,female,67.0,65_plus,french,canadian_quebecois,high_school,,employed,3,1.0,divorced_separated,,5_plus_persons,0.0,both,,,other,type_1,,1.0,0.0,0.0,0.0,0.0,0.67,1.0,plq,,0.0,0.0,0.0,0.67,0.5,0.0,0.0,0.0,,1.0,1.0,0.0,,,,0.0,0.0,0.0,0.0,0.0,0.0,0.0,0.0,0.0,0.0,0.0,0.5,0.0,0.0,0.0,0.67,0.0,0.0,0.33,0.0,0.33,0.0,1.0,0.0,1.0,0.0,,,,,,,,,,,,0.17,0.17,0.17
158,1.097648024559021,male,59.0,55_64,french,canadian_quebecois,high_school,40k_to_60k,employed,9,1.0,single,0.0,2_persons,,no_children,other_christian,1.0,other_regions,type_1,,1.0,1.0,1.0,1.0,0.0,1.0,1.0,plq,ndp,1.0,0.5,1.0,0.0,1.0,1.0,1.0,0.0,1.0,0.0,1.0,0.33,1.0,adq,bloc,0.04,0.3,1.0,0.29,0.05,0.5,0.02,1.0,0.75,0.74,1.0,0.5,1.0,1.0,0.0,1.0,0.67,0.33,0.67,0.0,1.0,0.67,1.0,1.0,1.0,0.0,0.6,0.6,0.6,0.6,0.6,0.6,0.6,0.6,0.6,0.6,0.6,0.67,0.67,0.67
159,1.3865697383880615,female,42.0,35_44,french,canadian_quebecois,bachelor,40k_to_60k,employed,32,1.0,divorced_separated,0.0,3_4_persons,0.0,children_under_18,protestant,0.5,monteregie,type_1,,1.0,1.0,0.67,1.0,0.67,0.67,0.0,plq,ndp,0.67,1.0,1.0,0.33,1.0,1.0,1.0,0.33,1.0,0.0,1.0,0.67,0.0,,,0.2,0.2,0.2,0.2,0.2,0.0,0.5,0.5,0.2,0.2,0.5,0.7,0.0,1.0,0.67,0.67,0.67,1.0,0.67,0.33,1.0,0.67,0.67,0.67,0.67,0.0,0.8,0.8,0.8,0.8,0.8,0.8,0.8,0.8,0.8,0.8,0.8,0.83,0.83,0.83
160,0.3372038602828979,male,36.0,35_44,french,canadian_quebecois,college_cegep,40k_to_60k,employed,3,0.0,divorced_separated,1.0,3_4_persons,1.0,no_children,,,quebec_city,type_1,1.0,1.0,1.0,0.67,1.0,1.0,0.33,1.0,plq,bloc,0.33,0.75,0.67,0.33,0.5,0.67,0.67,0.33,1.0,0.0,1.0,0.33,1.0,adq,conservative,0.1,0.4,0.5,0.3,0.4,0.05,0.4,0.6,0.5,,0.5,0.6,0.0,1.0,0.33,0.67,0.33,0.33,1.0,0.0,1.0,0.33,,0.67,0.33,0.33,0.4,0.8,0.6,0.2,0.6,0.4,0.8,0.8,1.0,0.6,0.6,0.67,0.67,0.67
161,0.212483525276184,female,59.0,55_64,french,canadian_quebecois,college_cegep,40k_to_60k,self_employed,3,1.0,divorced_separated,0.0,2_persons,0.0,no_children,protestant,0.5,quebec_city,type_1,,1.0,1.0,0.33,0.67,0.67,0.33,1.0,adq,liberal,1.0,0.5,0.33,0.67,1.0,0.67,0.67,0.33,1.0,0.0,0.0,0.67,1.0,pq,liberal,0.4,0.5,0.4,0.3,0.2,0.4,0.6,0.4,0.7,0.3,0.7,0.75,0.0,1.0,1.0,1.0,0.67,0.67,0.33,0.67,1.0,0.67,0.0,0.67,0.67,0.0,0.6,0.8,0.6,0.4,0.4,0.8,0.8,0.8,0.8,0.6,0.4,0.83,0.67,0.5
162,0.3228451609611511,female,70.0,65_plus,french,canadian_quebecois,graduate,40k_to_60k,self_employed,3,1.0,single,,3_4_persons,0.0,no_children,catholic,0.5,quebec_city,type_1,,1.0,1.0,0.67,1.0,0.67,1.0,1.0,adq,liberal,0.33,1.0,0.67,0.0,0.5,0.33,0.67,0.33,0.0,0.0,0.0,0.67,0.0,plq,conservative,0.5,0.4,0.2,0.15,0.4,0.5,0.1,0.0,0.4,,0.4,0.4,1.0,,0.0,0.67,0.67,0.67,1.0,0.0,1.0,0.0,0.33,0.67,0.67,0.33,1.0,,1.0,0.8,,,1.0,0.8,1.0,,1.0,1.0,0.83,1.0
163,1.2380889654159546,male,45.0,35_44,english,canadian_quebecois,high_school,20k_to_40k,employed,16,0.0,widowed,1.0,5_plus_persons,1.0,children_under_18,catholic,0.5,montreal,type_1,,1.0,1.0,1.0,0.67,1.0,1.0,1.0,qs,ndp,1.0,1.0,1.0,0.67,0.5,0.67,0.67,0.33,1.0,,1.0,0.67,1.0,plq,ndp,0.6,0.3,0.4,0.0,0.1,0.7,0.2,0.5,0.2,0.0,0.0,0.6,0.0,1.0,0.0,0.67,1.0,0.67,1.0,1.0,1.0,1.0,1.0,1.0,0.67,0.33,1.0,1.0,1.0,1.0,0.6,1.0,1.0,0.8,1.0,1.0,0.6,1.0,0.17,0.67
164,0.3372038602828979,male,37.0,35_44,french,canadian_quebecois,bachelor,over_150k,employed,3,1.0,widowed,0.0,5_plus_persons,0.0,no_children,other_christian,0.0,quebec_city,type_1,,0.67,1.0,1.0,1.0,1.0,1.0,1.0,plq,conservative,1.0,0.5,1.0,0.0,1.0,1.0,0.67,0.67,1.0,0.0,1.0,0.67,1.0,adq,green,0.0,0.8,1.0,0.0,0.25,0.0,0.75,1.0,,,0.8,0.8,0.0,1.0,0.33,0.67,1.0,0.0,0.67,0.33,1.0,1.0,1.0,0.33,1.0,0.0,0.6,0.6,0.6,0.6,0.6,0.6,0.8,0.8,0.6,0.6,0.6,0.67,0.67,0.67
165,0.8410736918449402,female,83.0,65_plus,french,other,high_school,,self_employed,13,1.0,,,5_plus_persons,0.0,,other_religion,1.0,,type_1,,1.0,1.0,1.0,1.0,1.0,0.67,1.0,adq,conservative,1.0,1.0,1.0,1.0,0.5,0.67,,1.0,,0.0,0.0,1.0,1.0,plq,,0.5,0.2,0.3,,0.3,0.7,0.6,0.8,0.6,,0.0,0.0,0.0,1.0,0.33,0.0,1.0,0.67,1.0,0.0,0.33,1.0,1.0,1.0,0.67,0.33,,,,,,,,,,,,1.0,,
166,0.9961626529693604,female,40.0,35_44,french,canadian_quebecois,bachelor,over_150k,employed,14,1.0,divorced_separated,1.0,3_4_persons,0.0,children_under_18,other_christian,0.5,,type_1,,1.0,1.0,0.33,0.67,0.67,0.67,0.0,adq,liberal,0.33,0.5,0.67,0.67,0.5,0.67,0.67,0.33,1.0,,0.0,0.67,1.0,,,0.6,0.35,0.5,0.3,0.3,0.55,0.3,0.7,0.65,0.1,0.6,0.7,0.0,1.0,0.33,0.67,0.33,0.33,0.33,0.0,0.33,0.33,0.33,0.33,0.33,0.33,0.6,1.0,0.6,0.6,1.0,0.6,1.0,1.0,0.6,0.6,0.6,0.67,1.0,1.0
167,0.9163962006568908,male,51.0,45_54,french,canadian_quebecois,graduate,40k_to_60k,employed,6,1.0,widowed,1.0,5_plus_persons,0.0,both,protestant,0.5,,type_1,,1.0,1.0,0.33,0.0,0.0,0.0,1.0,adq,liberal,0.0,0.0,0.33,0.0,1.0,0.0,0.0,0.33,0.0,,0.0,0.67,0.0,,conservative,0.4,0.65,0.0,0.25,0.25,0.1,0.5,0.2,0.3,0.3,0.65,0.7,1.0,0.0,0.0,0.67,1.0,0.0,0.33,0.67,1.0,0.0,0.33,1.0,1.0,1.0,0.8,0.8,1.0,0.2,0.8,0.8,0.8,0.8,1.0,1.0,0.6,0.83,0.67,0.5
168,0.212483525276184,female,61.0,55_64,french,canadian_quebecois,college_cegep,20k_to_40k,self_employed,3,1.0,widowed,0.0,2_persons,1.0,no_children,,,,type_1,1.0,1.0,1.0,0.33,0.67,1.0,0.33,1.0,plq,ndp,1.0,1.0,1.0,0.33,0.5,1.0,1.0,0.0,1.0,0.0,0.0,1.0,0.0,,,0.5,0.0,1.0,,,0.0,0.2,1.0,0.7,,0.02,0.05,0.0,,0.0,0.67,,0.67,0.67,0.0,0.33,1.0,0.33,0.0,0.67,1.0,0.6,0.6,0.6,0.6,0.6,0.6,0.6,1.0,,,0.6,0.67,0.67,0.67
169,1.3925409317016602,male,40.0,35_44,french,other,college_cegep,60k_to_80k,employed,6,0.0,common_law,0.0,2_persons,1.0,children_under_18,no_religion,0.5,eastern_quebec,type_1,,0.67,0.67,0.67,1.0,0.67,0.67,1.0,qs,ndp,0.67,1.0,1.0,0.67,0.5,0.67,1.0,0.33,1.0,1.0,1.0,0.67,1.0,other,bloc,0.5,0.4,0.55,0.7,0.8,0.4,0.4,0.5,0.6,0.5,0.5,0.6,0.0,1.0,0.0,0.67,0.67,0.67,0.33,0.0,0.67,0.0,0.67,0.67,0.67,0.33,0.8,0.6,1.0,0.2,0.4,0.6,0.8,0.8,0.8,0.8,0.4,1.0,0.5,0.5
170,1.728875994682312,female,48.0,45_54,other,other,graduate,40k_to_60k,employed,6,1.0,common_law,0.0,5_plus_persons,0.0,no_children,other_christian,0.5,montreal,type_1,,1.0,1.0,0.33,0.67,0.67,1.0,1.0,adq,bloc,0.33,0.75,0.67,1.0,0.5,0.0,0.0,0.33,0.0,,0.0,0.67,0.0,adq,liberal,0.6,0.5,0.65,0.1,0.5,0.6,0.5,0.75,0.1,0.3,0.5,0.6,1.0,1.0,0.0,1.0,1.0,0.33,0.33,1.0,0.33,0.67,1.0,1.0,1.0,0.67,0.6,0.6,1.0,0.2,1.0,0.6,0.8,0.8,1.0,0.6,0.6,1.0,0.67,0.67
171,1.3550678491592407,male,31.0,25_34,french,canadian_quebecois,bachelor,60k_to_80k,employed,16,1.0,widowed,,5_plus_persons,0.0,no_children,other_christian,1.0,quebec_city,type_1,,0.67,1.0,0.33,0.33,0.33,0.0,1.0,plq,ndp,0.0,0.0,0.67,0.67,1.0,0.67,0.67,0.33,0.0,0.0,0.0,0.33,0.0,adq,,0.5,0.6,0.8,0.25,0.1,0.5,0.5,0.8,0.25,0.1,0.5,0.75,0.0,1.0,0.33,1.0,0.67,0.33,0.67,0.67,1.0,0.0,0.33,0.67,0.67,0.67,0.6,0.8,1.0,0.2,0.8,0.6,0.8,0.8,0.6,0.6,0.6,1.0,0.67,0.67
172,1.5534865856170654,female,35.0,25_34,french,canadian_quebecois,graduate,100k_to_120k,employed,11,1.0,married,1.0,2_persons,1.0,children_under_18,catholic,0.0,other_regions,type_1,,1.0,1.0,0.67,1.0,0.67,0.67,1.0,,liberal,0.33,0.75,0.67,0.33,1.0,1.0,0.33,0.33,1.0,0.0,1.0,0.33,1.0,plq,ndp,0.0,0.5,0.5,0.3,0.5,0.1,0.4,0.5,0.5,,0.95,0.8,0.0,1.0,0.33,0.67,0.67,0.67,0.33,0.33,1.0,0.67,0.33,0.33,0.67,0.33,1.0,1.0,0.8,0.4,0.6,0.6,0.8,0.8,1.0,0.4,0.4,0.67,0.67,0.5
173,1.3925409317016602,male,43.0,35_44,french,canadian_quebecois,graduate,100k_to_120k,employed,6,1.0,widowed,1.0,5_plus_persons,0.0,children_under_18,protestant,0.5,other_regions,type_1,,1.0,1.0,0.67,1.0,0.67,0.33,1.0,plq,ndp,0.33,0.75,0.67,0.33,1.0,0.67,0.33,0.67,0.0,,0.0,0.67,1.0,pq,liberal,0.8,0.85,0.7,0.75,0.65,0.75,0.8,0.7,0.75,0.7,0.4,0.6,0.0,1.0,0.67,0.67,0.67,0.33,0.33,0.33,1.0,0.33,0.67,0.67,0.67,0.0,1.0,0.8,0.8,1.0,0.4,0.8,0.8,0.8,1.0,1.0,0.4,1.0,0.0,0.83
174,1.049834966659546,female,62.0,55_64,french,canadian_quebecois,bachelor,over_150k,self_employed,26,1.0,widowed,1.0,5_plus_persons,0.0,both,protestant,0.5,other_regions,type_1,,1.0,1.0,0.67,1.0,1.0,0.0,1.0,plq,ndp,1.0,1.0,0.67,0.33,1.0,0.67,0.67,0.67,1.0,,0.0,0.67,0.0,pq,,0.4,0.8,0.2,0.2,0.7,0.7,0.7,0.3,0.5,0.4,0.1,0.3,0.0,0.0,0.67,1.0,1.0,0.33,0.33,0.67,1.0,0.33,0.33,0.67,1.0,0.67,0.8,1.0,1.0,0.8,1.0,0.6,0.8,0.8,0.8,0.6,0.8,1.0,0.83,0.67
175,0.5535573959350586,female,56.0,55_64,french,other_european,high_school,20k_to_40k,employed,14,,single,0.0,1_person,1.0,children_under_18,other_christian,0.5,,type_1,,1.0,1.0,1.0,1.0,0.0,1.0,1.0,plq,ndp,,1.0,1.0,0.67,0.0,0.67,,0.33,1.0,0.0,1.0,0.67,1.0,,,0.95,0.45,0.9,0.0,,0.75,,,,,0.8,0.4,1.0,0.0,0.33,0.67,1.0,0.67,0.33,0.0,0.67,0.33,,1.0,1.0,0.33,,1.0,0.6,0.6,,,0.8,0.8,,0.6,,0.67,0.67,0.67
176,1.1068066358566284,male,51.0,45_54,french,canadian_quebecois,college_cegep,80k_to_100k,employed,17,1.0,common_law,1.0,2_persons,1.0,no_children,protestant,0.5,other_regions,type_1,,1.0,1.0,0.33,0.67,0.33,0.33,1.0,plq,ndp,0.0,0.5,0.33,0.67,1.0,0.67,0.67,0.33,1.0,0.0,1.0,0.33,1.0,pq,ndp,0.1,0.6,0.3,0.0,0.4,0.0,0.7,0.6,0.1,0.4,0.4,0.5,0.0,1.0,0.33,0.67,0.67,0.0,1.0,0.67,1.0,0.0,0.0,0.67,1.0,0.0,0.8,0.8,0.8,0.2,0.8,0.8,0.8,0.8,0.8,1.0,0.8,0.83,0.83,0.67
177,0.7317694425582886,female,20.0,18_24,french,canadian_quebecois,college_cegep,60k_to_80k,retired,3,1.0,divorced_separated,1.0,3_4_persons,0.0,children_18_plus,other_christian,1.0,,type_1,,1.0,1.0,0.67,1.0,0.67,0.33,1.0,plq,,0.67,0.75,1.0,0.67,,0.33,0.0,0.67,0.0,0.0,0.0,0.67,0.0,adq,liberal,0.6,0.5,0.9,0.5,0.4,0.5,0.7,1.0,,,0.7,0.7,1.0,1.0,0.33,0.67,1.0,0.33,0.33,0.0,0.33,0.33,0.67,0.67,0.67,0.33,1.0,1.0,0.6,0.2,0.6,0.8,0.6,0.6,0.6,,0.6,0.67,0.67,0.67
178,1.3550678491592407,male,30.0,25_34,french,canadian_quebecois,college_cegep,20k_to_40k,employed,14,1.0,divorced_separated,1.0,3_4_persons,0.0,children_under_18,other_christian,0.5,other_regions,type_1,,1.0,0.67,1.0,1.0,0.67,1.0,1.0,qs,liberal,0.0,1.0,0.67,0.33,0.5,0.67,1.0,0.67,1.0,0.0,1.0,0.67,0.0,adq,liberal,0.4,0.3,0.9,0.25,0.25,0.1,0.5,0.85,,,0.7,0.8,0.0,,0.33,1.0,1.0,0.0,1.0,0.33,1.0,0.67,1.0,1.0,1.0,0.0,1.0,0.6,0.6,0.2,0.4,0.6,0.8,0.6,0.6,0.6,0.6,0.67,0.67,0.67
179,1.1706970930099487,female,78.0,65_plus,french,canadian_quebecois,high_school,under_20k,self_employed,5,1.0,single,,1_person,1.0,no_children,protestant,0.5,other_regions,type_1,,0.67,1.0,1.0,1.0,1.0,0.67,1.0,other,liberal,,1.0,1.0,0.67,0.5,1.0,0.0,0.0,1.0,0.0,1.0,0.0,1.0,pq,ndp,0.0,0.5,0.75,,,0.02,0.5,0.75,,,0.3,0.3,0.0,,0.0,0.0,,0.67,0.67,0.33,1.0,1.0,0.0,0.67,,0.0,0.8,0.8,,0.6,0.6,0.6,0.8,,0.8,0.8,0.6,,0.67,0.67
180,0.212483525276184,female,58.0,55_64,french,canadian_quebecois,high_school,40k_to_60k,employed,3,1.0,divorced_separated,1.0,3_4_persons,0.0,children_under_18,protestant,0.5,other_regions,type_1,,1.0,1.0,0.33,1.0,0.67,0.33,1.0,plq,conservative,0.67,1.0,0.67,0.67,1.0,0.67,0.67,0.33,1.0,0.0,1.0,0.67,1.0,pq,,0.25,0.5,0.5,0.25,0.25,0.35,0.35,0.35,0.25,0.25,0.7,0.55,0.0,1.0,0.67,0.67,0.67,1.0,0.33,0.67,1.0,0.0,0.0,0.67,0.67,0.0,0.6,0.8,0.8,0.8,0.8,0.8,0.8,0.8,,0.6,0.8,0.17,0.67,0.17
181,0.3228451609611511,female,86.0,65_plus,french,canadian_quebecois,college_cegep,under_20k,self_employed,3,1.0,widowed,1.0,2_persons,1.0,children_under_18,catholic,0.5,montreal,type_1,,1.0,1.0,0.0,0.67,0.67,0.33,1.0,plq,ndp,,0.75,0.33,1.0,0.5,1.0,0.67,0.33,1.0,0.0,1.0,0.67,1.0,plq,,0.5,0.0,,0.25,,0.0,0.0,0.25,0.05,,0.0,0.25,0.0,1.0,0.0,0.0,,0.67,0.33,1.0,,,1.0,0.67,,0.0,1.0,1.0,1.0,,,,,,,,,,,0.0
182,0.9163962006568908,male,46.0,45_54,french,canadian_quebecois,college_cegep,over_150k,employed,15,1.0,widowed,0.0,5_plus_persons,1.0,no_children,other_christian,0.0,outaouais,type_1,,1.0,1.0,0.67,1.0,1.0,1.0,1.0,qs,conservative,0.67,0.5,0.67,1.0,0.5,0.33,0.67,0.0,1.0,0.0,1.0,1.0,1.0,adq,liberal,0.7,0.65,0.85,0.35,0.4,0.6,0.6,0.95,0.5,0.5,0.2,0.8,1.0,,0.0,0.67,0.0,1.0,0.33,1.0,1.0,0.0,1.0,0.67,0.33,0.0,1.0,0.8,1.0,0.8,0.8,1.0,0.8,0.8,0.8,,0.6,0.67,0.67,0.67
183,0.8653778433799744,male,27.0,25_34,other,other_european,graduate,20k_to_40k,employed,3,1.0,common_law,1.0,2_persons,0.0,children_18_plus,catholic,0.5,outaouais,type_1,,1.0,1.0,0.67,0.67,0.67,0.33,1.0,qs,liberal,1.0,0.5,0.67,0.67,0.5,0.33,0.33,0.33,1.0,0.0,1.0,0.67,1.0,plq,ndp,0.9,0.5,0.75,0.75,0.5,0.9,0.0,0.6,0.6,0.0,0.0,1.0,0.0,1.0,0.33,1.0,1.0,0.0,1.0,0.33,1.0,0.67,1.0,0.33,0.33,0.33,1.0,1.0,1.0,0.2,0.6,0.6,1.0,0.6,0.6,,1.0,1.0,0.5,0.67
184,0.9693608283996582,female,34.0,25_34,french,canadian_quebecois,college_cegep,20k_to_40k,employed,6,1.0,widowed,1.0,3_4_persons,0.0,children_under_18,protestant,0.5,other_regions,type_1,,0.67,0.67,0.33,0.67,0.33,0.33,1.0,adq,liberal,0.0,0.5,0.67,0.33,1.0,0.67,0.33,0.33,0.0,,0.0,0.67,0.0,pq,ndp,0.0,0.9,0.75,0.5,0.5,0.1,0.1,0.7,0.5,0.5,0.4,0.7,1.0,1.0,0.33,0.67,0.67,0.33,0.33,0.67,1.0,0.0,0.67,0.67,0.67,0.0,0.8,0.8,0.8,0.2,0.4,0.6,0.8,0.8,0.8,0.8,0.6,0.17,0.0,0.67
185,0.9163962006568908,male,52.0,45_54,french,canadian_quebecois,graduate,over_150k,employed,6,1.0,divorced_separated,1.0,2_persons,0.0,children_18_plus,catholic,0.5,montreal,type_1,,1.0,1.0,0.67,0.67,0.67,0.67,1.0,adq,liberal,0.33,0.5,0.67,0.0,0.5,0.33,0.33,0.33,0.0,,0.0,0.67,0.0,plq,,0.8,0.6,0.6,0.5,0.6,0.6,0.5,0.7,0.7,0.7,0.6,0.8,1.0,1.0,0.33,1.0,0.67,0.0,1.0,1.0,1.0,0.33,1.0,1.0,1.0,1.0,0.6,1.0,1.0,0.2,1.0,0.6,1.0,1.0,1.0,1.0,1.0,1.0,0.33,0.67
186,0.9346079230308532,male,56.0,55_64,french,canadian_quebecois,high_school,,employed,33,1.0,widowed,1.0,5_plus_persons,0.0,no_children,protestant,1.0,other_regions,type_1,,1.0,1.0,1.0,1.0,1.0,0.0,1.0,plq,ndp,1.0,1.0,1.0,1.0,1.0,0.67,1.0,0.33,1.0,0.0,1.0,0.67,0.0,pq,ndp,0.0,0.9,0.75,0.0,0.5,0.0,0.85,0.75,,0.25,0.8,0.1,,,0.33,1.0,1.0,0.0,0.67,0.33,1.0,,0.33,0.67,0.67,0.67,0.6,,0.6,0.6,0.6,0.6,0.8,0.8,0.8,0.8,0.8,0.83,0.83,0.67
187,2.575615167617798,female,21.0,18_24,english,canadian_quebecois,bachelor,,,15,0.0,widowed,1.0,5_plus_persons,0.0,children_18_plus,,,monteregie,type_1,1.0,1.0,1.0,0.33,0.67,0.33,0.67,1.0,pq,bloc,0.33,0.75,0.67,0.33,0.5,0.33,0.33,0.67,0.0,1.0,0.0,0.67,0.0,,,0.7,0.0,0.5,0.2,0.65,0.75,0.2,0.2,0.5,0.5,0.5,0.75,0.0,1.0,0.0,1.0,1.0,0.67,0.33,1.0,0.33,1.0,1.0,0.33,0.67,0.67,1.0,1.0,1.0,1.0,1.0,1.0,1.0,0.8,0.8,1.0,1.0,1.0,1.0,1.0
188,1.1757395267486572,male,71.0,65_plus,french,canadian_quebecois,high_school,under_20k,self_employed,16,1.0,divorced_separated,0.0,1_person,1.0,no_children,catholic,0.5,montreal,type_1,,1.0,1.0,1.0,1.0,0.33,0.67,1.0,plq,ndp,1.0,1.0,1.0,1.0,,0.0,0.67,0.67,1.0,,0.0,0.67,1.0,plq,ndp,0.9,0.0,0.5,0.0,0.05,0.85,0.1,0.6,,,0.15,0.85,1.0,0.0,0.0,0.67,1.0,0.33,1.0,1.0,1.0,0.0,1.0,1.0,1.0,0.0,1.0,1.0,1.0,1.0,0.6,0.6,1.0,1.0,1.0,0.6,0.6,1.0,0.67,0.67
189,0.9654632806777954,male,64.0,55_64,french,canadian_quebecois,high_school,40k_to_60k,employed,26,1.0,married,0.0,1_person,1.0,no_children,protestant,0.0,quebec_city,type_1,,1.0,1.0,1.0,0.67,1.0,1.0,1.0,plq,ndp,1.0,1.0,1.0,1.0,1.0,0.0,1.0,0.0,1.0,1.0,1.0,0.0,0.0,adq,liberal,0.4,0.0,0.6,0.2,0.0,0.4,0.2,0.8,0.5,0.2,0.8,0.8,1.0,0.0,0.0,1.0,1.0,1.0,0.33,0.0,0.33,1.0,1.0,1.0,1.0,1.0,0.6,0.6,0.6,0.6,0.6,0.6,0.6,0.6,1.0,0.6,0.6,0.67,0.67,0.67
190,0.6555481553077698,female,46.0,45_54,french,canadian_quebecois,high_school,20k_to_40k,employed,14,1.0,divorced_separated,0.0,2_persons,1.0,both,catholic,0.5,montreal,type_1,,0.0,0.0,0.0,0.0,0.0,0.0,1.0,plq,,1.0,0.75,0.67,0.0,0.5,0.67,0.67,0.67,1.0,,0.0,0.67,1.0,plq,,1.0,0.0,0.0,,0.0,1.0,0.0,0.4,,0.0,0.5,0.9,,1.0,0.0,0.67,1.0,0.0,1.0,1.0,0.67,,0.67,1.0,1.0,1.0,1.0,1.0,1.0,1.0,1.0,1.0,1.0,1.0,1.0,1.0,1.0,1.0,1.0,1.0
191,1.889244079589844,female,40.0,35_44,french,canadian_quebecois,college_cegep,under_20k,student,26,1.0,widowed,1.0,3_4_persons,0.0,children_under_18,protestant,1.0,other_regions,type_1,,0.67,0.67,0.33,1.0,0.33,0.67,1.0,pq,,1.0,1.0,1.0,0.0,1.0,0.33,0.67,0.67,1.0,0.0,0.0,0.67,1.0,pq,bloc,0.5,0.8,0.25,0.8,0.8,0.5,0.8,0.25,0.8,0.8,0.8,0.8,1.0,1.0,0.33,0.67,0.67,0.33,0.33,0.67,1.0,0.33,0.33,0.67,0.67,0.33,0.8,0.8,0.8,0.2,0.4,0.6,0.8,0.8,1.0,0.8,0.4,0.83,0.5,0.5
192,0.6555481553077698,female,51.0,45_54,french,canadian_quebecois,college_cegep,40k_to_60k,employed,6,1.0,divorced_separated,1.0,3_4_persons,0.0,no_children,protestant,0.5,other_regions,type_1,,1.0,0.67,0.33,0.67,0.67,0.67,1.0,plq,conservative,1.0,1.0,0.67,1.0,1.0,0.67,0.67,0.33,1.0,0.0,1.0,0.67,0.0,pq,green,0.4,0.95,0.6,0.7,0.7,0.4,0.9,0.8,0.75,0.5,0.9,0.8,0.0,1.0,0.67,1.0,1.0,0.33,0.33,0.67,1.0,0.33,0.33,0.67,0.0,0.33,0.8,0.8,0.8,0.8,0.6,0.6,0.8,0.8,0.8,0.6,0.8,0.83,0.83,0.83
193,0.9961626529693604,female,38.0,35_44,french,other,college_cegep,40k_to_60k,employed,16,1.0,divorced_separated,1.0,5_plus_persons,1.0,children_under_18,protestant,0.0,other_regions,type_1,,1.0,1.0,0.67,1.0,0.33,0.33,1.0,plq,conservative,0.33,0.75,1.0,0.67,0.5,1.0,1.0,0.0,1.0,0.0,1.0,0.0,1.0,adq,,0.0,0.5,0.85,0.25,0.1,0.0,0.45,1.0,,,0.5,0.5,1.0,0.0,0.33,0.67,0.0,0.33,0.33,0.33,1.0,0.67,1.0,0.67,0.67,0.0,0.6,0.6,0.6,0.2,0.6,0.6,0.6,0.8,0.6,0.6,0.6,0.67,0.67,0.67
194,1.1068066358566284,male,46.0,45_54,french,canadian_quebecois,college_cegep,20k_to_40k,employed,32,1.0,common_law,0.0,2_persons,1.0,no_children,other_christian,0.0,montreal,type_1,,1.0,1.0,1.0,1.0,0.0,0.0,1.0,plq,ndp,0.33,1.0,0.33,0.33,0.5,0.67,0.67,0.67,1.0,0.0,,0.33,1.0,adq,liberal,0.65,0.4,0.75,0.0,0.0,0.8,0.4,0.85,0.2,0.3,0.6,0.9,0.0,0.0,0.0,0.67,0.33,0.67,0.67,1.0,1.0,0.33,0.67,0.33,1.0,0.0,1.0,1.0,0.6,,0.6,1.0,0.6,0.6,1.0,0.6,0.6,1.0,,1.0
195,0.74787837266922,female,61.0,55_64,english,canadian_quebecois,high_school,under_20k,unemployed,16,0.0,divorced_separated,1.0,2_persons,1.0,no_children,catholic,1.0,montreal,type_1,,1.0,1.0,1.0,1.0,0.67,1.0,1.0,plq,ndp,1.0,1.0,1.0,1.0,1.0,0.67,0.67,0.67,1.0,1.0,1.0,1.0,1.0,plq,,0.7,0.3,0.3,0.3,0.4,0.6,0.4,0.3,0.3,0.4,0.5,0.4,1.0,1.0,0.0,0.67,1.0,,0.67,0.0,1.0,1.0,1.0,1.0,1.0,0.33,1.0,1.0,1.0,1.0,1.0,1.0,1.0,1.0,1.0,1.0,1.0,1.0,0.17,1.0
196,0.2219046652317047,male,54.0,45_54,french,canadian_quebecois,high_school,over_150k,employed,3,1.0,widowed,,5_plus_persons,0.0,no_children,catholic,0.0,quebec_city,type_1,,1.0,0.67,0.67,0.67,0.33,1.0,0.0,plq,conservative,0.67,0.75,0.67,1.0,0.5,0.67,1.0,0.33,1.0,0.0,1.0,0.67,1.0,,,0.5,0.3,0.7,0.0,0.0,0.5,0.1,0.7,0.2,0.2,0.05,0.8,0.0,1.0,0.0,0.67,1.0,0.0,1.0,1.0,1.0,0.0,1.0,0.67,1.0,0.0,0.6,1.0,0.6,0.6,0.6,0.6,1.0,0.8,0.6,0.6,0.6,1.0,0.67,0.67
197,0.8653778433799744,male,31.0,25_34,other,other,graduate,under_20k,employed,3,1.0,widowed,0.0,5_plus_persons,1.0,children_18_plus,other_christian,1.0,quebec_city,type_1,,0.33,1.0,1.0,1.0,0.33,1.0,1.0,other,ndp,0.0,1.0,1.0,0.67,0.5,1.0,,0.0,,0.0,1.0,,1.0,adq,,0.0,0.0,1.0,0.5,0.25,0.0,0.0,1.0,,0.5,0.5,1.0,,0.0,0.0,1.0,,1.0,0.67,0.0,0.33,1.0,1.0,0.33,0.33,0.67,0.6,0.6,0.6,0.6,0.6,0.6,0.6,0.6,0.6,0.6,0.6,0.67,0.67,0.67
198,0.284705102443695,male,69.0,65_plus,french,canadian_quebecois,college_cegep,20k_to_40k,self_employed,3,1.0,widowed,1.0,3_4_persons,0.0,no_children,other_christian,0.5,quebec_city,type_1,,1.0,1.0,0.33,0.67,0.67,0.0,1.0,adq,liberal,0.67,0.75,0.67,0.67,0.5,0.67,0.67,0.33,1.0,,1.0,0.67,0.0,adq,liberal,0.5,0.3,0.7,0.4,0.4,0.5,0.1,0.8,0.5,,0.3,0.7,0.0,1.0,0.0,0.67,0.67,0.33,1.0,1.0,1.0,,1.0,0.67,1.0,0.33,0.6,0.6,,0.2,0.6,0.6,1.0,0.8,0.6,0.6,0.6,1.0,0.67,0.67
199,0.3228451609611511,female,70.0,65_plus,french,canadian_quebecois,high_school,,self_employed,12,1.0,single,1.0,1_person,1.0,both,catholic,0.5,montreal,type_1,,1.0,1.0,0.67,1.0,1.0,0.67,1.0,plq,ndp,1.0,1.0,1.0,1.0,0.5,1.0,0.67,0.33,1.0,0.0,1.0,0.67,1.0,,,0.8,0.0,0.4,,0.0,0.6,0.0,0.2,1.0,0.0,0.0,0.8,0.0,0.0,0.0,1.0,0.67,1.0,0.33,1.0,1.0,0.0,0.0,0.67,0.67,0.0,1.0,1.0,1.0,1.0,1.0,1.0,1.0,1.0,,1.0,1.0,0.17,1.0,0.5
200,3.615523815155029,female,24.0,18_24,french,canadian_quebecois,high_school,under_20k,employed,26,1.0,single,0.0,2_persons,1.0,children_under_18,other_christian,1.0,quebec_city,type_1,,1.0,1.0,1.0,1.0,1.0,1.0,1.0,other,ndp,1.0,1.0,1.0,1.0,0.5,1.0,1.0,0.67,1.0,1.0,1.0,0.0,1.0,adq,liberal,0.0,0.0,1.0,1.0,0.5,0.0,0.0,1.0,0.1,0.0,0.5,0.5,1.0,1.0,0.33,0.67,0.67,0.67,0.33,0.0,1.0,0.67,0.0,0.67,0.33,0.0,0.6,0.6,0.6,0.6,0.6,0.6,0.6,0.6,0.6,0.6,0.6,0.67,0.67,0.67
201,0.5535573959350586,female,59.0,55_64,french,canadian_quebecois,bachelor,,employed,13,1.0,common_law,1.0,2_persons,1.0,no_children,catholic,0.5,montreal,type_1,,1.0,1.0,0.67,1.0,0.67,0.67,1.0,adq,liberal,1.0,0.75,0.67,1.0,0.5,0.67,0.33,0.33,0.0,,0.0,0.67,1.0,,,0.8,0.3,0.6,0.3,0.4,0.85,0.3,0.7,0.3,0.4,0.6,0.75,1.0,,0.0,0.67,1.0,0.0,0.33,1.0,1.0,,1.0,1.0,1.0,0.33,1.0,1.0,1.0,1.0,1.0,1.0,1.0,1.0,1.0,1.0,0.6,1.0,0.67,0.67
202,1.4598954916000366,female,61.0,55_64,other,other,graduate,,self_employed,6,1.0,widowed,1.0,5_plus_persons,0.0,no_children,,,,type_1,0.0,1.0,1.0,0.67,1.0,0.0,0.67,1.0,adq,liberal,0.0,1.0,1.0,0.67,0.5,0.67,0.67,0.0,1.0,0.0,1.0,1.0,1.0,,,0.15,0.05,0.0,,0.1,0.1,0.05,0.0,0.05,,0.1,0.25,0.0,1.0,0.0,0.67,1.0,0.67,1.0,0.0,1.0,0.0,0.67,0.67,0.0,0.0,1.0,,,,,,,0.8,,,,0.17,,0.67
203,1.8384100198745728,female,31.0,25_34,french,canadian_quebecois,bachelor,60k_to_80k,employed,7,1.0,widowed,0.0,3_4_persons,1.0,no_children,other_christian,1.0,other_regions,type_1,,1.0,1.0,0.33,1.0,0.33,0.33,1.0,plq,bloc,0.67,0.75,1.0,1.0,0.5,1.0,1.0,0.33,1.0,0.0,1.0,0.0,1.0,adq,,0.0,0.0,1.0,0.0,0.5,0.0,0.0,1.0,0.4,0.0,0.25,1.0,0.0,0.0,0.0,1.0,1.0,0.33,0.33,0.0,1.0,0.67,1.0,0.67,0.67,0.33,0.6,0.6,0.6,0.8,0.6,0.6,0.6,0.6,0.6,0.6,0.6,0.67,0.67,0.67
204,0.3372038602828979,male,35.0,25_34,french,canadian_quebecois,bachelor,60k_to_80k,employed,3,1.0,divorced_separated,1.0,5_plus_persons,0.0,no_children,other_christian,0.5,quebec_city,type_1,,0.67,0.67,0.67,0.67,1.0,1.0,1.0,adq,liberal,0.33,0.5,1.0,0.33,0.5,0.0,0.33,0.67,1.0,,0.0,0.67,1.0,adq,liberal,0.8,0.5,0.95,0.4,0.4,0.6,0.7,0.95,,,0.2,0.9,0.0,0.0,0.0,0.67,0.67,0.33,0.33,0.33,0.33,0.33,1.0,0.67,0.67,0.67,0.6,0.6,0.6,0.2,0.8,0.6,0.6,0.8,0.6,0.6,0.4,0.67,0.67,0.67
205,1.681884765625,male,44.0,35_44,french,canadian_quebecois,high_school,40k_to_60k,employed,32,1.0,married,0.0,2_persons,0.0,no_children,other_christian,0.0,quebec_city,type_1,,0.67,0.67,0.0,0.0,1.0,1.0,1.0,plq,bloc,0.0,1.0,0.67,0.0,0.5,0.0,1.0,0.0,1.0,1.0,1.0,1.0,0.0,adq,,0.5,0.3,0.7,0.4,0.2,0.4,0.3,0.8,0.3,0.2,0.6,0.4,1.0,0.0,0.0,0.67,1.0,1.0,0.33,1.0,0.67,0.0,0.0,1.0,0.0,1.0,0.6,0.6,0.6,0.6,0.6,0.6,0.6,0.6,0.6,0.6,0.6,0.67,0.67,0.67
206,0.1873806416988372,male,57.0,55_64,french,canadian_quebecois,college_cegep,,employed,12,1.0,,0.0,3_4_persons,0.0,both,,,,type_1,,1.0,1.0,0.33,0.67,0.33,0.67,1.0,plq,ndp,,1.0,1.0,0.33,0.5,0.67,0.33,0.33,1.0,,1.0,0.33,0.0,,,0.5,0.5,0.5,0.15,0.2,0.5,0.3,0.6,0.2,0.25,0.25,0.5,1.0,0.0,0.0,0.67,0.33,0.67,0.33,0.0,0.33,0.33,0.33,0.67,0.67,0.0,0.6,0.6,0.6,0.6,0.6,0.6,0.6,0.6,,0.6,0.6,0.67,0.67,0.67
207,0.9124647378921508,female,49.0,45_54,french,canadian_quebecois,high_school,under_20k,unemployed,17,1.0,widowed,0.0,3_4_persons,0.0,no_children,protestant,1.0,monteregie,type_1,,1.0,1.0,1.0,1.0,0.67,0.67,1.0,plq,bloc,1.0,1.0,1.0,1.0,1.0,1.0,0.67,0.33,1.0,0.0,1.0,0.33,1.0,pq,conservative,0.4,1.0,0.7,0.6,0.8,0.2,0.7,0.5,0.5,,0.3,0.3,0.0,0.0,0.33,0.67,0.67,0.33,0.67,0.67,1.0,0.33,0.33,0.33,0.67,0.0,0.8,0.8,0.8,0.8,0.8,0.8,0.8,0.8,0.8,0.8,0.8,0.83,0.83,0.83
208,0.7317694425582886,female,20.0,18_24,french,canadian_quebecois,bachelor,20k_to_40k,employed,3,1.0,divorced_separated,1.0,3_4_persons,0.0,no_children,protestant,0.0,outaouais,type_1,,1.0,1.0,0.67,1.0,0.67,0.33,1.0,plq,bloc,0.33,1.0,1.0,0.33,1.0,1.0,1.0,0.0,1.0,0.0,1.0,0.67,0.0,pq,ndp,0.03,0.7,0.5,0.65,0.9,0.15,0.7,0.5,0.7,0.7,0.6,0.5,1.0,0.0,0.67,1.0,1.0,0.0,0.33,0.67,1.0,0.0,0.67,0.67,0.67,0.0,0.8,0.8,0.6,0.2,0.4,0.4,0.8,0.8,0.8,0.6,0.4,0.5,0.83,0.5
209,0.284705102443695,male,76.0,65_plus,french,canadian_quebecois,graduate,40k_to_60k,self_employed,3,1.0,single,0.0,2_persons,1.0,children_18_plus,catholic,0.5,quebec_city,type_1,,1.0,1.0,0.67,1.0,0.33,0.33,1.0,adq,liberal,0.33,0.75,1.0,0.0,0.5,0.33,0.33,0.67,0.0,,0.0,0.67,1.0,plq,ndp,0.6,0.5,0.7,0.3,0.6,0.5,0.4,0.7,0.3,0.6,0.2,0.4,0.0,1.0,0.0,0.67,1.0,0.33,1.0,1.0,1.0,0.33,0.67,1.0,0.67,0.33,1.0,1.0,1.0,0.6,0.6,0.6,1.0,1.0,0.6,0.6,0.6,1.0,0.67,0.67
210,1.9063955545425413,female,19.0,18_24,french,canadian_quebecois,college_cegep,under_20k,retired,14,1.0,divorced_separated,1.0,3_4_persons,0.0,children_under_18,no_religion,0.5,monteregie,type_1,,0.67,1.0,0.67,1.0,0.67,0.67,1.0,plq,,0.33,0.75,0.67,0.33,0.5,0.33,0.33,0.33,1.0,0.0,0.0,0.67,0.0,adq,conservative,0.3,0.5,0.7,0.6,0.6,0.2,0.5,0.6,0.5,0.5,0.6,0.5,1.0,0.0,0.33,1.0,1.0,0.67,0.33,0.33,0.67,0.67,0.67,0.33,0.67,0.33,0.6,0.8,0.6,0.2,0.6,0.6,0.8,0.8,0.6,0.6,0.6,0.67,0.83,0.67
211,0.3281298279762268,male,33.0,25_34,french,canadian_quebecois,college_cegep,20k_to_40k,employed,3,1.0,married,0.0,3_4_persons,0.0,children_under_18,other_christian,0.5,other,type_1,,1.0,0.67,1.0,1.0,0.67,0.33,1.0,plq,conservative,0.67,1.0,0.33,0.67,1.0,0.67,0.67,0.33,1.0,0.0,0.0,0.33,0.0,,,0.5,0.6,0.7,,0.6,0.4,0.5,0.8,,,0.5,0.7,0.0,0.0,0.0,1.0,0.33,1.0,0.33,0.67,1.0,0.67,0.67,0.67,0.33,0.33,0.8,0.8,1.0,0.8,0.8,0.8,0.8,0.8,0.8,0.8,0.8,0.0,0.67,0.67
212,1.0454652309417725,male,59.0,55_64,english,canadian_quebecois,bachelor,20k_to_40k,self_employed,6,0.0,divorced_separated,1.0,1_person,1.0,children_18_plus,catholic,1.0,montreal,type_1,,1.0,1.0,0.33,1.0,1.0,1.0,1.0,plq,ndp,0.0,0.75,0.67,0.33,0.5,0.67,1.0,0.0,1.0,1.0,1.0,0.0,,plq,,0.5,0.0,0.4,0.0,0.0,0.9,0.89,0.9,,0.1,0.0,0.0,0.0,1.0,0.0,1.0,0.67,0.0,0.33,1.0,1.0,,1.0,1.0,0.33,0.0,1.0,1.0,1.0,1.0,1.0,,1.0,0.6,1.0,1.0,,,1.0,0.67
213,3.573729515075684,male,33.0,25_34,other,other_european,graduate,40k_to_60k,employed,6,,single,,2_persons,0.0,both,catholic,0.5,montreal,type_1,,1.0,0.33,1.0,1.0,0.33,1.0,1.0,plq,green,0.0,1.0,0.0,1.0,0.5,0.0,,0.67,0.0,,0.0,1.0,1.0,plq,ndp,0.85,0.6,0.85,0.65,,0.85,0.5,0.85,,,0.75,0.75,0.0,1.0,0.0,,1.0,0.0,0.33,1.0,0.33,0.0,1.0,1.0,0.0,0.0,1.0,0.6,,,0.6,0.6,1.0,1.0,1.0,1.0,1.0,1.0,1.0,0.67
214,1.022304654121399,female,52.0,45_54,french,canadian_quebecois,college_cegep,60k_to_80k,student,9,1.0,widowed,1.0,,1.0,no_children,protestant,1.0,other_regions,type_1,,1.0,1.0,1.0,0.33,0.0,1.0,1.0,plq,conservative,0.67,1.0,1.0,0.67,1.0,1.0,0.33,0.33,1.0,1.0,0.0,0.0,1.0,pq,,0.0,1.0,0.6,0.0,0.0,0.0,1.0,0.6,,,0.5,0.5,0.0,1.0,1.0,,1.0,1.0,0.33,0.33,1.0,0.0,0.0,1.0,1.0,0.0,0.8,0.8,0.8,0.8,0.8,0.8,0.8,0.8,0.8,0.8,0.8,0.83,0.83,0.83
215,2.556485652923584,female,32.0,25_34,other,other,college_cegep,20k_to_40k,employed,6,,single,0.0,2_persons,1.0,children_18_plus,other_religion,0.5,monteregie,type_1,,1.0,0.67,0.33,0.67,0.33,0.33,1.0,plq,green,0.67,0.75,0.67,0.33,0.5,0.67,0.67,0.33,1.0,0.0,1.0,0.67,0.0,qs,conservative,0.5,0.65,0.4,0.75,0.2,0.5,0.6,0.4,0.7,0.6,0.85,0.8,1.0,1.0,0.33,0.67,1.0,0.67,0.33,0.0,1.0,0.33,0.33,0.67,0.67,0.0,0.8,0.6,0.4,0.2,0.4,0.6,0.8,0.8,1.0,0.8,0.4,,0.83,0.17
216,1.299885392189026,male,53.0,45_54,french,canadian_quebecois,high_school,40k_to_60k,employed,11,1.0,married,1.0,2_persons,1.0,children_18_plus,protestant,0.5,other_regions,type_1,,1.0,1.0,1.0,1.0,1.0,0.67,1.0,plq,conservative,1.0,1.0,1.0,1.0,1.0,0.67,0.67,0.0,1.0,0.0,0.0,0.33,1.0,pq,ndp,0.0,0.5,0.6,0.1,0.1,0.1,0.1,0.6,0.1,0.1,0.5,0.5,0.0,,0.33,0.67,0.67,0.33,0.33,0.33,1.0,1.0,1.0,0.33,0.33,1.0,0.6,0.6,0.6,0.6,0.6,0.6,0.6,0.8,0.6,0.6,0.6,0.67,0.67,0.67
217,0.6453179717063904,male,19.0,18_24,french,canadian_quebecois,college_cegep,40k_to_60k,employed,12,1.0,widowed,1.0,2_persons,0.0,children_under_18,other_christian,0.5,monteregie,type_1,,1.0,1.0,0.33,1.0,0.67,0.67,0.0,adq,liberal,0.67,0.5,0.67,0.67,1.0,0.67,1.0,0.0,1.0,0.0,1.0,0.67,0.0,,,0.6,0.75,0.85,0.3,0.5,0.8,0.3,0.9,,0.5,0.1,0.75,1.0,1.0,0.0,0.33,0.33,0.0,1.0,0.67,0.33,0.67,1.0,0.67,0.0,0.0,1.0,1.0,,0.8,0.6,0.6,1.0,0.8,0.6,1.0,0.6,1.0,0.67,0.67
218,0.9693608283996582,female,27.0,25_34,french,canadian_quebecois,college_cegep,40k_to_60k,student,14,1.0,single,0.0,1_person,1.0,children_under_18,other_christian,1.0,quebec_city,type_1,,1.0,0.67,0.67,1.0,0.67,0.67,0.0,plq,other,0.33,0.75,1.0,0.33,0.5,0.33,0.33,0.33,0.0,0.0,0.0,0.67,0.0,,,0.6,0.5,0.85,0.5,0.5,0.7,0.35,0.9,0.6,0.4,0.7,0.65,0.0,1.0,0.33,0.67,0.67,0.33,0.33,0.33,1.0,0.33,0.33,0.67,0.67,0.33,0.6,0.8,0.6,0.8,0.8,0.6,0.6,0.6,0.6,1.0,0.6,0.67,0.67,0.67
219,0.3228451609611511,female,77.0,65_plus,french,canadian_quebecois,high_school,,self_employed,3,1.0,single,0.0,1_person,1.0,children_under_18,other_christian,0.5,other_regions,type_1,,1.0,1.0,1.0,1.0,1.0,1.0,1.0,adq,liberal,1.0,1.0,1.0,1.0,1.0,0.67,0.33,0.33,1.0,1.0,1.0,0.33,,adq,conservative,0.0,0.09,0.1,0.02,0.0,0.0,1.0,1.0,1.0,,0.02,0.5,0.0,1.0,1.0,0.67,0.67,0.67,0.67,0.0,1.0,,0.67,0.33,0.67,0.0,0.6,0.6,0.8,0.6,0.6,0.6,0.6,,0.6,0.6,0.6,0.83,0.17,0.67
220,0.9693608283996582,female,31.0,25_34,french,canadian_quebecois,college_cegep,60k_to_80k,employed,14,1.0,widowed,1.0,3_4_persons,1.0,no_children,protestant,1.0,other_regions,type_1,,1.0,1.0,0.67,1.0,0.33,0.33,1.0,adq,liberal,1.0,0.75,1.0,0.33,1.0,0.67,1.0,0.0,1.0,0.0,1.0,0.33,1.0,pq,ndp,0.0,1.0,0.8,0.9,0.6,0.0,0.9,0.9,0.8,0.8,0.6,0.7,0.0,1.0,1.0,0.67,0.67,0.67,0.33,0.67,1.0,0.67,0.67,0.67,0.67,0.0,0.8,0.8,0.6,0.6,0.8,0.6,0.8,0.8,0.8,0.6,0.8,0.67,0.67,0.67
221,1.3925409317016602,male,40.0,35_44,french,canadian_quebecois,high_school,60k_to_80k,employed,16,1.0,divorced_separated,1.0,2_persons,1.0,no_children,protestant,0.5,other_regions,type_1,,1.0,1.0,0.33,1.0,0.67,0.67,1.0,plq,ndp,0.67,0.75,0.67,0.67,1.0,0.67,0.67,0.33,1.0,0.0,1.0,0.67,1.0,adq,conservative,0.1,0.7,0.8,0.0,0.6,0.0,0.6,0.8,0.2,0.0,0.5,0.5,1.0,1.0,0.67,0.67,1.0,0.67,0.67,0.67,1.0,0.0,1.0,0.67,0.67,0.67,0.6,0.8,,,0.8,0.8,0.8,0.8,0.8,0.6,0.8,0.67,0.67,0.67
222,0.2516313791275024,female,53.0,45_54,french,canadian_quebecois,high_school,under_20k,employed,12,1.0,widowed,1.0,3_4_persons,0.0,children_under_18,protestant,0.5,other_regions,type_1,,1.0,1.0,0.67,1.0,0.33,1.0,1.0,plq,ndp,1.0,0.75,0.67,0.33,1.0,0.33,0.67,0.33,1.0,0.0,0.0,0.33,0.0,pq,,0.1,0.9,0.5,0.2,0.6,0.1,0.8,0.4,0.4,0.5,0.6,0.8,0.0,1.0,1.0,1.0,1.0,0.33,0.33,0.67,1.0,0.0,0.33,0.67,1.0,0.0,0.8,0.8,0.8,0.8,0.8,0.8,0.8,0.8,0.8,0.8,0.8,0.83,0.83,0.83
223,1.299885392189026,male,45.0,35_44,french,canadian_quebecois,bachelor,40k_to_60k,employed,2,1.0,common_law,0.0,1_person,1.0,children_under_18,protestant,1.0,other_regions,type_1,,1.0,1.0,1.0,1.0,1.0,1.0,1.0,plq,conservative,1.0,0.75,1.0,1.0,1.0,0.67,0.67,0.67,1.0,0.0,1.0,1.0,1.0,pq,liberal,0.6,0.9,0.9,0.9,0.6,0.6,0.8,0.8,,0.7,0.6,0.9,1.0,1.0,1.0,0.67,1.0,0.33,0.67,0.67,1.0,1.0,0.67,1.0,0.33,0.33,0.8,1.0,0.8,0.2,0.8,0.8,0.8,0.8,0.8,0.8,0.8,0.83,0.83,0.67
224,3.6004676818847656,male,22.0,18_24,english,other_european,college_cegep,under_20k,retired,6,,divorced_separated,0.0,5_plus_persons,0.0,no_children,catholic,1.0,montreal,type_1,,1.0,1.0,0.67,1.0,0.67,0.33,1.0,other,liberal,0.33,1.0,1.0,0.0,0.5,0.33,1.0,0.33,1.0,0.0,1.0,0.67,0.0,plq,green,0.85,0.7,0.4,,0.8,0.6,0.5,0.5,0.2,0.3,0.25,0.8,0.0,1.0,0.0,1.0,0.33,0.67,0.33,0.0,1.0,0.33,0.33,0.67,0.67,0.0,1.0,1.0,0.6,1.0,0.8,0.8,0.8,0.8,1.0,1.0,1.0,1.0,0.67,0.83
225,1.728875994682312,female,46.0,45_54,other,other,bachelor,40k_to_60k,employed,6,,single,0.0,1_person,1.0,children_under_18,catholic,0.5,montreal,type_1,,1.0,1.0,1.0,1.0,0.67,0.67,1.0,pq,liberal,0.67,1.0,1.0,0.67,0.5,1.0,1.0,0.0,1.0,0.0,1.0,0.67,1.0,pq,liberal,0.8,0.7,0.4,,0.5,0.5,0.7,0.5,0.6,0.5,0.5,0.8,1.0,0.0,0.33,0.67,0.33,1.0,0.67,1.0,1.0,0.0,0.0,1.0,0.67,0.0,1.0,0.8,0.8,0.2,0.6,0.6,0.8,0.8,1.0,1.0,1.0,1.0,0.83,0.83
226,0.212483525276184,female,59.0,55_64,french,canadian_quebecois,high_school,,self_employed,3,1.0,widowed,1.0,2_persons,1.0,no_children,other_christian,0.5,,type_1,,1.0,1.0,0.67,1.0,0.67,0.67,1.0,plq,,0.67,1.0,1.0,1.0,1.0,0.33,1.0,0.67,1.0,0.0,0.0,0.67,1.0,,,0.5,0.7,0.8,0.3,0.3,0.5,0.8,0.7,,,0.5,0.7,1.0,1.0,0.33,0.67,1.0,0.0,0.33,0.33,1.0,1.0,0.0,0.67,1.0,1.0,0.6,0.6,0.6,0.6,0.8,0.8,0.6,0.6,0.6,1.0,0.8,0.67,0.67,0.67
227,0.2219046652317047,male,51.0,45_54,french,canadian_quebecois,high_school,under_20k,student,3,1.0,divorced_separated,0.0,2_persons,0.0,children_under_18,no_religion,0.5,montreal,type_1,,1.0,0.67,0.67,1.0,0.67,0.67,1.0,plq,,0.67,0.75,1.0,0.67,1.0,1.0,1.0,0.33,1.0,1.0,1.0,0.67,1.0,qs,liberal,0.57,0.5,0.4,0.35,0.52,0.52,0.7,0.55,0.66,0.25,0.5,0.5,1.0,0.0,0.67,0.67,1.0,0.67,0.33,0.33,1.0,0.67,0.67,0.0,0.67,0.33,1.0,0.2,1.0,1.0,1.0,1.0,1.0,1.0,1.0,1.0,1.0,0.67,0.5,0.67
228,1.022304654121399,female,48.0,45_54,french,canadian_quebecois,college_cegep,20k_to_40k,employed,2,1.0,divorced_separated,,3_4_persons,0.0,no_children,,,,type_1,0.0,1.0,1.0,0.33,1.0,0.0,0.0,1.0,plq,ndp,0.0,0.0,0.0,0.0,1.0,1.0,1.0,0.0,1.0,0.0,1.0,0.67,1.0,adq,conservative,0.2,0.5,0.8,,,0.5,0.5,0.7,0.3,,0.8,0.8,0.0,,0.33,0.67,0.33,0.67,0.33,0.33,1.0,0.67,0.67,0.67,0.67,0.33,0.6,0.6,0.6,0.6,0.6,0.6,0.6,0.6,1.0,0.6,0.6,0.67,0.17,0.67
229,0.3228451609611511,female,67.0,65_plus,french,canadian_quebecois,college_cegep,20k_to_40k,self_employed,3,1.0,married,1.0,3_4_persons,1.0,children_under_18,other_christian,0.5,montreal,type_1,,0.67,1.0,0.67,1.0,0.67,0.33,0.0,pq,liberal,1.0,1.0,1.0,0.33,0.5,0.67,0.67,0.33,0.0,1.0,1.0,0.0,0.0,,,0.7,0.1,0.7,0.1,0.0,0.1,0.01,0.3,,,0.29,0.1,,0.0,0.0,0.67,0.67,0.67,0.33,0.33,1.0,0.67,0.67,0.67,0.0,0.0,0.6,0.6,0.6,0.6,0.6,,0.6,0.6,0.6,0.6,0.6,0.67,,0.67
230,0.8856703639030457,female,46.0,45_54,english,canadian_quebecois,bachelor,under_20k,employed,16,0.0,widowed,1.0,3_4_persons,0.0,children_18_plus,no_religion,0.0,eastern_quebec,type_1,,1.0,1.0,1.0,1.0,1.0,0.67,1.0,adq,other,0.67,1.0,1.0,0.67,0.5,1.0,0.67,0.33,0.0,0.0,1.0,0.67,0.0,other,,0.6,0.5,0.5,0.5,0.7,0.5,0.5,0.5,0.5,0.5,0.7,0.6,1.0,1.0,0.0,1.0,1.0,0.33,0.33,1.0,0.33,0.33,0.67,0.67,0.67,0.0,1.0,,,0.2,1.0,1.0,0.8,0.8,1.0,1.0,,,,
231,1.5116838216781616,female,30.0,25_34,french,canadian_quebecois,bachelor,40k_to_60k,employed,2,1.0,widowed,1.0,3_4_persons,0.0,both,other_religion,0.5,outaouais,type_1,,0.67,0.67,1.0,0.67,0.67,0.0,1.0,adq,liberal,0.67,1.0,0.67,0.0,1.0,0.67,0.67,0.67,0.0,0.0,1.0,0.67,1.0,qs,conservative,0.25,0.6,0.0,1.0,0.8,0.25,0.6,0.0,1.0,0.8,1.0,0.8,0.0,1.0,0.67,0.33,1.0,0.0,0.33,0.0,0.33,0.0,0.0,1.0,1.0,0.0,0.4,0.4,0.4,0.4,0.4,0.4,0.4,0.4,0.4,0.4,0.4,0.5,0.5,0.5
232,0.2516313791275024,female,54.0,45_54,french,canadian_quebecois,graduate,20k_to_40k,employed,3,1.0,widowed,1.0,5_plus_persons,0.0,children_18_plus,protestant,0.5,montreal,type_1,,1.0,1.0,0.67,1.0,1.0,0.33,1.0,adq,liberal,1.0,1.0,0.67,0.0,1.0,0.33,0.67,0.33,,0.0,1.0,0.33,1.0,pq,bloc,0.5,0.75,0.3,0.75,0.75,0.5,0.6,0.3,0.7,0.5,0.1,0.1,0.0,1.0,0.33,0.67,1.0,0.0,0.33,0.67,1.0,0.0,0.0,1.0,1.0,0.0,0.8,0.4,0.8,0.2,0.4,0.4,0.8,0.8,0.8,0.8,0.4,0.17,0.5,0.5
233,0.2516313791275024,female,50.0,45_54,french,canadian_quebecois,bachelor,,employed,12,1.0,widowed,0.0,5_plus_persons,1.0,no_children,protestant,0.5,,type_1,,1.0,1.0,1.0,1.0,0.33,0.33,0.0,plq,,0.0,0.75,0.33,1.0,1.0,1.0,1.0,0.0,1.0,1.0,1.0,0.67,0.0,,,0.0,0.01,0.0,0.0,0.01,0.0,0.4,0.1,0.9,,0.0,0.8,1.0,0.0,0.0,0.67,0.67,1.0,0.67,0.33,1.0,0.0,0.0,0.67,0.33,0.0,0.4,0.4,0.4,0.2,0.4,0.4,0.4,,,0.2,0.2,0.17,0.5,0.5
234,0.9961626529693604,female,37.0,35_44,french,canadian_quebecois,high_school,,homemaker,14,1.0,widowed,,3_4_persons,0.0,children_under_18,protestant,0.5,other_regions,type_1,,1.0,1.0,0.67,0.67,1.0,1.0,1.0,other,liberal,0.67,0.75,1.0,0.0,1.0,0.67,0.67,0.33,1.0,1.0,1.0,0.67,1.0,pq,ndp,0.0,0.6,0.5,,,0.0,0.7,0.4,,,0.0,0.6,0.0,1.0,0.33,0.67,0.67,0.33,0.33,0.67,1.0,,0.33,0.67,0.67,0.0,0.8,0.8,0.8,0.8,0.8,0.6,0.8,0.8,0.8,,0.8,0.83,0.83,0.83
235,0.6453179717063904,male,24.0,18_24,french,canadian_quebecois,bachelor,20k_to_40k,employed,3,1.0,widowed,1.0,2_persons,0.0,children_18_plus,no_religion,1.0,outaouais,type_1,,0.0,0.67,0.0,1.0,0.67,0.0,1.0,plq,bloc,0.67,0.75,0.67,0.0,0.5,0.67,0.33,0.67,1.0,,1.0,0.67,1.0,other,ndp,0.6,0.6,0.6,0.6,0.8,0.6,0.6,0.7,0.7,0.8,0.5,0.8,0.0,1.0,0.0,1.0,0.67,0.0,0.67,0.0,1.0,0.33,0.67,0.67,0.67,1.0,0.6,0.8,1.0,0.2,0.4,0.6,0.6,0.8,,1.0,1.0,0.67,0.33,0.67
236,1.1757395267486572,male,72.0,65_plus,french,canadian_quebecois,high_school,under_20k,self_employed,6,1.0,widowed,1.0,3_4_persons,0.0,children_under_18,other_christian,0.5,other,type_1,,1.0,1.0,0.33,0.67,1.0,0.0,1.0,pq,liberal,0.67,1.0,0.67,1.0,0.5,1.0,1.0,0.33,1.0,1.0,1.0,0.67,1.0,adq,,0.0,0.5,0.8,,0.25,0.0,0.4,0.8,0.3,,1.0,0.8,0.0,1.0,0.0,1.0,1.0,0.67,0.33,0.33,1.0,0.67,0.67,0.33,0.33,0.67,0.6,0.6,0.6,0.2,0.6,0.6,0.6,0.6,0.6,0.6,0.6,0.67,0.67,0.67
237,1.4200392961502075,male,,,french,canadian_quebecois,high_school,,employed,17,1.0,divorced_separated,1.0,2_persons,1.0,children_under_18,no_religion,0.5,,type_1,,1.0,1.0,0.67,1.0,0.67,0.67,1.0,plq,conservative,0.67,0.75,0.67,0.67,0.5,0.67,0.67,0.33,1.0,1.0,1.0,0.0,1.0,adq,conservative,0.4,0.5,,0.5,,0.1,0.4,0.6,,,0.5,0.5,1.0,1.0,0.67,1.0,0.67,0.67,0.33,0.33,1.0,0.67,1.0,0.67,1.0,0.33,0.6,0.6,0.2,0.2,0.2,0.2,0.2,0.2,0.6,0.6,0.6,0.67,0.67,0.67
238,0.9346079230308532,male,55.0,45_54,french,other,bachelor,,employed,33,1.0,divorced_separated,0.0,3_4_persons,1.0,no_children,protestant,1.0,other_regions,type_1,,1.0,1.0,0.67,1.0,1.0,1.0,1.0,plq,ndp,1.0,1.0,1.0,1.0,0.5,0.33,1.0,0.33,1.0,0.0,1.0,0.33,1.0,pq,ndp,0.1,0.75,0.4,0.6,0.75,0.1,0.8,0.4,0.5,0.3,0.75,0.5,0.0,1.0,1.0,1.0,1.0,0.67,0.67,0.67,1.0,1.0,0.67,0.33,0.0,0.0,0.8,0.8,0.8,0.8,0.8,0.8,0.8,0.8,0.8,0.8,0.8,0.83,0.83,0.67
239,1.022304654121399,female,49.0,45_54,french,canadian_quebecois,bachelor,20k_to_40k,employed,1,1.0,widowed,1.0,5_plus_persons,,no_children,protestant,0.5,other_regions,type_1,,1.0,1.0,0.67,1.0,0.33,0.0,1.0,pq,ndp,1.0,1.0,0.67,0.67,1.0,0.67,0.67,0.0,1.0,0.0,1.0,0.67,0.0,qs,conservative,0.1,0.75,0.03,0.75,0.3,0.01,0.75,0.0,0.85,0.3,0.9,0.85,0.0,1.0,0.67,0.67,0.67,0.33,0.67,0.67,1.0,0.0,0.0,0.33,0.0,0.0,0.4,0.8,0.8,0.8,0.4,0.4,0.8,0.8,0.4,0.8,0.4,0.83,0.5,0.5
240,0.3228451609611511,female,70.0,65_plus,french,canadian_quebecois,college_cegep,20k_to_40k,self_employed,3,1.0,widowed,1.0,3_4_persons,1.0,children_under_18,protestant,0.5,other_regions,type_1,,1.0,0.67,0.33,1.0,1.0,0.33,1.0,adq,liberal,0.67,0.75,0.33,0.33,1.0,0.33,0.33,0.67,0.0,,0.0,1.0,0.0,pq,ndp,0.2,0.8,0.85,0.0,0.5,0.05,0.6,0.8,0.5,0.0,0.0,0.5,0.0,,0.67,1.0,0.33,0.67,1.0,0.67,1.0,1.0,0.67,0.33,0.33,0.33,0.8,0.8,0.8,0.8,0.8,0.8,0.8,0.8,0.8,0.8,0.8,0.67,0.67,0.67
241,1.1706970930099487,female,85.0,65_plus,french,canadian_quebecois,high_school,20k_to_40k,self_employed,33,1.0,divorced_separated,0.0,1_person,1.0,both,catholic,1.0,,type_1,,1.0,0.67,1.0,1.0,0.67,1.0,1.0,plq,ndp,1.0,1.0,1.0,0.67,0.5,0.67,0.67,0.67,0.0,0.0,0.0,1.0,1.0,plq,ndp,0.98,0.0,0.5,0.25,0.3,0.6,0.0,0.5,0.3,,0.05,0.5,0.0,1.0,0.33,0.67,0.33,0.33,0.33,1.0,0.33,0.67,1.0,,0.67,0.67,1.0,1.0,1.0,0.2,0.6,0.6,1.0,1.0,1.0,1.0,0.6,1.0,0.67,0.67
242,0.2516313791275024,female,54.0,45_54,french,canadian_quebecois,college_cegep,100k_to_120k,employed,3,1.0,widowed,1.0,3_4_persons,0.0,children_under_18,,,,type_1,0.0,1.0,0.33,0.67,1.0,0.33,0.33,1.0,plq,,0.33,0.75,0.33,0.67,0.5,1.0,1.0,0.33,1.0,0.0,1.0,0.67,1.0,,,0.5,0.5,0.5,0.5,0.5,0.5,0.5,0.5,0.5,0.5,0.4,0.5,0.0,1.0,0.0,1.0,1.0,0.67,0.33,0.33,1.0,0.0,0.67,0.0,0.67,0.0,,,,0.2,0.4,0.4,0.8,0.8,,,0.4,0.17,0.5,0.5
243,0.4941793382167816,male,64.0,55_64,other,other,graduate,80k_to_100k,employed,3,1.0,common_law,0.0,3_4_persons,0.0,no_children,catholic,0.5,montreal,type_1,,1.0,0.67,0.67,0.67,0.67,0.67,1.0,plq,ndp,0.33,0.5,0.67,1.0,0.5,1.0,1.0,0.33,1.0,,0.0,0.67,1.0,plq,ndp,0.5,0.25,0.5,0.5,0.5,0.75,0.25,0.6,0.6,0.5,0.6,0.6,0.0,1.0,0.0,0.67,0.0,1.0,0.67,1.0,1.0,0.67,1.0,1.0,1.0,0.67,0.6,0.8,1.0,0.2,0.4,1.0,0.6,0.8,1.0,0.6,1.0,1.0,0.5,0.5
244,0.2516313791275024,female,50.0,45_54,french,canadian_quebecois,graduate,over_150k,employed,12,1.0,divorced_separated,1.0,5_plus_persons,0.0,children_under_18,,,,type_1,1.0,0.67,1.0,1.0,1.0,0.0,0.0,1.0,adq,liberal,0.0,0.0,0.0,0.0,,1.0,1.0,0.33,0.0,0.0,1.0,0.33,0.0,,,0.0,0.75,0.6,0.4,0.1,0.0,0.9,0.9,0.9,,0.75,0.75,0.0,1.0,0.0,0.0,0.67,0.67,0.67,0.0,1.0,0.0,0.0,1.0,1.0,0.0,,0.8,0.8,0.8,0.4,,0.8,0.8,,,,0.83,0.83,0.67
245,1.1433428525924685,male,45.0,35_44,french,canadian_quebecois,elementary,under_20k,student,7,1.0,divorced_separated,1.0,1_person,1.0,no_children,other_christian,0.0,montreal,type_1,,1.0,1.0,1.0,1.0,1.0,1.0,0.0,,,0.67,1.0,1.0,0.67,0.5,1.0,0.67,0.33,0.0,0.0,0.0,0.67,1.0,,,0.8,0.4,0.6,0.65,0.3,0.1,0.2,0.45,0.5,0.7,0.45,0.65,0.0,,0.0,1.0,1.0,0.67,0.33,0.33,0.67,0.67,1.0,0.67,0.67,1.0,,0.6,,,,,0.6,,,,,0.67,,0.67
246,2.347308874130249,male,40.0,35_44,english,canadian_quebecois,bachelor,under_20k,student,7,0.0,widowed,,3_4_persons,0.0,no_children,catholic,0.0,quebec_city,type_1,,1.0,0.67,1.0,0.33,0.67,1.0,0.0,adq,conservative,0.67,0.75,0.67,0.67,0.5,0.33,0.33,0.67,1.0,0.0,1.0,0.67,1.0,,,0.4,0.0,0.22,0.2,0.2,0.5,0.1,0.1,0.1,0.2,0.04,0.8,0.0,0.0,0.0,0.67,0.67,0.33,0.67,1.0,0.67,0.0,0.67,0.33,0.33,0.0,1.0,1.0,1.0,,,1.0,1.0,0.8,1.0,1.0,1.0,1.0,0.17,0.17
247,1.1706970930099487,female,71.0,65_plus,french,canadian_quebecois,high_school,under_20k,self_employed,32,1.0,married,0.0,1_person,1.0,no_children,protestant,0.5,other_regions,type_1,,1.0,1.0,1.0,1.0,0.0,0.33,1.0,,,1.0,,1.0,1.0,1.0,0.67,0.67,0.33,0.0,0.0,1.0,0.67,1.0,,ndp,0.2,0.9,0.8,0.3,0.1,0.1,0.7,0.9,0.1,0.1,0.01,0.5,1.0,1.0,0.0,0.0,0.0,0.67,0.33,0.67,1.0,0.0,0.67,0.67,0.0,0.0,1.0,,,,,0.6,,0.6,0.6,,,1.0,0.17,0.67
248,0.6555481553077698,female,54.0,45_54,french,canadian_quebecois,high_school,under_20k,homemaker,6,1.0,widowed,0.0,3_4_persons,0.0,children_under_18,protestant,0.0,monteregie,type_1,,1.0,1.0,1.0,0.67,0.33,1.0,0.0,plq,,0.33,1.0,1.0,1.0,0.5,1.0,1.0,0.0,1.0,1.0,1.0,0.0,0.0,,,0.0,0.05,0.04,,,0.0,0.4,0.3,,,0.3,0.3,1.0,1.0,0.33,0.0,0.67,0.67,0.67,0.0,1.0,0.0,0.0,0.33,0.33,0.0,,,,,,,,,,,,0.83,,0.83
249,0.9124647378921508,female,45.0,35_44,french,canadian_quebecois,bachelor,20k_to_40k,employed,32,1.0,widowed,1.0,,0.0,children_under_18,protestant,0.5,monteregie,type_1,,1.0,1.0,1.0,1.0,0.67,0.67,1.0,plq,ndp,0.67,1.0,1.0,1.0,1.0,0.67,1.0,0.33,1.0,1.0,1.0,0.33,,plq,ndp,0.1,0.75,0.75,,0.8,0.0,0.6,0.7,,,0.7,0.7,,1.0,0.67,0.67,0.33,0.67,0.67,0.67,1.0,,0.33,,0.67,0.0,0.8,0.8,0.8,0.2,0.6,0.6,0.6,0.8,0.6,0.8,0.8,0.67,0.67,0.67
250,0.3823769092559814,female,43.0,35_44,french,canadian_quebecois,college_cegep,over_150k,employed,3,1.0,widowed,,3_4_persons,1.0,children_18_plus,catholic,0.0,,type_1,,1.0,1.0,0.33,0.67,0.33,0.33,1.0,pq,other,0.67,1.0,0.67,0.33,0.5,0.67,0.67,0.33,1.0,0.0,0.0,0.67,1.0,plq,conservative,0.75,0.65,0.5,,,0.75,0.5,0.5,,,0.5,0.6,1.0,1.0,0.0,0.67,1.0,0.67,0.33,0.0,0.33,0.0,0.0,0.33,0.33,0.0,1.0,1.0,1.0,1.0,1.0,0.6,1.0,1.0,1.0,1.0,1.0,1.0,1.0,0.67
251,1.3925409317016602,male,42.0,35_44,french,canadian_quebecois,bachelor,under_20k,employed,6,1.0,divorced_separated,1.0,5_plus_persons,0.0,children_18_plus,protestant,0.5,other_regions,type_1,,1.0,1.0,1.0,0.67,1.0,0.67,1.0,plq,ndp,1.0,0.75,0.67,0.67,1.0,0.33,0.67,0.33,0.0,0.0,0.0,0.67,1.0,pq,green,0.2,0.8,0.2,0.5,0.5,0.2,0.5,0.1,0.5,0.1,0.5,0.5,0.0,1.0,1.0,1.0,1.0,0.33,0.33,0.67,1.0,0.0,0.0,0.67,0.67,0.0,0.8,0.8,0.8,0.8,0.8,0.8,0.8,0.8,0.8,0.8,0.8,0.83,0.83,0.83
252,0.7738205194473267,male,62.0,55_64,french,canadian_quebecois,college_cegep,20k_to_40k,self_employed,13,1.0,widowed,1.0,2_persons,1.0,children_18_plus,other_christian,0.5,other_regions,type_1,,1.0,1.0,1.0,1.0,0.67,0.67,1.0,adq,conservative,0.67,1.0,1.0,0.33,0.5,1.0,1.0,0.33,1.0,0.0,0.0,0.67,1.0,adq,conservative,0.35,0.3,0.6,0.1,0.08,0.3,0.35,0.6,0.1,0.12,0.3,0.6,1.0,1.0,0.0,0.67,0.67,0.67,1.0,0.33,1.0,0.0,0.67,1.0,0.67,0.33,0.6,0.8,0.6,0.6,0.6,0.6,0.6,0.8,0.6,0.6,0.6,0.67,0.83,0.67
253,0.7705016136169434,female,56.0,55_64,french,canadian_quebecois,college_cegep,under_20k,homemaker,4,1.0,widowed,0.0,1_person,1.0,no_children,catholic,0.5,quebec_city,type_1,,1.0,1.0,1.0,1.0,0.67,0.33,1.0,plq,conservative,1.0,1.0,1.0,1.0,0.5,1.0,1.0,0.67,1.0,0.0,0.0,0.67,0.0,,,0.65,0.3,0.5,0.0,0.0,0.65,0.3,0.35,,0.2,0.4,0.5,0.0,1.0,0.0,0.67,1.0,0.33,1.0,0.33,1.0,0.33,1.0,0.67,1.0,0.33,1.0,0.6,,0.6,1.0,1.0,1.0,0.8,,,1.0,1.0,,0.67
254,1.1433428525924685,male,52.0,45_54,french,other_european,high_school,60k_to_80k,employed,26,1.0,divorced_separated,0.0,3_4_persons,1.0,no_children,,,montreal,type_1,0.0,0.67,0.67,0.67,0.67,0.33,0.0,1.0,plq,ndp,0.67,0.75,0.67,0.33,1.0,0.33,1.0,0.33,1.0,0.0,1.0,0.67,0.0,pq,liberal,0.3,0.5,0.6,,0.2,0.2,0.3,0.5,,,0.4,0.6,0.0,1.0,0.67,0.67,1.0,1.0,0.67,0.33,1.0,1.0,0.0,0.33,0.33,0.33,1.0,,,0.2,1.0,0.8,0.8,1.0,1.0,0.8,1.0,0.67,0.83,0.67
255,0.9961626529693604,female,44.0,35_44,french,canadian_quebecois,graduate,over_150k,employed,14,1.0,widowed,1.0,5_plus_persons,0.0,both,other_religion,0.5,other_regions,type_1,,0.67,0.67,0.67,0.67,0.33,0.33,1.0,plq,other,0.67,1.0,1.0,0.33,1.0,0.33,0.67,0.0,1.0,,1.0,0.67,0.0,qs,conservative,0.0,0.3,0.0,0.75,0.7,0.0,0.7,0.0,0.8,0.75,0.7,0.5,0.0,1.0,0.0,0.67,0.67,0.0,0.67,0.67,1.0,0.0,0.0,0.67,0.67,0.33,0.4,0.4,0.4,0.4,0.4,0.4,0.8,0.8,0.4,0.4,0.4,0.83,0.5,0.5
256,0.5535573959350586,female,60.0,55_64,french,canadian_quebecois,bachelor,,employed,14,1.0,widowed,1.0,,0.0,children_18_plus,protestant,0.0,monteregie,type_1,,1.0,1.0,0.67,1.0,0.67,0.33,1.0,adq,liberal,1.0,1.0,1.0,0.33,1.0,0.67,0.67,0.33,1.0,0.0,1.0,0.67,1.0,pq,green,0.5,0.5,0.3,0.3,0.3,0.4,0.4,0.3,0.6,,0.5,0.5,0.0,1.0,0.33,0.67,0.67,0.67,0.33,0.67,1.0,,0.33,0.67,0.33,0.67,0.8,0.8,,,,0.8,0.8,0.8,,,,1.0,0.17,0.67
257,0.9163962006568908,male,50.0,45_54,french,canadian_quebecois,graduate,60k_to_80k,retired,6,1.0,widowed,,5_plus_persons,0.0,children_under_18,,,,type_1,0.0,1.0,1.0,0.67,1.0,0.33,0.33,1.0,plq,ndp,0.33,0.5,0.0,0.67,0.5,1.0,1.0,0.0,1.0,1.0,1.0,0.0,,,,0.0,0.0,0.2,0.4,0.3,0.0,0.0,0.2,0.4,0.3,0.5,0.5,0.0,1.0,0.0,0.0,0.0,0.67,0.67,0.0,,0.33,0.0,0.67,0.0,0.33,0.4,,,0.2,,,,,,0.4,,0.67,0.17,0.17
258,0.9163962006568908,male,51.0,45_54,french,canadian_quebecois,graduate,40k_to_60k,employed,14,1.0,single,0.0,1_person,1.0,children_18_plus,other_christian,0.5,montreal,type_1,,1.0,1.0,1.0,1.0,1.0,0.33,1.0,plq,bloc,0.33,1.0,1.0,,0.5,1.0,0.67,0.33,1.0,0.0,1.0,0.33,1.0,adq,green,0.4,0.4,0.6,0.2,0.4,0.5,0.3,0.7,0.2,0.2,0.5,0.6,0.0,0.0,0.0,0.67,0.33,0.33,0.67,0.0,1.0,0.0,0.0,0.33,0.33,0.0,0.6,0.6,0.6,0.2,0.6,0.6,0.6,0.6,0.6,0.6,0.6,0.67,0.67,0.67
259,0.9693608283996582,female,32.0,25_34,french,canadian_quebecois,bachelor,,employed,16,1.0,widowed,1.0,5_plus_persons,0.0,no_children,other_christian,0.5,montreal,type_1,,1.0,1.0,0.67,1.0,0.67,0.67,1.0,plq,ndp,0.67,0.5,0.67,0.67,0.5,0.67,0.33,0.33,1.0,0.0,0.0,0.67,1.0,adq,liberal,0.5,0.4,0.6,,0.25,0.6,0.4,0.8,0.2,,0.0,,0.0,1.0,0.0,1.0,0.33,0.67,0.33,1.0,0.33,0.33,0.67,0.33,0.33,0.0,0.6,0.6,0.6,0.6,0.6,0.6,0.6,0.6,0.6,0.6,0.6,0.67,0.67,0.67
260,1.1433428525924685,male,54.0,45_54,french,canadian_quebecois,high_school,40k_to_60k,employed,26,1.0,common_law,1.0,3_4_persons,0.0,children_under_18,protestant,0.0,other_regions,type_1,,1.0,1.0,1.0,0.67,0.33,0.33,1.0,adq,liberal,0.67,1.0,1.0,0.33,1.0,0.67,0.67,0.33,0.0,,1.0,0.33,1.0,pq,,0.15,0.5,0.3,0.25,0.25,0.05,0.4,0.4,0.5,0.5,1.0,0.6,0.0,1.0,0.33,0.67,1.0,0.67,0.67,0.33,1.0,0.0,0.0,1.0,1.0,0.0,,0.8,0.8,0.8,0.8,0.8,0.8,0.8,0.8,0.6,0.8,0.83,0.83,0.67
261,2.575615167617798,female,18.0,18_24,english,other,college_cegep,under_20k,retired,6,0.0,common_law,1.0,2_persons,0.0,children_18_plus,catholic,0.5,monteregie,type_1,,1.0,1.0,0.67,1.0,0.67,0.67,1.0,pq,bloc,1.0,1.0,0.67,0.67,0.5,0.67,0.67,0.67,,0.0,1.0,1.0,0.0,plq,green,0.8,0.5,0.5,,0.75,0.75,0.5,0.6,0.6,0.7,0.8,0.9,0.0,0.0,0.0,1.0,1.0,0.33,0.33,1.0,0.33,0.0,0.0,,1.0,0.67,1.0,1.0,1.0,0.2,1.0,1.0,1.0,1.0,1.0,1.0,1.0,1.0,0.33,0.33
262,1.3550678491592407,male,32.0,25_34,french,canadian_quebecois,graduate,40k_to_60k,employed,6,1.0,widowed,1.0,5_plus_persons,0.0,children_18_plus,protestant,0.0,outaouais,type_1,,0.67,1.0,0.67,1.0,0.0,0.0,1.0,adq,liberal,0.67,1.0,1.0,0.0,1.0,0.67,1.0,0.0,1.0,0.0,1.0,0.0,1.0,pq,bloc,0.5,0.8,0.2,0.75,0.75,0.4,0.5,0.1,0.6,0.5,0.75,0.75,0.0,1.0,0.67,0.67,0.67,0.67,0.33,0.67,1.0,,0.33,0.67,0.67,0.0,0.8,0.8,1.0,0.2,0.8,0.8,0.8,0.8,0.8,1.0,0.4,0.5,0.5,0.5
263,0.6555481553077698,female,48.0,45_54,french,canadian_quebecois,high_school,under_20k,student,16,0.0,married,1.0,2_persons,1.0,children_under_18,catholic,0.5,outaouais,type_1,,1.0,1.0,0.67,1.0,1.0,0.33,1.0,plq,conservative,0.67,1.0,1.0,1.0,0.5,1.0,1.0,0.0,1.0,0.0,1.0,0.0,1.0,plq,,0.5,0.3,0.5,0.4,0.5,0.5,0.2,0.4,,0.4,0.0,0.0,0.0,1.0,0.0,0.67,0.33,1.0,0.33,1.0,1.0,1.0,0.67,0.0,0.0,0.0,,1.0,,,,1.0,1.0,,,,0.6,0.17,0.17,0.67
264,0.6555481553077698,female,47.0,45_54,french,canadian_quebecois,college_cegep,,employed,6,1.0,single,0.0,1_person,1.0,both,protestant,0.5,,type_1,,1.0,1.0,1.0,1.0,0.33,0.33,1.0,adq,liberal,0.67,1.0,1.0,0.0,1.0,1.0,1.0,0.33,1.0,0.0,1.0,0.67,1.0,,,0.1,0.6,0.4,0.1,0.05,0.0,0.6,0.4,0.1,0.05,0.7,0.4,0.0,1.0,0.67,0.67,1.0,0.0,0.67,0.67,1.0,0.33,0.0,1.0,0.33,0.0,0.8,0.6,0.6,0.6,0.8,0.6,0.8,0.8,0.8,0.8,0.8,0.83,0.83,0.67
265,0.3228451609611511,female,66.0,65_plus,french,canadian_quebecois,bachelor,under_20k,self_employed,3,1.0,divorced_separated,0.0,3_4_persons,0.0,children_18_plus,catholic,0.0,,type_1,,1.0,1.0,0.67,1.0,0.67,0.67,1.0,adq,liberal,0.67,1.0,1.0,0.67,0.5,0.67,0.67,0.67,0.0,,0.0,0.67,1.0,,,0.5,0.5,0.5,0.4,0.5,0.7,0.5,0.8,0.8,,0.5,0.8,1.0,0.0,0.0,0.67,0.67,0.33,0.33,1.0,1.0,0.67,0.67,0.67,0.67,0.33,1.0,0.6,0.6,1.0,0.6,0.6,0.6,1.0,0.6,0.6,0.6,1.0,0.67,0.67
266,0.1873806416988372,male,61.0,55_64,french,canadian_quebecois,graduate,over_150k,employed,3,1.0,widowed,,5_plus_persons,0.0,children_18_plus,catholic,0.0,montreal,type_1,,1.0,1.0,0.67,0.67,0.0,0.67,1.0,adq,liberal,0.33,1.0,0.67,0.33,0.5,0.0,0.0,0.67,0.0,0.0,0.0,1.0,0.0,plq,,0.85,0.5,0.7,,,0.85,0.5,0.7,,,0.5,0.5,1.0,1.0,0.0,1.0,0.67,0.0,1.0,1.0,1.0,0.0,0.33,1.0,1.0,0.67,1.0,1.0,1.0,1.0,1.0,1.0,1.0,1.0,1.0,1.0,1.0,1.0,0.0,
267,0.3281298279762268,male,25.0,18_24,french,canadian_quebecois,bachelor,under_20k,retired,3,1.0,widowed,0.0,3_4_persons,0.0,both,protestant,0.5,outaouais,type_1,,0.67,1.0,0.67,1.0,0.67,0.33,1.0,pq,,0.33,0.75,0.67,0.67,1.0,0.0,0.67,0.33,0.0,0.0,0.0,0.67,1.0,pq,,0.55,0.8,0.35,0.7,0.7,0.5,0.8,0.3,0.8,0.5,0.75,0.5,0.0,1.0,0.33,0.67,0.33,0.0,0.67,0.67,1.0,0.0,0.67,1.0,1.0,0.33,1.0,0.8,0.8,0.4,0.4,0.8,0.8,0.8,0.8,0.8,0.8,0.83,0.83,0.33
268,1.299885392189026,male,50.0,45_54,french,canadian_quebecois,college_cegep,60k_to_80k,employed,2,1.0,widowed,1.0,5_plus_persons,0.0,children_under_18,other_christian,0.0,quebec_city,type_1,,1.0,1.0,0.67,0.67,0.33,0.33,1.0,plq,bloc,0.67,0.75,0.67,0.67,1.0,0.67,0.67,0.67,1.0,0.0,0.0,0.67,0.0,adq,conservative,0.0,0.75,0.9,0.0,0.25,0.0,0.75,0.95,0.3,0.0,0.75,0.75,1.0,,0.67,0.67,0.67,0.0,0.33,0.33,1.0,0.67,0.33,0.33,0.67,0.0,0.6,0.6,0.6,0.6,0.6,0.6,0.6,0.8,0.8,,0.6,0.67,0.67,0.67
269,0.9693608283996582,female,33.0,25_34,french,canadian_quebecois,bachelor,,employed,6,1.0,widowed,1.0,5_plus_persons,0.0,children_18_plus,protestant,0.0,,type_1,,1.0,1.0,0.67,1.0,0.67,0.33,1.0,qs,liberal,0.33,0.75,0.67,0.33,0.5,0.33,0.67,0.33,1.0,0.0,1.0,0.67,0.0,,,0.5,0.6,0.4,0.5,0.2,0.5,0.3,0.22,0.6,0.3,0.6,0.4,0.0,1.0,0.33,0.67,0.67,0.33,0.33,0.0,1.0,0.0,0.33,0.33,0.33,0.0,1.0,1.0,1.0,0.8,0.4,0.6,0.8,0.8,1.0,1.0,0.6,1.0,0.5,0.67
270,1.4200392961502075,male,79.0,65_plus,french,canadian_quebecois,high_school,40k_to_60k,self_employed,4,1.0,widowed,0.0,,1.0,children_18_plus,other_christian,0.5,monteregie,type_1,,1.0,1.0,1.0,1.0,1.0,0.67,0.0,adq,liberal,0.67,1.0,1.0,,0.5,0.33,1.0,0.33,1.0,0.0,1.0,0.33,,,,,,,,,0.0,0.0,0.5,,,1.0,0.5,0.0,0.0,0.33,,0.33,0.67,0.67,1.0,0.33,1.0,0.67,,0.67,,0.6,0.6,0.6,0.6,,0.8,0.8,0.8,0.8,0.6,0.6,0.67,0.67,0.67
271,0.5535573959350586,female,62.0,55_64,french,canadian_quebecois,college_cegep,over_150k,self_employed,16,1.0,divorced_separated,1.0,3_4_persons,0.0,children_18_plus,catholic,0.5,montreal,type_1,,1.0,1.0,1.0,1.0,0.67,0.67,1.0,adq,liberal,1.0,0.75,0.67,0.67,0.5,0.33,0.33,0.67,0.0,0.0,0.0,0.67,0.0,plq,ndp,0.85,0.75,0.8,0.7,0.7,0.8,0.6,0.7,0.6,0.55,0.75,0.8,0.0,1.0,0.0,0.67,0.67,0.67,0.33,0.33,1.0,0.0,1.0,0.67,0.67,0.33,1.0,1.0,1.0,0.2,1.0,1.0,0.8,0.8,1.0,1.0,1.0,1.0,1.0,1.0
272,2.664950370788574,male,20.0,18_24,french,canadian_quebecois,bachelor,over_150k,retired,6,1.0,widowed,1.0,3_4_persons,0.0,children_under_18,protestant,0.5,other_regions,type_1,,1.0,1.0,0.67,1.0,0.67,0.33,1.0,plq,conservative,0.33,0.75,0.33,0.33,1.0,0.33,0.33,0.33,0.0,0.0,,0.67,0.0,pq,bloc,0.65,0.9,0.22,0.85,0.8,0.61,0.67,0.24,0.87,0.54,0.8,0.6,0.0,1.0,0.67,1.0,0.67,0.0,0.67,0.67,1.0,0.0,,1.0,1.0,0.67,0.8,0.8,,0.2,0.4,,0.8,0.8,0.8,0.8,0.8,0.83,0.83,0.5
273,1.1433428525924685,male,46.0,45_54,french,canadian_quebecois,high_school,40k_to_60k,employed,8,1.0,divorced_separated,0.0,1_person,1.0,no_children,other_christian,0.0,quebec_city,type_1,,1.0,1.0,0.0,1.0,0.0,0.0,1.0,plq,other,0.0,0.5,1.0,0.0,0.5,0.67,1.0,0.33,,,0.0,0.0,0.0,adq,,0.75,0.6,0.76,0.4,0.1,0.79,0.75,0.8,0.3,0.3,1.0,1.0,0.0,1.0,0.33,1.0,0.67,1.0,0.67,0.33,0.33,0.33,1.0,1.0,1.0,0.0,,,,1.0,,0.6,1.0,0.8,1.0,,,1.0,0.67,0.67
274,0.8653778433799744,male,25.0,18_24,,,,,,3,,,1.0,3_4_persons,0.0,children_under_18,protestant,0.5,other_regions,type_1,,1.0,1.0,0.0,0.33,1.0,0.33,1.0,,,0.67,0.5,1.0,0.0,1.0,0.67,0.67,0.33,0.0,0.0,0.0,0.67,0.0,pq,ndp,0.0,0.75,0.65,0.04,0.06,0.0,0.5,0.5,0.0,0.0,0.5,0.6,1.0,1.0,0.67,0.67,1.0,1.0,1.0,0.67,0.33,0.67,1.0,1.0,0.67,1.0,0.6,0.6,0.6,0.8,0.6,0.8,0.8,0.8,0.6,0.6,0.8,0.67,0.83,0.67
275,0.9163962006568908,male,53.0,45_54,french,canadian_quebecois,college_cegep,40k_to_60k,employed,13,1.0,widowed,,5_plus_persons,1.0,no_children,other_christian,1.0,monteregie,type_1,,1.0,1.0,0.67,1.0,0.33,0.67,0.0,plq,conservative,0.33,0.75,0.67,1.0,1.0,0.67,1.0,0.33,1.0,1.0,1.0,0.0,1.0,,,0.0,0.3,0.5,0.3,0.3,0.0,0.3,0.5,0.5,0.3,0.3,0.3,0.0,1.0,0.0,0.67,0.33,0.0,1.0,0.67,1.0,0.33,0.67,0.33,0.33,0.0,0.6,0.6,0.6,0.2,0.6,0.6,0.4,0.4,0.6,0.6,0.6,0.67,0.5,0.67
276,0.3281298279762268,male,26.0,25_34,french,canadian_quebecois,college_cegep,20k_to_40k,employed,3,1.0,divorced_separated,1.0,5_plus_persons,0.0,children_under_18,other_christian,1.0,quebec_city,type_1,,1.0,1.0,0.33,0.67,0.67,1.0,1.0,plq,bloc,0.33,0.75,0.67,0.33,0.5,0.67,0.67,0.33,0.0,0.0,0.0,0.67,1.0,adq,,0.6,0.5,0.8,0.2,0.2,0.6,0.3,0.8,0.2,,0.0,0.8,0.0,1.0,0.0,,0.33,0.67,0.33,0.33,0.33,,0.67,0.67,0.67,0.0,0.6,0.6,0.6,0.6,,0.6,0.6,0.6,0.6,0.6,0.6,0.67,0.67,0.67
277,3.2186999320983887,male,19.0,18_24,french,canadian_quebecois,high_school,under_20k,employed,4,1.0,widowed,1.0,3_4_persons,0.0,children_18_plus,other_christian,0.5,quebec_city,type_1,,0.67,0.67,0.33,0.67,0.67,0.67,0.0,adq,liberal,0.67,0.75,1.0,0.67,1.0,0.67,0.33,0.33,1.0,0.0,0.0,0.33,1.0,,,0.3,0.7,0.7,0.1,0.1,,0.5,0.7,0.1,0.1,0.65,0.7,1.0,1.0,0.67,1.0,0.33,0.0,0.33,0.0,0.67,0.67,0.67,0.67,0.33,1.0,0.8,0.6,1.0,0.8,0.6,0.6,0.8,0.6,0.6,1.0,0.8,0.67,0.83,0.83
278,1.022304654121399,female,49.0,45_54,french,canadian_quebecois,bachelor,100k_to_120k,employed,2,1.0,single,0.0,1_person,1.0,no_children,other_christian,0.5,quebec_city,type_1,,0.67,0.67,0.33,1.0,0.33,0.67,1.0,adq,liberal,,0.75,0.67,0.33,0.5,0.33,0.33,0.67,0.0,0.0,0.0,0.67,0.0,plq,ndp,0.6,0.3,0.9,0.8,0.4,0.5,0.3,0.9,0.8,0.4,0.3,0.7,0.0,1.0,0.33,0.67,0.67,0.33,0.33,1.0,0.33,0.67,0.67,0.67,0.0,0.0,0.4,,1.0,0.2,,0.6,,,1.0,0.6,0.6,0.67,0.67,0.67
279,1.1706970930099487,female,73.0,65_plus,french,canadian_quebecois,high_school,20k_to_40k,self_employed,5,1.0,single,0.0,2_persons,1.0,children_under_18,protestant,0.0,other_regions,type_1,,1.0,1.0,0.33,1.0,1.0,0.67,1.0,adq,liberal,1.0,0.75,1.0,0.67,1.0,0.33,0.0,0.33,1.0,0.0,1.0,0.33,1.0,plq,conservative,0.35,0.25,0.1,0.0,0.0,0.2,0.2,0.25,,,0.5,0.5,1.0,1.0,0.67,0.67,0.67,0.67,0.67,0.0,1.0,0.33,0.67,0.67,0.67,1.0,1.0,,1.0,0.2,,,0.8,0.8,1.0,,,1.0,,0.67
280,0.1873806416988372,male,62.0,55_64,french,canadian_quebecois,high_school,40k_to_60k,self_employed,12,1.0,widowed,1.0,5_plus_persons,0.0,no_children,other_christian,1.0,quebec_city,type_1,,1.0,1.0,0.67,0.67,1.0,1.0,1.0,plq,ndp,1.0,1.0,1.0,1.0,0.5,1.0,1.0,0.33,1.0,0.0,1.0,0.33,1.0,pq,ndp,0.2,0.4,0.5,0.02,0.0,0.1,0.25,0.75,0.1,,0.4,0.7,1.0,1.0,0.0,0.67,1.0,0.33,0.67,0.33,1.0,0.0,1.0,0.33,0.0,0.0,0.6,0.8,0.6,0.6,0.6,0.6,0.6,0.8,0.6,0.6,0.6,0.67,0.67,0.67
281,1.5116838216781616,female,28.0,25_34,french,canadian_quebecois,graduate,40k_to_60k,employed,11,1.0,common_law,1.0,1_person,0.0,no_children,protestant,0.5,other_regions,type_1,,1.0,1.0,1.0,0.67,1.0,0.33,1.0,,,1.0,1.0,1.0,0.33,1.0,1.0,1.0,0.33,1.0,0.0,1.0,0.0,0.0,pq,,0.0,0.9,0.0,0.9,0.25,0.0,0.6,0.0,0.9,0.25,1.0,0.5,0.0,1.0,1.0,0.67,1.0,0.0,0.67,0.67,1.0,0.0,0.0,0.33,0.33,0.0,0.8,0.8,0.4,0.2,0.4,0.4,0.8,0.8,0.8,1.0,0.8,0.83,0.5,0.5
282,0.8410736918449402,female,70.0,65_plus,french,other,college_cegep,,self_employed,6,1.0,widowed,1.0,2_persons,1.0,no_children,,,,type_1,0.0,1.0,1.0,1.0,0.67,,0.67,1.0,plq,ndp,0.33,1.0,1.0,,0.5,0.67,1.0,0.67,1.0,0.0,1.0,0.67,,,,0.5,0.5,0.5,,,0.5,0.5,0.5,,,0.5,0.5,0.0,1.0,0.0,0.67,1.0,0.67,1.0,,0.33,0.0,,0.67,0.67,,1.0,1.0,,,,,,,,1.0,,1.0,0.0,0.0
283,1.1433428525924685,male,51.0,45_54,french,canadian_quebecois,high_school,over_150k,employed,26,1.0,common_law,1.0,5_plus_persons,1.0,no_children,catholic,0.5,montreal,type_1,,1.0,1.0,0.33,1.0,1.0,1.0,1.0,plq,,0.33,1.0,1.0,1.0,0.5,1.0,1.0,0.33,1.0,0.0,1.0,0.67,0.0,adq,liberal,0.75,0.25,0.9,0.5,0.5,0.5,0.75,0.9,0.6,0.5,0.75,1.0,1.0,1.0,0.0,0.67,1.0,1.0,0.33,0.33,0.33,0.67,1.0,0.67,0.67,0.0,0.6,1.0,0.6,1.0,0.6,0.6,1.0,1.0,1.0,0.6,0.6,0.67,0.67,0.67
284,0.3823769092559814,female,41.0,35_44,french,canadian_quebecois,graduate,,student,3,1.0,widowed,1.0,5_plus_persons,0.0,children_under_18,other_christian,0.5,quebec_city,type_1,,1.0,1.0,1.0,1.0,0.67,1.0,1.0,plq,ndp,0.0,0.75,1.0,1.0,0.5,0.33,1.0,0.33,1.0,0.0,0.0,0.67,0.0,adq,liberal,0.7,0.4,0.8,0.5,0.5,0.6,0.4,0.8,0.5,,0.5,0.9,0.0,1.0,0.0,1.0,1.0,0.33,0.33,0.0,1.0,0.33,1.0,1.0,0.33,0.0,0.6,0.6,0.6,0.6,0.6,0.6,0.6,0.6,0.6,0.6,0.6,0.67,0.67,0.67
285,0.8410736918449402,female,73.0,65_plus,french,canadian_quebecois,high_school,20k_to_40k,self_employed,6,1.0,single,0.0,2_persons,0.0,children_under_18,catholic,0.5,montreal,type_1,,1.0,0.67,0.67,1.0,0.67,0.67,1.0,plq,ndp,0.67,0.75,0.67,1.0,0.5,0.67,0.67,0.33,1.0,1.0,1.0,0.33,1.0,,,0.95,0.5,0.8,0.4,0.5,0.95,0.0,0.75,0.25,0.5,0.0,0.75,1.0,1.0,0.0,0.67,0.67,1.0,1.0,1.0,1.0,0.33,0.33,1.0,0.67,0.33,1.0,1.0,1.0,1.0,1.0,0.6,1.0,1.0,0.8,1.0,0.6,1.0,1.0,0.67
286,0.5535573959350586,female,58.0,55_64,french,canadian_quebecois,high_school,40k_to_60k,homemaker,14,1.0,married,0.0,3_4_persons,1.0,no_children,other_christian,0.5,,type_1,,1.0,1.0,0.33,1.0,0.67,0.33,1.0,plq,ndp,0.67,1.0,0.33,1.0,0.5,0.33,0.67,0.33,1.0,0.0,0.0,0.67,1.0,adq,liberal,0.7,0.6,0.75,0.4,0.6,0.6,0.5,0.75,0.4,,0.5,0.8,1.0,0.0,0.0,1.0,0.0,0.67,0.33,0.0,1.0,0.67,0.67,,0.67,1.0,1.0,0.6,,0.6,0.6,0.6,0.6,0.6,0.6,0.6,0.6,1.0,0.0,0.67
287,1.5116838216781616,female,34.0,25_34,french,canadian_quebecois,high_school,80k_to_100k,employed,9,1.0,widowed,,5_plus_persons,0.0,no_children,other_christian,0.5,other_regions,type_1,,1.0,0.67,0.33,0.67,0.67,1.0,1.0,plq,,0.33,0.5,1.0,1.0,0.5,1.0,1.0,0.0,1.0,1.0,1.0,0.33,0.0,pq,ndp,0.25,0.75,0.9,,0.5,0.5,0.8,0.9,,0.3,0.75,0.75,0.0,1.0,0.0,0.67,0.67,0.67,0.33,0.0,1.0,0.0,0.33,0.33,0.33,0.0,0.6,0.6,0.8,0.8,1.0,0.6,0.8,0.6,0.6,0.8,0.6,0.67,0.67,0.67
288,0.74787837266922,female,55.0,45_54,english,canadian_quebecois,bachelor,80k_to_100k,employed,6,,widowed,1.0,5_plus_persons,1.0,children_under_18,other_christian,1.0,quebec_city,type_1,,0.67,0.67,0.67,1.0,0.33,0.0,1.0,plq,ndp,0.0,0.75,0.67,0.67,0.5,1.0,1.0,0.0,1.0,1.0,1.0,0.0,1.0,adq,green,0.3,0.3,0.9,0.6,0.8,0.2,0.5,0.95,0.7,0.7,0.0,0.6,0.0,1.0,0.0,0.67,0.0,0.0,0.33,0.33,0.33,0.0,1.0,0.33,1.0,0.0,0.6,0.6,0.6,0.2,0.6,0.6,0.6,0.6,0.6,0.6,0.6,0.67,0.67,0.67
289,0.9163962006568908,male,45.0,35_44,french,canadian_quebecois,high_school,60k_to_80k,employed,14,1.0,divorced_separated,1.0,3_4_persons,0.0,children_18_plus,protestant,0.5,quebec_city,type_1,,1.0,1.0,1.0,0.67,0.67,1.0,1.0,qs,ndp,0.67,1.0,1.0,0.33,0.5,1.0,1.0,0.33,1.0,0.0,0.0,0.67,1.0,pq,green,0.25,0.8,0.6,0.15,0.5,0.1,0.5,0.6,0.7,0.2,0.75,0.8,0.0,1.0,0.33,0.67,0.67,0.0,0.67,0.33,0.33,0.67,0.67,0.67,0.67,0.67,0.8,0.8,0.2,0.2,0.8,0.8,0.8,0.8,0.8,0.2,0.8,0.5,0.5,0.83
290,1.1706970930099487,female,88.0,65_plus,french,canadian_quebecois,high_school,under_20k,self_employed,17,1.0,widowed,1.0,2_persons,1.0,children_18_plus,protestant,0.5,quebec_city,type_1,,1.0,1.0,0.67,0.67,1.0,0.33,1.0,plq,,0.67,1.0,1.0,0.67,1.0,0.33,1.0,0.33,1.0,0.0,0.0,0.67,1.0,adq,conservative,0.25,0.95,0.95,0.5,0.5,0.25,0.75,1.0,1.0,0.5,0.5,0.5,0.0,1.0,0.33,0.67,0.67,0.33,0.33,0.67,1.0,1.0,1.0,0.67,0.67,0.33,1.0,0.8,0.6,0.2,0.6,0.6,0.8,0.8,0.8,1.0,0.6,1.0,0.67,0.67
291,0.8410736918449402,female,67.0,65_plus,french,canadian_quebecois,college_cegep,20k_to_40k,self_employed,6,1.0,divorced_separated,0.0,1_person,1.0,no_children,catholic,1.0,montreal,type_1,,1.0,1.0,0.67,1.0,1.0,0.67,1.0,plq,,1.0,1.0,0.33,0.33,0.5,1.0,0.67,0.67,1.0,0.0,1.0,0.0,1.0,plq,ndp,0.04,0.0,0.03,0.0,0.0,0.05,0.0,0.03,0.0,0.03,0.0,0.03,0.0,1.0,0.0,0.67,0.67,0.67,0.33,1.0,1.0,0.67,0.67,0.67,0.67,1.0,1.0,1.0,1.0,1.0,1.0,1.0,1.0,1.0,1.0,1.0,1.0,1.0,1.0,1.0
292,0.3228451609611511,female,66.0,65_plus,french,canadian_quebecois,bachelor,,self_employed,12,1.0,married,1.0,2_persons,1.0,,,,,type_1,0.0,1.0,1.0,0.67,1.0,0.67,0.67,1.0,adq,,0.67,1.0,1.0,0.67,1.0,1.0,0.67,0.33,1.0,0.0,0.0,0.67,1.0,,,0.5,0.5,0.7,0.7,0.5,,,,,,0.3,0.8,0.0,1.0,0.67,0.67,0.0,0.33,0.33,0.0,1.0,,0.67,,0.67,0.33,,,,,,,,,,,,,,
293,1.8384100198745728,female,30.0,25_34,french,canadian_quebecois,college_cegep,80k_to_100k,employed,7,1.0,widowed,1.0,5_plus_persons,0.0,children_under_18,protestant,1.0,other_regions,type_1,,1.0,1.0,0.0,0.67,0.33,0.33,1.0,plq,bloc,1.0,0.75,1.0,0.67,1.0,0.67,0.67,0.0,0.0,0.0,1.0,0.67,0.0,pq,ndp,0.0,0.8,0.6,0.6,0.4,0.0,0.4,0.6,0.5,,0.4,0.3,0.0,,0.33,0.67,0.67,0.33,0.33,0.67,1.0,0.33,0.67,0.67,0.67,0.0,0.8,0.8,,0.8,0.8,0.6,0.8,0.8,1.0,,0.6,0.67,0.83,0.67
294,1.466917634010315,male,72.0,65_plus,french,canadian_quebecois,high_school,under_20k,self_employed,26,1.0,single,0.0,1_person,1.0,no_children,protestant,0.5,other_regions,type_1,,1.0,1.0,,1.0,0.67,0.33,1.0,adq,,1.0,1.0,0.67,1.0,1.0,0.33,0.67,0.33,1.0,0.0,1.0,1.0,1.0,pq,,0.25,0.75,0.1,0.05,0.05,0.1,0.7,0.2,0.05,0.1,0.4,0.65,1.0,0.0,1.0,1.0,1.0,0.33,0.67,0.67,1.0,0.0,0.0,0.67,0.33,0.33,0.8,0.8,,0.8,0.8,0.8,0.8,0.8,0.8,,0.8,0.83,0.83,0.83
295,1.3550678491592407,male,27.0,25_34,french,other_european,high_school,under_20k,student,15,1.0,widowed,0.0,5_plus_persons,0.0,children_18_plus,protestant,0.5,montreal,type_1,,1.0,1.0,0.33,0.67,0.33,0.67,0.0,plq,conservative,0.33,1.0,0.67,0.33,1.0,0.33,0.33,0.67,0.0,,0.0,0.67,1.0,,,0.3,0.75,0.75,,0.5,0.5,0.5,0.7,,,0.75,0.75,1.0,0.0,0.67,,1.0,0.33,0.33,0.67,0.33,0.67,0.67,0.67,0.33,0.0,1.0,0.8,0.8,0.2,0.6,,0.8,0.8,0.8,1.0,0.6,1.0,0.67,0.83
296,0.7738205194473267,male,62.0,55_64,french,canadian_quebecois,high_school,40k_to_60k,employed,16,1.0,widowed,,5_plus_persons,0.0,children_under_18,other_christian,0.5,eastern_quebec,type_1,,0.67,1.0,0.33,1.0,1.0,0.0,1.0,adq,liberal,0.33,1.0,1.0,0.0,1.0,0.33,1.0,0.33,1.0,0.0,1.0,0.67,1.0,other,ndp,0.03,0.5,0.55,0.2,0.7,0.1,0.4,0.7,0.3,0.5,0.8,0.8,0.0,1.0,0.0,0.67,1.0,0.0,0.67,1.0,1.0,0.0,0.33,0.33,0.67,0.0,0.6,0.8,0.6,0.2,0.2,0.6,0.8,0.8,0.8,0.6,0.6,0.67,0.67,0.67
297,0.3281298279762268,male,28.0,25_34,french,canadian_quebecois,bachelor,over_150k,employed,3,1.0,divorced_separated,0.0,3_4_persons,0.0,no_children,other_christian,1.0,quebec_city,type_1,,0.67,0.67,0.67,1.0,0.67,0.0,1.0,plq,ndp,1.0,0.0,0.67,0.0,0.5,0.33,0.33,0.67,1.0,0.0,1.0,0.0,1.0,adq,liberal,0.7,0.0,0.9,0.0,0.5,0.7,0.0,0.85,0.0,0.2,0.0,0.75,1.0,1.0,0.0,0.67,0.67,0.0,0.33,1.0,0.33,1.0,1.0,0.67,1.0,0.67,0.6,0.6,0.6,1.0,0.4,0.6,0.6,0.6,0.6,0.6,0.6,0.67,0.67,0.67
298,0.7317694425582886,female,22.0,18_24,french,canadian_quebecois,bachelor,,employed,12,1.0,divorced_separated,1.0,3_4_persons,0.0,no_children,other_christian,0.5,quebec_city,type_1,,1.0,1.0,1.0,1.0,0.33,0.67,1.0,plq,ndp,0.33,0.5,1.0,1.0,0.5,1.0,0.67,0.33,1.0,0.0,1.0,0.33,1.0,adq,liberal,0.8,0.5,1.0,0.0,0.6,0.7,0.2,0.95,,,0.2,0.8,0.0,,0.0,0.67,0.67,1.0,0.33,0.0,0.33,0.0,1.0,0.67,0.67,0.0,1.0,0.6,0.6,0.6,0.6,0.6,0.6,0.6,0.6,0.6,0.6,0.67,0.67,0.67
299,1.1706970930099487,female,66.0,65_plus,french,canadian_quebecois,elementary,under_20k,self_employed,5,1.0,single,0.0,2_persons,0.0,children_under_18,,,other_regions,type_1,1.0,1.0,1.0,0.33,1.0,1.0,0.33,1.0,adq,liberal,0.33,1.0,1.0,1.0,1.0,0.0,0.0,0.33,0.0,0.0,1.0,1.0,1.0,pq,ndp,0.5,0.6,0.6,0.5,0.6,0.5,0.5,0.6,0.6,0.7,0.7,0.7,1.0,1.0,0.67,0.67,0.67,0.33,0.67,0.67,1.0,0.33,0.33,1.0,0.67,0.33,0.6,0.8,1.0,0.8,0.6,0.6,0.8,0.8,,0.6,0.6,1.0,0.67,0.67
300,0.3281298279762268,male,34.0,25_34,french,canadian_quebecois,high_school,40k_to_60k,employed,12,1.0,divorced_separated,1.0,2_persons,0.0,children_under_18,other_christian,0.5,other_regions,type_1,,1.0,1.0,1.0,0.67,0.67,0.67,1.0,plq,ndp,1.0,1.0,1.0,0.67,1.0,1.0,0.67,0.33,1.0,0.0,0.0,0.33,1.0,adq,conservative,0.1,0.7,0.9,0.2,0.4,0.3,0.5,0.85,0.4,0.5,0.6,0.7,0.0,1.0,0.67,0.67,1.0,0.33,0.33,0.33,1.0,0.67,0.67,0.67,0.67,0.33,0.6,0.6,0.6,0.8,0.6,0.6,0.8,0.8,0.6,0.6,0.6,0.67,0.67,0.67
301,1.7374107837677002,male,35.0,25_34,french,canadian_quebecois,high_school,40k_to_60k,employed,25,1.0,divorced_separated,1.0,2_persons,0.0,no_children,other_christian,0.5,other_regions,type_1,,1.0,1.0,0.67,0.67,0.33,0.33,1.0,adq,liberal,0.67,0.75,0.67,0.33,1.0,1.0,1.0,0.33,1.0,1.0,1.0,0.67,1.0,adq,bloc,0.4,0.4,0.8,0.75,0.75,0.3,0.5,0.7,0.8,0.8,0.1,0.7,0.0,1.0,0.33,0.67,0.33,1.0,0.67,0.0,1.0,0.0,0.67,0.33,0.33,0.33,,1.0,0.6,0.6,0.6,0.6,0.8,0.8,0.8,0.6,0.6,0.5,0.67,0.67
302,1.3925409317016602,male,35.0,25_34,french,canadian_quebecois,bachelor,over_150k,employed,14,1.0,widowed,1.0,5_plus_persons,0.0,no_children,other_christian,0.5,quebec_city,type_1,,0.67,0.67,0.0,1.0,0.67,0.33,1.0,adq,conservative,0.33,0.75,0.67,0.33,0.5,0.67,1.0,0.33,1.0,0.0,1.0,0.33,1.0,adq,green,0.5,0.4,0.75,0.0,0.0,0.3,0.3,0.75,0.0,0.5,0.5,0.8,0.0,1.0,0.0,0.67,0.67,0.33,0.33,0.0,0.33,0.0,1.0,0.67,1.0,0.0,0.6,0.6,0.6,0.6,0.6,0.6,0.8,0.8,0.6,0.6,0.6,0.67,0.67,0.67
303,1.1706970930099487,female,70.0,65_plus,french,canadian_quebecois,high_school,under_20k,self_employed,32,1.0,married,0.0,1_person,1.0,no_children,catholic,0.5,montreal,type_1,,1.0,0.67,1.0,1.0,1.0,1.0,1.0,plq,ndp,1.0,0.75,0.67,,0.5,0.0,0.0,1.0,0.0,0.0,0.0,1.0,0.0,plq,ndp,1.0,0.0,0.0,0.0,0.0,1.0,0.0,0.0,0.0,0.0,0.25,1.0,0.0,0.0,0.0,1.0,0.67,0.0,1.0,1.0,0.33,0.67,0.0,0.67,1.0,0.33,1.0,1.0,1.0,1.0,1.0,1.0,1.0,1.0,1.0,1.0,1.0,1.0,1.0,1.0
304,1.136325120925903,female,74.0,65_plus,english,other,high_school,40k_to_60k,self_employed,6,0.0,common_law,,1_person,1.0,children_under_18,catholic,0.5,montreal,type_1,,1.0,1.0,0.67,0.33,0.67,0.33,1.0,adq,liberal,1.0,0.75,0.67,0.67,0.5,0.67,0.67,0.67,0.0,1.0,1.0,0.67,0.0,plq,ndp,0.75,0.0,0.1,0.0,0.0,0.75,0.5,0.5,,,0.5,0.75,0.0,1.0,0.33,0.67,1.0,0.33,0.33,1.0,1.0,0.67,0.33,1.0,0.67,0.33,1.0,1.0,1.0,1.0,1.0,1.0,1.0,1.0,1.0,1.0,1.0,1.0,1.0,1.0
305,0.3720875084400177,female,32.0,25_34,french,canadian_quebecois,bachelor,60k_to_80k,homemaker,3,1.0,common_law,1.0,3_4_persons,0.0,children_18_plus,catholic,0.0,,type_1,,1.0,0.67,0.33,1.0,0.67,0.33,1.0,adq,conservative,0.33,0.75,1.0,0.67,0.5,0.33,0.33,0.67,,0.0,0.0,0.67,1.0,adq,bloc,0.75,0.2,0.75,0.8,0.8,0.5,0.1,0.75,0.95,0.75,0.3,0.7,0.0,1.0,0.0,0.67,0.67,0.33,0.33,0.0,1.0,0.33,0.33,0.67,1.0,0.0,1.0,1.0,0.6,0.2,0.4,0.6,1.0,0.8,0.6,0.6,0.4,1.0,,0.5
306,0.212483525276184,female,61.0,55_64,french,canadian_quebecois,high_school,under_20k,employed,3,1.0,widowed,1.0,2_persons,0.0,children_18_plus,other_religion,0.5,outaouais,type_1,,1.0,1.0,0.67,1.0,0.67,0.0,1.0,adq,liberal,0.67,1.0,0.67,0.33,0.5,0.33,1.0,0.67,1.0,0.0,1.0,0.33,1.0,,,0.6,0.1,0.3,0.75,0.65,0.25,0.25,0.5,0.8,0.7,0.0,0.25,0.0,,0.0,1.0,1.0,0.67,0.67,1.0,1.0,0.0,0.67,0.67,0.67,0.0,1.0,1.0,0.4,0.4,0.4,0.4,1.0,0.4,1.0,1.0,0.4,1.0,0.5,0.5
307,0.1873806416988372,male,57.0,55_64,french,canadian_quebecois,graduate,40k_to_60k,employed,3,1.0,divorced_separated,1.0,5_plus_persons,0.0,children_18_plus,protestant,0.5,other_regions,type_1,,0.33,0.33,0.67,0.33,0.67,0.33,1.0,adq,liberal,0.33,0.75,0.33,0.33,1.0,0.67,0.67,0.33,0.0,0.0,1.0,1.0,1.0,pq,bloc,0.6,1.0,0.0,0.8,0.0,0.4,0.8,0.4,0.7,0.4,0.8,0.6,0.0,1.0,0.67,1.0,1.0,0.33,0.33,0.67,1.0,0.0,0.0,1.0,0.67,0.0,0.8,0.8,0.8,0.8,0.8,0.8,0.8,0.8,0.8,0.6,0.8,0.83,0.83,0.83
308,0.2219046652317047,male,51.0,45_54,french,canadian_quebecois,graduate,,employed,3,1.0,widowed,1.0,5_plus_persons,0.0,no_children,,,monteregie,type_1,0.0,0.67,0.67,0.0,0.67,0.67,0.0,0.0,plq,ndp,0.67,1.0,0.0,0.0,1.0,1.0,1.0,0.0,0.0,0.0,0.0,0.33,1.0,,,0.2,0.22,0.05,0.25,,0.0,0.05,0.02,0.25,,0.1,0.25,0.0,1.0,0.67,0.0,0.33,0.67,0.67,0.67,1.0,0.33,0.67,0.33,0.33,0.0,,0.6,1.0,0.2,0.4,0.6,,0.4,,,0.4,0.17,0.5,0.5
309,1.7374107837677002,male,44.0,35_44,french,canadian_quebecois,college_cegep,60k_to_80k,employed,26,1.0,divorced_separated,0.0,5_plus_persons,1.0,no_children,other_christian,1.0,other_regions,type_1,,0.0,1.0,0.33,1.0,0.33,0.0,1.0,plq,ndp,0.0,1.0,1.0,0.0,1.0,0.0,0.67,0.0,1.0,1.0,1.0,0.0,0.0,adq,conservative,0.0,0.0,1.0,0.5,0.5,0.0,0.0,0.9,0.5,0.0,0.75,0.75,0.0,0.0,1.0,0.67,1.0,0.0,0.67,0.33,0.33,1.0,1.0,0.0,0.0,0.0,0.6,0.6,0.6,0.6,0.6,0.6,0.6,0.6,0.6,0.6,0.6,0.67,0.67,0.67
310,0.2516313791275024,female,54.0,45_54,french,canadian_quebecois,bachelor,20k_to_40k,employed,3,1.0,widowed,,3_4_persons,0.0,children_under_18,other_religion,1.0,outaouais,type_1,,1.0,1.0,1.0,1.0,0.67,0.33,1.0,adq,liberal,0.67,1.0,1.0,0.67,1.0,1.0,1.0,0.0,1.0,0.0,1.0,0.67,1.0,qs,,0.2,0.6,0.2,0.8,0.8,0.1,0.5,0.1,0.9,0.8,0.6,0.9,0.0,1.0,1.0,0.67,1.0,0.67,0.33,0.67,1.0,0.0,0.67,1.0,1.0,0.33,0.4,0.4,0.4,0.2,0.4,0.4,0.4,0.4,0.4,0.4,0.4,0.17,0.5,0.5
311,0.8856703639030457,female,45.0,35_44,english,canadian_quebecois,graduate,over_150k,employed,6,,widowed,1.0,3_4_persons,1.0,children_under_18,catholic,0.0,quebec_city,type_1,,1.0,1.0,0.67,1.0,0.67,0.33,1.0,adq,liberal,1.0,0.75,1.0,0.0,0.5,0.0,0.33,0.67,0.0,0.0,0.0,0.67,1.0,plq,ndp,0.7,0.3,0.6,0.4,0.5,0.7,0.4,0.7,0.2,0.2,0.0,1.0,1.0,0.0,0.0,0.67,1.0,0.0,0.33,1.0,0.33,0.67,1.0,0.67,0.33,1.0,1.0,0.6,1.0,0.2,1.0,0.6,1.0,1.0,1.0,1.0,0.6,1.0,0.67,0.67
312,0.9693608283996582,female,34.0,25_34,french,canadian_quebecois,college_cegep,40k_to_60k,employed,15,1.0,widowed,1.0,5_plus_persons,0.0,children_18_plus,protestant,0.0,other_regions,type_1,,1.0,1.0,0.33,1.0,0.67,0.33,1.0,pq,liberal,0.67,1.0,1.0,1.0,0.5,0.33,0.33,0.67,1.0,0.0,0.0,1.0,0.0,qs,conservative,0.5,0.6,0.3,0.7,0.8,0.3,0.8,0.5,0.9,0.8,0.8,0.5,1.0,1.0,0.67,0.67,1.0,0.67,0.33,0.67,1.0,0.33,0.33,0.33,0.33,0.0,0.4,,,0.2,0.4,0.4,0.4,0.4,0.2,,0.4,0.5,0.5,0.5
313,1.5534865856170654,female,36.0,35_44,french,canadian_quebecois,graduate,under_20k,retired,1,1.0,divorced_separated,1.0,2_persons,1.0,no_children,,,monteregie,type_1,0.0,1.0,0.67,0.0,1.0,0.67,1.0,0.0,plq,conservative,1.0,0.75,0.67,1.0,0.5,0.67,0.33,0.0,1.0,1.0,1.0,0.0,1.0,,,0.0,0.0,0.6,0.2,0.75,0.0,0.02,0.03,,,0.0,0.5,0.0,1.0,0.0,0.67,1.0,1.0,0.33,0.0,1.0,1.0,1.0,0.0,1.0,0.0,1.0,0.6,0.6,0.2,0.6,0.6,0.2,0.6,0.6,0.2,0.2,0.67,0.83,1.0
314,0.8410736918449402,female,75.0,65_plus,french,canadian_quebecois,college_cegep,20k_to_40k,self_employed,6,1.0,single,0.0,1_person,1.0,no_children,other_christian,0.0,montreal,type_1,,0.67,0.67,0.0,1.0,1.0,0.0,1.0,adq,liberal,,0.0,0.67,1.0,0.5,0.33,1.0,0.67,1.0,0.0,1.0,0.67,1.0,adq,liberal,0.25,0.2,0.6,0.3,0.1,0.5,0.3,0.6,0.4,0.2,0.5,0.6,1.0,1.0,0.33,,1.0,0.33,0.67,0.33,1.0,0.33,1.0,0.33,0.67,0.33,0.6,0.6,1.0,0.2,0.6,0.6,0.6,0.8,1.0,0.6,0.2,0.67,0.5,0.67
315,1.6366344690322876,male,30.0,25_34,french,canadian_quebecois,bachelor,20k_to_40k,employed,4,1.0,widowed,0.0,5_plus_persons,1.0,no_children,other_christian,1.0,quebec_city,type_1,,0.33,0.33,0.33,0.67,0.33,0.67,1.0,pq,ndp,0.33,0.5,0.33,0.67,0.5,0.67,0.67,0.33,1.0,0.0,0.0,0.67,1.0,adq,liberal,0.5,0.2,0.8,0.05,0.05,0.5,0.25,0.8,0.05,0.05,0.0,1.0,1.0,1.0,0.0,1.0,1.0,0.0,0.67,0.0,1.0,0.67,1.0,0.0,1.0,1.0,0.6,0.6,0.6,0.6,0.6,0.8,0.6,0.6,0.6,0.6,0.6,0.67,0.67,0.67
316,0.8410736918449402,female,72.0,65_plus,french,canadian_quebecois,elementary,under_20k,self_employed,15,1.0,single,0.0,1_person,1.0,both,catholic,1.0,montreal,type_1,,1.0,1.0,1.0,0.67,0.67,1.0,1.0,adq,liberal,1.0,0.75,0.67,1.0,0.5,0.0,0.0,0.33,0.0,0.0,1.0,0.67,1.0,plq,ndp,0.75,0.0,0.3,0.5,,0.75,0.25,0.5,0.4,,0.7,0.7,0.0,1.0,0.0,1.0,1.0,0.67,0.33,1.0,0.33,1.0,0.67,1.0,,0.67,1.0,,1.0,1.0,,1.0,1.0,1.0,1.0,1.0,1.0,1.0,1.0,1.0
317,0.1873806416988372,male,62.0,55_64,french,canadian_quebecois,bachelor,40k_to_60k,employed,3,1.0,divorced_separated,0.0,2_persons,0.0,children_18_plus,catholic,0.5,quebec_city,type_1,,1.0,0.67,0.33,0.67,1.0,0.67,1.0,plq,ndp,0.67,0.0,0.33,0.67,0.5,0.0,0.33,0.67,,,0.0,0.67,0.0,plq,ndp,0.8,0.4,0.6,0.2,0.3,0.9,0.5,0.7,0.2,0.2,0.5,0.9,1.0,0.0,0.0,0.67,1.0,0.0,1.0,1.0,0.33,0.0,0.67,0.67,0.67,0.0,1.0,1.0,1.0,1.0,1.0,1.0,1.0,1.0,1.0,1.0,1.0,1.0,1.0,1.0
318,0.3372038602828979,male,35.0,25_34,french,canadian_quebecois,bachelor,over_150k,employed,12,1.0,divorced_separated,1.0,3_4_persons,0.0,children_under_18,other_religion,0.5,outaouais,type_1,,0.67,1.0,0.67,1.0,0.33,0.33,1.0,adq,conservative,0.33,1.0,0.67,0.33,1.0,0.67,0.67,0.33,0.0,0.0,1.0,0.67,1.0,qs,conservative,1.0,0.7,0.2,0.8,0.7,0.25,0.8,0.2,0.85,,0.8,0.75,0.0,1.0,0.33,1.0,1.0,0.0,0.33,0.33,1.0,0.0,0.0,1.0,1.0,0.0,,0.8,0.8,0.2,0.4,0.4,0.8,0.8,0.8,1.0,0.4,0.83,0.5,0.5
319,1.8384100198745728,female,28.0,25_34,french,canadian_quebecois,bachelor,60k_to_80k,employed,8,1.0,widowed,1.0,5_plus_persons,0.0,children_under_18,protestant,0.5,other_regions,type_1,,1.0,1.0,0.33,0.67,0.67,0.33,1.0,plq,ndp,0.67,1.0,1.0,0.67,1.0,0.67,0.67,0.33,1.0,0.0,0.0,0.67,0.0,pq,ndp,0.1,0.9,0.85,0.7,0.6,0.1,0.65,0.75,0.5,0.3,0.75,0.5,0.0,0.0,0.33,0.67,0.33,0.33,0.33,0.67,1.0,0.0,0.67,0.33,0.33,0.33,0.8,0.8,0.6,0.2,0.4,0.8,0.8,0.4,0.8,0.6,0.6,0.83,0.67,0.67
320,0.212483525276184,female,63.0,55_64,french,canadian_quebecois,college_cegep,20k_to_40k,self_employed,3,1.0,single,1.0,2_persons,1.0,no_children,other_christian,0.5,other_regions,type_1,,1.0,1.0,0.67,0.67,0.67,0.33,1.0,adq,liberal,0.67,1.0,1.0,1.0,1.0,1.0,1.0,0.33,1.0,0.0,1.0,0.67,1.0,adq,liberal,0.25,0.25,0.5,0.25,0.25,0.25,0.25,0.5,0.35,0.25,0.35,0.5,1.0,1.0,0.33,0.67,0.67,0.67,0.67,0.33,1.0,1.0,0.67,0.0,0.0,0.0,0.6,0.6,1.0,0.2,0.4,0.4,0.4,0.4,0.6,0.6,0.4,0.67,0.67,0.67
321,1.3925409317016602,male,39.0,35_44,french,canadian_quebecois,high_school,20k_to_40k,employed,15,1.0,widowed,1.0,5_plus_persons,1.0,no_children,other_christian,0.5,quebec_city,type_1,,1.0,0.67,0.0,1.0,0.33,1.0,1.0,plq,ndp,0.0,0.0,1.0,1.0,0.5,1.0,1.0,0.33,1.0,1.0,1.0,0.33,1.0,adq,conservative,0.25,0.25,0.5,0.05,0.04,0.02,0.05,0.75,0.1,0.1,1.0,1.0,0.0,0.0,0.0,0.67,0.33,1.0,0.67,0.0,1.0,0.0,0.33,1.0,1.0,0.0,0.6,0.8,0.6,0.6,0.8,0.8,0.8,0.8,0.6,0.6,0.6,0.67,0.67,0.67
322,1.3550678491592407,male,25.0,18_24,french,canadian_quebecois,bachelor,over_150k,retired,16,1.0,widowed,1.0,5_plus_persons,0.0,children_under_18,protestant,0.5,other_regions,type_1,,0.33,1.0,0.67,1.0,1.0,0.33,1.0,adq,liberal,1.0,0.5,0.33,0.33,1.0,0.33,0.67,0.33,0.0,0.0,0.0,0.67,1.0,pq,,0.5,0.75,0.33,0.45,0.45,0.4,0.6,0.5,0.33,0.25,0.4,0.6,1.0,0.0,0.33,1.0,1.0,0.0,1.0,0.33,1.0,0.33,0.0,0.67,1.0,0.0,,0.8,1.0,0.8,0.4,0.8,0.8,0.8,0.8,0.8,0.4,0.83,0.83,0.5
323,0.3372038602828979,male,41.0,35_44,french,canadian_quebecois,graduate,over_150k,employed,3,1.0,divorced_separated,0.0,2_persons,0.0,children_18_plus,protestant,0.5,other_regions,type_1,,0.67,1.0,0.67,0.67,1.0,0.0,1.0,adq,conservative,1.0,0.75,0.33,0.33,1.0,0.33,0.33,0.67,,,0.0,0.67,1.0,pq,bloc,0.1,0.8,0.2,0.55,0.25,0.1,0.55,0.15,0.2,0.1,0.75,0.4,1.0,1.0,0.67,0.67,1.0,0.33,0.67,0.67,1.0,0.0,0.33,1.0,1.0,0.33,0.8,0.8,0.8,0.8,0.4,0.8,0.8,0.8,0.8,1.0,0.8,0.83,0.83,0.5
324,0.8410736918449402,female,67.0,65_plus,french,canadian_quebecois,high_school,under_20k,self_employed,16,1.0,widowed,1.0,3_4_persons,0.0,children_18_plus,,,monteregie,type_1,0.0,0.67,0.67,0.67,1.0,0.67,0.33,0.0,plq,,0.0,1.0,0.67,0.0,0.5,1.0,0.33,0.33,1.0,,,,0.0,,,,,,,,,,,,,,,0.0,,0.33,,0.67,1.0,,0.0,,0.33,0.33,,0.67,0.33,,,,,,,,,,,,1.0,,0.67
325,0.5535573959350586,female,58.0,55_64,french,canadian_quebecois,bachelor,40k_to_60k,employed,16,1.0,widowed,1.0,5_plus_persons,0.0,no_children,protestant,0.5,,type_1,,1.0,1.0,1.0,1.0,0.67,0.0,1.0,plq,ndp,1.0,1.0,1.0,0.0,1.0,1.0,1.0,0.0,1.0,1.0,1.0,0.67,1.0,pq,ndp,0.0,0.85,0.6,0.5,,0.0,0.85,0.8,0.6,,0.5,0.5,0.0,1.0,0.67,0.67,0.67,0.33,0.33,0.67,1.0,0.0,0.0,0.33,0.0,0.0,0.8,0.8,0.6,0.2,0.6,0.6,0.8,0.8,0.8,0.8,0.6,1.0,0.67,0.67
326,1.1706970930099487,female,75.0,65_plus,french,canadian_quebecois,college_cegep,under_20k,self_employed,17,1.0,single,1.0,1_person,1.0,no_children,other_christian,0.5,,type_1,,1.0,1.0,0.67,1.0,0.67,0.67,1.0,plq,ndp,1.0,0.0,0.67,1.0,0.5,0.67,1.0,0.33,1.0,,1.0,0.0,0.0,adq,liberal,0.5,0.75,0.8,0.0,0.0,0.02,0.03,1.0,,,,0.6,1.0,1.0,0.0,0.67,1.0,1.0,0.33,0.0,0.33,1.0,1.0,1.0,1.0,0.0,0.6,0.6,0.6,0.6,0.6,0.6,0.6,0.6,0.6,0.6,0.6,0.67,0.67,0.67
327,0.212483525276184,female,64.0,55_64,french,canadian_quebecois,college_cegep,40k_to_60k,self_employed,3,1.0,divorced_separated,1.0,5_plus_persons,1.0,no_children,other_christian,0.0,quebec_city,type_1,,1.0,0.67,0.67,0.67,1.0,1.0,1.0,plq,ndp,0.33,1.0,1.0,1.0,1.0,1.0,1.0,0.33,1.0,0.0,1.0,0.0,1.0,adq,liberal,0.5,0.0,1.0,0.0,0.0,0.5,0.0,0.9,,,0.0,0.08,0.0,0.0,0.0,0.67,0.0,0.33,0.33,0.0,0.33,0.0,0.0,1.0,0.33,0.0,,0.6,0.6,0.6,0.6,0.6,0.6,0.6,0.6,0.6,0.6,0.67,0.67,0.67
328,0.212483525276184,female,57.0,55_64,french,canadian_quebecois,high_school,20k_to_40k,employed,3,1.0,divorced_separated,1.0,2_persons,1.0,no_children,,,other_regions,type_1,1.0,1.0,1.0,0.67,1.0,1.0,0.33,1.0,plq,conservative,1.0,0.0,1.0,1.0,1.0,0.67,1.0,0.67,,,0.0,1.0,0.0,,,0.4,0.8,0.5,0.8,0.4,0.5,0.6,0.5,0.6,,0.6,0.6,0.0,1.0,1.0,1.0,1.0,0.0,0.67,0.67,1.0,0.0,0.0,1.0,1.0,0.33,,0.8,,,0.4,0.4,0.8,0.8,,,0.4,,0.0,0.5
329,1.3925409317016602,male,41.0,35_44,french,,bachelor,,,6,,,1.0,5_plus_persons,1.0,children_under_18,,,,type_1,0.0,0.67,1.0,0.33,0.67,0.33,1.0,1.0,pq,ndp,0.33,0.75,0.33,0.0,0.5,0.67,0.67,0.33,1.0,,1.0,1.0,1.0,,,0.5,0.5,0.5,0.2,0.8,0.5,0.5,0.5,0.5,0.8,0.2,0.25,1.0,0.0,0.0,0.67,1.0,0.67,0.67,0.0,1.0,0.0,1.0,0.67,0.67,0.67,0.6,1.0,0.6,0.2,0.4,0.8,1.0,0.8,1.0,0.6,0.4,,0.33,0.33
330,1.922140955924988,male,31.0,25_34,french,canadian_quebecois,college_cegep,80k_to_100k,employed,2,1.0,divorced_separated,1.0,5_plus_persons,1.0,no_children,other_christian,0.5,quebec_city,type_1,,1.0,1.0,0.67,0.67,0.33,0.67,1.0,plq,ndp,0.33,1.0,1.0,1.0,,0.33,1.0,0.33,1.0,0.0,1.0,1.0,1.0,adq,,0.3,0.6,0.8,0.5,0.4,0.35,0.5,0.8,0.4,0.4,0.5,0.6,0.0,1.0,0.0,0.67,0.67,0.67,0.33,0.33,1.0,1.0,1.0,0.33,0.33,0.67,0.6,0.6,0.6,0.6,0.6,0.6,0.6,0.6,0.6,0.6,0.6,0.67,0.67,0.67
331,0.2219046652317047,male,53.0,45_54,french,canadian_quebecois,graduate,40k_to_60k,employed,3,1.0,widowed,1.0,3_4_persons,0.0,children_under_18,,,quebec_city,type_1,0.0,0.67,0.67,0.33,0.67,,0.33,1.0,adq,bloc,0.33,0.75,0.67,0.33,0.5,0.67,0.67,0.33,1.0,0.0,1.0,0.33,1.0,other,conservative,0.3,0.4,0.4,0.5,0.7,0.35,0.35,0.45,0.5,0.75,0.4,0.3,0.0,1.0,0.0,,0.0,0.33,0.33,0.0,1.0,0.33,0.0,0.33,0.67,0.0,0.6,0.8,0.8,0.2,0.4,0.6,0.8,0.8,0.2,,0.4,,0.33,0.5
332,3.986776113510132,female,28.0,25_34,other,canadian_quebecois,high_school,under_20k,homemaker,9,1.0,widowed,0.0,1_person,1.0,children_under_18,,,montreal,type_1,1.0,1.0,1.0,0.67,1.0,0.67,0.67,0.0,plq,ndp,1.0,1.0,1.0,0.67,1.0,0.67,0.67,0.67,0.0,0.0,0.0,0.67,1.0,,,0.75,0.5,0.5,0.7,,0.5,0.55,0.48,,,0.8,0.7,0.0,1.0,1.0,0.67,0.67,0.67,0.33,0.33,0.33,0.67,0.33,0.67,0.67,0.0,1.0,0.8,0.8,0.8,1.0,1.0,0.8,0.8,1.0,0.8,0.2,0.67,0.33,0.83
333,0.8410736918449402,female,67.0,65_plus,french,canadian_quebecois,college_cegep,40k_to_60k,unemployed,14,1.0,widowed,1.0,3_4_persons,1.0,no_children,protestant,0.5,other_regions,type_1,,1.0,1.0,0.33,0.67,0.67,0.0,0.0,adq,liberal,0.33,0.75,0.67,0.67,1.0,0.67,1.0,0.33,1.0,,0.0,1.0,1.0,,,0.6,0.6,,0.5,,0.0,0.6,0.7,0.5,,0.6,1.0,0.0,1.0,0.33,0.67,1.0,0.33,1.0,0.67,1.0,0.0,0.67,1.0,0.67,0.0,,0.8,,0.8,0.6,0.6,0.8,0.8,,0.6,0.6,1.0,0.67,0.67
334,1.4200392961502075,male,71.0,65_plus,french,canadian_quebecois,college_cegep,60k_to_80k,,5,1.0,divorced_separated,0.0,2_persons,0.0,no_children,,,quebec_city,type_1,1.0,0.67,0.0,0.0,0.33,0.67,0.67,1.0,plq,ndp,0.0,0.75,0.0,0.0,0.5,1.0,1.0,0.0,1.0,1.0,1.0,0.33,1.0,adq,liberal,0.49,0.0,0.49,0.0,0.0,0.4,0.0,0.4,0.1,,0.4,0.6,0.0,1.0,0.0,0.67,1.0,0.67,0.33,1.0,1.0,0.33,0.67,0.33,0.67,0.0,,,1.0,,0.6,0.6,1.0,1.0,,0.6,0.6,1.0,0.67,0.67
335,0.8410736918449402,female,72.0,65_plus,french,canadian_quebecois,bachelor,20k_to_40k,self_employed,15,1.0,married,1.0,5_plus_persons,0.0,both,protestant,0.5,other_regions,type_1,,1.0,1.0,1.0,1.0,1.0,0.33,1.0,plq,ndp,1.0,0.75,0.67,0.67,0.5,1.0,0.67,0.33,1.0,0.0,1.0,0.33,0.0,pq,ndp,0.5,0.6,0.7,,,0.5,0.6,0.7,,,0.5,0.7,0.0,1.0,0.33,1.0,0.67,0.33,0.67,0.67,1.0,0.33,0.67,0.67,0.67,0.33,0.8,0.6,0.6,1.0,0.8,0.6,0.6,0.6,0.8,0.6,0.6,0.67,0.17,0.67
336,0.1873806416988372,male,58.0,55_64,french,canadian_quebecois,bachelor,80k_to_100k,self_employed,3,1.0,widowed,1.0,5_plus_persons,0.0,no_children,,,quebec_city,type_1,0.0,1.0,1.0,0.33,0.67,0.67,0.0,1.0,plq,ndp,0.0,0.5,0.67,0.67,1.0,1.0,1.0,0.33,,0.0,1.0,0.33,1.0,plq,green,0.3,0.3,0.3,0.2,0.3,0.3,0.01,0.3,0.4,0.4,0.75,0.5,0.0,1.0,0.0,0.67,0.67,1.0,0.33,0.33,1.0,0.0,0.33,0.67,0.67,1.0,,,0.6,0.2,0.4,0.4,,,,,0.4,0.17,0.5,0.67
337,0.3720875084400177,female,30.0,25_34,french,canadian_quebecois,bachelor,60k_to_80k,employed,3,1.0,widowed,1.0,3_4_persons,0.0,children_18_plus,protestant,0.0,quebec_city,type_1,,0.67,1.0,0.67,1.0,1.0,0.67,1.0,adq,liberal,0.67,0.75,0.67,0.33,0.5,0.33,1.0,0.67,1.0,0.0,0.0,0.67,1.0,other,,0.5,0.8,0.85,0.6,0.9,0.6,0.6,0.75,0.7,0.7,0.7,0.8,0.0,1.0,0.67,0.67,0.67,0.67,1.0,0.33,1.0,0.0,0.67,0.67,0.67,0.33,0.6,0.8,0.8,0.2,0.6,0.6,0.8,0.6,0.6,0.6,0.6,0.17,0.67,0.67
338,1.136325120925903,female,84.0,65_plus,english,canadian_quebecois,college_cegep,,self_employed,6,0.0,widowed,1.0,1_person,1.0,children_under_18,,,montreal,type_1,0.0,1.0,1.0,1.0,1.0,,1.0,1.0,plq,ndp,1.0,1.0,1.0,,,0.67,0.67,0.33,0.0,0.0,1.0,0.67,1.0,,,0.65,0.6,0.75,,,0.65,,0.75,,,0.5,0.5,1.0,1.0,0.33,1.0,1.0,0.33,0.33,0.33,1.0,0.33,0.67,0.67,0.67,0.33,,,,,,1.0,,1.0,1.0,,,,0.67,0.67
339,0.9163962006568908,male,48.0,45_54,french,other,high_school,40k_to_60k,employed,16,1.0,widowed,1.0,3_4_persons,0.0,children_under_18,protestant,0.5,other_regions,type_1,,1.0,1.0,0.67,1.0,0.67,0.0,1.0,plq,ndp,1.0,0.75,1.0,1.0,1.0,1.0,0.67,0.33,1.0,0.0,1.0,1.0,0.0,pq,ndp,0.42,0.6,0.6,0.5,0.5,0.02,0.5,0.6,0.6,0.2,0.7,0.7,0.0,1.0,0.33,0.67,0.67,0.33,0.33,0.67,1.0,1.0,0.67,0.67,0.67,0.33,0.8,0.8,0.6,0.6,0.8,0.6,0.8,0.8,0.8,0.8,0.6,0.5,0.5,0.5
340,0.212483525276184,female,56.0,55_64,french,canadian_quebecois,high_school,20k_to_40k,self_employed,3,1.0,common_law,0.0,2_persons,0.0,children_under_18,other_christian,0.5,,type_1,,1.0,1.0,1.0,0.67,0.67,0.67,1.0,plq,ndp,0.67,1.0,0.33,0.67,0.5,0.67,0.67,0.33,1.0,0.0,1.0,0.67,0.0,adq,,0.5,0.6,0.6,0.6,0.5,0.5,0.6,0.7,0.6,0.6,0.6,0.6,1.0,1.0,0.67,0.67,0.67,0.67,0.33,0.33,1.0,0.33,0.33,0.67,0.67,0.33,1.0,0.6,0.6,0.2,0.6,0.6,0.8,1.0,1.0,0.8,0.6,0.67,0.67,0.83
341,1.022304654121399,female,49.0,45_54,french,canadian_quebecois,high_school,under_20k,homemaker,2,1.0,divorced_separated,1.0,1_person,1.0,children_under_18,protestant,0.5,other_regions,type_1,,0.67,0.67,0.67,0.33,0.67,0.67,1.0,plq,ndp,0.67,0.75,0.67,,1.0,0.33,1.0,0.67,0.0,,1.0,0.67,1.0,pq,ndp,0.6,0.0,0.7,0.0,0.0,0.5,0.85,0.7,,,0.8,0.7,1.0,1.0,0.67,0.0,0.67,0.67,0.33,0.33,1.0,0.33,0.33,0.67,0.67,0.33,0.8,0.8,0.8,0.8,0.8,0.8,0.8,0.8,0.8,0.8,0.8,0.83,0.83,0.83
342,0.3720875084400177,female,30.0,25_34,french,canadian_quebecois,bachelor,20k_to_40k,employed,3,1.0,widowed,1.0,3_4_persons,0.0,children_under_18,other_religion,0.5,monteregie,type_1,,0.67,1.0,0.0,1.0,0.33,0.33,1.0,pq,bloc,0.67,0.5,0.33,0.0,1.0,0.67,0.67,0.33,,,1.0,0.33,1.0,qs,conservative,0.3,0.6,0.2,0.8,0.5,0.2,0.7,0.3,0.8,0.5,0.5,0.5,0.0,1.0,0.67,,1.0,0.33,0.33,0.67,1.0,0.33,0.33,0.67,0.67,0.67,0.8,0.8,0.8,0.4,0.4,0.8,0.4,0.8,0.8,1.0,0.4,0.83,0.5,0.5
343,0.7705016136169434,female,55.0,45_54,french,canadian_quebecois,college_cegep,20k_to_40k,employed,4,1.0,widowed,1.0,5_plus_persons,0.0,children_under_18,protestant,0.5,other_regions,type_1,,1.0,1.0,1.0,1.0,1.0,0.33,1.0,pq,ndp,1.0,1.0,0.67,0.33,1.0,1.0,1.0,0.33,1.0,0.0,1.0,0.33,1.0,pq,,0.1,0.8,0.0,0.4,0.4,0.0,0.55,0.0,0.5,,0.9,0.4,0.0,1.0,0.67,0.67,0.67,0.67,0.33,0.67,1.0,0.0,0.0,0.67,1.0,0.33,0.8,0.8,0.8,0.8,0.8,0.8,0.8,0.8,0.8,0.8,0.8,0.83,0.5,0.83
344,0.212483525276184,female,59.0,55_64,french,canadian_quebecois,bachelor,40k_to_60k,self_employed,12,1.0,married,1.0,2_persons,1.0,children_under_18,protestant,0.0,outaouais,type_1,,1.0,1.0,0.67,1.0,,0.33,1.0,plq,ndp,0.33,0.75,1.0,0.33,1.0,0.67,0.67,0.33,0.0,0.0,0.0,0.67,1.0,pq,green,0.5,0.7,0.4,0.6,0.6,0.4,0.4,0.5,0.6,,0.7,0.6,1.0,1.0,0.33,0.67,0.67,0.67,0.67,0.67,1.0,0.67,0.33,0.67,0.67,0.33,1.0,0.8,1.0,0.8,0.8,0.8,0.8,0.8,0.6,1.0,0.8,0.83,0.67,0.67
345,1.097648024559021,male,57.0,55_64,french,canadian_quebecois,college_cegep,80k_to_100k,employed,2,1.0,widowed,1.0,3_4_persons,0.0,no_children,,,,type_1,0.0,0.67,0.67,0.0,0.33,1.0,0.67,1.0,plq,ndp,0.67,0.75,0.33,0.67,0.5,1.0,0.0,0.0,1.0,1.0,0.0,0.33,1.0,,,0.0,0.5,0.0,0.0,0.0,0.0,0.5,0.0,0.0,0.0,1.0,0.5,0.0,1.0,0.33,0.0,0.0,1.0,0.67,0.0,,0.67,0.67,0.33,0.67,0.0,,,,,,,,0.8,,,,0.17,0.17,0.17
346,0.3281298279762268,male,32.0,25_34,french,canadian_quebecois,bachelor,60k_to_80k,employed,3,1.0,divorced_separated,1.0,3_4_persons,0.0,children_under_18,catholic,0.5,quebec_city,type_1,,1.0,1.0,0.67,1.0,0.67,0.67,1.0,qs,ndp,0.0,0.75,1.0,0.67,0.5,0.33,0.33,0.33,0.0,,0.0,0.67,1.0,plq,ndp,0.85,0.6,0.8,0.4,0.6,0.6,0.3,0.8,0.4,0.1,0.1,0.9,0.0,1.0,0.0,0.67,0.67,0.33,1.0,1.0,0.33,0.33,0.67,0.67,0.67,0.33,1.0,1.0,1.0,0.6,0.6,0.6,1.0,0.8,0.6,1.0,0.6,0.67,0.67,0.67
347,3.324955463409424,male,23.0,18_24,french,canadian_quebecois,college_cegep,20k_to_40k,employed,26,1.0,widowed,0.0,3_4_persons,0.0,children_under_18,protestant,0.5,other_regions,type_1,,1.0,0.67,0.67,1.0,0.67,1.0,1.0,plq,ndp,0.67,1.0,0.67,0.67,1.0,0.67,0.67,0.33,0.0,,0.0,0.67,0.0,pq,ndp,0.5,0.8,0.7,0.5,0.5,0.6,0.75,0.8,,,0.2,0.8,0.0,1.0,1.0,1.0,0.67,0.67,0.33,0.67,0.33,0.67,0.33,0.67,0.67,0.33,1.0,0.6,0.6,0.8,0.6,0.6,1.0,0.8,0.8,0.6,0.6,0.67,0.83,0.67
348,1.1706970930099487,female,70.0,65_plus,french,canadian_quebecois,high_school,under_20k,self_employed,33,1.0,divorced_separated,0.0,2_persons,1.0,children_under_18,catholic,0.5,,type_1,,1.0,1.0,0.67,1.0,0.67,0.33,1.0,plq,ndp,1.0,1.0,1.0,1.0,0.5,0.67,0.67,0.67,0.0,0.0,,0.67,1.0,plq,,0.99,0.0,0.55,0.0,0.0,0.9,0.0,0.2,0.0,,0.2,0.3,0.0,1.0,0.0,0.67,1.0,0.33,1.0,1.0,1.0,0.0,0.67,0.67,1.0,0.33,1.0,1.0,1.0,1.0,1.0,0.6,1.0,1.0,1.0,1.0,1.0,1.0,1.0,0.67
349,0.3823769092559814,female,42.0,35_44,french,canadian_quebecois,college_cegep,40k_to_60k,employed,3,1.0,common_law,1.0,3_4_persons,1.0,children_under_18,other_christian,0.5,,type_1,,1.0,0.67,0.0,0.33,0.33,0.67,1.0,pq,liberal,0.33,0.75,0.67,0.67,0.5,0.33,0.67,0.67,1.0,0.0,0.0,1.0,0.0,adq,liberal,0.7,0.0,0.85,0.0,,0.7,0.3,0.9,0.1,,0.8,0.8,,0.0,0.0,0.67,1.0,0.33,0.33,0.0,1.0,0.0,0.0,1.0,0.67,0.33,1.0,0.6,0.6,1.0,,0.6,0.6,0.6,0.6,0.6,0.6,1.0,0.67,0.67
350,0.9163962006568908,male,54.0,45_54,french,canadian_quebecois,college_cegep,40k_to_60k,employed,6,1.0,divorced_separated,,2_persons,1.0,no_children,protestant,0.0,montreal,type_1,,1.0,0.67,0.67,1.0,0.67,0.67,1.0,adq,liberal,0.67,1.0,0.67,0.67,1.0,1.0,1.0,0.0,1.0,,1.0,1.0,0.0,pq,green,0.3,0.5,0.2,0.1,0.45,0.2,0.3,0.2,,0.2,1.0,1.0,0.0,0.0,0.33,0.67,0.0,0.67,0.33,0.33,1.0,0.0,0.67,0.0,0.0,0.67,0.8,0.8,0.8,0.8,0.6,0.6,1.0,0.8,1.0,0.8,0.6,1.0,0.67,0.67
351,0.212483525276184,female,55.0,45_54,french,canadian_quebecois,college_cegep,80k_to_100k,employed,3,1.0,divorced_separated,1.0,,,children_under_18,protestant,1.0,other_regions,type_1,,0.67,0.67,0.67,0.67,0.67,0.33,1.0,pq,ndp,0.67,0.75,0.67,0.67,1.0,0.67,0.67,0.33,1.0,0.0,,0.67,0.0,pq,green,0.6,0.85,0.7,0.8,0.8,0.75,0.8,0.78,0.8,0.8,0.85,0.7,,,0.33,0.33,1.0,0.33,0.33,0.67,0.33,0.0,0.0,1.0,0.67,0.0,0.8,0.8,0.8,0.2,0.8,0.6,0.8,0.8,0.8,0.8,0.8,0.83,0.5,0.5
352,0.3720875084400177,female,28.0,25_34,french,canadian_quebecois,graduate,20k_to_40k,employed,3,1.0,widowed,1.0,5_plus_persons,0.0,no_children,other_religion,0.5,other_regions,type_1,,0.67,0.67,0.33,1.0,1.0,0.33,1.0,pq,liberal,0.33,1.0,0.67,1.0,,0.33,0.67,0.0,1.0,0.0,0.0,0.67,0.0,pq,liberal,0.6,0.74,0.75,0.85,0.7,0.7,0.75,0.9,0.8,0.75,0.5,0.75,0.0,1.0,0.33,0.67,1.0,0.0,,0.67,1.0,1.0,1.0,1.0,0.33,0.33,0.6,,,0.2,,0.6,0.8,0.8,,,,1.0,0.67,0.67
353,0.3228451609611511,female,67.0,65_plus,french,canadian_quebecois,bachelor,under_20k,self_employed,12,1.0,single,0.0,1_person,1.0,no_children,catholic,1.0,quebec_city,type_1,,1.0,1.0,0.33,1.0,1.0,0.33,1.0,plq,ndp,0.33,0.75,0.33,0.33,0.5,0.33,0.33,0.67,,,0.0,1.0,1.0,plq,,0.9,0.0,0.5,0.1,0.3,0.8,0.25,0.25,0.1,0.05,0.0,0.9,0.0,1.0,0.0,1.0,1.0,0.0,0.33,1.0,0.33,0.0,1.0,1.0,1.0,0.0,1.0,1.0,1.0,1.0,1.0,1.0,1.0,0.8,1.0,1.0,1.0,1.0,1.0,0.67
354,0.8410736918449402,female,73.0,65_plus,french,other,high_school,20k_to_40k,self_employed,13,1.0,common_law,1.0,2_persons,1.0,no_children,protestant,0.5,other_regions,type_1,,1.0,1.0,1.0,1.0,1.0,0.33,1.0,plq,ndp,0.67,1.0,1.0,1.0,1.0,1.0,1.0,0.0,1.0,0.0,1.0,0.33,1.0,pq,green,0.0,0.6,0.4,0.6,0.6,0.0,0.5,0.4,0.6,0.4,0.3,0.8,1.0,1.0,0.67,0.67,0.67,1.0,1.0,0.67,1.0,0.0,0.0,1.0,1.0,0.33,0.2,0.8,0.8,0.2,0.8,0.2,0.8,0.8,0.8,0.8,0.2,0.83,0.83,0.67
355,0.9163962006568908,male,48.0,45_54,french,canadian_quebecois,college_cegep,over_150k,employed,6,1.0,single,1.0,1_person,1.0,both,,,monteregie,type_1,0.0,0.33,0.33,0.33,0.67,1.0,1.0,1.0,qs,ndp,0.33,0.75,0.67,0.33,0.5,1.0,1.0,0.0,1.0,,,0.33,1.0,pq,ndp,0.3,0.4,0.5,0.4,0.5,0.3,0.5,0.5,0.4,0.4,0.3,0.7,0.0,1.0,0.0,0.67,0.0,0.0,0.67,0.0,1.0,1.0,1.0,0.67,0.67,0.67,0.6,0.6,0.6,0.2,0.4,0.6,,,,0.6,0.6,0.67,0.67,0.67
356,1.6677639484405518,male,67.0,65_plus,french,canadian_quebecois,high_school,20k_to_40k,self_employed,2,1.0,common_law,1.0,3_4_persons,0.0,children_under_18,catholic,0.5,quebec_city,type_1,,0.67,0.67,0.67,0.33,0.67,0.67,1.0,adq,liberal,0.67,0.5,0.67,0.67,0.5,0.67,0.67,0.67,1.0,,0.0,0.67,1.0,plq,ndp,0.75,0.02,0.4,0.3,0.15,0.75,0.02,0.35,0.08,0.02,0.5,0.5,1.0,1.0,0.0,1.0,1.0,0.67,1.0,1.0,1.0,0.67,1.0,0.67,0.67,0.67,1.0,1.0,1.0,1.0,1.0,1.0,1.0,1.0,1.0,1.0,1.0,1.0,1.0,1.0
357,2.6271798610687256,female,35.0,25_34,other,other,college_cegep,,employed,6,,divorced_separated,,2_persons,1.0,children_under_18,catholic,0.5,,type_1,,0.67,1.0,1.0,0.67,0.67,1.0,1.0,plq,ndp,0.67,0.0,0.0,0.67,0.5,0.33,0.0,0.67,0.0,1.0,0.0,0.33,1.0,,,0.5,0.3,0.5,0.2,0.0,0.7,0.3,0.5,0.3,0.2,0.5,0.5,0.0,,0.0,1.0,0.33,0.33,0.67,1.0,1.0,0.0,0.0,0.67,1.0,0.0,1.0,1.0,1.0,1.0,1.0,1.0,1.0,1.0,1.0,1.0,1.0,1.0,0.17,1.0
358,0.212483525276184,female,63.0,55_64,french,canadian_quebecois,graduate,20k_to_40k,self_employed,3,1.0,widowed,1.0,5_plus_persons,0.0,no_children,protestant,1.0,eastern_quebec,type_1,,1.0,1.0,0.33,1.0,0.67,0.0,1.0,adq,liberal,1.0,0.75,0.67,0.0,1.0,0.67,1.0,0.33,1.0,0.0,1.0,0.67,1.0,pq,bloc,0.1,0.8,0.1,0.5,0.5,0.1,0.9,0.1,0.9,0.7,1.0,0.5,0.0,1.0,0.33,0.67,1.0,0.33,0.67,0.67,1.0,0.0,0.0,1.0,0.33,0.0,0.8,0.8,0.4,0.2,0.4,0.8,0.8,0.8,0.8,0.4,0.4,0.83,0.5,0.5
359,1.3492573499679563,female,30.0,25_34,french,canadian_quebecois,college_cegep,20k_to_40k,homemaker,17,1.0,widowed,1.0,5_plus_persons,1.0,no_children,,,monteregie,type_1,1.0,1.0,1.0,1.0,1.0,0.33,0.33,1.0,other,liberal,0.33,1.0,0.67,0.67,0.5,0.67,0.67,0.33,1.0,1.0,1.0,0.0,0.0,pq,ndp,0.25,0.6,0.5,0.25,0.0,0.1,0.4,0.8,0.25,0.25,0.6,0.75,1.0,1.0,0.0,0.67,0.67,0.33,0.33,0.0,1.0,0.67,1.0,1.0,0.0,0.0,,0.8,0.6,0.6,0.8,0.6,0.8,0.8,0.6,0.6,0.6,0.67,0.67,0.67
360,1.2432608604431152,female,48.0,45_54,french,canadian_quebecois,bachelor,60k_to_80k,employed,26,1.0,widowed,1.0,3_4_persons,1.0,no_children,other_christian,0.5,outaouais,type_1,,1.0,0.67,0.67,1.0,0.67,0.33,1.0,plq,ndp,0.0,1.0,1.0,1.0,0.5,,0.67,0.67,1.0,0.0,0.0,0.0,1.0,adq,green,0.3,0.3,0.9,1.0,0.5,0.3,0.05,0.8,0.9,,0.5,,0.0,1.0,0.0,0.67,0.33,0.33,0.33,0.0,1.0,0.0,0.33,0.0,0.67,0.0,0.6,0.4,,0.2,0.4,0.6,,,0.6,,0.6,1.0,0.5,0.5
361,0.7705016136169434,female,61.0,55_64,french,canadian_quebecois,bachelor,100k_to_120k,self_employed,17,1.0,widowed,1.0,3_4_persons,0.0,children_under_18,protestant,0.5,other,type_1,,0.67,0.67,0.67,0.67,0.33,0.33,1.0,plq,conservative,0.67,0.75,0.67,0.67,,0.67,0.67,0.33,1.0,,0.0,0.67,1.0,pq,,0.3,0.7,0.5,0.4,0.4,0.4,0.7,0.5,0.6,0.3,0.3,0.6,0.0,1.0,0.33,1.0,0.67,0.33,0.33,0.67,1.0,0.33,0.33,0.67,0.67,0.33,1.0,0.8,0.8,0.2,0.4,0.8,0.8,0.8,0.8,0.8,0.8,0.83,,0.5
362,1.9063955545425413,female,23.0,18_24,french,canadian_quebecois,bachelor,under_20k,retired,6,1.0,widowed,1.0,5_plus_persons,0.0,children_under_18,,,,type_1,0.0,1.0,1.0,1.0,1.0,1.0,0.67,0.0,plq,other,0.33,1.0,0.67,0.67,,0.67,0.67,0.33,1.0,0.0,0.0,0.67,0.0,,,0.5,0.6,0.6,0.6,0.7,0.2,0.5,0.5,,,0.6,0.7,1.0,,0.33,,1.0,0.67,0.67,0.0,1.0,0.0,0.33,0.67,0.67,0.0,,,,0.2,,,,,,,,0.17,0.17,0.17
363,4.492136955261231,male,22.0,18_24,english,canadian_quebecois,high_school,,employed,26,1.0,divorced_separated,1.0,3_4_persons,1.0,no_children,protestant,1.0,other_regions,type_1,,1.0,1.0,0.67,1.0,1.0,0.0,1.0,plq,bloc,1.0,1.0,1.0,1.0,0.5,0.67,1.0,0.33,0.0,1.0,1.0,1.0,0.0,pq,,0.2,0.5,0.2,0.3,0.6,0.0,0.15,0.1,0.15,0.15,0.5,0.6,0.0,1.0,0.67,0.67,1.0,1.0,0.67,0.0,1.0,0.67,0.33,1.0,0.67,0.33,,,0.8,0.2,,0.8,0.8,0.8,0.8,0.8,,0.17,0.17,0.17
364,0.3823769092559814,female,36.0,35_44,french,canadian_quebecois,college_cegep,80k_to_100k,employed,12,1.0,divorced_separated,,3_4_persons,0.0,children_under_18,other_christian,0.5,quebec_city,type_1,,1.0,1.0,0.33,0.67,0.67,0.33,1.0,pq,liberal,0.67,0.75,1.0,0.33,0.5,0.67,1.0,0.33,1.0,0.0,1.0,0.67,1.0,adq,green,0.6,0.25,0.85,0.05,0.6,0.5,0.05,0.85,0.05,0.5,0.5,0.9,1.0,,0.0,1.0,1.0,0.33,0.33,0.33,1.0,0.67,0.67,0.33,0.33,0.33,0.6,1.0,0.6,0.2,0.4,0.6,0.6,0.8,0.6,1.0,0.6,0.67,0.67,0.67
365,0.3281298279762268,male,25.0,18_24,french,canadian_quebecois,bachelor,20k_to_40k,employed,3,1.0,widowed,1.0,3_4_persons,0.0,children_18_plus,protestant,0.5,eastern_quebec,type_1,,1.0,1.0,1.0,1.0,0.33,0.33,1.0,,liberal,0.33,1.0,0.67,0.33,1.0,0.33,0.67,0.67,0.0,0.0,0.0,1.0,1.0,pq,liberal,0.8,0.8,0.6,0.6,1.0,0.8,0.6,0.5,,,0.8,0.8,0.0,1.0,0.67,0.67,1.0,0.33,0.33,0.0,1.0,0.0,0.0,1.0,1.0,0.0,0.8,0.8,1.0,0.2,0.8,0.8,0.8,0.8,0.8,1.0,0.8,1.0,0.83,0.83
366,1.681884765625,male,41.0,35_44,french,canadian_quebecois,bachelor,over_150k,employed,17,1.0,widowed,1.0,3_4_persons,0.0,children_under_18,protestant,1.0,other_regions,type_1,,0.67,1.0,0.33,1.0,1.0,0.0,1.0,plq,ndp,1.0,1.0,0.67,0.33,1.0,0.33,0.33,0.67,,0.0,1.0,0.67,1.0,pq,green,0.4,1.0,0.3,0.7,0.8,0.3,0.75,0.5,0.6,0.6,0.6,0.6,1.0,0.0,1.0,1.0,0.0,0.0,0.33,0.67,1.0,0.0,0.0,0.67,0.67,0.67,0.8,0.8,0.8,0.8,0.4,0.8,0.8,0.8,0.8,0.6,0.8,0.83,0.83,0.67
367,1.5534865856170654,female,36.0,35_44,french,canadian_quebecois,college_cegep,40k_to_60k,student,11,1.0,common_law,1.0,2_persons,0.0,no_children,protestant,0.5,monteregie,type_1,,1.0,0.67,0.67,0.33,0.67,0.67,1.0,plq,other,0.67,1.0,1.0,0.67,0.5,1.0,0.67,0.33,1.0,0.0,1.0,0.0,1.0,adq,liberal,0.5,0.5,0.6,0.0,0.0,0.0,0.65,0.8,,0.2,0.0,0.7,0.0,1.0,0.33,0.67,0.67,0.67,0.67,1.0,0.33,0.0,0.0,0.0,0.67,0.0,0.6,1.0,0.8,0.2,0.8,1.0,0.6,0.8,1.0,0.8,0.8,0.67,0.67,0.67
368,1.690662503242493,male,33.0,25_34,french,canadian_quebecois,high_school,20k_to_40k,employed,26,1.0,widowed,1.0,5_plus_persons,0.0,children_18_plus,protestant,0.0,other_regions,type_1,,1.0,1.0,0.0,0.67,1.0,1.0,1.0,plq,other,0.33,1.0,1.0,0.0,1.0,1.0,1.0,0.0,,1.0,1.0,0.33,1.0,pq,liberal,0.6,0.8,0.7,0.8,0.5,0.8,0.7,0.4,0.3,0.6,0.7,0.8,1.0,0.0,1.0,0.67,1.0,1.0,0.33,0.33,0.67,0.33,1.0,1.0,1.0,1.0,0.6,0.6,0.6,0.6,0.6,0.6,0.6,0.6,0.6,0.6,0.6,0.67,0.67,0.67
369,0.74787837266922,female,61.0,55_64,english,canadian_quebecois,bachelor,20k_to_40k,unemployed,6,1.0,divorced_separated,1.0,5_plus_persons,1.0,children_under_18,catholic,0.5,montreal,type_1,,1.0,0.67,0.0,0.67,0.33,0.67,1.0,pq,liberal,0.0,0.75,0.67,0.0,0.5,0.33,0.67,0.33,1.0,0.0,0.0,1.0,0.0,plq,,1.0,0.0,0.0,0.02,0.03,0.4,0.2,0.2,0.1,0.3,0.6,0.5,1.0,0.0,0.0,0.67,,0.33,0.33,1.0,1.0,0.67,0.0,0.67,0.67,0.67,1.0,1.0,1.0,0.2,0.4,0.6,1.0,0.8,,1.0,0.4,1.0,0.0,0.67
370,0.6453179717063904,male,19.0,18_24,french,canadian_quebecois,high_school,over_150k,employed,3,1.0,widowed,1.0,5_plus_persons,,no_children,other_christian,1.0,,type_1,,1.0,1.0,1.0,1.0,0.0,0.67,1.0,adq,liberal,0.67,0.75,0.67,0.67,0.5,0.33,1.0,0.33,1.0,0.0,0.0,0.67,0.0,adq,liberal,0.25,0.0,1.0,0.0,0.5,0.25,0.0,1.0,0.0,,1.0,1.0,1.0,1.0,0.0,0.67,1.0,0.33,0.33,0.0,0.33,0.0,0.33,1.0,1.0,1.0,0.6,0.6,0.6,0.6,0.6,0.6,0.6,0.6,0.6,0.6,0.6,0.67,0.67,0.67
371,0.9124647378921508,female,53.0,45_54,french,canadian_quebecois,high_school,under_20k,homemaker,5,1.0,single,1.0,5_plus_persons,0.0,children_under_18,catholic,1.0,,type_1,,0.67,1.0,0.67,1.0,0.33,0.33,1.0,plq,conservative,1.0,1.0,0.67,0.0,1.0,0.67,0.67,0.67,,0.0,0.0,0.67,1.0,,,0.99,0.75,0.75,,,0.9,0.7,0.75,,,0.7,0.0,1.0,1.0,0.0,0.0,0.67,0.67,1.0,0.0,0.67,1.0,1.0,1.0,0.67,0.0,1.0,1.0,1.0,1.0,1.0,1.0,1.0,1.0,1.0,1.0,1.0,1.0,1.0,1.0
372,0.5535573959350586,female,60.0,55_64,french,other,bachelor,,,16,1.0,widowed,0.0,5_plus_persons,0.0,no_children,protestant,0.5,other_regions,type_1,,0.0,0.0,0.0,0.0,0.0,0.0,0.0,plq,conservative,0.0,0.0,0.0,0.0,1.0,1.0,1.0,0.0,1.0,1.0,1.0,0.67,,,,0.0,0.7,0.0,,0.0,,,,,,0.0,,,1.0,0.33,0.67,0.33,0.67,0.33,0.0,1.0,0.33,0.67,0.67,0.33,0.0,,,,,,,0.8,0.8,0.8,,,,,
373,0.3720875084400177,female,29.0,25_34,french,canadian_quebecois,college_cegep,40k_to_60k,homemaker,12,1.0,widowed,1.0,5_plus_persons,1.0,children_under_18,no_religion,0.5,montreal,type_1,,0.67,0.67,0.33,1.0,0.67,0.33,0.0,adq,liberal,0.33,0.75,0.67,0.33,1.0,,0.33,0.0,1.0,1.0,,0.33,1.0,,,0.2,0.6,0.5,,0.7,0.0,0.5,0.5,,,0.4,0.7,0.0,1.0,0.33,0.67,0.67,0.67,0.33,0.0,1.0,0.0,0.67,0.67,0.67,0.0,0.6,,,0.2,0.6,0.6,0.8,0.8,0.8,1.0,0.6,0.83,0.67,0.67
374,0.6555481553077698,female,52.0,45_54,french,canadian_quebecois,graduate,20k_to_40k,employed,6,1.0,widowed,1.0,3_4_persons,0.0,both,other_religion,0.0,montreal,type_1,,0.0,0.0,0.0,0.0,0.0,0.0,1.0,adq,liberal,0.0,0.0,0.0,0.0,,1.0,1.0,0.33,0.0,,1.0,0.67,0.0,qs,,0.15,0.2,0.0,0.5,,0.1,0.1,0.0,0.6,,0.5,0.4,,,0.33,0.67,0.33,0.67,0.33,0.33,,0.0,0.0,0.33,0.0,0.0,,0.4,,0.2,0.4,0.4,,0.4,,,0.4,0.17,0.17,0.5
375,0.2219046652317047,male,51.0,45_54,french,canadian_quebecois,high_school,80k_to_100k,employed,3,1.0,widowed,0.0,3_4_persons,1.0,children_18_plus,catholic,0.5,montreal,type_1,,0.67,0.67,0.67,1.0,1.0,0.33,1.0,plq,ndp,0.33,0.75,0.67,1.0,0.5,0.33,0.67,0.67,1.0,0.0,1.0,0.67,1.0,plq,,0.8,0.05,0.25,0.1,0.1,0.8,0.0,0.0,0.0,0.0,0.0,0.5,0.0,1.0,0.0,1.0,1.0,0.0,1.0,1.0,0.67,0.0,0.67,0.33,1.0,0.33,1.0,1.0,1.0,1.0,1.0,1.0,1.0,1.0,1.0,1.0,1.0,1.0,1.0,1.0
376,3.2186999320983887,male,22.0,18_24,french,canadian_quebecois,bachelor,under_20k,retired,5,1.0,widowed,1.0,5_plus_persons,0.0,children_under_18,other_religion,0.5,outaouais,type_1,,0.67,1.0,0.33,1.0,0.67,0.0,1.0,qs,liberal,0.67,0.75,0.67,1.0,1.0,1.0,1.0,0.33,0.0,0.0,1.0,0.33,1.0,qs,green,0.3,0.5,0.1,0.85,0.8,0.2,0.5,0.5,0.8,0.5,0.5,0.7,0.0,1.0,0.33,0.67,0.0,0.0,0.67,0.67,1.0,0.0,0.0,0.33,0.67,0.0,0.4,0.4,0.4,0.2,0.4,0.6,0.8,0.8,0.4,0.4,0.4,0.5,0.5,0.5
377,0.3720875084400177,female,34.0,25_34,french,canadian_quebecois,bachelor,over_150k,employed,3,1.0,widowed,1.0,5_plus_persons,0.0,no_children,protestant,0.0,other_regions,type_1,,1.0,1.0,1.0,0.67,0.33,0.67,1.0,adq,liberal,0.33,0.75,1.0,0.0,0.5,0.67,0.67,0.33,0.0,0.0,1.0,,,pq,ndp,0.1,0.5,0.5,0.6,,0.1,0.3,0.6,0.5,0.3,0.6,0.6,0.0,1.0,0.0,0.67,0.67,0.67,1.0,1.0,0.33,0.0,0.67,0.67,0.67,0.0,0.6,0.6,0.6,0.6,0.8,0.6,0.6,0.8,0.6,0.6,0.6,0.67,0.67,0.67
378,1.6796976327896118,female,49.0,45_54,english,canadian_quebecois,college_cegep,under_20k,,25,0.0,divorced_separated,,2_persons,0.0,no_children,catholic,0.5,,type_1,,1.0,1.0,0.67,1.0,0.67,1.0,1.0,plq,ndp,0.67,1.0,0.0,0.67,0.5,0.67,0.67,0.33,0.0,0.0,1.0,0.67,0.0,,,0.7,0.5,0.0,0.0,0.5,0.6,0.0,0.5,0.4,0.5,0.75,0.6,1.0,1.0,0.0,0.67,1.0,0.33,0.33,1.0,0.33,0.0,1.0,0.67,0.67,0.33,1.0,1.0,1.0,0.2,1.0,1.0,0.6,0.8,1.0,,1.0,0.17,,1.0
379,0.6555481553077698,female,51.0,45_54,french,canadian_quebecois,bachelor,40k_to_60k,employed,6,1.0,widowed,1.0,3_4_persons,0.0,children_18_plus,other_religion,0.5,,type_1,,1.0,1.0,0.67,1.0,0.67,0.33,1.0,adq,liberal,0.33,1.0,0.67,0.33,1.0,0.33,0.67,0.33,1.0,,1.0,0.67,1.0,other,bloc,0.55,0.6,0.4,0.9,0.85,0.6,0.6,0.6,0.9,0.8,0.85,0.6,0.0,1.0,0.33,0.67,0.67,0.33,1.0,0.33,1.0,0.0,0.67,1.0,0.33,0.33,1.0,1.0,1.0,0.2,0.4,0.6,0.8,0.4,0.4,1.0,0.4,0.5,0.5,0.5
380,0.2219046652317047,male,49.0,45_54,french,canadian_quebecois,college_cegep,20k_to_40k,employed,3,1.0,widowed,1.0,2_persons,1.0,both,other_religion,0.5,other_regions,type_1,,1.0,1.0,1.0,1.0,0.33,0.67,1.0,plq,ndp,1.0,1.0,1.0,1.0,0.5,1.0,1.0,0.33,1.0,0.0,1.0,0.67,1.0,qs,conservative,0.5,0.6,0.55,0.8,0.5,0.5,0.5,0.6,0.75,0.5,0.5,0.5,0.0,1.0,0.0,0.67,1.0,1.0,0.33,0.33,1.0,0.0,0.67,1.0,1.0,0.0,0.6,0.6,0.4,0.4,0.6,0.6,0.4,0.4,0.4,0.6,0.4,1.0,0.67,0.67
381,1.97528612613678,male,40.0,35_44,french,canadian_quebecois,high_school,20k_to_40k,student,11,1.0,widowed,1.0,5_plus_persons,1.0,no_children,catholic,0.5,monteregie,type_1,,1.0,1.0,0.67,1.0,0.67,0.33,1.0,plq,conservative,1.0,1.0,1.0,0.67,0.5,1.0,1.0,0.0,1.0,1.0,1.0,1.0,1.0,plq,ndp,0.75,0.25,0.75,0.5,0.25,0.25,0.0,1.0,0.25,,0.8,0.75,1.0,0.0,0.0,0.0,1.0,0.33,0.67,1.0,0.33,1.0,0.67,0.0,0.67,0.0,1.0,1.0,,0.6,0.6,0.6,0.6,0.6,,,0.6,0.67,0.67,0.67
382,0.3823769092559814,female,43.0,35_44,french,canadian_quebecois,high_school,under_20k,homemaker,3,1.0,divorced_separated,1.0,2_persons,0.0,children_under_18,catholic,0.5,montreal,type_1,,1.0,1.0,1.0,1.0,0.67,0.67,1.0,plq,ndp,0.33,1.0,1.0,0.33,0.5,0.67,1.0,0.33,1.0,,0.0,0.67,1.0,plq,ndp,0.9,0.0,0.5,0.0,0.0,0.9,0.0,0.5,,0.5,0.5,0.9,1.0,0.0,1.0,1.0,0.67,0.33,0.33,0.33,1.0,0.33,0.67,0.67,0.67,0.0,1.0,,1.0,1.0,1.0,0.6,1.0,,1.0,,1.0,1.0,,0.67
383,0.9124647378921508,female,45.0,35_44,french,canadian_quebecois,graduate,20k_to_40k,employed,5,0.0,widowed,1.0,5_plus_persons,0.0,children_18_plus,,,outaouais,type_1,1.0,0.67,1.0,0.67,1.0,0.33,0.33,1.0,pq,liberal,0.33,1.0,0.67,0.33,0.5,1.0,1.0,0.33,1.0,1.0,1.0,0.67,1.0,other,,0.6,0.6,0.6,0.7,0.7,0.5,0.5,0.5,0.6,0.5,0.4,0.5,,,0.0,0.67,0.33,0.67,0.33,1.0,0.33,0.0,0.33,0.33,0.67,0.33,1.0,0.8,,0.2,,,,0.8,,1.0,,,0.5,0.5
384,0.9961626529693604,female,43.0,35_44,french,canadian_quebecois,bachelor,over_150k,employed,6,1.0,widowed,1.0,5_plus_persons,0.0,children_under_18,protestant,0.0,monteregie,type_1,,1.0,1.0,0.33,1.0,0.0,0.0,1.0,plq,ndp,0.67,1.0,0.33,1.0,1.0,0.67,1.0,0.67,1.0,0.0,1.0,0.0,1.0,pq,ndp,0.35,0.65,0.7,0.5,0.5,0.4,0.5,0.6,0.6,0.7,0.6,0.6,0.0,1.0,0.33,0.67,0.33,1.0,0.33,0.0,1.0,0.0,0.33,0.33,0.33,0.0,0.6,0.6,0.6,0.2,0.4,0.6,0.6,0.6,0.4,0.6,0.6,0.67,0.67,0.5
385,1.097648024559021,male,59.0,55_64,french,canadian_quebecois,bachelor,over_150k,employed,1,1.0,single,,2_persons,1.0,no_children,,,,type_1,0.0,0.0,0.0,0.0,0.67,0.0,1.0,1.0,plq,ndp,0.0,0.0,0.0,0.0,0.5,1.0,1.0,0.0,1.0,0.0,1.0,0.0,1.0,,,0.0,0.1,0.1,0.1,0.3,0.0,0.1,0.3,0.05,0.1,0.0,0.1,0.0,1.0,0.0,0.67,0.67,1.0,0.67,0.0,1.0,0.0,0.0,0.67,0.67,0.67,,,,0.2,0.8,0.6,0.6,0.8,,0.6,0.6,0.0,0.67,0.67
386,1.3865697383880615,female,43.0,35_44,french,canadian_quebecois,college_cegep,under_20k,self_employed,32,1.0,widowed,1.0,5_plus_persons,0.0,children_under_18,other_religion,1.0,,type_1,,0.67,0.67,0.67,1.0,0.67,0.67,1.0,plq,conservative,1.0,1.0,1.0,0.67,1.0,1.0,1.0,0.33,1.0,0.0,1.0,0.67,1.0,qs,conservative,0.0,0.5,0.5,0.9,0.8,0.0,0.6,0.5,1.0,,0.6,0.5,0.0,1.0,1.0,0.67,0.0,0.67,0.33,0.67,1.0,,0.0,0.67,0.67,0.0,0.4,0.4,0.4,0.2,0.4,0.4,0.8,0.8,0.8,0.8,0.4,0.5,0.5,0.5
387,0.9693608283996582,female,34.0,25_34,french,canadian_quebecois,high_school,under_20k,homemaker,6,1.0,widowed,,2_persons,0.0,children_under_18,catholic,0.5,monteregie,type_1,,0.67,1.0,0.33,1.0,1.0,1.0,0.0,plq,conservative,1.0,1.0,1.0,0.33,1.0,1.0,,0.33,1.0,0.0,0.0,0.67,0.0,,,0.7,0.5,0.3,0.3,0.1,0.1,0.2,0.2,,,0.5,0.5,1.0,0.0,0.0,0.67,1.0,0.33,0.33,0.0,0.67,1.0,1.0,1.0,0.33,0.33,,0.6,,,,0.6,,0.8,0.8,0.8,,0.83,0.83,0.83
388,1.3925409317016602,male,39.0,35_44,french,other,college_cegep,20k_to_40k,employed,14,,widowed,0.0,5_plus_persons,0.0,children_18_plus,protestant,1.0,other_regions,type_1,,1.0,1.0,1.0,0.67,0.67,0.33,1.0,plq,ndp,0.33,0.75,1.0,0.33,1.0,0.67,0.33,1.0,1.0,0.0,1.0,1.0,1.0,adq,conservative,0.5,0.6,0.65,0.0,0.0,0.05,0.1,0.4,0.0,0.0,0.0,0.5,0.0,1.0,0.33,0.67,1.0,0.33,0.33,0.67,1.0,0.0,0.33,0.33,0.33,0.0,0.8,0.8,0.8,0.8,0.8,0.8,0.8,0.8,0.8,0.8,0.8,0.83,1.0,0.83
389,0.2516313791275024,female,46.0,45_54,french,canadian_quebecois,graduate,over_150k,employed,3,1.0,divorced_separated,1.0,3_4_persons,0.0,children_18_plus,other_religion,0.5,other_regions,type_1,,1.0,1.0,1.0,1.0,0.67,0.67,1.0,pq,ndp,0.67,0.75,1.0,0.67,1.0,0.33,0.33,0.33,0.0,,0.0,0.67,1.0,qs,ndp,0.6,0.55,0.6,0.9,0.55,0.55,0.5,0.8,0.9,,0.8,0.7,0.0,1.0,0.33,0.0,1.0,0.33,0.33,0.33,1.0,0.0,0.33,0.67,0.33,0.33,0.4,0.8,0.4,0.2,0.4,0.4,0.6,0.8,,0.6,0.4,0.5,0.5,0.5
390,1.1068066358566284,male,45.0,35_44,french,canadian_quebecois,high_school,20k_to_40k,employed,5,1.0,widowed,1.0,3_4_persons,1.0,children_under_18,protestant,0.5,other_regions,type_1,,1.0,0.67,0.67,1.0,0.67,0.67,1.0,plq,conservative,0.67,0.5,0.67,0.33,1.0,0.67,0.33,0.33,1.0,0.0,1.0,0.33,0.0,pq,ndp,0.2,0.8,0.7,,0.6,0.1,0.8,0.8,0.55,0.35,0.7,0.8,0.0,1.0,0.67,0.67,0.67,0.67,0.67,0.67,1.0,0.67,0.67,0.33,0.33,0.33,0.8,0.6,0.8,0.6,0.6,0.6,0.8,0.8,0.8,0.8,0.6,0.67,0.67,0.83
391,1.3492573499679563,female,34.0,25_34,french,canadian_quebecois,high_school,under_20k,student,4,1.0,widowed,1.0,1_person,1.0,children_18_plus,protestant,0.5,,type_1,,1.0,1.0,1.0,1.0,1.0,1.0,1.0,,,1.0,1.0,1.0,1.0,1.0,0.33,1.0,0.33,1.0,0.0,0.0,0.33,1.0,plq,,1.0,1.0,0.0,1.0,0.0,0.5,1.0,0.5,0.0,0.0,1.0,1.0,0.0,0.0,1.0,1.0,1.0,1.0,0.33,0.33,0.67,0.33,1.0,0.67,0.67,1.0,,,,,,,,,,,,0.83,0.67,0.67
392,1.595116138458252,female,77.0,65_plus,french,canadian_quebecois,high_school,under_20k,self_employed,25,1.0,widowed,1.0,3_4_persons,0.0,,catholic,1.0,montreal,type_1,,1.0,1.0,0.33,0.67,0.33,0.33,1.0,adq,liberal,1.0,0.5,0.67,0.67,0.5,1.0,1.0,0.67,,,1.0,1.0,,plq,,1.0,0.75,,0.5,0.5,0.9,0.5,0.75,0.75,0.5,0.25,0.75,,,0.0,1.0,0.67,0.0,0.33,1.0,0.33,0.33,1.0,1.0,0.67,1.0,1.0,,1.0,,,,,1.0,,,,1.0,1.0,0.67
393,1.2432608604431152,female,50.0,45_54,french,canadian_quebecois,high_school,,employed,26,1.0,divorced_separated,1.0,2_persons,0.0,children_under_18,other_christian,0.5,other_regions,type_1,,1.0,1.0,0.67,1.0,0.67,0.33,1.0,plq,ndp,0.67,1.0,1.0,1.0,1.0,0.67,0.33,0.67,1.0,0.0,1.0,1.0,1.0,adq,bloc,0.5,0.75,0.75,0.75,0.5,0.5,0.7,0.75,0.7,,0.5,0.6,0.0,1.0,0.33,0.67,0.67,0.67,0.33,0.33,1.0,0.33,0.33,0.67,0.67,0.0,0.6,,0.6,0.6,0.6,0.6,0.6,0.6,0.6,0.6,0.6,0.67,0.67,0.67
394,0.5535573959350586,female,61.0,55_64,french,canadian_quebecois,college_cegep,20k_to_40k,self_employed,6,1.0,divorced_separated,0.0,3_4_persons,0.0,no_children,catholic,0.5,quebec_city,type_1,,1.0,0.33,0.0,0.67,0.33,0.33,1.0,plq,ndp,0.67,0.0,0.0,0.67,0.5,1.0,1.0,0.33,1.0,0.0,1.0,0.67,1.0,plq,ndp,0.75,0.5,0.5,0.25,0.25,0.7,0.5,0.65,,,0.0,0.5,0.0,1.0,0.0,0.67,0.67,0.33,0.33,1.0,1.0,,0.67,0.67,1.0,0.0,,,,1.0,0.6,0.6,0.8,0.8,1.0,1.0,1.0,1.0,0.67,0.67
395,0.2516313791275024,female,49.0,45_54,french,canadian_quebecois,bachelor,20k_to_40k,employed,12,1.0,widowed,0.0,3_4_persons,0.0,children_under_18,other_religion,0.5,,type_1,,0.67,0.33,0.67,0.67,0.67,0.67,1.0,,,0.0,0.75,0.67,0.0,0.5,1.0,1.0,0.33,1.0,0.0,1.0,0.67,1.0,other,,0.75,0.5,0.8,0.8,0.6,0.6,0.6,0.75,0.8,,0.7,0.75,0.0,1.0,0.33,1.0,0.67,1.0,0.33,0.0,1.0,0.0,0.67,0.67,0.33,0.0,,,,0.4,0.4,0.4,0.6,0.8,0.6,,0.6,0.5,0.5,0.5
396,0.212483525276184,female,58.0,55_64,french,canadian_quebecois,high_school,40k_to_60k,self_employed,3,1.0,single,0.0,2_persons,0.0,no_children,catholic,0.5,quebec_city,type_1,,1.0,0.67,0.33,0.67,1.0,1.0,1.0,adq,liberal,1.0,0.75,0.67,1.0,0.5,0.67,1.0,0.33,1.0,0.0,1.0,1.0,1.0,plq,ndp,0.7,0.1,0.5,0.2,0.1,0.7,0.1,0.6,0.3,0.3,0.7,0.7,1.0,1.0,0.0,1.0,0.67,0.33,1.0,0.33,1.0,0.0,0.33,1.0,0.67,0.0,1.0,1.0,1.0,1.0,1.0,0.6,1.0,1.0,1.0,1.0,1.0,1.0,1.0,0.67
397,0.5535573959350586,female,64.0,55_64,french,canadian_quebecois,high_school,under_20k,unemployed,13,1.0,widowed,1.0,2_persons,1.0,no_children,protestant,0.5,monteregie,type_1,,1.0,0.67,0.33,1.0,1.0,1.0,1.0,plq,,0.67,1.0,1.0,1.0,0.5,0.0,1.0,0.0,1.0,1.0,1.0,0.0,1.0,pq,ndp,0.0,0.9,0.9,0.0,0.0,0.0,0.6,0.8,0.0,0.0,0.0,0.05,0.0,1.0,1.0,0.67,1.0,0.67,0.67,0.67,1.0,0.67,0.0,0.0,0.0,0.0,0.6,0.6,0.6,0.8,0.6,0.6,0.6,0.8,0.8,0.8,0.8,0.67,0.67,0.67
398,1.9063955545425413,female,18.0,18_24,french,canadian_quebecois,college_cegep,,retired,14,1.0,widowed,1.0,3_4_persons,1.0,children_under_18,protestant,0.5,monteregie,type_1,,1.0,1.0,0.67,1.0,,0.0,1.0,plq,ndp,0.67,1.0,1.0,0.67,1.0,1.0,1.0,0.33,0.0,0.0,0.0,0.33,1.0,pq,green,0.7,0.9,0.7,0.6,0.8,0.7,0.9,0.7,0.6,0.8,0.7,0.7,0.0,1.0,0.67,0.67,1.0,0.0,0.33,0.33,1.0,1.0,0.33,0.67,0.67,0.0,0.8,0.8,0.8,1.0,0.6,0.8,0.8,0.8,0.8,0.8,0.8,0.83,0.83,0.83
399,0.5535573959350586,female,56.0,55_64,french,canadian_quebecois,college_cegep,20k_to_40k,employed,15,1.0,widowed,1.0,5_plus_persons,0.0,children_under_18,protestant,0.5,other_regions,type_1,,1.0,1.0,1.0,1.0,0.67,0.0,1.0,plq,ndp,1.0,1.0,0.67,0.67,1.0,0.33,0.33,0.67,1.0,0.0,0.0,0.67,1.0,pq,bloc,0.3,0.95,0.3,0.9,0.8,0.1,0.8,0.3,0.8,0.7,0.4,0.3,,1.0,1.0,0.67,1.0,0.33,0.33,0.67,1.0,0.67,1.0,1.0,0.67,0.0,,0.8,,0.2,0.4,0.8,0.8,0.8,0.8,0.8,0.4,0.83,0.0,0.5
400,0.8410736918449402,female,67.0,65_plus,french,canadian_quebecois,high_school,40k_to_60k,self_employed,16,1.0,widowed,1.0,3_4_persons,1.0,no_children,other_christian,1.0,quebec_city,type_1,,1.0,1.0,0.33,0.67,1.0,0.67,1.0,adq,liberal,0.67,0.5,1.0,1.0,0.5,1.0,0.67,0.33,1.0,0.0,,0.67,1.0,adq,conservative,0.3,0.5,0.8,0.2,0.2,0.3,0.5,0.85,0.2,0.2,0.0,0.8,0.0,1.0,0.0,0.67,0.67,0.33,0.33,0.33,1.0,0.33,,0.67,0.67,0.33,0.6,0.6,,1.0,0.6,0.6,0.8,0.8,0.6,0.6,0.6,0.67,0.67,0.67
401,0.1873806416988372,male,57.0,55_64,french,canadian_quebecois,bachelor,40k_to_60k,employed,3,1.0,widowed,1.0,3_4_persons,0.0,children_under_18,protestant,0.5,other_regions,type_1,,0.67,0.67,0.33,0.67,1.0,0.33,1.0,plq,conservative,0.67,0.5,0.67,0.67,1.0,0.67,0.67,0.33,0.0,0.0,0.0,0.67,0.0,pq,ndp,0.5,0.4,0.5,0.05,0.1,0.5,0.5,0.5,0.1,,0.7,0.7,1.0,1.0,0.0,0.67,1.0,1.0,1.0,0.67,1.0,0.0,1.0,1.0,1.0,0.33,0.8,0.8,1.0,0.8,0.8,0.8,1.0,0.8,0.8,0.6,0.8,1.0,0.67,0.67
402,0.9961626529693604,female,43.0,35_44,french,canadian_quebecois,bachelor,over_150k,homemaker,6,1.0,common_law,1.0,2_persons,0.0,no_children,catholic,0.0,outaouais,type_1,,1.0,0.67,0.33,0.67,0.33,0.33,1.0,adq,liberal,0.33,0.75,0.33,0.33,0.5,0.67,0.67,0.33,1.0,,1.0,0.67,1.0,other,liberal,0.75,0.3,0.5,0.1,0.8,0.8,0.4,0.5,0.4,0.8,0.2,0.7,0.0,1.0,0.0,0.33,0.33,0.67,0.67,1.0,1.0,0.33,0.67,0.67,0.33,0.0,0.6,0.6,1.0,0.2,0.6,1.0,1.0,0.8,1.0,1.0,,1.0,0.33,0.67
403,0.6555481553077698,female,47.0,45_54,french,canadian_quebecois,graduate,over_150k,employed,6,0.0,divorced_separated,1.0,5_plus_persons,0.0,both,catholic,0.0,montreal,type_1,,1.0,1.0,0.33,1.0,0.67,0.67,1.0,adq,liberal,0.67,0.75,0.33,0.67,0.5,0.33,0.33,0.33,1.0,0.0,1.0,0.67,1.0,plq,ndp,0.5,0.2,0.4,0.2,0.25,0.6,0.4,0.5,0.5,0.4,0.4,0.7,0.0,1.0,0.0,0.67,0.67,0.0,0.33,1.0,0.33,0.33,0.67,0.67,0.33,0.33,1.0,1.0,1.0,0.2,0.4,0.4,1.0,0.8,1.0,1.0,1.0,1.0,1.0,0.5
404,1.9063955545425413,female,24.0,18_24,french,canadian_quebecois,bachelor,20k_to_40k,employed,6,1.0,widowed,1.0,3_4_persons,0.0,children_under_18,protestant,0.0,quebec_city,type_1,,0.67,0.33,0.33,0.67,1.0,0.0,1.0,plq,ndp,0.33,0.75,0.67,0.33,1.0,0.67,0.33,0.33,1.0,0.0,0.0,0.33,1.0,adq,conservative,0.0,0.5,0.85,0.2,0.2,0.01,0.45,0.8,,0.2,0.05,0.95,0.0,1.0,0.0,1.0,0.67,0.33,0.33,0.33,1.0,0.67,0.67,0.33,1.0,0.0,0.6,0.6,0.8,0.6,0.6,0.6,0.8,0.6,0.6,0.6,0.8,0.67,0.83,0.67
405,0.2219046652317047,male,50.0,45_54,french,canadian_quebecois,graduate,over_150k,employed,3,1.0,divorced_separated,1.0,3_4_persons,0.0,children_18_plus,,,montreal,type_1,1.0,0.67,1.0,0.0,1.0,0.67,0.67,1.0,adq,liberal,0.33,0.5,0.67,0.67,1.0,0.33,0.67,0.33,0.0,0.0,0.0,0.67,0.0,plq,ndp,0.65,0.45,0.6,0.15,0.25,0.7,0.2,0.6,0.1,0.1,0.4,0.8,0.0,1.0,0.33,1.0,0.67,0.33,1.0,0.33,1.0,0.33,1.0,1.0,0.67,0.67,0.6,0.6,1.0,0.2,0.4,0.6,0.8,0.8,1.0,0.6,0.8,1.0,0.67,0.67
406,0.3720875084400177,female,32.0,25_34,french,canadian_quebecois,college_cegep,80k_to_100k,employed,12,1.0,widowed,,5_plus_persons,0.0,no_children,other_christian,1.0,quebec_city,type_1,,1.0,0.33,0.0,0.0,0.0,0.67,1.0,pq,liberal,0.0,0.0,0.67,0.0,0.5,1.0,1.0,0.0,1.0,1.0,1.0,0.0,1.0,adq,,0.2,0.0,0.8,0.0,0.0,0.2,0.0,0.8,0.0,,0.0,1.0,0.0,0.0,0.0,0.67,1.0,1.0,0.33,0.0,1.0,0.67,1.0,0.0,0.0,1.0,0.6,0.6,0.6,0.6,0.6,0.6,0.6,0.6,0.6,0.6,0.6,0.67,0.67,0.67
407,0.3720875084400177,female,31.0,25_34,french,canadian_quebecois,bachelor,80k_to_100k,employed,12,1.0,divorced_separated,,5_plus_persons,0.0,no_children,other_christian,0.5,outaouais,type_1,,0.67,0.67,0.0,1.0,1.0,0.67,1.0,plq,bloc,0.33,0.5,1.0,0.67,0.5,0.67,1.0,0.0,1.0,0.0,1.0,0.67,0.0,adq,green,0.5,0.5,0.8,0.3,0.3,0.5,0.3,0.9,0.3,,0.0,1.0,1.0,0.0,0.0,0.67,1.0,0.33,0.67,0.0,1.0,1.0,1.0,0.67,0.67,0.0,,0.6,0.6,,,0.6,0.6,0.8,0.6,0.6,0.6,0.67,0.67,0.67
408,0.889306366443634,male,36.0,35_44,other,other_european,graduate,80k_to_100k,employed,3,1.0,divorced_separated,1.0,2_persons,0.0,both,catholic,0.5,outaouais,type_1,,0.67,1.0,0.67,1.0,0.67,0.0,1.0,adq,liberal,0.0,1.0,0.67,0.0,0.5,0.0,0.0,0.67,,0.0,0.0,1.0,1.0,plq,green,0.7,0.4,0.0,0.1,0.2,0.65,0.4,0.1,0.15,,0.7,0.7,0.0,1.0,0.0,1.0,1.0,0.0,1.0,1.0,1.0,0.0,0.67,1.0,1.0,0.33,1.0,1.0,1.0,1.0,1.0,1.0,1.0,1.0,1.0,1.0,1.0,1.0,1.0,1.0
409,0.9163962006568908,male,50.0,45_54,french,canadian_quebecois,bachelor,over_150k,employed,16,1.0,divorced_separated,1.0,5_plus_persons,0.0,children_18_plus,,,,type_1,0.0,1.0,0.67,0.67,1.0,0.67,0.33,1.0,plq,ndp,0.33,0.5,0.33,0.33,0.5,0.67,0.67,0.67,1.0,0.0,0.0,0.67,1.0,,,0.6,0.6,0.5,0.4,0.4,0.55,0.5,0.6,0.4,0.3,0.5,0.5,1.0,1.0,0.0,0.67,0.67,0.33,0.33,0.33,1.0,0.0,1.0,0.67,1.0,0.33,1.0,0.6,1.0,0.6,0.6,0.6,0.8,0.8,1.0,1.0,0.6,0.67,0.67,0.67
410,0.284705102443695,male,83.0,65_plus,french,canadian_quebecois,college_cegep,40k_to_60k,self_employed,3,1.0,single,0.0,1_person,1.0,children_18_plus,catholic,0.5,quebec_city,type_1,,1.0,1.0,0.33,1.0,1.0,0.67,1.0,adq,,0.0,0.5,1.0,0.33,0.5,0.67,0.67,0.67,1.0,,0.0,1.0,1.0,plq,green,0.6,0.3,0.4,0.1,0.6,0.7,0.4,0.6,0.6,0.65,0.3,0.7,0.0,1.0,0.0,1.0,1.0,0.33,0.33,1.0,1.0,0.33,1.0,1.0,0.67,0.33,1.0,1.0,1.0,1.0,1.0,1.0,1.0,,,1.0,1.0,1.0,1.0,1.0
411,0.5535573959350586,female,58.0,55_64,french,canadian_quebecois,bachelor,40k_to_60k,self_employed,16,1.0,widowed,1.0,5_plus_persons,0.0,both,protestant,0.5,other_regions,type_1,,0.67,1.0,1.0,0.67,1.0,0.33,1.0,adq,liberal,1.0,1.0,0.67,0.33,1.0,0.67,0.67,0.33,0.0,,1.0,0.67,1.0,pq,bloc,0.3,0.8,0.05,0.6,0.15,0.1,0.6,0.03,0.3,0.05,0.8,0.6,0.0,1.0,0.67,0.33,1.0,0.33,0.33,0.67,1.0,0.0,0.0,1.0,1.0,0.33,0.8,0.8,0.8,0.8,0.4,0.8,0.8,0.8,0.8,0.8,0.4,0.83,0.83,0.5
412,0.2516313791275024,female,54.0,45_54,french,canadian_quebecois,bachelor,40k_to_60k,employed,12,1.0,widowed,1.0,3_4_persons,0.0,no_children,,,monteregie,type_1,,0.67,0.67,0.0,1.0,0.33,0.0,1.0,adq,other,0.67,0.75,0.33,0.67,0.5,0.33,0.67,1.0,1.0,0.0,0.0,1.0,1.0,other,bloc,0.6,0.4,0.5,0.4,0.7,0.5,0.5,0.6,0.6,0.6,0.75,0.75,0.0,1.0,0.0,0.67,0.33,0.33,0.33,0.0,0.33,0.33,0.67,1.0,0.33,0.0,1.0,,,0.2,0.4,0.6,1.0,0.8,0.6,0.6,0.4,1.0,0.5,0.5
413,1.3116263151168823,female,67.0,65_plus,french,canadian_quebecois,bachelor,80k_to_100k,self_employed,2,1.0,married,0.0,3_4_persons,0.0,no_children,catholic,0.0,quebec_city,type_1,,1.0,1.0,0.33,1.0,1.0,0.33,1.0,adq,liberal,0.67,0.75,0.33,0.67,1.0,0.67,0.67,1.0,1.0,0.0,0.0,1.0,1.0,plq,conservative,0.65,0.6,0.45,0.4,0.4,0.45,0.1,0.4,0.35,0.2,0.65,0.7,1.0,1.0,0.33,1.0,1.0,0.0,1.0,0.33,1.0,0.33,1.0,0.67,0.33,0.0,1.0,0.8,1.0,0.2,0.4,0.6,0.8,0.8,1.0,1.0,0.4,1.0,0.83,0.5
414,1.466917634010315,male,69.0,65_plus,french,canadian_quebecois,bachelor,over_150k,employed,26,1.0,common_law,0.0,3_4_persons,1.0,children_under_18,other_christian,0.5,quebec_city,type_1,,0.67,0.67,0.0,0.67,0.67,0.0,1.0,adq,liberal,0.0,0.75,1.0,0.67,0.5,0.33,0.67,0.67,,,1.0,0.67,0.0,adq,liberal,0.6,0.5,0.75,0.35,0.7,0.55,0.5,0.7,0.6,,0.5,0.75,0.0,1.0,0.0,0.67,1.0,0.67,0.33,0.33,1.0,0.0,1.0,1.0,1.0,0.0,1.0,0.8,1.0,0.2,0.4,0.6,0.6,0.8,0.6,1.0,0.6,1.0,0.67,0.67
415,1.4200392961502075,male,71.0,65_plus,french,canadian_quebecois,bachelor,,self_employed,17,1.0,,1.0,2_persons,0.0,no_children,,,,type_1,0.0,1.0,0.0,0.0,1.0,1.0,1.0,1.0,plq,ndp,0.33,1.0,1.0,0.0,,1.0,1.0,0.0,1.0,1.0,1.0,0.0,1.0,,,,,,,,,,,,,0.5,0.7,0.0,0.0,,,0.0,1.0,0.67,0.0,1.0,0.0,1.0,1.0,,0.0,,,,,,,,,,,,,,
416,0.2219046652317047,male,49.0,45_54,french,canadian_quebecois,high_school,,employed,3,1.0,married,,,1.0,,catholic,0.5,,type_1,,0.67,1.0,0.67,1.0,,0.0,1.0,,,,0.75,0.67,,0.5,1.0,0.33,0.33,1.0,,0.0,0.67,0.0,,,0.6,0.3,,,,0.6,0.3,,,,0.5,0.5,0.0,0.0,0.0,1.0,0.67,0.67,1.0,0.33,0.33,1.0,0.0,1.0,,0.0,,,,,,,,1.0,,,,1.0,,
417,0.2219046652317047,male,54.0,45_54,french,canadian_quebecois,graduate,,employed,3,1.0,widowed,,5_plus_persons,0.0,children_under_18,,,quebec_city,type_1,1.0,0.67,1.0,0.33,0.0,0.0,0.67,1.0,adq,liberal,0.0,0.5,0.67,0.67,0.5,1.0,1.0,0.0,1.0,0.0,1.0,0.33,0.0,adq,liberal,0.4,0.0,0.6,0.0,0.1,0.4,0.4,0.6,0.0,,0.0,0.3,1.0,0.0,0.0,,0.0,0.67,0.67,,0.33,1.0,1.0,0.67,0.67,0.0,0.6,0.6,0.6,0.6,1.0,0.6,0.6,0.6,0.6,0.6,0.6,0.67,0.67,0.67
418,0.5535573959350586,female,60.0,55_64,french,canadian_quebecois,high_school,under_20k,unemployed,16,1.0,married,1.0,2_persons,0.0,children_under_18,other_christian,1.0,other_regions,type_1,,1.0,1.0,1.0,0.67,0.67,0.33,1.0,plq,other,0.67,1.0,1.0,1.0,0.5,0.67,1.0,0.0,1.0,,1.0,0.33,1.0,adq,,0.5,0.6,0.8,0.2,0.2,0.6,0.6,0.75,0.2,,0.5,0.5,0.0,1.0,0.0,1.0,1.0,0.67,0.33,0.0,0.67,1.0,1.0,0.67,0.67,0.33,0.6,0.6,,0.6,0.6,0.6,0.6,0.6,0.6,,0.6,0.17,0.67,0.67
419,0.1873806416988372,male,60.0,55_64,french,canadian_quebecois,college_cegep,100k_to_120k,employed,12,1.0,widowed,0.0,5_plus_persons,0.0,no_children,other_christian,0.5,quebec_city,type_1,,0.67,0.67,0.33,0.33,0.67,0.33,1.0,adq,conservative,0.33,0.75,0.67,0.67,0.5,1.0,0.67,0.33,1.0,0.0,1.0,0.33,1.0,adq,,0.3,0.3,0.8,0.0,0.0,0.0,0.2,0.8,0.0,0.0,0.0,0.75,1.0,1.0,0.0,0.67,0.33,0.33,0.33,1.0,1.0,1.0,1.0,0.67,0.67,0.33,0.6,0.6,0.6,0.6,0.6,0.6,0.6,0.6,0.6,0.6,0.6,0.67,0.67,0.67
420,1.049834966659546,female,55.0,45_54,french,canadian_quebecois,,over_150k,employed,24,1.0,widowed,0.0,3_4_persons,1.0,both,other_christian,0.5,quebec_city,type_1,,0.67,1.0,0.67,0.0,0.67,1.0,1.0,plq,ndp,0.0,0.75,0.67,0.67,0.5,0.67,0.67,0.33,0.0,0.0,0.0,1.0,0.0,adq,liberal,0.4,0.1,0.9,0.0,0.0,0.6,0.0,0.99,0.0,0.0,0.0,0.4,1.0,1.0,0.0,0.67,0.0,0.0,0.33,1.0,0.33,0.67,1.0,0.33,0.67,0.33,0.6,0.6,0.6,,0.6,0.6,0.6,0.6,0.6,0.6,0.6,0.67,0.67,0.67
421,1.3550678491592407,male,34.0,25_34,french,canadian_quebecois,bachelor,,employed,13,1.0,divorced_separated,1.0,3_4_persons,0.0,no_children,other_christian,0.5,other_regions,type_1,,1.0,1.0,0.67,0.67,0.33,0.67,1.0,adq,liberal,0.33,0.75,1.0,0.33,1.0,0.67,0.67,0.33,1.0,0.0,0.0,0.67,0.0,adq,conservative,0.4,0.55,0.7,0.45,0.3,0.4,0.55,0.7,,0.35,0.35,0.75,1.0,1.0,0.67,0.67,0.67,0.33,0.67,0.33,1.0,0.33,0.67,0.33,0.33,0.0,0.6,0.6,0.6,0.2,0.4,0.6,0.6,0.8,0.6,0.6,0.4,0.67,0.67,0.67
422,1.022304654121399,female,47.0,45_54,french,canadian_quebecois,high_school,20k_to_40k,employed,2,1.0,common_law,1.0,1_person,0.0,children_under_18,protestant,0.5,other_regions,type_1,,1.0,0.67,0.67,0.67,0.67,0.67,1.0,adq,liberal,0.33,0.75,0.67,0.0,1.0,0.67,1.0,0.33,1.0,0.0,1.0,0.67,0.0,,,0.4,1.0,,0.0,,0.5,0.6,0.6,,,0.5,0.5,1.0,1.0,1.0,1.0,0.67,0.67,0.33,0.67,1.0,0.0,0.0,0.0,0.67,0.0,1.0,0.8,,0.2,,0.8,0.8,0.8,1.0,,,0.67,0.67,0.67
423,0.9961626529693604,female,39.0,35_44,french,canadian_quebecois,graduate,,employed,6,1.0,widowed,0.0,1_person,1.0,no_children,other_christian,1.0,outaouais,type_1,,1.0,1.0,0.0,1.0,0.33,1.0,1.0,plq,ndp,0.33,1.0,1.0,0.0,0.5,1.0,1.0,0.67,1.0,1.0,1.0,0.67,1.0,,,0.0,0.5,0.9,0.0,0.0,0.0,0.5,0.95,0.0,0.0,0.6,0.0,0.0,1.0,0.0,0.67,0.67,0.0,0.67,0.0,1.0,0.0,0.0,0.67,0.67,0.0,0.8,0.6,0.6,0.2,0.6,0.6,0.6,0.6,1.0,0.6,0.6,0.67,0.67,0.67
424,0.9961626529693604,female,41.0,35_44,french,canadian_quebecois,college_cegep,80k_to_100k,employed,16,1.0,widowed,0.0,5_plus_persons,1.0,no_children,protestant,0.5,other_regions,type_1,,1.0,1.0,0.67,1.0,1.0,1.0,1.0,plq,other,1.0,0.75,0.67,0.67,1.0,1.0,1.0,0.33,1.0,0.0,1.0,0.33,1.0,pq,ndp,0.3,0.8,0.7,,0.2,0.0,0.8,0.7,,,0.0,0.5,0.0,0.0,1.0,0.67,1.0,0.33,0.33,0.67,1.0,0.33,0.33,0.33,0.33,0.0,0.6,0.8,0.6,0.6,0.6,0.8,0.6,0.8,0.8,0.6,0.8,0.67,0.67,0.67
425,0.2516313791275024,female,52.0,45_54,french,canadian_quebecois,bachelor,,employed,3,1.0,widowed,1.0,5_plus_persons,0.0,,protestant,,,type_1,,0.67,0.67,1.0,0.67,0.0,0.33,1.0,plq,ndp,1.0,1.0,0.67,0.0,1.0,1.0,0.67,0.33,,,0.0,0.67,1.0,pq,bloc,0.1,0.8,0.1,0.5,0.25,0.0,0.6,0.05,0.5,,0.5,0.6,0.0,1.0,,0.67,1.0,0.33,0.33,0.67,1.0,0.0,0.0,1.0,0.0,0.0,0.8,0.8,1.0,0.4,0.8,0.8,0.8,0.8,1.0,1.0,0.8,,0.0,0.67
426,0.8410736918449402,female,80.0,65_plus,french,canadian_quebecois,high_school,under_20k,self_employed,6,1.0,single,0.0,2_persons,0.0,,protestant,0.0,,type_1,,1.0,1.0,0.33,0.67,1.0,1.0,1.0,plq,ndp,,1.0,0.67,,1.0,0.67,0.33,1.0,1.0,0.0,0.0,0.33,1.0,,,0.5,0.6,0.7,,,,0.5,0.5,0.5,,0.0,0.6,0.0,1.0,1.0,1.0,0.67,0.33,1.0,1.0,0.33,0.33,0.67,0.67,0.67,1.0,1.0,,,,0.8,0.6,0.8,0.8,0.6,,,1.0,1.0,1.0
427,0.1873806416988372,male,58.0,55_64,french,canadian_quebecois,college_cegep,40k_to_60k,employed,3,1.0,widowed,0.0,5_plus_persons,0.0,no_children,,,other_regions,type_1,1.0,0.67,0.67,0.33,0.67,1.0,1.0,1.0,plq,ndp,0.33,1.0,0.67,0.33,1.0,1.0,0.67,0.33,0.0,0.0,0.0,1.0,1.0,pq,ndp,0.4,0.75,0.5,,,0.2,0.5,0.5,0.25,,0.75,0.75,1.0,0.0,0.0,1.0,0.67,0.67,0.33,0.67,1.0,0.67,0.67,1.0,0.67,0.0,0.8,0.8,0.8,0.8,0.4,0.4,0.8,0.8,0.8,0.8,0.4,0.83,0.17,0.67
428,0.5535573959350586,female,57.0,55_64,french,canadian_quebecois,high_school,under_20k,employed,16,1.0,married,1.0,2_persons,1.0,no_children,protestant,1.0,other_regions,type_1,,1.0,0.67,1.0,1.0,0.67,1.0,1.0,plq,ndp,1.0,1.0,0.0,1.0,1.0,1.0,1.0,0.0,1.0,0.0,1.0,0.33,1.0,pq,ndp,0.0,1.0,0.75,,0.55,1.0,1.0,0.85,0.75,1.0,1.0,0.6,0.0,0.0,1.0,1.0,0.67,0.0,0.67,0.67,1.0,1.0,1.0,1.0,0.67,0.0,0.6,0.6,0.6,0.8,0.6,0.6,0.8,0.8,0.8,0.6,0.6,0.67,0.67,0.67
429,0.8632587194442749,female,59.0,55_64,french,canadian_quebecois,high_school,40k_to_60k,employed,2,1.0,widowed,0.0,5_plus_persons,1.0,no_children,protestant,0.5,other_regions,type_1,,1.0,1.0,1.0,0.67,0.33,1.0,1.0,plq,other,1.0,0.75,0.67,0.33,1.0,0.67,0.67,0.67,1.0,0.0,1.0,0.33,1.0,pq,ndp,0.2,0.75,0.5,,,0.2,0.4,0.6,,,0.75,0.7,,1.0,1.0,0.67,1.0,0.33,0.67,0.67,1.0,0.0,0.33,1.0,1.0,0.67,,,,0.2,0.8,0.6,0.8,0.8,0.8,0.8,0.8,0.17,0.67,0.67
430,0.9346079230308532,male,57.0,55_64,french,canadian_quebecois,graduate,40k_to_60k,,5,1.0,widowed,1.0,5_plus_persons,1.0,children_18_plus,protestant,0.0,other_regions,type_1,,1.0,1.0,1.0,0.67,0.33,0.33,1.0,adq,conservative,0.67,1.0,0.67,0.0,1.0,0.0,1.0,0.67,1.0,0.0,0.0,0.67,1.0,pq,bloc,0.5,0.4,0.5,0.5,0.6,0.45,0.45,0.45,0.5,0.6,0.75,0.75,0.0,1.0,0.33,0.67,1.0,0.0,0.33,0.0,0.33,0.33,1.0,1.0,0.67,0.0,,,,,0.4,,0.8,0.8,0.8,,,0.83,0.83,0.83
431,0.8410736918449402,female,81.0,65_plus,french,other,bachelor,100k_to_120k,self_employed,6,1.0,divorced_separated,0.0,5_plus_persons,1.0,no_children,,,quebec_city,type_1,1.0,1.0,1.0,1.0,0.67,0.67,0.67,1.0,adq,liberal,1.0,1.0,0.67,0.33,,,1.0,0.67,,0.0,0.0,0.67,1.0,,,0.8,0.6,0.85,0.5,0.5,0.85,0.5,0.85,0.6,0.5,0.7,0.75,0.0,1.0,0.0,1.0,1.0,0.67,1.0,0.33,1.0,1.0,1.0,0.67,0.0,0.33,0.6,0.6,0.6,1.0,0.6,0.6,0.6,0.6,0.6,0.6,0.6,0.67,0.67,0.67
432,1.681884765625,male,37.0,35_44,french,canadian_quebecois,college_cegep,under_20k,employed,4,1.0,widowed,0.0,1_person,1.0,no_children,other_christian,1.0,quebec_city,type_1,,1.0,1.0,0.0,0.33,0.33,1.0,1.0,plq,ndp,0.0,0.75,1.0,0.0,0.5,,0.67,0.33,1.0,0.0,1.0,1.0,1.0,adq,liberal,0.7,0.0,1.0,0.0,0.0,0.5,0.0,1.0,0.0,0.0,0.0,0.5,0.0,1.0,0.0,1.0,1.0,0.33,0.33,1.0,0.33,0.67,1.0,0.67,0.67,0.0,0.6,0.6,0.6,0.6,0.6,0.6,0.6,0.8,0.6,0.6,0.6,0.67,0.67,0.67
433,1.6366344690322876,male,28.0,25_34,french,canadian_quebecois,graduate,under_20k,retired,5,1.0,divorced_separated,1.0,5_plus_persons,0.0,no_children,,,eastern_quebec,type_1,1.0,0.67,0.0,0.33,1.0,1.0,0.33,0.0,qs,conservative,0.67,0.5,0.0,0.67,0.5,0.33,0.33,0.67,0.0,0.0,1.0,0.0,1.0,,,0.5,0.5,0.5,0.5,0.5,0.5,0.5,0.5,0.5,0.5,0.5,0.5,1.0,1.0,0.33,1.0,0.0,0.33,0.33,0.33,0.33,0.0,0.0,1.0,1.0,0.0,,,,0.2,0.4,,0.8,,,0.6,0.4,1.0,0.33,0.33
434,0.284705102443695,male,67.0,65_plus,french,canadian_quebecois,bachelor,over_150k,employed,12,1.0,widowed,1.0,5_plus_persons,0.0,no_children,protestant,0.5,other_regions,type_1,,0.67,0.67,0.33,0.67,0.67,0.0,1.0,plq,ndp,1.0,0.75,0.67,0.33,1.0,0.67,0.67,0.0,1.0,,1.0,0.67,1.0,pq,,0.05,0.6,0.15,0.05,0.05,0.02,0.3,0.4,0.0,0.02,0.1,0.8,0.0,1.0,0.33,1.0,1.0,0.33,0.67,0.67,1.0,0.33,0.67,0.33,0.33,0.67,1.0,0.8,0.8,0.8,0.6,0.6,0.8,0.8,0.8,0.8,0.6,0.17,0.67,0.67
435,0.9961626529693604,female,41.0,35_44,french,canadian_quebecois,college_cegep,20k_to_40k,employed,16,1.0,widowed,1.0,3_4_persons,0.0,no_children,protestant,0.5,other_regions,type_1,,1.0,0.67,0.33,0.67,0.33,0.33,1.0,adq,liberal,1.0,0.75,1.0,1.0,0.5,0.67,0.33,0.33,1.0,0.0,,0.67,0.0,pq,ndp,0.3,0.7,0.7,0.5,0.1,0.5,0.5,0.5,,,0.4,0.7,,0.0,0.0,0.67,0.67,0.33,,0.33,1.0,,1.0,0.33,0.33,0.0,0.6,0.8,,0.8,0.6,0.6,,0.8,,0.6,0.6,,0.17,0.67
436,1.4200392961502075,male,70.0,65_plus,french,canadian_quebecois,high_school,,self_employed,5,1.0,common_law,0.0,1_person,1.0,both,catholic,0.5,montreal,type_1,,1.0,1.0,0.33,1.0,1.0,0.33,1.0,plq,ndp,1.0,1.0,1.0,1.0,0.5,0.67,1.0,0.67,1.0,0.0,1.0,0.67,0.0,plq,conservative,0.9,0.75,0.2,0.03,0.0,0.75,0.5,0.75,0.5,0.5,0.0,1.0,0.0,0.0,0.33,1.0,0.33,0.67,0.33,0.33,0.33,0.67,0.0,1.0,1.0,0.67,1.0,1.0,1.0,1.0,1.0,1.0,1.0,1.0,0.8,1.0,1.0,1.0,1.0,1.0
437,1.022304654121399,female,46.0,45_54,french,canadian_quebecois,bachelor,over_150k,employed,9,1.0,divorced_separated,0.0,2_persons,1.0,children_under_18,catholic,0.5,,type_1,,1.0,0.67,0.67,1.0,0.33,0.33,1.0,plq,ndp,0.0,0.75,0.67,0.33,0.5,1.0,0.67,0.33,1.0,0.0,1.0,0.33,1.0,plq,,0.7,0.5,0.4,0.3,0.8,0.6,0.2,0.3,,,0.8,0.8,,,0.0,,0.67,0.33,0.33,1.0,1.0,0.0,0.0,1.0,1.0,0.67,,,,0.2,,,,,1.0,,,1.0,0.17,0.67
438,1.922140955924988,male,32.0,25_34,french,canadian_quebecois,bachelor,20k_to_40k,employed,2,1.0,married,1.0,3_4_persons,0.0,children_under_18,protestant,0.5,other_regions,type_1,,1.0,1.0,1.0,1.0,1.0,0.67,1.0,adq,liberal,0.67,1.0,1.0,0.33,1.0,0.33,0.67,0.67,1.0,0.0,0.0,0.67,1.0,,,0.75,0.75,0.7,0.5,0.5,0.65,0.8,0.85,0.7,0.5,0.8,0.7,0.0,1.0,0.33,0.67,0.33,0.67,0.33,0.33,1.0,1.0,0.33,0.67,0.67,0.0,1.0,0.8,0.8,0.6,0.8,1.0,0.8,0.6,0.8,0.8,0.6,0.67,0.83,0.83
439,1.2432608604431152,female,47.0,45_54,french,canadian_quebecois,college_cegep,over_150k,employed,26,1.0,divorced_separated,,3_4_persons,1.0,no_children,protestant,0.0,other,type_1,,0.67,1.0,0.67,0.67,0.33,0.33,1.0,plq,conservative,0.67,0.75,0.67,0.33,0.5,,1.0,0.33,1.0,0.0,0.0,0.67,0.0,,,0.6,0.5,0.6,0.3,0.3,0.5,0.5,0.6,0.5,0.3,0.3,0.6,0.0,1.0,0.0,0.67,0.67,0.67,0.33,0.33,1.0,0.0,1.0,1.0,0.67,0.33,1.0,1.0,,0.2,0.6,0.6,1.0,0.6,0.6,0.6,0.6,0.17,0.17,0.67
440,1.595116138458252,female,65.0,55_64,french,canadian_quebecois,bachelor,20k_to_40k,employed,26,0.0,widowed,1.0,3_4_persons,0.0,no_children,protestant,0.0,other_regions,type_1,,1.0,1.0,0.67,1.0,0.67,0.0,1.0,adq,conservative,1.0,1.0,1.0,1.0,1.0,1.0,1.0,0.0,1.0,0.0,1.0,0.33,1.0,adq,conservative,0.0,0.5,0.75,0.9,0.8,0.0,0.0,0.55,0.8,0.7,0.05,0.8,0.0,1.0,0.0,1.0,0.67,1.0,1.0,0.67,1.0,0.0,0.67,0.0,0.33,0.0,0.6,0.6,0.6,0.6,,0.6,0.6,0.6,0.6,,0.6,,0.67,0.67
441,0.7705016136169434,female,55.0,45_54,french,canadian_quebecois,bachelor,20k_to_40k,employed,5,1.0,widowed,1.0,5_plus_persons,0.0,no_children,protestant,0.5,other_regions,type_1,,1.0,1.0,0.67,1.0,0.33,0.33,1.0,pq,liberal,0.33,0.75,0.67,0.67,0.5,0.67,1.0,0.33,1.0,1.0,,0.67,0.0,pq,green,0.4,0.5,0.3,0.7,0.6,0.3,0.5,0.3,0.7,0.6,0.4,0.5,0.0,1.0,0.33,0.67,1.0,0.67,0.33,1.0,0.33,0.0,0.0,1.0,0.67,0.0,,0.8,0.8,,0.4,0.4,0.4,0.4,0.8,0.8,0.4,0.83,0.5,0.5
442,1.4183701276779177,female,61.0,55_64,english,canadian_quebecois,bachelor,,self_employed,26,1.0,widowed,0.0,1_person,1.0,children_under_18,,,other_regions,type_1,0.0,1.0,1.0,0.67,1.0,1.0,1.0,0.0,plq,bloc,1.0,1.0,1.0,1.0,0.5,0.67,1.0,0.33,1.0,1.0,1.0,0.33,1.0,,,0.45,0.45,,,0.35,0.4,0.4,0.45,,,0.09,0.0,1.0,0.0,0.0,0.67,1.0,1.0,0.33,0.33,1.0,,1.0,,0.33,0.0,0.6,,,0.2,,,,0.8,0.8,,,0.17,0.17,0.83
443,1.4200392961502075,male,71.0,65_plus,french,canadian_quebecois,high_school,20k_to_40k,self_employed,32,1.0,common_law,0.0,3_4_persons,1.0,no_children,catholic,0.0,quebec_city,type_1,,1.0,0.67,0.33,1.0,0.67,0.33,1.0,plq,ndp,1.0,1.0,1.0,1.0,0.5,1.0,1.0,0.67,1.0,0.0,0.0,0.33,1.0,plq,ndp,0.8,0.4,0.55,0.0,0.0,0.8,0.1,0.7,0.05,0.05,0.25,0.75,0.0,1.0,0.0,1.0,0.0,0.0,1.0,1.0,1.0,1.0,1.0,0.0,0.0,0.0,1.0,1.0,1.0,0.6,0.6,0.6,1.0,0.8,0.6,1.0,0.6,1.0,0.67,0.67
444,1.3096427917480469,female,32.0,25_34,other,canadian_quebecois,college_cegep,over_150k,employed,6,0.0,widowed,,5_plus_persons,0.0,no_children,,,monteregie,type_1,0.0,1.0,1.0,0.67,1.0,1.0,1.0,0.0,other,liberal,1.0,1.0,0.67,0.0,0.5,1.0,1.0,0.0,1.0,0.0,1.0,0.0,0.0,,,0.0,0.0,0.5,0.0,0.0,0.0,0.0,0.5,0.0,0.1,0.0,0.6,0.0,1.0,0.0,0.67,0.67,0.67,0.67,1.0,0.67,0.0,1.0,0.0,0.67,0.0,0.6,0.6,,0.6,,,0.6,0.6,0.6,,0.6,0.67,0.67,0.67
445,0.6555481553077698,female,50.0,45_54,french,other,bachelor,,employed,14,1.0,widowed,,5_plus_persons,1.0,no_children,,,,type_1,0.0,1.0,1.0,0.67,1.0,1.0,0.33,1.0,plq,ndp,0.0,1.0,1.0,1.0,0.5,1.0,1.0,0.33,1.0,0.0,1.0,0.67,1.0,,,,,,,,,,,,,0.0,0.5,0.0,,0.0,0.67,1.0,0.67,0.33,0.0,,0.33,0.33,0.67,0.67,0.0,,,,,,,,,,,,,,
446,0.5535573959350586,female,63.0,55_64,french,canadian_quebecois,high_school,over_150k,employed,16,1.0,married,1.0,3_4_persons,1.0,no_children,other_christian,0.5,montreal,type_1,,1.0,1.0,1.0,1.0,1.0,0.67,1.0,plq,ndp,1.0,1.0,1.0,1.0,0.5,0.67,1.0,0.67,1.0,0.0,0.0,0.33,0.0,adq,,0.0,0.5,1.0,0.0,0.0,0.2,0.0,1.0,0.0,,0.75,0.7,,,0.0,0.67,0.67,0.67,0.67,0.33,1.0,0.67,1.0,0.67,0.67,0.0,0.6,0.6,0.6,0.6,0.6,0.6,0.6,0.6,0.6,1.0,0.6,1.0,0.0,0.67
447,0.3823769092559814,female,40.0,35_44,french,canadian_quebecois,college_cegep,20k_to_40k,employed,3,1.0,common_law,1.0,3_4_persons,0.0,children_under_18,other_christian,0.5,montreal,type_1,,0.67,0.67,0.33,0.67,0.67,0.33,1.0,plq,ndp,0.33,0.75,0.67,0.67,0.5,0.67,0.67,0.33,1.0,0.0,1.0,0.67,0.0,adq,liberal,0.75,0.5,0.7,0.3,0.2,0.75,0.7,0.95,,,0.5,0.7,0.0,1.0,0.33,0.33,0.67,0.33,0.33,0.33,1.0,0.33,0.67,0.67,0.67,0.33,0.6,0.6,,0.2,,0.6,0.8,0.8,,,0.6,0.67,0.67,0.67
448,0.3228451609611511,female,73.0,65_plus,french,canadian_quebecois,college_cegep,20k_to_40k,self_employed,3,1.0,common_law,0.0,2_persons,1.0,children_under_18,other_christian,0.5,montreal,type_1,,1.0,1.0,1.0,0.67,1.0,1.0,1.0,plq,conservative,1.0,1.0,0.67,1.0,0.5,0.67,1.0,0.67,0.0,,0.0,0.67,1.0,adq,liberal,0.75,0.0,0.9,0.0,0.0,0.6,0.0,0.95,0.0,0.1,0.9,0.9,0.0,1.0,0.0,0.67,1.0,0.67,0.67,1.0,1.0,0.67,0.0,1.0,0.67,0.0,1.0,0.6,0.6,0.6,0.6,0.6,0.6,0.6,0.6,0.6,0.6,0.67,0.67,0.67
449,0.1873806416988372,male,55.0,45_54,french,canadian_quebecois,high_school,over_150k,employed,3,1.0,divorced_separated,0.0,5_plus_persons,0.0,no_children,protestant,1.0,other_regions,type_1,,1.0,1.0,0.67,1.0,0.67,0.67,1.0,plq,ndp,1.0,0.75,0.67,1.0,1.0,0.33,0.67,0.67,0.0,,0.0,1.0,1.0,pq,,0.4,0.7,0.5,0.2,0.2,0.7,0.8,0.7,0.6,0.4,0.6,0.8,0.0,1.0,0.33,0.33,0.67,0.33,1.0,0.67,1.0,0.0,0.67,0.67,0.67,0.0,0.8,0.8,1.0,0.8,0.8,0.8,0.8,0.8,0.8,1.0,0.8,1.0,0.67,0.67
450,0.9654632806777954,male,56.0,55_64,french,canadian_quebecois,college_cegep,80k_to_100k,employed,26,1.0,widowed,1.0,2_persons,1.0,no_children,other_christian,0.5,quebec_city,type_1,,1.0,0.67,1.0,1.0,1.0,0.67,1.0,adq,liberal,1.0,1.0,0.67,1.0,0.5,0.67,1.0,0.67,1.0,0.0,0.0,0.67,1.0,adq,liberal,0.5,0.0,0.6,0.3,0.0,0.5,0.0,0.6,0.0,0.0,0.5,0.7,1.0,1.0,0.0,0.67,0.0,1.0,0.33,1.0,1.0,1.0,1.0,1.0,0.67,0.0,0.6,0.6,1.0,1.0,0.6,0.6,1.0,0.6,0.6,0.6,0.6,1.0,0.67,0.67
451,1.3925409317016602,male,39.0,35_44,french,canadian_quebecois,college_cegep,,employed,16,1.0,widowed,1.0,3_4_persons,0.0,children_under_18,protestant,0.5,other_regions,type_1,,1.0,1.0,0.67,0.67,1.0,0.67,0.0,plq,ndp,1.0,1.0,1.0,0.33,1.0,0.67,,0.33,1.0,0.0,1.0,0.67,1.0,,,0.1,1.0,0.2,0.6,0.6,0.0,0.6,0.4,0.6,0.5,0.8,0.6,,,0.67,0.67,1.0,0.67,0.67,0.67,1.0,0.0,0.67,1.0,1.0,0.0,0.8,0.8,,0.8,0.4,0.8,0.8,0.8,0.8,0.8,0.8,0.0,0.83,0.67
452,0.1873806416988372,male,62.0,55_64,french,canadian_quebecois,high_school,under_20k,self_employed,3,1.0,single,0.0,2_persons,1.0,no_children,catholic,0.5,quebec_city,type_1,,1.0,1.0,0.33,1.0,1.0,1.0,1.0,plq,ndp,1.0,1.0,1.0,1.0,0.5,0.33,0.33,0.67,0.0,,0.0,1.0,0.0,plq,ndp,0.8,0.55,0.6,,0.8,0.9,0.25,0.7,,,0.5,1.0,0.0,0.0,0.0,0.67,1.0,1.0,1.0,1.0,1.0,1.0,1.0,1.0,0.33,1.0,1.0,1.0,0.6,0.6,1.0,0.6,0.6,0.6,0.6,0.6,1.0,1.0,0.0,0.67
453,0.3372038602828979,male,44.0,35_44,french,canadian_quebecois,bachelor,20k_to_40k,employed,3,1.0,divorced_separated,0.0,3_4_persons,0.0,children_under_18,other_christian,0.0,other_regions,type_1,,0.33,1.0,1.0,1.0,1.0,1.0,1.0,plq,bloc,0.67,0.75,0.67,0.67,1.0,0.33,0.67,0.33,1.0,0.0,1.0,0.67,1.0,adq,conservative,0.4,0.55,0.75,0.2,0.75,0.4,0.5,0.8,0.45,0.7,0.15,0.75,0.0,1.0,1.0,0.33,0.33,0.33,0.33,0.67,1.0,0.33,0.67,0.33,0.67,0.33,0.6,0.6,0.6,0.2,0.6,0.6,0.6,0.8,0.6,0.6,0.6,0.67,0.67,0.67
454,0.9163962006568908,male,50.0,45_54,french,canadian_quebecois,high_school,20k_to_40k,employed,16,1.0,widowed,,3_4_persons,0.0,no_children,other_christian,0.5,other_regions,type_1,,1.0,0.67,0.67,1.0,0.67,1.0,1.0,plq,conservative,0.33,1.0,0.67,0.67,0.5,0.67,0.67,0.0,1.0,0.0,1.0,0.67,,adq,conservative,0.0,0.5,0.8,0.4,0.45,0.0,0.35,0.8,0.5,0.5,0.0,0.3,0.0,0.0,0.33,0.33,0.67,0.67,0.33,0.67,1.0,0.67,0.67,0.67,0.33,0.0,,,,0.2,,1.0,0.8,,,,,0.67,0.67,0.67
455,1.681884765625,male,37.0,35_44,french,canadian_quebecois,high_school,under_20k,student,5,1.0,divorced_separated,1.0,2_persons,1.0,children_under_18,protestant,0.5,montreal,type_1,,1.0,1.0,0.67,1.0,1.0,0.67,1.0,plq,ndp,0.67,1.0,1.0,0.67,,0.67,0.67,0.33,1.0,0.0,0.0,0.67,1.0,plq,ndp,0.55,0.5,0.5,0.3,0.3,0.55,0.5,0.5,,,0.5,0.5,0.0,1.0,0.33,0.67,0.67,0.67,0.33,0.33,1.0,0.33,0.67,0.33,0.67,0.67,0.6,1.0,,,1.0,1.0,1.0,1.0,1.0,,0.6,1.0,0.67,0.67
456,0.3846493363380432,male,75.0,65_plus,other,canadian_quebecois,bachelor,over_150k,self_employed,3,1.0,widowed,,3_4_persons,1.0,children_18_plus,protestant,0.0,other_regions,type_1,,1.0,1.0,0.67,1.0,1.0,0.0,1.0,adq,liberal,1.0,1.0,1.0,1.0,1.0,0.33,1.0,1.0,1.0,0.0,0.0,0.67,1.0,pq,ndp,0.6,0.7,0.75,0.55,0.55,0.4,0.4,0.65,0.5,,0.45,0.95,0.0,1.0,0.33,0.67,0.0,0.33,1.0,0.33,1.0,0.0,0.33,1.0,0.67,0.33,0.8,0.8,1.0,0.2,0.8,0.8,0.8,0.8,0.8,0.8,0.6,1.0,0.67,0.83
457,1.3925409317016602,male,35.0,25_34,french,canadian_quebecois,college_cegep,over_150k,employed,6,1.0,widowed,1.0,3_4_persons,0.0,no_children,no_religion,0.0,montreal,type_1,,1.0,1.0,0.67,0.67,0.67,0.33,1.0,plq,bloc,0.33,0.75,1.0,0.67,0.5,0.67,0.67,0.33,0.0,0.0,1.0,0.67,0.0,other,liberal,0.8,0.6,0.65,0.0,0.95,0.7,0.6,0.65,0.0,0.95,0.0,0.7,1.0,,0.0,1.0,0.67,0.33,0.33,1.0,0.33,0.0,1.0,0.67,0.33,0.0,1.0,0.6,1.0,0.2,0.6,0.6,0.8,0.8,1.0,1.0,0.6,0.67,0.33,0.67
458,0.5535573959350586,female,63.0,55_64,french,canadian_quebecois,high_school,20k_to_40k,self_employed,16,1.0,widowed,,3_4_persons,1.0,no_children,other_christian,0.5,quebec_city,type_1,,1.0,1.0,1.0,1.0,0.67,0.67,1.0,plq,,0.0,0.75,0.67,1.0,0.5,,1.0,0.33,1.0,0.0,0.0,0.67,1.0,adq,,0.25,0.25,0.75,0.03,0.02,0.0,0.4,0.75,,0.2,0.2,0.5,0.0,1.0,0.0,0.67,0.33,1.0,0.67,0.0,0.67,0.67,0.67,0.33,0.0,0.0,0.6,0.6,0.6,0.6,0.6,0.6,0.6,0.8,0.6,0.6,0.6,0.67,0.67,0.67
459,0.889306366443634,male,39.0,35_44,other,other_european,graduate,40k_to_60k,employed,3,,widowed,0.0,5_plus_persons,0.0,children_18_plus,,,monteregie,type_1,1.0,1.0,0.67,0.33,0.67,0.0,0.0,0.0,adq,liberal,0.67,0.75,0.33,0.67,0.5,0.67,0.67,0.67,,0.0,1.0,0.67,1.0,,,0.7,0.65,0.2,0.6,0.5,0.5,0.4,0.3,,,0.8,0.8,0.0,1.0,,1.0,1.0,0.0,0.33,0.33,1.0,0.0,0.67,1.0,0.67,0.67,0.8,0.8,1.0,1.0,0.4,0.4,0.8,0.8,,0.6,1.0,1.0,,0.67
460,1.3550678491592407,male,32.0,25_34,french,canadian_quebecois,college_cegep,20k_to_40k,retired,6,1.0,common_law,1.0,2_persons,0.0,children_under_18,catholic,0.0,monteregie,type_1,,1.0,1.0,0.67,1.0,1.0,1.0,1.0,plq,conservative,0.67,1.0,1.0,0.67,0.5,0.67,0.33,0.33,1.0,1.0,1.0,0.67,1.0,,,0.65,0.45,0.8,,,0.3,0.75,0.7,,,0.45,0.35,0.0,1.0,0.0,0.0,0.33,0.33,0.33,0.33,1.0,0.0,0.67,0.33,0.0,0.0,0.6,0.6,0.6,0.2,0.6,0.6,0.8,0.6,0.6,0.6,0.6,0.67,0.17,0.67
461,1.6366344690322876,male,28.0,25_34,french,canadian_quebecois,graduate,under_20k,employed,4,1.0,divorced_separated,1.0,5_plus_persons,0.0,children_under_18,other_christian,0.0,other_regions,type_1,,0.67,0.67,0.33,1.0,0.67,1.0,1.0,qs,ndp,0.67,1.0,0.67,1.0,1.0,0.67,0.67,0.33,0.0,,1.0,0.33,0.0,,ndp,0.4,0.6,0.7,0.5,0.65,0.4,0.65,0.7,0.5,0.45,0.5,0.5,0.0,1.0,0.33,1.0,0.67,0.33,1.0,0.33,1.0,0.67,0.67,0.67,0.67,0.0,0.6,0.8,1.0,0.2,0.4,0.8,0.6,0.6,0.6,0.6,0.6,1.0,0.83,0.67
462,0.8632587194442749,female,58.0,55_64,french,canadian_quebecois,high_school,under_20k,employed,1,1.0,married,1.0,3_4_persons,0.0,children_under_18,other_christian,0.5,montreal,type_1,,1.0,0.67,1.0,1.0,1.0,0.67,1.0,plq,conservative,0.67,,0.67,0.67,0.5,0.33,0.67,0.0,1.0,1.0,1.0,0.0,0.0,adq,green,0.65,0.55,0.8,0.5,0.75,0.75,0.6,0.8,0.75,0.5,0.5,0.95,1.0,0.0,0.0,0.67,1.0,,0.67,1.0,1.0,,0.33,0.33,0.33,0.0,0.6,1.0,1.0,0.2,0.6,0.6,0.8,0.8,0.6,0.6,0.2,0.0,0.67,0.5
463,0.9693608283996582,female,26.0,25_34,french,canadian_quebecois,college_cegep,20k_to_40k,retired,13,1.0,widowed,1.0,5_plus_persons,0.0,children_18_plus,no_religion,0.5,eastern_quebec,type_1,,1.0,1.0,0.33,1.0,0.0,0.33,1.0,adq,bloc,,1.0,1.0,0.33,1.0,,0.67,0.0,1.0,0.0,1.0,0.33,1.0,other,,0.0,0.7,0.5,,0.9,0.02,0.5,0.5,,,0.5,0.5,1.0,1.0,0.0,0.67,0.33,0.67,,0.33,1.0,,0.67,0.67,0.67,0.0,,,,0.2,,,,,,,,0.17,0.17,0.17
464,1.097648024559021,male,57.0,55_64,french,canadian_quebecois,high_school,40k_to_60k,self_employed,2,1.0,single,0.0,1_person,1.0,both,protestant,1.0,quebec_city,type_1,,1.0,0.67,0.67,1.0,0.0,0.67,1.0,adq,liberal,1.0,1.0,0.67,0.0,1.0,1.0,1.0,0.0,1.0,0.0,1.0,0.0,1.0,pq,ndp,0.0,0.5,0.3,0.0,0.4,0.0,0.4,0.5,,,0.0,0.4,1.0,0.0,0.0,0.67,0.0,1.0,0.33,0.33,1.0,0.0,1.0,0.0,1.0,1.0,0.8,0.8,0.8,0.8,0.8,0.8,0.8,0.8,0.8,0.8,0.8,0.17,0.17,0.17
465,0.6555481553077698,female,53.0,45_54,french,canadian_quebecois,college_cegep,,employed,16,1.0,married,,5_plus_persons,0.0,no_children,other_religion,0.5,,type_1,,1.0,0.67,0.33,0.67,0.33,0.33,1.0,adq,liberal,0.0,0.5,0.33,0.33,0.5,1.0,0.67,0.33,1.0,1.0,1.0,0.33,1.0,,,0.5,0.5,0.65,0.75,0.4,0.1,0.1,0.12,0.15,0.1,0.75,0.7,1.0,1.0,0.0,0.67,0.33,0.67,0.33,0.0,0.67,0.67,0.0,0.0,0.33,0.0,0.4,0.6,0.6,0.4,0.4,0.4,0.6,0.8,0.6,0.6,0.4,0.5,0.5,0.5
466,1.3116263151168823,female,80.0,65_plus,french,canadian_quebecois,high_school,under_20k,self_employed,2,1.0,single,0.0,1_person,1.0,no_children,,,quebec_city,type_1,1.0,1.0,1.0,1.0,1.0,0.67,0.67,1.0,plq,ndp,0.67,0.75,0.67,0.33,0.5,0.67,1.0,0.67,1.0,0.0,0.0,0.33,1.0,plq,ndp,0.07,0.0,0.0,0.05,0.0,0.05,0.0,0.0,0.0,0.0,0.05,0.08,0.0,1.0,0.33,1.0,0.67,1.0,0.33,1.0,0.67,1.0,0.33,1.0,0.67,0.33,1.0,1.0,1.0,1.0,1.0,0.6,1.0,1.0,1.0,1.0,1.0,1.0,1.0,1.0
467,0.7738205194473267,male,56.0,55_64,french,canadian_quebecois,bachelor,80k_to_100k,self_employed,6,1.0,widowed,1.0,5_plus_persons,0.0,children_under_18,protestant,0.5,other_regions,type_1,,1.0,1.0,1.0,0.67,0.33,0.0,1.0,adq,liberal,0.33,1.0,1.0,0.67,0.5,0.67,0.67,0.33,,0.0,0.0,0.67,1.0,pq,,0.2,0.35,0.15,0.0,0.04,0.1,0.12,0.1,0.15,0.2,0.9,0.75,0.0,1.0,0.33,0.67,0.67,0.33,0.33,0.33,1.0,0.0,0.67,0.67,0.33,0.0,1.0,0.8,1.0,0.2,0.8,0.8,0.8,0.8,0.8,1.0,0.8,0.83,0.67,0.67
468,0.9654632806777954,male,62.0,55_64,french,canadian_quebecois,high_school,20k_to_40k,self_employed,26,1.0,widowed,1.0,3_4_persons,0.0,children_under_18,protestant,0.5,,type_1,,0.67,0.67,0.33,0.33,0.67,0.67,1.0,adq,liberal,0.33,0.5,0.67,0.67,1.0,0.33,0.67,0.67,0.0,0.0,1.0,0.67,1.0,,,0.5,0.5,0.4,0.1,0.1,0.6,0.6,0.6,0.1,0.1,0.6,0.7,0.0,1.0,1.0,0.67,0.33,0.33,0.67,0.33,1.0,0.0,0.67,0.67,0.67,0.67,,1.0,1.0,0.8,,0.8,0.8,0.8,0.8,0.8,0.6,0.67,0.83,0.83
469,0.5535573959350586,female,64.0,55_64,french,canadian_quebecois,college_cegep,20k_to_40k,unemployed,16,1.0,widowed,0.0,1_person,1.0,no_children,other_christian,0.5,monteregie,type_1,,1.0,1.0,0.67,0.67,1.0,0.33,1.0,plq,ndp,1.0,0.75,0.33,1.0,0.5,0.33,1.0,0.33,1.0,0.0,0.0,0.67,1.0,plq,ndp,0.65,0.05,0.85,,,0.65,0.1,0.9,0.1,,0.5,0.8,0.0,1.0,0.0,0.67,1.0,0.33,1.0,0.33,1.0,0.67,0.67,0.67,0.33,0.0,1.0,0.6,1.0,1.0,0.6,0.6,1.0,0.6,0.6,1.0,0.6,0.67,0.67,0.67
470,2.664950370788574,male,20.0,18_24,french,canadian_quebecois,bachelor,over_150k,retired,16,1.0,widowed,1.0,3_4_persons,0.0,no_children,catholic,0.0,quebec_city,type_1,,1.0,1.0,0.33,1.0,0.33,0.0,1.0,plq,bloc,0.0,0.75,0.0,1.0,0.5,1.0,1.0,0.33,1.0,1.0,1.0,0.0,1.0,plq,green,0.4,0.04,0.4,0.2,0.45,0.5,0.1,0.5,,0.3,0.0,0.5,0.0,1.0,0.0,0.67,0.67,1.0,0.33,0.0,1.0,0.0,1.0,1.0,0.67,0.0,1.0,1.0,1.0,0.2,0.4,0.8,0.8,0.8,1.0,1.0,1.0,1.0,0.67,1.0
471,0.9346079230308532,male,62.0,55_64,french,canadian_quebecois,graduate,40k_to_60k,self_employed,5,1.0,widowed,0.0,5_plus_persons,1.0,both,catholic,0.5,montreal,type_1,,1.0,1.0,0.33,1.0,0.33,0.33,1.0,adq,liberal,1.0,1.0,0.33,0.33,0.5,0.67,0.67,0.67,1.0,,0.0,1.0,1.0,plq,ndp,0.75,0.25,0.5,0.1,0.75,0.75,0.25,0.75,0.5,0.5,0.25,0.6,1.0,1.0,0.0,1.0,0.67,0.33,0.33,1.0,0.33,0.0,0.0,1.0,1.0,1.0,1.0,1.0,1.0,0.2,0.4,0.4,0.8,0.8,1.0,1.0,0.4,1.0,0.0,0.5
472,0.9163962006568908,male,46.0,45_54,french,canadian_quebecois,college_cegep,over_150k,employed,16,1.0,common_law,1.0,5_plus_persons,1.0,no_children,other_christian,1.0,other_regions,type_1,,1.0,1.0,0.67,1.0,0.67,0.0,1.0,plq,ndp,0.67,1.0,1.0,0.0,0.5,1.0,1.0,0.0,1.0,0.0,1.0,0.67,1.0,adq,conservative,0.35,0.7,0.85,0.65,0.65,0.25,0.5,0.9,,0.6,0.75,0.75,1.0,1.0,0.33,0.0,0.67,0.0,0.33,0.33,1.0,1.0,1.0,0.67,0.0,1.0,0.6,0.6,,0.2,0.6,0.6,0.8,,0.6,0.6,0.6,0.67,0.67,0.67
473,0.9124647378921508,female,48.0,45_54,french,canadian_quebecois,college_cegep,40k_to_60k,homemaker,17,1.0,divorced_separated,1.0,2_persons,1.0,no_children,,,quebec_city,type_1,0.0,1.0,0.67,0.67,1.0,,0.67,1.0,plq,ndp,0.0,1.0,1.0,1.0,,,0.67,0.33,1.0,0.0,1.0,0.67,1.0,adq,conservative,0.6,0.55,0.8,0.65,0.65,0.47,0.5,0.8,,,0.85,0.8,0.0,1.0,0.67,0.67,0.67,1.0,0.67,0.33,1.0,1.0,0.67,0.33,1.0,0.0,0.8,0.8,,0.2,0.8,0.6,0.8,0.6,0.6,0.8,0.6,0.67,0.67,0.67
474,0.284705102443695,male,69.0,65_plus,french,canadian_quebecois,high_school,under_20k,self_employed,3,1.0,divorced_separated,0.0,1_person,1.0,children_18_plus,other_christian,0.5,montreal,type_1,,1.0,1.0,1.0,1.0,0.67,1.0,1.0,plq,,0.33,0.0,0.67,0.0,0.5,1.0,1.0,0.33,1.0,0.0,1.0,0.33,1.0,adq,liberal,0.2,0.25,0.75,0.3,0.7,0.2,0.5,0.7,0.4,0.3,0.7,0.7,0.0,1.0,0.0,0.67,1.0,1.0,0.33,1.0,1.0,1.0,1.0,1.0,0.33,0.0,0.6,0.6,0.6,0.6,0.6,0.6,0.6,0.6,0.6,0.6,0.6,0.67,0.67,0.67
475,0.2516313791275024,female,47.0,45_54,french,canadian_quebecois,bachelor,20k_to_40k,employed,3,1.0,widowed,1.0,1_person,0.0,no_children,other_christian,0.5,monteregie,type_1,,1.0,1.0,0.33,1.0,0.33,0.33,1.0,adq,conservative,0.67,1.0,1.0,0.0,,0.67,1.0,0.0,1.0,1.0,1.0,1.0,0.0,adq,,0.5,0.3,0.9,,0.8,0.3,0.2,0.9,0.7,0.5,0.5,,0.0,1.0,0.0,0.67,1.0,0.33,0.33,0.33,1.0,0.67,0.33,1.0,1.0,0.0,0.6,0.6,0.6,0.6,0.6,0.6,1.0,0.6,,0.6,0.6,0.67,0.67,0.67
476,0.9693608283996582,female,33.0,25_34,french,canadian_quebecois,bachelor,20k_to_40k,employed,6,1.0,divorced_separated,1.0,5_plus_persons,1.0,no_children,catholic,0.5,quebec_city,type_1,,0.67,1.0,0.33,0.67,0.67,0.33,1.0,plq,conservative,0.0,0.5,1.0,0.0,0.5,0.67,1.0,0.33,1.0,0.0,,1.0,1.0,adq,liberal,0.75,0.6,,,,0.5,0.3,0.8,,,0.5,0.5,1.0,1.0,0.0,0.0,1.0,0.33,0.33,1.0,1.0,0.33,1.0,0.33,0.33,0.0,,0.6,1.0,0.6,0.6,0.6,0.6,0.6,1.0,0.6,,0.67,0.67,0.67
477,0.9163962006568908,male,53.0,45_54,french,canadian_quebecois,elementary,over_150k,employed,16,1.0,widowed,0.0,2_persons,1.0,no_children,protestant,0.5,other_regions,type_1,,1.0,1.0,1.0,1.0,0.0,0.0,1.0,adq,bloc,1.0,1.0,1.0,0.0,0.5,1.0,0.67,0.0,1.0,0.0,1.0,0.67,1.0,adq,conservative,0.2,0.4,0.8,,0.4,0.5,0.5,0.5,,,0.7,0.8,0.0,1.0,0.0,0.67,1.0,0.33,0.67,0.33,1.0,0.0,1.0,1.0,1.0,0.0,,1.0,1.0,0.2,0.6,0.6,0.6,0.6,0.6,0.6,0.6,0.17,0.17,0.67
478,0.8632587194442749,female,60.0,55_64,french,canadian_quebecois,high_school,under_20k,employed,9,1.0,widowed,1.0,5_plus_persons,1.0,no_children,other_christian,0.0,monteregie,type_1,,1.0,0.67,1.0,1.0,1.0,1.0,1.0,plq,ndp,1.0,1.0,1.0,0.0,0.5,1.0,1.0,0.0,1.0,0.0,,0.33,,pq,,0.0,0.6,0.5,,0.5,0.0,0.5,0.5,,,0.5,1.0,1.0,1.0,0.0,0.67,1.0,1.0,0.67,0.0,1.0,1.0,0.0,0.33,1.0,1.0,0.6,0.6,,0.6,,0.6,0.6,0.6,0.6,0.6,0.6,0.17,0.17,0.67
479,0.3228451609611511,female,72.0,65_plus,french,canadian_quebecois,bachelor,40k_to_60k,self_employed,3,1.0,divorced_separated,0.0,1_person,1.0,no_children,protestant,1.0,other_regions,type_1,,1.0,1.0,0.67,1.0,1.0,1.0,1.0,plq,ndp,1.0,1.0,1.0,1.0,1.0,0.67,0.67,0.67,1.0,0.0,1.0,0.67,1.0,pq,,0.0,1.0,0.05,0.1,0.1,0.3,0.7,0.5,0.1,0.15,1.0,0.8,1.0,0.0,1.0,1.0,1.0,0.33,0.33,0.67,1.0,1.0,0.0,1.0,1.0,0.0,0.8,0.8,1.0,0.8,0.8,0.6,0.8,0.8,0.8,1.0,0.8,1.0,0.83,0.67
480,0.3720875084400177,female,30.0,25_34,french,canadian_quebecois,bachelor,80k_to_100k,employed,3,1.0,widowed,1.0,5_plus_persons,0.0,no_children,catholic,1.0,monteregie,type_1,,1.0,1.0,0.67,0.67,1.0,0.67,1.0,adq,liberal,0.33,1.0,1.0,0.33,0.5,0.33,0.33,0.67,0.0,,0.0,0.33,1.0,plq,,1.0,0.1,0.0,0.1,0.1,1.0,0.25,0.0,0.1,0.1,0.1,0.75,1.0,1.0,0.0,0.67,0.67,0.33,1.0,1.0,0.33,0.0,0.67,0.67,0.67,0.33,1.0,1.0,1.0,1.0,1.0,1.0,1.0,1.0,1.0,1.0,1.0,1.0,1.0,1.0
481,0.2219046652317047,male,47.0,45_54,french,canadian_quebecois,bachelor,over_150k,employed,3,1.0,divorced_separated,1.0,2_persons,0.0,children_under_18,other_christian,0.5,,type_1,,0.67,0.67,0.0,1.0,1.0,0.0,1.0,plq,ndp,0.0,0.75,0.67,0.0,0.5,1.0,1.0,0.67,0.0,0.0,1.0,0.67,1.0,,,0.4,0.4,0.75,,0.5,0.4,0.5,0.6,0.5,0.6,0.2,0.8,0.0,1.0,0.0,0.67,0.67,0.67,0.33,0.67,1.0,0.33,0.67,1.0,0.67,1.0,1.0,0.8,1.0,0.2,0.6,0.6,0.8,0.8,0.6,1.0,0.6,1.0,0.67,0.67
482,0.9693608283996582,female,29.0,25_34,french,canadian_quebecois,bachelor,20k_to_40k,employed,16,1.0,widowed,1.0,3_4_persons,,no_children,no_religion,0.5,eastern_quebec,type_1,,0.67,0.67,0.33,1.0,0.67,0.33,1.0,plq,,0.67,0.5,0.33,0.33,1.0,0.67,1.0,0.33,1.0,0.0,1.0,0.33,0.0,other,conservative,0.1,0.7,0.0,,0.9,0.3,0.7,0.5,,,0.1,0.5,0.0,1.0,0.67,1.0,1.0,0.67,0.33,0.67,1.0,0.0,0.33,0.67,0.33,0.33,,,,,,,0.8,0.8,0.8,,,0.17,0.17,0.17
483,0.3372038602828979,male,41.0,35_44,french,canadian_quebecois,high_school,100k_to_120k,employed,3,1.0,widowed,1.0,3_4_persons,0.0,children_under_18,other_christian,0.5,montreal,type_1,,1.0,1.0,0.33,0.67,1.0,0.67,1.0,qs,liberal,1.0,0.75,0.33,0.33,0.5,0.33,0.67,0.33,1.0,0.0,0.0,0.67,1.0,adq,liberal,0.6,0.4,0.75,0.25,0.25,0.5,0.4,0.75,0.25,0.25,0.4,0.8,0.0,1.0,0.0,0.67,1.0,0.67,1.0,1.0,0.33,1.0,0.67,0.67,0.67,0.33,1.0,1.0,1.0,0.8,0.6,0.6,1.0,0.8,1.0,1.0,0.6,1.0,0.67,0.67
484,0.3281298279762268,male,34.0,25_34,french,canadian_quebecois,bachelor,80k_to_100k,employed,3,1.0,widowed,1.0,5_plus_persons,0.0,children_under_18,other_christian,1.0,quebec_city,type_1,,0.33,1.0,0.67,0.67,0.67,0.67,1.0,pq,liberal,0.33,0.75,0.67,0.33,0.5,0.67,0.67,0.33,1.0,0.0,0.0,0.33,1.0,adq,green,0.4,0.4,0.7,0.2,0.3,0.4,0.0,0.8,0.0,,0.4,0.75,0.0,1.0,0.0,1.0,0.33,0.67,0.67,1.0,1.0,0.33,1.0,0.67,0.67,0.33,0.6,0.8,0.6,1.0,0.8,0.6,0.6,0.6,0.6,0.6,0.6,1.0,0.67,0.67
485,1.3458575010299685,female,36.0,35_44,english,canadian_quebecois,college_cegep,20k_to_40k,employed,16,0.0,widowed,,,0.0,children_18_plus,,,monteregie,type_1,0.0,1.0,1.0,1.0,1.0,1.0,1.0,0.0,other,liberal,0.33,1.0,1.0,1.0,0.5,1.0,1.0,0.33,1.0,1.0,1.0,0.67,1.0,,,0.4,0.3,0.5,0.1,0.1,0.4,0.2,0.2,0.2,0.2,0.5,0.6,0.0,1.0,0.0,0.67,0.67,0.67,0.33,0.0,1.0,0.67,0.67,0.67,1.0,0.0,,,,,,,0.8,0.8,1.0,,1.0,1.0,,
486,1.097648024559021,male,58.0,55_64,french,canadian_quebecois,college_cegep,40k_to_60k,employed,2,1.0,divorced_separated,0.0,3_4_persons,1.0,no_children,catholic,0.5,montreal,type_1,,1.0,0.67,0.33,0.67,0.67,0.33,1.0,plq,ndp,0.67,0.75,0.33,0.33,0.5,0.67,0.0,0.67,1.0,0.0,0.0,0.67,0.0,plq,ndp,0.6,0.1,0.5,0.05,0.05,0.5,0.2,0.45,0.05,0.05,0.0,0.75,0.0,1.0,1.0,1.0,1.0,0.0,1.0,1.0,1.0,1.0,0.0,1.0,1.0,0.0,1.0,1.0,1.0,0.2,1.0,1.0,1.0,0.8,1.0,1.0,0.6,1.0,0.0,0.67
487,1.3925409317016602,male,41.0,35_44,french,canadian_quebecois,bachelor,,employed,16,1.0,divorced_separated,1.0,5_plus_persons,0.0,children_under_18,protestant,0.5,montreal,type_1,,0.67,0.33,0.67,0.67,1.0,0.33,1.0,adq,liberal,0.0,0.75,0.0,0.0,,0.67,0.67,0.33,,0.0,1.0,0.33,0.0,adq,conservative,0.1,0.45,0.5,0.35,0.35,0.3,0.55,0.4,0.2,,0.5,0.7,0.0,1.0,0.33,1.0,0.67,1.0,0.67,0.33,1.0,0.0,0.0,0.67,1.0,0.33,,0.8,,,,,0.8,0.8,,1.0,0.8,1.0,0.83,0.67
488,0.212483525276184,female,60.0,55_64,french,canadian_quebecois,high_school,20k_to_40k,self_employed,3,1.0,widowed,1.0,5_plus_persons,0.0,children_under_18,protestant,0.5,other_regions,type_1,,0.67,1.0,0.67,0.67,0.67,0.33,1.0,adq,liberal,0.67,0.75,0.67,0.67,1.0,0.33,1.0,0.0,1.0,0.0,1.0,0.67,0.0,pq,green,0.4,0.9,0.4,0.2,0.85,0.2,0.75,0.4,0.45,0.5,0.9,0.8,1.0,,0.0,0.67,0.33,0.33,0.33,0.67,1.0,0.33,0.0,0.67,0.67,0.0,0.8,0.8,0.8,0.2,0.8,0.8,0.8,0.8,0.8,0.8,0.8,0.83,0.83,0.67
489,0.5535573959350586,female,62.0,55_64,french,canadian_quebecois,college_cegep,100k_to_120k,employed,16,1.0,widowed,1.0,,,children_under_18,,,eastern_quebec,type_1,0.0,1.0,1.0,0.67,1.0,0.67,0.0,1.0,pq,bloc,0.67,0.75,0.67,0.0,1.0,0.67,0.67,0.0,0.0,,1.0,0.33,1.0,pq,green,0.4,0.7,0.3,0.8,0.8,0.4,0.7,0.4,0.6,0.7,0.9,0.7,0.0,1.0,0.0,0.67,1.0,0.33,1.0,0.0,1.0,0.0,0.0,1.0,1.0,0.33,,0.8,0.8,0.2,0.4,0.4,0.4,0.8,0.8,,0.4,0.17,0.33,0.5
490,0.3823769092559814,female,43.0,35_44,french,canadian_quebecois,college_cegep,60k_to_80k,employed,3,1.0,widowed,1.0,3_4_persons,0.0,no_children,other_christian,0.5,quebec_city,type_1,,0.67,1.0,0.33,0.67,0.67,0.67,1.0,pq,liberal,0.67,1.0,1.0,1.0,1.0,0.33,0.67,0.33,1.0,0.0,0.0,0.33,1.0,adq,green,0.4,0.0,0.7,0.1,0.6,0.4,0.0,0.7,0.4,0.4,0.0,0.7,0.0,0.0,0.33,0.67,0.67,0.33,0.33,1.0,1.0,0.67,0.67,0.33,0.0,0.0,0.6,0.6,0.6,0.6,0.6,0.6,0.6,0.8,0.6,0.6,0.6,1.0,0.67,0.67
491,0.284705102443695,male,65.0,55_64,french,canadian_quebecois,high_school,40k_to_60k,employed,3,1.0,widowed,1.0,2_persons,0.0,children_under_18,,,quebec_city,type_1,1.0,1.0,1.0,1.0,0.67,1.0,1.0,1.0,plq,ndp,1.0,1.0,1.0,0.67,1.0,0.67,1.0,0.33,1.0,0.0,1.0,0.67,0.0,adq,conservative,0.25,0.5,0.7,0.0,0.0,0.15,0.25,0.7,,0.0,0.7,0.65,0.0,1.0,0.33,0.67,0.33,0.0,0.67,0.67,1.0,0.0,0.0,0.0,0.67,0.0,0.6,0.6,,0.6,,0.6,0.6,0.8,0.6,,0.6,0.67,0.67,0.67
492,0.3281298279762268,male,25.0,18_24,french,canadian_quebecois,bachelor,over_150k,employed,3,1.0,common_law,1.0,2_persons,0.0,no_children,catholic,0.0,quebec_city,type_1,,0.67,0.67,0.33,0.67,0.33,0.0,1.0,adq,liberal,0.0,0.5,0.0,0.0,0.5,0.33,0.67,0.33,1.0,0.0,1.0,0.67,1.0,plq,ndp,0.6,0.25,0.45,0.03,0.0,0.4,0.05,0.8,,,0.25,0.75,1.0,1.0,0.0,0.67,0.67,0.33,0.33,0.33,1.0,0.0,0.67,0.67,0.67,0.33,1.0,1.0,0.6,1.0,1.0,0.8,0.6,0.8,0.6,1.0,0.6,1.0,0.67,0.67
493,0.1873806416988372,male,59.0,55_64,french,canadian_quebecois,college_cegep,40k_to_60k,unemployed,3,1.0,divorced_separated,0.0,2_persons,1.0,children_under_18,other_christian,0.5,,type_1,,0.67,0.67,0.33,0.67,0.67,1.0,1.0,plq,bloc,0.33,0.75,0.33,1.0,0.5,0.67,1.0,0.0,1.0,0.0,1.0,0.33,1.0,,,0.0,0.0,0.9,0.0,0.3,0.1,0.0,0.95,0.0,0.3,0.5,0.5,0.0,1.0,0.0,0.67,0.67,0.33,0.33,1.0,1.0,0.67,1.0,0.67,0.67,0.0,0.6,0.6,0.6,0.6,0.6,0.6,0.6,0.6,0.6,0.6,0.6,0.17,0.67,0.67
494,0.2219046652317047,male,48.0,45_54,french,canadian_quebecois,graduate,over_150k,employed,12,1.0,common_law,1.0,3_4_persons,0.0,both,,,,type_1,1.0,0.33,0.33,0.0,0.67,0.67,0.33,1.0,plq,ndp,0.0,0.0,0.0,0.67,,0.0,0.0,0.67,,,0.0,0.67,1.0,,,0.7,0.7,0.6,0.65,0.6,0.65,0.65,0.6,0.7,0.7,0.8,0.8,1.0,1.0,0.33,1.0,1.0,0.0,1.0,0.33,1.0,0.0,0.67,0.67,0.67,0.33,1.0,0.8,1.0,0.2,0.8,0.6,0.8,0.8,1.0,1.0,0.6,0.83,0.5,0.5
495,0.5535573959350586,female,59.0,55_64,french,canadian_quebecois,college_cegep,over_150k,self_employed,16,1.0,widowed,1.0,5_plus_persons,0.0,no_children,other_christian,0.5,quebec_city,type_1,,1.0,0.67,0.33,1.0,1.0,0.67,1.0,adq,liberal,0.67,0.75,0.67,1.0,0.5,0.67,0.67,0.33,1.0,0.0,1.0,0.33,1.0,adq,liberal,0.6,0.5,0.8,0.0,0.3,0.7,0.2,0.8,0.1,0.4,0.1,0.9,0.0,1.0,0.0,0.67,1.0,0.0,0.33,0.33,1.0,0.33,1.0,0.33,0.67,0.33,1.0,1.0,0.6,0.2,0.6,0.6,0.6,0.6,0.6,0.6,0.6,1.0,0.67,0.67
496,0.9961626529693604,female,42.0,35_44,french,canadian_quebecois,bachelor,40k_to_60k,employed,15,1.0,divorced_separated,,3_4_persons,0.0,children_under_18,,,other,type_1,1.0,1.0,1.0,0.33,1.0,1.0,1.0,1.0,adq,bloc,0.67,0.75,0.33,0.33,0.5,,0.67,0.33,1.0,1.0,1.0,0.0,1.0,adq,,0.2,0.2,0.5,,,0.2,0.2,0.2,,,0.0,0.5,0.0,1.0,0.0,0.0,0.67,0.67,0.33,0.0,1.0,0.67,0.33,0.33,0.67,0.33,,,,0.6,,,,,0.6,,,0.67,0.67,0.17
497,0.8410736918449402,female,76.0,65_plus,french,canadian_quebecois,college_cegep,,self_employed,16,1.0,single,0.0,1_person,1.0,no_children,protestant,0.5,montreal,type_1,,1.0,1.0,0.67,1.0,1.0,1.0,1.0,adq,liberal,1.0,1.0,1.0,1.0,1.0,1.0,1.0,0.33,0.0,0.0,0.0,0.67,1.0,pq,liberal,0.35,0.75,0.6,0.4,,0.6,0.4,0.75,0.35,,0.25,0.5,0.0,1.0,0.67,0.67,1.0,0.0,0.67,0.0,1.0,0.33,0.0,1.0,1.0,0.0,0.8,0.8,0.8,0.6,1.0,0.6,1.0,0.8,0.6,1.0,0.6,1.0,1.0,1.0
498,1.3925409317016602,male,40.0,35_44,french,canadian_quebecois,graduate,over_150k,employed,6,1.0,divorced_separated,1.0,3_4_persons,0.0,children_under_18,catholic,0.5,monteregie,type_1,,0.33,0.0,0.0,0.0,0.0,0.0,0.0,pq,ndp,0.0,0.0,0.0,0.33,0.0,0.33,0.33,1.0,,0.0,0.0,1.0,1.0,,,0.5,0.5,0.5,0.5,0.5,0.5,0.5,0.5,0.5,,0.5,0.5,1.0,1.0,0.33,0.67,1.0,1.0,0.33,1.0,0.33,1.0,1.0,0.33,0.33,1.0,1.0,1.0,1.0,1.0,1.0,1.0,1.0,1.0,1.0,1.0,1.0,1.0,1.0,1.0
499,1.049834966659546,female,59.0,55_64,french,canadian_quebecois,college_cegep,80k_to_100k,employed,26,1.0,widowed,1.0,5_plus_persons,1.0,no_children,protestant,1.0,other,type_1,,1.0,1.0,0.67,1.0,0.33,0.0,1.0,adq,liberal,1.0,1.0,0.0,1.0,1.0,,1.0,0.0,1.0,0.0,,0.0,1.0,pq,ndp,0.0,0.9,0.6,,,0.2,0.95,0.75,0.25,,0.2,0.7,0.0,,0.33,0.67,0.33,0.67,0.33,0.67,1.0,0.67,0.0,0.67,0.0,0.0,,0.8,0.8,0.8,,1.0,0.8,0.8,0.8,,0.6,,,0.67
500,0.9124647378921508,female,51.0,45_54,french,canadian_quebecois,high_school,20k_to_40k,homemaker,32,1.0,married,1.0,2_persons,0.0,children_under_18,protestant,0.5,quebec_city,type_1,,1.0,1.0,0.33,1.0,0.67,0.0,1.0,plq,bloc,0.67,1.0,1.0,0.33,1.0,0.67,0.67,0.33,0.0,0.0,0.0,1.0,1.0,pq,ndp,0.5,0.9,0.8,0.9,0.7,0.5,0.8,0.7,0.9,0.7,0.5,0.7,1.0,0.0,0.67,0.67,1.0,0.33,0.33,0.67,1.0,0.67,0.0,0.67,0.67,0.67,0.8,0.8,0.6,0.2,0.4,0.4,0.8,0.8,0.6,0.8,0.6,0.5,0.67,0.67
501,0.2219046652317047,male,46.0,45_54,french,canadian_quebecois,bachelor,100k_to_120k,employed,3,1.0,widowed,0.0,5_plus_persons,1.0,children_under_18,other_christian,0.5,quebec_city,type_1,,1.0,1.0,1.0,0.67,1.0,0.67,1.0,adq,bloc,0.67,1.0,1.0,0.67,0.5,0.67,1.0,0.0,1.0,0.0,1.0,0.67,1.0,,,0.5,0.0,0.5,0.25,0.25,0.8,0.25,0.8,0.5,0.25,0.0,0.8,1.0,0.0,0.0,0.67,0.67,1.0,0.33,1.0,0.33,0.0,1.0,0.0,0.0,0.0,,,0.6,0.2,,0.6,0.6,1.0,0.6,0.6,0.6,0.67,0.67,0.67
502,0.9124647378921508,female,45.0,35_44,french,canadian_quebecois,college_cegep,over_150k,employed,4,1.0,common_law,1.0,3_4_persons,0.0,children_under_18,,,,type_1,,1.0,1.0,0.67,0.67,0.67,0.33,0.0,plq,ndp,0.0,0.75,0.67,0.33,0.5,0.33,0.33,0.33,,0.0,,0.67,1.0,,,,,,,,0.8,0.8,0.8,0.8,,0.3,0.8,0.0,1.0,0.0,,0.67,0.33,0.33,1.0,1.0,,0.67,0.67,0.67,0.67,1.0,,,0.2,,,1.0,0.8,1.0,1.0,,1.0,,0.67
503,0.6555481553077698,female,54.0,45_54,french,canadian_quebecois,college_cegep,60k_to_80k,homemaker,6,1.0,divorced_separated,1.0,2_persons,0.0,no_children,protestant,0.5,other_regions,type_1,,0.67,1.0,0.0,0.33,0.67,0.0,1.0,adq,liberal,0.67,0.75,0.33,0.33,1.0,1.0,0.67,0.0,0.0,,1.0,0.33,1.0,pq,,0.1,0.75,0.0,0.6,0.3,0.0,0.6,0.0,0.75,0.15,0.8,0.8,0.0,1.0,0.0,1.0,1.0,0.0,0.33,0.67,1.0,0.0,0.0,0.0,1.0,0.33,,0.8,0.8,0.8,0.4,0.8,0.8,0.8,0.8,0.8,0.4,1.0,0.5,0.83
504,1.6677639484405518,male,79.0,65_plus,french,canadian_quebecois,elementary,under_20k,self_employed,2,1.0,common_law,1.0,5_plus_persons,1.0,no_children,protestant,1.0,montreal,type_1,,1.0,0.33,0.67,1.0,1.0,1.0,1.0,adq,liberal,1.0,0.75,0.67,1.0,1.0,0.67,1.0,0.33,0.0,,1.0,0.67,1.0,pq,,0.0,1.0,0.5,0.6,,0.0,0.5,0.5,0.5,,0.8,0.8,0.0,1.0,1.0,1.0,1.0,0.0,0.67,0.67,1.0,0.0,0.0,1.0,1.0,1.0,0.8,0.6,,0.8,0.8,0.8,0.8,0.8,0.8,0.6,0.8,0.67,0.67,0.67
505,0.9124647378921508,female,49.0,45_54,french,canadian_quebecois,college_cegep,20k_to_40k,employed,5,1.0,common_law,0.0,2_persons,0.0,no_children,catholic,0.0,quebec_city,type_1,,1.0,0.67,0.67,0.67,1.0,0.67,1.0,plq,ndp,0.67,0.75,0.67,1.0,0.5,0.33,0.33,0.33,1.0,0.0,0.0,0.67,1.0,plq,ndp,0.75,0.25,0.5,,,0.65,0.25,0.5,,,0.5,0.5,0.0,0.0,0.0,0.67,1.0,0.33,0.33,0.33,1.0,0.33,0.0,0.33,1.0,0.0,1.0,1.0,1.0,1.0,1.0,1.0,1.0,1.0,1.0,1.0,1.0,1.0,1.0,0.67
506,1.6796976327896118,female,46.0,45_54,english,canadian_quebecois,college_cegep,under_20k,homemaker,8,1.0,married,1.0,2_persons,0.0,children_under_18,other_christian,0.5,other_regions,type_1,,1.0,0.67,1.0,0.67,0.67,0.67,1.0,plq,conservative,0.67,1.0,0.67,0.33,1.0,0.67,0.67,0.33,0.0,0.0,1.0,0.67,0.0,adq,conservative,0.4,0.6,0.9,0.3,0.3,0.4,0.6,0.95,0.3,,0.49,0.7,1.0,1.0,0.33,0.67,0.67,0.33,0.67,0.33,1.0,0.67,0.67,0.67,0.67,0.33,0.6,0.6,,0.6,0.6,0.6,0.6,0.6,0.6,0.6,0.6,0.17,0.67,0.67
507,0.284705102443695,male,65.0,55_64,french,canadian_quebecois,bachelor,over_150k,employed,3,1.0,married,0.0,3_4_persons,1.0,children_18_plus,catholic,0.0,quebec_city,type_1,,0.67,0.67,0.67,1.0,1.0,0.33,1.0,plq,ndp,0.0,0.75,0.67,0.0,0.5,0.0,0.0,0.33,1.0,,0.0,1.0,0.0,plq,ndp,0.8,0.2,0.5,0.15,0.1,0.8,0.1,0.6,0.15,,0.03,0.8,1.0,1.0,0.0,0.67,1.0,0.0,0.33,1.0,1.0,0.33,1.0,1.0,1.0,0.33,1.0,1.0,1.0,1.0,1.0,1.0,1.0,1.0,1.0,1.0,0.6,1.0,1.0,0.67
508,3.1007821559906006,male,65.0,55_64,other,other,elementary,20k_to_40k,self_employed,6,,single,0.0,1_person,1.0,no_children,catholic,0.5,,type_1,,1.0,0.0,0.0,0.67,0.67,1.0,1.0,plq,ndp,0.67,1.0,1.0,1.0,0.5,0.67,0.67,0.33,1.0,0.0,0.0,0.67,1.0,,,1.0,0.25,0.75,0.0,0.0,1.0,0.0,0.5,0.0,0.0,0.25,0.05,1.0,1.0,0.0,1.0,0.0,0.33,1.0,1.0,0.67,0.0,0.0,1.0,1.0,0.0,1.0,1.0,,,1.0,1.0,,0.8,0.8,,1.0,1.0,1.0,1.0
509,2.218165874481201,female,,,other,canadian_quebecois,graduate,,employed,13,1.0,divorced_separated,,1_person,1.0,children_18_plus,catholic,0.5,montreal,type_1,,0.0,0.0,0.33,0.67,0.67,0.33,1.0,plq,ndp,1.0,1.0,1.0,0.67,0.5,0.33,0.33,0.67,,0.0,0.0,0.67,1.0,plq,ndp,0.9,0.5,0.5,0.2,0.2,0.9,0.5,0.5,0.5,0.8,0.7,0.9,1.0,1.0,0.0,0.67,1.0,0.0,0.33,1.0,0.33,0.0,0.67,1.0,1.0,1.0,1.0,1.0,1.0,0.6,1.0,1.0,1.0,0.6,1.0,1.0,1.0,1.0,1.0,0.67
510,1.690662503242493,male,29.0,25_34,french,canadian_quebecois,high_school,60k_to_80k,employed,24,1.0,widowed,1.0,5_plus_persons,0.0,no_children,other_christian,0.5,other_regions,type_1,,0.67,1.0,0.33,1.0,,0.67,1.0,plq,ndp,0.67,1.0,1.0,1.0,1.0,1.0,1.0,0.33,1.0,0.0,1.0,0.0,0.0,adq,conservative,0.1,0.5,0.8,0.03,0.0,0.0,0.39,0.7,0.02,0.04,0.0,0.8,1.0,1.0,0.67,1.0,0.67,1.0,0.33,0.33,0.67,1.0,1.0,0.0,0.0,0.0,0.6,0.8,0.6,0.6,0.6,0.6,0.8,0.8,0.6,0.8,0.6,0.67,0.83,0.67
511,1.097648024559021,male,60.0,55_64,french,canadian_quebecois,college_cegep,20k_to_40k,employed,2,1.0,divorced_separated,1.0,3_4_persons,1.0,no_children,catholic,0.5,quebec_city,type_1,,1.0,0.67,1.0,1.0,1.0,0.67,1.0,plq,ndp,0.67,1.0,1.0,0.67,0.5,0.67,1.0,0.33,1.0,0.0,1.0,0.67,1.0,plq,ndp,0.7,0.0,0.5,,,0.7,0.0,0.5,0.0,0.0,0.3,0.6,1.0,0.0,0.0,1.0,1.0,0.67,0.33,1.0,0.33,1.0,1.0,1.0,1.0,1.0,1.0,1.0,1.0,1.0,1.0,1.0,1.0,1.0,1.0,1.0,1.0,1.0,1.0,0.67
512,2.416813850402832,male,54.0,45_54,other,other,bachelor,40k_to_60k,employed,6,,widowed,0.0,3_4_persons,1.0,no_children,catholic,0.5,montreal,type_1,,0.67,0.67,1.0,1.0,1.0,0.67,1.0,adq,liberal,0.67,0.0,0.67,1.0,0.5,0.33,0.67,0.67,0.0,0.0,0.0,0.67,1.0,plq,ndp,0.6,0.1,0.4,0.05,0.2,0.4,0.05,0.5,0.1,,0.2,0.6,1.0,1.0,0.0,1.0,1.0,0.0,1.0,1.0,0.33,0.0,0.33,0.33,0.0,0.67,1.0,0.6,1.0,1.0,0.6,0.6,1.0,1.0,1.0,1.0,0.6,1.0,0.67,0.67
513,0.9163962006568908,male,46.0,45_54,french,canadian_quebecois,bachelor,over_150k,employed,15,0.0,widowed,,3_4_persons,0.0,no_children,catholic,0.5,montreal,type_1,,0.67,0.33,1.0,0.67,1.0,0.67,1.0,plq,other,1.0,1.0,0.33,0.0,0.5,0.33,0.33,0.67,0.0,0.0,0.0,0.67,0.0,plq,ndp,0.5,0.1,0.4,,0.2,0.5,0.2,0.7,,,0.0,0.7,1.0,0.0,0.0,1.0,1.0,0.0,1.0,1.0,1.0,0.33,1.0,0.67,1.0,0.33,1.0,1.0,1.0,0.2,0.8,0.6,0.6,0.8,,1.0,0.6,0.67,0.67,
514,1.022304654121399,female,46.0,45_54,french,canadian_quebecois,college_cegep,20k_to_40k,employed,1,1.0,widowed,1.0,3_4_persons,0.0,children_under_18,,,other_regions,type_1,0.0,1.0,0.67,0.67,1.0,1.0,0.0,1.0,plq,conservative,1.0,0.75,0.67,0.0,1.0,0.67,0.67,0.33,1.0,1.0,1.0,0.67,1.0,plq,ndp,0.5,0.1,0.5,,1.0,0.0,0.5,0.5,,,0.0,1.0,0.0,1.0,0.33,0.67,0.67,1.0,0.67,0.67,1.0,1.0,1.0,1.0,0.0,0.33,0.6,0.6,0.6,0.6,0.6,0.6,0.6,0.6,0.6,,,0.17,0.17,0.17
515,1.1068066358566284,male,54.0,45_54,french,canadian_quebecois,high_school,80k_to_100k,employed,32,1.0,married,1.0,1_person,1.0,no_children,protestant,0.5,other_regions,type_1,,1.0,1.0,1.0,0.67,0.67,0.67,1.0,plq,ndp,0.67,1.0,1.0,0.67,0.5,0.67,1.0,0.33,1.0,0.0,1.0,0.67,0.0,pq,ndp,0.05,0.8,0.9,0.0,0.0,0.1,0.7,0.9,0.0,0.0,0.8,0.6,0.0,1.0,1.0,1.0,1.0,0.33,0.33,0.33,1.0,1.0,1.0,0.0,1.0,0.0,0.6,0.8,0.8,0.6,0.6,0.8,0.8,0.6,0.8,1.0,0.6,0.67,0.67,0.83
516,0.3823769092559814,female,36.0,35_44,french,canadian_quebecois,bachelor,40k_to_60k,employed,12,1.0,common_law,0.0,5_plus_persons,0.0,children_under_18,,,outaouais,type_1,1.0,1.0,1.0,0.33,0.67,0.67,1.0,1.0,adq,liberal,0.67,0.75,0.67,0.33,0.5,0.67,0.67,0.67,1.0,0.0,0.0,0.67,1.0,plq,ndp,0.8,0.4,0.7,0.5,,0.8,0.65,0.8,0.5,,0.3,,1.0,1.0,0.0,0.67,0.67,0.0,0.33,0.0,1.0,0.67,0.67,0.67,0.67,0.0,1.0,0.6,,1.0,0.4,1.0,1.0,,0.6,1.0,0.6,1.0,0.0,0.67
517,0.1873806416988372,male,64.0,55_64,french,canadian_quebecois,graduate,under_20k,self_employed,12,1.0,single,0.0,1_person,1.0,children_18_plus,other_christian,1.0,quebec_city,type_1,,1.0,1.0,0.67,1.0,0.67,0.67,1.0,adq,liberal,0.67,1.0,1.0,0.67,0.5,0.67,0.33,0.67,1.0,,0.0,0.67,0.0,adq,liberal,0.7,0.0,0.85,,0.8,0.5,0.0,0.8,0.5,0.4,0.3,0.7,0.0,1.0,0.0,0.67,1.0,0.33,0.33,1.0,1.0,1.0,1.0,1.0,1.0,0.0,0.6,0.6,0.6,0.6,0.6,0.6,0.6,0.6,0.6,0.6,0.6,1.0,0.67,0.67
518,0.9961626529693604,female,39.0,35_44,french,canadian_quebecois,bachelor,80k_to_100k,employed,15,1.0,divorced_separated,1.0,3_4_persons,1.0,no_children,other_christian,0.5,other_regions,type_1,,1.0,1.0,0.67,1.0,0.67,0.0,1.0,plq,conservative,0.67,1.0,1.0,0.67,1.0,1.0,0.67,0.0,1.0,1.0,1.0,1.0,0.0,adq,,0.1,0.2,0.8,,0.7,0.0,0.2,0.8,,,0.5,0.3,0.0,1.0,0.33,0.67,0.67,1.0,0.67,0.67,1.0,0.0,0.33,0.33,0.0,0.0,0.6,0.6,,0.2,,0.6,0.8,0.8,,,0.6,0.67,0.67,0.67
519,0.3372038602828979,male,38.0,35_44,french,canadian_quebecois,graduate,over_150k,employed,3,1.0,divorced_separated,1.0,1_person,1.0,both,other_christian,0.5,quebec_city,type_1,,1.0,1.0,0.67,0.67,1.0,0.67,1.0,qs,liberal,0.67,0.75,1.0,1.0,0.5,1.0,0.67,0.33,1.0,0.0,1.0,0.33,1.0,adq,liberal,0.8,0.5,0.9,0.0,0.75,0.8,0.6,0.85,0.0,0.7,0.0,1.0,0.0,1.0,0.0,1.0,0.0,0.67,0.33,0.33,1.0,0.0,1.0,1.0,1.0,0.67,1.0,0.6,1.0,0.2,0.6,0.6,1.0,0.8,0.6,0.6,0.4,1.0,0.67,0.67
520,0.9163962006568908,male,49.0,45_54,french,canadian_quebecois,bachelor,under_20k,employed,6,1.0,widowed,1.0,5_plus_persons,0.0,children_18_plus,protestant,0.5,other_regions,type_1,,0.67,1.0,1.0,1.0,1.0,0.33,1.0,adq,conservative,1.0,1.0,1.0,0.33,1.0,0.33,0.33,0.67,0.0,0.0,,0.67,,pq,bloc,0.2,0.8,0.0,0.8,0.8,0.2,0.8,0.1,0.8,0.8,0.8,0.7,0.0,1.0,0.33,,0.67,0.0,1.0,0.67,1.0,0.33,0.33,0.67,0.67,0.33,0.8,0.8,,0.2,0.4,,0.8,0.8,0.8,0.8,0.8,,,
521,0.3228451609611511,female,65.0,55_64,french,canadian_quebecois,college_cegep,20k_to_40k,self_employed,3,1.0,common_law,,3_4_persons,1.0,children_under_18,other_christian,0.5,quebec_city,type_1,,0.67,0.67,0.67,0.67,0.67,1.0,1.0,adq,liberal,1.0,0.75,1.0,1.0,0.5,0.33,0.67,0.33,1.0,0.0,1.0,0.33,1.0,adq,liberal,0.5,0.2,0.9,0.25,0.25,0.8,0.1,0.9,0.1,,0.2,0.7,0.0,,0.0,0.67,1.0,0.67,0.33,0.33,1.0,0.33,1.0,0.67,0.67,0.33,0.6,0.6,0.6,0.6,0.6,0.6,0.6,0.6,0.6,0.6,0.6,0.67,0.67,0.67
522,0.3823769092559814,female,38.0,35_44,french,canadian_quebecois,bachelor,40k_to_60k,employed,3,1.0,widowed,1.0,2_persons,0.0,children_18_plus,other_christian,1.0,quebec_city,type_1,,0.67,0.33,0.33,0.67,0.67,0.67,1.0,adq,conservative,1.0,0.75,1.0,0.67,0.5,1.0,1.0,0.33,1.0,0.0,0.0,0.67,1.0,adq,liberal,0.6,0.5,0.75,0.25,0.5,0.6,0.4,1.0,0.5,0.6,0.2,1.0,0.0,1.0,0.0,0.67,1.0,0.67,0.33,0.0,0.33,1.0,1.0,0.33,0.67,0.33,0.6,0.6,0.6,0.8,0.4,0.6,0.8,0.6,0.6,1.0,0.6,0.67,0.67,0.67
523,1.7374107837677002,male,42.0,35_44,french,canadian_quebecois,high_school,80k_to_100k,employed,26,1.0,widowed,1.0,3_4_persons,1.0,no_children,other_christian,0.5,other_regions,type_1,,0.67,0.67,1.0,1.0,1.0,0.0,1.0,plq,ndp,0.0,1.0,1.0,1.0,,1.0,1.0,0.0,1.0,0.0,1.0,0.67,0.0,adq,conservative,0.0,0.25,0.9,,0.1,0.0,0.0,1.0,0.1,0.1,0.5,0.5,1.0,1.0,0.0,0.67,1.0,1.0,0.33,0.33,1.0,0.33,0.67,0.67,0.67,0.33,0.6,0.6,0.6,0.2,0.6,0.6,0.6,0.6,0.6,0.6,0.6,0.67,0.67,0.67
524,0.8856703639030457,female,49.0,45_54,english,canadian_quebecois,bachelor,60k_to_80k,employed,6,0.0,divorced_separated,,2_persons,0.0,both,catholic,0.0,quebec_city,type_1,,1.0,1.0,0.67,0.67,0.33,0.67,1.0,adq,conservative,1.0,0.75,0.33,0.67,0.5,0.67,0.67,0.67,0.0,,0.0,0.67,0.0,plq,,0.6,0.2,0.5,0.3,0.3,0.65,0.4,0.5,,,0.6,0.5,0.0,1.0,0.0,1.0,0.67,0.33,1.0,1.0,1.0,0.33,0.67,1.0,0.67,0.33,1.0,1.0,1.0,0.6,1.0,0.6,0.8,0.8,1.0,1.0,0.6,1.0,0.67,1.0
525,1.3550678491592407,male,28.0,25_34,french,canadian_quebecois,high_school,over_150k,employed,6,1.0,widowed,1.0,5_plus_persons,1.0,no_children,protestant,0.0,other_regions,type_1,,1.0,1.0,0.0,1.0,0.0,0.0,1.0,plq,ndp,0.0,0.0,0.67,0.0,1.0,0.0,1.0,1.0,0.0,,1.0,0.33,0.0,pq,ndp,0.5,0.65,0.3,,0.6,0.0,0.5,0.2,0.3,,0.0,0.0,0.0,1.0,0.33,0.67,1.0,1.0,0.33,0.33,1.0,0.0,0.33,1.0,0.0,0.0,1.0,0.8,0.6,0.2,,0.8,0.8,0.8,0.8,,0.2,0.67,0.83,0.17
526,0.5535573959350586,female,59.0,55_64,french,canadian_quebecois,college_cegep,40k_to_60k,homemaker,16,1.0,common_law,1.0,3_4_persons,0.0,children_under_18,protestant,0.0,other_regions,type_1,,1.0,0.67,1.0,1.0,0.67,0.67,0.0,plq,ndp,1.0,0.75,1.0,1.0,1.0,0.67,0.67,0.67,1.0,0.0,,0.33,0.0,,,0.3,0.7,0.6,0.3,,0.6,0.6,0.65,,,0.7,0.8,,,0.33,,1.0,0.33,0.33,0.0,1.0,0.0,0.67,0.67,0.67,0.67,1.0,0.6,,0.8,0.6,0.6,0.8,0.8,0.8,1.0,0.6,0.17,0.17,0.67
527,0.6555481553077698,female,52.0,45_54,french,canadian_quebecois,high_school,20k_to_40k,employed,15,1.0,widowed,1.0,3_4_persons,0.0,no_children,,,other,type_1,0.0,1.0,1.0,0.67,1.0,1.0,0.67,1.0,plq,ndp,0.33,0.75,0.67,1.0,0.5,1.0,0.67,0.33,1.0,0.0,1.0,0.33,1.0,,,0.5,0.4,0.45,0.5,0.55,0.6,0.2,0.5,0.7,,0.2,0.8,0.0,1.0,0.0,1.0,0.67,0.67,0.33,0.0,1.0,1.0,0.67,0.33,0.33,0.33,0.6,1.0,0.6,0.6,0.8,1.0,0.8,0.8,0.6,0.6,1.0,0.67,0.67,1.0
528,0.9124647378921508,female,50.0,45_54,french,canadian_quebecois,college_cegep,40k_to_60k,employed,5,1.0,divorced_separated,0.0,3_4_persons,0.0,children_under_18,other_christian,0.5,quebec_city,type_1,,1.0,1.0,0.67,1.0,0.67,0.67,1.0,plq,ndp,0.67,1.0,1.0,0.67,0.5,0.67,0.67,0.33,1.0,0.0,0.0,0.33,0.0,adq,green,0.3,0.6,0.9,0.5,0.7,0.4,0.5,0.8,0.7,0.6,0.7,0.7,0.0,1.0,0.0,0.67,0.67,0.67,0.67,1.0,1.0,0.67,0.67,0.67,0.67,0.33,0.6,0.6,0.6,0.6,0.6,0.6,0.6,0.6,0.6,0.6,0.6,0.67,0.67,0.67
529,1.299885392189026,male,50.0,45_54,french,canadian_quebecois,college_cegep,over_150k,employed,9,1.0,married,0.0,1_person,0.0,children_under_18,protestant,0.0,montreal,type_1,,1.0,1.0,1.0,0.67,0.67,0.67,1.0,plq,conservative,0.67,1.0,1.0,0.67,1.0,1.0,1.0,0.67,0.0,0.0,1.0,0.67,0.0,pq,ndp,0.5,0.7,0.6,0.1,0.05,0.4,0.6,0.6,0.05,,0.75,0.4,0.0,1.0,0.0,1.0,1.0,0.67,0.67,0.33,1.0,0.0,0.0,1.0,0.67,0.0,0.6,0.6,0.6,0.6,0.8,0.8,0.6,0.8,0.8,1.0,0.6,1.0,0.67,0.67
530,0.3228451609611511,female,85.0,65_plus,french,canadian_quebecois,graduate,100k_to_120k,self_employed,3,1.0,divorced_separated,1.0,5_plus_persons,1.0,children_18_plus,protestant,0.5,,type_1,,1.0,1.0,0.33,1.0,1.0,0.33,1.0,pq,ndp,1.0,1.0,1.0,0.33,1.0,0.67,0.67,0.67,0.0,0.0,1.0,0.67,1.0,pq,,0.75,0.75,0.85,0.9,0.95,0.7,0.8,0.85,0.95,,0.8,0.95,0.0,1.0,0.33,1.0,,0.0,0.33,0.67,1.0,0.0,0.0,1.0,0.67,0.67,,0.8,1.0,0.2,0.4,0.6,0.8,0.8,,0.6,,,,0.67
531,0.3823769092559814,female,37.0,35_44,french,canadian_quebecois,bachelor,60k_to_80k,employed,3,1.0,common_law,1.0,2_persons,0.0,children_under_18,other_christian,0.5,quebec_city,type_1,,1.0,1.0,0.33,0.67,0.67,0.33,1.0,plq,conservative,0.33,0.5,0.67,0.33,0.5,1.0,0.67,0.33,1.0,0.0,1.0,0.33,1.0,adq,green,0.25,0.5,0.7,,0.5,0.2,0.5,0.85,0.2,0.25,0.4,0.8,1.0,1.0,0.33,0.67,1.0,0.33,0.33,0.33,1.0,1.0,1.0,0.33,0.67,0.0,0.6,0.6,0.6,0.2,,0.6,0.8,0.8,0.6,,0.6,0.17,0.67,0.67
532,0.6555481553077698,female,52.0,45_54,french,canadian_quebecois,college_cegep,20k_to_40k,employed,16,1.0,divorced_separated,1.0,5_plus_persons,0.0,no_children,other_christian,0.5,other_regions,type_1,,1.0,1.0,1.0,0.33,1.0,0.33,1.0,plq,ndp,0.0,1.0,1.0,0.0,1.0,0.0,1.0,0.33,1.0,0.0,1.0,0.33,1.0,adq,conservative,0.0,0.8,0.9,0.5,0.0,0.0,0.6,1.0,0.9,0.0,1.0,0.8,0.0,1.0,0.67,0.67,0.33,0.33,0.33,0.33,1.0,0.0,0.33,0.33,0.67,0.0,0.6,0.8,0.6,0.6,0.6,0.6,0.8,0.8,0.6,0.6,0.6,0.67,0.67,0.67
533,0.2219046652317047,male,46.0,45_54,french,canadian_quebecois,bachelor,over_150k,employed,3,1.0,widowed,1.0,3_4_persons,0.0,children_18_plus,protestant,0.5,quebec_city,type_1,,0.67,0.67,0.67,0.33,0.67,0.33,1.0,plq,ndp,0.67,0.75,0.67,0.0,1.0,0.67,0.67,0.67,0.0,,0.0,0.67,0.0,pq,bloc,0.6,0.8,0.5,0.7,0.75,0.45,0.7,0.4,0.65,0.8,0.5,0.7,1.0,1.0,0.67,0.67,0.33,0.67,0.33,0.67,1.0,0.33,0.67,0.33,0.33,0.33,0.8,0.8,0.8,0.8,0.8,0.8,0.8,0.8,0.8,0.8,0.4,1.0,0.67,0.67
534,1.97528612613678,male,43.0,35_44,french,canadian_quebecois,high_school,under_20k,employed,9,1.0,divorced_separated,0.0,2_persons,,children_under_18,other_christian,,monteregie,type_1,,1.0,1.0,1.0,0.67,1.0,1.0,1.0,,,0.67,1.0,1.0,1.0,0.5,0.67,,1.0,,0.0,,1.0,0.0,adq,conservative,0.7,1.0,,,,1.0,0.99,0.99,,0.7,0.0,1.0,0.0,1.0,0.67,1.0,0.67,0.67,0.33,0.33,0.33,1.0,,1.0,1.0,0.67,0.8,0.6,0.8,0.8,0.6,0.6,0.6,1.0,0.6,,,1.0,0.0,0.67
535,0.6555481553077698,female,47.0,45_54,french,canadian_quebecois,college_cegep,20k_to_40k,employed,14,1.0,widowed,,3_4_persons,0.0,children_under_18,protestant,0.5,other_regions,type_1,,1.0,1.0,0.0,1.0,1.0,0.33,1.0,plq,ndp,1.0,1.0,0.67,0.67,1.0,0.33,1.0,0.67,1.0,0.0,1.0,0.67,1.0,pq,,0.5,0.8,0.3,0.2,0.05,0.0,0.6,0.2,0.2,0.2,0.6,0.6,0.0,1.0,1.0,0.67,0.33,0.67,0.33,0.67,1.0,0.0,0.0,0.33,0.0,0.0,,0.8,0.4,0.8,0.4,0.6,0.8,0.8,1.0,,0.8,0.0,0.5,0.67
536,0.3281298279762268,male,26.0,25_34,french,canadian_quebecois,graduate,under_20k,retired,3,1.0,common_law,1.0,3_4_persons,0.0,no_children,other_christian,1.0,quebec_city,type_1,,1.0,1.0,0.67,1.0,0.67,0.67,1.0,qs,liberal,1.0,0.75,0.67,1.0,0.5,0.33,0.67,0.67,1.0,,0.0,0.67,1.0,adq,liberal,0.6,0.5,0.8,0.2,0.4,0.6,0.5,0.75,0.4,0.5,0.3,0.6,0.0,1.0,0.0,1.0,1.0,0.0,0.33,1.0,1.0,0.67,1.0,1.0,0.67,0.0,0.6,1.0,0.6,0.2,0.4,0.6,0.6,0.6,0.6,0.6,0.6,1.0,0.67,0.67
537,0.3823769092559814,female,43.0,35_44,french,canadian_quebecois,bachelor,,employed,3,1.0,divorced_separated,1.0,2_persons,1.0,no_children,other_christian,0.5,quebec_city,type_1,,0.67,0.67,0.33,1.0,0.67,0.33,1.0,qs,liberal,0.33,0.75,0.67,0.33,0.5,0.67,0.67,0.33,1.0,,1.0,0.67,1.0,adq,,0.52,0.0,1.0,0.0,0.5,0.5,0.0,1.0,0.1,0.5,0.0,0.5,0.0,1.0,0.0,0.67,0.0,0.33,0.33,1.0,0.33,0.67,0.67,0.67,0.67,0.0,0.6,0.6,0.6,0.6,0.6,0.6,0.6,0.8,0.6,,0.6,0.67,0.67,0.67
538,0.7705016136169434,female,60.0,55_64,french,canadian_quebecois,high_school,20k_to_40k,employed,4,1.0,common_law,0.0,1_person,1.0,children_under_18,protestant,0.5,other_regions,type_1,,1.0,1.0,0.67,1.0,0.67,0.67,1.0,plq,,0.67,1.0,0.67,0.67,1.0,0.67,1.0,0.67,1.0,1.0,1.0,0.33,1.0,plq,ndp,0.7,0.8,0.4,0.6,0.4,0.15,0.5,0.6,,0.3,0.5,0.4,0.0,1.0,0.67,1.0,0.67,0.67,1.0,0.33,1.0,0.0,0.33,1.0,0.67,0.33,0.8,0.6,0.8,0.6,0.8,0.6,0.8,0.6,0.8,0.6,0.8,1.0,0.67,0.67
539,1.3550678491592407,male,31.0,25_34,french,canadian_quebecois,graduate,over_150k,employed,6,1.0,widowed,1.0,5_plus_persons,0.0,children_under_18,catholic,0.5,quebec_city,type_1,,0.67,0.67,0.33,0.67,0.67,0.0,1.0,adq,,0.33,0.75,0.67,0.0,0.5,0.33,0.33,0.67,1.0,,0.0,1.0,1.0,plq,,0.85,0.1,0.4,0.0,0.4,0.6,0.3,0.4,0.0,0.4,0.2,0.8,1.0,0.0,0.0,1.0,1.0,0.0,0.67,0.33,1.0,0.0,0.67,1.0,1.0,1.0,1.0,1.0,,1.0,1.0,1.0,1.0,1.0,1.0,1.0,1.0,1.0,0.0,0.67
540,1.7374107837677002,male,42.0,35_44,french,,graduate,over_150k,employed,7,1.0,widowed,1.0,5_plus_persons,0.0,children_18_plus,,,outaouais,type_1,0.0,0.33,0.67,0.67,0.67,0.33,0.33,1.0,qs,conservative,1.0,0.5,0.67,0.33,,0.33,0.33,,,,,0.67,1.0,other,bloc,0.4,0.5,0.4,0.4,0.5,0.2,0.3,0.4,0.4,0.45,0.75,0.7,0.0,1.0,0.0,0.67,0.0,0.0,0.67,0.33,1.0,0.0,0.0,1.0,1.0,0.0,0.2,0.8,0.2,0.2,0.2,0.2,0.8,0.8,0.2,0.2,0.2,,0.0,0.5
541,0.2516313791275024,female,53.0,45_54,french,canadian_quebecois,college_cegep,,employed,12,1.0,widowed,1.0,3_4_persons,0.0,children_under_18,protestant,0.5,other,type_1,,0.67,1.0,0.67,0.67,0.33,0.33,1.0,plq,ndp,0.33,1.0,1.0,0.33,1.0,1.0,1.0,0.33,1.0,,1.0,0.67,1.0,pq,,0.05,0.9,0.5,0.6,0.1,0.05,0.8,0.5,0.7,0.1,0.8,0.6,0.0,1.0,0.67,0.67,0.67,0.67,0.33,0.67,1.0,0.67,0.33,0.33,0.67,0.33,0.8,0.8,0.8,0.8,0.8,0.8,0.8,0.8,0.8,0.8,0.8,0.83,0.67,0.67
542,0.6555481553077698,female,46.0,45_54,french,canadian_quebecois,graduate,40k_to_60k,employed,6,1.0,divorced_separated,1.0,3_4_persons,0.0,children_18_plus,protestant,0.5,other_regions,type_1,,0.67,0.67,0.33,0.67,0.67,0.33,1.0,qs,ndp,1.0,0.75,0.67,0.33,1.0,0.33,0.33,0.67,0.0,,0.0,1.0,1.0,pq,,0.0,0.6,0.0,0.5,0.5,0.0,0.0,0.0,0.3,0.0,0.75,0.6,1.0,1.0,0.33,0.67,0.67,0.33,0.33,0.67,1.0,0.0,0.0,0.67,0.67,0.33,0.8,0.8,0.8,0.2,0.4,0.4,0.8,0.8,0.8,,0.4,0.5,0.5,0.5
543,0.2998028695583343,male,51.0,45_54,english,canadian_quebecois,college_cegep,80k_to_100k,employed,3,1.0,divorced_separated,1.0,3_4_persons,0.0,children_under_18,catholic,0.5,quebec_city,type_1,,1.0,0.67,0.33,0.67,0.67,0.67,1.0,plq,ndp,0.33,0.5,0.33,0.67,0.5,1.0,1.0,0.0,1.0,0.0,1.0,0.33,1.0,plq,ndp,0.75,0.0,0.8,0.0,0.05,0.75,0.4,0.8,0.3,,0.6,,0.0,1.0,0.0,,0.67,0.67,0.33,1.0,1.0,0.67,0.67,0.67,0.67,0.33,,1.0,0.6,1.0,,0.6,1.0,,1.0,0.6,0.6,1.0,0.67,0.67
544,3.6725471019744873,male,44.0,35_44,other,other,graduate,over_150k,employed,16,0.0,divorced_separated,,2_persons,1.0,children_18_plus,catholic,0.0,montreal,type_1,,0.0,0.0,0.0,0.0,0.0,0.0,1.0,,,0.0,0.0,0.0,0.0,0.5,1.0,1.0,0.33,1.0,1.0,1.0,0.33,1.0,plq,,0.5,0.3,0.5,0.0,0.3,0.1,0.1,0.3,0.0,0.0,0.3,0.9,0.0,1.0,0.0,1.0,0.67,0.33,1.0,1.0,0.67,0.33,0.67,0.67,0.67,1.0,,,1.0,0.2,1.0,,1.0,,,0.6,,0.17,0.17,0.17
545,0.7705016136169434,female,62.0,55_64,french,canadian_quebecois,bachelor,under_20k,self_employed,4,1.0,married,0.0,1_person,1.0,children_under_18,other_christian,0.0,montreal,type_1,,1.0,0.67,1.0,0.67,0.33,0.67,0.0,plq,bloc,1.0,0.75,1.0,,0.5,0.67,1.0,0.33,0.0,0.0,0.0,0.67,,,,0.4,0.1,0.5,,,0.4,0.0,0.6,0.05,,0.5,0.6,1.0,1.0,0.0,,1.0,1.0,0.67,1.0,0.33,,1.0,1.0,1.0,0.33,,0.6,,1.0,,0.6,,,0.6,,0.6,0.67,,0.67
546,0.2516313791275024,female,46.0,45_54,french,canadian_quebecois,graduate,over_150k,retired,3,1.0,widowed,1.0,5_plus_persons,,,no_religion,0.5,other_regions,type_1,,1.0,1.0,1.0,1.0,0.67,0.67,1.0,plq,ndp,0.67,0.75,,,,1.0,1.0,0.33,1.0,,,0.67,0.0,other,,0.0,0.0,0.0,0.1,0.5,0.1,0.1,0.1,,,0.1,0.7,0.0,1.0,,0.67,0.33,0.33,0.67,0.33,1.0,0.33,0.0,0.67,,0.0,,,,0.2,,0.6,,,,,,,0.67,
547,2.416813850402832,male,48.0,45_54,other,other_european,bachelor,100k_to_120k,employed,6,1.0,single,0.0,1_person,1.0,no_children,other_religion,1.0,montreal,type_1,,1.0,1.0,1.0,1.0,0.33,0.33,1.0,plq,ndp,1.0,1.0,0.67,0.33,,0.33,0.33,0.67,,,0.0,1.0,1.0,pq,bloc,0.5,0.7,0.2,0.6,0.6,0.2,0.4,0.1,0.8,0.6,0.4,0.7,0.0,1.0,0.33,1.0,1.0,0.0,0.33,0.0,1.0,0.0,0.0,1.0,0.33,0.0,0.4,0.4,0.4,0.2,0.4,0.4,0.4,0.8,0.4,0.4,0.4,1.0,0.83,0.5
548,1.1757395267486572,male,75.0,65_plus,french,canadian_quebecois,high_school,20k_to_40k,self_employed,6,1.0,single,,1_person,1.0,no_children,protestant,0.5,other_regions,type_1,,1.0,1.0,0.67,1.0,0.67,0.67,1.0,plq,conservative,1.0,1.0,1.0,1.0,1.0,1.0,1.0,0.0,1.0,0.0,1.0,0.67,1.0,pq,green,0.12,0.5,0.3,0.5,0.98,0.0,0.3,0.3,0.3,0.8,0.1,0.3,0.0,1.0,0.0,,0.67,1.0,0.33,0.67,1.0,0.0,0.67,0.0,0.0,0.0,0.8,0.8,0.8,0.8,,1.0,0.8,0.8,,,0.8,0.17,,0.67
549,0.9961626529693604,female,44.0,35_44,french,canadian_quebecois,bachelor,,employed,6,1.0,widowed,1.0,3_4_persons,0.0,children_under_18,protestant,0.5,monteregie,type_1,,0.67,0.67,0.33,0.67,0.67,0.33,1.0,adq,liberal,0.33,0.75,0.67,0.67,1.0,0.33,1.0,0.33,1.0,0.0,1.0,0.33,1.0,pq,ndp,0.5,0.7,0.4,0.5,0.5,0.6,0.6,0.4,0.7,0.4,0.2,0.8,0.0,1.0,0.33,0.67,1.0,0.33,1.0,0.33,1.0,0.0,0.67,0.67,0.67,0.33,0.6,0.8,,,0.8,0.4,0.8,0.8,0.8,0.8,0.8,0.0,0.83,0.83
550,3.324955463409424,male,20.0,18_24,french,other_european,high_school,,employed,7,1.0,widowed,0.0,2_persons,1.0,both,other_christian,0.0,other_regions,type_1,,1.0,1.0,0.67,1.0,1.0,1.0,0.0,plq,other,0.67,1.0,0.67,0.67,1.0,1.0,1.0,0.33,1.0,0.0,1.0,0.67,0.0,,,0.4,0.7,0.75,0.3,0.6,0.6,0.6,1.0,0.55,0.4,0.6,0.75,0.0,1.0,0.67,0.67,0.33,0.0,1.0,1.0,0.33,0.0,0.0,0.0,1.0,0.0,0.8,1.0,1.0,0.2,0.6,0.8,0.8,0.8,0.6,0.8,1.0,0.67,0.67,0.67
551,0.3372038602828979,male,44.0,35_44,french,canadian_quebecois,high_school,40k_to_60k,employed,3,1.0,,,2_persons,1.0,no_children,other_christian,1.0,monteregie,type_1,,0.33,1.0,1.0,1.0,1.0,0.33,1.0,plq,ndp,1.0,1.0,1.0,0.33,0.5,1.0,1.0,0.33,1.0,0.0,1.0,1.0,0.0,adq,liberal,0.2,0.1,0.8,,,0.0,0.0,0.8,0.2,0.1,0.1,0.8,1.0,,0.67,1.0,1.0,0.33,0.33,0.33,1.0,,1.0,0.33,0.67,0.0,,0.6,,0.2,0.6,0.6,0.8,0.8,0.6,0.6,0.6,0.67,0.67,0.67
552,0.9163962006568908,male,46.0,45_54,french,canadian_quebecois,college_cegep,20k_to_40k,employed,15,1.0,widowed,1.0,2_persons,1.0,no_children,protestant,0.5,,type_1,,1.0,1.0,0.33,1.0,0.67,0.67,1.0,plq,ndp,0.67,1.0,1.0,1.0,1.0,0.67,0.67,0.0,1.0,0.0,1.0,0.33,1.0,pq,,0.4,0.6,0.6,,,0.0,0.8,0.6,,,0.5,0.7,1.0,1.0,0.33,1.0,1.0,0.67,0.33,0.67,1.0,0.67,0.67,1.0,0.33,0.0,0.8,0.8,1.0,,0.8,0.8,0.8,0.8,0.8,0.8,0.8,0.83,0.83,0.83
553,1.3096427917480469,female,29.0,25_34,english,other,high_school,under_20k,employed,6,0.0,widowed,,3_4_persons,0.0,children_under_18,catholic,0.5,montreal,type_1,,1.0,1.0,1.0,1.0,1.0,1.0,0.0,plq,ndp,,1.0,1.0,1.0,0.5,1.0,1.0,0.0,1.0,0.0,1.0,0.33,,,,1.0,0.0,0.75,,0.85,0.95,0.0,0.05,,0.85,1.0,0.9,0.0,1.0,0.67,0.67,0.33,1.0,0.67,0.0,1.0,0.67,0.67,0.67,0.0,0.67,1.0,1.0,1.0,0.2,0.6,1.0,1.0,1.0,1.0,1.0,1.0,1.0,0.33,0.33
554,0.6555481553077698,female,54.0,45_54,french,canadian_quebecois,high_school,20k_to_40k,employed,6,1.0,widowed,1.0,5_plus_persons,0.0,children_under_18,other_christian,0.5,monteregie,type_1,,1.0,1.0,1.0,0.67,0.67,0.67,1.0,plq,ndp,1.0,1.0,1.0,0.33,1.0,0.67,1.0,0.0,1.0,0.0,1.0,0.33,1.0,adq,green,0.1,0.5,1.0,,0.75,0.0,0.5,1.0,,0.0,1.0,0.5,1.0,1.0,0.0,0.67,1.0,1.0,0.33,0.33,1.0,0.0,0.0,1.0,1.0,0.33,0.8,0.8,0.6,0.8,0.6,0.6,0.8,0.8,0.8,0.6,0.6,0.67,0.67,0.67
555,1.1757395267486572,male,81.0,65_plus,french,canadian_quebecois,high_school,under_20k,self_employed,16,1.0,married,,1_person,1.0,children_under_18,,,montreal,type_1,,1.0,1.0,0.67,0.67,0.67,1.0,1.0,adq,liberal,0.67,1.0,1.0,0.67,0.5,0.67,1.0,0.33,0.0,0.0,0.0,0.67,,plq,conservative,0.5,0.6,0.41,0.25,0.75,0.5,0.6,0.35,,,0.5,0.8,0.0,1.0,0.0,0.33,1.0,,0.67,0.33,1.0,1.0,0.67,1.0,1.0,,1.0,0.8,,0.2,,1.0,,0.8,0.8,,1.0,1.0,,
556,2.6271798610687256,female,36.0,35_44,other,other_european,high_school,100k_to_120k,employed,16,1.0,widowed,1.0,5_plus_persons,1.0,no_children,catholic,0.5,montreal,type_1,,1.0,1.0,1.0,1.0,1.0,0.67,1.0,adq,liberal,0.33,1.0,1.0,0.67,0.5,0.67,1.0,0.33,1.0,0.0,0.0,0.67,1.0,plq,ndp,1.0,0.0,0.8,0.19,0.5,0.5,0.3,0.6,,0.2,0.5,1.0,0.0,1.0,0.0,0.67,0.67,1.0,0.33,1.0,0.33,0.67,0.0,1.0,1.0,0.67,1.0,1.0,1.0,0.6,1.0,1.0,1.0,1.0,1.0,1.0,1.0,1.0,0.67,0.67
557,1.097648024559021,male,61.0,55_64,french,canadian_quebecois,college_cegep,60k_to_80k,self_employed,1,1.0,single,,2_persons,1.0,no_children,other_christian,0.5,quebec_city,type_1,,1.0,1.0,0.33,1.0,1.0,1.0,1.0,adq,liberal,1.0,1.0,0.67,1.0,0.5,1.0,1.0,0.67,1.0,0.0,1.0,0.67,1.0,adq,liberal,0.3,0.25,0.5,0.0,0.15,0.4,0.1,0.6,,0.4,0.4,0.8,0.0,1.0,0.0,1.0,1.0,0.33,0.33,1.0,1.0,0.0,0.0,0.33,1.0,0.0,0.6,1.0,1.0,1.0,0.6,0.6,1.0,0.8,1.0,1.0,0.6,1.0,0.67,0.67
558,0.9693608283996582,female,29.0,25_34,french,canadian_quebecois,bachelor,under_20k,employed,6,1.0,divorced_separated,1.0,3_4_persons,1.0,both,other_religion,1.0,,type_1,,0.67,1.0,1.0,1.0,1.0,1.0,1.0,pq,ndp,1.0,1.0,1.0,1.0,1.0,0.33,0.33,0.67,1.0,0.0,1.0,0.33,0.0,pq,bloc,0.2,0.7,0.2,0.8,0.7,0.15,0.6,0.2,0.8,0.5,0.75,0.75,0.0,1.0,0.33,0.67,0.67,1.0,0.67,0.33,1.0,0.0,0.0,0.33,0.33,0.0,0.8,0.8,0.4,0.4,0.4,0.8,0.8,0.4,0.4,,0.4,0.5,0.5,0.5
559,0.212483525276184,female,63.0,55_64,french,canadian_quebecois,college_cegep,20k_to_40k,self_employed,3,1.0,common_law,1.0,1_person,1.0,children_18_plus,catholic,0.0,quebec_city,type_1,,0.67,0.67,0.33,0.67,0.67,0.33,1.0,adq,liberal,1.0,0.75,0.67,0.67,0.5,0.33,0.67,0.67,1.0,0.0,0.0,0.67,1.0,plq,ndp,0.65,0.3,0.4,0.4,0.3,0.65,0.3,0.5,0.5,,0.3,0.7,0.0,1.0,0.0,1.0,1.0,0.33,0.33,1.0,0.33,0.33,0.0,1.0,0.67,1.0,1.0,1.0,1.0,0.2,0.4,0.6,,0.8,1.0,,0.6,1.0,0.67,0.67
560,1.1757395267486572,male,73.0,65_plus,french,canadian_quebecois,bachelor,20k_to_40k,,16,1.0,divorced_separated,1.0,2_persons,1.0,children_under_18,other_christian,0.5,quebec_city,type_1,,1.0,0.67,0.33,1.0,0.67,0.33,1.0,adq,bloc,0.33,1.0,0.67,0.33,0.5,0.67,0.67,0.67,1.0,0.0,1.0,0.67,1.0,adq,green,0.5,0.45,0.6,0.4,0.6,0.45,0.3,0.6,0.4,0.5,0.12,0.6,0.0,1.0,0.0,0.67,0.67,0.33,0.67,1.0,1.0,0.33,0.67,,0.33,0.33,0.4,0.6,0.4,0.2,0.6,0.6,0.8,0.8,,0.2,0.6,1.0,0.33,0.67
561,1.1757395267486572,male,81.0,65_plus,french,canadian_quebecois,bachelor,,self_employed,16,1.0,common_law,0.0,1_person,1.0,children_18_plus,,,,type_1,,1.0,1.0,0.67,1.0,1.0,0.67,1.0,,,0.67,1.0,1.0,1.0,1.0,1.0,1.0,0.0,0.0,0.0,1.0,0.67,1.0,,,,,,,,,,,,,,,0.0,1.0,0.33,0.0,1.0,,0.33,0.0,1.0,,0.67,0.0,0.33,0.33,,,,,,,,,,,,,,
562,0.9961626529693604,female,37.0,35_44,french,canadian_quebecois,high_school,,homemaker,16,1.0,widowed,1.0,3_4_persons,0.0,children_18_plus,protestant,0.5,monteregie,type_1,,0.67,1.0,1.0,1.0,1.0,0.0,0.0,adq,,1.0,1.0,1.0,0.0,1.0,1.0,1.0,1.0,0.0,0.0,0.0,0.0,0.0,,,0.1,0.15,0.05,0.9,0.95,0.1,0.2,0.05,0.75,0.6,1.0,0.5,0.0,1.0,1.0,0.0,1.0,1.0,0.33,0.0,1.0,1.0,0.0,0.33,0.67,0.0,,,,,,,0.8,0.8,0.8,0.8,0.8,0.17,0.5,0.83
563,1.97528612613678,male,42.0,35_44,french,canadian_quebecois,bachelor,20k_to_40k,employed,1,1.0,married,1.0,5_plus_persons,0.0,children_under_18,other_christian,0.5,quebec_city,type_1,,1.0,1.0,0.67,0.67,1.0,1.0,1.0,plq,ndp,0.33,0.75,1.0,1.0,0.5,0.0,0.67,1.0,,0.0,0.0,1.0,1.0,,,0.6,0.7,0.72,0.0,0.0,0.6,0.4,0.8,0.2,0.0,0.5,0.5,0.0,1.0,0.0,1.0,1.0,0.0,1.0,0.33,1.0,0.0,0.0,0.0,0.33,0.33,1.0,0.8,0.6,0.6,0.8,0.6,0.6,0.6,0.6,1.0,0.6,1.0,0.67,0.67
564,1.3925409317016602,male,38.0,35_44,french,canadian_quebecois,bachelor,over_150k,employed,15,1.0,widowed,1.0,5_plus_persons,1.0,children_under_18,protestant,0.0,other_regions,type_1,,0.0,0.67,0.33,1.0,0.33,0.33,1.0,adq,conservative,0.67,0.75,0.67,0.33,1.0,0.67,1.0,0.33,1.0,0.0,1.0,0.33,1.0,pq,green,0.1,0.4,0.6,0.2,0.4,0.2,0.6,0.8,0.15,0.7,0.3,0.5,0.0,1.0,0.67,0.67,1.0,0.33,0.33,0.67,1.0,0.0,0.67,0.33,0.67,0.33,0.6,0.6,0.8,0.2,0.4,0.6,0.8,0.8,0.8,0.6,0.4,0.67,0.33,0.33
565,0.2516313791275024,female,48.0,45_54,french,canadian_quebecois,college_cegep,40k_to_60k,homemaker,12,1.0,widowed,,3_4_persons,1.0,no_children,other_christian,0.5,quebec_city,type_1,,0.67,0.67,0.33,0.67,1.0,0.33,1.0,pq,liberal,0.0,0.5,0.33,1.0,0.5,1.0,1.0,0.0,1.0,0.0,1.0,0.33,1.0,adq,liberal,0.75,0.02,0.6,0.0,0.25,0.75,0.0,0.85,,,0.1,0.5,0.0,,0.0,0.0,0.33,1.0,1.0,1.0,1.0,0.67,1.0,0.33,0.33,0.0,,0.6,,,0.6,0.6,,,0.6,0.6,0.6,1.0,0.17,0.67
566,1.728875994682312,female,45.0,35_44,other,other_european,bachelor,under_20k,employed,13,1.0,,0.0,5_plus_persons,0.0,both,protestant,0.5,montreal,type_1,,0.67,0.33,0.33,1.0,1.0,,1.0,adq,liberal,1.0,1.0,0.67,0.33,,0.33,0.0,1.0,0.0,0.0,1.0,0.67,1.0,plq,conservative,0.6,0.6,0.0,0.3,0.2,0.5,0.5,0.0,0.2,0.2,0.8,0.9,0.0,1.0,,0.33,,0.33,0.67,,0.67,,0.67,1.0,1.0,1.0,0.8,0.8,,0.8,0.8,0.8,0.8,0.8,0.8,,0.8,1.0,0.83,0.83
567,0.9961626529693604,female,40.0,35_44,french,canadian_quebecois,college_cegep,over_150k,employed,16,1.0,divorced_separated,,5_plus_persons,0.0,no_children,,,other_regions,type_1,1.0,0.67,1.0,0.67,1.0,0.33,0.33,1.0,plq,ndp,0.33,0.75,0.67,1.0,,0.33,0.33,0.67,0.0,,1.0,0.67,1.0,pq,ndp,0.65,0.65,0.7,0.5,0.6,0.55,0.55,0.7,0.6,0.5,0.5,0.8,0.0,1.0,0.0,0.67,1.0,0.67,0.67,0.33,1.0,0.33,0.67,0.67,0.67,0.0,,,,0.2,0.6,0.6,0.8,0.6,0.8,,0.6,1.0,0.67,0.67
568,1.1757395267486572,male,67.0,65_plus,french,canadian_quebecois,high_school,40k_to_60k,self_employed,14,1.0,single,1.0,1_person,1.0,no_children,,,montreal,type_1,1.0,1.0,1.0,0.67,1.0,0.67,0.67,1.0,adq,liberal,0.33,0.75,0.67,0.0,0.5,1.0,1.0,0.0,0.0,0.0,1.0,0.33,1.0,,,0.5,0.0,0.75,0.0,0.1,0.5,0.0,0.75,0.0,,0.8,0.8,0.0,1.0,0.0,0.67,1.0,0.33,0.33,0.33,1.0,0.33,0.0,1.0,1.0,0.0,0.6,0.6,,0.6,0.6,0.6,0.6,0.6,0.6,0.6,0.6,1.0,0.67,0.67
569,0.2516313791275024,female,45.0,35_44,french,canadian_quebecois,high_school,20k_to_40k,employed,3,1.0,divorced_separated,1.0,3_4_persons,0.0,children_18_plus,,,outaouais,type_1,1.0,0.67,0.67,0.67,0.0,0.67,1.0,1.0,plq,conservative,0.33,0.75,0.67,0.33,0.5,0.67,0.67,0.33,1.0,0.0,1.0,0.33,1.0,adq,,0.5,0.2,0.7,0.3,0.3,0.5,0.4,0.7,0.4,,0.5,0.5,0.0,1.0,0.33,,0.0,,0.33,0.0,,1.0,0.67,0.33,0.0,0.33,1.0,,,0.2,,0.6,,,,,,0.67,0.67,0.67
570,0.9654632806777954,male,58.0,55_64,french,canadian_quebecois,high_school,under_20k,employed,24,1.0,widowed,1.0,5_plus_persons,1.0,no_children,catholic,0.5,quebec_city,type_1,,1.0,1.0,0.33,0.67,1.0,0.33,1.0,adq,,1.0,1.0,0.0,0.67,0.5,0.33,1.0,0.67,1.0,0.0,1.0,0.67,1.0,plq,ndp,0.8,0.2,0.5,0.2,0.4,0.8,0.0,0.5,0.0,0.3,0.5,0.8,0.0,1.0,0.0,1.0,1.0,0.33,1.0,1.0,1.0,0.0,0.0,1.0,0.67,0.0,1.0,,1.0,0.8,1.0,0.8,1.0,0.8,0.6,0.6,,1.0,,0.67
571,0.3720875084400177,female,33.0,25_34,french,canadian_quebecois,elementary,under_20k,student,3,1.0,single,1.0,1_person,1.0,no_children,protestant,1.0,,type_1,,0.67,0.67,,0.67,0.67,0.67,1.0,other,,0.67,0.75,0.67,0.67,0.5,1.0,1.0,0.33,1.0,0.0,0.0,,1.0,,,0.8,1.0,0.0,0.1,0.5,0.0,0.8,0.6,0.6,1.0,1.0,1.0,1.0,1.0,0.33,0.67,,0.67,0.67,0.33,0.33,,0.67,1.0,0.67,0.0,0.8,0.8,0.8,0.8,0.8,0.8,0.8,0.8,0.8,0.8,0.8,0.83,,0.83
572,0.7738205194473267,male,55.0,45_54,french,canadian_quebecois,high_school,20k_to_40k,employed,14,1.0,divorced_separated,1.0,3_4_persons,0.0,no_children,other_christian,0.5,quebec_city,type_1,,0.67,0.67,1.0,0.67,0.33,0.67,1.0,plq,conservative,0.33,0.75,0.67,1.0,0.5,1.0,1.0,0.67,1.0,0.0,0.0,1.0,1.0,adq,,0.5,0.25,0.75,0.0,0.0,0.5,0.25,0.75,0.0,0.0,0.2,0.5,0.0,1.0,0.0,0.67,1.0,0.0,0.33,1.0,1.0,0.33,0.67,0.33,0.33,0.0,1.0,1.0,0.6,0.6,0.6,0.6,0.8,0.8,0.6,0.6,0.6,1.0,0.67,0.67
573,0.212483525276184,female,57.0,55_64,french,canadian_quebecois,bachelor,60k_to_80k,self_employed,3,1.0,single,0.0,2_persons,0.0,children_18_plus,protestant,0.0,other_regions,type_1,,0.67,1.0,0.67,1.0,1.0,0.33,1.0,pq,liberal,1.0,1.0,1.0,0.33,1.0,0.67,0.67,0.67,1.0,0.0,1.0,0.67,1.0,pq,bloc,0.3,0.8,0.35,0.85,0.5,0.1,0.5,0.4,0.8,0.45,0.75,0.6,0.0,1.0,0.33,1.0,0.67,0.0,1.0,0.67,1.0,0.0,0.0,0.67,0.33,0.0,0.8,0.8,0.8,0.4,0.4,0.8,0.8,0.8,0.8,0.6,0.4,0.5,0.83,0.5
574,1.1068066358566284,male,46.0,45_54,french,canadian_quebecois,high_school,20k_to_40k,employed,32,1.0,divorced_separated,,2_persons,0.0,children_under_18,protestant,0.5,other_regions,type_1,,0.67,1.0,0.33,0.67,1.0,0.67,1.0,adq,liberal,1.0,1.0,0.33,0.33,1.0,0.33,0.33,0.33,0.0,,0.0,1.0,1.0,pq,,0.6,0.8,0.6,0.4,0.4,0.4,0.6,0.5,0.3,0.3,0.5,0.75,1.0,1.0,0.0,1.0,,0.33,0.33,0.67,1.0,0.0,0.67,0.67,0.67,0.33,0.8,0.8,0.8,1.0,0.6,0.6,0.8,0.8,0.8,0.8,0.8,0.83,0.83,0.67
575,0.9654632806777954,male,60.0,55_64,french,canadian_quebecois,bachelor,40k_to_60k,self_employed,8,1.0,divorced_separated,0.0,1_person,1.0,no_children,other_christian,0.5,montreal,type_1,,1.0,1.0,1.0,1.0,0.33,0.0,1.0,plq,conservative,0.0,1.0,1.0,1.0,0.5,1.0,0.67,0.67,1.0,0.0,0.0,1.0,1.0,plq,ndp,0.75,0.5,0.9,,0.35,0.75,0.45,0.8,,,0.2,0.75,0.0,1.0,0.0,0.67,1.0,0.67,0.67,0.33,1.0,0.0,1.0,1.0,1.0,0.0,0.6,0.6,,0.2,0.6,0.6,1.0,0.8,,0.6,0.6,1.0,,0.67
576,1.889244079589844,female,41.0,35_44,french,other_european,college_cegep,over_150k,employed,8,1.0,divorced_separated,1.0,3_4_persons,1.0,no_children,,,montreal,type_1,1.0,0.67,0.67,0.67,0.67,0.67,1.0,1.0,plq,conservative,0.0,1.0,1.0,0.67,0.5,0.67,1.0,0.33,1.0,0.0,1.0,0.33,0.0,qs,ndp,0.6,0.0,0.8,0.9,0.75,0.6,0.0,0.7,0.8,0.8,0.9,0.9,0.0,1.0,0.0,0.67,0.67,0.67,0.33,1.0,1.0,0.0,0.33,0.33,1.0,0.0,,0.6,,0.2,0.4,0.4,0.6,,0.6,0.6,0.6,1.0,0.5,0.67
577,0.8410736918449402,female,74.0,65_plus,french,canadian_quebecois,high_school,20k_to_40k,self_employed,14,1.0,widowed,0.0,5_plus_persons,1.0,no_children,other_christian,1.0,quebec_city,type_1,,1.0,0.67,0.67,0.67,0.67,0.0,1.0,plq,ndp,1.0,0.75,1.0,1.0,0.5,0.0,1.0,0.0,1.0,1.0,1.0,0.33,1.0,adq,green,0.0,0.2,1.0,0.25,0.25,0.0,0.2,1.0,0.05,,0.4,0.5,1.0,1.0,0.0,0.67,0.67,0.0,0.67,0.0,1.0,,1.0,0.33,0.33,0.0,0.6,0.6,0.6,0.6,0.6,0.6,0.6,0.6,0.6,0.6,0.6,0.67,0.67,0.67
578,0.3281298279762268,male,26.0,25_34,french,canadian_quebecois,college_cegep,40k_to_60k,,3,1.0,divorced_separated,1.0,5_plus_persons,1.0,children_under_18,protestant,0.5,quebec_city,type_1,,0.67,0.67,0.33,0.67,1.0,0.33,1.0,qs,liberal,0.67,0.75,1.0,0.0,1.0,0.67,1.0,0.33,1.0,0.0,1.0,0.33,1.0,pq,ndp,0.3,0.5,0.4,,0.5,0.3,0.7,0.8,,,0.1,0.75,0.0,1.0,0.33,0.67,0.0,0.67,1.0,0.33,1.0,0.0,1.0,0.67,0.0,0.33,1.0,0.8,0.6,0.8,0.8,0.8,0.8,0.8,0.6,1.0,0.8,0.67,0.67,0.83
579,1.7374107837677002,male,44.0,35_44,french,canadian_quebecois,bachelor,over_150k,employed,7,1.0,divorced_separated,0.0,3_4_persons,0.0,children_under_18,catholic,0.0,,type_1,,0.67,0.67,0.33,0.67,0.33,0.33,1.0,plq,bloc,0.33,0.5,0.33,0.33,0.5,0.67,0.67,0.33,1.0,,1.0,1.0,0.0,adq,,0.7,0.7,0.7,0.0,0.0,0.7,0.5,0.7,0.1,0.2,0.7,0.5,1.0,,0.33,0.67,0.67,0.67,0.67,0.33,1.0,1.0,0.67,0.67,0.67,0.67,,,,0.2,0.6,,,,,0.6,0.6,1.0,0.67,0.67
580,0.6555481553077698,female,51.0,45_54,french,canadian_quebecois,college_cegep,over_150k,employed,16,1.0,widowed,1.0,5_plus_persons,0.0,children_under_18,protestant,0.5,other_regions,type_1,,1.0,1.0,0.67,0.67,0.33,0.0,1.0,adq,bloc,0.67,0.75,0.33,0.33,1.0,0.33,1.0,0.33,,0.0,1.0,1.0,1.0,pq,green,0.0,0.7,0.3,0.5,0.7,0.0,0.2,0.2,0.2,0.6,0.8,0.6,0.0,1.0,0.0,0.67,1.0,0.33,0.67,0.67,1.0,0.0,0.0,0.33,1.0,0.33,0.8,0.8,0.8,0.2,0.4,0.6,0.8,0.8,0.8,0.8,0.6,0.33,0.33,0.33
581,0.7317694425582886,female,24.0,18_24,french,canadian_quebecois,bachelor,20k_to_40k,employed,3,1.0,divorced_separated,1.0,3_4_persons,0.0,children_under_18,catholic,0.0,,type_1,,0.67,0.67,0.0,0.67,0.67,0.33,0.0,,liberal,0.33,0.5,0.33,0.33,0.5,1.0,0.33,0.33,0.0,0.0,0.0,0.67,0.0,,,0.7,0.75,0.75,0.25,0.1,0.5,0.5,0.5,0.3,,0.7,0.8,1.0,1.0,0.33,0.67,0.67,0.33,0.33,0.33,0.33,0.33,0.67,0.67,0.67,0.33,1.0,0.8,0.6,0.2,0.6,0.6,0.8,0.8,1.0,1.0,0.6,1.0,0.67,0.67
582,0.9961626529693604,female,35.0,25_34,french,canadian_quebecois,college_cegep,20k_to_40k,employed,6,1.0,widowed,1.0,2_persons,1.0,no_children,protestant,0.0,other_regions,type_1,,1.0,1.0,0.33,1.0,0.67,0.67,1.0,plq,ndp,1.0,0.75,0.67,1.0,1.0,0.67,0.67,0.67,1.0,0.0,,0.67,0.0,adq,conservative,0.1,0.9,0.9,0.5,0.5,0.0,0.75,0.9,,,0.4,0.5,0.0,1.0,1.0,0.33,0.67,0.33,0.33,0.67,1.0,0.67,0.33,1.0,0.67,0.33,0.6,0.6,,0.6,0.6,0.6,0.6,0.6,0.6,,0.6,0.83,0.67,0.67
583,1.1433428525924685,male,53.0,45_54,french,canadian_quebecois,college_cegep,40k_to_60k,employed,26,1.0,divorced_separated,1.0,3_4_persons,0.0,children_under_18,protestant,0.5,other_regions,type_1,,0.67,0.67,1.0,1.0,0.67,1.0,1.0,adq,liberal,0.67,1.0,1.0,0.33,1.0,0.67,0.67,0.33,0.0,0.0,1.0,0.67,1.0,pq,ndp,0.5,0.75,0.65,0.5,0.4,0.6,0.75,0.8,0.75,0.4,0.5,0.5,1.0,0.0,0.67,0.67,0.67,0.33,0.33,0.67,1.0,0.33,0.67,0.67,0.67,0.33,0.6,0.8,0.6,0.6,0.6,0.8,0.8,0.8,0.8,0.6,0.6,0.67,0.67,0.67
584,1.049834966659546,female,57.0,55_64,french,canadian_quebecois,bachelor,80k_to_100k,employed,25,1.0,married,1.0,5_plus_persons,0.0,children_18_plus,no_religion,0.0,,type_1,,0.67,1.0,0.67,1.0,1.0,0.33,0.0,plq,conservative,1.0,1.0,1.0,0.33,1.0,0.67,1.0,0.33,1.0,0.0,0.0,0.67,1.0,,,0.0,0.05,0.5,,0.5,0.0,0.0,0.35,0.5,,0.75,0.75,0.0,1.0,0.67,0.67,0.67,0.67,0.33,0.67,1.0,,0.67,0.67,0.33,1.0,,,0.6,0.2,0.6,0.6,0.8,0.8,0.8,,0.6,0.5,1.0,0.67
585,1.097648024559021,male,58.0,55_64,french,canadian_quebecois,college_cegep,over_150k,self_employed,2,1.0,divorced_separated,,2_persons,1.0,no_children,,,quebec_city,type_1,1.0,0.67,0.67,0.67,0.67,0.33,0.33,1.0,adq,liberal,0.67,0.75,0.67,0.0,1.0,1.0,1.0,0.33,1.0,0.0,1.0,0.67,1.0,adq,conservative,0.3,0.4,0.4,0.5,0.1,0.1,0.3,0.5,0.6,0.2,0.7,0.7,0.0,1.0,0.33,0.67,0.67,0.67,0.33,0.33,1.0,0.0,0.67,0.33,0.33,0.0,0.6,0.4,0.4,0.4,0.4,0.4,0.8,0.8,0.4,0.4,0.4,0.5,0.5,0.5
586,1.3925409317016602,male,35.0,25_34,french,canadian_quebecois,college_cegep,over_150k,employed,14,1.0,widowed,1.0,5_plus_persons,1.0,no_children,protestant,0.5,quebec_city,type_1,,0.67,1.0,0.33,1.0,1.0,0.33,1.0,plq,ndp,0.33,0.5,1.0,1.0,0.0,0.67,1.0,0.0,0.0,,1.0,0.0,0.0,pq,ndp,0.5,0.5,0.5,0.25,0.0,0.5,0.75,0.65,0.35,0.2,0.65,0.85,0.0,1.0,0.67,0.67,0.33,0.67,0.33,0.33,1.0,0.0,1.0,0.67,0.67,0.0,1.0,0.8,0.8,0.6,0.6,0.8,0.6,0.8,0.8,0.8,0.6,0.83,0.67,0.67
587,0.8410736918449402,female,70.0,65_plus,french,canadian_quebecois,bachelor,over_150k,,15,1.0,widowed,0.0,3_4_persons,0.0,no_children,catholic,0.5,quebec_city,type_1,,0.33,0.67,0.33,1.0,1.0,0.33,1.0,plq,ndp,,0.0,0.67,0.67,0.5,0.67,0.67,0.67,0.0,0.0,1.0,1.0,1.0,plq,ndp,0.9,0.4,0.6,0.2,0.5,0.85,0.4,0.6,0.2,0.4,0.1,0.8,1.0,1.0,0.0,1.0,1.0,0.0,0.33,1.0,1.0,0.0,1.0,1.0,0.67,0.67,1.0,1.0,1.0,1.0,1.0,1.0,1.0,1.0,0.6,1.0,1.0,1.0,1.0,0.67
588,1.136325120925903,female,67.0,65_plus,other,canadian_quebecois,bachelor,40k_to_60k,self_employed,6,1.0,married,0.0,2_persons,1.0,no_children,catholic,0.5,quebec_city,type_1,,1.0,1.0,0.67,0.67,0.67,0.67,1.0,qs,ndp,1.0,0.75,0.67,1.0,1.0,0.67,0.67,0.67,1.0,0.0,1.0,0.67,1.0,plq,conservative,0.85,0.8,0.8,0.0,0.0,0.85,0.8,0.8,0.25,0.0,0.5,0.8,0.0,1.0,0.33,0.67,1.0,0.67,1.0,0.33,1.0,0.67,0.67,0.67,0.33,0.0,1.0,1.0,1.0,1.0,0.6,0.6,0.8,1.0,1.0,1.0,0.6,1.0,1.0,0.67
589,1.681884765625,male,43.0,35_44,french,canadian_quebecois,high_school,20k_to_40k,employed,32,1.0,widowed,1.0,5_plus_persons,1.0,,other_christian,0.5,quebec_city,type_1,,1.0,0.67,0.67,1.0,0.67,1.0,1.0,plq,green,0.33,0.75,0.67,0.67,,0.67,0.67,0.33,1.0,0.0,1.0,0.67,1.0,adq,,0.0,0.5,0.75,0.25,0.25,0.25,0.25,0.75,0.25,,0.5,0.8,0.0,1.0,0.0,0.67,1.0,0.0,0.33,0.33,1.0,0.0,1.0,0.33,1.0,0.0,,0.8,,0.2,1.0,0.6,0.6,0.8,0.6,,0.6,1.0,0.67,0.67
590,0.284705102443695,male,76.0,65_plus,french,canadian_quebecois,bachelor,,self_employed,3,1.0,common_law,,2_persons,1.0,no_children,,,quebec_city,type_1,1.0,1.0,1.0,1.0,1.0,1.0,0.67,1.0,adq,liberal,1.0,1.0,1.0,0.67,0.5,0.67,0.0,0.33,1.0,,0.0,0.67,1.0,plq,ndp,0.8,0.7,0.7,0.75,0.75,0.85,0.75,0.7,0.75,0.7,0.6,0.85,0.0,1.0,0.0,0.67,0.0,1.0,1.0,1.0,1.0,0.0,1.0,1.0,1.0,0.67,1.0,1.0,0.6,1.0,1.0,1.0,1.0,0.8,1.0,1.0,0.6,1.0,1.0,0.67
591,1.3925409317016602,male,43.0,35_44,french,canadian_quebecois,college_cegep,60k_to_80k,employed,16,1.0,married,1.0,3_4_persons,0.0,no_children,other_christian,0.0,montreal,type_1,,0.67,0.67,0.67,0.67,0.67,1.0,1.0,plq,conservative,0.33,0.75,1.0,0.67,1.0,0.67,0.67,0.67,1.0,0.0,1.0,0.67,0.0,adq,liberal,0.9,0.85,0.95,0.5,0.5,0.02,0.0,0.5,0.0,0.0,0.0,0.8,0.0,1.0,0.0,0.67,0.67,0.67,0.33,0.33,1.0,0.0,0.67,0.67,0.67,1.0,1.0,0.6,0.6,0.6,,0.6,0.6,1.0,0.6,1.0,0.6,0.67,0.67,0.67
592,0.74787837266922,female,59.0,55_64,english,canadian_quebecois,elementary,under_20k,self_employed,6,0.0,single,,2_persons,0.0,no_children,catholic,1.0,montreal,type_1,,1.0,1.0,0.67,1.0,0.67,0.67,1.0,adq,other,0.67,1.0,0.67,0.67,0.5,1.0,1.0,0.33,1.0,,1.0,0.0,1.0,plq,ndp,0.75,0.5,0.65,0.6,0.5,0.8,0.6,0.75,0.5,0.5,0.7,0.8,0.0,0.0,0.33,0.0,0.67,1.0,0.33,0.0,1.0,0.0,1.0,1.0,1.0,0.0,,,,,,,,,,,,,,
593,1.728875994682312,female,45.0,35_44,other,other,elementary,,employed,13,1.0,widowed,0.0,5_plus_persons,1.0,,protestant,0.5,other_regions,type_1,,1.0,1.0,0.33,0.67,1.0,1.0,1.0,other,liberal,1.0,1.0,1.0,1.0,,1.0,,0.33,1.0,,1.0,0.0,1.0,pq,,0.75,0.8,0.8,,,0.6,,0.9,,,0.9,,0.0,1.0,0.67,0.67,,,0.67,0.0,0.33,,1.0,0.0,1.0,0.0,,,,,0.8,0.8,0.8,0.8,0.8,0.8,0.8,0.67,0.67,0.67
594,0.8410736918449402,female,76.0,65_plus,french,canadian_quebecois,college_cegep,,self_employed,6,1.0,single,0.0,3_4_persons,1.0,no_children,catholic,0.5,montreal,type_1,,1.0,0.67,0.0,0.67,1.0,1.0,1.0,qs,liberal,0.67,0.75,0.0,0.0,0.5,0.67,1.0,0.33,1.0,0.0,1.0,0.67,1.0,,,0.5,0.0,0.5,0.1,0.1,0.08,0.05,0.05,0.05,,0.0,0.95,1.0,1.0,0.0,0.33,1.0,0.0,0.33,1.0,1.0,0.67,0.0,1.0,1.0,1.0,1.0,1.0,1.0,1.0,0.4,0.6,1.0,1.0,1.0,0.6,0.4,1.0,1.0,0.67
595,1.4598954916000366,female,58.0,55_64,other,other_european,high_school,under_20k,unemployed,6,1.0,married,,1_person,1.0,no_children,other_christian,0.5,monteregie,type_1,,1.0,1.0,0.67,1.0,0.67,1.0,1.0,plq,ndp,0.67,1.0,0.67,1.0,0.5,1.0,0.0,0.33,1.0,0.0,1.0,0.67,1.0,adq,conservative,0.7,0.6,0.9,,0.89,0.6,0.5,0.9,0.4,0.4,0.8,0.9,0.0,0.0,0.0,0.67,0.67,0.33,0.67,0.0,1.0,0.33,0.33,0.67,0.33,0.33,,0.6,,0.2,0.2,0.2,0.6,0.8,,0.6,,1.0,0.67,0.67
596,1.756195306777954,male,48.0,45_54,english,canadian_quebecois,high_school,,employed,11,0.0,single,,2_persons,0.0,children_18_plus,catholic,0.5,montreal,type_1,,1.0,0.67,0.67,1.0,1.0,1.0,1.0,plq,conservative,1.0,0.75,1.0,1.0,0.5,0.67,1.0,0.33,1.0,,1.0,0.67,0.0,plq,conservative,0.5,0.0,0.6,0.0,0.4,0.4,0.4,0.6,0.3,0.7,0.0,0.5,1.0,0.0,0.0,0.67,0.67,0.67,0.33,0.33,0.67,0.33,0.33,0.67,0.67,0.0,1.0,0.8,0.8,0.8,1.0,,0.8,0.8,0.8,,1.0,1.0,1.0,0.67
597,0.9961626529693604,female,35.0,25_34,french,canadian_quebecois,college_cegep,40k_to_60k,employed,6,1.0,widowed,1.0,5_plus_persons,1.0,no_children,other_christian,0.5,other_regions,type_1,,1.0,1.0,0.67,1.0,0.67,0.67,1.0,plq,ndp,0.33,1.0,0.67,0.67,0.5,0.33,1.0,0.0,1.0,0.0,0.0,0.67,1.0,adq,green,0.5,0.25,0.9,0.7,0.8,0.5,0.5,1.0,0.6,0.75,0.0,0.75,0.0,1.0,0.0,1.0,0.67,0.0,0.67,1.0,1.0,0.33,0.67,0.33,0.33,0.0,0.6,0.6,0.6,0.2,0.4,0.6,0.6,0.6,0.6,0.6,0.6,1.0,0.67,0.67
598,0.3372038602828979,male,43.0,35_44,french,canadian_quebecois,bachelor,40k_to_60k,employed,12,1.0,divorced_separated,1.0,1_person,1.0,no_children,other_christian,0.0,quebec_city,type_1,,1.0,1.0,1.0,1.0,0.67,0.67,1.0,plq,ndp,0.67,1.0,1.0,0.33,1.0,0.33,0.67,0.0,1.0,0.0,1.0,0.33,1.0,adq,conservative,0.0,0.7,0.5,0.3,0.2,0.0,0.75,0.7,0.4,0.9,0.5,0.8,0.0,1.0,0.67,0.67,0.33,1.0,0.67,0.67,1.0,0.0,0.0,0.67,1.0,0.0,0.6,0.6,0.6,0.6,0.6,0.6,0.6,0.6,0.6,0.6,0.6,0.67,0.67,0.67
599,0.6555481553077698,female,51.0,45_54,french,canadian_quebecois,bachelor,under_20k,homemaker,16,1.0,single,0.0,2_persons,1.0,children_18_plus,other_christian,0.5,quebec_city,type_1,,0.33,0.67,0.67,0.67,0.67,0.67,1.0,adq,liberal,0.67,1.0,1.0,0.33,0.5,0.33,0.67,0.33,1.0,0.0,1.0,0.33,1.0,adq,bloc,0.5,0.3,0.7,0.6,0.4,0.55,0.45,0.75,0.8,,0.4,0.7,0.0,1.0,0.0,0.67,0.67,0.33,0.67,0.33,1.0,0.33,0.67,0.33,0.33,0.0,0.6,0.6,0.6,0.8,0.4,0.6,0.6,0.6,0.8,0.6,0.6,0.5,0.67,0.67
600,0.1873806416988372,male,58.0,55_64,french,canadian_quebecois,graduate,under_20k,unemployed,3,1.0,widowed,1.0,5_plus_persons,0.0,no_children,,,other,type_1,1.0,1.0,1.0,0.67,1.0,1.0,0.33,1.0,plq,ndp,0.67,1.0,0.67,1.0,1.0,0.33,0.33,0.33,1.0,,1.0,0.67,1.0,adq,conservative,0.55,0.7,0.8,0.75,0.75,0.55,0.75,0.85,0.75,0.65,0.7,0.7,0.0,1.0,0.33,0.33,0.67,0.33,0.33,0.33,1.0,0.0,0.67,0.67,0.67,0.0,0.6,0.6,,0.2,0.8,0.6,0.8,0.8,0.6,0.6,0.6,0.17,0.67,0.67
601,1.1433428525924685,male,48.0,45_54,french,canadian_quebecois,bachelor,over_150k,employed,26,1.0,widowed,1.0,5_plus_persons,0.0,no_children,,,quebec_city,type_1,1.0,0.67,1.0,0.67,0.67,1.0,0.33,1.0,adq,liberal,0.67,0.75,0.33,0.33,0.5,0.67,0.67,0.33,1.0,,1.0,0.33,1.0,plq,ndp,0.4,0.0,0.6,0.6,0.4,0.2,0.0,0.3,0.3,,0.3,0.7,0.0,1.0,0.0,0.67,0.67,0.67,1.0,0.33,1.0,,1.0,0.67,1.0,0.33,1.0,1.0,0.6,0.2,0.6,,0.6,0.6,1.0,1.0,0.6,1.0,0.67,0.5
602,0.3372038602828979,male,38.0,35_44,french,canadian_quebecois,high_school,,employed,12,1.0,divorced_separated,1.0,3_4_persons,0.0,children_under_18,other_christian,0.5,monteregie,type_1,,1.0,1.0,0.67,0.67,0.67,0.67,1.0,plq,conservative,1.0,0.5,1.0,0.67,0.5,0.67,0.67,0.67,1.0,0.0,1.0,0.67,1.0,adq,liberal,0.4,0.25,1.0,0.5,0.6,0.5,0.25,1.0,0.5,0.4,0.0,1.0,0.0,0.0,0.33,0.67,0.67,0.0,0.33,0.0,0.33,0.67,1.0,1.0,0.67,0.0,0.6,0.6,0.6,0.6,0.6,0.6,0.6,0.6,0.6,0.6,0.6,0.67,0.67,0.67
603,0.9163962006568908,male,48.0,45_54,french,canadian_quebecois,bachelor,40k_to_60k,employed,6,0.0,widowed,1.0,3_4_persons,0.0,children_under_18,catholic,0.0,montreal,type_1,,0.33,0.67,0.33,1.0,0.67,1.0,1.0,adq,bloc,0.67,1.0,0.33,0.0,0.5,1.0,1.0,0.33,1.0,0.0,1.0,0.0,1.0,plq,,0.65,0.4,0.5,0.4,0.2,0.5,0.5,0.5,0.4,0.0,0.5,1.0,0.0,1.0,0.0,0.0,0.67,0.0,1.0,0.0,0.67,0.0,0.0,1.0,0.33,1.0,,,1.0,,0.6,0.6,1.0,1.0,,1.0,1.0,0.17,0.67,0.67
604,0.6555481553077698,female,47.0,45_54,french,canadian_quebecois,bachelor,over_150k,employed,6,1.0,divorced_separated,1.0,3_4_persons,0.0,children_18_plus,protestant,0.0,other_regions,type_1,,1.0,1.0,0.33,0.67,0.67,0.33,1.0,plq,ndp,0.33,0.5,0.67,0.67,1.0,0.67,0.67,0.33,1.0,0.0,1.0,0.67,1.0,pq,green,0.6,0.75,0.5,0.5,0.7,0.5,0.7,0.45,0.8,0.6,0.8,0.8,0.0,1.0,0.0,0.67,0.67,0.33,0.33,0.67,1.0,0.0,0.67,0.67,0.67,0.33,0.8,0.8,1.0,0.2,0.4,0.6,0.8,0.8,0.8,0.8,0.6,0.83,0.5,0.5
605,0.9693608283996582,female,34.0,25_34,french,canadian_quebecois,bachelor,40k_to_60k,employed,6,1.0,widowed,1.0,5_plus_persons,0.0,children_under_18,protestant,0.5,other_regions,type_1,,1.0,1.0,0.67,0.67,0.67,0.67,1.0,qs,liberal,0.33,0.75,0.67,1.0,0.5,0.67,1.0,0.33,1.0,0.0,1.0,0.33,1.0,pq,ndp,0.3,0.6,0.7,0.5,0.6,0.3,0.8,0.8,0.6,0.6,0.8,0.6,0.0,1.0,0.33,0.67,1.0,1.0,0.33,0.33,1.0,0.33,0.67,0.67,0.33,0.33,0.6,0.6,,0.2,0.6,0.6,0.8,0.8,1.0,0.8,0.6,0.67,0.67,0.67
606,0.284705102443695,male,75.0,65_plus,french,canadian_quebecois,elementary,,self_employed,3,1.0,divorced_separated,0.0,1_person,1.0,no_children,catholic,0.5,quebec_city,type_1,,1.0,1.0,1.0,1.0,1.0,1.0,1.0,adq,liberal,1.0,1.0,1.0,1.0,0.5,0.67,0.67,0.67,1.0,0.0,0.0,0.67,1.0,plq,ndp,0.5,0.05,0.5,0.2,0.5,0.6,0.05,0.6,0.2,0.5,0.5,0.5,1.0,1.0,0.0,1.0,1.0,1.0,0.33,1.0,,1.0,1.0,1.0,1.0,1.0,1.0,1.0,1.0,1.0,1.0,1.0,1.0,1.0,1.0,1.0,1.0,1.0,1.0,0.67
607,0.3281298279762268,male,29.0,25_34,french,canadian_quebecois,graduate,over_150k,employed,12,1.0,divorced_separated,1.0,5_plus_persons,0.0,no_children,other_christian,1.0,eastern_quebec,type_1,,0.67,0.67,1.0,1.0,1.0,1.0,1.0,adq,green,0.0,0.5,0.67,0.0,0.5,0.67,0.67,0.0,1.0,0.0,1.0,0.33,1.0,adq,green,0.4,0.21,0.8,0.0,0.7,0.5,0.3,0.8,0.0,0.75,0.0,0.6,0.0,1.0,0.0,1.0,0.33,0.33,0.33,0.33,1.0,1.0,1.0,0.67,0.67,0.67,1.0,0.6,0.6,0.2,0.6,0.6,0.6,0.8,0.6,0.6,0.6,1.0,0.67,0.67
608,0.1873806416988372,male,60.0,55_64,french,canadian_quebecois,college_cegep,100k_to_120k,self_employed,3,1.0,widowed,1.0,3_4_persons,0.0,children_under_18,protestant,0.0,other_regions,type_1,,1.0,1.0,0.67,1.0,1.0,0.33,1.0,plq,ndp,1.0,0.75,0.67,0.33,1.0,1.0,1.0,0.33,,,1.0,0.67,1.0,,,0.2,0.8,0.2,0.7,0.7,0.0,0.7,0.6,0.7,0.7,0.6,0.8,0.0,1.0,1.0,1.0,1.0,0.33,0.67,0.67,1.0,0.67,0.33,0.67,1.0,0.0,0.8,0.8,0.8,0.2,0.4,0.8,0.8,0.8,0.8,0.8,0.8,0.83,0.67,0.67
609,0.212483525276184,female,57.0,55_64,french,canadian_quebecois,high_school,under_20k,employed,3,1.0,married,1.0,2_persons,1.0,children_under_18,other_christian,1.0,quebec_city,type_1,,1.0,1.0,0.67,1.0,1.0,0.67,1.0,pq,liberal,1.0,1.0,1.0,0.67,0.5,0.67,0.67,0.67,1.0,0.0,1.0,0.67,1.0,adq,liberal,0.7,0.3,0.8,0.0,0.0,0.5,0.0,0.7,0.0,0.0,0.5,1.0,1.0,1.0,0.0,1.0,0.67,0.67,0.33,1.0,1.0,1.0,0.67,0.67,1.0,1.0,0.6,1.0,0.6,0.8,0.8,0.6,0.6,0.8,1.0,1.0,0.6,1.0,0.67,0.67
610,0.9163962006568908,male,48.0,45_54,french,canadian_quebecois,bachelor,80k_to_100k,employed,6,1.0,widowed,,5_plus_persons,0.0,children_18_plus,catholic,0.0,monteregie,type_1,,0.67,0.67,0.33,0.33,0.33,0.0,0.0,adq,liberal,0.67,0.5,0.67,0.0,0.5,0.33,0.67,0.0,1.0,1.0,1.0,0.33,,,,0.6,0.01,0.65,0.0,0.5,0.55,0.05,0.7,0.0,,0.1,0.8,1.0,1.0,0.0,,0.67,0.33,0.33,1.0,0.33,0.33,1.0,0.67,0.67,0.33,0.6,1.0,1.0,0.2,0.6,0.6,0.6,0.6,1.0,,,1.0,0.67,0.67
611,0.4361772537231445,female,75.0,65_plus,other,canadian_quebecois,high_school,20k_to_40k,self_employed,3,1.0,single,1.0,2_persons,1.0,children_under_18,catholic,0.5,montreal,type_1,,1.0,1.0,0.67,0.67,0.67,,1.0,pq,liberal,0.67,0.75,0.67,0.67,,0.67,,0.67,0.0,0.0,0.0,0.67,1.0,plq,,0.6,0.3,0.5,0.25,0.25,0.7,0.5,0.6,0.4,,0.5,0.5,1.0,1.0,0.33,1.0,0.67,0.33,0.33,1.0,1.0,,0.67,0.67,,0.33,1.0,0.6,,,,0.6,1.0,,,,1.0,1.0,0.0,0.67
612,0.212483525276184,female,60.0,55_64,french,canadian_quebecois,bachelor,40k_to_60k,employed,3,1.0,widowed,1.0,3_4_persons,0.0,children_18_plus,other_religion,0.5,,type_1,,1.0,1.0,1.0,1.0,0.67,0.33,1.0,plq,ndp,0.33,1.0,1.0,0.33,1.0,1.0,1.0,0.33,,0.0,1.0,0.67,1.0,qs,green,0.5,0.5,0.5,0.8,0.8,0.5,0.5,0.4,0.8,0.6,0.5,0.4,0.0,1.0,0.33,0.67,0.67,0.0,0.67,0.0,1.0,0.0,0.0,0.67,0.33,0.0,0.4,0.4,0.4,0.4,0.4,0.4,0.4,0.4,,,0.4,0.5,0.5,0.5
613,1.2432608604431152,female,50.0,45_54,french,canadian_quebecois,high_school,under_20k,student,26,1.0,divorced_separated,,,1.0,no_children,other_christian,0.5,monteregie,type_1,,1.0,1.0,1.0,1.0,0.33,1.0,0.0,plq,other,1.0,1.0,1.0,0.67,,1.0,1.0,0.33,1.0,0.0,1.0,0.33,1.0,,,0.5,0.75,0.75,0.5,,0.5,0.5,0.75,,,,0.75,0.0,1.0,0.0,0.67,1.0,1.0,0.33,0.33,0.33,0.67,0.67,0.67,0.67,0.0,0.6,0.6,,0.2,0.8,0.6,0.6,0.8,,,0.6,0.67,0.67,0.67
614,1.595116138458252,female,66.0,65_plus,french,canadian_quebecois,bachelor,40k_to_60k,self_employed,7,1.0,common_law,1.0,2_persons,0.0,children_under_18,catholic,0.5,montreal,type_1,,1.0,1.0,0.33,0.67,1.0,0.33,1.0,plq,conservative,0.33,0.75,0.33,0.67,0.5,0.33,0.33,0.67,0.0,,0.0,0.67,,plq,,0.75,0.25,0.25,0.1,0.4,0.75,0.3,0.45,0.1,0.4,0.45,0.85,0.0,,0.0,0.33,1.0,0.0,0.33,1.0,1.0,1.0,0.67,1.0,1.0,0.33,1.0,1.0,1.0,1.0,1.0,1.0,1.0,1.0,1.0,1.0,1.0,1.0,0.0,
615,0.2219046652317047,male,47.0,45_54,french,canadian_quebecois,college_cegep,,employed,3,1.0,divorced_separated,,3_4_persons,0.0,children_under_18,catholic,0.0,montreal,type_1,,1.0,1.0,1.0,0.67,0.67,0.67,1.0,plq,conservative,0.33,0.75,0.67,0.33,,0.33,0.33,0.67,1.0,0.0,0.0,0.67,0.0,plq,ndp,0.75,0.6,0.7,0.5,0.5,0.8,0.6,0.7,,,0.5,0.7,1.0,1.0,0.33,0.67,0.33,0.33,0.33,0.33,1.0,1.0,0.67,0.67,0.67,0.33,1.0,0.6,1.0,0.2,1.0,0.6,0.8,0.8,0.6,1.0,0.6,1.0,1.0,1.0
616,0.6555481553077698,female,51.0,45_54,french,canadian_quebecois,college_cegep,40k_to_60k,employed,15,1.0,divorced_separated,1.0,3_4_persons,0.0,children_under_18,,,other_regions,type_1,1.0,0.67,0.67,0.67,0.67,0.33,0.33,1.0,plq,ndp,0.0,0.75,0.67,0.67,1.0,0.67,1.0,0.67,1.0,0.0,0.0,1.0,1.0,,,0.6,0.7,0.8,0.2,0.4,0.5,0.5,0.8,0.4,0.5,0.5,0.5,1.0,1.0,0.33,0.67,0.67,0.0,0.33,0.33,1.0,0.0,0.67,0.67,0.67,0.0,0.8,0.8,0.8,0.8,0.8,0.8,0.8,0.8,,0.6,0.8,1.0,0.67,0.67
617,1.889244079589844,female,38.0,35_44,french,canadian_quebecois,graduate,over_150k,employed,26,1.0,divorced_separated,1.0,5_plus_persons,0.0,no_children,protestant,0.5,other_regions,type_1,,1.0,1.0,0.33,1.0,1.0,0.67,1.0,plq,ndp,0.67,0.5,0.33,1.0,1.0,0.33,0.67,0.33,1.0,0.0,0.0,0.67,1.0,pq,ndp,0.4,0.7,0.6,0.2,0.1,0.4,0.8,0.95,0.6,0.4,0.2,0.9,1.0,1.0,0.33,0.0,0.67,0.33,1.0,0.67,1.0,0.0,0.67,0.67,0.67,0.0,1.0,0.8,1.0,0.2,0.4,0.6,0.8,0.8,0.8,0.6,0.6,0.67,0.67,0.67
618,1.5534865856170654,female,42.0,35_44,french,canadian_quebecois,high_school,,student,1,1.0,widowed,0.0,1_person,1.0,children_18_plus,other_religion,,monteregie,type_1,,0.67,0.67,0.67,0.67,,0.67,0.0,plq,ndp,0.67,0.75,0.67,0.33,,0.67,0.33,0.33,1.0,0.0,1.0,0.67,0.0,,,0.5,0.5,0.6,0.8,0.5,0.5,0.5,0.5,,,0.5,0.8,1.0,1.0,0.67,0.67,0.33,0.0,0.33,0.0,0.33,0.33,0.33,0.33,0.33,0.33,1.0,,,0.4,0.4,0.6,0.6,0.6,0.4,1.0,0.6,,,0.67
619,0.2516313791275024,female,45.0,35_44,french,canadian_quebecois,college_cegep,,self_employed,3,1.0,widowed,,2_persons,1.0,children_under_18,other_christian,0.5,other_regions,type_1,,0.67,0.67,1.0,0.67,1.0,0.33,1.0,plq,conservative,0.33,1.0,0.67,0.33,1.0,1.0,1.0,0.33,1.0,0.0,1.0,0.0,,adq,conservative,0.5,0.5,0.75,0.4,,0.3,0.3,0.8,0.3,,0.0,0.75,0.0,1.0,0.67,0.67,0.67,0.67,0.67,0.33,1.0,,0.33,0.67,0.33,0.33,0.6,0.6,0.6,0.8,0.6,0.6,0.6,0.6,0.6,0.6,0.6,0.67,0.67,0.67
620,0.9693608283996582,female,25.0,18_24,french,canadian_quebecois,bachelor,over_150k,employed,16,1.0,widowed,1.0,5_plus_persons,1.0,no_children,protestant,0.0,other_regions,type_1,,1.0,1.0,0.67,1.0,0.33,0.67,1.0,adq,liberal,0.33,1.0,0.67,1.0,0.0,0.33,0.67,0.33,1.0,0.0,1.0,0.67,0.0,other,,0.4,0.6,0.5,0.5,0.9,0.5,0.4,0.6,0.5,0.8,0.7,0.5,0.0,1.0,0.0,1.0,1.0,0.67,0.33,0.0,1.0,0.33,0.67,0.33,0.33,0.0,0.8,,,0.2,0.6,0.6,0.8,0.8,0.8,1.0,0.6,1.0,0.33,0.0
621,0.1873806416988372,male,59.0,55_64,french,canadian_quebecois,bachelor,40k_to_60k,employed,3,1.0,widowed,1.0,5_plus_persons,1.0,no_children,catholic,0.5,quebec_city,type_1,,1.0,1.0,0.33,0.67,1.0,0.33,0.0,adq,liberal,0.33,0.0,0.33,0.67,0.5,0.33,0.33,0.33,1.0,0.0,1.0,0.67,,,,0.6,0.4,0.2,0.02,0.02,0.5,0.3,0.2,0.05,0.05,0.0,0.8,1.0,0.0,0.0,1.0,1.0,0.0,1.0,1.0,1.0,0.0,0.67,1.0,1.0,1.0,1.0,1.0,1.0,0.2,1.0,1.0,1.0,1.0,1.0,1.0,1.0,1.0,1.0,0.67
622,0.3720875084400177,female,31.0,25_34,french,canadian_quebecois,graduate,40k_to_60k,employed,3,1.0,widowed,1.0,3_4_persons,0.0,children_18_plus,protestant,0.5,other_regions,type_1,,0.67,0.67,0.33,1.0,0.67,0.33,1.0,adq,liberal,0.67,0.75,0.67,0.33,1.0,0.33,0.33,0.33,0.0,,0.0,0.67,1.0,pq,green,0.3,0.7,0.4,0.4,0.5,0.3,0.6,0.3,0.3,0.4,0.6,0.6,0.0,1.0,0.33,1.0,0.67,0.33,0.33,0.67,1.0,0.33,0.67,0.67,0.67,0.33,0.8,0.8,1.0,0.2,0.8,0.6,0.8,0.8,0.8,1.0,0.4,0.83,0.83,0.67
623,0.5535573959350586,female,64.0,55_64,french,canadian_quebecois,college_cegep,20k_to_40k,self_employed,6,1.0,widowed,,2_persons,1.0,no_children,protestant,0.5,other_regions,type_1,,1.0,1.0,1.0,1.0,1.0,0.0,1.0,adq,conservative,1.0,0.75,0.67,1.0,1.0,0.33,,0.33,1.0,0.0,0.0,0.67,1.0,pq,,0.5,0.9,0.2,0.1,0.1,0.15,1.0,0.25,0.1,0.2,0.9,0.6,1.0,0.0,0.67,0.33,0.67,0.0,0.33,0.67,1.0,0.0,0.0,1.0,0.0,0.33,0.8,0.8,0.8,0.2,0.8,0.8,0.8,0.8,0.8,0.8,0.8,0.83,0.83,0.83
624,1.0409808158874512,female,58.0,55_64,english,canadian_quebecois,college_cegep,20k_to_40k,student,4,1.0,common_law,0.0,3_4_persons,1.0,children_18_plus,other_christian,0.5,,type_1,,0.67,0.67,0.33,0.67,0.67,0.67,1.0,adq,liberal,1.0,0.75,1.0,0.67,1.0,1.0,1.0,0.33,1.0,0.0,1.0,1.0,1.0,,,0.05,0.5,0.75,0.15,0.1,0.2,0.6,0.9,0.4,0.3,0.0,0.5,1.0,1.0,0.33,0.67,1.0,0.0,0.67,0.0,1.0,0.33,0.67,0.0,0.33,0.0,0.6,0.6,0.6,0.6,0.6,0.6,0.8,0.8,0.6,0.6,0.6,0.67,0.67,0.67
625,0.3228451609611511,female,74.0,65_plus,french,canadian_quebecois,graduate,,self_employed,3,1.0,widowed,,3_4_persons,0.0,children_under_18,protestant,1.0,other_regions,type_1,,0.0,1.0,0.67,1.0,0.33,0.0,1.0,adq,liberal,1.0,0.75,0.67,0.33,1.0,,1.0,0.0,1.0,1.0,0.0,0.0,1.0,pq,,0.0,0.5,0.0,0.0,0.0,0.0,0.2,0.0,0.2,0.1,0.5,0.5,0.0,1.0,0.33,1.0,1.0,0.0,0.67,0.67,,0.0,0.0,1.0,1.0,0.33,0.8,0.8,,0.8,0.8,0.8,0.8,0.8,,0.8,0.8,0.83,0.83,0.67
626,0.212483525276184,female,64.0,55_64,french,canadian_quebecois,high_school,80k_to_100k,self_employed,3,1.0,widowed,,3_4_persons,1.0,children_under_18,other_christian,1.0,other_regions,type_1,,1.0,1.0,1.0,1.0,1.0,0.0,1.0,adq,liberal,0.33,0.75,1.0,0.33,0.5,0.67,0.67,0.33,1.0,0.0,0.0,0.67,,adq,green,0.1,0.15,0.75,0.1,0.15,0.0,0.0,1.0,0.15,0.15,0.5,0.75,1.0,1.0,0.0,0.0,1.0,0.0,0.33,1.0,1.0,0.0,0.0,1.0,1.0,0.0,0.6,0.6,1.0,1.0,0.6,0.6,0.6,0.6,0.6,0.6,0.6,1.0,0.67,0.67
627,1.3865697383880615,female,42.0,35_44,french,canadian_quebecois,graduate,over_150k,employed,5,1.0,divorced_separated,1.0,5_plus_persons,0.0,no_children,protestant,0.5,other_regions,type_1,,1.0,1.0,0.67,1.0,0.67,0.67,1.0,plq,ndp,0.33,1.0,0.67,0.33,1.0,0.67,1.0,0.33,1.0,0.0,1.0,0.33,1.0,pq,green,0.3,0.4,0.4,0.4,0.3,0.3,0.2,0.5,0.5,0.5,0.3,0.6,0.0,1.0,0.0,0.67,0.67,0.67,0.33,0.67,1.0,0.33,0.67,0.67,1.0,0.0,0.8,0.8,0.8,1.0,0.4,0.6,0.8,0.8,0.6,1.0,0.4,1.0,0.5,0.5
628,0.3823769092559814,female,41.0,35_44,french,canadian_quebecois,bachelor,,employed,12,1.0,single,0.0,1_person,1.0,children_18_plus,catholic,0.0,montreal,type_1,,1.0,0.33,0.33,1.0,1.0,0.33,1.0,plq,ndp,1.0,1.0,1.0,0.0,0.5,0.0,0.67,0.67,0.0,0.0,,0.67,0.0,plq,ndp,0.7,0.0,0.5,0.3,0.1,0.7,0.0,0.6,1.0,,0.5,0.7,,,0.0,0.67,1.0,0.33,0.33,1.0,1.0,,0.67,1.0,0.67,0.33,1.0,1.0,1.0,0.2,0.4,1.0,1.0,1.0,1.0,1.0,1.0,1.0,0.67,0.5
629,0.7738205194473267,male,62.0,55_64,french,canadian_quebecois,college_cegep,20k_to_40k,self_employed,6,1.0,widowed,1.0,5_plus_persons,0.0,no_children,,,,type_1,0.0,0.67,0.67,0.67,1.0,0.67,0.0,1.0,plq,ndp,0.0,1.0,1.0,1.0,0.0,0.67,0.67,0.33,1.0,,0.0,0.0,1.0,,,0.2,0.5,0.4,0.05,0.1,0.1,0.15,0.1,0.0,0.03,0.5,0.5,0.0,1.0,0.33,0.67,0.67,0.67,0.67,0.33,1.0,0.33,0.67,0.67,0.67,0.33,,0.8,,0.8,0.6,0.6,0.8,0.8,0.6,,0.6,0.83,0.67,0.67
630,0.3720875084400177,female,26.0,25_34,french,canadian_quebecois,bachelor,under_20k,retired,3,1.0,widowed,1.0,2_persons,0.0,both,other_religion,0.0,other_regions,type_1,,1.0,0.67,0.33,1.0,0.67,0.33,1.0,adq,bloc,0.67,0.0,1.0,0.33,1.0,0.33,0.67,0.33,0.0,0.0,0.0,0.67,1.0,pq,bloc,0.5,0.7,0.1,0.7,0.6,0.7,0.6,0.5,0.6,0.75,0.75,0.7,0.0,1.0,0.0,0.67,0.67,0.33,0.33,0.67,1.0,0.0,0.33,0.67,1.0,0.0,1.0,0.8,0.8,0.4,0.8,0.8,0.8,0.8,1.0,1.0,0.4,0.83,0.5,0.5
631,0.9961626529693604,female,43.0,35_44,french,canadian_quebecois,college_cegep,40k_to_60k,employed,14,1.0,common_law,1.0,2_persons,1.0,no_children,protestant,1.0,other_regions,type_1,,1.0,0.33,0.33,0.67,0.33,0.0,1.0,plq,ndp,1.0,1.0,1.0,0.0,1.0,1.0,1.0,0.0,1.0,1.0,1.0,0.0,1.0,pq,bloc,0.0,0.95,0.0,0.75,0.65,0.0,1.0,0.5,0.25,0.0,0.0,0.75,0.0,,1.0,0.33,0.0,1.0,0.33,0.67,1.0,0.33,0.33,0.33,1.0,0.33,0.8,0.8,0.8,0.2,,0.8,0.8,0.8,0.8,0.8,0.8,0.67,0.83,0.83
632,0.74787837266922,female,58.0,55_64,english,other_european,bachelor,,homemaker,6,0.0,single,0.0,1_person,1.0,no_children,,,,type_1,0.0,1.0,0.67,1.0,1.0,0.67,1.0,1.0,plq,conservative,0.67,0.75,0.67,0.0,0.0,0.67,1.0,0.33,1.0,0.0,1.0,0.67,1.0,,,0.5,0.5,0.5,,0.5,0.5,0.7,0.6,,,0.8,0.8,0.0,1.0,0.0,0.67,1.0,0.33,0.67,0.33,0.33,1.0,0.0,0.33,0.67,1.0,,,0.8,,0.8,,,0.8,,1.0,1.0,,0.83,0.17
633,1.728875994682312,female,46.0,45_54,other,other,bachelor,40k_to_60k,employed,13,0.0,common_law,1.0,2_persons,1.0,children_under_18,catholic,0.5,montreal,type_1,,1.0,1.0,0.33,0.67,0.33,0.67,1.0,plq,conservative,0.33,0.75,0.33,0.33,0.5,0.67,0.67,0.33,0.0,0.0,1.0,0.33,1.0,plq,,0.5,0.5,0.3,,,0.5,,0.4,,,0.2,0.7,0.0,1.0,0.0,0.67,1.0,0.33,1.0,1.0,0.33,0.67,0.67,0.67,0.33,0.67,1.0,1.0,1.0,1.0,1.0,1.0,0.8,0.8,1.0,1.0,1.0,1.0,1.0,
634,0.9163962006568908,male,45.0,35_44,french,canadian_quebecois,high_school,20k_to_40k,employed,14,1.0,widowed,0.0,5_plus_persons,1.0,children_18_plus,protestant,0.5,quebec_city,type_1,,1.0,1.0,0.67,1.0,0.0,1.0,1.0,adq,liberal,1.0,1.0,1.0,0.0,1.0,1.0,1.0,0.0,1.0,,1.0,0.0,1.0,adq,conservative,0.0,0.0,0.0,,,0.05,0.5,0.5,0.2,0.2,0.0,0.5,0.0,0.0,0.0,1.0,0.67,1.0,0.33,0.0,1.0,0.0,0.0,0.0,0.0,0.0,,,,,,,,,,,,0.17,0.17,0.17
635,1.049834966659546,female,62.0,55_64,french,canadian_quebecois,high_school,,self_employed,26,1.0,single,1.0,1_person,0.0,children_under_18,other_religion,0.5,,type_1,,1.0,1.0,1.0,1.0,0.67,1.0,1.0,plq,,1.0,1.0,1.0,0.67,1.0,0.67,0.67,0.33,0.0,,0.0,0.33,1.0,,,0.7,0.7,0.7,0.75,0.7,0.7,0.7,0.6,0.6,0.65,0.8,0.8,1.0,1.0,0.67,0.67,0.33,0.67,0.33,0.33,0.33,0.67,0.67,0.67,0.33,0.67,0.8,0.8,0.8,0.8,0.8,0.8,0.8,0.8,0.8,0.8,0.8,1.0,1.0,1.0
636,1.881376266479492,male,35.0,25_34,english,other,bachelor,40k_to_60k,employed,16,,single,0.0,1_person,1.0,no_children,catholic,1.0,monteregie,type_1,,1.0,0.67,1.0,1.0,0.67,0.67,0.0,adq,conservative,1.0,0.75,0.67,0.67,1.0,0.0,0.33,0.0,1.0,1.0,1.0,1.0,0.0,,,0.8,0.0,0.1,0.0,0.4,0.5,0.0,0.05,0.0,0.1,0.9,0.5,1.0,0.0,0.33,1.0,0.33,1.0,0.33,1.0,0.67,1.0,1.0,1.0,1.0,0.0,1.0,1.0,0.8,1.0,0.8,0.8,0.8,1.0,1.0,1.0,0.8,1.0,1.0,0.67
637,1.3116263151168823,female,81.0,65_plus,french,canadian_quebecois,high_school,,self_employed,1,1.0,single,0.0,1_person,1.0,no_children,catholic,0.5,montreal,type_1,,1.0,1.0,0.67,1.0,1.0,0.33,1.0,plq,ndp,0.67,1.0,0.67,1.0,0.5,1.0,1.0,0.33,1.0,0.0,1.0,0.67,1.0,plq,green,0.5,0.2,0.4,,0.4,0.5,0.2,0.3,0.75,,0.35,0.5,1.0,0.0,0.0,0.0,1.0,1.0,0.33,1.0,1.0,1.0,0.0,0.67,0.67,0.0,1.0,1.0,0.6,1.0,0.6,0.6,0.8,1.0,,1.0,1.0,1.0,1.0,1.0
638,1.728875994682312,female,46.0,45_54,other,other_european,bachelor,40k_to_60k,employed,6,,widowed,0.0,1_person,1.0,children_18_plus,no_religion,0.5,other_regions,type_1,,1.0,0.67,0.67,0.67,0.33,0.67,1.0,adq,liberal,1.0,0.75,0.67,1.0,1.0,1.0,1.0,0.33,1.0,0.0,,0.67,1.0,plq,conservative,0.6,0.4,0.4,,0.2,0.5,0.3,0.3,,0.4,0.3,0.5,1.0,1.0,0.0,0.67,1.0,1.0,1.0,0.33,1.0,0.0,1.0,1.0,0.67,1.0,1.0,0.8,,0.2,0.2,0.6,0.8,0.8,0.8,1.0,0.8,1.0,0.33,0.33
639,0.9124647378921508,female,48.0,45_54,french,canadian_quebecois,high_school,20k_to_40k,employed,33,1.0,divorced_separated,0.0,5_plus_persons,0.0,no_children,protestant,0.5,other_regions,type_1,,1.0,1.0,1.0,1.0,1.0,1.0,1.0,plq,other,1.0,0.75,1.0,0.67,1.0,0.33,0.33,0.33,0.0,,0.0,0.67,0.0,adq,conservative,0.4,0.8,0.7,0.7,0.7,0.0,0.3,0.75,,,1.0,0.7,1.0,1.0,0.67,1.0,0.67,0.33,0.67,1.0,0.67,1.0,0.0,0.67,0.67,0.67,0.8,0.8,0.8,0.8,0.8,0.8,0.8,0.8,,0.8,,0.83,0.83,0.0
640,0.8410736918449402,female,69.0,65_plus,french,canadian_quebecois,high_school,20k_to_40k,self_employed,15,1.0,single,1.0,2_persons,0.0,children_under_18,other_christian,0.5,other_regions,type_1,,1.0,1.0,0.67,1.0,1.0,0.67,1.0,adq,liberal,0.67,0.75,1.0,0.67,0.5,0.33,0.67,0.33,0.0,0.0,1.0,0.67,1.0,pq,ndp,0.7,0.65,0.75,0.3,0.2,0.65,0.6,0.7,0.25,0.2,0.5,0.65,0.0,1.0,0.67,0.67,1.0,0.67,0.33,0.33,1.0,0.67,0.67,0.67,0.33,0.33,0.6,0.6,0.6,0.6,0.6,0.6,0.8,0.8,0.6,0.6,0.6,1.0,0.67,0.67
641,1.7374107837677002,male,38.0,35_44,french,canadian_quebecois,college_cegep,80k_to_100k,employed,24,1.0,widowed,,2_persons,0.0,children_under_18,other_christian,0.5,other_regions,type_1,,0.67,1.0,0.33,0.67,0.67,1.0,1.0,pq,liberal,0.33,0.5,1.0,0.33,0.5,0.67,0.67,0.33,1.0,0.0,1.0,0.33,1.0,adq,conservative,0.1,0.05,0.07,0.5,0.06,0.1,0.4,0.6,0.3,0.6,0.6,0.5,0.0,1.0,0.33,1.0,1.0,0.67,0.33,1.0,1.0,0.0,0.67,0.33,0.67,0.0,0.6,0.6,1.0,0.2,,0.6,0.6,0.8,,0.6,0.8,0.67,0.67,0.67
642,0.3281298279762268,male,32.0,25_34,french,canadian_quebecois,college_cegep,under_20k,retired,3,1.0,divorced_separated,1.0,5_plus_persons,1.0,no_children,no_religion,0.0,monteregie,type_1,,1.0,1.0,1.0,1.0,1.0,1.0,1.0,qs,liberal,1.0,1.0,1.0,1.0,0.5,1.0,1.0,0.0,1.0,1.0,1.0,0.33,1.0,adq,green,0.4,0.7,0.9,0.2,0.8,0.5,0.5,0.7,0.0,,0.0,0.4,0.0,0.0,0.0,1.0,1.0,1.0,0.67,0.0,1.0,0.0,0.0,1.0,1.0,0.0,0.6,1.0,1.0,0.6,0.6,1.0,0.6,0.6,0.6,0.6,0.6,0.67,0.67,1.0
643,0.9163962006568908,male,54.0,45_54,french,canadian_quebecois,high_school,under_20k,student,16,1.0,common_law,1.0,1_person,1.0,both,other_christian,0.5,quebec_city,type_1,,1.0,0.33,1.0,1.0,0.33,0.33,1.0,plq,ndp,0.67,1.0,0.33,1.0,1.0,0.0,1.0,0.0,1.0,0.0,1.0,0.0,1.0,adq,conservative,0.8,0.0,0.5,0.3,0.2,0.5,0.5,0.6,0.6,0.3,0.0,0.5,0.0,1.0,0.0,0.67,0.67,1.0,0.33,0.0,0.33,0.0,0.0,0.0,1.0,0.0,0.6,0.6,0.6,1.0,0.6,0.6,1.0,0.6,0.6,0.6,0.6,,0.67,0.67
644,0.8410736918449402,female,82.0,65_plus,french,canadian_quebecois,high_school,20k_to_40k,self_employed,6,1.0,common_law,0.0,1_person,1.0,no_children,catholic,0.5,quebec_city,type_1,,1.0,1.0,1.0,1.0,1.0,1.0,1.0,plq,ndp,1.0,1.0,1.0,1.0,0.5,0.67,0.67,0.33,1.0,,0.0,0.33,1.0,plq,,0.75,0.1,0.3,0.05,,0.75,0.5,0.6,0.15,0.05,0.0,1.0,0.0,0.0,0.0,,1.0,0.67,0.33,1.0,0.33,0.0,1.0,0.67,1.0,1.0,1.0,1.0,1.0,1.0,1.0,1.0,1.0,1.0,1.0,1.0,1.0,1.0,0.0,1.0
645,0.6453179717063904,male,20.0,18_24,french,canadian_quebecois,high_school,over_150k,retired,3,1.0,divorced_separated,0.0,5_plus_persons,0.0,children_under_18,protestant,1.0,monteregie,type_1,,0.67,0.67,0.33,1.0,0.67,1.0,1.0,plq,conservative,1.0,0.75,0.33,0.67,1.0,0.33,0.0,0.67,1.0,,0.0,0.67,1.0,pq,liberal,0.7,1.0,0.6,0.6,0.8,0.8,1.0,0.7,0.5,0.8,0.1,1.0,0.0,1.0,0.67,1.0,1.0,0.0,1.0,0.67,0.33,0.0,0.33,0.67,0.67,0.33,1.0,1.0,0.6,0.2,0.8,1.0,0.8,0.8,0.8,0.8,0.6,0.83,0.83,1.0
646,1.2432608604431152,female,49.0,45_54,french,canadian_quebecois,college_cegep,over_150k,employed,25,1.0,divorced_separated,0.0,3_4_persons,0.0,no_children,other_christian,0.0,quebec_city,type_1,,0.67,0.33,0.33,0.67,0.33,1.0,1.0,plq,conservative,0.33,0.5,0.0,0.0,1.0,1.0,1.0,0.33,1.0,0.0,1.0,0.33,1.0,adq,conservative,0.4,0.6,0.75,,,0.25,0.5,0.8,,,0.9,0.5,0.0,,0.33,0.67,1.0,1.0,0.33,1.0,0.33,1.0,1.0,0.67,0.67,0.0,1.0,1.0,0.6,0.8,0.8,1.0,0.6,0.8,0.6,1.0,0.6,0.67,0.67,0.67
647,0.9163962006568908,male,54.0,45_54,french,canadian_quebecois,college_cegep,80k_to_100k,employed,16,1.0,divorced_separated,,3_4_persons,0.0,children_under_18,protestant,0.0,other_regions,type_1,,1.0,1.0,0.67,0.67,0.67,1.0,1.0,plq,ndp,1.0,0.75,1.0,0.33,1.0,0.67,1.0,0.33,,0.0,1.0,0.0,0.0,adq,,0.0,0.4,0.6,0.3,0.3,0.2,0.4,0.7,,,0.6,0.6,1.0,1.0,0.33,,0.67,0.67,0.33,0.33,1.0,0.0,0.33,0.67,0.33,0.33,1.0,0.6,,0.2,0.8,0.6,0.8,0.8,,0.6,0.6,1.0,0.67,0.67
648,1.1706970930099487,female,71.0,65_plus,french,canadian_quebecois,graduate,,self_employed,4,1.0,single,,2_persons,1.0,no_children,catholic,0.0,quebec_city,type_1,,1.0,1.0,1.0,1.0,0.67,0.67,1.0,adq,liberal,0.0,1.0,0.67,0.67,0.5,0.67,1.0,0.33,1.0,0.0,0.0,0.67,1.0,plq,ndp,0.4,0.1,0.3,0.1,0.1,0.5,0.2,0.4,0.3,0.2,0.8,0.75,0.0,1.0,0.0,0.67,1.0,1.0,0.67,1.0,1.0,,0.67,1.0,0.67,0.67,1.0,1.0,1.0,0.2,0.4,0.6,1.0,,1.0,1.0,0.6,1.0,0.0,0.67
649,0.9961626529693604,female,41.0,35_44,french,canadian_quebecois,college_cegep,20k_to_40k,employed,6,1.0,widowed,1.0,2_persons,0.0,children_under_18,other_christian,0.5,montreal,type_1,,1.0,1.0,0.67,0.67,1.0,1.0,1.0,plq,ndp,1.0,1.0,1.0,0.67,0.5,1.0,1.0,0.33,1.0,0.0,1.0,0.33,0.0,adq,liberal,0.5,0.6,0.8,0.0,0.0,0.1,0.5,0.8,0.3,,0.3,0.5,0.0,1.0,0.0,0.0,0.0,1.0,0.33,0.0,0.33,1.0,1.0,1.0,0.67,0.67,0.8,0.6,0.8,1.0,0.6,0.6,0.6,1.0,0.6,0.6,0.6,0.67,0.67,0.67
650,3.615523815155029,female,19.0,18_24,french,canadian_quebecois,college_cegep,60k_to_80k,retired,26,1.0,widowed,1.0,3_4_persons,0.0,children_under_18,protestant,1.0,monteregie,type_1,,1.0,1.0,0.67,1.0,0.33,0.33,1.0,plq,ndp,1.0,0.75,0.67,0.33,1.0,0.33,0.33,0.33,0.0,0.0,0.0,0.67,0.0,,,0.6,0.8,0.7,0.7,0.7,0.6,0.9,0.8,0.75,,0.6,0.6,0.0,1.0,0.67,1.0,0.67,0.0,0.33,0.67,1.0,0.0,0.33,0.67,0.33,0.0,0.8,0.8,0.8,0.2,0.8,0.6,0.8,0.8,0.8,1.0,0.8,0.83,0.83,0.83
651,1.4200392961502075,male,66.0,65_plus,french,canadian_quebecois,elementary,under_20k,self_employed,4,1.0,divorced_separated,0.0,3_4_persons,1.0,both,protestant,1.0,quebec_city,type_1,,1.0,1.0,1.0,1.0,1.0,0.0,1.0,adq,liberal,0.67,1.0,1.0,0.33,1.0,0.67,0.67,0.0,1.0,1.0,0.0,1.0,1.0,pq,ndp,0.4,0.8,0.75,,0.8,0.8,0.6,0.8,,,0.8,0.8,1.0,0.0,0.0,1.0,0.67,0.67,0.67,0.33,0.33,,1.0,0.67,1.0,1.0,1.0,0.8,,1.0,0.6,0.6,0.8,0.8,0.8,0.6,0.6,1.0,0.67,0.67
652,0.9693608283996582,female,27.0,25_34,french,canadian_quebecois,college_cegep,60k_to_80k,employed,15,1.0,widowed,1.0,3_4_persons,0.0,children_18_plus,protestant,0.5,other_regions,type_1,,1.0,1.0,0.67,0.67,0.33,0.33,1.0,plq,ndp,0.33,0.5,1.0,0.33,1.0,0.33,0.33,0.67,1.0,,0.0,0.67,1.0,pq,ndp,0.5,0.8,0.6,0.3,0.4,0.2,0.7,0.5,0.2,0.1,0.4,0.9,1.0,0.0,0.67,1.0,0.67,0.67,0.33,0.67,1.0,0.33,0.67,0.33,0.67,0.33,0.8,0.8,0.8,0.2,0.8,0.6,0.8,0.8,0.8,0.8,0.8,0.17,0.67,0.83
653,0.9693608283996582,female,32.0,25_34,french,canadian_quebecois,graduate,over_150k,employed,6,0.0,widowed,1.0,5_plus_persons,0.0,no_children,other_christian,0.5,other_regions,type_1,,1.0,1.0,0.33,1.0,0.33,0.67,0.0,adq,liberal,0.67,0.75,1.0,0.33,0.5,0.67,1.0,0.33,1.0,,1.0,0.67,1.0,,,0.02,0.4,0.9,0.3,0.2,0.02,0.75,0.9,0.6,0.3,0.15,0.75,0.0,1.0,0.0,0.67,1.0,0.67,0.33,0.0,1.0,0.33,1.0,0.67,0.67,0.0,0.6,0.8,,0.8,0.6,0.6,0.8,0.8,0.8,0.6,0.6,0.67,0.67,0.67
654,1.9063955545425413,female,20.0,18_24,french,canadian_quebecois,college_cegep,,retired,13,1.0,divorced_separated,1.0,3_4_persons,0.0,children_under_18,protestant,0.0,other_regions,type_1,,1.0,1.0,0.33,1.0,0.67,0.67,1.0,plq,ndp,0.67,0.75,0.67,0.33,1.0,0.67,0.67,0.33,1.0,0.0,1.0,0.33,0.0,,,0.3,0.7,0.55,0.7,0.5,0.4,0.65,0.6,0.8,0.5,0.7,0.8,0.0,1.0,0.67,1.0,0.67,0.67,0.67,0.67,1.0,0.33,0.0,0.67,1.0,0.33,0.8,0.8,0.8,0.8,0.8,0.4,0.8,0.8,0.4,0.8,0.8,0.5,0.5,0.83
655,1.3865697383880615,female,40.0,35_44,french,canadian_quebecois,bachelor,over_150k,employed,33,1.0,widowed,1.0,3_4_persons,0.0,no_children,other_christian,0.5,,type_1,,0.67,0.67,0.0,1.0,1.0,0.67,1.0,plq,other,0.0,0.5,0.33,0.0,1.0,1.0,1.0,0.67,1.0,0.0,0.0,0.67,1.0,adq,green,0.3,0.5,0.9,,0.7,0.4,0.5,0.9,0.6,,0.75,0.75,1.0,1.0,0.33,0.67,0.33,0.33,0.33,0.33,1.0,0.67,0.67,0.67,0.33,0.0,0.6,0.6,0.6,0.2,0.4,1.0,0.8,0.8,1.0,0.6,0.6,0.67,0.67,0.67
656,0.3720875084400177,female,28.0,25_34,french,canadian_quebecois,college_cegep,over_150k,employed,3,1.0,widowed,1.0,3_4_persons,1.0,children_under_18,protestant,0.0,other_regions,type_1,,1.0,0.67,0.33,1.0,0.67,0.33,1.0,pq,liberal,0.33,0.5,1.0,0.33,1.0,0.33,0.67,0.67,0.0,0.0,1.0,0.67,0.0,adq,conservative,0.6,0.8,0.85,0.4,0.25,0.6,0.8,0.85,0.4,0.5,0.8,0.95,1.0,1.0,0.33,0.67,0.67,0.33,0.33,0.33,1.0,0.33,0.67,1.0,1.0,0.33,1.0,1.0,1.0,0.2,0.4,0.6,0.8,0.8,1.0,1.0,0.6,1.0,0.67,0.67
657,1.9063955545425413,female,21.0,18_24,french,canadian_quebecois,college_cegep,100k_to_120k,retired,16,1.0,widowed,1.0,3_4_persons,0.0,children_under_18,protestant,0.5,other_regions,type_1,,1.0,1.0,1.0,1.0,1.0,0.67,1.0,adq,liberal,1.0,1.0,0.67,0.67,1.0,0.33,0.33,0.33,1.0,0.0,0.0,0.33,1.0,pq,ndp,0.6,0.7,0.6,0.5,0.5,0.7,0.7,0.6,0.7,0.7,0.7,0.7,0.0,1.0,0.33,0.67,0.33,0.33,0.33,0.33,1.0,0.33,0.0,1.0,0.67,0.0,0.8,0.8,0.8,0.8,0.6,0.6,0.8,0.8,0.6,1.0,0.6,1.0,0.67,0.83
658,0.9961626529693604,female,38.0,35_44,french,canadian_quebecois,bachelor,over_150k,employed,16,1.0,widowed,1.0,5_plus_persons,0.0,no_children,other_christian,0.5,montreal,type_1,,1.0,1.0,0.33,0.33,0.67,0.67,1.0,plq,ndp,0.0,0.5,1.0,0.67,0.5,0.33,0.33,0.33,0.0,0.0,0.0,0.33,1.0,plq,conservative,0.8,0.5,1.0,0.7,0.8,0.4,0.6,0.8,0.5,0.5,0.0,0.8,0.0,1.0,0.0,0.67,0.33,0.33,0.33,0.0,0.67,0.0,0.0,0.33,0.33,0.33,0.4,0.4,1.0,0.2,1.0,1.0,0.2,0.2,0.8,1.0,0.2,0.67,0.67,0.67
659,0.212483525276184,female,58.0,55_64,french,canadian_quebecois,college_cegep,20k_to_40k,,3,1.0,widowed,1.0,5_plus_persons,1.0,children_18_plus,other_christian,0.0,outaouais,type_1,,0.67,1.0,0.33,1.0,0.33,0.0,0.0,,,0.33,0.75,1.0,0.0,,0.33,0.67,0.67,0.0,0.0,0.0,1.0,1.0,,,0.75,0.6,,,0.3,0.75,0.6,0.75,,,0.75,0.85,,,0.33,0.67,1.0,0.0,0.33,0.33,1.0,0.33,1.0,1.0,0.67,0.0,0.6,0.6,,0.6,0.6,1.0,,0.6,1.0,,0.6,,,0.67
660,0.212483525276184,female,56.0,55_64,french,canadian_quebecois,graduate,80k_to_100k,employed,3,1.0,divorced_separated,,2_persons,1.0,children_under_18,protestant,0.5,quebec_city,type_1,,1.0,1.0,0.67,0.67,0.67,0.33,1.0,adq,liberal,1.0,0.75,0.67,0.67,1.0,0.67,0.67,0.33,1.0,0.0,0.0,0.67,1.0,adq,conservative,0.5,0.75,0.8,0.4,0.6,0.25,0.5,0.75,0.5,0.5,0.6,0.6,0.0,1.0,0.33,0.67,0.67,0.67,1.0,0.67,1.0,0.33,1.0,1.0,0.67,0.33,,0.8,,0.2,0.4,0.6,0.8,0.8,0.6,0.6,0.6,0.17,0.67,0.67
661,1.889244079589844,female,41.0,35_44,french,canadian_quebecois,college_cegep,100k_to_120k,employed,26,1.0,widowed,0.0,5_plus_persons,1.0,no_children,,,,type_1,0.0,1.0,0.67,0.33,0.67,0.0,1.0,1.0,plq,ndp,0.0,1.0,1.0,0.33,0.5,1.0,1.0,0.33,1.0,0.0,1.0,1.0,0.0,,,,,,,,,,,,,0.2,,1.0,1.0,0.0,0.67,0.0,0.67,0.67,0.0,,0.33,1.0,0.33,0.0,0.0,,,,,,,,,,,,0.17,0.17,0.17
662,0.9654632806777954,male,55.0,45_54,french,canadian_quebecois,college_cegep,40k_to_60k,employed,26,1.0,widowed,,5_plus_persons,1.0,children_under_18,,,quebec_city,type_1,0.0,1.0,0.67,1.0,1.0,0.33,0.33,1.0,adq,liberal,0.67,0.75,0.67,1.0,0.5,1.0,1.0,0.33,1.0,0.0,1.0,0.67,1.0,plq,conservative,0.0,0.7,0.8,0.0,0.0,0.0,0.5,0.8,0.0,0.0,0.5,0.8,0.0,,0.0,0.0,0.0,0.0,0.33,0.0,1.0,1.0,0.33,1.0,1.0,1.0,0.6,0.6,,1.0,0.6,0.6,0.8,0.8,0.8,,0.6,0.67,0.67,0.67
663,1.3116263151168823,female,69.0,65_plus,french,canadian_quebecois,high_school,under_20k,self_employed,11,1.0,single,0.0,1_person,1.0,children_under_18,catholic,1.0,montreal,type_1,,1.0,1.0,0.33,1.0,1.0,1.0,1.0,plq,other,1.0,1.0,1.0,1.0,0.5,1.0,1.0,0.33,1.0,,0.0,1.0,0.0,plq,conservative,1.0,0.5,0.5,1.0,0.5,0.5,1.0,0.5,,0.5,0.5,0.5,0.0,1.0,1.0,0.67,1.0,1.0,0.33,0.33,0.67,0.67,0.33,1.0,1.0,1.0,1.0,1.0,1.0,1.0,1.0,1.0,1.0,1.0,1.0,1.0,1.0,0.83,0.83,0.83
664,0.3720875084400177,female,27.0,25_34,french,canadian_quebecois,bachelor,40k_to_60k,employed,3,1.0,widowed,1.0,5_plus_persons,0.0,no_children,other_christian,0.5,quebec_city,type_1,,1.0,1.0,0.67,0.67,0.67,1.0,1.0,plq,other,0.0,0.75,0.33,0.33,0.5,0.67,0.67,0.67,1.0,0.0,1.0,0.33,1.0,adq,liberal,0.6,0.3,0.8,,0.5,0.5,0.6,0.8,,,0.5,0.7,1.0,0.0,0.0,0.67,0.33,0.33,0.33,1.0,0.67,1.0,1.0,0.67,0.33,0.33,0.6,0.6,0.8,0.2,1.0,0.6,0.8,0.8,0.6,0.8,0.6,0.83,0.67,0.67
665,0.8410736918449402,female,68.0,65_plus,french,canadian_quebecois,bachelor,20k_to_40k,self_employed,13,1.0,common_law,0.0,5_plus_persons,0.0,no_children,protestant,1.0,other_regions,type_1,,1.0,1.0,1.0,0.33,1.0,0.33,1.0,adq,liberal,1.0,1.0,0.67,0.67,1.0,0.67,0.67,0.33,1.0,0.0,1.0,0.67,0.0,pq,ndp,0.5,0.7,0.6,,,0.5,0.6,0.6,0.2,,0.7,0.6,0.0,1.0,1.0,1.0,1.0,0.33,0.33,0.67,1.0,0.0,0.0,0.33,0.67,0.0,,0.8,0.6,0.8,0.8,0.6,0.8,0.8,0.8,0.8,0.8,0.67,0.83,0.67
666,1.1068066358566284,male,49.0,45_54,french,canadian_quebecois,high_school,over_150k,employed,4,1.0,widowed,,5_plus_persons,0.0,no_children,protestant,1.0,monteregie,type_1,,1.0,1.0,1.0,1.0,1.0,1.0,1.0,other,liberal,0.67,1.0,1.0,1.0,1.0,0.67,0.33,0.33,,0.0,1.0,0.67,1.0,pq,,0.0,0.9,0.4,,0.5,0.1,0.6,0.3,0.2,0.3,0.0,0.7,0.0,1.0,,0.67,0.33,0.67,0.67,,1.0,0.0,0.67,0.67,,0.0,,0.8,,0.2,,1.0,0.8,0.8,1.0,0.6,0.8,1.0,0.17,
667,0.9654632806777954,male,58.0,55_64,french,canadian_quebecois,high_school,40k_to_60k,self_employed,7,1.0,widowed,,2_persons,0.0,no_children,,,,type_1,1.0,0.67,0.67,0.33,0.33,0.0,1.0,1.0,adq,liberal,0.33,0.75,0.33,1.0,0.5,0.67,0.67,0.0,1.0,0.0,1.0,0.33,1.0,,,0.5,0.3,0.6,0.0,0.05,0.5,0.4,0.7,,0.3,0.0,0.5,0.0,1.0,0.0,0.67,0.67,0.33,0.33,0.0,1.0,0.33,1.0,0.67,0.33,0.0,,,1.0,,,0.6,0.6,0.6,,0.6,0.6,1.0,0.67,0.67
668,0.3372038602828979,male,40.0,35_44,french,canadian_quebecois,high_school,under_20k,employed,3,1.0,widowed,1.0,3_4_persons,1.0,no_children,other_christian,0.0,montreal,type_1,,1.0,0.67,0.67,0.67,1.0,1.0,1.0,plq,conservative,0.33,1.0,1.0,0.67,1.0,1.0,0.33,0.67,1.0,0.0,0.0,0.67,1.0,adq,conservative,0.6,0.7,0.8,0.15,0.15,0.7,0.65,0.8,0.15,,0.8,0.85,1.0,1.0,0.67,1.0,0.67,0.67,0.33,0.67,0.33,0.33,0.33,1.0,1.0,0.33,0.6,0.6,1.0,0.2,0.6,1.0,0.6,0.8,0.8,1.0,0.6,1.0,0.83,0.67
669,0.2516313791275024,female,51.0,45_54,french,canadian_quebecois,college_cegep,20k_to_40k,student,3,1.0,widowed,1.0,3_4_persons,0.0,both,protestant,0.5,,type_1,,1.0,0.67,1.0,1.0,0.67,0.33,1.0,adq,liberal,1.0,1.0,1.0,0.33,1.0,1.0,1.0,0.33,1.0,0.0,1.0,0.33,0.0,,,0.3,0.5,0.6,0.2,0.5,0.05,0.6,0.4,,0.2,0.5,0.65,1.0,1.0,0.67,0.67,0.67,0.67,0.67,0.67,1.0,0.67,0.33,0.67,0.67,0.33,0.8,0.8,0.8,0.8,0.8,0.6,0.8,0.8,0.8,0.6,,0.67,0.83,0.67
670,1.3550678491592407,male,32.0,25_34,french,canadian_quebecois,graduate,40k_to_60k,employed,16,1.0,widowed,1.0,3_4_persons,0.0,children_under_18,other_christian,0.5,,type_1,,0.67,0.67,0.67,0.67,0.67,0.33,1.0,adq,bloc,0.67,0.75,0.67,0.33,1.0,0.67,0.67,0.33,0.0,0.0,1.0,0.67,1.0,,,0.6,0.7,0.7,0.6,0.7,0.6,0.7,0.75,0.6,0.7,0.65,0.7,1.0,1.0,0.67,0.67,0.0,0.67,0.33,0.33,0.33,0.33,0.67,0.33,0.33,0.33,0.8,0.8,1.0,0.2,0.8,0.6,0.8,0.6,0.6,0.6,0.6,1.0,0.67,0.67
671,0.8410736918449402,female,68.0,65_plus,french,canadian_quebecois,high_school,under_20k,employed,6,1.0,divorced_separated,,2_persons,0.0,children_under_18,catholic,0.5,quebec_city,type_1,,1.0,0.67,0.67,0.67,0.33,0.67,1.0,plq,ndp,0.0,0.75,0.67,0.67,0.5,0.67,0.67,0.33,0.0,,0.0,0.67,1.0,plq,ndp,0.5,0.5,0.5,0.5,0.5,0.75,0.5,0.7,0.5,0.25,0.1,0.5,0.0,1.0,0.67,0.67,0.67,0.67,0.33,0.33,0.33,0.67,0.67,0.67,0.67,0.67,1.0,1.0,1.0,1.0,1.0,1.0,1.0,0.8,1.0,1.0,1.0,1.0,0.0,0.0
672,3.585020065307617,female,20.0,18_24,english,canadian_quebecois,college_cegep,under_20k,,5,1.0,widowed,1.0,3_4_persons,0.0,children_under_18,protestant,0.5,monteregie,type_1,,1.0,1.0,0.67,0.67,,0.67,1.0,,other,,0.75,0.67,0.33,0.5,0.67,0.67,0.0,0.0,0.0,1.0,1.0,1.0,pq,green,0.2,0.8,0.2,0.5,0.5,0.1,0.8,0.3,0.5,0.7,0.5,0.4,0.0,,0.33,0.67,0.67,0.33,,0.33,,0.33,0.33,0.67,0.33,0.33,0.8,0.8,,0.2,,,,0.8,0.8,,,0.83,0.33,0.83
673,1.1757395267486572,male,67.0,65_plus,french,canadian_quebecois,high_school,20k_to_40k,self_employed,6,1.0,widowed,1.0,3_4_persons,0.0,no_children,protestant,1.0,other_regions,type_1,,1.0,0.67,0.67,1.0,0.67,0.0,1.0,plq,ndp,0.67,1.0,0.33,1.0,1.0,0.67,0.67,0.33,1.0,0.0,0.0,0.67,1.0,pq,ndp,0.0,0.8,0.75,,,0.1,0.4,0.5,0.05,0.05,0.6,0.5,1.0,1.0,0.33,1.0,1.0,0.67,0.33,0.67,1.0,0.0,0.0,0.67,0.67,0.33,0.8,0.8,0.8,0.8,0.8,0.8,0.8,0.8,0.8,0.6,0.8,0.83,0.83,0.83
674,0.5535573959350586,female,58.0,55_64,french,canadian_quebecois,high_school,under_20k,employed,16,1.0,single,1.0,1_person,1.0,no_children,protestant,0.5,other_regions,type_1,,1.0,1.0,0.67,1.0,1.0,1.0,1.0,plq,other,0.33,1.0,1.0,1.0,,1.0,1.0,0.33,1.0,1.0,1.0,0.33,1.0,pq,green,0.2,0.95,0.6,,0.7,0.2,0.95,0.7,,,0.5,0.5,0.0,0.0,,0.67,0.67,0.67,0.67,0.0,1.0,0.67,0.0,0.33,,0.0,0.8,0.8,0.8,0.8,0.8,0.8,1.0,1.0,,,,0.83,0.83,0.83
675,0.8410736918449402,female,65.0,55_64,french,canadian_quebecois,high_school,under_20k,self_employed,6,1.0,divorced_separated,1.0,5_plus_persons,1.0,no_children,protestant,1.0,other,type_1,,1.0,1.0,1.0,1.0,1.0,0.0,1.0,plq,conservative,,0.75,0.67,,1.0,1.0,1.0,0.0,1.0,,1.0,0.0,1.0,pq,,0.0,0.85,0.4,0.0,0.0,0.0,0.85,0.4,,,0.25,0.3,1.0,0.0,1.0,0.0,0.0,1.0,0.33,0.67,1.0,0.0,0.33,,,0.0,0.8,0.8,0.8,0.8,0.8,0.8,0.8,0.8,0.8,0.6,0.6,0.67,,0.67
676,0.3823769092559814,female,37.0,35_44,french,canadian_quebecois,college_cegep,40k_to_60k,employed,3,1.0,divorced_separated,1.0,3_4_persons,1.0,no_children,protestant,0.0,other_regions,type_1,,1.0,1.0,1.0,1.0,0.67,0.67,1.0,plq,conservative,1.0,1.0,1.0,1.0,,1.0,1.0,0.33,1.0,0.0,1.0,0.67,0.0,pq,ndp,0.2,0.7,0.5,,,0.2,0.3,0.5,,0.4,0.1,0.8,1.0,1.0,0.0,0.67,0.67,0.33,0.33,0.33,1.0,1.0,1.0,0.33,0.67,0.0,,0.6,,0.6,,,0.8,0.8,0.6,,0.6,0.17,0.67,0.67
677,0.7705016136169434,female,57.0,55_64,french,canadian_quebecois,,under_20k,self_employed,4,1.0,widowed,1.0,3_4_persons,0.0,children_under_18,protestant,0.0,,type_1,,1.0,1.0,1.0,1.0,0.67,0.67,1.0,plq,,0.67,1.0,1.0,1.0,1.0,0.0,1.0,0.33,1.0,1.0,0.0,0.0,1.0,pq,,0.6,0.6,0.6,0.6,0.5,0.0,0.6,0.2,0.2,,0.6,0.5,0.0,1.0,0.67,0.67,1.0,0.67,0.33,0.33,1.0,1.0,1.0,0.67,0.67,0.0,0.8,0.8,0.8,0.8,0.8,0.8,0.8,0.8,0.8,0.8,0.8,0.83,,0.67
678,1.3925409317016602,male,39.0,35_44,french,canadian_quebecois,college_cegep,over_150k,employed,16,1.0,widowed,1.0,5_plus_persons,0.0,children_under_18,,,montreal,type_1,0.0,0.33,1.0,0.33,0.0,0.0,0.33,1.0,plq,ndp,0.33,0.75,0.67,0.0,0.5,0.33,1.0,0.0,1.0,,1.0,0.67,0.0,other,liberal,0.4,0.3,0.05,0.15,0.4,0.3,0.3,0.05,0.1,,0.7,0.65,0.0,1.0,1.0,0.67,0.67,1.0,0.33,0.67,0.33,0.33,0.67,1.0,1.0,0.0,,1.0,,1.0,,1.0,0.8,0.8,0.8,,0.8,1.0,0.83,
679,0.2516313791275024,female,50.0,45_54,french,canadian_quebecois,college_cegep,40k_to_60k,employed,3,1.0,widowed,1.0,3_4_persons,0.0,children_under_18,protestant,0.5,quebec_city,type_1,,1.0,1.0,0.67,0.67,0.33,0.33,1.0,plq,ndp,1.0,0.75,0.33,0.33,1.0,1.0,1.0,0.0,1.0,1.0,1.0,0.33,0.0,adq,conservative,0.5,0.75,0.8,,,0.5,0.75,0.85,0.4,0.3,0.6,0.6,1.0,1.0,0.67,0.67,0.33,0.67,0.33,0.33,1.0,1.0,1.0,0.67,0.67,0.0,0.6,0.6,0.6,0.6,0.6,0.6,0.6,0.6,0.6,0.6,0.6,0.17,0.67,0.67
680,0.9163962006568908,male,49.0,45_54,french,canadian_quebecois,bachelor,,employed,15,1.0,divorced_separated,1.0,5_plus_persons,0.0,both,protestant,0.5,outaouais,type_1,,0.67,1.0,0.33,0.67,0.0,0.0,1.0,adq,bloc,0.33,1.0,0.67,0.0,1.0,0.67,0.33,0.33,0.0,0.0,1.0,1.0,1.0,pq,bloc,0.3,0.6,0.2,0.8,0.6,0.2,0.4,0.5,0.8,0.6,0.8,0.7,1.0,1.0,0.67,0.67,0.67,0.33,0.33,0.67,1.0,0.33,0.33,1.0,0.67,0.33,1.0,0.8,0.8,0.4,0.4,0.8,0.8,0.8,0.8,1.0,0.4,1.0,0.5,0.5
681,1.2432608604431152,female,47.0,45_54,french,canadian_quebecois,bachelor,40k_to_60k,employed,7,1.0,widowed,,5_plus_persons,0.0,children_under_18,,,outaouais,type_1,0.0,1.0,1.0,0.0,1.0,0.67,1.0,1.0,adq,liberal,1.0,0.75,0.33,0.33,0.5,1.0,0.67,0.0,1.0,0.0,1.0,0.33,0.0,,,0.35,0.35,0.45,0.4,0.6,0.0,0.4,0.6,0.4,,0.8,0.7,0.0,1.0,0.33,0.67,1.0,0.33,0.33,0.67,1.0,0.67,0.0,0.67,0.67,0.0,0.4,0.6,0.6,0.2,0.4,0.6,0.4,0.4,,0.6,0.6,0.67,0.67,0.67
682,0.8410736918449402,female,68.0,65_plus,french,canadian_quebecois,elementary,under_20k,self_employed,6,1.0,widowed,0.0,1_person,1.0,no_children,catholic,0.5,montreal,type_1,,0.67,0.67,0.67,0.67,0.67,0.67,1.0,other,liberal,0.67,0.75,0.67,0.67,0.5,1.0,1.0,0.33,1.0,0.0,,0.33,1.0,plq,,1.0,0.0,0.0,0.0,0.0,1.0,0.0,0.0,,0.0,0.5,0.5,0.0,1.0,0.0,1.0,1.0,1.0,0.33,0.0,1.0,0.67,0.0,1.0,0.0,0.33,,1.0,,1.0,1.0,1.0,1.0,1.0,1.0,1.0,1.0,1.0,1.0,1.0
683,0.3720875084400177,female,26.0,25_34,french,canadian_quebecois,bachelor,20k_to_40k,,3,1.0,widowed,1.0,5_plus_persons,0.0,children_under_18,,,quebec_city,type_1,0.0,1.0,1.0,0.0,1.0,0.33,0.67,1.0,plq,bloc,0.33,0.75,0.33,0.33,,0.33,0.67,0.33,0.0,0.0,1.0,0.67,0.0,adq,conservative,0.5,0.5,0.6,,,0.5,0.5,0.75,,,0.5,0.8,0.0,1.0,0.67,0.67,0.33,0.67,,0.33,,,0.67,0.67,0.33,0.33,,0.8,,,,1.0,0.8,,0.6,,0.6,,0.67,0.67
684,0.9163962006568908,male,54.0,45_54,french,canadian_quebecois,graduate,80k_to_100k,employed,6,0.0,widowed,1.0,3_4_persons,0.0,children_under_18,protestant,0.5,other_regions,type_1,,1.0,1.0,0.67,1.0,0.67,0.33,1.0,plq,ndp,0.67,0.75,0.67,1.0,1.0,0.67,1.0,0.33,1.0,0.0,1.0,0.67,1.0,pq,ndp,0.54,0.7,0.69,0.12,0.55,0.3,0.55,0.65,0.1,0.6,0.3,0.55,0.0,1.0,0.33,1.0,0.67,0.67,0.67,0.67,1.0,1.0,0.33,0.0,0.0,0.0,0.8,0.8,0.8,0.2,0.6,0.6,0.8,0.8,0.8,0.6,0.6,0.67,0.33,0.67
685,1.3865697383880615,female,40.0,35_44,french,canadian_quebecois,college_cegep,over_150k,employed,5,1.0,divorced_separated,1.0,3_4_persons,1.0,no_children,protestant,0.5,other_regions,type_1,,1.0,1.0,0.67,1.0,1.0,0.67,1.0,qs,ndp,1.0,1.0,1.0,1.0,0.5,0.67,0.67,0.33,1.0,0.0,1.0,0.67,1.0,pq,ndp,0.2,0.9,0.85,0.75,0.75,0.6,0.85,0.8,,0.2,0.0,0.95,0.0,1.0,0.33,0.67,1.0,0.33,0.67,0.33,1.0,0.67,0.67,0.33,0.67,0.0,0.6,0.6,0.6,0.2,,0.6,0.8,0.8,0.8,,0.6,0.17,0.67,0.67
686,0.2516313791275024,female,53.0,45_54,french,canadian_quebecois,bachelor,under_20k,employed,3,1.0,divorced_separated,1.0,3_4_persons,0.0,children_under_18,other_christian,0.5,other,type_1,,0.67,0.67,0.33,0.67,0.67,0.67,1.0,adq,liberal,0.33,0.75,0.67,0.33,0.5,0.33,0.67,0.33,1.0,0.0,0.0,0.67,1.0,other,ndp,0.75,0.6,0.75,0.5,0.6,0.7,0.6,0.7,0.6,0.6,0.5,0.7,0.0,1.0,0.0,0.67,1.0,0.33,1.0,0.33,0.33,0.33,0.67,0.67,0.67,0.67,1.0,1.0,1.0,0.2,0.4,0.6,1.0,0.8,0.6,1.0,0.6,1.0,0.67,0.67
687,1.4200392961502075,male,65.0,55_64,french,canadian_quebecois,high_school,40k_to_60k,employed,5,1.0,divorced_separated,1.0,2_persons,1.0,no_children,protestant,0.5,quebec_city,type_1,,1.0,1.0,0.0,0.67,1.0,0.0,1.0,adq,liberal,1.0,1.0,0.67,1.0,1.0,0.67,1.0,0.33,1.0,0.0,1.0,0.67,1.0,pq,ndp,0.5,0.75,0.65,0.1,0.25,0.3,0.6,0.75,0.6,0.5,0.6,0.95,0.0,1.0,1.0,0.67,0.67,0.0,1.0,0.67,1.0,0.0,1.0,0.67,0.0,0.33,0.6,0.6,0.8,0.6,0.6,0.6,0.6,0.8,0.8,0.8,0.8,0.67,0.83,0.67
688,1.3925409317016602,male,42.0,35_44,french,canadian_quebecois,high_school,40k_to_60k,employed,13,1.0,common_law,1.0,2_persons,0.0,children_under_18,other_christian,0.5,other_regions,type_1,,0.67,1.0,0.33,1.0,0.67,0.67,1.0,plq,ndp,1.0,1.0,1.0,0.67,1.0,1.0,1.0,0.33,1.0,0.0,0.0,0.67,1.0,adq,conservative,0.3,0.5,0.7,0.2,0.3,0.4,0.5,0.8,0.3,0.1,0.5,0.5,1.0,1.0,0.33,0.67,1.0,0.67,0.33,0.33,1.0,0.0,0.67,0.67,1.0,0.67,0.6,0.6,0.6,0.6,0.6,0.6,0.6,0.6,0.6,0.6,0.6,1.0,0.67,0.67
689,0.3823769092559814,female,39.0,35_44,french,canadian_quebecois,college_cegep,20k_to_40k,employed,3,1.0,divorced_separated,1.0,3_4_persons,1.0,both,catholic,1.0,montreal,type_1,,1.0,1.0,1.0,1.0,1.0,1.0,1.0,plq,ndp,0.33,1.0,1.0,0.67,0.5,0.33,0.33,0.67,1.0,0.0,0.0,1.0,1.0,plq,ndp,0.9,0.7,0.8,0.6,0.5,0.9,0.7,0.8,0.6,0.6,0.7,0.7,1.0,1.0,0.0,0.67,1.0,1.0,1.0,1.0,0.33,1.0,1.0,1.0,1.0,0.0,1.0,1.0,1.0,0.6,0.6,1.0,1.0,0.6,1.0,1.0,0.6,1.0,1.0,0.67
690,1.1068066358566284,male,45.0,35_44,french,canadian_quebecois,high_school,40k_to_60k,employed,17,1.0,divorced_separated,0.0,5_plus_persons,1.0,no_children,other_christian,0.5,quebec_city,type_1,,0.33,0.67,0.0,0.0,1.0,0.0,1.0,pq,liberal,1.0,0.5,1.0,1.0,0.5,1.0,1.0,0.0,1.0,0.0,1.0,0.33,1.0,adq,liberal,0.6,0.4,0.8,0.1,0.1,0.6,0.2,0.8,0.5,,0.05,0.8,0.0,1.0,0.0,0.67,1.0,1.0,0.33,1.0,1.0,1.0,1.0,0.0,0.0,0.0,0.6,0.6,0.6,0.6,0.6,0.6,0.6,0.6,0.6,0.6,0.6,1.0,0.67,0.67
691,0.3372038602828979,male,39.0,35_44,french,canadian_quebecois,graduate,over_150k,employed,12,1.0,common_law,0.0,2_persons,0.0,no_children,other_christian,1.0,quebec_city,type_1,,0.33,0.67,0.33,0.67,1.0,0.33,1.0,qs,liberal,0.67,0.5,0.67,0.33,1.0,0.67,0.67,0.67,1.0,0.0,1.0,0.67,0.0,adq,,0.35,0.25,0.86,0.02,0.1,0.45,0.1,0.8,0.02,0.05,0.0,1.0,0.0,1.0,0.33,1.0,1.0,0.33,0.67,0.33,1.0,0.67,1.0,0.67,0.67,0.67,1.0,0.6,0.6,0.6,0.4,0.6,0.6,0.6,0.6,0.6,0.6,0.67,0.67,0.67
692,1.690662503242493,male,28.0,25_34,french,canadian_quebecois,bachelor,80k_to_100k,employed,24,1.0,widowed,1.0,5_plus_persons,0.0,children_under_18,other_christian,0.5,outaouais,type_1,,1.0,0.67,0.33,0.67,0.33,0.33,1.0,adq,bloc,0.33,0.5,0.67,0.33,0.5,0.67,0.33,0.33,0.0,0.0,1.0,0.67,1.0,adq,liberal,0.6,0.5,0.8,0.2,0.5,0.6,0.5,0.8,0.2,0.5,0.2,0.8,0.0,1.0,0.0,1.0,0.67,0.33,0.33,1.0,1.0,0.67,1.0,0.67,1.0,0.33,0.6,0.6,0.6,1.0,1.0,0.6,0.8,0.8,0.6,0.6,0.6,1.0,0.67,0.67
693,1.299885392189026,male,46.0,45_54,french,canadian_quebecois,high_school,60k_to_80k,employed,9,1.0,widowed,,1_person,1.0,no_children,protestant,0.0,quebec_city,type_1,,1.0,1.0,,1.0,,1.0,1.0,plq,ndp,0.67,0.75,1.0,0.67,0.5,1.0,0.67,0.0,1.0,0.0,1.0,0.0,0.0,pq,,0.0,0.25,0.25,,0.2,0.0,0.05,0.05,,,0.9,0.9,0.0,0.0,0.0,0.0,0.67,1.0,0.33,0.0,1.0,0.67,,,,0.33,,,,,,,,,,,,0.17,0.17,
694,1.8384100198745728,female,26.0,25_34,french,canadian_quebecois,high_school,under_20k,homemaker,24,1.0,widowed,1.0,5_plus_persons,1.0,no_children,other_christian,1.0,other_regions,type_1,,1.0,1.0,0.67,0.67,0.33,0.33,1.0,plq,ndp,0.0,0.75,1.0,1.0,0.5,0.67,0.67,0.33,1.0,0.0,0.0,1.0,0.0,adq,conservative,0.7,0.85,0.95,0.45,0.5,0.6,0.75,0.95,0.3,0.1,0.7,0.5,1.0,0.0,0.0,1.0,0.67,0.33,0.33,0.33,1.0,0.0,1.0,0.33,0.33,0.33,0.6,0.6,0.6,0.6,0.6,0.6,0.8,0.6,0.6,0.6,0.6,0.67,0.67,0.67
695,0.212483525276184,female,59.0,55_64,french,canadian_quebecois,high_school,under_20k,employed,3,0.0,widowed,1.0,5_plus_persons,0.0,no_children,catholic,1.0,montreal,type_1,,1.0,0.33,0.33,1.0,0.67,0.67,1.0,plq,bloc,1.0,1.0,0.33,1.0,0.5,0.33,0.67,0.33,0.0,,0.0,1.0,1.0,,,0.75,0.0,0.6,0.0,0.5,0.75,0.0,0.6,0.0,,0.6,0.5,0.0,1.0,0.0,0.67,1.0,0.33,0.33,1.0,0.33,0.67,0.67,0.67,0.67,1.0,1.0,1.0,1.0,0.2,1.0,1.0,1.0,1.0,1.0,1.0,0.6,1.0,0.67,0.67
696,1.690662503242493,male,28.0,25_34,french,canadian_quebecois,graduate,80k_to_100k,employed,26,1.0,divorced_separated,1.0,2_persons,0.0,children_under_18,other_christian,0.5,other_regions,type_1,,1.0,1.0,1.0,1.0,0.33,0.33,1.0,adq,conservative,0.33,1.0,1.0,0.33,0.5,0.33,1.0,0.33,1.0,,0.0,0.67,1.0,adq,,0.4,0.5,0.8,0.3,0.5,0.5,0.5,0.8,,,0.4,0.5,0.0,1.0,0.0,1.0,0.33,0.33,0.67,0.33,1.0,0.0,1.0,1.0,1.0,1.0,0.6,0.8,0.6,1.0,0.6,0.6,0.6,0.6,0.6,0.6,0.6,0.67,0.0,0.67
697,1.6677639484405518,male,68.0,65_plus,french,canadian_quebecois,high_school,40k_to_60k,self_employed,2,1.0,married,0.0,2_persons,1.0,no_children,catholic,1.0,quebec_city,type_1,,0.67,1.0,0.67,0.67,1.0,1.0,1.0,plq,ndp,0.0,0.75,1.0,1.0,0.5,1.0,0.33,0.0,1.0,0.0,1.0,0.0,0.0,plq,ndp,0.5,0.0,0.25,0.1,0.2,0.75,0.0,0.35,0.0,0.0,0.25,0.25,1.0,0.0,0.0,0.67,0.67,0.0,0.33,1.0,1.0,0.0,0.33,0.67,0.0,1.0,1.0,0.6,1.0,0.2,0.6,1.0,1.0,,1.0,1.0,0.6,1.0,0.67,0.67
698,0.5535573959350586,female,59.0,55_64,french,canadian_quebecois,bachelor,40k_to_60k,self_employed,6,1.0,widowed,1.0,2_persons,1.0,no_children,protestant,0.5,other_regions,type_1,,1.0,1.0,0.67,1.0,1.0,0.33,1.0,plq,conservative,1.0,1.0,0.67,0.67,1.0,0.67,0.33,0.33,1.0,,0.0,0.0,1.0,pq,liberal,0.5,0.85,0.3,0.8,0.8,0.4,0.7,0.4,0.65,0.65,0.8,0.4,0.0,1.0,0.33,0.67,1.0,0.33,0.67,0.67,1.0,0.0,0.33,1.0,0.67,0.0,0.8,0.8,0.8,0.2,0.4,0.6,0.8,0.8,1.0,0.8,0.4,0.83,0.5,0.5
699,0.3720875084400177,female,27.0,25_34,french,canadian_quebecois,bachelor,,employed,3,1.0,common_law,1.0,2_persons,0.0,children_18_plus,other_christian,0.0,quebec_city,type_1,,1.0,1.0,0.67,1.0,0.67,0.67,1.0,adq,liberal,0.33,1.0,0.33,0.33,0.5,0.67,0.67,0.33,1.0,0.0,0.0,0.67,0.0,adq,,0.7,0.3,0.9,0.5,0.2,0.7,0.5,0.9,0.5,0.2,0.2,0.7,0.0,1.0,0.0,1.0,1.0,0.33,0.33,0.0,0.33,0.33,1.0,0.67,0.33,0.0,1.0,0.6,1.0,0.2,1.0,0.6,0.8,0.8,0.6,1.0,0.6,0.67,0.67,0.67
700,1.681884765625,male,42.0,35_44,french,canadian_quebecois,high_school,20k_to_40k,employed,17,1.0,divorced_separated,1.0,2_persons,0.0,no_children,,,monteregie,type_1,0.0,0.0,0.0,0.0,0.0,0.0,0.0,0.0,,,0.0,0.0,0.0,0.0,0.5,1.0,1.0,0.0,1.0,1.0,1.0,0.33,0.0,,,0.0,0.25,0.75,,0.5,0.0,,0.75,,,0.0,0.9,1.0,0.0,0.33,0.0,0.33,1.0,,0.0,0.33,0.67,0.0,0.67,0.67,0.0,,,,,,,0.6,,0.6,,,0.17,0.67,0.17
701,1.1706970930099487,female,73.0,65_plus,french,other,high_school,under_20k,self_employed,33,1.0,single,0.0,2_persons,1.0,children_under_18,other_christian,0.0,quebec_city,type_1,,0.67,0.0,0.33,0.33,0.0,0.0,1.0,adq,liberal,0.0,0.5,0.33,0.67,0.5,1.0,1.0,0.67,1.0,1.0,1.0,0.67,1.0,adq,conservative,0.3,0.3,0.35,0.2,0.1,0.1,0.2,0.4,0.3,0.2,0.1,0.8,0.0,1.0,0.67,1.0,0.67,0.0,0.33,0.33,0.33,1.0,0.67,1.0,0.67,1.0,,,,,,0.6,,,,,,,0.0,0.67
702,1.1433428525924685,male,48.0,45_54,french,canadian_quebecois,college_cegep,20k_to_40k,employed,26,1.0,divorced_separated,,3_4_persons,1.0,no_children,catholic,0.5,montreal,type_1,,1.0,1.0,1.0,0.67,1.0,,1.0,plq,conservative,1.0,1.0,1.0,1.0,0.5,1.0,1.0,0.33,1.0,0.0,1.0,0.0,,plq,ndp,,0.0,0.6,0.0,0.5,0.0,0.6,0.55,0.7,,0.0,0.8,0.0,0.0,0.0,1.0,0.67,1.0,0.67,0.33,0.33,0.0,1.0,1.0,1.0,0.0,1.0,1.0,1.0,1.0,1.0,1.0,1.0,1.0,1.0,1.0,1.0,0.67,0.67,0.67
703,0.3823769092559814,female,36.0,35_44,french,canadian_quebecois,bachelor,80k_to_100k,employed,3,1.0,divorced_separated,1.0,5_plus_persons,0.0,children_under_18,catholic,0.5,montreal,type_1,,1.0,0.67,0.67,1.0,0.33,0.67,1.0,plq,conservative,0.67,0.75,0.67,0.0,0.5,0.33,0.67,0.33,0.0,,0.0,1.0,0.0,plq,ndp,0.8,0.2,0.6,0.2,0.6,0.75,0.2,0.5,0.4,0.5,0.3,0.8,0.0,1.0,0.0,0.67,1.0,0.0,0.33,1.0,0.33,0.67,1.0,0.67,0.33,0.33,1.0,0.6,1.0,0.2,0.8,0.6,0.8,0.6,1.0,1.0,0.6,1.0,1.0,0.67
704,1.1433428525924685,male,51.0,45_54,french,canadian_quebecois,high_school,under_20k,employed,7,1.0,widowed,0.0,1_person,1.0,no_children,,,,type_1,0.0,1.0,1.0,1.0,1.0,1.0,0.33,1.0,plq,conservative,0.33,1.0,1.0,1.0,0.5,1.0,1.0,0.0,1.0,1.0,1.0,0.0,0.0,,,0.0,0.4,0.4,0.5,0.22,0.0,0.8,0.8,0.4,0.4,0.0,0.0,0.0,1.0,1.0,0.0,0.33,1.0,0.67,0.0,,0.0,0.0,0.0,0.67,0.0,,,,0.2,,,,,,,,0.17,0.17,0.17
705,1.3550678491592407,male,28.0,25_34,french,canadian_quebecois,graduate,40k_to_60k,employed,6,1.0,widowed,1.0,5_plus_persons,0.0,children_18_plus,protestant,1.0,other_regions,type_1,,0.33,1.0,0.67,0.33,1.0,0.0,1.0,adq,liberal,1.0,1.0,0.67,1.0,1.0,0.0,0.33,0.67,,,0.0,1.0,0.0,pq,,0.0,1.0,0.0,0.2,0.15,0.05,0.8,0.15,0.1,0.1,,0.8,1.0,0.0,1.0,0.67,1.0,0.0,0.67,0.67,1.0,0.0,0.33,1.0,1.0,1.0,0.8,0.8,0.8,0.8,0.8,0.8,0.8,0.8,0.8,,0.8,0.83,0.83,0.67
706,0.3823769092559814,female,39.0,35_44,french,canadian_quebecois,college_cegep,20k_to_40k,homemaker,3,1.0,divorced_separated,1.0,5_plus_persons,0.0,children_under_18,other_religion,0.5,other_regions,type_1,,0.33,1.0,0.67,1.0,1.0,0.33,1.0,plq,ndp,1.0,1.0,1.0,0.67,1.0,1.0,1.0,0.33,1.0,0.0,1.0,0.67,1.0,pq,bloc,0.7,0.8,0.5,0.9,0.8,0.6,0.7,0.3,0.8,0.7,0.6,,0.0,1.0,1.0,0.33,0.67,1.0,0.33,0.67,1.0,0.0,0.67,0.33,0.67,0.0,0.8,0.8,0.8,0.2,0.4,0.4,0.4,0.4,0.8,0.8,0.8,0.83,0.5,0.5
707,1.3925409317016602,male,44.0,35_44,french,canadian_quebecois,college_cegep,80k_to_100k,employed,16,1.0,widowed,,5_plus_persons,1.0,no_children,protestant,0.5,other_regions,type_1,,1.0,1.0,0.33,1.0,1.0,1.0,1.0,plq,ndp,0.33,1.0,1.0,0.33,1.0,0.67,1.0,0.33,1.0,1.0,1.0,0.67,1.0,pq,bloc,0.4,0.7,0.8,0.6,0.6,0.1,0.6,0.7,,,0.5,0.6,1.0,1.0,1.0,1.0,1.0,0.67,0.33,0.67,1.0,1.0,0.0,0.0,0.0,0.0,0.8,0.8,0.8,0.8,0.8,0.8,0.8,0.8,0.8,0.8,0.8,0.67,0.67,0.67
708,0.2219046652317047,male,46.0,45_54,french,canadian_quebecois,bachelor,over_150k,employed,3,1.0,divorced_separated,1.0,3_4_persons,0.0,children_under_18,protestant,0.0,quebec_city,type_1,,0.67,1.0,0.67,1.0,0.33,0.33,1.0,adq,liberal,0.0,0.5,1.0,0.33,0.5,0.67,1.0,0.67,1.0,,0.0,0.67,1.0,adq,,0.4,0.4,0.7,0.2,0.3,0.1,0.4,0.8,0.1,0.3,0.5,0.75,0.0,1.0,0.0,0.67,0.67,0.33,0.33,0.33,1.0,0.67,1.0,0.67,0.33,0.33,0.6,0.6,,0.6,0.6,0.6,0.6,0.6,0.6,0.6,0.6,0.67,0.0,0.67
709,1.049834966659546,female,62.0,55_64,french,canadian_quebecois,high_school,under_20k,self_employed,26,1.0,single,0.0,2_persons,1.0,no_children,catholic,0.5,montreal,type_1,,1.0,1.0,0.67,1.0,0.67,0.67,1.0,plq,ndp,0.67,0.75,1.0,0.67,0.5,0.67,0.67,0.67,1.0,0.0,0.0,0.67,1.0,plq,,0.7,0.05,0.5,0.1,0.1,0.7,0.05,0.5,0.1,0.1,0.05,0.9,0.0,,0.0,0.67,0.0,0.33,0.33,1.0,1.0,1.0,1.0,1.0,1.0,0.33,1.0,1.0,1.0,0.2,1.0,0.6,1.0,,1.0,1.0,1.0,1.0,1.0,0.67
710,0.9693608283996582,female,26.0,25_34,french,canadian_quebecois,graduate,over_150k,employed,16,1.0,divorced_separated,1.0,3_4_persons,0.0,both,no_religion,0.5,eastern_quebec,type_1,,0.67,0.67,0.33,1.0,0.67,0.0,1.0,plq,bloc,0.0,0.5,0.67,0.33,0.5,0.0,0.67,0.67,,0.0,0.0,0.67,1.0,other,conservative,0.6,0.7,0.4,0.6,0.8,0.4,0.5,0.6,0.7,0.7,0.8,0.7,0.0,1.0,0.0,0.67,1.0,0.33,1.0,0.33,1.0,0.0,0.67,1.0,0.67,0.0,1.0,0.8,0.8,0.2,0.4,0.8,1.0,0.8,,1.0,0.4,1.0,0.33,0.5
711,3.6725471019744873,male,42.0,35_44,other,other,college_cegep,under_20k,student,6,,widowed,1.0,1_person,,no_children,other_christian,1.0,monteregie,type_1,,1.0,1.0,1.0,1.0,1.0,1.0,0.0,qs,,1.0,1.0,1.0,0.33,0.5,0.33,1.0,0.0,,1.0,1.0,1.0,,,,1.0,1.0,0.01,1.0,1.0,0.95,0.75,0.85,0.75,0.5,0.1,,,0.0,0.33,1.0,,0.0,0.67,,,1.0,0.0,1.0,1.0,1.0,,,,0.2,1.0,0.6,1.0,1.0,,,,1.0,0.17,0.67
712,0.9163962006568908,male,52.0,45_54,french,canadian_quebecois,bachelor,40k_to_60k,employed,13,1.0,divorced_separated,1.0,2_persons,1.0,children_under_18,,,montreal,type_1,0.0,1.0,1.0,0.67,1.0,0.67,0.67,1.0,adq,liberal,0.67,0.75,0.67,0.33,0.5,0.67,0.67,0.33,1.0,0.0,0.0,0.67,0.0,plq,ndp,0.4,0.25,0.45,0.1,0.1,0.4,0.25,0.4,0.3,,0.0,0.8,0.0,1.0,0.0,0.67,0.67,0.67,0.33,0.0,0.33,0.33,0.67,0.67,0.67,0.0,1.0,1.0,0.6,0.6,1.0,1.0,0.8,0.6,1.0,0.6,0.6,1.0,0.67,0.67
713,0.9961626529693604,female,36.0,35_44,french,canadian_quebecois,college_cegep,,,16,1.0,divorced_separated,1.0,2_persons,0.0,no_children,other_christian,0.0,other_regions,type_1,,1.0,1.0,0.67,1.0,0.67,1.0,1.0,plq,ndp,0.0,0.75,0.67,0.0,1.0,1.0,1.0,0.33,1.0,0.0,1.0,0.67,1.0,adq,conservative,0.5,0.5,0.7,,,0.6,0.2,0.8,,,0.5,0.6,0.0,1.0,0.33,0.67,0.33,0.67,0.33,0.0,1.0,0.0,0.67,0.67,0.67,0.0,0.6,0.6,1.0,1.0,0.6,0.6,0.8,0.8,0.8,0.6,0.6,0.67,0.67,0.67
714,0.2516313791275024,female,46.0,45_54,french,canadian_quebecois,high_school,40k_to_60k,employed,3,1.0,widowed,1.0,1_person,1.0,no_children,other_christian,0.5,monteregie,type_1,,1.0,1.0,1.0,1.0,1.0,0.33,1.0,qs,liberal,0.67,1.0,1.0,0.67,0.5,1.0,1.0,0.0,1.0,1.0,1.0,0.0,0.0,adq,liberal,0.4,0.0,0.7,0.4,0.5,0.4,0.0,0.8,0.4,0.3,0.0,,0.0,1.0,0.0,0.67,0.67,0.33,0.67,0.67,1.0,1.0,0.67,1.0,1.0,0.0,0.6,0.6,0.6,0.6,0.6,0.6,0.6,,0.6,0.6,0.6,0.67,0.67,0.67
715,0.9654632806777954,male,57.0,55_64,french,canadian_quebecois,bachelor,40k_to_60k,employed,7,1.0,divorced_separated,1.0,2_persons,1.0,children_18_plus,other_religion,0.5,,type_1,,1.0,1.0,1.0,1.0,0.67,0.33,1.0,adq,liberal,0.33,1.0,1.0,1.0,0.5,1.0,1.0,0.33,1.0,0.0,1.0,1.0,0.0,qs,liberal,0.4,0.3,0.1,0.95,0.7,0.3,0.2,0.13,0.95,0.8,0.5,0.5,,1.0,0.0,1.0,1.0,0.33,0.33,1.0,1.0,0.33,0.0,0.67,1.0,0.33,0.4,0.4,0.4,0.2,0.4,0.4,,0.4,0.4,,0.4,1.0,0.5,0.5
716,0.2516313791275024,female,52.0,45_54,french,canadian_quebecois,high_school,20k_to_40k,homemaker,3,1.0,widowed,1.0,5_plus_persons,1.0,no_children,catholic,0.5,,type_1,,1.0,1.0,1.0,1.0,0.67,0.67,1.0,adq,liberal,0.67,1.0,1.0,1.0,0.5,0.33,1.0,0.67,1.0,0.0,0.0,0.33,0.0,,,0.6,0.0,0.5,0.3,0.0,0.6,0.3,0.5,0.3,0.0,0.3,0.5,0.0,0.0,0.0,0.67,1.0,0.67,1.0,0.33,0.33,1.0,0.0,0.33,0.33,0.0,1.0,1.0,1.0,0.6,1.0,0.6,1.0,1.0,0.6,1.0,0.6,1.0,0.67,0.67
717,0.516606330871582,female,42.0,35_44,english,other_european,graduate,,employed,3,1.0,married,0.0,1_person,1.0,no_children,,,monteregie,type_1,1.0,1.0,1.0,1.0,1.0,1.0,0.33,0.0,plq,ndp,1.0,0.5,0.33,1.0,0.5,0.0,0.33,0.0,1.0,1.0,1.0,0.33,0.0,,,0.3,0.05,0.35,0.02,0.02,0.35,0.25,0.2,0.02,0.02,0.1,0.99,0.0,1.0,0.0,1.0,1.0,0.0,0.33,1.0,0.33,0.33,1.0,1.0,0.67,0.33,0.6,1.0,0.6,0.2,0.6,0.6,1.0,0.6,0.6,0.6,0.6,0.17,0.67,0.67
718,0.9654632806777954,male,61.0,55_64,french,canadian_quebecois,high_school,40k_to_60k,employed,8,1.0,widowed,0.0,,,children_under_18,other_christian,0.5,quebec_city,type_1,,0.67,1.0,,1.0,,1.0,1.0,plq,ndp,0.67,0.75,0.0,0.0,,0.67,0.67,0.33,,0.0,1.0,0.33,0.0,adq,liberal,0.6,0.4,0.8,,,0.5,0.5,0.7,,,0.4,0.55,1.0,0.0,0.0,0.67,0.0,0.33,0.33,1.0,1.0,,0.67,0.0,1.0,0.33,0.8,0.6,,,0.6,0.6,,,1.0,0.6,,1.0,0.67,0.67
719,0.3228451609611511,female,69.0,65_plus,french,canadian_quebecois,bachelor,over_150k,employed,12,1.0,divorced_separated,1.0,5_plus_persons,0.0,children_18_plus,protestant,0.5,other_regions,type_1,,1.0,1.0,1.0,1.0,1.0,0.33,1.0,pq,ndp,1.0,1.0,0.67,1.0,1.0,0.67,1.0,0.0,1.0,0.0,1.0,0.33,1.0,pq,bloc,0.1,0.7,0.1,0.8,0.5,0.1,0.7,0.4,0.7,0.4,0.5,0.5,0.0,1.0,0.33,0.67,1.0,0.33,0.33,0.67,1.0,0.0,0.0,0.67,0.67,0.33,0.8,0.4,,0.4,0.4,0.4,0.8,0.8,0.8,0.8,0.4,0.17,0.83,0.67
720,3.2186999320983887,male,21.0,18_24,french,canadian_quebecois,bachelor,40k_to_60k,retired,5,1.0,widowed,1.0,3_4_persons,0.0,children_under_18,protestant,0.5,other_regions,type_1,,1.0,0.67,0.33,0.67,1.0,0.67,1.0,plq,bloc,1.0,0.5,0.67,0.67,1.0,0.33,0.67,0.67,0.0,,0.0,0.67,0.0,pq,green,0.6,0.85,0.5,0.75,0.75,0.6,0.75,0.65,0.8,0.75,0.85,0.75,0.0,1.0,0.33,1.0,1.0,0.33,0.33,0.33,1.0,0.33,1.0,0.67,1.0,0.67,1.0,0.8,1.0,0.8,0.8,0.8,0.8,0.8,0.8,1.0,0.8,1.0,0.83,0.83
721,0.2219046652317047,male,53.0,45_54,french,canadian_quebecois,bachelor,over_150k,employed,12,1.0,widowed,1.0,5_plus_persons,0.0,children_under_18,other_christian,0.5,quebec_city,type_1,,0.33,0.33,1.0,0.33,1.0,1.0,1.0,adq,,0.67,0.75,1.0,0.67,1.0,0.33,0.67,0.67,1.0,0.0,1.0,1.0,1.0,adq,conservative,0.5,0.75,0.9,0.0,0.0,0.5,0.6,0.8,0.0,0.1,0.15,0.8,1.0,0.0,0.33,0.67,1.0,0.0,0.67,0.0,1.0,0.33,0.67,0.67,0.67,0.67,0.6,0.6,0.6,0.6,0.6,0.6,0.6,0.6,0.6,0.6,0.6,0.67,0.67,0.67
722,1.1068066358566284,male,51.0,45_54,french,canadian_quebecois,high_school,,employed,5,1.0,common_law,0.0,1_person,1.0,no_children,protestant,0.5,,type_1,,1.0,1.0,1.0,0.67,0.67,1.0,1.0,plq,conservative,0.33,0.75,0.33,0.67,1.0,1.0,1.0,0.0,1.0,,0.0,0.67,1.0,,,0.6,0.6,0.6,,,0.75,0.5,0.75,,,0.0,1.0,1.0,0.0,0.0,0.0,1.0,0.33,0.33,0.33,1.0,0.67,1.0,1.0,1.0,0.33,1.0,1.0,0.6,1.0,0.6,0.8,0.8,0.8,1.0,0.6,0.6,1.0,1.0,0.67
723,1.3458575010299685,female,43.0,35_44,english,canadian_quebecois,college_cegep,60k_to_80k,employed,16,0.0,married,1.0,1_person,1.0,children_under_18,catholic,0.5,montreal,type_1,,1.0,1.0,0.67,1.0,0.67,0.67,1.0,pq,liberal,0.33,1.0,1.0,0.67,0.5,,1.0,0.67,1.0,0.0,1.0,0.67,1.0,plq,,0.75,0.6,0.6,0.5,0.6,0.75,0.6,0.75,0.6,0.6,0.6,0.75,1.0,1.0,0.0,1.0,,0.0,0.33,0.33,1.0,0.67,0.67,0.33,1.0,0.33,,,,,,,,0.8,0.8,0.8,,,,
724,0.7738205194473267,male,56.0,55_64,french,canadian_quebecois,high_school,,self_employed,16,1.0,widowed,0.0,3_4_persons,0.0,children_under_18,catholic,1.0,montreal,type_1,,1.0,0.0,0.0,1.0,0.0,0.67,1.0,plq,ndp,1.0,0.75,0.0,0.67,0.5,0.67,0.67,1.0,1.0,,0.0,1.0,0.0,plq,ndp,0.75,0.0,0.5,0.0,0.5,0.75,0.0,0.5,0.0,0.5,0.5,1.0,0.0,1.0,0.0,0.67,1.0,0.33,1.0,1.0,0.33,0.0,0.67,0.33,1.0,0.0,1.0,1.0,1.0,0.2,1.0,1.0,0.8,1.0,1.0,1.0,1.0,1.0,1.0,1.0
725,1.681884765625,male,41.0,35_44,french,canadian_quebecois,college_cegep,,employed,4,1.0,divorced_separated,1.0,5_plus_persons,1.0,no_children,other_christian,0.0,quebec_city,type_1,,1.0,0.0,1.0,1.0,1.0,0.0,1.0,adq,,0.0,1.0,1.0,1.0,1.0,1.0,1.0,0.0,1.0,0.0,1.0,0.0,1.0,,,0.0,0.25,0.75,0.0,0.0,0.0,0.0,1.0,0.0,0.0,0.5,0.85,0.0,0.0,0.0,0.67,0.0,0.33,1.0,0.0,1.0,0.67,1.0,0.67,0.0,0.0,0.6,0.6,1.0,1.0,0.6,0.6,0.6,0.6,0.6,1.0,0.6,1.0,0.67,0.67
726,3.6725471019744873,male,40.0,35_44,other,other,graduate,20k_to_40k,employed,6,,common_law,0.0,1_person,1.0,children_under_18,protestant,0.5,monteregie,type_1,,1.0,1.0,0.67,1.0,1.0,1.0,1.0,qs,ndp,0.33,1.0,1.0,0.33,0.5,0.67,0.67,0.67,0.0,0.0,1.0,0.67,1.0,pq,liberal,0.6,0.75,0.4,0.2,0.5,0.5,0.6,0.25,0.2,0.2,0.8,0.8,1.0,1.0,0.67,0.67,1.0,0.33,1.0,1.0,1.0,0.0,0.67,0.67,0.67,0.67,0.8,0.8,1.0,0.2,1.0,0.8,0.8,0.8,0.8,1.0,1.0,0.83,0.83,0.83
727,0.5535573959350586,female,58.0,55_64,french,canadian_quebecois,college_cegep,under_20k,homemaker,16,1.0,widowed,1.0,5_plus_persons,0.0,no_children,protestant,0.0,other_regions,type_1,,1.0,1.0,1.0,1.0,1.0,0.67,1.0,plq,ndp,0.33,1.0,1.0,0.67,0.5,1.0,0.67,0.33,1.0,0.0,0.0,0.67,0.0,adq,conservative,0.5,0.7,0.85,0.7,0.3,0.25,0.5,0.85,,,0.7,0.9,1.0,0.0,0.0,0.67,1.0,0.33,0.33,0.67,1.0,0.0,0.33,1.0,0.33,0.0,0.6,0.6,0.8,0.8,1.0,0.6,0.8,0.8,0.8,0.6,0.8,0.67,0.67,0.67
728,0.4361772537231445,female,,,english,canadian_quebecois,bachelor,,,3,0.0,widowed,0.0,,0.0,no_children,,,,type_1,0.0,1.0,1.0,1.0,0.33,0.67,1.0,1.0,adq,bloc,,1.0,1.0,1.0,,1.0,1.0,0.33,,,1.0,1.0,1.0,,,,,,,,,,,,,0.5,0.8,1.0,,,0.0,1.0,0.33,1.0,,,0.0,0.0,1.0,0.67,,,,,,,,,,,,,,,
729,1.595116138458252,female,65.0,55_64,french,canadian_quebecois,elementary,under_20k,employed,26,1.0,widowed,0.0,5_plus_persons,1.0,both,,,other,type_1,0.0,1.0,1.0,1.0,0.67,1.0,1.0,1.0,,,0.0,1.0,1.0,0.0,0.5,0.0,0.0,0.0,1.0,1.0,1.0,0.0,1.0,pq,,0.0,0.0,0.0,0.0,0.0,0.0,0.0,0.0,0.0,0.0,0.0,0.0,0.0,1.0,0.0,0.0,0.0,0.0,0.67,0.0,0.33,0.33,0.0,1.0,0.33,0.0,,,,,,,,,,,,0.17,0.17,0.0
730,0.3228451609611511,female,65.0,55_64,french,canadian_quebecois,college_cegep,,self_employed,3,1.0,divorced_separated,1.0,1_person,1.0,no_children,other_christian,0.0,quebec_city,type_1,,1.0,1.0,1.0,1.0,1.0,0.67,1.0,plq,ndp,1.0,1.0,1.0,1.0,,1.0,1.0,0.0,1.0,0.0,1.0,0.67,1.0,,,0.5,0.5,0.8,0.25,0.25,0.3,0.5,0.8,0.25,0.25,0.25,0.5,0.0,1.0,0.0,0.67,1.0,0.33,0.33,0.33,1.0,1.0,1.0,1.0,1.0,0.0,1.0,0.6,0.6,1.0,0.6,0.6,0.6,1.0,1.0,0.6,0.6,,,0.67
731,0.3228451609611511,female,66.0,65_plus,french,canadian_quebecois,graduate,,self_employed,3,1.0,divorced_separated,,3_4_persons,0.0,children_under_18,,,quebec_city,type_1,1.0,1.0,0.67,1.0,1.0,0.67,1.0,1.0,adq,liberal,1.0,0.75,0.67,0.33,0.5,0.33,0.67,0.67,0.0,,0.0,0.67,1.0,plq,ndp,0.8,0.75,0.8,,,0.75,0.75,0.75,0.6,,0.5,0.75,0.0,1.0,0.0,0.33,1.0,0.67,1.0,0.0,1.0,0.33,0.67,0.67,0.67,0.0,1.0,,1.0,0.4,0.4,0.6,1.0,0.6,,,0.6,1.0,0.67,0.67
732,1.889244079589844,female,40.0,35_44,french,canadian_quebecois,graduate,over_150k,employed,26,1.0,widowed,1.0,3_4_persons,0.0,children_18_plus,other_religion,0.5,monteregie,type_1,,1.0,1.0,1.0,1.0,1.0,1.0,1.0,adq,liberal,1.0,1.0,1.0,1.0,1.0,0.67,0.67,0.33,0.0,0.0,1.0,0.67,0.0,qs,conservative,0.5,0.8,0.3,0.8,0.8,0.5,0.8,0.3,0.8,0.8,0.5,0.5,0.0,1.0,1.0,0.67,1.0,0.33,0.33,0.67,1.0,0.0,0.0,0.67,0.33,0.0,,0.8,1.0,0.2,,0.8,0.8,0.8,0.8,,0.8,,0.5,0.67
733,0.284705102443695,male,71.0,65_plus,french,canadian_quebecois,graduate,,self_employed,3,1.0,widowed,1.0,5_plus_persons,0.0,children_18_plus,protestant,1.0,other_regions,type_1,,0.67,1.0,0.67,1.0,1.0,0.0,1.0,adq,liberal,1.0,1.0,1.0,0.33,1.0,0.0,0.33,0.33,0.0,,0.0,1.0,1.0,pq,bloc,0.5,0.7,0.1,0.2,0.2,0.5,0.7,0.1,0.2,0.1,0.8,0.8,1.0,0.0,,1.0,1.0,0.0,0.67,0.67,1.0,0.0,0.0,1.0,1.0,0.33,0.8,0.8,0.8,0.8,0.8,0.8,0.8,0.8,0.8,0.8,0.8,0.83,0.83,0.67
734,1.1757395267486572,male,74.0,65_plus,french,canadian_quebecois,graduate,20k_to_40k,self_employed,6,1.0,widowed,1.0,3_4_persons,0.0,children_under_18,other_religion,0.5,monteregie,type_1,,0.67,1.0,0.33,1.0,0.67,0.0,0.0,pq,,0.67,0.75,0.33,0.33,1.0,0.33,1.0,0.33,0.0,,0.0,0.67,1.0,,,0.5,0.5,0.3,0.6,0.6,0.4,0.4,0.35,0.7,0.6,0.6,0.4,0.0,1.0,0.33,1.0,0.33,0.67,0.33,0.33,1.0,0.33,0.67,0.33,0.67,0.0,0.4,0.4,0.4,0.2,0.4,0.6,0.4,0.4,0.8,0.8,0.4,0.5,0.5,0.5
735,2.6271798610687256,female,40.0,35_44,other,other_european,college_cegep,100k_to_120k,homemaker,6,,single,0.0,2_persons,0.0,,,,monteregie,type_1,0.0,1.0,1.0,0.67,0.67,1.0,1.0,0.0,other,liberal,0.67,1.0,0.67,0.0,0.5,0.67,1.0,0.33,0.0,1.0,,1.0,1.0,,,0.5,0.5,,0.65,,0.4,0.4,0.4,0.5,0.5,1.0,1.0,0.0,1.0,0.67,0.33,1.0,1.0,0.33,1.0,0.33,0.0,1.0,1.0,0.67,0.33,0.4,0.4,0.4,0.4,0.4,0.4,0.4,0.4,0.4,0.4,0.4,0.83,0.17,0.33
736,0.3720875084400177,female,25.0,18_24,french,canadian_quebecois,bachelor,,retired,3,1.0,widowed,1.0,5_plus_persons,0.0,both,other_religion,0.0,monteregie,type_1,,0.67,1.0,0.67,1.0,0.67,1.0,0.0,adq,liberal,0.0,0.75,1.0,1.0,0.5,0.67,0.67,0.33,0.0,,0.0,0.67,0.0,,,0.55,0.35,0.6,0.65,0.75,0.45,0.05,0.75,0.5,0.4,0.4,0.6,0.0,1.0,0.0,0.67,0.33,0.67,0.33,0.0,0.33,0.67,0.33,1.0,0.33,0.0,1.0,0.8,1.0,0.2,0.4,0.6,0.8,0.8,0.6,1.0,0.6,0.67,0.67,0.17
737,0.212483525276184,female,63.0,55_64,french,canadian_quebecois,college_cegep,,self_employed,3,1.0,widowed,1.0,2_persons,0.0,children_under_18,catholic,0.5,montreal,type_1,,1.0,0.67,0.33,1.0,1.0,0.67,1.0,plq,ndp,1.0,0.75,0.67,0.67,1.0,1.0,1.0,0.0,1.0,0.0,1.0,0.33,1.0,plq,ndp,0.6,0.5,0.6,0.5,0.5,0.8,0.5,0.6,0.6,0.3,0.0,0.5,1.0,,0.0,0.67,0.67,0.33,0.33,0.33,1.0,,1.0,0.67,0.33,0.0,0.6,0.6,1.0,0.2,0.6,0.6,1.0,1.0,1.0,0.6,0.6,1.0,0.67,0.67
738,0.212483525276184,female,60.0,55_64,french,canadian_quebecois,high_school,,homemaker,3,1.0,single,0.0,1_person,1.0,children_under_18,catholic,0.0,quebec_city,type_1,,1.0,1.0,1.0,1.0,1.0,1.0,1.0,plq,ndp,,1.0,1.0,1.0,0.5,1.0,0.67,0.33,1.0,0.0,0.0,0.67,1.0,plq,ndp,0.7,0.0,0.5,0.0,0.0,0.8,0.3,0.5,0.1,,0.0,1.0,0.0,0.0,0.0,,,0.67,0.33,1.0,1.0,0.67,0.0,0.67,1.0,0.33,1.0,1.0,0.6,1.0,1.0,0.6,1.0,1.0,1.0,1.0,0.6,1.0,1.0,1.0
739,0.5535573959350586,female,62.0,55_64,french,canadian_quebecois,bachelor,40k_to_60k,self_employed,6,1.0,widowed,,3_4_persons,0.0,children_under_18,other_christian,0.5,monteregie,type_1,,1.0,0.67,0.33,1.0,0.0,0.33,1.0,adq,liberal,0.33,0.75,0.67,1.0,0.5,0.67,1.0,0.33,1.0,0.0,1.0,0.67,1.0,adq,green,0.6,0.3,0.6,0.2,0.5,0.5,0.4,0.8,0.5,,0.3,0.7,1.0,1.0,0.0,0.67,0.67,1.0,0.33,0.0,1.0,0.67,1.0,0.33,0.33,0.67,0.6,0.8,1.0,1.0,1.0,1.0,1.0,0.6,0.6,,0.6,1.0,0.17,0.67
740,1.1068066358566284,male,47.0,45_54,french,canadian_quebecois,college_cegep,40k_to_60k,employed,32,1.0,common_law,1.0,2_persons,1.0,children_18_plus,catholic,0.0,quebec_city,type_1,,0.67,1.0,0.67,1.0,1.0,0.0,1.0,plq,ndp,1.0,0.75,1.0,0.0,0.5,0.0,0.33,0.33,1.0,,0.0,1.0,1.0,plq,ndp,0.9,0.1,0.9,0.1,0.1,0.5,0.5,0.9,0.1,0.1,0.1,1.0,1.0,0.0,0.0,0.33,0.67,0.0,1.0,0.33,1.0,0.0,0.67,0.67,1.0,0.33,0.6,0.6,0.6,0.6,0.6,0.6,0.6,0.6,0.6,0.6,0.6,0.67,0.67,0.67
741,1.595116138458252,female,81.0,65_plus,french,canadian_quebecois,high_school,,self_employed,8,1.0,single,1.0,1_person,1.0,no_children,catholic,0.0,montreal,type_1,,1.0,1.0,1.0,1.0,1.0,1.0,1.0,plq,ndp,1.0,0.75,0.67,0.67,0.5,0.67,0.0,0.33,1.0,,0.0,0.67,1.0,plq,ndp,0.75,0.0,0.5,0.0,0.0,0.75,0.25,0.5,,0.5,0.0,0.5,1.0,0.0,0.0,1.0,1.0,1.0,0.33,1.0,1.0,0.0,0.67,1.0,1.0,0.0,1.0,1.0,1.0,1.0,1.0,1.0,1.0,1.0,1.0,,0.6,1.0,0.0,0.67
742,0.560382068157196,female,63.0,55_64,other,other,graduate,over_150k,self_employed,12,0.0,divorced_separated,,3_4_persons,0.0,children_under_18,catholic,1.0,montreal,type_1,,1.0,1.0,1.0,1.0,1.0,1.0,0.0,plq,ndp,0.67,1.0,1.0,1.0,0.5,0.33,0.67,0.33,0.0,0.0,0.0,1.0,1.0,,,0.9,0.2,0.75,0.15,0.25,0.75,0.7,0.9,0.5,0.5,0.5,0.9,1.0,1.0,0.0,1.0,1.0,1.0,1.0,1.0,0.33,0.67,0.67,0.67,1.0,0.67,1.0,1.0,1.0,0.2,1.0,0.6,1.0,1.0,0.6,1.0,0.6,1.0,0.0,0.67
743,0.6555481553077698,female,52.0,45_54,french,canadian_quebecois,high_school,under_20k,employed,16,1.0,married,1.0,1_person,0.0,children_under_18,catholic,1.0,other_regions,type_1,,0.67,1.0,1.0,1.0,0.33,1.0,1.0,plq,conservative,1.0,1.0,1.0,0.67,0.5,1.0,1.0,0.67,0.0,,0.0,1.0,1.0,pq,liberal,0.6,0.75,0.45,0.25,0.0,1.0,0.0,0.5,0.0,1.0,0.5,1.0,1.0,1.0,1.0,1.0,0.67,0.67,1.0,0.33,1.0,0.67,0.67,1.0,1.0,1.0,1.0,1.0,1.0,1.0,1.0,1.0,1.0,0.8,1.0,1.0,1.0,,1.0,1.0
744,1.2432608604431152,female,47.0,45_54,french,canadian_quebecois,bachelor,80k_to_100k,employed,24,1.0,divorced_separated,1.0,3_4_persons,0.0,no_children,protestant,0.5,other_regions,type_1,,0.67,1.0,0.33,1.0,1.0,0.33,1.0,plq,ndp,1.0,1.0,0.67,0.0,1.0,0.33,,0.33,1.0,0.0,1.0,0.67,0.0,pq,,0.0,0.8,0.1,0.5,,0.0,0.8,0.1,0.5,,0.8,0.8,0.0,,0.33,0.67,1.0,0.0,0.33,0.67,1.0,0.0,0.33,1.0,1.0,0.0,0.8,0.8,,0.8,,0.8,0.8,0.8,0.8,,0.8,0.83,0.83,0.83
745,1.3925409317016602,male,39.0,35_44,french,canadian_quebecois,high_school,under_20k,student,16,1.0,divorced_separated,1.0,2_persons,1.0,no_children,protestant,0.0,other_regions,type_1,,0.67,0.33,0.0,0.67,0.0,0.33,1.0,plq,ndp,0.67,1.0,0.67,0.0,1.0,1.0,1.0,0.0,1.0,0.0,1.0,0.33,1.0,qs,ndp,0.55,0.65,0.6,0.75,0.55,0.45,0.65,0.7,0.5,0.3,0.5,0.5,0.0,,0.33,1.0,0.67,1.0,0.33,0.33,0.33,0.67,0.67,0.67,0.33,0.0,0.6,0.8,,0.8,0.6,0.6,0.8,0.8,,,0.8,0.67,0.83,0.83
746,1.3492573499679563,female,31.0,25_34,french,canadian_quebecois,high_school,,homemaker,32,1.0,common_law,1.0,2_persons,0.0,no_children,other_christian,1.0,,type_1,,1.0,1.0,0.67,1.0,0.67,0.67,1.0,plq,other,0.67,0.75,1.0,1.0,1.0,0.0,1.0,0.67,1.0,0.0,1.0,1.0,1.0,adq,conservative,0.65,0.65,0.9,0.5,0.5,0.6,0.7,0.9,0.6,0.6,0.65,0.7,1.0,1.0,0.67,0.67,0.67,0.67,0.67,0.33,1.0,0.0,0.67,0.67,0.67,0.33,0.6,0.6,0.6,0.6,0.6,0.6,0.6,0.6,0.6,0.6,0.6,0.67,0.67,0.67
747,0.212483525276184,female,55.0,45_54,french,canadian_quebecois,college_cegep,under_20k,self_employed,3,1.0,divorced_separated,0.0,5_plus_persons,0.0,children_under_18,other_christian,1.0,other_regions,type_1,,1.0,1.0,1.0,1.0,0.67,0.33,1.0,adq,liberal,0.33,1.0,1.0,0.33,1.0,1.0,1.0,0.0,1.0,0.0,0.0,0.33,1.0,adq,bloc,0.0,0.5,1.0,,,0.0,0.0,1.0,0.6,,0.5,0.75,0.0,0.0,0.0,0.33,0.67,0.0,0.33,0.33,1.0,0.0,0.67,0.67,1.0,0.0,0.6,0.6,0.6,0.2,0.6,0.6,0.6,0.6,0.6,0.6,0.6,0.67,0.67,0.67
748,2.664950370788574,male,19.0,18_24,french,canadian_quebecois,college_cegep,under_20k,employed,14,1.0,divorced_separated,1.0,5_plus_persons,1.0,no_children,protestant,0.5,other_regions,type_1,,1.0,1.0,0.0,1.0,1.0,1.0,1.0,plq,other,1.0,1.0,1.0,1.0,1.0,1.0,0.67,0.0,1.0,1.0,1.0,0.33,1.0,pq,liberal,0.4,0.8,0.75,0.5,0.75,0.6,0.8,0.75,0.7,0.6,0.2,0.6,0.0,1.0,1.0,0.67,0.67,0.0,0.67,0.67,1.0,0.67,1.0,0.33,0.67,0.0,0.8,0.8,0.8,0.8,0.8,0.8,0.8,0.8,0.8,0.8,0.8,0.83,0.83,0.83
749,0.8410736918449402,female,71.0,65_plus,french,canadian_quebecois,high_school,under_20k,self_employed,6,1.0,,1.0,,,children_under_18,,,,type_1,0.0,0.67,0.33,0.67,1.0,0.67,0.67,1.0,plq,ndp,0.67,1.0,0.33,1.0,,0.33,1.0,0.33,1.0,0.0,0.0,0.67,0.0,,,0.3,0.3,0.3,0.3,0.1,0.4,0.35,0.4,0.3,0.3,0.35,0.5,1.0,0.0,0.67,0.67,1.0,0.67,0.33,0.33,0.33,0.33,0.33,0.67,0.0,0.0,1.0,0.6,0.6,1.0,1.0,0.6,0.8,0.6,1.0,1.0,,,0.0,0.67
750,0.284705102443695,male,72.0,65_plus,french,canadian_quebecois,graduate,over_150k,self_employed,3,1.0,widowed,1.0,3_4_persons,0.0,children_18_plus,catholic,0.0,montreal,type_1,,1.0,1.0,0.67,1.0,0.67,0.33,1.0,adq,liberal,0.33,0.75,1.0,0.33,0.5,0.67,1.0,0.33,0.0,,0.0,1.0,1.0,plq,,0.6,0.4,0.3,0.1,0.2,0.5,0.4,0.4,0.2,0.2,0.5,0.5,0.0,1.0,0.0,1.0,1.0,0.33,1.0,1.0,1.0,0.33,0.33,0.67,0.67,0.67,1.0,1.0,1.0,1.0,0.6,0.6,1.0,0.8,1.0,1.0,0.6,1.0,0.0,1.0
751,0.8410736918449402,female,78.0,65_plus,french,canadian_quebecois,high_school,,self_employed,6,1.0,widowed,,1_person,1.0,no_children,catholic,1.0,montreal,type_1,,1.0,1.0,0.67,1.0,1.0,0.67,1.0,adq,liberal,1.0,1.0,1.0,0.33,0.5,0.67,0.33,0.67,1.0,0.0,0.0,1.0,0.0,plq,,0.9,0.0,0.35,0.0,0.0,1.0,0.0,0.75,,,0.0,0.35,,0.0,0.0,0.67,0.33,0.0,1.0,1.0,0.33,0.67,0.33,1.0,1.0,0.67,,1.0,1.0,1.0,1.0,1.0,1.0,0.8,1.0,,1.0,1.0,0.0,0.67
752,0.9163962006568908,male,46.0,45_54,french,canadian_quebecois,high_school,20k_to_40k,employed,16,1.0,widowed,,3_4_persons,1.0,no_children,other_christian,0.5,quebec_city,type_1,,1.0,1.0,1.0,1.0,0.67,0.67,0.0,plq,ndp,0.33,1.0,1.0,0.67,1.0,0.67,0.33,0.33,1.0,0.0,1.0,0.67,0.0,,,0.3,0.7,0.75,,0.6,0.0,0.5,0.75,0.6,,0.75,0.75,0.0,1.0,0.33,0.67,1.0,0.67,0.33,0.33,1.0,0.0,0.33,0.67,0.67,0.0,0.6,0.8,1.0,,0.8,1.0,0.6,0.8,0.8,0.6,0.6,0.67,,0.67
753,0.212483525276184,female,63.0,55_64,french,canadian_quebecois,bachelor,40k_to_60k,self_employed,3,1.0,widowed,,3_4_persons,0.0,children_under_18,no_religion,0.5,eastern_quebec,type_1,,0.33,1.0,0.67,1.0,0.33,0.33,1.0,pq,liberal,0.33,0.75,0.67,0.33,0.5,0.67,0.67,0.0,1.0,0.0,1.0,0.67,,other,,0.2,0.15,0.25,0.1,0.9,0.3,0.0,0.3,0.75,0.75,0.5,0.05,0.0,1.0,0.0,0.67,1.0,0.67,0.33,0.0,1.0,0.33,0.0,,0.67,0.0,,,,0.2,,0.6,,0.8,,,0.2,,0.33,
754,0.1873806416988372,male,60.0,55_64,french,canadian_quebecois,college_cegep,20k_to_40k,self_employed,12,1.0,widowed,0.0,3_4_persons,0.0,no_children,other_christian,0.5,quebec_city,type_1,,1.0,0.67,0.67,0.67,0.67,0.33,1.0,plq,ndp,1.0,1.0,0.33,1.0,0.5,0.33,0.67,0.0,1.0,1.0,1.0,0.67,1.0,adq,,0.4,0.25,0.45,0.0,0.1,0.2,0.1,0.5,0.0,,0.1,0.6,0.0,1.0,0.0,,0.67,1.0,0.67,1.0,1.0,0.0,0.0,0.0,0.0,0.0,0.6,0.6,0.6,,0.6,0.6,0.6,0.6,0.6,0.6,0.6,0.67,0.67,0.67
755,0.2219046652317047,male,52.0,45_54,french,canadian_quebecois,high_school,80k_to_100k,employed,3,1.0,widowed,1.0,1_person,1.0,children_under_18,other_christian,0.0,quebec_city,type_1,,0.33,0.33,0.67,0.67,0.67,0.0,1.0,adq,liberal,0.67,0.75,1.0,0.33,0.5,0.0,1.0,0.33,1.0,,0.0,1.0,0.0,adq,liberal,0.7,0.5,0.9,0.0,0.2,0.7,0.5,0.9,0.2,0.0,0.0,1.0,1.0,0.0,0.0,1.0,1.0,0.67,0.33,1.0,0.33,0.0,1.0,1.0,1.0,0.0,1.0,1.0,1.0,1.0,1.0,1.0,0.8,0.8,0.8,1.0,1.0,0.67,0.67,0.67
756,0.7738205194473267,male,56.0,55_64,french,canadian_quebecois,college_cegep,80k_to_100k,employed,6,1.0,widowed,1.0,2_persons,1.0,no_children,protestant,0.5,other_regions,type_1,,1.0,1.0,0.67,1.0,1.0,0.0,1.0,adq,liberal,0.67,1.0,1.0,1.0,1.0,0.67,1.0,0.33,1.0,1.0,1.0,0.0,1.0,pq,ndp,0.2,0.9,0.6,0.4,0.75,0.1,0.8,0.8,0.5,0.1,0.5,0.75,0.0,1.0,0.67,0.67,0.67,1.0,0.33,0.33,1.0,0.0,1.0,0.33,0.33,0.0,0.8,0.6,0.8,0.2,0.8,0.6,0.8,0.6,0.8,0.8,0.8,0.83,0.83,0.83
757,1.3116263151168823,female,73.0,65_plus,french,canadian_quebecois,high_school,20k_to_40k,self_employed,2,1.0,single,1.0,2_persons,0.0,children_under_18,catholic,0.5,montreal,type_1,,1.0,1.0,0.67,1.0,1.0,0.67,1.0,adq,liberal,1.0,1.0,1.0,1.0,,0.33,0.0,0.67,0.0,,0.0,0.67,1.0,,,0.7,0.39,0.5,0.0,0.0,0.7,0.35,0.4,0.0,0.0,0.25,0.75,0.0,1.0,0.33,0.33,1.0,0.0,1.0,0.33,1.0,1.0,0.0,0.0,0.67,0.33,1.0,1.0,1.0,1.0,1.0,1.0,1.0,1.0,1.0,1.0,1.0,1.0,0.0,1.0
758,0.7738205194473267,male,59.0,55_64,french,canadian_quebecois,high_school,80k_to_100k,employed,6,0.0,divorced_separated,1.0,2_persons,0.0,children_18_plus,protestant,0.0,other_regions,type_1,,1.0,1.0,0.0,0.0,0.67,0.33,1.0,pq,liberal,0.0,0.0,0.67,0.0,1.0,0.67,0.67,0.33,0.0,0.0,0.0,0.67,1.0,adq,,0.5,0.4,0.55,0.0,0.05,0.5,0.3,0.55,0.0,0.05,0.0,0.5,1.0,0.0,0.0,1.0,1.0,0.0,0.33,0.0,1.0,0.33,0.67,0.67,0.33,1.0,0.6,0.6,1.0,0.2,1.0,0.6,0.8,0.8,0.8,0.6,0.8,1.0,0.83,0.83
759,0.9961626529693604,female,42.0,35_44,french,canadian_quebecois,bachelor,40k_to_60k,employed,13,1.0,divorced_separated,1.0,5_plus_persons,0.0,no_children,other_religion,0.5,other_regions,type_1,,1.0,1.0,0.67,1.0,0.67,1.0,1.0,pq,ndp,0.67,0.75,1.0,1.0,1.0,0.67,0.67,0.33,1.0,1.0,1.0,0.67,1.0,pq,bloc,0.25,0.75,0.5,0.85,0.85,0.0,0.8,0.5,0.9,0.9,0.75,0.5,0.0,1.0,0.67,0.67,0.67,0.67,0.67,0.67,1.0,0.33,0.0,1.0,0.33,0.0,0.8,0.4,0.8,0.2,0.4,0.4,0.8,0.8,0.8,0.8,0.8,0.83,0.83,0.83
760,1.3925409317016602,male,39.0,35_44,french,canadian_quebecois,college_cegep,40k_to_60k,employed,14,1.0,widowed,1.0,2_persons,0.0,children_under_18,other_christian,0.0,outaouais,type_1,,0.67,1.0,0.67,0.67,0.67,0.33,1.0,pq,ndp,0.0,0.75,0.67,0.33,1.0,1.0,1.0,0.0,1.0,0.0,1.0,0.67,1.0,adq,green,0.0,0.0,0.65,0.0,0.5,0.1,0.1,0.6,0.5,0.5,0.5,0.5,0.0,1.0,0.0,0.67,0.67,0.67,0.33,0.0,1.0,0.33,0.67,0.33,0.67,0.33,0.6,0.6,0.6,0.2,0.4,0.6,0.6,0.6,0.6,0.6,0.6,0.67,0.33,0.67
761,0.7738205194473267,male,55.0,45_54,french,canadian_quebecois,high_school,over_150k,self_employed,6,1.0,divorced_separated,,3_4_persons,1.0,no_children,other_christian,0.5,quebec_city,type_1,,1.0,0.67,0.67,0.67,1.0,0.67,1.0,plq,ndp,0.67,0.75,0.67,0.33,1.0,1.0,1.0,0.33,1.0,0.0,1.0,0.67,1.0,adq,conservative,0.4,0.6,0.8,0.5,0.5,0.5,0.5,0.7,0.5,0.4,0.6,0.6,0.0,1.0,0.67,0.33,0.0,0.67,0.33,0.33,1.0,0.0,0.0,0.33,0.67,0.0,0.6,0.6,0.6,0.6,0.6,0.6,0.6,0.6,0.6,0.6,0.6,1.0,0.67,0.67
762,0.284705102443695,male,,,french,canadian_quebecois,college_cegep,20k_to_40k,self_employed,3,1.0,widowed,1.0,3_4_persons,1.0,no_children,protestant,0.0,other_regions,type_1,,1.0,1.0,0.67,1.0,1.0,0.33,1.0,pq,liberal,1.0,1.0,1.0,1.0,1.0,1.0,1.0,0.33,1.0,0.0,1.0,0.33,1.0,,,0.01,0.03,0.03,0.25,0.04,0.15,0.25,0.2,0.5,0.35,0.55,0.9,0.0,1.0,0.33,1.0,0.67,0.33,1.0,0.0,1.0,0.0,0.67,0.67,1.0,0.0,,0.8,,1.0,,,0.8,0.8,,,,1.0,0.83,0.67
763,1.595116138458252,female,73.0,65_plus,french,canadian_quebecois,high_school,under_20k,employed,24,1.0,single,1.0,3_4_persons,0.0,no_children,protestant,0.0,quebec_city,type_1,,1.0,1.0,1.0,1.0,1.0,0.0,1.0,pq,liberal,1.0,1.0,0.67,0.67,0.5,0.0,0.0,0.0,1.0,1.0,1.0,0.67,0.0,plq,ndp,0.6,0.0,0.6,0.25,0.25,0.7,0.0,0.8,0.25,,0.6,0.5,1.0,0.0,0.0,0.33,1.0,0.0,0.67,1.0,1.0,0.0,0.67,0.33,1.0,0.0,,,0.6,,0.6,0.6,1.0,0.6,0.6,0.6,0.6,1.0,0.67,0.67
764,3.6004676818847656,male,24.0,18_24,english,canadian_quebecois,high_school,over_150k,employed,6,0.0,married,,1_person,1.0,children_under_18,no_religion,0.5,montreal,type_1,,0.67,0.67,0.67,1.0,0.67,0.67,1.0,other,liberal,0.67,0.75,0.33,0.0,0.5,0.33,0.67,0.33,0.0,0.0,1.0,0.67,,other,,0.6,0.35,0.7,0.3,0.85,0.65,,,,,0.75,0.75,1.0,,0.33,0.67,1.0,0.33,,1.0,0.67,0.67,0.67,1.0,1.0,0.67,0.6,,1.0,0.2,,,,1.0,0.2,0.6,0.2,,,
765,0.889306366443634,male,35.0,25_34,other,other,bachelor,20k_to_40k,employed,3,,divorced_separated,0.0,5_plus_persons,0.0,no_children,catholic,0.5,quebec_city,type_1,,1.0,1.0,0.33,0.67,0.33,0.33,1.0,adq,liberal,0.67,0.75,0.67,0.67,0.5,0.67,1.0,0.33,1.0,0.0,0.0,1.0,1.0,plq,ndp,0.8,0.2,0.6,0.05,0.15,0.8,0.4,0.6,,,0.1,0.5,1.0,0.0,0.0,0.67,1.0,0.33,1.0,1.0,0.33,0.0,0.67,1.0,0.67,0.0,1.0,0.6,1.0,0.2,1.0,1.0,1.0,0.8,1.0,1.0,1.0,1.0,1.0,0.67
766,0.8410736918449402,female,79.0,65_plus,french,canadian_quebecois,bachelor,under_20k,self_employed,13,1.0,widowed,0.0,5_plus_persons,1.0,children_under_18,other_christian,0.5,,type_1,,0.0,0.0,0.33,1.0,1.0,0.0,1.0,plq,conservative,,1.0,1.0,,,1.0,0.0,0.0,,1.0,0.0,0.67,0.0,adq,,0.0,0.7,,0.8,0.6,0.0,0.65,0.9,,,,0.6,1.0,,0.0,0.67,0.0,0.0,0.67,0.0,1.0,,0.67,0.33,0.0,0.0,0.8,0.6,,0.2,0.8,0.6,0.6,1.0,0.8,,0.6,0.67,0.67,0.67
767,0.9163962006568908,male,46.0,45_54,french,canadian_quebecois,high_school,40k_to_60k,employed,15,1.0,divorced_separated,,2_persons,0.0,no_children,,,,type_1,0.0,1.0,1.0,0.33,1.0,1.0,0.33,1.0,plq,ndp,1.0,0.5,0.33,1.0,1.0,1.0,1.0,0.0,1.0,,1.0,0.0,0.0,,,0.4,0.5,0.5,0.4,0.4,0.3,0.3,0.5,0.2,,0.0,0.75,0.0,1.0,0.33,0.67,0.67,0.67,0.33,0.33,,1.0,1.0,0.0,0.33,0.33,,,,0.8,,,0.6,0.8,,,,0.67,0.17,0.67
768,0.7738205194473267,male,64.0,55_64,french,canadian_quebecois,high_school,under_20k,self_employed,16,1.0,widowed,1.0,2_persons,0.0,no_children,other_christian,0.5,other_regions,type_1,,1.0,1.0,0.67,1.0,1.0,0.0,1.0,adq,liberal,0.0,0.75,0.67,1.0,0.5,1.0,0.67,0.33,1.0,0.0,1.0,0.33,0.0,adq,,0.05,0.05,0.2,0.1,0.1,0.05,0.05,0.35,,,0.5,0.5,1.0,1.0,0.0,0.67,0.67,0.67,0.67,0.33,0.33,0.33,0.67,0.67,0.67,0.0,0.6,0.6,0.6,0.6,0.6,0.6,0.6,0.6,0.6,0.6,0.6,0.67,0.17,0.67
769,1.3550678491592407,male,27.0,25_34,french,canadian_quebecois,college_cegep,under_20k,employed,15,1.0,widowed,1.0,5_plus_persons,0.0,children_under_18,,,monteregie,type_1,0.0,1.0,1.0,1.0,1.0,0.33,0.33,0.0,qs,green,1.0,1.0,1.0,0.33,0.0,1.0,1.0,0.0,1.0,0.0,1.0,0.0,1.0,,,0.0,0.0,0.0,0.5,0.0,0.0,0.0,0.0,0.25,0.0,0.5,0.25,0.0,1.0,0.33,0.67,0.0,1.0,0.33,0.0,1.0,,0.0,0.0,0.0,0.0,0.4,0.4,,0.4,0.4,0.4,0.4,0.4,,1.0,0.4,0.5,0.5,0.5
770,0.5535573959350586,female,57.0,55_64,french,canadian_quebecois,college_cegep,,employed,6,1.0,widowed,0.0,3_4_persons,1.0,children_under_18,,,,type_1,0.0,1.0,1.0,0.67,0.67,0.67,0.67,1.0,plq,,0.33,0.75,0.67,1.0,0.5,1.0,,0.33,1.0,0.0,1.0,0.33,1.0,,,0.5,0.5,0.5,0.5,0.0,,0.75,0.75,,,0.5,0.5,0.0,1.0,0.0,,0.67,1.0,0.33,0.33,1.0,,1.0,0.67,0.67,0.33,0.8,0.8,1.0,1.0,1.0,0.8,0.8,0.8,0.8,,0.8,,,0.83
771,0.74787837266922,female,63.0,55_64,english,other,graduate,under_20k,self_employed,6,0.0,divorced_separated,,3_4_persons,0.0,children_18_plus,catholic,0.0,montreal,type_1,,1.0,1.0,1.0,0.67,0.33,0.33,1.0,adq,liberal,1.0,1.0,1.0,0.33,0.5,1.0,1.0,0.33,1.0,0.0,1.0,0.33,1.0,plq,green,0.6,0.0,0.5,0.2,0.6,0.6,0.0,0.5,0.2,,0.5,1.0,0.0,,0.0,,1.0,0.33,0.33,1.0,1.0,1.0,0.67,1.0,0.33,1.0,,0.6,0.6,0.2,0.6,0.6,1.0,1.0,1.0,,0.6,1.0,0.67,0.67
772,1.2380889654159546,male,45.0,35_44,english,canadian_quebecois,bachelor,40k_to_60k,employed,6,0.0,widowed,1.0,5_plus_persons,1.0,both,catholic,1.0,montreal,type_1,,0.67,0.67,0.67,1.0,1.0,1.0,0.0,plq,conservative,1.0,1.0,0.67,0.67,0.5,1.0,0.67,0.33,0.0,0.0,1.0,0.67,0.0,,,0.8,0.5,0.7,0.9,1.0,0.8,0.4,0.6,0.9,0.6,0.2,0.8,0.0,1.0,0.0,1.0,1.0,0.67,0.33,1.0,1.0,,1.0,0.33,1.0,0.0,0.8,0.8,0.8,1.0,0.8,0.8,0.8,0.8,1.0,1.0,1.0,1.0,0.5,1.0
773,1.830754041671753,male,25.0,18_24,english,canadian_quebecois,college_cegep,under_20k,retired,6,1.0,widowed,,5_plus_persons,0.0,children_under_18,catholic,0.0,monteregie,type_1,,1.0,1.0,0.67,1.0,1.0,0.67,0.0,adq,liberal,0.67,1.0,1.0,0.67,0.5,1.0,0.67,0.0,1.0,0.0,1.0,0.67,0.0,,,0.5,0.2,0.2,0.2,0.0,0.1,,,,,0.5,0.6,0.0,1.0,0.0,0.67,0.67,0.67,0.33,0.0,0.33,0.0,0.67,0.67,0.67,0.0,1.0,1.0,1.0,1.0,1.0,1.0,0.8,0.8,1.0,0.8,1.0,1.0,1.0,0.83
774,0.9654632806777954,male,56.0,55_64,french,canadian_quebecois,bachelor,60k_to_80k,employed,24,1.0,widowed,1.0,5_plus_persons,1.0,no_children,other_christian,0.5,other_regions,type_1,,0.33,0.33,0.0,0.67,0.33,0.33,1.0,adq,liberal,0.33,0.0,0.67,0.33,0.5,0.67,0.67,0.33,1.0,0.0,0.0,0.67,0.0,adq,conservative,0.5,0.6,0.7,0.4,0.2,0.4,0.4,0.7,0.5,0.3,0.3,0.7,1.0,1.0,0.33,0.67,1.0,0.67,1.0,0.33,1.0,0.33,1.0,0.0,0.67,0.33,0.6,0.6,0.6,0.6,0.6,0.6,0.6,0.6,0.8,0.6,0.6,0.67,0.67,0.67
775,0.3228451609611511,female,65.0,55_64,french,canadian_quebecois,graduate,,self_employed,3,1.0,divorced_separated,0.0,3_4_persons,0.0,children_under_18,,,monteregie,type_1,0.0,0.67,1.0,0.67,1.0,1.0,1.0,1.0,adq,liberal,0.67,1.0,1.0,1.0,1.0,1.0,1.0,0.67,1.0,0.0,,0.33,1.0,,,0.6,0.5,0.7,0.3,0.8,0.4,0.5,0.6,0.2,0.6,0.8,0.6,0.0,1.0,0.67,1.0,1.0,0.33,0.33,0.67,1.0,0.67,0.33,0.67,0.0,0.67,1.0,0.6,1.0,0.2,0.4,0.6,1.0,0.8,,,0.6,,,0.67
776,1.3925409317016602,male,44.0,35_44,french,canadian_quebecois,college_cegep,20k_to_40k,student,6,1.0,widowed,1.0,5_plus_persons,1.0,children_under_18,,,outaouais,type_1,1.0,0.67,1.0,1.0,1.0,0.33,0.33,1.0,qs,ndp,1.0,1.0,1.0,0.0,1.0,1.0,1.0,0.33,1.0,0.0,1.0,0.67,1.0,qs,conservative,0.7,0.8,0.4,0.85,0.75,0.4,0.45,0.4,0.6,0.4,0.85,0.8,0.0,1.0,0.0,0.67,0.67,0.67,0.67,0.67,1.0,0.0,0.67,0.0,0.67,0.33,0.8,0.8,1.0,1.0,0.4,0.8,0.8,0.8,0.8,1.0,0.4,1.0,0.83,0.5
777,1.3550678491592407,male,33.0,25_34,french,canadian_quebecois,college_cegep,over_150k,employed,6,1.0,divorced_separated,1.0,3_4_persons,0.0,children_18_plus,protestant,0.0,other_regions,type_1,,0.67,1.0,0.67,1.0,0.67,0.33,1.0,plq,bloc,0.33,0.75,0.67,0.33,1.0,0.0,0.0,0.33,1.0,0.0,1.0,0.67,1.0,pq,ndp,0.4,0.6,0.5,0.1,0.4,0.6,0.4,0.5,0.1,0.3,0.2,0.5,0.0,1.0,0.33,0.67,0.67,0.67,0.67,0.67,1.0,0.0,1.0,1.0,0.33,0.0,1.0,0.8,1.0,0.2,,1.0,0.8,0.8,1.0,1.0,0.6,1.0,1.0,0.67
778,0.3228451609611511,female,66.0,65_plus,french,canadian_quebecois,bachelor,over_150k,employed,3,1.0,widowed,1.0,3_4_persons,0.0,children_under_18,protestant,1.0,quebec_city,type_1,,0.67,0.67,,1.0,0.67,0.0,1.0,adq,,0.67,0.5,0.0,0.0,1.0,1.0,1.0,0.33,1.0,0.0,1.0,0.67,1.0,pq,ndp,0.2,0.8,0.8,0.2,0.2,0.25,0.5,0.6,0.2,0.75,0.7,0.7,0.0,0.0,0.33,0.67,0.33,0.67,0.33,0.67,1.0,1.0,1.0,0.67,0.67,0.33,1.0,0.6,0.6,1.0,0.6,0.6,0.6,0.6,0.6,0.6,0.6,1.0,0.67,0.67
779,0.2219046652317047,male,52.0,45_54,french,canadian_quebecois,bachelor,under_20k,student,3,1.0,widowed,1.0,3_4_persons,0.0,children_18_plus,protestant,0.0,other_regions,type_1,,0.67,0.67,0.67,1.0,0.33,0.33,1.0,plq,ndp,0.67,0.75,0.33,0.33,1.0,0.67,0.67,0.0,1.0,0.0,0.0,0.67,1.0,pq,bloc,0.1,0.5,0.05,0.6,,0.1,0.5,0.2,0.7,0.4,0.6,0.5,1.0,1.0,0.0,,0.67,0.0,0.33,0.67,1.0,0.0,0.33,0.67,0.67,0.33,0.8,0.8,0.8,0.4,0.4,0.4,0.8,0.8,0.8,,0.4,0.5,0.5,0.5
780,0.5535573959350586,female,61.0,55_64,french,canadian_quebecois,high_school,,self_employed,15,1.0,widowed,,5_plus_persons,1.0,no_children,other_christian,0.5,quebec_city,type_1,,1.0,0.67,1.0,0.67,0.67,0.67,1.0,plq,ndp,0.67,0.75,1.0,0.0,0.5,0.33,0.67,0.33,1.0,0.0,1.0,0.67,1.0,adq,,0.0,0.0,0.7,0.0,0.2,0.0,0.0,0.8,0.15,0.35,0.2,0.8,1.0,1.0,0.0,0.67,0.67,0.67,0.33,0.0,1.0,0.0,0.67,0.0,0.67,0.0,0.6,0.6,0.6,0.2,0.6,0.6,0.6,0.6,0.6,0.6,0.6,0.33,0.67,0.67
781,0.3228451609611511,female,65.0,55_64,french,canadian_quebecois,college_cegep,,self_employed,12,1.0,divorced_separated,0.0,1_person,1.0,no_children,other_christian,0.5,monteregie,type_1,,1.0,1.0,1.0,1.0,1.0,0.67,0.0,plq,ndp,0.67,1.0,1.0,0.33,1.0,0.0,1.0,0.0,1.0,0.0,1.0,0.33,1.0,,,0.0,0.3,0.8,0.5,0.0,0.25,0.0,1.0,,,0.0,1.0,0.0,1.0,0.33,0.67,0.67,0.0,0.67,0.33,1.0,0.0,1.0,0.0,1.0,0.0,0.6,0.6,0.6,0.8,0.6,0.6,0.6,0.8,0.6,0.6,0.6,0.67,0.67,0.67
782,0.2516313791275024,female,45.0,35_44,french,canadian_quebecois,graduate,over_150k,employed,3,1.0,divorced_separated,1.0,2_persons,0.0,children_18_plus,no_religion,0.5,eastern_quebec,type_1,,1.0,1.0,0.33,1.0,1.0,1.0,1.0,adq,liberal,0.33,1.0,0.67,0.67,1.0,0.0,0.67,0.67,0.0,0.0,1.0,1.0,1.0,other,conservative,0.6,0.6,0.75,0.4,0.75,0.65,0.4,0.75,0.75,0.8,0.6,0.7,0.0,1.0,0.0,0.67,1.0,0.0,1.0,0.33,0.33,0.0,0.67,1.0,0.33,0.0,1.0,1.0,1.0,0.2,0.8,0.6,0.6,0.6,0.6,0.6,0.6,0.67,0.67,0.67
783,1.3925409317016602,male,42.0,35_44,french,canadian_quebecois,college_cegep,40k_to_60k,employed,16,1.0,widowed,1.0,2_persons,0.0,no_children,protestant,0.5,other_regions,type_1,,1.0,1.0,1.0,1.0,0.67,0.33,1.0,plq,ndp,1.0,1.0,1.0,0.67,1.0,1.0,1.0,0.33,1.0,0.0,1.0,0.0,1.0,pq,ndp,0.2,0.7,0.7,0.3,0.2,0.05,0.4,0.6,0.2,,0.8,0.8,0.0,1.0,0.33,0.67,0.67,1.0,0.33,0.67,1.0,0.0,0.33,0.33,0.33,0.0,,0.8,0.6,0.6,0.6,0.6,0.8,0.8,0.6,,0.6,0.67,0.67,0.67
784,1.3550678491592407,male,33.0,25_34,french,canadian_quebecois,bachelor,60k_to_80k,employed,16,1.0,common_law,,2_persons,0.0,children_under_18,catholic,0.5,montreal,type_1,,1.0,0.67,0.33,0.67,0.67,1.0,1.0,adq,liberal,0.0,0.5,1.0,0.33,0.5,0.67,0.67,0.33,1.0,0.0,1.0,0.67,0.0,plq,ndp,0.75,0.05,0.6,0.02,0.15,0.6,0.03,0.7,0.05,,0.02,0.5,0.0,1.0,0.0,0.67,0.33,0.33,0.33,1.0,1.0,0.33,0.67,0.67,0.33,0.33,1.0,1.0,0.6,0.6,0.6,1.0,1.0,1.0,1.0,1.0,0.6,1.0,0.67,0.67
785,0.8410736918449402,female,74.0,65_plus,french,canadian_quebecois,bachelor,,self_employed,16,1.0,divorced_separated,,2_persons,1.0,children_under_18,catholic,0.5,quebec_city,type_1,,1.0,1.0,1.0,1.0,1.0,1.0,1.0,plq,conservative,,0.75,0.67,0.67,0.5,0.0,0.0,0.67,0.0,0.0,0.0,0.67,1.0,,,0.7,0.2,0.1,0.0,0.0,0.8,0.5,0.7,0.4,0.1,0.2,0.5,0.0,1.0,0.0,0.67,0.0,0.0,1.0,1.0,1.0,,0.67,0.67,0.67,0.33,1.0,1.0,1.0,1.0,1.0,1.0,1.0,1.0,1.0,,,1.0,1.0,0.67
786,0.2516313791275024,female,53.0,45_54,french,canadian_quebecois,high_school,80k_to_100k,employed,3,1.0,widowed,1.0,5_plus_persons,0.0,no_children,other_christian,0.5,quebec_city,type_1,,1.0,0.67,0.0,0.33,0.67,1.0,1.0,plq,ndp,0.0,0.5,0.33,1.0,0.5,1.0,1.0,0.0,1.0,0.0,1.0,0.67,1.0,adq,,0.0,0.0,0.8,0.0,0.1,0.0,0.0,0.75,0.0,,0.0,0.8,0.0,1.0,0.0,0.0,0.67,0.33,0.67,1.0,0.33,0.67,1.0,0.33,0.33,0.33,0.6,0.6,0.6,0.6,0.6,0.6,0.6,0.6,0.6,0.6,0.6,0.67,0.67,0.67
787,0.7738205194473267,male,61.0,55_64,french,canadian_quebecois,bachelor,40k_to_60k,employed,14,1.0,widowed,1.0,5_plus_persons,0.0,,protestant,0.5,other_regions,type_1,,1.0,1.0,0.67,0.67,0.67,0.0,1.0,plq,conservative,0.33,1.0,1.0,0.0,,1.0,0.33,0.67,,0.0,1.0,0.67,,,,0.4,0.4,0.2,0.3,0.3,0.4,0.7,0.2,0.8,,0.6,0.6,0.0,1.0,,1.0,1.0,0.0,0.33,0.67,1.0,0.0,0.0,1.0,1.0,0.0,0.4,0.4,1.0,0.2,0.4,0.4,0.8,0.8,0.4,0.4,0.4,0.17,0.83,0.83
788,2.6535232067108154,female,21.0,18_24,french,canadian_quebecois,college_cegep,under_20k,employed,32,1.0,divorced_separated,1.0,3_4_persons,0.0,children_under_18,other_christian,0.5,quebec_city,type_1,,1.0,1.0,1.0,0.67,0.67,1.0,1.0,plq,conservative,1.0,1.0,1.0,0.33,0.5,0.67,0.67,0.67,0.0,0.0,1.0,0.67,1.0,,,0.6,0.4,0.9,0.8,0.8,0.7,0.5,0.8,0.5,,0.7,0.75,1.0,1.0,0.0,1.0,0.33,0.33,0.33,0.0,0.33,0.67,0.67,0.67,0.67,0.33,0.6,0.6,0.6,0.2,0.6,0.6,0.6,0.6,0.6,0.6,0.6,0.67,0.67,0.67
789,0.3720875084400177,female,34.0,25_34,french,canadian_quebecois,high_school,under_20k,employed,3,1.0,widowed,1.0,5_plus_persons,1.0,no_children,other_christian,1.0,quebec_city,type_1,,1.0,1.0,0.33,0.67,1.0,0.67,1.0,plq,ndp,0.33,0.75,1.0,1.0,0.5,1.0,0.67,0.33,1.0,1.0,1.0,0.67,0.0,adq,,0.6,0.3,1.0,0.5,0.5,0.3,0.0,1.0,,,0.0,1.0,0.0,1.0,0.0,1.0,0.33,0.0,0.33,0.0,0.33,1.0,1.0,0.67,1.0,0.33,0.6,0.6,0.6,0.6,0.6,0.6,0.6,0.8,0.6,0.6,0.6,0.67,0.67,0.67
790,0.9163962006568908,male,48.0,45_54,french,canadian_quebecois,high_school,under_20k,employed,15,1.0,divorced_separated,0.0,3_4_persons,0.0,no_children,other_christian,0.0,monteregie,type_1,,1.0,1.0,0.33,1.0,0.33,0.67,1.0,plq,conservative,1.0,0.75,1.0,1.0,1.0,1.0,1.0,0.0,,0.0,1.0,1.0,1.0,pq,ndp,0.0,0.75,1.0,0.5,0.5,0.0,0.0,0.95,0.5,0.0,0.5,0.5,0.0,0.0,0.33,0.67,0.67,0.67,0.33,0.33,1.0,0.67,0.67,0.67,0.67,0.33,0.6,0.6,0.6,0.6,0.6,0.6,0.6,0.6,0.6,0.6,0.6,0.67,0.67,0.67
791,1.0409808158874512,female,63.0,55_64,english,canadian_quebecois,graduate,over_150k,self_employed,5,0.0,married,1.0,5_plus_persons,0.0,children_18_plus,,,quebec_city,type_1,1.0,1.0,0.67,0.0,0.0,0.0,1.0,0.0,adq,liberal,0.0,0.0,0.0,0.0,0.5,0.0,0.0,1.0,1.0,,0.0,1.0,1.0,,,0.5,0.0,0.75,,0.0,0.5,0.0,0.52,,,0.0,0.8,,1.0,0.0,1.0,1.0,0.0,0.33,1.0,0.33,1.0,1.0,0.67,1.0,1.0,,,0.6,,,,,,1.0,0.6,0.6,1.0,0.67,0.67
792,1.2432608604431152,female,45.0,35_44,french,canadian_quebecois,high_school,40k_to_60k,employed,24,1.0,divorced_separated,,3_4_persons,1.0,no_children,other_christian,0.5,montreal,type_1,,1.0,1.0,0.0,1.0,1.0,0.0,1.0,plq,,0.0,1.0,0.67,0.0,,0.0,1.0,0.33,1.0,0.0,1.0,,1.0,plq,ndp,0.6,0.5,0.7,0.5,,0.6,0.5,0.8,,,0.0,0.5,0.0,1.0,0.33,1.0,0.67,1.0,0.33,0.33,0.33,1.0,0.33,0.67,0.33,0.0,,0.6,1.0,,,0.6,0.8,0.8,,1.0,0.6,0.67,0.17,
793,1.1757395267486572,male,73.0,65_plus,french,canadian_quebecois,bachelor,40k_to_60k,self_employed,16,1.0,divorced_separated,0.0,3_4_persons,1.0,children_under_18,catholic,0.5,montreal,type_1,,1.0,1.0,0.67,0.67,0.33,0.33,1.0,plq,ndp,1.0,0.75,0.67,0.0,0.5,0.0,0.33,0.67,0.0,0.0,0.0,1.0,,plq,,0.7,0.0,0.7,0.5,0.5,0.7,0.05,0.7,0.5,,0.5,0.8,0.0,0.0,0.0,1.0,0.67,0.33,0.33,0.33,1.0,0.0,0.67,1.0,1.0,0.0,1.0,1.0,1.0,0.6,0.6,0.6,,1.0,1.0,1.0,0.6,1.0,0.67,0.67
794,1.5884746313095093,male,72.0,65_plus,english,other,bachelor,under_20k,self_employed,6,0.0,widowed,0.0,3_4_persons,0.0,children_18_plus,catholic,0.0,montreal,type_1,,1.0,1.0,1.0,1.0,0.67,1.0,1.0,adq,liberal,1.0,1.0,0.33,0.67,0.5,0.0,1.0,0.67,0.0,0.0,1.0,0.67,1.0,plq,ndp,0.9,0.6,0.8,0.05,0.1,0.9,0.4,0.8,0.2,0.1,0.5,0.5,0.0,1.0,0.0,0.67,0.67,0.67,0.33,0.0,0.33,0.33,0.33,0.67,0.33,0.0,1.0,1.0,1.0,0.6,0.6,1.0,0.6,0.6,0.6,0.6,0.6,1.0,1.0,1.0
795,0.7705016136169434,female,55.0,45_54,french,canadian_quebecois,high_school,40k_to_60k,employed,33,1.0,married,0.0,2_persons,1.0,both,catholic,1.0,montreal,type_1,,1.0,1.0,1.0,1.0,0.67,1.0,1.0,adq,liberal,1.0,1.0,1.0,1.0,0.5,0.67,0.67,0.67,0.0,0.0,0.0,0.67,1.0,plq,green,0.75,0.0,0.3,,0.5,0.8,0.0,0.3,0.4,0.3,0.05,0.06,1.0,1.0,0.0,0.67,0.67,0.0,1.0,1.0,0.33,0.67,0.0,0.67,0.67,0.33,1.0,1.0,1.0,1.0,1.0,1.0,1.0,1.0,1.0,1.0,1.0,1.0,1.0,1.0
796,1.690662503242493,male,33.0,25_34,french,canadian_quebecois,bachelor,40k_to_60k,employed,7,1.0,divorced_separated,1.0,5_plus_persons,0.0,children_under_18,no_religion,0.5,quebec_city,type_1,,1.0,0.33,0.0,1.0,0.33,0.33,0.0,adq,liberal,0.0,0.5,0.0,0.33,0.5,1.0,1.0,0.67,1.0,0.0,1.0,0.33,1.0,,,0.2,0.2,0.0,0.05,0.2,0.25,0.15,0.05,0.25,0.5,0.5,0.7,0.0,1.0,0.0,0.67,0.33,0.33,0.33,1.0,0.33,0.0,0.67,0.33,0.33,0.33,1.0,1.0,0.2,0.2,0.2,0.4,0.2,0.8,1.0,1.0,0.4,1.0,0.33,0.33
797,1.3116263151168823,female,66.0,65_plus,french,canadian_quebecois,graduate,under_20k,self_employed,2,1.0,common_law,1.0,5_plus_persons,1.0,children_under_18,other_christian,1.0,other_regions,type_1,,1.0,1.0,1.0,1.0,1.0,1.0,1.0,plq,other,0.67,1.0,1.0,,0.5,1.0,1.0,0.0,1.0,1.0,1.0,0.33,0.0,adq,conservative,0.0,0.75,0.75,,0.0,0.0,0.75,1.0,,,0.3,0.5,0.0,1.0,0.0,0.67,0.67,1.0,0.67,0.33,1.0,1.0,0.67,0.0,0.33,0.0,0.6,0.6,0.6,0.6,0.6,0.6,0.6,0.6,0.6,0.6,0.6,0.67,0.67,0.67
798,0.3372038602828979,male,44.0,35_44,french,canadian_quebecois,college_cegep,80k_to_100k,employed,3,1.0,widowed,0.0,3_4_persons,0.0,no_children,other_christian,0.5,quebec_city,type_1,,0.67,0.67,0.0,0.0,0.67,0.67,1.0,plq,conservative,0.0,0.0,0.67,0.0,0.5,1.0,1.0,0.33,1.0,0.0,1.0,0.67,1.0,adq,green,0.25,0.1,0.95,0.05,0.1,0.2,0.0,0.95,0.1,0.1,0.1,0.8,1.0,0.0,0.0,0.67,1.0,0.0,0.33,0.0,1.0,0.67,1.0,0.67,1.0,0.33,0.6,0.6,0.6,0.6,0.6,0.6,0.6,0.6,0.6,0.6,0.6,0.67,0.67,0.67
799,0.9654632806777954,male,59.0,55_64,french,canadian_quebecois,high_school,under_20k,unemployed,26,1.0,single,0.0,1_person,1.0,no_children,catholic,0.0,,type_1,,1.0,1.0,1.0,1.0,1.0,1.0,1.0,plq,ndp,1.0,1.0,1.0,0.0,0.5,0.33,0.0,0.33,,0.0,0.0,0.33,0.0,,,1.0,0.0,0.5,0.5,0.0,0.6,0.0,0.5,0.1,0.4,0.0,1.0,0.0,1.0,0.67,0.67,1.0,1.0,0.67,1.0,0.67,0.0,0.33,1.0,1.0,0.0,1.0,1.0,1.0,1.0,1.0,1.0,1.0,1.0,1.0,1.0,1.0,1.0,1.0,1.0
800,0.6555481553077698,female,46.0,45_54,french,canadian_quebecois,bachelor,60k_to_80k,employed,6,1.0,divorced_separated,1.0,3_4_persons,0.0,children_18_plus,other_christian,0.0,,type_1,,1.0,1.0,1.0,1.0,1.0,0.67,1.0,pq,ndp,0.67,1.0,0.67,0.67,1.0,0.67,0.67,0.33,1.0,0.0,1.0,0.67,0.0,adq,liberal,0.7,0.7,0.8,0.5,0.6,0.4,0.4,0.8,0.3,0.5,0.5,0.5,0.0,1.0,0.33,0.67,0.67,0.67,0.33,0.33,1.0,0.33,0.67,0.33,0.33,0.0,0.6,1.0,1.0,0.6,0.6,0.6,0.6,0.8,0.8,0.6,0.6,0.67,0.67,0.67
801,1.3550678491592407,male,32.0,25_34,french,canadian_quebecois,bachelor,80k_to_100k,employed,13,1.0,widowed,1.0,5_plus_persons,0.0,children_under_18,other_christian,1.0,outaouais,type_1,,0.67,1.0,0.33,1.0,0.33,0.33,1.0,adq,liberal,1.0,1.0,1.0,0.33,0.5,0.33,0.67,0.67,0.0,0.0,1.0,0.33,0.0,adq,green,0.5,0.5,0.9,0.8,0.8,0.5,0.8,1.0,0.8,0.8,0.8,0.6,0.0,1.0,0.0,0.67,0.67,0.33,0.33,1.0,0.33,0.67,0.67,0.33,0.67,0.33,0.6,0.6,1.0,0.2,0.4,0.6,0.8,0.8,0.6,1.0,0.6,0.67,0.5,0.67
802,0.284705102443695,male,66.0,65_plus,french,canadian_quebecois,graduate,40k_to_60k,self_employed,3,1.0,divorced_separated,1.0,3_4_persons,0.0,children_under_18,,,quebec_city,type_1,0.0,0.67,1.0,0.0,0.67,1.0,0.33,1.0,qs,liberal,0.33,0.75,0.33,0.67,1.0,0.33,0.67,0.33,,0.0,0.0,0.67,1.0,,,0.4,0.5,0.4,0.2,0.4,0.5,0.4,0.4,0.2,0.3,0.6,0.4,0.0,1.0,0.0,0.0,1.0,0.33,0.33,0.33,1.0,0.0,0.67,0.33,0.33,0.33,0.8,0.8,1.0,0.2,0.8,0.8,0.8,0.8,1.0,0.8,0.6,1.0,0.5,0.33
803,1.728875994682312,female,49.0,45_54,other,canadian_quebecois,college_cegep,20k_to_40k,employed,6,0.0,divorced_separated,,1_person,1.0,,catholic,0.5,montreal,type_1,,1.0,1.0,1.0,1.0,,1.0,1.0,plq,conservative,1.0,1.0,1.0,1.0,0.5,1.0,0.33,0.0,1.0,0.0,1.0,,1.0,,,,,,,,,,,,,0.0,0.9,1.0,,0.0,1.0,,0.67,0.67,0.0,0.67,,0.0,,1.0,0.33,1.0,1.0,1.0,0.2,1.0,1.0,0.8,0.8,1.0,,1.0,1.0,,
804,1.728875994682312,female,50.0,45_54,other,other_european,college_cegep,40k_to_60k,employed,6,,single,0.0,1_person,1.0,both,other_christian,0.0,montreal,type_1,,1.0,1.0,1.0,1.0,,1.0,0.0,plq,other,,1.0,1.0,0.67,0.5,0.0,0.33,0.0,1.0,,0.0,0.67,1.0,,,0.5,0.4,0.55,,,0.5,0.4,0.6,,,0.4,0.5,0.0,1.0,0.33,0.33,1.0,0.33,0.67,0.33,0.33,0.0,0.33,1.0,0.0,0.0,0.6,,0.6,,0.6,0.6,0.6,0.8,1.0,0.6,,0.67,0.67,0.67
805,2.664950370788574,male,20.0,18_24,french,other_european,college_cegep,20k_to_40k,employed,6,0.0,single,0.0,1_person,1.0,children_18_plus,catholic,0.5,other_regions,type_1,,1.0,1.0,0.33,1.0,0.33,0.33,0.0,qs,other,0.67,0.5,0.67,0.33,0.5,0.67,0.33,0.33,1.0,0.0,0.0,1.0,1.0,,,0.99,0.05,0.82,0.73,1.0,0.0,0.74,1.0,0.66,0.5,1.0,0.5,0.0,1.0,0.67,1.0,0.67,0.67,0.33,0.33,0.33,0.67,1.0,0.67,0.33,0.67,0.2,0.8,0.8,0.2,0.8,,0.2,0.8,0.2,1.0,,0.67,1.0,0.17
806,0.3228451609611511,female,74.0,65_plus,french,canadian_quebecois,high_school,20k_to_40k,self_employed,3,1.0,married,,3_4_persons,1.0,children_under_18,other_christian,0.5,quebec_city,type_1,,1.0,1.0,1.0,0.67,,1.0,1.0,plq,ndp,0.0,1.0,1.0,1.0,0.5,0.33,0.67,1.0,1.0,0.0,0.0,1.0,0.0,plq,ndp,0.5,0.0,0.8,0.0,0.0,0.4,0.0,0.8,0.0,,0.0,0.6,0.0,1.0,1.0,1.0,0.67,0.67,0.33,1.0,1.0,1.0,1.0,0.33,0.33,0.33,1.0,,1.0,,1.0,0.6,0.6,,1.0,0.6,0.6,0.67,0.67,0.67
807,0.8410736918449402,female,76.0,65_plus,french,canadian_quebecois,high_school,under_20k,self_employed,14,1.0,single,,1_person,1.0,children_18_plus,catholic,0.5,montreal,type_1,,1.0,0.67,1.0,1.0,1.0,1.0,0.0,plq,conservative,1.0,1.0,1.0,1.0,0.5,1.0,1.0,0.33,1.0,0.0,1.0,0.33,1.0,,,0.9,0.5,0.2,0.1,0.0,0.9,0.5,0.6,,,0.5,0.5,0.0,1.0,0.33,0.67,0.67,0.67,0.33,1.0,1.0,0.67,0.33,0.33,0.33,0.33,1.0,0.6,0.6,0.6,0.6,0.6,0.6,1.0,0.8,1.0,1.0,1.0,0.17,0.67
808,1.3458575010299685,female,42.0,35_44,english,other,bachelor,under_20k,student,6,0.0,widowed,1.0,5_plus_persons,0.0,children_18_plus,,,outaouais,type_1,,1.0,0.0,1.0,1.0,0.0,0.0,0.0,pq,bloc,1.0,1.0,1.0,0.0,0.5,1.0,1.0,0.0,1.0,1.0,1.0,0.0,0.0,,,0.0,0.3,0.0,0.4,0.5,0.0,0.0,0.0,0.1,0.2,0.9,0.6,0.0,0.0,0.0,0.67,0.33,1.0,0.67,1.0,0.67,0.0,0.0,1.0,0.67,0.0,,0.2,0.6,0.2,0.4,0.4,0.2,,0.4,,0.4,0.17,0.67,0.5
809,1.2432608604431152,female,48.0,45_54,french,canadian_quebecois,college_cegep,over_150k,employed,26,1.0,divorced_separated,1.0,3_4_persons,0.0,children_under_18,,,eastern_quebec,type_1,0.0,0.67,1.0,0.67,1.0,0.33,0.33,1.0,adq,liberal,0.33,0.75,0.33,0.33,,0.33,0.67,0.67,1.0,0.0,,0.67,1.0,,,0.5,0.4,0.5,0.3,0.6,0.4,0.5,0.5,0.4,,0.7,0.7,0.0,1.0,0.33,0.67,0.67,0.33,0.33,0.33,1.0,0.33,0.33,0.67,0.33,0.33,0.8,0.6,1.0,0.2,0.4,0.6,0.8,0.8,0.6,1.0,0.4,1.0,0.5,0.67
810,0.9693608283996582,female,32.0,25_34,french,canadian_quebecois,high_school,40k_to_60k,employed,16,1.0,widowed,1.0,5_plus_persons,1.0,no_children,other_christian,0.5,quebec_city,type_1,,1.0,1.0,0.67,1.0,0.67,1.0,1.0,plq,bloc,0.33,1.0,1.0,0.0,1.0,0.67,0.67,0.33,1.0,0.0,1.0,0.33,1.0,adq,conservative,0.2,0.7,0.9,0.75,0.5,0.0,0.5,0.75,,,0.4,0.7,1.0,1.0,1.0,0.67,0.33,0.67,0.33,0.67,0.33,0.33,0.0,0.67,0.67,0.0,0.8,0.6,0.6,0.8,0.6,0.6,0.6,0.8,0.6,,0.8,0.67,0.67,0.83
811,0.5535573959350586,female,61.0,55_64,french,canadian_quebecois,college_cegep,under_20k,employed,6,1.0,widowed,1.0,5_plus_persons,0.0,no_children,,,,type_1,0.0,1.0,1.0,1.0,1.0,,0.0,1.0,plq,ndp,0.67,1.0,1.0,0.67,,0.0,1.0,0.33,1.0,0.0,0.0,0.67,0.0,,,0.1,0.5,0.5,0.25,0.25,0.1,0.6,0.5,0.5,0.25,0.3,0.75,0.0,1.0,,0.67,,0.33,0.67,0.33,1.0,0.0,0.33,0.67,0.67,0.0,,,,,,0.6,,0.8,,0.6,,,,0.67
812,0.212483525276184,female,61.0,55_64,french,other_european,bachelor,,employed,3,1.0,widowed,1.0,5_plus_persons,0.0,children_under_18,,,eastern_quebec,type_1,1.0,1.0,1.0,1.0,0.67,0.0,0.0,1.0,,,0.33,1.0,1.0,0.33,0.5,0.67,1.0,0.33,1.0,0.0,0.0,1.0,1.0,plq,,0.75,0.6,0.6,0.4,0.5,0.65,0.4,0.6,0.4,,0.7,0.85,0.0,1.0,0.0,0.67,1.0,0.0,0.33,0.33,1.0,0.0,1.0,1.0,1.0,0.33,1.0,1.0,,,,0.6,,0.8,,1.0,,,0.0,0.17
813,0.7738205194473267,male,60.0,55_64,french,canadian_quebecois,graduate,20k_to_40k,self_employed,16,1.0,widowed,1.0,3_4_persons,0.0,children_under_18,protestant,0.5,other_regions,type_1,,0.67,0.67,1.0,1.0,0.67,0.67,1.0,plq,bloc,1.0,1.0,1.0,0.33,1.0,1.0,1.0,0.33,1.0,0.0,1.0,0.67,1.0,pq,green,0.4,0.6,0.0,0.8,0.7,0.1,0.2,0.0,0.4,0.0,0.8,0.3,0.0,1.0,0.67,0.67,1.0,0.67,0.33,0.67,1.0,0.0,0.0,0.67,1.0,0.0,,0.8,0.8,0.2,,,0.8,0.8,,,0.4,0.83,0.17,0.17
814,1.830754041671753,male,30.0,25_34,english,canadian_quebecois,college_cegep,20k_to_40k,employed,6,0.0,widowed,1.0,3_4_persons,0.0,both,catholic,0.5,montreal,type_1,,1.0,0.33,1.0,1.0,0.67,0.67,1.0,qs,ndp,0.67,1.0,0.67,0.67,0.5,0.67,0.67,0.33,0.0,0.0,0.0,1.0,0.0,plq,ndp,0.8,0.2,0.5,0.3,0.7,0.7,0.4,0.55,0.35,0.45,0.65,0.65,0.0,1.0,0.0,0.67,1.0,0.0,1.0,0.0,0.33,0.67,1.0,0.67,1.0,0.33,1.0,1.0,1.0,0.2,1.0,1.0,0.8,0.8,1.0,1.0,1.0,1.0,0.67,0.67
815,0.9693608283996582,female,32.0,25_34,french,canadian_quebecois,bachelor,under_20k,,6,1.0,widowed,1.0,5_plus_persons,0.0,both,protestant,0.5,other_regions,type_1,,1.0,1.0,0.33,1.0,0.0,0.0,1.0,plq,ndp,0.0,0.5,0.33,0.0,1.0,1.0,1.0,0.33,1.0,0.0,1.0,0.67,0.0,pq,,0.0,0.8,0.5,0.3,0.5,0.0,0.6,0.1,0.5,,0.8,0.6,0.0,1.0,0.67,0.67,0.67,0.67,0.33,0.67,1.0,0.0,0.33,0.67,0.0,0.0,,0.8,,0.2,0.4,,,0.8,0.8,,0.4,0.17,0.5,0.17
816,2.040802478790283,male,62.0,55_64,other,other,bachelor,,employed,6,0.0,widowed,,5_plus_persons,0.0,both,,,,type_1,1.0,1.0,0.67,0.33,1.0,1.0,0.67,1.0,adq,liberal,,0.5,0.33,,0.5,0.67,1.0,0.33,1.0,0.0,1.0,0.67,,,,0.4,0.25,0.3,,0.5,0.45,0.35,0.25,,,0.2,0.55,,1.0,0.0,1.0,0.33,0.67,1.0,1.0,,1.0,,,0.67,0.67,1.0,,1.0,0.2,,,1.0,1.0,,1.0,,1.0,1.0,0.17
817,0.7317694425582886,female,20.0,18_24,french,canadian_quebecois,college_cegep,under_20k,retired,3,1.0,divorced_separated,1.0,3_4_persons,0.0,no_children,protestant,0.5,other_regions,type_1,,1.0,1.0,0.67,1.0,0.33,0.33,1.0,plq,ndp,0.67,1.0,0.67,0.67,1.0,0.67,0.33,0.67,0.0,0.0,0.0,0.67,0.0,pq,liberal,0.5,0.75,0.4,,,0.5,0.75,0.45,,0.2,0.8,0.8,0.0,1.0,0.67,1.0,0.67,0.0,0.33,0.67,1.0,0.0,0.33,0.67,1.0,0.0,1.0,0.8,0.8,0.8,0.8,0.6,0.8,0.8,0.8,0.8,0.8,0.83,0.83,0.83
818,0.8632587194442749,female,59.0,55_64,french,canadian_quebecois,high_school,under_20k,self_employed,2,1.0,widowed,0.0,1_person,1.0,no_children,other_christian,0.5,quebec_city,type_1,,0.67,0.67,0.0,0.67,1.0,0.0,1.0,plq,conservative,0.0,0.75,1.0,0.0,0.5,1.0,1.0,0.0,1.0,,1.0,0.0,1.0,plq,ndp,0.5,0.0,0.75,0.12,0.3,0.5,0.0,0.75,0.12,0.3,0.75,0.75,1.0,,0.33,0.0,1.0,0.67,0.67,1.0,0.67,0.0,0.0,0.0,0.0,0.0,0.6,0.6,,0.2,0.4,0.6,1.0,0.6,0.8,1.0,0.6,0.67,0.67,0.83
819,0.6453179717063904,male,21.0,18_24,french,canadian_quebecois,high_school,under_20k,employed,3,1.0,widowed,0.0,5_plus_persons,0.0,children_18_plus,other_christian,1.0,monteregie,type_1,,1.0,1.0,0.33,1.0,0.67,0.67,0.0,plq,bloc,0.33,0.75,0.0,,1.0,0.33,0.33,0.33,1.0,0.0,1.0,0.67,1.0,,,0.4,0.4,0.8,,1.0,0.6,0.3,0.6,,,0.6,0.8,1.0,1.0,1.0,1.0,1.0,0.33,0.33,0.33,1.0,0.33,1.0,1.0,1.0,0.33,0.6,0.6,0.6,0.6,0.6,0.6,0.6,0.6,0.6,0.6,0.6,0.67,0.67,0.67
820,2.6535232067108154,female,22.0,18_24,french,canadian_quebecois,college_cegep,under_20k,retired,5,1.0,widowed,1.0,5_plus_persons,0.0,no_children,protestant,0.5,monteregie,type_1,,1.0,1.0,0.67,1.0,0.67,0.67,1.0,plq,ndp,0.67,0.5,1.0,0.67,1.0,0.67,0.67,0.33,1.0,0.0,0.0,0.67,1.0,pq,ndp,0.2,0.8,0.75,0.7,0.7,0.1,0.6,0.7,0.5,,0.85,0.85,0.0,0.0,0.33,0.67,0.67,0.67,0.33,0.67,1.0,0.0,0.33,0.67,0.33,0.0,1.0,0.8,,0.2,0.6,0.6,0.8,0.8,0.6,,0.6,1.0,0.67,0.67
821,0.3720875084400177,female,25.0,18_24,french,canadian_quebecois,bachelor,,employed,3,1.0,widowed,1.0,5_plus_persons,0.0,no_children,,,other_regions,type_1,1.0,1.0,1.0,0.33,0.67,0.33,1.0,1.0,plq,,0.33,0.75,1.0,0.33,0.5,0.67,0.67,0.67,1.0,0.0,0.0,0.67,1.0,plq,,0.75,0.3,0.6,0.0,0.2,0.8,0.3,0.7,0.05,,0.3,0.8,1.0,1.0,0.0,0.67,0.0,0.33,0.33,0.33,0.33,0.67,0.67,1.0,0.67,0.33,1.0,0.6,,1.0,1.0,0.6,0.6,0.6,1.0,0.6,,1.0,0.67,0.67
822,1.2432608604431152,female,50.0,45_54,french,canadian_quebecois,bachelor,over_150k,employed,26,1.0,widowed,1.0,5_plus_persons,0.0,children_18_plus,protestant,0.5,other_regions,type_1,,1.0,1.0,0.33,0.33,0.67,0.33,1.0,adq,liberal,0.33,0.5,0.67,0.33,1.0,0.67,1.0,0.33,0.0,0.0,0.0,0.67,1.0,,,0.4,0.75,0.4,0.4,0.3,0.3,0.4,0.3,0.3,0.3,0.6,0.6,0.0,1.0,0.33,0.67,0.67,0.33,0.33,0.67,1.0,0.0,1.0,1.0,0.67,0.33,1.0,0.8,1.0,0.8,0.8,0.8,0.8,0.8,1.0,1.0,0.6,0.83,0.83,1.0
823,0.9693608283996582,female,26.0,25_34,french,canadian_quebecois,college_cegep,under_20k,retired,6,1.0,widowed,1.0,,0.0,,,,other_regions,type_1,,1.0,1.0,0.67,1.0,,0.67,1.0,adq,liberal,,1.0,1.0,0.67,,0.33,,0.33,0.0,0.0,,0.67,0.0,,,0.55,0.85,0.6,,0.7,0.7,0.85,0.7,,,0.4,0.5,,,1.0,1.0,1.0,0.0,,0.0,1.0,0.0,0.33,,,0.0,,,,0.8,,,0.8,0.8,0.8,,,,,0.83
824,1.6366344690322876,male,31.0,25_34,french,canadian_quebecois,college_cegep,60k_to_80k,employed,4,1.0,widowed,1.0,5_plus_persons,0.0,no_children,protestant,0.5,other_regions,type_1,,0.67,0.67,0.33,1.0,0.67,1.0,1.0,qs,liberal,1.0,1.0,0.67,1.0,1.0,0.33,0.67,0.33,0.0,0.0,0.0,0.33,1.0,pq,green,0.2,0.95,0.5,0.5,0.85,0.0,0.85,0.4,0.5,,0.5,0.75,1.0,,1.0,1.0,0.67,0.33,0.67,0.67,1.0,1.0,0.67,0.67,0.67,0.0,1.0,0.8,0.8,0.2,0.8,0.8,0.8,0.8,0.8,0.8,0.8,0.83,0.83,0.0
825,1.3550678491592407,male,32.0,25_34,french,canadian_quebecois,high_school,20k_to_40k,employed,6,1.0,divorced_separated,1.0,2_persons,1.0,both,,,other,type_1,0.0,0.0,0.0,0.0,0.0,0.0,0.0,0.0,plq,conservative,0.0,0.0,0.0,0.0,0.0,,1.0,0.0,1.0,1.0,1.0,0.0,1.0,,,0.0,0.0,0.0,0.0,0.0,,0.05,,,,0.2,0.2,0.0,0.0,0.33,0.67,0.67,0.67,0.33,0.0,,0.33,1.0,0.33,1.0,0.0,,,,0.2,,,,,,,,0.17,0.83,
826,1.5116838216781616,female,32.0,25_34,french,canadian_quebecois,bachelor,20k_to_40k,employed,11,1.0,single,0.0,1_person,1.0,no_children,other_christian,0.5,quebec_city,type_1,,1.0,1.0,0.67,0.67,0.0,0.67,1.0,pq,liberal,0.33,0.5,0.67,1.0,0.5,0.67,1.0,0.33,1.0,0.0,0.0,0.67,1.0,adq,,0.5,0.1,0.75,0.0,0.0,0.5,0.0,0.8,0.0,0.0,0.75,0.8,1.0,1.0,0.0,0.67,1.0,0.33,0.33,0.0,0.33,0.33,1.0,1.0,0.67,0.0,0.6,0.6,0.6,0.2,0.6,0.6,0.8,0.8,0.8,0.6,0.6,1.0,0.67,0.67
827,0.6555481553077698,female,53.0,45_54,french,canadian_quebecois,bachelor,60k_to_80k,employed,6,1.0,divorced_separated,1.0,5_plus_persons,0.0,children_under_18,protestant,0.5,outaouais,type_1,,1.0,1.0,0.33,1.0,1.0,0.33,1.0,plq,ndp,1.0,0.75,0.67,0.33,1.0,0.67,0.67,0.33,1.0,0.0,1.0,0.67,1.0,other,conservative,0.0,0.6,0.0,0.4,0.6,0.2,0.6,0.0,0.75,0.5,0.7,0.6,0.0,1.0,0.67,0.67,1.0,0.33,0.33,0.67,1.0,0.0,0.0,0.67,0.67,0.33,0.4,0.8,0.8,0.2,0.4,0.4,0.8,0.8,0.8,0.8,0.4,0.83,0.5,0.17
828,1.681884765625,male,40.0,35_44,french,canadian_quebecois,high_school,under_20k,employed,4,1.0,widowed,0.0,2_persons,0.0,no_children,other_christian,0.5,quebec_city,type_1,,1.0,1.0,0.33,1.0,0.67,1.0,1.0,plq,ndp,1.0,0.75,0.67,1.0,1.0,0.0,1.0,0.33,1.0,0.0,1.0,0.0,1.0,adq,conservative,0.25,0.6,0.99,0.5,0.1,0.5,0.3,0.8,0.1,0.2,0.0,0.7,0.0,,0.0,0.67,0.0,0.0,0.33,0.33,0.33,1.0,1.0,0.67,0.67,0.0,1.0,0.6,0.6,0.2,0.6,0.6,0.6,0.6,0.6,0.8,0.6,0.67,0.67,0.67
829,3.615523815155029,female,23.0,18_24,french,canadian_quebecois,bachelor,over_150k,employed,7,1.0,widowed,1.0,3_4_persons,0.0,no_children,protestant,0.5,other_regions,type_1,,1.0,1.0,0.67,0.67,0.33,0.33,1.0,,,0.33,0.75,0.67,1.0,,0.33,0.67,0.67,0.0,0.0,0.0,0.67,0.0,pq,bloc,0.6,0.8,0.45,0.7,0.7,0.65,0.85,0.6,0.75,0.65,0.6,0.75,0.0,1.0,0.33,0.67,0.0,0.33,0.33,0.33,1.0,0.33,0.33,1.0,0.67,0.33,0.8,0.8,0.8,0.2,0.4,0.8,0.8,0.8,1.0,0.8,0.8,0.83,0.5,0.5
830,0.2516313791275024,female,46.0,45_54,french,canadian_quebecois,bachelor,40k_to_60k,employed,12,1.0,divorced_separated,1.0,2_persons,1.0,no_children,protestant,0.0,,type_1,,0.67,0.67,1.0,0.67,1.0,0.33,1.0,plq,conservative,1.0,1.0,1.0,0.67,0.5,0.67,0.67,0.33,0.0,0.0,1.0,0.33,0.0,adq,liberal,0.5,0.3,0.4,,0.2,0.3,0.4,0.4,,,0.8,0.7,1.0,,0.0,1.0,0.33,0.33,0.67,0.33,1.0,,0.67,1.0,0.67,0.0,,,0.6,0.2,0.6,0.6,0.8,0.8,0.6,0.8,0.6,1.0,0.67,0.67
831,0.3372038602828979,male,41.0,35_44,french,canadian_quebecois,bachelor,60k_to_80k,employed,3,1.0,divorced_separated,1.0,2_persons,1.0,no_children,other_christian,0.5,quebec_city,type_1,,1.0,1.0,0.67,0.67,0.67,0.33,1.0,plq,ndp,0.33,0.5,1.0,0.33,0.5,1.0,1.0,0.33,1.0,0.0,1.0,1.0,0.0,adq,,0.0,0.4,0.5,0.1,0.1,0.3,0.15,0.4,,,0.05,0.8,1.0,1.0,0.0,1.0,1.0,0.67,0.33,0.33,1.0,1.0,1.0,0.33,1.0,0.0,0.6,0.6,0.6,0.6,0.6,0.6,0.6,0.6,0.6,,0.6,1.0,0.67,0.67
832,0.6555481553077698,female,45.0,35_44,french,canadian_quebecois,high_school,40k_to_60k,employed,16,1.0,widowed,,3_4_persons,0.0,children_under_18,other_christian,0.5,other_regions,type_1,,0.67,0.67,0.67,0.67,0.67,0.67,1.0,adq,liberal,0.67,0.75,0.67,0.67,,1.0,1.0,0.0,1.0,1.0,1.0,0.33,0.0,,ndp,0.3,0.5,0.65,,0.3,0.2,0.35,0.5,0.3,,0.5,0.5,0.0,0.0,0.33,0.67,0.67,1.0,0.33,0.33,1.0,0.0,1.0,0.67,0.67,0.0,0.6,0.6,0.6,0.6,0.6,0.6,0.6,0.8,0.6,0.6,0.6,0.67,0.17,0.67
833,0.9654632806777954,male,56.0,55_64,french,canadian_quebecois,high_school,40k_to_60k,employed,26,1.0,widowed,1.0,3_4_persons,0.0,children_under_18,other_christian,0.0,quebec_city,type_1,,1.0,0.67,0.33,0.67,0.67,0.33,1.0,plq,ndp,0.33,0.75,0.67,0.67,0.5,0.67,0.67,0.33,1.0,0.0,0.0,1.0,1.0,adq,liberal,0.6,0.5,0.7,0.6,0.6,0.6,0.4,0.7,0.6,0.6,0.5,0.6,1.0,,0.0,0.67,0.67,0.33,0.33,0.33,,0.0,1.0,1.0,0.67,0.33,0.6,0.6,1.0,0.8,0.6,0.6,1.0,0.8,0.8,1.0,0.6,1.0,0.67,0.67
834,1.9063955545425413,female,19.0,18_24,french,canadian_quebecois,high_school,under_20k,employed,14,1.0,widowed,1.0,5_plus_persons,0.0,no_children,protestant,0.5,monteregie,type_1,,1.0,1.0,0.67,1.0,0.67,1.0,1.0,plq,ndp,0.33,1.0,1.0,0.33,1.0,0.67,0.67,0.33,1.0,0.0,0.0,0.67,0.0,pq,ndp,0.3,0.95,0.7,0.5,0.8,0.3,0.8,0.6,,,0.9,0.75,0.0,0.0,1.0,1.0,0.67,0.33,0.33,0.33,1.0,0.33,0.0,1.0,0.67,0.0,0.8,1.0,0.8,0.2,0.8,0.8,0.8,0.8,0.8,0.8,0.8,0.67,0.83,0.83
835,0.3372038602828979,male,40.0,35_44,french,canadian_quebecois,college_cegep,over_150k,employed,3,1.0,divorced_separated,0.0,3_4_persons,0.0,children_under_18,catholic,0.5,quebec_city,type_1,,1.0,0.67,0.67,0.67,0.33,1.0,0.0,plq,ndp,0.33,0.75,0.67,0.0,0.5,0.0,1.0,0.0,1.0,0.0,1.0,0.67,1.0,,,0.7,0.1,0.6,0.01,0.01,0.7,0.4,0.7,0.1,,0.0,,1.0,1.0,0.0,1.0,0.33,0.67,0.33,1.0,0.33,0.67,0.67,0.33,0.67,0.33,1.0,1.0,,,1.0,0.6,1.0,,1.0,1.0,,1.0,0.67,0.67
836,0.8410736918449402,female,69.0,65_plus,french,canadian_quebecois,college_cegep,under_20k,,6,1.0,widowed,0.0,3_4_persons,0.0,no_children,catholic,0.5,quebec_city,type_1,,1.0,1.0,0.67,0.67,1.0,1.0,1.0,adq,liberal,0.33,0.75,0.67,1.0,0.5,0.0,0.33,0.33,1.0,0.0,0.0,0.67,,plq,ndp,0.5,0.1,0.4,0.05,0.05,0.7,0.1,0.3,0.05,0.05,0.05,0.5,0.0,0.0,0.0,0.67,0.67,0.33,0.33,1.0,0.33,0.0,1.0,0.67,0.67,0.33,1.0,1.0,1.0,1.0,1.0,1.0,1.0,1.0,1.0,1.0,1.0,1.0,1.0,0.67
837,0.1873806416988372,male,64.0,55_64,french,canadian_quebecois,college_cegep,40k_to_60k,self_employed,3,0.0,widowed,0.0,5_plus_persons,0.0,children_under_18,other_christian,0.0,monteregie,type_1,,0.67,0.67,0.67,0.33,0.67,0.33,0.0,plq,ndp,0.33,0.5,0.67,0.67,0.5,0.67,0.67,0.33,1.0,,1.0,0.33,1.0,,,0.75,0.5,0.75,0.25,0.25,0.5,0.5,0.6,,,0.5,0.8,1.0,0.0,0.0,1.0,0.67,0.33,0.67,1.0,1.0,0.33,0.67,0.67,0.67,0.67,0.6,0.8,1.0,0.8,0.8,0.6,0.6,0.8,0.6,0.6,0.8,0.67,0.67,0.67
838,0.3372038602828979,male,41.0,35_44,french,canadian_quebecois,college_cegep,60k_to_80k,employed,12,1.0,widowed,1.0,5_plus_persons,0.0,children_18_plus,protestant,0.0,other_regions,type_1,,0.67,0.67,0.33,0.67,0.33,0.33,1.0,plq,ndp,0.33,0.75,0.67,0.0,1.0,0.67,0.67,0.33,0.0,0.0,0.0,0.67,1.0,adq,,0.4,0.5,0.6,0.1,0.3,0.45,0.3,0.5,0.15,0.4,0.15,0.5,0.0,1.0,0.0,0.67,0.67,0.67,0.67,0.33,1.0,0.0,0.67,0.67,0.33,0.33,0.6,0.6,,0.2,0.8,0.6,0.8,0.8,,,0.6,1.0,0.83,0.67
839,0.9693608283996582,female,27.0,25_34,french,canadian_quebecois,bachelor,under_20k,employed,6,1.0,widowed,1.0,3_4_persons,0.0,children_under_18,no_religion,0.5,other_regions,type_1,,1.0,0.67,0.67,1.0,0.67,0.67,1.0,plq,conservative,1.0,0.75,0.67,1.0,1.0,0.67,1.0,0.0,0.0,0.0,1.0,0.33,1.0,other,conservative,0.4,0.65,0.6,0.5,0.7,0.5,0.5,0.6,0.6,0.65,0.6,0.8,0.0,1.0,0.33,0.33,,0.33,0.33,0.0,1.0,0.33,0.67,0.33,0.33,0.33,1.0,1.0,0.8,0.2,0.8,,0.8,0.8,0.2,0.8,0.8,0.67,0.33,0.33
840,3.6725471019744873,male,41.0,35_44,other,other,bachelor,over_150k,employed,16,1.0,widowed,,5_plus_persons,0.0,children_18_plus,protestant,0.5,other_regions,type_1,,0.67,0.67,0.33,1.0,0.67,1.0,1.0,qs,conservative,0.33,0.0,1.0,0.0,1.0,0.0,0.67,0.33,1.0,,0.0,1.0,1.0,pq,green,0.45,0.6,0.3,0.65,0.7,0.5,0.5,0.0,0.7,0.85,0.6,0.6,0.0,1.0,0.0,0.67,1.0,0.33,0.33,0.67,1.0,0.0,,1.0,0.67,0.33,0.8,0.8,1.0,0.2,0.4,0.6,0.8,0.8,0.8,1.0,0.4,0.33,0.33,0.5
841,0.5535573959350586,female,59.0,55_64,french,canadian_quebecois,college_cegep,,self_employed,6,1.0,widowed,1.0,5_plus_persons,0.0,no_children,catholic,0.5,montreal,type_1,,1.0,0.33,0.33,1.0,0.33,0.33,1.0,plq,conservative,0.0,0.75,0.67,0.0,0.5,0.67,0.67,0.67,0.0,0.0,0.0,1.0,1.0,plq,ndp,0.7,0.5,0.6,0.2,0.2,0.8,0.3,0.6,0.4,,0.3,0.7,0.0,1.0,0.0,0.67,1.0,0.33,1.0,1.0,1.0,1.0,0.0,1.0,1.0,0.0,1.0,0.8,1.0,0.2,1.0,0.6,1.0,0.8,1.0,1.0,0.6,1.0,0.67,0.67
842,3.2186999320983887,male,22.0,18_24,french,canadian_quebecois,bachelor,over_150k,retired,4,1.0,widowed,1.0,5_plus_persons,0.0,children_under_18,other_christian,0.5,quebec_city,type_1,,0.67,0.67,0.67,0.67,0.67,0.33,1.0,adq,bloc,0.33,0.75,0.67,0.33,0.5,0.33,0.67,1.0,1.0,,0.0,0.67,1.0,adq,,0.6,0.45,0.8,0.2,0.2,0.65,0.4,0.75,0.6,0.4,0.5,0.75,0.0,1.0,0.0,1.0,0.67,0.33,0.67,0.33,1.0,1.0,1.0,1.0,1.0,0.33,0.6,0.6,1.0,0.2,0.4,0.6,0.8,0.8,0.6,0.6,0.6,1.0,0.67,0.83
843,0.9961626529693604,female,41.0,35_44,french,canadian_quebecois,graduate,40k_to_60k,employed,6,1.0,widowed,1.0,5_plus_persons,0.0,no_children,other_religion,1.0,eastern_quebec,type_1,,1.0,1.0,0.67,1.0,0.33,0.0,1.0,plq,ndp,0.67,1.0,0.67,0.33,1.0,1.0,1.0,0.33,0.0,1.0,1.0,0.0,0.0,pq,,0.4,0.4,0.4,0.8,0.5,0.1,0.4,0.4,1.0,0.3,0.4,0.4,0.0,1.0,0.33,0.67,0.0,0.67,0.33,0.33,1.0,0.33,0.67,0.0,0.0,0.0,0.4,0.8,,0.4,0.4,0.4,0.4,0.4,0.8,0.8,0.4,0.5,0.5,0.5
844,2.6271798610687256,female,39.0,35_44,other,other,graduate,80k_to_100k,employed,6,1.0,widowed,0.0,5_plus_persons,0.0,children_under_18,other_christian,0.0,quebec_city,type_1,,1.0,0.67,0.67,0.67,0.67,1.0,1.0,plq,conservative,0.67,1.0,1.0,0.67,0.5,0.33,0.33,0.33,1.0,0.0,1.0,0.67,1.0,adq,liberal,0.5,0.2,1.0,,0.8,0.6,0.0,0.8,,0.0,0.1,0.6,0.0,0.0,0.0,0.67,0.67,0.67,0.33,0.0,1.0,0.0,1.0,1.0,1.0,0.0,1.0,1.0,,0.6,0.6,0.6,0.8,0.8,0.6,1.0,0.6,1.0,0.67,0.67
845,1.1433428525924685,male,52.0,45_54,french,canadian_quebecois,high_school,20k_to_40k,employed,8,1.0,widowed,,3_4_persons,1.0,no_children,protestant,1.0,other_regions,type_1,,1.0,0.67,1.0,0.33,1.0,0.33,1.0,other,liberal,0.0,1.0,1.0,1.0,1.0,1.0,1.0,0.33,1.0,,,0.33,1.0,pq,ndp,0.02,0.2,0.2,0.0,0.01,0.05,0.2,0.75,,,0.0,1.0,0.0,,0.67,1.0,0.33,0.67,0.67,0.33,0.33,0.67,1.0,,1.0,0.33,0.8,0.6,0.6,0.8,0.6,0.6,0.6,1.0,0.8,0.6,0.6,0.67,0.67,0.67
846,0.8856703639030457,female,52.0,45_54,other,canadian_quebecois,college_cegep,over_150k,employed,13,1.0,widowed,1.0,3_4_persons,0.0,children_under_18,protestant,0.5,other_regions,type_1,,0.67,1.0,0.67,1.0,0.67,0.67,1.0,adq,liberal,1.0,1.0,0.67,0.33,1.0,0.67,0.67,0.67,0.0,,1.0,1.0,1.0,pq,,0.65,0.85,0.5,0.5,0.6,0.6,0.6,0.5,0.75,0.5,0.8,0.8,0.0,1.0,0.0,0.67,0.67,0.33,0.33,0.67,1.0,0.0,0.33,1.0,0.67,0.67,,0.8,0.8,0.8,0.8,0.8,0.8,0.8,0.8,1.0,0.8,1.0,0.5,0.5
847,0.4433166682720184,male,33.0,25_34,english,canadian_quebecois,graduate,over_150k,employed,3,1.0,divorced_separated,1.0,2_persons,0.0,no_children,catholic,0.0,quebec_city,type_1,,1.0,0.67,0.0,0.67,0.67,0.0,1.0,qs,ndp,0.0,0.75,1.0,0.0,0.5,0.33,0.67,0.33,1.0,0.0,1.0,0.67,0.0,adq,liberal,0.5,0.25,0.51,0.1,0.1,0.5,0.25,0.51,0.1,0.1,0.0,1.0,0.0,1.0,0.0,0.67,1.0,1.0,1.0,0.33,1.0,1.0,1.0,1.0,1.0,0.0,1.0,0.6,0.8,0.6,0.8,0.6,0.8,0.8,1.0,1.0,0.6,1.0,0.67,0.67
848,1.889244079589844,female,44.0,35_44,french,canadian_quebecois,bachelor,over_150k,employed,26,1.0,widowed,1.0,3_4_persons,0.0,children_under_18,protestant,0.5,other,type_1,,0.67,0.67,0.33,0.67,0.0,0.0,1.0,plq,conservative,1.0,0.75,0.67,0.67,1.0,0.67,0.67,0.0,1.0,0.0,1.0,0.67,0.0,pq,,0.2,0.8,0.0,0.3,0.3,0.0,0.7,0.0,0.6,0.6,0.5,0.8,0.0,1.0,0.67,0.67,0.67,0.33,0.33,0.67,1.0,0.33,0.67,0.33,0.67,0.33,0.8,0.8,0.8,0.8,0.4,0.8,0.8,0.8,0.8,0.8,0.4,0.83,0.83,0.83
849,0.2219046652317047,male,48.0,45_54,french,canadian_quebecois,high_school,under_20k,employed,3,1.0,widowed,1.0,3_4_persons,0.0,children_under_18,other_christian,0.5,quebec_city,type_1,,0.67,0.33,0.33,1.0,1.0,1.0,1.0,plq,ndp,1.0,0.75,0.67,0.33,1.0,0.67,1.0,0.33,1.0,0.0,1.0,0.33,1.0,adq,,0.45,0.2,0.8,0.05,0.2,0.4,0.1,0.8,0.05,0.02,0.5,0.5,0.0,1.0,0.67,0.67,1.0,0.33,1.0,0.33,1.0,0.33,0.67,1.0,1.0,0.33,1.0,0.6,0.6,1.0,0.6,0.6,0.6,0.8,0.6,1.0,0.6,1.0,0.67,0.67
850,1.681884765625,male,36.0,35_44,french,canadian_quebecois,bachelor,over_150k,employed,32,1.0,common_law,0.0,2_persons,0.0,children_under_18,other_christian,0.5,quebec_city,type_1,,0.67,1.0,0.33,0.67,0.67,0.67,1.0,adq,liberal,0.33,0.75,1.0,1.0,0.5,0.33,0.33,0.33,1.0,0.0,0.0,0.67,0.0,adq,,0.3,0.3,0.75,,,0.5,0.5,0.75,,,0.5,1.0,1.0,1.0,0.0,1.0,0.33,0.0,0.67,0.0,0.33,0.33,0.67,1.0,1.0,0.67,0.6,0.6,0.6,0.6,0.6,0.6,0.8,,0.6,0.6,0.6,0.67,0.67,0.67
851,0.9961626529693604,female,37.0,35_44,french,canadian_quebecois,college_cegep,40k_to_60k,homemaker,16,1.0,widowed,0.0,5_plus_persons,1.0,no_children,other_christian,1.0,,type_1,,0.67,0.67,0.33,0.67,0.33,0.33,1.0,plq,ndp,0.33,0.5,1.0,1.0,0.5,1.0,1.0,0.0,1.0,1.0,1.0,0.33,1.0,adq,green,0.01,0.01,0.9,0.4,0.4,0.05,0.05,0.99,0.6,0.3,0.5,0.5,0.0,0.0,0.0,1.0,0.67,0.67,0.33,0.0,0.33,0.33,1.0,0.33,0.67,0.0,0.6,0.6,,0.8,0.6,0.6,0.6,0.8,0.6,,0.6,0.67,0.67,0.67
852,0.8410736918449402,female,78.0,65_plus,french,canadian_quebecois,college_cegep,20k_to_40k,self_employed,6,1.0,single,0.0,3_4_persons,1.0,no_children,catholic,0.5,montreal,type_1,,1.0,1.0,0.33,0.67,0.33,0.33,1.0,plq,ndp,0.33,0.75,0.33,0.0,0.5,1.0,0.67,0.0,1.0,1.0,1.0,0.33,1.0,plq,ndp,0.5,0.25,0.6,0.4,0.5,0.5,0.4,0.4,0.4,0.4,0.5,0.5,0.0,1.0,0.0,0.67,0.0,1.0,0.33,1.0,0.33,1.0,0.67,1.0,0.33,0.67,1.0,0.8,1.0,0.2,0.8,0.8,0.8,0.8,,1.0,1.0,0.67,0.67,0.67
853,1.1757395267486572,male,70.0,65_plus,french,canadian_quebecois,high_school,20k_to_40k,self_employed,14,1.0,single,0.0,1_person,1.0,no_children,catholic,1.0,montreal,type_1,,1.0,1.0,1.0,1.0,0.67,0.67,1.0,plq,,0.67,1.0,1.0,0.33,0.5,0.67,0.67,1.0,0.0,,0.0,0.33,1.0,plq,,0.85,0.5,0.5,0.25,0.25,0.9,0.25,0.4,0.25,0.5,0.5,0.5,0.0,1.0,0.0,1.0,0.33,0.33,0.33,1.0,1.0,0.67,1.0,1.0,1.0,1.0,1.0,1.0,1.0,1.0,1.0,1.0,1.0,1.0,1.0,1.0,1.0,1.0,1.0,1.0
854,1.049834966659546,female,59.0,55_64,french,canadian_quebecois,bachelor,over_150k,employed,8,1.0,divorced_separated,1.0,5_plus_persons,0.0,children_under_18,protestant,0.5,other_regions,type_1,,1.0,1.0,1.0,1.0,0.67,0.33,1.0,plq,ndp,0.0,0.75,0.67,0.0,1.0,0.33,0.33,0.67,0.0,,0.0,0.67,0.0,pq,green,0.2,0.4,0.3,0.15,0.15,0.1,0.4,0.2,0.2,0.1,0.75,0.75,1.0,0.0,0.33,0.67,1.0,0.0,0.33,0.67,1.0,0.0,0.0,1.0,1.0,1.0,0.8,0.8,0.8,0.8,0.8,0.6,0.8,0.8,0.8,0.8,0.8,0.83,0.83,0.67
855,1.2432608604431152,female,45.0,35_44,french,canadian_quebecois,bachelor,over_150k,employed,8,1.0,widowed,1.0,5_plus_persons,0.0,children_18_plus,protestant,0.5,other_regions,type_1,,0.67,1.0,0.33,0.67,0.33,0.0,1.0,pq,ndp,0.67,0.75,0.67,0.67,1.0,0.33,0.33,0.67,,,0.0,0.67,0.0,qs,conservative,0.35,0.7,0.4,0.9,0.8,0.1,0.5,0.6,0.95,0.8,0.8,0.7,0.0,1.0,0.67,0.0,0.0,0.0,0.33,0.67,1.0,0.0,0.33,1.0,0.33,1.0,0.4,0.8,,0.2,0.4,0.4,0.8,0.8,0.4,,0.4,0.5,0.5,0.5
856,1.2432608604431152,female,49.0,45_54,french,canadian_quebecois,high_school,under_20k,employed,26,1.0,widowed,1.0,2_persons,0.0,children_under_18,protestant,0.0,other_regions,type_1,,1.0,1.0,1.0,1.0,0.67,0.67,1.0,plq,ndp,0.67,1.0,1.0,0.67,1.0,1.0,1.0,0.33,1.0,0.0,1.0,0.67,1.0,pq,ndp,0.1,0.75,0.5,0.5,0.4,0.1,0.4,0.5,,,0.0,0.5,0.0,1.0,0.67,0.67,0.33,0.67,0.33,0.33,1.0,1.0,0.33,0.67,0.67,0.0,0.6,0.6,0.6,0.6,0.6,0.6,0.6,0.8,0.6,0.6,0.6,0.67,0.67,0.67
857,0.9346079230308532,male,56.0,55_64,french,canadian_quebecois,graduate,over_150k,employed,32,1.0,widowed,1.0,5_plus_persons,0.0,children_18_plus,protestant,0.5,other_regions,type_1,,0.33,0.0,0.33,0.67,0.33,0.33,1.0,adq,liberal,0.67,0.75,0.33,0.33,1.0,0.67,0.33,0.67,0.0,,1.0,0.67,1.0,pq,green,0.4,0.9,0.0,0.5,0.7,0.4,0.7,0.0,0.8,0.6,0.7,0.7,0.0,1.0,0.33,0.67,0.67,0.0,0.33,0.67,1.0,0.0,0.0,0.67,0.33,0.67,1.0,0.8,0.8,0.8,0.4,0.8,0.8,0.8,0.8,1.0,0.8,0.83,0.83,0.67
858,0.8632587194442749,female,60.0,55_64,french,canadian_quebecois,bachelor,20k_to_40k,self_employed,11,1.0,widowed,1.0,5_plus_persons,0.0,children_under_18,other_religion,0.5,eastern_quebec,type_1,,1.0,1.0,0.67,0.67,0.67,0.67,1.0,plq,conservative,0.67,0.75,0.67,0.67,1.0,0.67,0.67,0.33,1.0,0.0,1.0,0.67,0.0,qs,ndp,0.5,0.5,0.6,0.7,0.6,0.5,0.5,0.6,0.7,0.6,0.8,0.7,0.0,1.0,0.33,1.0,0.67,0.67,0.67,0.33,1.0,0.33,0.33,0.67,0.33,0.0,0.6,0.6,0.6,0.2,0.4,0.6,0.6,0.8,0.6,0.6,0.6,0.67,0.5,0.5
859,1.1757395267486572,male,70.0,65_plus,french,canadian_quebecois,bachelor,40k_to_60k,employed,16,1.0,widowed,0.0,3_4_persons,1.0,children_under_18,protestant,0.5,other_regions,type_1,,0.67,0.67,0.33,0.33,1.0,0.33,1.0,pq,ndp,0.33,0.5,0.33,0.33,1.0,0.33,0.33,0.33,0.0,,,0.67,0.0,pq,,0.25,0.75,0.25,0.1,0.09,0.4,0.7,0.45,0.25,,0.65,0.75,0.0,1.0,0.67,1.0,0.67,0.33,0.33,0.67,1.0,0.0,0.33,0.67,0.67,0.33,0.8,,,,,,0.8,0.8,,,0.6,0.83,0.83,0.67
860,0.2516313791275024,female,49.0,45_54,french,canadian_quebecois,high_school,100k_to_120k,employed,3,1.0,single,0.0,2_persons,1.0,children_under_18,catholic,0.5,montreal,type_1,,1.0,0.0,0.0,1.0,0.33,0.33,1.0,plq,,1.0,0.75,0.0,,0.5,0.67,0.67,1.0,1.0,0.0,1.0,0.67,0.0,,,0.75,0.0,0.5,,,0.75,0.5,0.3,,,0.0,1.0,0.0,,1.0,0.67,0.67,0.33,0.33,1.0,0.33,,0.67,1.0,0.67,0.67,1.0,0.6,1.0,0.2,1.0,0.8,0.6,0.8,1.0,,1.0,1.0,0.17,0.17
861,0.9693608283996582,female,28.0,25_34,french,canadian_quebecois,bachelor,40k_to_60k,employed,14,1.0,married,1.0,3_4_persons,0.0,children_under_18,protestant,0.5,other_regions,type_1,,0.67,1.0,0.67,0.67,0.33,0.67,1.0,plq,ndp,0.33,1.0,0.67,1.0,1.0,0.67,1.0,0.67,0.0,0.0,0.0,0.67,0.0,pq,ndp,0.5,0.9,0.75,0.7,0.7,0.5,0.9,0.85,0.8,,0.5,0.5,1.0,1.0,0.67,0.67,0.67,0.33,0.33,0.33,1.0,0.67,0.67,0.33,0.33,0.0,0.8,0.8,0.6,0.2,0.6,0.6,0.8,0.8,0.8,1.0,0.8,0.67,0.83,0.5
862,0.9163962006568908,male,51.0,45_54,french,canadian_quebecois,bachelor,100k_to_120k,employed,6,1.0,widowed,1.0,5_plus_persons,0.0,both,other_religion,0.5,other,type_1,,0.67,1.0,1.0,1.0,0.67,0.33,1.0,adq,conservative,0.33,1.0,0.0,0.33,1.0,0.33,0.33,0.0,,0.0,1.0,0.0,1.0,qs,,0.2,0.2,0.0,0.66,0.4,0.02,0.03,0.0,0.5,0.3,0.8,0.42,0.0,1.0,0.33,0.67,0.33,0.33,0.67,0.0,1.0,0.0,0.0,0.67,0.67,0.33,0.4,0.4,0.4,0.4,0.4,0.4,0.4,0.4,0.4,0.4,0.4,0.5,0.5,0.5
863,1.3492573499679563,female,25.0,18_24,french,canadian_quebecois,college_cegep,20k_to_40k,employed,32,1.0,married,1.0,2_persons,0.0,children_18_plus,other_christian,0.5,quebec_city,type_1,,1.0,1.0,0.67,1.0,1.0,0.67,1.0,plq,ndp,0.67,0.75,1.0,0.33,1.0,0.67,0.67,0.67,0.0,0.0,0.0,0.67,1.0,adq,,0.2,0.8,0.9,0.7,,0.2,0.7,0.9,0.6,0.6,0.8,0.7,1.0,1.0,0.67,0.67,0.67,0.33,0.33,0.33,1.0,0.67,0.33,0.67,0.67,0.33,0.6,0.6,0.6,0.6,0.6,0.6,0.8,0.8,0.6,0.6,0.6,0.67,0.67,0.67
864,0.284705102443695,male,83.0,65_plus,french,other,graduate,100k_to_120k,self_employed,3,1.0,single,0.0,1_person,0.0,children_under_18,catholic,0.5,quebec_city,type_1,,1.0,1.0,0.0,0.67,1.0,0.33,0.0,adq,,0.67,0.5,0.67,0.0,0.5,0.67,1.0,0.33,0.0,,0.0,0.67,0.0,,,0.3,0.2,0.3,0.02,0.05,0.4,0.2,0.4,0.2,0.2,0.4,0.5,1.0,0.0,0.0,0.67,1.0,0.0,0.33,1.0,0.33,0.33,0.67,1.0,1.0,1.0,1.0,1.0,1.0,1.0,,1.0,,0.8,1.0,1.0,,1.0,0.0,0.17
865,0.9961626529693604,female,37.0,35_44,french,canadian_quebecois,bachelor,over_150k,employed,16,1.0,widowed,1.0,5_plus_persons,0.0,no_children,catholic,0.0,quebec_city,type_1,,1.0,0.33,0.67,1.0,1.0,0.67,1.0,plq,conservative,0.33,0.75,0.67,0.67,0.5,0.33,0.33,0.33,1.0,0.0,1.0,0.67,1.0,plq,,0.5,0.4,0.4,,,0.5,0.5,0.5,,,0.1,0.5,1.0,1.0,0.0,0.67,1.0,0.33,0.67,0.33,0.33,0.0,1.0,0.67,0.33,0.33,1.0,1.0,1.0,,0.6,0.6,0.8,0.8,,1.0,1.0,1.0,0.67,0.67
866,0.6555481553077698,female,48.0,45_54,french,other,bachelor,40k_to_60k,unemployed,6,1.0,single,1.0,2_persons,1.0,both,catholic,0.0,montreal,type_1,,1.0,1.0,0.0,1.0,1.0,0.33,1.0,adq,liberal,1.0,1.0,1.0,1.0,0.5,1.0,1.0,0.67,0.0,0.0,1.0,0.67,1.0,plq,,0.95,,0.3,0.5,0.6,0.7,0.7,0.6,0.6,0.5,0.95,1.0,1.0,1.0,1.0,0.67,0.67,0.0,1.0,0.33,0.33,0.0,0.67,1.0,0.67,0.67,1.0,1.0,1.0,0.2,1.0,0.8,1.0,1.0,1.0,1.0,1.0,1.0,1.0,1.0
867,1.1433428525924685,male,53.0,45_54,french,canadian_quebecois,high_school,60k_to_80k,student,26,1.0,divorced_separated,,5_plus_persons,0.0,no_children,protestant,0.5,montreal,type_1,,1.0,0.67,0.0,0.67,0.0,1.0,1.0,plq,bloc,0.67,0.5,1.0,1.0,1.0,0.67,1.0,0.33,1.0,0.0,1.0,0.67,0.0,pq,liberal,0.4,0.8,0.7,0.5,0.5,0.7,0.4,0.8,,0.6,0.0,0.9,0.0,1.0,0.33,1.0,1.0,0.0,0.67,0.67,1.0,1.0,1.0,1.0,0.67,0.0,0.6,1.0,1.0,0.2,0.6,0.6,1.0,0.8,0.8,0.6,0.6,1.0,0.83,0.67
868,0.2219046652317047,male,48.0,45_54,french,canadian_quebecois,college_cegep,over_150k,employed,3,1.0,common_law,1.0,1_person,0.0,no_children,catholic,0.0,montreal,type_1,,1.0,0.67,1.0,1.0,0.33,1.0,1.0,plq,bloc,0.0,0.75,0.67,0.0,0.5,0.67,1.0,0.0,1.0,0.0,1.0,1.0,1.0,plq,,0.6,0.3,0.1,0.0,0.5,0.4,0.2,0.1,0.3,,0.6,0.6,0.0,0.0,0.0,0.67,0.33,1.0,0.33,0.33,1.0,1.0,1.0,1.0,1.0,0.33,1.0,1.0,1.0,1.0,1.0,1.0,1.0,1.0,1.0,1.0,1.0,1.0,1.0,0.83
869,1.681884765625,male,35.0,25_34,french,canadian_quebecois,high_school,20k_to_40k,employed,17,1.0,widowed,1.0,2_persons,0.0,children_under_18,other_christian,0.5,other_regions,type_1,,1.0,1.0,0.67,0.67,0.67,1.0,1.0,plq,conservative,0.67,1.0,1.0,0.67,1.0,0.67,0.67,0.0,1.0,0.0,1.0,0.67,1.0,adq,,0.4,0.25,0.95,0.0,0.1,0.05,0.25,0.95,0.25,0.1,0.5,0.75,1.0,0.0,0.0,1.0,0.67,0.67,0.67,0.33,1.0,0.67,0.67,0.33,0.67,0.33,0.6,0.6,0.6,,0.6,0.6,0.6,,,,0.6,,0.67,0.67
870,0.1873806416988372,male,59.0,55_64,french,canadian_quebecois,bachelor,over_150k,employed,3,1.0,widowed,1.0,5_plus_persons,0.0,children_under_18,protestant,0.0,quebec_city,type_1,,0.67,0.67,0.33,0.33,0.67,0.33,1.0,plq,bloc,0.33,0.75,0.33,0.0,0.5,1.0,1.0,0.33,1.0,1.0,1.0,0.67,1.0,plq,ndp,0.5,0.6,0.5,0.05,0.05,0.1,0.3,0.3,,,0.4,0.7,1.0,1.0,0.0,0.67,1.0,0.67,1.0,0.33,1.0,0.33,0.67,0.0,0.0,0.0,1.0,1.0,1.0,0.8,0.6,0.8,0.8,0.8,0.8,1.0,0.8,0.83,0.83,0.67
871,1.3492573499679563,female,25.0,18_24,french,canadian_quebecois,bachelor,20k_to_40k,retired,5,1.0,widowed,1.0,5_plus_persons,0.0,no_children,protestant,0.5,montreal,type_1,,1.0,1.0,0.67,1.0,0.67,0.67,1.0,plq,,0.67,1.0,1.0,1.0,0.5,0.67,,0.67,1.0,0.0,1.0,0.67,0.0,pq,liberal,0.8,0.9,0.8,,,0.4,0.9,0.5,,,0.9,0.5,1.0,,0.0,0.67,1.0,0.0,0.67,0.33,1.0,,0.0,0.67,0.33,0.0,0.8,0.8,,0.8,0.6,,0.8,0.8,0.8,,0.8,0.83,0.83,0.67
872,1.0454652309417725,male,62.0,55_64,english,other,high_school,under_20k,employed,16,0.0,single,1.0,2_persons,0.0,children_18_plus,,,,type_1,0.0,1.0,1.0,0.67,1.0,0.67,0.67,1.0,pq,liberal,1.0,1.0,1.0,1.0,1.0,,0.67,1.0,1.0,1.0,1.0,0.33,1.0,,,0.65,0.65,0.65,0.65,0.65,0.65,0.65,0.65,,,0.0,0.5,0.0,0.0,0.0,0.0,0.33,0.67,1.0,0.0,0.33,0.0,0.33,0.67,0.67,0.33,1.0,1.0,,1.0,0.6,1.0,,,,1.0,,1.0,1.0,0.67
873,2.556485652923584,female,27.0,25_34,other,other,bachelor,under_20k,employed,6,,single,,,0.0,both,,,montreal,type_1,0.0,1.0,1.0,0.67,1.0,,0.67,1.0,adq,bloc,0.67,0.75,1.0,1.0,0.0,1.0,1.0,0.33,1.0,0.0,1.0,,0.0,plq,conservative,0.6,0.6,0.6,,,0.0,,0.1,,,0.7,0.7,,,0.67,0.67,,1.0,1.0,0.0,0.33,0.0,0.67,1.0,1.0,0.0,,0.6,1.0,0.2,0.4,0.6,0.8,0.4,0.8,1.0,0.4,0.17,0.83,0.83
874,0.8410736918449402,female,77.0,65_plus,french,canadian_quebecois,high_school,under_20k,self_employed,6,1.0,common_law,0.0,3_4_persons,0.0,children_18_plus,catholic,0.5,montreal,type_1,,1.0,1.0,1.0,1.0,1.0,0.33,1.0,plq,other,0.67,0.75,0.67,0.33,0.5,0.33,1.0,0.33,1.0,0.0,1.0,0.33,0.0,,,0.6,0.45,0.65,0.3,0.4,0.8,0.4,0.7,0.35,,0.0,0.5,,1.0,0.33,,0.67,0.0,0.33,1.0,,1.0,0.33,1.0,1.0,0.0,1.0,0.6,1.0,1.0,1.0,1.0,1.0,1.0,0.8,,1.0,1.0,1.0,0.67
875,0.8410736918449402,female,75.0,65_plus,french,canadian_quebecois,elementary,under_20k,self_employed,16,1.0,single,0.0,1_person,1.0,no_children,other_religion,0.5,other_regions,type_1,,0.67,1.0,0.67,0.67,0.67,0.33,1.0,pq,ndp,1.0,1.0,0.67,0.67,0.5,1.0,1.0,0.33,1.0,0.0,1.0,0.67,1.0,qs,liberal,0.7,0.6,0.8,1.0,0.7,0.7,0.5,0.8,0.9,0.6,0.8,0.7,0.0,1.0,0.33,1.0,0.67,1.0,0.67,1.0,1.0,0.33,0.0,0.33,0.67,0.33,0.8,0.8,0.6,1.0,0.8,0.6,0.8,0.8,0.8,0.6,0.6,0.67,1.0,0.67
876,0.9693608283996582,female,34.0,25_34,french,canadian_quebecois,graduate,over_150k,employed,6,1.0,divorced_separated,1.0,5_plus_persons,0.0,both,protestant,1.0,other_regions,type_1,,1.0,1.0,0.67,1.0,0.67,0.33,1.0,adq,liberal,0.67,0.75,1.0,0.33,1.0,0.33,0.67,0.33,1.0,0.0,1.0,0.67,1.0,pq,green,0.5,0.75,0.25,0.5,0.5,0.25,0.25,0.5,0.5,0.5,0.5,0.5,1.0,1.0,0.33,0.67,1.0,0.0,0.33,0.67,1.0,0.0,0.67,0.33,0.33,0.33,,0.8,0.8,0.2,0.4,0.8,0.8,0.8,0.8,1.0,0.8,0.17,0.17,0.5
877,0.8410736918449402,female,68.0,65_plus,french,canadian_quebecois,bachelor,,self_employed,13,1.0,divorced_separated,0.0,3_4_persons,1.0,no_children,catholic,0.5,montreal,type_1,,0.67,0.33,0.33,0.67,0.33,0.0,1.0,adq,liberal,0.0,1.0,0.67,0.0,0.5,1.0,1.0,0.33,1.0,0.0,1.0,0.33,1.0,plq,ndp,0.5,0.0,0.45,0.02,0.15,0.65,0.2,0.5,,,0.0,0.65,0.0,1.0,0.0,1.0,0.67,0.33,0.33,1.0,1.0,0.33,1.0,1.0,0.0,0.33,,0.6,1.0,0.2,0.6,0.6,0.6,1.0,1.0,,0.6,1.0,0.67,0.67
878,5.027725696563721,female,21.0,18_24,other,other,bachelor,under_20k,,13,,common_law,0.0,2_persons,0.0,no_children,catholic,0.5,montreal,type_1,,0.67,0.67,0.67,0.67,0.33,0.67,1.0,adq,liberal,0.67,0.75,0.67,0.67,0.5,0.67,1.0,0.33,1.0,0.0,1.0,0.33,0.0,plq,ndp,0.7,0.6,0.6,0.5,0.5,0.7,0.5,0.5,,,0.8,0.7,1.0,1.0,0.0,1.0,1.0,1.0,0.33,0.33,0.33,1.0,1.0,0.0,1.0,1.0,1.0,1.0,,0.2,1.0,0.6,1.0,0.8,1.0,1.0,1.0,1.0,0.17,0.67
879,0.284705102443695,male,78.0,65_plus,french,canadian_quebecois,bachelor,80k_to_100k,self_employed,3,1.0,widowed,0.0,2_persons,0.0,children_under_18,catholic,0.0,montreal,type_1,,1.0,0.67,0.67,0.67,0.33,0.67,1.0,adq,conservative,0.33,0.75,0.33,0.0,0.5,0.33,0.67,0.33,0.0,,0.0,0.67,0.0,plq,ndp,0.7,0.4,0.5,0.2,0.2,0.7,0.5,0.6,0.5,0.3,0.6,0.6,1.0,0.0,0.33,1.0,0.67,0.33,0.33,1.0,1.0,0.33,0.67,0.33,0.67,0.33,1.0,1.0,1.0,0.2,0.6,0.6,1.0,1.0,0.6,1.0,0.6,1.0,0.67,0.67
880,0.6555481553077698,female,51.0,45_54,french,canadian_quebecois,college_cegep,60k_to_80k,employed,16,1.0,divorced_separated,1.0,,1.0,no_children,protestant,0.5,other_regions,type_1,,1.0,1.0,0.67,1.0,1.0,1.0,1.0,plq,ndp,1.0,1.0,0.67,0.67,1.0,1.0,1.0,0.33,1.0,0.0,0.0,1.0,1.0,pq,ndp,0.1,0.9,0.5,,0.3,0.1,0.6,0.5,,0.4,0.5,0.6,0.0,,0.33,0.67,1.0,0.33,1.0,0.67,0.67,0.0,0.67,1.0,1.0,0.0,,,,0.8,,0.6,0.8,0.8,1.0,,,1.0,0.17,0.67
881,0.3720875084400177,female,34.0,25_34,french,canadian_quebecois,bachelor,60k_to_80k,employed,3,1.0,widowed,1.0,3_4_persons,0.0,children_18_plus,protestant,0.0,other_regions,type_1,,1.0,1.0,0.33,1.0,1.0,0.33,1.0,pq,ndp,0.67,0.75,1.0,0.33,1.0,0.67,1.0,0.33,1.0,0.0,1.0,0.33,0.0,adq,green,0.5,0.5,0.8,0.6,0.8,0.3,0.3,0.8,0.5,0.6,0.0,0.8,0.0,1.0,0.0,0.67,0.67,0.33,0.67,0.0,1.0,0.67,1.0,0.67,0.67,0.0,0.6,0.6,0.6,0.2,0.6,0.6,0.6,,0.6,0.6,0.6,0.17,0.67,0.67
882,1.1433428525924685,male,54.0,45_54,french,canadian_quebecois,bachelor,over_150k,employed,26,1.0,widowed,1.0,5_plus_persons,0.0,no_children,protestant,0.5,other_regions,type_1,,0.67,1.0,1.0,1.0,1.0,0.0,1.0,adq,conservative,1.0,1.0,1.0,0.33,1.0,1.0,1.0,0.33,1.0,0.0,1.0,0.67,1.0,pq,,0.35,0.35,0.0,0.25,0.75,0.25,0.25,0.0,0.5,0.75,0.8,0.8,0.0,1.0,0.33,0.67,0.67,1.0,0.67,0.67,1.0,0.0,0.67,0.67,1.0,1.0,1.0,0.8,0.8,0.8,0.8,0.8,0.8,0.8,0.8,0.8,0.8,1.0,0.33,0.33
883,0.7738205194473267,male,61.0,55_64,french,canadian_quebecois,high_school,20k_to_40k,self_employed,16,1.0,widowed,1.0,5_plus_persons,1.0,no_children,protestant,0.0,other_regions,type_1,,1.0,1.0,0.33,0.0,0.67,1.0,1.0,adq,liberal,0.0,1.0,1.0,0.0,1.0,0.67,1.0,0.33,1.0,1.0,0.0,0.33,1.0,adq,green,0.1,0.5,0.9,0.8,0.8,0.2,0.2,0.8,0.4,0.4,0.0,0.8,0.0,0.0,0.0,0.67,1.0,0.67,0.33,0.33,1.0,0.0,0.0,1.0,1.0,0.0,0.6,0.6,1.0,0.8,0.6,0.6,0.8,0.8,0.6,0.6,0.8,0.67,0.67,0.67
884,0.5535573959350586,female,58.0,55_64,french,canadian_quebecois,bachelor,80k_to_100k,employed,15,1.0,divorced_separated,,5_plus_persons,1.0,no_children,protestant,0.5,montreal,type_1,,1.0,0.67,,1.0,0.67,0.67,1.0,plq,ndp,0.67,0.75,0.67,0.67,1.0,0.67,0.67,0.33,1.0,0.0,1.0,0.67,1.0,adq,conservative,0.5,0.7,0.75,0.85,0.85,0.45,0.5,0.8,0.9,,0.8,0.7,1.0,1.0,0.33,0.67,0.67,0.33,0.33,0.33,1.0,0.0,0.33,0.67,0.0,0.0,0.6,0.6,0.4,0.2,0.4,0.6,0.8,0.8,,0.6,0.4,0.5,0.5,0.67
885,0.9693608283996582,female,28.0,25_34,french,canadian_quebecois,bachelor,80k_to_100k,employed,16,1.0,divorced_separated,1.0,3_4_persons,1.0,no_children,other_christian,0.5,other_regions,type_1,,1.0,0.67,0.67,1.0,0.67,1.0,1.0,plq,ndp,1.0,0.75,1.0,1.0,1.0,0.67,0.67,0.67,1.0,0.0,1.0,0.67,1.0,adq,conservative,0.25,0.85,0.9,,0.75,0.3,0.7,0.85,,0.45,0.5,0.85,0.0,0.0,0.33,0.67,0.67,0.67,0.33,0.33,1.0,0.67,0.67,0.67,0.67,0.33,1.0,0.8,0.8,0.2,0.6,0.6,0.8,0.8,0.6,0.6,0.6,0.67,0.67,0.67
886,1.3550678491592407,male,29.0,25_34,french,canadian_quebecois,high_school,over_150k,employed,16,1.0,widowed,0.0,3_4_persons,1.0,no_children,other_christian,0.5,quebec_city,type_1,,1.0,1.0,1.0,0.67,1.0,0.67,1.0,pq,ndp,0.67,0.5,1.0,1.0,1.0,1.0,1.0,0.33,1.0,0.0,1.0,0.0,1.0,adq,conservative,0.0,0.6,0.8,0.6,0.7,0.0,0.3,0.7,0.6,0.5,0.6,0.6,0.0,1.0,0.33,0.67,0.67,1.0,0.33,0.67,1.0,0.0,1.0,0.67,0.67,0.33,0.6,0.6,0.8,0.2,0.4,0.6,0.8,0.6,0.6,0.6,0.6,1.0,0.67,0.67
887,1.3865697383880615,female,38.0,35_44,french,canadian_quebecois,high_school,over_150k,employed,17,1.0,single,0.0,1_person,1.0,no_children,no_religion,0.5,monteregie,type_1,,1.0,1.0,1.0,1.0,0.67,1.0,0.0,plq,ndp,0.33,1.0,1.0,0.33,0.5,1.0,1.0,0.0,1.0,0.0,1.0,0.33,0.0,,,0.1,0.1,0.9,,0.8,0.0,0.0,0.9,,,0.0,1.0,1.0,1.0,0.0,0.67,0.0,0.67,0.33,0.0,0.33,0.0,1.0,0.67,0.67,0.0,0.6,0.6,0.6,0.6,0.6,0.6,0.6,0.6,0.6,0.6,0.6,0.67,0.67,0.67
888,0.9961626529693604,female,42.0,35_44,french,canadian_quebecois,college_cegep,60k_to_80k,employed,16,1.0,single,1.0,3_4_persons,0.0,children_under_18,catholic,0.5,montreal,type_1,,1.0,1.0,0.67,1.0,0.67,0.67,1.0,plq,,0.0,0.75,0.67,0.33,0.5,0.33,0.33,0.33,1.0,0.0,0.0,0.67,1.0,plq,green,0.7,0.3,0.4,0.0,0.2,0.6,0.1,0.6,0.1,0.1,0.5,0.7,1.0,1.0,0.0,1.0,1.0,0.67,1.0,1.0,0.33,0.67,0.0,0.33,0.67,0.67,1.0,0.6,1.0,0.2,1.0,1.0,1.0,0.8,1.0,1.0,0.2,1.0,0.33,0.67
889,0.5535573959350586,female,61.0,55_64,french,canadian_quebecois,graduate,over_150k,employed,6,1.0,widowed,0.0,5_plus_persons,0.0,both,,,,type_1,0.0,0.67,1.0,1.0,0.67,0.33,0.33,1.0,adq,liberal,0.67,1.0,1.0,0.33,,0.33,1.0,0.0,1.0,0.0,0.0,0.67,0.0,,,0.6,0.6,0.6,0.0,0.1,0.5,0.6,0.5,0.2,,0.4,0.7,1.0,1.0,0.33,0.67,1.0,1.0,0.67,0.33,1.0,0.33,0.67,0.67,0.67,0.0,,,,0.2,,0.6,,0.8,,,,0.0,,0.67
890,0.6555481553077698,female,51.0,45_54,french,canadian_quebecois,high_school,40k_to_60k,employed,16,1.0,widowed,1.0,5_plus_persons,0.0,no_children,protestant,0.0,,type_1,,1.0,0.67,0.67,0.67,0.67,0.33,1.0,adq,liberal,0.67,1.0,0.33,0.0,,1.0,1.0,0.0,1.0,0.0,1.0,0.33,0.0,,,0.0,0.5,0.3,0.0,0.0,0.0,0.3,0.3,0.3,0.3,0.8,0.7,,,0.0,0.0,0.67,1.0,0.67,0.33,1.0,,,1.0,0.33,0.0,,,,,,,0.8,0.8,0.8,0.8,,,,
891,1.3550678491592407,male,26.0,25_34,french,canadian_quebecois,high_school,under_20k,employed,13,1.0,widowed,1.0,5_plus_persons,1.0,children_under_18,,,eastern_quebec,type_1,,0.67,0.67,0.33,1.0,0.33,1.0,1.0,plq,conservative,0.33,1.0,1.0,0.33,0.5,0.67,1.0,0.0,1.0,0.0,0.0,0.67,0.0,other,,0.5,0.6,0.4,0.4,0.6,0.4,0.4,0.4,,,0.6,0.6,0.0,1.0,0.33,0.67,0.67,0.33,0.33,0.0,0.33,0.67,0.67,0.33,1.0,0.33,0.8,0.8,,0.2,,0.8,0.8,0.8,0.8,0.8,0.8,,,0.67
892,1.3550678491592407,male,30.0,25_34,french,canadian_quebecois,bachelor,40k_to_60k,employed,6,1.0,common_law,0.0,2_persons,1.0,children_under_18,,,other,type_1,0.0,1.0,1.0,0.33,0.67,0.33,0.33,0.0,plq,ndp,0.33,0.5,0.33,0.67,0.5,1.0,1.0,0.0,1.0,0.0,1.0,0.33,,,,0.0,0.0,0.05,,,0.0,0.0,0.05,,,0.0,1.0,0.0,1.0,0.0,0.67,1.0,1.0,0.33,0.0,0.33,0.0,0.67,0.67,0.33,0.0,,,,,,,,0.8,,,,0.67,0.67,0.67
893,0.9163962006568908,male,52.0,45_54,french,canadian_quebecois,college_cegep,40k_to_60k,employed,13,1.0,widowed,,3_4_persons,1.0,children_under_18,other_christian,0.5,other_regions,type_1,,1.0,1.0,0.67,1.0,0.33,0.0,1.0,plq,ndp,0.33,1.0,0.0,0.0,0.5,1.0,1.0,0.33,0.0,0.0,0.0,0.67,1.0,adq,conservative,0.2,0.5,0.6,0.2,0.2,0.15,0.25,0.4,0.7,0.5,0.2,0.6,0.0,1.0,0.33,0.67,0.67,1.0,0.33,0.33,1.0,0.0,1.0,0.33,0.67,0.0,0.8,0.6,0.8,0.6,0.6,0.6,0.8,0.8,0.8,0.6,0.6,0.17,0.67,0.83
894,2.6271798610687256,female,35.0,25_34,other,other,high_school,under_20k,retired,6,,single,0.0,1_person,1.0,no_children,catholic,1.0,montreal,type_1,,1.0,1.0,1.0,1.0,1.0,1.0,0.0,plq,ndp,1.0,1.0,1.0,1.0,0.5,1.0,1.0,0.33,1.0,0.0,1.0,0.67,1.0,,,0.07,0.01,0.0,0.02,0.05,0.1,0.0,0.0,,,0.1,1.0,0.0,,0.33,0.0,0.0,1.0,,0.0,0.33,0.0,0.0,1.0,1.0,0.0,1.0,0.4,0.6,1.0,1.0,1.0,0.6,0.6,1.0,1.0,1.0,0.17,0.17,0.17
895,1.595116138458252,female,79.0,65_plus,french,canadian_quebecois,high_school,under_20k,self_employed,25,1.0,single,,2_persons,1.0,children_18_plus,protestant,0.5,other_regions,type_1,,1.0,1.0,1.0,1.0,1.0,0.33,1.0,plq,ndp,1.0,1.0,1.0,1.0,1.0,1.0,0.67,0.0,1.0,0.0,1.0,0.67,1.0,pq,ndp,0.2,0.75,0.6,,,0.3,0.7,0.6,,,0.4,0.6,0.0,1.0,0.33,1.0,1.0,0.67,0.67,0.67,0.33,,0.33,0.67,0.33,0.0,,0.8,,0.8,0.8,,0.8,0.8,0.8,0.8,0.8,,,
896,0.212483525276184,female,62.0,55_64,french,canadian_quebecois,high_school,20k_to_40k,employed,3,1.0,single,1.0,2_persons,0.0,children_under_18,,,outaouais,type_1,1.0,1.0,0.67,0.67,0.67,1.0,0.67,1.0,plq,ndp,0.33,0.75,0.67,0.33,1.0,0.67,0.67,0.67,1.0,0.0,0.0,0.67,1.0,pq,ndp,0.55,0.6,0.6,0.6,0.5,0.6,0.5,0.6,0.7,0.4,0.75,0.8,0.0,1.0,0.33,0.67,0.67,0.33,0.67,0.33,1.0,0.67,0.0,0.33,0.33,0.0,0.6,0.6,1.0,0.2,0.6,0.6,1.0,0.6,0.8,1.0,0.6,0.5,0.67,0.67
897,0.9163962006568908,male,52.0,45_54,french,canadian_quebecois,bachelor,over_150k,employed,15,1.0,widowed,,3_4_persons,1.0,children_under_18,,,,type_1,0.0,0.0,0.0,0.0,0.0,0.0,0.0,1.0,plq,,0.0,0.0,0.0,0.0,,1.0,1.0,0.0,1.0,,1.0,0.0,1.0,,,,,,,,0.0,0.0,0.01,0.01,0.01,0.3,0.3,0.0,,0.0,0.67,0.67,1.0,0.67,0.33,,0.0,1.0,0.0,0.0,0.0,,,,,,,,,,,,0.33,,0.5
898,1.3925409317016602,male,42.0,35_44,french,canadian_quebecois,college_cegep,20k_to_40k,employed,6,1.0,divorced_separated,,3_4_persons,0.0,children_under_18,protestant,0.5,other_regions,type_1,,1.0,0.67,0.67,0.67,0.33,0.33,1.0,adq,liberal,0.0,0.75,0.0,0.33,1.0,0.67,0.67,0.33,0.0,0.0,1.0,0.67,1.0,pq,,0.5,0.8,0.2,0.1,0.3,0.4,0.6,0.3,0.2,0.1,0.5,0.5,1.0,1.0,0.33,,0.33,0.33,0.33,0.67,1.0,0.0,0.67,1.0,0.67,0.33,0.8,0.8,,0.8,0.4,0.6,0.8,0.8,0.8,0.6,0.8,0.83,0.5,0.5
899,1.1068066358566284,male,47.0,45_54,french,canadian_quebecois,college_cegep,under_20k,employed,4,1.0,widowed,1.0,1_person,1.0,children_under_18,,,quebec_city,type_1,1.0,1.0,0.67,0.67,1.0,1.0,0.67,1.0,plq,bloc,0.33,0.75,0.67,0.33,0.5,0.67,0.67,0.33,1.0,0.0,1.0,0.67,0.0,adq,conservative,0.4,0.5,0.5,0.25,0.35,0.3,0.35,0.45,0.45,0.25,0.5,0.5,0.0,1.0,0.33,0.67,0.67,0.33,0.33,0.33,1.0,0.67,0.67,0.67,0.67,0.33,1.0,0.6,0.6,1.0,0.8,0.6,0.8,0.8,1.0,1.0,0.6,1.0,0.83,0.67
900,1.1757395267486572,male,83.0,65_plus,french,canadian_quebecois,graduate,over_150k,self_employed,6,1.0,widowed,1.0,3_4_persons,1.0,children_under_18,catholic,0.5,,type_1,,1.0,1.0,1.0,1.0,1.0,0.67,1.0,adq,liberal,1.0,1.0,1.0,0.33,0.5,0.33,0.0,1.0,0.0,0.0,0.0,1.0,1.0,,,0.25,0.2,0.25,0.0,0.0,0.75,0.0,0.5,,,0.0,0.75,1.0,1.0,0.0,0.67,0.67,0.67,0.33,1.0,1.0,1.0,1.0,1.0,1.0,0.0,1.0,1.0,1.0,1.0,1.0,1.0,1.0,0.8,1.0,1.0,1.0,1.0,0.0,1.0
901,2.664950370788574,male,21.0,18_24,french,canadian_quebecois,college_cegep,,student,6,1.0,divorced_separated,1.0,5_plus_persons,0.0,children_under_18,,,monteregie,type_1,0.0,0.0,0.67,0.33,1.0,,0.67,1.0,adq,liberal,0.33,0.0,0.0,0.0,1.0,,0.33,0.33,1.0,0.0,0.0,0.67,1.0,,,0.5,0.6,0.3,0.3,0.35,0.4,0.5,0.0,0.2,0.3,0.65,0.6,0.0,1.0,0.33,0.33,0.67,0.67,0.33,0.33,1.0,0.33,0.67,1.0,1.0,0.67,,0.8,1.0,0.8,1.0,0.6,0.8,0.8,1.0,0.6,,1.0,0.67,0.83
902,2.416813850402832,male,46.0,45_54,other,other,bachelor,,employed,6,,divorced_separated,1.0,5_plus_persons,0.0,children_18_plus,,,montreal,type_1,1.0,1.0,1.0,0.0,1.0,0.67,0.33,1.0,plq,bloc,0.0,0.75,1.0,0.67,0.5,0.67,0.33,0.67,0.0,0.0,0.0,1.0,0.0,plq,conservative,0.8,0.7,0.7,0.6,,0.8,0.8,0.8,,,0.6,0.8,0.0,,0.0,1.0,1.0,0.0,1.0,1.0,1.0,0.0,0.33,1.0,1.0,0.33,1.0,1.0,1.0,1.0,1.0,1.0,1.0,1.0,1.0,1.0,1.0,1.0,1.0,1.0
903,0.7705016136169434,female,60.0,55_64,french,canadian_quebecois,college_cegep,under_20k,self_employed,5,1.0,single,1.0,1_person,1.0,no_children,other_christian,0.5,montreal,type_1,,1.0,1.0,0.67,1.0,1.0,1.0,1.0,plq,bloc,0.0,1.0,1.0,0.33,0.5,1.0,1.0,0.0,1.0,0.0,1.0,0.67,1.0,adq,,0.4,0.0,0.8,,0.5,0.5,0.2,0.8,,,0.8,0.8,0.0,0.0,0.0,0.67,0.33,1.0,0.67,0.33,1.0,0.33,1.0,1.0,1.0,0.33,0.6,1.0,0.6,0.2,0.6,0.6,0.6,0.8,1.0,0.6,0.6,1.0,0.67,0.67
904,0.3372038602828979,male,39.0,35_44,french,canadian_quebecois,high_school,80k_to_100k,self_employed,3,1.0,divorced_separated,1.0,2_persons,0.0,no_children,other_christian,1.0,quebec_city,type_1,,1.0,0.67,0.33,0.67,1.0,0.67,1.0,adq,liberal,1.0,1.0,1.0,1.0,0.5,0.0,0.67,0.33,1.0,0.0,1.0,0.67,1.0,adq,,0.0,0.0,0.8,0.1,0.1,0.0,0.0,0.85,,,0.25,0.7,1.0,0.0,0.0,1.0,1.0,0.67,0.33,0.33,1.0,0.67,0.67,0.67,0.67,0.33,0.6,0.6,1.0,0.2,0.6,0.6,0.6,0.6,0.6,0.6,0.6,1.0,0.67,0.67
905,2.6271798610687256,female,42.0,35_44,other,other_european,graduate,under_20k,retired,6,,widowed,1.0,5_plus_persons,1.0,children_18_plus,other_christian,0.5,montreal,type_1,,1.0,1.0,1.0,1.0,0.67,1.0,1.0,plq,other,1.0,0.5,0.67,0.33,0.5,1.0,0.67,0.0,1.0,0.0,1.0,0.67,1.0,adq,liberal,0.5,0.2,0.9,,1.0,0.9,0.8,1.0,,,0.5,0.8,0.0,1.0,0.0,0.67,0.33,1.0,0.67,1.0,0.67,0.0,0.0,0.67,0.33,0.0,1.0,0.6,1.0,0.2,0.6,0.6,0.8,0.8,0.6,1.0,0.6,0.67,,0.67
906,0.9693608283996582,female,29.0,25_34,french,canadian_quebecois,bachelor,over_150k,employed,6,1.0,widowed,1.0,5_plus_persons,,children_18_plus,protestant,0.5,other_regions,type_1,,0.67,1.0,0.67,0.67,0.33,0.33,1.0,other,liberal,0.33,1.0,0.67,0.33,0.5,0.33,0.33,0.67,1.0,0.0,0.0,0.67,1.0,pq,,0.6,0.85,0.65,0.0,0.4,0.55,0.9,0.75,0.2,0.1,0.6,0.9,1.0,0.0,0.0,0.67,1.0,0.0,0.33,0.33,1.0,0.33,0.0,1.0,0.67,0.67,,0.8,0.8,0.8,0.8,0.8,0.8,0.8,0.8,0.8,0.8,0.83,0.83,0.83
907,2.664950370788574,male,24.0,18_24,french,canadian_quebecois,high_school,under_20k,employed,6,1.0,widowed,1.0,5_plus_persons,0.0,children_under_18,other_religion,0.5,other_regions,type_1,,0.0,0.67,0.33,1.0,0.67,0.33,1.0,qs,ndp,1.0,1.0,0.67,0.33,1.0,0.67,0.67,0.33,1.0,0.0,1.0,0.0,1.0,qs,green,0.1,0.4,0.0,0.7,0.5,0.0,0.0,0.0,0.6,0.4,0.4,0.2,0.0,1.0,0.67,0.67,0.33,0.67,0.33,0.67,1.0,0.0,0.0,0.33,0.67,0.0,1.0,0.4,0.4,0.2,0.4,0.8,0.8,0.8,0.4,1.0,0.6,0.5,0.5,0.5
908,2.416813850402832,male,48.0,45_54,other,other,graduate,over_150k,employed,6,,common_law,0.0,2_persons,1.0,children_under_18,no_religion,0.0,quebec_city,type_1,,0.67,1.0,0.67,1.0,0.33,0.33,1.0,pq,bloc,1.0,0.75,0.33,0.0,0.5,0.67,0.33,0.67,1.0,,,0.67,0.0,other,liberal,0.6,0.1,0.4,0.0,0.8,0.6,0.4,0.7,,,0.6,0.8,1.0,1.0,0.0,1.0,0.33,0.33,0.67,1.0,0.67,0.33,0.0,1.0,1.0,0.0,,,0.8,0.2,1.0,1.0,1.0,,1.0,1.0,1.0,1.0,,0.67
909,0.8410736918449402,female,73.0,65_plus,french,other,bachelor,,self_employed,6,1.0,widowed,,5_plus_persons,1.0,no_children,catholic,0.5,montreal,type_1,,1.0,1.0,1.0,1.0,1.0,0.67,1.0,adq,liberal,1.0,1.0,1.0,1.0,0.5,0.67,1.0,0.67,0.0,,0.0,0.67,1.0,plq,ndp,0.5,0.05,0.4,0.03,0.1,0.6,0.15,0.5,,0.7,0.3,0.8,0.0,,0.0,0.33,1.0,0.67,0.33,1.0,1.0,,0.0,0.33,1.0,1.0,,,,,,,0.6,,1.0,,,0.17,,
910,1.2432608604431152,female,51.0,45_54,french,canadian_quebecois,bachelor,over_150k,employed,7,1.0,widowed,1.0,5_plus_persons,0.0,children_18_plus,catholic,0.0,montreal,type_1,,1.0,1.0,0.0,0.67,1.0,1.0,1.0,adq,liberal,0.33,0.75,0.0,0.0,0.5,0.33,0.33,0.67,0.0,,0.0,0.67,0.0,plq,conservative,0.7,0.5,0.6,0.0,0.0,0.75,0.6,0.7,0.4,0.4,0.65,0.8,0.0,1.0,0.0,0.67,1.0,0.0,0.33,1.0,1.0,0.33,0.0,1.0,0.67,0.0,1.0,1.0,1.0,,1.0,1.0,1.0,,1.0,1.0,0.6,0.67,0.67,0.67
911,1.9063955545425413,female,22.0,18_24,french,canadian_quebecois,bachelor,under_20k,employed,6,1.0,divorced_separated,1.0,5_plus_persons,1.0,no_children,protestant,0.5,montreal,type_1,,0.67,1.0,0.33,1.0,0.67,0.67,1.0,qs,ndp,1.0,1.0,0.67,1.0,0.5,0.67,0.67,0.0,1.0,0.0,1.0,0.33,0.0,,,0.5,0.65,0.55,0.6,0.65,0.3,0.6,0.6,0.5,0.5,0.2,0.7,0.0,1.0,0.33,0.67,1.0,1.0,0.33,0.33,1.0,0.33,1.0,0.67,0.67,0.33,,,,0.2,,0.6,0.8,0.8,0.6,,,0.17,0.67,0.67
912,0.2219046652317047,male,49.0,45_54,french,canadian_quebecois,high_school,under_20k,employed,3,1.0,widowed,1.0,3_4_persons,0.0,no_children,other_religion,0.5,outaouais,type_1,,1.0,0.67,1.0,1.0,0.67,0.33,1.0,plq,ndp,0.67,1.0,0.67,0.33,1.0,0.67,1.0,0.67,1.0,1.0,0.0,0.67,1.0,qs,,0.72,0.6,0.72,0.65,0.5,0.7,,0.7,0.65,0.65,0.7,0.78,0.0,1.0,0.0,0.67,1.0,0.67,0.33,0.0,1.0,0.33,0.67,0.67,0.33,0.0,0.6,0.4,1.0,1.0,0.4,0.4,1.0,0.8,0.4,0.6,0.4,1.0,0.67,0.67
913,0.9693608283996582,female,34.0,25_34,french,canadian_quebecois,graduate,40k_to_60k,employed,6,1.0,widowed,1.0,5_plus_persons,0.0,children_18_plus,protestant,0.0,outaouais,type_1,,1.0,1.0,0.67,1.0,0.67,0.0,1.0,adq,conservative,1.0,1.0,0.67,0.33,1.0,0.33,0.33,0.33,0.0,0.0,0.0,0.67,0.0,pq,bloc,0.5,0.6,0.0,0.6,0.4,0.4,0.5,0.0,0.8,0.5,0.65,0.6,0.0,1.0,0.33,0.67,1.0,0.33,0.33,0.67,1.0,0.0,0.33,1.0,0.67,0.0,0.8,0.8,0.8,0.4,0.4,0.4,0.8,0.8,0.8,0.4,0.4,0.83,0.5,0.5
914,1.2380889654159546,male,47.0,45_54,english,other_european,bachelor,40k_to_60k,employed,6,,widowed,1.0,,,children_18_plus,other_religion,0.5,outaouais,type_1,,1.0,0.67,1.0,0.67,0.33,0.33,1.0,adq,liberal,0.33,1.0,0.67,0.33,0.5,1.0,1.0,0.0,0.0,0.0,1.0,0.67,1.0,qs,,0.2,0.2,0.0,0.9,0.8,0.2,0.2,0.0,0.9,0.5,0.8,0.5,1.0,1.0,0.33,1.0,0.67,0.33,0.33,0.33,0.33,0.0,0.33,0.67,0.67,0.33,0.4,0.4,0.4,0.2,0.4,0.4,,,,,0.4,0.5,0.5,0.5
915,1.3865697383880615,female,38.0,35_44,french,canadian_quebecois,high_school,20k_to_40k,employed,5,1.0,divorced_separated,0.0,2_persons,1.0,children_under_18,other_christian,0.5,quebec_city,type_1,,1.0,1.0,0.67,1.0,1.0,0.67,1.0,plq,bloc,0.67,0.75,1.0,0.67,0.5,0.67,0.67,0.0,1.0,1.0,0.0,0.0,0.0,adq,liberal,0.6,0.2,0.7,0.3,0.0,0.8,0.3,0.9,,,0.0,0.8,0.0,1.0,0.0,0.67,0.67,0.67,1.0,0.0,1.0,0.67,0.33,1.0,0.67,0.67,0.6,0.6,0.6,0.6,0.6,0.6,1.0,0.6,1.0,0.6,0.6,1.0,0.67,0.67
916,0.3720875084400177,female,34.0,25_34,french,canadian_quebecois,college_cegep,40k_to_60k,homemaker,12,1.0,widowed,1.0,3_4_persons,0.0,children_under_18,no_religion,0.5,,type_1,,0.67,1.0,0.67,1.0,0.67,1.0,1.0,adq,liberal,0.67,1.0,1.0,0.33,0.5,0.67,1.0,0.33,0.0,0.0,1.0,1.0,1.0,adq,conservative,0.5,0.6,0.7,0.8,0.8,0.3,0.6,0.7,0.8,0.5,0.5,0.8,1.0,1.0,0.33,0.67,0.33,0.67,0.33,0.0,1.0,0.67,0.0,0.33,1.0,0.33,0.8,0.6,,0.2,,0.6,0.8,0.8,0.6,0.8,0.6,0.83,0.67,0.67
917,1.4200392961502075,male,77.0,65_plus,french,canadian_quebecois,high_school,,employed,17,1.0,married,0.0,1_person,0.0,,catholic,0.5,monteregie,type_1,,1.0,1.0,1.0,0.33,0.0,0.67,1.0,,,0.33,1.0,0.67,,0.5,,0.33,0.67,1.0,0.0,,0.33,,plq,ndp,0.6,0.25,0.4,0.2,,0.6,0.2,0.5,,0.3,0.5,0.75,1.0,,0.0,,0.67,1.0,0.33,0.33,0.33,,0.67,,0.67,0.0,,,0.6,,,,,,,,,1.0,,1.0
918,0.9163962006568908,male,50.0,45_54,french,canadian_quebecois,college_cegep,over_150k,employed,13,1.0,divorced_separated,0.0,2_persons,1.0,children_under_18,catholic,0.5,quebec_city,type_1,,1.0,0.67,0.67,1.0,0.67,0.33,1.0,plq,conservative,0.33,0.5,0.33,0.33,0.5,0.67,0.67,0.67,1.0,,0.0,0.67,1.0,plq,green,0.8,0.5,0.7,0.4,0.8,0.8,0.5,0.7,0.3,0.7,0.8,0.7,0.0,1.0,0.0,1.0,0.0,0.33,1.0,1.0,0.67,0.0,0.0,0.67,0.67,0.33,1.0,1.0,1.0,0.2,0.6,1.0,1.0,0.8,1.0,1.0,1.0,1.0,0.67,0.67
919,1.7720612287521362,female,79.0,65_plus,other,other,high_school,under_20k,self_employed,11,0.0,single,1.0,1_person,1.0,children_under_18,catholic,0.5,montreal,type_1,,1.0,1.0,1.0,1.0,,1.0,0.0,adq,liberal,1.0,1.0,1.0,1.0,0.5,0.67,0.33,1.0,,,0.0,0.67,0.0,,,0.95,0.2,0.9,,0.85,1.0,0.0,1.0,,0.0,0.75,0.2,1.0,,0.0,0.67,0.67,0.67,0.33,1.0,0.33,0.33,0.33,0.33,0.0,0.33,1.0,1.0,,,1.0,1.0,1.0,1.0,,1.0,1.0,1.0,,1.0
920,0.2219046652317047,male,54.0,45_54,french,canadian_quebecois,college_cegep,,employed,3,1.0,divorced_separated,1.0,3_4_persons,0.0,children_18_plus,,,montreal,type_1,0.0,1.0,1.0,0.67,0.67,1.0,0.67,1.0,qs,ndp,0.33,0.75,0.33,0.0,1.0,0.33,0.67,0.67,1.0,,0.0,0.67,0.0,plq,conservative,0.5,0.45,0.35,0.3,0.25,0.5,0.6,0.55,0.45,0.45,0.25,0.75,0.0,1.0,0.33,0.67,0.67,0.67,0.33,0.33,0.33,0.67,0.67,0.67,0.67,0.33,1.0,0.8,1.0,1.0,,,1.0,0.8,1.0,1.0,1.0,1.0,,0.67
921,1.1068066358566284,male,47.0,45_54,french,canadian_quebecois,high_school,,employed,5,1.0,common_law,0.0,1_person,0.0,children_18_plus,other_christian,0.5,,type_1,,0.67,0.67,1.0,1.0,1.0,1.0,1.0,adq,liberal,1.0,1.0,1.0,0.67,0.5,0.67,0.67,0.33,0.0,0.0,0.0,0.67,1.0,adq,liberal,0.1,0.1,0.9,,0.75,0.3,0.2,0.9,0.75,,0.0,0.9,0.0,0.0,0.33,0.67,0.33,0.67,0.33,0.33,1.0,0.67,0.33,0.33,0.67,0.67,0.6,0.6,0.6,0.6,0.6,0.6,0.6,0.6,0.6,0.6,0.6,0.67,0.67,0.67
922,0.9346079230308532,male,58.0,55_64,french,canadian_quebecois,college_cegep,100k_to_120k,employed,4,1.0,widowed,1.0,2_persons,1.0,both,protestant,0.5,quebec_city,type_1,,1.0,1.0,1.0,1.0,0.67,0.67,1.0,plq,ndp,0.33,1.0,1.0,0.33,0.5,1.0,0.67,0.0,1.0,0.0,1.0,0.67,1.0,adq,conservative,0.25,0.5,0.75,0.4,0.0,0.35,0.5,0.5,0.3,,0.0,0.75,0.0,1.0,0.33,0.67,0.67,1.0,0.67,1.0,0.33,0.67,0.33,1.0,1.0,0.33,1.0,0.8,0.8,0.6,0.6,0.6,0.8,0.8,0.8,1.0,0.8,0.83,0.83,0.67
923,0.284705102443695,male,69.0,65_plus,french,canadian_quebecois,graduate,20k_to_40k,self_employed,3,1.0,married,0.0,3_4_persons,0.0,children_18_plus,protestant,0.0,other_regions,type_1,,1.0,1.0,0.33,1.0,0.67,0.33,1.0,pq,ndp,1.0,0.75,0.67,0.33,1.0,0.33,0.33,0.67,0.0,,0.0,0.67,0.0,pq,,0.15,0.6,0.3,0.25,0.25,0.15,0.4,0.25,0.4,0.3,0.6,0.6,0.0,1.0,0.33,0.67,0.67,0.33,0.33,0.67,1.0,0.0,0.33,0.67,0.0,0.33,,0.8,,0.2,0.4,0.4,0.8,0.8,0.4,1.0,,0.17,0.33,1.0
924,1.2432608604431152,female,54.0,45_54,french,canadian_quebecois,college_cegep,20k_to_40k,student,26,1.0,single,,3_4_persons,1.0,no_children,other_christian,0.5,monteregie,type_1,,1.0,0.67,0.67,1.0,1.0,0.67,1.0,plq,ndp,0.33,0.75,0.67,0.33,0.5,1.0,1.0,0.33,1.0,0.0,1.0,0.0,1.0,adq,green,0.0,0.0,0.8,,0.5,0.02,0.02,0.05,,,0.05,0.8,1.0,1.0,0.0,1.0,1.0,0.67,0.67,1.0,1.0,1.0,0.0,1.0,0.0,0.0,0.6,0.6,0.6,0.2,0.6,0.6,0.8,0.8,0.6,0.6,0.6,1.0,0.67,0.67
925,0.3372038602828979,male,35.0,25_34,french,canadian_quebecois,college_cegep,over_150k,employed,12,1.0,divorced_separated,,2_persons,0.0,no_children,,,,type_1,,0.67,0.67,1.0,0.33,0.67,1.0,1.0,pvq,conservative,0.33,0.5,0.67,1.0,,1.0,0.67,0.0,0.0,,,0.0,1.0,,,,,,,,0.7,0.6,0.8,0.0,0.8,0.5,0.5,1.0,0.0,,0.0,0.33,0.0,0.67,,,1.0,1.0,0.0,0.33,1.0,,0.6,,0.2,,0.6,,,,0.6,,,0.0,0.67
926,1.3925409317016602,male,38.0,35_44,french,canadian_quebecois,bachelor,over_150k,employed,14,1.0,divorced_separated,1.0,3_4_persons,0.0,children_under_18,catholic,0.0,monteregie,type_1,,1.0,0.67,0.67,0.67,0.33,0.67,1.0,adq,liberal,0.0,0.75,0.67,0.33,0.5,0.67,1.0,0.33,1.0,0.0,1.0,0.67,1.0,plq,ndp,0.8,0.2,0.8,0.0,0.1,0.75,0.0,0.75,0.0,0.1,0.6,0.75,1.0,1.0,0.0,0.67,0.67,0.67,1.0,1.0,1.0,0.0,0.67,0.67,0.67,0.33,1.0,0.6,1.0,1.0,1.0,0.6,1.0,1.0,0.8,1.0,0.6,0.67,0.67,0.67
927,1.889244079589844,female,44.0,35_44,french,canadian_quebecois,graduate,over_150k,employed,8,1.0,widowed,1.0,5_plus_persons,0.0,children_18_plus,protestant,0.0,other_regions,type_1,,1.0,1.0,0.67,1.0,1.0,0.33,1.0,plq,ndp,0.67,0.75,0.67,0.67,1.0,0.33,0.67,0.33,0.0,0.0,0.0,0.67,1.0,pq,,0.1,0.8,0.6,0.3,0.3,0.0,0.6,0.6,,,0.8,0.8,0.0,1.0,0.67,0.67,0.67,0.33,0.67,0.67,1.0,0.33,0.67,0.67,1.0,0.0,,,0.8,0.8,,0.6,0.8,0.8,0.8,,0.6,0.67,0.67,0.67
928,1.922140955924988,male,34.0,25_34,french,canadian_quebecois,bachelor,under_20k,employed,1,1.0,widowed,1.0,3_4_persons,0.0,children_under_18,protestant,0.5,outaouais,type_1,,0.67,1.0,0.33,1.0,0.67,0.33,1.0,qs,conservative,0.33,0.5,0.67,0.33,1.0,0.67,0.67,1.0,,,0.0,0.67,1.0,pq,bloc,0.35,0.8,0.1,0.75,0.6,0.3,0.7,0.05,0.7,0.5,0.7,0.7,0.0,1.0,0.67,1.0,0.0,0.33,0.67,0.67,1.0,0.0,0.33,1.0,1.0,0.33,,0.4,1.0,0.2,0.4,0.4,0.8,0.8,0.8,1.0,0.6,1.0,0.5,0.5
929,1.136325120925903,female,65.0,55_64,english,canadian_quebecois,college_cegep,20k_to_40k,self_employed,13,1.0,common_law,,2_persons,1.0,no_children,catholic,0.5,montreal,type_1,,1.0,1.0,0.67,1.0,1.0,0.33,1.0,plq,ndp,1.0,1.0,0.67,1.0,0.5,1.0,1.0,0.33,1.0,0.0,1.0,0.33,1.0,plq,ndp,0.6,0.22,0.8,,,0.5,0.15,0.75,,0.45,0.2,0.6,0.0,,0.0,0.67,1.0,1.0,0.33,1.0,1.0,1.0,0.67,0.67,1.0,0.0,0.6,0.6,,1.0,0.6,0.6,1.0,0.6,1.0,0.6,0.6,1.0,0.67,0.67
930,1.690662503242493,male,29.0,25_34,french,canadian_quebecois,high_school,40k_to_60k,employed,24,1.0,widowed,1.0,5_plus_persons,1.0,no_children,protestant,0.0,other_regions,type_1,,0.33,1.0,0.33,1.0,0.33,0.0,1.0,plq,ndp,1.0,1.0,1.0,1.0,1.0,1.0,0.67,0.33,1.0,1.0,1.0,0.67,1.0,pq,ndp,0.1,0.5,0.5,0.4,0.3,0.2,0.4,0.75,0.6,,0.5,0.06,0.0,1.0,0.33,1.0,1.0,0.33,0.33,0.67,1.0,0.0,1.0,0.67,0.33,0.0,1.0,0.6,0.6,0.8,0.8,0.6,0.8,0.8,0.8,0.6,0.4,0.67,0.67,0.67
931,2.218165874481201,female,72.0,65_plus,other,other,high_school,,self_employed,6,,married,0.0,1_person,1.0,no_children,catholic,1.0,montreal,type_1,,1.0,1.0,0.67,0.67,0.67,0.67,1.0,,,0.67,0.75,1.0,0.67,1.0,0.0,0.67,0.67,1.0,1.0,1.0,0.67,1.0,plq,,0.9,0.5,0.3,0.1,,0.6,0.1,0.05,0.05,0.22,0.5,0.5,1.0,,0.0,0.67,0.0,0.0,0.33,0.33,1.0,0.0,1.0,0.0,0.0,0.0,1.0,1.0,1.0,1.0,1.0,1.0,1.0,1.0,1.0,1.0,1.0,1.0,,1.0
932,0.2219046652317047,male,50.0,45_54,french,canadian_quebecois,graduate,over_150k,employed,3,1.0,divorced_separated,1.0,3_4_persons,0.0,children_18_plus,protestant,0.5,montreal,type_1,,1.0,0.67,0.33,0.33,0.67,0.33,1.0,adq,conservative,0.33,0.75,0.33,0.33,1.0,0.33,0.33,0.67,1.0,,0.0,0.67,0.0,pq,liberal,0.5,0.8,0.4,0.25,0.25,0.4,0.7,0.4,0.3,0.3,0.5,0.75,0.0,1.0,1.0,0.67,1.0,0.0,0.33,0.67,1.0,0.0,0.67,0.67,0.67,0.33,0.8,0.8,0.8,0.8,0.8,0.8,0.8,0.8,0.8,0.8,0.8,0.83,0.83,0.83
933,4.492136955261231,male,20.0,18_24,english,canadian_quebecois,college_cegep,100k_to_120k,retired,26,1.0,divorced_separated,1.0,5_plus_persons,0.0,children_under_18,protestant,1.0,quebec_city,type_1,,1.0,1.0,0.33,0.67,1.0,0.0,1.0,plq,green,0.67,0.5,1.0,0.33,0.5,0.33,0.33,0.67,0.0,0.0,0.0,0.33,0.0,pq,,0.7,0.88,0.79,0.4,0.75,0.5,0.85,0.85,0.4,0.6,0.75,0.8,0.0,1.0,0.33,0.67,0.67,0.0,0.33,0.33,1.0,0.0,0.67,0.67,0.67,0.33,0.8,0.8,1.0,0.2,0.8,0.8,0.8,0.8,0.8,,0.8,0.83,0.83,0.83
934,0.5535573959350586,female,63.0,55_64,french,canadian_quebecois,bachelor,100k_to_120k,employed,13,1.0,widowed,1.0,5_plus_persons,0.0,no_children,,,quebec_city,type_1,1.0,1.0,1.0,1.0,1.0,1.0,0.33,1.0,plq,ndp,0.33,1.0,1.0,0.67,1.0,0.67,1.0,0.33,1.0,0.0,1.0,1.0,1.0,adq,conservative,0.4,0.5,0.8,0.7,0.7,0.5,0.65,0.8,0.7,,0.4,0.85,0.0,1.0,0.33,0.67,0.67,0.67,0.33,0.33,1.0,0.0,0.67,0.67,0.33,0.33,1.0,0.8,0.8,0.6,0.6,0.6,0.6,0.8,0.6,0.6,0.6,1.0,0.67,0.67
935,1.049834966659546,female,63.0,55_64,french,canadian_quebecois,college_cegep,20k_to_40k,self_employed,26,1.0,single,,2_persons,0.0,no_children,catholic,0.5,quebec_city,type_1,,1.0,1.0,0.33,0.67,0.67,0.0,1.0,plq,conservative,1.0,0.5,0.67,0.67,0.5,0.33,0.0,0.67,0.0,0.0,0.0,1.0,1.0,plq,ndp,0.05,0.02,0.04,0.0,0.03,0.05,0.03,0.04,0.0,0.02,0.0,0.05,0.0,1.0,0.0,0.33,1.0,0.0,1.0,1.0,1.0,,1.0,1.0,1.0,1.0,1.0,1.0,0.6,1.0,0.6,0.6,1.0,1.0,1.0,1.0,0.6,1.0,1.0,0.67
936,0.3228451609611511,female,68.0,65_plus,french,canadian_quebecois,graduate,over_150k,self_employed,3,1.0,common_law,1.0,3_4_persons,0.0,no_children,catholic,0.5,montreal,type_1,,1.0,0.67,0.67,0.67,0.33,0.33,1.0,adq,liberal,0.33,1.0,1.0,1.0,0.5,0.67,1.0,0.33,1.0,0.0,1.0,0.67,1.0,plq,ndp,0.5,0.1,0.3,0.2,0.2,0.6,0.3,0.4,0.5,0.3,0.5,0.5,0.0,1.0,0.0,0.67,1.0,0.0,1.0,0.33,1.0,1.0,1.0,1.0,0.67,0.0,1.0,1.0,,0.2,0.6,0.6,0.6,0.8,1.0,,0.6,1.0,0.67,0.67
937,0.8410736918449402,female,66.0,65_plus,french,canadian_quebecois,college_cegep,60k_to_80k,self_employed,13,1.0,divorced_separated,0.0,3_4_persons,0.0,no_children,catholic,0.0,quebec_city,type_1,,1.0,0.67,0.67,0.67,0.67,0.33,1.0,adq,liberal,1.0,0.75,0.67,1.0,0.5,0.67,0.67,0.33,1.0,0.0,1.0,0.67,0.0,plq,ndp,0.7,0.3,0.6,0.4,0.4,0.6,0.2,0.6,0.3,0.3,0.1,0.4,1.0,0.0,0.0,0.67,0.67,0.67,1.0,1.0,1.0,0.67,0.33,0.67,0.67,0.33,1.0,0.6,1.0,0.6,0.6,0.6,1.0,0.6,1.0,1.0,1.0,1.0,0.67,0.67
938,0.9961626529693604,female,35.0,25_34,french,canadian_quebecois,college_cegep,over_150k,employed,14,1.0,divorced_separated,1.0,3_4_persons,0.0,children_under_18,other_christian,1.0,monteregie,type_1,,1.0,1.0,0.67,1.0,0.33,0.67,1.0,plq,ndp,1.0,1.0,1.0,1.0,1.0,0.67,1.0,0.33,0.0,0.0,1.0,0.67,0.0,adq,conservative,0.0,0.7,1.0,1.0,1.0,0.0,0.07,0.08,0.05,0.07,0.5,0.6,1.0,1.0,1.0,1.0,1.0,0.33,0.33,0.67,1.0,,1.0,1.0,1.0,0.0,0.8,0.6,,0.2,,0.6,0.6,0.8,0.6,,0.6,0.67,0.67,0.67
939,0.6555481553077698,female,54.0,45_54,french,canadian_quebecois,high_school,20k_to_40k,employed,6,1.0,widowed,1.0,5_plus_persons,1.0,both,other_christian,0.5,other,type_1,,1.0,1.0,1.0,1.0,1.0,1.0,1.0,other,liberal,0.33,1.0,1.0,1.0,0.5,0.33,0.0,0.0,1.0,1.0,1.0,0.0,1.0,adq,conservative,0.0,0.5,0.75,0.4,0.4,0.0,0.5,0.75,0.4,0.4,0.5,0.3,0.0,1.0,0.0,0.67,0.67,1.0,0.67,0.33,1.0,1.0,0.67,1.0,1.0,0.33,1.0,0.6,0.6,0.6,0.6,0.6,0.6,0.6,0.6,0.6,0.6,0.67,0.17,0.67
940,0.3720875084400177,female,34.0,25_34,french,canadian_quebecois,high_school,20k_to_40k,employed,3,1.0,common_law,1.0,3_4_persons,0.0,children_18_plus,no_religion,0.5,eastern_quebec,type_1,,0.67,0.67,0.33,1.0,0.67,0.33,1.0,plq,,0.33,0.75,0.67,0.33,0.5,0.33,0.33,0.33,1.0,0.0,0.0,0.33,0.0,other,bloc,0.7,0.5,0.6,0.8,0.95,0.75,0.75,0.75,0.8,0.8,0.0,0.75,0.0,1.0,0.33,1.0,0.67,0.33,1.0,1.0,1.0,0.33,0.67,0.33,0.33,0.0,0.8,0.8,,0.2,0.2,0.6,1.0,1.0,0.2,1.0,0.8,1.0,0.83,0.67
941,0.3372038602828979,male,39.0,35_44,french,other_european,high_school,under_20k,student,3,1.0,widowed,0.0,5_plus_persons,1.0,children_under_18,catholic,0.0,montreal,type_1,,0.67,0.67,0.67,0.67,0.0,0.67,1.0,plq,conservative,0.33,0.75,0.67,0.33,0.5,0.33,0.0,0.67,0.0,,0.0,0.67,0.0,adq,liberal,0.6,0.45,0.5,0.08,0.08,0.5,0.4,0.6,0.4,0.0,0.0,0.5,0.0,1.0,0.0,0.33,1.0,0.33,0.67,0.33,1.0,0.0,0.0,1.0,1.0,1.0,1.0,0.6,1.0,1.0,0.6,0.6,0.6,0.6,0.6,1.0,0.6,0.67,0.67,0.83
942,1.4598954916000366,female,58.0,55_64,other,other,college_cegep,under_20k,employed,6,1.0,single,0.0,1_person,1.0,no_children,protestant,0.0,montreal,type_1,,1.0,1.0,1.0,1.0,0.67,0.67,1.0,plq,ndp,0.67,1.0,1.0,0.67,0.5,1.0,0.0,0.0,1.0,0.0,1.0,0.33,0.0,plq,conservative,0.6,0.5,0.4,0.3,,0.6,0.5,0.3,0.25,,0.25,0.6,0.0,0.0,0.33,0.67,0.0,0.33,0.33,0.0,1.0,0.33,0.33,0.67,0.67,0.33,0.8,0.8,0.8,0.2,0.8,0.6,0.8,0.8,0.8,1.0,0.8,1.0,0.83,0.67
943,1.3925409317016602,male,39.0,35_44,french,canadian_quebecois,bachelor,over_150k,employed,16,1.0,common_law,0.0,2_persons,1.0,no_children,other_christian,1.0,quebec_city,type_1,,0.0,0.67,0.67,1.0,1.0,0.0,1.0,plq,conservative,0.0,0.5,1.0,0.67,1.0,0.33,0.33,0.33,1.0,0.0,1.0,0.33,1.0,adq,liberal,0.5,0.4,0.8,0.0,0.4,0.3,0.35,0.8,0.05,0.2,0.7,0.7,0.0,1.0,0.33,0.67,0.67,0.0,0.67,0.33,1.0,0.0,1.0,1.0,0.67,0.0,0.6,0.8,1.0,0.8,0.4,0.6,1.0,0.8,0.8,0.6,0.6,0.83,0.67,0.67
944,1.1068066358566284,male,48.0,45_54,french,canadian_quebecois,high_school,100k_to_120k,employed,32,1.0,married,0.0,2_persons,1.0,both,catholic,0.5,montreal,type_1,,1.0,1.0,0.67,0.67,0.67,0.67,1.0,adq,liberal,0.67,0.75,0.67,0.0,0.5,1.0,1.0,0.33,1.0,0.0,0.0,0.67,0.0,plq,ndp,0.75,0.0,0.5,0.1,0.1,0.8,0.2,0.5,0.3,0.1,0.0,0.9,1.0,0.0,0.0,0.67,0.33,0.33,1.0,1.0,1.0,1.0,1.0,1.0,0.0,0.0,1.0,1.0,1.0,1.0,1.0,1.0,1.0,1.0,1.0,1.0,0.6,1.0,1.0,1.0
945,0.212483525276184,female,56.0,55_64,french,canadian_quebecois,graduate,40k_to_60k,self_employed,3,1.0,widowed,1.0,5_plus_persons,0.0,children_18_plus,protestant,0.5,other_regions,type_1,,0.67,0.67,0.33,0.67,0.33,0.33,1.0,adq,liberal,1.0,0.75,0.33,0.33,1.0,0.33,0.67,0.67,0.0,,0.0,0.67,0.0,pq,bloc,0.4,0.9,0.3,0.8,0.5,0.45,0.8,0.3,0.85,0.75,1.0,0.6,1.0,1.0,0.33,0.67,0.33,0.0,0.33,0.67,1.0,0.0,0.0,0.67,1.0,0.0,0.8,0.8,0.8,0.2,0.4,0.8,0.8,0.8,0.8,0.8,0.8,0.83,0.5,0.5
946,0.6453179717063904,male,23.0,18_24,french,canadian_quebecois,bachelor,under_20k,employed,3,1.0,widowed,0.0,5_plus_persons,0.0,children_18_plus,other_christian,0.0,monteregie,type_1,,0.67,1.0,0.67,0.67,0.67,0.33,1.0,adq,,0.67,0.75,0.33,0.0,0.5,0.33,0.33,0.67,1.0,0.0,0.0,0.67,0.0,,,0.4,0.1,0.5,0.2,0.2,0.1,0.1,0.7,0.1,0.1,0.0,0.5,0.0,1.0,0.0,0.67,0.33,0.33,0.33,0.33,1.0,0.0,0.67,0.67,1.0,0.33,1.0,1.0,0.6,0.6,0.6,0.6,0.6,,1.0,0.6,0.6,0.17,0.67,0.67
947,1.3550678491592407,male,31.0,25_34,french,canadian_quebecois,bachelor,100k_to_120k,employed,6,1.0,divorced_separated,1.0,2_persons,0.0,children_18_plus,catholic,0.5,montreal,type_1,,1.0,0.67,0.33,0.67,0.33,0.33,1.0,plq,ndp,0.67,0.5,0.33,0.33,0.5,0.33,0.33,0.67,0.0,0.0,0.0,0.67,0.0,,,0.8,0.4,0.6,0.2,0.6,0.6,0.4,0.6,0.5,0.5,0.4,0.7,1.0,,0.0,0.67,0.67,0.33,0.33,1.0,0.33,0.33,0.67,0.67,0.67,0.67,1.0,1.0,1.0,0.2,0.6,0.6,1.0,0.8,1.0,1.0,1.0,1.0,1.0,0.67
948,1.3925409317016602,male,41.0,35_44,french,canadian_quebecois,college_cegep,40k_to_60k,employed,16,0.0,divorced_separated,1.0,5_plus_persons,1.0,children_18_plus,catholic,1.0,montreal,type_1,,1.0,1.0,0.67,1.0,0.67,1.0,1.0,plq,bloc,0.33,1.0,1.0,0.67,0.5,0.33,0.67,0.33,0.0,0.0,0.0,0.67,0.0,plq,ndp,0.8,0.3,0.6,0.0,0.6,0.7,0.5,0.6,,,0.6,0.7,0.0,1.0,0.0,0.67,0.33,0.67,0.33,1.0,0.33,0.67,0.33,0.33,0.67,0.0,1.0,1.0,1.0,1.0,1.0,1.0,1.0,1.0,1.0,1.0,1.0,1.0,1.0,
949,0.5535573959350586,female,61.0,55_64,french,canadian_quebecois,college_cegep,,self_employed,6,1.0,single,,2_persons,1.0,no_children,,,,type_1,0.0,1.0,1.0,0.67,0.67,1.0,0.67,1.0,plq,ndp,1.0,0.75,0.67,0.67,0.5,1.0,0.67,0.0,1.0,0.0,1.0,0.33,0.0,,,0.6,0.4,0.5,0.1,,0.5,0.7,0.6,0.0,0.0,0.5,0.7,0.0,,0.0,0.67,1.0,1.0,0.33,0.33,0.33,1.0,0.0,0.67,1.0,0.0,0.8,0.6,0.6,0.8,0.6,0.8,0.8,1.0,0.6,0.8,0.6,0.83,0.67,0.83
950,1.3550678491592407,male,29.0,25_34,french,canadian_quebecois,high_school,under_20k,employed,16,1.0,divorced_separated,0.0,3_4_persons,0.0,no_children,other_christian,0.5,monteregie,type_1,,0.67,1.0,0.67,1.0,0.67,1.0,1.0,plq,conservative,1.0,0.75,1.0,0.67,1.0,0.67,0.67,0.0,1.0,0.0,0.0,0.67,1.0,pq,ndp,0.0,0.8,0.8,0.85,0.6,0.0,0.75,0.8,0.6,0.0,0.5,0.75,1.0,0.0,0.67,0.67,0.67,0.67,0.67,0.67,1.0,1.0,0.0,0.33,0.67,0.67,1.0,0.6,0.8,0.6,0.6,0.6,0.8,0.8,0.6,0.6,0.6,0.67,0.83,0.67
951,0.1873806416988372,male,58.0,55_64,french,canadian_quebecois,high_school,20k_to_40k,employed,12,1.0,common_law,0.0,2_persons,1.0,children_under_18,other_christian,0.0,quebec_city,type_1,,1.0,0.67,0.33,0.67,0.33,0.0,1.0,plq,ndp,0.33,0.5,0.67,0.33,0.5,1.0,1.0,0.0,1.0,,1.0,0.67,1.0,adq,liberal,0.8,0.0,0.6,0.0,0.0,0.9,0.2,0.8,0.1,0.0,0.0,1.0,1.0,0.0,0.0,0.67,0.33,1.0,0.33,1.0,1.0,0.0,0.67,0.67,0.67,0.67,1.0,1.0,0.6,1.0,0.6,0.6,1.0,1.0,0.8,0.6,0.6,1.0,0.67,0.67
952,1.2432608604431152,female,53.0,45_54,french,canadian_quebecois,bachelor,under_20k,student,25,1.0,widowed,0.0,5_plus_persons,1.0,no_children,protestant,0.5,,type_1,,1.0,1.0,1.0,1.0,1.0,0.67,1.0,pq,ndp,1.0,1.0,0.67,1.0,1.0,0.67,0.67,0.33,1.0,0.0,1.0,0.67,1.0,pq,green,0.4,0.75,0.4,0.4,0.5,0.3,0.75,0.3,0.35,,0.6,0.5,0.0,1.0,0.33,0.67,1.0,0.33,0.67,0.67,1.0,0.0,0.33,0.33,0.33,0.0,0.8,0.8,0.8,0.8,0.8,0.8,0.8,0.8,0.8,0.8,0.8,0.83,0.83,0.67
953,0.3823769092559814,female,37.0,35_44,french,canadian_quebecois,bachelor,20k_to_40k,employed,3,1.0,divorced_separated,1.0,5_plus_persons,0.0,no_children,other_christian,0.0,other_regions,type_1,,0.67,1.0,0.67,0.67,0.67,0.33,1.0,plq,ndp,0.33,0.75,0.67,1.0,0.5,0.33,0.33,0.67,0.0,0.0,1.0,0.67,0.0,adq,,0.4,0.4,0.6,0.3,0.3,0.5,0.4,0.7,,,0.5,0.6,0.0,1.0,0.0,0.67,0.67,0.33,0.33,0.0,1.0,,0.33,0.67,0.67,0.33,0.6,0.6,0.6,0.6,0.6,0.6,0.6,0.8,0.6,0.6,0.6,1.0,0.67,0.67
954,1.4598954916000366,female,58.0,55_64,other,other,high_school,under_20k,employed,6,1.0,married,0.0,1_person,1.0,no_children,catholic,0.5,montreal,type_1,,1.0,1.0,0.0,0.67,1.0,1.0,0.0,plq,conservative,1.0,0.0,0.0,1.0,0.5,1.0,0.67,0.0,1.0,0.0,1.0,0.0,0.0,,,0.8,0.5,0.7,0.4,0.6,0.8,0.4,0.75,,,0.4,1.0,0.0,,0.33,1.0,0.67,0.0,0.33,1.0,0.67,0.0,0.0,0.0,1.0,0.0,1.0,1.0,1.0,1.0,1.0,1.0,1.0,1.0,1.0,1.0,1.0,1.0,0.67,1.0
955,0.2516313791275024,female,46.0,45_54,french,other_european,graduate,80k_to_100k,employed,3,1.0,divorced_separated,1.0,3_4_persons,0.0,children_under_18,protestant,0.5,monteregie,type_1,,1.0,1.0,1.0,1.0,1.0,1.0,1.0,,ndp,1.0,1.0,1.0,1.0,1.0,1.0,1.0,0.0,1.0,0.0,1.0,0.33,1.0,adq,conservative,0.5,0.8,0.8,0.5,0.8,0.6,0.7,0.85,0.6,0.6,0.4,0.6,0.0,1.0,1.0,0.67,0.67,0.33,1.0,0.67,1.0,1.0,0.67,0.33,0.33,0.33,,0.8,0.8,0.8,0.8,0.6,0.8,0.8,,,0.6,0.67,0.67,0.67
956,0.3281298279762268,male,32.0,25_34,french,canadian_quebecois,graduate,,employed,3,1.0,widowed,1.0,3_4_persons,0.0,no_children,protestant,0.5,other_regions,type_1,,0.67,0.67,0.67,0.33,0.67,0.33,1.0,adq,liberal,0.67,1.0,0.67,,1.0,1.0,1.0,0.33,0.0,0.0,1.0,0.67,0.0,pq,ndp,0.55,0.5,0.7,0.3,0.25,0.55,0.5,0.7,0.2,0.75,0.5,0.6,0.0,0.0,0.67,0.67,0.67,0.0,0.33,0.67,1.0,0.0,0.33,0.67,0.33,0.67,1.0,0.8,0.6,0.2,,0.8,0.8,0.8,,,0.8,1.0,0.67,0.67
957,1.6677639484405518,male,66.0,65_plus,french,canadian_quebecois,bachelor,20k_to_40k,self_employed,1,1.0,single,0.0,5_plus_persons,1.0,children_18_plus,catholic,0.5,quebec_city,type_1,,0.67,1.0,0.33,1.0,0.67,0.33,1.0,pq,ndp,0.0,0.5,0.67,0.67,0.5,0.0,0.33,0.67,0.0,,0.0,0.67,0.0,other,bloc,0.4,0.3,0.2,0.2,0.5,0.2,0.2,0.6,0.4,0.6,0.2,0.4,1.0,1.0,0.0,0.67,0.33,0.33,0.33,1.0,1.0,0.33,0.67,1.0,0.67,0.67,0.6,1.0,1.0,0.2,0.2,1.0,1.0,1.0,0.6,0.6,0.6,1.0,1.0,0.67
958,0.2516313791275024,female,49.0,45_54,french,canadian_quebecois,college_cegep,20k_to_40k,employed,3,1.0,divorced_separated,1.0,2_persons,1.0,children_18_plus,protestant,0.5,other_regions,type_1,,0.67,0.67,0.33,0.67,1.0,0.33,1.0,,liberal,0.67,1.0,0.67,0.0,1.0,0.67,0.67,0.67,1.0,,1.0,0.67,1.0,pq,liberal,0.7,0.8,0.5,,0.7,0.7,0.9,0.7,0.5,0.6,0.4,0.7,1.0,1.0,0.67,0.67,1.0,0.33,0.67,0.33,1.0,0.33,0.67,0.67,0.67,0.0,1.0,0.8,0.8,0.2,0.8,0.8,0.8,0.8,0.8,0.8,0.8,0.83,0.83,0.83
959,0.3281298279762268,male,34.0,25_34,french,canadian_quebecois,college_cegep,40k_to_60k,employed,12,1.0,divorced_separated,1.0,5_plus_persons,0.0,children_under_18,other_christian,0.5,quebec_city,type_1,,1.0,1.0,0.67,0.67,0.33,0.33,1.0,adq,liberal,0.33,0.75,1.0,0.67,0.5,0.33,0.67,0.33,0.0,0.0,0.0,0.67,1.0,adq,liberal,0.5,0.5,0.7,0.0,0.3,0.5,0.6,0.7,0.1,,0.4,0.8,0.0,1.0,0.0,0.67,0.33,0.33,0.33,1.0,0.33,0.33,1.0,1.0,0.33,0.0,0.6,1.0,1.0,0.6,1.0,0.6,0.8,0.8,0.6,0.6,0.6,0.67,0.67,0.67
960,0.212483525276184,female,59.0,55_64,french,canadian_quebecois,college_cegep,80k_to_100k,self_employed,3,1.0,divorced_separated,0.0,3_4_persons,1.0,no_children,other_christian,0.5,quebec_city,type_1,,1.0,1.0,1.0,1.0,0.67,1.0,1.0,plq,ndp,0.67,1.0,0.67,1.0,0.5,1.0,1.0,0.0,1.0,0.0,1.0,0.33,1.0,adq,green,0.02,0.03,0.8,0.5,0.5,0.02,0.03,0.85,0.25,0.4,0.2,0.6,0.0,1.0,0.33,0.67,0.67,0.33,0.67,0.33,1.0,1.0,0.67,0.33,0.67,0.33,0.6,0.6,0.6,0.6,0.6,0.6,0.6,0.6,0.6,0.6,0.6,0.67,0.67,0.67
961,2.218165874481201,female,77.0,65_plus,other,other,high_school,,self_employed,16,,widowed,0.0,1_person,1.0,children_under_18,,,,type_1,1.0,1.0,1.0,0.33,1.0,,1.0,1.0,plq,other,,1.0,1.0,,0.5,1.0,1.0,0.33,1.0,0.0,1.0,0.33,0.0,,,0.5,0.4,0.4,,0.6,0.3,0.3,0.4,,,0.2,,,,0.0,,1.0,0.33,0.33,1.0,0.33,0.67,0.67,0.67,0.67,0.0,,,,,,,0.8,0.8,,,,0.0,,0.17
962,0.6555481553077698,female,51.0,45_54,french,canadian_quebecois,bachelor,over_150k,employed,6,1.0,widowed,1.0,3_4_persons,0.0,children_under_18,protestant,0.5,,type_1,,1.0,1.0,0.67,1.0,0.67,0.67,1.0,adq,conservative,0.67,1.0,1.0,1.0,1.0,1.0,1.0,0.33,1.0,1.0,1.0,0.33,1.0,,,0.1,0.7,0.6,0.4,0.25,0.0,0.6,0.6,0.45,0.1,0.7,0.6,0.0,1.0,0.67,0.67,1.0,0.67,0.33,0.33,1.0,0.0,0.67,0.67,0.67,0.0,0.8,0.8,0.8,0.8,0.8,0.6,0.8,0.8,0.8,0.8,0.6,0.17,0.83,0.67
963,0.7705016136169434,female,60.0,55_64,french,canadian_quebecois,college_cegep,,self_employed,17,1.0,divorced_separated,1.0,5_plus_persons,1.0,children_18_plus,,,other_regions,type_1,0.0,1.0,1.0,0.67,1.0,0.67,0.0,1.0,plq,ndp,0.0,1.0,1.0,0.0,0.5,0.67,0.67,0.67,,,0.0,0.67,0.0,pq,ndp,0.5,0.5,0.5,,,0.5,0.5,0.75,0.25,,0.75,0.5,1.0,1.0,0.0,0.67,0.0,1.0,0.33,0.0,0.33,0.0,0.0,1.0,1.0,0.0,1.0,1.0,1.0,1.0,0.6,0.6,1.0,0.8,,1.0,0.6,1.0,0.0,0.67
964,0.9654632806777954,male,58.0,55_64,french,canadian_quebecois,graduate,40k_to_60k,employed,7,1.0,single,,2_persons,1.0,children_18_plus,catholic,0.5,montreal,type_1,,1.0,1.0,0.67,0.67,0.33,0.67,1.0,adq,liberal,0.33,0.75,0.67,0.33,1.0,0.67,0.67,0.33,0.0,0.0,1.0,0.67,1.0,plq,ndp,0.8,0.6,0.8,0.7,,0.8,0.6,0.7,,,0.6,0.7,0.0,1.0,0.33,0.67,0.67,0.67,0.33,0.33,1.0,0.67,0.67,0.67,0.67,0.33,1.0,0.6,0.6,0.6,0.6,0.6,1.0,1.0,1.0,0.6,0.6,1.0,0.67,1.0
965,0.7738205194473267,male,64.0,55_64,french,canadian_quebecois,high_school,60k_to_80k,employed,14,1.0,common_law,0.0,2_persons,1.0,children_under_18,other_christian,0.5,quebec_city,type_1,,1.0,1.0,1.0,0.67,1.0,0.67,1.0,adq,conservative,0.67,1.0,1.0,0.0,0.5,1.0,1.0,0.33,1.0,0.0,1.0,0.33,1.0,adq,liberal,0.5,0.5,0.7,0.1,0.0,0.4,0.3,0.75,0.2,0.0,0.2,0.7,0.0,1.0,0.0,0.67,0.33,0.67,0.67,1.0,1.0,0.67,1.0,0.33,0.67,0.0,0.6,0.6,0.6,0.6,0.6,0.6,0.6,0.8,0.6,0.6,0.6,0.67,0.67,0.67
966,0.3281298279762268,male,27.0,25_34,french,canadian_quebecois,bachelor,under_20k,retired,3,1.0,widowed,0.0,3_4_persons,0.0,children_18_plus,other_christian,1.0,quebec_city,type_1,,1.0,0.67,0.33,0.67,1.0,0.67,1.0,plq,bloc,0.33,0.5,0.33,0.33,0.5,0.0,0.67,0.67,1.0,0.0,0.0,1.0,1.0,adq,liberal,0.8,0.6,0.95,0.2,0.2,0.8,0.8,0.95,0.2,0.2,0.1,0.99,0.0,1.0,0.33,1.0,0.67,0.33,1.0,1.0,1.0,0.67,1.0,0.67,0.67,0.33,0.6,0.8,1.0,0.2,0.8,0.6,0.6,0.8,0.6,1.0,0.6,1.0,0.67,0.83
967,0.3372038602828979,male,42.0,35_44,french,other_european,high_school,20k_to_40k,employed,3,1.0,widowed,1.0,5_plus_persons,0.0,both,,,monteregie,type_1,0.0,0.67,1.0,0.33,1.0,1.0,0.0,0.0,plq,other,0.33,1.0,1.0,0.0,0.5,0.0,1.0,0.0,1.0,,0.0,0.67,1.0,,,0.0,0.0,0.0,0.0,0.0,0.04,0.43,0.04,0.05,,0.0,0.1,1.0,0.0,0.0,0.0,1.0,1.0,0.67,1.0,1.0,0.0,0.67,0.33,1.0,0.67,1.0,,,,,1.0,1.0,1.0,,1.0,,1.0,0.67,0.67
968,0.3281298279762268,male,27.0,25_34,french,canadian_quebecois,college_cegep,20k_to_40k,employed,3,1.0,divorced_separated,1.0,5_plus_persons,0.0,no_children,other_christian,0.5,quebec_city,type_1,,1.0,1.0,0.67,0.67,1.0,0.67,1.0,plq,conservative,0.67,0.0,1.0,1.0,0.5,1.0,1.0,0.33,1.0,0.0,1.0,0.67,1.0,adq,liberal,0.7,0.4,0.8,0.1,0.6,0.4,0.5,0.9,0.05,0.05,0.6,0.9,0.0,1.0,0.0,1.0,0.67,0.33,0.67,1.0,1.0,0.33,1.0,0.33,1.0,0.0,0.6,0.6,0.6,0.6,0.8,0.6,0.6,0.6,0.6,0.6,0.6,1.0,0.67,0.67
969,0.6555481553077698,female,50.0,45_54,french,canadian_quebecois,graduate,,employed,6,1.0,widowed,1.0,5_plus_persons,0.0,no_children,,,,type_1,1.0,1.0,0.0,0.0,1.0,1.0,0.33,1.0,adq,liberal,0.33,,0.33,1.0,,1.0,1.0,0.0,1.0,1.0,1.0,1.0,0.0,,,,,,,,,,,,,0.6,0.5,0.0,,,0.67,0.67,0.33,0.67,,1.0,0.0,0.0,0.67,0.33,0.33,,0.6,,1.0,0.6,0.6,,0.6,,,,0.17,0.17,0.67
970,1.022304654121399,female,50.0,45_54,french,canadian_quebecois,high_school,under_20k,student,9,1.0,divorced_separated,0.0,2_persons,1.0,children_18_plus,protestant,0.5,monteregie,type_1,,1.0,1.0,1.0,1.0,1.0,1.0,0.0,plq,other,1.0,1.0,1.0,0.67,,1.0,0.67,0.33,1.0,1.0,1.0,0.33,1.0,,,0.0,0.02,0.03,,,0.04,0.06,0.08,,,0.5,0.4,0.0,,,1.0,1.0,1.0,0.67,0.0,1.0,0.0,0.0,0.0,0.67,0.33,0.8,0.8,0.8,0.8,0.8,0.8,0.8,0.8,0.8,0.8,0.8,0.67,0.67,0.67
971,1.3116263151168823,female,65.0,55_64,french,canadian_quebecois,bachelor,40k_to_60k,self_employed,11,1.0,divorced_separated,1.0,3_4_persons,1.0,children_under_18,other_christian,1.0,quebec_city,type_1,,1.0,1.0,1.0,0.67,0.67,0.67,1.0,plq,ndp,0.33,1.0,1.0,0.67,0.5,0.67,1.0,0.33,1.0,0.0,1.0,0.67,1.0,adq,liberal,0.25,0.1,0.9,0.8,0.5,0.3,0.1,0.99,0.8,0.7,0.3,0.7,0.0,1.0,0.33,0.67,0.67,0.0,0.67,1.0,1.0,0.67,0.33,1.0,0.33,0.0,0.6,0.6,0.6,0.6,0.6,0.6,0.6,0.6,0.6,0.6,0.6,0.67,0.67,0.67
972,1.049834966659546,female,60.0,55_64,french,canadian_quebecois,high_school,40k_to_60k,employed,26,1.0,common_law,0.0,2_persons,1.0,no_children,other_christian,0.0,other_regions,type_1,,1.0,0.67,0.67,0.67,1.0,1.0,1.0,plq,ndp,0.0,0.75,0.67,0.33,,1.0,1.0,0.33,1.0,0.0,0.0,0.33,0.0,plq,ndp,0.5,0.2,0.6,,,0.5,0.3,,,,0.7,0.75,1.0,0.0,0.33,0.67,0.67,0.67,0.33,1.0,0.33,0.67,0.67,0.33,0.0,0.33,0.6,0.6,0.6,0.6,0.6,0.6,0.6,0.6,0.6,0.6,0.6,0.67,0.67,0.67
973,2.664950370788574,male,23.0,18_24,french,canadian_quebecois,bachelor,60k_to_80k,,15,1.0,widowed,1.0,5_plus_persons,0.0,children_under_18,protestant,0.0,other_regions,type_1,,1.0,1.0,0.0,1.0,0.67,0.33,1.0,qs,ndp,1.0,0.5,0.67,0.67,0.5,0.0,0.33,0.67,1.0,,1.0,0.33,1.0,adq,liberal,0.75,0.6,0.8,0.1,0.6,0.7,0.5,0.8,0.3,0.5,0.5,0.5,0.0,1.0,0.67,0.67,0.67,0.33,0.33,0.33,1.0,0.0,1.0,1.0,1.0,0.67,0.6,0.8,1.0,0.2,0.4,0.6,0.6,0.8,0.6,0.8,0.6,0.67,0.33,0.83
974,1.136325120925903,female,72.0,65_plus,english,canadian_quebecois,high_school,20k_to_40k,self_employed,15,,widowed,1.0,1_person,1.0,children_under_18,catholic,0.5,montreal,type_1,,1.0,0.67,1.0,1.0,0.67,0.67,1.0,plq,ndp,1.0,1.0,0.67,1.0,0.5,0.67,0.33,0.33,1.0,0.0,0.0,0.67,1.0,plq,ndp,0.8,0.1,0.5,0.2,0.4,0.4,0.1,0.6,0.2,0.25,0.5,0.4,0.0,1.0,0.0,0.67,1.0,0.0,0.33,1.0,1.0,1.0,1.0,0.67,1.0,0.0,1.0,0.6,1.0,1.0,0.6,0.6,1.0,1.0,0.6,1.0,1.0,1.0,0.67,0.67
975,1.7374107837677002,male,39.0,35_44,french,canadian_quebecois,high_school,20k_to_40k,employed,26,1.0,widowed,0.0,1_person,1.0,no_children,other_christian,0.5,monteregie,type_1,,1.0,1.0,1.0,1.0,0.67,0.67,1.0,other,conservative,0.67,1.0,1.0,1.0,1.0,0.67,0.67,0.33,1.0,1.0,1.0,0.67,1.0,adq,,0.3,0.4,0.5,,0.4,0.0,0.3,0.5,0.1,0.1,0.3,0.8,0.0,1.0,0.33,1.0,0.33,0.67,0.33,0.67,0.33,1.0,0.67,1.0,0.67,0.67,,,,,,,0.6,0.6,,,,,,
976,0.9693608283996582,female,29.0,25_34,french,canadian_quebecois,bachelor,20k_to_40k,employed,13,1.0,widowed,1.0,2_persons,0.0,children_18_plus,protestant,0.0,other_regions,type_1,,0.67,0.67,0.33,0.33,0.33,0.0,1.0,adq,liberal,0.67,0.0,0.33,0.0,1.0,1.0,0.67,0.0,0.0,0.0,1.0,0.33,1.0,pq,,0.4,0.5,0.65,0.7,0.7,0.0,0.5,0.6,0.75,0.6,0.25,0.25,1.0,1.0,0.33,0.67,0.67,0.67,0.33,0.67,1.0,0.0,1.0,1.0,0.0,0.0,0.6,0.8,1.0,0.2,0.4,0.6,0.6,0.8,1.0,0.6,0.6,0.67,0.5,0.5
977,1.3492573499679563,female,32.0,25_34,french,canadian_quebecois,bachelor,40k_to_60k,employed,4,1.0,widowed,1.0,3_4_persons,1.0,no_children,other_christian,0.0,outaouais,type_1,,0.67,0.67,0.0,0.67,0.0,0.33,1.0,plq,conservative,0.0,0.75,1.0,0.0,0.5,0.67,1.0,0.0,1.0,0.0,1.0,0.33,0.0,adq,green,0.2,0.4,0.5,0.3,0.5,0.2,0.5,0.5,0.4,0.4,0.6,0.6,1.0,1.0,0.0,0.67,0.67,0.33,0.33,0.0,1.0,0.33,1.0,0.67,0.33,1.0,0.6,0.8,,0.8,0.6,0.6,0.6,0.8,0.6,0.6,0.6,0.83,0.17,0.67
978,1.3865697383880615,female,43.0,35_44,french,canadian_quebecois,college_cegep,60k_to_80k,homemaker,33,1.0,divorced_separated,1.0,3_4_persons,0.0,children_under_18,,,quebec_city,type_1,1.0,1.0,1.0,1.0,1.0,0.67,0.67,0.0,plq,conservative,0.33,1.0,1.0,0.33,0.5,0.67,1.0,0.33,1.0,0.0,0.0,0.67,0.0,,,0.2,0.6,0.6,0.2,0.1,0.3,0.6,0.7,0.4,,0.0,0.9,1.0,1.0,0.33,0.67,0.67,0.67,0.33,0.0,1.0,0.67,1.0,0.33,0.33,0.33,0.6,0.8,0.6,0.8,0.6,0.6,0.8,0.8,,0.8,0.6,0.83,0.67,0.67
979,0.9693608283996582,female,32.0,25_34,french,canadian_quebecois,bachelor,60k_to_80k,homemaker,6,1.0,widowed,1.0,5_plus_persons,0.0,children_18_plus,protestant,0.5,other_regions,type_1,,1.0,0.67,0.67,0.67,0.0,0.67,1.0,plq,ndp,1.0,0.75,1.0,0.0,1.0,0.33,0.67,0.33,1.0,0.0,0.0,1.0,1.0,pq,bloc,0.3,0.7,0.2,0.8,0.6,0.1,0.4,0.7,0.9,,0.5,0.4,0.0,1.0,1.0,0.67,0.67,0.67,0.33,0.67,1.0,0.0,0.0,1.0,1.0,0.0,0.8,0.8,0.8,0.2,0.4,0.4,0.8,0.8,0.4,0.8,0.4,0.67,0.5,0.5
980,0.5535573959350586,female,59.0,55_64,french,canadian_quebecois,college_cegep,over_150k,employed,6,1.0,widowed,1.0,3_4_persons,0.0,children_under_18,protestant,0.5,other_regions,type_1,,1.0,1.0,1.0,0.67,1.0,0.67,1.0,adq,conservative,1.0,1.0,1.0,0.67,1.0,0.67,1.0,0.0,1.0,0.0,0.0,0.67,1.0,pq,green,0.2,0.8,0.04,0.5,0.7,0.4,0.8,0.2,0.5,0.6,0.8,0.5,0.0,1.0,0.33,0.67,0.67,0.67,0.67,0.67,0.33,0.0,0.33,0.67,0.67,0.0,0.8,0.8,0.8,0.8,0.8,0.8,0.8,0.8,0.8,0.8,0.8,0.83,0.83,0.67
981,0.6555481553077698,female,53.0,45_54,french,canadian_quebecois,elementary,under_20k,employed,6,1.0,common_law,1.0,3_4_persons,0.0,children_under_18,protestant,0.5,,type_1,,1.0,0.67,1.0,0.67,0.67,1.0,1.0,plq,,1.0,1.0,1.0,1.0,1.0,0.67,0.33,0.67,1.0,,0.0,0.67,1.0,adq,conservative,0.5,0.6,0.4,0.4,0.1,0.5,0.5,0.9,0.5,0.5,0.5,0.5,1.0,1.0,0.67,0.67,0.67,0.67,0.33,0.33,0.67,0.67,0.0,0.67,0.67,0.33,0.8,0.8,0.8,0.8,0.8,0.8,0.8,0.8,0.8,0.8,0.8,0.67,0.67,0.67
982,1.8384100198745728,female,33.0,25_34,french,canadian_quebecois,high_school,under_20k,homemaker,8,1.0,widowed,1.0,5_plus_persons,1.0,no_children,no_religion,0.0,monteregie,type_1,,0.67,0.67,0.67,0.67,0.67,0.67,0.0,plq,conservative,0.67,0.75,0.67,0.67,1.0,1.0,1.0,0.0,1.0,,0.0,1.0,1.0,,,0.5,0.5,0.75,0.25,0.4,0.75,0.25,1.0,0.5,0.4,0.25,0.5,1.0,0.0,0.0,0.67,1.0,1.0,0.33,0.0,0.33,1.0,0.0,1.0,0.33,0.33,,,,,0.8,0.6,0.8,0.8,,,0.8,0.67,0.67,1.0
983,1.3116263151168823,female,68.0,65_plus,french,canadian_quebecois,college_cegep,,self_employed,11,1.0,single,1.0,2_persons,1.0,children_under_18,protestant,1.0,other_regions,type_1,,1.0,1.0,1.0,0.33,1.0,0.0,1.0,,liberal,1.0,1.0,1.0,1.0,1.0,0.67,0.67,0.33,1.0,,1.0,1.0,1.0,pq,,0.0,0.9,0.75,0.85,0.2,0.0,0.95,0.8,0.85,0.2,0.9,0.75,1.0,0.0,0.0,1.0,1.0,0.33,1.0,0.67,1.0,0.0,0.0,0.67,0.0,0.0,0.8,0.8,,0.8,0.8,0.8,0.8,0.8,0.8,0.8,0.8,0.83,0.83,0.67
984,1.4200392961502075,male,72.0,65_plus,french,canadian_quebecois,high_school,,self_employed,4,1.0,single,0.0,1_person,1.0,no_children,catholic,0.5,quebec_city,type_1,,1.0,1.0,1.0,1.0,0.67,1.0,1.0,qs,ndp,1.0,1.0,1.0,1.0,0.5,0.33,0.0,0.33,1.0,,0.0,1.0,0.0,,,1.0,0.0,0.5,0.0,0.0,1.0,0.0,0.75,0.6,,0.4,1.0,1.0,1.0,0.0,1.0,1.0,0.67,1.0,1.0,1.0,1.0,1.0,0.67,1.0,1.0,1.0,1.0,1.0,1.0,1.0,1.0,1.0,1.0,1.0,1.0,1.0,1.0,1.0,1.0
985,0.3823769092559814,female,37.0,35_44,french,canadian_quebecois,graduate,over_150k,retired,12,1.0,widowed,1.0,5_plus_persons,0.0,children_under_18,catholic,1.0,quebec_city,type_1,,0.67,0.67,0.33,0.33,0.67,0.67,1.0,plq,bloc,1.0,0.5,0.67,0.33,0.5,0.0,0.33,0.67,1.0,0.0,0.0,0.67,1.0,plq,ndp,0.75,0.05,0.5,0.05,0.1,0.75,0.2,0.5,0.1,0.1,0.05,0.95,0.0,1.0,0.0,0.67,0.67,0.0,0.33,1.0,0.33,0.33,0.67,0.67,0.67,0.67,1.0,1.0,1.0,0.2,0.4,0.6,1.0,1.0,0.6,1.0,1.0,1.0,0.5,0.67
986,0.7738205194473267,male,57.0,55_64,french,canadian_quebecois,high_school,20k_to_40k,employed,6,1.0,divorced_separated,0.0,,0.0,children_under_18,,,,type_1,,0.67,,,1.0,0.67,1.0,0.0,plq,ndp,1.0,0.75,,0.67,0.5,0.67,1.0,0.67,0.0,0.0,1.0,0.67,1.0,,,0.5,0.5,0.5,0.03,0.03,0.5,0.5,0.6,0.03,,0.5,0.5,1.0,0.0,0.33,1.0,1.0,0.33,0.67,0.33,1.0,0.33,0.67,0.67,0.33,0.67,,,1.0,,,,,,,,,,0.67,0.67
987,1.3865697383880615,female,44.0,35_44,french,canadian_quebecois,bachelor,40k_to_60k,homemaker,4,1.0,widowed,0.0,5_plus_persons,0.0,no_children,other_religion,1.0,other_regions,type_1,,1.0,0.67,1.0,1.0,0.33,0.0,1.0,adq,conservative,0.33,1.0,1.0,1.0,0.5,1.0,1.0,0.0,1.0,1.0,1.0,0.0,1.0,other,bloc,0.3,0.3,0.4,0.2,0.2,0.1,0.2,0.3,1.0,,1.0,1.0,0.0,1.0,0.0,0.67,1.0,1.0,0.67,0.0,1.0,0.0,1.0,1.0,1.0,0.0,0.6,0.6,0.8,0.2,0.4,0.4,0.6,0.6,0.6,0.6,0.4,0.67,0.17,0.5
988,1.1757395267486572,male,68.0,65_plus,french,canadian_quebecois,graduate,40k_to_60k,self_employed,16,1.0,widowed,1.0,5_plus_persons,0.0,children_under_18,protestant,0.5,other_regions,type_1,,0.67,0.0,1.0,0.33,1.0,0.33,1.0,adq,liberal,1.0,1.0,0.67,1.0,1.0,0.67,0.67,0.33,0.0,0.0,0.0,0.33,1.0,pq,bloc,0.2,0.6,0.4,0.8,0.1,0.2,0.5,0.4,0.5,0.0,0.8,0.4,0.0,1.0,0.67,0.67,0.0,0.33,0.33,0.67,1.0,0.0,0.0,1.0,0.67,1.0,0.4,0.4,0.4,0.2,0.4,0.4,0.8,0.8,0.8,1.0,0.4,0.5,0.5,0.67
989,1.2432608604431152,female,52.0,45_54,french,canadian_quebecois,high_school,20k_to_40k,employed,26,1.0,widowed,0.0,2_persons,1.0,no_children,protestant,0.5,other_regions,type_1,,1.0,1.0,0.67,1.0,1.0,0.67,1.0,adq,liberal,0.33,1.0,1.0,0.67,0.0,0.67,0.67,0.67,1.0,0.0,0.0,0.67,,pq,liberal,0.2,0.7,0.5,,,0.0,0.7,0.7,0.0,,0.7,0.6,1.0,1.0,0.33,0.67,1.0,0.33,0.67,0.33,1.0,0.33,0.67,0.67,0.33,0.0,0.8,0.6,0.8,0.6,0.8,0.6,0.8,0.8,0.8,0.6,0.8,0.67,0.67,0.83
990,0.8410736918449402,female,72.0,65_plus,french,canadian_quebecois,college_cegep,under_20k,self_employed,6,0.0,widowed,1.0,1_person,1.0,no_children,,,montreal,type_1,1.0,1.0,0.33,0.33,0.67,1.0,0.33,1.0,plq,,1.0,1.0,1.0,0.67,0.5,0.33,0.67,0.0,1.0,,1.0,0.0,0.0,,,0.75,0.25,0.2,,0.5,0.9,0.75,0.5,,,0.0,0.0,0.0,1.0,0.33,0.67,0.67,1.0,0.33,0.0,1.0,0.0,1.0,0.67,0.67,0.0,1.0,1.0,1.0,1.0,0.6,0.6,1.0,1.0,1.0,1.0,1.0,1.0,1.0,0.67
991,1.1433428525924685,male,47.0,45_54,french,canadian_quebecois,high_school,20k_to_40k,employed,8,1.0,divorced_separated,1.0,2_persons,1.0,children_under_18,catholic,0.0,montreal,type_1,,1.0,0.67,0.67,0.33,0.67,0.33,1.0,plq,conservative,0.67,0.75,1.0,0.33,1.0,1.0,1.0,0.0,1.0,0.0,1.0,0.33,1.0,adq,conservative,0.2,0.5,0.1,0.15,0.1,0.1,0.5,0.4,0.05,0.05,0.4,0.6,0.0,1.0,0.67,1.0,1.0,1.0,0.67,0.33,1.0,1.0,1.0,1.0,0.33,1.0,0.6,0.8,0.8,0.2,0.6,0.6,1.0,1.0,0.8,1.0,0.6,0.67,0.67,0.67
992,0.2219046652317047,male,49.0,45_54,french,canadian_quebecois,high_school,80k_to_100k,employed,3,1.0,married,0.0,1_person,1.0,no_children,other_christian,0.0,quebec_city,type_1,,1.0,1.0,1.0,0.33,0.67,0.0,1.0,plq,ndp,0.67,0.75,1.0,1.0,0.5,1.0,1.0,0.0,1.0,1.0,1.0,0.33,1.0,adq,liberal,0.75,0.0,1.0,0.0,0.0,0.75,0.0,1.0,,1.0,0.0,0.5,1.0,0.0,0.0,0.67,1.0,0.67,0.67,0.0,0.33,1.0,1.0,1.0,0.33,0.33,0.6,0.6,,,0.6,0.6,0.6,0.6,0.6,0.6,0.6,0.67,0.67,0.67
993,1.1433428525924685,male,48.0,45_54,french,other_european,high_school,under_20k,employed,26,1.0,widowed,1.0,5_plus_persons,0.0,both,no_religion,0.5,quebec_city,type_1,,0.67,1.0,0.67,1.0,0.33,0.0,1.0,plq,conservative,1.0,1.0,1.0,1.0,1.0,1.0,1.0,0.0,1.0,0.0,1.0,0.0,1.0,pq,ndp,0.0,0.95,0.8,0.5,0.0,0.5,0.6,0.85,0.0,0.0,0.0,0.8,0.0,0.0,0.0,0.67,,1.0,0.67,0.0,1.0,1.0,1.0,0.0,1.0,0.0,1.0,0.6,0.8,0.6,0.6,0.6,0.8,0.8,0.6,1.0,0.6,0.67,0.67,0.67
994,0.3823769092559814,female,42.0,35_44,french,other_european,college_cegep,100k_to_120k,employed,3,1.0,divorced_separated,1.0,1_person,0.0,children_18_plus,protestant,0.5,other_regions,type_1,,0.67,0.67,0.67,1.0,0.67,0.33,1.0,adq,liberal,0.67,0.75,0.67,0.0,1.0,1.0,1.0,0.0,1.0,0.0,1.0,0.33,1.0,pq,ndp,0.42,0.8,0.6,0.5,,0.05,0.8,0.9,,,0.5,0.95,0.0,0.0,0.67,1.0,0.67,0.33,0.33,0.33,1.0,1.0,1.0,1.0,0.67,0.33,0.6,0.8,0.6,0.8,0.8,1.0,0.8,0.8,0.8,0.8,1.0,0.83,0.67,0.67
995,0.1873806416988372,male,60.0,55_64,french,canadian_quebecois,bachelor,60k_to_80k,employed,12,1.0,common_law,0.0,2_persons,0.0,no_children,catholic,0.5,quebec_city,type_1,,0.67,0.67,0.67,0.67,1.0,0.67,1.0,adq,liberal,1.0,0.75,1.0,0.67,0.5,0.67,0.67,0.67,0.0,0.0,0.0,1.0,1.0,plq,ndp,0.75,0.5,0.6,0.25,0.5,0.75,0.5,0.7,0.25,0.1,0.7,0.7,0.0,1.0,0.0,1.0,1.0,0.0,0.33,1.0,1.0,0.0,0.67,0.67,0.67,0.33,1.0,1.0,1.0,1.0,1.0,1.0,1.0,0.6,0.6,1.0,0.8,1.0,0.0,0.67
996,1.3925409317016602,male,38.0,35_44,french,canadian_quebecois,college_cegep,40k_to_60k,employed,16,1.0,divorced_separated,1.0,3_4_persons,0.0,no_children,other_christian,0.5,outaouais,type_1,,1.0,1.0,0.67,1.0,0.67,0.33,1.0,adq,liberal,0.33,0.75,0.67,1.0,1.0,0.67,0.67,0.0,1.0,0.0,1.0,0.0,1.0,,,0.0,0.75,0.9,0.3,0.5,0.0,0.1,0.8,,,0.5,0.9,0.0,1.0,0.67,1.0,0.33,0.33,0.33,0.0,1.0,0.33,0.67,0.67,0.67,0.33,0.6,0.6,0.6,0.6,0.6,0.6,0.6,0.6,0.6,0.6,0.6,0.67,0.67,
997,0.3228451609611511,female,73.0,65_plus,french,canadian_quebecois,bachelor,40k_to_60k,self_employed,3,1.0,single,1.0,1_person,0.0,children_18_plus,catholic,0.5,montreal,type_1,,1.0,1.0,0.67,0.33,0.67,0.33,1.0,plq,ndp,0.67,0.75,,0.67,1.0,0.33,0.33,,0.0,,0.0,1.0,,plq,,0.6,0.6,0.4,0.7,0.7,0.8,0.8,0.8,0.65,,0.5,0.8,,,0.67,0.67,1.0,0.33,1.0,0.33,1.0,,1.0,1.0,1.0,0.67,1.0,1.0,1.0,0.2,0.4,0.6,0.8,0.8,1.0,1.0,1.0,1.0,,
998,1.3492573499679563,female,32.0,25_34,french,canadian_quebecois,college_cegep,20k_to_40k,employed,5,1.0,widowed,0.0,3_4_persons,0.0,children_under_18,protestant,0.5,other_regions,type_1,,0.67,1.0,0.67,1.0,0.67,0.67,1.0,plq,ndp,0.67,0.75,1.0,1.0,1.0,0.67,0.67,0.33,1.0,0.0,0.0,0.33,1.0,pq,ndp,0.4,0.85,0.75,0.85,0.9,0.1,0.75,0.6,,0.2,0.5,0.7,0.0,1.0,0.33,1.0,1.0,0.33,0.33,0.33,1.0,0.67,0.33,1.0,0.33,0.0,0.8,0.6,0.8,0.2,0.6,0.6,0.8,0.8,1.0,0.8,0.8,0.83,0.83,0.67
999,0.3372038602828979,male,39.0,35_44,french,canadian_quebecois,college_cegep,40k_to_60k,employed,3,1.0,widowed,1.0,5_plus_persons,1.0,children_under_18,protestant,0.0,other_regions,type_1,,0.67,0.67,0.33,1.0,0.67,0.33,1.0,adq,liberal,0.67,0.5,0.67,0.33,1.0,1.0,0.67,0.67,,0.0,1.0,0.67,1.0,other,ndp,0.0,0.75,0.8,0.7,0.8,0.0,0.5,0.75,0.65,0.75,0.5,0.5,0.0,1.0,0.33,0.67,1.0,0.0,0.33,0.67,1.0,0.0,0.67,0.67,1.0,0.0,0.4,0.6,0.6,0.2,0.4,0.6,0.8,0.8,0.8,0.6,0.4,0.67,0.33,0.5
1000,0.8632587194442749,female,55.0,45_54,french,canadian_quebecois,high_school,under_20k,student,11,1.0,widowed,,2_persons,0.0,children_under_18,protestant,0.5,other_regions,type_1,,1.0,1.0,0.67,1.0,0.67,,1.0,plq,,1.0,1.0,1.0,,1.0,1.0,1.0,0.33,1.0,0.0,1.0,0.33,1.0,pq,,0.05,0.25,,,,,0.75,0.5,,,,,,,,1.0,0.67,0.67,0.67,0.33,1.0,0.67,0.67,0.67,,0.67,0.8,0.8,0.8,0.8,0.8,0.8,0.8,0.8,0.8,0.8,0.8,0.17,0.17,0.17
1001,1.690662503242493,male,25.0,18_24,french,canadian_quebecois,bachelor,20k_to_40k,retired,26,1.0,widowed,1.0,3_4_persons,1.0,children_under_18,,,montreal,type_1,1.0,1.0,0.67,0.33,1.0,0.67,0.33,1.0,adq,liberal,0.67,0.75,1.0,0.0,0.5,0.33,1.0,0.33,0.0,0.0,0.0,0.67,1.0,adq,liberal,0.75,0.4,0.7,0.15,0.6,0.75,0.7,0.6,0.7,,0.0,0.8,0.0,1.0,0.0,0.67,1.0,1.0,0.33,1.0,1.0,1.0,1.0,1.0,0.67,0.0,1.0,1.0,0.6,0.2,0.6,0.8,0.8,0.8,0.6,1.0,1.0,1.0,0.5,0.67
1002,0.9693608283996582,female,32.0,25_34,french,canadian_quebecois,high_school,40k_to_60k,employed,16,,married,1.0,2_persons,1.0,children_18_plus,catholic,0.5,montreal,type_1,,1.0,1.0,0.0,1.0,0.0,0.0,1.0,plq,conservative,0.67,1.0,1.0,0.0,0.5,1.0,1.0,0.33,1.0,1.0,1.0,0.33,0.0,plq,,0.4,0.05,0.05,0.05,0.2,0.0,0.2,0.2,,,0.4,0.25,0.0,0.0,0.33,0.67,1.0,1.0,0.33,0.0,0.33,0.0,1.0,0.67,1.0,0.0,,,1.0,0.6,,1.0,,,1.0,1.0,,,0.17,0.17
1003,1.9063955545425413,female,23.0,18_24,french,canadian_quebecois,bachelor,under_20k,,6,1.0,widowed,1.0,3_4_persons,0.0,children_18_plus,protestant,0.5,other_regions,type_1,,0.67,1.0,0.67,1.0,0.33,0.33,1.0,plq,ndp,1.0,1.0,0.67,0.33,1.0,0.33,0.67,0.33,0.0,0.0,0.0,0.33,0.0,pq,bloc,0.3,0.85,0.5,0.9,0.8,0.2,0.8,0.4,0.9,0.75,0.75,0.6,0.0,1.0,0.33,0.67,0.67,0.33,0.33,0.67,1.0,0.0,0.0,0.67,0.67,0.33,0.4,0.8,0.8,0.2,0.8,0.6,0.8,0.8,0.8,0.8,0.8,0.5,0.5,0.67
1004,1.4374099969863892,male,66.0,65_plus,french,canadian_quebecois,college_cegep,20k_to_40k,self_employed,13,1.0,widowed,1.0,3_4_persons,0.0,no_children,protestant,0.5,other_regions,type_2,,0.67,1.0,0.67,0.33,0.67,0.33,1.0,adq,bloc,0.67,0.5,0.33,0.67,1.0,0.67,1.0,0.33,1.0,0.0,1.0,0.33,1.0,pq,ndp,0.3,0.6,0.2,0.0,,0.1,0.5,0.5,0.0,,0.7,0.6,1.0,0.0,0.33,0.67,0.33,0.67,0.67,0.67,1.0,0.67,0.0,0.33,0.67,0.33,,0.8,,0.2,0.4,0.8,0.8,0.8,0.6,0.8,0.6,0.17,,0.67
1005,0.1564060449600219,male,57.0,55_64,french,canadian_quebecois,bachelor,over_150k,employed,12,1.0,widowed,1.0,5_plus_persons,0.0,no_children,catholic,0.5,quebec_city,type_2,,1.0,0.67,0.33,0.67,0.67,0.67,1.0,plq,ndp,0.33,0.5,0.67,0.0,0.5,0.0,0.0,0.67,0.0,0.0,0.0,1.0,0.0,plq,ndp,0.8,0.3,0.5,,,0.8,0.7,0.4,0.2,,0.1,0.8,1.0,0.0,0.0,0.33,0.67,0.33,1.0,1.0,1.0,0.0,0.0,0.67,1.0,0.67,1.0,1.0,1.0,0.8,0.8,0.6,1.0,0.8,0.6,0.6,0.6,1.0,1.0,0.83
1006,1.5618207454681396,female,54.0,45_54,french,canadian_quebecois,college_cegep,over_150k,self_employed,7,1.0,divorced_separated,0.0,3_4_persons,0.0,no_children,catholic,0.5,quebec_city,type_2,,1.0,1.0,0.33,0.33,1.0,1.0,1.0,adq,conservative,0.67,0.5,0.33,0.33,0.5,0.33,0.67,0.67,1.0,1.0,0.0,,1.0,plq,ndp,0.9,0.1,0.75,,,0.75,0.25,0.9,,,0.75,,0.0,1.0,0.0,,,0.33,1.0,1.0,1.0,1.0,0.67,0.67,0.67,0.33,1.0,0.6,1.0,1.0,1.0,0.6,1.0,0.8,1.0,1.0,1.0,0.67,0.67,0.67
1007,0.9353222250938416,female,36.0,35_44,other,other,bachelor,,homemaker,16,0.0,divorced_separated,1.0,2_persons,0.0,both,catholic,0.0,montreal,type_2,,0.67,0.67,0.33,0.67,0.67,0.67,0.0,plq,ndp,0.33,0.75,0.67,0.67,0.5,0.67,0.67,0.33,1.0,0.0,1.0,0.33,0.0,,,0.75,0.5,,,0.5,0.75,,0.5,,0.5,0.75,0.85,,1.0,0.0,0.67,,0.67,,1.0,,,0.67,0.67,0.67,0.33,,1.0,,,,,0.8,,,,,0.0,,
1008,0.7222163677215576,female,23.0,18_24,english,other,bachelor,,,6,0.0,single,,2_persons,0.0,both,,,,type_2,0.0,1.0,1.0,1.0,0.67,,0.67,0.0,plq,ndp,,1.0,0.67,0.67,,1.0,1.0,0.0,1.0,1.0,1.0,0.67,0.0,,,,,,0.0,0.07,,,,,,,0.05,0.0,1.0,,,0.33,0.67,,,,,0.67,0.67,0.67,0.33,,,,,,,,,,,,0.17,0.17,
1009,0.9353222250938416,female,43.0,35_44,english,canadian_quebecois,high_school,,employed,14,0.0,widowed,1.0,5_plus_persons,0.0,no_children,catholic,0.5,montreal,type_2,,1.0,0.67,0.67,0.67,0.67,0.67,1.0,plq,conservative,0.33,0.75,0.67,0.67,0.5,0.67,0.67,0.33,1.0,1.0,1.0,0.67,0.0,plq,ndp,0.65,0.0,0.35,0.0,0.0,0.65,0.1,0.35,,,0.5,0.75,1.0,,0.0,0.33,0.33,0.67,0.33,1.0,0.33,0.33,0.67,0.67,0.33,0.67,1.0,1.0,1.0,1.0,1.0,1.0,1.0,1.0,1.0,1.0,1.0,1.0,1.0,1.0
1010,1.131169080734253,female,49.0,45_54,french,canadian_quebecois,high_school,40k_to_60k,employed,2,1.0,married,0.0,2_persons,0.0,children_under_18,other_religion,0.0,other_regions,type_2,,0.67,0.67,0.67,0.67,0.67,0.67,1.0,plq,other,0.67,0.75,0.67,0.67,1.0,0.0,0.33,0.33,,0.0,0.0,0.33,1.0,,,0.0,0.5,0.5,0.3,,,0.3,0.5,,,0.75,,,,0.33,0.67,0.67,0.67,0.33,0.33,1.0,,0.67,,0.67,0.33,,,,0.2,,0.6,0.8,0.8,,,,0.67,0.67,0.67
1011,1.1933574676513672,female,71.0,65_plus,french,canadian_quebecois,high_school,under_20k,,17,1.0,single,,2_persons,1.0,no_children,other_christian,0.0,,type_2,,1.0,0.67,0.0,1.0,0.33,1.0,1.0,plq,ndp,0.67,1.0,1.0,0.0,0.5,0.0,1.0,0.0,1.0,0.0,1.0,0.33,0.0,adq,,,,,,,,,,,,,,0.0,0.0,0.0,0.67,0.67,1.0,0.67,0.33,1.0,1.0,0.33,0.33,0.33,0.33,0.6,0.6,0.6,0.6,0.6,0.6,0.6,0.6,0.6,0.6,0.6,0.67,0.67,0.67
1012,1.2277785539627075,female,65.0,55_64,french,canadian_quebecois,bachelor,20k_to_40k,,26,1.0,divorced_separated,,,0.0,no_children,protestant,0.5,other_regions,type_2,,1.0,0.67,,0.67,0.33,0.67,1.0,plq,ndp,0.67,0.5,1.0,1.0,1.0,0.67,0.67,0.33,0.0,0.0,0.0,0.67,1.0,pq,,0.5,0.8,0.4,0.2,,0.4,0.3,0.35,0.2,,0.8,0.5,,1.0,0.0,0.67,0.67,0.33,0.67,0.33,1.0,,,0.67,0.67,1.0,0.8,,,,0.8,0.6,0.8,0.8,,,0.6,,0.67,0.67
1013,0.6404670476913452,female,52.0,45_54,english,canadian_quebecois,college_cegep,over_150k,employed,6,0.0,widowed,1.0,2_persons,1.0,children_18_plus,catholic,0.0,montreal,type_2,,1.0,0.67,0.33,1.0,0.67,1.0,1.0,plq,conservative,0.67,1.0,0.67,0.0,0.5,0.67,1.0,0.33,1.0,1.0,1.0,0.33,1.0,plq,ndp,0.07,0.0,0.06,0.0,0.03,0.06,0.03,0.08,,0.04,0.0,0.07,0.0,1.0,0.0,0.33,1.0,0.67,1.0,1.0,,0.67,1.0,0.67,1.0,0.67,1.0,1.0,1.0,,0.6,0.6,1.0,0.6,1.0,,1.0,0.67,0.67,0.67
1014,3.023717403411865,male,35.0,25_34,french,canadian_quebecois,college_cegep,over_150k,employed,4,1.0,common_law,0.0,,0.0,no_children,other_christian,0.5,quebec_city,type_2,,0.67,0.67,0.33,0.33,0.33,0.33,1.0,plq,ndp,0.33,0.75,1.0,1.0,0.5,1.0,0.67,0.33,1.0,1.0,1.0,0.67,1.0,adq,,0.6,0.03,0.95,0.06,0.12,0.6,0.03,1.0,0.06,0.12,0.25,0.75,,,0.0,0.67,,0.0,0.33,1.0,1.0,0.0,1.0,,,0.67,0.6,0.6,0.6,0.2,0.6,0.6,0.6,0.6,0.6,0.6,0.6,0.67,0.67,0.67
1015,0.2214419990777969,female,59.0,55_64,other,canadian_quebecois,graduate,over_150k,employed,6,0.0,widowed,1.0,5_plus_persons,0.0,children_under_18,catholic,0.5,montreal,type_2,,1.0,1.0,1.0,0.67,0.0,1.0,1.0,pq,ndp,0.0,0.75,0.33,0.67,0.5,0.0,0.33,0.33,0.0,0.0,,1.0,0.0,plq,green,0.85,0.6,0.35,,0.65,0.75,0.6,0.25,,,0.35,0.85,,1.0,0.0,0.67,,0.33,0.33,1.0,0.33,,0.33,0.33,0.0,0.67,1.0,0.8,1.0,0.2,0.8,1.0,1.0,0.8,1.0,1.0,0.2,1.0,1.0,
1016,0.5248628258705139,female,58.0,55_64,french,canadian_quebecois,college_cegep,,,4,1.0,divorced_separated,,,,children_under_18,,,,type_2,,1.0,0.67,0.67,1.0,1.0,0.67,1.0,adq,liberal,0.33,0.75,0.33,1.0,0.5,1.0,1.0,0.67,1.0,0.0,,0.67,1.0,,,0.1,0.5,0.5,,,0.2,0.5,0.5,,,,0.8,0.0,,0.0,,1.0,0.33,0.33,0.0,1.0,,0.33,0.67,0.67,0.0,,,,0.2,,,,0.8,,,,,,0.83
1017,0.926587700843811,female,30.0,25_34,french,canadian_quebecois,graduate,40k_to_60k,,6,1.0,widowed,1.0,5_plus_persons,0.0,children_18_plus,protestant,1.0,other_regions,type_2,,1.0,1.0,1.0,1.0,1.0,0.33,1.0,plq,other,1.0,1.0,1.0,0.33,1.0,0.33,0.67,0.33,0.0,,0.0,0.67,1.0,pq,liberal,0.07,0.08,0.04,0.03,0.05,0.06,0.07,0.04,,,0.8,0.6,0.0,1.0,0.67,0.33,0.67,0.33,1.0,0.67,1.0,0.33,0.67,0.67,0.67,0.33,0.8,0.8,,0.2,0.8,0.8,0.8,0.8,0.8,1.0,0.8,0.83,0.83,
1018,0.4079344272613525,female,61.0,55_64,french,canadian_quebecois,bachelor,80k_to_100k,self_employed,6,1.0,common_law,0.0,3_4_persons,0.0,children_under_18,protestant,0.5,other_regions,type_2,,1.0,1.0,0.33,0.67,0.67,0.33,1.0,adq,liberal,1.0,0.75,0.67,1.0,1.0,0.67,0.33,0.67,0.0,0.0,0.0,0.67,0.0,pq,bloc,0.4,0.8,0.1,0.6,0.5,0.1,0.9,0.1,0.4,0.5,1.0,0.3,0.0,1.0,0.67,0.33,1.0,0.33,0.67,0.67,1.0,0.0,0.0,0.67,0.67,0.33,0.8,0.8,0.8,0.8,0.8,0.8,0.8,0.8,0.8,0.8,0.8,0.83,0.83,0.83
1019,1.5180344581604004,female,50.0,45_54,french,other,bachelor,,employed,4,1.0,widowed,1.0,,0.0,no_children,no_religion,0.5,,type_2,,0.67,0.67,0.67,1.0,0.33,0.33,1.0,plq,conservative,0.0,0.75,0.67,0.67,,0.67,0.67,0.0,1.0,1.0,1.0,0.33,,other,bloc,0.5,0.3,0.4,0.6,0.7,0.7,0.1,0.4,0.7,,0.2,0.7,0.0,1.0,,0.67,0.67,0.67,,0.0,1.0,,,0.67,0.33,0.0,,,,0.2,0.4,0.4,0.4,,1.0,,0.4,1.0,0.5,0.5
1020,0.926587700843811,female,30.0,25_34,french,canadian_quebecois,bachelor,over_150k,employed,13,1.0,common_law,0.0,1_person,1.0,no_children,other_christian,0.5,other_regions,type_2,,0.67,1.0,0.33,0.33,1.0,1.0,1.0,plq,conservative,0.0,0.75,1.0,,0.5,1.0,1.0,0.0,1.0,1.0,1.0,0.0,1.0,adq,conservative,0.0,0.8,1.0,0.0,0.0,0.0,0.0,1.0,,,0.0,1.0,0.0,1.0,0.0,0.67,0.33,1.0,0.67,0.33,1.0,0.67,0.67,0.33,0.33,0.0,0.6,0.6,0.6,0.6,0.6,0.6,0.8,0.8,0.6,0.6,0.6,0.67,0.67,0.67
1021,1.5367439985275269,male,30.0,25_34,french,canadian_quebecois,college_cegep,80k_to_100k,employed,26,1.0,widowed,1.0,5_plus_persons,1.0,children_under_18,protestant,0.5,other_regions,type_2,,1.0,1.0,0.67,1.0,0.33,1.0,1.0,qs,liberal,0.67,0.75,1.0,0.33,0.5,0.33,1.0,0.0,1.0,1.0,0.0,0.33,0.0,pq,ndp,0.1,0.8,0.7,0.7,0.7,0.1,0.8,0.75,,,0.1,0.5,0.0,1.0,0.0,1.0,0.67,0.33,0.33,0.0,0.33,0.0,1.0,0.67,0.67,0.0,0.8,0.8,1.0,0.2,0.4,0.6,0.8,0.8,0.8,1.0,0.8,0.83,0.67,0.67
1022,0.5570399761199951,female,36.0,35_44,french,canadian_quebecois,college_cegep,80k_to_100k,employed,3,1.0,divorced_separated,1.0,2_persons,0.0,no_children,,,,type_2,0.0,0.67,0.67,0.67,0.67,0.33,0.33,1.0,plq,ndp,0.33,0.75,1.0,0.67,0.5,0.67,1.0,0.33,1.0,0.0,,0.67,1.0,,,0.5,0.8,0.9,,,0.5,0.7,0.8,,,0.8,0.7,0.0,1.0,0.33,0.33,0.67,0.67,0.67,0.33,,0.33,0.67,0.67,0.67,0.33,0.6,0.6,,,0.4,0.6,0.8,0.8,0.6,,0.6,,,0.17
1023,3.451063632965088,male,78.0,65_plus,other,other,graduate,100k_to_120k,,25,0.0,widowed,0.0,2_persons,1.0,no_children,catholic,0.5,quebec_city,type_2,,1.0,1.0,0.33,1.0,0.33,1.0,1.0,adq,liberal,0.33,0.5,0.0,0.67,0.5,1.0,0.67,0.33,1.0,,1.0,0.67,0.0,adq,liberal,0.5,0.0,0.8,0.0,0.05,0.8,0.0,0.8,,,0.0,1.0,0.0,1.0,0.0,1.0,0.67,0.0,0.33,1.0,0.33,0.67,1.0,0.67,1.0,1.0,1.0,1.0,,0.2,1.0,0.6,1.0,1.0,0.6,1.0,1.0,1.0,,0.67
1024,1.7230206727981567,female,44.0,35_44,french,canadian_quebecois,bachelor,40k_to_60k,employed,16,1.0,widowed,1.0,2_persons,1.0,children_under_18,catholic,0.0,outaouais,type_2,,0.67,1.0,0.67,1.0,0.67,0.67,1.0,plq,bloc,0.33,0.75,1.0,0.33,1.0,1.0,0.67,0.33,1.0,0.0,1.0,0.67,1.0,adq,,0.25,0.55,0.65,,,0.03,0.02,0.65,,,0.75,0.65,1.0,0.0,0.33,0.33,0.67,0.67,0.67,0.33,0.33,0.0,0.67,0.67,0.33,0.0,0.6,0.6,0.6,0.2,,0.6,0.8,0.8,0.6,0.6,0.6,0.17,0.67,0.67
1025,0.5029883980751038,female,27.0,25_34,other,canadian_quebecois,college_cegep,,employed,13,1.0,widowed,,,,,,,,type_2,,0.67,0.67,0.67,0.67,,1.0,1.0,plq,ndp,0.67,1.0,0.67,0.67,,,,,,,,,,other,bloc,,,,,,,,,,,,,,,,,,,,,,,,,,,,,,,,,,,,,,,,
1026,0.3556142151355743,male,73.0,65_plus,french,canadian_quebecois,college_cegep,60k_to_80k,self_employed,3,1.0,divorced_separated,0.0,2_persons,1.0,no_children,catholic,0.0,quebec_city,type_2,,1.0,0.67,0.67,0.67,1.0,0.33,1.0,plq,ndp,0.67,0.5,0.67,0.67,0.5,0.33,0.67,0.67,0.0,0.0,0.0,0.67,0.0,plq,,1.0,0.0,0.6,0.0,0.0,1.0,0.0,0.6,0.0,,0.1,0.8,1.0,1.0,0.0,0.0,1.0,0.67,1.0,1.0,1.0,0.33,0.67,1.0,1.0,0.33,1.0,1.0,1.0,1.0,1.0,1.0,1.0,1.0,1.0,1.0,1.0,1.0,1.0,1.0
1027,1.4495251178741455,male,41.0,35_44,english,other,college_cegep,20k_to_40k,employed,13,0.0,divorced_separated,,5_plus_persons,1.0,no_children,,,monteregie,type_2,0.0,1.0,0.67,1.0,1.0,0.67,0.67,0.0,plq,conservative,1.0,1.0,0.33,0.33,0.5,0.67,1.0,0.33,1.0,0.0,,0.33,0.0,,,0.5,0.5,0.4,0.1,0.1,0.25,0.1,0.15,0.1,0.1,0.0,0.1,1.0,,0.0,0.0,0.67,1.0,0.33,1.0,1.0,1.0,0.0,1.0,0.67,0.33,,,,,,,,,,,,0.17,,
1028,0.7158807516098022,male,57.0,55_64,french,canadian_quebecois,high_school,60k_to_80k,,4,1.0,widowed,1.0,5_plus_persons,0.0,no_children,protestant,0.5,other,type_2,,1.0,1.0,0.67,1.0,0.67,0.67,1.0,plq,conservative,0.33,0.5,0.67,0.67,1.0,0.67,0.67,0.33,1.0,0.0,1.0,0.67,0.0,pq,ndp,0.1,0.6,0.3,0.0,0.0,0.1,0.3,0.4,,,0.5,0.5,0.0,1.0,0.67,0.67,0.67,0.67,0.67,0.67,1.0,0.0,0.67,0.67,0.67,0.0,0.8,0.8,0.6,0.8,0.8,0.8,0.8,0.8,0.8,0.8,0.8,0.67,0.83,0.67
1029,1.330445408821106,female,21.0,18_24,french,other,bachelor,100k_to_120k,retired,16,1.0,divorced_separated,,2_persons,1.0,both,catholic,0.5,quebec_city,type_2,,1.0,1.0,0.33,0.67,0.67,0.0,1.0,adq,,1.0,1.0,0.67,0.33,0.5,0.0,0.0,0.67,,0.0,0.0,1.0,0.0,plq,green,0.95,0.0,0.0,0.25,0.75,0.9,0.2,0.05,0.45,0.6,0.0,0.5,1.0,0.0,0.0,1.0,0.0,0.0,1.0,1.0,0.33,1.0,0.67,1.0,0.33,0.0,1.0,,1.0,1.0,0.4,1.0,1.0,1.0,,1.0,0.4,1.0,1.0,0.5
1030,0.2455614358186721,male,48.0,45_54,other,canadian_quebecois,college_cegep,20k_to_40k,employed,3,1.0,divorced_separated,1.0,2_persons,1.0,no_children,other_christian,0.5,quebec_city,type_2,,0.67,1.0,0.33,0.67,0.67,0.67,1.0,pq,ndp,0.67,0.5,0.67,1.0,1.0,1.0,1.0,0.33,1.0,1.0,1.0,0.67,1.0,adq,conservative,0.02,0.1,0.9,0.0,0.15,0.15,0.15,0.9,0.0,,0.55,0.3,0.0,1.0,0.67,0.67,0.67,0.67,0.67,0.33,1.0,0.33,0.67,0.33,0.67,0.33,0.6,0.6,0.6,,,0.6,0.6,0.8,0.6,0.6,0.6,0.67,0.67,0.67
1031,0.915192484855652,female,62.0,55_64,other,other,college_cegep,under_20k,self_employed,6,0.0,widowed,,,,children_under_18,catholic,0.0,montreal,type_2,,1.0,0.67,0.67,1.0,0.67,0.67,1.0,adq,liberal,1.0,0.5,0.67,0.67,0.5,0.67,1.0,0.33,1.0,0.0,,0.67,0.0,adq,liberal,0.5,0.0,0.5,,,0.6,0.0,0.4,,,0.2,0.5,0.0,1.0,0.0,,1.0,0.33,1.0,1.0,0.33,,0.0,0.67,0.67,0.67,1.0,1.0,1.0,0.2,1.0,1.0,1.0,1.0,,1.0,1.0,1.0,1.0,
1032,0.5248628258705139,female,59.0,55_64,french,canadian_quebecois,high_school,40k_to_60k,self_employed,32,1.0,widowed,,3_4_persons,0.0,no_children,other_christian,0.5,quebec_city,type_2,,1.0,1.0,1.0,1.0,0.67,0.67,1.0,adq,liberal,0.33,1.0,1.0,0.0,1.0,1.0,1.0,0.0,1.0,1.0,1.0,0.33,1.0,adq,conservative,0.0,0.01,0.99,0.0,0.0,0.0,0.0,1.0,0.0,0.0,0.6,0.6,0.0,1.0,0.67,0.33,0.67,0.67,0.33,1.0,1.0,0.67,1.0,0.33,0.67,0.0,0.6,0.6,0.6,0.6,0.6,0.6,0.6,0.6,0.6,0.6,0.6,1.0,0.67,0.67
1033,0.6322008967399597,male,58.0,55_64,french,canadian_quebecois,college_cegep,under_20k,self_employed,6,1.0,widowed,1.0,5_plus_persons,1.0,no_children,no_religion,1.0,outaouais,type_2,,1.0,0.67,0.67,0.67,0.67,0.67,1.0,plq,ndp,0.67,0.75,0.67,1.0,1.0,0.67,0.33,0.33,1.0,1.0,1.0,0.33,1.0,other,ndp,0.1,0.15,0.8,,0.8,0.1,0.15,0.8,,0.8,1.0,0.5,,,0.33,1.0,0.67,,0.67,0.67,,0.0,0.67,0.33,0.67,0.33,0.2,0.2,0.2,0.2,0.6,0.6,0.2,0.2,0.2,0.2,0.2,0.67,0.33,
1034,0.7158807516098022,male,62.0,55_64,french,canadian_quebecois,college_cegep,under_20k,self_employed,4,1.0,widowed,0.0,5_plus_persons,1.0,no_children,,,quebec_city,type_2,1.0,1.0,1.0,1.0,0.67,1.0,1.0,1.0,plq,ndp,1.0,1.0,1.0,1.0,0.5,0.67,0.33,0.33,1.0,0.0,0.0,1.0,1.0,adq,liberal,0.5,0.0,0.75,0.4,0.2,0.3,0.1,0.8,0.2,0.15,0.4,0.7,0.0,1.0,0.0,0.33,0.67,0.33,0.33,1.0,1.0,1.0,1.0,1.0,1.0,0.33,0.6,0.6,0.6,0.4,0.6,0.6,0.6,0.6,0.6,0.6,0.6,0.67,0.67,0.67
1035,2.4493582248687744,male,46.0,45_54,french,canadian_quebecois,bachelor,over_150k,employed,9,1.0,divorced_separated,1.0,2_persons,0.0,no_children,protestant,0.5,other_regions,type_2,,0.67,1.0,0.67,1.0,1.0,0.67,1.0,plq,bloc,0.67,0.5,0.67,1.0,1.0,0.67,0.67,0.67,1.0,1.0,,0.67,,adq,conservative,0.4,0.6,0.75,,,0.6,0.5,0.7,,,0.75,0.7,0.0,0.0,0.33,0.33,0.33,0.67,0.67,0.67,1.0,0.0,0.0,,0.67,0.33,0.6,,,0.2,,0.6,0.8,0.8,0.8,,0.6,1.0,0.67,1.0
1036,0.6404670476913452,female,47.0,45_54,english,canadian_quebecois,college_cegep,over_150k,,6,0.0,divorced_separated,1.0,1_person,0.0,children_18_plus,,,montreal,type_2,0.0,1.0,0.33,0.67,0.67,0.67,1.0,1.0,adq,liberal,1.0,1.0,0.67,1.0,0.5,0.67,0.67,0.0,0.0,0.0,0.0,0.67,,other,liberal,0.8,,,,0.8,0.75,,,,,0.0,0.5,1.0,,0.0,0.0,0.67,0.33,0.67,1.0,,0.67,1.0,0.67,0.33,0.67,1.0,,,0.2,,,0.8,0.8,,,,,,
1037,1.5512259006500244,male,44.0,35_44,english,canadian_quebecois,college_cegep,under_20k,student,26,1.0,divorced_separated,1.0,2_persons,0.0,children_under_18,other_christian,0.5,eastern_quebec,type_2,,1.0,1.0,0.67,0.67,0.67,1.0,1.0,,liberal,0.33,1.0,1.0,0.67,0.5,1.0,1.0,0.33,1.0,1.0,1.0,0.67,1.0,adq,,0.5,0.0,0.75,0.0,0.5,0.02,0.0,0.75,0.0,,0.0,0.5,0.0,1.0,0.0,0.33,0.67,0.33,0.67,1.0,1.0,0.33,0.67,0.67,1.0,0.0,0.6,0.6,0.6,0.2,0.6,0.6,0.6,0.6,1.0,0.6,0.6,0.17,0.67,0.67
1038,0.4079344272613525,female,59.0,55_64,french,canadian_quebecois,high_school,60k_to_80k,self_employed,16,1.0,widowed,0.0,5_plus_persons,1.0,no_children,protestant,0.0,other_regions,type_2,,1.0,0.33,0.33,0.67,0.67,1.0,1.0,plq,ndp,0.67,0.75,0.67,1.0,1.0,1.0,1.0,0.0,1.0,0.0,1.0,0.33,1.0,adq,green,0.0,0.7,0.75,0.2,0.85,0.0,0.85,0.9,0.8,,1.0,0.0,0.0,,0.67,0.67,0.67,0.67,0.67,0.67,1.0,0.67,0.33,0.33,0.33,0.0,0.6,0.6,0.6,0.2,0.6,0.6,0.8,0.8,0.6,,0.6,0.67,0.67,0.5
1039,0.8883579969406128,female,28.0,25_34,french,canadian_quebecois,college_cegep,under_20k,student,1,1.0,widowed,1.0,5_plus_persons,0.0,no_children,,,monteregie,type_2,0.0,1.0,1.0,1.0,0.0,1.0,1.0,0.0,plq,ndp,0.67,0.75,0.67,0.67,0.0,0.67,0.67,0.33,1.0,1.0,1.0,0.0,1.0,,,,,,,,0.05,0.35,0.6,0.02,,,0.45,,,,0.0,,0.67,0.67,0.0,1.0,0.0,0.67,0.67,0.33,0.0,0.6,0.6,0.6,0.6,0.6,0.6,0.6,0.6,0.8,0.6,0.6,0.67,0.67,0.67
1040,1.9254908561706543,male,,,french,canadian_quebecois,college_cegep,,employed,2,1.0,married,0.0,1_person,1.0,no_children,other_christian,1.0,,type_2,,0.67,1.0,0.67,0.67,1.0,0.67,1.0,adq,liberal,0.67,1.0,1.0,0.33,1.0,0.33,0.67,0.33,1.0,1.0,1.0,0.67,1.0,adq,liberal,,,,,,,,0.75,,,0.0,,0.0,1.0,0.33,1.0,1.0,0.67,0.67,0.33,1.0,0.33,0.67,0.67,0.67,0.67,0.6,0.6,0.6,0.6,0.6,0.6,0.6,0.6,0.6,0.6,0.6,0.67,0.67,0.67
1041,0.3431829512119293,male,58.0,55_64,english,canadian_quebecois,elementary,20k_to_40k,employed,16,0.0,widowed,1.0,2_persons,1.0,no_children,catholic,0.0,montreal,type_2,,1.0,0.67,0.33,0.67,0.0,0.33,1.0,plq,ndp,1.0,0.75,0.67,1.0,0.5,1.0,1.0,0.0,1.0,1.0,1.0,0.33,1.0,plq,ndp,0.7,0.1,0.6,0.0,0.1,0.7,0.6,0.7,,0.1,0.1,0.7,0.0,1.0,0.0,0.0,1.0,0.67,1.0,1.0,0.33,,,0.67,0.67,0.33,1.0,1.0,,0.2,,,1.0,0.8,,1.0,,1.0,0.67,0.67
1042,0.5400015711784363,female,58.0,55_64,french,canadian_quebecois,college_cegep,80k_to_100k,employed,24,1.0,divorced_separated,0.0,,0.0,no_children,,,,type_2,0.0,1.0,0.67,0.67,0.33,0.67,1.0,1.0,plq,ndp,0.67,0.0,0.0,0.67,0.5,1.0,1.0,0.33,1.0,1.0,1.0,0.67,1.0,,,0.5,0.2,0.6,0.1,0.1,0.1,0.05,0.6,0.03,,0.1,0.8,0.0,1.0,0.0,0.33,0.67,0.67,0.33,0.0,1.0,0.33,0.67,0.67,0.67,0.67,,,,,,0.6,,,,,,0.67,0.67,0.67
1043,0.3911031782627105,female,56.0,55_64,french,canadian_quebecois,high_school,,self_employed,1,1.0,common_law,,1_person,0.0,children_18_plus,,,,type_2,1.0,0.67,0.67,0.33,0.67,1.0,0.67,1.0,plq,ndp,0.67,0.75,0.67,0.67,,0.33,0.67,0.33,1.0,0.0,,0.33,1.0,,,,,,,,,,,,,0.5,0.85,1.0,0.0,0.67,0.33,0.33,0.67,0.67,,1.0,0.33,0.33,0.67,0.67,0.33,1.0,,,,,,,,0.6,,,,,0.67
1044,0.7795112729072571,male,32.0,25_34,english,canadian_quebecois,college_cegep,20k_to_40k,employed,6,0.0,widowed,1.0,3_4_persons,0.0,children_18_plus,catholic,0.0,outaouais,type_2,,1.0,1.0,0.67,1.0,0.67,0.33,1.0,qs,liberal,0.67,1.0,0.67,0.33,0.5,1.0,0.67,0.0,1.0,1.0,1.0,0.33,1.0,plq,,0.7,0.0,0.5,0.0,0.1,0.65,0.4,0.5,,,0.4,0.6,0.0,1.0,0.0,0.67,0.67,0.67,1.0,1.0,1.0,0.67,0.33,0.67,0.67,0.33,1.0,1.0,1.0,1.0,1.0,1.0,1.0,1.0,1.0,1.0,1.0,1.0,0.17,0.67
1045,2.3347883224487305,male,21.0,18_24,french,canadian_quebecois,bachelor,under_20k,retired,5,1.0,widowed,1.0,5_plus_persons,0.0,children_under_18,protestant,1.0,other_regions,type_2,,0.67,1.0,0.67,0.33,0.67,0.0,1.0,qs,liberal,1.0,0.75,0.33,0.33,1.0,0.33,0.33,0.67,0.0,0.0,1.0,1.0,1.0,pq,,0.0,1.0,0.0,0.3,0.3,0.0,0.9,0.2,0.0,0.0,0.75,0.4,0.0,1.0,1.0,1.0,0.67,0.33,0.33,0.67,1.0,0.0,0.0,1.0,0.67,,0.8,0.8,1.0,0.8,0.8,0.8,0.8,0.8,0.8,0.6,0.8,0.83,0.83,0.83
1046,0.5029883980751038,female,28.0,25_34,english,canadian_quebecois,bachelor,under_20k,,6,0.0,divorced_separated,,,0.0,children_under_18,,,montreal,type_2,1.0,1.0,0.67,0.33,1.0,0.0,0.33,0.0,qs,liberal,1.0,0.75,0.67,0.33,0.5,0.67,0.67,0.33,0.0,1.0,1.0,0.33,1.0,,,0.65,0.0,0.0,0.0,0.85,0.5,0.25,0.15,,,0.6,0.5,,,0.0,0.67,0.33,0.33,0.33,1.0,0.33,0.0,0.0,1.0,1.0,0.33,,,,0.2,,,1.0,1.0,1.0,,1.0,1.0,,
1047,0.4079344272613525,female,56.0,55_64,french,canadian_quebecois,high_school,40k_to_60k,employed,16,1.0,widowed,1.0,3_4_persons,0.0,children_under_18,,,other,type_2,,0.67,0.67,0.67,0.67,,0.33,1.0,plq,bloc,0.33,0.75,0.67,0.67,,0.67,0.67,,1.0,0.0,1.0,0.67,,adq,,,,,,,,,,,,,,0.0,1.0,0.0,0.67,,0.67,0.67,0.0,1.0,,0.67,,0.33,0.0,,,,,,,,,,,0.6,0.67,,
1048,0.926587700843811,female,32.0,25_34,french,canadian_quebecois,bachelor,80k_to_100k,,6,1.0,widowed,1.0,5_plus_persons,0.0,no_children,other_christian,1.0,,type_2,,1.0,1.0,0.33,1.0,1.0,0.33,1.0,other,conservative,0.0,0.75,1.0,0.33,,0.67,1.0,0.0,1.0,0.0,,0.33,1.0,,,0.3,0.5,0.8,,0.8,0.3,0.7,0.8,,,0.5,,,1.0,0.33,,0.67,0.67,,0.0,1.0,,0.67,,0.33,0.0,,,,0.2,,0.6,0.6,0.8,,,,0.67,0.67,0.67
1049,0.926587700843811,female,32.0,25_34,french,canadian_quebecois,bachelor,40k_to_60k,employed,6,1.0,divorced_separated,1.0,2_persons,1.0,children_under_18,,,,type_2,,0.67,0.67,0.33,0.67,0.33,0.33,1.0,plq,ndp,0.67,0.5,0.33,0.33,0.5,0.33,0.33,0.33,0.0,0.0,0.0,0.67,1.0,,,0.06,0.03,0.06,0.03,0.03,,,,,,0.0,1.0,1.0,,0.0,0.33,0.67,0.33,0.33,1.0,,0.33,0.67,0.33,0.67,0.0,,,,,,,,,,,,,0.67,0.0
1050,2.078787088394165,female,28.0,25_34,other,other,bachelor,20k_to_40k,employed,6,0.0,divorced_separated,0.0,3_4_persons,0.0,both,,,outaouais,type_2,0.0,1.0,0.67,1.0,1.0,1.0,0.67,0.0,pq,liberal,0.67,1.0,1.0,1.0,0.5,1.0,1.0,0.0,1.0,1.0,1.0,0.0,1.0,,,0.5,0.0,0.3,0.03,0.5,0.3,0.0,0.1,,,,0.3,0.0,1.0,0.0,0.67,,0.67,0.67,1.0,,0.33,0.0,0.0,0.33,0.0,,,,0.2,,,,,,,0.2,0.17,0.17,0.17
1051,0.5248628258705139,female,64.0,55_64,french,canadian_quebecois,bachelor,80k_to_100k,self_employed,5,1.0,widowed,,5_plus_persons,0.0,no_children,,,montreal,type_2,0.0,1.0,1.0,0.33,0.67,0.67,0.33,1.0,adq,liberal,0.33,0.5,0.67,0.67,,0.67,0.67,0.33,1.0,0.0,1.0,0.67,1.0,plq,,0.7,0.5,0.6,0.5,0.4,0.6,0.4,0.6,0.5,0.4,0.6,0.7,0.0,1.0,0.0,0.67,0.67,0.67,0.33,0.33,1.0,0.33,0.67,0.33,0.33,0.0,1.0,1.0,,0.2,0.4,0.6,0.8,0.8,,,0.4,1.0,0.5,0.67
1052,0.4079344272613525,female,61.0,55_64,french,canadian_quebecois,bachelor,,self_employed,16,1.0,widowed,,3_4_persons,0.0,children_under_18,,,other_regions,type_2,0.0,0.67,0.33,0.33,0.67,0.67,0.67,1.0,adq,liberal,0.67,0.75,0.0,0.67,,0.33,0.67,0.33,1.0,0.0,,0.33,0.0,,,0.7,,0.1,0.2,0.2,0.0,0.4,0.2,0.5,0.2,0.3,0.5,0.0,1.0,0.33,0.0,,0.67,0.33,0.33,1.0,,0.33,0.67,0.33,0.0,,,,,,,,,,,,,0.5,
1053,0.5400015711784363,female,55.0,45_54,french,canadian_quebecois,bachelor,40k_to_60k,employed,25,1.0,divorced_separated,1.0,3_4_persons,0.0,no_children,protestant,0.0,other_regions,type_2,,1.0,0.67,1.0,1.0,1.0,1.0,1.0,plq,ndp,1.0,0.75,1.0,0.67,1.0,0.33,0.67,0.67,1.0,0.0,0.0,0.33,1.0,adq,conservative,0.5,0.6,0.75,,,0.5,0.4,0.8,,,0.5,1.0,0.0,1.0,1.0,0.33,1.0,0.33,0.33,0.67,1.0,0.33,0.33,0.67,1.0,0.33,0.6,0.6,0.6,0.6,0.6,0.6,0.8,0.8,0.8,0.6,0.6,0.17,0.67,0.67
1054,2.07050895690918,male,54.0,45_54,french,other,college_cegep,,employed,32,1.0,widowed,0.0,5_plus_persons,0.0,no_children,other_religion,0.5,outaouais,type_2,,0.67,0.67,0.67,1.0,0.33,0.0,1.0,plq,conservative,0.33,0.75,0.33,0.67,0.5,1.0,1.0,0.33,1.0,0.0,1.0,0.33,1.0,adq,bloc,0.3,0.3,0.4,0.6,0.6,0.35,0.25,0.45,0.5,0.5,0.33,0.45,0.0,1.0,0.0,0.0,0.67,0.67,0.67,0.33,1.0,0.33,0.67,0.33,0.67,0.0,0.6,0.6,0.4,0.2,0.4,0.6,,0.8,0.6,0.6,0.4,0.33,0.5,0.5
1055,1.131169080734253,female,50.0,45_54,french,canadian_quebecois,graduate,under_20k,employed,11,1.0,common_law,1.0,1_person,1.0,no_children,other_christian,0.5,monteregie,type_2,,1.0,1.0,0.67,0.67,0.67,0.67,0.0,plq,ndp,0.0,1.0,1.0,0.0,0.5,1.0,1.0,0.0,1.0,1.0,1.0,0.33,1.0,,,,,0.5,,,0.15,0.25,0.75,,,0.95,0.95,0.0,1.0,0.0,0.33,0.67,0.67,0.67,0.0,1.0,0.0,0.33,0.33,0.33,0.0,0.6,0.6,0.6,0.6,0.6,0.6,0.6,0.6,0.6,0.6,0.6,0.67,,0.83
1056,0.3431829512119293,male,55.0,45_54,english,canadian_quebecois,college_cegep,over_150k,employed,6,0.0,widowed,0.0,3_4_persons,1.0,children_under_18,catholic,0.0,quebec_city,type_2,,1.0,0.67,0.67,0.67,0.67,1.0,1.0,adq,liberal,0.0,0.75,0.0,0.33,0.5,1.0,1.0,0.0,1.0,0.0,1.0,0.33,1.0,plq,ndp,0.61,0.1,0.6,0.0,0.1,0.5,0.1,0.65,0.0,0.1,0.0,0.6,0.0,1.0,0.0,0.0,1.0,0.33,0.33,1.0,0.33,0.33,0.67,0.33,0.67,0.67,1.0,1.0,1.0,1.0,1.0,0.6,1.0,1.0,,0.6,0.6,0.67,0.33,0.67
1057,0.9925715327262878,male,52.0,45_54,other,other_european,college_cegep,over_150k,self_employed,13,1.0,widowed,1.0,2_persons,1.0,no_children,catholic,1.0,montreal,type_2,,1.0,0.33,0.33,0.67,0.67,0.67,1.0,plq,ndp,1.0,0.5,0.33,0.0,0.5,0.67,0.67,0.33,0.0,,,0.67,0.0,plq,ndp,0.95,0.0,0.5,0.0,0.5,0.9,0.0,0.5,,,0.2,0.8,,,0.0,1.0,0.67,0.0,1.0,0.33,1.0,0.67,0.67,0.67,0.67,0.33,1.0,1.0,1.0,1.0,1.0,1.0,1.0,1.0,1.0,1.0,1.0,1.0,1.0,1.0
1058,1.2277785539627075,female,70.0,65_plus,french,canadian_quebecois,college_cegep,,self_employed,25,1.0,married,0.0,2_persons,1.0,no_children,catholic,0.5,montreal,type_2,,1.0,1.0,0.67,1.0,0.67,0.67,,plq,ndp,1.0,1.0,0.67,0.67,0.5,0.33,0.67,0.33,1.0,0.0,0.0,,,,,0.8,0.0,0.1,,,0.65,0.0,0.15,0.1,,0.4,0.6,,,0.0,0.33,0.67,0.33,0.33,1.0,1.0,0.33,0.67,1.0,0.67,0.67,1.0,1.0,1.0,1.0,1.0,,1.0,,1.0,1.0,,1.0,,1.0
1059,0.8835616707801819,male,74.0,65_plus,english,canadian_quebecois,high_school,under_20k,self_employed,4,1.0,divorced_separated,0.0,2_persons,1.0,no_children,catholic,0.5,quebec_city,type_2,,0.67,0.67,0.67,0.67,0.67,0.33,1.0,adq,liberal,0.67,0.5,0.67,0.67,0.5,0.67,0.33,0.67,1.0,0.0,0.0,0.67,1.0,plq,ndp,0.95,0.0,0.25,0.0,0.0,1.0,0.0,0.5,,,0.0,0.75,0.0,0.0,0.0,1.0,1.0,0.0,1.0,1.0,1.0,0.67,0.67,1.0,0.67,0.33,1.0,1.0,1.0,1.0,1.0,1.0,1.0,1.0,1.0,1.0,1.0,1.0,1.0,1.0
1060,0.4079344272613525,female,60.0,55_64,french,canadian_quebecois,high_school,over_150k,employed,6,1.0,widowed,0.0,2_persons,0.0,no_children,other_christian,0.5,,type_2,,1.0,0.67,0.33,0.33,0.67,0.67,1.0,plq,ndp,0.33,0.5,0.67,0.67,,0.67,0.67,0.33,0.0,0.0,1.0,0.33,0.0,adq,,0.06,0.05,1.0,,,0.5,0.5,1.0,,,0.5,0.8,0.0,1.0,0.67,0.0,0.67,0.67,0.33,0.33,1.0,0.67,1.0,0.33,0.67,0.67,0.6,0.6,0.6,0.6,0.6,0.6,0.6,0.6,0.6,0.6,0.6,0.67,0.67,0.67
1061,0.1318823248147964,female,59.0,55_64,french,canadian_quebecois,college_cegep,40k_to_60k,employed,12,1.0,divorced_separated,1.0,3_4_persons,1.0,children_under_18,other_christian,0.5,quebec_city,type_2,,0.67,1.0,0.67,1.0,1.0,0.67,1.0,plq,ndp,,0.75,1.0,0.67,0.5,0.67,0.67,0.33,1.0,0.0,,0.33,1.0,adq,liberal,0.5,0.3,0.6,,,0.5,0.2,0.7,,,0.8,0.8,1.0,,0.0,0.33,,0.33,0.33,0.0,,0.33,0.67,0.67,0.67,0.33,,,,0.2,0.6,0.6,,,1.0,,0.6,1.0,0.67,0.67
1062,2.216895818710327,female,43.0,35_44,french,canadian_quebecois,bachelor,,employed,32,1.0,divorced_separated,,3_4_persons,0.0,children_under_18,,,,type_2,0.0,1.0,1.0,0.67,0.67,1.0,1.0,1.0,plq,ndp,0.33,1.0,1.0,0.0,0.5,1.0,1.0,0.0,1.0,1.0,1.0,0.33,0.0,,,0.8,0.5,0.8,,,0.5,0.0,0.5,,,0.0,0.4,1.0,,0.33,0.0,0.67,0.67,0.67,0.0,,0.33,0.67,0.33,0.33,0.33,,,,,,,,,,,,,,
1063,0.4079344272613525,female,56.0,55_64,french,canadian_quebecois,high_school,40k_to_60k,employed,13,1.0,widowed,,,0.0,children_under_18,protestant,0.5,other_regions,type_2,,1.0,0.33,0.67,0.67,0.67,0.67,1.0,plq,other,0.33,0.75,0.67,0.33,1.0,0.67,0.67,0.33,1.0,0.0,1.0,0.33,1.0,adq,,0.2,0.6,0.7,,,0.1,0.7,0.7,,,0.05,0.05,0.0,1.0,0.67,0.67,,1.0,0.67,0.67,1.0,1.0,0.67,,,0.0,0.8,0.8,,0.2,0.6,0.6,0.8,0.8,,,,,0.67,0.67
1064,0.1318823248147964,female,57.0,55_64,french,canadian_quebecois,bachelor,under_20k,employed,3,1.0,widowed,1.0,2_persons,1.0,children_under_18,protestant,1.0,other_regions,type_2,,0.67,1.0,0.67,1.0,1.0,0.33,1.0,,liberal,1.0,0.75,0.67,1.0,1.0,0.67,0.33,0.33,1.0,0.0,1.0,0.33,1.0,pq,bloc,,0.0,0.1,0.4,0.2,0.0,0.8,0.2,0.6,0.0,0.4,0.1,0.0,1.0,1.0,0.67,0.67,0.33,0.33,0.67,1.0,0.0,0.0,0.67,0.67,0.0,0.8,0.8,0.8,0.8,0.8,0.8,0.8,0.8,0.8,0.8,0.8,0.83,0.83,0.5
1065,1.1798489093780518,female,51.0,45_54,french,canadian_quebecois,bachelor,,employed,6,1.0,widowed,1.0,,0.0,children_under_18,protestant,0.0,other_regions,type_2,,0.67,0.67,0.33,1.0,0.0,0.33,1.0,pq,liberal,0.67,1.0,0.67,0.33,1.0,1.0,1.0,0.33,1.0,0.0,1.0,0.67,1.0,pq,bloc,0.4,0.55,0.25,0.5,0.2,0.1,0.4,0.3,0.7,0.15,0.6,0.6,0.0,1.0,0.67,0.67,,0.33,0.33,0.67,1.0,0.0,0.0,0.67,0.33,0.33,,,,,0.4,0.4,0.8,0.8,,,0.4,0.17,0.5,0.5
1066,1.1798489093780518,female,47.0,45_54,french,canadian_quebecois,high_school,under_20k,employed,16,1.0,divorced_separated,1.0,,1.0,no_children,protestant,0.5,,type_2,,1.0,1.0,0.67,1.0,0.0,0.67,1.0,plq,ndp,1.0,1.0,1.0,0.33,1.0,0.0,1.0,0.0,1.0,0.0,1.0,0.0,1.0,,,0.15,0.8,0.6,0.8,1.0,0.25,0.65,0.5,,,0.1,0.6,0.0,,0.33,0.67,,1.0,0.67,0.33,1.0,,0.33,0.33,0.33,0.0,,,,0.6,,0.6,0.8,0.8,,,,0.83,0.67,0.17
1067,2.061872959136963,male,24.0,18_24,french,canadian_quebecois,bachelor,60k_to_80k,,14,1.0,widowed,1.0,5_plus_persons,0.0,no_children,protestant,0.5,outaouais,type_2,,0.67,1.0,0.33,1.0,0.67,0.33,1.0,adq,liberal,0.67,0.5,0.33,0.67,1.0,0.67,0.33,0.67,,0.0,0.0,0.67,0.0,pq,liberal,0.6,0.85,0.15,0.6,0.6,0.75,0.9,0.01,0.1,0.5,0.5,0.5,1.0,1.0,0.67,0.33,0.67,0.33,0.33,0.67,1.0,0.0,0.33,0.67,1.0,0.67,0.8,0.8,1.0,0.2,0.4,0.8,0.8,0.8,0.8,1.0,0.8,1.0,0.83,0.5
1068,0.8468688726425171,male,61.0,55_64,french,canadian_quebecois,college_cegep,20k_to_40k,self_employed,2,1.0,single,,2_persons,0.0,no_children,,,other_regions,type_2,0.0,1.0,0.67,0.67,0.67,0.33,0.33,1.0,adq,liberal,0.67,0.75,0.67,0.33,1.0,0.67,0.67,0.33,0.0,0.0,1.0,0.67,1.0,pq,ndp,,0.5,0.4,,,,,,,,0.9,0.5,0.0,1.0,0.67,0.67,0.67,0.67,0.33,0.67,1.0,0.0,0.33,0.67,0.67,0.67,0.8,1.0,0.8,0.6,0.8,0.6,0.8,0.8,0.8,1.0,0.8,,0.67,0.83
1069,1.1933574676513672,female,66.0,65_plus,french,canadian_quebecois,college_cegep,under_20k,,17,1.0,married,0.0,2_persons,0.0,children_under_18,,,montreal,type_2,1.0,1.0,0.67,0.67,1.0,0.67,0.33,1.0,plq,other,0.33,1.0,1.0,0.33,0.5,0.33,0.33,0.33,1.0,0.0,,0.33,1.0,adq,liberal,0.6,0.1,0.6,,,0.5,0.1,0.7,,,0.2,0.5,0.0,0.0,0.0,0.33,0.67,0.33,0.67,1.0,,,0.33,0.67,0.67,0.33,0.6,,0.6,,0.6,0.6,,,1.0,0.6,0.6,,,0.67
1070,0.2070583254098892,female,52.0,45_54,english,canadian_quebecois,high_school,80k_to_100k,employed,12,1.0,divorced_separated,1.0,2_persons,1.0,children_18_plus,catholic,0.5,montreal,type_2,,1.0,0.67,0.33,1.0,0.67,0.67,1.0,adq,liberal,1.0,0.75,0.67,0.67,0.5,0.33,0.33,0.67,0.0,,0.0,0.67,0.0,plq,ndp,0.95,0.25,0.75,,0.5,0.8,0.75,0.75,,,0.5,0.75,,1.0,0.0,0.33,0.67,0.67,1.0,1.0,0.33,0.33,0.67,0.67,0.67,0.33,1.0,1.0,1.0,1.0,1.0,1.0,1.0,1.0,1.0,1.0,1.0,1.0,0.67,0.67
1071,0.6765576601028442,male,58.0,55_64,french,canadian_quebecois,college_cegep,20k_to_40k,self_employed,25,1.0,widowed,1.0,3_4_persons,0.0,no_children,protestant,0.0,other_regions,type_2,,0.33,1.0,0.67,1.0,0.33,0.33,1.0,plq,bloc,0.67,0.75,1.0,0.67,1.0,0.67,0.67,0.33,1.0,0.0,1.0,0.67,1.0,pq,green,0.05,0.6,0.15,0.05,0.25,0.0,0.5,0.0,0.1,0.25,0.5,0.25,0.0,1.0,0.67,0.67,0.67,0.67,0.33,0.67,1.0,0.0,0.33,0.0,1.0,0.0,0.4,0.8,0.4,0.2,0.4,0.8,0.8,0.8,0.2,0.8,0.4,0.0,0.33,0.5
1072,2.670271873474121,male,44.0,35_44,french,canadian_quebecois,bachelor,80k_to_100k,employed,16,1.0,divorced_separated,1.0,2_persons,0.0,no_children,protestant,0.0,other_regions,type_2,,1.0,1.0,0.33,1.0,0.33,0.33,1.0,plq,ndp,1.0,0.75,0.33,1.0,1.0,0.67,1.0,0.0,1.0,0.0,1.0,0.33,1.0,pq,,0.0,0.85,0.0,0.0,0.25,0.0,0.75,0.0,0.0,0.0,0.5,0.75,0.0,1.0,1.0,1.0,0.33,1.0,0.33,0.67,1.0,0.0,0.67,0.33,0.33,0.33,0.8,0.8,0.8,0.8,0.8,0.8,0.8,,0.8,,0.8,0.83,0.83,0.17
1073,1.4374099969863892,male,69.0,65_plus,french,canadian_quebecois,college_cegep,80k_to_100k,self_employed,16,1.0,widowed,0.0,2_persons,1.0,no_children,catholic,0.5,montreal,type_2,,1.0,0.67,0.67,0.67,0.33,0.67,1.0,adq,liberal,0.33,0.75,0.67,1.0,0.5,0.67,0.67,0.33,1.0,0.0,1.0,0.67,,plq,ndp,0.75,0.25,0.4,0.05,0.1,0.5,0.2,0.55,,,0.35,0.8,1.0,,0.0,0.33,0.33,0.67,0.33,1.0,0.33,1.0,1.0,0.33,0.67,0.0,0.6,1.0,,,,0.6,,,1.0,0.6,0.6,1.0,0.67,0.67
1074,0.4079344272613525,female,62.0,55_64,french,canadian_quebecois,graduate,80k_to_100k,employed,6,1.0,widowed,0.0,,0.0,children_under_18,protestant,0.5,outaouais,type_2,,1.0,0.67,0.0,0.33,0.67,0.33,1.0,plq,ndp,1.0,0.0,0.67,0.33,0.5,0.67,0.67,0.0,1.0,0.0,1.0,0.33,1.0,adq,,0.5,0.4,0.6,0.5,,0.5,0.1,0.8,0.65,0.5,0.5,0.6,0.0,,1.0,0.67,0.67,0.33,0.67,0.33,1.0,0.0,1.0,0.33,0.67,0.0,0.6,,0.6,0.2,0.4,0.6,0.6,,,1.0,0.4,0.67,0.67,0.67
1075,1.4374099969863892,male,68.0,65_plus,french,canadian_quebecois,bachelor,,self_employed,6,1.0,widowed,0.0,1_person,1.0,no_children,other_christian,1.0,quebec_city,type_2,,0.0,0.0,0.33,0.0,0.67,0.0,1.0,adq,liberal,0.0,0.0,1.0,1.0,0.5,0.67,0.67,0.33,1.0,0.0,0.0,0.67,1.0,adq,,0.4,0.2,0.5,0.0,0.15,0.25,0.0,0.55,0.0,0.05,0.1,1.0,1.0,0.0,0.0,0.33,1.0,0.0,0.67,1.0,1.0,0.67,1.0,0.67,0.67,1.0,0.6,0.6,,0.6,,0.6,0.6,0.6,0.6,0.6,0.6,0.67,0.67,0.67
1076,1.627670168876648,male,74.0,65_plus,french,canadian_quebecois,bachelor,40k_to_60k,self_employed,17,1.0,common_law,1.0,2_persons,1.0,no_children,protestant,0.5,other_regions,type_2,,1.0,0.67,0.33,0.33,0.67,0.33,1.0,adq,liberal,0.67,0.75,0.33,0.67,1.0,0.67,0.67,0.0,1.0,0.0,1.0,0.67,1.0,pq,,0.05,0.6,0.3,0.0,0.2,0.0,0.05,0.4,0.0,,0.3,0.3,1.0,0.0,0.33,0.67,0.0,0.33,0.33,0.67,1.0,0.0,0.67,0.67,0.67,0.33,,,,,,,0.8,0.8,,,,0.17,,0.67
1077,2.2808401584625244,female,41.0,35_44,french,canadian_quebecois,college_cegep,80k_to_100k,employed,8,1.0,widowed,1.0,3_4_persons,0.0,no_children,other_christian,1.0,quebec_city,type_2,,0.33,0.67,0.0,0.67,0.33,0.67,1.0,other,liberal,0.67,0.5,0.67,1.0,1.0,1.0,0.67,0.33,1.0,1.0,1.0,0.33,,adq,conservative,0.0,0.5,0.95,,,0.0,0.95,1.0,,,0.0,0.95,0.0,1.0,0.67,,0.67,0.67,0.67,0.0,1.0,,1.0,,0.67,0.33,0.6,0.6,,,0.6,0.6,0.6,0.8,0.6,0.6,0.6,0.67,0.67,0.67
1078,1.1921813488006592,female,26.0,25_34,french,canadian_quebecois,college_cegep,under_20k,homemaker,4,1.0,widowed,1.0,5_plus_persons,,no_children,protestant,0.5,other_regions,type_2,,1.0,1.0,0.67,1.0,0.33,0.33,1.0,plq,green,0.67,1.0,1.0,1.0,1.0,1.0,0.67,0.67,1.0,0.0,0.0,0.67,0.0,adq,conservative,0.2,0.6,0.85,,,0.05,0.7,0.85,,,0.5,0.5,0.0,,0.67,0.33,0.67,0.33,0.33,0.67,1.0,,0.67,0.67,1.0,0.0,,0.6,0.8,0.2,0.6,0.6,0.8,,,0.8,0.6,0.67,0.67,0.67
1079,1.956773042678833,male,53.0,45_54,french,canadian_quebecois,graduate,over_150k,employed,7,1.0,widowed,1.0,5_plus_persons,0.0,children_18_plus,protestant,0.5,other_regions,type_2,,0.67,0.67,0.33,0.67,0.67,0.0,1.0,adq,liberal,1.0,1.0,0.67,0.33,1.0,0.33,0.67,0.33,0.0,,0.0,1.0,0.0,pq,bloc,0.45,0.85,0.3,0.8,0.75,0.55,0.65,0.45,0.7,0.6,0.7,0.7,0.0,1.0,0.0,,1.0,0.0,0.33,0.67,1.0,0.0,0.33,1.0,1.0,0.67,0.8,0.8,0.8,0.2,0.4,0.8,0.8,0.8,,0.8,0.4,,0.5,0.5
1080,0.7158807516098022,male,59.0,55_64,french,canadian_quebecois,college_cegep,60k_to_80k,,4,1.0,widowed,0.0,3_4_persons,0.0,children_under_18,,,eastern_quebec,type_2,0.0,0.33,0.33,0.0,0.67,0.33,0.0,1.0,pq,liberal,0.0,0.75,0.67,0.0,0.5,0.67,1.0,0.0,0.0,,0.0,0.33,1.0,adq,green,0.3,0.3,0.6,0.4,0.5,0.25,0.4,0.5,0.5,0.4,0.4,0.6,0.0,1.0,0.0,0.0,0.67,0.67,0.33,0.33,1.0,0.0,0.33,0.67,1.0,0.33,,,,0.2,0.4,0.6,0.8,0.8,0.6,0.6,0.4,0.17,0.67,0.5
1081,0.8468688726425171,male,58.0,55_64,french,canadian_quebecois,bachelor,20k_to_40k,self_employed,2,1.0,divorced_separated,1.0,2_persons,0.0,no_children,catholic,0.5,montreal,type_2,,1.0,1.0,1.0,1.0,1.0,1.0,1.0,plq,ndp,1.0,1.0,1.0,0.33,0.5,0.67,0.67,0.67,0.0,0.0,0.0,0.67,1.0,plq,ndp,1.0,0.0,0.5,0.0,0.0,1.0,0.0,0.5,,,0.0,0.5,1.0,1.0,0.0,0.0,1.0,0.67,0.33,1.0,1.0,0.67,0.67,0.67,0.67,0.33,1.0,1.0,1.0,1.0,1.0,1.0,1.0,1.0,1.0,1.0,1.0,1.0,1.0,1.0
1082,0.3556142151355743,male,65.0,55_64,french,canadian_quebecois,college_cegep,under_20k,self_employed,12,1.0,,0.0,,0.0,,,,monteregie,type_2,,,,,,,,0.0,,,,,,,,1.0,1.0,,1.0,1.0,,,,,,,,,,,,,,,,,,,,,,,,1.0,,,0.0,0.67,,,0.0,,,,,,,,,,,,,,
1083,1.956773042678833,male,54.0,45_54,french,canadian_quebecois,high_school,over_150k,employed,25,1.0,widowed,0.0,5_plus_persons,0.0,no_children,protestant,0.0,other_regions,type_2,,1.0,0.67,0.0,0.67,1.0,0.33,1.0,plq,bloc,0.33,0.75,0.0,0.0,1.0,1.0,1.0,0.0,1.0,0.0,1.0,0.67,1.0,adq,conservative,0.0,0.6,0.6,0.0,0.3,0.0,0.5,0.6,0.0,0.0,1.0,0.6,0.0,1.0,1.0,0.33,1.0,0.67,0.33,0.67,1.0,0.67,1.0,0.33,0.67,0.67,0.6,0.6,,0.6,0.6,0.6,0.8,0.8,0.8,0.6,0.6,0.67,0.67,0.67
1084,0.2995596826076507,female,27.0,25_34,french,canadian_quebecois,graduate,20k_to_40k,employed,3,1.0,divorced_separated,1.0,3_4_persons,0.0,children_18_plus,protestant,1.0,other_regions,type_2,,0.67,1.0,0.67,1.0,0.67,0.33,1.0,plq,conservative,1.0,0.75,0.33,0.33,1.0,0.33,0.0,0.33,,,0.0,0.67,0.0,pq,bloc,0.15,0.95,0.0,0.8,0.75,0.02,0.8,0.01,0.75,0.6,0.75,0.45,,1.0,0.67,1.0,1.0,0.67,0.33,0.67,1.0,0.0,0.0,0.67,0.67,0.33,0.8,0.8,0.8,0.2,0.4,0.8,0.8,0.8,0.8,0.8,0.8,0.83,0.5,0.5
1085,2.761995553970337,male,21.0,18_24,french,canadian_quebecois,bachelor,under_20k,retired,11,1.0,divorced_separated,1.0,5_plus_persons,0.0,no_children,protestant,1.0,other_regions,type_2,,0.0,1.0,0.33,1.0,1.0,0.0,1.0,plq,bloc,1.0,0.5,0.0,0.67,1.0,0.67,0.33,0.33,0.0,0.0,0.0,0.33,1.0,pq,bloc,0.0,1.0,0.25,0.4,0.3,0.0,0.8,0.0,0.25,0.15,0.75,0.6,0.0,1.0,1.0,0.33,0.67,0.0,,0.67,1.0,0.0,0.67,1.0,0.67,0.67,0.8,0.8,0.8,0.8,0.4,0.8,0.8,0.8,0.8,0.8,0.4,0.83,0.83,0.5
1086,0.926587700843811,female,32.0,25_34,french,canadian_quebecois,graduate,80k_to_100k,employed,16,1.0,divorced_separated,1.0,3_4_persons,0.0,no_children,,,other_regions,type_2,0.0,1.0,0.67,0.67,0.67,0.67,0.67,1.0,plq,,0.67,0.75,0.33,0.67,0.5,0.67,0.67,0.33,0.0,1.0,,0.33,,adq,,0.25,0.25,0.75,,,0.25,0.5,0.5,,,0.5,0.5,,,0.33,,,0.67,0.33,0.0,,,0.33,,0.67,0.33,,,,,,,0.6,,,,,0.67,0.67,0.67
1087,1.1798489093780518,female,54.0,45_54,french,canadian_quebecois,high_school,under_20k,employed,15,1.0,,,,0.0,,other_christian,0.5,monteregie,type_2,,1.0,0.33,1.0,1.0,0.67,0.33,1.0,plq,ndp,1.0,1.0,1.0,0.33,0.5,0.33,0.67,0.33,1.0,,0.0,0.33,1.0,adq,liberal,0.9,0.75,0.8,0.5,0.6,0.6,0.4,0.8,0.5,0.5,0.45,0.8,0.0,0.0,0.33,0.67,1.0,0.33,1.0,1.0,1.0,0.67,0.67,0.67,0.67,0.0,1.0,0.6,1.0,0.6,0.6,0.6,1.0,0.6,0.6,1.0,0.6,1.0,0.67,0.67
1088,0.6404670476913452,female,52.0,45_54,english,canadian_quebecois,high_school,100k_to_120k,employed,6,0.0,widowed,1.0,2_persons,0.0,children_18_plus,catholic,1.0,montreal,type_2,,1.0,0.67,0.33,1.0,0.67,1.0,1.0,plq,conservative,0.67,0.75,0.67,0.67,0.5,0.33,0.33,0.67,0.0,0.0,0.0,0.67,0.0,plq,,0.8,0.0,0.4,,,0.75,,0.4,,,0.5,0.8,0.0,1.0,0.0,0.33,1.0,0.33,1.0,1.0,0.33,0.67,0.67,0.67,1.0,0.33,1.0,1.0,1.0,1.0,1.0,1.0,1.0,1.0,1.0,1.0,1.0,1.0,1.0,1.0
1089,2.984832286834717,female,24.0,18_24,other,other,bachelor,,,13,,widowed,0.0,2_persons,1.0,no_children,catholic,1.0,montreal,type_2,,1.0,1.0,1.0,1.0,0.33,1.0,1.0,qs,liberal,,0.75,1.0,0.67,,1.0,0.67,0.0,0.0,0.0,,0.67,1.0,plq,ndp,1.0,0.4,0.78,0.7,0.67,,,,,,,,,0.0,0.67,0.67,0.33,0.0,1.0,0.33,1.0,0.67,0.33,1.0,1.0,1.0,1.0,1.0,1.0,1.0,1.0,1.0,1.0,1.0,0.8,1.0,1.0,1.0,1.0,1.0
1090,0.3431829512119293,male,59.0,55_64,english,other,bachelor,,self_employed,6,0.0,widowed,0.0,5_plus_persons,1.0,no_children,catholic,0.0,montreal,type_2,,0.67,0.33,0.33,0.33,0.33,1.0,1.0,plq,conservative,0.33,0.5,0.33,0.33,0.5,1.0,1.0,0.0,1.0,1.0,1.0,0.0,0.0,plq,ndp,0.5,,0.5,,,0.5,0.0,0.5,,,0.5,0.5,0.0,1.0,0.0,0.0,0.0,1.0,0.33,1.0,0.67,0.0,0.0,0.67,0.67,1.0,,,,,,,,1.0,1.0,,,0.17,0.17,0.67
1091,0.6322008967399597,male,62.0,55_64,french,canadian_quebecois,college_cegep,40k_to_60k,self_employed,16,1.0,widowed,,,0.0,no_children,other_christian,0.5,quebec_city,type_2,,0.67,1.0,0.67,0.67,0.67,0.33,1.0,adq,liberal,0.0,0.5,1.0,0.67,0.5,0.33,0.67,0.33,1.0,,1.0,0.67,1.0,adq,liberal,0.4,0.15,1.0,,,0.6,0.2,0.9,0.1,0.25,0.3,0.5,0.0,1.0,0.0,0.33,0.67,0.33,0.33,1.0,1.0,0.67,1.0,0.67,0.67,,0.6,0.6,0.6,0.2,0.6,0.6,0.6,0.6,0.6,0.6,0.6,0.67,0.67,0.67
1092,1.7230206727981567,female,41.0,35_44,french,canadian_quebecois,high_school,,employed,16,1.0,widowed,0.0,3_4_persons,0.0,no_children,,,other_regions,type_2,0.0,1.0,1.0,1.0,1.0,1.0,0.67,1.0,adq,liberal,1.0,1.0,1.0,1.0,0.5,0.67,0.67,0.33,1.0,1.0,1.0,0.67,0.0,pq,liberal,0.45,0.25,0.35,0.15,0.15,0.4,0.0,0.5,0.3,,0.65,0.75,,0.0,0.0,0.33,1.0,0.67,0.33,0.0,0.67,0.0,0.67,0.67,0.67,0.0,,,,0.2,,,0.8,0.8,,,,,0.67,0.67
1093,0.4079344272613525,female,62.0,55_64,french,canadian_quebecois,high_school,under_20k,unemployed,6,1.0,married,1.0,1_person,1.0,no_children,,,,type_2,0.0,1.0,1.0,1.0,0.67,0.33,0.0,1.0,plq,ndp,0.67,1.0,0.67,0.0,,0.0,0.67,0.33,1.0,0.0,0.0,0.67,,,,0.4,0.8,0.6,,,,,,,,0.2,,,1.0,1.0,,,,0.33,0.33,1.0,,0.33,0.67,0.67,0.0,1.0,0.8,0.6,0.2,0.6,0.6,0.8,0.8,0.8,0.8,0.6,1.0,0.67,0.67
1094,1.131169080734253,female,51.0,45_54,french,canadian_quebecois,high_school,under_20k,homemaker,1,1.0,widowed,,,0.0,children_under_18,other_christian,0.5,montreal,type_2,,1.0,1.0,1.0,1.0,1.0,1.0,1.0,plq,ndp,1.0,1.0,1.0,1.0,0.5,1.0,1.0,0.0,1.0,0.0,1.0,0.0,1.0,adq,liberal,0.25,0.25,0.75,,,0.25,0.1,0.75,,,0.5,0.5,0.0,,0.0,0.67,0.67,0.67,0.67,0.0,1.0,,0.33,0.0,0.33,0.0,,0.6,,,,0.6,0.6,0.6,0.6,,0.6,0.67,0.17,0.67
1095,0.7158807516098022,male,60.0,55_64,french,canadian_quebecois,bachelor,100k_to_120k,,17,1.0,single,0.0,2_persons,1.0,no_children,protestant,0.5,quebec_city,type_2,,1.0,1.0,,0.67,0.67,1.0,1.0,plq,ndp,1.0,0.75,0.33,0.33,1.0,0.67,1.0,0.0,0.0,0.0,,0.67,1.0,pq,ndp,0.0,0.8,0.6,0.0,0.5,0.0,0.6,0.8,0.0,0.0,0.4,,0.0,1.0,0.67,0.33,0.67,0.33,0.33,0.67,1.0,,0.67,0.67,0.67,0.33,0.8,0.8,0.8,0.8,,0.6,0.8,0.8,0.8,0.8,,0.67,,0.67
1096,0.7222163677215576,female,23.0,18_24,other,,bachelor,under_20k,retired,6,0.0,single,1.0,,,,catholic,0.5,montreal,type_2,,1.0,1.0,0.67,1.0,0.67,0.67,1.0,plq,bloc,1.0,1.0,1.0,0.33,0.5,0.67,0.33,0.33,0.0,0.0,,0.67,0.0,plq,,0.85,0.5,0.25,,,0.85,0.25,0.25,,,0.5,,1.0,,0.0,0.33,,0.67,,1.0,,0.33,0.33,,,,,,,,,1.0,,,1.0,,1.0,1.0,1.0,
1097,1.2381283044815063,female,44.0,35_44,english,canadian_quebecois,bachelor,over_150k,employed,7,0.0,widowed,1.0,3_4_persons,1.0,children_under_18,catholic,0.5,montreal,type_2,,1.0,1.0,0.67,0.67,0.67,1.0,1.0,adq,liberal,1.0,0.75,0.67,0.0,0.5,0.67,0.67,0.33,0.0,0.0,0.0,1.0,0.0,plq,ndp,0.75,0.0,0.5,0.0,0.25,0.85,0.25,0.5,,,0.3,0.75,1.0,1.0,0.0,0.67,0.67,0.67,0.33,1.0,1.0,0.33,1.0,0.67,1.0,0.67,1.0,1.0,1.0,0.2,1.0,1.0,1.0,1.0,1.0,,1.0,1.0,0.17,1.0
1098,1.1798489093780518,female,53.0,45_54,french,canadian_quebecois,college_cegep,over_150k,employed,16,1.0,widowed,,5_plus_persons,0.0,children_under_18,protestant,0.0,quebec_city,type_2,,1.0,0.33,0.67,0.33,0.33,0.67,1.0,qs,conservative,0.67,0.75,0.33,0.67,0.5,0.67,1.0,0.67,1.0,0.0,0.0,0.67,0.0,plq,,0.7,0.25,0.5,0.1,0.05,0.75,0.0,0.75,0.75,,0.0,0.7,1.0,1.0,0.0,0.33,1.0,0.33,0.33,0.67,1.0,0.0,0.33,1.0,1.0,0.33,1.0,1.0,1.0,,0.4,0.6,1.0,,1.0,1.0,0.6,1.0,0.5,0.67
1099,0.4079344272613525,female,60.0,55_64,french,canadian_quebecois,bachelor,20k_to_40k,employed,16,1.0,widowed,1.0,5_plus_persons,0.0,no_children,catholic,0.5,quebec_city,type_2,,1.0,0.67,0.33,0.67,0.67,1.0,1.0,plq,ndp,0.0,0.75,0.33,0.33,0.5,1.0,1.0,0.0,1.0,0.0,1.0,0.33,1.0,plq,bloc,0.65,0.2,0.4,0.6,0.5,0.75,0.3,0.1,0.4,0.5,0.1,0.7,0.0,1.0,0.0,0.0,0.33,0.67,1.0,1.0,1.0,0.33,0.67,0.33,0.33,0.67,1.0,1.0,1.0,0.2,1.0,1.0,1.0,1.0,1.0,1.0,1.0,1.0,1.0,1.0
1100,0.4079344272613525,female,61.0,55_64,french,canadian_quebecois,bachelor,40k_to_60k,,6,1.0,divorced_separated,0.0,1_person,1.0,children_under_18,catholic,0.5,montreal,type_2,,0.67,0.33,0.67,0.67,0.33,0.0,1.0,plq,conservative,1.0,0.5,0.33,0.33,0.5,0.33,0.67,0.67,0.0,0.0,0.0,1.0,1.0,plq,,1.0,0.0,0.5,0.15,0.5,0.95,0.0,0.5,0.0,0.0,0.0,0.9,1.0,0.0,0.0,0.67,1.0,0.0,0.33,1.0,0.33,0.0,1.0,0.67,0.67,1.0,1.0,1.0,1.0,0.2,,1.0,1.0,1.0,1.0,1.0,0.6,1.0,1.0,0.67
1101,0.4079344272613525,female,57.0,55_64,french,canadian_quebecois,college_cegep,,employed,13,1.0,divorced_separated,0.0,5_plus_persons,0.0,no_children,,,quebec_city,type_2,1.0,1.0,1.0,0.67,1.0,0.67,0.33,1.0,pq,ndp,0.67,0.75,0.67,1.0,,0.67,0.67,0.33,1.0,0.0,1.0,0.67,1.0,pq,ndp,0.3,0.6,0.6,0.6,0.5,0.05,0.05,0.6,0.9,0.3,,0.75,,1.0,0.33,0.67,1.0,0.33,0.67,0.33,1.0,0.0,0.33,,1.0,,0.6,0.6,0.8,0.2,0.4,0.6,0.8,0.8,0.8,0.6,0.6,,0.5,0.67
1102,0.7158807516098022,male,61.0,55_64,french,canadian_quebecois,high_school,20k_to_40k,,32,1.0,divorced_separated,1.0,3_4_persons,0.0,no_children,protestant,1.0,other_regions,type_2,,0.33,1.0,0.67,1.0,0.67,0.33,1.0,adq,other,1.0,1.0,0.67,1.0,1.0,0.33,0.67,0.33,1.0,0.0,1.0,0.67,1.0,pq,,0.0,0.95,0.5,0.05,0.05,0.0,0.9,0.5,0.05,0.05,0.0,0.75,0.0,1.0,1.0,0.67,1.0,0.0,0.67,0.67,1.0,0.0,0.0,0.67,0.67,0.67,0.8,0.8,0.8,0.8,0.8,0.6,0.8,0.8,0.8,0.8,0.6,0.83,0.83,0.67
1103,0.5248628258705139,female,58.0,55_64,french,canadian_quebecois,college_cegep,40k_to_60k,employed,5,1.0,,0.0,2_persons,1.0,no_children,other_christian,1.0,,type_2,,1.0,0.67,0.67,0.33,1.0,1.0,,plq,other,0.67,1.0,1.0,1.0,1.0,1.0,0.67,0.33,1.0,1.0,1.0,0.0,1.0,,,0.0,0.1,1.0,,,0.0,0.0,1.0,0.5,,0.4,0.5,0.0,1.0,0.0,0.67,0.67,0.33,0.33,0.33,1.0,0.67,0.67,1.0,0.67,0.0,0.6,0.6,0.6,0.6,0.6,0.6,0.6,0.6,0.6,0.6,0.6,0.67,0.67,0.67
1104,0.3911031782627105,female,59.0,55_64,french,canadian_quebecois,bachelor,40k_to_60k,self_employed,2,1.0,widowed,1.0,3_4_persons,1.0,children_under_18,,,,type_2,0.0,1.0,0.67,0.0,0.67,0.67,1.0,1.0,plq,ndp,0.0,0.0,0.67,1.0,0.5,0.0,1.0,0.33,1.0,0.0,1.0,0.33,1.0,,,0.5,0.0,0.0,0.25,0.0,0.0,0.6,0.6,0.8,1.0,0.5,0.5,0.0,1.0,0.0,0.67,0.67,0.0,0.33,0.33,1.0,0.0,0.33,0.33,0.67,0.0,,0.6,,,0.4,0.6,0.8,0.4,0.8,1.0,0.4,,0.5,0.67
1105,0.4079344272613525,female,61.0,55_64,french,canadian_quebecois,college_cegep,,employed,6,1.0,common_law,1.0,3_4_persons,0.0,no_children,other_religion,1.0,quebec_city,type_2,,0.67,0.67,1.0,0.67,0.67,1.0,1.0,plq,ndp,0.33,0.5,0.0,1.0,,0.67,0.67,0.33,1.0,0.0,,0.33,1.0,qs,ndp,0.5,0.6,0.6,0.9,0.75,0.4,0.4,0.7,0.9,,0.5,0.5,0.0,1.0,0.33,0.33,0.67,0.33,0.33,0.0,1.0,0.67,0.33,0.67,0.33,0.0,0.6,0.4,0.6,0.2,0.4,0.4,0.4,0.4,0.4,0.6,0.4,0.5,0.5,0.67
1106,0.7222163677215576,female,21.0,18_24,english,other,bachelor,under_20k,retired,6,0.0,widowed,1.0,3_4_persons,0.0,children_18_plus,catholic,0.0,montreal,type_2,,1.0,1.0,0.67,0.33,0.0,0.33,0.0,plq,other,0.33,0.75,0.67,0.67,0.5,0.67,0.33,0.33,0.0,0.0,1.0,0.33,,,,0.7,0.4,0.8,,0.5,0.5,0.7,,,,0.9,0.9,0.0,1.0,0.0,0.67,0.67,0.33,0.33,1.0,1.0,0.0,0.0,1.0,0.67,0.0,,0.6,0.6,0.6,0.6,0.6,1.0,,1.0,0.6,,0.83,1.0,0.67
1107,0.926587700843811,female,31.0,25_34,french,canadian_quebecois,college_cegep,under_20k,employed,6,1.0,widowed,1.0,1_person,1.0,no_children,catholic,0.5,montreal,type_2,,1.0,1.0,1.0,0.67,0.67,1.0,0.0,other,liberal,0.33,0.75,1.0,0.67,0.5,1.0,1.0,0.0,1.0,0.0,1.0,0.33,,,,0.7,0.0,0.5,,,0.5,,0.4,,,0.5,0.0,1.0,,0.0,,,0.33,0.33,1.0,1.0,,,0.67,0.67,0.0,,,,,,,,,,,,,,
1108,0.5029883980751038,female,25.0,18_24,english,,graduate,,retired,6,0.0,common_law,1.0,1_person,1.0,children_18_plus,catholic,0.5,montreal,type_2,,0.67,0.67,,0.67,,,0.0,plq,ndp,0.33,,,,0.5,,,0.33,0.0,0.0,,0.67,1.0,,,0.6,0.0,0.0,0.0,,0.7,0.0,,,,,,,1.0,0.0,,0.67,,,1.0,1.0,,,0.67,,0.33,1.0,1.0,,,,,,,,,,0.17,0.17,0.17
1109,2.857621908187866,male,37.0,35_44,french,canadian_quebecois,high_school,100k_to_120k,employed,7,1.0,divorced_separated,1.0,5_plus_persons,0.0,children_under_18,other_christian,0.5,quebec_city,type_2,,1.0,0.33,0.33,0.67,1.0,1.0,1.0,plq,bloc,0.67,0.75,1.0,0.67,,1.0,1.0,0.33,1.0,1.0,1.0,0.33,0.0,adq,liberal,0.7,0.6,0.9,0.1,0.0,0.4,0.4,0.9,0.1,0.0,0.25,0.5,0.0,1.0,0.67,0.33,0.67,0.67,0.33,0.33,1.0,0.67,1.0,0.67,0.33,0.0,0.6,0.8,1.0,1.0,0.6,0.6,0.6,0.8,0.6,0.6,0.6,0.67,0.67,0.67
1110,2.07050895690918,male,51.0,45_54,french,canadian_quebecois,high_school,over_150k,employed,32,1.0,divorced_separated,,2_persons,0.0,no_children,catholic,0.0,quebec_city,type_2,,0.67,0.67,0.33,0.67,0.67,1.0,1.0,adq,liberal,0.33,0.75,0.67,0.33,0.5,0.67,0.67,0.33,1.0,0.0,,0.67,0.0,plq,,0.65,0.0,0.35,0.0,,0.65,0.0,0.35,0.0,0.0,0.0,0.6,1.0,,0.0,0.33,0.67,0.0,1.0,1.0,0.33,1.0,1.0,0.67,0.67,0.33,1.0,1.0,1.0,1.0,1.0,0.6,1.0,1.0,1.0,1.0,1.0,1.0,1.0,0.67
1111,0.4079344272613525,female,60.0,55_64,french,canadian_quebecois,college_cegep,20k_to_40k,employed,6,1.0,widowed,0.0,2_persons,1.0,no_children,other_christian,1.0,outaouais,type_2,,1.0,0.67,1.0,1.0,1.0,0.33,1.0,plq,conservative,0.67,1.0,0.67,0.67,1.0,1.0,1.0,0.0,1.0,1.0,1.0,0.67,1.0,adq,conservative,0.1,0.4,0.8,0.5,0.65,0.1,0.4,0.8,0.35,0.5,0.15,0.85,0.0,1.0,0.33,0.0,0.67,1.0,0.67,0.33,1.0,0.67,1.0,0.67,0.67,0.67,0.6,0.6,0.6,0.2,0.6,0.6,0.8,0.8,0.6,0.6,0.6,0.67,0.67,0.67
1112,3.865570783615112,female,38.0,35_44,other,other,graduate,under_20k,unemployed,6,,married,0.0,1_person,1.0,no_children,,,monteregie,type_2,0.0,1.0,1.0,1.0,0.67,1.0,1.0,1.0,plq,ndp,1.0,1.0,1.0,1.0,,0.67,1.0,0.0,1.0,1.0,1.0,0.33,0.0,,,0.1,0.0,0.1,0.2,,0.1,0.0,0.3,0.8,,0.5,0.7,0.0,1.0,0.0,0.67,0.33,1.0,1.0,0.0,0.67,,0.33,1.0,0.33,0.0,,,,,,0.6,,,,,,0.17,0.17,0.67
1113,0.926587700843811,female,29.0,25_34,french,canadian_quebecois,graduate,under_20k,employed,16,1.0,widowed,1.0,3_4_persons,1.0,no_children,protestant,0.5,other_regions,type_2,,0.67,1.0,0.0,0.67,0.0,0.0,1.0,,liberal,0.67,0.5,0.33,0.67,1.0,0.67,0.67,0.33,1.0,0.0,0.0,0.67,1.0,pq,bloc,0.0,1.0,0.6,0.9,0.9,0.05,0.95,0.6,,,0.75,0.95,0.0,0.0,0.67,0.33,1.0,0.33,0.33,0.67,1.0,0.0,0.33,0.67,0.67,,0.8,0.8,,0.2,0.4,0.8,0.8,0.8,0.8,,0.8,0.83,0.83,0.83
1114,0.926587700843811,female,27.0,25_34,french,canadian_quebecois,high_school,,retired,15,1.0,divorced_separated,0.0,3_4_persons,1.0,no_children,protestant,1.0,other_regions,type_2,,1.0,1.0,0.67,1.0,0.67,0.33,1.0,plq,other,0.67,1.0,1.0,1.0,1.0,0.67,0.67,0.0,1.0,0.0,1.0,0.0,1.0,pq,ndp,0.0,0.8,0.5,0.02,,0.0,0.7,0.8,0.0,0.0,0.95,0.05,0.0,1.0,0.33,0.33,0.67,0.33,0.67,0.67,1.0,0.67,0.0,0.33,0.67,0.0,,0.6,0.8,0.8,0.8,0.8,0.8,0.8,0.8,0.8,,0.83,0.67,0.83
1115,1.5382611751556396,male,65.0,55_64,french,canadian_quebecois,high_school,under_20k,,26,1.0,widowed,0.0,2_persons,1.0,no_children,protestant,0.5,other_regions,type_2,,1.0,1.0,1.0,1.0,0.67,0.67,1.0,adq,liberal,1.0,1.0,0.67,1.0,1.0,,0.67,0.33,1.0,0.0,0.0,0.67,1.0,pq,green,0.6,0.9,0.3,0.7,0.8,0.5,0.75,0.6,0.75,0.8,0.5,0.7,1.0,0.0,0.33,0.67,1.0,0.0,0.67,0.67,1.0,0.0,0.33,0.33,1.0,0.33,0.8,0.8,0.8,0.2,0.4,0.8,0.8,0.8,0.6,0.8,0.8,0.17,0.83,0.67
1116,1.7611688375473022,female,23.0,18_24,french,canadian_quebecois,college_cegep,20k_to_40k,,25,1.0,divorced_separated,1.0,,0.0,no_children,,,other,type_2,1.0,1.0,1.0,0.33,1.0,0.33,1.0,0.0,other,other,1.0,1.0,1.0,1.0,0.0,1.0,0.67,0.0,1.0,1.0,1.0,0.0,1.0,,,0.25,0.75,0.8,,0.7,0.05,0.5,0.75,,,0.8,0.8,0.0,1.0,0.33,0.67,0.0,0.67,0.67,0.67,1.0,0.0,0.67,0.33,0.33,1.0,0.6,0.6,0.8,0.2,0.6,,0.6,0.8,,,,0.67,0.33,0.67
1117,1.828485131263733,male,47.0,45_54,french,canadian_quebecois,college_cegep,60k_to_80k,employed,16,1.0,divorced_separated,0.0,3_4_persons,0.0,no_children,protestant,0.5,other_regions,type_2,,0.67,0.67,0.33,0.67,0.33,0.67,1.0,plq,conservative,0.33,0.0,1.0,0.33,1.0,0.33,0.67,0.33,0.0,,0.0,0.67,1.0,pq,ndp,0.5,0.8,0.6,0.0,0.3,0.2,0.6,0.6,0.3,0.3,0.8,0.75,0.0,1.0,0.67,0.33,1.0,0.67,0.33,0.67,1.0,0.0,0.33,0.67,1.0,0.33,0.6,0.8,1.0,0.8,0.6,0.6,0.8,0.8,0.8,,,1.0,0.67,0.67
1118,1.330445408821106,female,24.0,18_24,french,canadian_quebecois,bachelor,60k_to_80k,employed,6,1.0,widowed,1.0,5_plus_persons,0.0,no_children,protestant,1.0,other_regions,type_2,,0.67,0.67,0.67,1.0,0.33,0.0,1.0,other,liberal,0.67,0.75,0.67,0.67,1.0,0.67,0.67,0.0,1.0,0.0,,0.33,1.0,pq,green,0.0,0.9,0.0,0.87,0.87,0.02,0.75,0.0,0.7,0.74,0.75,0.75,0.0,1.0,1.0,,0.67,0.0,,0.67,1.0,0.0,0.0,0.33,0.33,0.33,0.8,0.8,0.8,0.2,0.8,0.8,0.8,0.8,0.8,0.8,0.8,0.17,0.83,1.0
1119,1.2265689373016355,female,27.0,25_34,french,canadian_quebecois,high_school,under_20k,employed,24,1.0,widowed,1.0,3_4_persons,0.0,no_children,,,outaouais,type_2,0.0,0.67,1.0,0.33,0.67,0.67,0.33,1.0,plq,conservative,1.0,0.5,0.67,0.33,0.5,0.67,0.67,0.33,1.0,1.0,,0.67,1.0,adq,green,0.3,0.3,0.6,,0.2,0.4,0.3,0.5,,,0.7,0.6,,,0.0,0.67,0.33,0.67,0.33,0.33,,,0.67,0.33,0.67,0.0,,0.6,,0.2,0.6,0.6,,,,,,0.17,0.17,0.17
1120,0.6765576601028442,male,63.0,55_64,french,canadian_quebecois,bachelor,under_20k,self_employed,24,1.0,divorced_separated,1.0,3_4_persons,0.0,children_under_18,protestant,0.5,other_regions,type_2,,0.67,0.67,0.0,0.67,0.67,0.0,1.0,plq,bloc,1.0,0.75,0.67,0.67,1.0,0.67,0.67,0.33,0.0,0.0,1.0,0.33,1.0,pq,green,0.1,0.8,0.01,0.4,0.5,0.05,0.7,0.01,0.2,0.3,0.5,0.6,0.0,1.0,0.33,0.33,0.67,0.33,0.67,0.67,1.0,0.0,0.0,1.0,1.0,0.33,0.8,0.8,0.8,0.8,0.8,0.8,0.8,0.8,0.8,0.8,0.8,0.83,0.33,0.5
1121,0.6322008967399597,male,62.0,55_64,french,canadian_quebecois,bachelor,over_150k,self_employed,14,1.0,widowed,1.0,2_persons,0.0,children_18_plus,protestant,0.5,quebec_city,type_2,,1.0,1.0,0.33,0.33,0.0,0.33,1.0,plq,conservative,0.67,0.75,0.67,0.0,1.0,0.33,0.67,1.0,,,0.0,1.0,,pq,bloc,0.49,0.75,0.43,0.51,0.4,0.6,0.78,0.48,0.7,0.5,0.8,0.79,1.0,,0.33,0.67,0.67,0.67,0.33,0.67,1.0,0.0,0.33,1.0,1.0,0.0,1.0,0.8,,,0.8,0.6,0.8,0.8,,0.8,0.6,0.83,0.0,0.67
1122,0.4079344272613525,female,61.0,55_64,french,canadian_quebecois,bachelor,20k_to_40k,self_employed,6,1.0,widowed,1.0,,,children_under_18,catholic,0.5,outaouais,type_2,,1.0,0.67,0.33,1.0,1.0,0.33,1.0,adq,liberal,1.0,0.5,0.0,0.0,0.5,0.67,0.67,0.67,0.0,0.0,0.0,1.0,1.0,plq,green,0.9,0.0,0.5,0.5,0.6,0.9,0.0,0.5,,0.3,0.7,,0.0,1.0,0.0,0.67,1.0,0.33,0.33,1.0,1.0,0.0,0.0,0.67,0.67,0.33,1.0,1.0,1.0,0.2,,,1.0,1.0,,1.0,,1.0,,0.67
1123,2.2808401584625244,female,35.0,25_34,french,canadian_quebecois,bachelor,20k_to_40k,,26,1.0,divorced_separated,1.0,,1.0,no_children,other_christian,0.5,quebec_city,type_2,,1.0,0.67,0.67,0.67,1.0,0.67,1.0,adq,conservative,0.33,0.75,0.67,0.67,1.0,1.0,1.0,0.0,1.0,1.0,1.0,0.33,1.0,adq,,0.25,0.45,0.9,0.65,0.65,0.55,0.65,1.0,,,0.0,0.6,1.0,,0.67,0.33,0.0,0.67,0.67,0.0,1.0,0.0,0.67,0.33,0.33,,0.6,0.6,,0.2,,0.6,0.6,0.6,0.6,0.6,0.6,0.67,0.67,0.67
1124,0.926587700843811,female,30.0,25_34,french,canadian_quebecois,college_cegep,,employed,15,1.0,divorced_separated,1.0,3_4_persons,0.0,no_children,,,other_regions,type_2,,0.67,0.33,0.33,0.67,0.33,0.33,1.0,plq,ndp,0.33,0.5,0.33,0.33,,0.67,0.67,0.33,1.0,0.0,1.0,0.33,1.0,adq,green,0.5,0.5,0.51,0.4,0.5,0.5,0.4,0.6,,,0.5,0.8,,1.0,0.0,0.33,0.33,0.67,0.33,0.33,0.33,0.33,0.67,0.33,0.33,0.0,,,,0.2,,,,0.8,0.6,,,,,
1125,3.865570783615112,female,42.0,35_44,other,other,college_cegep,40k_to_60k,employed,13,1.0,widowed,0.0,3_4_persons,1.0,no_children,other_christian,0.5,quebec_city,type_2,,1.0,0.67,1.0,1.0,0.67,1.0,1.0,adq,liberal,1.0,1.0,0.67,1.0,0.5,0.67,1.0,0.0,1.0,1.0,1.0,0.33,1.0,adq,liberal,0.2,0.2,0.7,,,0.7,0.3,0.8,,,0.5,0.75,1.0,0.0,0.0,0.67,0.0,0.33,0.33,0.0,0.33,,0.67,0.33,0.67,0.0,,,0.6,1.0,,0.6,0.6,0.6,,,0.6,1.0,0.67,0.67
1126,0.6765576601028442,male,56.0,55_64,french,canadian_quebecois,high_school,40k_to_60k,student,24,1.0,widowed,1.0,2_persons,0.0,children_under_18,protestant,0.5,other_regions,type_2,,1.0,0.67,0.67,1.0,0.67,0.67,1.0,plq,bloc,1.0,0.75,0.67,1.0,1.0,0.67,0.67,0.33,1.0,0.0,0.0,0.67,0.0,pq,ndp,,,,,,,,,,,,0.7,0.0,1.0,0.33,0.33,0.67,0.67,0.33,0.33,1.0,0.33,0.33,0.67,0.67,0.33,0.6,0.6,1.0,0.6,0.6,0.8,0.8,0.8,0.8,0.6,0.6,0.0,0.67,0.67
1127,0.6322008967399597,male,56.0,55_64,french,canadian_quebecois,bachelor,80k_to_100k,employed,16,1.0,widowed,1.0,5_plus_persons,0.0,no_children,catholic,0.5,other_regions,type_2,,1.0,0.67,0.0,0.67,0.67,0.0,1.0,pq,liberal,1.0,0.0,0.33,1.0,0.5,0.67,1.0,0.0,1.0,1.0,1.0,0.33,1.0,plq,ndp,0.9,0.0,0.9,0.0,0.25,0.8,0.0,0.8,0.0,,0.5,1.0,0.0,1.0,0.0,0.67,0.0,1.0,1.0,1.0,1.0,0.0,1.0,0.33,0.67,1.0,1.0,0.6,1.0,1.0,1.0,0.6,1.0,0.6,1.0,0.6,0.6,1.0,0.67,0.67
1128,3.865570783615112,female,38.0,35_44,other,other,bachelor,80k_to_100k,employed,6,0.0,widowed,1.0,3_4_persons,0.0,children_18_plus,catholic,0.0,outaouais,type_2,,1.0,1.0,1.0,1.0,1.0,1.0,1.0,adq,conservative,0.0,1.0,1.0,1.0,0.5,0.67,1.0,0.0,1.0,1.0,1.0,0.0,1.0,,,0.5,0.0,0.5,,0.75,0.5,0.2,0.5,,,0.0,0.8,0.0,1.0,0.0,0.67,0.33,0.67,0.67,1.0,0.67,0.67,0.67,0.67,0.67,0.67,,,,0.2,,0.6,0.4,0.8,,,,0.17,0.17,0.17
1129,2.216895818710327,female,43.0,35_44,french,canadian_quebecois,high_school,40k_to_60k,employed,4,1.0,widowed,1.0,5_plus_persons,0.0,no_children,protestant,1.0,other_regions,type_2,,0.67,0.33,0.33,0.33,0.67,0.67,1.0,plq,ndp,0.67,0.75,0.33,0.33,1.0,0.67,1.0,0.0,1.0,1.0,1.0,0.67,0.0,pq,ndp,0.2,0.8,0.7,0.6,0.4,0.1,0.6,0.5,0.5,,0.7,0.6,,,0.67,0.67,,0.67,0.33,0.67,1.0,0.0,0.33,0.33,0.33,0.0,0.8,0.8,0.8,0.8,0.4,0.4,0.8,0.8,0.8,0.8,0.4,0.83,0.5,0.5
1130,0.6322008967399597,male,59.0,55_64,french,canadian_quebecois,bachelor,over_150k,,6,0.0,widowed,1.0,2_persons,0.0,children_under_18,catholic,0.5,montreal,type_2,,0.67,0.33,0.33,0.67,0.67,1.0,1.0,plq,ndp,1.0,0.5,0.67,0.33,0.5,0.0,0.33,0.67,0.0,,0.0,0.67,1.0,adq,liberal,0.65,0.25,0.75,0.05,0.05,0.75,0.05,0.75,0.05,,0.5,0.8,1.0,1.0,0.0,0.67,0.67,0.33,1.0,1.0,1.0,1.0,0.33,0.67,1.0,1.0,1.0,1.0,1.0,0.6,0.6,0.6,0.8,0.8,1.0,1.0,0.6,1.0,0.67,0.67
1131,0.6404670476913452,female,46.0,45_54,english,canadian_quebecois,bachelor,over_150k,employed,16,0.0,widowed,1.0,3_4_persons,1.0,no_children,catholic,0.0,montreal,type_2,,1.0,0.67,0.67,1.0,0.67,0.67,1.0,adq,conservative,1.0,0.75,0.67,0.67,0.5,1.0,1.0,0.0,1.0,1.0,1.0,0.33,1.0,plq,green,0.8,0.0,0.5,0.0,0.9,,,,,,0.4,0.8,0.0,,0.0,,0.67,0.0,0.33,1.0,0.67,,0.67,,1.0,0.0,1.0,1.0,1.0,0.2,,,0.8,0.8,1.0,,,1.0,0.17,0.17
1132,0.4079344272613525,female,59.0,55_64,french,canadian_quebecois,high_school,20k_to_40k,self_employed,16,1.0,widowed,0.0,5_plus_persons,1.0,children_under_18,catholic,0.5,quebec_city,type_2,,0.67,0.67,0.67,0.67,1.0,1.0,1.0,adq,liberal,1.0,0.5,0.33,1.0,0.5,0.67,1.0,0.33,1.0,0.0,1.0,0.67,0.0,plq,ndp,0.9,0.05,0.6,0.05,0.07,0.85,0.25,0.6,0.4,,0.5,0.8,1.0,0.0,0.0,0.33,0.67,0.33,0.33,1.0,,0.33,0.67,0.67,1.0,0.33,0.6,1.0,1.0,,0.6,0.6,1.0,0.8,1.0,1.0,0.6,1.0,0.5,0.5
1133,0.7158807516098022,male,60.0,55_64,french,canadian_quebecois,high_school,40k_to_60k,employed,4,1.0,divorced_separated,0.0,1_person,1.0,no_children,other_christian,1.0,quebec_city,type_2,,1.0,1.0,1.0,0.33,1.0,0.0,1.0,plq,ndp,0.0,0.75,1.0,0.0,0.5,1.0,1.0,0.0,1.0,0.0,1.0,0.33,1.0,adq,,,,,,,0.0,0.0,1.0,,,0.0,1.0,0.0,0.0,0.0,0.67,0.67,1.0,0.33,1.0,1.0,0.0,0.0,0.67,0.67,1.0,0.6,0.6,0.6,0.2,0.6,0.6,0.6,0.6,0.6,0.6,0.6,0.67,0.67,0.67
1134,0.3431829512119293,male,59.0,55_64,english,canadian_quebecois,graduate,,employed,6,0.0,common_law,0.0,2_persons,0.0,both,,,montreal,type_2,1.0,1.0,1.0,1.0,0.67,0.33,0.33,1.0,adq,conservative,0.0,0.75,0.0,0.0,0.5,0.0,0.33,0.67,0.0,,0.0,0.67,0.0,,green,0.7,0.43,0.03,0.4,0.67,0.6,0.47,0.03,0.4,0.5,0.78,0.79,0.0,0.0,0.0,0.33,1.0,0.0,1.0,1.0,1.0,0.0,0.67,0.67,1.0,0.33,,,1.0,,1.0,0.8,1.0,1.0,1.0,1.0,,1.0,,0.17
1135,5.990713596343994,male,35.0,25_34,other,other,graduate,over_150k,employed,16,0.0,single,1.0,2_persons,0.0,both,catholic,0.5,monteregie,type_2,,1.0,0.33,0.0,0.0,1.0,1.0,0.0,plq,ndp,1.0,0.5,0.0,0.67,0.5,0.33,0.33,0.33,0.0,0.0,0.0,0.67,0.0,,,0.82,0.01,0.66,,,0.83,0.3,0.7,,,0.01,0.87,0.0,1.0,0.0,0.67,0.33,0.33,0.67,1.0,0.67,0.33,1.0,0.67,0.33,0.67,0.6,1.0,1.0,0.2,0.8,1.0,1.0,1.0,1.0,0.6,1.0,1.0,1.0,0.67
1136,1.5367439985275269,male,32.0,25_34,french,canadian_quebecois,college_cegep,over_150k,employed,25,1.0,widowed,1.0,3_4_persons,0.0,children_under_18,other_christian,0.5,other_regions,type_2,,0.67,0.33,0.33,0.67,0.33,0.33,1.0,pq,liberal,0.33,0.5,0.33,0.67,1.0,0.67,0.67,0.0,0.0,0.0,1.0,0.67,1.0,adq,,0.0,0.4,0.8,,,0.2,0.1,0.6,,,0.1,0.5,1.0,1.0,0.0,0.0,0.67,1.0,0.67,0.0,1.0,0.33,1.0,0.67,0.33,0.0,0.6,,,0.2,,,0.8,,0.8,,,1.0,0.67,0.67
1137,2.857621908187866,male,39.0,35_44,french,canadian_quebecois,bachelor,over_150k,employed,7,1.0,widowed,0.0,5_plus_persons,0.0,no_children,,,quebec_city,type_2,0.0,1.0,0.33,0.33,1.0,1.0,1.0,1.0,plq,bloc,0.67,0.5,0.33,0.33,1.0,1.0,1.0,0.0,0.0,0.0,1.0,0.0,1.0,adq,liberal,0.25,0.25,0.25,0.0,0.1,0.2,0.2,0.3,,,0.0,0.7,1.0,0.0,,0.0,1.0,1.0,0.33,0.67,1.0,1.0,1.0,0.0,0.67,1.0,1.0,0.8,,0.2,0.4,0.6,0.8,0.8,,0.6,0.6,0.67,0.17,0.67
1138,1.1798489093780518,female,52.0,45_54,french,canadian_quebecois,bachelor,60k_to_80k,employed,16,1.0,divorced_separated,1.0,2_persons,0.0,no_children,protestant,0.0,eastern_quebec,type_2,,0.67,0.67,0.0,0.33,0.33,0.0,1.0,adq,liberal,0.33,0.0,1.0,0.67,0.5,0.0,0.67,0.33,1.0,1.0,1.0,0.67,1.0,adq,green,0.1,0.5,0.75,0.0,0.75,0.1,0.5,0.75,0.0,0.75,0.5,0.25,0.0,1.0,0.33,0.67,0.33,0.67,0.33,0.33,1.0,0.67,0.67,0.33,0.33,0.33,0.6,0.6,0.6,0.2,0.4,0.6,0.8,0.8,0.6,0.6,0.6,0.17,0.67,0.67
1139,0.4079344272613525,female,58.0,55_64,french,canadian_quebecois,high_school,20k_to_40k,homemaker,15,1.0,common_law,1.0,,0.0,,,,other,type_2,0.0,1.0,1.0,0.67,0.67,,0.67,1.0,other,liberal,0.67,1.0,1.0,0.0,0.5,1.0,1.0,0.33,1.0,0.0,,0.33,1.0,adq,green,0.1,0.1,0.85,0.5,0.5,0.0,0.1,1.0,0.19,,0.0,0.0,,0.0,0.33,0.0,,0.33,,0.0,,,,,,0.0,0.6,0.6,0.6,0.2,0.6,0.6,0.6,0.4,0.6,0.6,0.6,0.67,0.67,0.67
1140,0.5570399761199951,female,38.0,35_44,french,canadian_quebecois,college_cegep,80k_to_100k,employed,12,1.0,widowed,0.0,3_4_persons,1.0,no_children,protestant,0.5,quebec_city,type_2,,0.67,1.0,0.67,0.67,0.33,0.0,1.0,plq,other,0.67,0.75,0.67,0.0,1.0,0.67,0.67,0.33,1.0,,0.0,0.33,,pq,liberal,0.6,0.95,0.2,,0.25,0.7,0.98,0.02,0.05,,0.0,0.75,0.0,,0.67,0.0,0.67,0.0,0.33,0.67,1.0,0.67,0.33,0.67,0.67,0.0,0.8,0.8,0.8,0.2,0.4,0.8,0.8,0.8,0.8,0.8,0.6,0.67,0.83,0.67
1141,0.2214419990777969,female,60.0,55_64,english,other,bachelor,20k_to_40k,self_employed,6,0.0,widowed,1.0,5_plus_persons,1.0,children_18_plus,no_religion,1.0,eastern_quebec,type_2,,1.0,0.67,0.67,1.0,0.33,0.33,1.0,adq,conservative,0.67,0.75,1.0,0.67,0.5,0.67,1.0,0.33,1.0,1.0,1.0,0.67,0.0,other,,0.4,0.0,0.0,0.0,0.8,0.5,0.0,0.0,0.0,0.75,0.3,0.4,0.0,1.0,0.0,0.67,1.0,0.0,1.0,1.0,1.0,0.67,0.0,0.67,0.33,0.0,0.2,0.2,0.2,0.2,0.2,0.2,0.2,0.2,0.2,,0.2,0.33,0.33,0.33
1142,0.1318823248147964,female,60.0,55_64,french,canadian_quebecois,bachelor,under_20k,self_employed,3,1.0,widowed,1.0,5_plus_persons,0.0,children_18_plus,protestant,0.5,outaouais,type_2,,0.67,1.0,0.67,1.0,0.33,0.0,1.0,plq,ndp,0.33,1.0,0.67,0.33,1.0,0.33,0.67,0.33,1.0,,1.0,0.33,1.0,adq,bloc,0.4,0.7,0.7,0.8,0.8,0.0,0.5,0.8,0.8,,0.4,0.7,0.0,1.0,0.33,0.67,1.0,,1.0,0.67,1.0,0.33,0.67,0.67,0.67,0.33,0.6,0.6,,0.2,0.4,0.4,0.8,0.6,0.6,,0.4,0.17,0.5,0.67
1143,0.4079344272613525,female,63.0,55_64,french,canadian_quebecois,college_cegep,20k_to_40k,employed,6,1.0,divorced_separated,0.0,2_persons,1.0,no_children,protestant,1.0,other_regions,type_2,,1.0,0.67,0.33,0.67,0.67,0.33,1.0,plq,ndp,1.0,0.75,0.67,0.33,1.0,0.33,0.67,0.33,1.0,0.0,1.0,0.67,0.0,pq,ndp,0.25,0.5,0.75,,,0.2,0.25,0.75,,,0.0,0.5,0.0,1.0,0.67,0.33,0.67,0.67,0.33,0.33,1.0,0.0,0.67,0.67,0.33,0.33,0.6,0.8,0.6,0.2,0.6,0.6,0.8,0.8,0.8,0.6,0.6,0.67,0.67,0.67
1144,0.4079344272613525,female,55.0,45_54,french,canadian_quebecois,college_cegep,20k_to_40k,employed,16,1.0,widowed,1.0,3_4_persons,0.0,no_children,protestant,1.0,other_regions,type_2,,0.67,0.33,0.33,0.67,0.67,0.0,1.0,plq,ndp,0.67,0.75,0.67,1.0,1.0,0.67,0.67,0.33,0.0,,,0.33,0.0,pq,,0.12,0.8,0.04,0.04,,0.02,0.56,0.02,0.06,,0.72,0.44,0.0,1.0,1.0,1.0,,0.0,0.33,0.67,,0.0,0.0,0.33,0.0,0.0,0.4,0.8,,0.2,0.4,0.6,0.8,0.8,0.8,,0.4,0.17,0.5,0.67
1145,1.2265689373016355,female,25.0,18_24,french,canadian_quebecois,bachelor,under_20k,employed,26,1.0,widowed,1.0,5_plus_persons,0.0,no_children,protestant,0.5,other_regions,type_2,,0.67,1.0,0.33,1.0,0.67,0.0,1.0,other,liberal,1.0,0.75,0.67,1.0,1.0,0.33,0.33,0.33,1.0,0.0,1.0,0.33,0.0,pq,bloc,0.0,0.9,0.0,0.85,0.75,0.0,0.8,0.25,0.8,0.75,0.7,0.7,0.0,1.0,1.0,0.33,0.67,0.33,,0.67,1.0,0.0,0.0,0.67,0.33,0.0,,0.8,0.8,0.2,0.4,0.8,0.8,0.8,0.8,,0.4,,0.5,0.5
1146,0.1564060449600219,male,62.0,55_64,french,canadian_quebecois,bachelor,40k_to_60k,,3,1.0,divorced_separated,0.0,2_persons,1.0,no_children,catholic,0.5,quebec_city,type_2,,0.33,0.33,,0.67,0.67,1.0,1.0,adq,liberal,1.0,0.5,0.33,0.33,0.5,0.33,0.67,0.67,0.0,,0.0,1.0,1.0,plq,ndp,0.75,0.0,0.4,0.0,0.0,0.9,0.0,0.5,0.0,,0.6,1.0,0.0,1.0,0.0,0.67,0.67,0.67,1.0,1.0,0.33,0.33,0.67,0.67,1.0,0.67,1.0,1.0,1.0,1.0,1.0,1.0,1.0,1.0,1.0,1.0,1.0,1.0,1.0,1.0
1147,1.7117935419082642,female,23.0,18_24,french,canadian_quebecois,high_school,under_20k,student,4,1.0,widowed,1.0,5_plus_persons,0.0,both,protestant,0.5,other_regions,type_2,,0.67,0.67,0.33,1.0,0.33,0.33,1.0,other,liberal,0.67,0.5,0.67,0.67,1.0,0.67,1.0,0.0,1.0,0.0,1.0,0.33,1.0,pq,green,0.1,1.0,0.8,0.8,0.9,0.1,0.95,0.8,,,,0.5,1.0,,1.0,1.0,0.0,0.0,0.33,0.67,,,0.67,,0.0,0.0,0.8,0.8,0.8,0.8,0.8,0.8,0.8,0.8,0.8,0.8,0.8,0.83,0.83,0.83
1148,0.6322008967399597,male,57.0,55_64,french,canadian_quebecois,graduate,60k_to_80k,employed,6,1.0,widowed,1.0,2_persons,0.0,children_under_18,,,quebec_city,type_2,1.0,1.0,1.0,0.0,1.0,0.67,0.33,1.0,plq,ndp,0.33,0.5,0.67,0.67,0.5,0.67,0.67,0.33,,,0.0,0.67,1.0,plq,ndp,0.45,0.45,0.45,0.25,0.25,0.4,0.3,0.5,0.25,0.15,0.5,0.7,1.0,1.0,0.33,0.33,0.67,0.33,0.67,0.67,0.33,0.0,0.67,0.67,0.67,0.33,,,,0.2,0.4,,,0.8,,1.0,0.6,1.0,0.67,0.67
1149,1.6519296169281006,female,36.0,35_44,french,canadian_quebecois,bachelor,40k_to_60k,employed,1,1.0,divorced_separated,1.0,3_4_persons,0.0,no_children,other_christian,0.5,other_regions,type_2,,1.0,1.0,0.67,0.33,0.67,0.33,1.0,plq,other,0.67,0.75,1.0,0.67,,,0.67,0.33,1.0,0.0,,0.67,1.0,adq,,0.2,0.5,0.7,,,0.1,0.3,0.7,,,0.5,0.5,1.0,,,1.0,0.67,0.33,0.33,0.33,1.0,,0.67,0.67,0.67,0.33,0.6,0.6,,0.6,0.6,0.6,0.8,0.8,0.6,,0.6,0.67,0.67,0.67
1150,2.670271873474121,male,35.0,25_34,french,other_european,college_cegep,under_20k,student,6,1.0,single,,,,,,,,type_2,,0.67,1.0,1.0,1.0,1.0,1.0,1.0,adq,bloc,1.0,1.0,1.0,1.0,0.5,0.33,0.67,0.67,0.0,0.0,0.0,0.67,,,,,,,,,,,,,,,,0.0,,,,,,0.33,,,,0.67,0.67,0.33,0.67,,,,0.2,,,,,,,,0.67,,
1151,0.1564060449600219,male,60.0,55_64,french,canadian_quebecois,high_school,,self_employed,3,1.0,divorced_separated,0.0,3_4_persons,0.0,no_children,,,,type_2,0.0,1.0,0.67,0.33,0.67,0.33,0.33,1.0,plq,conservative,0.33,0.5,0.33,1.0,0.5,0.67,1.0,0.33,1.0,0.0,0.0,0.33,1.0,,,0.6,0.5,0.55,0.0,0.0,0.6,0.4,0.55,0.0,0.0,0.5,1.0,0.0,1.0,0.0,0.33,0.67,0.67,0.67,1.0,1.0,0.0,0.0,0.67,0.67,0.67,,,,,,0.6,1.0,,,,,0.17,0.17,0.67
1152,1.131169080734253,female,50.0,45_54,french,canadian_quebecois,high_school,under_20k,employed,11,1.0,widowed,,1_person,0.0,both,,,monteregie,type_2,1.0,1.0,0.67,1.0,1.0,0.67,0.33,1.0,adq,liberal,0.33,1.0,1.0,0.67,,0.67,1.0,0.0,1.0,1.0,1.0,0.67,1.0,pq,green,0.5,0.5,0.5,,0.5,0.5,0.5,0.5,,,0.75,0.8,0.0,1.0,0.33,,1.0,0.67,0.33,0.0,,,0.0,0.67,0.67,0.0,,,,,,,0.8,0.8,,,,,,
1153,0.6322008967399597,male,63.0,55_64,french,canadian_quebecois,bachelor,40k_to_60k,self_employed,16,1.0,widowed,,,0.0,no_children,protestant,0.5,other_regions,type_2,,1.0,1.0,0.33,0.67,0.67,0.0,1.0,adq,liberal,0.67,0.5,0.33,0.33,1.0,0.67,0.67,0.33,1.0,0.0,,,1.0,pq,ndp,0.2,0.6,0.6,0.2,0.6,0.3,0.3,0.6,0.5,0.5,0.8,0.7,0.0,1.0,,,0.67,,0.33,0.67,1.0,0.0,,0.67,,0.33,,,,0.2,0.4,0.6,0.8,0.8,,,0.4,,0.5,0.5
1154,1.4359921216964722,male,27.0,25_34,french,canadian_quebecois,college_cegep,under_20k,employed,6,1.0,widowed,1.0,5_plus_persons,0.0,children_under_18,,,eastern_quebec,type_2,1.0,0.67,1.0,0.67,0.67,0.33,0.33,0.0,plq,ndp,1.0,0.75,0.67,0.0,1.0,0.67,0.67,0.33,1.0,0.0,1.0,0.33,1.0,,,0.3,0.8,0.1,0.75,0.7,0.0,0.7,0.0,,,,0.3,,,0.67,0.33,0.33,0.33,0.67,0.67,1.0,0.0,,0.33,0.33,0.0,0.8,0.8,0.8,0.2,0.4,,0.8,0.4,0.6,1.0,0.4,0.17,,
1155,0.3911031782627105,female,58.0,55_64,french,canadian_quebecois,college_cegep,20k_to_40k,employed,11,1.0,widowed,1.0,,1.0,no_children,protestant,0.5,other_regions,type_2,,1.0,1.0,1.0,0.67,1.0,0.67,1.0,plq,bloc,1.0,1.0,0.33,1.0,1.0,1.0,1.0,0.33,1.0,0.0,1.0,0.33,1.0,pq,,0.0,0.85,0.5,0.6,0.2,0.05,0.75,0.6,0.4,,1.0,0.0,0.0,1.0,0.33,0.33,1.0,0.67,0.67,0.67,1.0,0.0,0.0,,1.0,0.0,0.8,0.8,,0.2,0.4,0.6,0.8,0.4,,,,0.67,0.67,0.67
1156,0.4822344183921814,female,32.0,25_34,other,canadian_quebecois,high_school,,employed,1,1.0,common_law,1.0,,1.0,,other_christian,0.5,,type_2,,1.0,1.0,,1.0,1.0,1.0,1.0,plq,conservative,,1.0,1.0,,0.0,1.0,1.0,0.0,,1.0,,0.67,1.0,adq,,,,1.0,,,0.0,,1.0,,,0.0,,,,,,,1.0,,,,,,,1.0,0.0,,,,,,,,0.6,0.6,,0.6,0.67,0.67,0.67
1157,1.627670168876648,male,65.0,55_64,french,canadian_quebecois,bachelor,20k_to_40k,self_employed,4,1.0,divorced_separated,0.0,3_4_persons,0.0,children_under_18,other_christian,0.5,outaouais,type_2,,1.0,1.0,0.67,1.0,0.67,0.33,1.0,plq,ndp,0.33,0.75,1.0,0.67,0.5,0.33,0.33,0.33,1.0,0.0,1.0,0.67,0.0,adq,liberal,0.4,0.1,0.8,0.05,0.2,0.4,0.1,0.8,0.1,0.1,0.6,0.7,1.0,0.0,0.0,0.67,0.33,0.33,0.67,1.0,1.0,0.33,0.67,0.33,0.33,0.33,0.6,0.6,0.6,0.6,0.6,0.6,0.6,0.6,0.6,0.6,0.6,0.67,0.67,0.67
1158,1.1798489093780518,female,48.0,45_54,french,canadian_quebecois,college_cegep,60k_to_80k,employed,16,1.0,widowed,1.0,5_plus_persons,1.0,no_children,other_christian,1.0,other_regions,type_2,,0.67,0.67,0.33,0.33,0.33,0.67,1.0,plq,,1.0,0.75,0.67,0.67,0.5,1.0,0.33,0.0,1.0,1.0,1.0,0.33,1.0,adq,conservative,0.0,0.6,1.0,,,0.0,1.0,1.0,,,0.0,0.5,0.0,,1.0,0.33,0.67,0.33,0.33,0.67,1.0,,1.0,0.67,0.33,0.0,0.8,0.6,0.6,0.8,0.6,0.6,0.8,0.6,0.8,1.0,0.6,0.67,0.67,0.67
1159,0.3556142151355743,male,66.0,65_plus,french,canadian_quebecois,bachelor,40k_to_60k,self_employed,3,1.0,divorced_separated,,,,,protestant,0.5,other_regions,type_2,,0.33,1.0,0.33,0.67,0.33,0.0,1.0,adq,liberal,1.0,0.75,0.67,0.33,1.0,,,0.0,,,1.0,0.33,1.0,pq,,0.4,0.8,0.4,0.75,0.75,0.5,,0.3,0.8,0.7,0.7,0.7,0.0,1.0,0.67,0.0,0.33,0.0,0.67,0.67,1.0,0.0,0.0,0.67,0.67,0.33,0.8,0.8,0.8,0.2,0.4,0.8,0.8,0.8,0.8,0.8,0.8,0.17,,0.0
1160,0.5570399761199951,female,39.0,35_44,french,canadian_quebecois,high_school,60k_to_80k,employed,12,1.0,widowed,0.0,1_person,1.0,no_children,other_christian,0.5,,type_2,,1.0,0.67,0.67,0.33,,1.0,1.0,plq,conservative,1.0,0.75,0.0,0.67,0.5,1.0,1.0,0.0,1.0,1.0,1.0,0.0,0.0,adq,,0.0,0.0,0.5,0.0,0.0,0.5,0.0,0.75,,,0.0,0.6,1.0,0.0,0.0,0.0,0.33,1.0,0.33,0.0,1.0,1.0,0.67,0.0,0.0,0.33,0.6,0.8,0.6,0.2,,0.6,0.6,,0.6,,,0.67,0.17,0.17
1161,0.5570399761199951,female,37.0,35_44,french,canadian_quebecois,bachelor,40k_to_60k,employed,12,1.0,divorced_separated,1.0,3_4_persons,0.0,no_children,other_christian,0.5,quebec_city,type_2,,0.33,0.67,0.33,0.67,0.67,0.67,1.0,plq,ndp,0.33,0.75,1.0,0.33,0.5,0.67,1.0,0.0,1.0,1.0,1.0,0.33,0.0,adq,,0.1,0.1,0.75,,,0.1,0.1,0.8,,,0.0,0.5,0.0,,0.0,0.0,,0.67,0.33,0.0,1.0,0.33,1.0,0.67,0.67,0.33,0.6,0.6,,0.2,,0.6,,,0.6,0.6,0.6,0.67,0.67,0.67
1162,2.6469666957855225,female,45.0,35_44,other,other,bachelor,100k_to_120k,unemployed,6,0.0,common_law,0.0,1_person,1.0,no_children,catholic,0.5,montreal,type_2,,1.0,1.0,0.67,1.0,0.67,1.0,1.0,adq,liberal,1.0,1.0,1.0,0.33,0.5,1.0,1.0,0.0,1.0,1.0,1.0,0.0,0.0,plq,,0.6,0.0,0.3,0.0,0.5,0.4,0.3,0.6,,,0.3,0.4,0.0,1.0,0.0,0.67,0.67,0.67,0.33,1.0,1.0,0.0,1.0,0.67,0.33,0.33,,,,0.2,,,0.8,0.8,1.0,,,0.67,0.17,0.67
1163,1.1933574676513672,female,,,french,canadian_quebecois,high_school,under_20k,self_employed,17,1.0,single,0.0,1_person,1.0,no_children,protestant,0.5,other_regions,type_2,,1.0,0.67,0.67,0.67,1.0,0.67,1.0,adq,liberal,1.0,0.75,0.67,1.0,1.0,1.0,1.0,0.33,1.0,1.0,1.0,0.33,1.0,,,0.05,0.25,0.5,,,0.01,0.2,0.5,,,0.01,0.3,0.0,1.0,0.67,0.67,0.33,0.67,0.67,0.67,1.0,0.67,0.67,0.33,0.67,0.33,0.6,0.6,0.6,0.2,0.4,0.6,0.8,0.8,0.6,0.6,0.4,0.67,0.67,0.67
1164,0.381436675786972,female,52.0,45_54,french,canadian_quebecois,bachelor,80k_to_100k,employed,3,1.0,widowed,1.0,5_plus_persons,0.0,no_children,catholic,0.5,outaouais,type_2,,1.0,0.67,1.0,0.67,,0.33,1.0,adq,liberal,0.0,0.75,0.67,0.0,0.5,0.67,1.0,0.0,1.0,1.0,1.0,0.67,1.0,plq,ndp,0.7,0.3,0.5,,,0.7,0.1,0.25,0.0,0.0,0.9,0.75,0.0,1.0,0.0,1.0,0.67,0.67,0.67,1.0,0.33,0.0,0.67,0.67,0.67,0.67,1.0,1.0,1.0,0.2,1.0,1.0,1.0,1.0,1.0,1.0,1.0,1.0,0.67,1.0
1165,0.1564060449600219,male,64.0,55_64,french,canadian_quebecois,bachelor,20k_to_40k,self_employed,3,1.0,common_law,0.0,2_persons,0.0,no_children,,,quebec_city,type_2,0.0,1.0,1.0,0.33,0.67,0.67,0.67,1.0,plq,ndp,0.0,1.0,0.67,0.33,0.5,0.67,0.67,0.33,0.0,,1.0,0.67,1.0,plq,ndp,0.6,0.0,0.5,,,0.8,0.0,0.5,,,0.6,0.9,1.0,,0.0,0.67,1.0,0.67,1.0,1.0,1.0,1.0,0.33,0.67,0.67,0.33,1.0,1.0,1.0,1.0,0.6,1.0,1.0,1.0,1.0,1.0,0.6,1.0,1.0,0.67
1166,0.8883579969406128,female,28.0,25_34,french,canadian_quebecois,college_cegep,under_20k,student,1,1.0,widowed,1.0,5_plus_persons,0.0,children_under_18,other_christian,0.5,other_regions,type_2,,0.67,0.67,0.67,0.67,0.67,0.33,1.0,qs,liberal,0.33,0.75,0.67,0.67,1.0,0.67,0.67,0.33,1.0,0.0,1.0,0.33,,adq,conservative,0.2,0.75,0.85,0.7,0.5,0.2,0.75,0.85,0.7,,0.5,0.65,,,0.33,,0.67,0.33,0.33,0.67,1.0,,0.67,0.33,,0.67,,,,,,0.6,0.8,0.8,0.6,0.6,0.6,0.67,0.67,0.67
1167,0.7802807092666626,male,65.0,55_64,english,other_european,high_school,,self_employed,6,0.0,divorced_separated,0.0,,1.0,children_under_18,other_christian,0.5,quebec_city,type_2,,1.0,0.33,0.0,0.67,0.33,0.33,1.0,adq,liberal,0.0,0.5,0.0,1.0,0.5,1.0,1.0,0.0,1.0,1.0,1.0,0.0,1.0,adq,green,0.02,0.0,0.08,0.0,0.05,0.01,0.0,0.08,0.05,0.08,0.02,0.05,0.0,0.0,0.0,0.67,0.67,0.67,0.33,1.0,0.33,0.0,0.67,0.33,0.67,0.67,0.6,0.6,0.6,0.6,0.6,0.6,1.0,1.0,0.6,0.6,0.6,0.83,0.67,0.67
1168,1.330445408821106,female,23.0,18_24,french,canadian_quebecois,college_cegep,40k_to_60k,,16,1.0,widowed,1.0,5_plus_persons,0.0,no_children,catholic,0.5,montreal,type_2,,0.67,0.67,0.33,0.67,0.67,0.67,1.0,plq,conservative,0.33,0.5,0.67,0.67,0.5,0.33,0.0,0.67,0.0,0.0,0.0,0.67,0.0,plq,ndp,0.9,0.0,0.75,,,0.85,0.1,0.7,,,0.75,0.95,,1.0,0.0,0.0,0.67,0.33,0.33,1.0,0.33,,0.67,0.67,0.67,1.0,1.0,1.0,1.0,1.0,1.0,1.0,1.0,1.0,1.0,1.0,1.0,1.0,0.0,1.0
1169,0.9353222250938416,female,38.0,35_44,english,other,bachelor,under_20k,employed,6,0.0,single,0.0,2_persons,0.0,both,,,outaouais,type_2,1.0,1.0,1.0,1.0,1.0,0.67,0.67,0.0,pq,bloc,0.33,0.75,0.67,0.67,0.5,0.67,0.67,0.0,1.0,0.0,1.0,0.33,0.0,,,0.3,0.0,0.6,,0.1,0.05,0.1,0.4,,,0.5,0.6,0.0,1.0,0.0,0.33,0.67,0.67,0.67,1.0,0.33,,0.67,0.67,0.67,0.33,,0.6,,0.6,,0.6,,,,1.0,0.6,0.67,0.67,0.67
1170,0.2214419990777969,female,59.0,55_64,english,canadian_quebecois,college_cegep,40k_to_60k,self_employed,6,0.0,widowed,1.0,5_plus_persons,1.0,no_children,catholic,0.5,montreal,type_2,,1.0,0.33,0.33,1.0,,,1.0,qs,liberal,0.0,,0.0,,0.5,1.0,1.0,0.67,1.0,0.0,1.0,0.67,1.0,plq,ndp,0.9,0.0,0.1,0.0,0.0,0.07,0.07,0.06,,,0.1,0.3,0.0,,0.0,,1.0,0.0,0.33,1.0,,0.0,0.0,1.0,1.0,0.0,1.0,,,1.0,1.0,1.0,1.0,1.0,1.0,1.0,,,0.0,0.17
1171,0.4079344272613525,female,63.0,55_64,french,canadian_quebecois,graduate,20k_to_40k,self_employed,6,1.0,single,0.0,2_persons,1.0,no_children,catholic,1.0,montreal,type_2,,1.0,1.0,1.0,0.67,1.0,1.0,1.0,adq,liberal,1.0,0.75,0.67,0.67,0.5,1.0,1.0,0.33,1.0,0.0,1.0,0.33,1.0,plq,ndp,0.75,0.0,0.5,0.0,0.05,0.8,0.0,0.7,0.5,0.1,0.25,0.25,1.0,1.0,0.0,0.33,0.67,0.33,0.67,1.0,0.33,0.33,0.33,0.67,0.67,0.0,1.0,1.0,1.0,1.0,1.0,1.0,1.0,1.0,1.0,1.0,1.0,1.0,0.67,1.0
1172,1.1933574676513672,female,66.0,65_plus,french,canadian_quebecois,high_school,under_20k,self_employed,4,1.0,widowed,0.0,3_4_persons,1.0,no_children,catholic,0.5,montreal,type_2,,1.0,1.0,1.0,1.0,1.0,0.67,1.0,plq,ndp,1.0,1.0,1.0,0.0,0.5,1.0,1.0,0.33,1.0,0.0,1.0,0.67,1.0,plq,ndp,0.85,0.5,0.8,0.5,0.5,0.85,0.5,0.85,,,0.7,0.8,0.0,1.0,0.0,0.33,0.67,0.33,0.33,1.0,1.0,0.33,0.0,0.67,0.67,0.33,1.0,1.0,0.6,0.2,1.0,0.6,1.0,1.0,1.0,1.0,0.6,1.0,0.67,0.67
1173,0.926587700843811,female,31.0,25_34,french,canadian_quebecois,graduate,40k_to_60k,employed,13,1.0,widowed,,5_plus_persons,0.0,children_under_18,protestant,0.5,other_regions,type_2,,0.67,1.0,0.67,1.0,0.33,0.33,1.0,plq,conservative,1.0,1.0,1.0,0.67,1.0,0.33,0.67,0.33,1.0,,1.0,0.33,1.0,pq,bloc,0.35,0.85,0.35,0.75,0.7,0.0,0.7,0.0,0.8,0.75,0.8,0.65,,1.0,0.67,1.0,1.0,0.0,0.33,0.67,1.0,0.0,0.0,0.67,1.0,0.0,0.8,0.8,,0.2,0.4,0.8,0.8,0.8,0.8,,0.4,0.83,0.5,0.5
1174,1.5180344581604004,female,53.0,45_54,french,canadian_quebecois,college_cegep,20k_to_40k,employed,5,1.0,widowed,,3_4_persons,,no_children,other_christian,0.5,outaouais,type_2,,0.67,0.67,0.33,0.67,0.67,0.67,1.0,plq,bloc,0.67,0.75,0.67,0.67,0.5,0.67,0.67,0.33,1.0,1.0,1.0,0.67,,adq,liberal,0.4,0.4,0.9,0.5,0.5,0.35,0.35,0.95,0.65,,0.25,0.8,0.0,1.0,0.0,0.67,0.67,0.33,0.67,0.33,1.0,,0.67,0.67,,0.33,,,,0.6,0.6,0.6,0.6,0.6,,0.6,0.6,0.67,0.67,0.67
1175,0.3556142151355743,male,65.0,55_64,french,canadian_quebecois,graduate,,self_employed,3,1.0,widowed,0.0,2_persons,1.0,no_children,,,,type_2,0.0,0.67,0.67,0.33,1.0,0.67,0.33,1.0,adq,liberal,0.33,0.75,1.0,0.67,,0.67,1.0,0.33,1.0,0.0,1.0,0.33,0.0,,,0.05,0.02,0.05,0.05,0.05,0.03,0.01,0.04,0.04,0.04,0.1,0.5,0.0,1.0,0.0,0.0,0.33,0.67,0.67,1.0,1.0,0.67,1.0,0.33,0.33,0.0,,,,0.2,,0.6,,,,,,0.17,,0.17
1176,1.5618207454681396,female,52.0,45_54,french,canadian_quebecois,college_cegep,40k_to_60k,homemaker,26,1.0,widowed,1.0,3_4_persons,0.0,no_children,,,,type_2,0.0,1.0,0.67,0.33,0.67,0.67,1.0,1.0,plq,,1.0,0.75,0.67,0.33,0.5,1.0,1.0,0.0,1.0,0.0,1.0,0.0,1.0,,,0.5,0.0,0.5,,,0.0,0.0,0.0,,,0.0,0.5,0.0,1.0,0.0,0.67,1.0,0.67,0.33,0.0,1.0,0.0,0.33,0.33,0.33,0.33,,,,0.2,,,,,,,,0.17,,0.17
1177,0.6322008967399597,male,56.0,55_64,french,canadian_quebecois,high_school,,self_employed,15,1.0,widowed,1.0,5_plus_persons,0.0,children_under_18,,,other_regions,type_2,0.0,1.0,1.0,0.67,0.67,1.0,0.33,1.0,plq,ndp,0.33,0.75,0.33,1.0,1.0,0.67,0.67,0.33,1.0,1.0,1.0,0.67,0.0,other,,0.0,0.5,,,0.6,0.0,0.3,0.5,0.3,0.5,0.75,0.75,0.0,1.0,0.0,0.67,1.0,0.67,0.33,0.67,1.0,0.0,0.33,0.33,0.33,0.0,0.4,,0.8,0.2,,0.6,0.8,0.8,,1.0,0.4,0.17,0.67,0.33
1178,1.418331265449524,male,58.0,55_64,other,other,college_cegep,,self_employed,6,0.0,widowed,1.0,2_persons,0.0,no_children,catholic,0.5,montreal,type_2,,0.67,0.33,0.0,1.0,0.67,0.67,1.0,adq,liberal,1.0,0.75,0.0,0.33,0.5,1.0,1.0,0.33,1.0,,1.0,0.67,1.0,plq,,0.55,0.0,0.25,0.0,0.25,0.6,0.0,0.4,,,0.25,0.9,0.0,1.0,0.0,0.33,1.0,0.0,0.33,1.0,1.0,0.67,0.67,1.0,1.0,0.67,1.0,1.0,1.0,0.2,1.0,1.0,1.0,1.0,1.0,1.0,0.6,1.0,1.0,0.67
1179,0.7802807092666626,male,66.0,65_plus,english,other,graduate,over_150k,,6,0.0,widowed,0.0,2_persons,1.0,no_children,catholic,0.5,montreal,type_2,,1.0,0.67,0.33,0.33,0.33,0.67,1.0,plq,ndp,1.0,0.75,0.33,0.33,0.5,0.67,1.0,0.33,0.0,0.0,1.0,0.67,1.0,plq,ndp,0.6,0.1,0.4,,0.7,0.75,0.2,0.45,,0.4,0.3,,0.0,1.0,0.0,0.67,0.67,0.67,1.0,1.0,0.33,0.67,0.67,0.67,1.0,0.33,1.0,1.0,1.0,1.0,1.0,1.0,1.0,1.0,1.0,1.0,1.0,1.0,0.0,0.67
1180,0.3552634119987488,male,25.0,18_24,french,canadian_quebecois,bachelor,under_20k,retired,3,1.0,widowed,1.0,5_plus_persons,0.0,no_children,protestant,0.5,monteregie,type_2,,0.67,1.0,0.67,0.67,1.0,0.0,1.0,adq,liberal,1.0,0.75,1.0,0.33,1.0,0.33,0.33,0.67,0.0,0.0,0.0,0.67,1.0,pq,,0.05,0.85,0.1,0.1,0.15,0.0,0.5,0.0,0.0,0.15,0.7,0.2,1.0,1.0,0.67,0.33,0.67,0.33,0.33,0.67,1.0,0.0,0.33,0.67,0.67,0.0,,0.8,,0.2,0.8,0.8,0.8,0.8,,0.6,0.8,0.83,0.33,0.5
1181,0.6606233716011047,male,38.0,35_44,french,canadian_quebecois,college_cegep,40k_to_60k,employed,3,1.0,divorced_separated,0.0,5_plus_persons,0.0,no_children,other_christian,1.0,quebec_city,type_2,,0.33,1.0,0.67,0.67,0.33,0.0,1.0,pq,green,0.67,0.5,1.0,1.0,0.5,1.0,0.67,0.33,1.0,,1.0,0.33,1.0,adq,,0.3,0.2,0.9,0.0,0.0,0.3,0.2,0.9,0.3,0.3,0.02,0.8,1.0,1.0,0.0,0.33,0.67,0.33,0.67,1.0,0.67,0.0,1.0,0.0,0.67,0.33,0.6,0.6,,,,0.6,0.6,0.6,0.6,,0.6,0.67,0.67,0.67
1182,4.102169036865234,male,53.0,45_54,other,other_european,bachelor,under_20k,employed,6,,widowed,,5_plus_persons,0.0,children_under_18,,,outaouais,type_2,,0.67,0.33,0.0,0.0,0.67,0.0,1.0,plq,ndp,0.33,0.0,,0.0,0.5,1.0,1.0,0.0,1.0,,1.0,0.33,0.0,pq,bloc,0.2,0.3,0.0,0.1,0.02,0.09,0.12,0.0,0.1,0.02,,,0.0,1.0,0.0,0.0,0.67,1.0,0.33,1.0,1.0,0.0,0.0,0.33,0.0,0.0,,,,,,,,,,,,,,
1183,0.2214419990777969,female,59.0,55_64,english,canadian_quebecois,bachelor,40k_to_60k,self_employed,6,0.0,widowed,1.0,2_persons,1.0,children_18_plus,catholic,0.5,,type_2,,1.0,0.67,0.67,0.67,1.0,1.0,1.0,pq,ndp,1.0,1.0,1.0,0.67,0.5,0.67,0.67,0.0,1.0,0.0,,0.33,1.0,,,0.4,0.0,0.2,0.0,0.4,0.07,0.07,0.07,,,0.85,0.85,,0.0,0.0,0.33,0.67,0.33,0.33,1.0,1.0,0.67,0.33,1.0,0.67,0.33,,,,,,0.8,0.8,0.8,1.0,,,,,
1184,1.7117935419082642,female,23.0,18_24,french,canadian_quebecois,college_cegep,under_20k,employed,5,1.0,common_law,,2_persons,0.0,children_18_plus,protestant,0.5,other_regions,type_2,,1.0,1.0,0.67,1.0,0.67,0.33,1.0,qs,,0.33,0.75,0.67,0.0,,0.33,0.67,0.33,0.0,,0.0,1.0,0.0,pq,green,0.45,0.85,0.5,,0.95,0.5,0.8,0.65,,,0.65,0.7,1.0,,0.0,0.33,1.0,0.33,0.33,0.67,1.0,0.0,0.33,0.67,0.33,0.67,1.0,0.8,,0.2,0.8,0.6,0.8,0.8,0.8,1.0,0.4,0.67,0.83,0.67
1185,1.1933574676513672,female,74.0,65_plus,french,canadian_quebecois,bachelor,80k_to_100k,,4,1.0,single,0.0,2_persons,1.0,no_children,other_christian,1.0,montreal,type_2,,1.0,0.33,0.67,1.0,0.67,0.33,1.0,qs,ndp,0.0,0.75,0.67,0.33,0.5,0.67,1.0,0.33,1.0,0.0,1.0,0.33,1.0,adq,conservative,0.5,0.4,0.8,,0.6,0.5,0.4,0.8,,0.4,0.5,1.0,0.0,,0.33,0.67,0.67,0.33,0.67,1.0,1.0,0.67,0.33,0.67,0.67,0.33,0.6,0.6,0.6,0.2,0.6,0.6,0.6,0.6,0.6,0.6,0.6,0.67,0.67,0.67
1186,1.275551438331604,female,23.0,18_24,french,canadian_quebecois,college_cegep,under_20k,,2,1.0,widowed,1.0,3_4_persons,0.0,,other_christian,0.5,outaouais,type_2,,1.0,1.0,0.67,0.67,0.67,1.0,1.0,plq,other,0.67,1.0,1.0,1.0,,0.33,,0.33,1.0,1.0,1.0,0.0,0.0,adq,,0.6,0.7,0.75,,,0.5,0.5,0.6,,,0.7,0.85,,,0.33,0.67,0.67,0.33,0.33,0.33,1.0,,0.33,0.33,0.0,0.0,,,,0.2,,,0.8,0.8,,0.8,,,0.67,
1187,0.2998551428318023,female,76.0,65_plus,french,canadian_quebecois,bachelor,under_20k,self_employed,12,1.0,widowed,0.0,3_4_persons,0.0,children_under_18,,,,type_2,,1.0,1.0,1.0,1.0,0.67,1.0,1.0,plq,ndp,,0.75,0.67,0.0,,0.33,1.0,0.0,1.0,0.0,,0.67,0.0,,,0.8,1.0,0.6,0.06,0.0,0.8,0.0,0.17,,,0.55,,1.0,0.0,0.0,0.67,0.67,0.67,0.33,1.0,,1.0,0.33,0.67,0.67,0.0,1.0,1.0,1.0,1.0,1.0,,1.0,1.0,1.0,1.0,1.0,1.0,1.0,1.0
1188,0.6322008967399597,male,59.0,55_64,french,canadian_quebecois,bachelor,over_150k,self_employed,6,1.0,widowed,1.0,3_4_persons,0.0,children_under_18,protestant,1.0,other_regions,type_2,,0.67,1.0,0.33,1.0,0.67,0.67,1.0,,ndp,1.0,0.0,0.67,0.67,1.0,0.33,0.67,0.33,1.0,0.0,0.0,0.33,1.0,pq,ndp,0.0,0.7,0.4,0.05,0.2,0.1,0.7,0.45,0.15,0.2,0.6,1.0,0.0,1.0,1.0,1.0,0.67,0.33,0.67,0.67,1.0,0.0,1.0,1.0,1.0,0.67,0.8,0.8,0.8,0.8,0.8,0.8,0.8,0.8,0.8,0.8,0.8,0.83,0.83,0.83
1189,1.627670168876648,male,76.0,65_plus,french,canadian_quebecois,bachelor,under_20k,self_employed,5,1.0,widowed,1.0,3_4_persons,0.0,children_under_18,catholic,0.5,montreal,type_2,,0.33,0.67,0.33,0.0,0.33,0.33,1.0,adq,,1.0,1.0,0.67,0.0,0.5,1.0,1.0,0.0,0.0,,1.0,0.33,1.0,plq,ndp,0.8,0.0,0.7,0.3,0.03,0.85,0.4,0.75,0.5,0.02,0.2,0.8,0.0,1.0,0.0,1.0,0.33,0.33,0.67,1.0,1.0,0.67,0.67,1.0,0.67,0.67,1.0,1.0,1.0,1.0,1.0,0.8,1.0,1.0,,1.0,0.8,1.0,0.83,0.83
1190,1.5382611751556396,male,70.0,65_plus,french,canadian_quebecois,graduate,20k_to_40k,self_employed,24,1.0,,1.0,3_4_persons,0.0,children_under_18,protestant,1.0,other_regions,type_2,,1.0,1.0,0.67,0.33,1.0,0.33,1.0,plq,ndp,0.67,0.75,0.67,0.0,1.0,0.67,0.33,0.33,0.0,,0.0,0.67,1.0,pq,,0.0,1.0,0.3,0.5,0.2,0.2,1.0,0.3,0.5,0.1,1.0,1.0,1.0,1.0,0.67,1.0,1.0,0.0,0.67,0.67,1.0,0.0,0.67,0.67,0.67,0.33,0.8,0.8,0.8,0.8,0.8,0.8,0.8,0.8,0.8,0.8,0.8,0.83,0.83,0.83
1191,1.4374099969863892,male,67.0,65_plus,french,canadian_quebecois,high_school,20k_to_40k,self_employed,16,0.0,divorced_separated,0.0,2_persons,1.0,no_children,protestant,1.0,other_regions,type_2,,0.67,1.0,0.67,0.67,0.67,0.67,1.0,,conservative,1.0,0.75,0.33,1.0,1.0,0.67,0.67,0.33,0.0,,1.0,0.67,1.0,pq,,0.0,1.0,0.5,0.0,0.25,0.0,0.75,0.5,0.0,,0.75,0.75,1.0,0.0,0.67,0.33,1.0,0.33,0.33,0.67,1.0,0.33,0.33,0.67,0.67,0.33,0.8,0.8,1.0,0.8,0.8,0.8,0.8,0.8,0.8,1.0,0.8,0.83,0.83,0.67
1192,0.6322008967399597,male,61.0,55_64,french,canadian_quebecois,graduate,40k_to_60k,self_employed,16,1.0,divorced_separated,1.0,2_persons,0.0,children_under_18,protestant,0.5,other_regions,type_2,,0.67,0.67,0.67,1.0,0.33,0.67,1.0,adq,liberal,1.0,0.75,0.67,0.0,1.0,0.67,0.67,0.33,1.0,,0.0,0.67,1.0,pq,,0.2,0.8,0.5,,,0.2,0.7,0.5,,,0.7,0.8,0.0,1.0,0.67,0.67,0.67,0.33,0.67,0.67,1.0,0.0,1.0,0.67,0.67,0.67,0.8,0.8,0.8,0.2,0.8,0.6,0.8,0.8,0.8,0.8,0.6,0.17,0.83,0.67
1193,1.131169080734253,female,49.0,45_54,french,canadian_quebecois,bachelor,20k_to_40k,employed,2,1.0,single,,,,no_children,protestant,,other_regions,type_2,,1.0,0.67,0.67,0.67,0.67,0.33,1.0,other,ndp,1.0,1.0,0.67,0.0,1.0,1.0,1.0,0.0,1.0,1.0,1.0,0.33,1.0,,,0.0,0.8,0.5,,,0.0,0.75,0.3,,,,0.6,0.0,,,,0.67,0.0,0.67,0.67,,0.0,0.0,0.67,0.0,0.0,0.8,,0.8,,0.8,0.8,0.8,0.8,0.8,,0.8,0.83,0.83,0.83
1194,0.3556142151355743,male,68.0,65_plus,french,canadian_quebecois,graduate,100k_to_120k,self_employed,3,1.0,widowed,,5_plus_persons,0.0,children_18_plus,protestant,0.5,other_regions,type_2,,0.67,1.0,0.33,0.67,0.0,0.0,1.0,adq,liberal,0.0,0.75,0.67,0.0,1.0,1.0,1.0,0.33,1.0,0.0,,0.33,1.0,pq,bloc,0.15,0.4,0.25,0.5,0.5,0.15,0.4,0.4,0.65,,0.85,0.5,1.0,1.0,0.0,0.33,0.67,0.67,0.33,0.67,1.0,0.0,0.33,1.0,1.0,0.0,,0.8,,0.4,0.4,0.8,0.8,0.8,,,0.6,0.17,0.5,0.17
1195,0.9353222250938416,female,38.0,35_44,english,canadian_quebecois,graduate,,employed,6,0.0,widowed,1.0,3_4_persons,0.0,children_18_plus,catholic,0.5,montreal,type_2,,0.67,0.33,0.33,0.33,1.0,1.0,1.0,qs,liberal,0.67,0.75,0.33,0.33,0.5,1.0,1.0,0.33,1.0,0.0,1.0,0.33,1.0,plq,ndp,0.5,0.0,0.4,0.0,0.1,0.5,0.0,0.4,,,0.0,0.75,1.0,1.0,0.0,0.0,0.67,1.0,0.33,1.0,0.33,0.33,1.0,0.67,0.33,0.67,1.0,1.0,1.0,1.0,1.0,1.0,1.0,1.0,1.0,1.0,1.0,1.0,1.0,0.67
1196,0.4079344272613525,female,61.0,55_64,french,canadian_quebecois,high_school,20k_to_40k,self_employed,16,1.0,widowed,0.0,3_4_persons,0.0,no_children,catholic,0.5,montreal,type_2,,1.0,1.0,0.67,1.0,0.67,0.67,1.0,plq,ndp,0.67,0.5,0.33,1.0,0.5,0.67,0.67,0.33,1.0,0.0,1.0,0.33,1.0,plq,ndp,0.03,0.0,,,,0.04,0.0,0.04,0.03,,0.03,0.85,0.0,1.0,0.0,0.67,0.67,0.67,0.67,1.0,1.0,0.67,0.67,1.0,0.67,0.33,1.0,1.0,1.0,1.0,1.0,1.0,1.0,1.0,1.0,1.0,1.0,1.0,1.0,0.67
1197,0.6664856672286987,female,,,english,canadian_quebecois,college_cegep,20k_to_40k,employed,24,0.0,divorced_separated,,3_4_persons,1.0,,no_religion,1.0,eastern_quebec,type_2,,1.0,1.0,0.67,1.0,0.67,0.33,0.0,qs,conservative,0.67,1.0,1.0,0.67,0.5,0.67,1.0,0.33,0.0,1.0,,1.0,,,,,,,,1.0,,,,,,,1.0,,,0.0,0.0,,0.0,,,,,,0.67,,0.0,,,,0.2,,0.2,0.2,0.2,0.2,,0.2,,0.33,
1198,0.5248628258705139,female,63.0,55_64,french,canadian_quebecois,high_school,under_20k,,17,1.0,single,0.0,1_person,1.0,no_children,,,,type_2,0.0,1.0,1.0,0.67,1.0,1.0,1.0,1.0,plq,other,0.67,1.0,1.0,1.0,0.5,0.33,0.67,0.33,1.0,1.0,1.0,0.33,1.0,,,,,,,,,,,,,,,0.0,1.0,0.0,0.33,0.33,1.0,0.67,0.33,0.67,1.0,1.0,0.67,0.67,0.0,,,,,,1.0,1.0,,,,,0.67,0.67,0.67
1199,0.1318823248147964,female,58.0,55_64,french,canadian_quebecois,bachelor,over_150k,employed,3,1.0,widowed,,3_4_persons,,children_under_18,protestant,0.5,other_regions,type_2,,0.67,1.0,0.67,1.0,0.67,0.33,1.0,pq,liberal,0.67,0.75,0.67,1.0,1.0,1.0,1.0,0.33,1.0,0.0,,0.67,1.0,pq,green,0.4,0.7,0.4,0.5,0.6,0.2,0.8,0.6,0.68,0.7,0.6,0.6,0.0,,0.33,0.33,0.67,0.67,1.0,0.67,1.0,0.33,0.33,1.0,0.67,,,0.8,,0.2,0.4,0.8,0.8,0.8,,0.8,0.4,0.67,0.5,0.67
1200,1.828485131263733,male,46.0,45_54,french,other,college_cegep,under_20k,employed,6,1.0,divorced_separated,,3_4_persons,1.0,no_children,other_religion,0.5,other_regions,type_2,,1.0,1.0,1.0,1.0,0.33,0.33,1.0,pq,liberal,0.67,1.0,1.0,1.0,,1.0,1.0,0.33,1.0,0.0,1.0,0.0,1.0,qs,conservative,0.15,0.7,0.0,0.7,0.5,0.1,0.5,0.02,0.8,0.6,,0.3,0.0,1.0,0.33,0.67,1.0,1.0,0.67,0.0,1.0,0.33,0.0,0.33,1.0,1.0,,0.8,,0.2,0.4,0.4,0.8,0.8,0.8,0.4,0.4,,0.5,0.5
1201,0.4079344272613525,female,55.0,45_54,french,canadian_quebecois,college_cegep,,employed,14,1.0,widowed,0.0,3_4_persons,1.0,no_children,,,other,type_2,0.0,0.67,0.67,0.67,0.67,0.67,0.67,1.0,adq,liberal,0.67,1.0,0.33,0.67,0.5,1.0,1.0,0.0,1.0,1.0,1.0,0.67,0.0,,,0.3,0.1,0.2,0.0,,0.5,0.2,0.3,,,,0.5,1.0,0.0,0.33,,1.0,0.67,0.33,0.33,,,0.33,0.0,0.33,0.0,,,,,,,,,,,,1.0,,
1202,2.984832286834717,female,23.0,18_24,other,other,bachelor,,,16,,,1.0,2_persons,0.0,children_18_plus,,,,type_2,1.0,1.0,1.0,0.67,0.67,1.0,0.67,1.0,pq,liberal,0.67,1.0,1.0,0.33,0.5,,0.67,0.33,1.0,1.0,1.0,,0.0,,,,,,,,,,,,,0.75,0.8,0.0,1.0,0.33,0.67,0.67,0.33,0.33,0.33,1.0,,0.67,1.0,,0.0,,,,,,,,,,,,,,
1203,1.330445408821106,female,24.0,18_24,french,canadian_quebecois,bachelor,20k_to_40k,employed,16,1.0,widowed,1.0,5_plus_persons,1.0,no_children,other_christian,0.5,monteregie,type_2,,1.0,1.0,0.67,0.67,0.33,0.67,0.0,other,liberal,0.33,0.75,1.0,0.33,0.5,0.67,1.0,0.33,1.0,0.0,1.0,0.67,,,,0.8,0.5,0.8,,,0.8,0.5,0.8,,,0.9,0.9,,1.0,0.0,0.67,0.33,0.67,0.33,0.33,1.0,0.33,0.67,0.67,0.67,0.33,,0.6,,,,0.6,0.8,0.8,,1.0,1.0,1.0,0.67,0.67
1204,0.5400015711784363,female,61.0,55_64,french,canadian_quebecois,high_school,under_20k,employed,26,1.0,widowed,0.0,5_plus_persons,0.0,no_children,no_religion,0.5,eastern_quebec,type_2,,1.0,0.67,0.67,0.67,0.33,0.33,1.0,plq,conservative,0.67,0.5,1.0,0.0,0.5,1.0,1.0,0.0,1.0,1.0,1.0,0.0,1.0,other,bloc,0.06,0.02,0.01,0.05,0.08,0.06,0.0,0.0,,,0.0,0.1,1.0,0.0,0.0,0.0,0.67,1.0,0.33,1.0,,1.0,1.0,1.0,0.33,0.0,1.0,1.0,1.0,1.0,1.0,1.0,1.0,1.0,1.0,1.0,1.0,1.0,1.0,1.0
1205,0.6322008967399597,male,57.0,55_64,french,canadian_quebecois,bachelor,,self_employed,16,1.0,single,1.0,1_person,1.0,no_children,catholic,0.0,montreal,type_2,,0.67,0.67,0.67,0.67,0.67,1.0,0.0,plq,ndp,1.0,0.75,0.67,0.33,0.5,0.33,0.67,0.33,0.0,0.0,0.0,0.67,1.0,,,0.85,0.0,0.7,0.0,0.05,0.8,0.0,0.7,,,0.0,0.6,1.0,1.0,0.0,0.0,1.0,0.33,1.0,1.0,1.0,0.0,1.0,0.67,1.0,0.0,1.0,1.0,1.0,1.0,0.6,0.6,1.0,1.0,1.0,1.0,0.6,1.0,1.0,0.67
1206,0.6765576601028442,male,57.0,55_64,french,canadian_quebecois,bachelor,40k_to_60k,employed,7,1.0,widowed,0.0,5_plus_persons,0.0,children_under_18,protestant,0.0,other_regions,type_2,,0.67,1.0,0.67,1.0,1.0,0.33,1.0,pq,liberal,1.0,1.0,1.0,0.33,1.0,0.33,0.33,0.67,0.0,0.0,1.0,0.33,1.0,other,conservative,0.0,0.8,0.6,0.7,1.0,0.6,0.1,0.6,0.7,0.8,0.7,0.75,0.0,1.0,0.67,0.67,0.67,0.0,0.33,0.67,1.0,0.33,0.0,0.67,0.67,0.0,,0.2,,0.2,0.2,0.6,0.8,0.8,1.0,0.8,0.6,0.33,0.33,0.67
1207,0.6322008967399597,male,64.0,55_64,french,canadian_quebecois,college_cegep,40k_to_60k,,6,1.0,single,1.0,2_persons,0.0,both,,,,type_2,0.0,0.67,0.33,0.0,0.67,0.67,1.0,1.0,plq,conservative,0.33,0.5,0.0,0.0,0.5,1.0,0.67,0.33,1.0,0.0,1.0,0.0,1.0,,,,,,,,,,,,,0.0,,0.0,0.0,0.0,0.33,0.33,0.33,0.33,0.0,,0.33,0.33,0.33,0.67,0.33,,,,,,,,,,,,0.17,0.17,0.17
1208,1.7230206727981567,female,43.0,35_44,french,canadian_quebecois,elementary,under_20k,employed,6,1.0,widowed,0.0,,1.0,no_children,,,monteregie,type_2,0.0,0.67,0.67,1.0,0.33,0.67,0.33,1.0,pq,ndp,0.0,0.75,1.0,1.0,,1.0,0.67,0.0,1.0,0.0,1.0,0.0,1.0,adq,,0.2,0.5,0.9,,,0.0,0.5,1.0,,,0.0,,0.0,1.0,0.33,0.0,1.0,1.0,0.67,0.0,0.67,,0.67,1.0,0.67,0.0,0.6,0.6,0.6,0.6,0.6,0.6,0.6,0.6,0.6,0.6,0.6,0.67,0.67,0.67
1209,0.2214419990777969,female,60.0,55_64,english,,bachelor,20k_to_40k,self_employed,6,0.0,widowed,,5_plus_persons,0.0,no_children,catholic,0.0,montreal,type_2,,1.0,0.67,0.33,0.67,0.0,0.67,1.0,plq,other,0.67,0.5,0.33,0.0,0.5,1.0,1.0,0.33,1.0,0.0,1.0,0.33,0.0,plq,green,0.55,0.0,0.25,0.0,0.25,0.55,0.05,0.35,0.0,0.25,0.1,0.55,1.0,1.0,0.0,0.67,1.0,0.33,1.0,1.0,0.33,1.0,0.67,1.0,0.67,1.0,1.0,1.0,1.0,0.2,1.0,1.0,1.0,1.0,1.0,1.0,1.0,1.0,0.33,0.33
1210,1.131169080734253,female,49.0,45_54,french,canadian_quebecois,college_cegep,,employed,2,1.0,widowed,,3_4_persons,1.0,no_children,protestant,0.0,quebec_city,type_2,,1.0,0.67,0.33,0.33,1.0,0.67,1.0,plq,ndp,0.0,0.5,0.67,0.0,,0.67,0.67,0.33,1.0,0.0,,0.67,1.0,pq,,0.5,0.8,0.2,,,0.7,0.6,0.2,,,0.5,0.5,,,0.33,,0.67,0.67,0.33,0.0,1.0,,0.33,0.67,,0.33,1.0,0.8,,,,,1.0,0.8,,,,1.0,,
1211,1.6519296169281006,female,35.0,25_34,french,canadian_quebecois,bachelor,over_150k,employed,11,1.0,divorced_separated,0.0,1_person,1.0,children_under_18,catholic,1.0,montreal,type_2,,1.0,1.0,0.67,1.0,0.67,0.67,1.0,plq,ndp,1.0,0.75,0.33,0.33,0.5,0.33,0.33,0.33,0.0,,,1.0,0.0,plq,,0.8,0.1,0.2,,,0.7,0.1,0.5,,,0.7,0.75,1.0,,0.0,0.33,1.0,0.67,1.0,1.0,1.0,,0.0,0.67,0.67,0.0,1.0,1.0,1.0,0.2,,1.0,1.0,0.8,0.8,1.0,1.0,1.0,1.0,0.67
1212,1.5618207454681396,female,50.0,45_54,french,canadian_quebecois,bachelor,40k_to_60k,employed,7,1.0,married,1.0,5_plus_persons,0.0,children_under_18,catholic,0.5,outaouais,type_2,,0.67,0.67,0.67,0.67,0.67,0.33,1.0,plq,conservative,0.33,0.75,0.33,0.67,0.5,0.0,0.33,0.33,0.0,0.0,0.0,1.0,0.0,plq,ndp,0.75,0.5,0.75,0.75,0.75,0.7,0.4,0.85,0.85,0.5,0.7,1.0,0.0,1.0,0.33,0.67,1.0,0.67,0.33,0.33,1.0,0.0,0.33,1.0,1.0,0.67,,0.6,1.0,0.2,0.4,0.8,0.6,0.6,1.0,1.0,0.6,1.0,0.5,0.67
1213,0.4079344272613525,female,60.0,55_64,french,canadian_quebecois,high_school,,employed,16,1.0,single,,3_4_persons,0.0,children_under_18,,,,type_2,0.0,1.0,0.67,0.67,,0.67,0.33,1.0,plq,ndp,0.33,0.75,0.67,0.0,0.5,0.67,0.67,0.33,1.0,0.0,1.0,0.67,1.0,,,0.5,0.5,0.5,,,0.5,0.5,0.5,,,0.0,0.3,0.0,1.0,0.0,0.0,0.67,0.33,0.67,0.33,1.0,0.67,0.67,0.67,,0.33,,,,,,,,,,,,,,0.67
1214,1.4374099969863892,male,67.0,65_plus,french,canadian_quebecois,bachelor,40k_to_60k,,16,1.0,widowed,0.0,1_person,1.0,no_children,other_christian,,quebec_city,type_2,,0.0,0.67,0.67,0.67,0.67,0.0,1.0,plq,ndp,0.0,0.75,0.33,0.67,0.5,1.0,1.0,0.0,1.0,1.0,1.0,0.33,1.0,adq,conservative,0.1,0.3,0.95,0.1,0.1,0.0,0.1,0.95,0.1,0.1,0.0,0.9,1.0,1.0,0.0,0.0,1.0,0.67,0.67,,1.0,0.0,1.0,0.33,0.67,0.67,0.6,,0.8,0.8,0.6,0.6,0.6,,,0.6,0.6,0.67,0.67,0.67
1215,0.5029883980751038,female,32.0,25_34,other,,bachelor,60k_to_80k,employed,6,0.0,widowed,1.0,5_plus_persons,0.0,both,,,outaouais,type_2,0.0,0.67,0.67,0.67,0.67,0.33,0.33,0.0,pq,liberal,0.0,0.75,0.33,0.67,0.5,0.33,0.67,0.33,0.0,0.0,1.0,0.33,1.0,,,0.25,0.25,0.0,0.5,0.5,0.25,0.25,0.0,0.75,,0.75,0.5,0.0,1.0,0.0,0.33,0.0,0.33,0.33,0.0,,0.0,0.0,1.0,1.0,0.0,0.4,0.4,0.4,0.2,0.4,0.4,1.0,,,,0.4,0.5,0.5,0.5
1216,0.5400015711784363,female,56.0,55_64,french,canadian_quebecois,bachelor,20k_to_40k,employed,26,1.0,widowed,,3_4_persons,1.0,no_children,catholic,0.5,other_regions,type_2,,1.0,1.0,0.67,1.0,0.67,0.33,1.0,plq,ndp,0.67,0.75,1.0,0.33,0.5,1.0,1.0,0.0,1.0,1.0,1.0,0.67,1.0,plq,ndp,0.5,0.1,0.4,,,0.65,0.2,0.55,0.25,0.25,0.5,0.75,0.0,1.0,0.0,0.67,1.0,0.67,0.67,1.0,1.0,0.33,0.67,0.67,0.33,0.33,1.0,1.0,1.0,0.2,0.6,0.6,0.8,0.8,1.0,1.0,0.6,1.0,0.67,0.33
1217,1.2277785539627075,female,67.0,65_plus,french,canadian_quebecois,bachelor,,,26,1.0,married,,,0.0,children_under_18,,,other_regions,type_2,1.0,0.67,1.0,0.67,1.0,0.67,0.0,1.0,adq,conservative,0.33,1.0,1.0,0.33,1.0,0.67,1.0,0.33,0.0,0.0,0.0,0.67,1.0,pq,bloc,0.3,0.4,0.2,0.6,0.6,0.2,0.25,0.5,0.6,0.7,0.75,0.5,0.0,1.0,0.33,0.33,1.0,0.33,0.33,0.67,1.0,0.33,0.67,0.67,0.67,0.33,,0.8,,0.2,0.4,0.6,0.8,0.8,,,0.4,1.0,,0.67
1218,2.670271873474121,male,39.0,35_44,french,canadian_quebecois,college_cegep,20k_to_40k,employed,14,1.0,divorced_separated,1.0,3_4_persons,1.0,no_children,protestant,0.0,other_regions,type_2,,1.0,0.67,0.67,1.0,1.0,0.33,1.0,plq,ndp,0.33,0.75,0.67,0.33,,0.67,0.33,0.33,1.0,0.0,0.0,0.67,1.0,adq,conservative,0.2,0.5,0.8,0.5,0.3,0.1,0.6,0.9,0.5,0.1,0.1,0.5,0.0,1.0,0.0,0.0,1.0,0.33,0.67,0.33,1.0,0.0,0.33,0.67,0.67,0.33,0.6,0.8,0.6,0.4,0.8,0.6,0.8,0.6,0.6,0.6,0.4,0.83,0.67,0.67
1219,0.6322008967399597,male,56.0,55_64,french,canadian_quebecois,college_cegep,,,15,1.0,divorced_separated,1.0,3_4_persons,0.0,no_children,,,,type_2,0.0,0.67,0.67,0.67,1.0,0.67,0.33,1.0,pq,liberal,0.67,0.75,0.67,0.67,0.5,0.67,0.67,0.33,1.0,1.0,1.0,0.33,1.0,,,0.1,0.5,0.5,0.0,0.5,0.0,0.4,0.5,0.0,0.0,0.3,0.2,0.0,1.0,0.0,0.67,0.67,0.67,0.33,0.33,1.0,0.33,0.67,0.67,0.33,0.33,,,,0.2,0.6,0.6,,0.8,0.6,,0.6,,0.67,0.67
1220,1.7117935419082642,female,24.0,18_24,french,canadian_quebecois,bachelor,20k_to_40k,employed,4,1.0,widowed,,3_4_persons,0.0,children_under_18,other_christian,1.0,other_regions,type_2,,1.0,1.0,0.67,0.67,0.67,0.33,1.0,qs,liberal,0.33,0.75,1.0,0.33,0.5,0.33,0.33,0.67,1.0,0.0,0.0,0.67,0.0,adq,liberal,0.7,0.6,0.9,0.55,0.65,0.8,0.3,0.95,0.8,,0.5,0.85,0.0,1.0,0.0,0.67,0.67,0.33,0.33,0.33,1.0,0.0,0.67,0.67,0.67,0.67,0.8,1.0,1.0,0.2,0.8,0.6,0.6,0.8,0.6,0.6,0.6,0.67,,0.67
1221,1.956773042678833,male,53.0,45_54,french,canadian_quebecois,college_cegep,20k_to_40k,employed,24,1.0,widowed,1.0,3_4_persons,0.0,no_children,protestant,0.5,other_regions,type_2,,0.67,1.0,0.67,1.0,0.67,0.33,1.0,plq,ndp,0.33,0.75,0.67,1.0,1.0,1.0,1.0,0.0,1.0,0.0,1.0,0.0,1.0,pq,ndp,0.0,0.75,0.5,,,0.0,0.5,0.6,0.5,,0.8,0.5,0.0,1.0,0.33,0.67,0.67,0.67,0.67,0.33,1.0,0.33,0.33,0.67,0.67,0.0,,0.8,,0.2,0.4,0.4,0.8,0.8,0.8,,0.4,0.67,0.5,0.5
1222,5.990713596343994,male,44.0,35_44,other,other,bachelor,over_150k,employed,6,,,0.0,,,no_children,,,,type_2,,1.0,1.0,0.67,1.0,,,1.0,,,,,1.0,1.0,,0.67,,,,,1.0,0.0,1.0,,,0.05,0.0,0.0,0.0,0.0,0.07,0.0,0.0,0.0,0.0,0.0,0.07,0.0,1.0,,0.0,1.0,1.0,0.33,,,1.0,0.67,1.0,,0.0,,,,,,,,,,,,1.0,0.5,
1223,0.3556142151355743,male,66.0,65_plus,french,canadian_quebecois,high_school,under_20k,self_employed,3,1.0,divorced_separated,1.0,,1.0,no_children,protestant,0.0,monteregie,type_2,,1.0,0.67,0.67,1.0,1.0,0.33,1.0,plq,conservative,0.67,1.0,1.0,1.0,1.0,1.0,0.67,0.33,1.0,1.0,1.0,0.67,1.0,pq,ndp,0.4,0.75,0.25,0.01,0.1,0.2,0.8,0.6,0.01,0.05,0.5,0.75,0.0,1.0,0.67,,1.0,0.33,0.33,0.33,1.0,0.33,0.67,0.67,0.67,0.0,0.8,0.6,0.8,0.2,0.6,0.6,0.8,0.8,0.8,0.8,0.6,,0.67,0.67
1224,2.670271873474121,male,35.0,25_34,french,canadian_quebecois,graduate,over_150k,employed,13,1.0,widowed,1.0,5_plus_persons,0.0,no_children,protestant,0.5,other_regions,type_2,,1.0,1.0,1.0,1.0,0.33,0.0,1.0,plq,ndp,0.67,1.0,1.0,1.0,,0.67,0.67,0.33,1.0,0.0,0.0,0.67,0.0,pq,ndp,0.4,0.6,0.2,0.8,0.7,0.2,0.8,0.5,0.9,0.9,0.7,0.8,0.0,1.0,0.0,,1.0,0.33,0.33,0.33,1.0,0.0,0.67,1.0,0.67,0.0,0.8,1.0,1.0,0.2,0.4,0.6,0.8,0.8,0.6,,0.4,1.0,0.5,0.5
1225,0.8883579969406128,female,28.0,25_34,french,canadian_quebecois,bachelor,80k_to_100k,employed,9,1.0,divorced_separated,,2_persons,0.0,no_children,catholic,0.0,quebec_city,type_2,,0.67,0.67,0.33,0.33,0.33,0.67,1.0,plq,ndp,0.0,0.5,0.67,0.0,0.5,0.67,0.67,0.33,0.0,0.0,1.0,0.33,,plq,ndp,0.6,0.4,0.5,,,0.6,0.3,0.6,,,0.5,0.6,1.0,1.0,0.0,0.0,0.33,0.67,0.33,0.33,0.33,0.33,0.67,0.33,0.33,0.33,1.0,1.0,,0.2,,0.6,1.0,,0.6,1.0,1.0,1.0,0.17,0.67
1226,1.418331265449524,male,57.0,55_64,other,other_european,bachelor,20k_to_40k,employed,6,1.0,divorced_separated,,1_person,1.0,no_children,,,quebec_city,type_2,1.0,0.67,0.67,0.0,0.33,0.33,0.33,1.0,plq,conservative,1.0,0.5,0.33,1.0,0.5,1.0,1.0,0.33,1.0,1.0,1.0,0.33,1.0,adq,,0.5,0.3,0.75,,,0.8,0.8,0.65,0.2,,,,0.0,1.0,0.0,0.67,0.0,0.67,1.0,0.0,1.0,0.33,0.67,1.0,1.0,1.0,1.0,0.8,1.0,0.2,0.4,0.6,0.8,0.8,0.6,0.6,0.8,1.0,0.83,0.83
1227,0.926587700843811,female,32.0,25_34,french,other,college_cegep,40k_to_60k,,16,1.0,divorced_separated,1.0,5_plus_persons,1.0,no_children,other_religion,0.5,other_regions,type_2,,1.0,1.0,0.67,1.0,0.67,0.0,1.0,plq,other,0.67,0.75,1.0,1.0,1.0,1.0,1.0,0.33,1.0,0.0,1.0,0.33,,qs,ndp,0.0,0.5,0.75,1.0,0.75,0.0,0.0,0.5,0.75,,,1.0,0.0,1.0,0.67,,0.67,0.67,,0.67,1.0,1.0,1.0,,0.0,1.0,0.6,0.8,,0.2,,0.6,0.4,0.4,0.6,1.0,0.4,0.17,0.5,
1228,1.828485131263733,male,54.0,45_54,french,canadian_quebecois,college_cegep,20k_to_40k,employed,6,1.0,divorced_separated,,3_4_persons,0.0,no_children,,,other,type_2,0.0,1.0,1.0,0.67,0.67,0.33,0.0,1.0,adq,liberal,0.0,1.0,1.0,0.67,,1.0,0.67,0.33,1.0,,1.0,0.33,1.0,adq,bloc,0.4,0.35,0.5,0.05,0.05,0.3,0.35,0.5,,,0.0,,0.0,1.0,,0.67,0.33,0.67,0.33,0.0,,0.0,0.67,0.33,0.67,0.0,,,,0.2,0.6,0.6,,0.6,,,0.6,0.67,0.67,0.67
1229,0.6140424609184265,female,54.0,45_54,english,canadian_quebecois,bachelor,60k_to_80k,student,11,1.0,divorced_separated,1.0,2_persons,0.0,,catholic,0.5,montreal,type_2,,0.67,0.67,0.67,1.0,0.33,0.33,0.0,pq,ndp,1.0,1.0,0.67,0.33,0.5,0.33,0.67,0.67,0.0,0.0,,1.0,0.0,,,0.75,0.0,0.3,,,0.7,0.0,0.25,,,0.25,0.75,,,0.0,0.67,1.0,0.33,,1.0,,,,1.0,1.0,0.0,1.0,1.0,,,,0.6,1.0,1.0,1.0,,,1.0,1.0,0.67
1230,2.984832286834717,female,23.0,18_24,other,other,bachelor,20k_to_40k,employed,6,0.0,common_law,1.0,2_persons,0.0,both,catholic,0.5,montreal,type_2,,0.0,0.67,0.67,0.33,0.0,1.0,1.0,qs,ndp,0.67,0.5,0.0,0.0,1.0,0.67,1.0,0.33,1.0,1.0,1.0,0.67,1.0,plq,,0.7,0.0,0.5,0.0,0.15,0.7,0.0,0.5,,,0.0,0.85,0.0,,0.0,0.0,0.67,0.33,,1.0,1.0,1.0,0.33,0.67,0.33,1.0,,,,,,,,,,,,0.67,,
1231,1.275551438331604,female,21.0,18_24,french,canadian_quebecois,college_cegep,,retired,11,1.0,widowed,1.0,3_4_persons,,children_under_18,protestant,0.5,monteregie,type_2,,1.0,1.0,0.33,0.33,0.33,,1.0,plq,ndp,,0.75,0.33,0.33,1.0,0.67,0.33,0.33,1.0,0.0,,0.67,0.0,pq,ndp,0.1,0.8,0.65,,,0.2,0.65,0.4,,,0.7,,0.0,1.0,0.67,,0.67,0.33,0.67,0.67,1.0,0.33,0.67,0.67,0.67,0.33,0.8,0.8,,0.2,,,,0.8,0.8,,0.8,0.67,0.83,0.83
1232,0.8468688726425171,male,59.0,55_64,french,canadian_quebecois,high_school,under_20k,unemployed,2,1.0,widowed,0.0,,1.0,no_children,protestant,0.5,quebec_city,type_2,,1.0,1.0,0.67,0.33,1.0,0.67,1.0,plq,ndp,0.33,1.0,1.0,1.0,0.5,1.0,1.0,0.0,1.0,,,0.33,0.0,pq,ndp,0.1,0.5,0.25,,,0.0,0.0,0.5,,,0.4,1.0,0.0,,0.0,0.0,1.0,0.67,1.0,0.67,1.0,0.0,0.0,1.0,1.0,1.0,,,,,,0.6,,0.8,0.8,,,0.17,,0.17
1233,0.6322008967399597,male,59.0,55_64,french,canadian_quebecois,bachelor,80k_to_100k,,16,1.0,divorced_separated,1.0,3_4_persons,0.0,children_under_18,other_christian,0.5,eastern_quebec,type_2,,1.0,1.0,0.33,0.67,0.33,0.33,1.0,adq,liberal,0.67,0.75,1.0,1.0,1.0,0.67,0.67,0.33,0.0,0.0,1.0,0.67,1.0,adq,conservative,0.1,0.25,0.8,0.15,0.2,0.5,0.4,0.9,0.15,0.1,0.8,0.1,0.0,1.0,0.33,0.33,0.67,0.33,0.33,0.67,1.0,0.0,0.67,0.67,0.67,0.33,1.0,1.0,0.6,0.2,0.4,0.6,1.0,0.8,0.6,0.6,0.6,0.67,0.67,0.67
1234,1.4359921216964722,male,28.0,25_34,french,canadian_quebecois,college_cegep,under_20k,student,6,1.0,widowed,0.0,5_plus_persons,0.0,no_children,,,other,type_2,0.0,0.67,0.67,0.67,0.67,0.33,0.33,1.0,qs,liberal,0.33,0.75,0.67,0.67,1.0,0.67,1.0,0.0,1.0,0.0,1.0,0.67,0.0,,,,,,,,0.05,0.04,0.04,,,0.5,0.7,,,0.33,0.33,0.33,0.67,0.33,0.67,1.0,0.67,0.33,0.67,0.67,0.0,,,,,,,,,,,,0.17,0.17,
1235,0.926587700843811,female,33.0,25_34,french,canadian_quebecois,bachelor,over_150k,employed,14,1.0,widowed,1.0,5_plus_persons,0.0,no_children,catholic,0.5,quebec_city,type_2,,1.0,1.0,0.33,0.67,0.67,0.67,1.0,adq,liberal,0.33,0.5,0.67,0.67,,0.67,0.67,0.33,,0.0,1.0,0.67,1.0,pq,ndp,0.75,0.7,,0.4,0.6,,,,,,0.75,,0.0,1.0,0.0,0.67,,0.67,0.33,0.33,1.0,0.0,0.67,0.33,0.67,0.33,0.6,1.0,1.0,0.2,0.4,0.6,1.0,0.8,0.6,1.0,0.6,,0.67,0.5
1236,1.5618207454681396,female,54.0,45_54,french,canadian_quebecois,college_cegep,under_20k,unemployed,25,1.0,widowed,1.0,3_4_persons,0.0,children_under_18,protestant,0.5,other_regions,type_2,,0.67,1.0,0.67,0.67,1.0,0.33,0.0,plq,bloc,1.0,1.0,0.67,0.33,1.0,0.33,0.33,0.67,,,0.0,0.67,1.0,,,0.65,0.95,0.5,0.65,0.65,0.55,0.75,0.55,0.6,0.5,0.65,0.85,0.0,1.0,0.67,0.33,1.0,0.0,0.33,0.67,1.0,0.0,0.0,0.67,0.67,0.0,0.8,0.8,0.8,0.2,0.8,0.6,0.8,0.8,0.8,0.8,0.8,0.83,0.83,
1237,0.5400015711784363,female,55.0,45_54,french,canadian_quebecois,bachelor,40k_to_60k,employed,24,1.0,widowed,1.0,3_4_persons,0.0,no_children,,,eastern_quebec,type_2,1.0,1.0,1.0,0.33,0.67,0.67,0.67,1.0,pq,liberal,0.33,0.0,0.33,0.67,0.5,0.67,0.33,0.33,1.0,0.0,0.0,0.33,1.0,plq,ndp,0.5,0.3,0.45,0.1,0.4,0.4,0.3,0.45,0.05,0.1,0.4,0.6,0.0,1.0,0.0,0.67,1.0,0.33,1.0,0.33,1.0,0.0,0.67,1.0,1.0,0.67,1.0,0.6,1.0,1.0,0.6,1.0,1.0,1.0,1.0,0.6,0.6,1.0,0.67,0.67
1238,2.857621908187866,male,40.0,35_44,french,canadian_quebecois,college_cegep,40k_to_60k,employed,25,1.0,divorced_separated,0.0,5_plus_persons,0.0,children_under_18,,,other_regions,type_2,0.0,0.67,0.67,0.67,0.67,0.67,0.33,1.0,plq,ndp,0.33,0.75,0.67,0.33,1.0,0.33,0.33,0.33,1.0,0.0,0.0,0.33,0.0,adq,conservative,,,,,,0.0,0.4,0.75,,,0.4,0.4,0.0,1.0,0.67,0.67,0.67,0.33,0.33,0.33,1.0,0.67,0.33,0.33,0.33,0.33,,,,0.2,0.4,,,0.8,,0.6,0.4,0.67,0.67,0.67
1239,0.4079344272613525,female,57.0,55_64,french,canadian_quebecois,high_school,,employed,6,1.0,widowed,1.0,5_plus_persons,0.0,no_children,protestant,0.0,other_regions,type_2,,1.0,0.33,0.67,0.33,0.67,1.0,1.0,adq,liberal,0.67,1.0,1.0,0.67,0.5,0.67,0.67,0.33,1.0,0.0,,0.33,0.0,pq,ndp,0.5,0.6,0.55,,,0.5,0.6,0.55,,,0.5,,0.0,,0.33,1.0,0.67,0.67,0.33,0.33,1.0,0.67,0.33,0.67,0.67,1.0,0.6,,,,0.6,0.6,0.6,0.8,0.8,,0.6,0.67,0.67,0.67
1240,1.4359921216964722,male,25.0,18_24,french,canadian_quebecois,graduate,under_20k,retired,6,1.0,widowed,0.0,5_plus_persons,0.0,no_children,protestant,1.0,other_regions,type_2,,0.67,0.67,0.67,1.0,0.67,0.33,1.0,plq,other,1.0,0.75,0.67,0.67,1.0,0.33,,0.67,0.0,0.0,,0.67,1.0,pq,liberal,0.7,0.9,0.1,0.7,0.7,0.04,0.9,0.0,,,0.2,0.7,0.0,1.0,0.67,,1.0,0.0,,0.67,1.0,0.0,0.33,1.0,0.67,0.33,0.8,0.8,,0.2,0.4,0.8,0.8,0.8,0.8,1.0,0.8,0.83,0.83,0.5
1241,2.670271873474121,male,35.0,25_34,french,canadian_quebecois,graduate,20k_to_40k,employed,6,1.0,widowed,1.0,2_persons,0.0,children_under_18,protestant,0.5,other_regions,type_2,,1.0,0.67,0.0,1.0,0.33,0.33,0.0,adq,other,0.67,0.5,0.67,1.0,1.0,0.67,0.67,0.0,1.0,0.0,1.0,0.33,1.0,,,0.2,0.6,0.27,,,0.06,0.12,0.15,,,0.01,0.9,0.0,1.0,0.67,,0.67,0.67,0.67,0.67,1.0,0.33,0.67,0.33,0.67,0.0,0.6,0.8,0.8,0.6,0.4,0.4,0.8,0.8,0.8,0.8,0.6,0.67,,0.5
1242,0.926587700843811,female,25.0,18_24,french,canadian_quebecois,bachelor,40k_to_60k,employed,6,1.0,divorced_separated,1.0,3_4_persons,0.0,children_under_18,catholic,0.5,other_regions,type_2,,1.0,1.0,0.0,0.33,0.67,0.67,1.0,qs,liberal,0.33,0.5,0.67,0.0,0.5,0.0,0.33,0.67,,,0.0,0.67,0.0,plq,,0.9,0.1,0.05,0.05,0.5,0.9,0.2,0.3,0.05,,0.0,0.9,0.0,1.0,0.0,,0.67,0.33,1.0,1.0,0.33,0.0,0.67,0.67,,0.33,1.0,1.0,1.0,,,0.8,1.0,1.0,1.0,1.0,0.6,1.0,0.33,0.67
1243,2.670271873474121,male,44.0,35_44,french,canadian_quebecois,bachelor,over_150k,unemployed,16,0.0,single,0.0,1_person,1.0,no_children,catholic,0.0,quebec_city,type_2,,1.0,1.0,0.0,0.33,0.33,1.0,1.0,pq,bloc,1.0,0.75,0.0,0.0,0.5,1.0,1.0,0.0,1.0,1.0,1.0,0.0,1.0,plq,,0.8,0.0,0.0,0.0,0.6,0.7,0.0,0.4,,,0.0,0.3,0.0,1.0,0.0,1.0,1.0,0.0,1.0,1.0,0.67,0.0,0.0,0.0,1.0,0.0,1.0,1.0,1.0,,1.0,1.0,1.0,1.0,1.0,1.0,1.0,1.0,0.17,0.67
1244,1.1921813488006592,female,28.0,25_34,french,canadian_quebecois,college_cegep,20k_to_40k,employed,32,1.0,widowed,1.0,,0.0,no_children,protestant,0.5,other_regions,type_2,,1.0,1.0,0.67,0.67,0.67,0.67,1.0,plq,conservative,0.33,0.75,1.0,0.33,,0.67,0.67,0.0,1.0,1.0,1.0,0.33,,pq,ndp,0.0,0.9,0.75,0.15,0.15,0.0,0.95,0.85,0.7,,0.5,0.75,0.0,,0.33,0.67,,0.67,0.67,0.67,1.0,,0.33,0.67,,0.33,0.8,0.8,0.6,0.8,0.8,0.8,0.6,0.4,0.8,,0.6,0.83,0.83,0.67
1245,0.7158807516098022,male,62.0,55_64,french,canadian_quebecois,bachelor,under_20k,employed,17,1.0,divorced_separated,1.0,5_plus_persons,0.0,children_under_18,protestant,1.0,other_regions,type_2,,0.67,0.67,0.67,0.67,1.0,0.0,1.0,,ndp,1.0,0.75,0.33,0.33,1.0,0.33,0.0,0.67,,,0.0,0.67,1.0,pq,bloc,0.0,0.9,0.0,0.6,0.3,0.0,0.55,0.0,0.7,0.15,0.8,0.8,0.0,1.0,0.67,0.33,0.33,0.0,0.33,0.67,1.0,0.0,0.33,0.67,1.0,0.33,0.8,0.8,0.8,0.8,0.4,0.8,0.8,0.8,0.8,0.8,0.8,0.83,0.83,0.5
1246,1.4374099969863892,male,70.0,65_plus,french,canadian_quebecois,graduate,80k_to_100k,self_employed,6,1.0,widowed,0.0,5_plus_persons,0.0,children_under_18,protestant,0.5,other_regions,type_2,,1.0,0.67,0.33,0.33,0.33,0.33,1.0,adq,liberal,0.67,0.5,0.33,0.67,1.0,0.0,0.33,0.67,,,0.0,0.67,0.0,pq,,0.4,0.6,0.4,0.05,0.1,0.2,0.3,0.3,0.05,0.05,0.2,0.6,1.0,1.0,0.67,0.33,0.33,0.33,0.33,0.67,1.0,0.33,0.67,0.67,0.67,1.0,0.8,0.8,,0.2,0.8,0.6,0.8,0.8,0.8,,0.8,0.17,1.0,0.67
1247,0.6322008967399597,male,62.0,55_64,french,canadian_quebecois,,80k_to_100k,self_employed,16,1.0,widowed,1.0,3_4_persons,0.0,children_under_18,protestant,0.5,other_regions,type_2,,0.67,1.0,0.67,1.0,0.67,0.0,1.0,adq,liberal,1.0,0.75,0.33,0.67,1.0,0.0,0.33,0.67,0.0,,0.0,0.67,0.0,pq,,0.5,0.99,0.55,0.7,0.8,0.45,0.75,0.6,0.6,0.55,0.7,1.0,0.0,1.0,0.33,0.33,1.0,0.0,0.67,0.67,1.0,0.0,0.0,0.67,1.0,0.33,,0.8,0.8,0.8,0.8,0.8,0.8,0.8,0.8,0.8,0.8,0.83,0.0,0.67
1248,1.4495251178741455,male,43.0,35_44,english,canadian_quebecois,high_school,20k_to_40k,employed,6,0.0,widowed,1.0,3_4_persons,0.0,no_children,catholic,0.5,montreal,type_2,,1.0,0.67,1.0,1.0,1.0,1.0,1.0,plq,ndp,1.0,0.75,0.67,0.33,0.5,0.67,0.67,0.33,1.0,0.0,1.0,0.67,0.0,plq,,0.7,0.0,0.3,0.0,0.5,0.7,0.25,0.35,0.0,0.35,0.0,0.7,1.0,0.0,0.0,0.67,1.0,0.33,0.33,1.0,1.0,0.0,0.0,0.67,0.67,0.0,1.0,1.0,1.0,1.0,1.0,1.0,1.0,1.0,1.0,1.0,1.0,1.0,1.0,1.0
1249,0.6765576601028442,male,61.0,55_64,french,canadian_quebecois,bachelor,40k_to_60k,self_employed,7,1.0,married,1.0,3_4_persons,0.0,children_under_18,other_christian,1.0,other_regions,type_2,,1.0,1.0,0.33,0.67,1.0,0.33,1.0,plq,ndp,0.33,0.5,0.33,0.33,0.5,0.33,0.33,0.33,1.0,0.0,0.0,0.67,1.0,adq,conservative,0.3,0.25,0.45,0.2,0.05,0.25,0.25,0.65,,,0.75,0.6,0.0,1.0,0.33,0.0,1.0,0.33,0.67,1.0,1.0,0.33,0.67,0.67,0.67,0.0,0.6,0.6,0.6,0.6,0.6,0.6,0.6,0.6,0.6,0.6,0.6,0.67,0.67,0.67
1250,1.828485131263733,male,51.0,45_54,french,canadian_quebecois,high_school,under_20k,employed,16,1.0,married,0.0,5_plus_persons,1.0,no_children,protestant,1.0,other_regions,type_2,,1.0,1.0,1.0,1.0,1.0,1.0,1.0,other,other,1.0,1.0,0.67,0.0,0.5,0.0,1.0,0.0,1.0,0.0,1.0,0.0,0.0,pq,ndp,0.0,0.5,0.5,,0.5,0.0,0.5,0.2,,,0.0,1.0,0.0,0.0,1.0,1.0,0.33,0.67,0.67,0.67,1.0,1.0,0.0,0.0,0.67,0.0,0.8,0.6,0.6,0.2,0.6,0.6,0.8,0.8,0.8,0.6,0.6,0.67,0.83,0.67
1251,2.670271873474121,male,40.0,35_44,french,canadian_quebecois,bachelor,,employed,13,1.0,married,1.0,1_person,1.0,no_children,,,,type_2,0.0,0.67,0.67,0.67,1.0,0.67,0.67,1.0,plq,other,1.0,0.5,0.33,1.0,0.0,0.0,,0.0,1.0,1.0,1.0,0.33,1.0,adq,liberal,0.35,0.35,0.3,0.05,0.3,0.05,,,,,0.5,0.5,0.0,1.0,,0.33,0.33,0.67,0.67,0.33,1.0,0.0,0.0,0.33,1.0,0.0,0.8,0.8,,0.2,0.8,0.8,0.8,0.8,0.8,,0.8,0.83,0.83,0.67
1252,0.3911031782627105,female,56.0,55_64,french,canadian_quebecois,bachelor,20k_to_40k,self_employed,11,1.0,divorced_separated,1.0,,1.0,no_children,protestant,0.5,other_regions,type_2,,1.0,1.0,1.0,1.0,1.0,0.0,1.0,plq,ndp,0.67,1.0,0.67,1.0,1.0,1.0,1.0,0.0,1.0,1.0,1.0,0.67,1.0,adq,conservative,0.3,0.6,0.7,0.6,,0.3,0.7,0.85,0.65,,0.5,0.7,0.0,1.0,0.0,0.0,0.67,0.33,0.67,0.67,1.0,0.33,0.33,0.33,0.67,0.33,0.6,0.6,0.6,0.2,,,0.6,0.8,0.6,0.6,0.6,0.67,0.67,0.67
1253,0.8468688726425171,male,59.0,55_64,french,canadian_quebecois,bachelor,40k_to_60k,employed,2,1.0,widowed,1.0,5_plus_persons,0.0,,protestant,1.0,other_regions,type_2,,0.33,1.0,0.67,0.67,1.0,0.0,1.0,,ndp,1.0,0.75,0.67,0.0,1.0,0.0,0.0,0.67,0.0,,0.0,0.67,1.0,pq,bloc,0.0,0.95,0.0,0.1,0.0,0.0,0.95,0.0,0.1,0.0,0.95,0.75,1.0,1.0,1.0,1.0,1.0,0.0,0.33,0.67,1.0,0.0,0.0,1.0,1.0,0.0,0.8,0.8,0.8,0.8,0.8,0.8,0.8,0.8,0.8,0.8,0.8,0.83,0.83,0.83
1254,3.865570783615112,female,37.0,35_44,other,other,bachelor,over_150k,employed,15,0.0,widowed,,2_persons,0.0,no_children,,,,type_2,,1.0,1.0,1.0,0.67,0.67,1.0,1.0,plq,conservative,1.0,0.75,0.67,0.67,0.5,0.33,0.33,0.67,0.0,,0.0,1.0,0.0,,,,,,,,,,,,,,0.75,0.0,1.0,0.0,0.67,1.0,,,,1.0,0.67,0.67,,0.67,0.33,,,,,,,,,,,,,,
1255,0.6322008967399597,male,57.0,55_64,french,canadian_quebecois,bachelor,40k_to_60k,employed,13,1.0,common_law,1.0,,0.0,children_under_18,other_christian,0.5,montreal,type_2,,1.0,0.67,0.67,0.67,0.33,1.0,1.0,plq,ndp,0.33,0.5,0.67,0.67,1.0,0.67,0.67,0.67,1.0,0.0,1.0,0.67,1.0,adq,conservative,0.05,0.06,0.08,0.03,0.03,0.05,0.05,0.08,0.03,0.03,0.75,0.75,1.0,1.0,0.33,0.67,0.67,0.33,0.67,,1.0,0.33,0.67,0.33,0.33,0.67,0.6,0.6,0.6,0.6,0.6,0.6,0.6,0.6,0.6,0.6,0.6,0.67,0.67,0.67
1256,0.6765576601028442,male,55.0,45_54,french,canadian_quebecois,high_school,20k_to_40k,,25,1.0,widowed,1.0,5_plus_persons,0.0,no_children,catholic,0.5,montreal,type_2,,1.0,0.67,0.67,0.67,1.0,0.33,1.0,plq,ndp,0.33,0.5,0.33,1.0,0.5,0.67,0.67,0.0,1.0,0.0,1.0,0.67,1.0,plq,ndp,0.8,0.1,0.6,0.05,0.05,0.85,0.5,0.4,0.0,0.0,0.0,0.5,1.0,1.0,0.0,0.67,0.67,0.33,0.67,0.0,1.0,0.33,0.67,0.67,1.0,0.67,1.0,1.0,1.0,0.2,0.2,0.6,1.0,1.0,1.0,0.6,0.6,1.0,1.0,0.17
1257,0.926587700843811,female,30.0,25_34,french,canadian_quebecois,bachelor,20k_to_40k,employed,6,1.0,widowed,1.0,5_plus_persons,0.0,children_18_plus,protestant,0.0,other_regions,type_2,,0.67,1.0,0.67,1.0,1.0,0.67,1.0,pq,liberal,1.0,0.75,0.67,0.67,0.5,0.33,0.33,0.33,1.0,0.0,0.0,0.67,1.0,qs,conservative,0.4,0.7,0.6,0.8,0.2,0.5,0.4,0.6,0.75,,0.75,0.8,1.0,1.0,0.0,0.33,0.67,0.33,0.33,0.33,1.0,0.33,1.0,0.67,0.67,0.33,1.0,0.6,1.0,0.2,0.8,0.6,0.8,0.8,0.4,1.0,0.4,1.0,0.67,0.83
1258,0.071590818464756,female,58.0,55_64,english,canadian_quebecois,high_school,20k_to_40k,self_employed,3,0.0,widowed,1.0,5_plus_persons,0.0,no_children,catholic,1.0,quebec_city,type_2,,1.0,0.67,0.33,0.67,0.33,0.33,1.0,plq,ndp,1.0,0.5,0.67,0.67,0.5,0.0,1.0,1.0,1.0,0.0,0.0,1.0,1.0,plq,ndp,1.0,0.0,0.6,0.0,0.0,1.0,0.25,0.6,0.0,0.0,0.6,1.0,1.0,1.0,0.0,0.0,1.0,0.0,1.0,1.0,1.0,0.0,1.0,1.0,1.0,0.0,1.0,1.0,1.0,1.0,1.0,1.0,1.0,1.0,1.0,1.0,1.0,1.0,1.0,0.67
1259,0.1930409371852874,male,72.0,65_plus,other,canadian_quebecois,college_cegep,20k_to_40k,self_employed,3,1.0,single,0.0,1_person,1.0,no_children,catholic,1.0,montreal,type_2,,1.0,1.0,0.67,0.67,0.33,0.33,1.0,adq,liberal,0.33,1.0,1.0,0.67,0.5,1.0,1.0,0.0,1.0,1.0,1.0,0.67,1.0,plq,,0.8,0.0,0.0,0.0,0.0,0.8,0.0,0.0,0.0,0.0,0.0,0.7,0.0,1.0,0.0,0.0,0.67,1.0,1.0,1.0,0.33,1.0,0.0,0.67,1.0,0.67,1.0,1.0,1.0,1.0,1.0,1.0,1.0,1.0,1.0,1.0,1.0,1.0,1.0,1.0
1260,1.7230206727981567,female,35.0,25_34,french,canadian_quebecois,bachelor,40k_to_60k,homemaker,16,1.0,divorced_separated,1.0,3_4_persons,0.0,no_children,protestant,0.0,other_regions,type_2,,0.67,0.67,0.33,0.67,0.33,0.33,1.0,plq,conservative,0.33,0.75,0.67,0.33,1.0,1.0,0.67,0.33,1.0,0.0,1.0,0.67,,pq,ndp,0.4,0.9,0.75,,,0.25,0.7,0.8,,,0.0,0.75,1.0,,0.67,0.67,0.67,0.67,0.33,0.67,,,0.67,0.67,0.33,0.33,0.6,0.6,0.6,0.6,0.6,0.6,0.6,0.6,0.6,0.6,0.6,0.67,,0.67
1261,2.061872959136963,male,21.0,18_24,french,canadian_quebecois,bachelor,over_150k,retired,13,1.0,widowed,1.0,3_4_persons,0.0,children_under_18,no_religion,0.5,other_regions,type_2,,1.0,1.0,0.67,0.67,0.33,0.33,1.0,pq,liberal,0.67,0.5,0.67,0.33,1.0,0.67,0.67,0.33,0.0,0.0,1.0,0.67,0.0,other,conservative,0.06,0.08,0.07,,0.07,0.6,0.5,0.7,,0.6,0.65,0.7,0.0,1.0,0.33,0.67,0.33,0.33,0.33,0.67,1.0,0.0,0.67,0.67,0.33,0.33,1.0,0.8,0.6,0.2,0.4,0.6,0.8,0.8,0.8,0.8,0.6,0.67,0.17,0.67
1262,0.5034842491149902,female,72.0,65_plus,english,canadian_quebecois,high_school,under_20k,self_employed,13,0.0,single,0.0,2_persons,1.0,no_children,,,montreal,type_2,0.0,0.67,0.67,0.67,0.67,0.67,0.67,1.0,plq,,0.33,0.75,0.67,,0.5,0.67,0.67,0.33,1.0,1.0,1.0,0.33,1.0,plq,,0.55,0.0,,,,0.5,,,,,0.0,,0.0,1.0,0.0,0.0,0.33,0.67,0.33,1.0,1.0,0.67,,0.67,0.67,0.67,,,,,,,1.0,,,,,1.0,0.17,
1263,0.7158807516098022,male,62.0,55_64,french,canadian_quebecois,,under_20k,self_employed,4,1.0,single,0.0,1_person,1.0,no_children,,,,type_2,0.0,1.0,0.67,1.0,1.0,1.0,0.67,1.0,plq,bloc,0.67,0.75,0.67,0.67,,1.0,1.0,0.33,1.0,1.0,1.0,0.67,0.0,,,,,,,,,,,,,,,,,,0.67,0.67,1.0,0.67,,1.0,,0.67,0.33,0.67,0.0,,,,,,,,,,,,0.67,,0.67
1264,0.9275031685829164,female,66.0,65_plus,french,canadian_quebecois,high_school,40k_to_60k,,15,1.0,single,,,1.0,no_children,,,,type_2,,1.0,1.0,0.33,0.33,0.67,0.67,1.0,adq,liberal,0.67,0.75,0.67,0.33,,0.67,1.0,0.0,1.0,,1.0,0.33,0.0,,,,,,,,,,,,,,,0.0,,0.33,0.0,0.33,1.0,0.67,,0.33,0.67,0.67,0.67,0.67,0.0,,,,,,,,,,,,,,
1265,1.7117935419082642,female,23.0,18_24,french,canadian_quebecois,college_cegep,under_20k,retired,17,1.0,widowed,1.0,3_4_persons,,children_under_18,,,other,type_2,,1.0,1.0,1.0,1.0,0.33,0.33,0.0,other,,0.33,1.0,1.0,1.0,,,,0.33,,0.0,,0.67,0.0,,,,,,,,,,,,,0.45,,0.0,1.0,0.0,,,,,,,,,,,,,,,,,,,,,,,,,
1266,0.1564060449600219,male,61.0,55_64,french,canadian_quebecois,bachelor,40k_to_60k,self_employed,3,1.0,single,1.0,2_persons,0.0,children_under_18,protestant,0.5,quebec_city,type_2,,0.67,0.67,0.33,0.67,0.67,0.33,1.0,adq,liberal,0.33,0.5,0.33,0.33,1.0,0.33,0.67,0.33,0.0,,0.0,0.67,1.0,adq,conservative,0.15,0.5,0.4,0.0,0.05,0.2,0.4,0.5,0.05,0.1,0.6,0.75,0.0,1.0,0.33,0.67,0.67,0.33,0.33,0.33,1.0,0.33,0.67,0.33,0.67,0.33,0.8,0.8,0.6,0.6,0.6,0.8,0.8,0.8,0.6,0.6,0.6,0.83,,0.67
1267,0.5570399761199951,female,36.0,35_44,french,canadian_quebecois,bachelor,over_150k,employed,12,1.0,widowed,1.0,5_plus_persons,0.0,no_children,protestant,0.5,other_regions,type_2,,1.0,1.0,0.33,0.67,1.0,0.33,1.0,plq,ndp,1.0,0.5,0.33,1.0,1.0,0.33,0.33,0.67,0.0,,0.0,0.67,0.0,pq,liberal,0.6,1.0,0.0,0.3,0.2,0.0,1.0,0.1,0.5,0.2,0.8,0.8,0.0,1.0,1.0,0.33,1.0,0.0,0.33,0.67,1.0,0.33,0.0,1.0,1.0,0.33,0.8,0.8,0.8,0.8,0.4,0.6,0.8,0.8,0.8,0.8,0.8,0.83,0.83,0.67
1268,0.5400015711784363,female,57.0,55_64,french,canadian_quebecois,high_school,20k_to_40k,employed,26,1.0,widowed,1.0,3_4_persons,0.0,no_children,protestant,1.0,other_regions,type_2,,1.0,0.33,0.33,0.67,0.67,0.67,1.0,plq,conservative,0.33,0.75,0.33,1.0,1.0,0.0,0.33,0.33,1.0,1.0,0.0,0.67,0.0,adq,conservative,0.0,0.5,0.75,0.25,0.05,0.0,0.5,1.0,0.25,,0.5,0.5,1.0,,0.67,,0.33,0.67,0.67,0.67,1.0,0.0,1.0,0.0,0.67,0.0,0.6,0.6,0.6,0.6,0.6,0.6,0.6,0.8,0.6,0.6,0.6,1.0,0.67,0.67
1269,2.061872959136963,male,22.0,18_24,french,other,college_cegep,under_20k,employed,6,1.0,single,0.0,1_person,0.0,children_18_plus,catholic,0.5,monteregie,type_2,,1.0,1.0,1.0,1.0,0.67,0.67,1.0,adq,bloc,0.33,0.75,0.67,1.0,0.5,0.33,,0.33,0.0,0.0,,0.67,0.0,plq,conservative,0.9,0.8,0.5,0.6,0.6,0.75,0.5,0.5,0.5,0.6,0.6,0.7,1.0,1.0,0.0,0.67,0.67,0.33,0.33,1.0,0.33,0.67,0.67,0.67,0.67,0.33,1.0,0.8,0.8,0.8,0.8,1.0,1.0,0.8,1.0,1.0,1.0,1.0,0.33,0.67
1270,0.4079344272613525,female,61.0,55_64,french,canadian_quebecois,high_school,,employed,6,1.0,divorced_separated,,3_4_persons,1.0,no_children,,,quebec_city,type_2,0.0,1.0,0.67,0.67,0.67,1.0,0.33,1.0,plq,conservative,0.67,1.0,0.67,1.0,,1.0,1.0,0.0,1.0,1.0,1.0,0.33,1.0,adq,,0.3,0.3,0.6,,,0.25,,0.6,,,0.4,0.45,,,0.0,0.67,0.67,0.67,0.67,0.33,,0.0,0.67,0.33,0.33,0.33,,0.6,,,,,,,,,,0.67,0.17,0.67
1271,1.2265689373016355,female,28.0,25_34,french,canadian_quebecois,high_school,20k_to_40k,employed,25,1.0,widowed,1.0,5_plus_persons,0.0,no_children,catholic,1.0,montreal,type_2,,1.0,1.0,0.67,1.0,0.67,0.33,1.0,adq,liberal,0.33,0.75,0.67,0.33,0.5,0.0,0.0,0.67,,0.0,0.0,0.67,,plq,ndp,1.0,0.0,0.9,0.0,0.25,1.0,0.0,0.9,,,0.0,1.0,1.0,0.0,0.0,1.0,1.0,0.67,1.0,1.0,0.33,,0.67,0.67,0.67,0.67,1.0,1.0,1.0,0.2,0.6,0.6,0.6,0.8,1.0,1.0,1.0,1.0,0.67,0.67
1272,1.1921813488006592,female,30.0,25_34,french,canadian_quebecois,high_school,60k_to_80k,employed,5,1.0,single,0.0,1_person,1.0,no_children,other_christian,0.5,quebec_city,type_2,,1.0,0.67,0.33,0.67,0.67,1.0,1.0,plq,ndp,0.33,0.5,1.0,0.67,0.5,0.67,0.67,0.0,1.0,0.0,1.0,0.67,1.0,adq,,0.5,0.0,1.0,0.25,0.2,0.5,0.0,1.0,,0.25,0.5,0.5,0.0,,0.0,0.0,,0.33,0.33,1.0,1.0,0.33,,,0.33,0.33,0.6,0.6,0.6,0.2,0.6,0.6,0.6,0.6,0.6,0.6,0.6,0.67,0.67,0.67
1273,0.1318823248147964,female,62.0,55_64,french,canadian_quebecois,bachelor,40k_to_60k,self_employed,3,1.0,widowed,1.0,3_4_persons,0.0,no_children,other_christian,0.5,quebec_city,type_2,,1.0,1.0,1.0,1.0,0.67,0.33,1.0,adq,other,0.67,0.75,0.67,1.0,0.5,0.67,0.67,0.33,1.0,0.0,0.0,0.67,1.0,adq,green,0.75,0.4,0.85,0.25,0.6,0.35,0.2,0.75,0.45,0.6,0.6,0.7,,1.0,0.0,0.33,0.67,0.33,0.67,1.0,1.0,,0.67,0.67,0.33,0.0,1.0,0.6,1.0,0.2,0.6,0.6,1.0,0.8,0.6,1.0,0.6,1.0,,0.67
1274,1.131169080734253,female,46.0,45_54,french,canadian_quebecois,high_school,20k_to_40k,employed,1,1.0,widowed,1.0,5_plus_persons,1.0,no_children,,,other,type_2,0.0,1.0,0.67,0.33,0.33,0.67,0.67,1.0,plq,conservative,0.33,0.5,0.67,0.67,0.5,0.67,0.67,0.0,1.0,0.0,1.0,0.33,1.0,other,ndp,0.4,0.5,0.8,,0.5,0.3,0.5,0.7,,,0.0,0.9,0.0,,0.33,0.67,0.67,0.67,0.67,1.0,1.0,1.0,0.67,0.67,0.67,0.0,0.6,0.6,0.6,0.6,0.6,0.6,0.6,0.6,0.6,0.6,0.6,0.67,0.67,1.0
1275,0.6404670476913452,female,48.0,45_54,english,,graduate,under_20k,employed,6,0.0,widowed,1.0,5_plus_persons,0.0,both,,,eastern_quebec,type_2,,0.67,1.0,0.67,0.67,0.33,0.67,1.0,plq,ndp,0.0,1.0,0.67,,0.5,0.67,1.0,0.33,0.0,,,,0.0,other,,0.6,0.0,0.0,,,,,0.0,,,0.8,0.4,,,0.33,0.0,1.0,,,1.0,,,0.33,0.33,,,,,,,,,1.0,,1.0,,,,,
1276,1.1798489093780518,female,52.0,45_54,french,canadian_quebecois,graduate,over_150k,employed,6,1.0,widowed,0.0,5_plus_persons,0.0,no_children,catholic,0.0,quebec_city,type_2,,1.0,0.33,0.0,0.67,1.0,0.33,1.0,adq,liberal,1.0,0.0,0.33,0.67,0.5,0.33,1.0,0.33,1.0,,0.0,0.67,1.0,plq,ndp,0.75,0.5,0.75,0.5,0.35,0.4,0.4,0.4,0.8,,0.4,0.7,0.0,1.0,1.0,0.67,0.67,0.33,0.67,1.0,1.0,0.0,1.0,0.33,0.67,1.0,0.6,,1.0,0.2,1.0,0.6,1.0,0.6,1.0,0.6,0.4,,0.67,0.5
1277,1.7611688375473022,female,20.0,18_24,french,canadian_quebecois,bachelor,60k_to_80k,retired,7,1.0,widowed,1.0,5_plus_persons,0.0,children_under_18,no_religion,0.5,outaouais,type_2,,1.0,1.0,0.33,1.0,0.33,0.0,1.0,plq,ndp,0.33,0.75,0.67,0.33,0.5,0.67,0.33,0.33,1.0,0.0,0.0,0.67,0.0,other,ndp,0.4,0.4,0.75,0.3,0.8,0.5,0.1,0.9,0.4,0.9,0.6,0.7,0.0,1.0,0.0,1.0,0.67,0.33,0.67,0.33,1.0,0.33,1.0,0.33,0.33,0.33,0.6,0.8,0.6,0.2,0.6,0.6,0.6,0.8,0.6,0.6,0.6,0.67,0.67,0.67
1278,1.1798489093780518,female,47.0,45_54,french,canadian_quebecois,high_school,under_20k,employed,6,1.0,widowed,1.0,5_plus_persons,0.0,no_children,other_religion,1.0,other_regions,type_2,,0.33,0.67,0.67,0.67,0.33,0.67,1.0,pq,liberal,0.67,0.75,0.67,0.33,1.0,1.0,1.0,0.0,1.0,0.0,1.0,0.33,1.0,qs,,0.2,0.7,0.25,0.85,0.6,0.01,0.7,0.45,0.9,0.65,0.9,0.5,0.0,1.0,1.0,0.67,0.67,0.67,0.33,0.67,1.0,0.0,0.0,1.0,1.0,0.0,0.8,0.4,0.4,0.4,0.4,0.4,0.4,0.4,0.4,,0.4,0.5,0.5,0.5
1279,1.5382611751556396,male,76.0,65_plus,french,canadian_quebecois,high_school,60k_to_80k,self_employed,7,1.0,widowed,0.0,3_4_persons,0.0,no_children,protestant,1.0,other_regions,type_2,,1.0,0.67,0.67,0.67,1.0,1.0,1.0,qs,liberal,0.0,0.75,0.67,1.0,1.0,1.0,0.67,0.33,1.0,0.0,0.0,0.33,0.0,pq,ndp,0.0,0.05,0.06,0.0,,0.0,0.0,1.0,0.1,,0.5,0.5,0.0,1.0,0.0,0.67,1.0,0.67,0.67,0.33,1.0,0.0,0.0,1.0,1.0,1.0,0.6,0.6,0.6,0.6,0.6,0.6,0.8,0.8,1.0,0.8,0.6,0.67,0.67,0.67
1280,0.926587700843811,female,26.0,25_34,french,canadian_quebecois,bachelor,60k_to_80k,employed,16,1.0,divorced_separated,1.0,3_4_persons,1.0,no_children,protestant,1.0,other_regions,type_2,,1.0,1.0,0.33,0.33,0.67,0.0,1.0,plq,ndp,0.67,0.5,1.0,1.0,1.0,1.0,1.0,0.0,1.0,0.0,1.0,0.33,0.0,adq,conservative,0.0,0.9,0.6,,0.1,0.0,0.9,0.75,,,1.0,0.5,0.0,,1.0,0.33,0.67,0.33,0.33,0.67,1.0,0.0,0.33,0.33,0.67,0.0,0.8,0.8,0.6,0.2,0.8,0.6,0.8,0.8,0.8,0.8,0.6,0.83,0.67,0.67
1281,1.2381283044815063,female,39.0,35_44,english,canadian_quebecois,bachelor,100k_to_120k,homemaker,26,0.0,widowed,1.0,3_4_persons,1.0,children_under_18,catholic,0.5,quebec_city,type_2,,1.0,1.0,0.67,1.0,0.67,1.0,1.0,adq,liberal,1.0,0.75,1.0,0.33,0.5,1.0,1.0,0.33,1.0,1.0,1.0,0.67,1.0,plq,ndp,0.06,0.1,0.5,,0.05,0.3,0.6,0.6,,0.5,0.4,0.6,,1.0,0.0,0.67,0.67,0.33,0.67,1.0,0.33,,0.67,0.67,1.0,0.67,1.0,0.6,0.6,0.2,0.6,0.6,1.0,0.6,1.0,0.6,0.6,0.83,0.17,0.67
1282,0.8883579969406128,female,34.0,25_34,french,canadian_quebecois,college_cegep,80k_to_100k,employed,1,1.0,divorced_separated,1.0,3_4_persons,0.0,no_children,catholic,0.5,montreal,type_2,,1.0,0.67,1.0,0.67,0.67,1.0,1.0,plq,other,1.0,0.75,1.0,0.0,0.5,0.67,0.67,0.33,0.0,,0.0,0.67,1.0,plq,,0.8,0.0,0.2,0.0,0.4,0.8,0.0,0.2,,,0.8,0.8,0.0,1.0,0.0,0.67,,0.33,0.33,1.0,1.0,,0.67,1.0,0.67,0.0,1.0,1.0,1.0,1.0,1.0,1.0,1.0,1.0,1.0,1.0,1.0,1.0,1.0,1.0
1283,1.1921813488006592,female,29.0,25_34,french,canadian_quebecois,college_cegep,20k_to_40k,employed,5,1.0,divorced_separated,1.0,,,no_children,,,other,type_2,,0.67,0.67,0.67,0.33,,0.33,1.0,plq,ndp,0.33,0.75,0.67,0.33,,0.67,0.67,0.33,1.0,1.0,,0.33,,plq,ndp,0.5,0.05,0.5,0.1,0.1,0.3,0.0,0.1,,,0.0,0.1,,0.0,0.33,0.0,,0.67,0.33,0.0,,,,,0.33,,,,,,1.0,1.0,,,,1.0,,0.17,0.17,
1284,0.3431829512119293,male,64.0,55_64,english,canadian_quebecois,graduate,over_150k,employed,6,0.0,widowed,0.0,5_plus_persons,0.0,both,catholic,0.0,montreal,type_2,,1.0,0.67,0.0,0.33,1.0,1.0,1.0,plq,conservative,0.0,0.5,0.0,0.0,0.5,0.0,0.67,0.67,1.0,0.0,0.0,0.67,0.0,plq,ndp,0.06,0.0,0.04,0.0,0.0,0.07,0.0,0.06,,,0.1,0.9,1.0,1.0,0.0,0.33,0.67,1.0,0.33,1.0,0.67,0.33,0.33,0.67,0.67,1.0,,1.0,0.6,1.0,0.8,1.0,1.0,1.0,1.0,0.6,1.0,1.0,1.0,0.67
1285,0.926587700843811,female,28.0,25_34,french,canadian_quebecois,bachelor,over_150k,retired,16,1.0,widowed,1.0,3_4_persons,,children_under_18,protestant,0.0,other_regions,type_2,,1.0,1.0,0.67,0.67,0.33,0.67,1.0,plq,ndp,0.33,0.5,1.0,0.67,0.5,1.0,0.67,0.0,1.0,0.0,1.0,0.67,1.0,adq,,0.63,0.7,0.78,0.6,0.65,0.65,0.7,0.75,0.66,,0.1,0.8,0.0,1.0,0.33,0.0,0.33,0.33,0.33,0.33,1.0,0.33,0.67,0.67,0.67,0.33,,0.6,,0.2,,0.6,,0.6,0.6,,0.6,0.17,0.67,0.67
1286,0.9275031685829164,female,79.0,65_plus,french,other,college_cegep,under_20k,employed,6,1.0,divorced_separated,,,0.0,children_under_18,protestant,1.0,other_regions,type_2,,1.0,1.0,0.67,1.0,0.67,0.67,1.0,adq,conservative,1.0,1.0,1.0,0.67,1.0,1.0,1.0,0.0,1.0,0.0,1.0,0.33,1.0,pq,,0.6,0.75,0.5,,,,,,,,0.0,0.7,0.0,,1.0,0.67,1.0,0.33,0.67,0.67,1.0,,0.67,,0.67,0.33,,,,,,,0.8,0.8,0.8,,,1.0,,
1287,1.828485131263733,male,52.0,45_54,french,canadian_quebecois,bachelor,80k_to_100k,employed,6,0.0,common_law,0.0,2_persons,0.0,children_under_18,,,quebec_city,type_2,1.0,0.67,0.33,0.33,0.33,0.0,0.0,0.0,plq,conservative,0.0,0.5,0.0,0.0,0.5,1.0,0.67,0.67,0.0,0.0,1.0,0.0,,,,0.5,0.0,0.05,0.0,0.15,0.4,0.0,0.25,0.0,,0.0,1.0,0.0,1.0,0.0,0.33,0.67,1.0,1.0,1.0,0.67,0.67,1.0,0.0,1.0,1.0,1.0,1.0,1.0,0.2,1.0,1.0,1.0,1.0,1.0,1.0,1.0,0.67,1.0,0.67
1288,0.2995596826076507,female,26.0,25_34,french,canadian_quebecois,bachelor,40k_to_60k,employed,3,1.0,common_law,1.0,5_plus_persons,0.0,children_under_18,protestant,0.0,other_regions,type_2,,1.0,1.0,0.33,1.0,0.33,0.33,1.0,pq,liberal,0.67,0.75,0.67,0.67,0.5,0.67,,0.33,0.0,0.0,0.0,0.67,0.0,plq,,0.6,0.4,0.4,0.4,0.7,0.6,0.6,0.4,,,0.0,0.9,0.0,1.0,0.0,0.67,0.67,0.67,0.33,0.33,1.0,0.33,0.33,0.67,,0.0,1.0,1.0,,0.2,,0.6,0.8,0.8,0.6,,1.0,,0.83,
1289,1.4359921216964722,male,31.0,25_34,french,canadian_quebecois,college_cegep,over_150k,employed,14,1.0,divorced_separated,1.0,3_4_persons,0.0,no_children,protestant,1.0,other_regions,type_2,,0.67,0.67,0.67,0.67,0.67,0.0,1.0,plq,bloc,1.0,0.5,1.0,0.33,1.0,0.67,1.0,0.0,1.0,0.0,1.0,0.33,1.0,pq,ndp,0.0,0.75,0.7,0.5,0.5,0.0,0.8,0.7,0.5,0.5,0.9,0.45,1.0,0.0,0.67,0.67,0.0,0.67,0.33,0.67,1.0,0.0,0.67,0.67,0.33,0.0,0.8,0.8,0.8,0.2,0.4,0.8,0.8,0.8,0.6,0.8,0.6,0.83,0.83,0.5
1290,0.5248628258705139,female,61.0,55_64,french,canadian_quebecois,college_cegep,80k_to_100k,self_employed,5,1.0,widowed,1.0,5_plus_persons,0.0,no_children,protestant,1.0,other_regions,type_2,,1.0,1.0,0.67,1.0,1.0,0.33,1.0,plq,bloc,1.0,0.75,0.67,1.0,1.0,0.67,0.67,0.33,0.0,0.0,,0.33,1.0,pq,bloc,0.3,1.0,0.0,0.6,0.5,0.1,0.7,0.0,0.6,0.2,0.8,0.7,0.0,1.0,1.0,1.0,1.0,0.0,0.33,0.67,1.0,0.0,0.0,0.67,0.67,0.67,0.8,0.8,0.8,0.8,0.8,0.8,0.8,0.8,0.8,0.8,0.8,0.83,0.83,0.83
1291,1.7230206727981567,female,41.0,35_44,french,canadian_quebecois,bachelor,over_150k,employed,16,1.0,divorced_separated,1.0,2_persons,1.0,no_children,catholic,0.5,quebec_city,type_2,,1.0,0.67,0.33,0.67,0.67,0.33,1.0,adq,liberal,1.0,0.75,0.67,1.0,0.5,0.67,0.67,0.67,0.0,0.0,1.0,0.67,0.0,pq,ndp,0.7,0.4,0.85,,,0.85,0.1,1.0,0.2,,0.0,1.0,1.0,0.0,0.0,0.33,0.67,0.33,0.33,1.0,1.0,0.0,1.0,0.67,0.67,0.33,0.6,0.6,0.6,0.6,0.6,0.6,0.6,0.6,0.8,0.6,0.6,0.67,0.67,0.67
1292,1.2265689373016355,female,32.0,25_34,french,canadian_quebecois,bachelor,40k_to_60k,retired,25,1.0,widowed,0.0,5_plus_persons,0.0,no_children,,,outaouais,type_2,1.0,0.67,1.0,0.67,1.0,0.33,0.33,1.0,other,other,0.0,0.5,0.33,0.67,,0.67,0.67,0.33,1.0,0.0,1.0,0.67,,adq,green,0.0,0.0,0.7,0.0,0.75,0.5,0.0,0.75,0.0,,0.0,0.75,,,0.0,,0.67,0.0,0.33,0.0,,0.33,1.0,0.33,0.0,0.0,0.6,0.6,0.6,0.2,0.6,0.6,0.6,,0.6,0.6,0.6,0.67,0.67,0.67
1293,1.418331265449524,male,64.0,55_64,other,other,high_school,,employed,13,1.0,widowed,0.0,3_4_persons,0.0,no_children,catholic,0.0,other,type_2,,1.0,1.0,1.0,1.0,0.67,1.0,1.0,adq,liberal,1.0,1.0,1.0,0.0,,1.0,1.0,0.33,1.0,,1.0,0.67,1.0,,,,,,,,,,,,,0.0,0.6,0.0,1.0,0.0,0.0,0.67,0.67,0.67,0.0,1.0,1.0,0.33,0.33,,0.67,0.6,,0.6,0.6,0.6,0.6,0.6,0.6,0.6,0.6,0.6,0.17,0.67,0.67
1294,1.5618207454681396,female,48.0,45_54,french,canadian_quebecois,college_cegep,40k_to_60k,employed,25,1.0,widowed,1.0,5_plus_persons,0.0,children_under_18,,,other,type_2,0.0,1.0,0.33,0.67,1.0,0.33,0.67,,plq,conservative,0.33,0.75,0.67,0.33,0.0,1.0,1.0,0.0,,0.0,,0.0,,,,0.1,0.1,0.1,0.35,0.5,0.1,0.1,0.1,0.1,0.1,,0.75,,,0.0,,0.0,1.0,0.33,0.0,,0.67,0.67,0.33,0.33,1.0,,,,,,,,0.8,,,,0.17,,0.17
1295,0.6765576601028442,male,63.0,55_64,french,canadian_quebecois,college_cegep,60k_to_80k,employed,26,1.0,common_law,1.0,3_4_persons,0.0,children_under_18,protestant,,quebec_city,type_2,,0.67,0.67,0.67,0.67,0.67,0.33,1.0,plq,conservative,0.67,0.75,0.67,0.67,1.0,0.33,0.67,0.33,0.0,0.0,0.0,0.67,1.0,pq,ndp,0.5,0.7,0.6,0.0,0.0,0.5,0.6,0.7,,,0.5,0.7,0.0,1.0,0.67,0.33,1.0,0.67,0.33,0.33,1.0,0.0,0.67,1.0,1.0,0.33,0.8,0.8,1.0,0.8,0.8,0.6,0.8,0.8,0.6,1.0,0.8,1.0,,0.67
1296,0.6322008967399597,male,63.0,55_64,french,canadian_quebecois,bachelor,100k_to_120k,employed,16,1.0,widowed,1.0,3_4_persons,,children_under_18,protestant,0.5,other_regions,type_2,,0.67,0.67,0.67,1.0,1.0,0.0,1.0,adq,liberal,0.67,0.75,0.67,0.67,1.0,0.67,0.67,0.33,0.0,,,0.67,1.0,other,conservative,0.4,0.65,0.5,0.2,0.4,0.3,0.6,0.5,0.2,0.4,0.6,0.6,0.0,1.0,0.67,0.67,0.67,0.67,0.67,0.67,1.0,0.0,0.33,0.67,1.0,0.67,,0.8,0.6,0.2,0.8,0.6,0.8,0.8,,0.6,0.6,,0.5,0.33
1297,0.381436675786972,female,48.0,45_54,french,canadian_quebecois,bachelor,60k_to_80k,employed,3,1.0,widowed,1.0,3_4_persons,0.0,children_18_plus,catholic,,outaouais,type_2,,1.0,0.67,0.33,1.0,0.67,0.0,1.0,plq,ndp,0.67,0.5,0.33,0.33,0.5,0.33,0.67,0.33,1.0,,,0.67,1.0,plq,green,0.8,0.7,0.7,0.25,0.8,0.65,0.7,0.85,0.5,0.5,0.6,0.75,,1.0,0.0,0.67,0.67,0.33,0.33,1.0,1.0,0.33,0.67,0.67,0.67,0.0,1.0,0.8,0.6,0.2,0.4,,,0.4,,0.6,0.6,0.83,0.67,0.67
1298,0.6404670476913452,female,45.0,35_44,english,other,bachelor,,employed,6,0.0,widowed,1.0,,,children_18_plus,,,eastern_quebec,type_2,1.0,1.0,1.0,0.33,1.0,0.33,0.33,1.0,qs,ndp,1.0,0.75,0.67,0.33,0.5,0.33,1.0,0.33,1.0,1.0,1.0,0.67,1.0,other,liberal,0.8,0.0,0.1,0.0,0.9,0.6,0.0,0.0,0.0,0.5,0.5,0.5,0.0,1.0,0.0,0.67,,0.0,,1.0,,0.33,0.67,,,0.0,,,,,,,,,,,,1.0,,
1299,0.4079344272613525,female,57.0,55_64,french,canadian_quebecois,graduate,20k_to_40k,employed,6,1.0,widowed,1.0,5_plus_persons,,no_children,,,monteregie,type_2,0.0,1.0,1.0,0.67,1.0,0.67,0.67,0.0,plq,bloc,0.33,0.75,0.67,0.0,1.0,0.67,0.67,0.0,1.0,1.0,1.0,0.67,1.0,,,0.0,0.5,0.0,0.0,1.0,0.0,0.0,0.0,,,0.5,0.0,0.0,1.0,0.67,0.0,0.33,0.67,0.33,0.67,,0.33,0.67,0.33,0.33,0.0,,,,0.2,,,,,,,,0.17,0.17,0.17
1300,0.3552634119987488,male,26.0,25_34,french,canadian_quebecois,bachelor,40k_to_60k,employed,12,1.0,widowed,1.0,3_4_persons,0.0,children_under_18,protestant,0.5,other_regions,type_2,,0.67,0.67,0.33,0.33,0.67,0.33,1.0,qs,liberal,1.0,0.5,0.33,0.33,1.0,0.67,0.67,0.33,0.0,0.0,1.0,0.67,1.0,pq,,0.03,0.08,0.05,0.0,0.01,0.02,0.06,0.0,0.0,0.01,0.1,0.6,1.0,1.0,0.33,0.33,1.0,0.67,0.33,0.67,1.0,0.0,0.33,0.33,1.0,0.67,0.8,0.8,0.8,0.8,0.8,0.8,0.8,0.8,0.8,0.8,0.8,0.83,0.83,0.67
1301,1.627670168876648,male,65.0,55_64,french,canadian_quebecois,bachelor,40k_to_60k,self_employed,32,1.0,divorced_separated,0.0,2_persons,1.0,children_under_18,protestant,0.0,other_regions,type_2,,0.67,1.0,0.33,1.0,0.67,0.33,1.0,plq,ndp,1.0,0.75,0.33,0.33,1.0,0.67,1.0,0.33,1.0,1.0,1.0,0.67,1.0,pq,bloc,0.0,0.75,0.25,0.6,0.6,0.1,0.5,0.55,0.65,,0.8,0.7,0.0,1.0,0.0,1.0,0.67,0.33,0.67,0.67,1.0,0.0,0.0,1.0,1.0,0.67,,0.8,0.8,0.4,0.4,0.4,0.8,0.8,,0.8,0.4,0.83,0.5,0.5
1302,0.8350262641906738,male,67.0,65_plus,english,other,bachelor,40k_to_60k,self_employed,7,0.0,divorced_separated,1.0,3_4_persons,0.0,children_18_plus,catholic,0.5,montreal,type_2,,1.0,0.67,0.67,1.0,0.67,0.67,1.0,adq,liberal,0.33,0.75,0.0,0.33,0.5,0.33,0.33,0.67,0.0,,0.0,0.67,0.0,plq,,0.8,0.5,0.35,0.1,0.5,0.6,0.5,0.3,,,0.85,0.5,1.0,1.0,0.0,1.0,1.0,0.33,1.0,1.0,0.67,0.0,0.0,0.67,1.0,0.0,1.0,1.0,1.0,1.0,1.0,1.0,1.0,1.0,1.0,1.0,1.0,1.0,1.0,1.0
1303,0.6765576601028442,male,64.0,55_64,french,canadian_quebecois,graduate,40k_to_60k,,24,1.0,single,0.0,2_persons,0.0,children_under_18,catholic,0.5,other_regions,type_2,,1.0,0.67,0.33,0.67,0.67,0.33,1.0,qs,liberal,0.33,0.75,0.67,0.33,1.0,0.33,0.33,0.67,0.0,,0.0,1.0,0.0,plq,conservative,0.6,0.7,,,,0.6,0.5,0.6,0.55,,0.5,0.55,0.0,1.0,0.33,0.33,0.67,0.33,0.33,0.67,1.0,0.0,0.67,0.67,0.67,0.33,1.0,0.8,1.0,0.8,0.8,0.8,1.0,0.8,1.0,1.0,0.4,1.0,0.83,0.5
1304,1.1798489093780518,female,49.0,45_54,french,canadian_quebecois,high_school,,employed,16,1.0,widowed,1.0,5_plus_persons,1.0,no_children,protestant,0.5,other_regions,type_2,,0.67,0.67,0.67,0.67,0.67,0.33,1.0,plq,ndp,0.67,1.0,0.67,1.0,1.0,0.67,1.0,0.33,1.0,1.0,1.0,0.33,0.0,pq,ndp,0.1,0.5,0.3,0.0,0.0,0.0,0.4,0.3,0.0,0.0,0.5,0.6,0.0,0.0,0.67,0.0,0.33,0.67,0.67,0.67,1.0,0.0,0.0,0.67,0.33,0.0,,,,,,,0.8,0.8,0.8,,,0.67,0.83,0.17
1305,0.926587700843811,female,29.0,25_34,french,canadian_quebecois,high_school,60k_to_80k,employed,16,1.0,widowed,1.0,5_plus_persons,0.0,children_under_18,protestant,0.5,other_regions,type_2,,1.0,1.0,0.33,1.0,0.67,0.33,1.0,plq,bloc,0.67,0.75,0.67,0.67,0.5,0.67,0.33,0.67,1.0,1.0,1.0,0.67,0.0,pq,bloc,0.8,0.85,0.8,0.85,0.7,0.07,0.07,0.07,0.07,,0.65,0.65,0.0,1.0,0.33,0.33,0.67,0.33,0.33,0.67,1.0,0.0,0.67,0.67,0.67,0.0,1.0,0.8,0.6,0.2,0.8,0.8,0.8,0.8,0.6,1.0,0.6,1.0,0.67,0.67
1306,0.7158807516098022,male,64.0,55_64,french,canadian_quebecois,high_school,20k_to_40k,self_employed,4,1.0,widowed,0.0,3_4_persons,0.0,no_children,protestant,,other_regions,type_2,,1.0,0.67,0.67,0.67,1.0,0.67,1.0,plq,bloc,0.0,0.75,0.67,0.33,1.0,0.67,0.33,0.33,1.0,0.0,1.0,0.67,1.0,adq,conservative,0.0,0.7,0.7,,,0.0,0.5,0.75,,,0.75,0.7,0.0,1.0,0.67,0.0,1.0,0.67,0.33,0.33,1.0,0.33,0.67,0.67,0.67,0.0,0.6,0.6,0.6,0.6,0.6,0.6,0.8,0.8,0.6,0.6,0.6,0.67,0.67,0.67
1307,1.2265689373016355,female,33.0,25_34,french,canadian_quebecois,college_cegep,100k_to_120k,employed,7,1.0,divorced_separated,1.0,3_4_persons,1.0,no_children,,,other_regions,type_2,,1.0,1.0,0.33,1.0,0.67,0.33,1.0,other,other,0.33,0.75,0.67,0.67,,0.67,,0.33,1.0,0.0,1.0,0.33,,pq,ndp,0.4,0.7,0.65,0.5,0.7,0.4,,0.5,,,0.5,0.8,,,,0.67,0.67,0.67,0.67,0.33,,0.33,0.67,,0.67,0.0,,,,,,,,,,,,0.67,,0.67
1308,1.1933574676513672,female,69.0,65_plus,french,canadian_quebecois,high_school,,homemaker,17,1.0,single,0.0,1_person,1.0,no_children,catholic,0.5,quebec_city,type_2,,1.0,0.67,0.33,0.33,0.67,0.67,1.0,plq,ndp,1.0,0.5,0.33,0.67,0.5,0.67,0.67,0.33,1.0,0.0,,0.67,,plq,ndp,,,,,,0.8,0.0,,,,0.0,,,,0.0,,0.67,0.33,0.33,1.0,0.33,0.33,0.33,0.67,0.67,0.33,1.0,1.0,1.0,1.0,1.0,1.0,1.0,1.0,1.0,1.0,1.0,1.0,1.0,0.67
1309,0.2995596826076507,female,26.0,25_34,french,canadian_quebecois,college_cegep,60k_to_80k,employed,12,1.0,widowed,0.0,3_4_persons,0.0,children_under_18,other_christian,1.0,quebec_city,type_2,,0.67,0.0,0.33,0.33,0.33,0.67,1.0,pq,bloc,0.67,0.5,1.0,0.67,0.5,0.67,,0.33,1.0,0.0,1.0,0.67,0.0,adq,,0.4,0.02,1.0,0.01,0.0,0.5,0.0,1.0,0.01,0.01,0.25,1.0,1.0,0.0,0.67,,0.67,0.33,0.33,0.0,0.33,0.67,1.0,0.33,0.67,0.67,0.6,0.6,0.6,0.6,0.6,0.6,0.6,0.6,0.6,0.6,0.6,0.67,0.67,0.67
1310,1.329604983329773,male,46.0,45_54,english,canadian_quebecois,bachelor,,employed,11,1.0,widowed,1.0,3_4_persons,0.0,children_under_18,protestant,0.5,,type_2,,0.67,0.67,0.67,0.67,0.67,0.33,1.0,plq,conservative,0.67,0.5,0.67,0.33,1.0,1.0,1.0,0.33,0.0,,1.0,0.33,1.0,,,0.4,0.5,0.2,0.05,0.1,0.1,0.5,0.2,0.0,0.05,0.6,0.4,0.0,1.0,0.33,0.67,0.33,0.33,0.33,0.67,1.0,0.33,0.67,0.67,1.0,0.33,,0.8,,0.2,,0.8,0.8,0.8,0.8,,0.8,0.17,0.83,0.33
1311,1.627670168876648,male,75.0,65_plus,french,canadian_quebecois,college_cegep,,self_employed,4,1.0,single,0.0,1_person,1.0,no_children,catholic,0.5,quebec_city,type_2,,1.0,0.67,0.67,1.0,1.0,0.67,1.0,plq,ndp,1.0,1.0,0.67,0.67,0.5,0.67,0.67,0.67,1.0,0.0,1.0,0.33,1.0,plq,ndp,0.75,0.0,0.25,0.0,0.0,0.6,0.0,0.25,0.0,,0.5,0.5,1.0,,0.0,0.67,1.0,0.67,1.0,1.0,1.0,0.67,0.67,1.0,0.67,0.0,1.0,1.0,,,1.0,,,,,1.0,1.0,1.0,0.67,0.67
1312,0.6322008967399597,male,55.0,45_54,french,canadian_quebecois,bachelor,over_150k,employed,13,1.0,widowed,1.0,3_4_persons,0.0,no_children,protestant,0.5,other_regions,type_2,,0.67,1.0,0.33,0.67,0.67,0.0,1.0,plq,ndp,0.67,0.75,0.67,0.0,1.0,1.0,1.0,0.0,1.0,0.0,1.0,0.67,1.0,adq,conservative,0.0,0.5,0.5,0.0,0.0,0.0,0.25,0.5,0.1,0.0,0.5,0.75,1.0,1.0,0.33,0.33,0.67,0.67,0.67,0.67,1.0,0.0,0.67,0.33,0.33,0.0,0.6,0.8,0.8,0.8,0.8,0.6,0.8,0.8,0.8,0.8,0.6,0.17,0.17,0.67
1313,0.1318823248147964,female,61.0,55_64,french,canadian_quebecois,college_cegep,under_20k,self_employed,3,1.0,single,,2_persons,0.0,children_under_18,protestant,1.0,other_regions,type_2,,1.0,1.0,0.67,0.67,0.67,0.33,1.0,plq,bloc,1.0,1.0,1.0,0.67,1.0,0.33,0.67,0.33,1.0,0.0,,0.67,1.0,pq,,0.05,0.07,0.05,0.06,,0.03,0.07,0.05,0.06,,0.9,0.6,,,0.67,1.0,1.0,0.33,0.67,0.67,1.0,0.0,0.33,0.67,0.67,0.33,0.8,0.8,0.8,0.8,0.8,0.8,0.8,0.8,0.8,0.8,0.8,0.83,0.5,0.67
1314,0.9275031685829164,female,73.0,65_plus,french,canadian_quebecois,high_school,under_20k,self_employed,13,1.0,married,1.0,,0.0,children_under_18,other_christian,0.5,,type_2,,1.0,0.67,0.67,0.67,,0.67,1.0,plq,ndp,,0.75,1.0,,0.5,1.0,1.0,0.33,1.0,0.0,1.0,0.33,1.0,,,0.15,0.1,0.75,,,,,0.8,,,0.5,0.5,0.0,1.0,0.0,,0.67,0.67,0.67,,1.0,0.67,0.67,0.33,0.67,0.33,,,,,0.6,0.6,,,,0.6,0.6,,0.67,0.67
1315,1.627670168876648,male,70.0,65_plus,french,canadian_quebecois,bachelor,20k_to_40k,self_employed,4,1.0,single,0.0,,1.0,no_children,catholic,0.0,quebec_city,type_2,,1.0,0.67,0.33,0.67,0.67,0.33,1.0,plq,ndp,0.33,0.5,0.67,0.67,0.5,0.67,0.67,0.33,0.0,0.0,1.0,0.67,,plq,,0.6,0.25,0.2,0.0,0.1,0.5,0.25,0.1,0.2,0.2,0.2,0.5,0.0,1.0,0.0,0.33,1.0,0.33,0.33,1.0,1.0,0.0,1.0,0.67,0.67,1.0,1.0,0.8,0.8,0.2,0.8,,1.0,0.8,0.6,0.6,0.8,1.0,0.83,0.67
1316,1.5180344581604004,female,54.0,45_54,french,canadian_quebecois,high_school,20k_to_40k,employed,4,1.0,widowed,,3_4_persons,0.0,no_children,protestant,0.0,other_regions,type_2,,0.67,0.67,0.67,0.33,0.33,0.67,1.0,plq,other,0.67,1.0,0.67,0.67,1.0,1.0,1.0,0.0,1.0,0.0,1.0,0.67,0.0,pq,ndp,0.1,0.75,0.6,0.4,0.3,0.1,0.6,0.8,,,0.25,0.25,,,,0.33,0.67,0.67,0.67,0.33,1.0,0.67,0.33,0.0,0.67,0.0,0.8,0.8,0.8,0.8,0.6,0.6,0.8,0.8,0.8,0.8,0.8,0.67,0.67,0.67
1317,0.926587700843811,female,30.0,25_34,french,canadian_quebecois,college_cegep,,employed,13,1.0,widowed,,3_4_persons,0.0,no_children,protestant,0.5,other_regions,type_2,,1.0,1.0,0.0,1.0,0.0,0.0,1.0,plq,conservative,1.0,0.0,0.0,0.0,1.0,1.0,0.67,0.0,1.0,1.0,1.0,1.0,,,,0.03,0.9,0.9,,,0.03,0.9,0.9,,,0.5,0.75,1.0,,,,0.67,0.33,0.33,0.67,1.0,1.0,,0.67,0.67,1.0,,,,,,,0.8,0.6,,,0.6,0.83,0.67,0.67
1318,1.626064658164978,male,26.0,25_34,french,canadian_quebecois,graduate,under_20k,retired,4,1.0,widowed,,3_4_persons,0.0,no_children,catholic,0.5,other_regions,type_2,,1.0,1.0,1.0,0.67,0.33,0.67,1.0,other,,0.67,0.75,0.33,0.33,,0.33,0.33,0.67,0.0,0.0,,0.67,0.0,plq,conservative,0.9,0.8,0.75,0.6,0.67,0.89,0.8,0.76,,,,,,0.0,0.33,0.33,0.67,0.67,0.33,1.0,0.33,0.33,0.67,0.33,0.67,0.0,1.0,0.8,1.0,1.0,0.6,0.6,0.8,0.8,0.6,1.0,0.6,1.0,0.67,0.67
1319,3.221625566482544,male,30.0,25_34,other,other_european,bachelor,under_20k,employed,6,,widowed,1.0,3_4_persons,1.0,children_18_plus,no_religion,1.0,eastern_quebec,type_2,,1.0,1.0,1.0,1.0,1.0,0.67,1.0,pq,other,0.0,0.75,0.67,0.67,0.5,1.0,1.0,0.0,1.0,1.0,1.0,0.67,1.0,other,,0.6,0.1,0.01,0.0,0.9,0.5,0.4,0.01,0.7,0.8,0.6,0.8,1.0,,0.0,0.67,0.0,0.67,0.33,1.0,0.33,0.0,0.0,1.0,1.0,0.0,,,,0.2,,,0.2,,0.2,,0.2,0.17,,0.17
1320,2.3347883224487305,male,19.0,18_24,french,canadian_quebecois,college_cegep,under_20k,,17,1.0,widowed,1.0,5_plus_persons,0.0,children_18_plus,,,monteregie,type_2,0.0,0.67,0.33,0.33,0.67,0.67,0.33,1.0,plq,ndp,0.33,0.5,0.67,0.0,0.5,0.67,,0.33,1.0,0.0,,0.33,0.0,adq,,0.0,,0.95,0.5,0.6,0.0,0.5,0.95,,,0.75,0.75,0.0,1.0,0.0,0.0,0.67,0.33,0.33,0.0,,,0.67,0.67,0.67,0.67,0.6,,0.6,0.2,0.4,0.6,0.8,0.8,0.8,0.6,,0.67,0.67,
1321,1.627670168876648,male,68.0,65_plus,french,canadian_quebecois,graduate,100k_to_120k,,5,1.0,widowed,0.0,3_4_persons,0.0,children_under_18,catholic,1.0,quebec_city,type_2,,0.67,0.33,0.33,0.67,0.67,1.0,1.0,adq,liberal,0.0,0.75,0.67,0.67,0.5,0.33,0.33,0.67,1.0,0.0,0.0,0.67,1.0,plq,ndp,0.8,0.0,0.7,0.0,0.25,0.7,0.0,0.5,0.0,,0.0,0.85,1.0,0.0,1.0,1.0,1.0,0.0,1.0,1.0,1.0,0.33,1.0,0.67,0.67,1.0,1.0,1.0,1.0,1.0,1.0,0.6,1.0,1.0,1.0,1.0,0.6,1.0,1.0,0.67
1322,0.7222163677215576,female,24.0,18_24,english,canadian_quebecois,bachelor,,employed,6,0.0,widowed,1.0,5_plus_persons,0.0,both,no_religion,0.0,outaouais,type_2,,1.0,1.0,1.0,1.0,0.67,0.67,1.0,adq,liberal,0.33,1.0,1.0,,0.5,0.0,0.0,0.33,0.0,0.0,,0.67,0.0,other,,0.6,0.6,0.0,0.7,0.8,0.1,0.5,0.0,0.8,0.8,0.95,0.6,0.0,1.0,0.0,0.33,,0.0,0.33,1.0,1.0,0.0,0.0,0.67,1.0,0.33,0.2,0.2,0.2,0.2,0.2,0.2,0.2,0.8,0.2,,0.2,0.33,,0.5
1323,0.1564060449600219,male,60.0,55_64,french,canadian_quebecois,bachelor,100k_to_120k,,3,1.0,widowed,0.0,3_4_persons,0.0,children_under_18,protestant,0.5,other_regions,type_2,,0.67,0.33,0.0,0.33,1.0,0.67,1.0,adq,bloc,1.0,0.0,0.67,0.67,1.0,0.33,0.33,0.67,0.0,0.0,0.0,0.67,1.0,pq,liberal,0.3,0.6,0.1,0.2,0.25,0.3,0.45,0.1,0.2,0.3,0.65,0.6,1.0,,0.0,1.0,1.0,0.33,0.67,0.33,1.0,0.0,0.0,0.67,0.67,0.0,1.0,0.8,1.0,0.8,0.4,0.8,0.8,0.8,0.8,0.8,0.8,1.0,0.33,0.67
1324,1.330445408821106,female,22.0,18_24,french,canadian_quebecois,bachelor,20k_to_40k,employed,16,1.0,widowed,1.0,3_4_persons,0.0,children_under_18,other_religion,0.5,monteregie,type_2,,1.0,0.67,0.67,1.0,0.33,0.33,0.0,pq,other,0.33,0.75,0.67,0.33,,0.67,0.67,0.33,0.0,0.0,0.0,0.67,,,,0.3,0.65,0.3,0.9,0.8,0.2,0.6,0.2,0.8,0.7,,0.5,0.0,1.0,0.67,0.33,0.33,0.0,,0.67,1.0,0.0,0.67,0.67,0.33,0.0,,,,0.2,0.4,0.4,0.8,0.4,0.4,,0.4,0.5,,0.67
1325,1.7611688375473022,female,22.0,18_24,french,canadian_quebecois,college_cegep,under_20k,retired,26,1.0,widowed,1.0,5_plus_persons,0.0,no_children,protestant,0.5,other_regions,type_2,,0.67,1.0,0.33,0.67,0.67,1.0,1.0,adq,bloc,0.67,0.5,0.33,0.33,1.0,0.33,0.67,0.33,0.0,0.0,0.0,0.33,,pq,,0.25,0.9,0.6,,,0.0,0.6,0.5,,,0.75,0.75,1.0,,0.67,0.33,0.33,0.67,0.33,0.33,,,0.33,0.33,0.33,,0.8,0.8,,0.2,,0.8,0.8,0.8,0.8,,0.8,0.17,0.17,0.83
1326,1.1933574676513672,female,74.0,65_plus,french,canadian_quebecois,college_cegep,,self_employed,4,1.0,single,0.0,2_persons,0.0,no_children,catholic,0.5,montreal,type_2,,1.0,1.0,,0.67,1.0,0.67,1.0,adq,conservative,1.0,0.75,0.67,1.0,0.5,0.67,,0.67,0.0,0.0,,0.67,1.0,plq,,0.75,0.05,0.2,0.0,0.0,0.75,0.3,0.35,0.1,,0.25,0.8,0.0,,0.0,0.0,,,0.33,1.0,,,0.67,0.67,0.67,0.67,1.0,1.0,1.0,1.0,1.0,1.0,1.0,1.0,1.0,1.0,1.0,1.0,0.0,
1327,0.8883579969406128,female,27.0,25_34,french,canadian_quebecois,bachelor,20k_to_40k,employed,1,1.0,widowed,1.0,,0.0,no_children,other_christian,1.0,other_regions,type_2,,0.67,1.0,0.33,1.0,0.67,0.33,1.0,adq,liberal,1.0,0.75,0.33,1.0,,0.67,0.67,0.33,1.0,0.0,0.0,0.33,0.0,adq,conservative,0.01,0.8,0.95,,0.75,0.01,0.3,0.95,,,0.85,0.98,0.0,1.0,0.33,0.33,1.0,0.33,0.33,0.67,1.0,0.0,,0.67,1.0,0.33,0.8,0.6,1.0,0.2,0.6,0.8,0.8,0.4,0.6,0.8,0.6,,0.67,0.67
1328,0.4079344272613525,female,57.0,55_64,french,canadian_quebecois,bachelor,20k_to_40k,employed,6,1.0,widowed,1.0,,0.0,no_children,other_christian,0.5,quebec_city,type_2,,1.0,1.0,0.33,0.67,0.67,0.67,1.0,plq,conservative,0.33,0.75,0.33,1.0,,1.0,1.0,0.33,1.0,1.0,1.0,0.33,,adq,conservative,0.5,0.85,0.95,0.85,,0.5,0.75,0.9,,,0.7,0.95,,,0.33,0.33,1.0,0.33,0.67,1.0,1.0,1.0,0.67,0.33,0.0,0.0,0.6,0.6,0.6,0.2,0.6,0.6,0.6,0.6,0.6,,0.6,0.67,0.67,0.67
1329,1.1933574676513672,female,67.0,65_plus,french,canadian_quebecois,high_school,under_20k,self_employed,32,1.0,single,0.0,,,,,,monteregie,type_2,,1.0,,,,0.33,0.67,1.0,plq,ndp,,,0.67,,,0.33,1.0,0.33,1.0,,,0.0,0.0,,,0.6,0.5,0.6,,,0.8,0.65,0.8,,,,,0.0,,0.33,0.0,,0.67,0.33,,1.0,1.0,1.0,0.33,0.33,0.67,,,,,,0.6,,,0.6,,,,,
1330,2.857621908187866,male,42.0,35_44,french,canadian_quebecois,graduate,over_150k,,8,1.0,divorced_separated,1.0,3_4_persons,0.0,children_18_plus,catholic,0.5,quebec_city,type_2,,0.67,0.67,0.33,0.33,1.0,0.33,1.0,,liberal,0.0,0.5,1.0,0.33,1.0,0.33,0.67,0.33,1.0,,0.0,0.33,0.0,plq,ndp,0.8,0.6,0.7,0.01,0.05,0.8,0.6,0.7,,,0.5,0.9,1.0,0.0,0.33,0.33,1.0,0.33,0.67,0.33,1.0,0.0,1.0,0.33,0.33,1.0,1.0,1.0,1.0,0.2,,1.0,,0.8,1.0,0.6,1.0,1.0,1.0,0.67
1331,0.3911031782627105,female,62.0,55_64,french,canadian_quebecois,college_cegep,20k_to_40k,employed,9,1.0,single,0.0,2_persons,0.0,no_children,catholic,0.5,montreal,type_2,,1.0,1.0,0.67,0.67,1.0,0.33,1.0,plq,ndp,0.33,1.0,0.67,0.0,0.5,0.67,0.67,0.67,,,0.0,1.0,1.0,plq,ndp,0.9,0.2,0.4,0.05,0.3,1.0,0.0,0.4,0.05,0.3,0.1,0.4,1.0,1.0,0.0,0.33,0.67,0.0,1.0,1.0,1.0,1.0,0.67,1.0,0.67,0.0,1.0,1.0,1.0,0.2,1.0,1.0,1.0,1.0,1.0,1.0,0.6,1.0,1.0,0.67
1332,1.7117935419082642,female,22.0,18_24,french,canadian_quebecois,college_cegep,,retired,5,1.0,widowed,1.0,5_plus_persons,0.0,no_children,no_religion,,outaouais,type_2,,0.67,0.67,0.0,1.0,0.33,0.33,1.0,other,liberal,,0.75,0.67,0.33,0.5,0.67,0.67,0.0,1.0,0.0,1.0,0.33,0.0,other,bloc,,,,,,0.17,0.17,0.15,,,0.5,0.5,,1.0,0.0,0.67,0.0,0.33,0.67,1.0,1.0,0.0,0.67,,0.33,0.0,,0.8,0.6,0.2,0.8,0.6,,0.8,,0.6,,,0.17,0.83
1333,0.9275031685829164,female,,,french,canadian_quebecois,graduate,,employed,13,1.0,widowed,,3_4_persons,,children_under_18,,,,type_2,,0.67,0.67,,0.67,0.67,0.67,1.0,adq,liberal,,0.75,0.67,0.33,0.5,,,,,,,0.67,0.0,,,,,,,,,,,,,0.5,0.75,,,0.33,,,0.33,,,,0.33,0.67,0.67,0.67,0.33,,,,0.2,,,,,,,,,,
1334,1.5618207454681396,female,49.0,45_54,french,canadian_quebecois,college_cegep,over_150k,employed,26,1.0,widowed,1.0,3_4_persons,0.0,children_under_18,protestant,0.0,other_regions,type_2,,0.67,0.33,0.33,0.67,0.67,0.33,1.0,plq,conservative,0.67,0.75,0.33,0.67,1.0,0.67,1.0,0.33,1.0,0.0,,0.67,0.0,adq,conservative,0.0,0.6,0.7,0.65,0.7,0.0,0.5,0.6,0.6,,0.0,0.7,0.0,1.0,0.0,,0.67,0.33,0.33,0.0,,,0.67,,,,,,0.6,,0.4,,0.4,0.4,,0.6,0.6,0.17,0.67,0.67
1335,0.1564060449600219,male,58.0,55_64,french,canadian_quebecois,college_cegep,60k_to_80k,self_employed,3,1.0,divorced_separated,0.0,2_persons,0.0,no_children,protestant,0.5,other_regions,type_2,,0.67,0.67,0.67,1.0,1.0,0.0,1.0,plq,ndp,0.67,1.0,0.33,0.67,1.0,1.0,1.0,0.33,1.0,1.0,1.0,0.33,1.0,pq,bloc,0.15,0.85,0.1,0.8,0.8,0.01,0.7,0.15,0.9,0.9,0.95,0.05,0.0,1.0,0.33,0.67,0.67,0.33,0.67,0.67,1.0,0.0,0.0,1.0,1.0,0.0,0.4,0.4,0.4,0.2,0.4,0.4,0.8,0.8,0.8,0.8,0.4,0.83,0.5,0.5
1336,0.8468688726425171,male,61.0,55_64,french,canadian_quebecois,college_cegep,100k_to_120k,employed,1,1.0,married,,2_persons,0.0,children_under_18,protestant,0.5,other_regions,type_2,,0.67,1.0,0.67,0.67,0.67,0.33,1.0,pq,ndp,0.67,0.5,0.67,0.0,1.0,0.33,0.33,0.67,0.0,,0.0,1.0,1.0,pq,ndp,0.3,0.6,0.4,0.25,0.5,0.25,0.45,0.4,0.25,0.15,0.5,0.75,1.0,0.0,0.33,0.67,1.0,0.33,0.67,0.67,1.0,0.0,0.67,1.0,1.0,0.67,1.0,0.8,0.8,0.2,0.4,0.6,0.8,0.8,0.8,0.6,0.6,0.83,0.67,0.5
1337,1.4374099969863892,male,67.0,65_plus,french,canadian_quebecois,high_school,40k_to_60k,self_employed,16,1.0,married,0.0,2_persons,1.0,children_18_plus,catholic,0.5,quebec_city,type_2,,0.33,0.67,0.33,0.33,0.67,0.33,1.0,plq,ndp,0.0,0.5,0.67,0.0,0.5,0.67,0.67,0.67,1.0,,0.0,0.67,1.0,plq,,0.75,0.1,,,,0.6,0.0,0.5,0.9,0.05,0.0,0.8,1.0,,0.0,1.0,1.0,0.0,1.0,1.0,1.0,0.33,1.0,1.0,0.67,0.67,1.0,1.0,1.0,0.2,0.4,1.0,1.0,0.8,,1.0,0.4,1.0,0.0,0.5
1338,3.224806547164917,male,66.0,65_plus,other,other,graduate,60k_to_80k,employed,6,,widowed,0.0,2_persons,1.0,children_under_18,no_religion,0.0,eastern_quebec,type_2,,1.0,0.67,0.67,1.0,0.33,0.67,1.0,pq,liberal,1.0,0.5,0.33,0.67,0.5,0.67,0.67,0.33,0.0,0.0,1.0,0.33,1.0,other,liberal,0.7,0.0,0.5,,1.0,0.7,0.3,0.5,,0.6,0.3,0.6,0.0,1.0,0.0,0.67,0.67,0.67,0.33,1.0,1.0,0.67,0.67,0.67,0.67,0.33,,1.0,,0.2,,,0.2,1.0,0.2,,0.2,1.0,0.33,0.67
1339,2.061872959136963,male,22.0,18_24,french,canadian_quebecois,high_school,20k_to_40k,student,6,1.0,widowed,1.0,3_4_persons,,children_under_18,protestant,0.5,other_regions,type_2,,1.0,1.0,0.67,1.0,1.0,0.67,1.0,qs,liberal,0.67,1.0,0.67,0.0,1.0,0.33,0.67,0.33,1.0,0.0,1.0,0.33,1.0,pq,green,0.25,0.75,0.1,0.7,0.75,0.25,0.75,0.1,0.65,0.7,0.65,0.45,,1.0,0.33,0.33,0.67,0.67,0.67,0.67,1.0,0.33,0.67,0.67,0.33,0.0,0.8,0.8,,0.2,0.4,0.4,0.8,0.8,0.8,,0.4,0.83,0.5,0.5
1340,1.7230206727981567,female,37.0,35_44,french,canadian_quebecois,college_cegep,20k_to_40k,homemaker,13,1.0,common_law,1.0,,0.0,no_children,other_christian,0.0,,type_2,,1.0,0.67,0.33,0.67,0.33,0.67,1.0,plq,conservative,0.33,0.75,1.0,1.0,,0.67,0.67,0.33,1.0,0.0,1.0,0.67,1.0,,,,,,,,0.0,0.05,0.07,,,0.05,0.08,,,0.67,0.33,0.67,0.67,0.67,0.0,,0.0,0.33,,0.67,0.67,,,,0.2,,,,0.6,,,0.6,,0.67,0.83
1341,0.9275031685829164,female,68.0,65_plus,french,canadian_quebecois,high_school,20k_to_40k,self_employed,6,1.0,single,,2_persons,1.0,no_children,,,,type_2,1.0,0.67,0.33,0.33,0.67,1.0,0.67,1.0,,,0.67,0.75,0.67,0.33,,1.0,0.67,0.67,0.0,,0.0,0.67,0.0,,,,,,,,,,,,,0.75,1.0,1.0,1.0,0.0,0.0,0.67,0.67,1.0,,1.0,0.67,0.33,0.67,0.67,0.33,1.0,0.6,1.0,1.0,1.0,0.6,1.0,1.0,1.0,1.0,0.6,1.0,,0.67
1342,1.2277785539627075,female,66.0,65_plus,french,canadian_quebecois,high_school,60k_to_80k,,25,1.0,divorced_separated,0.0,5_plus_persons,1.0,no_children,other_christian,1.0,montreal,type_2,,1.0,0.67,0.33,0.33,0.33,0.0,1.0,plq,ndp,1.0,0.5,0.33,0.33,0.5,1.0,1.0,0.0,1.0,1.0,1.0,0.0,,plq,ndp,0.0,0.0,0.0,0.0,0.0,0.01,0.0,1.0,0.0,0.0,0.0,0.5,1.0,1.0,0.0,0.0,1.0,1.0,0.33,0.0,0.33,0.67,1.0,0.0,0.67,0.0,0.6,0.6,0.6,0.6,0.6,0.6,0.6,0.6,0.6,0.6,0.6,1.0,0.67,0.67
1343,0.9275031685829164,female,79.0,65_plus,french,canadian_quebecois,elementary,under_20k,self_employed,6,1.0,married,,2_persons,1.0,no_children,catholic,0.5,montreal,type_2,,1.0,,1.0,0.67,0.67,0.33,1.0,plq,ndp,1.0,0.75,0.67,0.67,0.5,0.67,0.67,0.67,0.0,0.0,1.0,0.67,0.0,plq,ndp,1.0,,,,,,,,,,0.6,0.7,1.0,1.0,0.0,0.67,0.67,0.33,0.33,0.0,1.0,0.67,0.67,1.0,1.0,0.33,1.0,0.6,0.6,1.0,0.6,0.6,0.6,1.0,1.0,0.6,1.0,1.0,0.67,0.67
1344,1.1921813488006592,female,33.0,25_34,french,canadian_quebecois,high_school,under_20k,homemaker,4,1.0,widowed,1.0,5_plus_persons,0.0,no_children,catholic,0.5,other,type_2,,1.0,0.67,0.0,0.0,0.33,0.0,1.0,plq,ndp,0.0,1.0,1.0,0.0,0.5,1.0,1.0,0.0,1.0,0.0,1.0,0.67,1.0,plq,,0.89,0.0,0.0,,,1.0,0.05,0.5,,,0.0,0.0,1.0,,0.0,0.0,0.67,0.67,0.33,1.0,0.33,,0.0,0.0,0.33,0.0,1.0,1.0,1.0,1.0,1.0,1.0,1.0,1.0,1.0,1.0,1.0,1.0,0.17,0.17
1345,0.1318823248147964,female,62.0,55_64,french,canadian_quebecois,college_cegep,,self_employed,3,1.0,widowed,0.0,3_4_persons,1.0,no_children,,,montreal,type_2,0.0,1.0,0.67,0.67,1.0,0.67,1.0,1.0,plq,other,0.0,1.0,0.67,0.33,0.5,1.0,1.0,0.0,1.0,0.0,1.0,0.67,0.0,adq,,0.0,0.0,1.0,,,0.0,,0.85,,0.0,0.5,0.8,0.0,1.0,0.0,0.67,0.67,0.67,0.33,0.0,1.0,0.33,0.67,0.67,0.67,0.67,0.6,0.6,0.6,0.2,,0.6,0.6,0.6,0.6,,0.6,,0.67,0.67
1346,1.7230206727981567,female,40.0,35_44,french,canadian_quebecois,high_school,60k_to_80k,employed,13,1.0,,0.0,1_person,1.0,no_children,catholic,0.0,quebec_city,type_2,,0.67,0.33,0.67,0.67,0.67,0.33,1.0,adq,liberal,0.67,0.75,0.67,0.67,,0.67,1.0,0.33,1.0,0.0,0.0,0.67,0.0,adq,liberal,0.5,0.48,1.0,,,0.4,0.2,1.0,,,0.8,0.8,,0.0,0.0,0.67,1.0,0.33,0.33,0.33,1.0,,0.67,0.33,0.67,0.33,0.6,,0.6,0.6,0.6,0.6,0.6,0.8,0.6,0.8,0.6,1.0,0.67,0.67
1347,0.6140424609184265,female,45.0,35_44,english,canadian_quebecois,bachelor,80k_to_100k,employed,2,0.0,divorced_separated,,2_persons,1.0,children_under_18,catholic,0.5,quebec_city,type_2,,0.67,1.0,0.67,0.67,0.67,0.67,1.0,plq,conservative,0.67,0.75,0.67,0.67,0.5,0.67,0.67,0.67,1.0,0.0,1.0,0.67,0.0,plq,ndp,0.7,0.0,0.6,0.1,0.1,0.8,0.0,0.7,0.0,0.5,0.0,0.8,1.0,,0.0,,1.0,0.33,0.33,1.0,,0.33,0.33,0.67,0.0,0.0,,,,,,,,,,,,1.0,0.67,0.67
1348,0.3556142151355743,male,67.0,65_plus,french,canadian_quebecois,bachelor,,self_employed,3,1.0,widowed,0.0,3_4_persons,0.0,no_children,other_christian,0.5,quebec_city,type_2,,0.67,0.33,0.33,0.0,0.33,0.33,1.0,plq,conservative,0.33,0.5,0.67,0.67,0.5,0.67,1.0,0.0,1.0,1.0,1.0,0.33,1.0,adq,,0.1,0.0,0.9,0.0,0.05,0.2,0.0,0.9,0.05,,0.0,0.8,1.0,1.0,0.0,0.67,0.67,0.33,0.67,1.0,1.0,1.0,1.0,0.0,0.33,0.67,0.6,0.6,0.6,0.2,0.6,0.6,0.6,0.8,0.6,0.6,0.6,0.67,0.67,0.67
1349,2.3347883224487305,male,22.0,18_24,french,canadian_quebecois,college_cegep,under_20k,retired,5,1.0,widowed,1.0,5_plus_persons,0.0,children_under_18,other_religion,0.5,other_regions,type_2,,0.33,1.0,0.33,1.0,0.33,0.0,1.0,plq,bloc,1.0,1.0,0.67,1.0,1.0,0.33,0.33,0.33,0.0,0.0,0.0,0.67,1.0,pq,bloc,0.5,0.8,0.1,0.9,0.9,0.3,0.65,0.2,0.7,0.6,0.7,0.65,0.0,1.0,0.33,0.33,1.0,0.33,0.67,0.67,1.0,0.0,0.0,1.0,0.67,0.0,0.8,0.8,1.0,0.2,0.4,0.4,0.8,0.8,,,0.4,0.17,0.5,0.5
1350,0.4301224946975708,female,24.0,18_24,french,canadian_quebecois,college_cegep,40k_to_60k,employed,3,1.0,widowed,1.0,5_plus_persons,0.0,no_children,other_christian,0.5,other_regions,type_2,,1.0,1.0,0.67,1.0,0.67,0.67,1.0,plq,ndp,0.33,0.75,1.0,0.33,1.0,0.67,1.0,0.33,1.0,0.0,1.0,0.67,0.0,adq,conservative,0.01,0.6,0.9,,0.8,0.0,0.7,0.9,,,0.6,0.5,1.0,,0.67,0.33,0.67,0.67,0.33,0.67,1.0,0.0,0.67,0.67,0.33,0.0,0.6,0.8,0.6,0.2,0.6,0.8,0.8,0.8,0.6,,0.6,,0.17,0.67
1351,1.5618207454681396,female,54.0,45_54,french,canadian_quebecois,college_cegep,20k_to_40k,employed,8,1.0,widowed,1.0,,,no_children,protestant,1.0,other_regions,type_2,,1.0,0.67,1.0,1.0,1.0,0.67,1.0,plq,ndp,1.0,1.0,1.0,0.67,1.0,0.33,0.67,0.0,1.0,1.0,1.0,0.33,1.0,qs,conservative,0.25,0.9,0.7,0.9,0.9,0.0,0.0,0.0,,,1.0,,,,0.67,0.67,1.0,0.67,0.33,0.67,1.0,,0.0,,0.33,0.33,0.8,,,0.2,0.4,0.6,0.8,0.8,0.8,,0.8,0.17,0.5,0.5
1352,0.7802807092666626,male,,,english,other,bachelor,80k_to_100k,employed,6,0.0,common_law,0.0,1_person,1.0,no_children,catholic,0.5,quebec_city,type_2,,1.0,0.67,1.0,1.0,0.67,0.67,1.0,adq,conservative,1.0,0.75,0.33,0.0,0.5,1.0,1.0,0.0,1.0,1.0,1.0,0.33,1.0,other,liberal,0.5,0.5,0.1,,0.5,0.5,0.1,0.1,,,0.5,0.75,0.0,1.0,0.0,0.33,1.0,1.0,0.67,1.0,0.67,,,1.0,0.67,0.33,,,,0.2,,,,,,,,,0.17,0.17
1353,0.1318823248147964,female,60.0,55_64,french,canadian_quebecois,bachelor,60k_to_80k,self_employed,3,1.0,common_law,1.0,,,no_children,catholic,0.5,montreal,type_2,,1.0,1.0,1.0,0.67,1.0,0.67,1.0,plq,ndp,0.67,0.5,0.33,0.67,0.5,0.33,0.67,0.0,1.0,0.0,0.0,0.67,1.0,plq,conservative,0.8,0.7,0.5,,,0.75,0.4,0.4,0.7,,0.8,0.8,1.0,1.0,0.0,0.33,0.67,0.67,0.33,0.33,1.0,0.33,0.67,0.33,0.67,0.0,1.0,0.8,1.0,0.2,0.4,0.6,0.8,0.8,1.0,0.8,0.4,,0.5,0.5
1354,0.7795112729072571,male,30.0,25_34,other,other_european,graduate,over_150k,employed,13,1.0,divorced_separated,1.0,,0.0,both,catholic,0.5,montreal,type_2,,1.0,0.67,0.33,0.67,1.0,0.67,1.0,adq,other,1.0,0.5,0.67,1.0,0.5,0.33,0.33,0.67,0.0,0.0,0.0,0.67,0.0,plq,green,0.9,0.0,0.05,0.0,0.6,0.8,0.05,0.05,0.0,0.3,0.05,0.2,,1.0,0.0,0.0,0.67,0.0,0.33,1.0,0.33,0.0,0.0,0.67,1.0,0.67,1.0,1.0,1.0,0.2,1.0,1.0,1.0,1.0,1.0,1.0,1.0,1.0,1.0,0.67
1355,1.1933574676513672,female,83.0,65_plus,french,canadian_quebecois,high_school,,self_employed,4,1.0,single,0.0,2_persons,1.0,no_children,,,,type_2,1.0,1.0,1.0,1.0,0.67,1.0,1.0,1.0,plq,ndp,1.0,0.75,0.67,0.67,0.5,0.67,0.67,0.33,1.0,0.0,1.0,0.33,1.0,adq,,0.46,0.3,,,,0.3,0.5,0.75,,,0.5,0.75,0.0,0.0,0.0,,0.33,0.67,0.33,0.33,1.0,,0.33,0.67,0.67,0.67,,,,,,0.6,0.6,0.6,0.6,,0.6,0.67,0.67,0.67
1356,1.5382611751556396,male,67.0,65_plus,french,canadian_quebecois,high_school,under_20k,self_employed,26,1.0,common_law,0.0,3_4_persons,0.0,children_under_18,catholic,0.5,montreal,type_2,,1.0,0.67,0.33,0.67,1.0,0.33,1.0,adq,liberal,1.0,0.75,1.0,0.33,0.5,0.67,0.67,0.67,0.0,0.0,0.0,1.0,1.0,plq,ndp,0.8,0.1,0.6,0.0,0.0,0.8,0.2,0.6,0.1,,0.2,0.8,1.0,1.0,0.0,0.67,0.67,0.33,1.0,1.0,1.0,0.0,1.0,0.67,0.67,0.33,1.0,0.6,1.0,1.0,0.6,0.6,1.0,0.6,0.6,1.0,0.6,1.0,0.67,0.67
1357,0.926587700843811,female,30.0,25_34,french,other,bachelor,20k_to_40k,employed,13,1.0,divorced_separated,1.0,3_4_persons,0.0,no_children,other_christian,0.5,montreal,type_2,,1.0,0.67,0.67,1.0,0.33,1.0,1.0,plq,conservative,0.0,1.0,0.67,0.33,0.5,0.67,,0.33,1.0,0.0,0.0,0.67,0.0,adq,conservative,0.65,0.7,0.8,0.1,0.1,0.65,0.6,0.7,,,0.7,1.0,0.0,1.0,0.0,0.0,0.33,0.67,0.33,0.33,1.0,0.33,0.67,0.67,0.67,0.33,,0.6,1.0,1.0,,0.8,0.8,0.8,,1.0,0.6,1.0,1.0,0.83
1358,2.4493582248687744,male,52.0,45_54,french,canadian_quebecois,bachelor,under_20k,unemployed,2,1.0,widowed,1.0,3_4_persons,0.0,children_under_18,other_christian,0.5,quebec_city,type_2,,0.67,0.67,1.0,0.67,1.0,0.33,1.0,plq,conservative,0.33,1.0,0.67,1.0,0.5,1.0,0.67,0.0,1.0,0.0,1.0,0.67,1.0,adq,liberal,0.15,0.02,0.8,0.0,0.0,0.2,0.0,0.8,0.02,0.02,0.0,,0.0,1.0,0.0,0.33,0.67,0.67,0.33,0.33,1.0,0.0,0.67,0.67,,0.33,0.6,0.6,0.6,0.6,0.6,0.6,0.6,0.6,0.6,0.6,0.6,0.67,0.67,0.67
1359,1.1798489093780518,female,49.0,45_54,french,canadian_quebecois,bachelor,over_150k,employed,16,1.0,widowed,1.0,5_plus_persons,0.0,children_18_plus,catholic,0.5,monteregie,type_2,,1.0,0.67,0.33,0.67,0.33,0.67,1.0,adq,liberal,0.0,0.5,0.33,0.0,0.5,0.67,0.67,0.33,1.0,0.0,,0.67,1.0,plq,,0.8,0.2,0.5,,,0.85,0.5,0.65,0.5,,0.25,0.7,1.0,1.0,0.0,0.33,0.67,0.0,0.33,1.0,1.0,0.33,1.0,0.67,1.0,0.67,1.0,1.0,1.0,,0.4,,1.0,0.6,1.0,1.0,,1.0,0.5,0.67
1360,0.5248628258705139,female,57.0,55_64,french,canadian_quebecois,high_school,under_20k,employed,5,1.0,widowed,,3_4_persons,0.0,children_under_18,protestant,0.0,other_regions,type_2,,1.0,0.67,0.67,1.0,0.33,0.67,1.0,plq,ndp,1.0,1.0,0.67,0.33,1.0,0.67,1.0,0.33,1.0,1.0,1.0,0.33,1.0,,,0.4,,0.6,0.5,,0.3,0.5,0.7,0.6,,0.3,0.5,0.0,1.0,0.67,0.0,0.67,0.67,0.67,0.67,1.0,0.67,0.33,0.67,0.33,0.33,0.8,0.6,0.6,0.6,0.4,0.6,0.8,0.8,0.6,0.4,0.6,0.67,0.67,0.67
1361,0.6322008967399597,male,56.0,55_64,french,canadian_quebecois,high_school,over_150k,self_employed,6,1.0,widowed,1.0,3_4_persons,0.0,children_under_18,protestant,0.5,other_regions,type_2,,1.0,1.0,0.67,0.67,0.67,0.33,1.0,plq,ndp,0.67,0.75,0.67,0.33,1.0,0.67,0.67,0.33,0.0,0.0,0.0,0.67,1.0,pq,ndp,0.5,0.75,0.5,0.1,0.0,0.4,0.6,0.5,0.25,0.1,0.75,0.75,0.0,1.0,0.67,,0.67,0.67,0.33,0.67,1.0,0.67,0.67,0.67,0.67,0.67,1.0,0.8,0.8,0.8,0.8,0.6,0.8,0.8,1.0,0.8,0.6,,,0.67
1362,0.4079344272613525,female,59.0,55_64,french,canadian_quebecois,college_cegep,20k_to_40k,employed,15,1.0,widowed,1.0,5_plus_persons,0.0,children_under_18,protestant,0.5,other_regions,type_2,,0.67,1.0,0.67,1.0,0.67,0.33,1.0,plq,bloc,1.0,1.0,0.67,1.0,1.0,1.0,0.67,0.67,1.0,0.0,0.0,0.67,0.0,pq,green,0.5,1.0,0.7,0.4,0.75,0.0,0.75,0.75,0.6,0.8,0.8,0.75,1.0,0.0,0.67,0.33,0.67,0.33,0.67,0.67,1.0,0.0,0.67,0.67,0.67,0.0,,0.8,0.8,0.8,0.6,0.8,0.8,0.8,0.8,0.8,0.8,0.83,0.83,0.67
1363,0.5101058483123779,male,21.0,18_24,french,canadian_quebecois,bachelor,20k_to_40k,employed,12,1.0,divorced_separated,1.0,3_4_persons,0.0,children_18_plus,protestant,0.5,other_regions,type_2,,0.67,1.0,0.33,0.67,0.67,0.0,1.0,plq,bloc,0.67,0.75,0.67,0.0,1.0,0.33,0.67,0.33,0.0,0.0,1.0,0.33,1.0,pq,bloc,0.4,0.9,0.6,0.9,0.8,0.1,0.7,0.6,0.85,,0.7,0.5,0.0,1.0,0.33,0.33,0.67,0.33,0.33,0.67,1.0,0.0,0.33,0.67,0.67,0.0,0.4,0.8,0.8,0.2,0.4,0.8,0.8,0.8,0.8,0.8,0.4,0.83,0.5,0.67
1364,2.061872959136963,male,23.0,18_24,french,canadian_quebecois,high_school,40k_to_60k,employed,6,1.0,divorced_separated,1.0,3_4_persons,0.0,children_under_18,,,monteregie,type_2,0.0,1.0,1.0,0.67,1.0,0.67,0.33,1.0,adq,liberal,0.67,0.75,0.67,0.33,1.0,1.0,0.67,0.33,1.0,0.0,1.0,0.67,1.0,pq,,0.25,0.7,0.6,0.65,0.5,0.0,0.6,0.75,0.65,,0.8,0.5,0.0,1.0,0.67,,0.67,0.33,0.33,0.33,1.0,0.0,0.33,0.33,0.33,0.0,0.8,0.6,0.6,0.2,0.4,0.6,0.4,0.8,0.8,0.6,0.4,0.83,0.67,0.67
1365,0.7158807516098022,male,62.0,55_64,french,canadian_quebecois,college_cegep,100k_to_120k,self_employed,4,1.0,widowed,0.0,2_persons,0.0,no_children,catholic,0.5,quebec_city,type_2,,0.67,0.33,0.33,0.33,0.0,0.67,1.0,plq,ndp,0.0,0.0,0.0,0.0,0.5,0.33,0.33,0.67,0.0,,0.0,0.67,0.0,plq,,0.9,0.05,0.2,0.0,0.0,0.8,0.3,0.05,0.0,,0.1,0.7,1.0,1.0,0.0,0.33,1.0,0.0,1.0,1.0,0.33,0.33,0.33,1.0,0.67,1.0,,1.0,1.0,1.0,0.4,0.6,1.0,0.8,,1.0,0.8,1.0,0.83,0.5
1366,0.6322008967399597,male,63.0,55_64,french,canadian_quebecois,graduate,100k_to_120k,employed,16,1.0,single,1.0,2_persons,0.0,children_18_plus,protestant,1.0,other_regions,type_2,,1.0,1.0,0.67,0.33,1.0,0.0,1.0,adq,liberal,1.0,0.75,0.67,0.33,1.0,1.0,0.33,0.33,0.0,,1.0,0.67,1.0,pq,,0.1,0.9,0.5,0.2,0.0,0.2,0.8,0.4,0.6,0.1,0.9,0.6,0.0,1.0,1.0,1.0,1.0,0.0,0.33,0.67,1.0,0.0,0.0,0.67,0.67,0.33,0.8,0.8,0.8,0.8,0.8,0.8,0.8,0.8,0.8,0.8,0.8,0.83,0.83,0.67
1367,2.4493582248687744,male,53.0,45_54,french,canadian_quebecois,graduate,over_150k,employed,2,1.0,widowed,0.0,3_4_persons,0.0,children_18_plus,catholic,0.5,quebec_city,type_2,,0.67,1.0,0.67,0.67,0.33,1.0,1.0,adq,liberal,0.0,0.75,0.33,0.0,0.5,0.33,0.33,0.67,0.0,0.0,1.0,0.33,1.0,plq,ndp,0.75,0.0,0.45,0.0,0.0,0.86,0.11,0.34,0.0,,0.0,0.78,0.0,1.0,0.0,0.67,0.33,0.33,1.0,1.0,0.33,0.0,0.67,0.67,0.67,1.0,1.0,1.0,1.0,1.0,1.0,1.0,1.0,1.0,1.0,1.0,1.0,1.0,1.0,1.0
1368,0.2931336760520935,female,55.0,45_54,english,canadian_quebecois,high_school,20k_to_40k,,7,1.0,,1.0,,1.0,no_children,protestant,0.5,other_regions,type_2,,1.0,1.0,1.0,0.67,1.0,1.0,1.0,plq,ndp,0.33,1.0,1.0,,1.0,0.67,1.0,0.33,1.0,,1.0,0.33,1.0,,,,0.6,0.5,,,0.01,0.75,0.5,,,0.75,0.75,,1.0,,0.0,,1.0,0.33,,,1.0,,1.0,1.0,0.0,,,,,,,,0.8,0.8,,,0.83,0.67,
1369,0.6322008967399597,male,56.0,55_64,french,canadian_quebecois,college_cegep,80k_to_100k,employed,14,1.0,divorced_separated,0.0,,1.0,no_children,other_christian,0.5,quebec_city,type_2,,0.33,0.67,0.33,0.67,0.67,0.0,1.0,plq,ndp,0.0,0.5,0.67,0.67,0.5,1.0,1.0,0.0,1.0,0.0,1.0,0.67,1.0,adq,liberal,0.4,0.1,0.65,0.01,0.25,0.2,0.1,0.4,,,0.4,0.8,,,0.0,0.67,0.67,0.67,0.67,1.0,1.0,0.0,1.0,0.33,0.67,0.67,0.6,0.6,0.6,,0.8,0.6,0.6,0.6,0.6,0.6,0.6,0.17,0.67,0.67
1370,1.5382611751556396,male,66.0,65_plus,french,canadian_quebecois,high_school,under_20k,,25,1.0,divorced_separated,0.0,3_4_persons,1.0,no_children,other_christian,1.0,outaouais,type_2,,1.0,1.0,0.33,0.67,0.33,0.0,1.0,plq,bloc,0.0,1.0,1.0,1.0,0.5,0.67,0.67,0.33,1.0,,0.0,0.67,1.0,adq,,0.0,0.0,1.0,0.0,0.25,0.0,0.0,1.0,0.1,0.0,0.25,0.25,0.0,0.0,0.0,1.0,1.0,0.0,0.67,1.0,0.33,1.0,0.67,0.33,0.67,0.33,,0.6,0.6,0.2,0.6,0.6,0.6,0.6,0.6,,0.6,0.67,0.67,0.67
1371,0.6322008967399597,male,61.0,55_64,french,canadian_quebecois,high_school,40k_to_60k,employed,16,1.0,widowed,0.0,,1.0,no_children,other_christian,1.0,montreal,type_2,,1.0,1.0,0.67,1.0,0.67,0.33,1.0,plq,conservative,0.67,,0.67,0.67,0.5,1.0,1.0,0.0,1.0,1.0,1.0,0.67,1.0,adq,liberal,0.4,0.2,0.6,0.0,0.1,0.0,0.0,0.7,,,0.9,0.5,0.0,1.0,0.0,,1.0,0.67,0.33,1.0,1.0,0.33,1.0,0.67,0.67,0.33,0.6,0.6,,0.6,0.6,0.6,0.6,0.6,0.6,0.6,0.6,0.67,0.67,0.67
1372,0.5400015711784363,female,59.0,55_64,french,canadian_quebecois,high_school,80k_to_100k,self_employed,7,1.0,widowed,1.0,3_4_persons,1.0,children_under_18,other_christian,1.0,quebec_city,type_2,,0.67,1.0,0.33,1.0,0.33,0.0,1.0,plq,ndp,0.67,0.5,1.0,0.67,,0.33,1.0,0.33,1.0,0.0,1.0,0.33,1.0,adq,liberal,0.51,0.35,0.65,0.0,0.0,0.4,0.1,0.8,,,0.3,0.7,0.0,,0.0,0.67,1.0,0.67,0.67,0.0,1.0,1.0,0.67,0.67,1.0,1.0,,0.6,0.6,0.6,0.6,0.6,0.6,0.6,0.6,,0.6,1.0,0.67,0.67
1373,1.5382611751556396,male,71.0,65_plus,french,canadian_quebecois,high_school,40k_to_60k,self_employed,25,1.0,common_law,0.0,2_persons,0.0,children_under_18,protestant,1.0,other_regions,type_2,,1.0,1.0,1.0,1.0,1.0,0.67,1.0,plq,ndp,0.67,1.0,1.0,0.33,1.0,0.67,0.67,0.33,1.0,0.0,1.0,0.33,0.0,pq,ndp,0.5,0.9,0.7,0.0,0.0,0.5,0.4,0.7,0.0,0.2,0.2,0.5,0.0,1.0,0.33,0.67,0.67,0.67,0.33,0.33,1.0,0.33,0.33,0.67,0.67,0.33,0.8,0.8,0.8,0.8,0.8,0.8,0.8,0.8,0.8,0.8,0.8,1.0,0.67,0.67
1374,0.9275031685829164,female,65.0,55_64,french,canadian_quebecois,college_cegep,20k_to_40k,self_employed,16,1.0,married,1.0,3_4_persons,0.0,no_children,protestant,0.5,other_regions,type_2,,1.0,1.0,0.33,0.33,0.33,0.33,1.0,adq,conservative,0.33,0.0,0.67,0.33,,0.67,0.67,0.33,0.0,,0.0,0.67,1.0,,,0.6,0.6,0.55,0.45,0.65,0.6,0.45,0.65,0.55,0.65,0.75,0.8,0.0,1.0,0.0,0.33,0.67,0.33,0.67,0.67,1.0,0.33,0.67,0.67,0.67,0.33,0.8,0.8,0.8,0.2,0.8,0.8,0.8,0.8,,,0.6,1.0,,0.5
1375,0.2214419990777969,female,60.0,55_64,english,other,college_cegep,100k_to_120k,employed,6,0.0,widowed,,3_4_persons,1.0,children_under_18,catholic,0.0,montreal,type_2,,1.0,1.0,0.67,1.0,0.67,0.67,1.0,pq,ndp,0.67,0.75,0.33,0.67,0.5,1.0,1.0,0.33,1.0,1.0,1.0,0.67,1.0,plq,,1.0,0.0,0.5,,,0.8,0.25,0.6,,,0.5,0.6,0.0,0.0,0.0,0.0,0.33,0.67,0.33,1.0,0.33,0.67,0.33,0.33,0.33,0.33,1.0,1.0,1.0,0.2,,0.6,1.0,1.0,1.0,1.0,1.0,1.0,,1.0
1376,0.5400015711784363,female,63.0,55_64,french,canadian_quebecois,college_cegep,20k_to_40k,self_employed,8,1.0,widowed,,5_plus_persons,0.0,children_under_18,protestant,0.5,other_regions,type_2,,0.67,1.0,0.67,1.0,1.0,0.33,1.0,pq,liberal,0.33,0.75,0.67,0.33,1.0,0.33,0.67,0.33,1.0,0.0,,0.67,1.0,pq,bloc,0.5,0.7,0.3,0.6,0.2,0.4,0.7,0.65,0.8,0.5,0.6,0.7,1.0,,0.33,0.67,0.67,0.0,0.33,0.33,1.0,,0.67,0.67,0.67,0.67,,,,0.4,0.4,0.4,0.4,0.4,,,0.4,0.5,0.5,0.5
1377,2.6469666957855225,female,53.0,45_54,other,other_european,bachelor,20k_to_40k,employed,6,0.0,common_law,,5_plus_persons,0.0,no_children,other_christian,0.5,eastern_quebec,type_2,,1.0,1.0,0.67,1.0,1.0,1.0,1.0,qs,ndp,1.0,0.75,0.67,0.33,0.5,1.0,0.67,0.0,1.0,1.0,1.0,0.33,1.0,adq,green,0.4,0.4,0.6,0.0,0.8,0.4,0.4,0.5,0.6,0.6,0.0,0.9,0.0,1.0,0.0,0.67,1.0,1.0,0.33,1.0,1.0,0.67,0.67,0.33,0.0,0.33,0.6,0.6,0.6,0.2,0.4,1.0,0.8,0.4,0.6,0.6,1.0,0.33,0.33,0.33
1378,1.330445408821106,female,24.0,18_24,french,canadian_quebecois,bachelor,under_20k,retired,6,1.0,divorced_separated,1.0,5_plus_persons,0.0,children_under_18,other_religion,0.5,other_regions,type_2,,0.67,1.0,0.33,1.0,0.33,0.33,1.0,adq,liberal,0.67,0.75,0.33,0.67,,0.67,1.0,0.0,1.0,0.0,1.0,0.33,1.0,qs,conservative,0.1,0.8,0.5,0.95,0.85,0.15,0.35,0.2,0.89,,0.6,0.8,0.0,1.0,0.33,,0.67,0.67,,0.33,1.0,0.33,0.33,0.33,0.33,0.33,,0.8,,0.2,0.4,0.4,0.8,0.4,0.8,0.8,0.4,1.0,0.5,0.5
1379,0.6322008967399597,male,56.0,55_64,french,canadian_quebecois,bachelor,over_150k,employed,6,0.0,widowed,,3_4_persons,0.0,both,catholic,0.5,quebec_city,type_2,,0.33,0.33,0.33,1.0,0.33,0.0,1.0,adq,liberal,1.0,0.5,0.33,0.33,0.5,0.67,0.67,0.33,1.0,0.0,,0.67,1.0,plq,green,0.6,0.1,0.5,0.05,0.6,,,,,,0.5,0.8,0.0,1.0,0.0,0.67,0.33,0.0,0.33,1.0,0.33,0.33,0.67,0.33,0.67,0.67,,,1.0,0.2,1.0,0.4,1.0,,1.0,,,1.0,0.0,
1380,2.670271873474121,male,35.0,25_34,french,other,graduate,40k_to_60k,employed,6,1.0,widowed,1.0,3_4_persons,0.0,children_18_plus,catholic,0.5,montreal,type_2,,1.0,1.0,0.67,0.67,0.33,0.0,1.0,plq,ndp,0.0,0.75,0.33,0.0,0.5,0.33,0.33,0.33,1.0,,1.0,0.67,1.0,plq,green,0.8,0.53,0.21,0.45,0.75,0.6,0.55,0.05,0.25,0.66,0.5,0.75,0.0,1.0,0.0,0.33,1.0,0.67,0.33,1.0,1.0,0.0,0.33,0.67,0.67,0.33,1.0,1.0,1.0,0.2,0.4,1.0,0.8,0.8,1.0,1.0,1.0,1.0,0.83,0.17
1381,0.3431829512119293,male,62.0,55_64,other,canadian_quebecois,high_school,40k_to_60k,self_employed,6,0.0,single,0.0,1_person,1.0,children_under_18,catholic,0.0,montreal,type_2,,1.0,0.67,0.0,1.0,1.0,1.0,1.0,adq,liberal,0.0,0.5,0.33,0.0,0.5,1.0,1.0,0.33,1.0,0.0,1.0,0.0,1.0,adq,green,0.3,0.3,0.6,,0.1,0.2,0.2,0.7,,,0.75,0.4,0.0,1.0,0.0,0.33,1.0,0.33,0.67,1.0,,,1.0,0.0,1.0,0.0,,1.0,1.0,0.2,,0.6,,,,,0.6,,0.67,0.67
1382,0.926587700843811,female,26.0,25_34,french,canadian_quebecois,bachelor,20k_to_40k,employed,6,1.0,widowed,1.0,3_4_persons,,children_18_plus,protestant,0.5,other_regions,type_2,,0.67,1.0,0.0,0.67,0.67,0.0,1.0,pq,liberal,1.0,1.0,0.67,0.33,1.0,0.67,0.67,0.33,1.0,0.0,0.0,0.33,0.0,pq,bloc,0.03,0.09,0.01,0.09,0.07,0.3,0.9,0.1,0.7,0.7,0.65,0.65,0.0,1.0,0.67,0.33,0.67,0.33,0.67,0.67,1.0,0.0,0.0,1.0,0.67,0.33,0.8,0.8,0.8,0.2,0.4,0.8,0.8,0.8,0.8,0.8,0.8,0.83,0.83,0.33
1383,1.828485131263733,male,53.0,45_54,french,canadian_quebecois,high_school,20k_to_40k,employed,6,1.0,widowed,1.0,3_4_persons,0.0,no_children,protestant,0.5,other_regions,type_2,,1.0,1.0,1.0,1.0,1.0,1.0,1.0,adq,liberal,1.0,1.0,1.0,0.33,1.0,1.0,0.67,0.0,1.0,1.0,1.0,0.33,,,,0.0,0.5,0.25,0.25,,0.0,0.6,0.5,0.5,,0.8,0.5,0.0,1.0,1.0,0.33,1.0,0.67,0.67,0.67,1.0,0.33,0.67,0.67,0.33,0.0,,,,0.2,,0.6,0.8,0.8,0.6,,0.6,,,0.67
1384,0.4301224946975708,female,22.0,18_24,french,canadian_quebecois,college_cegep,under_20k,retired,3,1.0,widowed,1.0,5_plus_persons,1.0,no_children,other_christian,1.0,outaouais,type_2,,1.0,1.0,0.33,0.33,0.67,0.33,1.0,plq,conservative,0.33,0.75,1.0,0.67,0.5,0.67,0.67,0.33,1.0,1.0,1.0,0.33,1.0,adq,,0.3,0.0,1.0,,,0.0,0.15,1.0,,,0.1,0.8,0.0,,0.0,0.33,0.67,0.67,0.33,0.33,0.33,0.33,0.67,0.67,0.33,0.0,0.6,0.6,0.6,0.6,0.6,0.6,0.6,0.6,0.6,0.6,0.6,0.67,0.67,0.67
1385,0.381436675786972,female,51.0,45_54,french,canadian_quebecois,college_cegep,20k_to_40k,employed,3,1.0,divorced_separated,0.0,3_4_persons,0.0,no_children,other_christian,0.5,quebec_city,type_2,,1.0,1.0,0.67,0.67,0.33,0.67,1.0,plq,conservative,0.33,0.75,0.67,0.33,,0.67,0.67,0.33,0.0,,,0.67,1.0,,,0.3,0.25,0.4,,,0.35,0.15,0.5,,,0.0,0.2,0.0,1.0,0.33,0.0,0.67,0.33,0.33,0.33,1.0,0.0,0.33,0.67,0.67,0.0,1.0,0.6,0.6,1.0,1.0,0.6,0.8,0.8,0.6,1.0,0.6,1.0,0.67,0.67
1386,0.7795112729072571,male,32.0,25_34,english,canadian_quebecois,bachelor,100k_to_120k,employed,6,0.0,divorced_separated,1.0,3_4_persons,0.0,children_18_plus,catholic,0.5,outaouais,type_2,,0.67,0.67,0.33,0.67,0.33,1.0,1.0,qs,ndp,0.0,0.5,0.33,0.33,0.5,0.33,0.33,0.33,0.0,0.0,1.0,0.67,1.0,plq,green,0.95,0.0,0.5,0.0,0.75,1.0,0.22,0.75,,,0.0,0.75,0.0,1.0,0.0,0.67,0.0,0.0,1.0,1.0,1.0,0.33,0.67,1.0,1.0,0.67,1.0,1.0,1.0,1.0,1.0,1.0,1.0,1.0,1.0,1.0,1.0,1.0,1.0,0.67
1387,1.7230206727981567,female,43.0,35_44,french,canadian_quebecois,high_school,under_20k,employed,16,1.0,widowed,0.0,3_4_persons,1.0,,catholic,0.5,monteregie,type_2,,1.0,0.67,0.67,0.67,0.0,1.0,0.0,plq,ndp,0.33,0.75,1.0,0.67,,0.67,,0.0,1.0,1.0,0.0,0.0,1.0,,,,,,,,,,,,,0.0,,,,,,,,0.33,0.0,,,,,,,1.0,1.0,1.0,1.0,1.0,1.0,1.0,1.0,1.0,1.0,1.0,1.0,0.17,1.0
1388,0.4079344272613525,female,61.0,55_64,french,canadian_quebecois,high_school,20k_to_40k,,14,1.0,widowed,1.0,5_plus_persons,,no_children,protestant,0.0,other_regions,type_2,,0.67,0.67,0.67,0.67,0.67,0.33,1.0,plq,ndp,0.67,0.5,0.67,1.0,1.0,0.67,0.67,0.33,1.0,0.0,1.0,0.33,0.0,qs,green,0.04,0.02,0.06,0.08,0.08,0.04,0.0,0.05,,0.02,0.85,0.85,0.0,1.0,0.0,0.67,,0.67,0.33,0.67,1.0,0.0,0.33,0.67,0.33,0.33,,,,0.4,0.6,0.6,0.8,0.4,,0.6,0.6,0.17,0.17,0.67
1389,0.7802807092666626,male,73.0,65_plus,english,other,bachelor,60k_to_80k,self_employed,16,0.0,divorced_separated,0.0,2_persons,0.0,children_under_18,catholic,0.0,montreal,type_2,,0.33,0.33,0.0,0.33,0.33,0.67,1.0,adq,bloc,0.0,0.0,0.33,0.67,0.5,0.33,0.33,0.33,1.0,,0.0,0.33,0.0,plq,,0.5,0.0,0.3,,0.1,0.6,0.0,0.25,,,0.2,0.9,0.0,0.0,1.0,0.33,,0.0,1.0,1.0,0.33,0.33,1.0,0.67,0.33,1.0,,,1.0,,,,,,,,,0.17,,
1390,1.6519296169281006,female,40.0,35_44,french,canadian_quebecois,college_cegep,20k_to_40k,employed,2,1.0,divorced_separated,1.0,3_4_persons,0.0,children_under_18,protestant,0.5,other_regions,type_2,,0.67,1.0,0.67,0.33,1.0,1.0,1.0,plq,ndp,0.67,0.75,1.0,0.33,1.0,0.67,0.67,0.33,1.0,1.0,1.0,0.67,0.0,pq,liberal,0.4,0.8,0.3,0.0,0.0,0.5,0.8,0.3,0.0,0.0,0.3,0.6,1.0,0.0,0.67,0.33,0.67,0.33,0.67,0.67,1.0,0.0,0.67,0.67,0.33,0.0,0.8,0.8,0.8,0.8,0.8,0.8,0.8,0.8,0.8,0.8,0.8,,,
1391,2.216895818710327,female,36.0,35_44,french,canadian_quebecois,college_cegep,20k_to_40k,employed,32,1.0,divorced_separated,1.0,5_plus_persons,0.0,no_children,other_christian,1.0,outaouais,type_2,,1.0,1.0,0.67,0.33,0.67,0.67,1.0,adq,,1.0,0.5,0.67,0.67,1.0,1.0,1.0,0.0,1.0,0.0,1.0,0.33,1.0,adq,conservative,0.3,0.7,0.85,,,,,,,,0.2,0.9,0.0,,0.67,0.0,1.0,0.67,0.67,0.33,1.0,0.67,0.67,,0.67,0.0,,,,,,,,,,,,,0.67,0.83
1392,0.4079344272613525,female,64.0,55_64,french,other_european,college_cegep,60k_to_80k,employed,6,1.0,widowed,1.0,5_plus_persons,0.0,no_children,protestant,1.0,quebec_city,type_2,,1.0,0.67,1.0,1.0,1.0,1.0,1.0,plq,ndp,0.33,1.0,0.33,0.67,0.5,1.0,0.67,0.33,1.0,0.0,0.0,0.67,1.0,pq,bloc,0.2,0.65,0.3,0.5,0.5,0.05,0.45,0.4,0.5,,0.0,1.0,0.0,1.0,0.33,0.0,0.67,0.33,0.67,0.33,1.0,0.67,0.33,,0.33,0.0,,0.8,1.0,0.2,0.8,0.8,0.8,0.8,0.8,0.8,0.4,1.0,0.5,0.5
1393,1.1798489093780518,female,47.0,45_54,french,canadian_quebecois,college_cegep,20k_to_40k,employed,15,1.0,divorced_separated,1.0,2_persons,0.0,no_children,protestant,1.0,other_regions,type_2,,1.0,1.0,0.67,1.0,0.67,0.0,1.0,plq,ndp,1.0,0.75,0.67,1.0,1.0,0.67,0.33,0.67,0.0,0.0,0.0,0.67,1.0,pq,ndp,0.0,1.0,0.5,0.1,0.1,0.0,1.0,0.5,0.1,0.1,0.75,0.75,0.0,1.0,1.0,1.0,0.67,0.0,0.67,0.67,1.0,0.0,0.0,1.0,1.0,0.0,0.8,0.8,0.8,0.8,0.8,0.8,0.8,0.8,0.8,0.8,0.8,0.83,0.83,0.83
1394,1.4359921216964722,male,32.0,25_34,french,canadian_quebecois,high_school,40k_to_60k,employed,14,1.0,widowed,0.0,3_4_persons,0.0,no_children,protestant,0.0,other_regions,type_2,,1.0,0.33,0.67,1.0,0.67,0.67,1.0,adq,liberal,0.33,0.75,0.0,1.0,1.0,0.67,1.0,0.0,1.0,0.0,1.0,0.33,0.0,adq,conservative,0.5,0.75,0.9,0.02,0.05,0.7,0.25,0.75,0.01,0.02,0.1,0.4,,,0.0,0.67,1.0,0.67,0.33,0.67,1.0,0.0,0.67,1.0,1.0,0.0,0.6,,0.6,,,0.6,0.6,0.6,0.6,0.6,0.6,1.0,0.67,0.67
1395,0.3911031782627105,female,59.0,55_64,french,canadian_quebecois,bachelor,40k_to_60k,employed,2,1.0,widowed,1.0,,0.0,children_under_18,protestant,0.5,other_regions,type_2,,1.0,1.0,0.67,0.67,0.67,0.0,1.0,adq,conservative,0.67,0.75,0.67,0.67,1.0,0.67,0.67,0.0,1.0,0.0,1.0,0.33,1.0,pq,,0.0,0.8,0.3,0.3,0.2,0.0,0.5,0.2,0.4,0.3,0.5,0.5,0.0,1.0,0.33,1.0,0.67,0.33,0.67,0.67,1.0,,0.33,0.33,0.67,0.33,0.8,0.8,,0.8,0.8,0.6,0.8,0.8,0.8,0.8,0.8,0.17,,
1396,0.6322008967399597,male,62.0,55_64,french,canadian_quebecois,elementary,40k_to_60k,employed,6,1.0,widowed,1.0,2_persons,1.0,no_children,,,montreal,type_2,,1.0,0.0,0.0,0.67,0.33,1.0,1.0,plq,conservative,0.67,0.5,0.67,1.0,0.5,0.67,0.67,0.0,1.0,0.0,1.0,0.67,0.0,plq,ndp,0.5,0.1,0.35,,,0.4,0.1,0.5,0.2,,0.5,0.65,0.0,1.0,0.0,0.0,0.67,1.0,0.33,1.0,1.0,0.67,1.0,0.33,0.33,0.0,,,,,,0.6,1.0,0.8,0.6,,,1.0,0.17,
1397,0.7795112729072571,male,26.0,25_34,english,canadian_quebecois,graduate,40k_to_60k,employed,6,0.0,widowed,1.0,5_plus_persons,0.0,children_under_18,catholic,1.0,montreal,type_2,,1.0,1.0,1.0,1.0,0.33,1.0,1.0,qs,ndp,1.0,0.5,0.0,1.0,0.5,0.0,0.0,0.67,,0.0,0.0,0.67,0.0,plq,green,0.9,0.0,0.4,0.0,0.75,0.65,0.4,0.35,,,0.0,0.75,0.0,1.0,0.0,1.0,1.0,0.0,1.0,1.0,0.33,0.33,0.67,0.67,0.67,0.67,1.0,1.0,1.0,0.2,0.8,,,,1.0,1.0,1.0,1.0,0.83,0.5
1398,1.956773042678833,male,45.0,35_44,french,canadian_quebecois,college_cegep,60k_to_80k,employed,26,1.0,divorced_separated,0.0,2_persons,1.0,no_children,protestant,0.0,quebec_city,type_2,,0.67,0.67,0.33,0.67,0.67,0.33,1.0,adq,liberal,0.67,0.0,1.0,1.0,1.0,1.0,1.0,0.33,1.0,0.0,,0.67,1.0,adq,conservative,0.0,0.5,0.7,0.05,0.15,0.5,,0.8,,0.0,0.5,0.8,1.0,1.0,0.33,0.67,0.67,0.0,0.33,0.67,1.0,1.0,0.67,0.67,0.33,1.0,0.6,0.8,1.0,,0.6,0.6,0.8,0.8,0.6,,0.6,1.0,0.67,0.67
1399,1.330445408821106,female,20.0,18_24,french,canadian_quebecois,college_cegep,20k_to_40k,,14,1.0,widowed,1.0,5_plus_persons,0.0,no_children,protestant,1.0,other_regions,type_2,,0.67,1.0,0.67,0.67,0.33,0.33,1.0,plq,bloc,1.0,0.75,0.67,0.67,1.0,0.67,,0.33,1.0,0.0,1.0,0.0,0.0,pq,green,0.2,0.95,0.4,0.75,0.85,0.0,0.75,0.7,,,0.6,0.6,0.0,1.0,1.0,0.33,1.0,0.33,,0.67,1.0,0.0,,,0.67,0.0,,0.8,,0.2,,0.6,0.8,0.8,0.8,,0.8,0.17,0.83,0.67
1400,1.1798489093780518,female,45.0,35_44,french,other,college_cegep,40k_to_60k,employed,6,0.0,widowed,1.0,5_plus_persons,0.0,children_18_plus,catholic,0.0,monteregie,type_2,,1.0,0.67,0.67,0.67,0.67,1.0,0.0,plq,conservative,0.33,0.75,0.67,0.33,0.5,1.0,1.0,0.0,1.0,1.0,1.0,0.67,,,,0.6,0.0,0.5,0.0,0.1,0.5,0.0,0.35,,,0.5,0.35,0.0,1.0,0.0,0.0,0.33,1.0,0.33,1.0,,,0.67,0.33,0.33,0.67,,,,0.2,,,1.0,,1.0,1.0,,0.17,0.17,0.17
1401,0.3556142151355743,male,69.0,65_plus,french,canadian_quebecois,college_cegep,20k_to_40k,self_employed,3,1.0,single,0.0,2_persons,0.0,children_18_plus,protestant,1.0,other_regions,type_2,,0.67,1.0,0.67,1.0,0.33,0.33,1.0,qs,conservative,1.0,0.75,0.33,0.33,1.0,1.0,0.67,0.33,0.0,0.0,1.0,0.67,1.0,pq,bloc,0.2,0.9,0.1,0.65,0.65,0.1,0.6,0.1,0.85,0.5,0.8,0.75,0.0,1.0,0.33,0.67,0.67,0.33,0.67,0.67,1.0,0.0,0.33,0.33,0.67,0.33,0.4,0.8,1.0,0.2,0.8,0.8,0.8,0.8,0.8,0.8,0.4,0.83,0.5,0.5
1402,0.2214419990777969,female,57.0,55_64,other,canadian_quebecois,bachelor,,homemaker,16,1.0,common_law,1.0,2_persons,0.0,no_children,catholic,0.5,montreal,type_2,,0.67,1.0,0.67,0.67,0.67,0.67,1.0,plq,bloc,,0.75,0.33,0.0,0.5,0.33,0.67,0.33,1.0,0.0,,0.67,1.0,pq,liberal,0.6,0.5,0.5,,0.5,0.7,0.3,0.4,,,0.7,0.7,1.0,1.0,0.0,0.33,0.33,0.33,1.0,0.0,1.0,0.0,0.33,0.67,0.33,0.0,1.0,1.0,0.4,0.2,0.4,1.0,1.0,1.0,0.8,1.0,0.2,1.0,,
1403,1.2497085332870483,female,40.0,35_44,other,other_european,high_school,under_20k,employed,3,1.0,widowed,,5_plus_persons,0.0,no_children,other_christian,0.5,monteregie,type_2,,0.67,1.0,0.33,0.33,0.67,0.67,0.0,plq,ndp,0.33,1.0,1.0,0.67,0.5,0.67,0.67,0.33,1.0,0.0,1.0,0.33,1.0,,,0.5,0.01,0.8,0.3,,0.5,0.01,0.8,,,0.5,0.5,1.0,,0.0,0.33,,0.33,0.33,0.0,,0.0,0.33,,,0.67,,0.6,0.6,0.2,0.6,0.6,,,0.6,0.6,0.6,0.67,0.67,0.67
1404,1.1798489093780518,female,48.0,45_54,french,canadian_quebecois,graduate,over_150k,employed,16,0.0,married,0.0,2_persons,0.0,no_children,catholic,0.5,quebec_city,type_2,,0.67,0.67,0.33,1.0,0.33,0.67,1.0,adq,liberal,0.0,0.75,0.33,0.33,0.5,0.33,0.33,0.67,0.0,,0.0,0.67,1.0,plq,green,0.75,0.55,0.4,0.2,0.6,0.7,0.4,0.5,0.2,,0.4,0.5,1.0,0.0,0.0,0.33,0.67,0.0,0.33,1.0,1.0,0.33,1.0,0.67,0.67,0.33,1.0,1.0,1.0,0.2,0.6,0.6,1.0,0.8,1.0,1.0,0.6,1.0,1.0,0.67
1405,0.7158807516098022,male,60.0,55_64,french,canadian_quebecois,high_school,40k_to_60k,self_employed,4,1.0,divorced_separated,,3_4_persons,0.0,no_children,catholic,0.5,quebec_city,type_2,,0.67,0.67,0.33,0.67,0.67,0.33,1.0,plq,ndp,0.33,0.5,0.67,0.33,0.5,0.67,0.67,0.33,0.0,,0.0,0.67,1.0,plq,ndp,0.85,0.05,0.65,0.0,0.0,0.85,0.05,0.65,0.0,0.0,0.5,0.9,1.0,1.0,0.0,0.67,0.67,0.67,1.0,1.0,0.33,1.0,0.67,1.0,1.0,1.0,1.0,1.0,1.0,1.0,1.0,0.6,1.0,1.0,1.0,1.0,1.0,1.0,1.0,0.67
1406,2.4493582248687744,male,50.0,45_54,french,canadian_quebecois,high_school,,employed,2,1.0,widowed,,,0.0,no_children,other_christian,1.0,other_regions,type_2,,1.0,1.0,0.67,0.33,0.67,0.33,1.0,plq,conservative,1.0,0.75,0.67,0.33,0.5,1.0,1.0,0.33,1.0,0.0,1.0,0.33,1.0,adq,bloc,0.0,0.1,1.0,0.0,0.0,0.0,0.1,1.0,0.0,0.0,0.5,0.5,1.0,,0.0,0.0,0.67,0.33,0.33,0.0,0.33,0.67,0.33,0.33,0.33,0.0,0.6,0.6,0.6,0.6,0.6,0.6,0.6,0.6,0.6,0.6,0.6,0.67,0.67,0.67
1407,4.102169036865234,male,49.0,45_54,other,other,,20k_to_40k,employed,6,,single,0.0,3_4_persons,0.0,both,catholic,0.5,montreal,type_2,,1.0,1.0,1.0,1.0,0.67,0.67,1.0,plq,conservative,1.0,1.0,1.0,1.0,0.5,1.0,1.0,0.0,1.0,1.0,1.0,0.0,1.0,plq,,0.6,0.0,0.0,0.0,,0.8,0.2,0.3,,,0.2,0.2,0.0,,0.0,0.0,0.33,1.0,0.33,1.0,1.0,0.0,0.0,1.0,1.0,0.0,1.0,,,0.2,,,1.0,,1.0,1.0,1.0,1.0,1.0,0.17
1408,2.216895818710327,female,42.0,35_44,french,canadian_quebecois,college_cegep,,homemaker,32,1.0,common_law,0.0,2_persons,0.0,children_under_18,,,other_regions,type_2,1.0,1.0,1.0,,,,0.67,1.0,plq,conservative,,1.0,1.0,1.0,1.0,1.0,1.0,0.0,1.0,1.0,,0.67,1.0,,,0.0,0.9,0.02,0.05,0.03,0.0,0.1,0.2,0.9,,0.75,0.5,1.0,,1.0,,0.67,0.67,0.33,0.67,1.0,,,0.33,0.33,0.0,0.4,0.4,,0.2,0.4,0.4,0.8,0.8,0.6,0.4,0.4,0.5,0.5,0.5
1409,1.2265689373016355,female,30.0,25_34,french,canadian_quebecois,college_cegep,60k_to_80k,student,26,1.0,widowed,1.0,5_plus_persons,0.0,children_under_18,protestant,0.5,other_regions,type_2,,0.67,1.0,0.67,1.0,0.67,0.33,1.0,adq,other,1.0,1.0,0.67,0.33,1.0,0.33,0.67,0.33,1.0,0.0,0.0,0.67,1.0,pq,ndp,0.55,0.85,0.8,,0.65,0.5,0.75,0.85,,,0.6,0.75,1.0,,0.33,0.67,1.0,0.33,0.67,0.67,1.0,0.0,0.67,1.0,0.67,0.0,,0.6,0.8,0.8,,0.6,0.8,0.8,0.8,0.8,0.6,0.83,0.67,0.67
1410,0.6322008967399597,male,63.0,55_64,french,canadian_quebecois,bachelor,20k_to_40k,self_employed,6,1.0,widowed,1.0,,0.0,children_under_18,protestant,0.5,other_regions,type_2,,1.0,1.0,0.33,0.67,0.33,0.0,1.0,adq,liberal,0.67,0.5,1.0,1.0,,0.67,0.67,0.67,0.0,,0.0,1.0,0.0,,,0.6,0.8,0.75,0.75,0.4,0.4,0.6,,,0.5,0.9,0.8,0.0,1.0,0.33,0.33,0.67,0.33,0.33,0.67,1.0,0.0,0.33,0.67,0.67,0.33,,,,,,0.6,0.8,0.8,,,,0.83,,0.67
1411,3.576978921890259,male,35.0,25_34,french,canadian_quebecois,college_cegep,80k_to_100k,employed,2,1.0,widowed,0.0,2_persons,0.0,no_children,protestant,0.5,other_regions,type_2,,0.67,0.67,0.67,1.0,0.67,0.67,1.0,plq,,1.0,0.75,0.67,0.67,1.0,0.33,1.0,0.67,1.0,1.0,1.0,0.67,1.0,adq,conservative,0.0,0.6,0.75,0.1,0.1,0.0,0.5,0.8,0.1,,0.75,0.6,0.0,1.0,1.0,,,0.33,0.67,0.67,1.0,1.0,0.33,0.67,0.33,0.33,0.6,0.8,0.6,0.6,0.8,0.6,0.6,0.6,0.8,0.6,0.6,0.67,0.67,0.67
1412,0.6322008967399597,male,60.0,55_64,french,canadian_quebecois,bachelor,over_150k,employed,6,1.0,widowed,1.0,2_persons,0.0,children_under_18,protestant,0.5,other_regions,type_2,,0.67,0.33,0.0,0.67,1.0,0.0,1.0,adq,liberal,1.0,0.75,0.67,0.33,1.0,0.67,1.0,0.0,1.0,,1.0,0.67,1.0,pq,liberal,0.5,0.7,0.2,0.0,0.2,0.5,0.8,0.5,0.0,0.2,0.25,0.75,0.0,1.0,0.33,,1.0,0.67,0.33,0.67,1.0,0.33,0.67,,0.33,0.33,,,0.8,0.2,0.8,0.6,0.8,0.8,0.6,1.0,0.6,0.83,0.0,0.67
1413,0.7795112729072571,male,30.0,25_34,english,other,college_cegep,over_150k,employed,6,0.0,common_law,0.0,1_person,1.0,no_children,catholic,0.5,montreal,type_2,,0.67,0.67,0.67,0.67,1.0,1.0,1.0,qs,ndp,1.0,0.75,0.67,0.33,0.5,0.33,,0.67,0.0,,0.0,1.0,1.0,,,0.75,0.05,0.5,,,0.75,0.0,0.5,,,,0.75,0.0,1.0,0.0,0.67,0.67,0.33,0.33,1.0,0.33,0.33,0.67,0.67,0.67,0.67,,,1.0,1.0,1.0,,0.6,0.6,1.0,1.0,0.6,1.0,,0.67
1414,1.4374099969863892,male,66.0,65_plus,french,canadian_quebecois,graduate,over_150k,employed,15,1.0,single,1.0,2_persons,0.0,no_children,protestant,0.0,other_regions,type_2,,1.0,0.67,0.33,1.0,0.67,0.33,1.0,adq,liberal,0.33,0.5,0.33,0.67,1.0,0.33,0.67,0.33,1.0,0.0,1.0,0.33,1.0,adq,conservative,0.5,0.75,0.8,,,0.45,0.75,0.8,0.3,0.55,0.6,0.9,0.0,1.0,0.0,0.67,0.67,0.33,0.67,0.67,1.0,0.0,1.0,0.33,0.67,0.67,0.6,0.8,0.6,0.8,0.8,0.6,0.8,0.8,0.6,0.6,0.6,0.67,0.83,0.67
1415,0.9275031685829164,female,,,french,canadian_quebecois,elementary,20k_to_40k,homemaker,16,1.0,,0.0,2_persons,1.0,children_under_18,catholic,0.5,montreal,type_2,,1.0,1.0,1.0,1.0,0.67,0.67,1.0,plq,ndp,0.67,0.75,0.67,1.0,0.5,1.0,0.33,0.33,1.0,0.0,0.0,0.67,1.0,plq,ndp,,,,,,0.01,0.05,0.01,0.05,0.05,1.0,0.05,0.0,0.0,0.0,0.33,0.0,0.67,0.67,1.0,1.0,1.0,1.0,0.67,0.67,1.0,0.6,0.6,0.6,0.6,0.6,0.6,1.0,1.0,0.6,0.6,0.6,1.0,0.67,0.67
1416,0.5248628258705139,female,60.0,55_64,french,canadian_quebecois,high_school,,self_employed,5,1.0,widowed,,3_4_persons,0.0,no_children,,,montreal,type_2,,1.0,1.0,0.33,0.33,0.67,0.67,1.0,plq,ndp,0.67,0.75,0.33,0.67,,0.67,0.67,0.33,0.0,0.0,,0.33,0.0,,,0.5,0.5,0.75,,0.0,0.4,0.4,0.8,,,0.7,0.7,0.0,,,0.0,,0.33,0.33,0.33,0.33,,0.67,,0.67,0.0,,,,,0.6,0.6,,,0.6,,0.6,0.67,0.67,0.67
1417,3.576978921890259,male,41.0,35_44,french,canadian_quebecois,bachelor,40k_to_60k,employed,1,1.0,divorced_separated,0.0,2_persons,0.0,children_under_18,protestant,0.5,other_regions,type_2,,1.0,0.67,0.0,0.33,0.67,0.33,1.0,plq,conservative,0.33,0.0,0.67,0.67,1.0,0.67,0.67,0.67,0.0,0.0,1.0,0.67,1.0,qs,ndp,0.35,0.8,0.85,0.75,0.15,0.1,0.5,0.75,0.8,0.15,0.75,0.5,0.0,1.0,0.33,0.67,0.67,0.67,0.33,0.67,1.0,0.33,0.67,0.33,0.67,0.33,1.0,0.8,0.8,0.6,0.4,0.6,0.8,0.8,0.4,1.0,0.4,0.5,0.5,0.67
1418,0.8883579969406128,female,34.0,25_34,french,canadian_quebecois,college_cegep,20k_to_40k,employed,2,1.0,widowed,,5_plus_persons,1.0,no_children,protestant,0.5,other_regions,type_2,,0.67,1.0,0.33,1.0,1.0,0.0,1.0,adq,liberal,0.67,0.75,0.67,1.0,1.0,1.0,1.0,0.0,1.0,0.0,1.0,0.33,1.0,pq,green,0.0,0.75,0.1,0.8,0.9,0.0,0.75,0.5,0.6,,0.75,0.95,0.0,1.0,0.33,,0.0,1.0,0.33,0.67,1.0,0.0,0.33,0.67,,0.67,,0.8,,0.2,,,,,,,,0.17,,0.17
1419,1.1798489093780518,female,52.0,45_54,french,canadian_quebecois,graduate,under_20k,unemployed,13,1.0,common_law,1.0,,0.0,no_children,,,monteregie,type_2,1.0,1.0,0.67,0.33,1.0,0.33,0.0,1.0,other,liberal,0.0,1.0,0.67,1.0,1.0,1.0,0.67,0.33,1.0,,1.0,,0.0,adq,conservative,0.0,0.4,0.5,,,0.0,0.45,0.6,,,0.63,0.35,0.0,1.0,0.33,0.67,0.67,0.33,0.67,0.33,1.0,0.0,0.0,0.33,0.33,0.0,,0.6,,,0.6,0.6,,0.8,0.6,,0.6,,0.67,0.67
1420,1.1921813488006592,female,26.0,25_34,french,canadian_quebecois,bachelor,20k_to_40k,employed,32,1.0,divorced_separated,1.0,2_persons,1.0,no_children,other_christian,1.0,quebec_city,type_2,,1.0,1.0,0.33,1.0,0.33,0.67,1.0,pq,liberal,0.0,0.5,1.0,0.67,1.0,0.67,1.0,0.0,1.0,1.0,1.0,0.33,1.0,adq,,0.0,0.1,0.98,0.5,0.5,0.0,0.0,0.98,0.5,0.4,0.5,0.5,0.0,1.0,0.33,0.0,0.67,0.33,,0.33,1.0,0.67,0.67,0.0,0.0,1.0,0.6,0.6,0.6,0.6,0.6,0.6,0.6,0.6,0.6,0.6,0.6,0.67,0.67,0.67
1421,0.2998551428318023,female,68.0,65_plus,french,other,college_cegep,40k_to_60k,self_employed,3,1.0,single,,2_persons,1.0,no_children,catholic,0.5,outaouais,type_2,,0.67,1.0,1.0,0.33,0.67,0.67,1.0,pq,liberal,0.33,1.0,0.67,0.67,0.5,0.67,0.67,0.67,0.0,0.0,1.0,0.67,0.0,plq,ndp,0.75,0.6,0.65,,,0.75,0.75,0.75,,,0.25,0.8,0.0,1.0,0.33,0.67,0.33,0.67,1.0,0.33,1.0,0.33,0.67,0.67,0.67,0.67,1.0,1.0,1.0,0.2,0.6,1.0,0.8,0.8,1.0,1.0,0.6,1.0,,0.67
1422,1.7230206727981567,female,40.0,35_44,french,canadian_quebecois,bachelor,80k_to_100k,employed,6,1.0,divorced_separated,1.0,3_4_persons,0.0,no_children,protestant,0.5,other_regions,type_2,,0.67,1.0,0.33,0.67,0.33,0.67,1.0,plq,conservative,0.33,0.5,0.33,0.33,1.0,0.67,0.67,0.33,1.0,0.0,1.0,0.67,1.0,pq,ndp,0.0,0.75,0.6,0.3,0.5,0.0,0.7,0.7,0.5,0.5,0.75,0.6,0.0,1.0,0.67,0.33,0.67,0.33,0.33,0.33,1.0,0.33,0.67,0.67,0.67,0.33,0.8,0.8,0.8,0.2,0.6,0.8,0.8,0.6,0.8,0.8,0.8,0.67,0.67,0.67
1423,2.670271873474121,male,35.0,25_34,french,canadian_quebecois,college_cegep,40k_to_60k,employed,16,1.0,widowed,0.0,5_plus_persons,1.0,no_children,protestant,0.0,other_regions,type_2,,1.0,1.0,0.33,0.67,1.0,1.0,1.0,plq,conservative,1.0,1.0,1.0,0.67,1.0,1.0,1.0,0.0,1.0,0.0,1.0,0.0,1.0,pq,ndp,0.0,1.0,0.9,,,0.0,0.5,0.8,,,0.0,0.5,0.0,,1.0,0.67,1.0,0.33,0.67,0.67,1.0,,0.67,0.0,,0.0,,0.6,,0.2,0.6,0.6,0.6,0.6,0.6,,0.6,0.67,0.67,0.67
1424,0.7222163677215576,female,24.0,18_24,english,canadian_quebecois,bachelor,under_20k,retired,16,0.0,widowed,1.0,5_plus_persons,0.0,no_children,no_religion,1.0,monteregie,type_2,,1.0,1.0,1.0,1.0,0.33,0.67,0.0,plq,ndp,0.0,1.0,1.0,0.67,0.5,1.0,1.0,0.0,1.0,1.0,1.0,0.0,1.0,,,0.75,0.0,0.25,0.0,1.0,0.5,,,,,1.0,0.0,0.0,1.0,0.0,0.33,0.0,0.67,0.33,1.0,0.67,0.0,0.67,0.33,0.67,0.0,0.2,0.2,0.2,0.2,0.2,0.2,0.8,0.2,0.2,0.2,0.2,1.0,0.17,0.17
1425,0.6658283472061157,female,32.0,25_34,other,canadian_quebecois,college_cegep,40k_to_60k,employed,26,0.0,divorced_separated,1.0,2_persons,1.0,no_children,other_christian,0.5,monteregie,type_2,,1.0,0.67,0.0,0.33,0.67,0.67,1.0,plq,conservative,0.33,0.5,1.0,0.0,0.5,0.67,0.67,0.33,1.0,1.0,1.0,0.67,1.0,,,0.0,0.0,1.0,,,0.0,0.5,1.0,,0.5,0.75,0.5,1.0,,0.0,0.0,0.33,0.67,,1.0,0.67,0.0,1.0,0.0,0.67,0.0,0.6,0.6,,,,0.6,0.6,0.6,0.6,0.6,0.6,0.67,0.67,0.67
1426,0.4079344272613525,female,61.0,55_64,french,canadian_quebecois,high_school,under_20k,self_employed,6,1.0,divorced_separated,0.0,,0.0,no_children,protestant,0.5,other_regions,type_2,,1.0,1.0,0.67,1.0,0.67,1.0,1.0,,ndp,0.67,0.5,0.67,0.33,0.5,0.33,0.33,0.67,1.0,0.0,1.0,0.67,1.0,pq,liberal,0.6,0.9,0.5,,,0.6,0.8,0.5,,,,0.7,,,0.33,1.0,,0.33,0.67,0.33,1.0,0.33,0.0,0.67,0.67,1.0,0.8,1.0,1.0,0.8,0.8,0.6,1.0,0.8,0.8,1.0,0.8,1.0,0.83,0.67
1427,1.1798489093780518,female,52.0,45_54,french,canadian_quebecois,high_school,,employed,16,1.0,single,0.0,1_person,1.0,no_children,,,quebec_city,type_2,0.0,1.0,1.0,0.33,1.0,0.67,0.67,1.0,pq,ndp,1.0,0.75,0.67,0.67,0.5,1.0,1.0,0.33,1.0,0.0,1.0,0.0,0.0,adq,liberal,0.2,0.1,0.75,0.3,0.2,0.3,0.0,0.8,0.25,,0.5,0.8,1.0,1.0,0.0,0.67,0.67,0.67,0.33,0.0,0.33,0.0,0.0,0.67,0.67,0.0,,0.6,0.6,0.2,0.4,0.6,0.6,0.4,0.6,0.6,0.4,0.67,0.67,0.5
1428,0.5570399761199951,female,41.0,35_44,french,canadian_quebecois,high_school,under_20k,student,3,1.0,single,0.0,2_persons,0.0,,,,,type_2,0.0,0.67,0.67,0.67,0.67,0.67,0.67,1.0,plq,bloc,0.67,0.75,0.67,0.67,0.5,0.67,0.67,0.33,1.0,,,0.0,1.0,,,,,,,,,,,,,,,1.0,,0.0,0.33,,0.67,0.33,,,,0.0,0.67,,0.0,,,,,,,,,,,,0.17,0.17,0.17
1429,0.926587700843811,female,33.0,25_34,french,canadian_quebecois,college_cegep,80k_to_100k,employed,14,1.0,widowed,1.0,3_4_persons,0.0,children_under_18,other_christian,0.5,other_regions,type_2,,0.67,0.67,0.0,0.33,0.0,0.33,1.0,plq,ndp,0.33,0.5,1.0,0.33,0.5,0.33,0.67,0.33,0.0,0.0,1.0,0.67,0.0,adq,conservative,0.5,0.75,0.9,,0.7,0.6,0.25,0.9,0.1,,0.25,0.75,0.0,1.0,0.33,0.33,,0.33,0.33,0.33,1.0,,0.67,0.67,0.67,0.67,0.6,0.6,,0.2,,0.6,0.8,0.8,,,0.6,0.67,0.67,0.67
1430,2.984832286834717,female,20.0,18_24,other,other,bachelor,over_150k,retired,16,,divorced_separated,1.0,5_plus_persons,0.0,,,,eastern_quebec,type_2,0.0,1.0,1.0,0.67,1.0,0.67,0.67,1.0,adq,liberal,0.33,0.5,0.33,0.33,0.5,0.67,0.67,0.33,1.0,0.0,,0.33,,other,ndp,0.06,0.2,0.07,0.03,0.09,0.6,0.15,0.7,0.4,0.8,0.25,0.85,0.0,1.0,0.0,0.67,,0.33,0.67,1.0,0.33,,1.0,0.0,0.67,1.0,0.6,0.6,0.6,0.2,0.6,0.6,0.2,0.2,0.2,0.6,,0.67,0.33,0.33
1431,0.926587700843811,female,34.0,25_34,french,canadian_quebecois,college_cegep,20k_to_40k,employed,15,1.0,widowed,1.0,5_plus_persons,0.0,no_children,,,other_regions,type_2,0.0,1.0,0.67,0.33,0.33,0.67,0.67,1.0,plq,,0.33,0.5,0.67,0.33,1.0,0.67,0.67,0.33,1.0,0.0,0.0,0.67,0.0,adq,conservative,0.25,0.65,1.0,,,0.4,0.65,0.9,,,0.0,0.25,1.0,,0.67,1.0,0.67,0.67,0.67,0.67,1.0,0.0,0.0,0.67,0.67,1.0,,0.6,,0.2,0.6,0.6,0.8,0.8,0.6,0.6,0.6,0.67,0.67,0.67
1432,2.216895818710327,female,41.0,35_44,french,canadian_quebecois,high_school,20k_to_40k,homemaker,32,1.0,divorced_separated,1.0,1_person,1.0,,other_christian,1.0,,type_2,,1.0,0.67,0.67,0.33,0.67,0.67,1.0,plq,ndp,0.33,0.75,0.67,0.67,0.5,,0.67,0.67,0.0,,,,0.0,adq,,0.04,0.45,0.95,0.2,0.2,,0.95,0.95,,,,,,0.0,,,0.67,,0.33,,,0.33,1.0,0.67,,0.33,0.6,0.6,0.6,0.6,0.6,0.6,0.6,0.6,0.6,0.6,0.6,0.67,0.67,0.67
1433,0.4523656964302063,male,49.0,45_54,french,canadian_quebecois,college_cegep,60k_to_80k,employed,3,1.0,widowed,1.0,5_plus_persons,,no_children,protestant,,other_regions,type_2,,0.33,0.33,0.33,1.0,1.0,0.33,1.0,plq,bloc,0.67,0.0,,1.0,1.0,1.0,1.0,0.33,1.0,0.0,1.0,0.67,1.0,other,ndp,0.0,0.75,0.8,0.0,0.85,0.0,0.6,1.0,0.0,0.5,0.0,0.8,0.0,,0.0,0.67,0.0,0.33,0.33,0.67,1.0,0.0,1.0,1.0,1.0,0.0,0.6,0.6,0.8,0.2,0.8,0.6,0.8,0.8,,0.6,0.6,0.67,0.67,0.67
1434,0.926587700843811,female,27.0,25_34,french,canadian_quebecois,bachelor,40k_to_60k,employed,6,1.0,widowed,1.0,3_4_persons,0.0,children_18_plus,protestant,0.5,other_regions,type_2,,0.67,0.67,0.33,0.33,0.67,0.33,1.0,plq,ndp,1.0,0.0,1.0,0.67,1.0,0.67,1.0,0.0,0.0,0.0,1.0,0.67,0.0,pq,green,0.35,0.8,0.1,0.6,0.75,0.3,0.3,0.5,0.6,0.55,0.5,0.5,0.0,1.0,0.67,0.33,0.33,0.33,0.67,0.67,1.0,0.0,0.0,0.67,1.0,0.0,1.0,0.8,0.6,0.2,0.4,0.6,0.8,0.8,1.0,1.0,0.8,0.17,0.5,0.67
1435,1.4374099969863892,male,,,french,canadian_quebecois,bachelor,60k_to_80k,,16,1.0,single,0.0,2_persons,1.0,children_under_18,,,other_regions,type_2,0.0,0.67,0.67,0.33,0.67,0.67,0.33,1.0,plq,ndp,0.0,0.5,0.67,0.33,0.5,0.67,0.67,0.33,1.0,0.0,0.0,0.67,1.0,plq,ndp,0.5,0.3,0.55,0.05,0.15,0.3,0.2,0.4,,,0.4,0.5,0.0,1.0,0.0,0.33,0.67,0.33,0.67,1.0,1.0,0.33,0.67,0.67,1.0,0.33,,0.8,1.0,0.2,0.6,1.0,0.6,0.8,1.0,1.0,0.6,1.0,0.67,0.67
1436,1.956773042678833,male,45.0,35_44,french,canadian_quebecois,bachelor,40k_to_60k,employed,7,1.0,widowed,0.0,,1.0,no_children,catholic,0.0,montreal,type_2,,1.0,0.33,0.33,0.33,0.67,1.0,1.0,adq,liberal,1.0,,0.67,0.67,0.5,0.67,1.0,0.0,1.0,0.0,1.0,0.67,1.0,plq,ndp,0.05,0.02,0.05,,0.05,0.5,0.1,0.4,,,0.5,0.6,0.0,1.0,0.0,0.33,0.67,0.67,0.33,1.0,1.0,0.33,0.67,0.67,0.33,0.0,,,,,,,0.8,0.8,1.0,,0.6,1.0,0.67,0.67
1437,0.4079344272613525,female,58.0,55_64,french,canadian_quebecois,college_cegep,100k_to_120k,employed,13,1.0,widowed,1.0,,,no_children,protestant,1.0,monteregie,type_2,,0.67,0.67,0.67,0.67,0.67,0.0,1.0,plq,,1.0,1.0,0.67,1.0,1.0,0.67,0.67,0.0,1.0,,,0.67,,,,0.0,1.0,,,,0.0,1.0,0.5,,,0.0,1.0,0.0,1.0,1.0,0.33,1.0,0.0,0.67,0.67,1.0,0.0,0.33,1.0,1.0,0.0,,0.8,,,,,0.8,0.8,0.8,,0.8,0.83,,
1438,0.1564060449600219,male,63.0,55_64,french,canadian_quebecois,bachelor,40k_to_60k,self_employed,3,1.0,divorced_separated,,,0.0,no_children,other_christian,1.0,quebec_city,type_2,,1.0,0.67,1.0,0.67,1.0,1.0,1.0,plq,ndp,0.67,0.75,0.67,1.0,0.5,,0.67,0.0,1.0,0.0,1.0,0.67,1.0,adq,liberal,0.5,0.1,0.95,0.05,0.25,0.5,0.15,0.95,0.1,0.25,0.7,0.7,,1.0,0.0,0.67,0.67,0.67,0.33,1.0,1.0,1.0,,0.33,0.67,0.0,0.6,0.6,0.6,0.6,0.6,0.6,0.6,0.6,0.6,0.6,0.6,0.67,0.67,0.67
1439,1.1798489093780518,female,46.0,45_54,french,canadian_quebecois,high_school,20k_to_40k,student,6,1.0,divorced_separated,0.0,2_persons,0.0,children_under_18,no_religion,0.5,eastern_quebec,type_2,,1.0,1.0,1.0,1.0,1.0,1.0,1.0,plq,conservative,0.33,1.0,1.0,0.67,0.5,1.0,0.67,0.0,1.0,0.0,1.0,0.0,,other,liberal,0.75,0.2,0.3,0.35,0.9,0.1,0.5,0.6,0.5,0.7,0.8,0.9,0.0,,0.0,0.33,0.33,0.67,0.67,0.0,0.67,,0.0,0.0,0.67,0.33,,,1.0,0.2,,,,0.8,,1.0,,0.17,0.17,0.17
1440,2.2808401584625244,female,38.0,35_44,french,canadian_quebecois,college_cegep,40k_to_60k,employed,7,1.0,divorced_separated,1.0,5_plus_persons,0.0,children_18_plus,,,other_regions,type_2,1.0,0.67,0.67,0.33,0.67,0.0,0.33,1.0,adq,liberal,0.33,0.5,0.33,0.33,,0.67,0.33,0.33,0.0,0.0,1.0,0.67,1.0,other,ndp,0.1,0.65,0.65,0.3,0.85,0.5,0.5,0.6,0.25,,0.5,0.5,,,0.33,0.33,0.67,0.33,0.67,0.33,1.0,0.0,0.33,0.67,0.67,0.33,,0.8,,0.2,,0.6,,0.8,,0.6,0.6,,0.17,0.67
1441,1.330445408821106,female,22.0,18_24,french,canadian_quebecois,,20k_to_40k,,6,1.0,widowed,,3_4_persons,0.0,,,,,type_2,,,,,,,,,plq,ndp,,,,,,,,0.0,,,,,,,,,,,,,,,,,,,,,,,0.33,,,,,,,,,,,,,,,,,,,,,,,,
1442,2.080836057662964,female,65.0,55_64,other,other,college_cegep,80k_to_100k,self_employed,6,0.0,widowed,0.0,3_4_persons,1.0,no_children,catholic,0.5,quebec_city,type_2,,0.67,0.67,1.0,1.0,0.67,1.0,1.0,plq,bloc,1.0,1.0,0.67,1.0,0.5,0.33,0.67,0.33,1.0,1.0,0.0,0.67,1.0,plq,,0.95,0.0,0.0,0.0,0.1,0.95,0.1,0.0,0.15,,0.0,0.5,1.0,1.0,0.0,0.33,1.0,0.0,0.67,1.0,0.33,1.0,0.0,0.33,1.0,0.0,1.0,1.0,1.0,1.0,1.0,1.0,1.0,1.0,1.0,1.0,1.0,1.0,1.0,0.67
1443,1.2265689373016355,female,28.0,25_34,french,canadian_quebecois,bachelor,40k_to_60k,employed,7,1.0,divorced_separated,1.0,3_4_persons,0.0,children_18_plus,,,,type_2,1.0,0.67,0.67,0.33,0.67,0.67,0.33,1.0,pq,bloc,0.33,0.75,0.67,0.33,,0.67,0.67,0.33,0.0,,0.0,0.67,1.0,,,0.4,0.55,0.4,,,0.5,0.5,0.5,,,0.75,,,,0.33,,,,,0.33,0.33,,0.67,0.67,0.67,0.33,,,,,,,,,,,,,,
1444,1.7230206727981567,female,39.0,35_44,french,canadian_quebecois,college_cegep,80k_to_100k,employed,13,1.0,widowed,0.0,5_plus_persons,0.0,no_children,protestant,0.0,other_regions,type_2,,1.0,0.67,0.67,0.67,0.33,1.0,1.0,plq,other,0.67,0.5,0.33,0.0,1.0,0.33,0.67,0.33,1.0,0.0,1.0,0.33,1.0,pq,ndp,0.3,0.5,0.5,0.1,0.0,0.0,0.6,0.5,0.1,0.1,,0.4,1.0,,0.0,,0.67,0.67,0.33,,1.0,,0.0,0.33,0.67,0.67,0.8,0.8,0.8,0.8,0.8,0.8,0.8,,0.8,0.8,0.8,0.83,0.67,0.83
1445,0.2931336760520935,female,56.0,55_64,english,canadian_quebecois,bachelor,80k_to_100k,employed,7,0.0,widowed,1.0,,0.0,both,,,montreal,type_2,,1.0,0.33,0.33,0.67,,,1.0,adq,liberal,1.0,0.0,0.0,0.0,0.5,1.0,1.0,0.33,0.0,0.0,1.0,0.0,,plq,ndp,0.75,0.1,0.37,,,0.8,0.5,0.5,,0.8,0.8,0.93,1.0,,0.0,,0.67,0.33,0.33,1.0,0.67,0.67,1.0,,0.0,0.33,,,,,,,0.8,0.8,1.0,,,1.0,,0.17
1446,1.330445408821106,female,20.0,18_24,french,canadian_quebecois,bachelor,100k_to_120k,retired,16,1.0,widowed,1.0,5_plus_persons,0.0,children_under_18,,,outaouais,type_2,1.0,1.0,1.0,0.33,1.0,0.67,1.0,1.0,adq,liberal,1.0,0.75,0.67,0.67,0.5,0.33,0.67,0.0,1.0,0.0,1.0,1.0,1.0,pq,bloc,0.5,0.5,0.6,0.75,0.75,0.2,0.5,0.75,,,0.3,0.5,0.0,1.0,0.0,0.33,0.33,0.67,0.33,0.0,,0.67,1.0,0.33,0.0,0.0,0.6,0.8,,0.2,,0.6,0.8,0.8,0.8,,,0.17,0.67,0.67
1447,0.2995596826076507,female,32.0,25_34,french,canadian_quebecois,graduate,under_20k,,3,1.0,widowed,1.0,,,,,,monteregie,type_2,,1.0,0.67,0.67,0.33,0.67,0.67,1.0,plq,,0.33,1.0,1.0,0.33,0.0,0.67,0.67,0.0,1.0,0.0,1.0,0.33,1.0,,,,,,,,,,,,,,,0.0,,0.33,0.33,0.33,0.67,0.33,0.0,,0.67,,,0.33,0.33,,,,,,,,,,,,0.17,0.17,0.17
1448,1.4495251178741455,male,44.0,35_44,english,canadian_quebecois,college_cegep,,employed,16,0.0,widowed,,5_plus_persons,0.0,children_under_18,catholic,0.5,quebec_city,type_2,,1.0,1.0,0.67,0.67,0.33,1.0,1.0,pq,liberal,1.0,0.75,0.67,0.67,0.5,1.0,1.0,0.33,1.0,0.0,1.0,0.33,0.0,,,0.75,0.0,0.0,0.0,,0.45,0.05,0.1,,,0.85,0.65,0.0,1.0,0.0,0.67,0.33,0.67,0.33,1.0,0.33,0.0,1.0,0.33,0.0,0.67,1.0,,,,,,1.0,0.8,1.0,1.0,1.0,1.0,1.0,
1449,1.4374099969863892,male,74.0,65_plus,french,canadian_quebecois,college_cegep,20k_to_40k,,6,1.0,widowed,0.0,5_plus_persons,1.0,no_children,,,eastern_quebec,type_2,1.0,1.0,0.67,1.0,1.0,1.0,0.33,1.0,other,,0.67,1.0,1.0,1.0,1.0,0.0,0.67,0.33,1.0,0.0,0.0,0.33,1.0,qs,green,,,,,,,,,,,,,0.0,1.0,0.33,1.0,1.0,0.67,0.67,0.67,1.0,0.0,0.0,0.67,1.0,0.33,0.4,0.4,0.4,0.2,0.4,0.4,0.4,0.4,0.4,0.4,0.4,0.5,0.5,0.5
1450,0.6322008967399597,male,63.0,55_64,french,canadian_quebecois,graduate,over_150k,employed,6,1.0,widowed,1.0,5_plus_persons,0.0,children_under_18,protestant,1.0,other_regions,type_2,,0.33,0.33,0.0,0.0,0.0,0.33,1.0,adq,conservative,0.0,0.0,0.67,0.0,1.0,1.0,0.67,0.33,0.0,0.0,1.0,0.33,0.0,pq,,0.2,1.0,0.0,0.0,0.4,0.1,1.0,0.0,0.0,0.2,0.4,0.9,1.0,1.0,1.0,0.67,0.67,0.0,0.67,0.67,1.0,0.0,0.67,0.67,0.67,1.0,0.8,0.8,0.8,0.8,0.8,0.8,0.8,0.8,0.8,0.8,0.8,0.83,0.83,0.83
1451,2.216895818710327,female,41.0,35_44,french,canadian_quebecois,college_cegep,20k_to_40k,,5,1.0,widowed,,3_4_persons,1.0,children_under_18,other_christian,0.5,outaouais,type_2,,0.67,0.67,0.33,0.67,0.67,0.67,1.0,plq,ndp,0.67,0.75,0.67,1.0,0.5,1.0,1.0,0.0,1.0,1.0,1.0,0.0,0.0,adq,green,0.0,0.0,0.75,,0.5,0.2,0.25,0.9,,,0.0,0.9,0.0,0.0,1.0,,0.67,1.0,0.33,0.0,1.0,0.0,1.0,0.33,0.33,0.33,0.6,0.6,,0.2,0.6,0.6,0.6,0.6,,0.6,0.6,,0.67,0.67
1452,4.625771045684815,male,22.0,18_24,other,other,bachelor,under_20k,,6,,divorced_separated,0.0,,0.0,no_children,no_religion,0.5,eastern_quebec,type_2,,0.67,1.0,0.67,1.0,0.67,0.33,1.0,pq,liberal,0.33,1.0,1.0,0.67,0.5,0.67,0.67,0.33,1.0,0.0,1.0,0.33,1.0,other,ndp,0.43,0.56,0.67,0.41,0.8,0.12,0.4,0.75,,0.8,0.15,0.4,0.0,1.0,0.0,0.67,0.33,0.33,0.67,1.0,0.33,0.33,0.67,1.0,0.67,0.0,0.6,0.6,0.6,0.2,0.8,0.6,0.6,0.6,1.0,1.0,0.8,0.67,0.67,0.83
1453,0.7802807092666626,male,83.0,65_plus,english,canadian_quebecois,elementary,80k_to_100k,self_employed,6,1.0,married,1.0,2_persons,0.0,no_children,,,other_regions,type_2,1.0,1.0,0.67,0.67,0.67,0.33,0.33,1.0,,,0.67,0.75,0.67,1.0,1.0,0.33,1.0,0.33,1.0,0.0,1.0,0.33,0.0,pq,ndp,0.0,0.08,0.06,0.0,0.01,0.0,0.08,0.06,0.0,0.0,0.0,0.5,1.0,,1.0,0.33,0.33,0.33,0.67,0.67,1.0,0.0,0.67,0.67,0.33,0.0,0.6,0.8,0.6,0.8,0.6,0.8,0.8,0.8,0.8,,0.8,0.83,0.83,0.17
1454,0.2214419990777969,female,62.0,55_64,english,canadian_quebecois,bachelor,,employed,6,0.0,widowed,1.0,5_plus_persons,0.0,children_18_plus,catholic,0.0,montreal,type_2,,1.0,0.67,0.67,1.0,0.33,0.33,1.0,pvq,ndp,0.33,0.75,0.0,0.67,0.5,0.33,0.67,0.67,0.0,0.0,0.0,0.33,0.0,adq,liberal,0.75,0.05,0.75,,0.9,0.75,0.25,0.75,,,0.05,0.8,1.0,0.0,0.0,0.33,1.0,0.0,0.33,1.0,0.33,0.0,0.0,0.67,1.0,0.33,1.0,1.0,0.6,0.2,1.0,,1.0,0.6,1.0,0.6,1.0,1.0,0.67,0.67
1455,1.627670168876648,male,65.0,55_64,french,canadian_quebecois,bachelor,40k_to_60k,self_employed,4,1.0,widowed,1.0,5_plus_persons,0.0,no_children,catholic,0.5,outaouais,type_2,,1.0,1.0,0.67,1.0,1.0,0.33,1.0,plq,ndp,0.33,0.5,0.67,0.33,0.5,0.67,1.0,0.33,0.0,,0.0,0.67,1.0,plq,ndp,0.6,0.5,0.4,,,0.8,0.03,0.7,,,0.75,0.75,0.0,1.0,0.0,0.67,1.0,0.67,1.0,0.33,1.0,0.0,1.0,1.0,0.67,1.0,1.0,1.0,1.0,0.2,0.6,0.6,1.0,0.8,1.0,1.0,1.0,1.0,0.67,0.67
1456,0.9275031685829164,female,82.0,65_plus,french,canadian_quebecois,high_school,20k_to_40k,homemaker,16,1.0,widowed,0.0,3_4_persons,0.0,children_under_18,,,quebec_city,type_2,0.0,0.67,0.67,0.33,0.67,0.67,0.67,1.0,plq,,0.33,0.5,0.33,0.67,0.5,0.67,,0.33,1.0,0.0,,0.67,,,,0.5,0.1,0.5,,,0.5,0.1,0.5,0.1,,0.4,0.6,,,0.0,,0.67,0.33,0.33,1.0,1.0,1.0,0.67,0.33,0.67,0.67,,,,,,,,0.6,0.6,,,,,
1457,0.5101058483123779,male,23.0,18_24,french,canadian_quebecois,bachelor,20k_to_40k,retired,3,1.0,widowed,1.0,3_4_persons,0.0,both,,,quebec_city,type_2,,0.33,0.33,0.0,0.33,0.33,0.67,1.0,adq,liberal,1.0,0.5,0.33,0.33,0.5,0.33,0.33,0.33,1.0,,0.0,0.67,1.0,adq,bloc,0.7,0.7,0.7,0.7,0.5,0.7,0.5,0.7,0.1,0.7,0.5,0.5,1.0,0.0,1.0,1.0,0.67,0.67,0.33,0.33,1.0,0.33,0.67,0.67,0.67,0.67,,,,0.2,,0.6,,0.8,,0.6,0.6,,,
1458,1.6519296169281006,female,39.0,35_44,french,canadian_quebecois,graduate,,employed,2,1.0,,,2_persons,1.0,no_children,,,,type_2,0.0,1.0,0.67,,0.33,0.67,0.67,1.0,plq,ndp,1.0,,1.0,,,1.0,0.67,0.0,1.0,1.0,,0.0,,,,0.0,0.0,0.5,0.0,,0.0,,0.75,0.0,0.0,0.0,0.5,,0.0,,0.0,,0.67,0.67,,,,0.0,,,0.33,,,,,,,,,,,,0.67,0.17,0.17
1459,1.828485131263733,male,46.0,45_54,french,other,bachelor,40k_to_60k,employed,13,1.0,,0.0,5_plus_persons,1.0,children_under_18,,,,type_2,0.0,0.67,0.67,0.0,0.0,0.33,0.0,1.0,,,0.33,0.5,0.33,0.0,,,0.67,0.33,0.0,0.0,,0.67,,,,,,,,,,,,,,,,1.0,,,0.33,,,0.33,,,1.0,,,,1.0,,,,,,,,,,,,,,
1460,2.216895818710327,female,43.0,35_44,french,canadian_quebecois,bachelor,under_20k,employed,17,1.0,widowed,0.0,2_persons,0.0,no_children,protestant,0.5,other_regions,type_2,,0.67,0.33,0.33,0.67,0.67,0.33,1.0,plq,ndp,0.67,0.75,1.0,1.0,1.0,0.67,0.67,0.67,1.0,0.0,1.0,0.67,,pq,ndp,0.2,0.8,0.65,0.4,0.4,0.1,0.65,0.65,0.15,,0.25,0.5,0.0,1.0,0.67,0.67,0.67,0.33,0.33,0.67,1.0,0.33,0.67,0.67,0.33,0.33,0.8,0.8,0.8,0.2,0.8,0.6,0.8,0.8,0.6,0.8,0.6,0.17,0.67,0.67
1461,0.9275031685829164,female,66.0,65_plus,french,canadian_quebecois,college_cegep,,self_employed,6,1.0,widowed,1.0,2_persons,0.0,no_children,catholic,1.0,other_regions,type_2,,1.0,0.67,0.0,0.33,0.67,1.0,1.0,adq,liberal,0.33,0.5,0.0,0.33,0.5,0.67,0.67,0.67,0.0,0.0,0.0,1.0,1.0,plq,,0.8,0.7,0.6,0.5,0.45,0.8,0.25,0.3,0.7,,0.5,0.75,0.0,1.0,0.0,0.33,1.0,0.33,0.33,1.0,1.0,0.33,0.67,1.0,0.67,0.67,,0.8,1.0,,0.4,0.6,1.0,0.6,1.0,1.0,,1.0,0.5,0.5
1462,0.2998551428318023,female,,,french,canadian_quebecois,college_cegep,,employed,3,1.0,single,,3_4_persons,1.0,no_children,protestant,0.5,other_regions,type_2,,1.0,1.0,0.67,1.0,1.0,1.0,1.0,adq,liberal,1.0,1.0,1.0,0.67,,,0.0,,1.0,1.0,1.0,0.67,1.0,pq,,0.65,0.75,0.55,,,0.5,0.7,0.7,,,,,,,0.33,0.67,,0.67,1.0,,1.0,0.0,0.67,0.67,0.67,0.0,0.8,0.8,,0.8,0.4,0.6,0.8,0.8,0.8,1.0,0.8,0.83,0.83,0.67
1463,0.4079344272613525,female,64.0,55_64,french,canadian_quebecois,bachelor,under_20k,self_employed,16,1.0,divorced_separated,1.0,,0.0,no_children,no_religion,0.0,eastern_quebec,type_2,,1.0,1.0,0.67,1.0,1.0,0.33,1.0,plq,conservative,0.33,1.0,0.67,1.0,0.5,1.0,1.0,0.0,1.0,0.0,1.0,0.33,1.0,,,0.02,0.02,0.03,0.0,0.05,0.0,0.0,0.5,0.0,0.5,0.4,,0.0,1.0,0.0,,1.0,1.0,0.67,0.0,1.0,,0.0,0.33,0.33,0.0,,,,0.2,0.6,0.6,0.8,0.8,,,,0.17,0.33,0.67
1464,0.5034842491149902,female,,,english,canadian_quebecois,bachelor,over_150k,employed,6,1.0,widowed,0.0,5_plus_persons,0.0,no_children,,,other_regions,type_2,1.0,0.67,1.0,0.0,0.67,0.67,0.67,1.0,adq,liberal,0.33,0.5,0.0,0.67,0.5,0.33,0.67,0.67,1.0,0.0,0.0,0.67,1.0,plq,ndp,0.75,0.0,0.5,,,0.75,0.0,0.5,,,0.0,0.85,1.0,,0.0,0.67,0.67,0.33,0.33,0.0,1.0,0.67,0.67,0.0,1.0,0.67,,0.6,1.0,1.0,,0.6,1.0,,1.0,1.0,0.6,1.0,0.67,0.67
1465,1.131169080734253,female,45.0,35_44,french,canadian_quebecois,college_cegep,20k_to_40k,employed,2,1.0,divorced_separated,,,0.0,children_under_18,,,other_regions,type_2,0.0,1.0,0.67,0.67,1.0,0.67,1.0,1.0,pq,liberal,0.0,1.0,0.67,0.0,,0.67,0.67,0.33,1.0,,,0.67,1.0,pq,ndp,0.2,0.5,,,,0.5,0.3,0.6,,,0.5,0.6,1.0,,0.33,0.0,0.33,,0.67,0.0,1.0,,0.33,0.67,0.67,0.0,,,,,,,,,,,,,,
1466,1.0622121095657349,male,52.0,45_54,english,canadian_quebecois,college_cegep,under_20k,homemaker,26,0.0,widowed,0.0,1_person,1.0,no_children,catholic,0.5,montreal,type_2,,1.0,0.67,0.67,0.67,0.67,1.0,1.0,pq,liberal,1.0,1.0,1.0,1.0,0.5,0.67,1.0,0.67,1.0,1.0,1.0,0.33,0.0,plq,,0.75,0.0,,,,0.75,0.0,0.25,,,0.0,0.75,0.0,1.0,0.0,0.33,0.33,0.67,1.0,1.0,0.67,0.0,1.0,1.0,0.67,0.67,1.0,1.0,1.0,0.2,,,1.0,1.0,1.0,1.0,1.0,1.0,1.0,0.17
1467,0.381436675786972,female,48.0,45_54,french,canadian_quebecois,college_cegep,60k_to_80k,employed,3,1.0,widowed,,,0.0,no_children,other_christian,0.0,other,type_2,,1.0,1.0,0.67,0.67,0.33,0.33,1.0,plq,conservative,0.0,0.75,0.67,0.67,,0.67,,0.33,1.0,0.0,1.0,0.67,1.0,adq,,0.2,0.2,0.6,,,,,0.6,,,,,,,,0.67,0.67,0.67,,0.33,,0.67,0.67,0.67,0.67,,,0.8,,,,0.6,0.6,,0.6,,0.6,0.67,0.67,0.67
1468,2.984832286834717,female,23.0,18_24,other,other,bachelor,,employed,6,0.0,common_law,1.0,2_persons,,children_under_18,,,quebec_city,type_2,1.0,1.0,1.0,0.33,0.33,0.67,0.67,1.0,qs,other,1.0,0.5,1.0,0.67,0.5,0.33,0.67,,0.0,0.0,,1.0,,plq,ndp,0.75,0.0,0.8,0.0,0.2,0.6,0.1,0.65,,,0.25,0.8,1.0,,0.0,,1.0,0.0,,1.0,0.33,0.0,1.0,0.33,,1.0,0.6,,,,,0.6,1.0,,,0.6,,1.0,0.67,0.67
1469,0.1318823248147964,female,63.0,55_64,french,canadian_quebecois,bachelor,100k_to_120k,self_employed,3,1.0,widowed,1.0,,0.0,children_under_18,other_christian,0.5,outaouais,type_2,,0.67,0.33,0.33,0.33,0.33,0.0,1.0,plq,ndp,0.0,0.75,0.67,0.67,0.5,0.33,0.67,0.33,0.0,,0.0,0.67,,adq,,0.0,0.0,0.8,0.4,0.5,0.0,0.0,0.8,0.4,0.2,0.8,0.5,0.0,1.0,0.0,0.33,0.67,0.33,0.33,1.0,0.33,0.33,0.33,0.67,0.67,0.67,,,,0.2,,0.6,,,,,0.6,0.67,0.67,0.67
1470,1.4495251178741455,male,41.0,35_44,english,canadian_quebecois,high_school,under_20k,employed,6,0.0,widowed,1.0,5_plus_persons,0.0,children_18_plus,catholic,0.5,outaouais,type_2,,1.0,1.0,0.33,1.0,0.67,0.67,1.0,adq,liberal,0.67,0.75,0.67,0.67,0.5,0.67,0.67,0.33,1.0,1.0,1.0,0.67,1.0,plq,green,0.6,0.0,0.1,0.02,1.0,0.3,0.0,0.1,,,0.5,,0.0,1.0,0.0,0.67,0.33,0.67,0.33,1.0,0.67,,0.67,0.67,0.67,0.0,,,,0.2,,,,,1.0,,,,,
1471,1.330445408821106,female,22.0,18_24,french,canadian_quebecois,college_cegep,,employed,6,1.0,divorced_separated,1.0,5_plus_persons,0.0,no_children,,,monteregie,type_2,0.0,1.0,1.0,0.67,1.0,1.0,0.67,0.0,other,other,0.67,0.75,1.0,0.67,0.5,0.33,,0.0,,0.0,,0.33,1.0,,,0.2,0.65,0.7,,0.5,0.0,,,,,0.05,0.5,0.0,,,,0.67,0.67,0.67,,1.0,,0.67,1.0,0.33,0.33,,,,0.2,,,0.8,0.8,,,,,0.17,
1472,1.1798489093780518,female,51.0,45_54,french,canadian_quebecois,bachelor,over_150k,employed,16,1.0,widowed,1.0,3_4_persons,0.0,children_under_18,,,other,type_2,1.0,0.67,0.67,0.33,0.67,1.0,0.67,1.0,adq,other,0.33,0.5,0.67,0.67,,0.33,0.67,0.33,0.0,0.0,1.0,0.67,1.0,other,conservative,0.3,0.5,,,0.6,0.3,0.75,0.8,0.6,0.6,0.8,0.4,0.0,1.0,0.67,0.67,0.67,0.67,0.67,0.33,1.0,0.67,0.67,0.67,0.67,0.0,,,,0.2,,,,0.8,0.6,,0.6,,0.67,0.67
1473,1.4359921216964722,male,25.0,18_24,french,canadian_quebecois,college_cegep,20k_to_40k,,15,1.0,widowed,1.0,,0.0,no_children,other_christian,1.0,other_regions,type_2,,1.0,1.0,0.33,0.33,0.67,0.33,1.0,adq,bloc,0.67,0.0,0.33,0.33,1.0,1.0,1.0,0.33,1.0,0.0,,0.67,1.0,adq,conservative,0.25,0.85,1.0,,,0.01,0.75,0.95,0.2,,0.85,0.85,0.0,1.0,0.67,0.33,0.33,0.67,0.67,0.67,1.0,0.0,0.67,0.67,0.67,0.67,0.6,0.8,0.6,0.2,0.6,0.6,0.6,0.8,0.8,0.6,0.6,0.67,0.67,0.67
1474,0.7158807516098022,male,59.0,55_64,french,canadian_quebecois,bachelor,100k_to_120k,employed,4,1.0,divorced_separated,1.0,2_persons,0.0,no_children,other_christian,1.0,quebec_city,type_2,,0.67,1.0,0.67,0.67,0.33,0.0,1.0,plq,ndp,0.33,0.5,1.0,0.67,0.5,0.67,0.67,0.67,1.0,0.0,1.0,0.67,1.0,adq,green,0.3,0.1,0.9,0.45,0.65,0.2,0.0,0.9,0.45,0.45,0.25,0.5,0.0,1.0,0.0,0.67,0.67,0.33,0.33,1.0,1.0,1.0,0.67,0.67,0.33,0.0,0.6,0.6,0.6,0.2,0.4,0.6,0.6,0.6,0.6,0.6,0.4,1.0,0.67,0.67
1475,1.131169080734253,female,54.0,45_54,french,canadian_quebecois,high_school,under_20k,employed,2,1.0,widowed,,,1.0,no_children,other_christian,0.5,outaouais,type_2,,1.0,1.0,1.0,0.67,0.67,0.33,1.0,plq,conservative,0.33,1.0,0.67,0.33,1.0,1.0,1.0,0.33,1.0,0.0,1.0,0.33,1.0,adq,bloc,0.05,0.05,0.09,0.07,,0.07,0.07,0.09,,,,0.07,,,,0.33,0.67,0.67,0.33,0.33,1.0,0.33,0.33,0.67,,0.33,0.6,0.4,,,0.6,0.6,0.8,0.8,,,0.6,,,0.67
1476,2.670271873474121,male,40.0,35_44,french,canadian_quebecois,graduate,40k_to_60k,employed,6,1.0,widowed,1.0,5_plus_persons,0.0,children_under_18,protestant,1.0,other_regions,type_2,,0.33,0.33,0.0,0.67,0.67,0.0,1.0,adq,other,1.0,0.75,0.33,0.0,1.0,0.0,0.0,0.67,0.0,,0.0,0.67,0.0,qs,conservative,0.05,0.9,0.6,0.95,0.8,0.05,0.8,0.6,0.95,0.8,0.45,0.75,,1.0,0.33,0.33,1.0,0.0,0.33,0.67,1.0,0.0,0.0,1.0,1.0,1.0,0.8,0.8,0.8,0.4,0.4,0.4,0.8,0.8,0.4,0.8,0.4,0.83,0.5,0.5
1477,1.275551438331604,female,23.0,18_24,french,canadian_quebecois,college_cegep,under_20k,retired,1,1.0,divorced_separated,1.0,5_plus_persons,0.0,no_children,,,monteregie,type_2,1.0,0.33,1.0,0.67,0.67,0.33,0.33,1.0,adq,liberal,0.67,0.75,1.0,1.0,1.0,0.67,0.33,0.67,1.0,,0.0,0.67,0.0,adq,,0.0,0.6,1.0,0.4,,0.0,0.75,0.95,,,0.85,,0.0,,,,0.67,0.33,,0.33,,0.0,0.33,1.0,0.67,0.33,0.6,,0.6,,0.6,0.6,0.6,,0.6,0.6,0.6,0.67,,0.67
1478,0.8468688726425171,male,63.0,55_64,french,canadian_quebecois,high_school,,self_employed,1,1.0,divorced_separated,0.0,5_plus_persons,0.0,no_children,protestant,0.0,other_regions,type_2,,0.33,0.33,0.0,0.33,0.33,0.33,1.0,plq,ndp,0.67,0.0,0.0,0.33,1.0,1.0,1.0,0.0,1.0,1.0,1.0,0.33,1.0,pq,ndp,0.25,0.5,0.45,0.45,,0.0,0.5,0.4,0.4,,0.6,0.5,0.0,1.0,0.33,0.67,0.0,0.67,0.67,0.67,1.0,0.0,0.0,0.67,0.33,0.0,0.8,0.8,0.8,0.8,0.8,0.8,0.8,0.8,0.8,0.8,0.8,0.83,0.67,0.67
1479,0.6322008967399597,male,59.0,55_64,french,canadian_quebecois,high_school,40k_to_60k,self_employed,16,1.0,widowed,0.0,5_plus_persons,0.0,no_children,protestant,0.5,other_regions,type_2,,0.67,0.67,0.33,0.67,0.33,0.0,1.0,adq,liberal,0.67,0.75,0.33,1.0,1.0,0.67,0.67,0.33,1.0,0.0,1.0,0.33,1.0,other,conservative,0.0,0.65,0.4,0.2,0.4,0.1,0.45,,0.2,0.35,0.8,0.65,0.0,1.0,0.33,0.33,1.0,0.0,0.33,0.67,1.0,0.0,0.67,0.67,0.33,0.0,0.8,0.8,1.0,0.2,0.4,0.8,0.8,0.8,0.6,,,0.83,0.83,0.5
1480,0.5400015711784363,female,61.0,55_64,french,canadian_quebecois,elementary,,self_employed,24,1.0,widowed,0.0,,0.0,no_children,,,monteregie,type_2,0.0,1.0,0.67,0.33,0.33,,,1.0,plq,other,,,0.33,0.67,0.5,1.0,1.0,0.0,1.0,1.0,1.0,0.33,,adq,green,0.4,0.0,0.5,,0.3,0.0,0.0,0.5,,,0.0,,,,0.33,0.0,0.33,0.67,,1.0,,,0.0,0.33,,0.33,,,,,,0.6,,,,,0.6,0.17,0.17,0.17
1481,0.5400015711784363,female,58.0,55_64,french,canadian_quebecois,high_school,under_20k,employed,26,1.0,widowed,1.0,3_4_persons,0.0,no_children,protestant,0.5,other_regions,type_2,,1.0,1.0,1.0,1.0,1.0,1.0,1.0,plq,other,1.0,1.0,1.0,0.0,1.0,1.0,1.0,0.0,1.0,0.0,1.0,0.33,1.0,pq,ndp,0.0,0.9,0.8,,,0.0,0.9,0.8,,,0.1,0.0,,,0.67,0.33,0.67,0.33,0.67,0.67,1.0,,0.0,0.33,0.67,0.33,,0.8,,,,,0.8,0.8,0.8,0.8,,0.83,0.83,0.67
1482,1.418331265449524,male,60.0,55_64,other,other,college_cegep,under_20k,unemployed,6,0.0,widowed,1.0,2_persons,1.0,children_18_plus,,,eastern_quebec,type_2,0.0,1.0,1.0,0.67,1.0,1.0,0.67,1.0,adq,liberal,0.33,1.0,1.0,1.0,0.5,0.67,1.0,0.0,0.0,,1.0,0.67,1.0,other,,0.4,0.1,0.5,,0.5,0.35,0.3,0.7,,,0.5,0.9,0.0,1.0,0.0,0.33,0.67,0.33,0.67,1.0,,0.0,0.67,0.67,1.0,0.33,,0.6,,0.2,,,0.6,0.6,,,0.2,0.67,0.67,0.67
1483,1.0622121095657349,male,45.0,35_44,english,canadian_quebecois,high_school,20k_to_40k,employed,26,0.0,single,0.0,2_persons,1.0,no_children,,,monteregie,type_2,0.0,0.0,0.0,0.0,0.0,0.0,1.0,0.0,adq,,0.0,0.0,0.0,0.0,0.5,1.0,1.0,0.0,1.0,1.0,1.0,0.33,1.0,,,0.11,0.0,0.06,,,0.0,0.0,0.0,0.0,0.0,0.0,,0.0,1.0,0.0,0.0,0.0,1.0,0.33,0.0,,0.67,0.67,0.33,0.33,1.0,,,,,,,,,,,,0.17,0.17,0.17
1484,0.2070583254098892,female,49.0,45_54,english,other,graduate,40k_to_60k,employed,3,0.0,married,1.0,2_persons,0.0,children_18_plus,catholic,0.5,montreal,type_2,,0.67,1.0,0.33,1.0,0.67,0.67,1.0,pq,liberal,0.67,0.5,0.67,0.67,0.5,0.33,0.0,0.33,0.0,0.0,0.0,0.67,0.0,plq,ndp,0.75,0.0,0.2,0.0,0.05,0.65,0.0,0.35,,,0.9,0.8,,1.0,0.0,,0.67,0.0,0.33,1.0,0.33,,0.67,1.0,0.33,,,,,0.2,,,1.0,1.0,,1.0,,1.0,0.67,0.67
1485,0.2931336760520935,female,59.0,55_64,english,canadian_quebecois,bachelor,20k_to_40k,,8,1.0,widowed,1.0,5_plus_persons,0.0,no_children,protestant,0.5,other_regions,type_2,,0.67,1.0,1.0,0.33,0.67,0.67,1.0,other,,1.0,1.0,1.0,1.0,1.0,1.0,1.0,0.0,1.0,,1.0,0.33,1.0,pq,bloc,0.0,0.05,0.0,0.05,0.07,0.0,0.0,0.0,0.05,0.0,0.9,0.1,1.0,0.0,1.0,0.67,0.67,0.67,0.67,0.67,1.0,0.0,0.0,0.67,0.33,0.0,,0.4,,0.2,0.4,0.4,0.8,0.8,,0.4,0.4,0.17,0.33,0.17
1486,1.627670168876648,male,67.0,65_plus,french,canadian_quebecois,high_school,40k_to_60k,,4,1.0,widowed,0.0,5_plus_persons,0.0,children_under_18,other_christian,1.0,other_regions,type_2,,1.0,1.0,0.67,0.67,0.67,0.33,1.0,plq,conservative,0.67,0.5,1.0,1.0,1.0,1.0,0.67,0.0,1.0,0.0,1.0,0.67,1.0,adq,conservative,0.0,0.6,0.9,0.0,0.25,0.25,0.25,0.95,0.05,0.1,0.25,0.9,,1.0,0.67,,1.0,0.33,0.67,0.67,1.0,0.0,0.33,0.33,0.67,0.67,0.6,0.6,0.6,0.2,0.6,0.6,0.6,0.6,,0.6,0.6,0.67,0.67,0.67
1487,0.9275031685829164,female,65.0,55_64,french,canadian_quebecois,college_cegep,under_20k,self_employed,16,1.0,widowed,0.0,3_4_persons,0.0,children_under_18,catholic,1.0,montreal,type_2,,1.0,0.33,0.67,0.67,0.67,0.67,1.0,plq,bloc,0.33,0.75,0.33,0.67,0.5,0.67,0.33,0.67,0.0,,0.0,0.67,0.0,plq,,0.85,0.15,0.4,0.2,0.1,0.9,0.2,0.6,0.1,0.1,0.2,0.7,0.0,1.0,0.0,0.33,1.0,0.0,0.33,1.0,1.0,0.33,0.33,1.0,0.67,0.67,1.0,1.0,1.0,0.2,0.4,1.0,1.0,1.0,1.0,1.0,1.0,1.0,1.0,0.67
1488,0.9275031685829164,female,,,french,canadian_quebecois,college_cegep,20k_to_40k,,16,0.0,widowed,1.0,3_4_persons,0.0,children_18_plus,,,montreal,type_2,0.0,1.0,0.67,0.33,1.0,0.67,0.67,0.0,other,,1.0,0.75,0.33,0.67,0.5,0.67,0.67,0.33,1.0,1.0,1.0,0.33,1.0,,,0.2,0.0,0.0,0.0,0.5,0.3,0.0,0.0,,,0.9,0.3,0.0,1.0,0.0,0.67,1.0,1.0,0.33,1.0,0.33,0.0,0.33,1.0,1.0,0.0,1.0,1.0,1.0,0.2,0.4,1.0,1.0,1.0,1.0,1.0,1.0,0.17,0.17,0.17
1489,0.7158807516098022,male,63.0,55_64,french,canadian_quebecois,graduate,40k_to_60k,self_employed,5,1.0,common_law,1.0,3_4_persons,0.0,children_under_18,,,,type_2,0.0,0.67,0.67,0.67,0.67,0.67,0.33,1.0,plq,ndp,0.33,0.5,0.67,0.33,0.5,0.33,0.67,0.33,0.0,0.0,1.0,0.67,1.0,,,0.6,0.6,0.5,0.55,0.65,0.7,0.6,0.7,0.6,0.6,0.5,0.7,0.0,1.0,0.33,0.67,0.33,0.33,1.0,0.33,1.0,0.0,0.67,0.67,0.67,0.33,1.0,0.8,1.0,0.2,0.4,0.6,0.8,0.8,1.0,1.0,1.0,1.0,0.0,0.67
1490,0.2931336760520935,female,58.0,55_64,english,canadian_quebecois,elementary,under_20k,self_employed,26,0.0,widowed,0.0,,1.0,no_children,,,other,type_2,0.0,1.0,1.0,1.0,1.0,0.67,1.0,1.0,plq,conservative,1.0,1.0,1.0,1.0,0.5,1.0,1.0,0.0,1.0,1.0,1.0,0.0,1.0,plq,,,0.0,,0.0,,,,,,,,,0.0,,0.0,,,0.67,0.33,0.0,,0.33,,0.67,0.67,0.0,1.0,1.0,,,1.0,,,,,,,0.17,0.17,0.17
1491,0.7158807516098022,male,63.0,55_64,french,canadian_quebecois,graduate,40k_to_60k,self_employed,32,1.0,married,1.0,2_persons,1.0,children_under_18,protestant,0.5,other_regions,type_2,,0.67,1.0,0.33,0.67,0.33,0.0,1.0,plq,ndp,0.67,0.75,0.67,0.0,1.0,0.67,1.0,0.33,0.0,0.0,1.0,0.33,1.0,pq,,0.0,1.0,0.4,,,0.3,0.8,0.35,,0.0,0.95,0.35,1.0,,0.67,0.67,0.33,0.67,0.33,0.67,1.0,0.0,0.0,0.33,0.33,0.0,0.8,0.8,,0.2,0.8,0.8,0.8,0.8,0.8,,0.8,0.83,0.83,0.17
1492,0.9275031685829164,female,69.0,65_plus,french,canadian_quebecois,high_school,,self_employed,15,1.0,single,0.0,1_person,1.0,no_children,other_christian,0.0,quebec_city,type_2,,1.0,1.0,1.0,1.0,1.0,0.67,1.0,adq,other,0.67,1.0,1.0,0.0,0.5,0.67,0.67,0.67,1.0,,0.0,0.67,1.0,adq,liberal,0.55,0.35,0.75,0.05,0.05,0.55,0.34,0.97,0.05,0.05,0.95,0.95,0.0,1.0,0.0,,1.0,0.67,0.67,1.0,1.0,0.0,0.67,0.67,0.67,0.33,0.6,0.6,,0.2,0.6,0.6,1.0,0.6,0.6,0.6,0.6,1.0,0.67,0.67
1493,1.7230206727981567,female,40.0,35_44,french,canadian_quebecois,college_cegep,60k_to_80k,employed,16,1.0,widowed,1.0,3_4_persons,0.0,no_children,,,other_regions,type_2,0.0,0.67,0.33,0.67,0.67,0.67,0.67,1.0,plq,ndp,0.67,0.75,0.33,,1.0,0.67,,0.33,1.0,0.0,,,1.0,adq,conservative,0.05,0.5,0.8,,,0.05,,0.75,,,0.5,1.0,0.0,1.0,,0.0,1.0,0.33,,0.0,1.0,,0.67,0.67,,0.0,0.6,0.6,,,0.6,0.6,0.6,,,,0.6,,0.67,0.67
1494,0.926587700843811,female,26.0,25_34,french,canadian_quebecois,college_cegep,40k_to_60k,employed,13,1.0,widowed,1.0,3_4_persons,0.0,children_under_18,protestant,0.0,other_regions,type_2,,0.67,1.0,0.33,1.0,,0.33,1.0,plq,conservative,0.67,0.5,0.33,0.0,1.0,,0.67,0.33,0.0,0.0,0.0,0.33,1.0,other,conservative,0.13,0.72,0.45,0.55,0.86,0.08,0.6,0.38,0.43,0.82,0.45,0.65,0.0,1.0,0.33,,0.33,0.67,0.33,0.67,1.0,0.0,0.33,0.67,0.67,0.33,0.8,0.6,,0.2,,0.6,0.8,0.8,0.8,,0.4,,0.33,0.33
1495,1.1933574676513672,female,68.0,65_plus,french,canadian_quebecois,high_school,under_20k,self_employed,17,1.0,divorced_separated,,3_4_persons,1.0,no_children,,,other,type_2,,1.0,0.67,0.33,1.0,1.0,0.0,1.0,plq,ndp,1.0,1.0,0.0,1.0,0.5,1.0,1.0,0.0,1.0,1.0,1.0,0.67,,adq,liberal,0.5,0.0,0.6,0.1,0.0,0.3,0.0,0.6,0.0,,0.0,0.9,1.0,0.0,0.0,0.0,0.67,0.67,0.67,1.0,1.0,0.67,0.33,0.67,0.67,0.33,0.6,0.6,0.6,0.2,0.6,0.6,0.6,0.6,0.6,0.6,0.6,0.67,0.67,0.67
1496,0.4301224946975708,female,23.0,18_24,french,canadian_quebecois,bachelor,80k_to_100k,,3,1.0,widowed,1.0,3_4_persons,0.0,no_children,protestant,0.5,other_regions,type_2,,1.0,1.0,0.33,0.67,0.33,0.0,1.0,other,other,0.33,1.0,0.67,1.0,1.0,0.67,0.67,0.33,1.0,0.0,0.0,0.67,0.0,adq,conservative,0.25,0.6,0.8,0.1,0.25,0.1,0.6,0.95,,,0.75,0.75,,1.0,0.33,0.67,0.67,0.33,0.33,0.33,1.0,,0.67,0.67,1.0,0.33,0.6,0.8,,0.2,0.8,1.0,0.8,0.8,0.6,,0.6,0.67,0.5,0.67
1497,0.8478164076805115,female,50.0,45_54,other,canadian_quebecois,high_school,60k_to_80k,employed,7,1.0,widowed,1.0,3_4_persons,0.0,no_children,,,quebec_city,type_2,0.0,1.0,1.0,0.33,0.67,0.67,0.67,1.0,plq,conservative,0.0,0.75,0.67,1.0,0.5,1.0,1.0,0.33,1.0,0.0,1.0,0.33,1.0,pq,ndp,0.15,0.6,0.25,,,0.0,0.5,0.25,,,0.5,,0.0,,0.33,0.67,,0.67,0.67,0.33,,,,0.67,0.67,0.0,,,,,,,0.8,0.8,,,0.6,0.83,0.83,
1498,2.670271873474121,male,37.0,35_44,french,canadian_quebecois,college_cegep,80k_to_100k,employed,13,1.0,widowed,1.0,3_4_persons,0.0,no_children,protestant,0.5,other_regions,type_2,,1.0,1.0,0.67,1.0,0.0,0.0,1.0,plq,,0.67,0.0,1.0,1.0,1.0,1.0,1.0,0.0,1.0,0.0,1.0,,,adq,conservative,0.2,0.6,0.9,0.0,0.2,0.1,0.4,0.9,,,0.4,0.7,0.0,1.0,0.67,0.67,,0.33,0.33,0.67,1.0,,0.67,,0.67,0.33,0.6,,0.6,0.2,,0.6,0.8,0.6,0.6,0.6,0.6,,0.67,0.67
1499,1.4374099969863892,male,69.0,65_plus,french,canadian_quebecois,bachelor,60k_to_80k,self_employed,13,1.0,widowed,,2_persons,1.0,no_children,catholic,0.5,montreal,type_2,,1.0,0.67,0.33,0.33,0.67,0.0,1.0,plq,ndp,0.0,,0.33,0.33,0.5,0.67,0.67,0.67,1.0,0.0,,0.67,1.0,,,0.8,0.1,0.6,0.0,0.1,0.5,0.2,0.4,0.1,0.1,0.0,0.7,0.0,1.0,0.0,0.67,0.67,0.67,1.0,1.0,1.0,0.0,1.0,1.0,0.67,1.0,1.0,,1.0,,,0.6,,0.8,,1.0,0.6,1.0,,0.67
1500,0.1564060449600219,male,62.0,55_64,french,canadian_quebecois,bachelor,40k_to_60k,self_employed,3,1.0,single,0.0,2_persons,0.0,children_18_plus,protestant,1.0,other_regions,type_2,,0.33,0.33,0.33,0.33,0.33,0.33,1.0,adq,conservative,1.0,0.75,0.33,0.67,1.0,0.0,0.33,0.67,,,0.0,1.0,1.0,pq,ndp,0.25,1.0,0.5,0.0,0.0,0.25,0.9,0.5,0.0,0.0,0.75,0.75,1.0,1.0,1.0,1.0,1.0,0.33,0.33,0.67,1.0,0.33,0.33,0.33,1.0,0.33,0.8,0.8,0.8,0.8,0.8,0.8,0.8,0.8,0.8,0.8,0.8,0.83,0.83,0.83
1501,2.061872959136963,male,23.0,18_24,french,canadian_quebecois,bachelor,under_20k,retired,6,1.0,widowed,1.0,3_4_persons,0.0,children_under_18,no_religion,0.5,eastern_quebec,type_2,,0.67,0.67,0.67,1.0,1.0,0.33,1.0,qs,liberal,0.33,0.75,0.33,0.67,0.5,0.33,0.67,0.33,0.0,0.0,0.0,0.33,1.0,other,liberal,0.75,0.35,0.8,0.65,0.85,0.85,0.8,0.95,0.45,0.75,0.0,0.75,0.0,1.0,0.0,0.67,0.67,0.0,1.0,0.33,1.0,0.0,0.67,0.67,0.67,0.33,1.0,0.8,1.0,0.2,1.0,1.0,1.0,1.0,1.0,1.0,1.0,1.0,0.67,0.67
1502,0.4079344272613525,female,61.0,55_64,french,canadian_quebecois,college_cegep,20k_to_40k,employed,6,1.0,widowed,1.0,3_4_persons,0.0,children_under_18,protestant,0.5,other_regions,type_2,,1.0,1.0,0.67,0.67,1.0,0.67,1.0,plq,ndp,0.67,1.0,1.0,0.67,1.0,0.67,0.67,0.33,1.0,1.0,1.0,0.33,1.0,pq,ndp,0.1,0.85,0.5,,,,0.75,0.65,0.45,,0.8,0.7,0.0,1.0,0.33,1.0,0.67,0.0,0.67,0.67,1.0,0.67,0.33,0.67,0.67,0.33,1.0,0.8,0.8,0.8,0.4,0.8,0.8,0.8,0.8,0.8,0.6,0.83,0.83,0.67
1503,1.131169080734253,female,46.0,45_54,french,canadian_quebecois,high_school,under_20k,,2,1.0,divorced_separated,0.0,2_persons,1.0,children_under_18,,,,type_2,,1.0,0.33,0.67,0.67,0.67,0.33,1.0,plq,,0.67,1.0,1.0,0.67,0.5,0.67,0.67,0.33,1.0,0.0,1.0,0.33,0.0,,,,,,,,0.55,0.0,0.5,,,,0.65,0.0,0.0,0.0,0.33,,,0.33,1.0,1.0,0.33,0.33,0.67,0.67,0.33,1.0,0.6,0.8,1.0,1.0,0.6,0.8,0.8,1.0,0.8,0.6,0.67,0.67,0.67
1504,0.926587700843811,female,30.0,25_34,french,canadian_quebecois,college_cegep,under_20k,employed,14,1.0,widowed,1.0,3_4_persons,0.0,children_under_18,protestant,0.0,other_regions,type_2,,1.0,1.0,0.33,1.0,0.0,0.67,1.0,plq,other,0.33,0.75,0.67,0.33,,0.33,0.67,0.33,1.0,0.0,1.0,0.33,,adq,bloc,0.2,0.5,0.8,0.8,0.7,0.3,0.3,0.4,,,0.2,0.5,,,0.33,0.33,0.67,0.67,0.33,0.33,1.0,0.33,0.67,,0.67,0.0,,0.6,0.6,0.2,,0.6,0.8,0.8,,,0.6,,0.67,0.0
1505,2.080836057662964,female,,,other,,bachelor,under_20k,employed,6,0.0,common_law,1.0,,,both,catholic,,montreal,type_2,,1.0,1.0,1.0,1.0,0.67,1.0,1.0,pq,liberal,1.0,0.75,1.0,0.33,0.5,0.67,0.67,0.33,1.0,0.0,1.0,0.67,1.0,plq,,0.75,,,,,0.75,,,,,,,,,0.0,,0.67,,0.33,1.0,,,0.67,0.67,0.67,0.67,1.0,1.0,1.0,1.0,,,,,1.0,,1.0,1.0,,1.0
1506,1.5618207454681396,female,52.0,45_54,french,canadian_quebecois,high_school,80k_to_100k,employed,26,1.0,widowed,1.0,3_4_persons,0.0,children_under_18,other_christian,0.5,quebec_city,type_2,,1.0,0.67,0.67,1.0,0.33,0.67,1.0,adq,liberal,1.0,0.75,0.67,1.0,0.5,0.67,0.67,0.33,1.0,0.0,0.0,0.67,1.0,adq,liberal,0.6,0.0,1.0,0.0,0.0,0.6,0.1,0.85,0.0,0.0,0.0,0.75,0.0,0.0,0.0,0.33,0.33,0.67,0.33,1.0,1.0,1.0,0.67,0.33,0.67,0.33,0.6,0.6,0.6,0.6,0.6,0.6,0.6,0.6,0.6,0.6,0.6,0.67,1.0,0.67
1507,1.2265689373016355,female,33.0,25_34,french,canadian_quebecois,college_cegep,40k_to_60k,homemaker,26,1.0,widowed,,5_plus_persons,,no_children,,,other,type_2,0.0,0.67,1.0,,0.67,,,1.0,plq,ndp,0.67,,,1.0,0.5,,1.0,0.0,1.0,1.0,1.0,,,adq,,,,,,,,,,,,0.0,,,,0.0,,,1.0,,,,,,,,,,,,,,,,,,,,,,
1508,0.926587700843811,female,30.0,25_34,french,canadian_quebecois,graduate,60k_to_80k,employed,15,1.0,divorced_separated,1.0,,0.0,children_under_18,protestant,0.0,other_regions,type_2,,0.67,0.67,0.67,0.67,0.33,0.33,1.0,pq,liberal,0.33,0.5,0.67,0.33,1.0,0.33,0.33,0.67,1.0,0.0,,0.67,1.0,adq,conservative,0.6,0.75,0.75,0.1,0.8,0.6,0.75,0.7,,,0.45,0.8,0.0,1.0,1.0,0.33,,,0.33,0.67,1.0,0.0,0.67,,0.67,,,,0.6,0.2,0.4,0.8,0.8,0.8,,,,1.0,,
1509,0.9275031685829164,female,69.0,65_plus,french,canadian_quebecois,graduate,under_20k,self_employed,6,1.0,widowed,,5_plus_persons,0.0,children_under_18,protestant,0.5,other_regions,type_2,,1.0,1.0,1.0,1.0,1.0,0.0,1.0,adq,liberal,1.0,1.0,1.0,0.0,1.0,0.33,0.33,0.33,1.0,0.0,1.0,0.67,,pq,bloc,0.0,0.65,0.0,0.55,0.6,0.0,0.5,0.0,0.7,0.65,0.75,0.5,1.0,1.0,0.33,0.33,1.0,0.33,0.67,0.67,1.0,0.0,0.0,0.33,,0.0,0.8,0.8,,0.2,0.4,0.4,0.8,0.8,0.8,,0.4,0.17,0.5,0.5
1510,0.4079344272613525,female,60.0,55_64,french,canadian_quebecois,bachelor,40k_to_60k,employed,6,1.0,widowed,0.0,5_plus_persons,0.0,children_under_18,,,outaouais,type_2,0.0,1.0,1.0,0.67,1.0,0.67,0.33,1.0,plq,ndp,0.33,1.0,0.67,0.67,0.5,0.33,0.33,0.67,0.0,0.0,0.0,0.67,,adq,green,0.65,0.65,0.75,0.6,0.7,0.6,0.6,0.7,0.6,0.7,0.2,0.8,0.0,1.0,0.33,0.67,1.0,0.67,0.67,0.33,0.33,0.33,0.33,0.67,1.0,0.67,,,,0.2,0.4,0.6,0.8,0.8,0.6,,0.6,1.0,0.33,0.5
1511,0.3556142151355743,male,74.0,65_plus,french,canadian_quebecois,bachelor,60k_to_80k,self_employed,3,1.0,divorced_separated,0.0,3_4_persons,1.0,children_under_18,,,quebec_city,type_2,1.0,0.67,0.33,0.33,0.33,0.67,0.67,1.0,adq,liberal,0.67,0.5,0.33,0.67,0.5,0.33,0.33,0.67,1.0,,0.0,0.33,1.0,adq,liberal,0.1,0.0,0.9,0.0,0.0,0.2,0.0,0.8,0.0,,0.4,1.0,1.0,1.0,0.0,0.33,1.0,0.33,0.33,0.33,0.33,0.67,1.0,0.67,0.67,1.0,0.6,0.6,0.6,0.6,0.6,0.6,0.6,0.6,0.6,0.6,0.6,0.67,0.67,0.67
1512,2.4493582248687744,male,53.0,45_54,french,canadian_quebecois,college_cegep,60k_to_80k,employed,9,1.0,widowed,,3_4_persons,0.0,children_18_plus,catholic,0.5,other_regions,type_2,,0.33,0.67,0.33,0.67,0.33,0.67,1.0,adq,liberal,0.33,0.5,0.33,0.33,0.5,0.67,0.67,0.33,0.0,0.0,,0.67,1.0,plq,ndp,0.6,0.3,0.5,0.0,0.5,0.5,0.2,0.5,0.2,,0.65,0.7,0.0,1.0,0.33,0.67,0.67,0.33,0.33,0.33,1.0,0.0,0.67,1.0,1.0,1.0,1.0,1.0,1.0,0.2,0.4,0.6,0.8,0.8,0.6,1.0,1.0,1.0,0.67,0.5
1513,0.3672607839107513,male,63.0,55_64,english,canadian_quebecois,graduate,40k_to_60k,employed,25,1.0,widowed,1.0,1_person,1.0,children_18_plus,,,outaouais,type_2,1.0,0.67,0.67,0.33,0.67,0.67,0.33,1.0,adq,liberal,0.33,0.75,0.67,0.33,0.5,0.67,0.67,0.33,1.0,0.0,1.0,0.67,1.0,pq,liberal,0.5,0.3,0.3,0.1,0.3,0.5,0.35,0.35,0.0,,0.5,0.75,0.0,1.0,0.0,0.67,1.0,0.33,1.0,0.33,1.0,0.0,0.33,1.0,1.0,0.67,1.0,1.0,1.0,1.0,1.0,0.8,1.0,,0.8,1.0,,1.0,0.17,0.33
1514,1.627670168876648,male,71.0,65_plus,french,other,college_cegep,20k_to_40k,self_employed,5,1.0,widowed,,5_plus_persons,0.0,no_children,protestant,0.5,other_regions,type_2,,1.0,1.0,0.67,0.67,0.33,0.0,1.0,,,1.0,0.75,0.67,0.67,1.0,0.67,1.0,0.33,0.0,0.0,1.0,0.67,1.0,pq,,0.03,1.0,0.5,0.25,0.05,,0.6,0.4,,,0.5,0.75,0.0,1.0,1.0,,0.67,0.33,0.67,0.67,1.0,,0.67,0.33,0.67,0.67,0.8,0.8,0.8,0.8,0.8,0.8,0.8,0.8,0.8,,0.8,0.83,0.0,0.67
1515,0.926587700843811,female,30.0,25_34,french,canadian_quebecois,college_cegep,under_20k,student,16,1.0,widowed,1.0,5_plus_persons,1.0,no_children,other_christian,0.5,quebec_city,type_2,,0.67,0.67,0.0,0.67,0.67,0.67,1.0,plq,ndp,0.33,0.5,1.0,0.67,0.5,0.67,0.67,0.33,1.0,0.0,1.0,0.67,1.0,adq,bloc,0.0,0.15,0.8,0.1,0.1,0.0,0.3,0.8,0.1,0.1,0.2,0.7,1.0,1.0,0.0,,0.67,0.33,0.33,1.0,1.0,0.67,1.0,0.67,0.33,0.0,0.6,0.6,,0.6,0.6,0.6,0.6,0.8,0.6,0.6,0.6,0.67,0.67,0.67
1516,0.5248628258705139,female,58.0,55_64,french,canadian_quebecois,bachelor,,,4,1.0,widowed,0.0,3_4_persons,0.0,no_children,,,,type_2,1.0,0.67,0.67,0.67,0.67,0.67,0.67,1.0,plq,ndp,0.67,0.5,0.33,0.67,0.5,0.33,0.67,0.33,0.0,0.0,0.0,0.67,,,,0.7,0.4,0.6,,,0.6,0.3,0.7,,,0.6,0.7,0.0,1.0,0.0,0.67,0.67,0.33,0.33,0.33,1.0,,0.67,0.67,1.0,0.33,,1.0,0.6,1.0,0.6,1.0,1.0,0.8,0.6,,0.6,1.0,0.67,0.67
1517,1.7230206727981567,female,39.0,35_44,french,canadian_quebecois,college_cegep,20k_to_40k,employed,16,1.0,widowed,1.0,3_4_persons,0.0,no_children,catholic,1.0,montreal,type_2,,0.67,0.67,0.67,1.0,0.67,0.0,1.0,pq,liberal,0.67,0.75,0.33,1.0,0.5,0.33,1.0,0.33,1.0,0.0,1.0,0.67,1.0,plq,ndp,0.95,0.01,0.79,0.02,0.6,0.75,0.01,0.8,0.02,,0.5,0.85,1.0,,0.0,0.0,0.67,0.33,,1.0,1.0,0.33,0.67,,1.0,0.33,1.0,0.6,1.0,0.2,1.0,0.6,1.0,1.0,,1.0,1.0,1.0,1.0,0.67
1518,0.6322008967399597,male,60.0,55_64,french,canadian_quebecois,bachelor,40k_to_60k,employed,6,1.0,widowed,1.0,5_plus_persons,1.0,no_children,protestant,1.0,other_regions,type_2,,1.0,1.0,0.33,0.33,0.33,0.0,1.0,plq,conservative,0.67,0.5,0.67,0.67,1.0,1.0,1.0,0.33,1.0,0.0,1.0,0.0,1.0,pq,bloc,0.0,0.8,0.5,0.7,0.5,0.0,0.6,0.6,0.5,0.4,0.4,0.1,0.0,1.0,0.0,0.33,1.0,0.33,0.67,0.67,1.0,0.0,0.0,1.0,1.0,0.0,0.4,0.8,0.8,0.8,0.4,0.6,0.8,0.8,0.6,1.0,0.4,0.83,0.5,0.5
1519,0.5400015711784363,female,62.0,55_64,french,canadian_quebecois,bachelor,40k_to_60k,self_employed,26,1.0,widowed,1.0,3_4_persons,0.0,no_children,catholic,0.5,quebec_city,type_2,,1.0,1.0,0.67,0.67,1.0,0.0,1.0,plq,ndp,1.0,0.75,0.67,1.0,0.5,0.67,0.67,0.67,1.0,0.0,0.0,0.67,1.0,plq,ndp,0.9,0.1,0.6,,,0.85,0.1,0.75,,,0.0,0.75,1.0,,0.0,0.33,1.0,0.33,0.33,1.0,1.0,0.33,0.33,1.0,0.67,0.0,1.0,1.0,1.0,0.2,1.0,1.0,1.0,1.0,0.6,1.0,1.0,1.0,1.0,1.0
1520,2.061872959136963,male,22.0,18_24,french,canadian_quebecois,bachelor,under_20k,retired,16,1.0,widowed,1.0,5_plus_persons,0.0,children_18_plus,,,other_regions,type_2,1.0,0.67,1.0,0.33,0.67,0.0,0.0,1.0,adq,liberal,0.33,0.0,0.0,0.33,1.0,0.67,0.33,0.67,1.0,0.0,0.0,0.67,0.0,pq,ndp,0.5,0.7,0.9,0.05,0.05,0.75,0.6,0.8,0.1,0.1,0.0,1.0,0.0,1.0,0.67,0.33,1.0,0.0,0.67,0.33,1.0,0.0,1.0,0.33,0.67,1.0,,1.0,,0.2,0.4,0.6,0.8,0.6,1.0,0.6,1.0,1.0,0.67,0.67
1521,0.3911031782627105,female,56.0,55_64,french,canadian_quebecois,high_school,,self_employed,9,1.0,divorced_separated,,3_4_persons,0.0,children_under_18,protestant,0.5,other,type_2,,1.0,1.0,1.0,1.0,0.67,0.67,1.0,plq,ndp,1.0,1.0,1.0,0.33,1.0,1.0,1.0,0.33,1.0,0.0,1.0,0.33,0.0,pq,ndp,0.0,0.7,0.5,,,0.0,0.7,0.5,,,0.5,0.7,,1.0,0.67,0.67,0.67,0.67,0.67,0.67,1.0,,0.67,0.67,0.67,0.0,,0.8,,,0.8,0.8,0.8,0.8,0.8,,0.8,0.83,0.83,0.83
1522,2.670271873474121,male,36.0,35_44,french,canadian_quebecois,college_cegep,100k_to_120k,employed,16,1.0,widowed,0.0,5_plus_persons,1.0,no_children,catholic,0.5,montreal,type_2,,0.67,0.67,0.67,1.0,0.67,1.0,1.0,pq,liberal,0.67,0.5,0.67,1.0,,0.67,1.0,0.67,0.0,,,0.67,1.0,plq,ndp,0.55,0.4,0.45,0.0,0.0,0.6,0.3,0.6,0.0,0.0,0.0,0.5,1.0,1.0,0.0,0.67,1.0,0.33,0.33,0.33,1.0,0.0,0.67,0.67,0.33,0.0,1.0,,,0.2,0.6,,1.0,0.8,1.0,1.0,,,1.0,0.67
1523,0.3552634119987488,male,32.0,25_34,french,canadian_quebecois,bachelor,20k_to_40k,employed,12,1.0,widowed,1.0,3_4_persons,0.0,children_18_plus,other_christian,0.5,eastern_quebec,type_2,,0.67,0.33,0.33,0.67,0.67,0.33,1.0,plq,conservative,0.33,0.5,0.33,0.0,0.5,0.67,0.67,0.0,1.0,0.0,0.0,0.67,1.0,other,ndp,0.6,0.45,0.75,0.2,0.8,0.6,0.7,0.75,,0.8,0.15,0.85,0.0,1.0,0.0,0.33,,0.33,0.33,0.0,1.0,0.33,0.67,0.67,0.67,,0.6,0.8,1.0,0.2,0.8,0.6,1.0,0.8,0.6,0.6,0.6,0.83,0.0,0.67
1524,2.984832286834717,female,20.0,18_24,other,other,college_cegep,under_20k,employed,6,1.0,divorced_separated,0.0,,,children_18_plus,,,monteregie,type_2,0.0,1.0,1.0,1.0,0.33,0.33,0.67,0.0,plq,ndp,0.0,1.0,1.0,1.0,0.5,0.67,0.67,0.0,1.0,1.0,1.0,0.33,1.0,,,,,,,,,,,,,0.7,,0.0,,0.0,0.67,0.67,,0.33,0.0,,0.33,0.33,1.0,,0.0,,,,,,,,,,,,0.17,,
1525,0.9275031685829164,female,66.0,65_plus,french,canadian_quebecois,bachelor,under_20k,self_employed,16,1.0,divorced_separated,1.0,5_plus_persons,1.0,no_children,protestant,0.5,other_regions,type_2,,1.0,1.0,1.0,1.0,1.0,0.33,1.0,pq,liberal,0.33,1.0,1.0,1.0,1.0,1.0,1.0,0.0,1.0,0.0,1.0,0.0,1.0,adq,conservative,0.0,0.7,0.7,0.1,0.3,0.1,0.3,0.6,0.05,,0.4,0.3,0.0,1.0,0.0,0.0,0.0,0.67,0.67,0.67,1.0,0.0,0.0,0.33,1.0,0.0,0.8,0.8,0.8,0.2,0.4,0.6,0.8,0.8,0.6,0.6,0.6,0.17,0.67,0.67
1526,0.6322008967399597,male,56.0,55_64,french,canadian_quebecois,bachelor,40k_to_60k,,16,1.0,divorced_separated,0.0,2_persons,1.0,no_children,,,outaouais,type_2,0.0,0.67,0.67,0.0,0.0,0.33,0.33,1.0,plq,ndp,0.33,0.5,0.33,0.33,0.5,0.0,0.33,0.0,1.0,0.0,0.0,0.67,1.0,,,0.3,0.5,0.6,0.6,0.6,0.01,0.02,0.5,0.5,0.5,0.5,0.5,0.0,1.0,0.0,0.33,0.67,1.0,0.33,0.33,1.0,1.0,0.67,1.0,1.0,0.33,0.6,0.6,1.0,0.8,0.8,0.6,0.8,0.8,0.8,1.0,0.8,1.0,1.0,0.17
1527,0.3556142151355743,male,74.0,65_plus,french,canadian_quebecois,bachelor,over_150k,self_employed,3,1.0,widowed,0.0,,0.0,children_under_18,,,montreal,type_2,1.0,1.0,1.0,1.0,0.67,0.33,0.0,1.0,adq,liberal,0.0,0.75,0.67,0.67,0.5,1.0,1.0,0.33,1.0,,,0.67,1.0,plq,ndp,0.5,0.0,0.5,,,0.4,0.0,,,,0.3,0.6,0.0,1.0,0.0,0.33,0.33,0.67,0.33,1.0,1.0,0.0,0.33,0.67,,0.0,,,,0.2,,0.6,1.0,,,,,1.0,,0.67
1528,0.926587700843811,female,28.0,25_34,french,canadian_quebecois,high_school,under_20k,employed,14,1.0,widowed,1.0,5_plus_persons,0.0,no_children,protestant,0.0,,type_2,,1.0,0.67,0.67,0.67,0.67,0.67,1.0,,,0.33,0.75,0.67,0.67,1.0,0.33,0.67,0.33,1.0,0.0,,0.67,,,,0.4,0.5,0.4,0.4,0.3,0.4,0.5,0.4,,,0.5,0.6,,,0.33,,1.0,1.0,1.0,0.67,,,0.67,,0.67,0.67,,,,0.2,,0.6,0.8,,0.8,,,0.17,0.17,0.0
1529,0.9275031685829164,female,,,french,canadian_quebecois,college_cegep,under_20k,self_employed,6,1.0,common_law,1.0,2_persons,0.0,no_children,other_christian,0.5,quebec_city,type_2,,1.0,1.0,0.67,0.67,0.67,0.0,1.0,plq,ndp,0.67,1.0,0.67,1.0,1.0,1.0,1.0,0.33,1.0,0.0,1.0,0.67,1.0,adq,conservative,0.6,0.75,0.85,0.02,0.02,0.02,0.6,0.9,0.03,0.03,0.3,0.6,0.0,1.0,0.33,0.33,1.0,0.67,0.67,0.67,1.0,0.0,0.33,0.67,0.33,0.33,0.6,0.6,0.6,0.6,0.6,0.6,0.6,0.6,0.6,0.6,0.6,0.67,0.67,0.67
1530,0.6322008967399597,male,62.0,55_64,french,canadian_quebecois,high_school,under_20k,self_employed,6,1.0,widowed,0.0,2_persons,0.0,no_children,catholic,0.5,quebec_city,type_2,,1.0,0.67,0.67,0.67,0.67,0.67,1.0,plq,conservative,0.33,0.5,0.67,1.0,0.5,0.67,1.0,0.0,1.0,0.0,1.0,0.0,0.0,adq,liberal,0.8,0.0,0.75,0.01,0.0,0.8,0.0,0.75,0.0,0.1,0.6,0.6,1.0,1.0,0.0,0.67,0.33,1.0,0.33,0.33,1.0,0.67,0.67,0.67,1.0,0.0,1.0,1.0,0.6,0.2,0.6,0.6,0.6,0.8,0.6,0.6,0.6,1.0,0.67,0.67
1531,1.6519296169281006,female,43.0,35_44,french,canadian_quebecois,college_cegep,60k_to_80k,employed,2,1.0,widowed,0.0,,1.0,no_children,protestant,1.0,other_regions,type_2,,1.0,1.0,0.67,1.0,0.67,0.33,1.0,plq,ndp,1.0,0.75,1.0,0.33,1.0,0.67,0.67,0.33,0.0,0.0,1.0,0.67,1.0,pq,green,0.2,0.9,0.3,,0.6,0.6,0.8,0.3,0.5,0.5,0.8,0.8,,1.0,1.0,0.33,0.67,0.33,0.33,0.67,1.0,0.33,0.67,,,0.33,0.8,0.8,0.8,0.8,0.8,0.8,0.8,0.8,0.8,0.8,0.8,0.83,0.83,0.5
1532,1.626064658164978,male,33.0,25_34,french,canadian_quebecois,bachelor,20k_to_40k,employed,4,1.0,widowed,0.0,5_plus_persons,0.0,no_children,,,other_regions,type_2,0.0,1.0,1.0,0.33,1.0,0.33,0.33,1.0,pq,liberal,0.33,0.5,1.0,0.0,1.0,1.0,1.0,0.33,1.0,1.0,1.0,0.67,1.0,,,0.0,0.5,0.5,0.0,0.5,0.5,0.5,0.75,0.0,,0.0,0.5,0.0,0.0,,0.33,1.0,0.67,0.33,0.33,1.0,0.0,1.0,0.33,0.33,0.0,1.0,1.0,1.0,0.2,0.6,0.6,0.8,0.8,0.6,1.0,0.6,1.0,0.17,0.67
1533,0.1318823248147964,female,61.0,55_64,french,other_european,college_cegep,over_150k,employed,3,1.0,widowed,1.0,3_4_persons,0.0,children_under_18,protestant,1.0,other_regions,type_2,,0.67,1.0,1.0,1.0,1.0,0.33,1.0,plq,ndp,0.67,1.0,0.67,0.33,1.0,0.67,0.67,,0.0,0.0,0.0,0.33,1.0,pq,bloc,0.35,0.8,0.15,0.6,0.2,0.35,0.7,0.2,0.4,0.2,0.8,0.6,0.0,1.0,0.33,0.33,1.0,0.33,0.33,0.67,1.0,0.0,0.33,0.67,0.67,0.33,,0.8,0.8,0.8,0.8,0.8,0.8,0.8,0.8,0.8,0.8,0.83,0.0,
1534,0.926587700843811,female,34.0,25_34,french,canadian_quebecois,college_cegep,under_20k,homemaker,16,1.0,widowed,,3_4_persons,0.0,children_under_18,other_christian,0.5,montreal,type_2,,0.67,0.67,0.67,0.33,0.33,0.33,1.0,plq,bloc,0.0,0.75,0.67,0.33,0.5,0.67,0.33,0.33,,0.0,0.0,0.33,1.0,adq,,0.4,0.2,0.8,0.2,0.2,0.5,0.0,0.85,0.0,0.0,0.0,0.5,,,0.0,0.0,0.33,0.67,0.33,1.0,1.0,0.33,0.33,0.33,0.67,0.33,,1.0,1.0,0.6,0.6,0.6,1.0,0.6,0.6,,1.0,1.0,,0.67
1535,0.9925715327262878,male,49.0,45_54,english,other,high_school,over_150k,employed,6,0.0,widowed,0.0,2_persons,1.0,children_under_18,catholic,0.5,montreal,type_2,,1.0,1.0,0.67,1.0,0.67,1.0,1.0,adq,liberal,0.33,0.5,0.33,0.67,0.5,0.67,0.67,0.33,0.0,,1.0,0.33,1.0,plq,ndp,0.7,0.0,0.4,0.0,0.2,0.5,0.0,0.2,,,0.05,0.95,0.0,1.0,0.0,0.67,0.33,0.0,1.0,1.0,0.67,0.33,0.67,0.67,1.0,0.0,1.0,1.0,1.0,0.2,,1.0,1.0,1.0,1.0,1.0,0.6,1.0,1.0,1.0
1536,0.9275031685829164,female,67.0,65_plus,french,canadian_quebecois,college_cegep,under_20k,self_employed,13,1.0,widowed,,5_plus_persons,0.0,children_under_18,other_christian,0.5,montreal,type_2,,0.67,0.67,0.67,0.67,0.67,0.67,1.0,,,0.67,0.75,0.67,1.0,0.0,0.67,0.67,0.33,1.0,0.0,1.0,0.33,0.0,adq,green,,,,,,,,,,,,,,,0.33,0.67,0.67,0.33,0.67,0.33,1.0,0.33,,,,0.33,0.6,0.6,0.6,0.6,0.6,0.6,0.6,0.6,0.6,0.6,0.6,1.0,0.67,0.67
1537,0.9275031685829164,female,,,french,canadian_quebecois,high_school,,employed,15,1.0,divorced_separated,1.0,3_4_persons,0.0,no_children,,,,type_2,0.0,0.67,0.33,0.33,0.33,1.0,0.67,1.0,plq,ndp,1.0,0.75,,1.0,,1.0,1.0,0.33,1.0,1.0,1.0,0.33,1.0,,,,0.0,,,,,0.0,0.08,,,0.0,,0.0,,0.0,0.67,0.67,0.67,,1.0,0.33,,0.67,0.67,,,,0.6,,,,,,,,0.6,,0.67,0.67,0.67
1538,0.6322008967399597,male,59.0,55_64,french,canadian_quebecois,bachelor,100k_to_120k,employed,13,1.0,divorced_separated,0.0,2_persons,1.0,no_children,protestant,0.0,quebec_city,type_2,,1.0,0.33,0.33,1.0,0.33,0.0,1.0,adq,liberal,0.0,0.75,0.67,1.0,0.5,0.33,0.33,0.67,0.0,,0.0,0.67,1.0,plq,ndp,0.6,,,,,0.7,0.1,0.6,0.0,0.5,0.2,0.6,0.0,1.0,0.0,0.67,0.67,0.33,0.33,0.33,1.0,0.0,0.67,1.0,1.0,0.33,1.0,0.8,1.0,1.0,0.4,0.6,0.6,0.6,1.0,0.6,0.6,1.0,0.67,0.67
1539,1.1798489093780518,female,50.0,45_54,french,canadian_quebecois,bachelor,over_150k,employed,6,1.0,widowed,1.0,3_4_persons,0.0,children_under_18,,,monteregie,type_2,,1.0,1.0,1.0,1.0,1.0,0.33,1.0,plq,ndp,0.67,0.5,0.67,0.67,,0.33,0.67,0.0,1.0,0.0,1.0,0.33,1.0,plq,ndp,0.8,,0.75,0.5,0.25,0.75,,0.7,,,0.0,0.85,0.0,1.0,0.0,0.67,0.67,0.67,0.33,0.33,1.0,0.33,0.67,0.67,1.0,0.0,,,,0.2,,,,,,1.0,,1.0,0.17,0.67
1540,1.2265689373016355,female,33.0,25_34,french,canadian_quebecois,graduate,,,26,1.0,divorced_separated,1.0,5_plus_persons,0.0,children_under_18,,,,type_2,1.0,0.67,0.67,0.0,0.67,0.33,0.33,1.0,adq,liberal,0.67,0.0,0.67,0.33,,0.0,0.33,0.67,0.0,0.0,,0.67,1.0,,,,,,,,,,,,,,0.9,0.0,1.0,0.33,0.33,1.0,0.0,0.33,,1.0,0.0,0.0,1.0,0.0,0.33,,,1.0,0.2,0.4,,0.8,0.8,,0.6,,,,
1541,1.1798489093780518,female,52.0,45_54,french,canadian_quebecois,college_cegep,over_150k,self_employed,16,1.0,widowed,1.0,3_4_persons,0.0,children_under_18,catholic,0.0,quebec_city,type_2,,0.67,0.33,0.33,0.67,0.67,0.67,1.0,adq,liberal,0.33,0.5,0.33,0.33,0.5,0.67,0.67,0.67,1.0,1.0,1.0,0.33,1.0,plq,ndp,0.6,0.2,0.4,0.0,0.1,0.4,0.1,0.5,0.0,0.01,0.2,0.6,1.0,1.0,0.0,0.0,0.67,0.33,0.33,0.33,1.0,,0.67,0.67,1.0,0.0,,1.0,1.0,1.0,,0.6,0.8,1.0,1.0,1.0,,1.0,,0.67
1542,0.3556142151355743,male,66.0,65_plus,french,canadian_quebecois,high_school,under_20k,,12,1.0,widowed,0.0,,0.0,no_children,,,,type_2,0.0,1.0,0.33,0.67,0.67,0.33,0.67,1.0,plq,ndp,0.0,0.75,,0.0,,0.0,1.0,0.0,1.0,,1.0,0.0,1.0,,,0.5,0.5,0.01,0.0,0.02,0.0,0.1,0.0,,,0.0,0.0,0.0,,0.0,,,1.0,0.67,0.0,,0.0,1.0,0.33,0.67,0.0,1.0,,,,,,,,,,,0.17,0.17,0.17
1543,3.865570783615112,female,35.0,25_34,other,other,graduate,,employed,13,0.0,divorced_separated,1.0,3_4_persons,0.0,children_under_18,catholic,0.0,montreal,type_2,,1.0,0.33,1.0,0.67,0.0,1.0,1.0,qs,conservative,0.33,0.5,0.0,,0.5,,0.67,0.33,1.0,0.0,1.0,0.67,1.0,plq,ndp,0.75,0.0,0.5,,,0.5,0.0,0.25,,,0.5,0.75,,,0.0,,,0.33,,1.0,0.33,,0.67,0.67,,0.33,,,,0.2,,,,,1.0,,1.0,1.0,,
1544,3.221625566482544,male,33.0,25_34,other,other,college_cegep,20k_to_40k,employed,6,0.0,divorced_separated,1.0,3_4_persons,0.0,children_under_18,no_religion,0.5,eastern_quebec,type_2,,1.0,1.0,0.67,1.0,1.0,1.0,0.0,plq,conservative,0.33,1.0,0.67,0.67,0.5,0.67,0.67,0.33,0.0,0.0,1.0,0.33,1.0,,,0.5,1.0,,,0.0,0.1,0.2,1.0,,,0.0,0.5,0.0,1.0,0.0,0.33,0.67,0.67,0.33,1.0,,0.67,0.67,0.67,0.67,0.33,,,,,,,,,,,,1.0,0.17,0.17
1545,1.627670168876648,male,65.0,55_64,french,canadian_quebecois,college_cegep,20k_to_40k,self_employed,17,1.0,common_law,1.0,2_persons,0.0,no_children,catholic,0.0,montreal,type_2,,0.67,0.33,0.67,0.67,0.33,0.33,1.0,adq,liberal,0.0,0.75,1.0,0.67,0.5,1.0,1.0,0.0,1.0,1.0,1.0,0.67,1.0,,,0.7,0.0,0.75,0.05,0.05,0.5,0.0,0.75,0.05,0.1,0.0,0.75,0.0,1.0,0.0,0.67,1.0,0.67,0.33,1.0,0.33,0.0,1.0,1.0,1.0,1.0,,,1.0,0.2,0.4,0.4,1.0,0.6,0.6,,0.4,1.0,0.17,0.17
1546,0.5248628258705139,female,63.0,55_64,french,canadian_quebecois,high_school,,employed,5,1.0,widowed,0.0,3_4_persons,0.0,,,,,type_2,0.0,1.0,0.67,1.0,0.67,1.0,1.0,1.0,plq,other,0.67,1.0,1.0,0.33,,0.67,1.0,0.33,1.0,0.0,,0.33,0.0,,,,,,,,0.0,,0.6,,,0.6,,,,0.33,0.67,,1.0,,,,,,0.67,0.67,1.0,,,,,0.6,,,,1.0,,,,0.67,
1547,0.3431829512119293,male,56.0,55_64,other,canadian_quebecois,bachelor,,employed,16,1.0,married,,3_4_persons,0.0,children_under_18,catholic,,,type_2,,0.67,0.67,0.67,0.67,1.0,0.67,1.0,plq,ndp,0.33,0.75,0.67,0.0,0.0,0.67,0.33,0.33,1.0,,1.0,0.33,0.0,,,0.75,0.45,0.5,,,0.8,0.5,0.6,,,0.5,0.65,0.0,0.0,0.0,1.0,0.33,0.33,0.67,0.0,1.0,0.0,0.67,0.67,0.67,0.0,1.0,1.0,,,,0.6,1.0,1.0,0.6,,,1.0,,0.0
1548,0.1318823248147964,female,64.0,55_64,french,canadian_quebecois,bachelor,,self_employed,3,1.0,divorced_separated,1.0,2_persons,0.0,children_18_plus,catholic,0.5,outaouais,type_2,,1.0,0.67,0.0,0.67,0.67,0.33,1.0,plq,conservative,1.0,0.5,0.67,0.67,0.5,0.67,0.67,0.67,1.0,0.0,1.0,0.67,1.0,plq,bloc,0.7,0.5,0.5,0.6,0.3,0.7,0.3,0.5,0.6,0.1,0.75,0.6,0.0,1.0,0.0,0.33,0.67,0.33,1.0,0.33,1.0,0.33,0.67,0.67,0.67,0.33,0.4,0.4,1.0,0.2,0.4,0.6,1.0,0.8,0.6,0.6,0.6,1.0,0.5,0.67
1549,0.3556142151355743,male,66.0,65_plus,french,canadian_quebecois,high_school,under_20k,self_employed,3,1.0,divorced_separated,0.0,1_person,1.0,no_children,catholic,0.0,quebec_city,type_2,,1.0,0.67,0.33,0.67,0.33,0.67,1.0,plq,other,1.0,0.75,1.0,0.33,0.5,0.67,0.67,0.33,1.0,0.0,1.0,0.67,0.0,plq,ndp,0.75,0.0,0.25,0.0,0.0,0.6,0.0,0.2,0.0,,0.0,0.5,0.0,0.0,0.0,0.0,0.67,0.67,0.33,1.0,1.0,1.0,0.67,0.67,,0.67,1.0,0.6,,,1.0,0.6,1.0,,1.0,1.0,1.0,1.0,,0.67
1550,0.6322008967399597,male,63.0,55_64,french,canadian_quebecois,high_school,20k_to_40k,,13,1.0,divorced_separated,0.0,2_persons,1.0,no_children,,,other_regions,type_2,,1.0,0.67,0.67,1.0,1.0,1.0,1.0,plq,bloc,0.67,1.0,0.67,0.67,1.0,0.67,1.0,0.0,1.0,1.0,1.0,0.0,0.0,pq,ndp,0.0,0.6,,,,0.3,0.6,0.6,,,,,0.0,1.0,0.0,,1.0,0.67,0.67,0.33,1.0,0.67,0.67,1.0,1.0,0.33,0.6,1.0,,,,1.0,0.8,0.8,0.8,0.6,0.6,,,
1551,0.926587700843811,female,26.0,25_34,french,canadian_quebecois,bachelor,,employed,16,1.0,widowed,1.0,5_plus_persons,0.0,no_children,protestant,1.0,other_regions,type_2,,1.0,1.0,0.0,1.0,0.67,0.67,1.0,adq,liberal,1.0,0.0,0.0,1.0,1.0,1.0,0.67,0.33,1.0,,1.0,0.33,0.0,pq,,0.2,0.95,0.4,0.3,0.3,0.2,1.0,0.4,0.6,0.5,0.6,0.4,0.0,1.0,1.0,1.0,1.0,0.0,0.67,0.67,1.0,0.0,0.67,1.0,1.0,0.0,0.8,0.8,,0.2,0.4,0.8,0.8,0.8,0.8,,0.8,0.83,0.83,0.83
1552,0.2849156558513641,female,62.0,55_64,english,canadian_quebecois,college_cegep,,unemployed,5,0.0,divorced_separated,0.0,1_person,0.0,,,,,type_2,1.0,1.0,0.67,0.67,0.67,1.0,0.67,1.0,plq,other,1.0,1.0,1.0,,0.5,0.67,1.0,0.33,1.0,1.0,1.0,0.67,,,,,0.0,,,,,,,,,0.6,,,,0.0,0.67,1.0,0.33,0.67,1.0,0.67,0.67,0.67,,0.67,0.33,,,,,,,,,,,,,,
1553,0.6404670476913452,female,52.0,45_54,english,canadian_quebecois,bachelor,,student,6,0.0,divorced_separated,1.0,2_persons,1.0,both,catholic,,montreal,type_2,,1.0,1.0,1.0,1.0,1.0,1.0,1.0,plq,other,1.0,1.0,1.0,,,0.33,0.33,0.33,1.0,,1.0,,,plq,green,,,,,,,,,,,0.5,0.5,,,,0.67,,0.67,,0.33,,1.0,1.0,1.0,1.0,0.0,1.0,,,0.2,,,0.6,,,,,,,
1554,0.2998551428318023,female,72.0,65_plus,french,canadian_quebecois,graduate,20k_to_40k,self_employed,3,,divorced_separated,0.0,2_persons,0.0,children_18_plus,catholic,0.5,quebec_city,type_2,,0.67,0.67,0.33,1.0,0.67,0.33,1.0,plq,ndp,0.0,0.5,0.33,0.67,0.5,0.33,0.33,0.67,0.0,0.0,1.0,0.67,0.0,plq,green,0.7,0.05,,,0.5,0.8,0.25,0.55,,,0.2,0.8,1.0,1.0,0.0,0.33,0.67,0.33,1.0,1.0,0.33,0.33,0.67,1.0,0.67,0.67,1.0,1.0,1.0,0.2,1.0,1.0,1.0,1.0,1.0,1.0,0.6,1.0,,0.67
1555,1.627670168876648,male,79.0,65_plus,french,canadian_quebecois,bachelor,20k_to_40k,self_employed,4,1.0,single,,2_persons,0.0,children_under_18,catholic,0.5,montreal,type_2,,1.0,1.0,1.0,0.67,0.67,0.67,1.0,adq,liberal,1.0,0.75,0.67,0.67,0.5,0.67,0.67,0.67,0.0,0.0,,0.67,1.0,plq,,0.75,0.0,,,,0.8,0.0,0.5,0.25,,0.0,0.75,0.0,1.0,0.0,0.67,0.67,0.67,1.0,1.0,1.0,0.67,0.67,0.67,0.67,0.33,1.0,1.0,1.0,1.0,1.0,1.0,1.0,1.0,1.0,1.0,1.0,1.0,0.67,0.67
1556,0.6322008967399597,male,57.0,55_64,french,canadian_quebecois,bachelor,100k_to_120k,employed,15,1.0,widowed,0.0,2_persons,1.0,no_children,other_christian,1.0,other_regions,type_2,,1.0,0.67,0.33,0.33,0.67,0.67,1.0,plq,ndp,1.0,0.5,0.33,1.0,1.0,0.67,1.0,0.33,1.0,0.0,1.0,0.33,1.0,adq,conservative,0.1,0.2,0.8,0.5,0.4,0.15,0.3,0.8,,,0.0,0.1,1.0,1.0,0.67,0.33,1.0,0.33,0.33,0.33,1.0,0.0,1.0,0.33,0.33,0.0,0.6,0.6,0.6,0.2,0.4,0.6,0.8,0.8,0.6,0.6,0.6,0.67,0.67,0.67
1557,0.9275031685829164,female,65.0,55_64,french,canadian_quebecois,bachelor,60k_to_80k,self_employed,6,1.0,common_law,,2_persons,0.0,no_children,catholic,0.5,montreal,type_2,,1.0,1.0,0.33,1.0,0.67,0.67,1.0,adq,liberal,0.0,0.75,0.33,0.33,0.5,0.67,0.67,0.67,0.0,0.0,,0.67,1.0,plq,ndp,0.7,0.2,0.4,0.0,0.0,0.7,0.0,0.4,0.1,0.0,0.5,0.5,0.0,1.0,0.0,0.67,0.67,0.67,0.33,1.0,1.0,0.67,0.67,0.67,0.67,0.33,1.0,1.0,1.0,1.0,1.0,,1.0,1.0,1.0,1.0,,1.0,,0.67
1558,0.9353222250938416,female,36.0,35_44,english,other,bachelor,40k_to_60k,employed,6,0.0,widowed,,,,no_children,catholic,0.0,montreal,type_2,,0.67,0.67,0.67,0.67,,,1.0,other,liberal,0.67,0.0,0.0,,0.5,0.33,0.67,0.33,1.0,1.0,1.0,0.67,,plq,,0.5,0.0,0.0,0.0,0.0,0.5,0.0,,,,0.1,,,,,,,0.67,0.33,0.0,,,,0.33,0.67,0.33,,,,,,,,,,,,1.0,0.17,0.17
1559,1.956773042678833,male,47.0,45_54,french,canadian_quebecois,college_cegep,under_20k,,24,1.0,widowed,0.0,,1.0,no_children,,,monteregie,type_2,1.0,0.67,0.67,0.67,1.0,0.67,0.33,0.0,plq,ndp,0.67,0.75,0.0,1.0,1.0,0.67,1.0,0.0,1.0,1.0,1.0,0.33,,,,0.25,0.75,0.75,0.5,0.75,0.0,0.0,0.75,0.1,0.0,0.7,0.5,0.0,0.0,1.0,0.33,0.67,1.0,0.33,0.33,1.0,1.0,1.0,,0.67,0.0,,0.6,,,,,0.8,0.8,,,,,0.0,0.67
1560,0.5248628258705139,female,59.0,55_64,french,canadian_quebecois,high_school,under_20k,homemaker,17,1.0,,0.0,,1.0,no_children,,,,type_2,1.0,1.0,1.0,0.67,0.67,0.67,1.0,1.0,plq,ndp,0.67,0.75,1.0,0.33,0.5,0.67,0.67,,1.0,0.0,,0.67,0.0,,,0.4,0.01,0.6,0.01,0.0,0.02,0.02,0.6,,,0.05,0.8,1.0,,0.0,0.0,,0.67,0.67,0.0,,0.0,0.67,0.67,0.67,0.33,0.6,0.6,0.6,0.6,0.6,0.6,0.6,0.6,0.6,0.6,0.6,0.67,,0.67
1561,1.2265689373016355,female,30.0,25_34,french,canadian_quebecois,college_cegep,40k_to_60k,employed,24,1.0,widowed,1.0,3_4_persons,0.0,children_18_plus,,,,type_2,,1.0,1.0,0.67,0.67,0.67,0.67,1.0,plq,conservative,0.67,0.75,0.67,0.67,1.0,0.67,0.67,0.33,1.0,0.0,0.0,0.67,1.0,pq,ndp,,,,,,0.4,0.5,0.4,,,0.6,0.7,0.0,1.0,0.67,0.33,1.0,1.0,0.33,0.67,1.0,0.67,0.33,0.67,1.0,0.67,,,,,,,,,,,,,,
1562,1.5367439985275269,male,32.0,25_34,french,canadian_quebecois,bachelor,over_150k,employed,26,1.0,widowed,1.0,5_plus_persons,0.0,no_children,protestant,0.0,other_regions,type_2,,1.0,0.67,0.67,1.0,0.67,0.67,1.0,plq,ndp,0.33,0.5,0.33,0.67,0.5,0.67,0.67,0.67,0.0,0.0,0.0,1.0,1.0,plq,ndp,0.75,0.5,0.72,0.1,0.4,0.8,0.5,0.75,0.1,0.5,0.75,0.9,1.0,0.0,0.0,,1.0,0.33,0.33,1.0,0.33,0.0,0.67,0.67,0.67,0.0,,,1.0,0.2,0.4,0.6,1.0,0.8,,1.0,,1.0,0.0,
1563,0.2998551428318023,female,71.0,65_plus,french,canadian_quebecois,high_school,20k_to_40k,self_employed,3,1.0,widowed,,3_4_persons,0.0,no_children,other_christian,0.5,quebec_city,type_2,,1.0,0.0,0.0,0.33,1.0,0.33,1.0,adq,conservative,0.33,0.5,0.33,1.0,0.5,1.0,0.67,0.33,1.0,1.0,1.0,0.33,,adq,liberal,,0.7,0.9,,,0.75,0.0,0.9,0.0,,0.4,0.75,0.0,1.0,0.0,,0.67,0.33,0.67,1.0,0.33,0.67,0.67,0.67,0.67,0.0,0.6,0.6,,,0.6,0.6,,,,0.6,0.6,1.0,0.67,0.67
1564,0.926587700843811,female,28.0,25_34,french,canadian_quebecois,graduate,under_20k,homemaker,16,1.0,widowed,1.0,,1.0,no_children,other_christian,0.5,other_regions,type_2,,1.0,1.0,1.0,0.33,,0.67,0.0,plq,conservative,,1.0,1.0,,,,,0.33,1.0,0.0,,0.33,0.0,,,0.0,0.8,0.6,0.1,0.0,0.0,0.8,0.6,,,0.6,0.6,1.0,,,,,,0.33,,,0.67,0.67,0.67,,,,,,0.2,,0.6,,,,,,0.67,0.67,0.83
1565,1.956773042678833,male,50.0,45_54,french,canadian_quebecois,graduate,over_150k,employed,7,1.0,widowed,1.0,5_plus_persons,0.0,children_18_plus,protestant,0.5,other_regions,type_2,,1.0,1.0,0.67,1.0,1.0,0.33,1.0,pq,ndp,1.0,0.75,0.67,0.0,1.0,0.33,0.67,0.33,0.0,,1.0,0.33,1.0,pq,bloc,0.25,0.8,0.0,0.75,0.4,0.01,0.55,0.3,0.75,0.1,0.85,0.85,0.0,1.0,0.33,0.0,0.67,0.33,0.67,0.67,1.0,0.0,0.0,1.0,1.0,0.67,0.8,0.8,1.0,0.8,0.4,0.8,0.8,0.8,0.8,0.8,,0.17,0.5,0.17
1566,1.330445408821106,female,20.0,18_24,french,canadian_quebecois,bachelor,60k_to_80k,employed,13,1.0,widowed,1.0,5_plus_persons,0.0,no_children,other_religion,0.5,outaouais,type_2,,1.0,0.67,0.33,0.67,0.67,0.67,1.0,plq,ndp,0.33,0.75,0.67,0.67,0.5,1.0,1.0,0.0,1.0,0.0,1.0,0.67,0.0,qs,green,0.0,0.5,0.49,0.85,0.8,0.0,0.0,0.5,0.85,,0.5,0.51,0.0,1.0,,0.0,0.67,0.67,0.33,0.33,0.33,1.0,0.67,0.67,0.67,,0.6,0.6,0.8,0.2,0.4,0.4,0.8,0.4,0.4,0.6,0.4,0.5,0.5,0.5
1567,1.5618207454681396,female,50.0,45_54,french,canadian_quebecois,college_cegep,,employed,7,1.0,divorced_separated,1.0,3_4_persons,0.0,children_under_18,protestant,0.5,other_regions,type_2,,1.0,1.0,0.67,1.0,1.0,0.67,1.0,adq,liberal,1.0,0.75,0.67,0.67,1.0,0.33,0.67,0.33,1.0,0.0,0.0,0.67,1.0,pq,green,,0.75,,,,0.5,0.9,0.7,0.8,0.8,0.7,0.7,0.0,1.0,0.0,0.67,0.67,0.33,0.33,0.33,1.0,0.33,0.67,0.67,0.67,0.0,0.8,0.8,0.8,0.2,0.4,0.4,0.8,0.8,0.8,0.8,0.4,0.83,0.83,0.5
1568,0.5570399761199951,female,43.0,35_44,french,canadian_quebecois,high_school,20k_to_40k,employed,12,1.0,divorced_separated,1.0,2_persons,1.0,children_under_18,catholic,0.5,montreal,type_2,,1.0,0.67,0.67,0.67,0.67,0.67,0.0,plq,ndp,0.33,0.75,0.67,0.33,0.5,0.67,0.33,0.33,1.0,0.0,,,1.0,,,0.6,0.25,0.25,,,0.6,0.25,0.35,,,0.25,,,,0.0,0.0,0.67,0.67,0.33,1.0,1.0,,0.33,0.33,0.33,0.33,1.0,1.0,0.6,,1.0,1.0,1.0,0.8,,,,1.0,,
1569,1.1933574676513672,female,,,french,canadian_quebecois,college_cegep,,self_employed,32,1.0,widowed,1.0,3_4_persons,0.0,children_under_18,catholic,0.5,quebec_city,type_2,,1.0,1.0,0.67,0.67,0.33,0.33,1.0,plq,ndp,0.0,1.0,0.67,0.0,0.5,0.67,1.0,0.33,0.0,0.0,1.0,0.67,1.0,plq,bloc,0.7,0.25,0.4,0.65,,0.6,0.6,0.55,0.5,,0.5,0.8,0.0,1.0,0.0,0.33,0.67,0.33,0.33,0.0,1.0,0.67,0.67,0.67,0.33,0.33,,,,1.0,0.4,1.0,1.0,1.0,1.0,,0.4,1.0,,0.5
1570,0.4079344272613525,female,60.0,55_64,french,canadian_quebecois,high_school,20k_to_40k,employed,13,1.0,divorced_separated,1.0,3_4_persons,0.0,no_children,other_christian,0.5,eastern_quebec,type_2,,1.0,0.67,0.67,1.0,0.33,0.67,1.0,pq,liberal,0.33,0.5,0.67,1.0,0.5,0.67,0.67,0.33,1.0,0.0,1.0,0.33,1.0,adq,green,0.5,0.25,0.8,0.1,0.6,0.5,0.1,0.8,0.1,,0.5,0.5,0.0,1.0,0.0,0.67,0.67,0.33,0.33,1.0,1.0,0.67,0.67,0.67,0.67,0.67,,,0.6,0.2,0.6,0.6,0.6,0.8,0.6,,0.6,,0.67,0.67
1571,0.926587700843811,female,28.0,25_34,french,canadian_quebecois,bachelor,40k_to_60k,retired,16,1.0,widowed,1.0,5_plus_persons,0.0,children_under_18,protestant,0.5,other_regions,type_2,,0.67,0.33,0.33,1.0,0.67,0.67,1.0,pq,ndp,1.0,0.75,0.67,0.67,1.0,0.67,1.0,0.0,1.0,0.0,1.0,0.33,1.0,adq,conservative,0.05,0.95,0.96,0.5,0.8,0.03,0.7,0.95,0.25,0.75,0.4,0.7,0.0,1.0,1.0,0.67,0.67,0.33,0.67,0.67,1.0,0.0,1.0,0.33,0.33,0.0,0.6,0.6,0.6,0.2,,0.6,0.8,0.8,0.6,0.6,0.6,0.67,0.33,0.67
1572,0.3556142151355743,male,72.0,65_plus,french,canadian_quebecois,bachelor,40k_to_60k,self_employed,3,1.0,single,0.0,2_persons,0.0,children_under_18,catholic,0.5,montreal,type_2,,1.0,0.67,0.67,0.67,0.67,0.33,1.0,adq,liberal,1.0,0.75,0.67,0.67,0.5,0.33,0.33,0.33,0.0,0.0,0.0,0.67,0.0,plq,ndp,0.58,0.28,0.37,0.15,0.08,0.63,0.35,0.45,0.4,0.2,0.4,0.6,1.0,1.0,0.0,1.0,0.67,0.33,0.33,1.0,1.0,0.33,0.67,0.67,0.67,0.33,1.0,1.0,1.0,0.2,,,1.0,,,1.0,,1.0,0.5,0.0
1573,0.4079344272613525,female,62.0,55_64,french,canadian_quebecois,graduate,20k_to_40k,self_employed,13,1.0,common_law,1.0,2_persons,0.0,no_children,catholic,1.0,montreal,type_2,,1.0,1.0,1.0,1.0,0.67,0.33,1.0,plq,ndp,0.33,0.75,1.0,0.67,0.5,0.67,0.67,0.67,1.0,0.0,1.0,0.67,1.0,plq,green,0.95,0.0,0.5,0.5,0.8,0.8,0.55,0.5,,0.6,0.3,0.5,0.0,1.0,0.0,0.33,1.0,0.67,1.0,1.0,0.33,0.0,0.67,1.0,1.0,0.0,1.0,1.0,1.0,1.0,1.0,1.0,1.0,1.0,1.0,1.0,1.0,1.0,1.0,1.0
1574,1.627670168876648,male,67.0,65_plus,french,canadian_quebecois,college_cegep,20k_to_40k,self_employed,5,1.0,divorced_separated,1.0,3_4_persons,1.0,no_children,protestant,0.0,other_regions,type_2,,1.0,1.0,1.0,0.67,0.67,0.33,1.0,pq,bloc,0.0,1.0,1.0,1.0,1.0,1.0,1.0,0.0,1.0,0.0,1.0,0.0,1.0,plq,ndp,0.05,0.01,0.95,0.9,0.9,0.5,0.0,0.95,0.9,0.9,0.75,0.5,0.0,1.0,0.0,1.0,0.33,0.33,0.67,0.67,1.0,0.33,1.0,0.67,0.67,0.67,0.6,0.6,0.6,0.2,0.6,0.6,0.6,0.8,0.6,0.6,0.6,0.67,0.67,0.67
1575,1.7611688375473022,female,23.0,18_24,french,canadian_quebecois,bachelor,over_150k,retired,7,1.0,divorced_separated,1.0,,0.0,children_under_18,protestant,0.5,monteregie,type_2,,1.0,1.0,0.67,1.0,1.0,0.67,0.0,plq,ndp,0.33,0.75,1.0,0.67,,0.33,0.33,0.33,1.0,0.0,1.0,0.67,0.0,,,0.55,0.7,0.6,0.5,0.4,0.4,0.75,0.7,,,0.8,0.95,1.0,1.0,,0.33,1.0,0.0,0.67,0.67,1.0,0.0,0.33,1.0,1.0,1.0,1.0,0.8,0.6,0.8,0.6,0.6,0.8,0.8,0.8,0.8,0.8,0.83,0.83,0.83
1576,3.224806547164917,male,,,other,other,bachelor,,employed,6,1.0,widowed,,5_plus_persons,1.0,no_children,,,montreal,type_2,0.0,0.67,0.67,0.0,1.0,0.67,1.0,1.0,qs,ndp,0.0,0.75,0.67,0.67,0.5,0.33,0.67,0.33,1.0,1.0,1.0,0.67,1.0,,,,0.0,,,,,,,,,0.0,1.0,0.0,1.0,0.0,0.0,0.67,0.67,1.0,1.0,0.33,0.33,1.0,0.67,0.0,1.0,0.6,0.6,0.6,0.2,0.6,0.6,0.6,0.6,0.6,1.0,0.6,0.67,0.17,0.83
1577,1.5367439985275269,male,33.0,25_34,french,canadian_quebecois,bachelor,over_150k,employed,7,1.0,widowed,,3_4_persons,0.0,children_under_18,catholic,0.0,outaouais,type_2,,1.0,0.67,0.33,1.0,1.0,1.0,1.0,qs,ndp,0.0,0.75,1.0,0.67,0.5,0.67,0.67,0.0,1.0,0.0,1.0,0.33,1.0,adq,liberal,0.5,0.1,0.6,0.1,0.4,0.4,0.2,0.6,,,0.1,0.8,0.0,1.0,0.0,0.0,0.67,0.67,0.33,1.0,,0.0,0.67,0.67,0.67,0.33,0.6,0.6,,0.2,,0.6,0.6,,1.0,,0.6,1.0,0.17,0.67
1578,1.7611688375473022,female,20.0,18_24,french,canadian_quebecois,college_cegep,,,26,1.0,widowed,1.0,3_4_persons,0.0,no_children,protestant,0.5,other_regions,type_2,,1.0,1.0,0.67,1.0,,0.33,1.0,adq,other,0.33,0.75,0.67,1.0,,0.67,0.67,0.33,0.0,0.0,1.0,0.33,1.0,pq,ndp,0.1,0.7,0.75,,0.5,0.0,0.5,0.75,,,0.5,0.5,0.0,1.0,0.33,,0.67,0.67,,0.33,1.0,0.0,0.67,0.67,0.67,0.0,0.6,0.8,,0.2,0.4,0.8,,0.8,0.6,,0.6,0.17,0.67,0.67
1579,0.4079344272613525,female,63.0,55_64,french,canadian_quebecois,high_school,under_20k,employed,6,1.0,widowed,1.0,5_plus_persons,0.0,children_18_plus,protestant,0.5,other_regions,type_2,,1.0,0.67,0.67,1.0,0.67,0.33,1.0,adq,liberal,0.67,0.5,0.33,0.0,1.0,1.0,1.0,0.0,1.0,,1.0,0.67,0.0,pq,bloc,0.0,0.7,0.0,0.6,0.5,0.0,0.6,0.0,0.4,0.3,0.2,0.2,0.0,1.0,0.33,0.67,1.0,0.67,0.33,0.67,1.0,0.0,0.0,0.33,0.33,0.0,,0.8,,0.2,0.4,0.4,0.8,0.8,0.8,,0.4,0.17,0.0,0.5
1580,0.7158807516098022,male,59.0,55_64,french,canadian_quebecois,bachelor,20k_to_40k,self_employed,5,1.0,widowed,0.0,3_4_persons,0.0,no_children,protestant,0.5,other_regions,type_2,,1.0,0.67,0.33,0.33,1.0,0.33,1.0,plq,conservative,0.67,0.5,0.33,1.0,1.0,0.67,0.67,0.67,0.0,0.0,0.0,0.67,1.0,pq,ndp,0.7,0.9,0.8,,,0.75,0.6,0.9,,,0.8,0.8,1.0,0.0,1.0,0.0,0.67,0.33,0.33,0.67,1.0,0.0,0.0,1.0,1.0,0.67,1.0,0.8,0.8,0.2,0.8,0.6,0.8,0.8,1.0,0.8,0.6,0.67,0.67,
1581,1.4495251178741455,male,43.0,35_44,english,canadian_quebecois,high_school,20k_to_40k,employed,16,0.0,widowed,1.0,5_plus_persons,0.0,children_under_18,catholic,0.5,montreal,type_2,,0.67,0.67,0.67,0.67,0.67,1.0,1.0,pq,liberal,1.0,0.75,0.67,0.67,0.5,0.67,1.0,0.33,1.0,,0.0,0.67,0.0,plq,,1.0,0.0,0.3,0.0,0.4,1.0,0.0,0.0,,,0.0,0.8,0.0,1.0,0.0,0.33,1.0,0.0,1.0,1.0,1.0,0.33,0.67,0.67,1.0,1.0,1.0,1.0,1.0,1.0,1.0,1.0,1.0,1.0,1.0,1.0,1.0,1.0,1.0,1.0
1582,0.6322008967399597,male,59.0,55_64,french,canadian_quebecois,bachelor,20k_to_40k,employed,13,1.0,single,,1_person,0.0,children_under_18,,,,type_2,,0.33,0.33,0.33,0.33,0.67,0.33,1.0,plq,bloc,0.67,0.5,0.33,0.33,,0.67,0.67,0.33,1.0,0.0,,0.67,1.0,adq,,,,,,,,,,,,0.5,0.5,0.0,1.0,0.0,0.67,0.67,0.67,0.33,0.33,1.0,0.0,0.0,0.67,0.67,0.33,,,,,,,,,,,,,,
1583,3.503920793533325,female,47.0,45_54,other,other,bachelor,40k_to_60k,employed,7,,divorced_separated,0.0,3_4_persons,0.0,children_under_18,catholic,0.5,montreal,type_2,,1.0,1.0,0.67,1.0,0.67,1.0,1.0,plq,ndp,0.33,1.0,1.0,1.0,0.5,0.67,0.67,0.0,,,,0.33,1.0,plq,ndp,0.5,0.3,0.2,,,0.5,0.1,0.3,,,0.5,0.5,1.0,,0.0,0.0,1.0,0.67,0.67,1.0,1.0,0.33,0.33,0.67,0.67,0.33,1.0,1.0,1.0,0.2,1.0,0.6,1.0,1.0,1.0,1.0,1.0,1.0,0.67,0.67
1584,1.828485131263733,male,46.0,45_54,french,canadian_quebecois,graduate,80k_to_100k,employed,16,1.0,widowed,1.0,,0.0,children_under_18,,,eastern_quebec,type_2,0.0,0.33,0.33,0.33,0.67,0.67,0.0,1.0,plq,bloc,,0.5,0.67,0.67,0.5,1.0,0.67,0.67,0.0,0.0,1.0,0.67,1.0,plq,green,0.75,0.25,0.4,0.25,0.75,0.5,0.4,0.5,0.4,0.5,0.3,0.7,0.0,1.0,0.0,0.67,0.33,0.67,0.33,0.33,1.0,0.0,0.33,0.67,0.33,0.33,,,1.0,0.2,0.4,0.6,1.0,0.8,,1.0,0.6,1.0,0.0,0.67
1585,0.4301224946975708,female,24.0,18_24,french,canadian_quebecois,graduate,40k_to_60k,retired,3,1.0,divorced_separated,1.0,5_plus_persons,0.0,both,protestant,1.0,other_regions,type_2,,1.0,1.0,0.67,1.0,1.0,0.0,1.0,adq,other,0.67,1.0,0.33,0.67,,0.33,0.67,0.67,,0.0,0.0,0.67,1.0,pq,bloc,0.6,0.8,0.0,0.7,0.7,0.3,0.6,0.1,,,0.8,0.8,0.0,1.0,0.33,0.33,1.0,0.33,0.33,0.67,1.0,0.0,0.0,1.0,1.0,0.67,,0.8,0.8,0.2,0.4,0.8,0.8,0.8,0.8,,0.8,0.83,,0.17
1586,0.8883579969406128,female,32.0,25_34,french,canadian_quebecois,college_cegep,,,2,1.0,common_law,1.0,2_persons,1.0,no_children,protestant,0.5,other_regions,type_2,,1.0,1.0,0.33,0.67,1.0,0.67,1.0,plq,conservative,0.67,1.0,1.0,1.0,,1.0,1.0,0.33,1.0,0.0,1.0,0.67,1.0,pq,,0.11,0.6,0.0,,,0.0,0.6,0.1,,,1.0,0.6,0.0,0.0,0.33,,1.0,0.67,,0.67,1.0,1.0,0.67,0.67,0.67,0.0,,0.8,,0.2,0.8,0.8,0.8,,,,0.8,0.83,0.17,0.83
1587,1.2277785539627075,female,70.0,65_plus,french,canadian_quebecois,bachelor,40k_to_60k,,26,1.0,married,1.0,2_persons,0.0,children_under_18,catholic,1.0,montreal,type_2,,0.67,0.67,0.67,0.67,0.67,0.33,1.0,plq,ndp,0.0,0.75,0.67,0.33,0.5,0.0,0.33,0.67,0.0,,0.0,0.67,1.0,plq,green,0.8,0.3,0.3,,0.5,0.8,0.3,0.3,,,0.6,0.8,0.0,1.0,0.0,0.33,1.0,0.67,0.33,1.0,1.0,0.67,1.0,1.0,1.0,0.67,1.0,1.0,1.0,1.0,1.0,1.0,1.0,1.0,1.0,1.0,1.0,1.0,1.0,1.0
1588,1.7611688375473022,female,22.0,18_24,french,canadian_quebecois,high_school,20k_to_40k,employed,7,1.0,divorced_separated,1.0,2_persons,1.0,no_children,protestant,1.0,other_regions,type_2,,0.67,0.33,0.33,1.0,0.67,0.67,1.0,plq,other,1.0,0.5,0.67,0.67,1.0,0.0,0.67,0.0,1.0,0.0,1.0,0.33,0.0,pq,green,0.0,1.0,0.0,0.2,1.0,0.01,0.15,0.0,,,0.5,0.5,0.0,,1.0,0.33,0.0,0.0,0.33,0.67,1.0,0.67,0.0,,0.0,0.0,0.8,0.8,0.8,0.2,0.8,0.8,0.8,0.8,0.2,0.8,0.8,0.17,0.83,0.83
1589,1.4374099969863892,male,66.0,65_plus,french,other_european,bachelor,over_150k,self_employed,6,1.0,common_law,,2_persons,0.0,children_under_18,catholic,1.0,montreal,type_2,,1.0,0.67,0.67,1.0,0.67,0.67,1.0,adq,liberal,1.0,0.75,0.67,0.33,0.5,0.33,0.67,0.67,0.0,1.0,0.0,0.67,1.0,plq,ndp,1.0,0.0,0.1,0.01,0.05,0.75,0.1,0.1,0.01,0.05,0.3,0.8,1.0,1.0,0.0,,1.0,0.0,1.0,1.0,1.0,1.0,1.0,0.67,1.0,1.0,1.0,1.0,1.0,1.0,1.0,1.0,1.0,1.0,1.0,1.0,1.0,1.0,1.0,1.0
1590,0.6322008967399597,male,58.0,55_64,french,canadian_quebecois,college_cegep,,employed,16,1.0,divorced_separated,,,0.0,children_under_18,,,quebec_city,type_2,,0.33,0.67,0.33,0.67,0.67,0.33,1.0,plq,bloc,1.0,0.75,,0.67,,0.67,0.67,0.33,0.0,,,0.67,1.0,,,,,,,,0.05,0.04,0.06,0.05,0.05,,0.07,1.0,,0.33,1.0,1.0,0.67,0.33,,1.0,0.0,0.67,0.67,,,,,,0.2,0.4,0.6,,,,,0.6,1.0,,0.67
1591,1.5618207454681396,female,45.0,35_44,french,canadian_quebecois,high_school,,employed,24,1.0,widowed,1.0,3_4_persons,0.0,no_children,other_christian,0.5,quebec_city,type_2,,1.0,1.0,1.0,1.0,1.0,0.33,1.0,plq,ndp,0.67,0.75,1.0,0.67,0.5,1.0,1.0,0.33,1.0,1.0,1.0,0.33,,adq,green,0.0,0.0,0.85,0.2,0.2,0.0,0.2,0.85,0.2,0.2,0.0,0.6,1.0,,0.33,0.67,0.67,0.67,0.33,0.33,,,0.33,0.67,0.67,0.33,0.6,0.6,0.6,0.6,0.6,0.6,0.6,0.6,0.6,0.6,0.6,0.67,0.67,0.67
1592,0.3552634119987488,male,30.0,25_34,french,canadian_quebecois,graduate,60k_to_80k,employed,3,1.0,widowed,1.0,5_plus_persons,0.0,both,,,other_regions,type_2,1.0,0.67,0.67,0.0,1.0,0.67,0.0,1.0,pq,ndp,0.67,1.0,0.67,0.67,1.0,0.67,1.0,0.0,,0.0,1.0,0.33,1.0,qs,conservative,0.0,0.4,0.0,1.0,0.2,0.0,0.4,0.0,0.9,0.1,0.8,0.7,1.0,1.0,0.33,0.33,0.0,0.33,1.0,0.67,1.0,0.0,0.0,1.0,0.67,0.0,0.4,0.8,0.4,0.4,0.4,0.4,0.8,0.8,0.4,0.4,0.4,0.5,0.5,0.5
1593,1.1798489093780518,female,52.0,45_54,french,canadian_quebecois,bachelor,60k_to_80k,employed,6,1.0,widowed,1.0,,0.0,children_under_18,,,other_regions,type_2,,1.0,0.67,0.67,1.0,1.0,1.0,1.0,adq,conservative,1.0,1.0,0.67,0.67,0.5,1.0,0.67,0.33,1.0,0.0,1.0,0.67,1.0,other,,0.1,0.5,0.3,0.2,0.2,0.1,0.3,0.3,0.2,0.2,0.5,0.5,0.0,,0.33,0.67,0.67,0.67,0.67,0.33,,0.33,0.33,0.67,0.67,0.33,,,,,,,,,,,,0.17,0.17,0.33
1594,0.7158807516098022,male,61.0,55_64,french,canadian_quebecois,high_school,20k_to_40k,self_employed,4,1.0,widowed,1.0,2_persons,0.0,children_under_18,other_christian,0.5,quebec_city,type_2,,0.67,0.33,0.33,0.33,0.33,0.33,1.0,plq,bloc,0.0,0.75,0.67,0.67,0.5,0.33,0.67,0.33,1.0,0.0,1.0,0.67,1.0,adq,green,0.25,0.0,1.0,,,0.5,0.5,1.0,,,0.5,1.0,0.0,1.0,0.0,0.33,0.67,0.33,0.67,1.0,1.0,0.0,0.67,0.67,0.67,0.33,0.6,0.6,0.6,0.2,0.6,0.6,0.6,0.6,0.6,0.6,0.6,0.67,0.67,0.67
1595,1.119264006614685,male,22.0,18_24,other,canadian_quebecois,bachelor,20k_to_40k,retired,6,1.0,widowed,1.0,,0.0,children_18_plus,catholic,0.5,quebec_city,type_2,,0.33,0.67,0.0,0.33,0.0,0.0,1.0,qs,conservative,1.0,0.0,0.0,0.0,0.5,0.33,0.33,0.67,0.0,,0.0,0.67,0.0,plq,green,0.9,0.0,0.7,0.0,1.0,0.7,0.0,0.5,0.0,0.98,0.33,,1.0,1.0,0.0,0.33,0.33,0.0,0.67,1.0,1.0,0.33,0.33,0.67,0.67,0.67,1.0,1.0,,0.2,,0.6,1.0,1.0,1.0,1.0,1.0,1.0,0.0,
1596,2.4493582248687744,male,46.0,45_54,french,canadian_quebecois,college_cegep,80k_to_100k,student,1,1.0,divorced_separated,,,0.0,children_under_18,other_christian,0.5,other_regions,type_2,,1.0,0.67,0.67,0.67,0.67,1.0,1.0,plq,ndp,0.67,0.75,0.67,1.0,,0.67,0.67,0.33,1.0,0.0,1.0,0.33,,adq,conservative,0.01,0.6,0.8,,,0.01,0.5,0.8,,,0.01,0.5,0.0,0.0,0.0,0.33,0.67,0.67,0.33,0.33,1.0,0.33,0.67,,,0.0,0.6,0.6,0.6,0.6,0.6,0.6,0.6,0.6,0.6,0.6,0.6,,0.67,0.67
1597,0.4079344272613525,female,56.0,55_64,french,canadian_quebecois,high_school,100k_to_120k,self_employed,6,1.0,married,0.0,2_persons,0.0,no_children,catholic,0.5,montreal,type_2,,1.0,0.67,1.0,1.0,0.67,0.67,1.0,plq,ndp,1.0,0.75,0.33,1.0,0.5,0.67,1.0,0.33,1.0,0.0,1.0,0.67,1.0,plq,ndp,0.6,0.0,0.45,0.3,0.0,0.5,0.0,0.4,,,0.75,0.6,1.0,,0.0,0.67,1.0,0.67,0.33,1.0,0.33,0.33,0.67,0.67,0.67,0.0,1.0,0.6,1.0,0.2,1.0,0.6,1.0,1.0,1.0,1.0,0.6,1.0,0.67,0.67
1598,1.1798489093780518,female,53.0,45_54,french,canadian_quebecois,bachelor,20k_to_40k,employed,16,1.0,widowed,1.0,3_4_persons,0.0,children_18_plus,protestant,0.5,other_regions,type_2,,1.0,1.0,1.0,0.67,0.33,0.33,1.0,adq,conservative,1.0,1.0,0.67,0.0,1.0,1.0,1.0,0.0,1.0,0.0,1.0,0.67,1.0,pq,green,0.0,0.8,0.0,0.4,0.4,0.2,0.7,0.2,0.8,0.4,0.8,0.2,0.0,1.0,0.67,0.67,0.67,0.67,0.67,0.67,1.0,0.0,0.0,0.0,0.33,0.0,0.8,0.8,0.8,0.2,0.4,0.4,0.8,0.8,0.8,,0.4,0.17,0.83,0.5
1599,0.8468688726425171,male,63.0,55_64,french,canadian_quebecois,graduate,over_150k,employed,2,1.0,widowed,,,,children_under_18,,,monteregie,type_2,0.0,0.33,0.33,0.33,0.33,0.33,0.33,0.0,adq,other,0.33,0.5,0.33,0.33,1.0,0.67,0.67,0.33,,,1.0,0.0,0.0,,,,,,,,,,,,,0.8,,,,,0.67,0.0,,,0.67,1.0,0.0,0.0,0.33,0.33,0.0,,,,,,,0.4,,,,,0.0,0.0,
1600,0.9353222250938416,female,36.0,35_44,english,,bachelor,over_150k,employed,13,1.0,widowed,1.0,2_persons,0.0,no_children,catholic,0.5,montreal,type_2,,0.67,1.0,0.67,1.0,0.67,0.33,1.0,plq,conservative,1.0,0.75,0.67,0.67,0.5,0.33,1.0,0.33,0.0,0.0,0.0,0.67,0.0,plq,ndp,0.7,0.2,0.6,,,0.7,0.3,0.6,0.3,,0.7,0.9,1.0,0.0,0.0,0.33,1.0,0.33,0.33,1.0,1.0,0.0,0.67,0.67,0.67,0.0,1.0,0.6,1.0,0.2,1.0,0.6,1.0,0.8,1.0,1.0,0.6,1.0,0.67,0.67
1601,0.4301224946975708,female,22.0,18_24,french,canadian_quebecois,bachelor,80k_to_100k,retired,12,1.0,widowed,1.0,5_plus_persons,0.0,children_under_18,,,other_regions,type_2,1.0,0.67,1.0,0.33,0.67,0.0,0.0,1.0,plq,ndp,0.0,0.5,0.67,0.33,,,0.33,0.33,1.0,0.0,,0.33,0.0,,,0.4,0.5,0.3,0.9,0.5,,,,0.9,,0.65,,0.0,1.0,,,,0.33,,0.33,,,,,0.67,0.0,,,,,,,,,,,,0.5,0.5,
1602,1.2381283044815063,female,41.0,35_44,english,canadian_quebecois,bachelor,40k_to_60k,employed,24,1.0,widowed,1.0,5_plus_persons,0.0,children_under_18,,,other_regions,type_2,1.0,0.33,0.67,0.33,0.33,0.33,0.0,1.0,qs,liberal,0.33,0.5,0.33,0.67,,0.67,1.0,0.33,1.0,0.0,1.0,0.67,1.0,adq,conservative,0.15,0.6,0.8,0.35,0.35,0.05,0.4,0.85,0.2,0.2,0.65,0.95,0.0,1.0,0.0,,0.67,0.33,0.67,0.33,1.0,0.0,1.0,0.67,0.67,0.33,,0.6,,0.2,0.4,0.6,,,,,0.6,0.67,0.67,0.67
1603,0.071590818464756,female,57.0,55_64,english,canadian_quebecois,bachelor,100k_to_120k,employed,12,1.0,widowed,,,,children_under_18,other_christian,0.5,quebec_city,type_2,,0.67,1.0,1.0,0.67,0.67,0.67,1.0,plq,ndp,1.0,1.0,1.0,1.0,0.5,0.67,0.67,0.33,1.0,0.0,,0.33,1.0,adq,liberal,0.5,0.0,0.45,0.0,0.05,0.55,0.0,0.45,,,0.0,1.0,0.0,1.0,0.0,0.67,0.67,0.33,1.0,1.0,0.67,0.67,0.67,0.33,0.67,0.33,1.0,0.6,0.6,,0.6,0.6,1.0,,0.6,1.0,0.6,1.0,0.67,0.67
1604,1.828485131263733,male,48.0,45_54,french,canadian_quebecois,high_school,80k_to_100k,employed,14,1.0,divorced_separated,0.0,2_persons,1.0,children_under_18,catholic,0.0,quebec_city,type_2,,0.67,0.67,0.33,0.67,1.0,1.0,1.0,plq,conservative,0.67,0.75,1.0,0.33,0.5,0.67,0.67,0.67,1.0,0.0,0.0,0.67,1.0,adq,liberal,0.65,0.5,0.75,0.0,0.1,0.65,0.5,0.75,0.0,0.1,0.4,0.8,0.0,1.0,0.33,0.67,1.0,0.33,0.33,1.0,1.0,0.33,0.67,0.67,0.67,0.67,0.6,0.6,1.0,1.0,0.6,0.6,0.6,0.8,0.6,1.0,0.6,1.0,0.67,0.67
1605,5.990713596343994,male,41.0,35_44,other,other,bachelor,over_150k,employed,13,1.0,widowed,1.0,3_4_persons,0.0,children_under_18,other_christian,0.5,montreal,type_2,,1.0,1.0,0.67,0.67,0.67,0.67,1.0,adq,liberal,0.67,0.5,0.33,0.33,0.5,0.33,0.33,0.67,0.0,0.0,1.0,0.67,1.0,adq,liberal,0.8,0.5,0.85,0.75,0.78,0.8,0.5,0.85,0.6,0.45,0.5,0.9,0.0,1.0,0.0,0.67,0.67,0.33,1.0,1.0,0.33,0.67,0.67,0.67,0.67,0.33,0.6,0.6,0.6,0.2,0.6,0.6,0.6,1.0,0.6,0.6,0.6,1.0,0.67,0.67
1606,0.3556142151355743,male,66.0,65_plus,french,canadian_quebecois,graduate,over_150k,self_employed,3,1.0,widowed,0.0,3_4_persons,0.0,no_children,protestant,1.0,other_regions,type_2,,1.0,1.0,0.67,0.33,1.0,0.67,1.0,adq,liberal,1.0,0.5,0.67,0.67,1.0,0.33,0.33,0.33,0.0,0.0,,0.67,0.0,pq,,0.0,1.0,0.2,0.75,0.5,0.0,0.85,0.25,0.6,0.2,0.6,0.7,1.0,0.0,0.33,0.33,1.0,0.0,0.67,0.67,1.0,0.0,0.0,1.0,1.0,1.0,0.8,0.8,0.8,0.8,0.8,0.8,0.8,0.8,0.8,0.8,0.8,0.83,0.83,0.67
1607,1.627670168876648,male,65.0,55_64,french,canadian_quebecois,bachelor,over_150k,self_employed,5,1.0,widowed,0.0,2_persons,1.0,no_children,protestant,0.5,other_regions,type_2,,1.0,0.67,0.67,1.0,0.33,0.67,1.0,qs,ndp,0.67,0.75,0.33,0.33,1.0,1.0,1.0,0.0,1.0,1.0,1.0,0.0,1.0,adq,conservative,0.0,0.6,0.9,0.5,,0.0,0.4,0.98,0.9,0.05,0.7,0.4,0.0,1.0,0.67,0.67,0.33,1.0,0.67,0.67,1.0,1.0,0.67,0.0,0.0,0.67,0.6,0.8,0.8,0.2,0.8,0.6,0.8,0.8,0.8,0.8,0.8,0.67,0.67,0.67
1608,1.1933574676513672,female,65.0,55_64,french,canadian_quebecois,high_school,under_20k,self_employed,5,1.0,single,,2_persons,0.0,no_children,catholic,0.5,montreal,type_2,,0.67,0.67,0.0,0.67,,0.0,1.0,plq,other,0.0,0.5,0.67,0.33,,0.33,0.67,0.33,0.0,0.0,1.0,0.33,0.0,plq,ndp,,,,,,,,,,,,,,,0.0,0.0,0.33,0.33,0.33,0.0,,,0.67,0.67,0.67,0.33,1.0,1.0,1.0,1.0,1.0,1.0,1.0,1.0,1.0,1.0,1.0,1.0,1.0,0.67
1609,1.131169080734253,female,53.0,45_54,french,canadian_quebecois,college_cegep,60k_to_80k,,1,1.0,divorced_separated,,,0.0,children_under_18,,,,type_2,,1.0,0.67,0.67,1.0,0.67,0.67,1.0,qs,ndp,,1.0,1.0,,,0.67,1.0,0.33,1.0,0.0,,,,,,0.0,,,,,0.0,,,,,,,,,,0.67,0.67,0.33,0.67,,1.0,0.33,,0.67,1.0,0.33,,,0.6,0.8,0.6,0.6,,0.8,0.6,1.0,,,,0.67
1610,1.2265689373016355,female,25.0,18_24,french,canadian_quebecois,bachelor,20k_to_40k,retired,7,1.0,widowed,1.0,3_4_persons,0.0,children_18_plus,catholic,0.5,quebec_city,type_2,,1.0,1.0,0.67,1.0,0.33,0.33,0.0,plq,bloc,1.0,0.75,0.67,0.67,0.5,0.0,0.0,0.67,0.0,0.0,0.0,1.0,0.0,,,0.9,0.0,0.75,0.5,0.5,0.9,0.1,0.75,0.5,0.5,0.0,0.8,1.0,0.0,0.0,0.33,1.0,0.0,1.0,1.0,0.33,0.33,0.67,0.67,0.67,0.67,1.0,1.0,0.6,0.2,0.4,0.6,1.0,1.0,1.0,1.0,1.0,1.0,1.0,1.0
1611,1.4374099969863892,male,66.0,65_plus,french,canadian_quebecois,bachelor,40k_to_60k,self_employed,6,0.0,single,0.0,3_4_persons,0.0,children_under_18,other_religion,0.5,other_regions,type_2,,1.0,0.67,0.33,0.67,0.67,0.33,1.0,plq,ndp,0.33,0.75,0.67,0.33,,0.67,0.67,0.33,0.0,0.0,1.0,0.33,1.0,pq,green,0.5,0.5,0.55,0.75,0.8,0.5,0.5,0.55,0.7,0.6,0.7,0.6,0.0,1.0,0.0,0.33,0.67,0.67,0.33,0.67,1.0,0.0,0.33,0.67,1.0,0.33,1.0,0.6,1.0,0.2,0.4,0.6,0.8,0.8,1.0,0.6,0.4,1.0,0.5,0.67
1612,1.5367439985275269,male,28.0,25_34,french,canadian_quebecois,college_cegep,40k_to_60k,employed,26,1.0,divorced_separated,0.0,2_persons,1.0,no_children,protestant,0.0,monteregie,type_2,,1.0,0.67,0.67,1.0,0.33,0.67,1.0,adq,bloc,0.0,1.0,1.0,0.67,0.5,0.67,1.0,0.33,1.0,0.0,1.0,0.67,1.0,adq,conservative,0.15,0.5,0.75,0.0,0.1,0.1,0.05,0.75,0.0,0.02,0.5,0.75,0.0,1.0,0.0,1.0,1.0,0.67,0.67,0.67,1.0,0.33,0.67,0.33,0.67,0.33,1.0,1.0,0.6,0.2,0.6,0.6,1.0,0.8,0.8,0.6,0.6,1.0,0.67,0.67
1613,0.3552634119987488,male,27.0,25_34,french,canadian_quebecois,bachelor,20k_to_40k,employed,3,1.0,widowed,1.0,5_plus_persons,0.0,no_children,other_christian,1.0,quebec_city,type_2,,0.67,0.67,0.33,0.0,0.67,1.0,1.0,pq,liberal,0.0,0.5,0.33,0.33,0.5,0.0,0.33,0.67,0.0,0.0,0.0,0.67,0.0,adq,,0.5,0.05,1.0,0.0,0.1,0.5,0.05,1.0,0.0,,0.3,1.0,1.0,1.0,0.0,1.0,1.0,0.33,0.33,1.0,0.67,0.67,1.0,0.33,0.67,1.0,0.6,0.6,0.6,,0.6,0.6,0.6,,0.6,0.6,0.6,0.67,0.67,0.67
1614,2.857621908187866,male,35.0,25_34,french,canadian_quebecois,graduate,100k_to_120k,employed,7,1.0,divorced_separated,1.0,3_4_persons,0.0,children_under_18,other_religion,0.5,outaouais,type_2,,1.0,1.0,0.33,0.67,0.33,0.67,1.0,plq,bloc,0.67,1.0,1.0,0.67,0.5,0.67,0.67,0.67,1.0,0.0,1.0,0.67,0.0,qs,ndp,0.1,0.3,0.5,0.6,0.5,0.2,0.0,0.7,0.4,0.6,0.8,0.7,1.0,1.0,0.67,1.0,0.67,0.33,0.67,0.33,1.0,0.33,0.33,1.0,1.0,0.0,0.4,0.8,0.6,0.2,0.4,0.4,0.6,0.4,1.0,0.6,0.4,0.67,0.33,0.5
1615,2.216895818710327,female,39.0,35_44,french,canadian_quebecois,college_cegep,80k_to_100k,employed,5,1.0,widowed,,3_4_persons,0.0,children_under_18,protestant,0.0,other_regions,type_2,,0.67,1.0,0.67,1.0,0.67,0.33,1.0,plq,conservative,0.67,0.75,0.67,0.33,1.0,1.0,1.0,0.0,1.0,0.0,1.0,0.67,1.0,pq,bloc,0.25,0.5,0.35,0.5,0.4,0.15,0.5,0.35,0.5,,0.5,0.6,0.0,1.0,0.33,0.67,1.0,0.67,0.33,0.33,1.0,0.0,0.33,0.67,0.67,0.0,,,,0.2,0.4,,0.8,0.8,,,0.4,0.83,0.5,0.67
1616,0.3911031782627105,female,56.0,55_64,french,canadian_quebecois,bachelor,under_20k,employed,9,1.0,divorced_separated,1.0,,0.0,no_children,,,other_regions,type_2,,1.0,0.67,1.0,0.67,1.0,1.0,1.0,adq,,0.33,1.0,0.67,0.67,,1.0,1.0,0.33,1.0,0.0,1.0,0.33,1.0,adq,conservative,,,,,,,,,,,0.5,0.5,,0.0,0.33,0.33,0.67,0.67,0.33,0.0,,0.0,0.67,0.67,0.67,0.33,0.6,0.6,0.6,0.2,0.6,0.6,0.8,0.8,0.6,0.8,0.6,0.67,0.67,0.67
1617,0.6322008967399597,male,64.0,55_64,french,canadian_quebecois,bachelor,40k_to_60k,self_employed,16,1.0,common_law,,5_plus_persons,0.0,no_children,protestant,0.5,other_regions,type_2,,1.0,1.0,1.0,1.0,1.0,0.0,1.0,adq,liberal,0.67,1.0,1.0,1.0,1.0,1.0,0.67,0.33,1.0,0.0,1.0,0.33,1.0,qs,conservative,0.0,0.5,0.5,0.8,0.4,0.0,0.25,0.5,0.75,0.75,0.5,0.5,0.0,1.0,0.0,,0.67,0.67,,0.67,1.0,,0.67,0.67,0.67,0.0,0.4,0.8,0.6,0.2,0.4,0.4,0.8,0.8,0.6,0.6,0.6,,0.5,0.67
1618,0.926587700843811,female,25.0,18_24,french,other_european,high_school,20k_to_40k,student,6,,widowed,1.0,3_4_persons,0.0,children_18_plus,catholic,0.5,monteregie,type_2,,1.0,1.0,1.0,1.0,,0.67,,plq,ndp,,1.0,1.0,,0.5,0.67,1.0,0.0,1.0,0.0,1.0,0.33,,,,0.8,0.0,0.0,0.0,0.8,0.78,0.0,0.0,,,,,,,0.0,,0.33,0.33,0.33,1.0,0.67,,,,0.33,0.0,,1.0,,0.2,1.0,,0.8,0.8,1.0,,1.0,,,
1619,0.381436675786972,female,47.0,45_54,french,canadian_quebecois,college_cegep,,homemaker,12,1.0,,,,0.0,,,,,type_2,1.0,0.67,0.67,0.67,0.67,,,1.0,plq,conservative,,0.75,0.67,0.0,0.5,,0.33,0.33,0.0,,,,,,,0.75,0.1,0.5,0.0,0.05,0.5,0.0,0.5,,,0.0,0.6,,,0.0,0.0,0.67,0.33,0.33,,,,,,,0.33,1.0,,1.0,,,,,,,,,1.0,,
1620,0.7158807516098022,male,58.0,55_64,french,canadian_quebecois,high_school,under_20k,student,4,1.0,divorced_separated,1.0,2_persons,1.0,no_children,other_christian,0.5,other_regions,type_2,,1.0,1.0,1.0,1.0,0.67,0.67,1.0,plq,ndp,0.33,1.0,1.0,0.67,,0.67,1.0,0.33,1.0,0.0,1.0,0.33,1.0,adq,bloc,0.5,0.5,0.75,0.5,0.25,0.3,0.5,0.6,0.4,,0.5,0.5,0.0,1.0,0.33,0.67,1.0,0.67,0.33,0.33,1.0,0.33,0.67,0.0,0.33,0.67,0.6,0.6,0.6,0.6,0.6,0.6,0.8,0.8,0.6,,0.6,1.0,0.67,0.67
1621,0.7158807516098022,male,63.0,55_64,french,canadian_quebecois,graduate,80k_to_100k,,5,1.0,widowed,1.0,,0.0,children_under_18,protestant,0.5,other_regions,type_2,,0.67,0.67,0.67,0.67,0.33,0.67,1.0,plq,ndp,0.33,0.75,0.67,0.67,1.0,0.33,0.67,0.33,1.0,0.0,1.0,0.33,1.0,,,0.0,0.5,0.7,0.6,0.8,0.25,0.5,0.6,0.25,,0.25,0.6,0.0,1.0,0.33,0.67,0.67,0.33,0.33,0.33,1.0,0.0,0.67,0.33,0.67,0.33,,0.8,1.0,0.2,0.8,0.8,0.8,0.8,0.8,0.6,0.6,0.17,0.67,0.67
1622,0.4079344272613525,female,59.0,55_64,french,canadian_quebecois,college_cegep,,employed,16,1.0,widowed,1.0,3_4_persons,1.0,children_under_18,other_christian,0.5,other,type_2,,1.0,1.0,0.33,1.0,1.0,0.67,1.0,plq,bloc,0.33,0.5,1.0,0.67,0.5,0.67,0.67,0.33,0.0,1.0,1.0,0.67,1.0,plq,ndp,0.85,0.6,0.85,0.0,0.5,0.7,0.6,0.85,0.0,0.5,,0.7,0.0,1.0,0.33,1.0,1.0,0.33,0.33,0.33,1.0,0.0,0.67,0.67,0.67,0.67,,,,0.2,0.6,0.6,,,1.0,,0.6,0.67,,0.67
1623,0.6322008967399597,male,58.0,55_64,french,canadian_quebecois,graduate,,self_employed,15,1.0,single,0.0,1_person,1.0,no_children,protestant,1.0,other_regions,type_2,,1.0,1.0,0.67,1.0,1.0,1.0,1.0,adq,liberal,1.0,1.0,1.0,0.67,1.0,1.0,1.0,0.67,0.0,0.0,1.0,0.67,1.0,pq,ndp,0.0,1.0,0.9,0.1,0.05,0.4,0.9,0.7,0.1,0.05,0.2,0.4,0.0,1.0,1.0,0.67,1.0,0.33,0.33,0.67,1.0,0.0,0.67,0.67,0.67,0.0,0.8,0.8,0.8,0.8,0.4,0.6,0.8,0.8,0.8,0.8,0.6,0.83,0.67,0.67
1624,1.7117935419082642,female,23.0,18_24,french,canadian_quebecois,college_cegep,,retired,17,1.0,single,,2_persons,1.0,no_children,catholic,0.0,,type_2,,0.67,1.0,0.33,0.67,0.67,0.67,1.0,plq,,0.67,0.5,0.67,0.0,,0.33,0.67,0.33,1.0,1.0,,0.33,0.0,,,0.5,0.0,0.0,0.0,0.0,0.5,,,,0.0,0.0,0.5,0.0,0.0,0.33,0.0,0.67,0.67,0.33,0.33,0.67,0.33,0.67,0.33,0.33,1.0,1.0,1.0,1.0,0.2,1.0,1.0,1.0,1.0,,1.0,1.0,1.0,0.17,1.0
1625,0.6765576601028442,male,58.0,55_64,french,canadian_quebecois,high_school,20k_to_40k,employed,26,1.0,common_law,0.0,2_persons,0.0,no_children,protestant,0.5,other_regions,type_2,,0.67,0.33,0.33,1.0,0.67,0.0,1.0,plq,ndp,1.0,0.75,0.33,1.0,1.0,1.0,0.67,0.33,1.0,0.0,1.0,0.67,1.0,adq,conservative,0.0,0.8,0.95,0.0,0.15,0.0,0.8,0.95,0.0,0.05,0.25,0.25,1.0,0.0,0.33,0.33,1.0,0.33,0.67,0.67,1.0,1.0,1.0,0.33,1.0,0.33,0.6,0.6,0.6,0.8,,0.6,0.6,0.6,0.8,0.6,0.6,0.67,0.67,0.67
1626,0.1318823248147964,female,63.0,55_64,french,canadian_quebecois,bachelor,over_150k,self_employed,3,1.0,divorced_separated,0.0,2_persons,0.0,children_18_plus,protestant,0.5,other_regions,type_2,,0.67,0.67,0.33,0.33,0.33,0.33,1.0,adq,liberal,0.67,0.75,0.33,0.67,1.0,0.67,0.67,0.33,1.0,0.0,1.0,0.67,1.0,pq,green,0.25,0.25,0.3,0.0,0.1,0.2,0.25,0.45,0.0,,0.7,0.7,0.0,1.0,0.0,0.67,1.0,0.33,0.67,0.67,1.0,0.0,0.67,0.33,0.33,0.33,,,,0.2,,0.6,0.6,0.8,0.8,,0.6,0.67,0.67,0.67
1627,0.5248628258705139,female,60.0,55_64,french,canadian_quebecois,graduate,40k_to_60k,employed,4,1.0,widowed,,5_plus_persons,0.0,both,,,monteregie,type_2,1.0,0.67,0.33,0.33,0.33,0.33,0.33,1.0,adq,liberal,1.0,0.0,0.33,0.67,0.5,0.67,1.0,0.33,0.0,0.0,1.0,0.33,1.0,qs,,0.3,0.2,0.2,0.4,0.0,0.3,0.0,0.1,0.4,,0.5,0.5,0.0,1.0,0.0,0.0,1.0,0.67,0.33,0.67,1.0,0.33,0.33,1.0,0.67,0.0,,0.4,1.0,0.2,0.4,0.4,,0.4,,,0.4,,0.67,0.5
1628,0.5248628258705139,female,58.0,55_64,french,canadian_quebecois,college_cegep,,,32,1.0,divorced_separated,1.0,5_plus_persons,0.0,no_children,catholic,0.5,quebec_city,type_2,,1.0,0.33,1.0,0.33,0.67,0.67,1.0,plq,conservative,0.33,1.0,0.67,0.67,0.5,0.67,1.0,0.33,1.0,0.0,,0.67,1.0,plq,ndp,0.08,0.0,0.05,0.03,0.0,0.1,0.0,0.08,0.05,0.0,0.05,0.06,1.0,0.0,0.0,0.33,0.67,0.33,0.33,1.0,1.0,1.0,0.67,0.33,0.67,0.0,1.0,1.0,0.6,1.0,0.4,1.0,1.0,0.8,0.8,1.0,0.6,1.0,0.67,0.67
1629,1.7117935419082642,female,20.0,18_24,french,canadian_quebecois,college_cegep,20k_to_40k,retired,5,1.0,widowed,1.0,5_plus_persons,0.0,children_18_plus,other_religion,1.0,other_regions,type_2,,1.0,1.0,0.67,1.0,0.33,0.0,1.0,plq,other,0.67,0.75,0.67,0.33,1.0,0.67,0.67,0.67,,0.0,0.0,0.67,,qs,conservative,0.07,0.09,0.06,0.09,0.06,0.07,0.08,0.07,0.08,,0.8,0.7,,,0.67,1.0,1.0,0.0,,0.33,1.0,1.0,0.33,0.67,0.67,0.33,0.4,0.4,0.4,0.2,0.4,0.8,0.8,0.4,0.4,1.0,0.4,0.5,0.5,0.67
1630,0.8892355561256409,female,72.0,65_plus,french,canadian_quebecois,bachelor,20k_to_40k,self_employed,1,1.0,single,0.0,2_persons,1.0,no_children,,,quebec_city,type_2,,1.0,0.67,0.33,1.0,0.67,1.0,1.0,plq,bloc,0.33,1.0,1.0,0.33,,0.33,0.33,0.33,1.0,,,0.67,1.0,plq,bloc,,,,,,,,,,,,,0.0,1.0,0.0,,1.0,0.67,0.33,0.0,1.0,,0.67,0.67,1.0,0.33,1.0,,,,0.4,,,0.8,1.0,,,1.0,,0.67
1631,0.6322008967399597,male,57.0,55_64,french,canadian_quebecois,college_cegep,40k_to_60k,self_employed,16,1.0,divorced_separated,,3_4_persons,0.0,no_children,,,other_regions,type_2,0.0,1.0,1.0,0.67,1.0,0.67,0.67,1.0,pq,green,0.33,0.75,0.67,1.0,0.5,0.67,1.0,0.0,1.0,0.0,1.0,0.33,1.0,plq,ndp,0.3,0.4,0.5,0.5,0.5,0.2,0.3,0.75,0.6,0.3,0.5,0.7,0.0,1.0,0.0,0.33,0.33,0.67,0.33,1.0,1.0,0.0,0.67,0.33,0.33,0.0,,0.8,,0.2,0.4,0.6,0.8,0.8,0.6,1.0,0.6,0.67,0.67,0.67
1632,0.7222163677215576,female,23.0,18_24,english,other,bachelor,,employed,6,0.0,divorced_separated,1.0,5_plus_persons,,children_18_plus,catholic,0.5,quebec_city,type_2,,0.67,0.67,0.33,1.0,0.67,1.0,1.0,pq,ndp,1.0,0.75,0.67,0.67,0.5,0.33,0.67,0.33,1.0,1.0,1.0,0.33,0.0,other,liberal,0.9,0.02,0.5,0.0,0.9,0.8,0.6,0.8,,,0.75,0.9,0.0,1.0,0.0,0.67,0.67,,0.33,1.0,0.33,,1.0,,1.0,0.33,,,,0.2,,,1.0,0.6,1.0,1.0,1.0,1.0,1.0,0.83
1633,1.1798489093780518,female,46.0,45_54,french,canadian_quebecois,college_cegep,over_150k,employed,6,1.0,common_law,,2_persons,1.0,no_children,catholic,,quebec_city,type_2,,1.0,1.0,0.0,0.67,1.0,0.33,1.0,plq,conservative,0.0,0.5,0.33,0.33,0.5,0.67,0.33,0.0,1.0,0.0,,0.67,1.0,plq,ndp,0.6,0.1,0.5,,,0.7,0.1,0.6,,,0.5,0.7,0.0,1.0,1.0,,0.67,0.33,0.33,1.0,,0.67,0.67,0.67,0.67,0.33,0.6,0.6,1.0,0.8,0.6,0.6,1.0,1.0,1.0,0.6,0.6,1.0,0.67,0.67
1634,0.1318823248147964,female,58.0,55_64,french,canadian_quebecois,graduate,40k_to_60k,,3,1.0,divorced_separated,1.0,,0.0,no_children,protestant,0.5,other_regions,type_2,,1.0,1.0,0.67,1.0,1.0,0.67,1.0,plq,ndp,1.0,1.0,1.0,0.67,,0.33,0.67,0.33,0.0,0.0,,0.33,1.0,,,,,,,,0.5,0.75,0.55,0.8,,0.75,0.6,0.0,1.0,,1.0,0.33,0.0,0.33,0.67,1.0,0.0,0.0,0.67,0.33,0.33,,,0.8,0.4,0.8,,,0.4,,0.8,,,,
1635,1.131169080734253,female,48.0,45_54,french,canadian_quebecois,bachelor,20k_to_40k,employed,2,1.0,widowed,1.0,5_plus_persons,0.0,no_children,catholic,0.5,quebec_city,type_2,,1.0,1.0,1.0,1.0,0.67,0.67,1.0,plq,bloc,1.0,1.0,0.67,1.0,0.5,0.33,0.67,0.67,0.0,0.0,0.0,0.67,0.0,plq,,0.8,0.4,0.6,0.5,0.5,0.75,0.5,0.55,,,0.0,0.75,0.0,1.0,0.0,0.67,0.67,0.33,0.33,1.0,1.0,0.33,0.0,1.0,0.67,0.33,1.0,1.0,1.0,0.2,0.4,1.0,1.0,1.0,1.0,1.0,1.0,1.0,1.0,1.0
1636,2.670271873474121,male,38.0,35_44,french,canadian_quebecois,high_school,20k_to_40k,employed,16,1.0,common_law,1.0,1_person,1.0,no_children,other_religion,0.5,eastern_quebec,type_2,,1.0,1.0,0.67,0.33,0.33,1.0,1.0,qs,conservative,0.0,1.0,0.67,1.0,0.0,0.67,1.0,0.0,1.0,1.0,1.0,0.67,1.0,qs,green,0.3,0.5,0.3,0.9,0.75,0.3,0.5,0.3,0.9,0.5,0.9,0.8,0.0,1.0,0.33,0.0,0.67,0.33,0.33,0.33,1.0,1.0,0.0,0.33,0.67,0.0,0.4,0.4,0.4,0.4,0.4,0.6,0.4,0.4,0.4,0.6,0.4,0.5,0.5,0.5
1637,0.926587700843811,female,31.0,25_34,french,canadian_quebecois,bachelor,40k_to_60k,employed,6,1.0,widowed,1.0,3_4_persons,0.0,children_under_18,other_christian,0.5,outaouais,type_2,,1.0,1.0,1.0,1.0,0.67,1.0,0.0,plq,conservative,0.33,1.0,1.0,0.33,0.5,0.67,0.67,0.33,1.0,1.0,1.0,0.33,1.0,,,0.5,0.0,0.6,0.3,0.3,0.4,0.0,0.6,0.3,0.2,0.0,0.5,0.0,1.0,0.0,0.67,0.67,0.67,0.67,1.0,1.0,0.0,0.67,0.33,0.33,0.0,0.6,0.6,0.6,0.6,0.6,0.6,0.6,0.8,0.6,0.6,0.6,0.67,0.67,0.67
1638,0.3556142151355743,male,69.0,65_plus,french,canadian_quebecois,college_cegep,under_20k,self_employed,3,1.0,widowed,1.0,3_4_persons,0.0,no_children,catholic,1.0,quebec_city,type_2,,1.0,0.33,0.33,0.33,1.0,1.0,1.0,plq,ndp,0.67,0.5,0.67,1.0,0.5,0.67,1.0,0.33,1.0,0.0,1.0,0.67,1.0,plq,,0.6,0.0,0.0,,,0.7,0.3,0.0,0.0,0.0,0.0,1.0,0.0,1.0,0.0,0.33,1.0,0.67,0.33,1.0,1.0,0.0,0.67,1.0,1.0,0.0,1.0,1.0,1.0,1.0,,1.0,1.0,1.0,1.0,1.0,0.6,1.0,0.67,0.67
1639,1.1798489093780518,female,46.0,45_54,french,canadian_quebecois,college_cegep,20k_to_40k,employed,6,0.0,widowed,1.0,5_plus_persons,1.0,no_children,catholic,0.5,quebec_city,type_2,,1.0,1.0,1.0,1.0,1.0,1.0,1.0,adq,conservative,1.0,0.75,1.0,0.67,0.5,1.0,1.0,0.0,1.0,1.0,1.0,0.0,1.0,plq,,0.55,0.0,0.0,0.0,,0.5,0.0,,,,0.05,0.6,0.0,,0.0,,,0.67,0.67,1.0,0.67,,0.67,0.67,0.67,0.67,1.0,1.0,1.0,1.0,1.0,1.0,,,1.0,,1.0,1.0,0.17,1.0
1640,0.6658283472061157,female,31.0,25_34,english,canadian_quebecois,college_cegep,20k_to_40k,,26,0.0,widowed,1.0,5_plus_persons,0.0,both,catholic,0.0,quebec_city,type_2,,0.67,1.0,0.67,0.33,0.67,1.0,0.0,plq,other,0.67,0.5,1.0,0.33,0.5,1.0,1.0,0.0,1.0,1.0,,0.33,1.0,,,0.36,0.1,,0.0,0.3,0.0,0.0,0.0,,,0.5,0.5,0.0,0.0,0.33,,0.33,0.67,0.67,1.0,0.67,0.0,,0.67,1.0,0.33,,,,0.2,,,0.8,0.4,,,,,,
1641,1.828485131263733,male,48.0,45_54,french,canadian_quebecois,graduate,40k_to_60k,employed,6,1.0,divorced_separated,0.0,,0.0,no_children,no_religion,0.0,other_regions,type_2,,0.67,0.67,0.67,1.0,1.0,0.67,1.0,pq,ndp,0.67,0.5,0.33,0.67,1.0,1.0,1.0,0.0,1.0,1.0,1.0,0.33,1.0,other,conservative,0.0,0.6,0.5,0.0,0.8,0.0,0.5,0.5,0.0,,0.8,0.3,0.0,1.0,1.0,0.67,1.0,0.67,0.67,0.67,1.0,0.33,0.33,0.33,0.33,0.0,0.4,0.8,0.6,0.2,0.4,,0.8,0.8,,,,0.17,0.17,0.17
1642,0.3556142151355743,male,81.0,65_plus,french,canadian_quebecois,high_school,20k_to_40k,self_employed,3,1.0,divorced_separated,0.0,3_4_persons,0.0,children_under_18,catholic,0.5,quebec_city,type_2,,1.0,1.0,0.67,0.67,1.0,0.67,1.0,adq,liberal,0.33,0.75,0.67,0.33,0.5,0.33,0.33,0.67,0.0,,0.0,0.67,1.0,plq,ndp,0.75,0.25,0.5,,,0.75,0.4,0.6,,,0.5,0.75,0.0,,0.33,0.33,0.67,0.33,1.0,1.0,1.0,1.0,0.67,0.67,0.67,0.67,1.0,1.0,1.0,0.4,1.0,1.0,1.0,1.0,1.0,1.0,1.0,1.0,1.0,1.0
1643,1.5180344581604004,female,49.0,45_54,french,canadian_quebecois,high_school,,employed,4,1.0,widowed,1.0,5_plus_persons,0.0,,other_christian,0.5,monteregie,type_2,,1.0,1.0,1.0,1.0,1.0,1.0,1.0,,,1.0,1.0,1.0,1.0,1.0,,,,,,,,,adq,,,,0.8,,,0.0,,0.8,,,0.0,,,,,,,,0.67,0.0,,1.0,0.33,,0.33,1.0,0.6,0.6,0.6,0.6,0.6,0.6,0.6,0.6,0.6,0.6,0.6,0.67,0.67,0.67
1644,0.3911031782627105,female,62.0,55_64,french,canadian_quebecois,bachelor,under_20k,self_employed,1,1.0,widowed,,5_plus_persons,0.0,no_children,,,other_regions,type_2,1.0,0.33,1.0,0.33,1.0,0.33,0.0,1.0,pq,liberal,1.0,1.0,0.67,0.33,1.0,1.0,0.67,0.33,1.0,0.0,1.0,0.0,1.0,pq,bloc,0.0,0.8,0.0,0.75,0.7,0.0,0.7,0.0,0.8,0.4,1.0,0.5,0.0,1.0,0.33,0.67,0.67,0.33,0.67,0.67,1.0,0.0,0.33,0.67,0.67,0.0,0.4,0.8,,,0.4,0.4,0.8,0.8,0.8,0.8,0.4,0.17,0.5,0.17
1645,1.5382611751556396,male,69.0,65_plus,french,other,college_cegep,under_20k,self_employed,24,1.0,divorced_separated,0.0,2_persons,0.0,children_under_18,other_christian,0.5,other_regions,type_2,,0.67,0.67,0.67,0.67,0.67,0.67,1.0,plq,bloc,0.67,0.75,0.67,0.67,1.0,0.67,0.67,0.67,1.0,0.0,1.0,0.67,1.0,adq,conservative,0.6,0.6,0.7,0.3,0.3,0.6,0.6,0.7,0.3,0.3,0.6,0.75,0.0,1.0,0.67,0.67,0.67,0.67,0.33,0.33,1.0,0.33,0.67,,0.67,0.67,0.6,0.6,,0.2,,0.6,0.8,1.0,,1.0,0.8,1.0,0.67,0.67
1646,2.2808401584625244,female,42.0,35_44,french,canadian_quebecois,graduate,over_150k,employed,7,1.0,widowed,,2_persons,1.0,children_under_18,protestant,0.5,other_regions,type_2,,1.0,0.67,0.33,0.67,0.67,0.33,1.0,plq,bloc,0.33,0.5,0.33,0.33,1.0,0.67,0.67,0.33,1.0,0.0,,0.67,1.0,pq,green,0.4,0.6,0.3,0.3,0.6,0.5,0.6,0.2,0.3,0.4,0.2,0.2,0.0,1.0,0.67,0.33,0.67,0.33,0.67,0.33,1.0,0.67,1.0,0.67,0.67,0.33,,,,,,,,,1.0,,,,,
1647,0.7158807516098022,male,63.0,55_64,french,canadian_quebecois,high_school,20k_to_40k,self_employed,4,1.0,widowed,1.0,5_plus_persons,0.0,no_children,catholic,0.0,montreal,type_2,,1.0,0.67,0.33,0.67,0.33,0.33,1.0,plq,ndp,0.67,0.75,0.33,0.0,0.5,1.0,1.0,0.0,0.0,0.0,1.0,1.0,1.0,plq,ndp,0.6,0.0,0.6,0.0,0.05,0.3,0.05,0.6,,,0.6,0.6,1.0,0.0,0.0,0.67,1.0,0.33,0.67,1.0,0.33,1.0,0.0,1.0,0.67,0.0,1.0,1.0,1.0,1.0,0.6,0.6,1.0,1.0,1.0,1.0,0.6,1.0,0.17,0.67
1648,0.9275031685829164,female,69.0,65_plus,french,canadian_quebecois,bachelor,20k_to_40k,,6,1.0,widowed,1.0,3_4_persons,0.0,children_under_18,,,montreal,type_2,0.0,1.0,1.0,0.67,1.0,1.0,0.0,1.0,adq,liberal,1.0,1.0,0.33,0.33,0.5,0.67,1.0,0.33,1.0,0.0,1.0,0.67,1.0,plq,green,0.5,0.15,0.75,0.5,0.8,0.2,0.3,0.75,0.5,,0.75,0.6,1.0,0.0,0.0,0.67,0.67,0.33,0.67,1.0,1.0,1.0,0.67,1.0,0.67,0.0,0.6,1.0,0.4,0.2,0.6,0.6,0.6,0.6,1.0,0.6,0.4,0.17,0.5,0.67
1649,1.5367439985275269,male,34.0,25_34,french,canadian_quebecois,bachelor,20k_to_40k,employed,24,1.0,widowed,1.0,5_plus_persons,0.0,no_children,,,other_regions,type_2,1.0,0.67,1.0,0.33,0.67,0.33,0.0,0.0,plq,conservative,0.67,0.5,0.67,0.33,1.0,0.67,0.67,0.33,1.0,0.0,1.0,0.33,1.0,,,0.2,0.6,0.75,0.6,0.2,0.25,0.5,0.75,,,0.65,0.65,0.0,1.0,0.33,0.67,0.67,0.33,0.33,0.67,1.0,0.67,0.67,0.67,0.33,0.33,,,0.6,0.2,0.4,0.8,0.8,0.4,,0.6,0.4,0.83,0.67,0.5
1650,0.4079344272613525,female,63.0,55_64,french,canadian_quebecois,bachelor,over_150k,employed,16,1.0,common_law,0.0,2_persons,1.0,no_children,other_christian,1.0,montreal,type_2,,1.0,1.0,1.0,0.33,1.0,0.0,1.0,pq,ndp,1.0,0.75,1.0,1.0,0.5,1.0,0.67,0.33,1.0,0.0,1.0,0.67,0.0,adq,liberal,0.25,0.0,0.8,,,0.25,0.0,0.85,,,0.05,0.95,0.0,,0.0,0.67,0.67,0.33,0.67,1.0,0.33,1.0,1.0,0.67,0.67,1.0,0.6,0.6,0.6,0.6,0.6,0.6,0.6,0.6,0.6,0.6,0.6,0.67,0.67,0.67
1651,0.9275031685829164,female,,,french,canadian_quebecois,,,,6,1.0,widowed,1.0,5_plus_persons,,,,,monteregie,type_2,,,,,0.0,,,,,,,,,0.0,,1.0,1.0,0.0,1.0,1.0,1.0,0.0,,,,0.0,0.01,0.0,0.0,,0.0,0.1,0.0,,,0.0,,0.0,,,,,,0.67,0.0,,,,,,0.0,0.8,0.8,0.8,0.8,0.8,0.8,0.8,0.8,0.8,0.8,0.8,0.83,0.83,0.83
1652,0.8468688726425171,male,62.0,55_64,french,canadian_quebecois,bachelor,40k_to_60k,self_employed,2,1.0,widowed,1.0,3_4_persons,0.0,children_under_18,catholic,1.0,quebec_city,type_2,,0.67,0.33,0.67,0.67,0.67,0.33,1.0,plq,green,1.0,0.5,0.67,0.67,0.5,0.33,0.67,0.33,0.0,0.0,1.0,0.67,1.0,plq,ndp,0.7,0.3,0.5,0.25,0.25,0.5,0.4,0.8,0.05,0.05,0.0,0.6,0.0,1.0,0.0,0.67,0.67,0.67,1.0,1.0,0.33,0.33,0.67,0.67,0.67,0.67,1.0,1.0,1.0,1.0,0.8,0.6,1.0,,1.0,0.6,0.6,1.0,0.67,0.67
1653,0.8835616707801819,male,67.0,65_plus,other,canadian_quebecois,bachelor,under_20k,self_employed,5,1.0,widowed,0.0,2_persons,1.0,no_children,protestant,0.0,eastern_quebec,type_2,,1.0,1.0,1.0,1.0,1.0,1.0,1.0,adq,liberal,0.67,0.75,0.67,1.0,,1.0,1.0,0.33,1.0,,1.0,0.67,1.0,other,conservative,0.3,0.75,0.3,0.0,1.0,0.05,0.05,0.1,0.15,0.3,0.5,0.5,0.0,1.0,0.33,0.0,0.67,0.33,,0.33,1.0,0.33,0.33,1.0,0.67,0.0,0.6,1.0,,0.2,0.4,0.4,,0.4,0.4,0.6,0.6,,0.0,0.67
1654,0.9925715327262878,male,54.0,45_54,english,canadian_quebecois,bachelor,60k_to_80k,employed,6,0.0,widowed,1.0,2_persons,0.0,both,catholic,1.0,montreal,type_2,,1.0,0.33,0.33,1.0,0.33,0.67,1.0,,,1.0,0.5,0.33,0.33,0.5,1.0,1.0,0.0,1.0,1.0,1.0,0.33,0.0,plq,,0.6,0.0,,,,0.6,,,,,0.5,0.5,1.0,0.0,0.0,0.0,,0.0,1.0,1.0,0.33,0.0,0.0,1.0,1.0,0.33,1.0,1.0,1.0,1.0,1.0,1.0,1.0,1.0,1.0,1.0,1.0,1.0,1.0,1.0
1655,0.5248628258705139,female,58.0,55_64,french,canadian_quebecois,college_cegep,40k_to_60k,self_employed,32,1.0,widowed,,,,,,,monteregie,type_2,0.0,,,,,,,0.0,plq,ndp,,,,,,0.33,0.33,0.33,0.0,,,,1.0,,,,,,,,,,,,,,,0.0,,0.33,,,0.67,0.33,,,,,,,,,,,,,,,,,,,,,
1656,0.4079344272613525,female,64.0,55_64,french,canadian_quebecois,college_cegep,under_20k,self_employed,14,1.0,widowed,0.0,2_persons,0.0,no_children,other_christian,0.5,outaouais,type_2,,0.67,0.67,0.33,0.67,0.33,0.33,0.0,plq,ndp,0.67,0.5,0.33,0.0,1.0,0.67,0.67,0.33,1.0,1.0,1.0,0.33,1.0,,,0.0,0.5,0.6,,,,0.2,0.8,0.3,,0.0,0.8,0.0,1.0,0.67,1.0,0.67,0.33,0.33,0.67,1.0,0.67,0.67,0.67,0.67,0.33,0.6,0.6,1.0,0.2,0.4,0.6,0.8,0.6,0.6,,0.6,0.67,0.67,0.67
1657,2.6469666957855225,female,47.0,45_54,other,other_european,bachelor,,employed,6,1.0,divorced_separated,,3_4_persons,0.0,children_under_18,catholic,0.5,montreal,type_2,,1.0,1.0,1.0,1.0,0.67,0.67,1.0,pq,liberal,0.67,1.0,0.67,0.33,0.5,0.67,1.0,0.33,1.0,0.0,1.0,0.33,1.0,,,,,,,,,,,,,0.0,0.7,1.0,,,0.33,0.67,0.67,0.67,0.0,,,1.0,0.33,0.33,0.0,0.6,1.0,0.6,,1.0,0.6,1.0,0.8,1.0,0.6,0.6,,,
1658,0.7158807516098022,male,61.0,55_64,french,canadian_quebecois,bachelor,20k_to_40k,self_employed,5,1.0,widowed,0.0,2_persons,0.0,no_children,protestant,1.0,other_regions,type_2,,1.0,1.0,0.33,1.0,1.0,0.33,1.0,qs,liberal,1.0,0.75,0.67,0.67,1.0,0.33,0.67,0.33,1.0,0.0,1.0,0.33,1.0,pq,bloc,0.4,0.8,0.7,0.8,0.8,0.5,0.75,0.85,0.85,0.6,0.6,0.9,0.0,1.0,0.33,0.67,0.33,0.67,0.33,0.67,1.0,0.67,0.33,0.67,0.33,0.33,,,,0.2,0.4,0.6,0.8,0.8,0.6,,0.4,1.0,0.67,0.67
1659,1.2265689373016355,female,28.0,25_34,french,canadian_quebecois,college_cegep,,employed,8,1.0,divorced_separated,1.0,,0.0,children_under_18,,,montreal,type_2,0.0,0.67,0.67,0.67,0.67,,0.33,1.0,,liberal,0.67,0.75,0.67,,0.5,0.67,0.67,0.33,1.0,1.0,1.0,0.67,1.0,plq,ndp,0.5,0.1,,,,0.3,0.2,0.3,,,0.4,0.5,,0.0,0.0,,0.67,0.33,0.33,0.0,0.33,,,,0.33,0.0,,,,,,,,,,,,,0.17,
1660,1.2265689373016355,female,33.0,25_34,french,canadian_quebecois,bachelor,100k_to_120k,employed,25,1.0,widowed,1.0,5_plus_persons,0.0,no_children,catholic,0.0,monteregie,type_2,,1.0,0.67,0.33,1.0,0.67,1.0,0.0,plq,conservative,0.33,0.75,1.0,0.67,0.5,1.0,0.67,0.0,1.0,0.0,1.0,0.33,0.0,,,0.75,0.25,0.25,,,0.6,0.45,0.7,,,0.0,0.75,1.0,1.0,,0.67,0.67,1.0,0.33,0.0,0.33,0.67,1.0,0.33,1.0,0.33,1.0,1.0,1.0,1.0,1.0,0.6,1.0,0.6,1.0,1.0,1.0,1.0,0.67,0.67
1661,0.9275031685829164,female,77.0,65_plus,french,canadian_quebecois,high_school,under_20k,self_employed,6,1.0,single,0.0,2_persons,0.0,children_under_18,catholic,0.5,montreal,type_2,,1.0,0.67,0.67,0.33,0.33,0.67,1.0,plq,ndp,1.0,0.75,0.67,0.67,0.5,0.33,0.33,0.33,0.0,,0.0,0.67,,,,0.8,,,0.25,,0.5,0.0,0.5,,,0.0,,,,0.0,1.0,,0.33,1.0,1.0,1.0,0.67,0.67,0.67,,0.33,1.0,0.6,1.0,0.6,1.0,0.6,1.0,0.8,1.0,1.0,0.6,1.0,,0.67
1662,0.6765576601028442,male,57.0,55_64,french,canadian_quebecois,college_cegep,60k_to_80k,self_employed,26,1.0,widowed,1.0,,0.0,children_under_18,catholic,0.5,outaouais,type_2,,1.0,0.67,0.33,0.33,0.33,0.33,1.0,adq,liberal,0.33,0.5,0.33,0.0,0.5,0.33,0.67,0.33,,,0.0,0.67,0.0,plq,conservative,0.6,0.5,0.0,0.3,0.2,0.6,0.5,0.0,0.3,0.1,0.6,0.6,1.0,1.0,0.0,0.33,0.67,0.33,1.0,0.33,0.33,0.0,0.0,0.67,0.67,0.67,1.0,1.0,1.0,0.2,1.0,1.0,1.0,1.0,1.0,1.0,1.0,1.0,0.5,0.5
1663,1.828485131263733,male,52.0,45_54,french,canadian_quebecois,bachelor,40k_to_60k,employed,16,1.0,widowed,,3_4_persons,,no_children,,,other_regions,type_2,1.0,0.67,0.33,0.33,0.67,0.33,0.67,1.0,plq,,0.33,0.75,0.33,0.67,1.0,0.33,0.67,0.33,1.0,1.0,,0.33,0.0,pq,,0.0,0.06,0.03,0.01,0.04,0.0,0.0,0.0,0.0,0.0,0.62,0.5,0.0,1.0,0.33,0.0,0.67,0.67,0.33,0.67,1.0,0.0,0.0,0.67,,0.33,,0.8,,0.2,,,0.8,0.8,0.8,,,0.17,0.17,0.17
1664,1.7117935419082642,female,23.0,18_24,french,canadian_quebecois,bachelor,under_20k,retired,5,1.0,widowed,1.0,5_plus_persons,0.0,both,other_religion,1.0,other_regions,type_2,,1.0,1.0,0.67,1.0,0.67,0.0,1.0,qs,conservative,0.67,1.0,0.67,0.33,1.0,0.67,0.67,0.33,0.0,0.0,1.0,0.0,1.0,qs,conservative,0.05,0.6,0.05,0.99,0.5,0.15,0.6,0.15,0.9,0.2,0.9,0.5,0.0,1.0,0.67,0.67,0.33,0.33,0.67,0.67,1.0,0.0,0.0,0.67,1.0,0.0,0.4,0.4,0.4,0.4,0.4,0.4,0.4,0.4,0.4,,0.4,0.5,0.5,0.5
1665,1.5367439985275269,male,30.0,25_34,french,canadian_quebecois,bachelor,40k_to_60k,employed,24,1.0,common_law,,1_person,1.0,no_children,other_christian,1.0,outaouais,type_2,,0.67,1.0,0.67,1.0,0.67,0.67,1.0,qs,ndp,0.67,0.75,1.0,0.67,1.0,0.67,0.67,0.33,1.0,0.0,0.0,0.67,1.0,adq,bloc,0.6,0.75,0.95,0.5,0.6,0.15,0.1,0.9,0.25,0.25,0.4,0.9,0.0,1.0,0.33,0.0,0.33,0.33,0.67,0.33,1.0,1.0,1.0,0.67,0.33,0.0,,0.6,,,,0.6,0.4,0.8,0.6,0.6,,0.67,0.67,
1666,0.9925715327262878,male,54.0,45_54,english,canadian_quebecois,graduate,over_150k,employed,6,0.0,widowed,0.0,5_plus_persons,0.0,no_children,catholic,0.0,other,type_2,,1.0,0.67,0.33,0.67,0.67,1.0,1.0,adq,liberal,0.0,0.5,0.33,1.0,0.5,1.0,1.0,0.0,1.0,1.0,1.0,0.0,0.0,,,0.5,0.0,0.5,0.0,0.1,0.25,0.0,0.45,0.0,0.05,0.15,0.6,1.0,0.0,0.0,1.0,1.0,0.0,0.33,1.0,0.67,1.0,1.0,0.67,1.0,1.0,1.0,0.6,,0.6,,1.0,0.6,0.6,1.0,1.0,1.0,0.17,0.67,0.67
1667,0.5029883980751038,female,26.0,25_34,english,other,college_cegep,20k_to_40k,employed,6,0.0,married,1.0,2_persons,0.0,,,,montreal,type_2,1.0,0.67,0.67,0.33,0.67,0.33,0.33,1.0,,other,0.0,0.5,0.33,0.33,0.5,1.0,0.67,0.33,0.0,0.0,1.0,0.33,0.0,other,ndp,0.5,0.0,0.75,0.1,0.8,0.3,,,,,0.5,0.65,0.0,1.0,0.0,0.67,0.33,0.0,1.0,1.0,,,0.67,1.0,0.67,0.33,,,,,,,,,,1.0,,0.17,,
1668,0.4079344272613525,female,57.0,55_64,french,canadian_quebecois,college_cegep,20k_to_40k,employed,13,1.0,widowed,1.0,2_persons,0.0,no_children,protestant,0.5,other,type_2,,1.0,1.0,0.67,0.67,0.33,0.67,0.0,,,0.33,0.75,0.67,0.0,,0.67,0.67,0.33,1.0,0.0,,0.67,1.0,,,0.5,0.5,0.5,,,0.5,0.5,0.5,,,0.4,0.5,0.0,,,0.0,0.67,0.67,0.33,0.33,1.0,0.33,0.33,0.67,0.33,0.33,1.0,,,,,0.6,0.6,,,0.6,0.6,0.67,,0.67
1669,1.4495251178741455,male,38.0,35_44,english,canadian_quebecois,bachelor,over_150k,employed,6,0.0,widowed,1.0,2_persons,0.0,children_18_plus,catholic,0.5,montreal,type_2,,1.0,0.67,0.67,0.33,0.33,0.67,1.0,adq,liberal,1.0,0.5,0.33,0.33,0.5,0.33,0.67,0.33,1.0,0.0,,0.33,,plq,ndp,0.5,0.15,0.3,,0.15,0.75,0.15,0.35,,,0.2,0.5,1.0,1.0,0.0,0.67,0.67,0.0,0.33,1.0,0.33,,0.67,,0.67,0.33,,1.0,,0.2,,1.0,1.0,0.6,1.0,0.6,1.0,1.0,,0.67
1670,0.2214419990777969,female,57.0,55_64,english,other,high_school,80k_to_100k,employed,6,0.0,widowed,,2_persons,1.0,no_children,catholic,,monteregie,type_2,,1.0,0.33,0.33,0.67,0.33,1.0,1.0,plq,ndp,1.0,0.75,0.33,0.33,0.5,1.0,1.0,0.0,1.0,1.0,1.0,0.33,1.0,plq,green,0.5,0.0,0.25,0.0,0.2,0.5,0.0,0.25,,,0.2,0.5,0.0,1.0,0.0,0.0,1.0,0.0,0.33,1.0,0.33,0.33,0.33,0.0,0.67,0.0,,,,0.2,,,0.8,1.0,,1.0,,1.0,1.0,0.67
1671,1.627670168876648,male,66.0,65_plus,french,canadian_quebecois,bachelor,40k_to_60k,self_employed,32,1.0,widowed,0.0,1_person,1.0,no_children,,,quebec_city,type_2,0.0,0.67,0.67,0.67,0.67,0.33,0.33,1.0,qs,ndp,0.0,0.5,0.67,1.0,0.5,1.0,1.0,0.67,1.0,1.0,1.0,0.0,,adq,liberal,0.25,0.0,0.5,0.0,0.0,0.75,0.0,0.4,0.0,,0.0,0.6,,1.0,1.0,0.0,0.0,0.0,0.67,1.0,1.0,1.0,1.0,0.67,0.67,1.0,1.0,0.6,1.0,0.2,,0.6,1.0,,0.6,1.0,0.6,1.0,0.67,0.17
1672,0.5029883980751038,female,34.0,25_34,other,canadian_quebecois,college_cegep,20k_to_40k,employed,6,1.0,widowed,1.0,3_4_persons,0.0,children_18_plus,,,montreal,type_2,0.0,1.0,1.0,0.67,1.0,0.67,1.0,1.0,plq,conservative,0.33,1.0,0.67,0.67,0.5,0.67,0.67,0.33,1.0,0.0,1.0,0.67,1.0,adq,liberal,0.6,0.0,0.8,0.0,0.35,0.5,0.0,0.8,0.0,,0.3,0.6,0.0,1.0,0.0,0.33,0.67,0.33,0.33,1.0,0.67,0.33,1.0,0.67,0.67,0.33,,0.6,,0.2,,,0.6,0.6,,,0.6,0.67,0.17,0.67
1673,0.6322008967399597,male,64.0,55_64,french,canadian_quebecois,high_school,20k_to_40k,self_employed,16,1.0,widowed,0.0,3_4_persons,1.0,no_children,other_christian,0.5,other_regions,type_2,,1.0,0.67,0.67,0.33,0.67,0.33,1.0,adq,liberal,0.33,0.75,1.0,0.67,,1.0,1.0,0.33,1.0,0.0,1.0,0.33,1.0,adq,,0.1,0.4,0.8,0.0,0.02,0.3,0.1,0.7,0.0,0.0,0.4,0.7,0.0,1.0,0.0,0.67,0.67,1.0,0.67,0.33,1.0,0.0,1.0,0.33,0.67,0.33,0.6,0.6,0.6,0.2,0.8,0.6,0.6,0.8,0.6,0.6,0.6,0.67,0.67,0.67
1674,0.5248628258705139,female,59.0,55_64,french,canadian_quebecois,high_school,under_20k,employed,5,1.0,divorced_separated,1.0,2_persons,0.0,no_children,protestant,0.0,other,type_2,,1.0,0.67,0.67,0.67,0.67,0.33,1.0,plq,bloc,0.33,0.75,0.67,0.67,,1.0,1.0,0.33,1.0,1.0,1.0,0.33,0.0,pq,ndp,0.0,0.4,0.55,0.2,0.4,0.0,0.4,0.5,,,0.3,0.55,0.0,1.0,0.33,0.67,0.67,0.67,0.67,0.67,1.0,0.67,0.67,0.67,0.33,0.0,,,0.6,0.2,0.6,0.6,,0.8,0.8,,0.6,0.17,0.17,0.67
1675,0.6404670476913452,female,52.0,45_54,english,canadian_quebecois,college_cegep,under_20k,unemployed,6,0.0,,,,,children_under_18,,,monteregie,type_2,0.0,1.0,0.67,0.67,0.67,,,0.0,,,,1.0,0.33,1.0,0.5,1.0,1.0,0.0,1.0,1.0,1.0,0.33,,,,,,,,,,,,,,0.5,0.5,,,0.0,,,1.0,,,,,,,,0.0,,,,,,,,,,,,,,
1676,1.9235901832580569,male,30.0,25_34,french,canadian_quebecois,bachelor,40k_to_60k,employed,9,1.0,widowed,1.0,3_4_persons,0.0,children_under_18,other_christian,0.5,quebec_city,type_2,,0.33,0.33,0.67,1.0,0.67,0.33,1.0,qs,liberal,0.33,0.5,1.0,0.67,0.5,0.67,0.67,0.33,1.0,,1.0,0.67,1.0,adq,green,0.02,0.02,0.04,0.03,0.03,0.25,0.15,0.7,0.5,0.5,0.0,1.0,1.0,0.0,0.0,1.0,0.67,0.33,0.67,0.33,1.0,0.33,0.67,0.67,0.67,0.33,0.6,0.6,0.6,0.2,0.4,0.6,0.8,0.6,0.6,0.6,0.6,0.67,0.67,0.67
1677,0.2998551428318023,female,,,french,canadian_quebecois,high_school,,employed,3,1.0,widowed,,5_plus_persons,1.0,no_children,,,quebec_city,type_2,0.0,1.0,0.67,,1.0,1.0,0.33,1.0,adq,liberal,1.0,1.0,1.0,0.67,0.5,1.0,1.0,0.0,1.0,0.0,1.0,0.67,1.0,adq,green,0.5,0.25,0.9,,0.8,0.25,0.0,0.9,,,0.0,0.5,0.0,1.0,0.0,0.67,1.0,0.33,0.67,1.0,1.0,,0.67,0.33,0.33,0.0,0.6,0.6,0.6,0.2,0.6,0.6,0.6,0.6,0.6,0.6,0.6,0.67,0.67,0.67
1678,0.5029883980751038,female,29.0,25_34,english,canadian_quebecois,graduate,under_20k,employed,6,0.0,widowed,1.0,3_4_persons,0.0,children_18_plus,no_religion,0.0,montreal,type_2,,1.0,1.0,0.67,1.0,0.67,0.67,1.0,plq,ndp,0.67,0.75,0.33,0.67,0.5,1.0,1.0,0.0,1.0,1.0,1.0,0.33,,plq,green,0.7,0.0,0.55,0.1,0.9,0.45,0.03,0.15,,,0.25,0.4,,0.0,0.0,0.67,0.67,0.33,0.33,0.0,,,0.33,0.67,,0.33,0.6,1.0,,0.2,,,1.0,1.0,,0.6,,0.17,0.33,0.17
1679,2.07050895690918,male,47.0,45_54,french,canadian_quebecois,college_cegep,under_20k,employed,5,1.0,widowed,1.0,5_plus_persons,0.0,children_under_18,,,,type_2,0.0,0.67,0.67,0.67,0.67,0.33,0.67,1.0,plq,bloc,0.33,,0.67,0.33,0.5,1.0,1.0,0.0,1.0,1.0,1.0,0.33,0.0,pq,ndp,0.25,0.5,0.75,0.25,0.25,0.25,0.25,0.5,,,0.75,0.75,,,0.0,0.67,,0.67,0.33,0.33,,,,0.33,0.33,0.33,,,,,,,,,,,,,0.67,0.67
1680,0.6664856672286987,female,,,english,canadian_quebecois,high_school,under_20k,employed,25,0.0,divorced_separated,0.0,,0.0,children_18_plus,,,montreal,type_2,1.0,1.0,0.67,0.67,1.0,1.0,0.67,1.0,plq,ndp,0.0,0.75,0.67,0.67,0.5,,0.67,0.33,0.0,0.0,,0.67,,,,0.5,0.1,0.5,,0.35,0.75,,,,,0.1,0.5,,,0.0,0.33,0.67,0.33,0.33,1.0,0.33,0.33,,0.67,0.67,,,,,0.2,,,,,,,,,,
1681,0.5029883980751038,female,28.0,25_34,english,,high_school,40k_to_60k,employed,6,1.0,widowed,0.0,5_plus_persons,1.0,no_children,other_christian,1.0,quebec_city,type_2,,1.0,1.0,0.33,0.33,0.67,1.0,1.0,plq,ndp,0.33,0.5,0.67,0.33,0.5,0.67,0.67,0.0,1.0,0.0,0.0,0.33,0.0,adq,,0.0,0.0,1.0,0.0,0.0,0.0,0.0,1.0,0.0,0.0,0.0,1.0,0.0,1.0,0.0,0.67,0.33,0.0,0.67,1.0,1.0,0.67,0.33,0.33,0.0,1.0,0.6,0.6,0.6,0.6,0.6,0.6,0.6,0.6,0.6,0.6,0.6,0.67,0.67,0.67
1682,0.926587700843811,female,31.0,25_34,french,canadian_quebecois,bachelor,60k_to_80k,,16,1.0,widowed,1.0,5_plus_persons,0.0,no_children,protestant,0.5,other_regions,type_2,,0.67,0.67,0.33,0.67,0.67,0.0,1.0,pq,bloc,1.0,0.5,0.67,0.33,1.0,0.67,1.0,0.33,1.0,0.0,1.0,0.67,,pq,bloc,0.4,0.85,0.2,0.95,0.8,0.05,0.6,0.1,0.95,0.6,0.8,0.8,0.0,1.0,1.0,0.33,,0.0,0.67,0.67,1.0,0.0,0.0,0.0,0.67,0.0,0.8,0.8,0.8,0.2,0.4,0.8,0.8,0.8,0.8,0.6,0.4,0.5,0.5,0.5
1683,0.5034842491149902,female,,,english,canadian_quebecois,bachelor,,employed,6,1.0,married,1.0,1_person,1.0,both,catholic,0.0,eastern_quebec,type_2,,0.67,1.0,0.33,1.0,0.33,0.33,,plq,other,1.0,0.75,0.33,0.0,0.5,1.0,1.0,0.33,0.0,0.0,0.0,0.67,0.0,,,0.6,0.7,0.6,,0.8,0.4,0.7,0.75,,,0.5,0.7,1.0,0.0,0.0,,0.0,0.67,,1.0,0.33,0.0,0.0,,1.0,,,,,0.2,,0.8,0.8,0.8,1.0,,,1.0,0.67,0.67
1684,0.926587700843811,female,25.0,18_24,french,canadian_quebecois,college_cegep,60k_to_80k,employed,14,1.0,widowed,1.0,5_plus_persons,0.0,no_children,other_christian,0.5,outaouais,type_2,,1.0,1.0,0.33,0.33,0.67,1.0,1.0,plq,other,0.33,1.0,1.0,0.67,,0.67,0.67,0.33,0.0,0.0,0.0,0.67,0.0,adq,green,0.1,0.2,0.7,0.05,0.05,0.05,0.05,0.6,,,0.5,0.6,0.0,0.0,0.67,0.67,0.67,0.33,0.33,0.33,1.0,,0.67,0.67,1.0,0.33,1.0,,,0.2,,0.8,0.6,0.8,,,0.4,1.0,0.67,
1685,1.626064658164978,male,33.0,25_34,french,canadian_quebecois,graduate,20k_to_40k,employed,32,1.0,common_law,0.0,1_person,1.0,no_children,other_christian,0.5,montreal,type_2,,0.33,0.33,0.33,0.33,0.0,0.67,1.0,plq,ndp,0.0,0.75,1.0,0.67,0.5,0.67,0.67,0.0,1.0,1.0,1.0,0.33,1.0,adq,,0.8,0.0,0.9,0.0,0.5,0.5,0.0,1.0,,,0.0,0.7,,,0.0,0.67,0.33,0.67,0.33,1.0,0.67,,0.33,0.33,0.0,0.0,0.6,0.6,0.6,0.6,0.6,0.6,0.6,0.6,0.6,0.6,0.6,0.67,0.17,0.67
1686,0.2455614358186721,male,51.0,45_54,english,canadian_quebecois,elementary,under_20k,self_employed,3,0.0,widowed,1.0,5_plus_persons,0.0,children_18_plus,no_religion,0.5,eastern_quebec,type_2,,1.0,1.0,1.0,1.0,1.0,1.0,1.0,plq,ndp,0.67,1.0,1.0,1.0,1.0,1.0,1.0,0.33,1.0,1.0,1.0,0.67,1.0,other,bloc,0.05,0.05,0.0,0.5,0.75,0.5,0.5,0.0,,,0.0,0.5,0.0,0.0,0.67,0.67,1.0,1.0,0.33,1.0,1.0,0.33,0.67,0.67,1.0,0.0,1.0,1.0,,0.2,,,0.4,0.8,0.4,,1.0,0.17,0.17,0.83
1687,0.926587700843811,female,26.0,25_34,french,canadian_quebecois,college_cegep,20k_to_40k,employed,16,1.0,widowed,1.0,,0.0,no_children,,,,type_2,,0.67,0.33,0.67,0.67,0.67,0.67,1.0,pq,liberal,0.67,0.75,0.67,,,0.0,,,1.0,0.0,,,,adq,,,,,,,,,,,,,,,,,,,,,,,,,,,,,,,,,,,,,,,,,
1688,0.926587700843811,female,31.0,25_34,french,canadian_quebecois,bachelor,60k_to_80k,,16,1.0,widowed,1.0,5_plus_persons,0.0,no_children,protestant,0.5,other_regions,type_2,,0.67,0.67,0.33,0.67,0.67,0.0,1.0,pq,bloc,1.0,0.5,0.67,0.33,1.0,0.67,1.0,0.33,1.0,0.0,1.0,0.67,,pq,bloc,0.4,0.85,0.2,0.95,0.8,0.05,0.6,0.1,0.95,0.6,0.8,0.8,0.0,1.0,1.0,0.33,,0.0,0.67,0.67,1.0,0.0,0.0,0.0,0.67,0.0,0.8,0.8,0.8,0.2,0.4,0.8,0.8,0.8,0.8,0.6,0.4,0.5,0.5,0.5
1689,0.5034842491149902,female,,,english,canadian_quebecois,bachelor,,employed,6,1.0,married,1.0,1_person,1.0,both,catholic,0.0,eastern_quebec,type_2,,0.67,1.0,0.33,1.0,0.33,0.33,,plq,other,1.0,0.75,0.33,0.0,0.5,1.0,1.0,0.33,0.0,0.0,0.0,0.67,0.0,,,0.6,0.7,0.6,,0.8,0.4,0.7,0.75,,,0.5,0.7,1.0,0.0,0.0,,0.0,0.67,,1.0,0.33,0.0,0.0,,1.0,,,,,0.2,,0.8,0.8,0.8,1.0,,,1.0,0.67,0.67
1690,0.926587700843811,female,25.0,18_24,french,canadian_quebecois,college_cegep,60k_to_80k,employed,14,1.0,widowed,1.0,5_plus_persons,0.0,no_children,other_christian,0.5,outaouais,type_2,,1.0,1.0,0.33,0.33,0.67,1.0,1.0,plq,other,0.33,1.0,1.0,0.67,,0.67,0.67,0.33,0.0,0.0,0.0,0.67,0.0,adq,green,0.1,0.2,0.7,0.05,0.05,0.05,0.05,0.6,,,0.5,0.6,0.0,0.0,0.67,0.67,0.67,0.33,0.33,0.33,1.0,,0.67,0.67,1.0,0.33,1.0,,,0.2,,0.8,0.6,0.8,,,0.4,1.0,0.67,
1691,1.626064658164978,male,33.0,25_34,french,canadian_quebecois,graduate,20k_to_40k,employed,32,1.0,common_law,0.0,1_person,1.0,no_children,other_christian,0.5,montreal,type_2,,0.33,0.33,0.33,0.33,0.0,0.67,1.0,plq,ndp,0.0,0.75,1.0,0.67,0.5,0.67,0.67,0.0,1.0,1.0,1.0,0.33,1.0,adq,,0.8,0.0,0.9,0.0,0.5,0.5,0.0,1.0,,,0.0,0.7,,,0.0,0.67,0.33,0.67,0.33,1.0,0.67,,0.33,0.33,0.0,0.0,0.6,0.6,0.6,0.6,0.6,0.6,0.6,0.6,0.6,0.6,0.6,0.67,0.17,0.67
1692,0.2455614358186721,male,51.0,45_54,english,canadian_quebecois,elementary,under_20k,self_employed,3,0.0,widowed,1.0,5_plus_persons,0.0,children_18_plus,no_religion,0.5,eastern_quebec,type_2,,1.0,1.0,1.0,1.0,1.0,1.0,1.0,plq,ndp,0.67,1.0,1.0,1.0,1.0,1.0,1.0,0.33,1.0,1.0,1.0,0.67,1.0,other,bloc,0.05,0.05,0.0,0.5,0.75,0.5,0.5,0.0,,,0.0,0.5,0.0,0.0,0.67,0.67,1.0,1.0,0.33,1.0,1.0,0.33,0.67,0.67,1.0,0.0,1.0,1.0,,0.2,,,0.4,0.8,0.4,,1.0,0.17,0.17,0.83
1693,0.926587700843811,female,26.0,25_34,french,canadian_quebecois,college_cegep,20k_to_40k,employed,16,1.0,widowed,1.0,,0.0,no_children,,,,type_2,,0.67,0.33,0.67,0.67,0.67,0.67,1.0,pq,liberal,0.67,0.75,0.67,,,0.0,,,1.0,0.0,,,,adq,,,,,,,,,,,,,,,,,,,,,,,,,,,,,,,,,,,,,,,,,
1694,0.3556142151355743,male,70.0,65_plus,french,canadian_quebecois,graduate,,retired,12,1.0,widowed,0.0,5_plus_persons,1.0,no_children,protestant,0.5,other_regions,type_2,,0.67,1.0,0.33,1.0,1.0,0.0,1.0,qs,conservative,1.0,1.0,1.0,1.0,1.0,0.33,1.0,0.0,1.0,0.0,1.0,0.0,1.0,pq,bloc,0.0,0.75,0.0,1.0,0.5,0.0,0.25,0.5,0.85,,0.5,0.85,0.0,1.0,0.0,0.67,1.0,0.0,0.33,0.67,1.0,0.0,0.67,0.67,0.0,0.0,,0.8,1.0,0.4,,0.8,0.8,0.4,,0.6,0.4,0.5,0.5,0.67
1695,0.1318823248147964,female,58.0,55_64,french,canadian_quebecois,bachelor,over_150k,homemaker,3,1.0,single,0.0,2_persons,0.0,no_children,other_christian,1.0,other_regions,type_2,,0.67,1.0,0.67,0.67,0.67,0.67,1.0,plq,ndp,0.0,0.75,0.67,0.67,0.5,0.33,0.67,0.0,1.0,0.0,0.0,0.67,1.0,adq,liberal,0.7,0.2,1.0,0.0,0.2,0.8,0.0,1.0,0.0,0.4,0.1,0.75,0.0,1.0,0.0,0.67,0.0,0.0,1.0,0.33,1.0,0.33,0.67,0.67,0.67,0.33,0.6,0.6,0.6,0.6,0.6,0.6,0.6,0.6,0.6,0.6,0.6,0.67,0.67,0.67
1696,1.4374099969863892,male,73.0,65_plus,french,other,graduate,40k_to_60k,self_employed,16,1.0,widowed,1.0,,0.0,no_children,,,,type_2,0.0,1.0,0.67,0.33,1.0,0.67,0.67,1.0,pq,,0.0,0.75,1.0,1.0,0.5,0.67,0.67,0.33,1.0,0.0,1.0,0.67,1.0,,,0.5,0.0,0.45,0.0,0.05,0.4,0.0,0.7,0.0,,0.0,0.75,0.0,0.0,0.0,0.33,0.67,0.67,0.67,1.0,1.0,0.0,0.67,0.67,0.67,0.33,1.0,,1.0,0.6,,0.6,,0.6,0.6,0.6,0.6,0.67,0.67,0.67
1697,1.330445408821106,female,21.0,18_24,french,canadian_quebecois,bachelor,under_20k,retired,14,1.0,widowed,1.0,5_plus_persons,0.0,children_18_plus,other_religion,1.0,other_regions,type_2,,1.0,1.0,0.33,1.0,0.67,0.67,1.0,adq,,1.0,1.0,,0.33,1.0,0.67,0.67,0.0,1.0,1.0,1.0,0.67,,qs,green,0.0,0.06,0.03,0.09,0.09,0.0,0.05,0.03,0.1,,0.05,0.02,0.0,,0.67,0.67,1.0,0.33,0.67,0.67,1.0,0.0,0.0,0.0,0.0,0.0,0.8,0.4,0.4,0.2,0.4,,0.4,0.4,0.8,0.6,0.4,0.5,0.67,0.5
1698,0.3911031782627105,female,61.0,55_64,french,canadian_quebecois,bachelor,,self_employed,2,1.0,married,0.0,2_persons,0.0,no_children,,,,type_2,0.0,1.0,1.0,0.33,0.33,0.67,0.67,1.0,adq,liberal,0.67,0.75,1.0,0.67,0.5,0.67,0.67,0.33,1.0,0.0,0.0,0.67,1.0,,,0.6,,0.75,0.3,0.2,0.6,0.7,0.8,0.7,,0.39,0.5,0.0,1.0,0.33,0.67,0.67,1.0,0.33,0.33,1.0,0.33,0.67,0.67,0.67,0.0,,,,,0.6,0.6,0.8,0.4,0.8,,,0.17,0.67,0.67
1699,2.4493582248687744,male,46.0,45_54,french,canadian_quebecois,high_school,under_20k,employed,1,1.0,widowed,0.0,2_persons,0.0,no_children,protestant,0.5,other_regions,type_2,,1.0,0.67,0.67,0.67,1.0,0.33,1.0,plq,ndp,0.67,0.75,0.67,1.0,,0.67,1.0,0.0,1.0,0.0,1.0,0.67,1.0,pq,ndp,0.0,0.5,0.75,,,0.0,0.5,0.75,,,0.25,0.5,0.0,1.0,0.33,0.33,1.0,0.67,0.33,0.67,1.0,1.0,0.0,1.0,1.0,0.0,,,0.6,0.2,0.8,0.6,0.8,0.8,0.8,,0.8,,0.67,0.67
1700,0.5400015711784363,female,63.0,55_64,french,canadian_quebecois,bachelor,40k_to_60k,self_employed,24,1.0,widowed,1.0,3_4_persons,0.0,children_under_18,protestant,0.5,other_regions,type_2,,1.0,0.67,0.33,1.0,0.33,0.67,1.0,adq,conservative,0.67,0.5,0.33,0.0,1.0,0.67,0.67,0.33,0.0,0.0,1.0,0.67,1.0,pq,ndp,0.1,0.8,0.7,0.6,0.6,0.0,0.6,0.8,0.8,,0.7,0.7,0.0,1.0,0.67,0.67,0.67,0.67,0.33,0.67,1.0,0.33,0.67,0.67,0.33,0.0,0.8,0.8,0.8,0.8,0.4,0.6,0.8,0.8,0.6,0.8,0.6,0.17,0.5,0.67
1701,0.9275031685829164,female,67.0,65_plus,french,canadian_quebecois,college_cegep,20k_to_40k,self_employed,13,1.0,married,0.0,2_persons,0.0,no_children,catholic,0.5,quebec_city,type_2,,1.0,1.0,0.67,1.0,0.67,0.33,1.0,plq,ndp,1.0,1.0,0.67,1.0,0.5,1.0,1.0,0.0,1.0,0.0,,0.67,1.0,plq,ndp,0.7,0.25,0.7,0.25,,0.7,0.0,0.65,0.5,0.5,0.25,0.6,0.0,1.0,0.0,1.0,1.0,0.33,0.33,1.0,1.0,0.0,0.67,0.67,0.67,0.67,1.0,1.0,,,0.4,0.6,1.0,0.6,1.0,0.6,0.6,1.0,0.67,0.67
1702,0.6664856672286987,female,66.0,65_plus,other,canadian_quebecois,bachelor,40k_to_60k,,25,0.0,divorced_separated,1.0,3_4_persons,0.0,both,catholic,0.0,eastern_quebec,type_2,,0.67,0.33,0.33,1.0,0.67,0.33,1.0,adq,conservative,0.0,0.75,0.67,0.0,0.5,,0.67,0.33,1.0,0.0,1.0,0.67,1.0,other,bloc,0.65,0.0,0.75,0.45,0.8,0.45,0.1,0.65,0.75,0.8,0.45,0.85,0.0,1.0,0.0,0.67,0.33,0.0,0.67,1.0,1.0,,0.67,0.67,0.33,0.33,,1.0,,0.2,0.4,0.4,,,,0.6,0.4,,0.67,0.5
1703,0.7795112729072571,male,33.0,25_34,other,canadian_quebecois,bachelor,,employed,6,0.0,widowed,0.0,1_person,1.0,children_under_18,,,eastern_quebec,type_2,1.0,0.67,0.67,0.33,1.0,0.0,0.67,1.0,qs,,0.0,0.75,0.33,,0.5,1.0,1.0,0.0,1.0,1.0,1.0,0.0,0.0,plq,green,0.6,0.0,0.0,0.0,0.75,0.5,0.0,0.0,,,0.0,0.5,0.0,1.0,0.0,0.0,0.0,0.67,0.33,0.0,0.67,0.33,0.67,0.0,0.0,0.0,,,,0.2,,1.0,,,0.2,1.0,,0.17,,0.17
1704,0.4079344272613525,female,59.0,55_64,french,canadian_quebecois,college_cegep,20k_to_40k,self_employed,16,1.0,widowed,,3_4_persons,,children_under_18,catholic,0.5,outaouais,type_2,,0.67,0.67,0.67,0.67,1.0,0.33,1.0,adq,liberal,1.0,0.75,0.67,0.67,0.5,0.67,0.67,0.33,1.0,0.0,,0.67,1.0,plq,ndp,0.65,0.05,0.5,0.05,,0.25,0.0,0.6,0.05,,0.25,0.5,0.0,1.0,1.0,0.67,0.67,0.33,0.33,1.0,0.33,,0.67,0.67,0.67,0.67,1.0,1.0,1.0,0.2,0.6,0.6,1.0,1.0,1.0,1.0,0.6,0.17,0.67,
1705,1.6519296169281006,female,37.0,35_44,french,canadian_quebecois,bachelor,over_150k,employed,2,1.0,divorced_separated,0.0,5_plus_persons,0.0,no_children,,,,type_2,0.0,0.67,1.0,0.67,1.0,0.67,0.33,1.0,plq,ndp,0.33,0.75,0.67,1.0,0.5,0.67,0.67,0.33,0.0,0.0,1.0,0.33,1.0,plq,ndp,0.5,0.5,0.75,0.25,0.25,0.0,0.0,1.0,,,0.75,0.8,1.0,0.0,0.0,0.0,0.67,0.67,0.67,0.0,1.0,0.33,0.0,0.67,0.33,0.33,0.6,0.6,,,0.6,0.6,,0.6,1.0,,0.6,0.67,0.67,0.67
1706,0.5029883980751038,female,27.0,25_34,english,other,bachelor,under_20k,,6,0.0,single,0.0,2_persons,0.0,children_under_18,no_religion,0.0,monteregie,type_2,,1.0,1.0,1.0,1.0,0.67,0.33,1.0,pq,other,0.33,1.0,0.67,0.67,0.5,1.0,1.0,0.0,1.0,1.0,1.0,0.33,0.0,other,bloc,0.05,0.04,0.0,0.08,0.1,0.06,0.06,0.0,,0.1,0.05,0.05,0.0,1.0,0.0,0.67,0.0,0.67,,0.0,,0.0,0.33,0.33,0.67,0.0,0.2,0.2,,0.2,0.4,0.2,0.4,0.4,0.2,,0.2,0.33,0.33,0.33
1707,1.7117935419082642,female,22.0,18_24,french,canadian_quebecois,college_cegep,,retired,17,1.0,divorced_separated,1.0,,0.0,children_under_18,no_religion,0.5,monteregie,type_2,,0.67,1.0,0.67,1.0,0.33,0.0,1.0,plq,ndp,0.0,0.75,0.67,0.0,,0.33,1.0,0.0,1.0,0.0,1.0,0.33,0.0,other,bloc,0.0,0.45,0.4,0.3,1.0,0.0,0.45,0.4,,,0.5,,,,,0.67,0.67,0.67,0.67,0.0,,0.0,0.33,0.67,0.33,0.0,,0.6,,0.2,,,,0.8,,,,,0.67,
1708,0.7158807516098022,male,59.0,55_64,french,canadian_quebecois,high_school,under_20k,employed,4,1.0,widowed,,5_plus_persons,0.0,no_children,protestant,0.5,,type_2,,1.0,0.67,0.33,0.33,0.33,0.33,1.0,plq,ndp,0.33,0.75,0.67,0.33,,0.67,0.67,0.0,1.0,0.0,1.0,0.0,0.0,,,,,0.0,0.75,0.3,,,0.0,,,,0.5,0.0,1.0,0.67,0.0,0.67,0.67,0.33,0.33,,0.67,0.33,0.67,0.33,0.0,0.8,0.8,,0.2,0.8,0.8,0.8,0.8,0.8,0.8,0.4,0.83,0.5,0.5
1709,0.6322008967399597,male,60.0,55_64,french,canadian_quebecois,bachelor,40k_to_60k,self_employed,16,1.0,single,0.0,1_person,1.0,no_children,other_christian,0.5,quebec_city,type_2,,0.67,0.67,0.67,0.33,0.67,1.0,1.0,plq,conservative,0.0,1.0,1.0,1.0,0.5,1.0,1.0,0.33,1.0,1.0,1.0,0.67,0.0,adq,liberal,0.96,0.0,0.9,0.0,0.0,0.96,0.0,0.97,0.0,0.0,0.0,0.95,0.0,0.0,0.0,0.0,0.0,0.67,0.33,1.0,0.33,0.0,0.67,0.0,1.0,0.33,0.6,0.6,1.0,1.0,0.6,0.6,0.6,1.0,0.6,0.6,0.6,1.0,0.67,0.67
1710,1.5382611751556396,male,65.0,55_64,french,canadian_quebecois,bachelor,20k_to_40k,self_employed,26,1.0,widowed,0.0,2_persons,0.0,no_children,other_christian,1.0,quebec_city,type_2,,1.0,0.67,0.67,0.33,1.0,1.0,1.0,plq,other,0.33,1.0,1.0,1.0,0.5,1.0,1.0,0.0,1.0,1.0,1.0,0.0,1.0,adq,,0.3,0.0,0.7,,,0.2,0.0,0.9,,,0.0,0.3,0.0,1.0,0.0,0.67,,0.67,0.67,1.0,1.0,,0.33,0.67,0.67,0.33,0.6,0.6,0.6,0.6,0.6,0.6,0.6,0.6,0.6,0.6,0.6,0.67,0.67,0.67
1711,0.5248628258705139,female,61.0,55_64,french,canadian_quebecois,high_school,,employed,17,1.0,widowed,1.0,3_4_persons,0.0,no_children,catholic,0.0,quebec_city,type_2,,1.0,1.0,0.67,1.0,1.0,1.0,1.0,other,,1.0,0.75,0.67,0.67,0.5,0.67,0.67,0.33,1.0,0.0,,0.67,1.0,adq,liberal,0.5,0.0,0.75,,,0.4,0.0,0.8,,,0.0,0.6,,1.0,0.0,0.67,0.67,0.67,,1.0,1.0,,0.67,0.67,,0.0,,,,,0.6,0.6,0.6,,,,0.6,0.67,,0.67
1712,0.6322008967399597,male,57.0,55_64,french,canadian_quebecois,high_school,20k_to_40k,employed,6,1.0,widowed,1.0,3_4_persons,0.0,children_under_18,protestant,0.0,other_regions,type_2,,0.67,1.0,1.0,1.0,0.67,0.67,1.0,,,0.33,1.0,0.67,0.0,1.0,1.0,1.0,0.0,1.0,0.0,1.0,0.67,1.0,adq,conservative,0.0,0.75,0.75,,,0.0,0.5,0.9,,,0.5,0.5,0.0,,0.67,0.0,0.33,0.67,0.33,0.67,1.0,0.0,0.33,1.0,0.67,0.33,0.6,0.6,0.6,0.6,0.6,0.6,0.6,0.8,0.6,0.6,0.6,0.67,0.67,0.67
1713,1.4359921216964722,male,25.0,18_24,french,canadian_quebecois,bachelor,20k_to_40k,employed,6,1.0,divorced_separated,1.0,5_plus_persons,0.0,no_children,protestant,0.5,other_regions,type_2,,1.0,1.0,0.67,1.0,0.33,0.0,1.0,adq,liberal,1.0,1.0,0.67,0.33,1.0,0.0,0.67,0.67,1.0,0.0,0.0,0.33,1.0,pq,green,0.0,1.0,0.2,0.78,0.8,0.0,1.0,0.45,0.6,0.7,0.0,0.5,0.0,1.0,0.33,0.67,0.67,0.0,0.67,0.67,1.0,0.0,0.67,0.67,0.33,0.0,0.8,0.8,0.8,0.2,0.8,0.6,0.8,0.8,0.8,0.6,0.8,0.83,0.83,0.67
1714,1.330445408821106,female,19.0,18_24,french,canadian_quebecois,college_cegep,60k_to_80k,retired,13,1.0,single,0.0,5_plus_persons,0.0,no_children,,,monteregie,type_2,0.0,1.0,1.0,0.67,1.0,0.67,0.67,0.0,plq,ndp,0.33,0.75,0.33,1.0,0.5,1.0,1.0,0.33,1.0,0.0,1.0,0.33,1.0,,,0.49,0.5,0.52,0.75,,0.3,0.5,0.5,0.75,,0.5,0.5,1.0,,0.67,0.33,0.33,1.0,0.67,0.33,1.0,,0.33,0.33,0.0,0.0,,0.4,,0.2,,,,,,,,0.17,0.17,0.5
1715,0.9275031685829164,female,67.0,65_plus,french,canadian_quebecois,college_cegep,20k_to_40k,,14,1.0,married,1.0,3_4_persons,1.0,children_under_18,other_christian,1.0,outaouais,type_2,,0.67,0.67,0.33,0.67,1.0,0.33,1.0,adq,liberal,0.67,0.75,0.67,0.67,1.0,0.67,0.67,0.33,1.0,0.0,1.0,0.67,0.0,adq,conservative,0.4,0.4,0.75,0.3,0.3,0.5,0.5,0.95,0.6,0.6,0.2,0.7,0.0,1.0,1.0,0.67,0.67,0.33,0.33,0.33,1.0,0.33,0.67,0.67,0.67,0.33,0.6,0.6,0.6,0.2,0.6,0.6,0.6,0.6,0.6,0.6,0.6,0.67,0.67,0.67
1716,0.1318823248147964,female,62.0,55_64,french,canadian_quebecois,college_cegep,20k_to_40k,employed,3,1.0,married,,3_4_persons,0.0,children_under_18,protestant,1.0,other_regions,type_2,,0.67,1.0,0.67,1.0,0.67,0.0,1.0,,,1.0,1.0,,0.33,1.0,0.67,0.67,0.67,0.0,0.0,,0.67,1.0,pq,green,0.4,0.4,0.1,0.3,0.3,0.4,0.45,0.15,0.35,0.6,0.6,0.5,0.0,1.0,,0.33,1.0,0.0,1.0,0.67,1.0,,0.0,0.33,0.67,0.33,,0.8,,0.2,,0.8,0.8,0.8,0.8,,0.4,,0.5,0.5
1717,0.8468688726425171,male,64.0,55_64,french,canadian_quebecois,graduate,over_150k,self_employed,9,1.0,divorced_separated,0.0,3_4_persons,0.0,no_children,,,outaouais,type_2,1.0,1.0,1.0,0.67,0.33,0.67,1.0,1.0,plq,ndp,0.33,0.75,0.67,0.0,0.5,1.0,0.67,0.33,1.0,0.0,1.0,0.67,1.0,plq,ndp,0.6,0.3,0.8,0.1,0.1,0.2,0.01,0.8,0.01,0.02,0.0,1.0,0.0,1.0,0.0,0.67,0.33,1.0,1.0,1.0,1.0,,1.0,0.67,0.67,0.33,0.6,1.0,1.0,1.0,0.6,0.6,0.6,0.6,0.6,0.8,0.6,1.0,0.67,0.67
1718,0.9275031685829164,female,,,french,canadian_quebecois,bachelor,,employed,6,1.0,widowed,,5_plus_persons,,no_children,catholic,0.5,quebec_city,type_2,,1.0,0.67,0.33,0.67,0.33,0.0,1.0,plq,ndp,1.0,0.75,0.0,1.0,0.5,0.33,0.33,0.67,0.0,0.0,0.0,0.67,1.0,,,0.8,0.1,0.3,0.0,0.0,0.8,0.0,0.3,0.0,,0.0,0.6,1.0,0.0,0.0,0.33,1.0,0.33,1.0,1.0,1.0,0.33,1.0,0.33,0.67,0.67,1.0,1.0,1.0,0.2,0.4,0.6,1.0,1.0,1.0,1.0,0.6,1.0,1.0,0.67
1719,2.2808401584625244,female,35.0,25_34,french,other,bachelor,over_150k,homemaker,26,1.0,widowed,,5_plus_persons,0.0,children_under_18,other_christian,0.5,monteregie,type_2,,1.0,0.67,0.67,0.67,0.67,0.33,1.0,adq,liberal,0.67,0.5,1.0,0.33,,0.33,,0.33,,0.0,1.0,0.67,1.0,adq,,0.1,0.7,0.9,,0.5,0.05,0.8,0.9,,,0.0,0.5,0.0,1.0,0.0,,,0.67,0.33,0.0,1.0,0.33,1.0,0.67,0.67,0.33,1.0,,,0.8,,0.6,0.8,0.6,0.6,,0.6,0.67,0.67,0.67
1720,0.1564060449600219,male,58.0,55_64,french,canadian_quebecois,graduate,80k_to_100k,employed,3,1.0,widowed,1.0,5_plus_persons,0.0,no_children,protestant,0.5,other_regions,type_2,,1.0,1.0,0.33,0.67,0.67,0.33,1.0,pq,liberal,1.0,0.0,0.67,0.0,1.0,0.33,0.33,0.67,0.0,,0.0,0.67,1.0,pq,,0.3,0.95,0.6,,0.6,0.3,0.8,0.5,,0.4,0.7,0.7,0.0,1.0,1.0,0.33,1.0,0.0,1.0,0.67,1.0,0.33,0.33,0.67,0.67,0.0,0.8,0.8,0.8,0.8,0.8,0.8,0.8,0.8,0.8,0.8,0.8,0.83,0.83,0.83
1721,0.5034842491149902,female,69.0,65_plus,english,other,college_cegep,20k_to_40k,self_employed,6,0.0,divorced_separated,1.0,,0.0,children_under_18,catholic,0.0,montreal,type_2,,1.0,1.0,0.67,0.67,0.67,0.67,1.0,adq,liberal,1.0,0.75,0.67,0.67,0.5,0.67,0.67,0.33,0.0,,,0.67,1.0,plq,,0.5,0.0,0.25,,,0.5,0.1,0.25,,,0.1,0.5,0.0,1.0,0.0,0.33,1.0,0.33,1.0,1.0,0.67,,0.67,0.67,1.0,0.67,,,1.0,,,1.0,1.0,1.0,1.0,,1.0,1.0,0.17,0.17
1722,0.4079344272613525,female,63.0,55_64,french,canadian_quebecois,high_school,under_20k,employed,6,1.0,widowed,1.0,,0.0,no_children,protestant,1.0,other_regions,type_2,,1.0,0.67,0.67,0.67,1.0,0.33,1.0,plq,ndp,1.0,0.75,0.67,1.0,1.0,0.67,0.67,0.33,1.0,0.0,1.0,0.67,0.0,pq,bloc,0.2,0.95,0.5,0.8,0.7,0.2,0.6,0.6,0.6,,0.25,0.5,1.0,0.0,1.0,1.0,0.67,0.33,0.33,0.67,1.0,0.67,0.67,0.67,0.67,0.0,0.6,0.8,0.8,0.8,0.6,0.6,0.8,0.8,0.8,0.6,0.8,1.0,0.67,0.67
1723,1.330445408821106,female,20.0,18_24,french,canadian_quebecois,college_cegep,,retired,14,1.0,widowed,1.0,5_plus_persons,0.0,no_children,protestant,0.5,other_regions,type_2,,0.67,0.67,0.33,0.67,0.33,0.67,1.0,plq,ndp,0.67,0.5,1.0,0.67,1.0,1.0,1.0,0.67,1.0,1.0,1.0,0.0,1.0,pq,bloc,0.0,0.5,0.2,0.75,0.2,0.0,0.0,0.0,0.3,0.2,0.0,0.35,,,0.67,0.67,0.67,1.0,0.67,0.67,1.0,0.0,0.67,0.67,0.67,0.0,0.6,0.8,0.8,0.2,0.4,0.4,0.8,0.4,0.8,0.8,0.8,0.5,0.17,0.5
1724,0.4079344272613525,female,58.0,55_64,french,canadian_quebecois,college_cegep,40k_to_60k,employed,14,1.0,divorced_separated,,3_4_persons,0.0,children_under_18,protestant,0.0,other_regions,type_2,,1.0,1.0,0.67,0.67,0.67,0.33,1.0,adq,liberal,0.33,0.75,0.67,0.33,,0.67,0.67,0.33,0.0,,0.0,0.33,1.0,pq,ndp,0.5,0.6,0.55,,,0.5,0.5,0.5,,,0.06,0.07,0.0,1.0,0.33,0.67,0.67,0.67,0.67,0.33,1.0,,0.33,,0.33,0.33,1.0,,,0.2,,0.6,1.0,0.8,0.6,,0.6,0.17,0.67,0.17
1725,1.6519296169281006,female,44.0,35_44,french,canadian_quebecois,college_cegep,under_20k,employed,2,1.0,widowed,,2_persons,0.0,no_children,other_christian,0.5,other_regions,type_2,,1.0,1.0,1.0,0.33,1.0,0.67,1.0,plq,other,0.67,1.0,1.0,1.0,1.0,1.0,1.0,0.0,1.0,1.0,1.0,0.67,1.0,adq,conservative,0.0,0.75,1.0,,,0.0,,1.0,0.25,,0.5,0.5,1.0,,0.67,0.0,0.67,0.67,0.67,0.67,1.0,0.0,1.0,0.33,0.33,0.33,0.6,0.6,0.6,0.2,0.6,0.6,0.8,0.6,,0.6,0.6,0.67,0.67,0.67
1726,1.4374099969863892,male,76.0,65_plus,french,canadian_quebecois,bachelor,40k_to_60k,self_employed,13,1.0,widowed,1.0,2_persons,1.0,no_children,catholic,1.0,montreal,type_2,,1.0,0.67,0.67,0.67,1.0,0.0,1.0,,liberal,0.67,0.75,0.67,0.33,0.5,0.33,0.33,0.33,0.0,0.0,0.0,0.67,1.0,plq,ndp,0.75,0.25,0.5,0.1,0.1,0.75,0.25,0.5,0.1,0.1,0.5,0.8,0.0,1.0,0.0,1.0,1.0,0.33,0.33,1.0,1.0,0.67,0.67,0.67,0.67,0.67,1.0,1.0,1.0,0.2,1.0,1.0,1.0,1.0,1.0,1.0,0.6,1.0,0.67,0.67
1727,1.4374099969863892,male,68.0,65_plus,french,canadian_quebecois,bachelor,100k_to_120k,self_employed,16,1.0,divorced_separated,0.0,2_persons,1.0,no_children,catholic,0.5,montreal,type_2,,1.0,0.67,0.67,0.67,0.33,0.33,1.0,adq,liberal,0.0,0.5,0.33,0.0,0.5,0.67,0.67,0.67,0.0,,0.0,0.67,1.0,plq,,0.9,0.0,0.25,0.0,0.1,0.9,0.05,0.2,0.02,,0.15,0.8,0.0,1.0,0.0,0.67,1.0,0.0,1.0,1.0,1.0,0.0,1.0,1.0,0.67,1.0,1.0,1.0,1.0,0.2,1.0,1.0,1.0,1.0,1.0,1.0,1.0,1.0,1.0,1.0
1728,0.5400015711784363,female,55.0,45_54,french,canadian_quebecois,high_school,40k_to_60k,homemaker,8,1.0,widowed,0.0,3_4_persons,1.0,no_children,,,other_regions,type_2,0.0,1.0,0.67,0.67,0.67,0.67,1.0,1.0,plq,bloc,0.67,0.75,0.67,0.67,1.0,0.67,0.67,0.33,1.0,1.0,1.0,0.33,1.0,adq,conservative,,,0.75,,,0.5,0.5,0.75,,,0.4,,0.0,,0.33,0.67,1.0,1.0,0.67,0.33,1.0,,0.67,0.67,0.67,0.67,0.6,0.6,,,0.6,,0.8,0.8,,,0.6,0.17,0.67,
1729,1.4359921216964722,male,32.0,25_34,french,canadian_quebecois,college_cegep,40k_to_60k,employed,14,1.0,widowed,1.0,2_persons,0.0,no_children,other_christian,0.5,other_regions,type_2,,1.0,0.67,0.33,0.67,0.67,0.33,1.0,pq,ndp,0.33,0.0,0.67,0.33,1.0,0.33,0.67,0.33,1.0,0.0,,0.67,1.0,adq,conservative,0.2,0.7,0.9,,,0.2,0.5,1.0,,,,0.8,0.0,1.0,1.0,,1.0,0.33,0.33,0.67,1.0,0.0,0.67,0.67,0.67,1.0,0.6,0.6,0.6,0.6,0.6,0.6,0.8,0.8,0.6,0.6,0.6,0.67,0.67,0.67
1730,0.1928505152463913,male,32.0,25_34,other,canadian_quebecois,college_cegep,20k_to_40k,student,3,1.0,widowed,1.0,3_4_persons,0.0,children_under_18,protestant,0.5,other_regions,type_2,,1.0,1.0,0.33,1.0,1.0,1.0,1.0,adq,liberal,1.0,0.75,0.33,0.33,1.0,0.67,0.67,0.0,1.0,1.0,1.0,0.33,1.0,pq,,0.05,0.85,0.06,0.25,0.7,0.05,0.85,0.06,0.25,0.7,0.25,0.85,0.0,1.0,0.67,0.67,1.0,0.33,0.33,0.67,1.0,0.0,1.0,0.67,0.67,0.0,0.8,0.8,0.8,0.2,0.4,0.6,0.8,0.8,0.8,0.8,0.8,0.83,0.33,0.67
1731,0.3431829512119293,male,59.0,55_64,english,canadian_quebecois,college_cegep,40k_to_60k,employed,16,0.0,widowed,1.0,5_plus_persons,0.0,children_under_18,catholic,0.5,outaouais,type_2,,1.0,0.67,0.33,0.67,0.33,0.67,1.0,adq,liberal,1.0,0.75,0.33,0.33,0.5,0.67,0.67,0.67,0.0,0.0,1.0,0.67,0.0,plq,,0.65,0.0,0.5,0.0,0.5,0.65,0.0,0.5,0.45,,1.0,0.65,0.0,1.0,0.0,0.67,0.33,0.33,0.33,1.0,0.67,0.33,0.33,1.0,1.0,0.0,1.0,1.0,1.0,0.2,1.0,1.0,1.0,1.0,1.0,1.0,1.0,1.0,1.0,0.67
1732,1.2277785539627075,female,,,french,canadian_quebecois,college_cegep,,self_employed,25,1.0,married,,2_persons,1.0,no_children,protestant,0.5,other_regions,type_2,,1.0,1.0,1.0,1.0,0.67,0.67,1.0,plq,ndp,0.67,0.75,1.0,0.67,1.0,1.0,0.67,0.33,1.0,0.0,1.0,0.33,0.0,adq,conservative,,,,,,,,,,,,,1.0,,0.33,0.33,0.67,0.33,0.33,,1.0,0.0,0.33,0.67,0.33,1.0,,0.8,,0.2,0.8,0.6,0.8,0.8,0.8,0.4,0.4,0.83,,0.83
1733,0.2214419990777969,female,60.0,55_64,english,other,graduate,20k_to_40k,employed,6,0.0,single,0.0,2_persons,0.0,both,no_religion,0.5,montreal,type_2,,1.0,1.0,1.0,1.0,0.0,0.67,1.0,adq,liberal,0.0,1.0,0.67,0.33,0.5,1.0,0.67,0.33,0.0,,0.0,1.0,0.0,plq,green,0.76,0.75,0.16,0.8,0.9,0.5,0.2,0.06,0.56,0.8,1.0,0.7,0.0,1.0,0.0,0.67,1.0,0.0,0.33,1.0,,0.0,0.0,1.0,1.0,0.0,1.0,0.8,1.0,0.2,0.4,,0.4,0.4,1.0,1.0,0.8,1.0,0.33,0.17
1734,0.9275031685829164,female,69.0,65_plus,french,canadian_quebecois,college_cegep,,self_employed,6,1.0,widowed,0.0,,0.0,,catholic,1.0,montreal,type_2,,1.0,,,0.67,0.67,0.67,1.0,plq,conservative,1.0,1.0,0.67,,0.5,1.0,0.67,0.33,1.0,0.0,,,,plq,ndp,0.8,0.25,0.6,,0.75,0.8,,0.65,,,,,,,0.0,,0.67,0.33,0.33,1.0,0.67,,0.33,0.67,1.0,,1.0,0.6,,0.2,,0.6,1.0,,1.0,,,1.0,,0.67
1735,1.956773042678833,male,45.0,35_44,french,canadian_quebecois,graduate,60k_to_80k,employed,7,1.0,widowed,1.0,,,,other_religion,0.5,other_regions,type_2,,0.67,0.67,0.33,0.67,0.67,0.33,1.0,pq,liberal,0.33,1.0,0.67,0.33,0.5,0.33,0.67,0.33,,,1.0,0.67,1.0,qs,green,0.05,0.71,0.22,0.95,0.9,0.03,0.22,0.33,0.9,0.69,0.85,0.8,1.0,1.0,0.0,0.33,0.67,0.33,0.67,0.0,1.0,0.0,0.33,1.0,1.0,0.33,,,,,0.4,0.4,0.8,0.8,,,0.4,0.0,0.5,0.5
1736,0.8468688726425171,male,64.0,55_64,french,canadian_quebecois,bachelor,60k_to_80k,,2,1.0,widowed,0.0,3_4_persons,1.0,children_under_18,catholic,0.5,montreal,type_2,,1.0,1.0,0.67,0.67,1.0,1.0,1.0,plq,ndp,0.0,0.75,0.67,0.67,0.5,0.67,0.67,0.67,1.0,0.0,0.0,0.67,1.0,plq,ndp,0.7,0.1,0.3,0.0,0.0,0.6,0.3,0.5,0.0,0.0,0.1,0.8,1.0,0.0,0.0,0.67,0.67,0.33,1.0,1.0,1.0,0.0,0.67,0.67,0.67,1.0,1.0,1.0,1.0,1.0,1.0,1.0,1.0,1.0,1.0,1.0,0.4,1.0,1.0,0.67
1737,0.5248628258705139,female,64.0,55_64,french,canadian_quebecois,high_school,20k_to_40k,self_employed,32,1.0,single,,2_persons,1.0,children_under_18,other_christian,0.5,quebec_city,type_2,,1.0,0.67,0.67,0.67,1.0,0.67,1.0,plq,ndp,0.33,1.0,1.0,0.67,,0.67,0.67,0.33,0.0,,1.0,0.67,1.0,,,,,,,,0.5,,0.8,,,0.8,0.8,0.0,1.0,0.0,0.33,0.67,0.33,0.67,0.67,1.0,0.67,0.67,,0.67,0.33,0.6,0.6,,,0.6,0.6,0.6,0.8,0.6,0.6,0.6,1.0,0.67,0.67
1738,1.517844796180725,male,60.0,55_64,other,other,bachelor,over_150k,employed,26,0.0,widowed,,2_persons,1.0,children_under_18,catholic,,montreal,type_2,,0.67,0.67,0.67,0.67,0.33,0.33,1.0,adq,liberal,0.33,0.75,0.67,0.33,0.5,0.33,0.33,0.67,1.0,0.0,1.0,0.33,1.0,plq,,0.85,0.0,0.2,,,0.8,0.1,0.2,,,0.2,0.8,0.0,1.0,0.0,,0.67,0.33,1.0,1.0,0.33,0.67,0.67,0.67,0.67,0.33,1.0,1.0,,,,,,0.8,,,,,,
1739,0.6322008967399597,male,62.0,55_64,french,canadian_quebecois,college_cegep,40k_to_60k,self_employed,16,1.0,widowed,1.0,5_plus_persons,0.0,no_children,catholic,0.5,montreal,type_2,,1.0,0.67,0.0,0.33,1.0,0.67,1.0,adq,liberal,0.33,0.5,0.0,0.67,0.5,0.67,1.0,0.67,0.0,,0.0,1.0,0.0,plq,ndp,0.8,0.2,0.6,0.0,0.05,0.7,0.35,0.6,0.0,0.0,0.0,0.8,0.0,1.0,0.0,0.67,1.0,0.0,0.33,1.0,0.33,0.0,0.67,1.0,1.0,0.33,1.0,1.0,1.0,0.2,0.4,0.4,1.0,0.6,0.6,1.0,0.6,1.0,1.0,0.67
1740,0.7158807516098022,male,59.0,55_64,french,canadian_quebecois,bachelor,100k_to_120k,self_employed,4,1.0,widowed,1.0,5_plus_persons,0.0,children_18_plus,protestant,0.0,outaouais,type_2,,1.0,0.67,0.33,0.67,1.0,0.33,1.0,adq,conservative,0.67,0.5,0.67,0.33,1.0,0.33,0.67,0.33,0.0,0.0,1.0,0.33,1.0,qs,green,0.6,0.6,0.4,0.8,0.75,0.5,0.5,0.3,0.8,0.7,0.8,0.2,0.0,1.0,0.33,0.33,0.67,0.33,0.33,0.33,1.0,0.0,0.0,0.67,0.67,0.33,,0.4,0.4,0.2,0.6,0.4,0.8,0.8,,,0.4,,0.5,0.5
1741,0.926587700843811,female,26.0,25_34,french,canadian_quebecois,college_cegep,,employed,13,1.0,widowed,1.0,5_plus_persons,,no_children,protestant,0.5,other_regions,type_2,,1.0,0.67,0.33,0.67,0.33,0.67,1.0,plq,other,0.67,0.5,0.67,1.0,1.0,0.67,0.67,0.67,,,1.0,0.33,0.0,pq,ndp,0.5,0.8,0.7,0.2,0.2,0.7,0.7,0.7,,,0.85,0.75,1.0,1.0,0.67,0.0,0.67,0.67,0.33,0.67,1.0,0.33,0.67,,0.67,0.33,,,,,,,,0.8,0.8,,,,,0.67
1742,1.1933574676513672,female,66.0,65_plus,french,canadian_quebecois,college_cegep,40k_to_60k,self_employed,5,1.0,common_law,1.0,2_persons,0.0,no_children,protestant,0.5,other_regions,type_2,,1.0,1.0,0.67,1.0,0.67,0.33,1.0,plq,ndp,0.67,0.75,0.67,0.67,1.0,1.0,1.0,0.33,1.0,,1.0,0.33,1.0,pq,bloc,0.1,0.75,0.3,0.5,0.4,0.1,0.6,0.5,0.75,0.3,0.4,0.4,0.0,1.0,0.67,0.33,1.0,0.33,0.67,0.67,1.0,0.33,0.33,0.67,0.67,0.33,0.8,0.8,0.8,0.2,0.4,0.4,0.8,0.8,0.8,0.6,0.4,0.5,0.5,0.67
1743,0.8826898336410522,male,25.0,18_24,english,canadian_quebecois,college_cegep,20k_to_40k,employed,5,0.0,widowed,1.0,3_4_persons,0.0,no_children,catholic,0.5,monteregie,type_2,,0.67,0.67,1.0,0.0,0.67,1.0,0.0,pq,liberal,0.33,0.75,0.67,1.0,0.5,0.67,0.67,0.33,0.0,1.0,1.0,0.33,0.0,,,0.9,0.0,0.65,0.35,0.15,0.95,0.0,0.5,,,0.25,0.35,0.0,1.0,0.0,0.0,0.67,0.0,0.67,1.0,0.67,1.0,0.33,1.0,0.33,0.0,1.0,1.0,1.0,1.0,1.0,1.0,1.0,1.0,1.0,1.0,1.0,1.0,1.0,1.0
1744,1.1933574676513672,female,,,french,canadian_quebecois,college_cegep,,self_employed,33,1.0,widowed,,,0.0,no_children,,,quebec_city,type_2,1.0,0.67,1.0,1.0,0.67,1.0,0.33,1.0,adq,liberal,0.67,0.75,0.67,0.67,0.0,0.67,0.67,0.33,1.0,0.0,1.0,0.33,0.0,pq,,0.5,0.8,0.25,0.0,0.0,0.1,0.8,0.2,0.1,0.0,0.6,0.7,,,0.0,0.33,0.67,0.33,0.67,0.33,1.0,0.67,,0.67,0.67,0.67,0.8,0.8,,,0.8,0.8,0.8,0.8,,0.8,,0.17,0.83,0.67
1745,1.1798489093780518,female,47.0,45_54,french,canadian_quebecois,high_school,20k_to_40k,homemaker,6,1.0,divorced_separated,,3_4_persons,0.0,no_children,other_christian,0.5,outaouais,type_2,,1.0,1.0,0.67,0.33,0.67,1.0,1.0,adq,liberal,0.0,1.0,0.67,0.67,0.5,1.0,1.0,0.0,1.0,0.0,1.0,0.33,0.0,adq,green,0.02,0.0,0.07,,,0.01,0.01,0.06,,,0.4,0.5,0.0,1.0,0.0,,1.0,0.67,0.33,0.0,,0.33,0.67,0.33,0.33,0.0,0.6,0.6,0.6,0.2,0.4,0.4,0.6,0.6,0.6,0.6,0.6,,0.67,0.67
1746,0.926587700843811,female,31.0,25_34,french,canadian_quebecois,bachelor,60k_to_80k,employed,6,1.0,divorced_separated,1.0,3_4_persons,0.0,children_under_18,catholic,1.0,outaouais,type_2,,1.0,1.0,0.33,0.67,1.0,0.33,0.0,plq,ndp,0.67,0.75,0.33,0.67,0.5,0.33,0.33,0.67,0.0,0.0,,0.67,1.0,,,0.9,0.65,0.4,0.2,0.2,0.85,0.6,0.65,0.5,,0.7,0.9,1.0,1.0,0.0,1.0,0.67,0.33,1.0,0.33,1.0,0.0,0.67,0.67,0.33,0.33,1.0,1.0,1.0,0.2,0.4,1.0,1.0,1.0,1.0,1.0,0.4,1.0,0.5,0.5
1747,1.2265689373016355,female,33.0,25_34,french,canadian_quebecois,high_school,40k_to_60k,retired,24,1.0,widowed,0.0,3_4_persons,1.0,no_children,other_christian,0.5,other_regions,type_2,,1.0,1.0,0.33,1.0,0.67,0.33,1.0,plq,ndp,0.33,0.75,1.0,1.0,1.0,0.67,1.0,0.0,1.0,1.0,1.0,0.33,1.0,adq,green,0.0,0.3,0.9,0.03,0.08,0.0,0.3,1.0,0.5,,0.5,0.5,0.0,1.0,0.0,0.33,1.0,0.67,0.33,0.67,1.0,0.0,1.0,0.67,1.0,0.0,0.6,0.6,,0.2,,0.6,0.8,0.6,,0.6,0.6,0.5,0.67,0.67
1748,0.1564060449600219,male,60.0,55_64,french,canadian_quebecois,bachelor,60k_to_80k,self_employed,3,1.0,widowed,1.0,3_4_persons,0.0,children_18_plus,catholic,0.5,montreal,type_2,,1.0,1.0,1.0,1.0,0.33,1.0,1.0,plq,ndp,0.67,0.0,0.67,0.0,0.5,0.33,0.33,0.67,0.0,,0.0,0.67,0.0,plq,bloc,0.75,0.6,0.6,0.5,0.5,0.6,0.59,0.6,0.59,0.5,0.75,0.65,1.0,1.0,0.33,0.0,0.67,0.33,1.0,1.0,1.0,0.0,0.33,1.0,1.0,0.33,1.0,0.8,1.0,0.4,0.4,0.6,1.0,0.8,0.6,1.0,0.6,1.0,0.67,0.67
1749,1.131169080734253,female,53.0,45_54,french,canadian_quebecois,high_school,60k_to_80k,,2,1.0,married,0.0,1_person,1.0,no_children,protestant,1.0,other_regions,type_2,,1.0,0.67,1.0,1.0,0.67,1.0,1.0,plq,conservative,0.67,0.75,1.0,1.0,1.0,1.0,1.0,0.0,1.0,0.0,1.0,0.0,1.0,pq,ndp,0.0,0.1,0.08,,,0.0,0.06,0.08,,,0.07,0.06,0.0,1.0,1.0,0.67,0.67,1.0,0.67,0.67,1.0,1.0,1.0,0.67,0.67,0.33,0.8,0.8,0.6,0.6,0.8,0.6,0.8,0.8,0.8,0.8,0.8,0.83,0.83,0.67
1750,0.3552634119987488,male,34.0,25_34,french,canadian_quebecois,bachelor,over_150k,employed,3,1.0,divorced_separated,1.0,3_4_persons,0.0,children_under_18,catholic,0.5,quebec_city,type_2,,0.33,0.33,0.67,0.33,0.67,0.67,1.0,adq,bloc,1.0,0.5,0.67,0.33,0.5,0.33,0.33,0.67,0.0,0.0,0.0,0.67,1.0,plq,ndp,0.9,0.15,0.75,0.0,0.1,0.85,0.1,0.85,0.0,0.1,0.0,0.85,,0.0,1.0,0.0,0.67,0.0,0.33,1.0,0.33,0.33,1.0,0.33,1.0,1.0,1.0,1.0,1.0,0.2,0.4,0.6,1.0,1.0,1.0,0.6,0.6,1.0,0.67,0.67
1751,1.2277785539627075,female,75.0,65_plus,french,canadian_quebecois,bachelor,under_20k,self_employed,25,1.0,widowed,0.0,5_plus_persons,0.0,no_children,protestant,1.0,quebec_city,type_2,,0.67,0.67,0.67,0.67,1.0,0.0,1.0,plq,bloc,1.0,1.0,1.0,1.0,1.0,1.0,0.33,0.33,1.0,0.0,0.0,0.33,0.0,pq,ndp,0.5,0.75,0.5,,,0.6,0.5,0.75,,,0.1,0.5,0.0,1.0,0.67,0.67,1.0,0.67,0.33,0.67,1.0,0.33,0.33,0.33,0.67,0.33,0.8,0.6,0.6,0.6,0.6,0.6,0.8,0.8,0.8,0.6,0.6,0.83,,0.67
1752,0.4079344272613525,female,58.0,55_64,french,canadian_quebecois,bachelor,100k_to_120k,employed,16,1.0,widowed,1.0,3_4_persons,0.0,children_18_plus,,,,type_2,0.0,0.67,0.67,0.67,1.0,0.67,0.33,1.0,adq,liberal,0.67,0.75,0.67,0.33,,1.0,1.0,0.33,1.0,1.0,1.0,0.33,1.0,,,0.2,0.2,0.2,0.25,0.35,0.2,0.2,0.15,0.3,0.3,0.5,0.7,0.0,1.0,0.33,1.0,0.67,0.67,0.67,0.33,1.0,0.33,0.67,0.67,0.67,0.33,,,,0.2,0.4,,,,,,,,0.33,
1753,2.080836057662964,female,,,other,other,college_cegep,,employed,6,0.0,widowed,0.0,1_person,1.0,no_children,catholic,0.5,montreal,type_2,,1.0,1.0,1.0,1.0,0.67,1.0,1.0,plq,ndp,0.67,1.0,1.0,0.67,0.5,0.67,0.67,0.33,0.0,1.0,,0.67,,,,0.75,0.0,0.5,,,0.65,,0.5,,,0.55,0.35,,,0.0,,1.0,0.33,1.0,1.0,0.33,0.0,0.0,0.67,1.0,0.0,1.0,1.0,1.0,1.0,,1.0,1.0,0.6,1.0,1.0,1.0,1.0,,0.67
1754,1.5382611751556396,male,70.0,65_plus,french,canadian_quebecois,elementary,under_20k,self_employed,26,1.0,widowed,0.0,5_plus_persons,0.0,no_children,protestant,0.5,quebec_city,type_2,,0.0,0.0,0.0,0.33,1.0,0.0,1.0,plq,other,0.67,1.0,0.0,0.0,1.0,1.0,1.0,0.0,1.0,1.0,1.0,0.0,1.0,adq,conservative,0.1,0.9,0.91,,0.5,0.01,0.8,0.9,,,0.0,0.5,0.0,1.0,1.0,0.0,,0.33,0.67,0.67,1.0,0.33,0.0,0.0,0.0,0.0,0.6,0.6,0.6,0.6,0.6,0.6,0.8,0.8,0.6,0.6,0.6,0.0,0.67,0.67
1755,0.1930409371852874,male,70.0,65_plus,other,canadian_quebecois,bachelor,100k_to_120k,self_employed,12,1.0,divorced_separated,,2_persons,1.0,children_under_18,other_christian,0.5,quebec_city,type_2,,0.67,1.0,1.0,0.33,0.33,1.0,0.0,plq,ndp,0.33,0.5,0.33,0.67,0.5,1.0,1.0,0.0,1.0,1.0,1.0,0.33,1.0,,,0.08,0.05,0.9,0.0,0.0,0.1,0.0,0.8,,,0.02,0.6,0.0,,0.0,0.33,1.0,1.0,0.67,0.0,1.0,0.33,1.0,0.33,0.67,0.33,0.6,0.6,0.6,0.6,0.6,0.6,0.6,0.6,0.6,0.6,0.6,0.67,0.67,0.67
1756,0.2998551428318023,female,65.0,55_64,french,canadian_quebecois,college_cegep,20k_to_40k,,3,1.0,widowed,1.0,3_4_persons,0.0,children_under_18,other_religion,0.0,,type_2,,1.0,0.67,0.67,0.33,0.33,0.67,1.0,plq,ndp,0.33,0.75,1.0,0.0,,0.33,0.67,0.33,1.0,0.0,,0.33,1.0,qs,,0.1,0.5,0.7,0.9,0.5,0.1,0.1,0.4,0.4,,0.5,0.3,,1.0,0.33,0.67,,0.67,0.33,0.33,,,,0.33,,0.0,0.4,0.6,0.4,0.6,0.4,0.6,,,0.6,0.4,0.4,,0.67,0.5
1757,0.7802807092666626,male,72.0,65_plus,english,canadian_quebecois,bachelor,20k_to_40k,self_employed,6,0.0,widowed,,2_persons,0.0,children_under_18,catholic,0.5,montreal,type_2,,1.0,0.67,0.33,0.67,0.67,1.0,1.0,adq,liberal,1.0,0.5,0.33,0.67,0.5,0.33,0.33,0.67,0.0,,0.0,0.67,0.0,,,0.8,0.0,0.3,0.0,0.2,0.9,0.0,0.4,0.1,0.4,0.1,0.9,0.0,1.0,0.0,0.33,0.67,0.0,0.33,1.0,0.33,0.67,0.67,0.67,0.67,1.0,1.0,1.0,1.0,1.0,1.0,1.0,1.0,1.0,1.0,1.0,1.0,1.0,1.0,1.0
1758,0.4079344272613525,female,61.0,55_64,french,canadian_quebecois,bachelor,20k_to_40k,self_employed,16,1.0,divorced_separated,1.0,5_plus_persons,0.0,no_children,other_religion,1.0,outaouais,type_2,,0.67,0.33,0.0,0.33,0.0,0.0,1.0,plq,ndp,0.33,0.0,0.33,0.0,0.5,1.0,1.0,0.0,1.0,0.0,1.0,0.67,1.0,qs,green,0.0,0.3,0.1,0.8,0.1,0.0,0.55,0.6,0.9,0.2,1.0,0.6,0.0,1.0,0.0,0.67,1.0,0.67,0.67,0.33,1.0,0.0,0.0,0.67,0.67,0.0,0.4,0.4,0.4,0.2,0.4,0.8,0.4,0.4,0.4,,0.4,0.0,0.5,0.67
1759,2.061872959136963,male,24.0,18_24,french,canadian_quebecois,bachelor,20k_to_40k,employed,6,1.0,divorced_separated,1.0,3_4_persons,0.0,children_under_18,other_christian,1.0,quebec_city,type_2,,0.67,1.0,0.67,0.67,0.67,0.33,0.0,qs,ndp,0.33,0.75,0.67,0.0,0.5,0.67,0.67,0.33,1.0,0.0,1.0,0.33,1.0,,,0.5,0.1,0.9,0.0,0.6,0.65,0.35,0.85,0.35,,0.0,0.5,0.0,1.0,0.67,0.33,0.0,0.33,0.33,0.0,1.0,0.33,1.0,0.33,0.33,0.67,0.6,0.6,0.6,0.2,0.6,0.6,0.6,0.6,0.8,0.6,,0.67,0.67,0.67
1760,0.9275031685829164,female,65.0,55_64,french,canadian_quebecois,high_school,,self_employed,13,1.0,widowed,0.0,2_persons,1.0,no_children,,,other_regions,type_2,0.0,1.0,0.67,0.67,0.67,0.67,0.33,1.0,plq,ndp,0.33,0.75,0.67,1.0,1.0,1.0,0.67,0.0,1.0,1.0,1.0,0.67,1.0,adq,conservative,0.25,0.5,0.7,0.02,0.05,0.0,0.4,0.7,,,0.0,0.5,1.0,0.0,0.0,0.67,0.67,0.67,0.33,0.33,1.0,0.33,0.67,,0.33,0.0,0.6,0.6,0.6,,0.6,0.6,0.6,0.6,,0.6,0.6,0.67,,0.67
1761,1.330445408821106,female,19.0,18_24,french,canadian_quebecois,college_cegep,under_20k,,14,1.0,widowed,1.0,3_4_persons,0.0,no_children,other_christian,1.0,monteregie,type_2,,0.67,1.0,0.67,0.33,0.33,0.33,1.0,adq,liberal,0.67,0.75,0.33,0.33,,0.67,0.67,0.33,1.0,1.0,1.0,0.33,0.0,adq,liberal,0.4,0.1,0.6,0.0,0.0,0.4,0.0,0.8,,,0.9,0.6,0.0,,0.33,0.0,0.33,0.33,0.33,0.33,1.0,,0.67,0.0,,0.0,0.6,,,0.2,0.6,,0.6,0.8,,,0.6,0.67,0.67,0.67
1762,1.828485131263733,male,48.0,45_54,french,canadian_quebecois,bachelor,20k_to_40k,employed,6,1.0,divorced_separated,1.0,2_persons,0.0,children_under_18,other_religion,0.5,other_regions,type_2,,1.0,0.67,1.0,0.67,0.33,1.0,1.0,adq,conservative,0.33,1.0,1.0,0.67,1.0,0.67,0.67,0.33,1.0,0.0,1.0,0.33,1.0,qs,green,0.15,0.4,0.35,0.75,0.7,0.15,0.0,0.35,0.6,0.7,0.8,0.5,0.0,1.0,0.67,0.33,0.67,0.0,0.67,0.67,1.0,0.0,0.33,0.67,0.67,0.0,0.4,0.4,0.6,0.2,0.4,0.4,0.4,0.6,0.4,0.6,0.4,0.67,0.33,0.67
1763,0.926587700843811,female,26.0,25_34,french,canadian_quebecois,high_school,under_20k,employed,16,1.0,divorced_separated,1.0,,1.0,no_children,protestant,0.5,other_regions,type_2,,1.0,0.67,0.33,1.0,1.0,0.67,1.0,plq,ndp,0.33,0.75,1.0,1.0,1.0,0.67,0.67,0.33,1.0,1.0,,0.67,1.0,adq,conservative,0.0,0.75,0.9,,0.75,0.05,0.75,0.9,,,0.25,0.6,0.0,1.0,0.67,,1.0,0.33,,0.67,1.0,0.33,1.0,0.67,,0.33,,0.6,,0.2,,0.6,0.6,0.8,0.6,,,0.67,0.67,0.67
1764,0.8478164076805115,female,50.0,45_54,english,canadian_quebecois,high_school,under_20k,student,26,1.0,widowed,0.0,3_4_persons,1.0,no_children,protestant,1.0,other_regions,type_2,,0.33,0.0,0.0,0.0,0.67,0.33,1.0,qs,,0.67,1.0,1.0,0.0,1.0,1.0,1.0,0.0,1.0,1.0,1.0,0.0,0.0,pq,liberal,0.4,0.95,0.3,0.5,0.3,0.4,0.95,0.2,0.2,0.2,0.0,0.8,0.0,1.0,0.67,0.33,0.67,0.67,0.67,0.33,1.0,0.0,0.67,0.67,0.0,0.0,0.8,0.8,1.0,1.0,0.8,0.8,0.8,0.8,0.8,0.8,0.8,0.83,0.83,0.83
1765,0.2214419990777969,female,60.0,55_64,english,canadian_quebecois,graduate,over_150k,employed,6,0.0,single,1.0,1_person,1.0,both,catholic,0.5,montreal,type_2,,1.0,1.0,1.0,1.0,0.67,1.0,1.0,pq,liberal,1.0,1.0,0.67,1.0,0.5,0.67,0.67,0.0,0.0,1.0,1.0,0.33,0.0,plq,,0.75,0.0,0.0,0.0,0.25,0.75,0.0,0.0,,0.05,0.0,0.5,0.0,1.0,0.0,0.67,0.67,0.33,0.33,1.0,1.0,0.0,1.0,1.0,1.0,0.67,1.0,1.0,1.0,1.0,1.0,1.0,1.0,1.0,1.0,1.0,1.0,1.0,1.0,0.17
1766,0.4523656964302063,male,48.0,45_54,french,canadian_quebecois,bachelor,80k_to_100k,employed,12,1.0,widowed,0.0,3_4_persons,0.0,children_under_18,other_christian,0.5,outaouais,type_2,,0.67,0.67,0.67,1.0,0.33,0.33,1.0,pq,bloc,0.0,0.75,0.33,0.0,0.5,0.33,0.67,0.33,0.0,0.0,1.0,0.33,1.0,adq,green,0.55,0.35,0.8,0.05,0.8,0.6,0.5,0.75,,,0.6,0.45,0.0,1.0,0.0,,0.33,0.67,1.0,0.33,0.33,0.0,0.67,0.67,1.0,0.0,0.8,0.6,0.6,0.2,1.0,1.0,0.8,0.8,0.6,0.6,0.6,1.0,0.67,0.67
1767,0.8883579969406128,female,26.0,25_34,french,canadian_quebecois,bachelor,under_20k,employed,2,1.0,divorced_separated,,,0.0,no_children,other_christian,0.5,monteregie,type_2,,1.0,0.67,0.67,0.33,0.33,0.67,1.0,other,liberal,0.67,0.75,1.0,1.0,0.5,0.33,0.67,0.33,1.0,1.0,,0.67,,,,0.65,0.65,0.9,0.0,0.0,0.5,0.5,0.9,0.0,,0.75,0.6,0.0,1.0,0.67,,1.0,0.0,0.33,,,0.33,0.67,0.33,0.67,0.0,,,0.6,0.2,0.6,0.6,1.0,,0.6,0.6,1.0,0.67,0.67,0.67
1768,2.216895818710327,female,39.0,35_44,french,canadian_quebecois,college_cegep,under_20k,employed,4,1.0,divorced_separated,0.0,,1.0,no_children,protestant,1.0,other_regions,type_2,,0.67,0.67,0.33,0.67,1.0,0.67,1.0,plq,other,0.67,0.75,0.67,,1.0,1.0,1.0,0.33,1.0,1.0,1.0,0.33,,pq,,0.0,1.0,0.1,,,0.0,0.5,0.1,,,0.51,0.51,0.0,,1.0,0.67,0.67,0.67,0.33,0.67,1.0,,0.33,0.67,0.67,0.33,0.8,0.8,,0.8,0.8,0.8,0.8,0.8,0.8,0.8,0.8,0.83,0.83,
1769,0.2998551428318023,female,70.0,65_plus,french,canadian_quebecois,high_school,under_20k,self_employed,3,1.0,married,0.0,1_person,1.0,no_children,catholic,0.5,montreal,type_2,,1.0,1.0,,0.67,1.0,1.0,1.0,plq,bloc,1.0,1.0,,0.33,0.5,,0.67,0.67,1.0,,,0.67,1.0,plq,,0.99,0.0,0.05,0.05,0.05,0.99,0.05,0.05,0.05,,0.0,,,,0.0,,1.0,,1.0,1.0,1.0,0.67,0.67,0.67,,1.0,1.0,1.0,1.0,1.0,1.0,,1.0,1.0,1.0,1.0,1.0,1.0,,
1770,0.2214419990777969,female,63.0,55_64,english,canadian_quebecois,bachelor,20k_to_40k,self_employed,6,0.0,widowed,1.0,5_plus_persons,0.0,both,catholic,0.5,montreal,type_2,,1.0,1.0,1.0,1.0,1.0,0.33,1.0,plq,conservative,0.33,1.0,0.67,0.67,0.5,0.67,1.0,0.33,1.0,,0.0,0.67,0.0,plq,,0.8,0.2,0.2,,0.75,0.75,0.3,0.3,,,0.5,1.0,1.0,1.0,0.0,0.67,0.67,0.33,0.33,1.0,1.0,1.0,0.67,0.67,1.0,0.33,,1.0,1.0,1.0,,,1.0,1.0,1.0,1.0,,1.0,0.0,0.17
1771,0.4523656964302063,male,53.0,45_54,french,canadian_quebecois,bachelor,60k_to_80k,employed,12,1.0,divorced_separated,,,1.0,,catholic,0.5,quebec_city,type_2,,0.67,0.67,0.67,0.67,0.33,0.33,1.0,other,conservative,0.0,0.75,0.67,0.67,0.5,1.0,1.0,0.33,0.0,,1.0,0.67,1.0,plq,bloc,0.6,0.4,0.45,0.0,0.2,0.5,0.1,,,,0.25,0.55,1.0,0.0,0.0,0.67,0.67,0.67,1.0,0.33,1.0,0.0,0.67,0.33,1.0,0.33,1.0,0.6,1.0,1.0,0.6,1.0,1.0,1.0,1.0,1.0,0.6,1.0,1.0,0.67
1772,0.4079344272613525,female,58.0,55_64,french,canadian_quebecois,bachelor,20k_to_40k,employed,6,1.0,widowed,1.0,5_plus_persons,0.0,children_18_plus,protestant,1.0,other_regions,type_2,,1.0,1.0,0.67,0.67,0.67,0.33,1.0,plq,bloc,1.0,1.0,0.33,0.0,1.0,0.67,1.0,0.0,1.0,0.0,1.0,0.33,1.0,pq,bloc,0.4,0.7,0.6,0.6,0.25,0.0,0.45,0.0,0.75,0.15,0.7,0.75,0.0,1.0,0.33,0.67,0.67,0.33,0.67,0.67,1.0,0.0,0.0,0.67,0.33,0.33,0.8,0.8,0.4,0.4,0.4,0.8,0.8,0.8,0.8,0.8,0.4,0.5,0.5,0.5
1773,1.956773042678833,male,53.0,45_54,french,canadian_quebecois,high_school,60k_to_80k,employed,26,1.0,single,0.0,1_person,1.0,no_children,other_christian,0.5,quebec_city,type_2,,1.0,0.67,0.33,0.33,0.67,0.67,1.0,plq,,0.33,0.5,0.67,0.67,0.5,0.0,0.67,0.33,1.0,1.0,1.0,0.0,1.0,adq,green,0.1,0.2,0.95,0.3,0.9,0.08,0.07,0.92,0.2,0.8,0.7,0.75,1.0,0.0,0.0,0.67,0.67,0.67,0.33,0.0,1.0,0.33,0.67,0.67,0.67,1.0,0.6,0.6,0.6,0.6,0.6,0.6,0.6,0.6,0.6,0.6,0.6,0.67,0.67,0.67
1774,1.4374099969863892,male,67.0,65_plus,french,canadian_quebecois,graduate,80k_to_100k,self_employed,6,,widowed,1.0,5_plus_persons,0.0,children_18_plus,other_religion,1.0,other_regions,type_2,,1.0,0.67,0.33,0.33,1.0,0.67,1.0,adq,bloc,1.0,0.0,0.67,0.67,1.0,0.0,0.0,0.67,1.0,0.0,1.0,0.67,1.0,qs,conservative,0.2,0.7,0.15,0.75,0.65,0.12,0.65,0.12,0.7,0.25,0.8,0.45,0.0,1.0,0.67,0.67,0.67,0.0,0.67,0.67,1.0,0.0,0.0,0.67,0.33,0.0,1.0,0.8,0.8,0.2,0.4,0.4,0.8,0.8,0.6,0.8,0.4,0.17,0.5,0.5
1775,0.5570399761199951,female,35.0,25_34,french,canadian_quebecois,bachelor,under_20k,employed,3,1.0,widowed,0.0,5_plus_persons,,children_under_18,protestant,1.0,other_regions,type_2,,0.33,0.67,0.33,1.0,0.67,0.67,1.0,plq,conservative,1.0,0.75,0.67,0.33,1.0,0.67,0.67,0.33,1.0,0.0,1.0,0.33,0.0,pq,bloc,0.0,0.95,0.5,0.7,0.7,0.0,0.7,0.25,0.25,0.25,0.7,0.4,0.0,1.0,1.0,0.33,0.67,0.33,0.33,0.67,1.0,0.0,0.67,0.33,0.33,0.0,0.8,0.8,0.8,0.8,0.8,0.6,0.8,0.8,0.8,,0.4,,,
1776,1.5180344581604004,female,50.0,45_54,french,canadian_quebecois,college_cegep,40k_to_60k,employed,5,1.0,widowed,,2_persons,0.0,children_under_18,protestant,0.0,other_regions,type_2,,1.0,0.67,1.0,1.0,0.33,0.67,1.0,pq,ndp,0.67,1.0,1.0,0.67,1.0,0.67,0.33,0.0,1.0,0.0,1.0,0.33,,pq,ndp,0.0,0.7,0.6,1.0,0.9,0.0,0.85,0.55,0.98,0.7,0.7,0.8,0.0,1.0,0.33,0.33,1.0,0.67,0.67,0.67,1.0,0.0,0.67,0.67,0.33,0.0,0.8,0.8,0.4,0.2,0.4,0.4,0.8,0.8,0.4,0.8,0.4,0.83,0.5,0.5
1777,0.4079344272613525,female,57.0,55_64,french,canadian_quebecois,college_cegep,over_150k,employed,14,1.0,widowed,1.0,,0.0,no_children,other_christian,1.0,other_regions,type_2,,1.0,0.67,0.67,0.67,0.67,0.0,1.0,plq,ndp,0.0,0.75,0.67,1.0,0.5,0.33,0.67,0.0,1.0,1.0,1.0,0.67,0.0,adq,bloc,0.8,0.2,0.8,,,0.7,0.1,0.8,0.5,,0.5,0.5,1.0,1.0,0.0,0.67,0.67,0.33,0.33,0.0,1.0,0.67,1.0,0.67,0.67,0.0,0.6,0.6,0.6,,,0.6,0.6,,,,0.6,,0.5,0.67
1778,0.2214419990777969,female,63.0,55_64,english,canadian_quebecois,high_school,under_20k,employed,6,1.0,married,0.0,2_persons,1.0,no_children,other_religion,0.5,other_regions,type_2,,1.0,0.67,0.67,1.0,0.67,0.33,1.0,adq,liberal,0.67,1.0,0.67,1.0,0.5,1.0,1.0,0.67,1.0,1.0,1.0,0.33,1.0,other,liberal,,,,,,,,,,,,,1.0,1.0,0.0,0.33,0.67,0.67,0.33,1.0,1.0,1.0,0.67,0.67,0.33,0.0,0.8,0.8,1.0,0.8,1.0,1.0,0.8,0.8,0.8,1.0,0.8,1.0,0.83,0.67
1779,0.2998551428318023,female,73.0,65_plus,french,canadian_quebecois,high_school,under_20k,self_employed,3,1.0,divorced_separated,1.0,,1.0,no_children,protestant,0.5,other_regions,type_2,,1.0,1.0,0.67,1.0,1.0,0.33,1.0,plq,ndp,0.67,0.75,0.67,0.33,1.0,0.33,0.67,0.33,1.0,1.0,0.0,0.67,0.0,pq,,0.2,0.8,0.5,0.4,0.4,0.0,0.8,0.6,0.8,,0.6,0.8,0.0,1.0,0.67,,0.67,0.33,0.33,0.67,1.0,,0.67,0.67,0.67,0.33,,0.8,,0.2,0.4,,0.8,0.8,,,0.4,0.83,0.5,0.5
1780,1.7230206727981567,female,41.0,35_44,french,other,bachelor,20k_to_40k,employed,16,1.0,widowed,0.0,3_4_persons,0.0,children_18_plus,catholic,0.5,montreal,type_2,,1.0,1.0,1.0,1.0,0.67,0.67,0.0,qs,liberal,0.33,1.0,1.0,0.67,0.5,0.67,0.67,0.33,1.0,1.0,1.0,0.67,1.0,,,0.07,0.0,0.2,,0.8,0.5,0.0,0.4,,,0.0,0.6,0.0,1.0,0.0,0.67,0.67,0.33,0.67,1.0,0.67,1.0,0.33,0.67,0.0,0.0,,,,,,,0.6,0.6,0.6,1.0,,,,1.0
1781,0.7158807516098022,male,57.0,55_64,french,canadian_quebecois,high_school,40k_to_60k,student,17,1.0,divorced_separated,0.0,2_persons,1.0,no_children,catholic,0.0,monteregie,type_2,,1.0,0.67,0.33,0.33,0.67,1.0,1.0,plq,ndp,1.0,0.5,0.67,0.67,0.5,1.0,1.0,0.33,1.0,0.0,1.0,0.33,1.0,plq,ndp,0.7,0.35,0.65,,,0.8,0.3,0.65,,,0.4,0.8,0.0,1.0,0.0,0.67,0.33,0.67,1.0,1.0,1.0,0.67,0.67,0.67,0.67,0.0,1.0,1.0,,,1.0,0.6,1.0,,,1.0,,1.0,1.0,0.67
1782,1.5367439985275269,male,28.0,25_34,french,canadian_quebecois,college_cegep,under_20k,employed,26,1.0,widowed,1.0,5_plus_persons,1.0,children_under_18,protestant,0.5,other_regions,type_2,,0.67,1.0,0.67,1.0,0.67,0.0,1.0,adq,liberal,0.67,0.5,0.33,0.67,1.0,0.67,1.0,0.33,1.0,0.0,1.0,0.33,1.0,pq,ndp,0.2,0.8,0.7,0.6,0.6,0.6,0.65,0.8,,,0.3,0.5,0.0,1.0,0.67,0.67,0.67,0.67,0.33,0.67,1.0,0.0,0.33,0.33,0.67,0.33,0.8,0.6,,0.2,0.8,0.8,,0.8,0.8,,1.0,,0.83,0.67
1783,0.926587700843811,female,25.0,18_24,french,canadian_quebecois,bachelor,20k_to_40k,retired,6,1.0,widowed,1.0,,0.0,children_under_18,other_religion,0.5,outaouais,type_2,,1.0,1.0,0.33,1.0,1.0,0.33,1.0,adq,liberal,0.67,0.75,0.67,0.67,1.0,0.33,0.67,0.33,1.0,0.0,1.0,0.33,1.0,qs,conservative,0.45,0.6,0.35,0.85,0.7,0.2,0.45,0.15,0.55,0.2,0.75,0.75,0.0,1.0,0.0,0.33,0.67,0.0,0.33,0.0,1.0,0.0,0.33,0.67,0.67,0.33,0.4,0.4,1.0,0.4,0.4,0.4,0.4,0.4,0.4,1.0,0.4,,0.5,0.67
1784,0.9925715327262878,male,49.0,45_54,english,canadian_quebecois,bachelor,100k_to_120k,employed,6,0.0,divorced_separated,1.0,3_4_persons,0.0,both,other_religion,0.5,outaouais,type_2,,0.67,0.67,1.0,0.67,1.0,0.0,1.0,,bloc,0.67,1.0,0.67,0.0,0.5,0.67,0.67,0.33,1.0,,1.0,0.0,1.0,plq,bloc,0.5,0.3,0.0,0.75,0.2,0.15,0.0,0.0,0.2,0.2,0.5,0.75,1.0,1.0,0.0,0.33,0.67,0.0,1.0,1.0,1.0,0.0,0.33,1.0,1.0,0.33,0.4,0.4,0.4,0.4,0.4,0.4,0.4,0.4,0.4,0.4,0.4,0.17,0.33,0.17
1785,0.5400015711784363,female,61.0,55_64,french,canadian_quebecois,high_school,20k_to_40k,employed,25,1.0,widowed,,5_plus_persons,0.0,no_children,protestant,0.0,other_regions,type_2,,1.0,0.67,0.0,0.67,0.67,0.0,1.0,plq,conservative,1.0,0.5,0.33,1.0,1.0,1.0,0.67,0.33,1.0,,,0.33,1.0,pq,ndp,0.05,0.08,0.08,0.0,0.0,,0.2,0.5,,,,0.5,0.0,1.0,1.0,1.0,0.67,1.0,0.33,0.67,1.0,0.67,1.0,0.33,1.0,0.33,0.8,0.8,0.6,0.6,0.6,0.6,0.8,0.8,0.8,0.6,0.6,1.0,,0.67
1786,3.44765853881836,male,32.0,25_34,other,other_european,graduate,under_20k,student,7,1.0,single,0.0,2_persons,1.0,both,,,montreal,type_2,1.0,1.0,1.0,1.0,0.67,0.33,0.33,1.0,qs,ndp,0.0,1.0,0.67,0.0,0.5,0.67,1.0,0.33,1.0,0.0,1.0,0.0,1.0,plq,,0.65,0.3,0.0,0.5,0.5,0.2,0.3,0.0,0.2,,0.1,0.2,0.0,1.0,0.0,0.0,0.33,0.67,0.67,1.0,0.67,0.0,0.0,0.67,1.0,0.0,1.0,0.8,1.0,0.2,0.4,0.8,1.0,1.0,1.0,1.0,0.4,0.83,0.83,0.17
1787,1.7230206727981567,female,40.0,35_44,french,canadian_quebecois,high_school,20k_to_40k,employed,6,0.0,single,1.0,2_persons,0.0,no_children,catholic,0.0,montreal,type_2,,0.67,0.67,0.67,0.67,0.67,1.0,1.0,plq,ndp,0.67,0.75,1.0,0.67,0.5,0.67,1.0,0.33,1.0,1.0,1.0,0.33,1.0,plq,,0.6,0.0,0.4,0.0,0.0,0.6,0.3,0.3,,,0.0,0.75,1.0,,0.0,0.67,1.0,0.0,1.0,1.0,0.33,1.0,0.33,0.67,1.0,0.33,0.6,1.0,1.0,1.0,1.0,1.0,1.0,1.0,1.0,1.0,,1.0,0.67,0.67
1788,0.1318823248147964,female,57.0,55_64,french,canadian_quebecois,high_school,under_20k,,3,1.0,divorced_separated,1.0,3_4_persons,,children_18_plus,,,other_regions,type_2,0.0,1.0,1.0,1.0,1.0,0.67,0.67,1.0,plq,ndp,0.67,1.0,1.0,0.0,1.0,0.67,1.0,0.0,1.0,1.0,1.0,0.33,,other,conservative,0.01,0.05,0.01,,0.08,0.0,0.0,0.01,0.05,,0.05,,0.0,1.0,1.0,0.0,0.67,1.0,0.33,0.0,1.0,0.0,,0.0,0.33,0.67,,0.8,,0.2,0.4,0.4,0.8,0.8,,,,0.17,0.5,0.5
1789,1.5618207454681396,female,45.0,35_44,french,canadian_quebecois,college_cegep,20k_to_40k,,24,1.0,common_law,0.0,,0.0,no_children,other_christian,0.5,other_regions,type_2,,1.0,0.67,0.33,0.33,0.67,0.33,1.0,adq,liberal,0.33,0.5,0.67,0.67,1.0,0.67,0.67,0.33,1.0,0.0,1.0,0.67,1.0,adq,,0.03,0.05,0.08,0.05,0.03,0.04,0.02,0.08,,,0.5,0.5,,,0.33,0.0,0.67,,0.67,0.33,1.0,0.33,0.67,0.67,0.67,0.33,0.6,0.6,0.6,0.2,0.6,0.6,0.8,0.8,0.6,0.6,0.6,0.67,0.67,0.67
1790,1.1933574676513672,female,76.0,65_plus,french,canadian_quebecois,college_cegep,,self_employed,5,1.0,,,,0.0,no_children,other_christian,1.0,other_regions,type_2,,1.0,1.0,1.0,0.67,0.67,0.67,1.0,plq,bloc,0.33,1.0,1.0,0.67,,1.0,1.0,0.33,1.0,1.0,1.0,0.67,1.0,adq,green,0.4,0.5,0.8,0.45,0.6,0.3,0.6,0.85,0.65,,0.65,0.5,0.0,1.0,0.0,,,0.67,0.67,0.0,1.0,0.67,,,0.67,0.0,0.6,0.6,0.6,,0.6,0.6,0.6,0.6,,0.6,0.6,,0.67,0.67
1791,0.6322008967399597,male,60.0,55_64,french,canadian_quebecois,bachelor,20k_to_40k,self_employed,6,1.0,divorced_separated,1.0,3_4_persons,0.0,children_under_18,protestant,0.5,other_regions,type_2,,1.0,1.0,0.33,0.67,0.67,1.0,1.0,adq,liberal,1.0,0.5,0.67,0.67,1.0,0.67,0.67,0.33,0.0,0.0,0.0,0.33,1.0,pq,ndp,0.25,0.8,0.5,0.0,0.5,0.0,0.75,0.5,0.0,0.5,1.0,0.5,0.0,1.0,1.0,0.67,0.33,0.67,0.67,0.67,1.0,0.0,0.0,0.33,0.67,0.33,0.8,0.8,0.8,0.8,0.8,0.8,0.8,0.8,0.8,0.8,0.8,0.83,0.83,0.83
1792,1.1933574676513672,female,65.0,55_64,french,canadian_quebecois,college_cegep,,unemployed,17,1.0,widowed,,1_person,1.0,no_children,,,montreal,type_2,0.0,1.0,0.67,0.33,0.67,0.33,0.33,1.0,plq,bloc,0.0,1.0,0.33,1.0,0.5,1.0,1.0,0.0,1.0,0.0,1.0,0.67,1.0,,,0.4,0.1,0.7,0.0,0.0,0.3,0.0,0.7,,,,0.5,,,0.0,0.33,0.67,0.33,0.33,0.0,1.0,0.67,0.33,,1.0,0.33,1.0,0.6,,0.2,0.6,0.6,,1.0,0.6,1.0,0.6,1.0,0.67,0.67
1793,1.5618207454681396,female,46.0,45_54,french,canadian_quebecois,graduate,,employed,7,1.0,divorced_separated,1.0,,0.0,children_under_18,catholic,0.0,montreal,type_2,,1.0,1.0,0.67,0.67,0.67,0.67,1.0,plq,ndp,0.67,0.75,0.33,1.0,0.5,0.67,0.67,0.33,1.0,0.0,0.0,0.67,0.0,plq,,0.07,0.05,0.05,0.03,0.04,0.07,0.02,0.04,0.02,0.02,0.4,0.8,1.0,,0.0,0.0,0.67,0.33,0.33,1.0,0.33,,0.67,0.33,0.33,0.0,1.0,,,,,,1.0,,,,,0.17,0.17,
1794,1.7230206727981567,female,43.0,35_44,french,canadian_quebecois,college_cegep,40k_to_60k,employed,13,1.0,divorced_separated,,,0.0,children_under_18,protestant,0.5,other_regions,type_2,,1.0,1.0,0.67,0.67,0.67,0.33,1.0,plq,ndp,0.33,0.75,0.67,0.67,1.0,0.67,0.67,0.33,1.0,0.0,1.0,0.67,1.0,adq,conservative,0.45,0.75,0.85,,,0.25,0.45,0.6,,,0.8,0.7,0.0,0.0,0.67,0.67,0.67,0.67,0.33,0.33,1.0,,0.67,0.67,0.33,0.33,0.6,0.6,,0.2,,0.6,0.6,0.6,0.6,0.6,0.6,0.67,0.67,0.67
1795,0.6322008967399597,male,63.0,55_64,french,canadian_quebecois,high_school,20k_to_40k,employed,6,1.0,widowed,0.0,5_plus_persons,1.0,no_children,protestant,0.0,monteregie,type_2,,1.0,0.67,0.33,0.67,0.67,0.33,1.0,plq,ndp,0.67,0.5,1.0,1.0,1.0,0.67,1.0,0.0,1.0,1.0,1.0,0.67,1.0,adq,green,0.4,0.4,0.7,0.01,0.5,,,,,,0.01,0.8,1.0,0.0,0.67,0.33,1.0,1.0,0.33,0.67,1.0,0.0,0.0,0.33,1.0,0.0,0.6,0.8,0.6,0.6,0.6,0.6,0.6,0.6,1.0,0.6,0.6,1.0,0.67,0.17
1796,0.926587700843811,female,28.0,25_34,french,canadian_quebecois,graduate,20k_to_40k,employed,16,1.0,divorced_separated,1.0,3_4_persons,,children_under_18,,,outaouais,type_2,0.0,1.0,0.67,0.67,0.67,0.33,0.33,0.0,plq,ndp,0.0,0.75,0.67,0.33,0.5,0.67,0.67,0.33,0.0,,,0.67,1.0,,,0.5,0.5,0.5,0.2,0.2,0.5,0.3,0.5,0.2,,0.5,0.8,,1.0,0.0,0.0,0.67,0.67,0.33,0.33,1.0,0.0,0.67,0.67,0.33,0.33,,,,,,0.6,,,,,,0.17,,
1797,0.6606233716011047,male,40.0,35_44,french,canadian_quebecois,college_cegep,over_150k,employed,3,1.0,widowed,0.0,5_plus_persons,0.0,no_children,other_christian,1.0,quebec_city,type_2,,0.67,0.67,0.67,0.33,0.67,1.0,1.0,pq,bloc,0.0,0.75,1.0,0.0,0.5,0.67,1.0,0.0,1.0,1.0,1.0,0.33,1.0,,,0.4,0.1,1.0,0.0,0.0,0.5,0.0,1.0,0.0,,0.0,1.0,,0.0,0.0,0.67,1.0,0.33,0.33,1.0,0.67,0.67,1.0,0.33,0.33,0.33,0.6,0.6,0.6,0.6,0.6,0.6,0.6,0.8,0.6,0.6,0.6,0.67,0.67,0.67
1798,0.6606233716011047,male,36.0,35_44,french,canadian_quebecois,college_cegep,under_20k,employed,3,1.0,widowed,1.0,2_persons,0.0,children_under_18,protestant,0.5,other_regions,type_2,,0.33,0.33,0.67,0.33,,,1.0,plq,bloc,0.67,,,,1.0,0.67,0.67,0.33,1.0,0.0,1.0,0.33,1.0,pq,ndp,0.1,0.9,,,,0.0,,,,,0.6,0.85,,1.0,1.0,0.67,0.67,0.33,0.67,0.67,1.0,,0.67,,0.67,0.33,0.8,0.8,0.8,0.8,0.8,0.8,0.8,0.8,0.8,0.8,0.8,,,
1799,0.7802807092666626,male,71.0,65_plus,english,canadian_quebecois,high_school,,,16,0.0,single,0.0,1_person,1.0,children_under_18,,,,type_2,0.0,0.67,0.33,0.33,0.67,0.67,1.0,1.0,plq,ndp,1.0,1.0,0.67,0.33,0.5,0.67,0.67,0.0,1.0,1.0,1.0,0.67,1.0,,,0.75,0.0,0.3,0.0,0.25,0.75,0.0,0.3,,,0.15,0.5,1.0,0.0,0.0,0.0,0.67,0.33,0.33,1.0,0.33,0.67,0.67,0.67,0.67,0.0,1.0,0.6,1.0,,,0.6,1.0,1.0,1.0,,,,,
1800,1.4359921216964722,male,25.0,18_24,french,other,college_cegep,20k_to_40k,,6,1.0,widowed,,,0.0,children_18_plus,catholic,0.0,monteregie,type_2,,1.0,1.0,0.67,1.0,0.67,0.67,1.0,plq,ndp,0.67,1.0,1.0,0.0,0.5,1.0,0.67,0.0,0.0,1.0,1.0,0.33,1.0,pq,green,0.4,0.25,0.15,,0.4,0.2,,0.05,,,0.6,0.8,1.0,1.0,0.0,0.33,0.67,1.0,0.33,0.0,1.0,0.33,0.67,0.67,1.0,0.67,1.0,0.8,,0.2,0.8,0.8,0.8,0.8,1.0,,,1.0,0.83,
1801,1.330445408821106,female,23.0,18_24,french,canadian_quebecois,bachelor,40k_to_60k,,16,0.0,divorced_separated,1.0,3_4_persons,0.0,both,catholic,0.0,montreal,type_2,,1.0,1.0,0.33,0.67,0.67,0.67,1.0,other,ndp,1.0,1.0,1.0,1.0,0.5,1.0,1.0,0.33,1.0,,1.0,0.0,1.0,plq,green,0.8,0.0,0.2,,0.9,0.8,0.0,0.0,,,0.6,0.4,0.0,1.0,0.0,0.0,,0.67,,1.0,,1.0,1.0,0.67,1.0,0.33,1.0,1.0,1.0,0.2,1.0,1.0,1.0,0.8,1.0,1.0,1.0,1.0,1.0,1.0
1802,1.5618207454681396,female,53.0,45_54,french,canadian_quebecois,college_cegep,,homemaker,25,1.0,widowed,0.0,3_4_persons,1.0,no_children,protestant,0.5,other_regions,type_2,,1.0,0.67,0.33,0.67,0.67,0.67,,plq,ndp,0.67,1.0,0.67,1.0,1.0,1.0,0.67,0.33,1.0,1.0,1.0,0.33,1.0,,,0.0,0.9,0.5,,,0.0,0.9,0.5,,,0.75,0.8,,,1.0,1.0,0.67,0.67,0.33,0.67,1.0,,0.33,0.33,0.67,0.33,0.8,0.8,0.8,0.8,0.8,0.8,0.8,0.8,0.8,0.8,0.8,0.83,0.83,0.67
1803,1.1921813488006592,female,29.0,25_34,french,canadian_quebecois,bachelor,80k_to_100k,employed,4,1.0,widowed,1.0,5_plus_persons,1.0,no_children,,,monteregie,type_2,0.0,0.67,0.67,0.33,1.0,1.0,0.67,0.0,plq,ndp,0.33,0.75,1.0,0.0,0.5,0.33,0.33,0.0,1.0,1.0,0.0,0.67,1.0,,,0.5,0.5,0.5,,,0.55,0.1,0.5,,,0.4,0.3,0.0,1.0,0.0,0.67,0.67,0.67,0.33,0.0,1.0,0.67,0.67,1.0,0.67,0.67,,,,0.2,,0.6,0.4,0.8,,,,0.17,,0.17
1804,0.4079344272613525,female,62.0,55_64,french,canadian_quebecois,high_school,under_20k,self_employed,16,1.0,single,1.0,,0.0,no_children,,,,type_2,0.0,1.0,0.67,1.0,0.67,,0.67,1.0,adq,conservative,,1.0,1.0,1.0,,1.0,1.0,0.0,1.0,0.0,1.0,,1.0,pq,ndp,,,,,,0.0,0.25,0.75,0.25,,0.5,,,,,,,1.0,0.67,0.0,,,0.67,,,0.0,,,,0.2,0.6,0.6,,0.6,0.8,,,0.67,,0.67
1805,0.4079344272613525,female,60.0,55_64,french,other,high_school,20k_to_40k,,6,1.0,widowed,,5_plus_persons,0.0,both,other_religion,1.0,other_regions,type_2,,1.0,1.0,1.0,1.0,0.67,0.33,1.0,plq,ndp,0.67,1.0,1.0,0.67,0.5,0.33,0.67,0.33,1.0,0.0,1.0,0.67,,pq,bloc,0.5,0.7,0.6,0.9,,0.0,0.6,0.3,0.8,,0.7,0.6,0.0,1.0,0.67,,1.0,0.33,0.67,0.33,1.0,0.33,0.33,0.67,0.67,0.0,,,,0.2,0.4,0.4,,0.4,0.4,,0.4,,0.5,0.5
1806,0.7158807516098022,male,64.0,55_64,french,canadian_quebecois,college_cegep,,self_employed,17,1.0,divorced_separated,0.0,3_4_persons,0.0,no_children,,,,type_2,1.0,1.0,0.67,0.33,1.0,1.0,1.0,1.0,plq,ndp,0.33,0.5,0.67,0.0,0.5,0.67,0.33,0.33,0.0,0.0,0.0,0.67,,,,0.75,0.1,0.5,,,,0.0,0.55,,,0.0,0.75,0.0,1.0,1.0,1.0,1.0,0.33,0.33,1.0,,0.33,1.0,0.33,1.0,0.0,1.0,1.0,1.0,0.6,,0.6,1.0,1.0,0.6,1.0,0.6,1.0,0.67,0.67
1807,1.4359921216964722,male,26.0,25_34,french,canadian_quebecois,graduate,100k_to_120k,employed,13,1.0,single,0.0,1_person,1.0,no_children,other_christian,1.0,other_regions,type_2,,0.0,0.0,1.0,0.0,0.0,0.67,1.0,,,1.0,0.0,0.67,0.0,1.0,0.0,0.0,1.0,,,0.0,0.0,0.0,,ndp,0.0,0.86,0.02,0.5,0.0,,1.0,0.0,0.02,0.0,0.5,0.5,1.0,0.0,1.0,0.0,0.0,1.0,0.67,0.67,0.67,1.0,1.0,0.0,0.0,1.0,,,,,,0.6,,,,,,0.83,0.83,0.83
1808,2.078787088394165,female,29.0,25_34,other,other,college_cegep,under_20k,employed,13,,widowed,0.0,2_persons,1.0,no_children,catholic,0.5,montreal,type_2,,1.0,1.0,1.0,1.0,0.67,1.0,0.0,plq,ndp,0.67,1.0,1.0,0.33,0.5,0.67,0.67,0.67,1.0,1.0,1.0,0.67,,,,0.5,0.4,0.5,0.35,0.0,0.6,0.45,0.5,,,,0.5,0.0,1.0,0.0,0.0,0.67,0.67,0.67,0.0,1.0,,,,0.67,0.33,0.6,1.0,0.6,,,0.6,0.8,1.0,,,1.0,1.0,0.17,0.67
1809,2.857621908187866,male,37.0,35_44,french,canadian_quebecois,bachelor,over_150k,employed,26,1.0,widowed,,,0.0,no_children,other_christian,1.0,quebec_city,type_2,,0.67,0.67,0.33,0.67,1.0,0.67,1.0,plq,conservative,0.33,0.5,0.67,0.67,0.5,0.0,0.33,0.33,1.0,0.0,1.0,0.67,1.0,adq,liberal,0.6,0.0,1.0,0.0,0.0,0.6,0.0,1.0,0.0,,0.2,0.8,0.0,1.0,0.0,0.33,1.0,0.33,0.33,1.0,1.0,0.33,0.67,,0.67,0.0,0.6,0.6,0.6,0.6,0.6,0.6,0.6,0.6,0.6,0.6,0.6,0.67,,0.67
1810,0.5101058483123779,male,23.0,18_24,french,canadian_quebecois,bachelor,under_20k,,3,1.0,divorced_separated,1.0,3_4_persons,0.0,children_under_18,protestant,1.0,other_regions,type_2,,1.0,1.0,0.33,0.67,1.0,0.67,1.0,plq,bloc,1.0,0.75,0.33,0.0,1.0,0.0,0.33,0.67,0.0,,1.0,0.33,1.0,pq,bloc,0.6,0.75,0.55,0.8,0.7,0.55,0.75,0.8,0.85,0.75,0.6,0.75,0.0,1.0,0.67,0.33,0.67,0.33,1.0,0.67,1.0,0.0,0.67,1.0,1.0,0.67,1.0,0.8,0.8,0.2,0.4,0.6,0.8,0.8,0.8,1.0,0.6,0.83,0.5,0.67
1811,0.3431829512119293,male,59.0,55_64,english,other,college_cegep,100k_to_120k,employed,16,0.0,widowed,0.0,5_plus_persons,1.0,no_children,catholic,0.0,montreal,type_2,,0.67,1.0,1.0,1.0,0.67,1.0,1.0,adq,,1.0,0.75,0.67,0.67,0.5,0.67,1.0,0.0,1.0,0.0,1.0,0.33,1.0,plq,,0.5,0.0,0.4,,,0.5,0.0,0.4,,,0.0,0.5,0.0,1.0,0.67,0.67,0.33,0.33,0.33,1.0,1.0,0.0,0.0,0.33,0.33,0.67,,,,,,,1.0,1.0,1.0,,,0.17,0.67,0.67
1812,0.7158807516098022,male,58.0,55_64,french,canadian_quebecois,high_school,over_150k,employed,32,1.0,widowed,0.0,3_4_persons,1.0,children_under_18,,,quebec_city,type_2,1.0,1.0,0.67,0.33,0.33,0.67,0.0,1.0,plq,ndp,0.0,0.5,0.33,0.33,0.5,0.67,0.67,0.67,0.0,0.0,0.0,0.67,1.0,plq,ndp,0.75,0.0,0.4,0.0,0.1,0.9,0.0,0.5,0.0,,0.1,0.8,1.0,,0.0,0.67,0.33,0.0,0.67,1.0,0.33,1.0,0.67,1.0,1.0,0.67,1.0,1.0,1.0,1.0,1.0,1.0,1.0,1.0,1.0,1.0,0.6,1.0,1.0,0.67
1813,0.381436675786972,female,49.0,45_54,french,canadian_quebecois,college_cegep,20k_to_40k,employed,12,1.0,widowed,1.0,5_plus_persons,1.0,no_children,other_christian,1.0,quebec_city,type_2,,1.0,0.67,0.33,1.0,0.67,0.33,1.0,plq,ndp,0.33,0.75,1.0,0.33,0.5,1.0,0.67,0.33,1.0,0.0,1.0,0.67,1.0,adq,,0.02,0.04,0.08,0.06,0.06,0.05,0.04,0.08,,,0.75,0.5,,1.0,0.0,0.33,1.0,0.33,0.33,0.33,1.0,0.0,1.0,0.67,0.33,0.0,,0.6,0.6,0.8,0.6,0.6,0.8,0.8,0.6,,0.6,1.0,,0.67
1814,0.3911031782627105,female,58.0,55_64,french,canadian_quebecois,high_school,under_20k,self_employed,1,1.0,divorced_separated,,,0.0,no_children,other_christian,0.5,other_regions,type_2,,1.0,0.67,1.0,0.67,0.33,0.33,1.0,plq,ndp,0.33,0.75,0.67,0.33,0.5,0.67,1.0,0.0,1.0,0.0,1.0,0.33,1.0,adq,conservative,,0.5,0.5,,,0.2,,0.8,,,0.0,0.6,0.0,1.0,0.33,0.0,0.67,0.67,0.67,0.0,,,,,,0.0,,0.6,0.6,0.2,0.6,0.6,0.6,,0.6,,0.6,0.17,0.17,0.67
1815,0.926587700843811,female,25.0,18_24,french,canadian_quebecois,bachelor,over_150k,,15,1.0,widowed,1.0,5_plus_persons,0.0,children_under_18,other_religion,0.5,other_regions,type_2,,0.67,1.0,0.67,1.0,1.0,0.67,1.0,qs,liberal,0.67,1.0,1.0,0.33,1.0,0.67,0.67,0.67,1.0,0.0,1.0,0.33,1.0,other,bloc,0.2,0.4,0.3,0.8,0.9,0.1,0.3,0.2,0.8,0.5,0.5,0.5,0.0,1.0,0.33,,0.67,1.0,0.33,0.33,1.0,0.33,0.67,0.67,0.67,0.33,,0.4,,0.2,0.4,0.4,0.4,0.4,,,0.4,,0.33,0.5
1816,1.1921813488006592,female,28.0,25_34,french,canadian_quebecois,college_cegep,under_20k,student,4,1.0,widowed,1.0,3_4_persons,0.0,children_under_18,other_christian,0.5,monteregie,type_2,,0.67,0.67,0.33,1.0,0.33,0.33,1.0,plq,other,0.33,0.75,1.0,0.33,1.0,0.33,0.67,0.67,1.0,0.0,0.0,0.67,1.0,adq,green,0.25,0.35,0.8,0.45,0.75,0.25,0.45,0.85,0.5,,0.5,0.75,0.0,1.0,0.67,1.0,1.0,0.33,0.67,0.67,1.0,0.67,0.67,0.67,0.67,0.33,0.6,0.6,0.6,0.2,0.6,0.6,0.6,0.8,0.6,0.6,0.6,0.67,0.67,0.67
1817,0.5570399761199951,female,40.0,35_44,french,canadian_quebecois,college_cegep,60k_to_80k,employed,12,1.0,divorced_separated,1.0,3_4_persons,0.0,no_children,other_christian,0.5,quebec_city,type_2,,1.0,0.67,0.33,0.67,1.0,1.0,1.0,qs,liberal,0.67,0.5,0.67,0.33,0.5,0.0,0.67,0.33,1.0,0.0,1.0,0.33,1.0,adq,liberal,0.7,0.4,0.9,0.1,0.0,0.4,0.15,0.95,0.2,0.1,0.0,0.9,0.0,1.0,0.0,0.67,0.67,0.67,0.33,1.0,1.0,0.33,1.0,0.67,0.33,0.0,0.6,0.6,0.4,0.2,0.4,0.6,0.8,0.8,0.6,0.6,0.6,0.67,0.67,0.67
1818,1.330445408821106,female,24.0,18_24,french,canadian_quebecois,bachelor,100k_to_120k,employed,16,1.0,divorced_separated,1.0,5_plus_persons,0.0,no_children,catholic,0.5,quebec_city,type_2,,0.67,1.0,0.33,0.33,0.33,1.0,1.0,adq,other,0.67,0.5,0.33,0.33,0.5,0.33,0.67,0.33,1.0,0.0,,0.67,1.0,plq,ndp,0.8,0.2,0.6,,,0.7,0.3,0.3,,,0.6,0.8,,0.0,0.0,0.33,0.67,0.33,0.33,1.0,0.67,0.0,1.0,0.67,0.67,0.67,1.0,1.0,1.0,0.2,,,0.8,0.8,,0.6,1.0,1.0,0.83,0.67
1819,1.2265689373016355,female,27.0,25_34,french,canadian_quebecois,high_school,,employed,8,1.0,divorced_separated,0.0,2_persons,0.0,no_children,protestant,0.0,other_regions,type_2,,0.67,0.33,0.33,0.67,0.67,0.67,1.0,plq,,0.67,0.75,0.67,0.67,,1.0,0.67,0.33,1.0,0.0,0.0,0.67,1.0,,,0.3,0.8,0.8,0.2,,0.4,0.6,0.6,,,0.92,0.75,1.0,1.0,,0.0,0.0,0.67,0.33,0.0,0.33,0.67,0.67,0.67,0.0,0.67,0.6,0.6,,0.6,0.8,0.6,0.6,0.6,0.8,,0.6,0.67,0.67,0.67
1820,0.2214419990777969,female,58.0,55_64,english,canadian_quebecois,college_cegep,80k_to_100k,employed,6,0.0,divorced_separated,1.0,2_persons,1.0,children_under_18,catholic,0.0,montreal,type_2,,1.0,1.0,0.67,0.67,0.33,0.67,1.0,adq,liberal,0.67,0.75,0.67,,0.5,0.33,0.67,0.67,0.0,,0.0,0.33,0.0,plq,,0.5,0.0,,0.0,,0.7,,,,,0.25,,0.0,1.0,1.0,,1.0,0.33,,1.0,1.0,,1.0,1.0,1.0,0.0,1.0,1.0,1.0,1.0,,1.0,0.8,0.8,,,1.0,1.0,,0.17
1821,1.4374099969863892,male,66.0,65_plus,french,canadian_quebecois,bachelor,40k_to_60k,,16,1.0,widowed,1.0,3_4_persons,1.0,no_children,protestant,0.5,other_regions,type_2,,0.67,0.67,0.33,0.67,0.33,0.67,1.0,plq,bloc,0.33,0.5,0.0,0.0,1.0,1.0,1.0,0.0,1.0,0.0,1.0,0.0,1.0,adq,green,0.0,0.5,0.5,0.0,0.0,0.1,0.6,0.5,,,0.5,1.0,0.0,1.0,0.33,0.33,1.0,0.67,0.33,0.67,1.0,0.0,0.67,0.67,0.67,1.0,0.8,0.6,,,,0.6,0.8,0.8,0.8,,,0.67,0.67,0.67
1822,1.4374099969863892,male,67.0,65_plus,french,canadian_quebecois,college_cegep,20k_to_40k,employed,16,1.0,divorced_separated,0.0,2_persons,0.0,children_18_plus,,,montreal,type_2,0.0,0.67,0.0,0.0,0.33,0.0,0.0,1.0,adq,conservative,0.0,0.5,0.33,0.0,0.5,1.0,1.0,0.33,1.0,1.0,1.0,0.67,0.0,plq,ndp,0.25,0.0,0.1,,,0.02,0.0,0.15,,,0.0,1.0,1.0,0.0,0.0,0.67,0.33,0.33,0.67,1.0,1.0,0.0,0.0,0.67,0.33,0.67,,0.6,,,1.0,1.0,1.0,0.6,0.6,,,0.67,0.67,0.67
1823,0.3672607839107513,male,60.0,55_64,english,canadian_quebecois,graduate,,self_employed,7,0.0,divorced_separated,,,0.0,children_under_18,catholic,0.5,montreal,type_2,,1.0,1.0,1.0,1.0,1.0,0.67,0.0,adq,liberal,0.33,1.0,0.67,0.67,0.5,1.0,1.0,0.33,0.0,,1.0,0.33,1.0,,,0.6,0.3,0.0,0.0,0.8,0.6,0.3,0.0,,,0.6,0.6,0.0,1.0,0.0,0.67,1.0,0.67,1.0,1.0,1.0,0.0,0.0,1.0,0.67,0.0,1.0,1.0,1.0,1.0,1.0,1.0,1.0,1.0,1.0,1.0,1.0,1.0,1.0,
1824,1.1921813488006592,female,34.0,25_34,french,canadian_quebecois,graduate,100k_to_120k,employed,33,1.0,divorced_separated,1.0,5_plus_persons,0.0,children_under_18,,,outaouais,type_2,0.0,0.67,0.67,0.33,1.0,0.33,0.33,1.0,adq,liberal,,0.5,0.33,0.0,0.5,1.0,0.67,0.33,0.0,0.0,0.0,0.67,0.0,adq,green,0.6,0.0,0.75,,0.75,0.6,0.0,0.75,0.0,0.6,0.1,0.75,0.0,1.0,0.0,,0.67,0.67,0.33,1.0,0.33,0.0,0.67,0.67,0.33,0.0,,0.6,0.6,0.2,0.6,0.6,0.6,0.6,0.6,,0.6,,0.33,0.67
1825,1.1798489093780518,female,46.0,45_54,french,canadian_quebecois,college_cegep,under_20k,unemployed,15,1.0,divorced_separated,1.0,2_persons,0.0,children_under_18,,,other_regions,type_2,1.0,1.0,1.0,1.0,1.0,0.67,0.67,,plq,other,0.33,1.0,1.0,0.67,0.5,0.67,0.67,0.33,0.0,0.0,1.0,0.67,1.0,,,0.25,0.25,0.8,,0.5,0.1,0.1,0.6,,,0.5,0.5,0.0,1.0,0.0,0.33,0.67,0.33,0.33,1.0,1.0,0.33,1.0,1.0,1.0,0.33,0.6,0.6,0.6,0.2,0.6,0.6,0.8,0.8,0.6,1.0,0.6,0.67,0.67,0.67
1826,0.5400015711784363,female,61.0,55_64,french,canadian_quebecois,college_cegep,under_20k,self_employed,7,1.0,married,0.0,1_person,1.0,children_under_18,catholic,0.5,quebec_city,type_2,,1.0,0.67,0.67,0.33,1.0,0.33,1.0,plq,bloc,0.67,0.75,1.0,0.67,0.5,1.0,1.0,0.33,1.0,0.0,1.0,0.33,1.0,plq,ndp,0.4,0.0,0.25,0.02,0.01,0.0,0.0,0.05,0.0,,0.2,0.5,,0.0,0.0,0.33,1.0,0.67,0.33,1.0,1.0,0.0,0.33,0.33,0.33,0.0,,1.0,1.0,,,0.6,1.0,0.6,1.0,,0.6,0.17,0.17,0.17
1827,1.1798489093780518,female,46.0,45_54,french,canadian_quebecois,high_school,under_20k,employed,16,1.0,widowed,,,0.0,children_under_18,protestant,,other_regions,type_2,,0.67,0.67,0.67,0.67,0.33,0.0,1.0,plq,other,0.67,0.75,0.33,0.33,1.0,1.0,1.0,0.33,1.0,0.0,,0.33,,pq,,0.5,0.7,0.7,,,0.5,0.7,0.7,,,0.5,0.9,0.0,1.0,0.67,,,0.33,0.33,0.67,1.0,0.33,,,,0.0,0.8,0.8,0.8,0.8,0.8,0.6,0.8,0.8,0.8,0.8,0.8,0.83,0.83,0.83
1828,0.5570399761199951,female,44.0,35_44,french,canadian_quebecois,high_school,20k_to_40k,,12,1.0,widowed,1.0,3_4_persons,0.0,children_under_18,protestant,,montreal,type_2,,0.67,,,,0.67,,1.0,pq,other,0.67,0.5,0.67,0.67,,0.67,0.67,,1.0,0.0,1.0,,1.0,pq,ndp,0.0,0.5,0.5,,,0.0,0.5,0.5,,,0.5,0.75,,,0.0,,,0.67,0.33,,1.0,,0.33,0.67,0.67,0.33,0.8,,,,,0.8,0.8,0.8,0.8,,0.8,0.83,0.83,0.67
1829,2.216895818710327,female,39.0,35_44,french,canadian_quebecois,high_school,under_20k,,5,1.0,divorced_separated,,1_person,1.0,,,,,type_2,1.0,1.0,1.0,0.67,0.67,,0.67,1.0,plq,other,,1.0,1.0,0.67,,0.67,0.33,0.33,0.0,0.0,,0.67,1.0,,,,,,,,,,,,,,0.98,,0.0,,0.33,0.67,0.67,0.33,0.33,,0.67,,0.67,0.67,0.33,,,,,,,,,,,,,,
1830,0.8468688726425171,male,62.0,55_64,french,canadian_quebecois,college_cegep,20k_to_40k,,9,1.0,single,0.0,2_persons,1.0,no_children,catholic,0.0,quebec_city,type_2,,1.0,1.0,0.0,0.33,1.0,0.33,1.0,plq,conservative,0.67,0.5,1.0,0.67,0.5,1.0,1.0,0.0,1.0,1.0,1.0,0.67,0.0,plq,,0.6,0.0,0.0,0.5,0.1,0.8,0.01,0.6,,,0.1,0.5,0.0,1.0,1.0,1.0,0.67,0.33,1.0,0.33,1.0,1.0,0.0,1.0,1.0,0.0,1.0,,0.6,,,0.6,1.0,1.0,,1.0,0.6,1.0,1.0,1.0
1831,1.119264006614685,male,24.0,18_24,english,other,bachelor,under_20k,retired,6,0.0,widowed,1.0,2_persons,1.0,both,catholic,0.5,montreal,type_2,,0.67,1.0,0.33,1.0,0.33,0.67,1.0,plq,ndp,1.0,0.0,0.67,0.67,0.5,1.0,1.0,0.0,1.0,1.0,1.0,0.33,1.0,plq,green,0.75,0.35,0.3,0.15,0.85,0.7,0.5,0.35,0.15,,0.78,0.8,0.0,1.0,0.0,0.67,0.0,0.67,1.0,1.0,1.0,0.0,1.0,0.67,1.0,0.0,0.2,1.0,1.0,0.2,0.4,0.8,0.8,0.8,1.0,1.0,1.0,1.0,1.0,1.0
1832,0.4301224946975708,female,21.0,18_24,french,canadian_quebecois,college_cegep,under_20k,retired,12,1.0,divorced_separated,1.0,,0.0,children_18_plus,protestant,1.0,other_regions,type_2,,1.0,1.0,0.33,1.0,0.67,0.67,1.0,plq,bloc,1.0,1.0,1.0,0.33,1.0,0.33,0.67,0.33,1.0,0.0,,0.67,0.0,pq,green,0.0,1.0,0.5,0.8,0.9,0.0,0.8,0.5,0.9,0.9,0.7,0.7,1.0,,1.0,0.33,1.0,0.0,0.33,0.67,1.0,0.33,0.0,1.0,0.67,0.67,0.4,0.8,0.8,0.2,0.8,0.8,0.8,0.8,0.8,0.8,0.8,0.83,0.83,0.5
1833,1.6519296169281006,female,44.0,35_44,french,canadian_quebecois,high_school,under_20k,employed,11,1.0,divorced_separated,0.0,,1.0,,,,montreal,type_2,,1.0,1.0,1.0,1.0,0.67,1.0,,plq,ndp,0.67,1.0,1.0,1.0,0.5,0.67,0.67,0.33,,0.0,,,1.0,,,0.5,0.5,,,,0.4,0.5,0.4,,,0.2,0.6,,,,,1.0,,1.0,,,,,0.67,1.0,0.0,,,,,,,,,1.0,,,,,
1834,1.4374099969863892,male,,,french,canadian_quebecois,college_cegep,80k_to_100k,employed,13,1.0,widowed,0.0,,0.0,children_under_18,,,quebec_city,type_2,0.0,1.0,0.67,0.67,0.33,1.0,0.67,1.0,plq,ndp,0.67,0.75,0.67,0.67,1.0,0.67,1.0,0.33,1.0,0.0,1.0,0.67,0.0,adq,,0.4,0.1,0.7,0.0,0.0,0.0,0.0,0.7,0.0,0.0,0.3,0.5,1.0,,0.0,0.67,1.0,0.67,0.67,0.33,1.0,0.0,0.67,0.67,0.33,0.33,0.6,0.6,0.6,,0.6,0.6,0.6,0.6,0.6,0.6,0.6,0.67,0.67,0.67
1835,1.330445408821106,female,21.0,18_24,french,canadian_quebecois,bachelor,under_20k,retired,6,1.0,divorced_separated,1.0,3_4_persons,0.0,children_under_18,other_religion,1.0,other_regions,type_2,,0.67,1.0,0.67,1.0,0.33,0.33,1.0,plq,other,1.0,1.0,1.0,0.0,1.0,0.33,0.33,0.33,1.0,0.0,,0.67,0.0,qs,conservative,0.4,0.8,0.6,0.9,0.6,0.4,0.8,0.6,0.9,0.6,,0.5,,,0.67,,0.33,0.33,,0.67,1.0,,0.0,0.33,0.33,0.0,0.4,0.4,0.4,0.4,0.4,0.4,0.4,0.4,0.4,,0.4,0.5,0.5,0.5
1836,0.5400015711784363,female,61.0,55_64,french,canadian_quebecois,graduate,,employed,24,1.0,divorced_separated,,3_4_persons,,children_under_18,,,,type_2,1.0,1.0,1.0,0.67,0.67,0.67,0.33,1.0,adq,liberal,0.33,0.75,0.67,0.67,0.5,0.33,0.67,0.33,0.0,,,0.67,0.0,,,,,,,,,,,,,0.6,0.75,0.0,1.0,0.0,0.67,0.67,0.33,0.33,1.0,1.0,,0.67,0.67,0.67,0.67,1.0,,,0.2,0.4,0.6,,,,1.0,,,,0.67
1837,0.1564060449600219,male,63.0,55_64,french,canadian_quebecois,graduate,40k_to_60k,self_employed,3,1.0,,,2_persons,0.0,,,,,type_2,1.0,0.33,1.0,0.67,0.67,1.0,0.33,1.0,adq,conservative,0.33,0.75,0.67,0.67,,0.67,0.67,0.67,1.0,0.0,,0.67,1.0,,,0.6,0.7,0.7,,0.5,,,,,,0.5,0.8,,1.0,0.33,0.67,0.67,,0.33,,1.0,0.0,,1.0,1.0,0.33,,,1.0,0.2,0.4,0.6,0.8,,,0.6,,,0.67,0.67
1838,0.6765576601028442,male,62.0,55_64,french,canadian_quebecois,bachelor,40k_to_60k,self_employed,7,1.0,widowed,1.0,5_plus_persons,0.0,children_under_18,protestant,1.0,other_regions,type_2,,0.0,0.67,0.0,0.67,1.0,0.0,1.0,adq,liberal,1.0,1.0,0.67,1.0,1.0,0.67,0.67,0.67,1.0,0.0,0.0,0.67,0.0,pq,bloc,0.2,0.8,0.1,0.4,,0.35,0.45,0.4,0.5,0.1,0.5,0.5,0.0,1.0,0.33,1.0,0.33,0.0,0.33,0.67,1.0,0.0,0.33,0.67,0.67,0.0,,0.8,0.8,0.8,0.4,0.8,0.8,0.8,0.8,0.6,0.4,0.17,0.0,0.67
1839,0.5400015711784363,female,64.0,55_64,french,canadian_quebecois,bachelor,40k_to_60k,self_employed,8,1.0,widowed,,5_plus_persons,1.0,no_children,other_religion,0.5,other_regions,type_2,,0.67,0.67,0.33,0.67,0.67,0.33,1.0,plq,ndp,0.0,1.0,1.0,0.67,,0.67,1.0,0.0,1.0,0.0,1.0,0.33,1.0,pq,ndp,0.3,0.65,0.95,0.97,0.9,0.45,0.82,0.9,0.96,0.92,0.9,0.8,0.0,1.0,0.33,0.33,0.67,0.67,0.33,0.33,1.0,0.33,0.67,0.67,0.33,0.0,0.4,0.4,0.6,0.2,0.4,0.6,0.4,0.4,0.4,0.6,0.6,0.33,0.5,0.67
1840,0.6606233716011047,male,42.0,35_44,french,canadian_quebecois,bachelor,60k_to_80k,employed,3,1.0,widowed,,5_plus_persons,1.0,children_under_18,,,quebec_city,type_2,0.0,0.67,0.67,0.0,0.67,0.33,0.0,1.0,adq,liberal,0.0,0.0,1.0,0.0,,0.67,0.67,0.33,1.0,0.0,,0.67,1.0,adq,,0.5,0.25,0.8,0.0,0.1,0.5,0.0,0.8,0.0,0.0,0.25,,1.0,1.0,0.0,0.33,0.0,0.0,0.33,0.33,1.0,0.0,0.67,1.0,1.0,0.67,0.6,1.0,0.6,0.2,0.6,0.6,0.6,,0.6,0.6,0.6,0.67,0.67,0.67
1841,0.1318823248147964,female,60.0,55_64,french,canadian_quebecois,college_cegep,under_20k,self_employed,12,1.0,divorced_separated,1.0,3_4_persons,0.0,children_under_18,,,quebec_city,type_2,1.0,1.0,1.0,1.0,1.0,0.67,0.33,1.0,plq,ndp,0.67,1.0,1.0,0.67,1.0,0.33,1.0,0.33,1.0,0.0,,0.67,1.0,adq,conservative,,,0.8,,,,0.5,0.8,,,,,0.0,1.0,0.67,0.33,0.67,,0.33,0.33,1.0,0.0,0.67,0.67,0.67,1.0,,0.8,0.6,0.2,0.4,0.6,0.6,0.8,0.6,,0.6,,0.67,0.67
1842,0.926587700843811,female,26.0,25_34,french,canadian_quebecois,college_cegep,over_150k,employed,16,1.0,divorced_separated,,5_plus_persons,0.0,no_children,protestant,0.5,other_regions,type_2,,1.0,1.0,0.67,1.0,0.67,0.67,1.0,plq,conservative,0.67,0.75,0.33,1.0,1.0,1.0,1.0,0.0,1.0,1.0,1.0,0.33,1.0,pq,green,0.0,0.85,0.6,,0.5,0.3,0.5,0.3,,,0.95,0.95,1.0,,1.0,0.67,1.0,0.67,0.33,0.67,1.0,,0.33,0.33,0.33,0.0,,0.8,0.6,0.2,0.8,0.6,0.8,0.8,0.8,,0.8,0.83,,0.83
1843,0.4079344272613525,female,63.0,55_64,french,canadian_quebecois,bachelor,20k_to_40k,self_employed,15,1.0,divorced_separated,1.0,2_persons,1.0,children_under_18,,,montreal,type_2,0.0,1.0,1.0,0.67,0.67,0.67,0.33,1.0,plq,other,1.0,0.75,1.0,0.33,0.5,0.67,0.67,0.67,0.0,0.0,0.0,0.67,1.0,,,0.5,0.0,0.5,0.1,0.1,0.5,0.0,0.5,,,0.15,0.5,1.0,1.0,0.0,0.0,1.0,0.67,0.33,1.0,1.0,0.0,0.33,0.0,0.67,0.0,1.0,1.0,1.0,1.0,0.6,0.6,1.0,0.6,0.6,1.0,0.6,1.0,1.0,0.67
1844,1.5367439985275269,male,30.0,25_34,french,canadian_quebecois,college_cegep,60k_to_80k,employed,26,1.0,widowed,1.0,,0.0,no_children,protestant,0.5,other_regions,type_2,,1.0,1.0,0.67,1.0,0.67,0.0,1.0,plq,conservative,0.67,0.5,0.67,0.67,1.0,0.67,0.67,0.33,1.0,,1.0,1.0,,adq,conservative,0.6,0.7,0.8,0.5,0.55,0.5,0.7,0.85,0.75,0.6,0.75,0.8,1.0,,0.33,0.33,0.67,0.33,0.67,0.33,1.0,0.0,0.67,1.0,1.0,0.33,0.6,0.8,0.6,0.2,0.4,0.8,0.8,0.8,0.6,0.6,0.4,0.0,0.0,0.5
1845,0.5101058483123779,male,21.0,18_24,french,canadian_quebecois,college_cegep,40k_to_60k,employed,3,1.0,widowed,,5_plus_persons,0.0,no_children,other_christian,0.5,monteregie,type_2,,1.0,1.0,0.67,0.0,0.33,0.67,1.0,plq,conservative,0.0,0.0,0.0,1.0,0.5,1.0,0.33,0.0,1.0,1.0,1.0,0.33,1.0,adq,,0.09,0.0,1.0,0.0,0.0,0.0,0.0,1.0,,,0.0,0.6,0.0,1.0,0.0,,0.0,0.33,0.33,0.0,,0.0,1.0,0.0,1.0,0.0,0.6,0.6,0.6,0.6,0.6,0.6,0.6,0.6,0.6,0.6,0.6,0.67,0.67,0.67
1846,0.1564060449600219,male,60.0,55_64,french,canadian_quebecois,high_school,20k_to_40k,student,12,1.0,widowed,0.0,3_4_persons,1.0,children_under_18,catholic,0.5,quebec_city,type_2,,0.67,0.67,0.67,0.67,0.67,0.33,1.0,plq,bloc,0.0,0.75,0.67,0.67,0.5,0.33,0.67,0.33,1.0,0.0,1.0,0.67,0.0,,,0.08,0.0,0.05,0.0,0.0,0.08,0.0,0.06,0.04,0.04,0.5,0.75,0.0,0.0,0.0,0.0,0.67,0.67,0.33,1.0,0.33,0.33,0.67,0.67,0.67,0.33,1.0,1.0,1.0,1.0,1.0,1.0,1.0,1.0,1.0,1.0,1.0,1.0,1.0,0.67
1847,1.7230206727981567,female,39.0,35_44,french,canadian_quebecois,college_cegep,20k_to_40k,student,6,1.0,widowed,0.0,5_plus_persons,0.0,no_children,,,,type_2,0.0,0.67,0.67,0.0,0.67,1.0,1.0,,plq,conservative,0.67,0.5,0.33,0.33,1.0,1.0,1.0,0.0,1.0,1.0,1.0,0.0,,,,0.0,0.5,0.5,0.3,0.0,0.0,0.5,0.5,,,0.0,0.3,0.0,,0.33,0.0,,0.33,0.67,0.0,1.0,0.67,0.33,0.33,0.33,0.0,0.6,0.6,0.6,0.6,0.6,0.6,0.8,0.8,0.8,0.8,,0.67,0.67,0.83
1848,0.7158807516098022,male,58.0,55_64,french,canadian_quebecois,college_cegep,20k_to_40k,self_employed,17,1.0,widowed,1.0,3_4_persons,0.0,no_children,other_christian,0.5,outaouais,type_2,,0.67,0.33,0.67,0.67,0.33,0.33,1.0,plq,ndp,0.67,0.75,0.67,0.67,0.5,1.0,1.0,0.33,1.0,0.0,1.0,0.67,1.0,adq,conservative,0.2,0.6,0.6,0.3,0.4,0.2,0.3,0.7,0.3,0.1,0.2,0.3,0.0,1.0,0.33,0.0,0.67,0.33,0.33,0.33,1.0,0.0,0.67,0.67,0.67,0.33,0.6,,,0.2,0.4,0.6,0.8,0.8,0.6,0.6,0.4,0.67,0.67,0.5
1849,0.2995596826076507,female,31.0,25_34,french,canadian_quebecois,college_cegep,40k_to_60k,,12,1.0,widowed,1.0,3_4_persons,1.0,no_children,other_christian,1.0,quebec_city,type_2,,1.0,1.0,0.67,0.67,0.67,1.0,1.0,plq,ndp,0.33,1.0,1.0,0.33,0.5,0.67,0.67,0.33,0.0,0.0,0.0,0.67,1.0,adq,,0.1,0.5,0.95,,,0.55,0.5,0.95,,,0.0,0.55,0.0,1.0,0.33,0.67,0.67,0.33,0.67,0.33,1.0,0.67,1.0,0.33,0.33,0.33,0.6,0.6,0.6,0.2,0.6,0.6,0.8,0.8,0.6,0.6,0.6,0.67,0.67,0.67
1850,0.6664856672286987,female,73.0,65_plus,english,canadian_quebecois,bachelor,,self_employed,25,0.0,widowed,1.0,5_plus_persons,0.0,both,catholic,0.5,montreal,type_2,,1.0,1.0,0.67,1.0,1.0,0.67,1.0,adq,conservative,1.0,0.75,0.67,0.67,0.5,0.0,0.33,0.33,0.0,,,0.33,0.0,plq,,0.75,0.0,0.6,,0.5,0.75,0.2,0.5,,,0.8,0.8,1.0,1.0,0.0,0.67,0.67,0.0,0.33,1.0,0.67,0.33,0.67,1.0,0.33,0.67,1.0,1.0,1.0,0.2,1.0,1.0,1.0,1.0,1.0,1.0,1.0,1.0,1.0,
1851,0.5029883980751038,female,30.0,25_34,other,canadian_quebecois,bachelor,under_20k,retired,6,0.0,divorced_separated,1.0,2_persons,0.0,children_18_plus,catholic,0.0,outaouais,type_2,,0.67,1.0,0.67,1.0,0.67,0.33,1.0,qs,ndp,1.0,0.5,0.67,0.67,0.5,0.67,0.67,0.67,0.0,0.0,,0.67,0.0,plq,,0.8,0.25,0.3,0.0,0.6,0.7,0.5,0.6,,,0.6,0.6,1.0,0.0,0.0,0.33,0.67,0.33,0.33,1.0,0.33,0.0,0.0,0.67,1.0,0.33,1.0,0.8,,0.2,1.0,1.0,,,1.0,,1.0,1.0,0.67,
1852,0.3911031782627105,female,59.0,55_64,french,canadian_quebecois,college_cegep,40k_to_60k,self_employed,2,1.0,common_law,1.0,2_persons,0.0,children_under_18,catholic,0.5,quebec_city,type_2,,0.67,0.67,0.33,0.33,0.0,0.0,1.0,plq,ndp,0.0,0.75,0.67,0.0,0.5,1.0,1.0,0.0,1.0,0.0,1.0,0.67,1.0,plq,ndp,0.75,0.0,0.1,0.05,0.0,0.75,0.05,0.1,0.1,0.0,0.1,0.25,0.0,1.0,0.0,0.0,0.67,0.33,1.0,1.0,1.0,0.67,0.67,0.33,0.67,0.33,1.0,1.0,1.0,1.0,1.0,1.0,1.0,1.0,1.0,1.0,1.0,1.0,0.17,0.17
1853,1.956773042678833,male,47.0,45_54,french,canadian_quebecois,college_cegep,over_150k,employed,25,1.0,divorced_separated,,,0.0,children_under_18,other_christian,0.5,quebec_city,type_2,,1.0,1.0,0.33,0.67,0.67,0.33,1.0,plq,conservative,0.67,0.5,0.67,0.0,,0.33,0.67,0.67,0.0,0.0,0.0,0.67,1.0,adq,,0.4,0.25,0.7,,,0.5,0.5,0.9,,,0.4,0.5,0.0,1.0,0.0,0.67,1.0,0.33,0.33,1.0,0.67,0.0,0.67,0.67,1.0,0.33,0.6,0.6,,,,0.6,,0.6,0.6,,0.6,0.67,,0.67
1854,0.2995596826076507,female,27.0,25_34,french,canadian_quebecois,college_cegep,40k_to_60k,homemaker,3,1.0,widowed,1.0,5_plus_persons,0.0,children_under_18,protestant,1.0,other_regions,type_2,,1.0,0.67,0.67,1.0,1.0,0.33,1.0,pq,liberal,1.0,0.75,1.0,0.67,1.0,0.33,0.33,0.33,1.0,0.0,1.0,0.67,1.0,pq,green,0.8,0.95,0.0,0.0,0.8,0.4,0.6,0.8,0.6,0.8,0.8,0.8,0.0,1.0,0.33,0.33,0.67,0.0,0.67,0.67,1.0,0.0,0.0,0.67,0.33,0.67,0.8,0.8,0.8,0.8,0.8,0.6,0.8,0.8,0.8,0.8,0.8,0.83,0.83,0.67
1855,0.7795112729072571,male,25.0,18_24,english,canadian_quebecois,bachelor,80k_to_100k,employed,6,0.0,widowed,1.0,5_plus_persons,0.0,children_under_18,catholic,0.0,outaouais,type_2,,0.67,0.67,0.67,1.0,1.0,0.33,0.0,qs,liberal,1.0,0.75,0.67,0.67,0.5,0.67,0.67,0.67,0.0,1.0,1.0,0.67,0.0,,,0.6,0.4,0.5,0.2,,0.6,0.1,0.6,,,0.3,0.6,1.0,,0.0,0.67,1.0,0.33,1.0,1.0,0.33,0.0,0.67,0.33,0.67,0.33,1.0,1.0,1.0,0.2,0.4,0.6,0.8,0.8,1.0,1.0,1.0,1.0,0.67,0.67
1856,3.023717403411865,male,44.0,35_44,french,canadian_quebecois,college_cegep,under_20k,employed,4,1.0,widowed,1.0,3_4_persons,0.0,no_children,,,other_regions,type_2,,1.0,1.0,1.0,1.0,0.67,0.67,1.0,plq,ndp,0.67,1.0,1.0,0.33,1.0,0.33,0.33,0.67,0.0,0.0,0.0,0.67,1.0,pq,ndp,0.3,0.3,0.4,0.0,0.0,0.3,0.3,0.4,0.0,0.0,0.3,0.6,0.0,1.0,0.0,0.33,0.67,0.67,0.33,0.33,1.0,0.0,0.67,0.67,0.67,0.67,,0.8,,,0.6,0.6,,0.8,,,0.6,1.0,0.67,0.67
1857,3.023717403411865,male,36.0,35_44,french,canadian_quebecois,college_cegep,40k_to_60k,student,5,1.0,divorced_separated,1.0,1_person,1.0,no_children,other_christian,1.0,montreal,type_2,,0.67,0.67,0.67,,0.67,0.0,1.0,plq,,0.67,0.5,0.33,0.67,1.0,1.0,1.0,0.0,1.0,1.0,0.0,0.33,,,,0.2,0.75,0.9,,0.4,,0.9,0.9,,,0.0,1.0,,1.0,0.33,1.0,0.67,0.33,0.33,0.67,1.0,0.0,1.0,0.33,0.33,0.0,0.6,0.6,0.6,0.8,0.6,0.6,0.6,0.6,0.6,0.6,0.6,,0.67,0.67
1858,0.6765576601028442,male,58.0,55_64,french,canadian_quebecois,college_cegep,40k_to_60k,employed,26,1.0,widowed,,2_persons,,no_children,,,quebec_city,type_2,1.0,0.67,0.67,0.33,0.67,0.67,0.33,1.0,plq,ndp,0.33,0.5,0.33,0.67,,0.67,1.0,0.33,1.0,0.0,1.0,0.67,1.0,adq,liberal,0.75,0.5,0.75,0.2,0.5,0.5,0.4,0.75,,,0.4,0.4,1.0,,0.0,0.67,0.67,0.67,0.33,0.33,1.0,0.0,1.0,0.67,1.0,0.67,,,,0.2,0.4,0.6,0.8,0.8,0.6,0.6,0.6,1.0,0.67,0.67
1859,0.926587700843811,female,28.0,25_34,french,canadian_quebecois,bachelor,20k_to_40k,employed,6,1.0,widowed,1.0,5_plus_persons,0.0,no_children,protestant,0.5,other_regions,type_2,,1.0,0.33,0.67,1.0,0.67,1.0,1.0,other,liberal,0.67,0.75,1.0,0.33,1.0,0.67,0.67,0.0,1.0,0.0,1.0,1.0,,other,conservative,0.5,0.6,0.0,0.3,0.75,0.4,0.35,0.0,,0.5,,0.5,0.0,1.0,,,0.33,0.67,0.33,0.67,1.0,,0.0,0.33,0.33,0.0,,,,0.2,,1.0,0.8,0.8,,,,1.0,0.33,0.83
1860,0.926587700843811,female,25.0,18_24,french,canadian_quebecois,bachelor,60k_to_80k,retired,6,1.0,widowed,1.0,1_person,1.0,children_under_18,other_christian,1.0,other_regions,type_2,,1.0,0.67,0.0,,0.67,0.0,1.0,plq,,0.0,0.0,0.67,0.0,0.5,1.0,0.67,0.33,0.0,,,0.67,1.0,adq,,0.45,0.15,0.75,0.0,0.2,0.5,0.1,0.9,0.01,,,1.0,1.0,1.0,1.0,0.33,1.0,0.33,0.33,0.33,1.0,0.0,0.67,0.67,0.0,1.0,0.6,0.8,0.6,0.2,0.6,0.6,0.8,0.8,0.6,0.6,1.0,0.67,1.0,0.83
1861,0.5400015711784363,female,64.0,55_64,french,other,bachelor,100k_to_120k,employed,24,1.0,widowed,1.0,5_plus_persons,0.0,children_18_plus,protestant,1.0,other_regions,type_2,,0.67,0.67,0.33,1.0,0.67,0.0,1.0,adq,liberal,1.0,0.5,0.67,0.67,1.0,0.33,0.33,0.67,0.0,,0.0,0.67,1.0,pq,ndp,0.0,0.9,0.1,0.7,0.8,0.0,0.6,0.4,0.8,,0.7,0.7,1.0,0.0,0.33,0.33,0.67,0.33,0.67,0.67,1.0,0.0,0.67,0.67,0.33,0.33,1.0,0.8,0.8,0.2,0.4,0.8,0.8,0.8,0.8,0.6,0.4,0.83,0.5,0.5
1862,0.3552634119987488,male,27.0,25_34,french,canadian_quebecois,bachelor,60k_to_80k,employed,3,1.0,widowed,1.0,3_4_persons,0.0,children_under_18,other_christian,0.5,quebec_city,type_2,,0.67,1.0,0.33,1.0,0.67,0.33,1.0,plq,conservative,0.67,0.5,0.67,0.67,1.0,0.67,0.67,0.33,1.0,0.0,0.0,0.67,1.0,adq,conservative,0.5,0.6,0.7,0.3,0.5,0.7,0.6,0.7,0.2,0.5,0.3,0.4,0.0,1.0,0.33,0.0,0.33,0.67,0.33,0.33,1.0,0.0,0.33,0.33,0.67,0.33,0.8,0.8,1.0,0.2,0.4,0.6,0.8,0.6,0.6,0.6,0.6,1.0,0.67,0.67
1863,1.5618207454681396,female,50.0,45_54,french,canadian_quebecois,,20k_to_40k,employed,25,1.0,,,,,no_children,,,,type_2,1.0,0.67,0.67,0.67,1.0,0.67,0.67,1.0,plq,ndp,0.67,0.75,0.67,,,1.0,1.0,0.0,1.0,0.0,,0.33,1.0,,,,,,,,,,,,,,,,,,,,,0.33,,,,0.33,0.67,,0.33,,,,,,,,,,,,,,0.67
1864,0.5400015711784363,female,59.0,55_64,french,canadian_quebecois,graduate,20k_to_40k,self_employed,24,1.0,widowed,1.0,5_plus_persons,0.0,children_18_plus,protestant,0.0,other,type_2,,1.0,0.67,0.33,1.0,0.33,0.0,1.0,pq,liberal,0.67,0.75,0.67,0.0,1.0,0.67,0.67,0.33,0.0,0.0,1.0,0.33,1.0,,green,0.55,0.4,0.3,0.4,0.6,0.3,0.5,0.5,0.7,,0.4,0.5,0.0,1.0,0.67,0.67,0.67,0.33,0.33,0.67,1.0,0.33,0.33,0.67,0.67,0.33,,,,0.2,0.6,,0.8,0.8,,,,,0.5,
1865,0.926587700843811,female,30.0,25_34,french,canadian_quebecois,college_cegep,,employed,16,1.0,widowed,1.0,5_plus_persons,0.0,children_18_plus,protestant,0.0,other_regions,type_2,,0.67,0.67,0.33,1.0,0.33,0.67,1.0,plq,ndp,0.67,0.75,0.33,0.33,,0.67,1.0,0.0,1.0,0.0,1.0,0.67,1.0,other,conservative,0.05,0.75,0.7,0.6,0.9,0.05,0.6,0.75,0.6,0.8,0.5,0.75,0.0,1.0,0.0,0.67,,0.67,0.33,0.0,1.0,0.0,0.33,0.33,0.33,1.0,,0.6,,0.2,0.4,0.6,0.8,0.8,0.8,,0.6,,0.33,0.67
1866,0.5570399761199951,female,36.0,35_44,french,canadian_quebecois,college_cegep,,employed,3,1.0,widowed,1.0,5_plus_persons,0.0,no_children,protestant,0.5,other_regions,type_2,,0.67,0.67,0.0,0.33,0.67,0.67,1.0,adq,liberal,0.33,0.75,0.33,0.0,0.0,1.0,0.67,0.33,0.0,0.0,1.0,0.33,1.0,pq,ndp,0.8,0.9,0.8,0.5,0.5,0.0,0.8,0.65,0.5,,0.5,0.5,1.0,0.0,0.67,0.67,0.33,0.67,0.67,0.33,1.0,0.33,0.67,0.0,0.33,0.67,0.8,0.8,0.6,0.2,0.4,0.4,0.8,0.8,0.4,0.8,0.6,0.83,0.83,0.67
1867,0.2070583254098892,female,51.0,45_54,english,canadian_quebecois,bachelor,,homemaker,3,0.0,widowed,,2_persons,0.0,children_18_plus,,,,type_2,1.0,1.0,1.0,0.67,0.67,1.0,1.0,1.0,qs,ndp,0.33,0.75,0.67,0.67,0.5,1.0,1.0,0.33,1.0,1.0,1.0,0.33,0.0,,,0.5,0.0,0.1,,0.25,0.25,0.0,0.05,,0.1,0.0,0.5,0.0,,0.0,0.0,0.67,0.67,0.67,1.0,0.33,0.0,0.0,1.0,0.33,0.0,,,,0.2,,,,,,1.0,,0.17,0.17,0.17
1868,0.4079344272613525,female,60.0,55_64,french,canadian_quebecois,bachelor,,self_employed,6,1.0,divorced_separated,,2_persons,0.0,no_children,protestant,0.5,other_regions,type_2,,0.67,0.67,0.67,0.67,,0.33,1.0,plq,bloc,0.67,0.75,0.67,1.0,1.0,0.67,0.67,0.0,1.0,1.0,0.0,0.67,,adq,conservative,0.2,0.4,0.9,0.7,0.2,,0.1,0.9,0.8,,0.5,0.5,0.0,1.0,0.33,,1.0,0.33,,0.67,1.0,,0.67,0.67,0.67,0.33,,0.8,,0.6,0.6,0.6,0.8,0.8,0.8,,0.6,0.67,0.67,0.67
1869,1.1921813488006592,female,30.0,25_34,french,canadian_quebecois,college_cegep,60k_to_80k,employed,32,1.0,widowed,1.0,3_4_persons,0.0,children_under_18,other_christian,0.5,quebec_city,type_2,,1.0,0.67,0.67,0.33,0.67,0.67,1.0,plq,ndp,0.33,0.5,0.67,0.67,0.5,0.67,0.67,0.33,1.0,0.0,,0.33,,adq,,0.5,0.0,0.9,,,0.5,0.0,0.9,,,0.6,1.0,,,0.0,,,0.67,0.33,1.0,0.33,0.67,1.0,0.33,0.33,0.33,0.6,0.6,0.6,0.6,0.6,0.6,0.6,0.6,0.6,0.6,0.6,0.67,0.67,0.67
1870,1.1921813488006592,female,30.0,25_34,french,canadian_quebecois,bachelor,100k_to_120k,employed,4,1.0,widowed,1.0,3_4_persons,0.0,,other_christian,0.5,quebec_city,type_2,,1.0,0.67,0.67,1.0,0.67,1.0,1.0,other,other,0.33,0.75,1.0,0.67,,0.33,,0.33,0.0,0.0,,0.67,,adq,conservative,0.3,0.9,0.9,0.9,,0.0,0.5,0.8,0.85,,0.6,0.6,,,0.33,,0.67,0.33,0.33,0.33,1.0,,0.67,0.67,0.67,0.33,,0.6,,0.2,,0.6,0.8,0.4,0.6,,0.6,0.67,0.5,0.67
1871,1.5512259006500244,male,38.0,35_44,english,canadian_quebecois,graduate,40k_to_60k,employed,26,0.0,widowed,1.0,5_plus_persons,0.0,both,,,montreal,type_2,1.0,0.67,0.67,0.67,0.0,0.0,1.0,1.0,adq,liberal,0.0,0.5,0.33,0.0,0.5,0.0,0.0,0.67,0.0,,0.0,1.0,0.0,plq,,0.25,0.1,0.15,0.0,0.1,0.65,0.15,0.75,0.01,0.01,0.8,0.8,0.0,0.0,0.0,0.33,0.0,0.33,0.67,1.0,0.33,0.0,0.0,1.0,1.0,0.33,1.0,1.0,1.0,1.0,1.0,1.0,1.0,1.0,1.0,,1.0,1.0,1.0,0.67
1872,2.670271873474121,male,40.0,35_44,french,canadian_quebecois,college_cegep,80k_to_100k,employed,6,1.0,widowed,1.0,,,,no_religion,0.5,other,type_2,,0.67,0.67,0.33,1.0,0.33,0.33,1.0,adq,conservative,0.33,0.5,0.33,0.0,0.0,0.0,0.67,0.33,0.0,,0.0,0.67,1.0,other,,0.4,0.4,0.33,0.1,0.6,0.3,0.3,0.15,0.15,0.5,0.6,0.6,,1.0,0.0,0.33,,0.33,0.67,0.0,,0.0,0.0,0.67,0.67,0.33,1.0,0.8,,0.2,,,,,,1.0,,,0.33,0.33
1873,0.4079344272613525,female,58.0,55_64,french,canadian_quebecois,college_cegep,20k_to_40k,employed,6,1.0,widowed,0.0,2_persons,0.0,no_children,protestant,1.0,other_regions,type_2,,1.0,0.67,0.67,1.0,0.67,0.33,1.0,pq,ndp,1.0,1.0,0.67,0.67,1.0,1.0,0.67,0.33,1.0,,0.0,0.33,1.0,qs,conservative,0.0,0.8,0.06,1.0,0.07,0.0,0.2,0.2,1.0,0.7,1.0,0.8,0.0,1.0,1.0,0.67,1.0,0.33,0.67,0.67,1.0,0.33,0.33,1.0,0.67,0.0,0.4,0.4,0.6,0.2,0.4,0.4,0.8,0.4,0.4,0.8,0.4,0.5,0.5,0.5
1874,0.6404670476913452,female,46.0,45_54,english,other,college_cegep,under_20k,employed,6,0.0,widowed,1.0,5_plus_persons,,no_children,catholic,0.5,montreal,type_2,,1.0,0.33,0.33,1.0,0.0,0.33,1.0,plq,ndp,0.33,0.5,0.0,0.67,0.5,,0.67,0.33,0.0,1.0,,0.67,,plq,ndp,0.75,0.0,0.72,0.0,0.88,0.74,0.08,0.72,0.78,0.71,0.0,0.71,,,0.0,,0.67,0.33,0.33,1.0,,0.67,,0.67,,,1.0,,,1.0,1.0,,,,1.0,,,0.67,0.67,0.67
1875,0.4301224946975708,female,21.0,18_24,french,canadian_quebecois,college_cegep,under_20k,employed,3,1.0,widowed,1.0,3_4_persons,0.0,children_under_18,,,monteregie,type_2,0.0,0.67,1.0,0.33,1.0,0.67,0.33,1.0,qs,other,0.67,0.5,0.67,0.33,0.5,0.67,0.67,0.33,1.0,,,0.33,1.0,pq,green,0.5,0.9,0.5,,0.85,0.5,0.5,0.5,0.5,0.5,0.5,0.7,0.0,1.0,0.33,,0.67,0.67,,0.33,,0.0,0.67,,,,0.8,0.8,,0.2,,0.8,,,,,0.8,1.0,,
1876,0.926587700843811,female,32.0,25_34,french,canadian_quebecois,college_cegep,,employed,14,1.0,divorced_separated,1.0,3_4_persons,1.0,no_children,protestant,0.5,other_regions,type_2,,0.67,1.0,0.67,1.0,0.67,0.0,1.0,plq,other,0.0,0.5,0.33,0.67,1.0,1.0,1.0,0.0,1.0,1.0,1.0,0.0,1.0,adq,conservative,0.0,0.8,0.8,,0.9,0.0,0.9,0.95,,,0.5,0.6,0.0,1.0,0.67,1.0,0.33,1.0,0.67,0.67,1.0,0.0,0.0,0.0,0.33,0.0,0.4,,0.6,0.2,,0.6,0.8,0.8,0.6,,0.6,0.17,0.17,0.67
1877,0.1318823248147964,female,59.0,55_64,french,canadian_quebecois,college_cegep,,self_employed,12,1.0,single,0.0,2_persons,1.0,no_children,other_christian,1.0,quebec_city,type_2,,1.0,0.67,0.0,0.0,0.67,0.33,1.0,plq,conservative,1.0,0.5,0.33,0.67,0.5,1.0,0.67,0.33,1.0,1.0,1.0,0.67,1.0,adq,liberal,0.75,0.0,0.9,0.0,0.1,0.75,0.0,0.9,0.0,0.0,0.0,0.8,0.0,1.0,0.0,0.67,1.0,0.67,0.67,1.0,0.33,1.0,1.0,0.33,0.33,,0.6,0.6,0.6,1.0,0.6,0.6,0.6,0.6,0.6,0.6,0.6,1.0,0.67,0.67
1878,0.9275031685829164,female,67.0,65_plus,french,canadian_quebecois,college_cegep,,,6,1.0,divorced_separated,1.0,,0.0,no_children,catholic,0.5,montreal,type_2,,0.67,0.67,0.33,0.67,0.67,0.33,1.0,plq,ndp,0.67,0.75,0.67,0.67,0.5,0.33,0.33,0.67,0.0,,0.0,0.67,1.0,plq,ndp,0.7,0.0,0.3,0.0,,0.6,0.0,0.4,,,0.0,0.5,0.0,,1.0,,0.67,0.33,1.0,1.0,1.0,0.33,1.0,0.67,0.67,0.67,1.0,1.0,1.0,,0.6,1.0,1.0,1.0,1.0,1.0,1.0,1.0,0.67,0.67
1879,0.1318823248147964,female,56.0,55_64,french,canadian_quebecois,graduate,40k_to_60k,self_employed,3,1.0,widowed,1.0,5_plus_persons,0.0,children_under_18,protestant,1.0,other_regions,type_2,,1.0,1.0,0.33,0.33,0.33,0.33,1.0,adq,liberal,1.0,0.75,0.33,0.33,1.0,0.67,0.67,0.67,,0.0,0.0,0.67,0.0,pq,bloc,0.5,0.9,0.1,0.8,0.6,0.3,0.8,0.05,0.75,0.6,0.9,0.4,1.0,1.0,0.67,0.67,0.67,0.0,0.33,0.67,1.0,0.0,0.0,0.67,0.67,0.0,0.8,0.8,0.8,0.2,0.8,0.8,0.8,0.8,0.8,0.8,0.8,0.83,0.83,0.83
1880,1.627670168876648,male,,,french,canadian_quebecois,,,,5,0.0,married,1.0,2_persons,1.0,no_children,catholic,0.0,montreal,type_2,,1.0,0.33,0.33,1.0,0.33,0.0,1.0,plq,ndp,1.0,0.0,0.67,0.33,0.5,0.67,0.33,0.0,1.0,0.0,1.0,0.0,1.0,plq,ndp,0.75,0.0,0.75,0.0,0.0,0.2,0.0,0.3,0.05,0.05,0.0,0.95,1.0,0.0,1.0,0.33,1.0,0.0,0.67,1.0,,0.0,0.0,0.67,0.33,0.0,,,1.0,,0.6,1.0,1.0,1.0,1.0,1.0,,1.0,0.17,
1881,1.119264006614685,male,22.0,18_24,other,canadian_quebecois,bachelor,under_20k,,6,0.0,widowed,1.0,3_4_persons,0.0,children_under_18,,,outaouais,type_2,1.0,0.67,0.67,0.0,0.67,0.67,1.0,1.0,adq,liberal,0.33,0.5,0.67,0.67,0.5,0.67,0.67,0.0,1.0,1.0,1.0,0.0,0.0,other,bloc,0.3,0.2,0.8,0.65,0.75,0.0,0.01,0.6,,0.75,0.4,0.75,1.0,1.0,0.0,0.0,0.67,0.67,0.67,1.0,,0.33,1.0,0.67,0.67,0.0,0.6,0.6,0.6,0.2,,,0.8,0.8,0.2,1.0,0.4,0.17,0.33,0.5
1882,2.7544994354248047,female,,,,,bachelor,,employed,24,,,,,,,,,,type_2,,,,,,,,1.0,,,,,,,,,,,,,,,,,,,,,,,,,,,,,,,,,,,,,,,,,,,,,,,,,,,,,,,,,
1883,0.6765576601028442,male,56.0,55_64,french,canadian_quebecois,college_cegep,,self_employed,26,1.0,widowed,,5_plus_persons,1.0,no_children,,,other,type_2,1.0,1.0,0.67,0.67,0.67,0.67,0.67,1.0,plq,ndp,0.33,0.75,0.33,1.0,0.5,0.67,1.0,0.0,1.0,0.0,0.0,0.67,0.0,,,0.5,0.2,0.5,,,0.6,0.2,0.6,,,0.8,0.8,1.0,,0.0,0.67,0.67,0.67,0.33,1.0,0.33,0.33,0.67,0.67,0.33,0.0,,,,,,0.6,,1.0,0.6,,,1.0,,0.67
1884,0.7158807516098022,male,58.0,55_64,french,canadian_quebecois,college_cegep,40k_to_60k,,5,1.0,divorced_separated,0.0,1_person,1.0,no_children,,,,type_2,0.0,1.0,1.0,0.67,0.67,1.0,0.33,1.0,adq,liberal,0.33,0.75,0.67,1.0,0.5,0.67,0.67,0.33,1.0,0.0,1.0,0.67,1.0,,,0.6,0.6,0.6,0.2,0.5,0.5,0.4,0.6,0.4,0.4,0.5,0.8,0.0,1.0,0.33,0.67,0.67,0.67,0.33,1.0,1.0,0.67,0.67,0.67,0.67,0.33,0.6,0.6,0.6,0.6,0.6,0.6,0.6,0.8,0.6,0.6,0.6,0.67,0.67,0.67
1885,1.2265689373016355,female,30.0,25_34,french,canadian_quebecois,high_school,20k_to_40k,employed,8,1.0,widowed,,,1.0,no_children,,,monteregie,type_2,0.0,0.67,0.67,1.0,0.33,,0.67,0.0,plq,other,,1.0,1.0,0.33,1.0,1.0,1.0,0.0,1.0,0.0,,0.33,1.0,,,0.48,0.3,0.7,0.73,0.0,0.6,0.25,0.8,,,0.6,0.8,0.0,,0.67,1.0,0.33,1.0,0.33,,1.0,1.0,0.33,0.0,0.67,0.0,,,,,,0.6,,,,,,0.67,0.67,0.67
1886,0.5101058483123779,male,20.0,18_24,french,canadian_quebecois,bachelor,under_20k,,3,1.0,divorced_separated,1.0,3_4_persons,0.0,children_under_18,protestant,0.5,montreal,type_2,,1.0,1.0,0.67,1.0,0.33,0.33,1.0,plq,bloc,0.67,0.75,1.0,0.33,1.0,0.33,0.33,0.67,0.0,0.0,0.0,0.67,1.0,pq,liberal,0.8,0.9,0.7,0.6,0.5,0.75,0.8,0.6,0.5,,0.75,0.75,0.0,1.0,0.33,0.33,0.67,0.67,1.0,0.67,1.0,0.0,0.0,0.67,0.33,0.0,1.0,0.8,,0.2,,0.8,0.8,0.6,1.0,,0.6,1.0,0.67,0.67
1887,0.7158807516098022,male,63.0,55_64,french,canadian_quebecois,college_cegep,20k_to_40k,employed,17,1.0,divorced_separated,1.0,2_persons,1.0,children_18_plus,catholic,1.0,montreal,type_2,,1.0,0.67,0.67,1.0,0.67,1.0,1.0,plq,ndp,0.67,0.5,0.67,0.0,0.5,0.67,0.33,1.0,0.0,,0.0,0.0,0.0,plq,ndp,0.99,0.1,0.3,0.0,0.1,1.0,0.0,0.3,0.0,0.1,0.3,0.9,0.0,1.0,0.0,1.0,1.0,0.0,1.0,1.0,0.33,0.0,0.67,1.0,1.0,0.67,1.0,1.0,1.0,1.0,1.0,1.0,1.0,1.0,1.0,1.0,1.0,1.0,1.0,1.0
1888,1.4374099969863892,male,70.0,65_plus,french,canadian_quebecois,bachelor,,self_employed,15,1.0,widowed,0.0,5_plus_persons,0.0,no_children,,,quebec_city,type_2,0.0,1.0,0.67,0.33,0.67,1.0,1.0,1.0,plq,ndp,0.33,0.5,0.33,1.0,0.5,0.33,1.0,0.67,1.0,0.0,1.0,0.33,1.0,plq,ndp,0.6,0.3,0.4,0.0,0.0,0.8,0.1,0.5,0.0,0.1,0.1,0.7,1.0,0.0,0.0,0.67,1.0,0.67,0.33,1.0,1.0,0.0,0.0,0.0,0.33,0.33,1.0,1.0,1.0,0.2,0.4,1.0,1.0,0.8,1.0,1.0,1.0,1.0,1.0,1.0
1889,0.7158807516098022,male,60.0,55_64,french,canadian_quebecois,college_cegep,100k_to_120k,self_employed,33,1.0,divorced_separated,0.0,2_persons,1.0,no_children,,,other_regions,type_2,1.0,1.0,1.0,0.67,0.67,0.67,0.67,1.0,plq,ndp,0.33,0.75,0.67,0.33,1.0,0.67,0.67,0.33,1.0,,1.0,0.33,1.0,adq,conservative,0.3,0.5,0.75,0.25,0.15,0.3,0.3,0.6,0.2,,0.75,0.8,0.0,1.0,0.67,0.67,0.0,0.67,0.67,0.67,1.0,0.33,0.67,1.0,0.67,0.33,0.8,0.6,0.6,0.8,0.6,0.6,0.8,0.8,0.6,0.6,0.6,0.67,0.67,0.67
1890,0.4079344272613525,female,59.0,55_64,french,other,college_cegep,,,6,1.0,widowed,1.0,3_4_persons,0.0,children_18_plus,protestant,0.5,other_regions,type_2,,1.0,1.0,1.0,1.0,1.0,1.0,1.0,plq,,1.0,1.0,0.33,0.33,1.0,1.0,1.0,0.33,1.0,0.0,1.0,0.0,0.0,pq,,0.2,0.8,0.0,0.2,0.2,0.2,0.9,0.0,0.15,0.1,0.8,0.25,0.0,1.0,1.0,0.0,0.67,0.0,0.67,0.67,1.0,0.0,0.0,0.0,0.33,0.33,0.8,0.8,0.8,0.8,0.8,0.8,0.8,0.8,0.8,0.8,0.8,0.83,0.83,0.83
1891,1.828485131263733,male,50.0,45_54,french,canadian_quebecois,bachelor,100k_to_120k,employed,13,1.0,widowed,1.0,3_4_persons,0.0,children_under_18,protestant,1.0,other_regions,type_2,,1.0,1.0,0.33,1.0,0.67,0.33,1.0,adq,other,1.0,0.75,0.67,0.33,1.0,0.67,0.67,0.33,0.0,0.0,0.0,0.67,1.0,pq,bloc,0.2,1.0,0.1,0.6,0.6,0.2,1.0,0.1,0.6,0.6,0.6,0.7,0.0,1.0,0.67,0.33,0.67,0.33,0.33,0.67,1.0,0.33,0.33,0.67,1.0,0.33,0.8,0.8,0.8,0.8,0.8,0.8,0.8,0.8,0.8,0.8,0.8,0.83,0.83,0.83
1892,1.5382611751556396,male,,,french,canadian_quebecois,college_cegep,20k_to_40k,self_employed,25,1.0,widowed,1.0,5_plus_persons,0.0,children_under_18,protestant,0.0,,type_2,,1.0,1.0,0.67,1.0,0.67,0.67,1.0,plq,bloc,0.33,1.0,0.67,0.67,1.0,1.0,1.0,0.33,1.0,0.0,1.0,0.33,1.0,,,0.65,0.6,0.6,0.7,0.6,0.12,0.13,0.14,0.85,,0.75,0.75,0.0,1.0,0.0,0.67,1.0,1.0,0.33,0.67,1.0,0.0,0.33,0.67,1.0,0.0,0.6,0.6,0.6,0.2,0.4,0.4,0.4,0.4,0.6,0.6,0.4,0.5,0.5,0.5
1893,1.626064658164978,male,30.0,25_34,french,canadian_quebecois,graduate,20k_to_40k,employed,32,1.0,divorced_separated,0.0,,0.0,children_under_18,catholic,1.0,quebec_city,type_2,,0.67,1.0,0.33,0.33,0.33,0.33,1.0,,liberal,0.0,0.5,0.67,0.0,0.5,0.33,0.0,1.0,0.0,,0.0,1.0,1.0,plq,,0.9,0.0,0.6,0.0,0.25,0.95,0.0,0.75,0.0,0.25,0.12,1.0,1.0,1.0,0.0,1.0,1.0,0.0,1.0,1.0,0.33,,1.0,1.0,0.67,1.0,1.0,1.0,1.0,0.2,1.0,1.0,1.0,1.0,1.0,1.0,1.0,1.0,0.67,1.0
1894,0.5400015711784363,female,59.0,55_64,french,canadian_quebecois,high_school,under_20k,employed,26,1.0,divorced_separated,0.0,3_4_persons,1.0,no_children,catholic,0.0,montreal,type_2,,0.67,0.67,0.67,0.33,0.67,0.67,1.0,plq,conservative,0.33,0.75,0.67,0.67,0.5,0.67,1.0,0.67,1.0,1.0,1.0,0.33,1.0,plq,ndp,,,,,,0.69,,0.6,,,0.7,0.7,0.0,1.0,0.0,0.0,,1.0,1.0,0.0,1.0,0.67,1.0,1.0,1.0,0.33,1.0,1.0,1.0,1.0,1.0,1.0,1.0,0.8,0.6,0.6,1.0,1.0,1.0,1.0
1895,1.828485131263733,male,47.0,45_54,french,canadian_quebecois,high_school,40k_to_60k,employed,16,1.0,widowed,,3_4_persons,0.0,children_under_18,,,monteregie,type_2,0.0,1.0,0.67,0.67,0.33,0.67,0.0,1.0,plq,ndp,0.33,0.5,0.67,0.67,0.5,1.0,1.0,0.0,1.0,,1.0,0.67,1.0,adq,,0.7,0.7,0.75,0.5,0.5,0.5,0.3,0.6,0.2,0.2,0.5,0.4,1.0,0.0,0.0,0.33,1.0,0.67,0.33,0.33,,0.0,0.33,0.67,0.33,0.33,,,,,,,,,,,,0.67,0.0,0.17
1896,0.4079344272613525,female,59.0,55_64,french,canadian_quebecois,high_school,40k_to_60k,employed,6,1.0,divorced_separated,0.0,2_persons,1.0,no_children,other_christian,0.5,quebec_city,type_2,,1.0,0.67,1.0,0.67,0.67,0.0,1.0,plq,ndp,0.33,0.75,0.67,0.33,0.5,1.0,1.0,0.0,1.0,0.0,1.0,0.33,1.0,adq,bloc,0.25,0.3,0.75,0.6,0.1,0.0,0.25,0.85,,,0.5,0.1,0.0,1.0,0.0,0.0,1.0,0.33,0.67,0.0,1.0,0.33,0.0,0.33,0.0,0.0,,0.6,,0.2,,0.6,0.8,0.8,0.6,0.6,0.6,0.67,0.67,0.67
1897,0.1318823248147964,female,55.0,45_54,french,canadian_quebecois,bachelor,100k_to_120k,employed,12,1.0,divorced_separated,1.0,,0.0,children_under_18,protestant,0.5,other_regions,type_2,,1.0,1.0,0.67,0.33,,,0.0,plq,ndp,0.33,0.75,1.0,0.33,1.0,0.33,0.67,0.33,0.0,0.0,1.0,0.33,1.0,,,0.2,0.7,0.3,,,0.2,0.5,0.3,,,0.9,0.5,0.0,1.0,0.67,,0.67,0.67,0.67,0.67,1.0,,0.33,,0.67,0.33,,,,,,,0.8,0.8,,,,,0.5,0.5
1898,0.3911031782627105,female,57.0,55_64,french,canadian_quebecois,high_school,100k_to_120k,self_employed,1,1.0,widowed,,5_plus_persons,0.0,,other_religion,0.5,outaouais,type_2,,0.67,0.67,0.67,1.0,0.67,0.33,1.0,plq,ndp,0.33,1.0,0.67,0.33,1.0,0.33,0.67,0.33,1.0,0.0,1.0,0.67,,qs,conservative,0.4,0.5,0.4,0.8,,0.4,0.5,0.4,0.8,,0.8,0.8,0.0,1.0,0.33,0.67,0.67,0.67,0.33,0.0,1.0,0.33,0.33,0.67,0.67,0.33,,0.8,1.0,0.8,0.4,,0.8,0.8,0.8,0.6,0.4,1.0,0.5,
1899,1.330445408821106,female,24.0,18_24,french,other,college_cegep,60k_to_80k,retired,6,1.0,divorced_separated,0.0,5_plus_persons,0.0,no_children,catholic,0.5,montreal,type_2,,1.0,1.0,0.33,0.67,0.33,1.0,1.0,plq,other,0.33,0.75,0.33,1.0,0.5,0.67,0.67,0.33,1.0,,0.0,0.33,1.0,plq,ndp,0.75,0.2,0.45,,0.6,0.75,0.65,0.75,,,0.65,0.5,,1.0,0.0,,0.67,1.0,0.67,1.0,0.33,,1.0,0.67,1.0,0.33,,,,,,0.6,0.8,0.8,1.0,1.0,1.0,1.0,1.0,1.0
1900,0.8883579969406128,female,27.0,25_34,french,canadian_quebecois,bachelor,,employed,2,1.0,divorced_separated,1.0,3_4_persons,0.0,no_children,protestant,0.5,,type_2,,0.67,1.0,0.33,0.33,0.33,0.67,1.0,adq,liberal,0.33,0.5,0.33,0.33,1.0,0.67,0.67,0.33,1.0,0.0,1.0,0.67,0.0,,,0.0,0.9,0.1,,,0.0,0.8,0.2,,,,0.5,,,0.33,0.0,0.67,0.33,0.67,0.67,1.0,,0.33,,0.67,0.33,0.8,0.8,,0.2,,0.6,0.8,,0.8,0.8,0.8,0.83,0.67,0.83
1901,0.6322008967399597,male,56.0,55_64,french,canadian_quebecois,graduate,20k_to_40k,employed,6,1.0,widowed,1.0,5_plus_persons,0.0,no_children,protestant,0.5,other_regions,type_2,,0.67,0.67,0.33,1.0,0.67,0.0,1.0,plq,conservative,1.0,0.5,0.33,1.0,1.0,0.67,0.67,0.33,0.0,0.0,1.0,0.33,1.0,pq,green,0.0,0.8,0.1,0.5,0.7,0.0,0.4,0.1,0.5,0.7,0.5,0.5,1.0,0.0,1.0,0.67,1.0,0.0,0.33,0.67,1.0,0.0,,1.0,0.67,0.33,,0.8,,0.2,,,0.8,0.8,,0.6,0.4,0.17,0.5,0.67
1902,1.4374099969863892,male,78.0,65_plus,french,canadian_quebecois,bachelor,40k_to_60k,self_employed,16,1.0,single,0.0,2_persons,1.0,children_under_18,catholic,0.0,quebec_city,type_2,,0.67,1.0,0.67,0.67,0.67,1.0,1.0,adq,liberal,1.0,0.5,0.33,0.0,0.5,0.67,0.67,0.33,1.0,0.0,0.0,0.67,1.0,plq,,0.8,0.3,0.3,0.1,0.0,0.8,0.4,0.5,0.2,0.2,0.6,0.7,1.0,0.0,0.0,,0.67,0.0,1.0,1.0,0.33,0.33,0.67,0.67,0.67,0.67,1.0,1.0,1.0,1.0,1.0,1.0,1.0,1.0,1.0,1.0,1.0,1.0,1.0,1.0
1903,2.2808401584625244,female,40.0,35_44,french,canadian_quebecois,high_school,80k_to_100k,employed,8,1.0,widowed,,5_plus_persons,0.0,no_children,,,monteregie,type_2,0.0,1.0,1.0,0.33,0.33,0.0,0.67,1.0,plq,bloc,0.33,0.75,0.67,0.33,1.0,1.0,0.67,0.0,0.0,1.0,1.0,,0.0,pq,green,0.35,0.45,0.35,,,0.0,0.25,0.3,,,0.0,0.5,0.0,,,0.0,,1.0,0.67,0.33,1.0,,,0.0,0.33,0.0,,,,,,,,0.8,,,,0.17,0.17,0.67
1904,1.956773042678833,male,47.0,45_54,french,canadian_quebecois,high_school,20k_to_40k,employed,25,1.0,widowed,1.0,5_plus_persons,0.0,children_under_18,protestant,0.5,other_regions,type_2,,0.67,0.67,0.67,0.67,0.67,0.33,1.0,plq,ndp,0.67,0.0,0.67,0.33,1.0,,0.33,0.67,1.0,0.0,1.0,0.67,0.0,pq,green,0.4,0.8,,,0.9,,0.6,,,0.9,1.0,0.8,1.0,1.0,0.33,0.33,1.0,0.67,0.67,0.67,1.0,0.0,0.33,0.67,0.67,0.33,0.8,0.8,0.8,0.2,0.8,0.8,0.8,0.8,0.8,0.8,0.8,0.83,0.83,0.83
1905,0.4079344272613525,female,59.0,55_64,french,canadian_quebecois,bachelor,20k_to_40k,self_employed,6,1.0,single,0.0,1_person,1.0,no_children,protestant,1.0,other_regions,type_2,,1.0,1.0,0.67,0.67,0.67,0.67,1.0,plq,conservative,1.0,1.0,0.67,0.67,1.0,0.67,0.67,0.33,1.0,1.0,1.0,0.67,1.0,pq,ndp,0.25,0.95,0.6,0.0,0.15,0.0,0.8,0.6,,,0.5,0.95,0.0,1.0,0.0,0.33,1.0,0.0,0.67,0.67,1.0,,0.67,0.67,0.67,0.33,0.8,0.8,0.8,0.8,0.8,0.6,0.8,0.8,0.8,0.8,0.8,0.83,0.83,0.83
1906,2.4493582248687744,male,49.0,45_54,french,canadian_quebecois,high_school,20k_to_40k,employed,2,1.0,divorced_separated,1.0,3_4_persons,0.0,children_18_plus,protestant,0.5,other_regions,type_2,,0.67,0.33,0.33,0.33,0.67,0.33,1.0,plq,conservative,1.0,0.75,0.67,0.33,0.5,0.67,0.67,0.33,1.0,1.0,0.0,0.67,1.0,pq,ndp,0.0,0.5,1.0,0.1,0.1,,0.1,1.0,,,0.05,0.5,0.0,1.0,0.33,0.33,0.67,0.0,1.0,0.67,0.33,0.67,0.67,0.67,0.67,0.0,0.6,0.6,0.6,0.6,0.6,0.6,0.6,0.8,0.8,0.6,0.6,0.67,0.67,0.67
1907,1.4359921216964722,male,27.0,25_34,french,canadian_quebecois,graduate,under_20k,employed,13,1.0,widowed,1.0,5_plus_persons,1.0,no_children,,,other_regions,type_2,0.0,0.67,1.0,0.67,1.0,0.0,0.33,1.0,,,0.0,0.5,0.67,0.33,1.0,0.67,1.0,0.0,1.0,0.0,,1.0,0.0,other,,0.0,0.9,,,0.1,,,,,,0.0,1.0,,0.0,0.67,0.33,0.67,0.33,0.67,0.67,1.0,0.0,,,,1.0,,,,0.2,,,0.8,0.8,0.8,,,0.17,0.83,0.83
1908,1.123952031135559,male,45.0,35_44,other,canadian_quebecois,graduate,over_150k,employed,4,1.0,widowed,0.0,5_plus_persons,0.0,no_children,,,eastern_quebec,type_2,0.0,0.67,0.67,0.33,0.33,0.67,0.33,1.0,pq,ndp,0.67,0.75,1.0,0.67,1.0,0.67,0.67,0.33,1.0,0.0,1.0,0.67,1.0,qs,ndp,0.1,0.1,0.3,0.3,0.3,0.2,0.0,0.4,0.1,0.1,0.0,0.8,0.0,1.0,0.0,0.67,0.67,1.0,0.33,0.0,,0.67,1.0,0.67,0.67,0.67,,0.6,,0.2,,,1.0,0.8,,,0.6,0.67,0.17,0.17
1909,1.4374099969863892,male,,,french,canadian_quebecois,college_cegep,over_150k,,6,1.0,common_law,0.0,2_persons,0.0,no_children,,,quebec_city,type_2,1.0,1.0,0.0,0.67,0.67,0.67,0.33,1.0,,other,0.33,0.5,0.0,1.0,0.5,1.0,1.0,0.0,1.0,0.0,1.0,0.33,1.0,,,0.5,0.0,0.5,0.0,0.0,0.6,0.0,0.4,,,0.0,0.8,0.0,1.0,0.0,0.33,0.67,0.0,1.0,1.0,0.33,0.0,1.0,0.0,1.0,0.67,1.0,1.0,1.0,0.6,0.6,0.6,1.0,1.0,1.0,1.0,,1.0,,0.67
1910,0.3911031782627105,female,61.0,55_64,french,canadian_quebecois,college_cegep,40k_to_60k,employed,2,1.0,widowed,1.0,2_persons,1.0,no_children,protestant,0.5,other_regions,type_2,,1.0,1.0,0.67,1.0,0.67,0.67,1.0,plq,bloc,1.0,0.75,0.67,1.0,1.0,0.67,0.67,0.33,1.0,0.0,1.0,0.33,,adq,conservative,0.1,0.95,0.75,0.5,0.2,0.0,0.8,0.8,,,0.5,0.3,0.0,1.0,0.67,,0.0,0.33,0.33,0.67,1.0,0.0,,,0.67,0.33,0.8,0.6,,0.2,0.8,0.6,0.8,0.8,0.8,,0.6,0.83,0.67,0.67
1911,0.8468688726425171,male,61.0,55_64,french,canadian_quebecois,high_school,40k_to_60k,unemployed,2,1.0,widowed,0.0,1_person,1.0,no_children,protestant,1.0,other_regions,type_2,,1.0,1.0,1.0,0.67,1.0,1.0,1.0,plq,bloc,0.67,1.0,1.0,0.67,1.0,1.0,0.67,0.0,1.0,1.0,1.0,0.33,1.0,pq,ndp,0.0,0.75,0.5,,0.25,0.0,1.0,0.75,,,0.0,0.5,1.0,1.0,1.0,1.0,1.0,1.0,0.67,0.67,1.0,1.0,1.0,,1.0,0.67,0.8,0.8,0.8,0.8,0.8,0.8,0.8,0.8,0.8,0.8,0.8,0.83,0.17,0.83
1912,1.131169080734253,female,46.0,45_54,french,canadian_quebecois,high_school,,employed,2,1.0,,1.0,3_4_persons,0.0,children_under_18,,,eastern_quebec,type_2,,1.0,1.0,1.0,1.0,0.67,0.67,1.0,plq,ndp,0.67,0.75,0.33,0.33,0.5,0.67,0.67,0.33,1.0,0.0,,0.67,1.0,adq,green,0.1,0.4,0.65,0.5,0.7,0.1,0.7,0.7,0.65,0.7,0.75,0.5,,,0.0,0.67,0.67,0.33,0.33,1.0,1.0,,0.67,,0.67,0.0,0.6,0.6,0.6,,0.6,0.6,0.6,0.6,0.6,0.6,0.6,,,0.5
1913,1.7611688375473022,female,23.0,18_24,french,canadian_quebecois,college_cegep,under_20k,employed,25,1.0,widowed,1.0,,0.0,no_children,protestant,1.0,other_regions,type_2,,1.0,1.0,,1.0,,0.67,1.0,plq,ndp,0.67,0.75,0.67,,0.5,0.67,,0.0,1.0,0.0,1.0,0.33,,pq,green,0.1,1.0,0.2,0.5,0.9,0.0,0.9,0.35,,,0.5,0.5,0.0,,,,,,,,,,0.67,,0.33,0.33,,,,0.2,,,,0.8,0.8,,,,,
1914,1.5367439985275269,male,34.0,25_34,french,canadian_quebecois,bachelor,40k_to_60k,employed,7,1.0,widowed,1.0,3_4_persons,0.0,no_children,catholic,0.5,montreal,type_2,,0.67,0.33,0.67,1.0,0.67,0.67,1.0,qs,liberal,1.0,0.5,0.33,0.33,0.5,0.67,0.67,0.33,0.0,0.0,1.0,0.67,1.0,plq,ndp,0.4,0.1,0.25,0.0,0.25,0.45,0.1,0.3,0.0,0.1,0.2,0.25,0.0,1.0,0.0,0.67,0.33,0.67,0.33,1.0,1.0,0.0,0.33,0.33,0.67,0.33,,1.0,1.0,0.2,,0.6,0.8,1.0,1.0,1.0,1.0,1.0,1.0,0.67
1915,2.4493582248687744,male,54.0,45_54,french,canadian_quebecois,high_school,20k_to_40k,employed,2,1.0,divorced_separated,0.0,2_persons,1.0,no_children,protestant,0.5,other_regions,type_2,,1.0,0.67,1.0,0.33,1.0,0.0,1.0,plq,conservative,0.67,1.0,0.33,1.0,1.0,1.0,1.0,0.0,1.0,1.0,1.0,0.0,1.0,pq,ndp,0.0,0.05,0.05,0.0,0.0,0.0,0.03,0.04,0.0,0.0,0.6,0.66,0.0,1.0,0.0,0.67,0.33,0.67,0.33,0.33,1.0,0.0,1.0,0.33,0.33,1.0,0.8,0.8,,0.8,,0.6,0.8,0.8,0.8,,0.8,0.17,0.83,0.17
1916,0.8892355561256409,female,68.0,65_plus,french,canadian_quebecois,college_cegep,under_20k,self_employed,9,1.0,divorced_separated,0.0,3_4_persons,0.0,no_children,,,,type_2,0.0,,,0.67,0.33,0.67,0.67,,qs,liberal,0.33,0.75,0.67,1.0,0.5,1.0,1.0,0.33,1.0,0.0,1.0,0.33,1.0,,,0.5,,1.0,,,0.25,0.3,1.0,,,0.1,0.05,0.0,,0.0,0.0,0.67,0.67,0.67,0.33,1.0,0.0,,0.33,0.33,0.0,,0.6,,0.2,0.6,0.6,0.6,,,,0.6,0.67,0.67,0.67
1917,1.7230206727981567,female,41.0,35_44,french,canadian_quebecois,graduate,40k_to_60k,retired,16,1.0,widowed,1.0,5_plus_persons,0.0,children_under_18,protestant,0.5,monteregie,type_2,,1.0,1.0,1.0,1.0,1.0,1.0,1.0,plq,bloc,1.0,1.0,1.0,0.67,1.0,0.67,0.67,0.33,1.0,0.0,1.0,0.33,1.0,,,0.0,0.9,0.8,,0.7,0.0,0.9,0.8,,,,,0.0,,0.67,,0.67,,0.33,0.67,,,0.67,0.67,0.67,0.33,0.6,0.8,,0.2,0.8,0.6,0.8,0.8,0.8,,0.8,0.67,0.67,0.83
1918,0.6322008967399597,male,63.0,55_64,french,canadian_quebecois,college_cegep,,self_employed,14,1.0,widowed,1.0,3_4_persons,0.0,no_children,other_christian,0.5,quebec_city,type_2,,1.0,1.0,0.67,0.33,0.67,0.33,1.0,plq,ndp,0.67,0.5,0.67,0.67,0.5,1.0,1.0,0.33,1.0,0.0,,0.67,1.0,adq,,0.4,0.4,1.0,,,0.4,0.35,0.85,,,0.5,0.8,0.0,1.0,0.0,0.33,1.0,0.33,0.67,0.33,1.0,0.67,0.67,0.67,1.0,0.33,,0.6,,,0.8,0.6,,0.8,,,0.6,0.67,0.67,0.67
1919,2.4493582248687744,male,49.0,45_54,french,canadian_quebecois,college_cegep,over_150k,employed,9,1.0,married,1.0,,0.0,children_under_18,other_christian,1.0,quebec_city,type_2,,1.0,1.0,0.33,0.67,1.0,0.67,1.0,plq,ndp,0.67,0.5,0.67,0.33,0.5,0.67,0.67,0.67,0.0,,0.0,1.0,1.0,adq,liberal,0.8,0.2,0.9,,,0.8,0.05,0.9,,,0.75,0.9,0.0,1.0,0.0,1.0,0.33,0.67,1.0,1.0,1.0,0.0,0.67,0.67,0.67,0.67,1.0,1.0,1.0,1.0,0.6,0.6,0.6,1.0,0.6,0.6,0.6,1.0,0.67,0.67
1920,0.1564060449600219,male,59.0,55_64,french,canadian_quebecois,college_cegep,80k_to_100k,self_employed,12,1.0,divorced_separated,1.0,2_persons,0.0,no_children,catholic,0.5,quebec_city,type_2,,1.0,1.0,0.33,0.67,0.67,0.67,1.0,plq,ndp,0.0,0.5,0.67,0.33,0.5,0.67,0.67,0.33,1.0,0.0,1.0,1.0,1.0,plq,ndp,0.7,0.05,0.15,0.0,0.1,0.7,0.25,0.8,0.05,0.0,0.6,0.8,0.0,1.0,1.0,0.33,1.0,0.33,1.0,1.0,1.0,0.0,1.0,1.0,0.67,0.33,1.0,1.0,1.0,0.6,0.6,0.6,1.0,1.0,0.6,1.0,0.6,1.0,0.67,0.67
1921,0.1318823248147964,female,60.0,55_64,french,canadian_quebecois,high_school,20k_to_40k,,12,1.0,divorced_separated,0.0,3_4_persons,0.0,children_under_18,other_christian,1.0,quebec_city,type_2,,0.67,0.67,0.67,0.67,0.33,0.33,1.0,plq,ndp,0.67,0.75,1.0,0.67,0.5,1.0,0.67,0.33,1.0,0.0,1.0,0.33,,adq,liberal,0.45,0.35,0.75,0.45,0.5,0.35,0.3,0.85,0.5,,0.3,0.5,0.0,1.0,0.33,0.33,0.67,0.67,0.33,0.33,1.0,0.67,1.0,0.67,0.33,1.0,,0.6,0.6,0.2,0.6,0.6,0.6,0.6,0.6,,0.6,0.67,0.67,0.67
1922,0.6471615433692932,female,28.0,25_34,english,canadian_quebecois,college_cegep,20k_to_40k,employed,4,0.0,widowed,1.0,5_plus_persons,0.0,no_children,,,eastern_quebec,type_2,0.0,0.67,1.0,0.33,1.0,0.0,0.33,1.0,pq,,0.0,0.75,1.0,0.33,0.5,0.67,1.0,0.33,1.0,1.0,1.0,0.33,,other,ndp,0.4,0.0,0.6,,0.8,,,,,,,0.6,1.0,,0.0,0.67,0.33,0.67,,1.0,0.67,0.0,0.67,0.67,0.0,0.0,,,,0.2,,,0.8,0.8,,,,0.17,0.17,0.17
1923,1.7230206727981567,female,36.0,35_44,french,canadian_quebecois,bachelor,over_150k,homemaker,6,1.0,widowed,1.0,5_plus_persons,0.0,children_under_18,protestant,0.5,other_regions,type_2,,1.0,1.0,0.33,1.0,0.67,0.33,1.0,plq,ndp,1.0,0.75,0.67,0.33,1.0,0.67,1.0,0.33,1.0,0.0,1.0,0.67,1.0,pq,green,0.0,0.9,0.0,,0.8,0.0,0.6,0.0,,0.9,0.6,0.6,0.0,1.0,0.67,1.0,1.0,0.33,,0.67,1.0,0.33,0.33,0.67,0.67,0.0,0.8,0.8,0.8,0.2,0.4,0.4,0.8,0.8,0.8,0.8,0.4,0.17,0.5,0.5
1924,1.7230206727981567,female,38.0,35_44,french,canadian_quebecois,graduate,,employed,16,1.0,widowed,1.0,3_4_persons,1.0,children_under_18,protestant,0.5,other_regions,type_2,,1.0,1.0,0.33,1.0,0.67,0.67,1.0,pq,ndp,0.33,0.5,0.33,0.67,0.5,0.33,0.33,0.33,1.0,0.0,,0.67,0.0,pq,bloc,0.65,0.8,0.3,0.8,0.7,0.5,0.1,0.1,0.7,0.6,0.75,0.6,1.0,1.0,0.0,0.0,0.67,0.33,0.33,0.33,1.0,1.0,1.0,0.67,0.33,0.0,1.0,0.8,1.0,0.2,0.8,0.8,0.8,0.4,,1.0,0.8,0.17,0.5,0.67
1925,1.4374099969863892,male,65.0,55_64,french,canadian_quebecois,college_cegep,40k_to_60k,,16,1.0,married,1.0,2_persons,0.0,no_children,,,quebec_city,type_2,0.0,0.67,0.67,0.67,0.67,0.67,0.33,1.0,adq,liberal,,0.75,0.67,1.0,1.0,0.67,0.67,0.33,1.0,0.0,1.0,1.0,1.0,adq,liberal,0.6,0.6,0.5,,,0.5,0.65,0.75,,,0.65,0.8,1.0,1.0,0.0,,1.0,0.33,0.33,0.33,1.0,0.0,1.0,0.33,1.0,0.67,0.6,0.6,,1.0,0.8,0.6,0.8,0.8,0.6,,0.8,,0.67,0.67
1926,1.5382611751556396,male,65.0,55_64,french,canadian_quebecois,bachelor,40k_to_60k,self_employed,7,1.0,widowed,0.0,,0.0,children_under_18,catholic,0.5,montreal,type_2,,1.0,0.33,0.33,0.67,0.33,0.67,1.0,plq,bloc,0.67,0.5,0.0,0.67,0.5,0.33,0.33,0.67,0.0,,0.0,0.67,1.0,plq,,0.9,0.0,0.1,0.0,0.0,0.9,0.0,0.1,0.0,0.0,0.0,0.5,1.0,0.0,0.0,,1.0,0.0,1.0,1.0,1.0,0.0,1.0,1.0,1.0,0.67,1.0,1.0,1.0,1.0,1.0,,1.0,1.0,1.0,1.0,1.0,1.0,0.0,0.67
1927,0.6322008967399597,male,59.0,55_64,french,canadian_quebecois,graduate,over_150k,employed,6,1.0,widowed,1.0,5_plus_persons,0.0,children_under_18,protestant,0.5,other_regions,type_2,,0.67,0.33,0.33,1.0,0.67,0.0,1.0,adq,liberal,0.67,1.0,0.67,0.0,1.0,0.67,0.67,0.33,,,1.0,0.67,1.0,pq,bloc,0.1,0.6,0.15,0.5,0.2,0.05,0.4,0.4,0.15,0.2,0.75,0.75,1.0,1.0,0.33,0.67,0.67,0.33,0.33,0.67,1.0,0.0,0.0,0.67,0.67,0.33,,0.8,0.8,0.8,0.4,0.6,0.8,0.8,,1.0,0.8,0.17,0.0,0.67
1928,1.1933574676513672,female,68.0,65_plus,french,canadian_quebecois,high_school,,self_employed,4,1.0,divorced_separated,0.0,2_persons,1.0,no_children,,,,type_2,0.0,1.0,0.67,1.0,1.0,1.0,1.0,1.0,plq,ndp,0.33,1.0,0.67,1.0,,1.0,1.0,0.0,1.0,0.0,,0.33,,,,,,,,,,,0.1,,,,,,,0.33,0.0,,1.0,0.67,,,,0.33,0.67,,,,0.8,,,,0.8,,,,,,1.0,1.0,0.67
1929,1.418331265449524,male,59.0,55_64,other,other,high_school,40k_to_60k,self_employed,16,1.0,widowed,1.0,5_plus_persons,0.0,no_children,catholic,0.5,monteregie,type_2,,1.0,0.33,0.0,0.33,0.67,0.0,1.0,plq,bloc,0.0,0.0,0.0,0.67,0.5,0.0,0.67,0.33,1.0,0.0,0.0,1.0,1.0,plq,ndp,0.75,0.1,0.7,0.1,0.1,0.79,0.1,0.79,0.7,0.4,0.1,0.2,1.0,0.0,0.0,0.67,0.67,0.0,1.0,1.0,1.0,0.33,1.0,1.0,1.0,0.67,1.0,0.6,1.0,0.2,0.6,0.6,0.6,0.6,1.0,0.6,1.0,1.0,0.5,0.67
1930,1.131169080734253,female,46.0,45_54,french,canadian_quebecois,,,employed,2,1.0,widowed,1.0,3_4_persons,0.0,no_children,,,,type_2,0.0,1.0,0.67,1.0,0.67,,,1.0,,,,0.75,,1.0,1.0,1.0,1.0,0.0,1.0,0.0,,0.67,0.0,,,,,,,,0.1,0.3,0.25,,,0.5,,0.0,,0.67,,,0.67,,0.0,,,0.67,,,0.0,,,,,,,,,,,,,,0.17
1931,2.3347883224487305,male,22.0,18_24,french,canadian_quebecois,bachelor,under_20k,employed,33,1.0,single,,2_persons,0.0,children_18_plus,protestant,0.5,other_regions,type_2,,0.0,1.0,1.0,0.67,1.0,0.0,1.0,plq,bloc,1.0,1.0,1.0,0.0,1.0,0.67,1.0,0.33,,1.0,1.0,0.0,0.0,pq,bloc,0.0,0.07,0.0,0.07,0.01,0.0,0.06,0.0,0.06,0.05,1.0,0.0,0.0,,1.0,0.0,0.0,0.33,0.33,0.67,1.0,0.0,0.0,0.0,1.0,0.0,0.8,0.8,0.8,0.8,0.8,0.8,0.8,0.8,0.8,0.8,0.8,0.83,0.83,0.83
1932,0.6322008967399597,male,64.0,55_64,french,canadian_quebecois,college_cegep,20k_to_40k,self_employed,16,1.0,widowed,1.0,2_persons,0.0,children_under_18,protestant,0.0,other_regions,type_2,,0.67,0.67,0.67,0.33,0.33,0.33,1.0,pq,liberal,0.67,0.5,0.67,0.67,,0.67,0.67,0.33,0.0,0.0,,0.67,,pq,ndp,0.5,0.4,0.25,0.1,0.1,0.6,0.5,0.5,0.25,,0.8,0.8,1.0,0.0,0.0,0.67,1.0,0.67,0.33,0.33,1.0,0.33,0.67,0.67,0.67,0.0,1.0,0.8,,0.2,,,,0.8,,,,1.0,0.83,0.67
1933,0.1564060449600219,male,63.0,55_64,french,canadian_quebecois,,,self_employed,3,1.0,widowed,1.0,5_plus_persons,0.0,no_children,protestant,0.5,other_regions,type_2,,0.67,1.0,0.33,0.67,0.67,0.67,1.0,adq,liberal,1.0,0.75,0.33,1.0,1.0,1.0,1.0,0.0,1.0,0.0,1.0,0.0,1.0,pq,,0.0,0.05,0.0,,,0.0,0.05,0.0,0.0,0.0,0.0,0.75,0.0,1.0,0.67,0.67,0.33,0.67,0.67,0.67,1.0,1.0,0.67,0.33,0.33,0.0,0.8,0.8,0.8,0.8,0.8,0.8,0.8,0.8,0.8,0.8,0.8,0.17,0.17,0.83
1934,0.7158807516098022,male,57.0,55_64,french,canadian_quebecois,bachelor,20k_to_40k,student,5,1.0,widowed,,,1.0,no_children,protestant,0.5,other_regions,type_2,,0.67,0.67,0.67,1.0,1.0,0.33,1.0,plq,ndp,0.67,0.75,0.67,1.0,1.0,0.67,1.0,0.33,1.0,0.0,1.0,0.33,1.0,pq,ndp,0.0,0.7,0.6,0.3,0.4,0.0,0.6,0.75,0.3,0.4,0.6,0.5,0.0,1.0,0.67,0.33,0.67,0.33,0.33,0.67,1.0,0.0,0.33,0.67,0.67,1.0,0.8,0.8,0.8,0.8,0.8,0.6,0.8,0.8,0.8,0.6,0.8,0.67,0.83,0.67
1935,0.6322008967399597,male,60.0,55_64,french,canadian_quebecois,bachelor,20k_to_40k,self_employed,6,1.0,widowed,0.0,3_4_persons,0.0,children_under_18,protestant,0.5,other_regions,type_2,,0.33,0.33,0.33,0.33,0.33,0.33,1.0,plq,bloc,1.0,0.5,0.33,0.33,1.0,0.67,0.67,0.33,1.0,0.0,0.0,0.33,,pq,,0.2,0.8,0.3,0.25,0.2,0.15,0.8,0.3,0.25,,0.5,0.5,0.0,1.0,0.33,,0.67,0.0,0.33,0.67,1.0,0.33,0.67,0.33,0.67,0.33,,,,,,,0.8,0.8,0.8,,0.8,,0.0,0.5
1936,3.221625566482544,male,31.0,25_34,other,other,bachelor,100k_to_120k,employed,13,0.0,widowed,1.0,5_plus_persons,0.0,children_under_18,no_religion,0.5,eastern_quebec,type_2,,0.0,0.0,0.0,0.0,0.0,0.0,1.0,qs,conservative,0.0,0.0,0.0,0.0,0.5,1.0,1.0,0.67,1.0,1.0,0.0,0.67,1.0,plq,green,0.9,0.0,0.0,0.0,0.9,0.5,,,,,0.0,0.8,0.0,1.0,0.0,0.67,0.33,1.0,1.0,1.0,,1.0,,,0.67,0.0,,,,,,,,,1.0,,,,,
1937,1.5367439985275269,male,31.0,25_34,french,canadian_quebecois,bachelor,over_150k,employed,24,1.0,widowed,1.0,5_plus_persons,0.0,no_children,protestant,1.0,other_regions,type_2,,0.67,1.0,0.67,1.0,1.0,0.0,1.0,plq,conservative,1.0,0.75,0.33,0.0,1.0,1.0,1.0,0.0,1.0,0.0,1.0,0.0,1.0,pq,bloc,0.0,0.85,0.0,0.8,0.8,0.0,0.8,0.0,0.5,0.8,1.0,0.1,0.0,1.0,1.0,0.67,1.0,0.67,0.67,0.67,1.0,0.0,0.0,1.0,0.67,0.0,0.8,0.8,0.8,0.2,0.4,0.8,0.8,0.8,0.8,0.8,0.4,0.83,0.83,0.5
1938,1.330445408821106,female,22.0,18_24,french,canadian_quebecois,bachelor,under_20k,retired,13,1.0,widowed,1.0,3_4_persons,0.0,,,,montreal,type_2,1.0,0.67,1.0,0.33,0.67,0.67,1.0,1.0,plq,ndp,0.33,0.75,0.67,0.33,0.5,0.33,,,,,,0.67,1.0,adq,green,0.3,0.1,0.85,,0.7,0.2,0.05,0.85,,,0.5,1.0,,0.0,0.0,0.0,0.67,,,0.0,,,,,,0.33,,,,0.2,,0.6,,,,,,0.67,0.67,0.67
1939,0.2214419990777969,female,56.0,55_64,english,canadian_quebecois,college_cegep,,employed,6,0.0,widowed,,,0.0,children_under_18,catholic,0.5,montreal,type_2,,1.0,0.67,0.67,0.67,0.67,1.0,1.0,plq,ndp,1.0,0.75,0.33,0.67,0.5,1.0,1.0,0.33,1.0,1.0,1.0,0.67,0.0,plq,,0.75,0.0,0.1,,,0.75,,,,,0.5,0.75,,,0.0,0.67,,0.67,0.33,1.0,0.67,1.0,0.67,1.0,1.0,1.0,1.0,,1.0,1.0,1.0,1.0,1.0,1.0,1.0,1.0,1.0,1.0,1.0,0.17
1940,1.5367439985275269,male,26.0,25_34,french,canadian_quebecois,bachelor,40k_to_60k,employed,8,1.0,widowed,1.0,5_plus_persons,0.0,no_children,catholic,1.0,montreal,type_2,,1.0,1.0,0.67,0.67,0.67,0.33,1.0,plq,,0.0,0.75,1.0,0.33,0.5,0.0,0.0,0.67,,0.0,0.0,0.67,0.0,plq,ndp,0.99,0.1,0.75,0.0,0.6,0.9,0.05,0.7,0.02,,0.1,0.9,1.0,1.0,0.0,1.0,1.0,0.0,1.0,1.0,1.0,0.33,1.0,1.0,1.0,0.67,1.0,1.0,1.0,1.0,1.0,1.0,1.0,1.0,1.0,1.0,1.0,1.0,0.67,0.67
1941,0.1564060449600219,male,63.0,55_64,french,canadian_quebecois,graduate,20k_to_40k,self_employed,3,1.0,divorced_separated,1.0,3_4_persons,0.0,children_under_18,,,other_regions,type_2,1.0,0.67,1.0,0.67,0.67,0.33,0.33,1.0,adq,bloc,0.33,1.0,0.67,0.67,,0.67,0.67,0.33,0.0,0.0,1.0,0.33,1.0,qs,conservative,0.1,0.5,0.1,0.7,0.6,0.1,0.25,0.1,0.6,0.3,0.6,0.5,0.0,1.0,0.33,0.67,0.67,0.33,0.33,0.0,1.0,0.33,0.0,0.67,0.67,0.33,0.8,0.8,0.8,0.8,0.4,0.8,0.8,0.8,0.8,0.8,0.4,0.83,0.5,0.5
1942,1.275551438331604,female,23.0,18_24,french,canadian_quebecois,bachelor,20k_to_40k,retired,2,1.0,widowed,1.0,,0.0,no_children,protestant,1.0,other_regions,type_2,,1.0,1.0,0.33,0.33,1.0,1.0,1.0,plq,other,0.67,0.5,0.67,0.33,1.0,1.0,0.67,0.0,1.0,0.0,1.0,0.33,0.0,pq,ndp,0.0,1.0,1.0,,0.5,0.0,0.8,0.8,,,0.5,1.0,1.0,,0.67,1.0,0.67,0.33,0.67,0.67,1.0,0.33,0.0,0.33,0.33,0.33,0.8,0.8,0.6,0.6,,,0.8,0.8,,0.8,0.8,0.83,0.17,0.83
1943,1.7611688375473022,female,22.0,18_24,french,canadian_quebecois,bachelor,,,26,1.0,widowed,1.0,,,children_under_18,protestant,0.5,other_regions,type_2,,1.0,1.0,0.67,1.0,0.67,0.33,1.0,qs,,1.0,0.75,0.67,1.0,1.0,0.67,,0.67,1.0,0.0,,0.33,0.0,pq,green,0.5,1.0,0.0,0.75,0.9,0.25,0.75,0.5,0.75,0.75,0.6,0.6,,1.0,1.0,0.33,0.33,0.33,,0.33,1.0,0.33,0.33,0.33,0.33,0.33,,,0.6,0.2,0.4,0.6,0.8,0.8,0.8,,0.8,0.17,0.17,0.67
1944,0.3556142151355743,male,65.0,55_64,french,canadian_quebecois,bachelor,over_150k,self_employed,3,1.0,widowed,1.0,5_plus_persons,0.0,children_18_plus,protestant,0.5,other_regions,type_2,,0.67,0.67,0.33,0.67,0.33,0.33,1.0,adq,liberal,0.33,0.5,0.67,1.0,1.0,0.33,0.33,0.67,,0.0,0.0,0.67,0.0,pq,bloc,0.4,0.6,0.2,0.3,0.1,0.2,0.6,0.2,0.3,,0.8,0.6,0.0,1.0,0.67,0.0,1.0,0.0,0.67,0.67,1.0,0.0,0.33,0.67,1.0,0.33,,0.8,0.8,0.8,0.8,,0.8,0.8,0.8,1.0,0.8,0.83,0.83,0.67
1945,0.5248628258705139,female,63.0,55_64,french,canadian_quebecois,bachelor,20k_to_40k,,17,1.0,widowed,0.0,3_4_persons,1.0,no_children,protestant,0.5,other_regions,type_2,,1.0,0.67,0.33,1.0,0.33,0.67,1.0,adq,liberal,1.0,0.75,0.33,1.0,1.0,0.67,1.0,0.33,1.0,0.0,1.0,0.33,1.0,plq,conservative,0.5,0.7,0.6,0.5,0.5,0.5,0.75,0.6,0.5,0.5,0.7,0.8,1.0,1.0,0.33,0.33,1.0,0.33,0.67,0.33,1.0,1.0,1.0,0.67,0.67,0.33,0.8,0.8,0.6,0.2,0.6,0.6,0.8,0.8,1.0,0.6,0.6,0.83,0.83,0.67
1946,0.9275031685829164,female,65.0,55_64,french,canadian_quebecois,college_cegep,under_20k,self_employed,6,1.0,divorced_separated,,5_plus_persons,1.0,no_children,protestant,0.0,other_regions,type_2,,1.0,1.0,0.67,1.0,1.0,0.67,1.0,plq,ndp,0.67,1.0,1.0,0.67,1.0,0.67,0.67,0.33,1.0,0.0,1.0,0.33,0.0,pq,bloc,0.5,0.65,,,,0.5,0.6,0.4,0.3,0.5,0.75,0.7,1.0,,0.0,0.33,0.0,0.33,0.67,0.67,1.0,,0.67,0.67,0.67,1.0,,,,0.8,,,,0.8,,,,0.83,0.83,0.67
1947,1.7230206727981567,female,41.0,35_44,french,canadian_quebecois,college_cegep,100k_to_120k,employed,16,1.0,widowed,1.0,5_plus_persons,0.0,no_children,protestant,0.0,outaouais,type_2,,1.0,1.0,0.67,1.0,0.67,0.33,1.0,pq,liberal,0.67,0.75,0.67,0.67,1.0,1.0,0.67,0.33,1.0,0.0,1.0,0.67,1.0,adq,conservative,0.25,0.5,0.75,,,0.25,0.5,0.75,0.75,,0.6,0.5,0.0,1.0,0.67,1.0,0.67,0.67,0.67,0.67,1.0,0.0,0.67,0.67,0.67,0.0,,,,0.2,,,0.8,0.6,,0.6,0.6,0.67,0.67,0.67
1948,1.2381283044815063,female,41.0,35_44,english,other,bachelor,under_20k,,25,0.0,widowed,1.0,2_persons,0.0,children_under_18,no_religion,1.0,eastern_quebec,type_2,,0.67,0.67,0.67,1.0,0.67,0.67,1.0,plq,conservative,0.67,0.5,0.67,0.67,0.5,0.33,0.33,0.33,0.0,,0.0,0.67,1.0,other,liberal,0.5,0.18,0.18,0.1,0.98,0.5,0.2,0.2,,,0.45,0.65,0.0,1.0,0.0,0.67,0.67,0.0,0.33,0.0,1.0,0.0,0.67,0.67,0.33,0.33,0.2,0.2,,0.2,0.2,0.2,1.0,,,,1.0,0.17,0.17,0.17
1949,0.8350262641906738,male,66.0,65_plus,english,canadian_quebecois,bachelor,80k_to_100k,,26,1.0,widowed,1.0,5_plus_persons,0.0,children_under_18,protestant,1.0,other_regions,type_2,,1.0,1.0,0.33,0.67,1.0,0.33,1.0,plq,ndp,1.0,0.75,1.0,0.33,1.0,0.67,1.0,0.33,1.0,0.0,1.0,0.33,1.0,pq,,0.0,0.08,,,,0.0,0.07,0.04,,,0.6,0.5,0.0,1.0,0.33,1.0,0.67,0.33,0.67,0.67,1.0,0.0,0.33,0.67,1.0,0.33,,0.8,0.8,0.2,0.8,0.8,0.8,0.8,0.8,,0.8,0.17,,0.83
1950,0.7795112729072571,male,34.0,25_34,english,canadian_quebecois,bachelor,80k_to_100k,employed,6,0.0,widowed,1.0,5_plus_persons,0.0,children_under_18,catholic,0.0,outaouais,type_2,,0.67,0.67,0.0,0.67,0.33,0.67,1.0,adq,conservative,1.0,0.5,0.33,0.0,0.5,0.67,1.0,0.33,1.0,0.0,1.0,0.67,0.0,plq,ndp,0.75,0.0,0.5,0.0,0.7,0.6,0.1,0.5,0.0,0.5,0.0,0.65,1.0,,0.0,0.67,0.33,0.33,1.0,1.0,0.67,0.33,0.67,0.33,1.0,0.67,,0.6,,1.0,,0.6,,,1.0,1.0,,1.0,0.83,0.83
1951,1.6519296169281006,female,42.0,35_44,french,canadian_quebecois,college_cegep,20k_to_40k,homemaker,2,1.0,widowed,0.0,2_persons,1.0,children_under_18,protestant,0.0,quebec_city,type_2,,1.0,1.0,1.0,1.0,1.0,0.67,1.0,plq,conservative,0.33,1.0,1.0,0.67,1.0,1.0,1.0,0.0,1.0,1.0,1.0,0.33,1.0,pq,bloc,0.0,0.6,0.1,0.3,0.2,0.0,0.3,0.3,0.3,0.0,0.0,0.3,0.0,1.0,0.0,0.67,0.67,0.67,0.67,0.33,1.0,0.33,0.67,0.67,0.33,0.33,,,,0.2,0.6,0.6,,0.8,0.8,1.0,,,0.83,0.5
1952,0.7158807516098022,male,56.0,55_64,french,canadian_quebecois,bachelor,40k_to_60k,employed,4,1.0,widowed,1.0,3_4_persons,0.0,children_under_18,other_religion,1.0,other,type_2,,1.0,1.0,0.67,1.0,0.33,0.0,1.0,adq,,1.0,1.0,1.0,0.33,1.0,1.0,0.67,0.0,0.0,0.0,1.0,0.33,1.0,qs,,0.0,0.0,0.0,1.0,0.25,0.0,0.0,0.0,1.0,0.0,0.5,0.25,0.0,1.0,0.33,1.0,1.0,0.0,0.33,0.67,1.0,0.0,0.0,0.0,1.0,0.0,0.4,0.4,,0.4,0.4,0.4,0.4,0.4,0.4,0.6,0.4,0.5,0.5,0.5
1953,0.4079344272613525,female,60.0,55_64,french,canadian_quebecois,college_cegep,,self_employed,6,1.0,divorced_separated,0.0,5_plus_persons,1.0,children_under_18,protestant,1.0,other_regions,type_2,,1.0,1.0,0.33,0.67,1.0,0.33,1.0,plq,ndp,1.0,0.75,0.67,0.67,1.0,0.67,1.0,0.67,1.0,0.0,1.0,0.67,1.0,pq,,0.4,0.8,0.5,0.05,0.1,0.35,0.8,0.65,0.05,0.2,0.8,0.7,0.0,1.0,0.67,0.33,0.67,0.33,0.67,0.67,1.0,0.0,1.0,0.67,0.33,0.0,,0.8,0.8,0.2,0.6,0.8,0.8,0.8,0.8,0.8,0.6,0.83,0.83,0.67
1954,1.4374099969863892,male,72.0,65_plus,french,canadian_quebecois,bachelor,40k_to_60k,self_employed,15,1.0,widowed,1.0,5_plus_persons,0.0,children_under_18,other_christian,0.5,other_regions,type_2,,1.0,1.0,0.33,1.0,0.67,0.33,1.0,adq,liberal,1.0,0.5,0.0,1.0,0.5,0.67,0.67,0.33,1.0,0.0,1.0,0.67,1.0,adq,green,0.3,0.25,0.85,0.2,0.6,0.3,0.15,0.85,0.2,0.15,0.5,0.8,0.0,1.0,0.0,0.33,1.0,0.33,0.33,1.0,1.0,0.33,1.0,0.67,1.0,0.67,0.6,0.6,0.6,0.6,0.6,0.6,0.6,0.8,0.6,0.6,0.6,0.67,0.67,0.67
1955,0.1564060449600219,male,61.0,55_64,french,canadian_quebecois,high_school,under_20k,unemployed,3,1.0,single,0.0,2_persons,0.0,no_children,other_christian,0.5,quebec_city,type_2,,1.0,0.67,0.33,0.0,,,1.0,plq,conservative,0.0,0.5,0.0,0.33,1.0,0.67,0.67,0.67,1.0,,,0.67,1.0,adq,,0.25,0.2,0.7,0.0,0.0,0.3,0.3,0.75,,,0.75,0.5,1.0,1.0,0.0,,1.0,0.67,0.67,0.67,1.0,1.0,0.67,0.67,0.33,0.0,0.6,0.6,,0.2,,0.6,0.6,0.8,0.6,0.6,0.6,0.67,0.67,0.67
1956,0.3911031782627105,female,60.0,55_64,french,canadian_quebecois,,,self_employed,2,1.0,single,0.0,2_persons,1.0,no_children,catholic,0.5,montreal,type_2,,0.67,0.33,0.33,0.33,0.67,0.33,1.0,plq,ndp,0.67,0.75,0.33,0.67,0.5,0.67,0.67,0.33,1.0,0.0,0.0,0.67,,plq,,0.85,0.1,0.2,0.05,0.0,0.8,0.05,0.15,0.05,0.05,0.75,,0.0,,0.0,0.0,0.67,0.67,0.33,1.0,1.0,0.67,0.67,0.67,0.67,0.33,1.0,1.0,0.4,0.2,1.0,0.6,1.0,1.0,,1.0,1.0,1.0,0.17,0.5
1957,0.7158807516098022,male,62.0,55_64,french,canadian_quebecois,high_school,60k_to_80k,,5,1.0,single,1.0,1_person,1.0,no_children,catholic,0.5,montreal,type_2,,0.67,0.67,0.0,0.33,0.67,1.0,1.0,plq,ndp,0.0,0.5,0.33,0.33,0.5,0.33,0.33,0.67,1.0,0.0,0.0,0.67,1.0,plq,green,0.75,0.0,0.6,0.0,0.6,0.85,0.25,0.6,0.75,0.35,0.1,0.6,0.0,1.0,0.0,0.33,0.67,0.67,0.33,1.0,1.0,0.0,0.67,0.67,0.67,0.33,1.0,0.8,1.0,0.2,0.6,1.0,1.0,0.8,1.0,1.0,0.6,1.0,1.0,1.0
1958,1.1933574676513672,female,,,french,canadian_quebecois,high_school,under_20k,self_employed,32,1.0,single,,3_4_persons,1.0,,catholic,1.0,montreal,type_2,,1.0,1.0,1.0,1.0,1.0,0.67,1.0,adq,liberal,1.0,1.0,0.67,0.33,0.5,0.33,0.33,1.0,0.0,,0.0,1.0,1.0,plq,ndp,1.0,,,,,1.0,,,,,,,1.0,1.0,1.0,1.0,0.67,0.33,0.33,1.0,1.0,,0.67,1.0,1.0,1.0,1.0,1.0,1.0,1.0,1.0,,1.0,1.0,1.0,1.0,1.0,1.0,1.0,1.0
1959,0.2849156558513641,female,56.0,55_64,english,canadian_quebecois,bachelor,over_150k,employed,5,1.0,single,,,0.0,children_under_18,catholic,0.5,montreal,type_2,,1.0,0.67,0.67,0.67,0.67,0.33,1.0,plq,ndp,0.33,0.75,0.33,0.33,0.5,0.33,0.67,0.67,0.0,,0.0,0.67,1.0,,,0.8,0.1,0.5,0.0,0.3,0.8,0.2,0.5,0.0,0.2,0.5,0.8,0.0,1.0,0.0,,0.33,0.33,1.0,1.0,1.0,0.33,0.67,0.67,0.67,0.33,1.0,1.0,1.0,1.0,0.6,0.6,1.0,1.0,1.0,1.0,1.0,1.0,1.0,0.67
1960,0.6471615433692932,female,26.0,25_34,english,canadian_quebecois,bachelor,40k_to_60k,student,5,0.0,widowed,1.0,3_4_persons,0.0,both,catholic,0.5,montreal,type_2,,1.0,1.0,0.33,0.67,0.67,0.67,1.0,adq,liberal,1.0,0.5,0.33,0.33,0.5,0.67,0.67,0.67,1.0,1.0,1.0,0.33,0.0,plq,ndp,0.7,0.0,0.4,0.0,0.25,0.67,0.0,0.45,,,0.63,0.82,1.0,,0.0,1.0,,0.0,1.0,1.0,0.33,0.0,0.67,0.67,0.67,0.33,1.0,0.6,1.0,0.2,0.6,1.0,0.8,0.8,1.0,1.0,1.0,1.0,0.67,1.0
1961,1.7230206727981567,female,44.0,35_44,french,canadian_quebecois,high_school,60k_to_80k,employed,16,1.0,widowed,1.0,,0.0,no_children,protestant,0.5,other_regions,type_2,,0.67,1.0,0.67,0.67,0.67,0.67,1.0,plq,ndp,0.67,0.75,0.67,0.0,1.0,0.67,0.67,0.33,1.0,0.0,1.0,0.33,1.0,pq,ndp,0.1,0.7,0.5,0.0,0.0,0.5,0.5,0.8,,,0.5,0.6,1.0,1.0,0.67,0.33,0.67,0.67,0.33,0.67,1.0,0.67,0.67,0.67,0.67,0.67,0.8,0.8,,0.8,0.8,0.8,,0.8,0.8,,0.8,0.67,,0.67
1962,2.4493582248687744,male,50.0,45_54,french,canadian_quebecois,bachelor,20k_to_40k,employed,2,1.0,widowed,1.0,2_persons,1.0,children_under_18,protestant,0.5,other_regions,type_2,,1.0,1.0,0.67,0.67,1.0,0.33,1.0,plq,bloc,0.67,0.75,1.0,0.33,1.0,0.67,0.67,0.33,1.0,0.0,1.0,0.67,1.0,pq,ndp,0.0,0.78,0.8,,0.75,0.0,0.6,0.65,0.65,0.61,0.69,0.7,0.0,1.0,0.33,0.67,0.67,0.33,0.67,0.67,1.0,0.33,0.67,0.33,0.33,0.33,1.0,0.8,,0.2,0.6,0.6,0.8,0.8,0.8,0.6,0.6,0.83,,0.67
1963,2.670271873474121,male,43.0,35_44,french,other_european,bachelor,over_150k,employed,6,0.0,divorced_separated,1.0,3_4_persons,0.0,both,catholic,0.0,montreal,type_2,,0.67,0.67,0.33,1.0,,0.33,1.0,,other,1.0,0.5,0.67,1.0,0.5,0.0,0.0,0.67,1.0,1.0,,0.67,,other,bloc,0.65,0.15,0.6,0.5,0.75,0.45,0.15,0.5,,,0.5,0.9,,0.0,0.0,1.0,0.67,0.33,0.33,1.0,0.33,0.0,0.33,,0.67,0.33,0.6,0.6,0.6,0.2,,0.8,0.6,,1.0,1.0,0.6,1.0,0.67,0.67
1964,0.4301224946975708,female,23.0,18_24,french,canadian_quebecois,bachelor,,retired,3,1.0,widowed,1.0,5_plus_persons,0.0,no_children,,,quebec_city,type_2,1.0,0.67,1.0,0.0,1.0,0.33,0.33,1.0,qs,ndp,0.0,0.5,0.33,1.0,0.5,0.67,0.67,0.33,0.0,0.0,0.0,0.0,1.0,other,,0.6,0.0,0.6,0.4,0.9,0.02,0.0,0.05,,,0.0,0.8,0.0,1.0,0.0,0.67,0.0,1.0,0.33,0.0,0.33,0.33,0.67,1.0,0.33,1.0,0.6,0.6,0.6,0.2,0.8,0.8,0.6,0.6,0.6,0.6,0.6,0.67,0.33,0.67
1965,1.4374099969863892,male,66.0,65_plus,french,canadian_quebecois,high_school,20k_to_40k,employed,6,1.0,divorced_separated,0.0,1_person,1.0,children_18_plus,catholic,0.5,montreal,type_2,,1.0,1.0,1.0,1.0,0.0,0.33,1.0,adq,liberal,1.0,1.0,0.67,0.33,0.5,0.33,0.67,0.33,1.0,0.0,1.0,0.33,0.0,plq,ndp,0.6,0.0,0.35,0.0,0.8,0.35,0.0,0.3,0.0,,0.6,0.6,0.0,1.0,0.0,0.67,1.0,0.33,1.0,1.0,0.67,0.0,0.0,1.0,1.0,0.67,1.0,0.6,0.6,1.0,1.0,1.0,1.0,1.0,1.0,0.6,1.0,1.0,,0.67
1966,0.1318823248147964,female,59.0,55_64,french,canadian_quebecois,high_school,under_20k,self_employed,3,1.0,,,,0.0,children_under_18,,,,type_2,,1.0,1.0,1.0,1.0,0.67,0.67,1.0,plq,bloc,0.67,1.0,1.0,0.67,,0.33,0.33,0.33,0.0,0.0,0.0,0.67,,,,0.75,0.76,0.72,0.64,0.6,0.75,0.75,0.75,0.75,,,,,,,,0.67,0.67,0.33,0.33,1.0,,,,0.67,0.33,,,,,,,0.8,0.8,,,,,0.0,0.67
1967,0.5101058483123779,male,22.0,18_24,french,canadian_quebecois,bachelor,over_150k,,3,1.0,widowed,,3_4_persons,0.0,no_children,,,quebec_city,type_2,1.0,0.33,0.67,0.33,0.67,0.67,0.33,1.0,adq,liberal,0.33,0.5,0.33,0.0,,1.0,0.67,0.33,1.0,0.0,1.0,0.33,0.0,adq,,0.1,0.2,0.8,0.5,0.5,0.0,0.0,0.8,,,0.2,0.9,0.0,,,0.67,0.67,0.33,0.33,0.33,,0.0,1.0,1.0,1.0,1.0,0.6,0.6,0.6,,,,0.6,0.8,0.6,0.6,0.6,0.67,0.67,0.67
1968,1.627670168876648,male,66.0,65_plus,french,canadian_quebecois,bachelor,80k_to_100k,,17,1.0,single,0.0,2_persons,1.0,no_children,catholic,0.0,quebec_city,type_2,,1.0,0.67,0.67,1.0,1.0,0.33,1.0,adq,conservative,0.67,0.75,0.67,1.0,0.5,0.33,0.67,0.33,1.0,,1.0,0.67,1.0,,,0.75,0.05,0.3,0.05,0.05,0.75,0.0,0.75,0.05,0.1,0.2,0.6,0.0,1.0,0.0,0.33,0.67,0.67,1.0,1.0,1.0,0.33,0.67,0.67,0.33,0.33,1.0,1.0,0.6,0.6,0.6,0.6,1.0,0.8,0.6,1.0,0.6,1.0,0.67,0.67
1969,1.1933574676513672,female,65.0,55_64,french,canadian_quebecois,high_school,,self_employed,4,1.0,common_law,,,0.0,no_children,other_christian,0.5,quebec_city,type_2,,1.0,1.0,1.0,0.67,1.0,0.33,1.0,plq,ndp,0.33,1.0,0.67,1.0,0.5,0.67,0.67,0.33,1.0,,,0.33,1.0,adq,liberal,0.65,0.5,0.8,,,0.65,0.5,0.8,,,0.5,0.65,,,0.33,0.33,1.0,0.67,0.33,0.33,1.0,0.67,0.33,0.33,0.67,0.0,0.6,0.6,0.6,0.2,0.6,0.6,0.8,0.8,,,0.6,,,0.67
1970,1.1798489093780518,female,45.0,35_44,french,canadian_quebecois,bachelor,20k_to_40k,employed,6,1.0,widowed,1.0,3_4_persons,0.0,no_children,,,quebec_city,type_2,,0.67,0.67,0.33,1.0,,,0.0,,other,,0.75,0.67,0.67,1.0,0.33,0.67,0.33,1.0,0.0,0.0,0.67,0.0,,,0.6,0.35,0.55,0.35,0.55,0.5,0.25,0.6,0.65,,0.85,0.6,,,0.67,0.0,0.67,0.33,,,1.0,0.33,,0.67,0.33,0.33,,0.6,,0.2,,0.6,,,,,0.4,,0.67,0.67
1971,1.7611688375473022,female,24.0,18_24,french,canadian_quebecois,bachelor,40k_to_60k,retired,7,1.0,widowed,1.0,5_plus_persons,0.0,children_18_plus,no_religion,0.5,montreal,type_2,,0.67,1.0,0.67,1.0,0.0,0.67,1.0,qs,conservative,0.67,1.0,1.0,0.33,0.5,0.0,0.33,0.67,,,0.0,0.67,1.0,other,bloc,0.6,0.6,0.0,0.65,0.7,0.5,0.5,0.1,0.5,0.6,0.8,0.8,0.0,1.0,0.33,0.33,0.67,0.33,0.33,0.33,1.0,0.33,0.33,1.0,1.0,1.0,1.0,0.8,1.0,0.2,0.8,0.6,1.0,0.8,,1.0,0.4,1.0,0.0,0.67
1972,0.5248628258705139,female,61.0,55_64,french,canadian_quebecois,high_school,20k_to_40k,self_employed,4,1.0,widowed,0.0,2_persons,1.0,children_under_18,,,other_regions,type_2,0.0,1.0,1.0,1.0,0.67,0.33,0.33,1.0,plq,ndp,0.33,1.0,0.67,,,0.67,0.67,0.33,1.0,0.0,1.0,0.33,1.0,qs,conservative,0.0,0.2,0.1,0.5,0.1,0.0,0.1,0.1,0.4,,0.4,0.4,0.0,1.0,0.67,,0.67,0.67,0.33,0.67,1.0,0.67,0.33,0.67,0.67,0.33,,,,0.2,,,0.8,0.8,,,,0.5,,0.17
1973,1.418331265449524,male,59.0,55_64,other,other,high_school,,employed,6,1.0,widowed,0.0,2_persons,0.0,no_children,,,,type_2,,1.0,0.33,0.67,0.67,0.33,1.0,1.0,adq,liberal,1.0,0.75,0.67,0.0,1.0,1.0,0.67,0.33,1.0,1.0,,0.67,1.0,,,0.5,0.4,0.6,0.0,0.0,0.4,0.0,0.5,,,0.5,0.5,0.0,,0.0,,1.0,0.67,0.67,1.0,1.0,0.33,0.67,0.67,0.67,0.0,0.6,0.6,0.6,0.6,0.6,0.6,0.6,1.0,0.6,0.6,0.6,,0.67,0.67
1974,1.956773042678833,male,52.0,45_54,french,canadian_quebecois,graduate,over_150k,employed,26,1.0,widowed,1.0,3_4_persons,0.0,no_children,protestant,0.5,other_regions,type_2,,1.0,1.0,0.67,0.67,0.67,0.33,1.0,plq,ndp,0.33,0.5,0.67,0.0,1.0,0.67,0.67,0.0,0.0,,0.0,0.67,0.0,pq,ndp,0.2,0.75,0.5,0.2,0.2,0.25,0.6,0.6,0.2,,0.2,0.9,0.0,1.0,0.67,1.0,0.67,0.67,0.33,0.67,1.0,0.0,0.67,0.67,0.67,0.67,0.8,0.8,0.8,0.2,0.8,0.6,0.8,0.8,0.8,0.8,0.8,0.17,0.67,0.67
1975,0.3556142151355743,male,,,french,canadian_quebecois,college_cegep,60k_to_80k,employed,12,1.0,divorced_separated,,,,children_under_18,,,,type_2,,0.67,0.67,0.33,0.67,0.67,0.67,1.0,plq,ndp,0.33,0.5,0.33,0.0,,0.0,1.0,0.33,1.0,1.0,1.0,0.67,0.0,,,,,,,,,,,,,0.0,0.9,0.0,1.0,,,0.67,0.33,0.67,,,,0.67,0.33,0.33,0.0,,,,,,,,,,,,,,
1976,0.4079344272613525,female,56.0,55_64,french,canadian_quebecois,high_school,under_20k,employed,16,1.0,widowed,0.0,3_4_persons,0.0,no_children,protestant,0.0,other_regions,type_2,,0.67,0.67,0.67,,0.33,0.33,1.0,plq,ndp,0.67,0.5,0.33,0.67,1.0,0.67,1.0,0.33,1.0,1.0,1.0,0.67,1.0,pq,ndp,0.0,0.08,0.05,0.03,,0.0,0.06,0.05,,,0.5,0.5,0.0,0.0,0.0,0.33,0.67,0.67,0.67,,1.0,0.0,0.67,0.67,,0.33,,,,0.2,,0.6,0.8,0.8,,,,0.17,0.17,0.17
1977,0.5570399761199951,female,37.0,35_44,french,canadian_quebecois,bachelor,40k_to_60k,employed,12,1.0,divorced_separated,1.0,5_plus_persons,0.0,no_children,other_christian,1.0,quebec_city,type_2,,1.0,1.0,1.0,0.67,0.33,0.33,1.0,plq,ndp,0.67,0.75,1.0,0.67,0.5,0.67,0.67,0.0,1.0,0.0,1.0,0.33,1.0,adq,,0.0,0.0,0.9,,,0.01,0.0,0.99,0.01,,0.0,0.7,0.0,,0.0,0.67,0.33,0.33,0.67,0.33,1.0,0.67,0.67,0.33,0.67,0.33,0.6,0.6,0.6,0.6,0.6,0.6,0.6,0.6,0.6,0.6,0.6,0.67,0.67,0.67
1978,1.1921813488006592,female,32.0,25_34,french,canadian_quebecois,college_cegep,,employed,32,1.0,widowed,,5_plus_persons,0.0,no_children,other_christian,0.5,quebec_city,type_2,,1.0,1.0,0.67,0.67,0.67,0.67,1.0,plq,conservative,0.67,0.5,1.0,0.67,0.5,0.67,0.67,0.0,0.0,0.0,1.0,0.67,,adq,conservative,0.0,0.6,0.9,,,0.0,0.0,0.9,,,0.5,,0.0,,0.0,,,0.67,0.67,0.33,,,0.67,,,0.0,,,,0.2,0.6,0.6,0.6,0.6,0.6,,0.6,1.0,0.67,0.67
1979,0.926587700843811,female,29.0,25_34,french,canadian_quebecois,high_school,,employed,6,1.0,widowed,1.0,3_4_persons,0.0,no_children,protestant,1.0,other_regions,type_2,,1.0,1.0,0.67,1.0,1.0,1.0,1.0,plq,,0.67,1.0,1.0,1.0,0.5,0.33,0.67,0.33,0.0,0.0,,0.67,1.0,pq,bloc,,0.6,,0.4,,0.2,0.6,0.4,,,0.7,0.7,0.0,,0.0,,0.67,0.33,0.33,0.33,,0.33,0.33,0.67,,,,,,0.2,0.4,1.0,0.8,0.8,0.8,,0.4,0.83,,0.83
1980,0.6765576601028442,male,59.0,55_64,french,other_european,college_cegep,40k_to_60k,,26,1.0,widowed,0.0,1_person,1.0,no_children,protestant,0.5,other_regions,type_2,,1.0,0.67,0.33,0.67,1.0,0.0,1.0,qs,liberal,0.67,0.5,0.33,1.0,1.0,0.67,1.0,0.0,1.0,0.0,1.0,0.67,1.0,pq,ndp,0.0,0.9,0.1,0.0,0.0,0.0,0.6,0.9,0.05,,0.8,0.4,1.0,0.0,1.0,0.67,1.0,0.33,1.0,0.67,1.0,0.0,0.0,1.0,0.33,0.0,0.8,0.8,0.8,,0.6,0.6,0.8,0.8,0.8,0.8,0.8,0.83,0.83,0.83
1981,1.5382611751556396,male,68.0,65_plus,french,canadian_quebecois,college_cegep,under_20k,self_employed,24,1.0,married,1.0,2_persons,0.0,children_under_18,protestant,0.0,other_regions,type_2,,0.33,0.33,0.33,0.33,0.67,0.33,1.0,qs,ndp,0.0,0.5,0.67,0.33,0.5,0.67,0.67,0.67,0.0,,0.0,0.67,1.0,pq,ndp,0.5,0.5,0.75,,,0.5,0.25,0.75,0.1,,0.1,0.6,0.0,1.0,0.0,0.33,0.67,0.67,0.33,0.33,1.0,0.0,1.0,0.67,1.0,1.0,,,1.0,0.6,0.6,0.6,0.8,0.8,0.6,1.0,0.6,1.0,0.67,0.67
1982,2.07050895690918,male,54.0,45_54,french,canadian_quebecois,high_school,60k_to_80k,,5,1.0,widowed,1.0,5_plus_persons,0.0,no_children,catholic,0.5,quebec_city,type_2,,0.67,0.33,0.33,0.0,0.33,0.67,1.0,adq,liberal,0.0,0.0,1.0,1.0,0.5,1.0,1.0,0.0,1.0,0.0,1.0,0.33,1.0,adq,liberal,0.4,0.0,0.8,0.0,0.0,0.4,0.0,0.8,0.0,0.0,1.0,0.8,0.0,1.0,0.0,0.0,0.33,0.67,0.33,1.0,1.0,0.0,1.0,1.0,0.67,0.33,0.6,0.6,0.6,1.0,0.4,0.6,1.0,1.0,0.6,0.6,0.6,1.0,0.67,0.67
1983,0.6765576601028442,male,63.0,55_64,french,canadian_quebecois,high_school,under_20k,self_employed,24,1.0,widowed,1.0,3_4_persons,0.0,no_children,protestant,0.5,other_regions,type_2,,0.67,,1.0,1.0,0.67,0.33,1.0,plq,ndp,0.33,0.75,0.67,0.33,1.0,1.0,1.0,0.0,1.0,1.0,1.0,0.67,1.0,qs,ndp,0.25,0.5,0.4,0.5,,0.2,0.2,0.3,0.5,,0.25,0.75,0.0,1.0,0.0,0.0,0.67,0.67,0.33,0.67,1.0,0.0,0.67,0.33,0.33,0.0,,,0.8,0.2,,0.6,0.8,0.8,,0.6,0.4,0.5,0.17,0.67
1984,0.3556142151355743,male,65.0,55_64,french,canadian_quebecois,bachelor,over_150k,,3,1.0,divorced_separated,,3_4_persons,0.0,children_under_18,protestant,0.5,other_regions,type_2,,0.67,1.0,0.67,0.67,0.67,0.0,1.0,adq,liberal,1.0,0.75,0.33,0.33,1.0,0.33,0.67,0.33,1.0,0.0,,0.67,,pq,green,0.1,0.8,0.1,0.1,0.2,0.1,0.7,0.1,0.1,0.2,0.7,0.7,0.0,1.0,0.0,0.33,0.67,0.33,0.33,0.67,1.0,0.0,0.67,0.67,0.67,0.33,0.8,0.8,0.8,0.8,0.8,0.8,0.8,0.8,0.8,0.8,0.8,0.83,,
1985,1.131169080734253,female,49.0,45_54,french,canadian_quebecois,high_school,under_20k,unemployed,1,1.0,widowed,1.0,3_4_persons,1.0,no_children,catholic,0.5,montreal,type_2,,1.0,1.0,1.0,0.67,0.67,0.67,1.0,plq,ndp,0.33,1.0,1.0,0.67,0.5,0.67,0.67,0.33,1.0,0.0,1.0,0.33,1.0,plq,ndp,0.8,0.2,0.8,,,0.75,0.0,0.95,,,0.0,0.95,0.0,1.0,0.0,0.67,0.67,0.67,0.67,1.0,1.0,0.0,0.33,1.0,1.0,0.33,1.0,1.0,1.0,0.6,0.6,0.6,1.0,1.0,1.0,1.0,0.6,1.0,0.67,0.67
1986,0.1564060449600219,male,61.0,55_64,french,canadian_quebecois,elementary,20k_to_40k,employed,12,1.0,widowed,0.0,1_person,1.0,no_children,protestant,1.0,quebec_city,type_2,,1.0,1.0,1.0,0.33,1.0,0.67,1.0,plq,ndp,0.67,0.75,1.0,1.0,1.0,1.0,1.0,0.0,1.0,,1.0,0.33,,adq,conservative,0.25,0.75,1.0,0.25,0.7,0.01,0.0,1.0,0.25,,1.0,0.65,0.0,1.0,1.0,0.67,1.0,0.0,1.0,0.67,1.0,0.0,1.0,1.0,0.67,0.0,0.8,0.8,0.8,0.8,0.8,0.6,0.8,0.8,0.6,0.6,0.6,1.0,0.67,0.67
1987,0.6322008967399597,male,61.0,55_64,french,canadian_quebecois,high_school,under_20k,self_employed,6,1.0,divorced_separated,1.0,2_persons,0.0,children_18_plus,other_religion,1.0,other_regions,type_2,,1.0,1.0,1.0,1.0,0.67,0.33,1.0,,,1.0,1.0,1.0,0.67,1.0,0.33,0.33,0.67,0.0,0.0,0.0,0.67,,pq,bloc,0.5,0.8,0.4,0.8,0.7,0.3,0.7,0.5,0.9,0.6,0.5,0.7,,1.0,1.0,0.33,1.0,0.33,0.33,0.67,1.0,0.0,,0.67,1.0,0.0,,,,0.4,0.4,0.4,0.4,0.4,0.4,0.4,0.4,,0.5,0.5
1988,2.670271873474121,male,38.0,35_44,french,canadian_quebecois,college_cegep,100k_to_120k,employed,6,1.0,widowed,1.0,,0.0,no_children,other_christian,0.5,montreal,type_2,,1.0,0.67,0.33,1.0,0.33,1.0,1.0,plq,ndp,0.0,0.5,0.67,0.33,0.5,0.67,0.67,0.33,1.0,0.0,0.0,0.33,1.0,other,ndp,0.59,0.47,0.75,,0.8,0.32,0.28,0.78,,0.79,0.77,0.75,0.0,1.0,0.0,0.67,0.67,,0.67,1.0,0.33,0.0,0.67,0.67,0.67,0.33,,,,0.2,0.4,0.6,0.4,0.8,0.6,,0.6,1.0,0.33,0.67
1989,0.2998551428318023,female,70.0,65_plus,french,canadian_quebecois,college_cegep,20k_to_40k,,3,1.0,divorced_separated,0.0,1_person,1.0,no_children,protestant,0.0,monteregie,type_2,,1.0,0.67,0.67,1.0,1.0,0.33,1.0,plq,other,1.0,1.0,0.67,1.0,1.0,1.0,1.0,0.33,1.0,0.0,1.0,0.33,1.0,adq,,0.25,0.5,0.75,,,0.0,0.0,1.0,,,,,0.0,1.0,,0.67,1.0,1.0,0.67,0.33,1.0,1.0,0.67,0.67,0.67,1.0,,,0.6,0.2,0.6,0.6,0.6,,0.6,,0.6,,0.67,0.67
1990,0.926587700843811,female,32.0,25_34,french,canadian_quebecois,bachelor,100k_to_120k,employed,16,1.0,widowed,1.0,5_plus_persons,0.0,no_children,protestant,0.0,monteregie,type_2,,0.67,0.0,0.0,0.0,0.33,0.33,0.0,plq,conservative,0.0,,,0.67,0.0,0.67,0.67,0.0,1.0,0.0,1.0,,1.0,,,0.25,0.75,0.5,,,0.1,0.75,,,,0.0,0.5,0.0,1.0,,0.33,0.67,1.0,0.33,0.67,,0.33,0.67,0.67,0.67,0.33,,,,,,,0.8,0.8,,,,,,
1991,0.1564060449600219,male,64.0,55_64,french,canadian_quebecois,bachelor,40k_to_60k,self_employed,3,1.0,divorced_separated,0.0,3_4_persons,0.0,no_children,other_christian,0.5,montreal,type_2,,1.0,0.33,0.67,1.0,0.67,0.33,1.0,adq,liberal,1.0,0.5,0.67,1.0,0.5,0.33,0.67,0.33,1.0,0.0,1.0,0.67,1.0,adq,liberal,0.6,0.4,0.9,0.3,0.2,0.5,0.4,0.9,0.4,,0.6,0.7,0.0,1.0,1.0,1.0,0.67,0.67,1.0,0.33,1.0,0.67,0.67,0.67,0.67,0.67,0.6,0.8,1.0,0.2,0.4,0.6,0.6,0.8,0.6,0.6,0.6,1.0,0.67,0.67
1992,0.4523656964302063,male,49.0,45_54,french,canadian_quebecois,bachelor,over_150k,employed,3,1.0,widowed,1.0,3_4_persons,,children_18_plus,catholic,0.0,quebec_city,type_2,,1.0,0.67,0.33,0.67,0.67,0.33,1.0,plq,ndp,0.67,0.5,0.67,0.67,0.5,0.33,0.33,0.67,,,0.0,1.0,0.0,plq,ndp,0.7,0.6,0.55,0.2,0.45,0.6,0.5,0.6,0.25,0.25,0.3,0.6,1.0,0.0,1.0,0.0,0.67,0.33,0.67,1.0,1.0,0.33,0.67,0.67,0.67,0.67,1.0,0.8,1.0,,,,1.0,,,1.0,1.0,1.0,,
1993,0.1318823248147964,female,56.0,55_64,french,canadian_quebecois,college_cegep,40k_to_60k,employed,3,1.0,widowed,0.0,3_4_persons,0.0,no_children,catholic,0.5,other,type_2,,0.67,0.67,0.0,0.0,0.67,0.33,1.0,plq,ndp,0.0,0.5,0.67,0.0,0.5,0.33,0.33,0.33,0.0,0.0,0.0,0.33,0.0,plq,,0.6,0.0,0.3,0.0,0.2,0.6,0.0,0.3,0.0,0.2,0.0,0.5,0.0,1.0,0.0,0.67,0.67,0.33,1.0,1.0,1.0,0.33,0.67,0.33,0.33,0.33,1.0,1.0,1.0,1.0,1.0,1.0,1.0,1.0,1.0,1.0,1.0,1.0,1.0,0.67
1994,1.1933574676513672,female,70.0,65_plus,french,canadian_quebecois,college_cegep,40k_to_60k,self_employed,5,1.0,widowed,1.0,3_4_persons,0.0,no_children,catholic,0.5,outaouais,type_2,,1.0,0.33,0.33,0.67,0.67,1.0,1.0,plq,ndp,,0.5,0.67,0.0,0.5,0.33,0.33,0.67,1.0,,,1.0,,plq,,0.85,0.0,0.15,0.0,0.2,0.85,0.1,0.3,0.0,,0.1,0.5,0.0,1.0,0.0,0.0,,0.33,0.33,1.0,0.33,1.0,1.0,,,0.33,1.0,1.0,1.0,0.2,1.0,0.6,1.0,1.0,1.0,1.0,1.0,1.0,1.0,1.0
1995,2.670271873474121,male,44.0,35_44,french,canadian_quebecois,college_cegep,100k_to_120k,employed,6,1.0,widowed,1.0,5_plus_persons,0.0,no_children,catholic,1.0,montreal,type_2,,1.0,0.0,0.0,0.33,0.0,0.0,1.0,plq,ndp,1.0,0.5,0.33,0.33,0.5,1.0,1.0,0.33,1.0,1.0,1.0,0.67,0.0,plq,,0.8,0.0,0.2,0.0,0.5,0.6,0.3,0.1,,,0.0,0.8,,,0.0,0.67,,0.33,1.0,1.0,0.67,0.33,0.67,0.33,0.67,0.67,1.0,1.0,1.0,0.2,1.0,0.8,0.4,0.8,1.0,1.0,1.0,1.0,0.83,0.67
1996,1.4359921216964722,male,31.0,25_34,french,canadian_quebecois,college_cegep,20k_to_40k,employed,16,1.0,divorced_separated,1.0,2_persons,0.0,no_children,protestant,1.0,other_regions,type_2,,1.0,0.67,0.33,0.67,0.67,0.33,1.0,plq,bloc,0.67,0.5,0.67,1.0,1.0,0.67,0.33,0.67,0.0,0.0,0.0,0.67,1.0,pq,ndp,0.4,1.0,0.8,,0.7,0.4,0.7,0.9,,,0.65,0.8,0.0,1.0,0.33,1.0,1.0,0.33,0.33,0.67,1.0,0.0,0.67,0.67,1.0,0.33,0.8,0.8,1.0,0.8,0.6,0.8,0.8,0.8,0.8,,0.8,0.67,0.83,0.67
1997,1.828485131263733,male,48.0,45_54,french,canadian_quebecois,high_school,20k_to_40k,employed,16,1.0,divorced_separated,,3_4_persons,0.0,no_children,,,outaouais,type_2,0.0,0.67,0.33,0.67,0.67,0.33,0.0,1.0,plq,,0.0,0.75,0.67,0.67,,1.0,1.0,0.0,1.0,0.0,1.0,0.33,1.0,adq,,0.3,0.3,0.7,,,0.1,0.2,0.7,,,0.0,0.8,0.0,,0.33,0.0,0.67,0.67,0.67,0.0,1.0,0.0,0.0,0.33,0.33,0.33,,,,,,0.6,0.6,,,,,0.67,0.67,0.67
1998,1.7230206727981567,female,44.0,35_44,french,canadian_quebecois,high_school,40k_to_60k,unemployed,16,1.0,widowed,1.0,5_plus_persons,0.0,no_children,catholic,0.5,montreal,type_2,,1.0,0.67,0.33,0.67,1.0,0.67,1.0,plq,,0.33,0.5,0.33,0.67,0.5,1.0,1.0,0.0,1.0,0.0,1.0,0.33,,plq,ndp,,0.0,0.75,,,0.75,0.0,0.8,,,0.0,0.5,0.0,,0.0,0.33,1.0,0.67,1.0,1.0,0.67,0.67,0.33,0.67,0.67,0.33,1.0,,1.0,,0.6,0.6,1.0,,1.0,1.0,0.6,1.0,0.17,0.67
1999,1.4359921216964722,male,32.0,25_34,french,canadian_quebecois,college_cegep,20k_to_40k,employed,13,1.0,divorced_separated,,1_person,1.0,children_under_18,protestant,1.0,other_regions,type_2,,1.0,1.0,0.67,1.0,0.67,0.67,1.0,plq,bloc,1.0,0.75,0.67,0.67,1.0,0.33,0.67,0.67,1.0,0.0,0.0,0.67,1.0,pq,ndp,0.25,0.9,0.8,,,0.2,0.5,0.9,,,0.5,0.9,0.0,1.0,0.67,0.67,1.0,0.33,0.67,0.67,1.0,0.33,0.67,0.67,0.67,1.0,0.8,0.8,,,,1.0,0.8,0.8,0.8,,0.8,0.67,0.67,0.0
2000,0.9275031685829164,female,67.0,65_plus,french,canadian_quebecois,college_cegep,,,16,1.0,single,0.0,2_persons,1.0,no_children,protestant,0.5,other_regions,type_2,,0.67,1.0,0.67,0.67,1.0,0.33,1.0,pq,liberal,0.67,0.75,0.67,1.0,1.0,1.0,1.0,0.0,1.0,1.0,1.0,0.0,1.0,pq,ndp,0.0,0.5,0.5,,,0.0,0.25,0.75,,,0.5,0.8,0.0,1.0,0.33,0.33,0.33,1.0,0.67,0.67,1.0,0.67,0.67,0.33,0.33,0.33,0.6,0.6,0.6,0.2,0.6,0.6,0.8,0.8,0.8,0.8,0.8,0.67,0.67,0.67
2001,1.131169080734253,female,52.0,45_54,french,canadian_quebecois,college_cegep,100k_to_120k,employed,1,1.0,widowed,1.0,3_4_persons,0.0,children_under_18,protestant,1.0,other_regions,type_2,,0.67,0.67,0.33,0.67,0.67,0.33,1.0,plq,ndp,1.0,0.75,0.67,0.67,1.0,0.67,0.67,0.33,1.0,,,0.67,1.0,pq,bloc,0.0,0.8,0.0,0.6,0.4,0.0,0.8,0.0,0.6,0.2,1.0,0.8,0.0,1.0,0.67,0.0,0.67,0.33,0.67,0.67,1.0,0.33,0.33,0.67,0.67,0.33,0.8,0.8,0.8,0.8,0.4,0.8,0.8,0.8,0.8,0.8,0.8,0.83,0.83,0.83
2002,0.6664856672286987,female,,,english,canadian_quebecois,high_school,40k_to_60k,employed,26,0.0,widowed,1.0,,0.0,both,catholic,1.0,montreal,type_2,,1.0,1.0,0.67,1.0,0.67,0.67,1.0,plq,conservative,0.67,0.75,0.67,0.0,0.5,0.67,0.67,0.33,1.0,0.0,0.0,0.33,0.0,plq,,0.98,0.0,,0.0,0.85,0.95,0.0,0.5,,,0.0,0.85,0.0,1.0,0.0,,0.67,0.0,1.0,1.0,,,1.0,0.67,0.67,0.33,1.0,1.0,1.0,0.2,1.0,1.0,1.0,,1.0,1.0,1.0,1.0,1.0,0.67
2003,0.926587700843811,female,26.0,25_34,french,canadian_quebecois,bachelor,under_20k,employed,13,1.0,widowed,1.0,5_plus_persons,0.0,no_children,protestant,0.0,monteregie,type_2,,1.0,1.0,0.67,1.0,0.33,0.33,1.0,plq,ndp,0.33,0.75,1.0,0.0,0.5,0.67,0.67,0.33,1.0,0.0,1.0,0.33,0.0,pq,ndp,0.05,0.07,0.06,0.07,0.06,0.04,0.06,0.05,,,0.0,0.9,0.0,1.0,0.0,1.0,0.33,0.67,0.67,0.0,1.0,0.33,0.67,0.33,0.67,0.0,0.6,0.6,0.6,0.2,,0.8,0.4,0.8,1.0,1.0,0.8,0.17,0.83,0.83
2004,2.061872959136963,male,23.0,18_24,french,canadian_quebecois,bachelor,20k_to_40k,retired,6,1.0,widowed,,5_plus_persons,,no_children,no_religion,0.5,outaouais,type_2,,0.33,1.0,0.33,1.0,0.67,0.0,1.0,plq,ndp,0.33,0.75,0.67,0.0,1.0,0.67,0.67,0.33,0.0,0.0,1.0,0.33,,other,ndp,0.1,0.6,0.65,,0.8,0.0,0.6,0.85,,,0.5,0.3,0.0,1.0,0.33,0.33,,0.33,0.33,0.0,1.0,0.0,0.67,0.67,0.67,0.0,,,,0.2,0.6,0.6,0.8,0.8,,,0.6,,,0.67
2005,0.2995596826076507,female,33.0,25_34,french,canadian_quebecois,bachelor,under_20k,student,12,1.0,widowed,0.0,,0.0,children_under_18,,,quebec_city,type_2,0.0,0.67,0.67,0.67,0.33,0.67,0.67,1.0,plq,ndp,0.67,0.5,0.0,0.33,0.5,,0.33,0.33,1.0,0.0,,0.33,0.0,adq,liberal,0.65,0.0,0.65,0.0,0.0,0.65,0.0,0.7,,,0.1,1.0,1.0,,0.0,0.67,,0.67,0.33,0.0,0.33,,0.67,,0.67,0.33,,,,,0.6,0.6,,,0.6,1.0,0.6,1.0,0.67,0.67
2006,0.6765576601028442,male,62.0,55_64,french,canadian_quebecois,high_school,20k_to_40k,self_employed,24,1.0,widowed,0.0,2_persons,0.0,children_under_18,other_christian,0.0,quebec_city,type_2,,1.0,0.33,0.33,0.0,1.0,0.33,1.0,plq,ndp,1.0,0.5,0.33,1.0,0.5,1.0,1.0,0.0,1.0,0.0,1.0,0.33,0.0,adq,liberal,0.4,0.1,0.5,0.0,0.0,0.4,0.0,0.9,0.4,0.0,0.1,0.2,1.0,0.0,0.0,0.33,0.67,0.33,1.0,1.0,1.0,0.0,0.33,1.0,0.67,0.0,0.6,1.0,1.0,0.6,1.0,0.6,0.6,0.6,1.0,1.0,0.6,1.0,0.67,0.67
2007,0.5248628258705139,female,58.0,55_64,french,canadian_quebecois,high_school,20k_to_40k,employed,17,1.0,widowed,1.0,3_4_persons,0.0,children_under_18,no_religion,1.0,,type_2,,1.0,0.67,1.0,1.0,0.67,0.67,1.0,plq,,0.33,0.75,0.67,1.0,1.0,0.33,0.67,0.33,1.0,0.0,1.0,0.33,0.0,,,0.1,0.2,0.4,0.15,0.3,0.2,0.3,0.3,,,0.3,0.3,0.0,1.0,0.33,0.33,0.67,0.33,0.67,0.33,1.0,,0.33,,0.67,0.0,,,,0.2,0.4,0.6,0.8,,,,,,,0.67
2008,0.6606233716011047,male,42.0,35_44,french,canadian_quebecois,high_school,20k_to_40k,employed,12,1.0,divorced_separated,,,,no_children,other_christian,0.0,other_regions,type_2,,0.67,0.33,1.0,0.0,0.67,1.0,1.0,plq,conservative,0.67,0.75,0.0,0.67,,1.0,0.67,0.0,1.0,1.0,1.0,0.33,0.0,adq,,0.0,0.1,0.4,0.0,0.0,0.0,0.1,0.75,0.02,0.0,0.5,0.75,,1.0,0.67,0.33,0.67,0.33,0.67,0.67,1.0,0.33,0.33,0.0,0.0,0.0,,0.6,,,0.6,,,,0.6,,0.6,0.17,0.67,0.67
2009,0.9275031685829164,female,65.0,55_64,french,canadian_quebecois,bachelor,40k_to_60k,,6,1.0,divorced_separated,1.0,5_plus_persons,0.0,children_under_18,protestant,0.5,other_regions,type_2,,0.67,1.0,0.33,1.0,1.0,0.33,1.0,plq,ndp,0.33,0.5,1.0,0.33,1.0,0.33,0.33,0.33,1.0,0.0,0.0,0.67,1.0,other,conservative,0.6,0.65,,,,0.5,0.65,0.7,0.7,0.6,0.55,0.7,0.0,1.0,0.67,0.67,1.0,0.0,0.33,0.67,1.0,0.33,0.33,0.67,0.33,1.0,0.8,0.6,,0.2,0.4,0.6,0.8,0.8,0.6,,,,0.67,0.67
2010,1.7611688375473022,female,20.0,18_24,french,canadian_quebecois,college_cegep,under_20k,retired,26,1.0,widowed,1.0,5_plus_persons,0.0,children_18_plus,no_religion,1.0,monteregie,type_2,,1.0,1.0,0.67,1.0,0.67,0.67,0.0,plq,ndp,0.33,1.0,1.0,,0.0,1.0,1.0,0.0,1.0,0.0,1.0,0.33,1.0,,,0.1,0.2,0.6,,0.9,0.0,0.5,0.2,,0.9,0.75,,0.0,,0.67,,0.33,0.67,0.67,0.0,1.0,,0.67,0.33,0.0,0.33,0.8,0.8,,0.2,,,,0.8,,,0.2,0.33,0.83,0.83
2011,3.865570783615112,female,39.0,35_44,other,other,college_cegep,40k_to_60k,employed,6,0.0,single,1.0,3_4_persons,0.0,children_under_18,catholic,0.5,montreal,type_2,,1.0,1.0,0.67,0.67,0.67,0.67,1.0,plq,ndp,0.33,0.75,0.67,0.33,0.5,0.67,0.67,0.33,1.0,1.0,1.0,0.67,1.0,adq,liberal,0.5,0.0,0.8,0.2,0.3,0.5,0.0,0.8,,,0.5,0.9,1.0,,0.0,0.33,0.67,0.33,0.33,1.0,,0.67,1.0,0.67,0.67,0.0,1.0,1.0,,0.2,,,0.6,0.8,1.0,,1.0,0.17,0.67,0.67
2012,0.6322008967399597,male,59.0,55_64,french,canadian_quebecois,high_school,40k_to_60k,self_employed,6,1.0,widowed,1.0,3_4_persons,0.0,children_under_18,protestant,0.5,other_regions,type_2,,0.0,0.0,0.0,0.0,0.0,0.0,1.0,plq,conservative,1.0,0.0,0.0,0.0,1.0,0.67,0.67,0.33,0.0,0.0,1.0,0.67,0.0,pq,green,0.0,0.9,0.01,0.01,0.01,0.0,0.9,0.01,0.01,0.02,,,1.0,1.0,1.0,0.33,1.0,0.33,,0.67,1.0,0.33,0.33,0.67,0.67,0.33,,,,,,,,,,,,1.0,0.5,0.17
2013,0.9353222250938416,female,41.0,35_44,english,canadian_quebecois,bachelor,100k_to_120k,employed,15,0.0,divorced_separated,1.0,5_plus_persons,0.0,children_18_plus,catholic,0.5,montreal,type_2,,1.0,1.0,0.33,1.0,0.67,1.0,1.0,adq,conservative,0.33,0.75,0.67,0.67,0.5,0.33,0.67,0.33,1.0,0.0,1.0,0.67,1.0,plq,ndp,0.7,0.0,0.5,,,0.7,0.5,0.6,,,0.6,0.75,1.0,1.0,0.0,0.67,1.0,0.0,1.0,1.0,0.33,0.67,0.67,1.0,0.33,0.33,1.0,1.0,1.0,1.0,1.0,1.0,1.0,1.0,1.0,1.0,1.0,1.0,1.0,1.0
2014,0.2995596826076507,female,27.0,25_34,french,canadian_quebecois,bachelor,under_20k,employed,3,1.0,widowed,1.0,3_4_persons,0.0,no_children,other_christian,0.5,other_regions,type_2,,1.0,1.0,0.67,1.0,0.67,0.33,1.0,pq,liberal,0.0,0.75,0.67,0.67,,0.67,0.67,0.33,0.0,0.0,,0.67,1.0,adq,green,0.5,0.4,0.75,0.2,0.4,0.5,0.4,0.75,0.2,,0.6,0.75,1.0,,0.33,0.67,0.33,0.33,1.0,0.33,1.0,0.33,0.67,1.0,1.0,0.33,,0.6,,0.2,0.4,0.6,,0.8,0.6,1.0,0.6,0.67,0.67,0.67
2015,0.5570399761199951,female,35.0,25_34,french,canadian_quebecois,college_cegep,20k_to_40k,employed,3,1.0,widowed,1.0,3_4_persons,0.0,no_children,protestant,0.5,quebec_city,type_2,,1.0,0.67,0.67,1.0,0.33,0.67,1.0,plq,,0.67,0.75,0.67,1.0,1.0,0.67,0.67,0.33,1.0,1.0,1.0,0.67,1.0,adq,conservative,0.0,0.95,0.8,0.85,0.9,0.0,0.6,0.9,0.85,0.85,0.7,1.0,0.0,1.0,0.67,0.67,0.33,0.33,0.67,0.67,1.0,0.0,0.67,0.67,0.67,0.33,0.8,0.6,0.6,0.2,0.8,0.4,0.8,0.4,0.6,0.6,0.4,0.67,0.33,0.67
2016,0.2995596826076507,female,33.0,25_34,french,canadian_quebecois,bachelor,40k_to_60k,employed,3,1.0,widowed,1.0,3_4_persons,0.0,children_under_18,other_christian,0.5,quebec_city,type_2,,0.67,0.67,0.67,0.67,0.67,0.67,1.0,pq,ndp,0.67,0.75,0.67,0.67,0.5,0.67,0.67,0.0,1.0,0.0,1.0,0.33,1.0,adq,,0.01,0.0,0.9,,,0.0,0.0,1.0,0.9,,0.0,,0.0,1.0,0.0,0.0,0.33,0.67,0.67,0.33,,0.67,0.67,0.67,0.33,0.33,0.6,0.6,0.6,0.6,0.6,0.6,0.6,0.6,0.6,0.6,0.6,0.67,0.67,0.67
2017,0.4523656964302063,male,54.0,45_54,french,canadian_quebecois,bachelor,over_150k,employed,3,1.0,widowed,1.0,5_plus_persons,0.0,children_18_plus,protestant,0.5,other_regions,type_2,,1.0,0.67,0.33,0.67,0.67,0.33,1.0,adq,liberal,0.67,0.75,0.33,0.33,1.0,0.67,0.67,0.33,0.0,0.0,0.0,0.67,1.0,,,0.5,0.9,0.3,0.8,0.7,0.2,0.4,0.1,0.6,,0.8,0.7,1.0,1.0,0.33,0.67,0.67,0.67,0.33,0.67,1.0,0.0,0.0,0.33,0.67,0.33,0.8,0.8,,0.2,0.4,0.6,0.8,0.8,0.6,0.6,0.4,0.83,0.83,0.5
2018,0.3552634119987488,male,28.0,25_34,french,canadian_quebecois,college_cegep,20k_to_40k,employed,3,1.0,widowed,1.0,5_plus_persons,0.0,both,,,outaouais,type_2,1.0,1.0,1.0,0.67,1.0,1.0,0.33,0.0,plq,bloc,0.67,1.0,0.67,0.67,1.0,0.67,1.0,0.67,,0.0,1.0,0.33,1.0,,,0.3,0.45,0.05,0.85,0.75,0.05,0.05,0.05,0.85,0.5,0.9,0.7,0.0,1.0,0.0,0.33,0.0,0.33,1.0,0.33,1.0,0.0,0.33,1.0,1.0,0.33,1.0,0.4,1.0,0.2,0.4,0.4,0.8,0.8,,0.6,0.4,0.17,0.5,0.5
2019,0.5570399761199951,female,44.0,35_44,french,canadian_quebecois,bachelor,over_150k,employed,3,1.0,widowed,,3_4_persons,0.0,no_children,catholic,0.0,quebec_city,type_2,,1.0,0.67,0.33,0.67,0.67,1.0,1.0,plq,ndp,0.67,0.75,0.33,1.0,0.5,0.67,0.67,0.33,1.0,0.0,1.0,0.67,0.0,adq,liberal,0.7,0.0,0.65,,,0.55,0.6,0.5,,,0.0,0.86,0.0,0.0,0.0,0.33,0.33,0.67,0.33,1.0,0.33,0.0,0.33,0.67,0.67,0.0,1.0,0.6,1.0,0.6,0.6,0.8,0.6,,0.6,0.6,1.0,0.17,0.83,0.17
2020,0.6606233716011047,male,41.0,35_44,french,canadian_quebecois,bachelor,over_150k,employed,3,1.0,divorced_separated,1.0,3_4_persons,0.0,no_children,,,quebec_city,type_2,,0.33,0.33,0.33,0.67,0.33,0.33,1.0,adq,liberal,0.33,0.5,0.33,0.0,0.5,0.0,0.0,0.33,0.0,0.0,1.0,0.67,0.0,adq,liberal,0.6,0.1,0.4,,,,0.01,0.5,,,0.0,0.8,1.0,0.0,0.0,0.67,1.0,1.0,0.33,0.0,0.33,0.67,1.0,0.33,0.33,0.33,0.6,1.0,1.0,0.2,0.6,1.0,0.8,0.8,0.6,1.0,0.6,1.0,0.67,
2021,0.4301224946975708,female,23.0,18_24,french,canadian_quebecois,college_cegep,under_20k,,3,1.0,widowed,1.0,3_4_persons,0.0,no_children,other_christian,0.5,quebec_city,type_2,,1.0,1.0,0.67,0.33,0.33,0.33,1.0,plq,ndp,0.67,0.75,1.0,0.67,0.5,1.0,0.67,0.33,1.0,0.0,0.0,0.33,0.0,adq,liberal,0.25,0.25,0.8,,0.5,0.25,0.5,0.8,,,0.75,0.75,0.0,,0.0,0.33,0.33,0.67,0.33,0.0,1.0,0.33,0.67,0.33,0.33,0.33,0.6,0.6,0.6,0.6,0.6,0.6,0.6,0.6,0.6,0.6,0.6,0.67,0.67,0.67
2022,0.2995596826076507,female,29.0,25_34,french,canadian_quebecois,bachelor,,employed,3,1.0,widowed,1.0,5_plus_persons,0.0,no_children,,,monteregie,type_2,0.0,0.67,0.67,0.67,0.67,0.67,0.67,0.0,plq,ndp,0.67,0.75,0.67,0.67,,1.0,0.33,0.33,1.0,0.0,1.0,1.0,1.0,,,0.3,0.3,0.3,0.0,0.0,0.5,0.5,0.5,,,0.2,1.0,0.0,,0.33,0.33,0.67,0.67,1.0,0.0,,0.0,1.0,1.0,1.0,0.0,,,,,,,,,,,,0.17,0.17,0.17
2023,0.3552634119987488,male,34.0,25_34,french,canadian_quebecois,bachelor,20k_to_40k,employed,3,1.0,widowed,0.0,5_plus_persons,0.0,no_children,other_christian,0.5,quebec_city,type_2,,1.0,0.67,0.67,1.0,1.0,0.67,1.0,adq,bloc,0.67,1.0,1.0,1.0,0.5,0.67,0.67,0.0,1.0,0.0,1.0,0.33,,adq,conservative,0.0,0.4,1.0,0.0,0.0,0.0,0.4,1.0,0.0,0.0,0.6,0.5,0.0,1.0,0.0,1.0,1.0,0.0,0.33,0.33,1.0,1.0,1.0,1.0,0.67,0.0,0.6,0.6,0.6,0.6,0.6,0.6,0.6,0.6,0.6,0.6,0.6,0.67,0.67,0.67
2024,0.5101058483123779,male,21.0,18_24,french,canadian_quebecois,college_cegep,under_20k,retired,3,1.0,divorced_separated,1.0,,1.0,no_children,other_christian,1.0,other_regions,type_2,,1.0,0.67,1.0,0.67,1.0,0.33,1.0,plq,ndp,0.33,0.75,0.67,0.67,1.0,0.67,0.67,0.67,,0.0,1.0,0.67,1.0,adq,,0.75,0.33,0.9,0.04,0.04,0.7,0.27,0.88,0.11,0.22,0.02,0.95,0.0,1.0,0.33,1.0,0.67,0.33,1.0,0.33,0.33,0.0,0.67,1.0,0.67,0.67,1.0,0.8,0.6,0.2,0.4,0.6,0.6,0.8,0.6,0.6,0.6,0.67,0.67,0.67
2025,0.4301224946975708,female,22.0,18_24,french,canadian_quebecois,bachelor,,,3,1.0,divorced_separated,1.0,,,children_under_18,,,outaouais,type_2,1.0,0.67,0.67,0.67,1.0,,0.67,1.0,other,liberal,0.67,0.75,0.67,0.67,0.5,0.67,0.67,0.33,0.0,0.0,1.0,0.67,1.0,adq,green,0.68,0.34,0.7,,0.7,0.6,0.55,0.8,,,0.0,0.5,0.0,1.0,0.0,0.33,0.33,0.33,,1.0,0.33,,0.67,0.67,,0.33,0.6,0.6,,0.2,0.2,0.6,0.8,0.8,0.6,,,1.0,,0.67
2026,0.2995596826076507,female,32.0,25_34,french,canadian_quebecois,high_school,20k_to_40k,employed,3,1.0,widowed,0.0,3_4_persons,1.0,children_under_18,catholic,0.5,montreal,type_2,,0.67,0.67,0.67,0.33,0.33,0.67,0.0,other,bloc,0.33,0.5,1.0,0.0,0.5,0.33,0.67,0.33,1.0,0.0,0.0,0.67,,,,0.75,0.0,0.5,0.0,0.0,0.5,0.0,0.75,0.0,0.0,0.3,0.75,,,0.0,0.33,0.67,0.33,,1.0,0.33,0.0,1.0,0.67,0.33,0.33,1.0,0.6,1.0,1.0,0.6,0.6,0.6,1.0,0.6,1.0,0.6,1.0,0.67,0.67
2027,0.2995596826076507,female,32.0,25_34,french,canadian_quebecois,college_cegep,80k_to_100k,homemaker,3,1.0,divorced_separated,1.0,3_4_persons,0.0,no_children,catholic,0.0,quebec_city,type_2,,1.0,1.0,0.33,0.67,0.67,1.0,1.0,plq,conservative,0.67,0.75,1.0,0.67,0.5,0.67,0.67,0.67,1.0,0.0,,0.67,1.0,adq,liberal,0.75,0.05,0.75,0.05,0.25,0.75,0.0,0.75,0.0,0.05,0.5,0.5,1.0,0.0,0.0,0.33,0.33,0.67,0.33,1.0,0.33,0.67,0.33,0.33,0.33,0.67,1.0,1.0,1.0,0.6,0.6,0.6,1.0,1.0,0.6,1.0,0.6,1.0,0.67,0.67
2028,0.2995596826076507,female,34.0,25_34,french,canadian_quebecois,bachelor,80k_to_100k,employed,3,1.0,divorced_separated,1.0,3_4_persons,0.0,children_under_18,catholic,0.5,quebec_city,type_2,,0.67,0.67,0.33,0.67,1.0,0.67,1.0,pq,liberal,0.33,0.75,0.67,1.0,0.5,0.33,0.67,0.67,0.0,0.0,0.0,0.67,1.0,plq,ndp,0.8,0.0,0.6,0.0,0.0,0.7,0.0,0.9,0.0,0.0,0.0,0.5,1.0,0.0,0.0,1.0,0.33,0.33,1.0,1.0,1.0,1.0,1.0,1.0,1.0,0.0,1.0,1.0,1.0,0.2,0.6,0.6,1.0,1.0,0.6,0.6,0.6,0.67,0.67,1.0
2029,0.2995596826076507,female,26.0,25_34,french,canadian_quebecois,bachelor,20k_to_40k,student,3,1.0,widowed,1.0,5_plus_persons,0.0,no_children,protestant,0.0,other_regions,type_2,,0.67,0.67,0.33,1.0,0.67,0.0,1.0,plq,ndp,0.67,0.5,0.33,0.33,1.0,1.0,1.0,0.0,1.0,0.0,1.0,0.33,1.0,adq,conservative,0.1,0.6,0.6,,0.5,0.0,0.02,0.6,,,0.5,0.5,1.0,1.0,0.33,0.33,0.0,1.0,0.33,0.67,1.0,0.0,0.0,0.67,0.67,0.0,,,,,,,,,,,,0.17,0.5,
2030,0.2995596826076507,female,29.0,25_34,french,canadian_quebecois,bachelor,20k_to_40k,employed,3,1.0,divorced_separated,0.0,5_plus_persons,1.0,children_under_18,other_christian,0.5,quebec_city,type_2,,1.0,1.0,0.33,1.0,0.67,0.67,1.0,plq,ndp,0.67,1.0,0.67,0.0,1.0,0.67,0.67,0.33,1.0,0.0,1.0,0.33,1.0,adq,conservative,,,,,,0.0,0.5,1.0,,,0.25,0.5,1.0,1.0,0.67,,0.33,0.67,0.33,0.33,1.0,1.0,1.0,0.33,1.0,0.33,0.6,0.6,0.6,0.2,0.4,0.6,0.6,0.8,0.8,0.6,0.6,0.67,0.67,0.67
2031,0.4301224946975708,female,21.0,18_24,french,canadian_quebecois,college_cegep,under_20k,retired,3,1.0,widowed,0.0,5_plus_persons,0.0,no_children,other_christian,0.5,monteregie,type_2,,1.0,1.0,0.33,1.0,0.67,0.67,0.0,plq,,0.33,0.75,0.67,0.0,,0.67,0.67,0.33,1.0,1.0,1.0,,1.0,,,0.1,0.7,0.9,0.3,0.6,0.25,0.7,0.7,,,,0.5,,1.0,0.33,0.33,,0.33,0.33,0.0,,0.33,0.67,0.67,0.33,0.33,0.8,1.0,0.8,0.2,0.6,0.6,1.0,0.8,,0.6,0.6,0.83,0.67,0.67
2032,0.2995596826076507,female,30.0,25_34,french,canadian_quebecois,college_cegep,under_20k,employed,3,1.0,widowed,1.0,3_4_persons,0.0,no_children,protestant,0.5,other_regions,type_2,,1.0,1.0,0.33,1.0,0.33,0.0,1.0,plq,ndp,1.0,0.75,0.67,1.0,1.0,0.67,0.33,0.33,,0.0,1.0,0.67,1.0,pq,,0.0,0.9,0.75,0.0,,0.0,1.0,0.8,0.0,0.0,0.2,0.5,0.0,1.0,1.0,,0.67,0.33,0.33,0.67,1.0,,0.0,0.67,0.33,0.0,,0.8,,0.8,,0.6,0.8,0.8,0.8,,0.6,0.83,0.83,0.67
2033,0.3552634119987488,male,31.0,25_34,french,canadian_quebecois,bachelor,80k_to_100k,employed,3,1.0,widowed,1.0,5_plus_persons,0.0,no_children,catholic,0.5,quebec_city,type_2,,1.0,0.33,0.33,0.33,0.67,0.67,1.0,plq,ndp,0.67,0.5,0.67,0.33,0.5,0.67,1.0,0.0,1.0,0.0,1.0,0.33,1.0,adq,liberal,0.8,0.1,0.85,0.05,0.25,0.75,0.05,0.85,0.05,,0.05,0.8,0.0,1.0,0.0,0.67,0.33,0.67,0.67,1.0,0.33,0.33,1.0,0.67,1.0,0.0,1.0,1.0,0.6,0.6,0.6,1.0,0.6,0.8,0.6,0.6,0.6,1.0,0.67,0.67
2034,0.4301224946975708,female,21.0,18_24,french,canadian_quebecois,bachelor,over_150k,retired,3,1.0,widowed,1.0,5_plus_persons,0.0,children_18_plus,no_religion,0.5,other_regions,type_2,,1.0,1.0,0.33,1.0,0.33,0.33,1.0,adq,conservative,0.67,1.0,1.0,0.67,,0.67,1.0,0.67,0.0,0.0,1.0,0.67,1.0,other,bloc,0.6,0.6,0.1,0.85,0.9,0.7,0.7,0.0,0.85,0.85,0.5,0.5,0.0,1.0,0.67,0.67,0.67,0.67,1.0,0.33,1.0,0.0,0.0,0.67,0.0,,1.0,,,0.2,0.4,0.4,1.0,0.8,0.2,,0.4,1.0,0.5,0.5
2035,0.4523656964302063,male,48.0,45_54,french,canadian_quebecois,bachelor,over_150k,employed,3,1.0,widowed,,,0.0,no_children,,,monteregie,type_2,0.0,1.0,1.0,1.0,1.0,0.67,1.0,0.0,adq,liberal,0.33,0.75,0.67,1.0,,0.67,0.67,0.33,1.0,0.0,1.0,0.33,1.0,,,,,,,,,,,,,0.0,0.5,1.0,0.0,0.33,0.0,1.0,1.0,0.67,0.0,,0.67,1.0,1.0,0.33,0.0,0.8,0.8,0.8,0.2,0.6,0.6,0.6,0.6,1.0,0.8,0.6,0.17,0.67,0.67
2036,0.381436675786972,female,49.0,45_54,french,canadian_quebecois,college_cegep,20k_to_40k,employed,3,1.0,widowed,,,1.0,children_under_18,other_christian,1.0,montreal,type_2,,0.67,0.67,0.33,0.67,1.0,0.33,1.0,plq,,0.67,0.0,0.33,0.67,,0.67,0.67,0.67,0.0,0.0,,1.0,,adq,liberal,0.6,0.7,1.0,0.0,0.3,0.5,0.2,0.9,0.0,0.1,0.5,,1.0,,0.33,1.0,1.0,0.33,0.67,0.33,1.0,0.67,0.67,,0.67,0.0,0.6,0.6,0.6,0.6,0.6,0.6,0.6,0.8,0.6,0.6,0.6,1.0,0.67,0.67
2037,0.3552634119987488,male,26.0,25_34,french,canadian_quebecois,graduate,20k_to_40k,employed,3,1.0,divorced_separated,1.0,3_4_persons,0.0,children_under_18,catholic,0.5,quebec_city,type_2,,0.67,1.0,0.33,0.67,0.67,0.67,1.0,qs,liberal,1.0,0.0,0.67,0.0,0.5,0.33,0.33,0.67,1.0,0.0,0.0,0.67,1.0,plq,ndp,1.0,0.0,0.8,0.0,0.0,1.0,0.0,0.8,0.0,0.0,0.0,1.0,0.0,1.0,0.0,0.67,0.33,0.67,1.0,1.0,0.67,0.33,1.0,0.67,0.67,0.67,1.0,1.0,1.0,1.0,1.0,1.0,1.0,1.0,1.0,1.0,1.0,1.0,1.0,1.0
2038,0.2995596826076507,female,28.0,25_34,french,canadian_quebecois,bachelor,20k_to_40k,employed,3,1.0,widowed,0.0,5_plus_persons,1.0,no_children,other_christian,0.5,quebec_city,type_2,,1.0,1.0,0.67,0.33,0.33,0.67,1.0,adq,bloc,0.33,0.5,0.67,0.67,0.0,0.67,0.67,0.0,0.0,0.0,,0.33,1.0,adq,,0.6,0.2,0.8,,,0.45,0.1,0.9,0.2,,0.7,0.8,0.0,1.0,0.0,,,0.67,0.33,0.33,0.67,0.67,1.0,0.33,0.0,0.67,1.0,0.6,,0.2,,0.6,0.6,,0.6,,0.6,0.17,0.67,0.67
2039,0.5570399761199951,female,41.0,35_44,french,canadian_quebecois,bachelor,60k_to_80k,employed,3,1.0,common_law,1.0,2_persons,0.0,no_children,protestant,1.0,other_regions,type_2,,1.0,1.0,1.0,1.0,1.0,0.33,1.0,plq,ndp,1.0,1.0,0.33,1.0,1.0,1.0,1.0,0.33,1.0,0.0,1.0,0.33,1.0,pq,,0.0,1.0,0.0,,,0.0,0.5,0.0,0.7,,0.5,0.8,0.0,1.0,0.67,0.67,1.0,0.67,0.67,0.67,1.0,1.0,0.0,0.67,0.67,0.0,0.8,0.8,0.8,0.8,0.8,0.8,0.8,0.8,0.8,0.8,0.8,0.17,0.5,0.67
2040,0.4523656964302063,male,46.0,45_54,french,canadian_quebecois,graduate,80k_to_100k,employed,3,1.0,widowed,0.0,3_4_persons,0.0,children_under_18,other_christian,0.5,quebec_city,type_2,,0.67,0.67,0.33,0.67,0.33,0.0,1.0,pq,ndp,0.33,0.5,0.67,0.33,1.0,0.67,1.0,0.0,1.0,,0.0,0.67,1.0,adq,green,0.0,0.5,0.75,0.0,0.25,0.0,0.25,0.7,0.0,0.5,0.6,0.7,0.0,1.0,0.0,,0.33,0.33,0.33,0.33,1.0,0.33,0.67,0.33,0.33,0.67,0.6,0.6,0.6,0.2,0.6,0.6,0.6,0.8,0.6,0.6,0.6,0.67,0.67,0.67
2041,0.3552634119987488,male,28.0,25_34,french,canadian_quebecois,college_cegep,over_150k,employed,12,1.0,divorced_separated,0.0,3_4_persons,1.0,no_children,other_christian,0.5,quebec_city,type_2,,0.67,0.67,0.33,0.33,0.33,0.33,1.0,plq,ndp,0.67,0.5,0.33,0.67,0.5,0.67,1.0,0.33,1.0,0.0,1.0,0.67,1.0,adq,liberal,0.7,0.0,0.8,0.0,0.0,0.6,0.0,0.75,0.0,0.0,0.0,0.9,1.0,0.0,0.0,1.0,1.0,0.0,1.0,1.0,0.67,0.67,1.0,0.33,0.33,1.0,0.6,0.6,0.6,0.2,0.6,0.6,1.0,0.6,0.6,1.0,0.6,1.0,0.67,0.67
2042,0.1564060449600219,male,60.0,55_64,french,canadian_quebecois,high_school,20k_to_40k,employed,3,1.0,widowed,1.0,5_plus_persons,0.0,children_under_18,other_christian,1.0,quebec_city,type_2,,0.33,0.33,0.33,0.33,0.67,0.67,1.0,adq,conservative,0.0,0.5,0.67,0.33,1.0,1.0,1.0,0.0,1.0,0.0,1.0,0.33,1.0,adq,bloc,0.1,0.2,0.6,0.5,0.2,0.0,0.1,0.6,0.2,0.2,0.25,0.6,0.0,1.0,0.0,1.0,1.0,0.33,0.33,0.67,1.0,0.0,1.0,0.67,0.67,0.67,0.6,0.6,0.6,0.6,0.4,0.6,0.8,0.8,0.6,0.6,0.6,0.67,0.5,0.67
2043,0.3552634119987488,male,25.0,18_24,french,canadian_quebecois,graduate,20k_to_40k,retired,3,1.0,divorced_separated,1.0,5_plus_persons,1.0,no_children,protestant,1.0,other_regions,type_2,,0.67,1.0,0.33,1.0,0.67,0.33,1.0,plq,conservative,,0.75,1.0,0.0,1.0,0.67,1.0,0.33,1.0,0.0,1.0,0.67,1.0,pq,green,0.0,0.07,0.08,0.06,0.09,0.0,0.08,0.08,,0.08,0.4,0.8,1.0,,0.67,,0.67,0.33,0.67,0.67,1.0,0.67,0.33,0.33,1.0,0.33,1.0,0.8,0.8,0.2,0.8,0.8,0.8,0.8,0.8,0.8,0.8,0.83,0.67,0.83
2044,0.3552634119987488,male,27.0,25_34,french,canadian_quebecois,bachelor,40k_to_60k,employed,3,1.0,widowed,1.0,5_plus_persons,0.0,no_children,other_christian,0.5,quebec_city,type_2,,0.33,0.67,0.33,0.67,0.67,1.0,1.0,qs,liberal,0.0,0.5,0.0,0.67,0.5,0.67,0.67,0.67,1.0,0.0,1.0,0.67,1.0,adq,green,0.35,0.25,0.75,0.2,0.6,0.4,0.1,0.8,,,0.1,0.8,0.0,,0.0,0.67,0.67,0.33,0.33,0.33,1.0,0.0,1.0,0.67,0.67,0.0,0.6,0.6,0.6,0.2,0.8,0.6,0.6,0.6,0.6,0.6,0.6,0.67,0.67,0.67
2045,0.6606233716011047,male,40.0,35_44,french,canadian_quebecois,bachelor,,employed,3,1.0,widowed,0.0,2_persons,1.0,no_children,catholic,0.5,quebec_city,type_2,,1.0,1.0,0.33,0.33,0.0,0.33,0.0,plq,ndp,0.0,0.5,0.33,0.33,0.5,0.67,1.0,0.33,1.0,0.0,1.0,,1.0,,,0.67,0.25,0.5,0.0,0.05,0.65,0.25,0.5,,,0.1,0.6,0.0,1.0,0.0,0.67,1.0,0.33,1.0,1.0,1.0,0.0,,1.0,,0.0,1.0,1.0,1.0,,1.0,0.6,1.0,,0.6,1.0,,1.0,0.67,0.67
2046,0.4301224946975708,female,23.0,18_24,french,canadian_quebecois,bachelor,20k_to_40k,employed,3,1.0,widowed,1.0,2_persons,0.0,children_under_18,protestant,0.5,outaouais,type_2,,0.33,1.0,1.0,1.0,0.33,0.0,1.0,plq,ndp,0.67,0.75,0.33,0.33,1.0,0.67,1.0,0.33,,,,0.67,0.0,pq,green,0.2,0.8,0.45,0.4,0.75,0.5,0.6,0.5,0.5,0.7,0.6,0.85,1.0,,0.33,0.0,0.33,0.33,0.33,0.67,1.0,0.0,0.33,1.0,0.67,0.33,0.8,0.8,0.6,0.2,0.4,0.8,1.0,0.6,0.2,0.6,0.4,0.17,0.83,0.67
2047,0.381436675786972,female,52.0,45_54,french,canadian_quebecois,bachelor,under_20k,unemployed,3,1.0,divorced_separated,,3_4_persons,0.0,children_under_18,catholic,0.5,montreal,type_2,,0.67,0.67,0.33,1.0,0.67,0.67,1.0,plq,other,0.0,0.75,0.33,0.33,0.5,0.67,1.0,0.33,0.0,0.0,1.0,0.33,,plq,,0.6,0.0,0.1,0.0,0.1,0.3,0.0,0.2,0.01,0.01,0.0,0.7,1.0,0.0,0.0,0.33,1.0,0.67,0.33,0.33,1.0,0.0,0.67,1.0,0.67,0.67,1.0,0.6,1.0,1.0,,0.6,1.0,,1.0,1.0,1.0,1.0,0.17,0.17
2048,0.6606233716011047,male,37.0,35_44,french,canadian_quebecois,bachelor,,employed,3,1.0,divorced_separated,1.0,,0.0,no_children,catholic,0.5,quebec_city,type_2,,1.0,0.67,0.33,0.33,0.33,0.33,1.0,plq,conservative,0.0,0.5,0.67,0.33,0.5,0.33,0.67,0.33,1.0,0.0,1.0,0.33,0.0,plq,ndp,0.8,0.5,0.7,0.0,0.05,0.7,0.35,0.7,0.0,0.05,0.0,0.85,1.0,,0.0,0.67,1.0,0.33,1.0,1.0,0.33,1.0,0.67,0.67,0.67,0.33,1.0,1.0,,,,0.6,1.0,,1.0,1.0,0.6,1.0,0.67,0.67
2049,0.2995596826076507,female,34.0,25_34,french,canadian_quebecois,graduate,40k_to_60k,employed,3,1.0,divorced_separated,1.0,3_4_persons,0.0,no_children,catholic,1.0,outaouais,type_2,,1.0,0.67,0.33,1.0,1.0,0.33,1.0,adq,liberal,1.0,0.75,0.67,0.67,0.5,0.67,0.33,0.67,0.0,0.0,0.0,0.67,1.0,plq,ndp,0.9,0.0,0.75,0.35,0.45,0.85,0.1,0.7,0.35,0.15,0.1,0.65,1.0,0.0,0.0,0.67,0.67,0.0,1.0,1.0,1.0,0.33,0.67,1.0,0.67,0.33,1.0,1.0,1.0,1.0,1.0,1.0,1.0,1.0,0.6,1.0,0.6,1.0,0.67,0.67
2050,0.2995596826076507,female,33.0,25_34,french,canadian_quebecois,college_cegep,40k_to_60k,employed,3,1.0,divorced_separated,1.0,3_4_persons,1.0,children_under_18,,,other,type_2,1.0,1.0,1.0,0.33,0.67,0.67,0.67,1.0,plq,bloc,,0.75,0.67,,0.5,0.33,0.33,0.67,1.0,0.0,,0.67,1.0,plq,ndp,0.8,0.4,0.8,0.3,0.5,0.5,0.5,0.75,0.25,,0.5,0.75,0.0,,0.67,0.67,0.67,0.33,0.33,0.0,0.33,,1.0,0.67,0.33,0.33,1.0,0.8,,0.2,0.4,0.6,0.8,0.8,0.6,1.0,0.8,0.0,0.67,0.67
2051,0.9649726152420044,female,24.0,18_24,other,other,bachelor,under_20k,retired,3,1.0,widowed,1.0,,0.0,children_18_plus,,,quebec_city,type_2,0.0,0.33,0.67,0.67,1.0,0.67,0.67,1.0,adq,liberal,0.0,0.75,0.67,0.33,0.5,0.67,0.33,0.67,1.0,0.0,0.0,1.0,0.0,adq,green,0.6,0.25,0.9,,0.9,0.5,0.25,0.75,,,0.0,0.9,,,0.0,,0.67,0.33,0.33,1.0,1.0,,0.67,1.0,0.67,0.67,,,,0.2,,1.0,0.8,,,,,,,
2052,0.4523656964302063,male,49.0,45_54,french,canadian_quebecois,high_school,20k_to_40k,employed,3,1.0,widowed,1.0,3_4_persons,0.0,no_children,protestant,0.5,other_regions,type_2,,0.67,0.67,0.67,0.67,0.33,0.67,1.0,plq,ndp,0.33,0.75,0.67,1.0,0.5,0.67,1.0,0.0,1.0,0.0,1.0,0.33,1.0,adq,conservative,0.65,0.75,0.5,0.25,0.5,0.1,0.6,0.8,0.25,,0.8,0.8,1.0,1.0,0.0,0.33,0.33,1.0,0.67,0.33,0.33,0.0,0.67,0.67,0.33,0.33,1.0,0.8,0.8,0.2,0.8,0.6,0.8,0.8,0.6,,0.8,1.0,0.67,0.67
2053,0.4523656964302063,male,54.0,45_54,french,canadian_quebecois,college_cegep,under_20k,self_employed,3,1.0,widowed,,5_plus_persons,0.0,both,,,monteregie,type_2,0.0,0.0,0.0,0.0,0.0,0.0,0.0,0.0,,,0.0,0.0,0.0,0.0,0.0,0.67,0.67,0.0,1.0,0.0,,0.67,,,,,,,,,,,,,,0.0,,,,,0.0,,1.0,0.33,0.0,,,,,,,,,,,,,,,,,,0.17,0.17,0.17
2054,0.2995596826076507,female,28.0,25_34,french,canadian_quebecois,bachelor,100k_to_120k,employed,3,1.0,single,0.0,3_4_persons,1.0,no_children,protestant,1.0,other_regions,type_2,,0.33,0.33,0.33,0.67,0.67,0.67,1.0,adq,liberal,1.0,0.5,0.67,0.0,1.0,1.0,1.0,0.0,1.0,1.0,1.0,0.33,0.0,pq,ndp,0.0,1.0,0.5,0.3,0.8,0.0,0.8,0.4,0.2,0.6,0.2,0.2,,,1.0,0.67,0.33,0.67,0.33,0.67,1.0,0.0,1.0,0.0,0.0,0.0,0.8,0.8,0.8,0.2,0.8,0.6,0.8,0.8,0.8,0.8,0.8,0.33,0.17,0.33
2055,0.381436675786972,female,52.0,45_54,french,canadian_quebecois,graduate,60k_to_80k,employed,3,1.0,widowed,1.0,5_plus_persons,0.0,,protestant,0.5,other_regions,type_2,,0.67,0.67,0.67,0.67,0.67,0.33,1.0,adq,liberal,0.67,0.75,0.67,0.67,1.0,0.67,0.33,0.33,0.0,0.0,1.0,0.33,1.0,pq,bloc,0.5,0.9,0.0,0.8,0.0,0.1,0.8,0.0,1.0,0.0,0.8,0.6,,,0.33,0.33,1.0,0.0,0.33,0.67,1.0,0.0,0.0,1.0,1.0,0.33,,0.8,,,0.4,0.8,0.8,0.8,,,0.4,0.83,0.5,0.5
2056,0.6606233716011047,male,36.0,35_44,french,canadian_quebecois,graduate,40k_to_60k,employed,3,1.0,divorced_separated,,5_plus_persons,0.0,no_children,other_christian,0.5,quebec_city,type_2,,1.0,0.67,0.67,0.67,0.67,1.0,1.0,other,ndp,0.67,1.0,1.0,0.67,0.5,1.0,1.0,0.0,1.0,1.0,1.0,0.0,1.0,adq,,0.03,0.0,0.09,0.0,0.0,0.04,0.0,0.09,0.0,0.02,0.0,0.95,0.0,,0.0,1.0,0.0,0.67,0.67,0.33,1.0,1.0,1.0,0.0,0.0,0.0,0.6,0.6,0.6,0.2,0.6,0.6,0.6,0.6,,0.6,0.6,0.67,0.67,0.67
2057,0.5570399761199951,female,43.0,35_44,french,canadian_quebecois,college_cegep,under_20k,,3,1.0,widowed,1.0,,1.0,children_under_18,,,monteregie,type_2,0.0,1.0,0.67,1.0,,0.0,0.67,1.0,qs,,0.67,1.0,1.0,0.33,0.5,1.0,0.67,0.33,1.0,0.0,1.0,,0.0,plq,,0.5,0.2,0.3,0.0,0.0,0.5,0.0,0.5,,,0.0,0.75,,,1.0,0.33,0.67,0.33,,0.0,1.0,0.67,,0.33,0.67,0.0,,,1.0,,0.8,,,,,,,0.67,,0.67
2058,0.5570399761199951,female,41.0,35_44,french,canadian_quebecois,bachelor,20k_to_40k,employed,3,1.0,widowed,1.0,5_plus_persons,0.0,children_under_18,protestant,0.5,other_regions,type_2,,0.67,0.67,0.33,0.67,0.33,0.33,1.0,,other,0.33,0.5,0.67,0.0,1.0,0.67,1.0,0.33,0.0,0.0,0.0,0.67,0.0,pq,ndp,0.45,0.75,0.5,,,0.4,0.7,0.55,,,0.6,0.5,1.0,,0.33,0.67,1.0,0.67,0.33,0.33,1.0,0.33,0.33,0.67,0.67,0.33,,,,0.2,,0.8,0.8,0.8,0.8,,0.8,0.83,0.83,0.83
2059,0.2995596826076507,female,27.0,25_34,french,canadian_quebecois,graduate,20k_to_40k,employed,3,1.0,widowed,,3_4_persons,0.0,children_under_18,catholic,0.5,montreal,type_2,,1.0,1.0,0.67,1.0,0.67,0.67,1.0,plq,other,0.33,1.0,1.0,0.67,0.5,0.67,1.0,0.33,1.0,1.0,1.0,0.67,0.0,plq,green,0.75,0.45,0.55,0.35,0.85,0.65,0.45,0.55,0.35,0.85,0.15,0.75,1.0,,0.0,0.67,0.67,0.33,1.0,0.33,1.0,0.33,0.67,0.67,0.67,0.0,1.0,1.0,1.0,0.2,0.6,0.8,1.0,0.8,1.0,1.0,0.6,0.33,0.33,0.67
2060,0.381436675786972,female,52.0,45_54,french,canadian_quebecois,bachelor,20k_to_40k,employed,3,1.0,widowed,1.0,,0.0,children_18_plus,,,other_regions,type_2,,0.0,1.0,0.0,0.67,0.33,0.0,1.0,pq,ndp,0.0,0.0,0.67,0.0,,,0.33,,,,0.0,0.67,1.0,qs,conservative,0.5,0.7,0.1,0.6,0.4,0.4,0.4,0.2,0.8,0.5,0.5,,0.0,1.0,0.0,0.33,0.33,0.33,,,1.0,0.33,0.0,0.67,0.33,0.33,0.2,0.8,,0.2,0.4,,,,,1.0,0.4,1.0,0.0,0.67
2061,0.4301224946975708,female,22.0,18_24,french,canadian_quebecois,bachelor,20k_to_40k,,3,1.0,widowed,1.0,5_plus_persons,0.0,children_under_18,protestant,0.5,eastern_quebec,type_2,,0.67,1.0,0.33,1.0,0.33,0.33,1.0,plq,ndp,0.67,0.75,1.0,0.33,1.0,0.33,0.67,0.33,0.0,0.0,0.0,0.67,1.0,pq,liberal,0.5,0.7,0.4,,,0.6,0.6,0.4,,,0.4,0.7,0.0,1.0,0.33,,1.0,0.67,0.33,0.67,1.0,0.0,0.33,1.0,0.33,,1.0,0.8,0.8,0.2,0.8,0.6,0.8,0.8,0.6,0.8,0.8,1.0,0.83,0.83
2062,0.381436675786972,female,47.0,45_54,french,canadian_quebecois,college_cegep,40k_to_60k,employed,3,1.0,widowed,1.0,,,,,,,type_2,,1.0,1.0,0.67,0.67,0.67,0.67,1.0,plq,,,0.75,0.67,0.0,0.5,,0.0,0.0,1.0,0.0,1.0,0.33,1.0,plq,ndp,,,,,,,,,,,0.0,,,,,0.0,,,0.33,1.0,,1.0,0.67,,,,,0.6,0.6,0.2,,0.6,,,,,,1.0,1.0,0.67
2063,0.2995596826076507,female,33.0,25_34,french,canadian_quebecois,bachelor,60k_to_80k,employed,3,1.0,widowed,1.0,5_plus_persons,0.0,no_children,protestant,0.0,other_regions,type_2,,1.0,0.67,0.33,0.67,0.33,0.33,1.0,plq,ndp,0.33,0.0,0.33,0.0,0.5,0.67,0.67,0.33,0.0,0.0,1.0,0.33,0.0,pq,ndp,0.0,0.6,0.5,,,0.0,0.0,0.5,,,0.5,0.5,1.0,0.0,0.33,0.0,0.67,0.67,0.67,0.0,,0.33,0.67,0.67,0.67,0.33,,,,,,,,0.8,0.8,,0.6,0.17,0.67,0.67
2064,0.2995596826076507,female,31.0,25_34,french,canadian_quebecois,college_cegep,under_20k,employed,3,1.0,widowed,1.0,3_4_persons,0.0,children_under_18,other_christian,0.5,outaouais,type_2,,1.0,0.67,0.33,0.67,0.67,0.67,1.0,plq,other,0.0,0.5,0.33,0.0,0.5,0.33,0.33,0.33,1.0,0.0,,0.33,1.0,adq,green,0.1,0.3,0.7,,0.5,0.1,0.2,0.85,,,0.1,0.75,0.0,,0.33,0.67,0.67,0.67,0.33,0.0,1.0,,0.67,0.33,0.33,0.0,0.6,0.6,0.6,0.2,0.6,0.6,0.6,0.8,0.6,1.0,0.6,0.67,0.67,0.67
2065,0.2998551428318023,female,,,french,canadian_quebecois,bachelor,,employed,3,1.0,divorced_separated,,3_4_persons,0.0,children_under_18,other_christian,0.5,quebec_city,type_2,,1.0,0.67,0.67,1.0,0.67,0.33,1.0,qs,liberal,0.67,0.75,0.67,0.67,0.5,0.67,0.67,0.33,1.0,0.0,1.0,0.67,0.0,adq,,0.1,0.1,0.7,0.1,0.1,0.1,0.1,0.7,,0.6,0.5,0.5,1.0,,0.0,,0.67,0.33,0.33,0.0,,,0.67,,0.67,0.33,0.6,0.6,0.6,0.6,0.6,0.6,0.6,0.6,0.6,0.6,0.6,0.67,0.67,0.67
2066,0.1564060449600219,male,55.0,45_54,french,canadian_quebecois,high_school,under_20k,employed,3,1.0,widowed,0.0,3_4_persons,0.0,children_under_18,other_religion,0.0,quebec_city,type_2,,1.0,0.67,0.67,0.67,1.0,0.67,1.0,plq,conservative,0.67,1.0,1.0,1.0,0.5,0.33,1.0,0.33,1.0,0.0,1.0,0.67,0.0,adq,bloc,0.25,0.45,0.9,0.85,0.75,0.1,0.2,0.65,0.9,0.6,0.5,0.45,0.0,1.0,0.0,0.67,1.0,0.67,0.67,0.0,1.0,0.33,0.67,0.33,0.33,0.33,0.6,0.6,0.6,0.6,0.4,0.4,0.6,0.4,0.6,0.6,0.4,0.5,0.5,0.67
2067,0.4523656964302063,male,45.0,35_44,french,canadian_quebecois,graduate,over_150k,employed,3,1.0,widowed,1.0,2_persons,1.0,no_children,other_christian,0.5,quebec_city,type_2,,0.67,0.67,0.0,0.67,0.67,0.33,1.0,adq,conservative,0.67,0.0,0.33,1.0,,1.0,1.0,0.0,1.0,0.0,1.0,0.33,1.0,adq,,0.7,0.0,0.8,0.0,0.4,0.0,0.0,1.0,0.0,0.4,0.0,0.9,1.0,1.0,0.0,0.67,0.33,0.33,0.67,0.0,1.0,0.0,1.0,0.0,0.67,0.33,0.6,0.6,0.6,0.2,0.4,0.4,0.6,0.6,0.6,0.6,0.6,0.67,0.67,0.67
2068,0.3552634119987488,male,30.0,25_34,french,canadian_quebecois,college_cegep,under_20k,employed,3,1.0,widowed,1.0,5_plus_persons,1.0,no_children,other_christian,0.5,quebec_city,type_2,,1.0,0.67,0.33,0.67,0.33,0.33,1.0,plq,ndp,0.67,0.5,0.67,1.0,0.5,1.0,1.0,0.0,1.0,1.0,1.0,0.33,1.0,adq,conservative,0.0,0.5,0.8,,0.4,0.0,0.1,0.75,,,0.0,0.85,0.0,1.0,0.0,0.67,0.67,1.0,0.67,1.0,1.0,0.67,1.0,0.67,0.33,0.33,0.6,0.6,0.6,0.6,0.6,0.6,0.6,0.6,0.6,0.6,0.6,0.67,0.67,0.67
2069,0.381436675786972,female,49.0,45_54,french,canadian_quebecois,high_school,80k_to_100k,employed,3,1.0,divorced_separated,0.0,2_persons,0.0,no_children,,,montreal,type_2,0.0,0.67,0.0,0.67,1.0,0.67,0.0,1.0,plq,ndp,0.0,0.0,0.0,0.33,0.5,1.0,1.0,0.0,1.0,1.0,1.0,0.0,0.0,pq,,0.05,0.4,0.01,0.1,0.1,0.01,0.75,0.01,,,0.8,0.4,0.0,1.0,0.0,0.33,0.33,1.0,0.67,0.0,1.0,1.0,0.33,0.33,0.0,0.0,,0.8,,0.2,,,,,,,0.2,0.83,0.67,0.67
2070,0.2995596826076507,female,28.0,25_34,french,canadian_quebecois,bachelor,,employed,3,1.0,widowed,,,1.0,no_children,other_christian,1.0,quebec_city,type_2,,1.0,1.0,0.67,0.67,0.67,0.33,1.0,plq,conservative,0.0,0.75,1.0,0.0,0.5,0.33,0.67,0.67,0.0,0.0,1.0,0.67,0.0,adq,liberal,0.5,0.3,0.75,0.0,0.05,0.7,0.05,0.88,,,0.88,0.88,,,0.0,0.33,0.67,0.33,0.67,0.0,1.0,0.33,0.67,0.67,0.67,0.33,0.6,0.6,0.6,0.6,1.0,0.6,1.0,0.8,0.6,1.0,0.6,1.0,0.67,0.67
2071,0.4301224946975708,female,23.0,18_24,french,canadian_quebecois,bachelor,under_20k,retired,3,1.0,widowed,,3_4_persons,1.0,children_under_18,no_religion,1.0,eastern_quebec,type_2,,0.67,0.67,0.67,1.0,0.33,0.0,0.0,qs,liberal,0.33,0.75,0.67,0.33,1.0,1.0,1.0,0.0,1.0,0.0,1.0,0.0,1.0,,,0.4,0.3,0.0,0.0,1.0,0.2,0.1,0.0,0.0,0.6,0.3,0.0,0.0,1.0,,0.0,,0.33,0.33,0.0,1.0,0.0,0.33,0.33,0.33,0.0,0.2,0.2,0.2,0.2,0.2,0.2,0.2,0.2,0.2,0.2,0.2,0.33,0.33,0.33
2072,0.2995596826076507,female,25.0,18_24,french,canadian_quebecois,college_cegep,100k_to_120k,,3,1.0,divorced_separated,0.0,3_4_persons,1.0,no_children,other_christian,1.0,quebec_city,type_2,,1.0,1.0,0.67,0.67,0.67,0.67,1.0,adq,conservative,1.0,1.0,1.0,1.0,0.5,0.33,0.33,0.67,0.0,0.0,0.0,0.33,0.0,adq,liberal,0.5,0.0,0.8,0.1,0.3,0.7,0.2,0.9,,,0.2,0.8,,0.0,0.0,0.33,0.67,0.33,0.33,1.0,1.0,0.33,1.0,1.0,1.0,0.67,0.6,0.6,,0.2,0.4,0.6,0.8,0.6,0.6,,0.6,0.67,0.67,0.67
2073,0.2995596826076507,female,25.0,18_24,french,canadian_quebecois,bachelor,20k_to_40k,,3,1.0,widowed,1.0,5_plus_persons,0.0,children_under_18,other_christian,0.5,quebec_city,type_2,,0.67,0.67,0.33,0.33,0.33,0.67,1.0,qs,conservative,0.0,0.5,1.0,1.0,0.5,0.67,1.0,0.67,0.0,0.0,1.0,0.67,1.0,adq,,0.4,0.0,0.9,0.0,0.1,0.4,0.01,0.75,0.01,0.02,0.1,0.9,0.0,1.0,0.0,0.67,1.0,0.33,0.33,0.0,,0.33,1.0,0.33,0.33,0.67,0.6,0.6,,0.2,0.6,0.6,0.6,0.6,0.6,,0.6,1.0,0.67,0.67
2074,0.2995596826076507,female,27.0,25_34,french,canadian_quebecois,bachelor,under_20k,employed,3,1.0,widowed,1.0,3_4_persons,,no_children,other_christian,1.0,quebec_city,type_2,,0.67,0.67,0.33,0.67,,0.33,1.0,plq,bloc,0.67,0.75,0.67,0.67,0.5,0.33,,0.33,1.0,0.0,0.0,0.33,,adq,,0.1,0.1,0.8,,,0.1,0.1,0.8,,,,,,,0.33,,0.67,0.33,0.67,0.0,,,,,,0.33,0.6,0.6,0.6,0.6,0.6,0.6,0.6,0.6,0.6,0.6,0.6,0.67,0.67,0.67
2075,0.381436675786972,female,52.0,45_54,french,canadian_quebecois,bachelor,over_150k,employed,3,1.0,married,0.0,2_persons,1.0,no_children,,,eastern_quebec,type_2,1.0,0.67,0.67,0.67,1.0,0.33,0.0,1.0,adq,conservative,0.33,1.0,0.67,0.0,,0.67,1.0,0.33,0.0,,1.0,0.33,1.0,pq,green,0.0,0.75,0.05,0.75,0.7,0.0,0.7,0.05,0.5,,0.9,0.5,0.0,1.0,0.33,0.67,0.33,0.67,0.33,0.0,1.0,0.0,0.0,1.0,1.0,0.0,,0.8,,0.2,0.4,0.8,0.8,0.8,0.8,,0.4,0.17,0.5,0.33
2076,0.3552634119987488,male,25.0,18_24,french,canadian_quebecois,high_school,under_20k,employed,3,1.0,widowed,0.0,3_4_persons,0.0,no_children,other_christian,1.0,quebec_city,type_2,,1.0,1.0,0.67,0.67,0.67,0.33,1.0,plq,conservative,0.67,0.75,0.33,1.0,0.5,0.67,0.67,0.33,0.0,0.0,0.0,0.67,1.0,adq,liberal,0.75,0.0,1.0,0.0,0.5,0.85,0.0,1.0,0.0,0.5,0.35,1.0,0.0,1.0,0.0,1.0,0.67,0.33,0.67,1.0,0.33,0.33,1.0,0.33,0.33,0.33,0.6,0.6,0.6,1.0,0.8,0.6,0.6,0.8,0.6,0.6,0.6,0.67,0.67,0.67
2077,0.3552634119987488,male,33.0,25_34,french,canadian_quebecois,college_cegep,20k_to_40k,employed,3,1.0,divorced_separated,,2_persons,0.0,no_children,other_christian,1.0,quebec_city,type_2,,1.0,0.67,1.0,0.33,1.0,1.0,1.0,adq,liberal,1.0,1.0,1.0,1.0,0.5,1.0,1.0,0.0,1.0,0.0,1.0,0.33,0.0,plq,ndp,0.75,0.0,0.75,,,0.75,0.0,0.9,,,0.0,0.5,1.0,0.0,0.0,0.0,0.67,0.67,0.33,1.0,1.0,1.0,1.0,0.33,0.33,0.33,1.0,,,1.0,0.6,0.6,1.0,0.6,0.6,0.6,0.6,0.67,0.67,0.67
2078,0.381436675786972,female,50.0,45_54,french,canadian_quebecois,high_school,60k_to_80k,employed,3,1.0,widowed,1.0,3_4_persons,0.0,children_under_18,,,other_regions,type_2,1.0,0.67,0.67,0.33,1.0,0.67,0.33,1.0,pq,liberal,0.67,0.75,0.33,0.67,,0.67,0.67,0.33,1.0,,0.0,0.67,1.0,other,bloc,0.5,0.7,0.4,0.6,0.7,0.5,0.5,0.5,0.6,0.6,0.7,0.6,0.0,1.0,0.33,0.67,0.67,0.67,0.33,0.33,1.0,0.33,0.33,0.67,0.33,0.33,,,,0.2,,,,0.8,,0.4,,,,
2079,0.2334869354963302,female,21.0,18_24,other,canadian_quebecois,bachelor,over_150k,retired,3,1.0,widowed,1.0,3_4_persons,0.0,children_18_plus,,,other_regions,type_2,1.0,0.67,0.67,0.33,0.67,0.33,0.33,1.0,plq,conservative,0.0,0.5,0.33,0.33,0.5,0.33,0.33,0.33,0.0,0.0,1.0,0.33,0.0,pq,green,0.3,0.5,0.3,0.3,0.5,0.1,0.4,0.2,0.3,0.5,0.1,0.5,0.0,0.0,0.33,0.33,0.33,0.67,,0.67,1.0,0.33,0.33,0.67,0.33,0.33,0.8,0.8,0.8,0.2,0.4,,0.4,0.4,1.0,,0.6,0.17,0.17,0.17
2080,0.3552634119987488,male,29.0,25_34,french,canadian_quebecois,bachelor,20k_to_40k,employed,3,1.0,widowed,1.0,2_persons,1.0,children_under_18,no_religion,0.0,quebec_city,type_2,,1.0,0.33,0.33,1.0,0.67,0.33,1.0,adq,liberal,0.33,0.5,0.67,0.33,0.5,0.67,0.67,0.33,1.0,1.0,1.0,0.33,0.0,other,ndp,0.2,0.05,0.3,,0.95,0.05,0.0,0.15,0.0,,0.02,0.05,0.0,,0.0,1.0,0.67,0.33,0.33,0.0,1.0,0.0,1.0,0.33,0.0,0.0,0.6,0.8,1.0,0.2,0.8,0.8,0.8,0.8,0.6,0.6,0.6,0.83,0.67,0.67
2081,0.6606233716011047,male,35.0,25_34,french,canadian_quebecois,graduate,20k_to_40k,employed,3,1.0,married,1.0,3_4_persons,0.0,no_children,protestant,0.5,other_regions,type_2,,0.0,0.67,0.0,1.0,0.67,0.33,1.0,plq,ndp,0.67,0.0,0.0,0.67,1.0,1.0,1.0,0.33,1.0,0.0,,0.67,1.0,pq,,0.3,0.6,0.0,0.35,0.25,0.1,0.4,0.2,0.25,0.3,0.5,0.4,0.0,1.0,0.67,0.67,,0.67,0.33,0.67,1.0,0.0,1.0,1.0,0.67,0.0,,0.8,,0.2,0.4,0.4,0.8,0.8,,0.6,0.4,0.17,0.5,0.67
2082,0.2995596826076507,female,26.0,25_34,french,canadian_quebecois,graduate,80k_to_100k,employed,3,1.0,widowed,1.0,5_plus_persons,0.0,no_children,other_christian,0.5,quebec_city,type_2,,1.0,1.0,0.67,0.67,0.33,1.0,1.0,adq,liberal,0.33,0.75,0.67,0.67,0.5,0.67,0.33,0.67,0.0,0.0,0.0,0.67,0.0,adq,liberal,0.5,0.4,0.8,0.25,0.25,0.6,0.3,0.8,,,0.5,0.7,0.0,0.0,0.0,0.33,0.67,0.33,0.33,0.33,1.0,0.33,0.67,0.67,0.67,0.0,0.6,0.8,0.6,0.2,0.6,0.8,0.6,0.6,0.6,1.0,0.8,0.67,0.67,0.67
2083,0.2995596826076507,female,26.0,25_34,french,canadian_quebecois,bachelor,,retired,3,1.0,widowed,1.0,5_plus_persons,,no_children,no_religion,1.0,other,type_2,,0.67,0.67,0.67,1.0,0.67,0.33,1.0,plq,bloc,0.33,0.75,0.67,0.33,0.5,1.0,1.0,0.33,1.0,0.0,1.0,0.33,,other,liberal,0.5,0.0,0.5,0.0,1.0,0.5,0.0,0.5,,,0.0,0.0,,1.0,0.0,0.0,,0.67,,1.0,,,0.67,,,0.0,,,,0.2,,,,,,,,1.0,0.17,0.67
2084,0.3552634119987488,male,31.0,25_34,french,canadian_quebecois,bachelor,80k_to_100k,employed,3,1.0,divorced_separated,0.0,3_4_persons,0.0,no_children,other_christian,1.0,quebec_city,type_2,,0.33,0.33,0.33,0.33,0.33,0.67,1.0,plq,conservative,0.0,0.5,0.67,0.33,0.5,0.67,0.67,0.0,1.0,0.0,1.0,0.33,1.0,adq,,0.01,0.01,0.8,0.0,0.01,0.1,0.01,0.9,0.0,,0.0,0.5,1.0,0.0,0.0,0.0,0.33,0.33,0.33,0.33,1.0,1.0,1.0,0.33,0.33,0.33,0.6,0.6,0.6,0.6,0.6,0.6,0.6,0.6,0.6,0.6,0.6,0.83,0.67,0.67
2085,0.6606233716011047,male,35.0,25_34,french,canadian_quebecois,college_cegep,20k_to_40k,employed,3,1.0,widowed,,5_plus_persons,0.0,no_children,other_christian,0.5,monteregie,type_2,,1.0,0.67,0.0,0.67,0.67,0.67,1.0,plq,conservative,0.0,0.75,0.67,0.33,0.5,1.0,0.67,0.0,1.0,,,0.67,1.0,qs,,0.01,0.0,0.8,0.02,0.05,0.2,0.0,0.9,0.3,,0.0,0.8,1.0,0.0,0.0,0.0,0.33,0.67,0.67,0.0,,0.0,0.67,0.33,0.0,0.0,0.6,0.6,0.6,0.2,0.4,0.6,0.6,,0.6,0.6,0.6,1.0,0.67,0.67
2086,0.4523656964302063,male,52.0,45_54,french,canadian_quebecois,high_school,over_150k,,3,1.0,widowed,,5_plus_persons,0.0,both,protestant,0.5,other_regions,type_2,,0.33,1.0,1.0,1.0,1.0,0.0,1.0,adq,bloc,1.0,1.0,1.0,0.0,1.0,,0.67,0.67,1.0,0.0,,0.33,1.0,pq,,0.0,0.85,0.01,0.85,0.85,0.0,0.45,0.01,0.9,0.9,0.55,0.45,0.0,1.0,1.0,0.0,0.0,0.33,0.67,0.67,1.0,0.0,0.33,0.33,0.33,0.0,,0.8,0.4,0.2,0.4,0.4,0.8,0.8,0.8,,0.4,,0.33,0.5
2087,0.4523656964302063,male,47.0,45_54,french,canadian_quebecois,high_school,under_20k,employed,3,1.0,married,0.0,3_4_persons,1.0,children_18_plus,protestant,0.0,quebec_city,type_2,,1.0,0.67,1.0,1.0,0.33,0.33,1.0,adq,liberal,0.33,1.0,1.0,1.0,1.0,0.67,0.67,0.0,1.0,0.0,,0.33,0.0,adq,green,0.25,0.5,0.51,,0.8,0.25,0.15,0.26,,,0.6,0.75,1.0,,0.67,0.67,0.67,0.33,0.33,0.67,1.0,0.0,0.33,0.67,0.33,0.0,0.8,0.8,,0.2,0.8,0.6,0.8,0.8,0.6,0.8,0.8,,0.67,0.67
2088,0.2995596826076507,female,33.0,25_34,french,canadian_quebecois,bachelor,over_150k,employed,12,1.0,divorced_separated,1.0,5_plus_persons,0.0,children_under_18,no_religion,0.5,eastern_quebec,type_2,,0.67,1.0,0.33,1.0,0.33,0.0,1.0,adq,bloc,0.0,0.75,0.33,0.33,,0.67,1.0,0.0,0.0,0.0,1.0,0.33,,pq,green,0.0,0.5,0.25,0.6,0.85,0.03,0.79,0.45,0.65,1.0,0.5,0.5,0.0,1.0,0.0,0.67,1.0,0.67,1.0,0.33,0.33,0.0,0.67,0.67,0.33,0.67,0.6,0.8,0.8,0.2,0.8,0.8,0.8,0.8,0.2,0.6,0.4,0.83,0.33,0.5
2089,0.3556142151355743,male,,,french,,,,,3,1.0,,,5_plus_persons,,no_children,,,,type_2,,0.67,0.67,0.67,0.67,0.67,0.67,1.0,,,0.67,0.75,0.67,0.67,0.5,1.0,1.0,0.0,0.0,1.0,1.0,0.0,,,,,,,,0.0,,,,,,0.1,1.0,1.0,,0.0,,0.0,0.67,0.33,0.0,,,,,,,,,,,,,,,,,,,,
2090,0.4523656964302063,male,50.0,45_54,french,canadian_quebecois,graduate,60k_to_80k,employed,3,1.0,widowed,,5_plus_persons,0.0,children_18_plus,protestant,0.5,outaouais,type_2,,0.33,0.33,0.33,0.67,0.33,0.67,1.0,pq,ndp,0.33,0.75,0.33,0.0,0.5,0.33,0.33,0.67,,,0.0,0.67,1.0,pq,green,0.5,0.7,0.2,0.6,0.6,0.4,0.4,0.1,0.7,,0.35,0.4,1.0,1.0,0.33,0.67,1.0,0.67,1.0,0.67,1.0,0.0,0.0,0.67,1.0,0.33,,0.8,,0.2,0.4,1.0,0.8,0.8,,,0.8,1.0,0.0,0.5
2091,0.381436675786972,female,48.0,45_54,french,canadian_quebecois,high_school,60k_to_80k,employed,3,1.0,widowed,0.0,3_4_persons,0.0,no_children,other_christian,1.0,quebec_city,type_2,,1.0,0.67,0.67,0.67,1.0,1.0,1.0,plq,ndp,0.0,0.75,0.67,0.33,0.5,0.33,0.67,0.67,1.0,0.0,1.0,0.67,1.0,adq,,0.5,0.5,0.8,0.0,,0.25,0.05,0.8,,,0.2,0.7,1.0,0.0,1.0,0.67,0.33,0.67,0.33,0.33,0.33,1.0,1.0,0.67,0.67,0.33,0.6,0.6,0.6,0.2,0.6,0.6,0.6,0.8,0.6,0.6,0.6,0.67,0.67,0.67
2092,0.3552634119987488,male,32.0,25_34,french,canadian_quebecois,bachelor,80k_to_100k,employed,3,1.0,widowed,0.0,3_4_persons,0.0,children_under_18,catholic,0.5,quebec_city,type_2,,0.67,0.67,0.33,0.67,0.67,0.67,1.0,plq,conservative,1.0,0.5,0.67,0.67,0.5,0.67,0.67,0.33,1.0,,0.0,0.67,1.0,adq,liberal,0.8,0.0,0.8,0.0,0.25,0.9,0.1,0.8,0.1,0.15,0.25,0.75,0.0,1.0,0.0,0.67,0.67,0.0,1.0,1.0,1.0,0.33,0.67,0.67,0.67,0.33,1.0,0.6,1.0,0.2,0.4,0.6,1.0,0.6,0.6,0.6,0.6,1.0,0.67,0.67
2093,0.381436675786972,female,46.0,45_54,french,canadian_quebecois,college_cegep,under_20k,employed,3,1.0,widowed,0.0,3_4_persons,0.0,no_children,protestant,0.5,other_regions,type_2,,0.33,0.67,0.0,0.33,0.0,0.0,1.0,pq,liberal,0.0,0.75,0.67,0.33,1.0,1.0,0.67,0.0,1.0,1.0,1.0,0.33,1.0,pq,green,0.5,0.75,0.75,0.3,0.6,0.4,0.6,0.8,0.3,0.5,0.1,0.5,0.0,1.0,0.67,0.0,0.67,1.0,0.33,0.67,1.0,0.67,0.67,0.33,1.0,0.0,0.6,0.8,0.6,0.8,0.6,0.6,0.6,0.8,0.8,0.6,0.6,0.67,0.33,0.33
2094,0.3552634119987488,male,34.0,25_34,french,canadian_quebecois,graduate,20k_to_40k,employed,3,1.0,divorced_separated,1.0,3_4_persons,1.0,no_children,other_christian,0.5,other_regions,type_2,,1.0,0.67,0.33,0.67,0.67,0.67,1.0,qs,conservative,0.33,0.5,0.33,1.0,1.0,0.67,0.67,0.33,1.0,0.0,,0.67,1.0,adq,conservative,0.08,0.56,0.78,0.1,0.25,0.5,0.5,0.75,0.06,0.1,0.06,0.48,1.0,,0.33,0.67,0.33,0.33,0.33,0.67,1.0,0.0,0.67,0.67,0.33,0.0,0.6,0.8,0.6,0.2,0.6,0.8,0.6,0.6,1.0,0.6,0.6,0.67,0.83,0.67
2095,0.2995596826076507,female,28.0,25_34,french,canadian_quebecois,graduate,20k_to_40k,employed,3,1.0,divorced_separated,1.0,3_4_persons,0.0,no_children,protestant,0.5,other_regions,type_2,,1.0,0.67,0.67,1.0,0.67,0.67,1.0,pq,liberal,1.0,0.75,1.0,0.67,,0.67,0.67,0.33,0.0,0.0,0.0,0.67,1.0,adq,conservative,0.6,0.6,0.8,0.5,0.7,0.6,0.6,0.7,0.4,,0.7,0.7,0.0,1.0,0.33,0.33,1.0,0.33,0.67,0.33,1.0,,0.67,0.67,0.33,0.67,0.6,0.8,1.0,0.2,0.4,0.6,0.8,0.8,0.6,0.8,0.6,0.67,0.67,0.67
2096,0.381436675786972,female,51.0,45_54,french,canadian_quebecois,bachelor,40k_to_60k,employed,3,1.0,divorced_separated,,2_persons,0.0,children_under_18,protestant,1.0,other_regions,type_2,,0.67,1.0,0.33,1.0,0.33,0.0,1.0,plq,conservative,1.0,0.75,1.0,0.0,1.0,0.33,0.67,0.33,0.0,0.0,0.0,0.33,0.0,pq,bloc,0.2,1.0,0.0,0.5,,0.0,1.0,0.0,1.0,0.2,0.6,0.4,,,0.33,,1.0,0.0,0.33,0.67,1.0,,0.33,0.67,1.0,0.33,0.8,0.8,0.8,0.8,0.8,0.8,0.8,0.8,0.8,0.8,0.8,0.83,0.83,0.5
2097,0.2995596826076507,female,28.0,25_34,french,canadian_quebecois,bachelor,20k_to_40k,employed,3,1.0,widowed,1.0,,,,,,,type_2,1.0,1.0,1.0,,1.0,,,1.0,qs,ndp,0.33,,,0.33,,1.0,,,,,,0.33,,,,,,0.1,0.9,,,,,,,,,0.0,,,,1.0,0.67,,0.67,,,,,0.67,,,,,,,,,,,,,,,
2098,0.2995596826076507,female,26.0,25_34,french,canadian_quebecois,bachelor,20k_to_40k,employed,3,1.0,widowed,1.0,5_plus_persons,0.0,children_under_18,other_christian,1.0,monteregie,type_2,,1.0,0.67,0.67,0.67,0.33,0.67,0.0,plq,other,0.0,0.75,0.33,0.33,0.0,0.33,0.33,0.33,1.0,0.0,1.0,0.67,0.0,,,0.2,0.1,0.95,0.0,0.0,0.1,0.12,0.68,0.0,0.02,0.05,0.95,0.0,1.0,0.0,0.33,0.33,0.33,0.67,0.0,1.0,,1.0,0.67,0.67,1.0,0.6,0.6,0.6,0.6,,0.6,0.6,,0.6,,0.6,0.67,0.67,0.67
2099,0.2995596826076507,female,27.0,25_34,french,canadian_quebecois,college_cegep,40k_to_60k,employed,12,1.0,divorced_separated,1.0,3_4_persons,0.0,children_under_18,other_christian,0.5,quebec_city,type_2,,1.0,1.0,0.0,0.33,0.67,0.67,1.0,plq,conservative,0.67,0.75,0.67,0.67,0.5,0.33,0.67,0.33,1.0,0.0,0.0,0.33,0.0,adq,conservative,0.5,0.6,0.9,,,0.0,0.0,0.8,,,0.75,0.75,1.0,,0.33,0.0,0.33,0.33,0.33,0.33,1.0,0.33,0.67,0.33,0.33,0.33,0.6,0.6,,,,0.6,0.6,,0.6,,,0.67,0.67,0.67
2100,0.2995596826076507,female,34.0,25_34,french,canadian_quebecois,bachelor,over_150k,employed,3,1.0,widowed,1.0,5_plus_persons,0.0,no_children,catholic,1.0,outaouais,type_2,,1.0,1.0,0.67,1.0,1.0,0.33,1.0,adq,liberal,1.0,0.75,0.33,0.33,0.5,0.67,0.67,0.0,1.0,0.0,1.0,0.67,0.0,plq,ndp,0.75,0.0,0.5,0.3,0.3,0.75,0.0,0.6,0.5,0.3,0.3,0.5,1.0,,0.0,0.0,1.0,0.0,0.33,1.0,1.0,0.0,1.0,0.67,0.67,0.0,1.0,1.0,1.0,1.0,1.0,1.0,1.0,1.0,1.0,1.0,1.0,1.0,,0.67
2101,0.4523656964302063,male,45.0,35_44,french,canadian_quebecois,bachelor,40k_to_60k,employed,3,1.0,divorced_separated,1.0,1_person,1.0,no_children,catholic,0.0,quebec_city,type_2,,0.67,0.67,0.67,0.33,0.67,0.0,1.0,adq,liberal,0.67,0.75,0.33,0.67,0.5,1.0,0.67,0.33,1.0,,1.0,0.67,0.0,adq,liberal,0.65,0.4,0.5,,,0.5,0.4,0.6,,,1.0,0.8,,1.0,0.0,0.67,,0.33,0.33,0.33,1.0,0.0,0.67,1.0,0.67,0.33,0.6,1.0,0.6,0.8,1.0,0.6,1.0,0.6,0.6,0.6,0.6,1.0,0.67,0.67
2102,0.6606233716011047,male,44.0,35_44,french,canadian_quebecois,bachelor,40k_to_60k,employed,3,1.0,widowed,1.0,3_4_persons,0.0,no_children,catholic,0.5,quebec_city,type_2,,1.0,0.67,0.33,0.67,0.67,0.67,1.0,plq,ndp,0.33,0.75,0.33,0.67,0.5,0.67,0.67,0.33,1.0,0.0,1.0,0.67,1.0,plq,ndp,0.75,0.65,0.7,0.4,0.5,0.75,0.6,0.7,0.5,0.5,0.3,0.75,1.0,1.0,0.0,0.67,0.67,0.33,0.33,1.0,1.0,0.0,0.33,0.67,1.0,0.33,1.0,1.0,,0.4,0.4,0.6,1.0,1.0,1.0,0.6,0.4,1.0,0.17,0.5
2103,0.3586114943027496,male,35.0,25_34,english,canadian_quebecois,college_cegep,40k_to_60k,,3,1.0,widowed,0.0,2_persons,1.0,no_children,other_christian,1.0,,type_2,,1.0,1.0,0.33,1.0,0.67,0.67,1.0,,other,0.67,0.75,0.67,0.67,0.5,0.67,0.67,0.33,1.0,0.0,0.0,0.67,0.0,adq,green,0.25,0.4,0.4,0.05,0.1,0.4,0.2,0.75,0.25,0.5,0.4,0.95,1.0,0.0,0.33,0.67,0.67,0.33,0.33,0.33,0.33,1.0,1.0,1.0,0.67,0.67,,0.6,,,0.6,0.6,0.8,0.8,0.6,,0.6,0.67,0.67,0.67
2104,0.3552634119987488,male,27.0,25_34,french,canadian_quebecois,college_cegep,20k_to_40k,employed,3,1.0,divorced_separated,,3_4_persons,0.0,no_children,other_christian,1.0,quebec_city,type_2,,1.0,1.0,1.0,0.0,0.67,0.33,1.0,pq,bloc,1.0,1.0,0.67,1.0,0.5,0.67,1.0,0.33,1.0,0.0,1.0,0.33,1.0,adq,,0.6,0.0,1.0,0.0,0.0,0.7,0.0,1.0,0.0,0.0,0.0,1.0,0.0,1.0,0.0,0.33,1.0,0.0,0.67,1.0,0.33,0.67,1.0,0.0,0.67,1.0,0.6,0.6,0.6,0.6,0.6,0.6,0.6,0.6,0.6,0.6,0.6,0.67,0.67,0.67
2105,0.3552634119987488,male,28.0,25_34,french,canadian_quebecois,bachelor,20k_to_40k,employed,3,1.0,widowed,1.0,5_plus_persons,0.0,children_18_plus,protestant,0.5,other_regions,type_2,,0.33,1.0,0.33,0.67,0.33,0.33,1.0,qs,liberal,1.0,0.75,0.33,0.0,1.0,0.67,0.67,0.33,0.0,0.0,1.0,0.67,1.0,pq,bloc,0.0,0.9,0.0,0.8,0.7,0.0,0.7,0.2,0.3,0.3,0.5,0.2,,1.0,0.33,0.33,0.67,0.33,0.33,0.67,1.0,0.0,0.0,0.67,0.33,0.0,0.8,0.8,0.8,0.4,0.4,0.8,0.8,0.8,0.8,0.8,0.4,0.83,0.5,0.5
2106,0.2995596826076507,female,33.0,25_34,french,canadian_quebecois,graduate,under_20k,,3,1.0,divorced_separated,1.0,2_persons,1.0,both,catholic,1.0,montreal,type_2,,1.0,1.0,0.67,1.0,0.67,1.0,1.0,plq,ndp,0.67,0.75,1.0,0.33,0.5,0.67,1.0,0.33,0.0,0.0,1.0,1.0,1.0,plq,,1.0,0.0,0.0,0.0,0.5,0.8,0.0,0.0,0.0,0.5,0.5,,0.0,,0.0,0.33,0.67,0.0,0.33,1.0,1.0,,1.0,0.67,1.0,0.33,1.0,1.0,1.0,1.0,1.0,1.0,1.0,1.0,1.0,1.0,1.0,1.0,1.0,1.0
2107,0.2995596826076507,female,32.0,25_34,french,canadian_quebecois,bachelor,20k_to_40k,employed,3,1.0,divorced_separated,1.0,5_plus_persons,0.0,children_under_18,,,other_regions,type_2,1.0,0.67,0.67,0.33,0.67,0.67,0.33,1.0,pq,other,0.33,0.75,0.67,0.67,,0.67,0.67,0.33,1.0,0.0,1.0,0.33,1.0,adq,conservative,0.0,0.76,0.85,0.75,0.75,0.5,0.35,0.85,,,0.3,0.8,0.0,0.0,0.67,0.67,0.33,0.67,0.33,0.33,0.33,0.67,0.67,0.67,0.67,0.67,,,,0.2,0.8,0.6,0.6,0.6,0.6,,0.6,,0.67,0.67
2108,0.4523656964302063,male,51.0,45_54,french,canadian_quebecois,college_cegep,20k_to_40k,employed,3,1.0,widowed,1.0,3_4_persons,0.0,children_under_18,protestant,1.0,other_regions,type_2,,0.67,1.0,0.33,1.0,0.67,0.33,1.0,adq,liberal,1.0,0.5,0.67,0.0,1.0,0.33,0.33,0.67,0.0,0.0,0.0,0.67,1.0,pq,green,0.0,1.0,0.2,0.6,0.75,0.0,0.7,0.2,0.3,,0.5,0.3,0.0,1.0,0.67,0.33,1.0,0.33,0.33,0.67,1.0,0.0,0.33,0.67,1.0,0.0,0.8,0.8,0.8,0.2,0.8,0.8,0.8,0.8,0.8,0.8,0.8,0.83,0.83,0.67
2109,0.2995596826076507,female,31.0,25_34,french,canadian_quebecois,graduate,40k_to_60k,employed,3,1.0,widowed,1.0,3_4_persons,0.0,both,other_christian,0.0,quebec_city,type_2,,0.67,0.67,0.33,1.0,0.67,0.67,1.0,plq,,0.33,0.0,0.33,0.67,0.5,1.0,0.33,0.33,0.0,,0.0,1.0,1.0,plq,ndp,0.7,0.55,0.8,0.1,0.7,0.5,0.45,0.8,0.1,,0.55,0.6,0.0,1.0,0.67,0.33,0.67,0.0,0.33,1.0,0.67,0.33,0.67,0.67,1.0,0.67,1.0,1.0,0.6,0.6,0.4,0.4,0.8,0.8,1.0,0.6,0.6,0.67,0.67,0.67
2110,0.5570399761199951,female,38.0,35_44,french,canadian_quebecois,bachelor,40k_to_60k,employed,3,1.0,widowed,1.0,5_plus_persons,0.0,children_18_plus,,,outaouais,type_2,1.0,1.0,0.67,0.67,1.0,1.0,0.33,1.0,plq,other,0.0,0.75,0.67,0.0,0.5,0.67,0.67,0.67,1.0,0.0,0.0,1.0,1.0,adq,green,0.4,0.6,0.8,0.55,0.55,0.3,0.5,0.8,0.4,0.55,0.5,0.75,1.0,1.0,0.0,,1.0,0.33,0.67,0.33,0.33,,0.67,0.67,0.67,0.33,,0.6,,0.2,0.4,0.4,0.8,0.8,,0.6,0.6,0.0,0.0,
2111,0.2995596826076507,female,33.0,25_34,french,canadian_quebecois,college_cegep,,employed,3,1.0,widowed,1.0,3_4_persons,0.0,children_under_18,other_christian,0.5,quebec_city,type_2,,1.0,1.0,0.67,1.0,0.67,0.67,1.0,plq,conservative,0.33,0.75,1.0,0.33,0.5,0.33,0.33,0.33,1.0,0.0,1.0,0.33,0.0,adq,liberal,0.45,0.15,0.85,,,0.75,0.35,1.0,,,0.0,,1.0,0.0,0.0,,0.67,0.33,0.33,1.0,1.0,0.67,0.67,0.67,0.33,0.0,0.6,0.6,0.6,0.6,0.6,0.6,0.6,0.6,0.6,1.0,0.6,0.67,0.67,0.67
2112,0.3552634119987488,male,25.0,18_24,french,canadian_quebecois,bachelor,under_20k,retired,3,1.0,divorced_separated,0.0,2_persons,1.0,no_children,protestant,0.5,other_regions,type_2,,0.0,1.0,0.67,0.33,0.67,0.33,1.0,qs,ndp,0.33,0.5,0.67,1.0,1.0,1.0,0.67,0.33,0.0,0.0,0.0,0.67,0.0,pq,ndp,0.0,0.8,0.6,0.0,0.2,0.1,0.4,0.6,0.05,0.2,0.8,0.6,1.0,0.0,0.67,1.0,1.0,0.0,0.67,0.67,1.0,0.0,0.67,1.0,1.0,0.67,0.6,0.8,0.8,0.8,0.8,0.6,0.6,0.6,0.6,0.8,0.6,0.67,0.67,0.67
2113,0.3552634119987488,male,31.0,25_34,french,canadian_quebecois,college_cegep,over_150k,employed,3,1.0,widowed,1.0,5_plus_persons,0.0,no_children,other_christian,1.0,quebec_city,type_2,,0.0,0.33,0.0,0.33,0.0,0.0,1.0,pq,bloc,0.0,0.0,0.67,0.0,0.5,0.0,1.0,0.33,1.0,1.0,1.0,0.0,1.0,adq,,0.2,0.2,1.0,0.0,0.01,0.2,0.3,1.0,0.0,0.0,0.0,0.5,1.0,0.0,0.0,1.0,0.0,0.0,0.67,0.0,0.33,0.67,0.67,0.0,0.33,0.67,0.6,0.6,0.6,0.6,0.6,0.6,0.8,0.8,0.6,0.6,0.6,0.67,0.67,0.67
2114,0.6606233716011047,male,39.0,35_44,french,canadian_quebecois,high_school,20k_to_40k,employed,3,1.0,widowed,1.0,5_plus_persons,0.0,no_children,other_christian,0.5,quebec_city,type_2,,1.0,1.0,1.0,1.0,0.67,0.67,1.0,adq,liberal,0.67,0.75,1.0,0.33,0.5,0.67,0.67,0.33,1.0,1.0,1.0,0.67,1.0,adq,liberal,0.8,0.0,0.9,0.0,,0.7,0.0,1.0,,,0.5,0.8,0.0,1.0,0.0,0.33,0.33,0.33,1.0,0.0,1.0,1.0,1.0,0.67,1.0,0.0,0.6,0.6,0.6,1.0,0.6,0.6,0.6,0.8,0.6,0.6,0.6,0.67,0.67,0.67
2115,0.2995596826076507,female,30.0,25_34,french,canadian_quebecois,graduate,80k_to_100k,employed,3,1.0,widowed,0.0,3_4_persons,,,catholic,,montreal,type_2,,0.67,1.0,0.33,0.33,0.33,0.33,1.0,adq,liberal,0.67,0.5,0.67,0.33,0.5,0.33,0.67,0.33,0.0,0.0,1.0,0.67,,plq,ndp,0.65,0.3,0.5,,,0.65,0.4,0.5,,,0.75,0.5,0.0,1.0,0.33,1.0,,0.33,1.0,1.0,,,0.67,0.67,0.67,0.33,1.0,1.0,,0.8,,1.0,1.0,,0.6,1.0,0.6,1.0,1.0,0.67
2116,0.2995596826076507,female,28.0,25_34,french,canadian_quebecois,bachelor,20k_to_40k,,3,1.0,divorced_separated,1.0,,0.0,,no_religion,,outaouais,type_2,,0.67,1.0,0.33,1.0,0.33,0.33,1.0,pq,liberal,0.33,0.5,0.67,0.33,0.5,0.33,0.33,0.33,0.0,0.0,1.0,0.33,0.0,,,0.75,0.4,0.9,0.8,0.9,0.65,0.65,0.85,0.7,0.8,0.45,0.6,0.0,1.0,0.33,0.67,1.0,0.33,0.67,1.0,,0.33,0.67,0.67,0.67,0.67,1.0,0.6,0.6,0.2,0.4,0.6,1.0,0.8,0.6,0.6,0.4,,0.5,0.67
2117,0.5101058483123779,male,21.0,18_24,french,canadian_quebecois,high_school,20k_to_40k,employed,3,1.0,widowed,,5_plus_persons,0.0,no_children,other_christian,0.0,quebec_city,type_2,,,,,,,,0.0,plq,ndp,,,,,0.5,0.67,0.67,0.0,1.0,1.0,1.0,0.67,0.0,,,0.0,0.0,1.0,0.0,0.0,0.0,0.01,1.0,0.01,0.01,0.0,1.0,1.0,0.0,0.0,1.0,0.33,0.0,0.67,1.0,0.67,1.0,1.0,0.33,0.67,0.33,0.6,0.6,0.6,0.6,0.6,0.6,0.6,0.6,0.6,0.6,0.6,0.67,0.67,0.67
2118,0.3552634119987488,male,27.0,25_34,french,canadian_quebecois,college_cegep,20k_to_40k,employed,3,1.0,divorced_separated,,3_4_persons,0.0,no_children,,,,type_2,,0.67,0.67,0.33,1.0,0.67,0.33,1.0,plq,ndp,0.67,0.5,0.67,1.0,,0.67,0.67,0.67,1.0,0.0,1.0,0.67,0.0,,,,,,,,,,,,,,0.8,0.0,1.0,0.33,0.33,0.67,0.33,1.0,0.33,1.0,0.33,0.67,0.67,1.0,0.33,,,,,,0.6,0.8,0.8,,,0.6,1.0,0.83,0.67
2119,0.4523656964302063,male,50.0,45_54,french,canadian_quebecois,college_cegep,100k_to_120k,employed,3,1.0,widowed,1.0,2_persons,1.0,no_children,protestant,1.0,other_regions,type_2,,0.67,1.0,0.33,0.33,0.67,0.33,1.0,adq,liberal,1.0,0.75,0.33,0.33,1.0,0.67,0.33,0.67,0.0,0.0,1.0,0.33,1.0,pq,ndp,0.0,0.9,0.65,0.0,0.0,0.0,0.65,0.6,0.0,0.0,0.75,0.75,1.0,0.0,0.67,0.0,0.33,0.67,0.67,0.67,1.0,0.33,0.67,0.67,0.67,0.0,0.8,0.8,0.8,0.2,0.8,0.8,0.8,0.8,0.8,0.8,0.8,0.17,0.17,0.67
2120,0.5570399761199951,female,42.0,35_44,french,canadian_quebecois,bachelor,over_150k,employed,3,1.0,widowed,1.0,,,children_under_18,protestant,0.5,other_regions,type_2,,0.67,0.67,0.67,0.67,0.67,0.33,0.0,pq,liberal,0.67,0.75,0.33,1.0,1.0,0.33,0.33,0.33,0.0,0.0,0.0,0.67,0.0,,,0.4,0.6,0.2,0.2,0.5,0.2,0.6,0.3,0.5,,0.5,0.7,0.0,1.0,0.67,,1.0,0.33,0.33,0.67,1.0,0.33,0.33,0.67,,0.33,,0.8,,0.2,0.8,0.8,0.8,0.8,,1.0,0.8,0.83,0.33,0.17
2121,0.2995596826076507,female,26.0,25_34,french,canadian_quebecois,graduate,60k_to_80k,employed,3,1.0,widowed,1.0,5_plus_persons,0.0,no_children,,,monteregie,type_2,1.0,0.33,1.0,0.67,1.0,0.33,0.33,0.0,plq,ndp,0.33,0.5,0.33,0.67,1.0,0.33,0.67,0.0,1.0,0.0,,0.67,,,,0.5,0.75,0.2,0.7,0.7,0.6,0.75,0.3,0.5,,0.7,0.7,,1.0,0.67,0.33,1.0,,0.33,0.67,1.0,,0.67,0.67,0.33,0.33,,0.8,0.6,0.2,1.0,0.6,0.8,0.8,0.8,1.0,0.6,1.0,0.83,0.5
2122,0.2995596826076507,female,26.0,25_34,french,canadian_quebecois,college_cegep,under_20k,employed,3,1.0,widowed,1.0,5_plus_persons,0.0,no_children,protestant,0.5,monteregie,type_2,,0.67,0.67,0.67,0.33,1.0,0.33,1.0,plq,other,1.0,1.0,0.67,0.0,1.0,0.33,0.67,0.0,1.0,1.0,1.0,0.67,0.0,pq,,0.25,0.75,0.5,0.25,0.5,0.25,0.7,0.25,0.25,0.25,0.7,0.65,,1.0,0.67,0.0,0.67,0.67,0.67,0.67,1.0,0.0,0.33,0.33,0.33,0.0,,,,0.2,,,0.8,0.8,0.8,0.8,0.8,0.17,0.83,0.83
2123,0.381436675786972,female,52.0,45_54,french,canadian_quebecois,bachelor,over_150k,employed,3,1.0,widowed,1.0,3_4_persons,0.0,children_under_18,catholic,1.0,montreal,type_2,,1.0,0.67,0.67,0.33,0.67,0.67,1.0,pq,liberal,0.33,0.75,0.67,0.33,0.5,0.33,0.67,0.67,,,0.0,0.67,0.0,plq,,0.85,0.05,0.0,0.05,0.2,0.85,0.05,0.05,0.15,0.2,0.75,0.97,1.0,0.0,0.0,0.33,1.0,0.33,1.0,1.0,1.0,0.0,0.33,1.0,0.67,0.67,1.0,1.0,1.0,1.0,1.0,1.0,1.0,1.0,1.0,1.0,1.0,1.0,0.0,
2124,0.4523656964302063,male,45.0,35_44,french,canadian_quebecois,graduate,over_150k,,3,1.0,divorced_separated,1.0,3_4_persons,0.0,children_under_18,protestant,0.0,other_regions,type_2,,1.0,0.67,0.67,1.0,1.0,0.33,1.0,plq,ndp,0.0,0.75,0.67,0.33,1.0,0.33,0.33,0.33,1.0,,1.0,0.67,1.0,other,conservative,0.25,0.8,0.25,0.4,0.7,0.0,0.3,0.5,0.3,0.5,0.6,0.75,1.0,1.0,0.33,0.67,0.33,0.67,0.67,0.33,1.0,0.0,0.67,0.67,0.67,0.67,,0.8,,0.2,0.4,0.8,0.8,0.8,,,0.4,1.0,0.33,0.67
2125,0.5570399761199951,female,35.0,25_34,french,canadian_quebecois,college_cegep,under_20k,employed,3,1.0,divorced_separated,1.0,2_persons,1.0,children_under_18,other_christian,1.0,,type_2,,1.0,1.0,0.67,0.67,0.67,1.0,1.0,plq,conservative,0.67,0.5,1.0,0.67,0.5,1.0,0.67,0.33,1.0,0.0,1.0,0.67,1.0,adq,,0.05,0.05,0.95,,,0.05,0.05,0.95,,,0.0,0.95,0.0,1.0,0.0,0.33,0.67,0.67,0.67,0.0,1.0,,0.67,0.67,0.67,0.33,0.6,0.6,0.6,0.6,0.6,0.6,0.6,0.6,0.6,0.6,0.6,0.67,0.67,0.67
2126,0.4301224946975708,female,23.0,18_24,french,canadian_quebecois,bachelor,20k_to_40k,retired,3,1.0,widowed,1.0,5_plus_persons,0.0,both,other_religion,1.0,monteregie,type_2,,1.0,1.0,0.33,0.33,0.33,0.33,1.0,,,0.33,0.75,1.0,0.0,1.0,0.33,0.67,0.33,1.0,0.0,1.0,0.0,0.0,pq,bloc,0.5,0.8,0.7,1.0,1.0,0.4,0.5,0.75,0.95,,0.75,0.7,0.0,1.0,0.33,0.67,0.33,0.67,0.33,0.67,1.0,,0.67,0.67,0.33,0.33,,,,0.2,0.4,0.4,1.0,0.8,,,0.4,1.0,0.5,0.5
2127,0.1318823248147964,female,55.0,45_54,french,canadian_quebecois,bachelor,40k_to_60k,employed,3,1.0,divorced_separated,,,0.0,children_18_plus,protestant,0.5,outaouais,type_2,,1.0,1.0,0.67,1.0,1.0,0.33,1.0,adq,liberal,1.0,0.75,0.67,0.33,1.0,0.67,0.67,0.33,1.0,,1.0,0.33,1.0,pq,green,0.3,0.6,0.1,0.6,0.8,0.2,0.5,0.1,0.4,,0.5,0.8,0.0,1.0,0.67,0.33,1.0,0.67,0.67,0.67,1.0,0.0,0.0,0.0,0.0,0.0,0.8,0.8,0.8,0.2,0.4,0.8,0.8,0.8,0.8,0.8,0.8,0.83,0.5,0.17
2128,0.3552634119987488,male,28.0,25_34,french,canadian_quebecois,high_school,80k_to_100k,employed,3,1.0,divorced_separated,,5_plus_persons,1.0,no_children,other_christian,1.0,quebec_city,type_2,,1.0,0.67,0.67,1.0,1.0,0.67,1.0,plq,conservative,1.0,0.0,1.0,1.0,0.5,1.0,0.67,0.33,1.0,1.0,1.0,0.67,1.0,adq,liberal,0.9,0.0,1.0,0.0,0.0,0.0,0.0,1.0,0.0,0.0,0.0,1.0,1.0,0.0,0.0,1.0,1.0,0.67,1.0,1.0,0.67,1.0,1.0,1.0,0.67,0.0,0.6,0.6,0.6,0.6,,0.6,0.6,0.6,0.6,0.6,0.6,0.67,0.67,0.67
2129,0.4301224946975708,female,24.0,18_24,french,canadian_quebecois,college_cegep,under_20k,,3,1.0,widowed,,3_4_persons,,children_under_18,catholic,0.5,monteregie,type_2,,0.67,0.67,0.33,0.67,0.33,0.67,1.0,plq,ndp,0.33,0.75,0.67,0.33,0.5,0.67,0.67,0.33,0.0,0.0,1.0,0.67,1.0,,,0.75,0.05,0.5,0.05,0.4,0.5,0.1,0.3,,,,,,,0.0,,,0.33,0.33,1.0,1.0,0.0,0.33,0.67,0.67,0.33,1.0,1.0,1.0,0.2,1.0,1.0,1.0,1.0,,1.0,1.0,1.0,,0.67
2130,0.3556142151355743,male,,,french,canadian_quebecois,bachelor,40k_to_60k,employed,3,1.0,divorced_separated,,2_persons,0.0,,,,other_regions,type_2,1.0,1.0,0.33,0.33,0.33,0.33,0.67,1.0,plq,ndp,0.0,0.5,0.67,0.0,1.0,0.33,0.67,0.67,0.0,0.0,0.0,0.67,1.0,pq,bloc,0.35,0.8,0.5,0.6,0.4,0.5,0.7,0.4,,,0.7,0.7,1.0,,0.33,0.67,,0.33,0.33,0.67,1.0,,0.33,,,0.0,,,,0.2,,,0.8,0.8,,,0.6,1.0,,0.67
2131,0.4523656964302063,male,54.0,45_54,french,canadian_quebecois,bachelor,80k_to_100k,employed,3,1.0,widowed,,5_plus_persons,0.0,children_under_18,protestant,0.0,other_regions,type_2,,1.0,0.67,0.67,0.67,0.67,0.0,1.0,adq,liberal,0.33,0.5,0.33,0.0,1.0,0.0,0.67,0.67,0.0,0.0,0.0,0.67,0.0,pq,,0.4,0.6,0.3,0.05,0.04,0.45,0.45,0.5,,,0.6,0.7,,,0.67,0.33,0.67,0.33,0.33,0.67,1.0,0.0,0.33,0.67,1.0,0.33,,0.8,0.8,0.8,0.6,0.8,0.8,0.8,0.8,0.8,0.8,1.0,0.67,0.67
2132,0.4523656964302063,male,48.0,45_54,french,canadian_quebecois,bachelor,100k_to_120k,employed,3,1.0,divorced_separated,,3_4_persons,0.0,children_under_18,protestant,0.0,quebec_city,type_2,,0.67,0.33,0.33,0.33,0.33,0.67,1.0,plq,ndp,0.33,0.5,0.33,0.33,0.5,1.0,1.0,0.0,1.0,0.0,1.0,0.33,1.0,pq,ndp,0.25,0.5,0.35,,,0.2,0.25,0.4,,,0.4,0.5,1.0,1.0,0.0,0.67,0.33,0.67,0.33,0.33,1.0,0.33,0.33,0.67,0.67,0.0,,,,0.2,0.8,0.6,0.8,0.8,,,,0.17,,0.67
2133,0.4523656964302063,male,53.0,45_54,french,canadian_quebecois,college_cegep,40k_to_60k,self_employed,3,1.0,widowed,0.0,3_4_persons,0.0,children_under_18,catholic,0.5,quebec_city,type_2,,1.0,0.67,0.67,0.33,0.67,0.67,1.0,plq,bloc,0.33,0.5,0.33,0.33,0.5,0.33,0.33,0.33,0.0,,0.0,0.67,1.0,adq,liberal,0.65,0.4,0.7,0.1,0.2,0.65,0.2,0.7,0.3,0.3,0.0,0.75,0.0,1.0,0.0,1.0,1.0,0.0,0.33,1.0,1.0,0.67,0.67,0.33,1.0,1.0,1.0,1.0,0.6,1.0,0.4,0.6,1.0,0.8,0.6,0.6,0.6,0.67,0.67,0.67
2134,0.381436675786972,female,49.0,45_54,french,canadian_quebecois,bachelor,20k_to_40k,employed,3,1.0,widowed,1.0,3_4_persons,0.0,no_children,other_christian,1.0,monteregie,type_2,,1.0,0.67,0.67,1.0,1.0,1.0,1.0,,ndp,0.0,0.75,0.0,0.0,0.5,0.67,1.0,0.33,1.0,1.0,1.0,0.33,,adq,conservative,0.0,0.5,0.85,,0.0,0.1,0.5,1.0,,,0.6,0.75,,1.0,0.0,0.67,0.67,0.33,0.67,0.33,1.0,0.67,1.0,0.67,1.0,0.33,0.6,0.6,0.6,0.6,0.6,0.6,0.6,0.6,0.6,0.6,0.6,0.67,0.67,0.67
2135,0.3552634119987488,male,30.0,25_34,french,canadian_quebecois,college_cegep,under_20k,employed,3,1.0,widowed,0.0,2_persons,0.0,children_under_18,other_christian,0.0,other_regions,type_2,,0.67,1.0,0.67,0.33,0.67,1.0,1.0,pq,,0.67,1.0,1.0,1.0,1.0,1.0,,,1.0,0.0,,0.67,1.0,adq,conservative,0.0,0.99,1.0,0.99,,0.0,0.0,1.0,,,1.0,0.8,0.0,1.0,,0.67,,,0.33,0.33,1.0,0.0,0.0,0.0,0.33,0.33,0.6,0.6,0.6,0.2,0.6,0.6,0.8,0.8,0.6,0.8,0.6,1.0,0.67,1.0
2136,0.3552634119987488,male,33.0,25_34,french,canadian_quebecois,bachelor,60k_to_80k,employed,3,1.0,widowed,0.0,5_plus_persons,0.0,children_under_18,,,quebec_city,type_2,1.0,0.67,0.67,0.67,1.0,0.67,0.67,1.0,adq,bloc,0.33,0.75,1.0,0.33,0.5,1.0,1.0,0.33,0.0,0.0,1.0,0.67,1.0,adq,green,0.5,0.0,0.75,0.0,0.75,0.5,0.5,1.0,0.0,0.75,0.2,0.5,0.0,1.0,0.0,0.67,0.67,0.67,0.33,0.0,1.0,0.0,0.67,0.67,0.67,0.67,0.6,0.6,0.6,0.2,0.6,0.6,0.6,0.6,0.6,0.6,0.6,0.67,0.67,0.67
2137,0.3552634119987488,male,30.0,25_34,french,canadian_quebecois,bachelor,20k_to_40k,employed,3,1.0,widowed,1.0,3_4_persons,0.0,children_under_18,protestant,1.0,other_regions,type_2,,0.67,1.0,0.67,1.0,0.33,0.33,1.0,adq,liberal,1.0,1.0,0.67,0.67,1.0,0.67,0.67,0.33,,0.0,1.0,1.0,1.0,pq,bloc,0.65,0.89,0.0,0.8,0.89,0.3,0.6,0.0,0.8,,0.75,0.5,0.0,,0.67,0.67,0.67,0.67,0.33,0.67,1.0,0.33,0.33,0.67,0.33,0.33,,0.8,,0.2,0.4,0.4,0.8,,0.8,0.8,,0.17,0.5,0.5
2138,0.5101058483123779,male,23.0,18_24,french,canadian_quebecois,bachelor,,employed,3,1.0,common_law,,2_persons,0.0,children_18_plus,catholic,0.5,quebec_city,type_2,,1.0,1.0,0.33,0.0,0.0,0.67,1.0,plq,bloc,0.0,0.5,0.33,0.0,0.5,0.67,0.67,0.33,1.0,0.0,,0.67,1.0,adq,liberal,0.8,0.0,0.85,0.0,0.1,0.55,0.0,0.75,0.0,,0.02,0.95,1.0,0.0,0.0,,0.33,0.0,0.33,1.0,0.67,1.0,1.0,0.0,0.0,1.0,,1.0,1.0,1.0,1.0,0.6,1.0,1.0,1.0,1.0,0.6,1.0,0.67,0.67
2139,0.6606233716011047,male,43.0,35_44,french,canadian_quebecois,college_cegep,,,3,1.0,,,5_plus_persons,0.0,children_under_18,protestant,,,type_2,,0.67,0.67,0.67,0.67,0.33,0.33,1.0,,,0.33,0.75,0.67,0.33,,0.33,0.67,0.33,,0.0,1.0,0.67,1.0,,,0.2,0.6,0.35,0.0,,0.3,0.4,,,,,,0.0,1.0,0.33,0.0,0.67,0.67,0.67,0.0,,0.33,0.33,1.0,0.33,0.33,0.8,0.8,1.0,0.8,0.6,0.8,0.8,0.8,0.8,1.0,0.6,,,0.67
2140,0.381436675786972,female,51.0,45_54,french,canadian_quebecois,bachelor,over_150k,employed,3,1.0,widowed,,3_4_persons,0.0,children_under_18,,,other_regions,type_2,1.0,0.67,0.67,0.67,0.67,0.67,0.33,1.0,adq,liberal,0.33,0.75,0.33,0.33,0.5,0.67,0.67,0.0,1.0,0.0,1.0,0.67,1.0,other,liberal,0.55,0.2,0.4,0.0,0.1,0.35,0.0,0.25,,,0.1,0.75,1.0,,0.0,0.67,1.0,0.67,0.33,0.33,1.0,,0.33,0.67,0.67,0.33,1.0,1.0,1.0,,1.0,0.6,1.0,0.6,1.0,1.0,0.6,1.0,0.17,0.67
2141,0.3552634119987488,male,25.0,18_24,french,canadian_quebecois,bachelor,under_20k,retired,3,1.0,divorced_separated,1.0,3_4_persons,0.0,children_18_plus,other_religion,1.0,other_regions,type_2,,0.33,0.67,0.33,1.0,0.33,0.0,1.0,plq,bloc,0.67,1.0,0.67,0.0,1.0,0.33,1.0,0.33,0.0,0.0,1.0,0.33,1.0,qs,conservative,0.1,0.5,0.0,1.0,0.9,0.05,0.4,0.0,1.0,0.75,0.8,0.2,0.0,1.0,0.67,0.33,0.33,0.33,0.33,0.67,1.0,0.0,0.0,1.0,0.67,0.0,0.4,0.4,0.4,0.4,0.4,0.4,0.4,0.4,0.4,1.0,0.4,0.5,0.5,0.5
2142,0.4301224946975708,female,20.0,18_24,french,canadian_quebecois,bachelor,,retired,3,1.0,divorced_separated,1.0,5_plus_persons,0.0,children_under_18,protestant,0.5,other_regions,type_2,,0.67,1.0,0.67,0.33,0.33,0.0,1.0,adq,other,1.0,0.75,0.33,0.0,1.0,0.67,1.0,0.33,0.0,0.0,1.0,0.33,1.0,pq,bloc,0.1,0.8,0.4,0.7,,0.0,0.4,0.4,0.7,,0.7,0.8,0.0,1.0,0.33,,0.67,0.67,1.0,0.67,0.33,0.0,0.0,0.0,0.33,0.67,0.8,0.8,0.8,0.8,0.8,0.8,0.8,0.8,0.8,0.6,0.8,0.5,0.5,0.67
2143,0.2995596826076507,female,31.0,25_34,french,canadian_quebecois,bachelor,20k_to_40k,employed,3,1.0,divorced_separated,1.0,3_4_persons,0.0,children_under_18,other_christian,0.5,quebec_city,type_2,,1.0,0.67,0.67,0.67,0.67,0.67,1.0,plq,other,0.67,0.5,0.33,0.33,1.0,0.67,0.67,0.33,0.0,0.0,0.0,0.33,0.0,adq,conservative,0.0,0.15,0.55,0.0,0.1,0.15,0.1,0.6,,,0.25,0.1,0.0,1.0,0.67,0.67,0.67,0.67,0.33,0.33,1.0,0.67,0.67,0.33,0.67,0.33,0.6,0.6,0.6,0.6,0.6,0.6,0.6,0.6,0.6,0.6,0.6,0.67,0.67,0.67
2144,0.4301224946975708,female,21.0,18_24,french,canadian_quebecois,college_cegep,under_20k,,3,1.0,widowed,1.0,3_4_persons,0.0,no_children,catholic,0.5,quebec_city,type_2,,0.67,0.67,0.33,1.0,1.0,0.67,1.0,adq,liberal,0.33,0.5,0.33,0.0,0.5,0.33,0.67,0.67,1.0,0.0,1.0,0.67,1.0,plq,green,0.9,0.15,0.75,0.45,0.8,0.75,0.1,0.75,,,0.45,0.6,0.0,1.0,0.0,0.67,,0.33,0.67,0.0,1.0,,0.67,0.67,0.67,0.33,0.8,0.8,,0.2,0.4,0.6,0.8,0.8,1.0,0.4,0.6,1.0,1.0,0.67
2145,0.3586114943027496,male,41.0,35_44,other,canadian_quebecois,bachelor,20k_to_40k,employed,3,1.0,divorced_separated,0.0,2_persons,0.0,no_children,protestant,0.0,quebec_city,type_2,,0.33,0.67,0.67,0.67,0.67,0.33,1.0,pq,ndp,0.33,0.75,0.67,1.0,0.0,1.0,0.67,0.33,1.0,0.0,1.0,0.33,1.0,adq,conservative,0.3,0.7,0.7,0.5,0.2,0.1,0.5,0.8,,,0.3,0.7,0.0,1.0,0.33,0.67,1.0,0.33,0.67,0.67,1.0,0.0,1.0,0.33,0.67,0.33,0.6,0.6,0.6,0.6,0.6,0.6,0.8,0.8,0.6,0.6,0.6,0.83,0.67,0.67
2146,0.4301224946975708,female,24.0,18_24,french,canadian_quebecois,,,,3,1.0,widowed,0.0,5_plus_persons,0.0,no_children,other_christian,0.5,monteregie,type_2,,0.67,0.33,0.33,0.67,0.33,0.33,1.0,other,liberal,0.0,0.5,0.67,0.33,,0.33,,0.0,,0.0,1.0,0.33,0.0,adq,green,0.5,0.4,0.75,0.9,0.8,0.5,0.0,0.85,,,0.4,0.6,1.0,0.0,0.33,0.33,0.67,0.33,,0.67,1.0,,0.67,,0.67,,0.6,0.6,0.6,0.8,0.8,0.6,0.8,0.8,0.6,0.6,0.6,0.67,0.67,
2147,0.2995596826076507,female,29.0,25_34,french,canadian_quebecois,bachelor,20k_to_40k,,3,1.0,widowed,1.0,3_4_persons,0.0,children_under_18,other_christian,1.0,quebec_city,type_2,,1.0,1.0,0.67,0.67,0.0,0.33,1.0,pq,liberal,0.67,0.0,1.0,0.33,0.5,0.33,0.67,0.33,1.0,0.0,1.0,0.33,1.0,adq,,0.25,0.05,1.0,0.1,0.0,0.5,0.0,1.0,0.0,,0.02,0.8,0.0,1.0,0.0,0.0,1.0,0.33,0.33,0.0,,0.33,1.0,0.33,0.67,1.0,0.6,0.6,1.0,0.2,0.4,0.6,1.0,0.6,1.0,0.6,0.6,0.67,0.67,0.67
2148,0.2995596826076507,female,27.0,25_34,french,canadian_quebecois,college_cegep,20k_to_40k,employed,3,1.0,divorced_separated,1.0,,1.0,no_children,other_christian,0.5,outaouais,type_2,,1.0,1.0,1.0,0.67,1.0,1.0,1.0,plq,conservative,0.67,0.75,1.0,0.33,0.5,0.33,0.67,0.67,1.0,0.0,,0.67,0.0,pq,ndp,0.5,0.0,1.0,0.0,0.0,0.5,0.0,1.0,0.0,0.0,0.0,1.0,0.0,,0.33,0.33,,0.33,0.33,0.33,1.0,1.0,0.67,0.67,0.67,0.33,,,0.6,,0.6,0.6,0.6,0.6,0.6,0.6,0.6,1.0,0.67,0.67
2149,0.381436675786972,female,50.0,45_54,french,canadian_quebecois,college_cegep,20k_to_40k,employed,3,1.0,widowed,0.0,3_4_persons,0.0,no_children,protestant,0.5,monteregie,type_2,,0.67,0.67,0.33,1.0,0.67,0.33,1.0,adq,liberal,1.0,0.75,0.67,1.0,1.0,1.0,1.0,0.33,1.0,0.0,1.0,0.67,1.0,pq,,0.1,0.8,0.4,0.1,,0.1,0.7,0.0,0.0,0.0,0.8,0.8,0.0,0.0,0.33,0.33,1.0,0.33,0.33,0.67,1.0,0.33,0.67,1.0,0.67,0.33,0.8,0.8,0.8,0.8,0.8,0.8,0.8,0.8,0.8,0.8,0.8,0.17,0.83,0.83
2150,0.381436675786972,female,49.0,45_54,french,canadian_quebecois,high_school,,employed,3,1.0,widowed,1.0,,,no_children,other_christian,1.0,quebec_city,type_2,,0.0,0.67,1.0,0.67,0.67,0.33,1.0,pq,ndp,0.0,1.0,1.0,0.67,0.5,1.0,1.0,0.33,1.0,0.0,1.0,0.67,1.0,adq,,0.02,0.0,0.75,,,0.3,0.1,0.65,0.2,,0.0,0.99,0.0,1.0,0.0,,0.67,0.33,0.67,0.0,1.0,0.67,1.0,0.67,1.0,0.33,0.6,0.6,0.6,0.6,0.6,0.6,0.6,0.6,0.6,0.6,0.6,0.67,0.67,0.67
2151,0.2995596826076507,female,27.0,25_34,french,canadian_quebecois,college_cegep,40k_to_60k,employed,3,1.0,widowed,0.0,3_4_persons,1.0,no_children,other_christian,1.0,quebec_city,type_2,,1.0,1.0,0.33,0.67,0.67,0.67,1.0,plq,conservative,0.0,0.5,1.0,0.67,0.5,0.67,0.67,0.33,1.0,1.0,1.0,0.33,1.0,adq,conservative,0.2,0.6,0.85,0.25,0.0,0.15,0.4,0.8,,,0.75,0.7,0.0,0.0,0.0,,0.67,0.67,0.67,0.33,,0.33,1.0,0.33,0.33,0.0,0.6,0.6,0.6,1.0,1.0,0.6,0.8,0.6,0.6,0.6,0.6,0.67,0.67,0.67
2152,0.4523656964302063,male,53.0,45_54,french,canadian_quebecois,high_school,,,3,1.0,,,,0.0,no_children,,,,type_2,0.0,1.0,1.0,0.33,1.0,0.67,0.33,1.0,plq,conservative,0.33,0.75,0.33,1.0,,,0.67,0.67,0.0,,0.0,0.67,1.0,,,,,,,,,,,,,0.33,0.77,0.0,1.0,0.0,,1.0,0.67,1.0,,,,0.0,0.67,1.0,0.0,1.0,0.6,,1.0,0.6,1.0,1.0,,,,0.6,1.0,,0.67
2153,0.4523656964302063,male,47.0,45_54,french,canadian_quebecois,bachelor,over_150k,,3,1.0,divorced_separated,,3_4_persons,0.0,children_under_18,,,other_regions,type_2,1.0,1.0,0.67,0.67,1.0,0.67,0.33,1.0,plq,ndp,0.33,0.75,0.67,0.0,,0.67,0.67,0.33,1.0,0.0,0.0,0.67,1.0,adq,,0.3,0.4,0.5,,0.3,0.25,0.25,0.65,,,0.5,0.7,0.0,1.0,0.0,0.33,0.67,0.67,0.33,0.33,1.0,0.0,0.67,0.67,1.0,0.33,0.6,,,0.2,0.4,0.6,0.6,0.8,0.6,,0.6,1.0,0.67,0.67
2154,0.2995596826076507,female,29.0,25_34,french,canadian_quebecois,college_cegep,60k_to_80k,employed,12,1.0,divorced_separated,1.0,3_4_persons,0.0,children_under_18,other_christian,0.5,quebec_city,type_2,,1.0,1.0,0.67,0.67,0.67,1.0,1.0,adq,liberal,0.33,0.5,0.67,0.33,0.5,0.33,0.33,0.33,0.0,0.0,0.0,0.67,1.0,adq,,,,0.1,0.0,0.0,0.03,0.05,0.1,0.0,0.0,0.0,0.1,0.0,1.0,0.33,0.67,1.0,0.33,0.67,0.33,1.0,1.0,1.0,0.67,1.0,0.33,0.6,0.8,0.6,1.0,0.6,0.6,0.6,0.8,0.6,1.0,0.6,0.67,0.67,0.67
2155,0.2995596826076507,female,30.0,25_34,french,canadian_quebecois,college_cegep,over_150k,employed,3,1.0,widowed,1.0,5_plus_persons,,no_children,catholic,0.5,monteregie,type_2,,0.67,0.33,0.0,1.0,0.33,0.67,0.0,plq,ndp,0.0,0.0,0.67,0.67,0.5,0.33,0.67,0.33,0.0,0.0,1.0,0.67,1.0,,,0.85,0.2,0.5,0.0,0.15,0.8,0.1,0.6,,,0.15,1.0,1.0,,0.0,0.33,0.67,0.33,1.0,1.0,0.67,0.67,0.67,0.67,0.67,0.33,1.0,1.0,1.0,1.0,1.0,0.6,1.0,0.6,1.0,1.0,1.0,1.0,0.17,0.67
2156,0.2995596826076507,female,30.0,25_34,french,canadian_quebecois,college_cegep,,,3,1.0,widowed,1.0,,0.0,children_18_plus,other_religion,0.0,other_regions,type_2,,0.67,1.0,0.33,1.0,0.67,0.33,1.0,pq,liberal,0.67,1.0,1.0,0.0,1.0,0.67,0.67,0.67,1.0,0.0,0.0,0.67,,pq,bloc,0.04,0.7,0.04,0.5,0.45,0.4,0.6,0.5,0.65,0.55,0.6,0.55,0.0,1.0,0.33,,0.67,0.33,0.33,0.67,1.0,0.0,0.67,0.67,0.67,0.33,,0.8,0.6,0.2,0.4,0.8,0.8,0.8,,,0.4,,0.5,0.67
2157,0.381436675786972,female,53.0,45_54,french,canadian_quebecois,high_school,under_20k,employed,3,1.0,widowed,1.0,5_plus_persons,,no_children,protestant,1.0,other_regions,type_2,,0.67,0.67,0.67,0.33,0.0,0.0,1.0,plq,ndp,1.0,0.5,0.33,0.0,1.0,0.67,0.67,0.33,1.0,0.0,0.0,0.33,1.0,pq,ndp,0.4,1.0,0.7,0.4,0.3,,1.0,0.7,,,0.0,0.0,0.0,1.0,1.0,0.33,0.0,0.67,0.33,0.67,1.0,1.0,0.67,0.67,0.67,0.0,0.8,0.8,0.8,0.8,0.8,0.6,0.8,0.8,0.8,1.0,0.6,0.83,0.67,0.83
2158,0.6606233716011047,male,37.0,35_44,french,canadian_quebecois,bachelor,60k_to_80k,employed,3,1.0,widowed,1.0,,0.0,children_18_plus,catholic,0.5,montreal,type_2,,0.67,0.67,0.33,0.33,1.0,1.0,1.0,qs,ndp,0.33,0.5,1.0,0.33,0.5,,,0.33,,0.0,0.0,0.67,1.0,plq,ndp,0.75,0.2,0.65,0.0,0.0,0.7,0.4,0.65,0.2,0.05,0.8,0.8,1.0,1.0,0.0,0.33,1.0,0.33,1.0,0.0,1.0,0.0,0.67,,1.0,0.67,0.6,1.0,1.0,0.2,0.8,1.0,1.0,0.8,0.6,1.0,,1.0,,
2159,0.5101058483123779,male,20.0,18_24,french,canadian_quebecois,bachelor,80k_to_100k,retired,3,1.0,divorced_separated,1.0,3_4_persons,0.0,no_children,other_christian,0.5,quebec_city,type_2,,1.0,1.0,0.67,0.67,0.67,1.0,1.0,adq,liberal,0.33,0.5,0.67,0.33,0.5,0.33,0.67,0.33,0.0,0.0,0.0,0.67,1.0,adq,liberal,0.7,0.45,0.85,0.04,0.09,0.68,0.44,0.9,0.04,0.1,0.07,0.87,0.0,1.0,0.0,0.67,0.67,0.67,0.33,1.0,1.0,0.67,1.0,0.67,0.67,0.67,0.6,0.6,0.6,0.2,0.4,0.6,0.8,0.8,0.6,0.6,0.6,0.67,0.67,0.67
2160,0.5570399761199951,female,43.0,35_44,french,canadian_quebecois,bachelor,over_150k,employed,3,1.0,divorced_separated,0.0,3_4_persons,1.0,no_children,catholic,0.5,quebec_city,type_2,,1.0,0.67,0.33,0.67,0.33,1.0,1.0,plq,ndp,0.0,0.75,0.33,0.33,0.5,1.0,1.0,0.0,1.0,0.0,1.0,0.33,1.0,plq,ndp,0.8,0.0,0.6,0.0,0.4,0.5,0.0,0.8,0.0,,0.3,1.0,0.0,,0.0,0.67,1.0,0.0,1.0,1.0,1.0,0.67,1.0,0.67,0.0,0.0,1.0,,,0.2,0.6,0.6,1.0,0.8,0.6,1.0,0.6,1.0,0.67,0.67
2161,0.3552634119987488,male,32.0,25_34,french,canadian_quebecois,graduate,60k_to_80k,employed,3,1.0,widowed,1.0,3_4_persons,0.0,children_under_18,protestant,1.0,other_regions,type_2,,0.33,1.0,0.67,1.0,1.0,0.33,1.0,adq,liberal,1.0,0.5,0.33,0.0,1.0,0.33,0.33,0.33,0.0,,0.0,0.67,1.0,pq,green,0.15,0.8,0.25,0.25,0.5,0.2,0.7,0.5,0.05,,0.5,0.5,0.0,1.0,0.33,1.0,1.0,0.0,1.0,0.67,1.0,0.0,0.67,0.67,1.0,0.67,0.8,0.8,1.0,0.2,0.4,0.6,0.8,0.8,0.8,1.0,0.6,0.83,0.5,0.17
2162,0.4523656964302063,male,49.0,45_54,french,canadian_quebecois,high_school,20k_to_40k,employed,3,1.0,widowed,0.0,,0.0,children_under_18,other_christian,0.0,quebec_city,type_2,,1.0,0.67,0.67,0.67,0.67,0.33,1.0,plq,conservative,0.33,0.75,0.67,0.33,0.5,0.67,0.67,0.33,1.0,,1.0,0.67,1.0,adq,,0.65,0.5,0.75,,,0.6,0.5,0.75,,,0.3,0.75,0.0,1.0,0.0,0.0,0.67,0.33,0.67,1.0,1.0,0.67,0.67,0.67,0.67,0.67,0.6,0.6,,0.6,,0.6,0.6,,0.6,0.6,0.6,1.0,,0.67
2163,0.2995596826076507,female,26.0,25_34,french,canadian_quebecois,college_cegep,60k_to_80k,employed,3,1.0,widowed,1.0,5_plus_persons,0.0,children_under_18,other_christian,1.0,quebec_city,type_2,,0.67,0.67,0.33,0.33,0.0,0.67,1.0,plq,bloc,0.0,0.5,0.67,0.67,,1.0,0.67,0.0,1.0,0.0,1.0,0.67,0.0,adq,,0.5,0.1,0.9,0.0,0.5,0.6,0.5,0.9,0.1,,0.05,0.9,0.0,1.0,0.0,0.33,0.67,0.67,0.33,0.33,0.33,0.67,1.0,0.67,0.33,0.67,0.6,0.6,0.6,0.2,0.4,0.6,0.6,0.8,0.6,0.6,0.6,0.67,0.67,0.67
2164,0.4523656964302063,male,48.0,45_54,french,canadian_quebecois,high_school,60k_to_80k,employed,3,1.0,divorced_separated,0.0,,0.0,children_under_18,other_christian,1.0,quebec_city,type_2,,0.33,0.33,0.33,0.33,0.67,1.0,1.0,qs,ndp,1.0,0.5,0.67,0.33,0.5,0.67,0.67,0.33,0.0,,1.0,0.33,1.0,adq,liberal,0.4,0.2,0.7,0.0,0.0,0.3,0.15,0.8,0.0,,0.3,0.4,1.0,,0.0,0.67,1.0,0.33,0.67,0.0,1.0,0.0,0.67,,1.0,0.33,1.0,1.0,1.0,0.2,0.8,0.6,0.6,0.8,0.6,0.6,0.8,0.67,0.67,0.67
2165,0.4301224946975708,female,24.0,18_24,french,canadian_quebecois,bachelor,under_20k,,3,1.0,widowed,1.0,,0.0,no_children,protestant,0.5,monteregie,type_2,,0.33,1.0,0.33,0.33,0.33,0.67,0.0,plq,bloc,1.0,0.75,0.33,1.0,1.0,0.67,0.67,0.0,1.0,0.0,1.0,0.33,1.0,,,0.15,0.5,0.7,0.05,,0.25,0.15,0.7,0.1,,0.5,0.5,,,0.67,1.0,0.67,0.67,0.33,0.67,0.33,,1.0,0.67,,0.0,,0.8,0.6,0.2,0.6,0.6,0.8,0.6,0.6,,0.6,1.0,0.67,0.67
2166,0.3552634119987488,male,29.0,25_34,french,canadian_quebecois,bachelor,40k_to_60k,employed,3,1.0,widowed,1.0,5_plus_persons,0.0,both,other_religion,0.5,other_regions,type_2,,0.0,0.33,0.33,1.0,0.67,0.0,1.0,adq,conservative,0.67,1.0,0.33,0.0,1.0,0.67,0.67,0.33,0.0,0.0,1.0,0.0,0.0,qs,,0.1,0.4,0.0,0.8,0.4,0.2,0.5,0.0,1.0,0.3,0.8,0.3,0.0,1.0,0.67,0.0,0.33,0.0,0.33,0.67,1.0,0.0,0.0,0.67,1.0,0.33,0.4,0.4,,0.4,0.4,0.4,0.4,0.4,,,0.4,0.5,0.5,0.5
2167,0.3552634119987488,male,25.0,18_24,french,canadian_quebecois,college_cegep,20k_to_40k,employed,3,1.0,widowed,1.0,5_plus_persons,0.0,no_children,other_christian,0.5,quebec_city,type_2,,0.67,1.0,0.67,1.0,0.67,0.67,1.0,pq,liberal,0.33,0.75,0.67,0.33,0.5,0.33,0.67,0.33,1.0,0.0,1.0,0.67,1.0,adq,liberal,0.75,0.55,0.85,0.04,0.65,0.77,0.4,0.92,0.04,0.04,0.12,0.88,0.0,1.0,0.0,0.67,0.67,0.33,0.67,0.33,1.0,0.0,1.0,0.33,0.67,0.33,0.6,0.6,0.6,0.2,0.4,0.6,0.6,0.6,0.6,0.6,0.6,1.0,0.67,0.67
2168,0.2070583254098892,female,46.0,45_54,english,canadian_quebecois,college_cegep,60k_to_80k,employed,3,1.0,divorced_separated,,3_4_persons,0.0,no_children,catholic,0.5,montreal,type_2,,1.0,0.67,0.67,0.67,0.67,1.0,1.0,other,liberal,,1.0,1.0,1.0,0.5,0.67,1.0,0.67,1.0,0.0,0.0,0.67,0.0,plq,ndp,0.85,0.0,0.5,,0.0,0.9,0.0,0.75,,,0.0,0.75,,1.0,0.0,0.0,0.67,0.33,1.0,1.0,,0.33,0.33,1.0,1.0,0.33,1.0,0.8,1.0,1.0,1.0,1.0,1.0,0.6,1.0,1.0,0.6,1.0,1.0,0.67
2169,0.2995596826076507,female,28.0,25_34,french,canadian_quebecois,bachelor,60k_to_80k,employed,3,1.0,widowed,1.0,3_4_persons,0.0,no_children,other_christian,1.0,outaouais,type_2,,0.67,0.67,0.33,1.0,0.67,0.67,1.0,plq,ndp,0.0,0.5,1.0,0.67,,0.33,1.0,0.67,0.0,0.0,1.0,0.67,1.0,adq,,0.75,0.5,0.85,0.4,0.7,0.75,0.25,0.8,0.3,,0.15,0.75,,,0.0,0.67,0.67,0.67,0.33,0.0,1.0,,1.0,0.67,0.67,1.0,0.6,0.6,,0.2,0.6,0.6,0.8,0.8,0.6,0.6,0.6,1.0,0.33,0.67
2170,0.4301224946975708,female,21.0,18_24,french,canadian_quebecois,college_cegep,over_150k,,3,1.0,divorced_separated,1.0,3_4_persons,,children_under_18,,,other,type_2,0.0,,,,,,,1.0,,,,,,,0.0,,,,1.0,0.0,1.0,,,,,,,,,,,,,,,,,,,,0.0,,,0.67,,,,,,,,,,,,,,,,,,,,0.17,0.17
2171,0.2995596826076507,female,25.0,18_24,french,canadian_quebecois,bachelor,20k_to_40k,employed,3,1.0,widowed,1.0,3_4_persons,0.0,no_children,protestant,0.5,quebec_city,type_2,,1.0,1.0,0.67,1.0,0.67,0.67,1.0,qs,liberal,0.67,0.5,0.67,0.67,0.5,0.67,0.67,0.33,1.0,0.0,1.0,0.67,1.0,pq,ndp,0.0,0.85,0.82,0.8,0.7,0.0,0.6,0.6,0.65,,0.5,0.5,,1.0,0.33,,0.67,0.67,0.67,0.33,1.0,,,0.67,0.67,0.33,0.8,0.8,0.6,0.8,0.8,0.6,0.4,0.4,0.8,0.6,0.8,0.83,0.83,0.83
2172,0.4523656964302063,male,52.0,45_54,french,canadian_quebecois,high_school,20k_to_40k,employed,3,1.0,widowed,1.0,3_4_persons,0.0,no_children,protestant,0.5,other_regions,type_2,,1.0,0.67,0.33,0.67,1.0,0.33,1.0,plq,ndp,0.33,0.75,0.33,1.0,1.0,0.67,0.67,0.33,1.0,0.0,1.0,0.67,1.0,pq,ndp,0.25,0.8,0.75,0.0,0.0,0.25,0.5,0.8,0.0,0.0,0.25,0.5,1.0,0.0,0.33,0.67,0.67,0.67,0.33,0.33,1.0,0.0,0.67,0.67,1.0,0.67,,0.6,1.0,0.2,0.6,0.6,0.8,0.8,,,0.6,,0.67,0.67
2173,0.6606233716011047,male,38.0,35_44,french,canadian_quebecois,college_cegep,80k_to_100k,employed,3,1.0,widowed,,2_persons,1.0,no_children,other_christian,1.0,quebec_city,type_2,,1.0,0.67,0.33,0.33,0.67,0.67,1.0,plq,conservative,0.0,0.5,1.0,0.0,0.5,0.0,0.67,0.33,1.0,,1.0,0.67,1.0,adq,liberal,0.05,0.0,0.99,0.5,0.4,0.75,0.01,0.99,,,0.0,0.75,1.0,1.0,0.0,1.0,0.67,0.67,1.0,1.0,1.0,0.67,1.0,1.0,0.67,0.67,0.6,0.8,,0.2,1.0,0.6,0.8,1.0,0.6,1.0,0.6,0.67,0.67,0.67
2174,0.5570399761199951,female,40.0,35_44,french,canadian_quebecois,bachelor,40k_to_60k,employed,3,1.0,widowed,1.0,5_plus_persons,0.0,both,protestant,0.0,eastern_quebec,type_2,,1.0,0.67,0.33,1.0,1.0,0.67,1.0,pq,bloc,0.67,0.5,0.67,0.0,1.0,0.33,,0.33,0.0,0.0,,0.33,,pq,green,0.3,0.6,0.5,0.5,0.6,0.05,0.3,0.25,0.1,0.15,0.5,0.5,0.0,1.0,0.67,0.33,0.67,0.33,1.0,0.67,1.0,0.0,0.0,1.0,1.0,0.33,,0.8,,0.8,0.4,0.8,0.8,0.8,,,,,0.33,0.67
2175,0.2995596826076507,female,29.0,25_34,french,canadian_quebecois,bachelor,20k_to_40k,employed,3,1.0,widowed,1.0,3_4_persons,0.0,no_children,other_christian,0.5,quebec_city,type_2,,0.67,1.0,0.67,0.67,0.67,0.33,1.0,plq,ndp,1.0,0.75,1.0,0.67,0.5,0.33,0.67,0.33,1.0,1.0,1.0,0.33,1.0,adq,,0.0,0.1,1.0,,,0.0,0.0,1.0,,,0.25,0.25,0.0,1.0,0.0,0.33,0.67,0.33,0.67,0.33,1.0,1.0,1.0,0.33,0.67,1.0,0.6,0.6,,0.2,0.6,0.6,0.6,,0.6,,0.6,0.67,0.67,0.67
