quest,codep,nomx,q1,q2,q3,q4,q5,q6,q7,q8,q9,q10,q10b,q11,q12,q13,q14,q15,q16,q17,q18a,q18b,q19,q20,q21,q22,q23,q24,q25,q26,q27,q28,q29,q30,q31,q32,q33,q34,q35,q35a,q36,q37,q38,q39,q40,q41,q42,q43,q44,q45,q46,q47,q48,q49,q50,q51,q52,q53,q54,q55,q56,q57,q58,q59,q60,q61a,q61b,q61c,q61d,q62,q64,q65,q66,q67,q68,q69,q70,q71,q72,q73,q74,q75,q76,q77,q78,q79,q81,q80,ethn1,langu,pond,type
1,G2G,03,96,1,1,2,2,1,2,2,2,1,2,1,99,,6.0,3.0,01,03,04,,2,,2,2,2,1,3,2,2,75.0,25.0,25.0,0.0,5.0,2,2,1,4,2,3,2,50.0,0.0,50.0,997.0,997.0,06,03,03,1,1,1,4,1,2,1,2,01,02,03,98,03,02,02,02,01,03,01,0.0,100.0,2,2,2,1,99,,1,01,01,1943.0,1,06,10,01,05,02,01,1,0.18738064169883728,1.0
2,J3B,26,10,1,1,2,1,1,2,2,2,2,4,2,,,5.0,7.0,01,07,,03,1,,3,3,3,1,2,1,2,5.0,80.0,80.0,50.0,50.0,2,2,1,2,1,1,2,0.0,10.0,70.0,997.0,997.0,03,03,03,3,3,3,3,2,3,3,3,02,03,02,05,02,03,02,02,02,02,02,50.0,50.0,1,3,1,1,02,1,,,04,1950.0,1,07,01,04,05,02,01,1,0.9654632806777954,1.0
3,J6A,14,98,1,1,2,2,2,2,3,1,2,2,1,02,03,7.0,7.0,03,02,01,,1,,3,3,3,1,2,1,3,30.0,50.0,60.0,50.0,50.0,1,2,1,2,2,8,2,25.0,40.0,70.0,40.0,40.0,03,03,03,3,2,1,2,2,3,2,3,03,03,03,03,03,03,03,03,03,03,03,70.0,70.0,8,2,2,2,03,2,,,04,1938.0,1,07,04,03,03,02,01,1,1.1757395267486572,1.0
4,J5R,16,96,1,2,2,4,2,8,4,2,2,4,1,02,05,8.0,4.0,02,01,02,,1,,1,8,2,1,2,1,2,25.0,50.0,10.0,50.0,50.0,1,2,1,3,8,1,3,60.0,45.0,80.0,80.0,80.0,01,98,04,8,3,1,4,3,2,2,3,97,98,98,05,04,03,02,02,98,98,98,75.0,50.0,8,3,2,1,97,,2,,04,1955.0,2,07,05,02,03,02,01,1,0.6555481553077698,1.0
5,H3X,06,14,1,2,3,1,3,3,3,3,3,2,1,05,97,4.0,2.0,04,07,,02,2,,1,1,4,3,2,1,3,40.0,25.0,30.0,0.0,30.0,2,1,1,4,2,1,3,50.0,1.0,35.0,0.0,35.0,01,04,03,2,1,3,3,2,3,2,4,04,99,03,05,04,03,02,02,01,01,03,20.0,20.0,9,3,2,1,97,,1,05,01,1941.0,1,11,01,03,05,02,10,1,1.1757395267486572,1.0
6,J2K,26,98,1,1,1,1,2,1,2,1,2,3,2,,,6.0,8.0,03,04,,03,2,,3,2,3,1,2,2,2,70.0,70.0,50.0,80.0,80.0,1,1,1,3,2,1,3,50.0,50.0,40.0,70.0,70.0,01,05,01,2,3,3,4,1,2,3,4,02,02,02,05,02,03,02,02,02,02,02,0.0,70.0,2,3,2,2,04,2,,,06,1983.0,1,09,06,04,04,02,01,1,3.324955463409424,1.0
7,J7K,14,01,1,1,2,1,1,2,2,1,2,1,1,99,,10.0,8.0,01,04,,05,1,,3,1,3,1,2,2,2,50.0,80.0,80.0,70.0,80.0,1,1,2,2,2,1,4,60.0,80.0,80.0,70.0,60.0,98,98,03,3,3,1,4,1,2,2,1,01,02,01,05,02,03,02,02,01,02,01,90.0,90.0,1,1,1,1,02,2,,,06,1950.0,2,05,04,02,02,02,01,1,0.5535573959350586,1.0
8,G9X,04,01,1,1,1,1,1,4,2,1,2,4,1,02,03,9.0,9.0,03,01,,04,1,,1,1,2,2,3,2,2,0.0,70.0,70.0,0.0,40.0,1,2,1,4,1,2,4,0.0,60.0,80.0,30.0,40.0,01,03,03,3,2,1,4,4,4,3,4,03,02,02,05,04,03,02,02,01,01,03,100.0,90.0,1,4,1,2,02,2,,,04,1946.0,1,05,03,03,02,02,01,1,0.9346079230308533,1.0
9,G1L,03,13,1,2,2,2,1,1,2,1,2,2,1,01,03,9.0,7.0,01,03,,04,2,,3,3,2,1,3,2,2,80.0,0.0,75.0,0.0,0.0,1,1,1,4,1,3,3,90.0,0.0,80.0,60.0,997.0,01,01,01,3,4,1,2,3,2,2,3,01,03,01,01,01,03,01,01,01,01,03,0.0,100.0,2,2,2,3,01,2,,,98,1950.0,2,05,01,06,01,02,01,1,0.21248352527618408,1.0
10,G3E,03,98,2,1,2,2,1,1,4,1,2,4,2,,,0.0,7.0,01,03,05,,2,,1,1,4,1,1,1,2,45.0,0.0,75.0,0.0,0.0,1,2,1,4,2,2,2,55.0,0.0,80.0,998.0,998.0,03,03,03,3,1,3,8,4,4,4,4,03,03,03,03,03,03,03,03,01,03,03,55.0,45.0,1,4,2,1,97,,2,,02,1954.0,2,05,09,02,05,02,01,1,0.25163137912750244,1.0
11,H2K,06,10,2,1,2,1,3,2,2,2,2,1,1,02,04,5.0,5.0,01,02,,05,1,,1,1,3,1,2,1,3,20.0,80.0,50.0,60.0,60.0,1,2,1,1,1,2,1,10.0,70.0,50.0,40.0,40.0,02,03,03,3,2,1,2,1,3,4,4,02,03,02,02,03,03,02,02,02,02,03,60.0,50.0,1,4,1,1,02,2,,,04,1977.0,1,05,02,02,04,02,01,1,1.3550678491592407,1.0
12,G0R,32,10,1,1,1,1,1,3,1,2,2,1,1,02,97,10.0,10.0,03,01,01,,1,,3,2,3,1,2,1,3,15.0,100.0,4.0,10.0,20.0,2,1,8,2,1,2,3,6.0,100.0,5.0,7.0,10.0,02,02,02,3,2,1,4,4,2,2,4,02,02,02,02,02,02,02,02,02,02,02,90.0,65.0,8,1,2,3,02,1,,,04,1938.0,2,07,99,01,01,02,01,1,1.1706970930099487,1.0
13,J6A,14,01,1,1,2,1,1,3,1,3,1,2,1,02,03,8.0,6.0,01,03,,04,2,,3,2,2,2,3,2,2,20.0,60.0,70.0,60.0,50.0,2,2,1,4,2,1,2,40.0,40.0,75.0,65.0,40.0,02,03,03,2,3,1,4,2,3,4,4,03,02,03,05,03,03,03,03,03,03,03,65.0,65.0,1,4,2,3,03,2,,,02,1945.0,2,09,05,03,05,02,01,1,0.5535573959350586,1.0
14,J2H,26,08,1,1,2,1,1,2,2,1,1,2,1,02,03,3.0,3.0,02,03,,04,1,,2,2,3,1,2,1,2,35.0,60.0,55.0,997.0,50.0,1,2,8,3,2,1,2,20.0,50.0,60.0,998.0,998.0,03,03,03,2,2,1,3,3,2,3,4,02,02,03,05,03,03,02,02,03,03,03,30.0,60.0,2,2,1,2,05,3,,,01,1957.0,2,07,04,02,05,02,01,1,1.2432608604431152,1.0
15,J6S,26,98,1,1,4,1,1,1,2,2,1,1,1,03,98,7.0,5.0,01,04,01,,1,,1,1,3,1,2,2,4,5.0,7.0,9.0,5.0,5.0,1,1,1,2,2,1,1,7.0,9.0,10.0,5.0,10.0,03,03,02,1,1,2,1,2,1,1,1,02,02,03,03,03,03,03,02,02,03,02,9.0,10.0,1,1,1,1,03,3,,,98,1971.0,2,05,98,06,04,02,01,1,1.8892440795898438,1.0
16,J9X,08,98,1,1,2,2,2,2,2,3,1,3,1,02,03,7.0,7.0,01,02,03,,1,,2,2,3,2,2,2,3,0.0,70.0,90.0,997.0,997.0,2,1,8,2,1,2,4,0.0,80.0,95.0,997.0,997.0,03,03,03,3,2,1,2,2,2,2,2,03,03,98,98,98,03,03,03,98,98,02,80.0,100.0,2,3,1,1,02,2,,,04,1985.0,2,08,98,05,05,02,01,1,3.6155238151550293,1.0
17,G6G,32,98,1,2,1,1,2,2,1,1,1,2,1,01,98,6.0,4.0,03,01,05,,1,,2,2,1,1,3,2,2,75.0,50.0,25.0,50.0,25.0,2,1,1,2,1,1,2,65.0,70.0,80.0,30.0,25.0,03,03,01,3,4,3,1,1,1,2,2,02,98,03,98,01,01,01,03,01,98,01,0.0,40.0,2,1,1,1,01,1,,,98,1928.0,2,02,01,03,01,02,01,1,1.1706970930099487,1.0
18,J2H,26,01,1,1,2,2,1,2,2,1,3,1,1,01,97,8.0,6.0,01,03,,03,2,,2,1,3,1,2,1,2,75.0,30.0,50.0,997.0,997.0,1,2,2,4,2,2,2,70.0,30.0,50.0,997.0,997.0,01,01,03,3,4,3,2,4,1,1,4,01,01,01,02,01,03,01,03,01,01,03,10.0,40.0,1,4,1,1,01,2,,,01,1958.0,2,05,04,06,04,02,01,1,1.2432608604431152,1.0
19,J0G,17,07,1,1,2,1,2,2,3,2,1,3,1,02,03,8.0,8.0,01,03,,03,1,,2,2,3,2,2,2,2,60.0,90.0,70.0,70.0,50.0,1,2,1,2,2,2,3,60.0,60.0,70.0,80.0,60.0,02,03,02,3,3,1,2,2,2,2,3,02,02,02,02,02,02,02,02,02,02,02,75.0,80.0,1,3,2,2,02,2,,,04,1964.0,2,09,09,02,04,02,01,1,1.3865697383880615,1.0
20,G1P,03,13,2,2,3,1,2,1,2,2,1,4,1,02,97,8.0,8.0,04,02,,04,1,,3,3,2,3,3,2,2,60.0,80.0,40.0,75.0,75.0,1,2,1,3,2,3,3,50.0,80.0,30.0,60.0,997.0,02,04,04,1,2,1,3,3,1,1,4,97,02,01,05,02,02,02,02,02,01,04,60.0,60.0,1,3,2,3,02,3,,,04,1978.0,1,09,09,02,04,02,01,1,0.3281298279762268,1.0
21,J4Z,16,98,2,3,3,2,2,4,2,3,2,2,1,03,97,8.0,8.0,03,01,02,,2,,2,1,3,1,1,1,3,40.0,40.0,90.0,998.0,15.0,1,1,2,4,2,1,4,35.0,40.0,90.0,997.0,997.0,03,03,03,1,4,1,4,2,4,1,4,03,03,01,98,03,03,98,02,98,03,03,0.0,50.0,1,3,1,1,97,,1,03,02,1951.0,1,09,10,02,05,02,01,1,0.7738205194473267,1.0
22,G1S,03,03,1,1,1,1,1,2,1,1,2,1,1,01,03,10.0,9.0,01,03,,01,2,,2,1,2,1,1,1,2,75.0,0.0,25.0,0.0,10.0,1,8,1,4,2,1,2,75.0,40.0,60.0,50.0,997.0,01,98,03,1,1,1,2,1,1,8,3,01,01,01,98,98,98,01,98,98,98,98,50.0,60.0,2,2,1,1,01,2,,,01,1929.0,2,05,98,03,04,02,01,1,0.3228451609611511,1.0
23,H4H,06,98,1,1,1,1,2,2,2,2,2,1,1,03,01,8.0,6.0,01,02,,03,2,,2,1,3,1,2,1,1,70.0,60.0,80.0,60.0,6.0,1,1,1,4,2,3,3,70.0,70.0,90.0,50.0,5.0,02,03,03,3,4,1,8,1,4,4,4,03,03,02,03,03,03,02,02,98,03,03,0.0,70.0,1,3,4,1,03,3,,,01,1961.0,1,04,04,02,05,02,01,1,0.9163962006568909,1.0
24,J0H,26,96,2,2,2,2,2,3,2,2,2,2,1,03,,7.0,7.0,01,97,,03,2,,2,2,3,1,2,1,2,60.0,25.0,40.0,10.0,5.0,2,1,2,3,1,2,3,50.0,30.0,50.0,20.0,10.0,01,98,01,3,1,3,3,3,2,2,3,01,01,01,01,01,03,01,98,01,03,03,40.0,50.0,1,3,2,2,01,2,,,01,1956.0,1,04,04,02,04,02,01,1,1.1433428525924683,1.0
25,J0N,15,96,2,1,1,1,1,3,1,1,2,3,1,04,02,10.0,9.0,01,03,,05,1,,1,1,3,1,1,1,4,20.0,80.0,25.0,90.0,70.0,1,2,1,8,1,3,3,20.0,55.0,35.0,85.0,65.0,04,04,04,2,2,1,3,2,2,2,4,04,02,01,04,04,04,04,02,04,03,04,75.0,50.0,1,3,2,2,02,2,,,04,1974.0,1,05,09,02,05,02,01,1,1.3550678491592407,1.0
26,J2B,17,98,1,2,2,1,2,2,4,2,2,2,1,03,97,3.0,0.0,01,07,,04,1,,1,1,4,1,1,1,3,7.0,10.0,25.0,5.0,3.0,2,2,2,3,8,2,2,10.0,50.0,75.0,25.0,35.0,03,03,02,3,4,1,4,1,1,1,4,03,03,03,02,03,03,02,02,03,03,03,25.0,50.0,1,1,1,2,04,3,,,98,1950.0,2,02,02,02,02,02,01,1,0.7705016136169434,1.0
27,G0L,01,10,2,2,2,2,2,1,1,3,3,2,1,01,03,6.0,8.0,03,01,03,,2,,2,2,2,1,2,2,2,80.0,60.0,30.0,30.0,10.0,1,1,8,4,1,1,2,85.0,60.0,85.0,3.0,997.0,01,01,03,1,1,1,1,2,1,3,2,01,01,03,05,01,01,01,02,01,01,01,75.0,75.0,2,2,2,2,01,2,,,01,1942.0,2,09,05,03,01,02,01,1,1.3116263151168823,1.0
28,J0T,25,02,1,1,1,1,1,3,1,1,1,1,1,02,03,6.0,8.0,03,04,01,,1,,2,2,4,2,2,1,3,0.0,70.0,50.0,75.0,20.0,1,2,1,1,1,1,4,0.0,70.0,70.0,75.0,20.0,02,02,03,3,2,1,4,4,1,1,1,02,02,02,02,02,02,02,02,02,03,02,90.0,90.0,1,8,2,2,02,1,,,04,1959.0,1,09,03,02,05,02,01,1,1.1433428525924683,1.0
29,G1S,03,13,1,1,3,3,2,1,2,2,1,3,1,03,97,8.0,0.0,03,02,03,,2,,2,2,4,1,2,1,3,0.0,0.0,80.0,0.0,0.0,1,1,1,4,1,2,3,40.0,60.0,80.0,997.0,997.0,03,03,03,3,4,3,1,1,3,3,3,03,03,03,02,03,03,03,02,03,03,03,70.0,80.0,2,4,1,2,03,2,,,02,1975.0,1,05,04,02,04,02,01,1,0.3281298279762268,1.0
30,J6Z,15,10,3,4,4,2,1,1,2,3,3,2,1,01,97,5.0,5.0,03,01,,03,2,,1,1,3,1,2,1,3,80.0,40.0,39.0,25.0,5.0,1,1,1,4,4,1,2,70.0,30.0,24.0,50.0,40.0,01,98,04,3,1,3,4,1,1,4,1,98,98,98,98,98,01,04,01,98,01,98,0.0,95.0,8,4,2,2,01,3,,,01,1941.0,2,08,06,03,05,02,01,1,0.8410736918449402,1.0
31,H3E,06,01,1,2,2,1,1,2,2,1,2,1,1,05,02,9.0,7.0,02,03,02,,1,,2,2,2,1,2,2,2,40.0,80.0,50.0,998.0,20.0,1,2,1,2,2,2,2,60.0,70.0,70.0,60.0,50.0,01,03,03,3,2,1,3,2,2,2,3,01,02,01,05,01,03,02,02,02,02,03,70.0,70.0,2,3,2,1,02,2,,,04,1942.0,2,10,05,03,05,02,01,1,0.8410736918449402,1.0
32,G1X,03,98,1,1,2,2,3,4,2,2,2,1,2,,,4.0,9.0,04,01,01,,2,,2,1,4,2,2,1,2,0.0,5.0,25.0,997.0,0.0,2,2,8,4,2,2,1,0.0,10.0,50.0,997.0,997.0,06,03,03,2,3,1,4,2,3,2,3,97,97,03,97,97,97,97,96,03,98,97,0.0,65.0,1,4,3,1,96,,,,06,1980.0,1,07,02,02,05,02,01,1,0.3281298279762268,1.0
33,G0Y,05,03,1,1,2,1,1,2,1,2,2,8,1,03,97,8.0,5.0,08,02,02,,2,,1,1,3,1,2,1,3,30.0,40.0,70.0,997.0,10.0,2,2,8,4,2,3,1,20.0,30.0,75.0,997.0,998.0,03,03,03,2,4,1,1,3,2,3,4,98,01,98,98,98,03,03,03,03,97,98,40.0,75.0,2,3,2,2,03,2,,,98,1976.0,2,05,03,02,01,02,01,1,1.3492573499679565,1.0
34,J7V,16,13,2,2,3,2,2,1,3,3,3,3,1,01,03,8.0,8.0,02,01,,03,2,,1,3,2,1,3,2,2,75.0,40.0,60.0,40.0,40.0,2,2,1,4,2,3,4,75.0,50.0,60.0,40.0,60.0,01,01,03,1,1,2,2,2,2,2,3,01,02,01,01,01,01,02,02,01,01,01,40.0,60.0,2,2,1,3,01,2,,,02,1961.0,1,10,10,02,03,02,01,1,0.9163962006568909,1.0
35,J5T,24,01,2,1,2,2,2,2,2,2,2,2,1,05,97,3.0,10.0,01,03,05,,2,,1,2,4,1,2,1,3,0.0,0.0,0.0,0.0,0.0,1,2,2,3,2,1,1,2.0,50.0,50.0,997.0,997.0,06,06,03,2,4,3,4,4,1,2,4,98,98,98,98,03,03,03,98,98,98,98,50.0,50.0,2,4,1,2,97,,2,,07,1948.0,1,04,07,01,05,02,01,1,0.9654632806777954,1.0
36,G1B,03,06,1,1,1,2,1,3,3,1,3,3,1,99,,8.0,6.0,01,03,01,,8,8,2,2,4,1,2,1,3,60.0,60.0,60.0,60.0,60.0,2,2,8,4,8,3,1,40.0,52.0,64.0,80.0,80.0,04,04,04,3,4,1,8,2,8,3,4,98,98,98,05,04,04,04,02,98,98,04,75.0,998.0,1,3,3,1,98,,8,,98,1957.0,2,09,10,02,05,02,01,1,0.25163137912750244,1.0
37,H9X,06,06,1,1,2,1,8,1,1,1,2,8,2,,,4.0,5.0,03,02,,01,2,,3,2,3,2,2,1,3,45.0,0.0,0.0,0.0,0.0,1,2,1,3,2,2,3,4.0,4.0,0.0,0.0,4.0,01,98,01,3,3,1,2,8,2,2,3,96,98,98,98,98,01,98,98,01,98,01,40.0,998.0,9,2,2,3,01,3,,,01,1970.0,2,09,99,02,02,01,99,3,2.6271798610687256,1.0
38,J3L,16,08,2,1,2,1,2,3,2,1,1,2,1,04,05,9.0,7.0,02,01,,05,1,,3,2,3,1,2,8,3,50.0,70.0,30.0,100.0,90.0,1,2,1,3,8,2,3,40.0,60.0,50.0,100.0,90.0,04,04,04,3,2,1,3,3,2,2,4,04,04,04,04,04,04,04,04,04,04,04,75.0,60.0,1,8,8,3,02,3,,,03,1970.0,2,09,08,10,03,02,01,1,0.9961626529693604,1.0
39,H1Z,06,01,1,1,2,1,1,3,1,1,1,2,1,02,97,10.0,10.0,01,03,01,,1,,3,2,3,2,2,2,2,25.0,100.0,0.0,75.0,60.0,1,2,1,3,1,1,3,2.0,80.0,10.0,60.0,60.0,02,02,04,3,3,1,4,4,1,1,2,02,02,02,02,02,02,02,02,02,01,02,100.0,50.0,1,4,4,2,02,1,,,04,1945.0,1,10,05,03,05,02,01,1,0.7738205194473267,1.0
40,G0V,02,01,1,1,2,2,3,4,4,2,3,4,1,03,01,8.0,8.0,01,03,,04,1,,2,2,2,1,2,2,2,50.0,40.0,90.0,30.0,30.0,1,1,1,3,1,1,3,40.0,20.0,80.0,30.0,997.0,03,03,03,2,3,1,4,3,2,2,4,01,03,03,03,03,03,03,03,02,03,03,50.0,70.0,2,3,1,4,03,2,,,04,1980.0,1,07,02,04,05,02,01,1,1.9221409559249878,1.0
41,J6A,14,15,1,1,1,1,2,4,4,1,1,1,1,97,,8.0,5.0,01,97,02,,2,,1,1,4,1,1,1,4,0.0,0.0,40.0,40.0,40.0,2,2,1,4,2,2,1,0.0,0.0,50.0,60.0,10.0,06,03,03,3,4,1,1,1,4,3,4,03,03,03,03,03,03,03,03,03,03,03,1.0,40.0,1,2,1,1,97,,2,,07,1951.0,1,06,01,04,05,02,01,1,0.7738205194473267,1.0
42,J0T,05,98,1,1,1,1,8,1,1,1,1,1,2,,,0.0,0.0,01,98,,04,1,,2,4,3,1,2,1,2,10.0,50.0,60.0,70.0,85.0,1,1,1,2,2,2,1,0.0,50.0,65.0,997.0,75.0,06,03,05,1,2,1,4,4,3,3,1,96,02,96,05,96,02,02,02,05,96,03,50.0,85.0,1,4,4,1,97,,2,,06,1951.0,2,09,02,01,05,02,01,1,0.7705016136169434,1.0
43,G0M,32,98,1,1,2,3,1,4,2,1,2,3,1,01,03,3.0,5.0,01,03,03,,2,,1,1,3,1,2,1,2,75.0,30.0,75.0,5.0,5.0,1,2,1,4,1,1,1,75.0,10.0,75.0,997.0,997.0,01,03,03,3,1,1,1,1,2,1,4,97,01,01,03,01,01,01,03,98,01,03,40.0,90.0,2,3,1,1,97,,2,,02,1945.0,1,04,02,04,05,02,01,1,0.9346079230308533,1.0
44,G7X,02,05,2,2,3,2,3,3,2,3,2,2,1,99,,9.0,8.0,01,03,,03,2,,2,2,3,1,3,1,3,49.0,15.0,50.0,15.0,15.0,2,2,1,4,2,2,3,49.0,10.0,55.0,10.0,997.0,06,03,03,3,3,1,3,2,2,2,3,03,03,03,05,04,03,01,98,98,03,03,50.0,55.0,8,3,2,2,97,,2,,98,1942.0,2,09,05,01,02,02,01,1,1.3116263151168823,1.0
45,H9R,06,09,1,1,4,2,2,1,2,2,2,2,2,,,6.0,5.0,03,01,04,,2,,2,2,2,1,2,1,2,80.0,0.0,30.0,0.0,10.0,1,2,1,4,2,2,3,70.0,0.0,30.0,997.0,10.0,01,01,01,3,1,2,4,4,1,1,4,01,01,01,01,01,01,01,01,01,01,01,0.0,70.0,8,4,3,1,01,2,,,01,1943.0,1,09,05,03,04,01,01,2,1.0454652309417725,1.0
46,G3A,03,10,2,2,4,1,1,4,2,1,2,4,1,99,,8.0,8.0,01,03,03,,2,,2,2,3,1,2,1,2,80.0,65.0,80.0,78.0,78.0,2,2,2,4,2,2,2,75.0,75.0,80.0,50.0,50.0,01,03,03,3,1,1,3,2,2,2,3,01,02,01,03,03,02,02,02,01,03,03,50.0,70.0,1,2,2,2,01,3,,,99,1953.0,1,10,10,02,04,02,01,1,0.2219046652317047,1.0
47,G1M,03,04,2,3,2,3,2,3,2,3,3,2,1,03,05,8.0,7.0,04,02,02,,2,,3,2,3,3,2,2,2,50.0,30.0,80.0,25.0,70.0,2,2,1,4,2,4,2,75.0,65.0,80.0,0.0,40.0,01,03,04,3,3,1,4,2,1,1,2,01,02,01,05,04,03,01,02,03,03,03,0.0,80.0,1,4,2,2,03,2,,,03,1978.0,1,09,05,02,04,02,01,1,0.3281298279762268,1.0
48,J0Y,08,98,2,2,3,1,3,3,4,2,2,3,1,04,03,3.0,1.0,01,02,04,,2,,3,1,3,1,2,1,2,50.0,50.0,50.0,50.0,50.0,2,1,1,4,2,1,2,50.0,50.0,50.0,50.0,997.0,98,98,98,3,4,1,3,1,2,2,3,98,98,98,05,98,98,98,98,98,98,98,70.0,70.0,8,4,2,1,97,,2,,98,1975.0,1,07,05,02,05,02,01,1,1.6906625032424927,1.0
49,G1J,03,05,1,1,3,2,3,3,3,3,2,2,1,04,05,8.0,8.0,01,02,,04,1,,1,1,4,2,2,1,2,10.0,10.0,10.0,25.0,25.0,8,2,1,1,2,1,2,10.0,10.0,10.0,25.0,20.0,01,02,03,3,2,1,4,4,2,2,4,04,04,98,04,04,04,04,04,04,98,04,80.0,20.0,1,4,3,2,04,2,,,06,1965.0,1,08,03,04,05,02,01,1,0.33720386028289795,1.0
50,G1Y,03,10,4,4,1,1,4,4,1,3,3,2,1,02,97,0.0,10.0,01,03,01,,1,,3,1,3,1,1,1,3,0.0,100.0,0.0,0.0,0.0,2,1,2,1,1,1,4,0.0,100.0,0.0,0.0,0.0,02,02,02,3,2,1,4,4,1,1,4,02,02,02,02,02,02,02,02,02,02,02,100.0,75.0,8,4,4,2,02,1,,,04,1944.0,1,05,04,03,03,02,01,1,0.18738064169883728,1.0
51,G7J,02,08,1,1,1,2,1,1,1,2,2,2,1,02,03,9.0,8.0,01,03,01,,1,,1,1,4,1,2,1,4,0.0,50.0,50.0,997.0,997.0,1,2,1,2,1,1,1,0.0,50.0,50.0,60.0,5.0,02,02,03,2,2,1,1,1,1,1,4,02,03,03,03,03,03,02,02,02,98,03,80.0,80.0,2,1,1,2,02,1,,,04,1929.0,2,05,03,03,05,02,01,1,1.3116263151168823,1.0
52,G1W,03,98,2,1,1,1,1,4,3,1,2,3,1,03,02,0.0,7.0,01,03,03,,2,,2,1,4,1,2,1,2,30.0,30.0,40.0,10.0,10.0,2,2,1,4,2,1,2,10.0,20.0,40.0,30.0,10.0,03,05,04,3,3,1,3,1,2,2,3,03,03,03,05,04,03,03,03,03,03,04,60.0,70.0,8,4,3,2,03,3,,,04,1945.0,1,09,08,01,05,02,01,1,0.18738064169883728,1.0
53,G2L,03,06,2,1,3,2,3,2,3,3,2,3,1,03,01,8.0,6.0,04,02,,02,2,,3,3,3,2,2,2,2,60.0,20.0,80.0,10.0,40.0,1,2,1,4,2,3,2,60.0,30.0,75.0,20.0,997.0,03,03,03,3,1,3,4,1,2,1,2,03,03,03,03,03,03,03,03,03,03,03,60.0,80.0,2,4,2,3,03,2,,,03,1971.0,1,09,08,02,04,02,01,1,0.33720386028289795,1.0
54,J3B,26,08,1,1,1,1,2,1,2,1,1,2,1,03,01,5.0,6.0,03,01,,03,2,,2,1,2,1,2,1,2,50.0,55.0,70.0,60.0,60.0,1,1,1,3,2,2,2,70.0,60.0,80.0,997.0,997.0,03,03,03,3,3,1,3,1,1,1,4,03,03,01,03,01,03,03,01,01,03,03,70.0,60.0,1,3,2,1,03,2,,,98,1938.0,2,05,98,03,04,02,01,1,1.595116138458252,1.0
55,G1V,03,98,1,1,2,1,2,2,3,1,1,3,1,03,05,7.0,5.0,01,03,,03,1,,3,2,3,1,2,2,2,60.0,50.0,75.0,30.0,30.0,1,2,1,2,1,2,3,50.0,60.0,70.0,40.0,30.0,02,02,06,2,3,1,4,2,1,1,4,01,97,02,05,97,02,01,02,01,01,02,50.0,75.0,1,3,1,3,02,2,,,02,1951.0,1,07,05,02,04,02,01,1,0.18738064169883728,1.0
56,G3A,03,06,2,1,2,1,2,4,2,1,2,3,1,99,,6.0,1.0,01,03,02,,2,,2,2,3,1,2,2,3,40.0,50.0,40.0,998.0,998.0,2,1,1,4,1,2,3,60.0,60.0,60.0,998.0,998.0,01,02,02,3,2,1,3,4,2,2,3,01,02,03,05,05,03,02,02,02,03,02,70.0,50.0,1,4,3,1,02,2,,,98,1986.0,2,07,01,09,05,02,01,1,0.7317694425582886,1.0
57,H2M,06,01,1,2,2,1,3,3,1,2,1,4,1,02,97,8.0,8.0,03,01,,05,1,,2,2,2,2,2,2,1,50.0,90.0,40.0,60.0,80.0,2,2,8,3,2,2,3,30.0,60.0,30.0,70.0,997.0,06,06,04,3,2,1,3,3,2,2,4,97,02,97,05,04,02,02,02,02,97,97,80.0,60.0,1,3,2,1,02,2,,,04,1964.0,2,09,10,02,04,02,01,1,0.9961626529693604,1.0
58,G0A,03,16,1,1,1,1,1,2,4,1,1,1,1,03,01,10.0,9.0,01,03,,03,2,,1,1,4,1,2,1,2,70.0,65.0,85.0,35.0,40.0,1,1,1,4,1,4,1,75.0,65.0,90.0,45.0,35.0,03,03,03,2,3,3,1,1,1,2,4,03,03,03,98,03,03,03,03,03,03,03,0.0,40.0,2,4,4,4,03,2,,,02,1945.0,1,09,07,03,02,01,01,2,0.25315919518470764,1.0
59,H4A,06,05,1,1,2,1,2,2,3,2,2,1,1,01,97,9.0,9.0,03,01,02,,1,,3,2,2,2,3,2,2,75.0,40.0,30.0,10.0,15.0,1,2,1,3,1,1,4,75.0,35.0,40.0,15.0,15.0,01,02,03,1,2,1,4,2,2,2,4,01,01,01,01,04,01,01,01,01,01,01,60.0,40.0,1,3,3,2,01,1,,,04,1952.0,1,10,10,02,05,02,01,1,0.7738205194473267,1.0
60,J3G,16,10,1,1,4,1,2,2,2,2,2,4,1,01,05,10.0,6.0,03,01,03,,2,,3,2,2,2,2,1,1,90.0,0.0,0.0,0.0,90.0,1,1,1,4,2,1,4,90.0,40.0,50.0,40.0,60.0,01,01,03,3,1,1,4,4,3,3,1,01,98,01,05,98,03,01,01,98,01,01,10.0,70.0,1,8,1,3,01,2,,,03,1941.0,2,07,04,03,05,02,01,1,0.8410736918449402,1.0
61,H1L,06,09,1,4,4,1,1,4,4,1,4,1,1,03,05,4.0,0.0,01,97,04,,2,,1,1,3,1,2,1,3,40.0,40.0,40.0,40.0,997.0,1,2,1,4,2,2,1,50.0,50.0,50.0,997.0,997.0,03,03,03,2,1,1,4,2,2,2,4,97,01,97,03,03,03,01,02,97,03,03,50.0,50.0,8,1,1,1,97,,2,,02,1951.0,1,05,06,02,04,02,01,1,0.7738205194473267,1.0
62,H7L,13,06,1,1,1,1,3,1,1,1,1,1,1,97,,9.0,9.0,02,01,,02,2,,4,2,2,2,2,2,2,998.0,998.0,998.0,50.0,50.0,1,2,1,4,2,1,1,80.0,20.0,50.0,997.0,60.0,01,01,01,1,1,1,4,1,2,4,1,01,01,01,01,01,01,01,01,01,01,02,60.0,70.0,2,3,1,2,98,,2,,99,1964.0,1,10,03,02,01,96,09,3,3.6725471019744873,1.0
63,G1V,03,17,1,1,3,1,2,3,2,2,2,2,1,99,,8.0,8.0,01,02,,03,2,,2,2,2,1,3,2,1,85.0,15.0,50.0,10.0,0.0,1,2,1,4,1,1,2,80.0,15.0,50.0,20.0,10.0,01,01,03,3,1,1,2,2,1,2,4,01,01,01,03,03,03,01,02,01,01,03,40.0,40.0,2,2,1,2,01,2,,,99,1935.0,2,06,04,03,04,02,01,1,0.3228451609611511,1.0
64,G1J,03,06,3,1,1,2,3,4,1,1,3,4,1,02,97,10.0,10.0,03,04,01,,1,,3,3,2,3,3,1,1,3.0,30.0,0.0,24.0,25.0,1,1,1,3,1,4,4,7.0,19.0,0.0,15.0,13.0,01,02,03,3,2,1,4,4,1,1,3,02,02,01,02,02,02,02,02,02,01,02,75.0,33.0,1,4,4,4,02,3,,,04,1962.0,1,10,10,02,05,02,01,1,0.2219046652317047,1.0
65,J6R,16,98,1,1,1,2,2,1,2,2,1,3,1,99,,7.0,7.0,03,01,03,,1,,2,2,4,1,1,1,2,50.0,40.0,50.0,10.0,50.0,1,1,1,3,2,2,2,80.0,75.0,75.0,50.0,997.0,01,02,03,3,4,1,1,2,2,3,4,01,01,01,03,03,03,02,02,03,01,03,0.0,100.0,8,4,1,1,01,2,,,01,1967.0,1,09,07,02,05,02,01,1,1.3925409317016602,1.0
66,G9H,17,19,1,1,3,1,2,1,1,2,1,2,1,03,97,8.0,8.0,01,04,02,,1,,2,3,2,1,2,2,2,30.0,85.0,90.0,50.0,80.0,2,2,1,3,2,1,3,10.0,60.0,80.0,50.0,20.0,06,03,03,3,3,1,3,2,2,2,4,03,03,03,05,04,03,03,02,03,03,04,50.0,80.0,1,4,2,2,02,3,,,04,1977.0,2,09,03,02,05,02,01,1,1.3492573499679565,1.0
67,G1H,03,01,1,1,2,2,3,3,2,2,4,3,1,99,,8.0,7.0,01,03,,04,8,8,2,2,3,2,3,1,2,65.0,55.0,60.0,33.0,15.0,1,1,2,3,2,1,2,65.0,75.0,70.0,65.0,5.0,02,04,04,2,2,1,4,3,1,1,3,01,02,03,05,04,03,02,02,98,01,03,65.0,80.0,2,4,2,1,02,2,,,04,1955.0,2,09,06,02,05,02,01,1,0.25163137912750244,1.0
68,H3Z,06,10,1,3,3,1,2,3,1,2,2,1,1,01,03,9.0,9.0,04,03,04,,2,,2,1,3,2,1,1,2,80.0,60.0,70.0,60.0,60.0,2,1,1,4,2,1,4,70.0,60.0,80.0,60.0,60.0,01,03,01,3,1,1,2,2,1,1,4,03,02,03,01,03,03,02,02,01,03,01,60.0,70.0,2,3,2,3,01,2,,,01,1969.0,1,09,03,01,04,12,12,6,3.6725471019744873,1.0
69,J0W,25,09,1,1,2,3,3,1,3,2,2,1,1,99,,8.0,7.0,03,97,96,,3,,1,1,4,1,3,1,3,10.0,10.0,20.0,5.0,5.0,1,2,1,9,4,3,3,10.0,10.0,20.0,5.0,998.0,98,07,03,3,4,3,4,8,4,4,8,97,97,97,97,97,97,97,97,97,97,03,10.0,25.0,8,4,3,3,03,3,,,02,1937.0,1,07,05,03,05,02,01,1,1.466917634010315,1.0
70,G4X,11,98,2,2,2,2,8,2,2,2,2,3,1,02,03,6.0,5.0,98,,,02,2,,1,2,3,2,2,1,3,50.0,60.0,50.0,30.0,30.0,2,2,1,2,8,2,2,40.0,50.0,50.0,30.0,30.0,02,02,03,2,4,2,2,2,2,2,2,01,02,02,02,02,01,02,02,02,02,02,80.0,80.0,1,3,2,2,02,3,,,04,1954.0,2,05,06,04,04,02,01,1,1.022304654121399,1.0
71,J4M,16,01,1,1,2,1,2,3,3,2,1,3,1,01,03,8.0,6.0,01,02,02,,2,,2,2,3,2,2,1,2,80.0,70.0,80.0,30.0,50.0,1,2,8,3,1,2,2,70.0,65.0,70.0,60.0,50.0,01,03,03,3,3,1,2,2,2,3,4,01,01,99,05,03,03,03,03,99,99,03,50.0,70.0,1,3,3,2,01,3,,,01,1962.0,2,05,03,02,05,02,01,1,0.6555481553077698,1.0
72,G9A,04,98,2,3,3,2,1,3,1,3,4,3,2,,,0.0,8.0,04,03,,04,1,,1,1,3,2,2,1,4,35.0,30.0,40.0,60.0,65.0,1,2,1,2,2,1,4,25.0,25.0,40.0,70.0,997.0,06,04,04,2,2,8,4,1,2,1,2,05,04,01,05,04,04,04,04,03,05,04,35.0,35.0,2,1,1,2,04,1,,,06,1950.0,1,07,98,01,04,02,01,1,0.9346079230308533,1.0
73,J6Z,15,06,1,1,3,1,1,2,1,3,2,2,1,99,,8.0,6.0,01,03,03,,8,1,2,2,3,1,2,2,2,40.0,70.0,70.0,50.0,55.0,2,1,2,3,2,1,2,30.0,60.0,80.0,70.0,60.0,03,03,03,2,3,1,4,2,2,1,4,03,03,98,03,98,03,03,03,03,98,03,70.0,50.0,1,3,2,2,03,2,,,04,1977.0,2,09,02,02,05,02,01,1,0.9693608283996582,1.0
74,G6V,12,98,1,1,4,1,4,4,1,1,1,1,1,99,,10.0,7.0,01,03,01,,1,,1,1,4,1,2,1,3,0.0,50.0,70.0,30.0,997.0,2,1,8,2,2,2,1,0.0,50.0,80.0,997.0,997.0,03,03,03,3,3,1,3,3,3,3,4,03,03,03,05,03,03,03,03,03,03,03,50.0,50.0,2,4,2,1,03,2,,,99,1965.0,2,04,03,02,05,02,01,1,0.38237690925598145,1.0
75,J3E,16,17,2,1,2,3,2,3,1,2,1,2,1,01,03,6.0,7.0,03,01,03,,2,,4,3,2,2,3,2,1,65.0,25.0,50.0,10.0,10.0,1,1,2,4,2,1,4,60.0,20.0,60.0,10.0,10.0,01,07,03,3,1,1,4,1,1,2,1,03,01,01,01,01,03,02,02,01,03,03,15.0,50.0,2,4,1,2,01,3,,,02,1938.0,1,10,10,02,05,02,01,1,1.1757395267486572,1.0
76,H8S,06,98,2,1,2,1,1,2,1,1,2,2,1,02,03,10.0,7.0,01,03,,04,1,,3,2,1,1,2,8,1,25.0,75.0,50.0,0.0,0.0,1,2,8,1,1,1,1,15.0,50.0,50.0,50.0,998.0,03,02,02,3,2,1,1,1,1,1,4,96,03,03,03,96,96,02,02,02,03,02,998.0,998.0,1,4,1,1,02,1,,,04,1974.0,2,07,05,02,05,02,01,1,0.9693608283996582,1.0
77,G1P,03,01,1,1,2,1,3,3,2,2,2,2,1,04,02,6.0,6.0,03,01,,05,1,,2,2,3,1,3,1,3,5.0,5.0,5.0,7.0,6.0,8,1,1,2,2,1,2,50.0,65.0,60.0,70.0,997.0,01,03,03,3,2,1,4,3,2,3,3,03,01,03,02,03,03,03,02,04,01,03,60.0,70.0,1,3,2,2,04,1,,,01,1940.0,2,06,03,03,04,02,01,1,0.3228451609611511,1.0
78,G1S,03,98,1,4,3,4,2,4,4,2,2,2,1,99,,8.0,6.0,03,01,,03,2,,2,1,3,1,3,1,2,60.0,50.0,58.0,40.0,20.0,1,2,1,3,2,1,3,70.0,65.0,70.0,60.0,997.0,01,02,03,3,1,1,4,2,2,2,3,01,96,01,05,04,04,02,02,01,01,03,70.0,90.0,1,3,2,2,01,2,,,98,1944.0,2,09,99,03,01,02,01,1,0.21248352527618408,1.0
79,G2E,03,07,1,1,3,2,3,3,3,2,1,3,1,03,05,10.0,9.0,01,02,03,,2,,2,3,2,1,3,2,2,40.0,40.0,70.0,50.0,50.0,1,2,1,4,1,3,2,60.0,60.0,80.0,30.0,50.0,01,03,03,2,3,3,3,1,3,3,3,03,03,03,02,03,03,03,02,03,03,03,0.0,80.0,1,4,1,1,03,2,,,02,1974.0,2,11,10,02,04,02,01,1,0.3720875084400177,1.0
80,J4X,16,03,1,1,2,2,3,2,2,2,1,3,1,03,01,9.0,8.0,01,03,04,,2,,2,2,3,1,2,2,2,60.0,30.0,50.0,10.0,20.0,1,2,1,4,2,2,3,75.0,40.0,75.0,20.0,997.0,01,07,03,3,1,1,2,2,2,2,2,03,01,01,01,01,03,03,01,01,01,01,20.0,75.0,8,1,2,2,01,2,,,01,1935.0,2,08,02,03,03,02,01,1,0.8410736918449402,1.0
81,G1T,03,18,2,1,2,2,1,4,8,3,4,4,1,01,03,9.0,9.0,03,01,03,,2,,3,1,3,1,3,1,2,50.0,25.0,30.0,10.0,5.0,1,2,1,4,1,1,4,60.0,40.0,50.0,20.0,2.0,01,03,03,3,1,3,4,1,1,1,4,01,02,03,02,02,02,01,02,01,03,03,40.0,80.0,2,3,1,4,01,2,,,02,1934.0,1,11,10,02,05,02,01,1,0.28470510244369507,1.0
82,H4G,06,06,1,1,2,1,2,2,1,1,1,3,1,02,05,6.0,3.0,04,01,,04,1,,1,2,4,1,1,1,4,0.0,95.0,3.0,60.0,85.0,1,2,8,2,2,2,3,0.0,63.0,0.0,15.0,75.0,06,06,04,3,2,1,4,2,2,3,4,02,02,02,05,04,02,02,02,02,02,02,80.0,20.0,1,4,3,3,02,3,,,04,1980.0,2,09,02,09,05,02,01,1,0.9693608283996582,1.0
83,H2V,06,06,2,1,2,1,1,2,2,1,2,2,1,02,03,7.0,8.0,01,03,02,,1,,3,2,2,1,2,2,2,40.0,80.0,80.0,70.0,70.0,2,2,1,3,2,1,3,40.0,80.0,80.0,50.0,60.0,01,05,03,3,3,1,3,2,2,3,3,01,98,02,02,98,03,02,02,01,02,03,60.0,60.0,1,4,3,3,02,2,,,04,1969.0,1,09,10,02,05,02,01,1,1.3925409317016602,1.0
84,G2E,03,15,1,1,3,2,2,3,3,1,1,3,1,03,97,6.0,2.0,01,02,01,,1,,2,1,4,1,1,1,4,0.0,0.0,85.0,75.0,998.0,1,1,2,4,2,4,3,0.0,0.0,85.0,80.0,50.0,03,03,03,3,3,1,4,1,4,3,3,03,03,03,03,03,03,03,03,03,03,03,0.0,75.0,1,3,1,2,03,2,,,02,1958.0,1,05,05,02,05,02,01,1,0.2219046652317047,1.0
85,H1L,06,98,1,1,2,3,3,2,3,2,1,3,1,99,,7.0,9.0,01,04,,02,2,,1,1,3,1,2,2,1,75.0,50.0,85.0,10.0,10.0,2,1,2,4,2,4,3,80.0,80.0,90.0,25.0,10.0,01,03,03,3,4,3,3,2,3,1,4,01,02,01,05,03,03,01,01,02,03,03,50.0,50.0,1,4,4,1,03,2,,,02,1980.0,1,05,09,02,05,02,01,1,1.3550678491592407,1.0
86,G1J,03,01,1,2,2,1,2,3,2,1,2,2,1,02,03,6.0,6.0,01,03,01,,1,,2,2,3,1,2,2,2,40.0,55.0,50.0,50.0,40.0,1,2,1,4,2,3,3,30.0,50.0,60.0,65.0,50.0,04,04,04,2,2,1,3,2,2,2,4,03,02,04,05,04,03,02,02,98,03,03,50.0,55.0,2,2,1,2,02,2,,,04,1940.0,1,09,01,03,01,02,01,1,0.28470510244369507,1.0
87,H7X,13,08,1,1,2,1,2,3,1,2,2,1,1,01,03,8.0,8.0,03,01,03,,2,,3,3,2,2,2,2,2,70.0,50.0,60.0,40.0,50.0,1,1,8,4,8,2,3,80.0,50.0,60.0,70.0,70.0,01,98,01,3,1,3,3,2,2,2,4,01,03,98,01,03,03,01,98,01,98,01,50.0,998.0,1,2,2,2,01,3,,,01,1965.0,2,99,99,99,99,99,99,1,0.9961626529693604,1.0
88,J3G,16,17,1,1,2,2,2,2,1,2,2,2,1,02,97,9.0,9.0,03,01,,05,1,,2,1,2,3,2,1,3,50.0,50.0,50.0,30.0,30.0,1,2,1,1,2,1,4,70.0,70.0,70.0,60.0,40.0,01,02,03,2,2,1,4,2,1,2,4,02,02,02,02,01,96,02,02,02,97,03,60.0,90.0,1,3,2,2,02,2,,,04,1943.0,2,09,08,03,05,02,01,1,0.5535573959350586,1.0
89,H2C,06,96,1,1,2,2,3,4,3,1,1,3,1,02,04,4.0,6.0,03,01,02,,1,,1,1,3,1,2,1,3,30.0,50.0,10.0,70.0,70.0,1,2,1,3,4,1,3,10.0,30.0,5.0,60.0,998.0,02,04,04,2,2,1,4,4,2,1,4,98,02,98,04,04,02,02,02,02,98,04,80.0,60.0,2,4,3,2,04,2,,,04,1955.0,2,10,03,02,05,02,01,1,0.6555481553077698,1.0
90,G6W,12,04,2,1,4,2,1,1,2,2,1,1,1,03,97,10.0,8.0,02,03,02,,2,,1,2,4,1,2,2,2,40.0,60.0,90.0,50.0,40.0,1,2,1,4,3,2,1,40.0,40.0,80.0,60.0,40.0,01,03,03,3,4,1,1,1,2,2,1,03,03,03,05,04,03,03,02,03,03,04,30.0,90.0,2,2,1,1,03,3,,,02,1978.0,2,07,05,02,03,02,01,1,0.3720875084400177,1.0
91,G2A,03,01,1,1,2,1,1,3,2,1,1,1,2,,,8.0,7.0,03,01,,04,1,,2,2,2,2,2,2,2,65.0,70.0,65.0,75.0,65.0,2,2,1,4,2,1,2,50.0,55.0,45.0,70.0,50.0,04,04,04,3,3,1,4,1,1,1,4,03,02,03,05,04,04,02,02,02,02,04,75.0,70.0,1,4,4,2,02,2,,,04,1976.0,2,07,99,05,05,02,01,1,0.3720875084400177,1.0
92,G6V,12,08,2,2,3,1,2,4,3,2,2,3,1,03,05,6.0,9.0,02,01,02,,1,,2,1,3,1,2,1,2,30.0,50.0,50.0,10.0,30.0,1,2,1,3,2,4,2,30.0,10.0,50.0,10.0,30.0,03,03,03,3,4,1,4,2,4,4,3,98,03,03,97,97,03,03,02,03,03,03,30.0,50.0,8,4,1,1,03,2,,,05,1949.0,1,07,02,02,05,02,01,1,0.18738064169883728,1.0
93,H3S,06,02,2,3,3,3,1,1,2,3,3,3,1,01,97,6.0,8.0,03,01,04,,2,,3,2,3,1,3,2,1,100.0,0.0,50.0,0.0,45.0,1,1,2,4,1,2,3,75.0,3.0,51.0,0.0,35.0,01,06,03,3,1,2,3,1,1,1,2,01,98,98,05,04,03,96,01,01,97,96,0.0,90.0,1,3,1,1,01,2,,,01,1982.0,1,10,06,02,05,02,01,1,1.3550678491592407,1.0
94,H1G,06,01,1,2,2,2,2,3,2,2,2,3,1,01,03,7.0,5.0,03,01,,03,2,,2,2,2,1,2,2,2,75.0,0.0,50.0,997.0,997.0,1,2,1,3,2,1,3,50.0,0.0,50.0,997.0,997.0,01,03,03,3,1,1,3,2,2,2,3,01,01,01,01,01,01,01,01,01,01,01,50.0,50.0,2,2,2,2,01,2,,,02,1966.0,2,09,98,04,05,02,01,1,0.9961626529693604,1.0
95,H1X,06,98,2,2,2,1,3,2,1,1,1,3,2,,,6.0,6.0,01,02,02,,2,,2,1,4,1,2,1,3,60.0,60.0,50.0,40.0,997.0,1,2,1,4,2,1,3,50.0,50.0,40.0,40.0,60.0,98,05,04,3,4,3,3,3,2,1,3,98,98,98,05,98,98,98,02,98,98,98,65.0,50.0,1,2,3,3,05,2,,,06,1976.0,1,07,06,02,05,02,01,1,1.3550678491592407,1.0
96,H2W,06,08,2,1,1,1,2,3,2,1,1,3,1,04,05,8.0,8.0,02,03,,05,1,,2,2,3,1,2,1,2,30.0,50.0,50.0,80.0,80.0,2,2,1,4,2,1,2,0.0,40.0,50.0,80.0,997.0,04,04,04,2,2,1,4,4,2,4,4,98,04,01,05,04,04,02,02,04,98,04,50.0,50.0,1,3,2,3,04,2,,,04,1973.0,2,07,04,01,05,02,01,1,0.9693608283996582,1.0
97,G1P,03,01,1,2,2,2,1,2,2,1,2,3,1,02,03,7.0,6.0,01,02,,04,1,,3,2,2,2,2,1,2,55.0,75.0,65.0,60.0,60.0,1,2,1,2,2,2,3,35.0,55.0,50.0,50.0,50.0,01,03,03,1,3,1,4,2,2,1,3,02,02,02,05,03,03,02,02,02,02,02,80.0,75.0,8,2,2,2,02,2,,,04,1954.0,1,05,05,02,05,02,01,1,0.2219046652317047,1.0
98,H2G,06,98,1,1,1,4,4,4,4,1,1,1,1,01,04,4.0,5.0,01,96,,04,8,2,4,3,3,1,2,2,1,90.0,70.0,20.0,80.0,50.0,2,1,2,4,2,1,2,75.0,0.0,50.0,75.0,40.0,01,98,01,2,3,3,3,4,1,1,4,01,01,04,05,04,04,02,02,01,98,01,0.0,90.0,2,3,2,2,04,1,,,01,1956.0,2,03,01,04,01,06,06,3,1.728875994682312,1.0
99,G2B,03,04,2,1,2,1,2,1,4,1,1,1,1,99,,8.0,3.0,01,02,04,,2,,2,1,4,1,2,1,3,30.0,30.0,30.0,998.0,998.0,2,2,8,4,2,1,2,20.0,10.0,40.0,997.0,997.0,06,98,03,2,4,1,3,3,3,1,4,98,03,97,05,97,03,97,02,98,98,97,50.0,100.0,1,3,3,1,97,,2,,03,1963.0,2,06,05,02,03,02,01,1,0.38237690925598145,1.0
100,G0J,01,10,1,1,1,2,4,1,1,2,1,4,1,02,03,8.0,7.0,03,01,01,,1,,2,2,3,2,2,2,3,15.0,75.0,5.0,0.0,0.0,2,1,1,1,1,1,3,15.0,50.0,35.0,0.0,0.0,03,03,03,3,2,1,3,1,2,3,4,02,02,02,03,02,03,02,02,02,03,03,75.0,75.0,1,3,2,2,02,2,,,04,1983.0,1,05,02,05,04,02,01,1,3.7801897525787354,1.0
101,J0W,25,01,1,1,1,1,1,1,1,1,1,1,1,02,97,8.0,5.0,01,96,01,,1,,1,1,4,1,2,1,3,20.0,80.0,70.0,40.0,35.0,1,2,2,1,3,1,1,30.0,70.0,80.0,997.0,997.0,03,03,03,2,2,1,1,4,1,1,4,02,02,02,02,02,02,02,02,02,02,02,80.0,60.0,8,1,1,3,02,1,,,06,1954.0,1,04,02,04,05,02,01,1,1.1433428525924683,1.0
102,G2J,03,01,1,1,2,2,2,1,2,1,2,1,1,03,01,9.0,9.0,01,03,03,,2,,1,1,2,2,2,2,2,80.0,5.0,70.0,0.0,5.0,2,2,1,4,2,1,2,80.0,5.0,85.0,0.0,0.0,01,03,03,3,1,1,8,4,1,2,4,01,03,01,01,03,03,01,01,03,03,03,60.0,60.0,2,2,1,1,01,2,,,02,1933.0,2,07,02,03,02,02,01,1,0.3228451609611511,1.0
103,J2G,26,08,1,1,1,2,2,4,2,1,1,2,2,,,5.0,8.0,04,01,,04,1,,1,2,3,1,2,1,2,10.0,80.0,40.0,20.0,20.0,1,1,8,1,1,1,4,10.0,40.0,20.0,50.0,997.0,02,99,03,3,3,1,3,1,1,1,4,96,96,96,96,96,96,02,02,02,03,02,30.0,80.0,8,2,2,1,02,3,,,06,1947.0,1,05,01,01,05,02,01,1,0.9654632806777954,1.0
104,G1S,03,01,1,1,1,1,1,2,2,1,1,2,1,01,03,10.0,8.0,01,03,02,,1,,3,3,2,1,2,2,2,80.0,80.0,90.0,70.0,70.0,2,1,2,4,1,3,4,70.0,80.0,90.0,90.0,80.0,01,02,03,3,3,1,3,1,3,3,4,01,01,01,03,03,03,03,02,01,01,03,70.0,70.0,1,2,2,3,03,2,,,02,1959.0,2,09,05,02,04,02,01,1,0.25163137912750244,1.0
105,G6K,12,02,2,2,2,2,1,2,4,4,4,4,1,99,,0.0,8.0,01,02,02,,1,,3,4,3,1,2,1,2,25.0,40.0,30.0,25.0,10.0,1,2,1,2,2,1,2,15.0,50.0,40.0,45.0,10.0,02,02,03,3,2,1,3,3,2,2,3,02,02,02,02,02,02,02,02,02,02,02,50.0,50.0,1,3,2,2,99,,1,99,99,1954.0,1,09,10,01,05,02,01,1,0.2219046652317047,1.0
106,G6P,17,09,1,1,2,1,1,1,2,1,1,2,1,03,02,9.0,3.0,08,06,02,,1,,1,2,3,1,2,1,3,10.0,30.0,80.0,998.0,998.0,2,2,1,2,1,2,2,0.0,70.0,80.0,998.0,998.0,03,03,03,3,4,3,8,2,3,2,4,03,03,03,03,03,03,03,03,03,03,03,50.0,50.0,1,2,2,2,03,3,,,07,1969.0,2,04,02,02,05,02,01,2,1.8733046054840088,1.0
107,J0B,05,02,1,2,3,2,1,4,2,2,2,2,1,02,04,10.0,10.0,04,03,,05,1,,2,1,3,1,2,1,3,0.0,90.0,10.0,80.0,30.0,1,2,1,3,2,1,4,0.0,40.0,10.0,90.0,20.0,04,04,03,3,2,1,4,3,1,1,4,04,02,04,05,04,03,02,02,02,03,04,80.0,20.0,1,4,4,1,02,3,,,04,1942.0,1,10,10,03,05,02,10,1,1.4200392961502075,1.0
108,G1V,03,06,1,1,3,1,2,3,4,1,1,1,1,02,03,5.0,9.0,02,01,,05,1,,2,2,2,2,3,8,2,25.0,75.0,75.0,75.0,75.0,2,2,1,4,8,1,2,60.0,50.0,60.0,80.0,997.0,98,98,03,3,2,3,1,1,2,3,3,04,02,04,05,04,03,02,02,04,02,04,80.0,80.0,8,2,1,4,02,2,,,03,1924.0,2,07,03,03,03,02,01,1,0.3228451609611511,1.0
109,H1L,06,01,1,1,2,1,2,2,1,1,2,3,1,02,97,10.0,8.0,01,97,02,,1,,2,2,3,2,2,1,3,10.0,80.0,50.0,10.0,0.0,2,1,1,2,2,3,3,20.0,80.0,60.0,10.0,0.0,02,02,02,3,2,1,2,2,2,3,3,02,02,02,02,02,02,02,02,02,02,02,20.0,50.0,1,2,2,2,02,2,,,04,1959.0,2,05,03,04,04,02,01,1,0.6555481553077698,1.0
110,G6P,17,10,2,2,2,2,1,2,2,2,2,3,1,05,03,6.0,6.0,01,03,02,,2,,3,2,3,1,2,1,2,70.0,60.0,80.0,80.0,80.0,2,1,1,3,3,2,3,70.0,70.0,80.0,80.0,80.0,01,04,03,3,1,1,8,2,2,2,3,98,01,01,05,04,03,01,01,03,01,03,80.0,80.0,1,2,2,2,03,2,,,05,1963.0,2,07,04,02,03,02,01,1,1.3865697383880615,1.0
111,G0M,32,05,1,2,2,1,1,3,1,2,2,1,1,02,97,6.0,6.0,01,04,,05,1,,2,2,3,1,2,2,2,40.0,75.0,65.0,50.0,70.0,1,2,1,3,1,3,2,40.0,80.0,65.0,50.0,50.0,02,07,03,2,2,1,4,4,3,3,4,97,97,02,02,97,03,02,02,98,96,98,60.0,75.0,1,4,2,1,02,3,,,04,1944.0,1,09,03,03,05,02,01,1,0.9346079230308533,1.0
112,J8P,07,01,1,1,3,1,3,1,1,2,3,3,1,01,03,7.0,8.0,03,01,03,,2,,2,1,3,1,2,1,2,70.0,30.0,60.0,50.0,60.0,1,2,1,4,2,2,2,50.0,50.0,50.0,40.0,40.0,01,01,03,2,1,3,3,3,2,1,3,01,01,01,05,03,02,01,01,01,01,03,50.0,50.0,1,2,2,3,01,2,,,01,1947.0,1,08,08,01,04,01,01,1,0.9654632806777954,1.0
113,G1H,03,96,2,1,1,1,3,3,2,1,1,4,2,,,10.0,7.0,01,03,96,,3,,1,2,4,1,1,1,4,0.0,997.0,50.0,100.0,100.0,1,2,1,4,2,3,4,0.0,50.0,50.0,50.0,50.0,01,03,98,3,3,1,8,8,2,4,4,98,03,98,05,03,03,98,98,03,03,03,0.0,50.0,8,4,1,1,05,1,,,05,1973.0,2,08,01,01,05,02,01,1,0.3720875084400177,1.0
114,J2K,26,01,1,2,2,2,3,1,2,2,2,1,1,03,01,10.0,9.0,01,03,03,,2,,3,2,2,1,2,2,2,80.0,30.0,80.0,20.0,40.0,2,1,2,4,2,2,2,80.0,30.0,80.0,997.0,30.0,01,03,03,3,1,1,3,1,1,3,3,01,03,01,03,03,03,01,98,03,01,03,0.0,80.0,1,1,1,1,01,2,,,01,1960.0,2,05,05,02,03,02,01,1,1.2432608604431152,1.0
115,J7J,15,01,1,1,2,2,2,3,3,1,1,3,1,04,02,8.0,8.0,03,01,,05,1,,1,1,3,1,2,1,3,3.0,65.0,998.0,100.0,25.0,1,2,1,2,2,2,3,25.0,70.0,85.0,100.0,10.0,04,04,03,2,2,1,4,1,4,4,4,03,03,04,04,04,04,02,03,03,03,03,50.0,70.0,1,3,1,1,04,1,,,04,1950.0,2,10,06,01,05,02,01,1,0.5535573959350586,1.0
116,H2B,06,08,2,2,3,1,1,1,1,1,2,2,1,05,03,6.0,6.0,01,06,,04,2,,1,2,3,1,2,1,3,20.0,50.0,75.0,60.0,80.0,2,1,2,4,2,3,3,2.0,60.0,75.0,60.0,75.0,03,02,03,2,4,1,1,4,2,3,4,97,03,03,02,02,03,01,03,02,03,02,0.0,75.0,2,2,2,2,03,3,,,96,1964.0,2,07,01,02,03,02,01,1,0.9961626529693604,1.0
117,G0X,17,03,3,2,3,2,2,2,3,2,2,3,1,03,97,8.0,6.0,02,03,04,,2,,2,1,3,1,2,1,2,65.0,40.0,95.0,997.0,997.0,1,2,1,4,1,1,3,70.0,70.0,90.0,50.0,50.0,03,03,03,3,1,1,2,1,3,1,3,03,03,98,05,98,03,03,03,03,03,03,0.0,90.0,1,3,2,3,03,1,,,02,1970.0,2,09,10,02,05,02,01,1,1.3865697383880615,1.0
118,G3A,03,98,2,2,3,2,2,2,3,3,2,3,1,03,01,10.0,8.0,04,02,,03,2,,3,3,3,1,2,1,1,70.0,30.0,90.0,0.0,10.0,1,1,1,4,2,3,3,70.0,0.0,95.0,0.0,997.0,03,03,03,3,1,1,2,2,2,2,2,03,03,03,03,03,03,01,02,03,03,03,50.0,95.0,2,3,2,2,03,1,,,02,1973.0,1,09,10,02,04,02,01,1,0.3281298279762268,1.0
119,G4V,11,13,3,2,1,2,1,3,1,3,1,8,1,02,03,7.0,7.0,01,03,02,,1,,3,1,2,3,3,2,1,70.0,75.0,60.0,60.0,50.0,1,2,1,3,2,1,3,40.0,55.0,50.0,50.0,40.0,02,07,02,3,2,1,4,3,1,1,3,01,02,02,05,98,03,02,02,01,98,02,70.0,80.0,1,2,3,2,02,2,,,04,1945.0,1,09,06,03,04,02,01,1,1.097648024559021,1.0
120,H1M,06,98,1,1,1,1,2,1,2,1,1,2,2,,,7.0,9.0,01,04,,02,1,,1,1,3,1,2,1,2,6.0,6.0,5.0,5.0,5.0,1,2,2,8,2,1,2,0.0,70.0,70.0,80.0,997.0,01,03,03,1,3,3,4,2,2,4,4,03,03,98,02,02,98,02,02,03,01,02,50.0,0.0,1,3,1,4,01,2,,,04,1974.0,1,09,03,02,02,02,03,3,3.5737295150756836,1.0
121,J0T,25,10,1,1,3,1,2,2,1,2,1,3,1,99,,6.0,5.0,01,02,,02,2,,2,2,3,1,2,1,3,80.0,75.0,85.0,75.0,70.0,2,1,1,1,2,3,1,75.0,75.0,75.0,75.0,75.0,07,03,03,3,4,2,1,2,4,3,3,03,03,02,01,98,03,02,01,01,01,03,0.0,100.0,1,4,2,2,03,2,,,98,1966.0,2,07,07,02,05,02,01,1,1.8892440795898438,1.0
122,G2B,03,02,4,3,3,1,4,1,4,4,3,4,1,03,05,5.0,4.0,07,04,03,,2,,1,1,3,1,2,2,3,0.0,40.0,90.0,998.0,50.0,1,1,1,4,2,3,1,0.0,997.0,80.0,997.0,997.0,98,06,05,2,1,3,2,2,2,1,3,98,98,98,98,98,98,02,03,05,98,98,0.0,100.0,2,1,1,4,03,3,,,01,1978.0,1,07,04,02,05,02,01,1,0.3281298279762268,1.0
123,J6T,26,10,1,1,2,2,1,2,1,2,2,1,1,02,97,8.0,8.0,01,09,01,,2,,2,1,3,1,2,2,4,30.0,60.0,54.0,20.0,5.0,1,2,1,1,3,1,1,30.0,60.0,25.0,15.0,5.0,02,02,02,1,2,1,3,4,1,3,1,02,02,02,02,02,02,02,02,02,02,02,40.0,75.0,2,4,1,1,02,1,,,04,1944.0,1,04,02,03,05,02,01,1,0.9654632806777954,1.0
124,J3B,26,08,4,1,2,1,1,4,2,2,4,4,1,02,04,6.0,5.0,02,01,02,,1,,3,2,2,2,3,1,3,10.0,50.0,10.0,80.0,40.0,1,2,1,3,2,2,3,10.0,70.0,10.0,90.0,60.0,04,04,04,2,2,1,4,4,3,3,4,04,02,02,04,04,04,02,02,02,01,04,60.0,60.0,1,4,4,3,04,2,,,04,1954.0,2,04,07,01,04,02,01,1,1.2432608604431152,1.0
125,J1G,05,02,1,1,2,2,3,4,4,3,2,2,1,03,05,6.0,3.0,01,98,02,,2,,3,2,2,1,3,2,2,40.0,25.0,70.0,997.0,80.0,1,2,1,4,3,4,2,40.0,10.0,100.0,997.0,997.0,03,07,03,2,4,1,4,1,3,4,4,98,02,03,05,02,01,03,03,01,01,03,50.0,60.0,1,4,1,1,03,2,,,04,1974.0,1,07,07,02,05,02,01,1,1.6366344690322876,1.0
126,H1X,06,08,2,2,2,1,2,3,2,1,1,3,1,04,02,6.0,8.0,96,,,04,1,,1,1,4,1,2,1,4,10.0,60.0,40.0,80.0,80.0,1,2,1,1,2,2,1,25.0,40.0,30.0,85.0,997.0,04,04,04,3,2,1,4,4,4,3,4,04,04,98,04,04,04,04,04,98,02,04,50.0,10.0,1,4,8,3,04,1,,,04,1980.0,2,07,99,06,05,02,01,1,0.9693608283996582,1.0
127,J3L,16,16,2,3,2,2,2,3,3,2,2,1,1,03,97,4.0,4.0,03,01,,03,2,,3,2,3,1,2,1,3,50.0,50.0,60.0,40.0,45.0,1,2,1,4,2,2,3,45.0,48.0,58.0,998.0,998.0,02,03,03,3,3,1,4,2,2,2,3,01,02,03,05,03,03,02,02,03,03,03,35.0,35.0,1,3,2,1,97,,2,,98,1962.0,1,07,07,01,05,02,01,1,0.9163962006568909,1.0
128,G0R,32,07,2,2,3,3,3,2,3,2,1,3,1,03,02,8.0,6.0,03,01,,04,2,,2,1,3,1,2,2,2,50.0,70.0,85.0,997.0,997.0,1,2,1,4,2,3,4,50.0,65.0,80.0,997.0,997.0,03,03,03,2,2,1,1,2,3,3,4,03,03,02,05,03,03,02,02,02,03,03,70.0,90.0,1,3,3,2,03,2,,,04,1973.0,2,09,07,02,04,02,01,1,1.3492573499679565,1.0
129,J5R,16,08,2,1,2,1,2,3,3,2,2,3,1,05,02,7.0,7.0,03,02,01,,1,,2,2,3,1,2,2,2,40.0,60.0,40.0,50.0,90.0,1,2,1,3,2,2,3,40.0,70.0,60.0,70.0,70.0,02,05,04,3,2,1,3,2,2,2,3,02,02,04,02,04,04,02,02,02,03,04,40.0,70.0,1,4,2,2,02,3,,,01,1962.0,2,11,10,01,05,02,01,1,0.6555481553077698,1.0
130,J3M,26,98,2,2,4,1,1,2,1,4,1,4,1,01,03,10.0,8.0,03,01,01,,1,,3,2,2,1,2,1,2,70.0,60.0,80.0,10.0,40.0,2,1,1,2,2,3,3,60.0,50.0,90.0,10.0,40.0,01,03,03,3,2,1,4,1,1,2,3,01,03,01,01,03,03,02,02,01,03,03,70.0,80.0,2,2,2,1,03,1,,,04,1942.0,2,05,03,03,01,02,01,1,1.595116138458252,1.0
131,J4W,16,96,2,1,2,2,2,3,3,2,3,4,1,03,98,10.0,8.0,03,01,02,,2,,1,2,3,2,3,1,2,0.0,50.0,100.0,997.0,997.0,1,2,1,4,2,1,2,50.0,30.0,70.0,30.0,30.0,03,03,03,3,3,1,4,1,1,2,3,98,98,98,98,03,03,03,03,03,03,03,80.0,80.0,1,3,2,2,03,2,,,04,1951.0,2,09,08,03,05,02,01,1,0.5535573959350586,1.0
132,G6V,12,07,2,2,3,2,2,2,3,3,2,3,1,03,97,7.0,5.0,02,03,,03,2,,3,2,3,1,2,2,2,50.0,10.0,75.0,0.0,30.0,1,2,1,4,2,1,3,50.0,20.0,80.0,5.0,997.0,03,03,03,3,1,1,1,2,2,3,4,03,03,01,05,01,03,03,03,03,03,03,5.0,60.0,2,3,2,1,03,2,,,02,1979.0,1,07,99,02,04,02,01,1,0.3281298279762268,1.0
133,J2S,26,10,2,1,2,1,2,3,1,1,1,3,1,02,97,8.0,8.0,03,01,,05,1,,3,1,2,2,3,1,2,40.0,60.0,20.0,50.0,50.0,1,1,1,3,1,2,2,50.0,60.0,30.0,50.0,997.0,02,07,03,3,2,1,4,2,2,2,4,02,02,02,02,02,02,02,02,02,02,02,80.0,70.0,1,3,2,2,02,2,,,04,1941.0,2,05,98,03,05,02,01,1,1.595116138458252,1.0
134,G0P,17,08,2,2,2,1,2,1,3,2,1,4,1,01,97,7.0,7.0,01,03,,02,2,,2,2,3,2,3,8,2,60.0,60.0,60.0,50.0,25.0,2,8,1,4,3,2,3,60.0,50.0,50.0,997.0,995.0,01,07,01,3,1,1,3,3,2,2,2,01,01,01,02,01,01,01,98,01,01,03,70.0,80.0,8,2,2,2,01,1,,,01,1940.0,2,09,03,03,01,02,01,1,1.1706970930099487,1.0
135,G3E,03,10,1,1,1,3,3,1,2,1,1,1,1,03,01,8.0,7.0,01,03,,02,2,,3,1,2,2,3,2,1,50.0,40.0,70.0,997.0,20.0,1,1,2,4,2,1,2,50.0,45.0,75.0,997.0,40.0,01,03,01,3,1,3,3,1,2,2,1,03,01,96,03,03,01,03,01,03,03,03,60.0,60.0,2,3,2,1,03,2,,,02,1954.0,1,06,08,02,03,02,01,1,0.2219046652317047,1.0
136,J7G,15,01,1,1,4,1,3,3,3,2,2,3,1,03,01,8.0,6.0,03,01,04,,2,,2,2,3,1,1,2,2,65.0,50.0,60.0,997.0,40.0,2,1,1,4,8,1,3,60.0,50.0,70.0,20.0,997.0,01,03,03,3,1,1,3,2,2,2,4,03,03,98,01,98,01,01,02,01,98,03,50.0,60.0,1,8,2,2,01,3,,,02,1971.0,2,09,10,02,05,02,01,1,0.9961626529693604,1.0
137,G1W,03,98,1,1,2,3,3,4,3,2,2,4,1,02,03,2.0,2.0,03,02,01,,2,,1,1,4,1,2,1,3,0.0,30.0,35.0,0.0,2.0,1,2,1,4,2,2,2,10.0,0.0,30.0,10.0,997.0,06,03,03,3,4,1,3,2,2,4,4,03,02,03,03,02,02,02,02,03,98,03,30.0,30.0,8,4,3,1,97,,2,,02,1940.0,2,09,04,02,05,02,01,1,0.3228451609611511,1.0
138,G1E,03,05,1,2,3,3,2,2,2,3,2,4,1,01,05,7.0,7.0,03,02,,04,2,,3,3,2,2,2,2,2,80.0,40.0,50.0,20.0,60.0,2,1,2,4,2,2,3,60.0,40.0,50.0,30.0,50.0,01,03,03,3,1,1,4,2,2,2,3,01,01,01,01,04,01,01,01,01,03,03,70.0,80.0,8,3,2,3,01,2,,,02,1959.0,1,10,03,01,04,02,01,1,0.2219046652317047,1.0
139,G0M,32,98,1,1,1,1,2,3,2,1,1,2,1,03,98,5.0,5.0,01,03,,04,2,,3,1,3,1,1,1,2,30.0,50.0,60.0,40.0,30.0,1,1,1,3,8,2,1,40.0,20.0,60.0,997.0,997.0,03,03,03,2,3,1,3,1,2,2,4,03,03,03,03,03,03,03,03,03,03,03,0.0,70.0,2,1,1,1,03,3,,,01,1963.0,2,05,01,01,01,02,01,1,1.3865697383880615,1.0
140,G3K,03,08,2,2,3,2,2,1,2,3,3,2,1,99,,8.0,8.0,01,02,,04,1,,2,3,2,2,2,2,2,75.0,35.0,80.0,10.0,65.0,1,2,1,2,1,2,4,85.0,40.0,70.0,5.0,25.0,01,03,03,3,2,1,4,1,2,2,3,01,02,03,05,03,02,01,02,03,01,03,45.0,80.0,1,3,3,1,99,,1,03,05,1973.0,1,09,10,02,05,02,01,1,0.3281298279762268,1.0
141,G2C,03,01,1,1,2,2,2,3,2,3,2,1,1,03,96,8.0,8.0,01,03,,04,2,,1,2,3,1,2,2,3,0.0,30.0,60.0,55.0,40.0,1,1,1,4,1,1,2,5.0,0.0,20.0,30.0,998.0,04,04,03,3,4,3,3,4,2,2,3,02,02,02,05,02,03,02,04,03,03,02,70.0,60.0,2,4,3,1,96,,,,03,1987.0,1,06,98,05,05,02,01,1,0.6453179717063904,1.0
142,G2J,03,04,1,3,2,1,1,2,2,1,1,3,1,02,03,5.0,8.0,01,03,,04,1,,1,1,4,1,2,1,2,60.0,70.0,50.0,40.0,50.0,2,2,1,3,2,2,2,60.0,70.0,55.0,60.0,997.0,02,02,02,1,3,1,3,3,1,1,4,02,02,01,02,02,02,02,02,01,02,02,50.0,60.0,1,1,1,1,02,3,,,02,1950.0,1,05,04,01,03,02,01,1,0.18738064169883728,1.0
143,G6V,12,98,1,2,3,2,1,2,3,1,2,4,1,05,03,5.0,6.0,03,01,,03,2,,3,3,3,2,2,2,2,50.0,70.0,75.0,50.0,80.0,2,1,1,3,1,2,3,3.0,6.0,7.0,5.0,5.0,03,03,04,3,4,1,3,3,2,2,3,02,03,02,05,03,02,02,02,05,03,03,85.0,60.0,1,4,2,2,03,2,,,06,1985.0,2,08,10,05,05,02,01,1,0.7317694425582886,1.0
144,J6X,14,01,1,1,2,2,4,2,2,1,1,1,1,97,,10.0,7.0,02,01,02,,2,,1,1,3,1,2,1,2,30.0,40.0,90.0,60.0,50.0,1,2,1,4,2,1,2,4.0,6.0,80.0,20.0,20.0,03,03,03,2,4,1,1,4,2,2,3,03,03,03,03,03,03,02,03,03,03,03,0.0,80.0,1,3,1,1,03,2,,,98,9999.0,2,99,99,99,99,99,99,9,2.218165874481201,1.0
145,H3H,06,98,1,1,1,1,1,2,2,1,2,2,2,,,4.0,7.0,04,01,05,,2,,3,2,3,2,1,1,2,80.0,65.0,70.0,998.0,70.0,2,2,1,4,2,2,2,80.0,70.0,85.0,998.0,998.0,01,03,03,3,1,3,3,3,3,2,3,98,98,98,05,98,03,02,02,98,01,98,40.0,50.0,1,4,2,2,01,3,,,02,1978.0,2,09,08,02,05,01,01,2,1.3096427917480469,1.0
146,G1L,03,01,1,1,1,1,2,2,4,1,2,3,1,04,97,8.0,8.0,02,96,02,,1,,2,2,3,1,2,1,2,50.0,50.0,50.0,80.0,50.0,2,8,1,4,2,3,3,50.0,50.0,50.0,80.0,50.0,04,04,04,2,3,1,3,3,2,2,3,04,04,04,04,04,04,04,04,04,04,04,80.0,80.0,1,3,3,3,04,2,,,03,1958.0,2,07,06,02,05,02,01,1,0.25163137912750244,1.0
147,H4G,06,01,1,3,4,1,3,3,3,3,3,3,1,05,97,9.0,9.0,01,03,02,,8,1,2,3,4,1,2,1,3,30.0,25.0,31.0,25.0,50.0,1,2,1,3,2,8,3,26.0,1.0,51.0,25.0,35.0,03,03,03,1,4,1,4,3,3,2,2,98,98,98,05,04,03,98,02,01,03,04,25.0,75.0,1,4,2,2,02,2,,,05,1963.0,1,09,99,01,05,02,01,1,1.3925409317016602,1.0
148,G0A,03,02,1,3,3,2,1,3,1,1,1,1,1,03,97,10.0,10.0,01,03,,04,1,,1,1,3,1,1,9,2,0.0,20.0,80.0,50.0,5.0,1,1,1,3,1,1,3,25.0,0.0,100.0,0.0,0.0,01,03,03,1,3,1,4,1,4,1,4,03,03,03,05,03,03,03,02,99,03,03,0.0,100.0,1,4,1,1,03,2,,,96,1950.0,1,05,04,02,05,02,01,1,0.18738064169883728,1.0
149,G0A,03,03,2,1,2,2,4,4,4,2,1,4,1,03,97,10.0,6.0,03,04,,04,2,,3,2,3,1,2,1,2,70.0,25.0,75.0,25.0,10.0,1,1,1,4,4,1,4,60.0,50.0,75.0,50.0,998.0,01,03,03,1,4,1,4,1,1,1,1,03,03,01,03,01,03,01,01,01,03,03,10.0,60.0,1,4,3,2,03,1,,,02,1955.0,2,09,10,01,05,02,01,2,0.33996546268463135,1.0
150,G6R,17,01,1,1,1,1,1,2,2,1,1,8,2,,,1.0,1.0,06,02,02,,8,1,2,2,3,1,2,1,2,45.0,50.0,75.0,997.0,30.0,2,1,2,3,2,2,3,4.0,60.0,80.0,997.0,997.0,03,03,03,3,4,1,3,2,2,2,3,03,03,03,05,03,03,03,03,03,03,03,50.0,80.0,1,3,2,2,03,2,,,06,1979.0,2,07,05,02,04,02,01,1,1.3492573499679565,1.0
151,J0X,07,01,1,3,2,1,2,3,4,1,1,3,1,01,03,8.0,6.0,01,03,03,,2,,1,2,2,1,2,8,2,80.0,60.0,75.0,0.0,30.0,1,2,1,4,2,1,3,80.0,20.0,80.0,30.0,997.0,01,03,03,1,1,3,4,3,1,2,4,01,01,01,01,03,03,01,01,03,98,03,30.0,40.0,8,1,1,1,01,3,,,01,1944.0,1,05,03,01,03,02,01,1,0.9654632806777954,1.0
152,G2A,03,01,2,2,3,3,3,1,3,3,2,4,1,03,97,8.0,8.0,02,03,03,,2,,2,2,3,1,2,1,2,50.0,70.0,90.0,0.0,0.0,1,1,1,4,2,2,3,60.0,50.0,80.0,0.0,0.0,03,03,03,3,3,1,2,1,2,2,3,03,03,03,03,03,03,03,02,03,03,03,10.0,90.0,1,4,2,2,03,2,,,02,1975.0,2,09,10,02,05,02,01,1,0.3720875084400177,1.0
153,G4X,11,06,2,1,2,2,3,4,2,2,2,2,1,99,,7.0,7.0,01,03,,04,1,,3,2,2,1,1,1,3,50.0,50.0,80.0,85.0,75.0,1,2,1,4,2,3,3,60.0,30.0,90.0,75.0,75.0,03,03,03,3,3,1,4,2,2,3,3,03,03,03,05,03,03,02,03,01,03,03,25.0,75.0,8,3,2,2,03,2,,,02,1957.0,1,07,10,02,05,02,01,1,1.2998853921890259,1.0
154,G1K,03,14,1,1,1,1,2,1,2,1,1,1,1,03,01,5.0,5.0,03,01,03,,1,,4,1,4,1,2,1,4,50.0,30.0,90.0,0.0,75.0,1,2,1,4,2,1,1,40.0,0.0,75.0,0.0,0.0,01,03,03,2,4,3,3,2,2,4,4,03,03,03,03,03,03,03,02,03,01,03,50.0,50.0,1,3,1,1,03,3,,,02,1944.0,1,03,03,03,05,02,01,1,0.18738064169883728,1.0
155,G1S,03,14,1,1,2,2,1,2,2,1,1,3,1,03,97,10.0,6.0,03,01,,01,2,,2,2,3,1,2,2,2,50.0,0.0,100.0,0.0,10.0,2,1,2,4,2,2,2,20.0,10.0,100.0,0.0,0.0,03,03,03,3,3,3,1,1,4,4,4,03,03,03,03,03,03,03,03,03,03,03,0.0,50.0,2,2,1,3,03,2,,,03,1928.0,1,03,03,03,01,02,01,1,0.28470510244369507,1.0
156,J7Y,15,01,1,1,1,1,3,3,1,1,1,3,1,03,05,8.0,8.0,01,03,02,,2,,2,2,3,1,3,1,2,25.0,25.0,100.0,997.0,75.0,1,1,1,4,2,1,1,50.0,995.0,100.0,995.0,995.0,07,07,98,2,4,1,2,4,3,3,4,98,03,03,98,03,03,03,03,03,98,98,25.0,998.0,8,3,1,8,97,,2,,02,1940.0,2,02,01,03,05,02,01,1,0.8410736918449402,1.0
157,G0A,03,98,1,4,4,4,4,2,4,4,4,2,1,99,,0.0,0.0,01,97,03,,2,,4,4,4,3,1,1,4,0.0,0.0,0.0,0.0,0.0,8,2,2,4,2,4,4,0.0,0.0,0.0,0.0,0.0,06,06,06,3,4,3,4,1,4,1,4,97,97,97,97,97,97,97,97,97,97,97,0.0,50.0,8,4,4,4,98,,8,,07,1940.0,2,05,98,01,04,02,01,1,0.3228451609611511,1.0
158,G0H,09,01,1,1,1,1,4,1,1,3,1,4,1,03,04,10.0,10.0,01,03,02,,1,,1,1,4,1,2,1,3,4.0,30.0,100.0,29.0,5.0,1,1,1,4,1,2,3,50.0,2.0,100.0,75.0,74.0,03,03,03,2,4,1,2,1,1,1,4,03,03,03,03,03,03,03,03,03,03,03,100.0,50.0,2,2,8,1,03,1,,,04,1948.0,1,05,05,02,01,02,01,1,1.097648024559021,1.0
159,G6H,32,06,1,1,2,1,2,2,2,1,1,3,2,,,2.0,0.0,01,03,04,,1,,1,1,3,1,2,1,2,20.0,20.0,20.0,20.0,20.0,2,2,1,2,2,2,1,0.0,50.0,50.0,20.0,20.0,02,02,02,2,3,1,2,2,2,2,4,02,02,02,02,02,02,02,02,02,02,02,50.0,70.0,2,3,2,2,02,2,,,06,1965.0,2,09,06,02,04,02,01,1,1.3865697383880615,1.0
160,G3K,03,05,1,1,2,1,1,3,3,2,2,3,1,03,02,6.0,4.0,01,04,,01,2,,2,2,3,1,2,1,3,10.0,40.0,50.0,30.0,40.0,1,2,1,3,2,3,3,5.0,40.0,60.0,50.0,997.0,03,03,03,1,4,1,3,8,2,3,3,04,02,03,05,03,04,02,02,01,03,03,50.0,60.0,1,3,1,1,97,,1,03,02,1971.0,1,07,06,02,04,01,01,1,0.33720386028289795,1.0
161,G2B,03,01,1,1,3,2,2,3,1,3,3,2,1,02,01,6.0,6.0,03,01,,05,1,,2,2,3,1,2,2,2,40.0,50.0,40.0,30.0,20.0,1,2,1,1,1,2,2,40.0,60.0,40.0,70.0,30.0,02,03,04,3,2,1,2,4,2,2,4,03,02,03,04,04,02,02,02,02,03,04,70.0,75.0,2,2,2,1,02,2,,,02,1948.0,2,07,05,03,04,02,01,1,0.21248352527618408,1.0
162,G2J,03,01,1,1,2,1,2,1,3,1,2,4,1,01,02,4.0,7.0,03,01,02,,2,,3,2,3,2,2,2,2,50.0,40.0,20.0,15.0,40.0,2,1,8,4,2,2,2,50.0,10.0,0.0,40.0,995.0,01,02,01,1,4,1,4,3,2,2,3,01,98,01,02,98,98,01,02,01,98,01,40.0,40.0,8,3,3,1,01,2,,,02,1937.0,2,10,05,03,01,02,01,1,0.3228451609611511,1.0
163,J7V,16,13,1,1,1,2,1,1,1,1,1,2,1,01,03,8.0,8.0,04,03,,03,2,,2,2,3,1,3,1,2,60.0,30.0,40.0,0.0,10.0,1,2,1,4,2,1,2,70.0,20.0,50.0,20.0,0.0,01,06,03,1,1,1,1,1,1,2,3,01,01,01,01,03,01,01,02,01,01,03,0.0,60.0,1,4,1,2,01,2,,,01,1962.0,1,05,03,02,05,01,01,2,1.2380889654159546,1.0
164,G1C,03,16,2,1,1,1,1,1,1,3,1,4,1,03,05,10.0,8.0,01,02,,04,1,,1,2,2,1,2,1,2,0.0,80.0,100.0,0.0,25.0,1,2,1,3,2,1,4,0.0,75.0,100.0,997.0,997.0,03,03,03,2,3,1,1,1,3,1,4,03,03,03,03,03,03,02,02,03,03,03,80.0,80.0,2,4,3,1,03,3,,,02,1970.0,1,08,10,02,05,02,01,1,0.33720386028289795,1.0
165,H7X,13,01,1,1,1,1,1,2,1,1,1,1,1,01,98,8.0,7.0,03,02,96,,2,,2,8,1,8,2,2,1,50.0,20.0,30.0,997.0,30.0,1,2,1,3,4,1,2,70.0,60.0,80.0,60.0,997.0,01,98,98,1,4,3,1,1,1,2,3,98,98,98,98,98,98,98,98,98,98,98,0.0,0.0,8,4,2,8,04,1,,,99,1924.0,2,04,99,03,99,02,10,1,0.8410736918449402,1.0
166,J5Y,14,01,1,1,3,2,2,2,3,3,2,2,2,,,0.0,4.0,03,01,03,,2,,2,2,3,1,3,2,2,60.0,35.0,50.0,30.0,30.0,1,2,1,3,2,3,3,55.0,30.0,70.0,65.0,10.0,03,01,01,3,4,3,3,3,3,3,3,03,01,03,03,01,03,01,01,03,03,03,60.0,70.0,1,3,2,2,03,2,,,98,1967.0,2,09,10,02,04,02,01,1,0.9961626529693604,1.0
167,H4R,06,98,1,1,3,4,4,4,4,4,3,4,1,96,02,3.0,5.0,03,01,,05,1,,4,4,3,2,3,2,2,40.0,65.0,0.0,25.0,25.0,2,1,2,4,2,1,4,10.0,50.0,20.0,30.0,30.0,02,03,04,3,2,1,4,3,1,1,1,02,02,01,05,02,02,02,02,01,01,03,65.0,70.0,1,4,4,4,02,2,,,96,1956.0,1,10,06,02,05,02,01,1,0.9163962006568909,1.0
168,G2E,03,07,1,1,3,2,1,3,1,1,1,3,1,99,,10.0,7.0,01,03,03,,2,,1,1,4,1,2,2,1,50.0,0.0,100.0,998.0,998.0,2,2,8,4,2,8,2,0.0,20.0,100.0,70.0,997.0,03,03,03,2,4,3,1,3,4,2,1,03,03,03,03,03,03,03,01,98,98,03,2.0,5.0,2,2,1,1,99,,1,99,99,1946.0,2,07,04,03,05,02,01,1,0.21248352527618408,1.0
169,H4L,06,08,2,2,2,1,2,2,2,1,1,2,1,05,04,8.0,5.0,04,03,03,,2,,2,1,3,1,1,1,2,50.0,40.0,55.0,70.0,80.0,1,2,1,4,2,2,2,40.0,40.0,50.0,60.0,50.0,01,04,04,3,4,2,4,2,2,2,3,02,03,01,05,04,03,02,02,02,02,04,50.0,60.0,2,2,1,2,05,2,,,05,1967.0,1,07,07,02,03,01,10,1,1.3925409317016602,1.0
170,H3M,06,01,1,1,3,2,2,1,3,2,2,1,1,03,01,9.0,8.0,03,04,,02,2,,4,4,3,2,3,2,2,60.0,50.0,65.0,10.0,50.0,2,1,1,4,1,1,3,60.0,50.0,75.0,10.0,30.0,01,03,03,3,1,3,2,1,1,1,2,03,03,01,05,01,03,02,02,01,03,03,50.0,60.0,2,4,2,1,03,2,,,01,1959.0,2,10,06,02,03,02,12,3,1.728875994682312,1.0
171,J4H,16,05,2,1,3,3,3,4,4,4,2,2,1,03,96,8.0,5.0,01,03,02,,1,,2,2,3,2,2,2,3,50.0,60.0,80.0,25.0,10.0,2,2,1,3,1,2,3,50.0,50.0,80.0,25.0,10.0,01,03,03,2,2,1,4,3,2,2,2,03,02,01,05,02,03,02,02,03,03,03,50.0,75.0,8,4,3,1,03,1,,,02,1976.0,1,08,07,01,05,02,01,1,1.3550678491592407,1.0
172,G0C,11,06,1,1,2,1,2,2,3,2,2,3,1,01,03,5.0,5.0,08,01,,04,1,,1,3,3,1,2,1,3,0.0,50.0,50.0,30.0,50.0,1,2,1,3,2,2,2,10.0,40.0,50.0,50.0,997.0,03,03,04,3,3,1,2,3,3,2,3,01,01,02,04,03,03,02,02,01,04,04,95.0,80.0,1,2,1,2,01,3,,,04,1972.0,2,11,09,02,02,02,01,1,1.5534865856170654,1.0
173,H2J,06,08,1,1,2,1,2,3,3,2,2,3,1,02,01,8.0,7.0,01,03,03,,1,,2,3,2,2,3,2,2,80.0,85.0,70.0,75.0,65.0,1,2,1,2,2,2,3,75.0,80.0,70.0,75.0,70.0,01,07,02,3,3,1,3,2,2,2,4,01,02,02,01,04,02,02,02,01,01,04,40.0,60.0,1,4,3,2,02,2,,,04,1964.0,1,10,09,02,05,02,01,1,1.3925409317016602,1.0
174,J2R,26,98,1,1,2,1,1,4,1,1,2,3,1,02,97,8.0,8.0,01,03,01,,1,,2,2,2,1,3,2,2,40.0,80.0,20.0,20.0,70.0,2,2,2,2,1,1,3,70.0,70.0,30.0,50.0,40.0,01,02,03,3,2,1,3,3,2,1,2,02,01,01,02,01,03,02,02,02,03,02,10.0,30.0,1,4,4,4,02,2,,,04,1945.0,2,09,10,03,05,02,01,1,1.049834966659546,1.0
175,J6W,14,98,1,1,1,1,4,1,8,1,1,2,1,98,,98.0,8.0,01,03,,03,3,,2,8,3,1,2,1,2,95.0,45.0,90.0,0.0,997.0,1,1,2,3,2,1,2,75.0,997.0,997.0,997.0,995.0,03,03,03,3,4,2,3,8,1,1,3,98,01,03,03,98,98,02,02,98,03,98,80.0,40.0,2,1,1,2,03,2,,,98,1951.0,2,04,04,02,01,96,03,1,0.5535573959350586,1.0
176,J2E,17,01,1,1,3,2,3,3,4,3,3,2,1,02,03,8.0,7.0,01,03,,05,1,,2,2,3,1,2,1,3,10.0,60.0,30.0,0.0,40.0,1,2,1,3,2,2,4,0.0,70.0,60.0,10.0,40.0,02,02,03,1,2,1,4,4,2,1,4,02,02,02,05,02,02,02,02,02,01,02,40.0,50.0,1,2,1,1,02,2,,,04,1956.0,1,07,08,02,03,02,01,1,1.1068066358566284,1.0
177,G0A,03,01,1,1,2,1,2,3,2,2,1,2,1,03,01,7.0,6.0,01,96,02,,8,8,3,4,2,2,2,2,2,60.0,50.0,90.0,50.0,40.0,2,1,1,3,2,1,3,50.0,70.0,100.0,997.0,997.0,03,03,03,3,4,3,3,2,2,2,3,01,01,03,05,03,02,03,03,03,98,03,70.0,70.0,1,3,2,3,03,1,,,98,1987.0,2,06,07,05,04,02,01,1,0.7317694425582886,1.0
178,J5W,14,01,1,2,1,1,2,1,4,1,2,3,1,03,01,10.0,7.0,04,01,02,,2,,2,1,2,1,2,1,2,40.0,30.0,90.0,25.0,25.0,2,2,8,3,1,1,4,10.0,50.0,85.0,998.0,997.0,03,03,03,1,3,1,2,1,1,1,4,01,03,03,05,04,03,02,03,03,03,03,70.0,80.0,1,3,2,2,03,2,,,04,1977.0,1,07,03,02,04,02,01,1,1.3550678491592407,1.0
179,J1L,05,98,2,1,1,1,1,2,8,1,1,2,1,02,03,8.0,9.0,06,01,03,,2,,1,4,4,1,2,1,4,0.0,50.0,75.0,997.0,997.0,1,2,8,4,4,8,2,2.0,50.0,75.0,995.0,997.0,98,03,03,2,3,1,1,4,2,8,4,02,02,98,03,03,03,02,98,02,02,03,30.0,30.0,8,1,1,1,02,2,,,04,1929.0,2,05,02,03,01,02,01,1,1.1706970930099487,1.0
180,G3K,03,01,1,1,3,1,2,3,2,1,2,2,1,02,97,6.0,6.0,01,02,,05,1,,2,2,3,1,2,1,2,25.0,50.0,50.0,25.0,25.0,1,2,1,2,2,2,1,35.0,35.0,35.0,25.0,25.0,06,03,06,3,2,1,4,4,2,2,4,03,02,02,02,02,02,02,02,98,03,02,70.0,55.0,1,3,2,2,02,2,,,04,1949.0,2,05,06,02,04,02,01,1,0.21248352527618408,1.0
181,G1S,03,98,1,1,4,2,2,3,8,2,3,1,1,01,97,6.0,7.0,01,03,04,,2,,1,2,3,1,2,1,2,50.0,0.0,998.0,25.0,998.0,1,2,1,4,4,8,2,0.0,0.0,25.0,5.0,997.0,98,98,07,3,1,8,8,1,2,8,4,01,01,01,96,98,96,98,98,98,97,96,0.0,25.0,1,2,1,2,01,2,,,01,1921.0,2,07,02,03,05,02,01,1,0.3228451609611511,1.0
182,J6Y,15,01,1,1,2,1,1,1,2,3,2,1,1,03,01,10.0,7.0,04,02,,02,2,,3,2,4,1,2,1,1,70.0,65.0,85.0,35.0,40.0,1,1,8,4,2,4,1,60.0,60.0,95.0,50.0,50.0,03,03,03,3,1,1,4,1,2,3,4,01,02,01,02,02,01,02,02,02,98,03,20.0,80.0,2,4,1,1,03,3,,,03,1961.0,1,07,10,02,05,02,01,1,0.9163962006568909,1.0
183,G1J,03,01,1,1,2,2,2,3,1,3,2,2,1,01,03,10.0,10.0,04,01,,04,2,,3,3,3,1,2,1,2,90.0,50.0,75.0,75.0,50.0,1,2,1,3,1,1,4,90.0,0.0,60.0,60.0,0.0,01,04,03,1,3,1,2,1,3,3,3,01,01,01,05,03,03,01,03,03,97,01,0.0,100.0,1,2,2,3,01,2,,,03,1980.0,1,10,04,02,03,02,06,3,0.8653778433799744,1.0
184,H4E,06,07,2,2,3,2,3,3,4,3,2,3,1,02,03,7.0,6.0,03,01,,04,1,,2,3,3,2,3,2,2,0.0,90.0,75.0,50.0,50.0,2,1,1,3,2,2,3,10.0,10.0,70.0,50.0,50.0,06,07,03,3,2,1,4,2,2,2,4,02,02,02,05,04,03,02,02,02,02,03,40.0,70.0,1,3,2,2,02,2,,,04,1973.0,2,07,04,02,05,02,01,1,0.9693608283996582,1.0
185,H3E,06,05,1,1,2,2,2,2,3,3,2,4,1,01,97,10.0,9.0,03,01,03,,2,,3,3,3,2,3,2,2,80.0,60.0,60.0,50.0,60.0,2,1,1,3,1,2,4,60.0,50.0,70.0,70.0,70.0,01,05,03,1,1,1,3,1,1,1,1,03,01,01,05,01,03,01,01,01,01,01,60.0,80.0,1,2,2,3,01,2,,,01,1955.0,1,10,10,01,04,02,01,1,0.9163962006568909,1.0
186,G0A,33,09,1,1,1,1,1,4,1,1,1,1,1,02,03,10.0,7.0,01,03,01,,1,,2,1,3,1,2,1,2,0.0,90.0,75.0,0.0,50.0,2,8,8,3,1,1,4,0.0,85.0,75.0,997.0,25.0,02,02,03,2,3,1,8,3,2,2,2,03,98,03,03,03,03,02,02,02,02,02,80.0,10.0,1,4,2,1,02,1,,,04,1951.0,1,05,99,02,05,02,01,1,0.9346079230308533,1.0
187,J6Z,15,96,1,1,3,2,3,2,3,2,2,3,1,99,,6.0,5.0,02,04,,01,2,,3,3,2,2,1,2,2,70.0,0.0,50.0,20.0,65.0,2,2,1,4,1,1,2,75.0,20.0,20.0,50.0,50.0,01,01,01,3,1,3,1,1,3,2,2,01,01,01,01,01,01,01,02,02,01,01,50.0,75.0,1,4,2,3,99,,1,01,06,1986.0,2,08,99,09,05,01,01,2,2.575615167617798,1.0
188,J6J,16,01,1,1,1,1,3,2,1,1,1,1,1,01,03,9.0,10.0,01,03,04,,8,8,4,2,2,1,3,2,2,90.0,0.0,50.0,0.0,5.0,1,1,2,4,2,1,3,85.0,10.0,60.0,997.0,997.0,01,03,03,1,1,1,4,1,1,1,4,01,01,01,01,03,03,01,01,01,03,03,15.0,85.0,2,1,1,1,01,2,,,01,1936.0,1,04,02,03,04,02,01,1,1.1757395267486572,1.0
189,J0E,26,98,1,1,1,2,1,1,1,1,1,1,1,03,01,8.0,8.0,01,03,,02,1,,4,1,4,1,1,1,4,40.0,0.0,60.0,20.0,0.0,2,1,2,4,1,1,1,40.0,20.0,80.0,50.0,20.0,03,03,03,3,4,3,1,1,1,1,1,03,03,03,03,03,03,03,03,01,03,03,80.0,80.0,2,1,1,1,02,3,,,02,1943.0,1,05,06,02,02,02,01,1,0.9654632806777954,1.0
190,J5Z,14,98,4,4,4,4,4,4,1,2,2,4,1,01,97,10.0,6.0,01,97,03,,2,,2,2,2,1,3,2,2,100.0,0.0,0.0,997.0,0.0,1,8,1,4,2,1,4,100.0,0.0,40.0,997.0,0.0,01,01,01,1,1,2,8,2,1,1,1,01,01,01,01,01,01,01,01,01,01,01,50.0,90.0,2,2,1,4,01,2,,,01,1961.0,2,05,04,01,04,02,01,1,0.6555481553077698,1.0
191,J0E,26,08,2,2,3,1,3,2,1,1,1,4,1,02,04,8.0,8.0,02,08,01,,1,,3,2,2,1,2,2,2,50.0,80.0,25.0,80.0,80.0,1,1,1,3,2,2,3,50.0,80.0,25.0,80.0,80.0,02,04,04,3,2,1,3,3,2,2,3,02,02,02,05,04,03,02,02,01,02,04,80.0,80.0,1,3,2,2,02,1,,,04,1967.0,2,07,02,04,05,02,01,1,1.8892440795898438,1.0
192,H1M,06,02,1,2,3,2,2,2,1,1,2,1,1,02,05,9.0,7.0,01,02,01,,1,,2,2,3,1,2,1,2,40.0,95.0,60.0,70.0,70.0,2,2,1,2,1,1,3,40.0,90.0,80.0,75.0,50.0,02,02,02,3,2,1,3,3,2,4,3,02,02,02,02,03,03,02,02,02,03,02,90.0,80.0,1,3,2,1,02,2,,,04,1956.0,2,07,06,02,04,02,01,1,0.6555481553077698,1.0
193,J3Y,16,01,1,1,2,1,3,3,3,2,1,2,1,03,97,10.0,6.0,01,02,,03,2,,1,1,4,1,2,1,4,0.0,50.0,85.0,25.0,10.0,1,1,2,3,2,4,3,0.0,45.0,100.0,997.0,997.0,03,03,03,3,3,1,2,1,2,2,4,03,03,03,05,03,03,03,02,03,03,03,50.0,50.0,1,4,1,2,02,3,,,04,1969.0,2,07,06,02,04,02,10,1,0.9961626529693604,1.0
194,G5Y,32,06,1,1,1,1,4,4,3,1,3,3,1,03,01,8.0,6.0,01,03,,02,2,,2,2,2,1,2,9,3,65.0,40.0,75.0,0.0,0.0,1,2,2,4,2,3,2,80.0,40.0,85.0,20.0,30.0,01,98,01,2,1,1,3,2,3,1,4,01,01,03,98,03,01,03,03,01,03,03,60.0,90.0,2,2,1,1,03,3,,,01,1961.0,1,06,03,02,03,02,01,1,1.1068066358566284,1.0
195,J4V,16,98,1,1,1,1,2,1,1,1,1,1,1,01,97,5.0,5.0,01,03,,01,1,,2,2,2,1,1,1,1,70.0,30.0,30.0,30.0,40.0,1,1,1,4,2,1,8,60.0,40.0,30.0,30.0,40.0,01,06,01,2,4,1,1,1,1,1,3,01,01,01,01,01,01,01,01,01,01,01,50.0,40.0,1,2,1,1,01,1,,,01,1946.0,2,04,01,07,04,01,01,2,0.74787837266922,1.0
196,G2K,03,04,1,2,2,2,3,1,2,2,2,1,2,,,9.0,8.0,01,02,02,,2,,2,1,3,1,2,1,2,50.0,30.0,70.0,0.0,0.0,1,2,1,4,2,1,4,50.0,10.0,70.0,20.0,20.0,01,03,03,1,1,1,4,1,2,1,4,03,01,03,03,03,03,01,02,03,03,03,5.0,80.0,8,4,2,1,01,3,,,02,1953.0,1,05,10,02,05,02,01,1,0.2219046652317047,1.0
197,G1G,03,98,3,1,1,1,3,1,4,1,1,2,1,03,97,8.0,5.0,07,03,03,,2,,1,8,4,8,2,1,8,0.0,0.0,100.0,50.0,25.0,1,8,2,4,1,8,1,0.0,0.0,100.0,997.0,50.0,03,03,03,2,4,3,1,1,3,3,2,03,03,03,03,03,03,03,03,03,03,03,50.0,100.0,2,4,1,3,03,1,,,02,1976.0,1,11,01,02,05,02,08,5,0.8653778433799744,1.0
198,G2E,03,98,1,1,3,2,2,4,2,2,2,2,1,03,01,9.0,8.0,03,01,04,,2,,2,2,3,1,8,1,2,50.0,30.0,70.0,40.0,40.0,2,2,1,4,2,2,3,50.0,10.0,80.0,50.0,997.0,01,03,03,1,1,1,8,1,2,1,3,03,03,98,05,03,03,01,02,03,03,03,30.0,70.0,1,3,2,1,03,2,,,02,1938.0,1,06,04,03,05,02,01,1,0.28470510244369507,1.0
199,G6V,12,01,1,1,2,1,1,2,1,1,1,1,1,99,,10.0,7.0,01,03,04,,2,,1,2,3,1,2,1,2,80.0,0.0,40.0,999.0,0.0,1,2,2,4,1,2,1,60.0,0.0,20.0,100.0,0.0,06,01,04,3,1,1,4,4,2,2,4,01,01,01,01,01,01,01,01,98,01,01,0.0,80.0,1,1,1,4,01,2,,,01,1937.0,2,05,99,03,01,02,01,1,0.3228451609611511,1.0
200,J0S,26,02,1,1,1,1,1,1,1,1,1,1,1,03,01,10.0,10.0,06,03,03,,2,,1,1,2,1,1,1,4,0.0,0.0,100.0,100.0,50.0,1,1,1,3,2,2,2,0.0,0.0,100.0,10.0,0.0,03,03,03,3,4,1,2,4,2,3,4,03,03,03,03,03,03,03,03,03,03,03,50.0,50.0,2,2,1,2,03,1,,,02,1983.0,2,04,01,02,01,02,01,1,3.6155238151550293,1.0
201,H7W,13,01,1,1,2,1,2,2,1,2,2,1,1,99,,9.0,9.0,03,01,03,,2,,2,3,3,2,3,2,2,80.0,30.0,60.0,30.0,40.0,1,1,8,4,2,1,4,85.0,30.0,70.0,30.0,40.0,01,03,03,3,1,1,8,1,1,1,3,01,01,01,01,01,01,01,01,01,01,03,60.0,75.0,1,2,1,1,01,2,,,01,1948.0,2,09,99,01,03,02,01,1,0.5535573959350586,1.0
202,H2V,06,06,1,1,2,1,4,2,4,1,1,2,1,99,,10.0,10.0,03,01,,03,2,,2,2,4,1,2,1,1,15.0,5.0,0.0,999.0,10.0,1,2,1,4,2,1,2,10.0,5.0,0.0,5.0,997.0,06,98,03,1,4,1,4,2,2,4,4,01,99,99,99,99,99,99,02,99,98,99,10.0,25.0,1,4,4,1,97,,2,,99,1946.0,2,10,99,03,05,02,11,6,1.4598954916000366,1.0
203,J0V,07,01,1,1,3,1,3,3,2,2,1,1,1,03,97,7.0,5.0,01,04,03,,2,,1,1,3,1,2,1,4,0.0,0.0,100.0,0.0,50.0,1,2,2,4,1,1,3,0.0,0.0,100.0,40.0,0.0,03,03,03,3,4,1,2,1,2,2,3,03,03,03,02,03,03,03,03,03,03,03,25.0,100.0,2,3,1,1,03,1,,,04,1976.0,2,08,07,02,05,02,01,1,1.8384100198745728,1.0
204,G1B,03,13,2,2,2,2,1,1,3,3,1,3,1,03,01,9.0,7.0,03,01,03,,2,,4,3,2,1,3,2,2,80.0,50.0,95.0,40.0,40.0,1,2,2,4,2,2,3,60.0,70.0,95.0,997.0,997.0,03,03,03,3,3,3,3,1,2,2,2,03,03,03,05,02,03,03,02,03,03,04,20.0,90.0,1,4,2,1,03,2,,,02,1972.0,1,09,07,02,04,02,01,1,0.33720386028289795,1.0
205,G0M,32,98,2,2,4,4,1,1,4,1,2,4,1,03,97,10.0,7.0,01,04,,02,2,,4,1,4,1,1,1,1,50.0,30.0,70.0,40.0,20.0,2,1,2,4,2,1,1,40.0,30.0,80.0,30.0,20.0,03,03,03,3,1,2,4,4,1,4,1,03,03,03,03,03,03,03,03,03,03,03,60.0,40.0,2,2,3,1,03,3,,,02,1963.0,1,04,05,02,02,02,01,1,1.681884765625,1.0
206,G6X,12,01,1,1,3,2,3,2,8,1,1,3,1,98,,5.0,5.0,01,03,,01,2,,2,3,3,1,3,1,3,50.0,50.0,50.0,15.0,20.0,2,1,2,4,2,3,2,50.0,30.0,60.0,20.0,25.0,03,03,03,3,4,3,3,3,2,2,4,03,03,03,03,03,03,03,03,98,03,03,25.0,50.0,2,3,3,4,99,,9,,98,1950.0,1,07,98,02,98,02,01,1,0.18738064169883728,1.0
207,J2B,17,02,1,1,1,1,2,2,1,1,1,1,1,02,02,3.0,5.0,01,04,,05,1,,1,2,3,1,2,1,3,40.0,100.0,70.0,60.0,80.0,1,2,2,3,2,2,3,20.0,70.0,50.0,50.0,997.0,02,02,02,2,2,1,3,3,3,2,4,02,02,02,02,02,02,02,02,02,02,02,30.0,30.0,2,3,2,1,02,1,,,06,1958.0,2,04,01,07,05,02,01,1,0.9124647378921509,1.0
208,G2G,03,06,1,1,2,1,2,3,3,1,1,3,1,02,03,9.0,10.0,01,04,02,,1,,1,1,4,1,2,1,2,3.0,70.0,50.0,65.0,90.0,2,1,2,2,1,1,4,15.0,70.0,50.0,70.0,70.0,04,02,04,3,2,1,4,2,2,2,4,02,02,03,05,04,04,02,02,02,03,04,60.0,50.0,1,3,4,1,02,3,,,03,1987.0,2,08,03,02,04,02,01,1,0.7317694425582886,1.0
209,G1L,03,06,1,1,2,1,3,3,3,2,1,4,1,01,03,9.0,9.0,03,01,04,,2,,3,3,2,2,3,2,2,60.0,50.0,70.0,30.0,60.0,1,2,1,4,2,1,3,50.0,40.0,70.0,30.0,60.0,01,03,03,1,1,1,3,2,1,2,3,01,01,01,03,03,03,01,01,03,03,03,20.0,40.0,2,2,1,3,01,2,,,02,1931.0,1,10,06,03,01,02,01,1,0.28470510244369507,1.0
210,J6W,14,03,2,1,2,1,2,2,3,2,2,3,1,03,02,7.0,7.0,01,96,,03,2,,3,3,3,1,2,2,2,30.0,50.0,70.0,60.0,60.0,2,1,2,3,1,1,2,20.0,50.0,60.0,50.0,50.0,03,02,03,3,3,2,2,2,3,2,3,03,02,03,05,03,03,02,02,03,03,03,60.0,50.0,1,3,2,2,05,2,,,06,1988.0,2,06,01,05,04,02,01,1,1.9063955545425415,1.0
211,G1P,03,98,1,2,1,1,2,3,2,1,3,2,1,97,,2.0,2.0,01,02,,04,1,,2,2,3,1,2,2,3,50.0,60.0,70.0,997.0,60.0,2,2,2,4,1,3,1,40.0,50.0,80.0,997.0,997.0,07,03,03,3,2,1,2,2,2,3,3,02,02,01,02,02,02,02,02,02,02,02,50.0,70.0,2,3,2,2,03,2,,,07,1974.0,1,07,04,02,02,02,01,1,0.3281298279762268,1.0
212,H9J,06,01,1,1,3,1,1,1,4,2,2,3,1,01,97,10.0,1.0,01,03,,03,2,,2,1,4,1,1,1,4,50.0,0.0,40.0,0.0,0.0,8,2,1,4,1,2,4,90.0,89.0,90.0,997.0,10.0,98,01,03,3,1,1,8,1,1,3,4,01,01,01,01,01,98,01,03,01,01,98,0.0,0.0,1,1,1,3,01,1,,,01,1948.0,1,09,04,03,04,01,01,2,1.0454652309417725,1.0
213,H3T,06,04,1,3,1,1,3,1,4,1,4,1,1,01,03,10.0,7.0,01,05,05,,2,,4,8,2,2,8,2,1,85.0,60.0,85.0,65.0,997.0,1,2,1,4,8,1,4,85.0,50.0,85.0,997.0,997.0,01,01,03,3,1,3,4,1,1,4,4,01,03,98,98,03,03,01,01,01,01,01,75.0,75.0,8,2,2,4,01,2,,,01,1974.0,1,11,06,02,01,12,02,3,3.5737295150756836,1.0
214,G0G,09,98,1,1,1,3,4,1,2,1,1,2,1,02,97,8.0,0.0,01,02,,05,1,,1,3,3,1,1,2,4,0.0,100.0,60.0,0.0,0.0,1,2,1,1,8,1,1,0.0,100.0,60.0,997.0,997.0,02,02,02,3,3,1,4,4,1,1,4,02,02,02,02,02,02,02,02,02,02,02,50.0,50.0,1,8,1,1,02,1,,,04,1955.0,2,07,07,04,05,02,01,1,1.022304654121399,1.0
215,H1H,06,01,1,2,3,2,3,3,2,2,2,3,1,04,02,7.0,6.0,01,05,03,,2,,2,2,3,1,2,1,2,50.0,65.0,40.0,75.0,20.0,2,1,1,3,2,1,2,50.0,60.0,40.0,70.0,60.0,98,02,06,3,4,1,3,3,2,2,4,02,03,04,05,04,03,02,02,01,02,04,85.0,80.0,2,2,1,3,04,2,,,06,1975.0,2,07,03,02,01,96,08,3,2.556485652923584,1.0
216,G4V,11,17,1,1,1,1,1,2,1,1,1,1,1,02,03,10.0,10.0,01,02,,04,1,,2,2,4,1,2,2,3,0.0,50.0,60.0,10.0,10.0,1,2,8,3,2,2,3,10.0,10.0,60.0,10.0,10.0,03,03,03,3,3,1,1,1,3,3,1,03,03,03,03,03,03,03,02,03,03,03,50.0,50.0,1,2,1,3,02,2,,,04,1954.0,1,05,05,02,02,02,01,1,1.2998853921890259,1.0
217,G6J,12,06,1,1,3,1,2,2,2,3,2,2,2,,,9.0,7.0,03,01,02,,1,,2,1,4,1,2,1,2,60.0,75.0,85.0,30.0,50.0,2,1,1,4,3,3,4,80.0,30.0,90.0,997.0,50.0,01,03,03,1,2,3,2,1,2,4,4,01,01,98,02,03,03,01,02,03,01,03,10.0,75.0,1,2,2,2,03,2,,,06,1988.0,1,06,06,02,05,02,01,1,0.6453179717063904,1.0
218,J6A,14,07,1,2,2,1,2,2,3,2,1,3,2,,,9.0,7.0,01,06,,04,2,,3,3,3,2,2,2,2,60.0,50.0,85.0,50.0,50.0,2,2,1,3,2,2,3,70.0,35.0,90.0,60.0,40.0,03,03,03,3,3,1,3,3,2,2,3,03,02,03,02,02,03,03,03,03,01,03,70.0,65.0,2,1,1,2,03,1,,,02,1980.0,2,06,05,04,01,02,01,1,0.9693608283996582,1.0
219,G2L,03,01,1,1,1,1,1,1,1,1,1,1,1,03,02,10.0,10.0,03,01,01,,1,,2,3,3,1,1,1,3,0.0,9.0,10.0,2.0,0.0,8,2,1,1,2,2,2,0.0,100.0,100.0,100.0,997.0,02,06,03,2,4,1,8,2,3,2,4,03,03,02,03,03,03,03,98,03,03,03,2.0,50.0,2,1,1,2,03,2,,,04,1930.0,2,05,99,03,01,02,01,1,0.3228451609611511,1.0
220,J5W,14,10,1,1,2,1,3,3,1,2,1,3,1,02,03,8.0,6.0,03,01,01,,1,,2,1,4,1,2,1,3,0.0,100.0,80.0,90.0,60.0,1,2,1,1,2,2,2,0.0,90.0,90.0,80.0,80.0,03,03,03,3,2,1,2,2,2,2,4,02,02,03,03,02,03,02,02,02,03,02,60.0,70.0,1,3,1,1,02,1,,,04,1976.0,2,07,07,02,05,02,01,1,0.9693608283996582,1.0
221,J5A,16,08,1,1,3,1,2,2,2,2,2,2,1,03,02,7.0,7.0,01,03,01,,1,,2,2,3,1,2,1,2,10.0,70.0,80.0,0.0,60.0,1,1,1,2,2,1,2,0.0,60.0,80.0,20.0,0.0,03,03,03,2,2,1,4,1,2,2,2,03,02,98,98,02,02,02,02,02,03,02,50.0,50.0,1,2,1,1,02,2,,,04,1967.0,1,05,07,02,04,02,01,1,1.3925409317016602,1.0
222,G6X,12,08,1,1,2,1,3,1,1,2,2,3,1,02,97,8.0,6.0,01,03,,04,1,,3,2,3,1,2,2,3,10.0,90.0,50.0,20.0,60.0,2,2,1,1,1,1,3,10.0,80.0,40.0,40.0,50.0,02,02,02,3,2,1,4,3,2,1,4,02,02,02,02,02,02,02,02,02,02,02,60.0,80.0,1,3,2,2,02,2,,,04,1954.0,2,05,01,02,05,02,01,1,0.25163137912750244,1.0
223,G8H,02,96,1,1,1,1,1,1,1,2,1,1,1,02,01,9.0,8.0,01,02,02,,1,,2,2,2,1,2,1,1,60.0,90.0,90.0,90.0,60.0,1,1,1,1,2,1,3,60.0,80.0,80.0,997.0,70.0,02,02,03,2,2,1,1,2,1,3,3,02,01,02,05,02,02,02,02,02,02,02,60.0,90.0,2,1,1,2,02,1,,,04,1962.0,1,09,06,02,03,02,01,1,1.2998853921890259,1.0
224,H2B,06,09,1,1,2,1,2,3,3,1,1,4,1,01,05,8.0,8.0,07,01,,02,2,,3,1,3,1,2,1,2,85.0,70.0,40.0,997.0,80.0,2,2,1,4,1,3,2,60.0,50.0,50.0,20.0,30.0,01,03,02,3,4,1,3,3,2,2,4,01,01,03,01,02,02,02,02,01,01,01,25.0,80.0,2,4,2,1,01,1,,,01,1985.0,1,07,02,05,04,06,06,2,3.6004676818847656,1.0
225,H1H,06,15,1,1,1,1,2,2,2,1,1,2,1,02,01,7.0,5.0,02,01,04,,2,,1,1,4,1,2,1,2,80.0,70.0,40.0,997.0,50.0,1,1,2,3,2,3,1,50.0,70.0,50.0,60.0,50.0,01,02,02,2,1,1,4,4,1,2,4,01,02,02,05,03,03,02,02,01,01,01,50.0,80.0,2,1,1,2,01,2,,,01,1961.0,2,09,05,02,01,96,08,6,1.728875994682312,1.0
226,G1L,03,01,1,1,2,1,2,2,2,1,1,1,1,99,,5.0,5.0,01,97,02,,1,,3,1,2,1,2,2,2,50.0,70.0,80.0,30.0,30.0,1,1,1,3,2,1,4,50.0,80.0,70.0,997.0,997.0,03,03,03,3,3,1,1,4,2,1,1,03,03,03,03,02,02,03,03,03,01,02,50.0,70.0,1,2,1,1,03,2,,,99,1948.0,2,05,99,03,05,02,01,1,0.21248352527618408,1.0
227,G1K,03,98,1,2,2,1,2,2,2,2,1,2,1,04,01,8.0,7.0,01,97,,05,1,,1,1,3,1,1,1,2,57.0,50.0,40.0,35.0,52.0,1,1,2,2,2,1,2,52.0,70.0,55.0,66.0,25.0,03,04,03,3,3,1,2,2,4,2,3,01,05,01,01,01,01,01,01,01,01,01,50.0,50.0,2,2,2,2,05,2,,,01,1956.0,1,05,01,04,04,02,01,1,0.2219046652317047,1.0
228,G7B,02,98,1,1,3,1,4,4,4,4,4,4,1,03,02,0.0,0.0,01,03,02,,1,,1,1,4,1,2,1,2,20.0,50.0,80.0,998.0,998.0,1,2,8,3,2,3,2,50.0,50.0,70.0,30.0,997.0,03,06,03,3,3,1,2,2,2,2,3,03,03,03,03,03,03,03,03,01,03,03,80.0,80.0,8,3,2,1,97,,2,,98,1959.0,2,07,03,02,04,02,01,1,1.022304654121399,1.0
229,G1M,03,10,2,1,2,1,2,3,1,1,1,3,2,,,7.0,5.0,02,01,05,,2,,2,2,3,2,1,1,4,70.0,10.0,70.0,10.0,0.0,2,8,2,4,2,2,2,10.0,1.0,30.0,997.0,997.0,03,98,03,3,3,1,2,2,2,4,4,03,03,03,03,03,98,03,03,03,03,03,29.0,10.0,1,3,1,2,03,2,,,01,1940.0,2,07,04,03,02,02,01,1,0.3228451609611511,1.0
230,J3H,16,08,1,1,1,1,1,2,2,1,1,2,1,05,97,6.0,6.0,03,07,03,,2,,1,2,3,2,2,1,2,60.0,50.0,50.0,50.0,70.0,2,1,1,4,1,1,3,50.0,50.0,50.0,50.0,50.0,98,98,98,3,1,3,3,2,2,2,4,01,98,98,05,01,01,02,02,01,01,98,70.0,60.0,1,3,2,3,05,3,,,05,1961.0,2,09,02,02,05,01,01,2,0.8856703639030457,1.0
231,G8H,02,96,2,2,1,2,2,4,2,1,2,4,1,04,02,8.0,7.0,03,01,02,,1,,2,2,2,2,2,1,2,25.0,60.0,0.0,100.0,80.0,1,2,1,2,3,1,4,25.0,60.0,0.0,100.0,80.0,04,04,04,3,4,3,4,4,1,1,4,04,04,04,04,04,04,04,04,04,04,04,100.0,80.0,1,3,3,4,04,2,,,03,1977.0,2,09,05,02,05,02,01,1,1.5116838216781616,1.0
232,G1E,03,96,1,1,2,1,1,3,1,1,2,4,1,02,04,10.0,7.0,03,01,,04,1,,3,2,3,3,2,1,3,50.0,75.0,30.0,75.0,75.0,1,2,1,3,2,1,4,50.0,60.0,30.0,70.0,50.0,06,04,04,3,2,1,4,4,1,1,4,02,04,02,05,04,04,02,02,02,02,04,10.0,10.0,1,4,2,3,02,2,,,01,1953.0,2,10,04,02,05,02,01,1,0.25163137912750244,1.0
233,G6V,12,98,1,1,1,1,3,3,4,2,3,1,2,,,9.0,5.0,01,08,,04,1,,1,1,4,1,1,1,2,0.0,1.0,0.0,0.0,1.0,2,1,2,4,2,2,1,0.0,40.0,10.0,90.0,997.0,06,04,04,2,3,1,4,4,2,3,4,04,04,04,05,04,04,04,98,98,05,05,0.0,80.0,2,4,1,1,02,2,,,98,1957.0,2,09,99,01,05,02,01,1,0.25163137912750244,1.0
234,J6V,14,07,1,1,2,2,1,1,2,2,1,4,1,02,03,7.0,4.0,06,01,02,,1,,2,2,3,1,1,1,2,0.0,60.0,50.0,997.0,998.0,1,2,1,3,2,2,3,0.0,70.0,40.0,997.0,997.0,02,02,02,3,2,1,8,3,2,2,4,02,02,02,02,02,03,02,02,02,96,02,0.0,60.0,8,3,2,2,02,2,,,04,1970.0,2,05,98,06,05,02,01,1,0.9961626529693604,1.0
235,G1V,03,08,4,2,4,1,2,4,2,2,2,4,1,05,03,7.0,7.0,01,04,03,,2,,2,3,2,1,3,1,2,60.0,60.0,60.0,60.0,80.0,1,2,1,4,1,2,4,60.0,60.0,70.0,70.0,80.0,03,05,03,2,4,1,3,2,2,2,1,03,02,01,05,04,03,03,02,98,01,01,50.0,80.0,1,2,2,3,05,1,,,03,1983.0,1,09,03,02,05,02,01,1,0.6453179717063904,1.0
236,H1Y,06,02,1,1,3,2,1,4,2,1,2,1,1,03,95,8.0,2.0,02,01,,04,2,,1,1,3,1,1,1,2,0.0,50.0,80.0,997.0,25.0,1,2,1,4,1,1,2,0.0,40.0,80.0,30.0,995.0,03,03,03,3,3,1,2,2,3,3,2,03,03,03,05,03,03,03,03,03,03,03,100.0,80.0,1,3,2,2,03,2,,,07,1935.0,1,04,02,03,05,02,01,1,1.1757395267486572,1.0
237,J2B,17,98,1,1,2,1,2,2,2,2,2,2,1,03,02,5.0,4.0,01,02,01,,2,,2,2,3,1,1,1,4,40.0,50.0,998.0,50.0,998.0,1,1,1,2,1,2,2,10.0,40.0,60.0,997.0,997.0,03,03,03,3,3,1,2,1,2,1,3,03,03,05,05,05,05,05,05,03,03,03,50.0,50.0,1,2,1,2,05,2,,,96,9999.0,1,04,99,02,04,02,01,1,1.4200392961502075,1.0
238,G0A,33,08,1,1,2,1,1,1,1,1,1,1,1,02,03,10.0,3.0,01,03,01,,2,,3,1,3,1,2,1,3,10.0,75.0,40.0,60.0,75.0,1,2,1,1,1,1,2,10.0,80.0,40.0,50.0,30.0,02,02,03,2,2,1,1,2,3,4,4,02,02,02,02,02,02,02,02,02,02,02,75.0,50.0,2,3,1,1,02,1,,,04,1952.0,1,08,99,01,04,02,10,1,0.9346079230308533,1.0
239,G5N,01,08,1,1,2,1,3,4,1,1,2,2,1,04,02,8.0,10.0,02,03,,04,1,,2,2,4,1,2,1,2,10.0,75.0,3.0,75.0,30.0,2,2,1,2,2,2,3,1.0,75.0,0.0,85.0,30.0,02,04,04,2,2,1,4,4,3,4,4,04,02,02,02,04,04,02,02,04,02,04,90.0,85.0,1,4,8,1,02,2,,,04,1958.0,2,09,03,01,05,02,01,1,1.022304654121399,1.0
240,G1C,03,01,1,2,3,1,1,3,2,2,3,3,1,02,03,5.0,3.0,03,01,01,,1,,3,3,2,2,3,2,1,20.0,80.0,85.0,0.0,50.0,2,2,8,2,1,3,2,5.0,60.0,80.0,50.0,0.0,03,03,03,1,2,1,1,2,3,3,3,02,02,02,02,02,02,02,02,02,02,02,0.0,50.0,1,3,1,2,02,2,,,04,1937.0,2,07,03,03,05,02,01,1,0.3228451609611511,1.0
241,G3M,33,17,1,2,1,1,2,1,1,1,1,2,1,01,03,9.0,10.0,01,03,,03,2,,2,2,2,2,2,2,1,98.0,0.0,50.0,25.0,30.0,1,2,1,3,2,3,3,60.0,0.0,50.0,30.0,997.0,01,03,03,3,1,3,2,1,8,2,2,01,01,01,05,03,03,01,01,01,01,03,5.0,50.0,2,1,1,4,01,1,,,96,1922.0,2,04,03,03,04,02,01,1,1.1706970930099487,1.0
242,G2E,03,01,1,3,2,1,3,3,3,2,3,2,1,99,,5.0,3.0,01,97,,04,2,,1,1,3,1,2,1,2,50.0,50.0,50.0,50.0,50.0,1,2,1,4,1,1,2,50.0,50.0,50.0,50.0,50.0,06,04,04,3,3,1,4,2,4,2,4,97,97,97,05,04,04,02,02,97,97,04,40.0,50.0,1,3,2,2,97,,2,,99,1953.0,2,07,09,02,05,02,01,1,0.25163137912750244,1.0
243,G1X,03,98,1,2,2,2,2,2,3,3,2,1,1,01,03,2.0,2.0,01,03,04,,2,,1,1,3,1,3,2,2,50.0,25.0,50.0,50.0,50.0,1,2,1,4,2,4,1,75.0,25.0,60.0,60.0,50.0,01,04,04,2,1,1,2,1,1,1,2,03,02,01,05,04,01,03,02,01,03,01,60.0,60.0,2,3,2,1,01,2,,,01,1943.0,1,11,08,02,03,02,12,3,0.4941793382167816,1.0
244,G6V,12,96,2,1,1,1,4,4,4,4,4,4,1,98,,7.0,5.0,03,01,,02,8,2,1,1,3,2,2,1,3,0.0,75.0,60.0,40.0,10.0,2,2,1,4,4,2,2,0.0,90.0,90.0,90.0,997.0,02,02,03,2,4,1,4,4,1,1,4,98,02,02,02,04,98,02,02,98,98,98,75.0,75.0,1,4,4,2,97,,1,02,98,1957.0,2,11,10,02,04,02,01,1,0.25163137912750244,1.0
245,J9E,07,96,1,1,1,1,1,1,2,1,1,2,2,,,0.0,5.0,98,,03,,2,,1,2,3,2,2,2,2,80.0,40.0,60.0,65.0,30.0,1,2,8,4,1,1,2,10.0,20.0,45.0,50.0,70.0,03,98,03,3,3,2,2,1,2,2,1,96,03,98,98,96,98,03,98,98,98,98,45.0,65.0,1,1,1,1,03,3,,,01,1962.0,1,02,01,04,04,02,01,1,1.1433428525924683,1.0
246,J0X,07,98,1,2,1,3,2,1,2,2,2,2,2,,,8.0,8.0,03,02,03,,2,,3,3,2,1,2,1,2,40.0,0.0,22.0,20.0,20.0,1,2,2,4,2,2,3,50.0,10.0,10.0,10.0,20.0,01,06,06,2,1,2,4,2,3,3,4,01,01,01,98,98,01,01,02,01,01,01,4.0,80.0,8,3,2,1,01,3,,,02,1967.0,1,08,01,04,05,01,01,2,2.347308874130249,1.0
247,G0R,32,98,1,1,1,1,4,3,1,8,1,1,1,96,03,5.0,5.0,97,,01,,1,,2,2,3,2,2,1,2,20.0,90.0,80.0,30.0,10.0,1,1,1,4,4,4,2,10.0,70.0,90.0,10.0,10.0,01,06,03,3,2,1,4,2,2,4,4,01,99,98,99,99,03,99,03,03,98,98,1.0,50.0,2,1,1,1,02,2,,,04,1936.0,2,05,01,03,02,02,01,1,1.1706970930099487,1.0
248,H2K,06,98,1,1,1,2,3,1,3,1,1,1,2,,,0.0,0.0,01,08,,04,2,,1,1,4,1,1,1,4,0.0,5.0,4.0,997.0,997.0,2,1,1,3,4,2,2,0.0,40.0,30.0,997.0,997.0,02,98,02,2,4,1,4,4,3,3,4,98,98,98,98,98,98,98,98,98,98,98,30.0,30.0,2,3,2,2,02,3,,,06,1953.0,2,04,01,06,05,02,01,1,0.6555481553077698,1.0
249,G5V,32,98,1,1,1,1,2,2,2,1,1,1,1,01,03,7.0,4.0,01,03,01,,1,,2,1,3,1,1,1,3,10.0,75.0,75.0,997.0,80.0,8,8,1,2,2,3,2,0.0,60.0,70.0,997.0,997.0,03,03,03,2,2,1,8,3,8,2,4,02,02,02,05,03,03,03,02,03,02,02,70.0,70.0,1,9,2,2,02,2,,,06,1962.0,2,09,03,02,05,02,01,1,0.9124647378921509,1.0
250,G1J,03,10,1,1,3,2,3,3,2,1,2,3,1,01,02,5.0,5.0,02,07,,04,2,,2,2,3,1,2,2,2,75.0,65.0,50.0,997.0,997.0,1,1,1,4,2,1,2,75.0,50.0,50.0,997.0,997.0,01,01,03,3,4,3,4,4,3,3,4,01,01,01,01,01,03,01,01,01,01,01,50.0,60.0,8,3,1,3,01,3,,,98,1964.0,2,07,10,02,05,02,01,1,0.38237690925598145,1.0
251,H2E,06,10,1,1,1,2,1,2,1,2,2,2,1,02,05,8.0,8.0,01,03,,05,1,,3,2,3,2,2,2,2,20.0,80.0,20.0,50.0,50.0,1,2,1,1,1,1,3,20.0,50.0,10.0,50.0,10.0,02,02,02,3,2,1,4,4,2,2,4,02,02,02,02,02,02,02,02,02,02,02,50.0,50.0,1,4,2,3,02,2,,,04,1965.0,1,08,02,02,04,02,01,1,1.3925409317016602,1.0
252,H7M,13,98,1,1,1,1,2,2,2,1,1,3,1,03,02,10.0,8.0,03,02,,02,2,,1,1,3,1,2,2,2,35.0,30.0,60.0,10.0,8.0,1,1,1,4,2,2,2,30.0,35.0,60.0,10.0,12.0,03,02,03,1,3,1,4,2,1,2,3,03,02,03,03,03,03,03,02,03,03,03,30.0,60.0,1,2,1,3,03,2,,,04,1945.0,1,07,04,03,05,02,01,1,0.7738205194473267,1.0
253,G0X,04,01,1,1,1,1,2,3,1,1,1,1,1,99,,8.0,7.0,01,02,03,,2,,1,1,2,1,2,2,2,65.0,30.0,50.0,0.0,0.0,2,2,1,4,2,1,3,65.0,30.0,35.0,997.0,20.0,01,98,03,1,3,1,3,1,2,1,3,01,03,98,03,01,01,01,02,98,98,01,40.0,50.0,2,1,1,1,01,2,,,02,1951.0,2,06,02,06,05,02,01,1,0.7705016136169434,1.0
254,J0J,26,98,2,2,2,2,3,4,2,2,2,3,1,02,01,8.0,6.0,01,03,,03,1,,3,1,3,1,2,1,2,30.0,50.0,60.0,997.0,20.0,2,2,1,2,2,1,1,20.0,30.0,50.0,997.0,997.0,03,02,03,2,3,1,1,4,3,3,3,01,98,98,05,01,02,02,01,01,02,01,40.0,60.0,2,3,1,1,97,,2,,01,1955.0,1,05,07,02,04,02,02,1,1.1433428525924683,1.0
255,J5W,14,96,2,2,2,2,3,3,2,1,1,3,1,04,02,5.0,7.0,01,07,01,,1,,3,2,4,1,3,1,2,0.0,30.0,0.0,75.0,70.0,2,2,1,4,2,2,4,0.0,70.0,0.0,80.0,75.0,02,04,04,2,2,1,4,4,2,2,3,04,04,04,04,04,04,02,02,04,04,04,70.0,50.0,1,4,4,4,04,2,,,04,1963.0,2,10,10,02,05,02,01,1,0.9961626529693604,1.0
256,J6W,14,98,1,1,2,1,2,3,1,1,1,3,1,02,05,8.0,8.0,03,01,01,,1,,2,2,3,1,2,1,2,50.0,50.0,30.0,30.0,30.0,1,2,1,3,2,2,2,40.0,40.0,30.0,60.0,998.0,01,06,03,3,2,1,8,3,2,3,2,02,02,98,98,98,02,02,02,98,98,98,50.0,50.0,1,8,3,3,02,3,,,06,1947.0,2,09,99,02,05,02,01,1,0.5535573959350586,1.0
257,H2K,06,10,1,1,2,1,3,3,3,3,4,2,1,99,,2.0,0.0,01,03,03,,2,,1,1,4,1,1,1,4,0.0,0.0,20.0,40.0,30.0,8,2,1,4,4,4,2,0.0,0.0,20.0,40.0,30.0,03,06,06,2,4,8,3,4,2,4,3,04,98,98,05,98,98,98,98,98,04,98,50.0,50.0,8,4,4,2,97,,2,,99,1957.0,1,10,07,05,05,02,01,1,0.9163962006568909,1.0
258,J6W,14,96,1,1,1,1,1,3,3,1,1,8,1,03,05,8.0,7.0,01,04,,02,2,,1,2,3,1,2,1,3,40.0,40.0,60.0,20.0,40.0,1,2,2,4,2,3,3,50.0,30.0,70.0,20.0,20.0,03,03,03,2,4,1,4,4,3,3,4,03,03,03,05,03,03,03,03,03,03,03,50.0,60.0,2,1,1,3,03,2,,,01,1956.0,1,10,06,01,01,02,01,1,0.9163962006568909,1.0
259,J0L,16,98,1,1,2,1,2,2,2,3,2,2,1,03,01,4.0,2.0,01,03,04,,2,,2,3,3,1,2,2,2,50.0,40.0,60.0,997.0,25.0,1,2,1,4,1,3,2,60.0,40.0,80.0,20.0,997.0,03,03,03,3,1,3,3,2,3,3,4,03,03,03,03,03,03,03,03,03,03,03,0.0,998.0,1,4,2,1,03,2,,,01,1975.0,2,09,99,02,05,02,01,1,0.9693608283996582,1.0
260,J0L,26,02,1,1,1,2,3,3,2,1,1,3,1,02,97,8.0,8.0,03,01,02,,1,,2,2,3,2,3,1,3,15.0,50.0,30.0,25.0,25.0,1,2,1,3,2,1,2,5.0,40.0,40.0,50.0,50.0,02,02,03,2,3,1,4,4,1,1,4,98,02,02,02,02,02,02,02,02,03,02,100.0,60.0,1,3,2,2,02,3,,,04,1953.0,1,05,05,02,03,02,01,1,1.1433428525924683,1.0
261,H4X,06,08,1,1,2,1,2,2,1,1,2,2,1,01,05,8.0,9.0,02,04,,03,2,,2,2,2,3,2,1,1,80.0,50.0,50.0,998.0,75.0,2,2,2,4,1,1,3,75.0,50.0,60.0,60.0,70.0,01,05,05,3,1,3,4,4,8,1,2,01,01,01,05,01,01,01,01,01,01,01,80.0,90.0,1,2,3,3,01,2,,,06,1989.0,2,06,01,05,03,01,11,2,2.575615167617798,1.0
262,H2G,06,96,2,1,2,1,4,4,2,1,1,4,1,02,04,10.0,10.0,03,01,,04,1,,2,1,4,1,2,1,4,50.0,80.0,20.0,75.0,75.0,1,2,1,2,2,2,2,40.0,50.0,10.0,60.0,50.0,04,04,04,3,2,1,9,3,2,2,4,02,02,01,05,02,02,02,02,02,01,04,75.0,75.0,1,4,3,3,02,3,,,03,1975.0,1,10,06,01,05,02,01,1,1.3550678491592407,1.0
263,J4K,16,06,1,1,2,1,1,3,2,1,1,1,1,01,97,5.0,7.0,01,02,04,,2,,1,1,4,1,2,1,4,50.0,30.0,50.0,40.0,50.0,1,2,1,4,2,3,1,50.0,20.0,40.0,995.0,40.0,06,06,03,3,1,1,1,2,4,4,4,98,01,98,98,98,01,01,98,98,98,03,0.0,0.0,1,2,1,2,01,2,,,03,1959.0,2,05,02,04,02,01,01,1,0.6555481553077698,1.0
264,H2K,06,96,1,1,1,1,3,3,2,1,1,4,1,99,,5.0,7.0,03,01,02,,1,,1,1,3,1,2,1,2,10.0,60.0,40.0,10.0,5.0,1,2,1,2,2,1,4,0.0,60.0,40.0,10.0,5.0,02,02,03,2,2,1,3,4,1,3,4,02,03,03,03,02,03,02,02,02,02,02,70.0,40.0,2,1,1,4,02,2,,,99,1960.0,2,07,99,02,01,02,01,1,0.6555481553077698,1.0
265,G1H,03,98,1,1,2,1,2,2,2,1,1,2,1,99,,8.0,8.0,03,01,,03,2,,2,2,2,2,3,2,2,50.0,50.0,50.0,40.0,50.0,1,1,2,4,2,2,3,70.0,50.0,80.0,80.0,997.0,01,03,03,3,1,1,2,2,2,2,3,01,03,03,01,03,03,03,01,03,03,03,50.0,80.0,2,3,2,3,01,3,,,99,1941.0,2,09,02,03,04,02,01,1,0.3228451609611511,1.0
266,G1T,03,05,1,1,2,2,4,2,3,1,2,3,1,01,97,7.0,7.0,03,01,04,,2,,4,4,2,2,2,2,1,85.0,50.0,70.0,997.0,997.0,2,1,1,4,1,2,4,85.0,50.0,70.0,997.0,997.0,01,07,98,1,1,1,4,3,1,1,2,01,01,01,01,01,01,01,01,01,01,01,50.0,50.0,8,4,2,3,01,3,,,01,1946.0,1,10,10,01,05,02,01,1,0.18738064169883728,1.0
267,G1K,03,18,2,1,2,1,2,3,3,2,2,2,1,02,97,9.0,10.0,02,96,,04,1,,4,2,3,2,2,2,2,55.0,80.0,35.0,70.0,70.0,1,2,1,3,2,3,4,50.0,80.0,30.0,80.0,50.0,02,02,05,2,2,1,4,2,1,1,3,01,02,02,04,04,02,02,02,02,02,02,75.0,50.0,2,3,3,4,02,2,,,03,1982.0,1,09,01,05,05,02,01,1,0.3281298279762268,1.0
268,G7H,02,01,1,1,2,2,3,3,2,2,2,2,1,03,02,8.0,5.0,01,04,,04,1,,2,2,2,1,2,2,2,0.0,75.0,90.0,0.0,25.0,2,1,8,2,2,2,4,0.0,75.0,95.0,30.0,0.0,03,03,03,3,3,1,2,3,3,2,4,03,03,03,03,03,03,03,02,02,97,03,75.0,75.0,1,4,2,2,03,3,,,02,1957.0,1,07,07,02,05,02,01,1,1.2998853921890259,1.0
269,H2J,06,01,1,1,2,1,2,3,3,2,2,3,1,99,,9.0,8.0,04,01,,04,2,,3,2,3,1,2,1,2,50.0,60.0,40.0,50.0,20.0,2,2,1,3,2,2,3,50.0,30.0,22.0,60.0,30.0,01,04,03,3,4,1,4,3,3,3,4,01,01,01,02,04,03,02,02,01,01,03,60.0,40.0,1,4,3,3,02,3,,,99,1974.0,2,09,99,01,05,02,01,1,0.9693608283996582,1.0
270,G9T,04,98,1,1,1,1,1,2,2,1,1,8,2,,,2.0,6.0,03,01,05,,2,,3,1,3,1,2,1,3,997.0,997.0,997.0,997.0,997.0,9,2,2,3,8,3,2,0.0,0.0,50.0,998.0,997.0,03,03,03,2,1,3,1,2,8,2,8,03,03,03,03,98,02,02,02,02,03,03,100.0,50.0,2,8,1,3,03,2,,,06,1928.0,1,05,05,03,05,02,01,1,1.4200392961502075,1.0
271,J3V,16,04,1,1,1,1,2,2,1,2,2,2,1,01,03,8.0,8.0,03,01,03,,2,,3,3,2,2,2,2,2,85.0,75.0,80.0,70.0,70.0,2,2,1,4,2,2,2,80.0,60.0,70.0,60.0,55.0,01,01,01,3,3,1,4,1,2,2,3,01,01,01,05,01,01,02,02,01,01,01,75.0,80.0,1,3,3,3,01,2,,,01,1945.0,2,07,10,03,04,02,01,1,0.5535573959350586,1.0
272,H2C,06,01,1,1,2,1,2,3,3,2,3,3,1,02,04,8.0,8.0,01,02,02,,1,,3,3,3,2,2,8,2,65.0,90.0,22.0,85.0,80.0,2,2,1,2,1,2,4,61.0,67.0,24.0,87.0,54.0,02,02,04,2,2,1,4,8,1,1,2,02,02,98,05,04,98,02,02,02,02,02,80.0,60.0,1,3,2,2,02,2,,,04,1987.0,1,08,10,05,05,02,01,1,2.664950370788574,1.0
273,J0Y,08,16,1,1,4,1,4,4,4,3,1,4,1,03,97,7.0,5.0,01,07,,03,2,,2,1,3,8,3,2,4,75.0,60.0,76.0,40.0,10.0,2,2,1,3,1,2,1,79.0,75.0,80.0,30.0,30.0,01,03,03,2,3,3,3,1,1,1,4,99,99,99,01,98,03,01,02,01,99,99,100.0,100.0,2,1,1,1,03,3,,,02,1961.0,1,05,05,02,04,02,01,1,1.1433428525924683,1.0
274,G1E,03,98,1,1,4,3,1,3,2,3,1,4,1,02,03,7.0,4.0,98,,,05,1,,2,2,3,2,2,2,2,0.0,75.0,65.0,4.0,6.0,2,1,1,2,2,1,1,0.0,50.0,50.0,0.0,0.0,03,02,03,1,2,3,2,1,1,2,1,03,03,03,02,03,02,02,02,03,03,02,50.0,60.0,1,3,2,2,02,2,,,04,1982.0,1,99,99,99,99,99,99,9,0.8653778433799744,1.0
275,H7K,13,07,1,1,2,1,3,2,3,2,2,1,2,,,10.0,7.0,01,02,01,,1,,2,1,3,1,1,1,4,0.0,30.0,50.0,30.0,30.0,1,2,1,4,2,3,4,0.0,30.0,50.0,50.0,30.0,03,04,03,1,2,1,3,2,3,3,4,03,03,03,05,03,03,04,04,03,03,03,30.0,30.0,8,4,1,1,03,1,,,06,1954.0,1,07,05,02,05,02,01,1,0.9163962006568909,1.0
276,G1V,03,18,1,1,3,2,2,1,3,2,2,3,1,03,97,8.0,6.0,01,04,,02,2,,2,2,3,2,2,2,2,60.0,50.0,80.0,20.0,20.0,1,2,1,4,8,3,2,60.0,30.0,80.0,20.0,997.0,03,03,03,3,3,3,8,2,2,2,4,03,03,03,03,98,03,03,03,03,03,03,0.0,80.0,1,4,3,2,03,1,,,02,1981.0,1,07,03,02,04,02,01,1,0.3281298279762268,1.0
277,G8T,04,98,2,2,3,2,2,2,2,2,1,2,2,,,8.0,7.0,03,01,,01,1,,2,3,3,1,2,2,3,30.0,70.0,70.0,10.0,10.0,1,1,1,2,1,3,4,995.0,50.0,70.0,10.0,10.0,03,02,02,3,4,2,2,2,2,3,1,02,03,01,02,03,03,02,03,03,01,02,65.0,70.0,1,3,2,3,03,2,,,02,1988.0,1,05,01,02,05,02,01,1,3.2186999320983887,1.0
278,G8L,02,96,2,2,3,1,3,2,8,2,2,3,1,01,03,8.0,6.0,03,01,,02,2,,3,3,2,2,2,2,2,60.0,30.0,90.0,80.0,40.0,2,2,1,3,2,2,3,50.0,30.0,90.0,80.0,40.0,03,03,03,3,1,3,2,2,2,4,4,04,98,01,05,98,03,99,99,01,03,03,30.0,70.0,2,1,1,1,03,2,,,02,1958.0,2,09,09,01,01,02,01,1,1.022304654121399,1.0
279,J1K,05,01,1,1,3,1,1,2,1,2,1,2,1,01,02,6.0,5.0,03,01,,05,1,,3,4,3,1,2,1,3,35.0,25.0,10.0,0.0,0.0,1,1,1,2,2,2,2,20.0,20.0,25.0,997.0,997.0,01,98,03,2,4,1,3,2,2,2,1,01,98,01,05,98,98,02,02,01,98,98,50.0,50.0,2,2,1,2,02,3,,,04,1934.0,2,05,03,03,01,02,01,1,1.1706970930099487,1.0
280,G6Z,12,13,1,1,2,2,1,1,1,1,1,1,1,02,03,7.0,7.0,01,03,02,,2,,1,1,3,1,2,1,3,20.0,40.0,50.0,2.0,0.0,1,1,1,4,2,1,3,10.0,25.0,75.0,10.0,997.0,03,03,03,2,3,1,4,1,3,4,4,03,02,03,03,03,03,03,02,03,03,03,40.0,70.0,1,4,2,1,03,1,,,02,1945.0,1,05,06,03,05,02,01,1,0.18738064169883728,1.0
281,G0C,11,01,1,1,1,2,1,3,1,1,1,3,1,02,97,8.0,10.0,96,,,05,1,,1,1,3,1,2,1,4,0.0,90.0,0.0,90.0,25.0,2,2,1,1,2,1,4,0.0,60.0,0.0,90.0,25.0,02,04,04,2,2,1,4,4,3,3,4,02,02,04,05,04,04,02,02,02,01,02,100.0,50.0,1,1,2,1,02,2,,,04,1979.0,2,10,05,02,03,02,01,1,1.5116838216781616,1.0
282,H1G,06,04,1,1,1,2,8,2,3,1,1,8,1,99,,8.0,5.0,01,03,03,,2,,2,1,2,1,2,1,2,50.0,50.0,50.0,997.0,997.0,8,2,1,4,2,1,2,50.0,50.0,50.0,998.0,997.0,01,07,07,1,8,3,4,8,2,2,8,01,01,96,96,96,96,96,96,98,01,98,50.0,50.0,1,2,1,1,97,,2,,98,1937.0,2,07,99,03,05,02,10,1,0.8410736918449402,1.0
283,J2L,26,01,1,1,3,1,1,1,3,1,1,1,1,03,01,8.0,6.0,01,96,04,,2,,1,1,3,1,2,1,2,75.0,25.0,90.0,50.0,50.0,2,1,1,4,2,1,1,50.0,75.0,90.0,60.0,50.0,03,03,03,3,3,3,2,1,2,2,4,03,01,03,01,03,03,01,01,01,03,03,75.0,100.0,1,4,1,1,01,2,,,01,1956.0,1,04,10,01,03,02,01,1,1.1433428525924683,1.0
284,G1P,03,03,1,1,1,1,2,1,4,2,1,1,1,03,01,9.0,8.0,01,03,02,,2,,3,1,3,1,2,2,2,70.0,40.0,80.0,50.0,50.0,2,2,1,4,1,1,3,60.0,40.0,80.0,50.0,997.0,03,03,03,3,4,1,3,1,1,3,4,03,03,03,03,03,03,03,03,03,03,03,50.0,90.0,1,4,3,2,03,2,,,02,1966.0,2,11,99,04,05,02,01,1,0.38237690925598145,1.0
285,H1N,06,01,1,2,2,1,2,2,2,2,2,1,1,99,,8.0,8.0,01,03,03,,2,,2,2,3,1,1,1,3,95.0,50.0,80.0,40.0,50.0,1,1,1,4,2,2,1,95.0,0.0,75.0,25.0,50.0,01,01,03,1,1,1,3,3,1,2,3,01,01,01,01,01,03,01,01,02,01,03,0.0,75.0,2,2,2,2,01,2,,,01,1934.0,2,04,03,03,01,02,01,1,0.8410736918449402,1.0
286,J5Z,14,98,1,1,3,1,2,3,2,1,3,1,1,03,01,10.0,5.0,01,03,02,,2,,3,2,3,1,2,2,2,70.0,60.0,75.0,40.0,60.0,1,1,2,4,1,4,2,60.0,50.0,75.0,40.0,997.0,01,07,03,3,4,1,2,2,8,2,1,01,03,98,03,03,03,03,03,03,03,03,50.0,80.0,2,3,1,1,03,2,,,98,1949.0,2,05,05,06,02,02,01,1,0.5535573959350586,1.0
287,G0G,09,07,1,2,3,2,2,1,3,3,1,1,1,02,03,6.0,5.0,01,97,,04,2,,1,1,4,1,1,1,3,25.0,75.0,90.0,997.0,50.0,2,2,1,4,2,2,2,50.0,80.0,90.0,997.0,30.0,03,03,03,3,4,1,4,3,3,3,4,03,03,02,02,01,03,02,03,03,02,03,75.0,75.0,8,4,3,1,03,2,,,04,1973.0,2,05,08,02,05,02,01,1,1.5116838216781616,1.0
288,H8Z,06,98,2,2,2,1,3,4,4,2,2,2,1,03,05,10.0,8.0,01,03,02,,2,,1,1,4,1,1,1,4,30.0,30.0,90.0,60.0,80.0,1,2,1,4,2,4,4,20.0,50.0,95.0,70.0,70.0,03,03,03,3,3,3,4,1,3,1,4,03,03,03,05,03,03,03,03,03,03,03,0.0,60.0,1,4,1,2,03,1,,,02,1952.0,2,08,08,02,05,96,01,2,0.74787837266922,1.0
289,J7L,14,01,1,1,1,2,2,1,2,1,1,3,1,02,05,8.0,9.0,04,03,02,,2,,1,1,3,1,2,2,2,25.0,80.0,60.0,15.0,50.0,1,2,1,3,2,2,4,10.0,50.0,60.0,70.0,20.0,04,04,02,2,3,3,2,2,2,2,2,02,02,05,05,02,02,02,02,02,05,02,75.0,80.0,1,3,2,3,02,2,,,02,1962.0,1,05,07,02,04,02,01,1,0.9163962006568909,1.0
290,G6P,17,96,1,1,2,2,1,3,2,1,1,2,1,03,02,8.0,8.0,01,97,,05,1,,3,1,3,1,2,2,2,25.0,95.0,95.0,50.0,50.0,1,2,1,3,2,2,3,25.0,75.0,100.0,100.0,50.0,01,03,03,3,2,1,1,1,2,2,3,01,02,03,05,03,03,02,02,02,01,03,50.0,50.0,1,2,1,3,02,2,,,02,1919.0,2,04,01,03,05,02,01,1,1.1706970930099487,1.0
291,H1L,06,01,1,1,2,1,1,2,1,1,3,3,1,01,03,10.0,8.0,01,09,03,,2,,1,2,2,1,2,1,4,4.0,0.0,3.0,0.0,0.0,1,2,1,4,2,2,2,5.0,0.0,3.0,0.0,3.0,01,01,01,3,1,1,2,2,2,2,1,01,01,01,01,01,01,01,01,01,01,01,0.0,3.0,2,1,1,1,01,1,,,01,1940.0,2,07,03,03,04,02,01,1,0.8410736918449402,1.0
292,G0S,12,08,1,1,2,1,2,2,2,1,1,2,1,99,,10.0,7.0,03,96,03,,1,,1,2,3,1,2,2,2,50.0,50.0,70.0,70.0,50.0,1,2,1,2,2,4,3,999.0,999.0,999.0,999.0,999.0,99,99,99,3,4,1,8,2,8,2,3,99,99,99,99,99,99,99,99,99,99,99,30.0,80.0,1,2,1,8,99,,2,,99,1941.0,2,09,99,03,02,02,01,1,0.3228451609611511,1.0
293,J8Y,07,06,1,1,4,2,3,3,1,2,1,2,1,02,03,8.0,7.0,01,04,01,,1,,2,2,4,2,2,1,2,0.0,80.0,60.0,60.0,40.0,2,2,8,3,2,2,3,0.0,40.0,60.0,50.0,997.0,03,02,03,3,2,1,3,2,2,2,4,02,02,98,02,02,03,02,02,01,97,03,40.0,30.0,1,4,2,2,02,1,,,04,1977.0,2,07,08,02,05,02,01,1,1.8384100198745728,1.0
294,J2X,26,10,1,1,8,1,2,3,1,1,2,1,1,02,97,10.0,8.0,03,09,,05,1,,3,2,3,1,2,1,1,25.0,75.0,10.0,5.0,5.0,1,1,2,1,1,1,3,10.0,70.0,20.0,5.0,10.0,02,02,02,2,2,1,4,4,2,3,3,02,02,98,02,02,02,02,02,02,99,02,40.0,65.0,2,1,1,1,02,2,,,04,1935.0,1,04,01,03,01,02,01,1,1.466917634010315,1.0
295,J0N,15,98,1,1,3,2,3,2,3,1,2,3,2,,,5.0,7.0,01,02,,03,1,,3,3,2,2,3,2,2,30.0,75.0,75.0,997.0,50.0,1,1,2,2,8,1,3,50.0,50.0,70.0,997.0,997.0,01,03,02,3,2,3,2,2,2,3,4,01,02,02,05,03,98,02,02,02,01,03,75.0,75.0,2,4,2,3,02,2,,,01,1980.0,1,04,01,04,05,02,04,1,1.3550678491592407,1.0
296,J3Y,16,09,2,1,3,1,1,4,3,1,1,4,1,05,03,5.0,8.0,03,01,,04,1,,3,1,3,1,2,1,2,3.0,50.0,55.0,20.0,70.0,1,2,1,4,2,1,4,10.0,40.0,70.0,30.0,50.0,03,03,03,2,1,1,4,3,3,2,4,03,02,03,05,05,03,02,02,02,03,03,80.0,80.0,8,4,2,2,03,2,,,05,1945.0,1,05,05,01,05,02,01,1,0.7738205194473267,1.0
297,G1X,03,05,2,2,2,1,2,4,1,4,2,4,1,03,01,10.0,10.0,01,03,,02,2,,3,3,2,1,2,1,4,70.0,0.0,90.0,0.0,50.0,1,1,1,4,2,2,4,70.0,0.0,85.0,0.0,20.0,03,03,03,3,1,3,1,1,2,1,2,03,03,03,01,04,03,03,03,03,03,03,0.0,75.0,2,3,2,1,03,1,,,02,1979.0,1,09,10,02,04,02,01,1,0.3281298279762268,1.0
298,G6V,12,96,1,1,1,1,3,2,3,3,1,1,1,03,01,8.0,6.0,01,03,,03,2,,1,2,3,1,2,1,3,80.0,50.0,100.0,0.0,60.0,1,2,8,4,2,2,1,70.0,20.0,95.0,997.0,997.0,03,03,03,3,4,3,4,1,2,2,4,01,03,03,03,03,03,03,03,03,03,03,20.0,80.0,1,3,2,1,03,2,,,02,1985.0,2,09,99,02,04,02,01,1,0.7317694425582886,1.0
299,G6B,05,06,1,1,3,1,1,3,3,1,1,1,1,02,03,8.0,7.0,03,01,02,,1,,4,4,3,2,2,1,1,50.0,60.0,60.0,50.0,60.0,1,1,1,2,2,2,3,50.0,50.0,60.0,60.0,70.0,01,03,03,2,2,1,3,3,1,2,3,03,02,01,02,03,03,02,02,98,03,03,70.0,70.0,2,2,2,2,99,,1,02,04,1941.0,2,02,02,03,01,02,01,1,1.1706970930099487,1.0
300,G6W,12,07,1,1,1,2,2,2,1,1,1,2,1,03,02,8.0,7.0,01,03,02,,1,,1,2,3,1,2,2,3,10.0,70.0,90.0,20.0,40.0,1,2,1,2,2,1,3,30.0,50.0,85.0,40.0,50.0,03,03,03,3,3,1,2,2,2,2,3,03,03,03,02,03,03,02,02,03,03,03,60.0,70.0,1,2,2,2,03,2,,,04,1973.0,1,05,05,02,04,02,01,1,0.3281298279762268,1.0
301,J8E,25,01,1,1,2,2,3,3,2,2,2,3,1,03,04,5.0,5.0,03,01,02,,1,,1,1,3,1,1,1,2,40.0,40.0,80.0,75.0,75.0,1,2,1,3,2,3,1,30.0,50.0,70.0,80.0,80.0,04,03,03,2,4,1,4,2,3,3,3,98,01,03,03,03,03,02,02,02,03,03,10.0,70.0,1,2,2,1,03,2,,,04,1972.0,1,05,06,02,04,02,01,1,1.7374107837677002,1.0
302,J7K,14,08,2,2,4,1,2,3,3,2,2,3,1,03,05,8.0,8.0,03,02,,02,2,,2,1,3,1,2,1,3,50.0,40.0,75.0,0.0,0.0,1,2,1,4,2,2,3,30.0,30.0,75.0,0.0,50.0,03,03,03,3,4,3,4,1,2,1,4,03,03,03,03,03,03,02,02,03,03,03,50.0,80.0,1,4,2,1,03,2,,,02,1972.0,1,09,10,02,05,02,01,1,1.3925409317016602,1.0
303,G6G,32,09,1,2,1,1,1,1,1,2,2,8,1,01,03,10.0,10.0,01,03,03,,2,,4,4,1,2,2,2,1,100.0,0.0,0.0,0.0,0.0,2,2,2,4,1,2,4,100.0,0.0,0.0,0.0,0.0,01,01,01,1,1,3,2,4,2,1,3,01,01,01,01,01,01,01,01,01,01,01,25.0,100.0,2,1,1,1,01,2,,,01,1937.0,2,04,01,03,02,02,01,1,1.1706970930099487,1.0
304,H9H,06,98,1,1,2,3,2,3,1,2,2,2,1,01,03,8.0,4.0,03,01,,02,2,,2,2,2,2,1,1,2,75.0,0.0,10.0,0.0,0.0,2,2,1,3,2,1,3,75.0,50.0,50.0,997.0,997.0,01,01,01,3,1,1,2,3,1,2,3,01,01,01,01,01,01,01,01,01,01,01,50.0,75.0,8,1,1,2,01,2,,,01,1933.0,2,05,05,03,03,01,10,2,1.1363251209259033,1.0
305,G1W,03,01,1,2,3,1,2,3,3,2,1,2,1,03,04,9.0,4.0,03,02,,03,2,,3,3,2,3,2,2,2,75.0,20.0,75.0,80.0,80.0,1,2,1,4,2,2,3,50.0,10.0,75.0,95.0,75.0,01,98,04,3,4,1,3,3,2,1,4,01,01,03,05,04,03,01,02,03,03,04,30.0,70.0,1,3,2,3,01,3,,,98,1975.0,2,09,07,06,03,02,01,1,0.3720875084400177,1.0
306,G1S,03,98,1,1,2,1,2,4,2,1,2,3,1,99,,8.0,7.0,03,01,04,,2,,3,1,2,1,2,1,3,60.0,10.0,30.0,75.0,65.0,1,2,8,4,1,1,2,25.0,25.0,50.0,80.0,70.0,01,04,04,2,1,1,4,2,2,2,4,01,01,04,04,04,04,01,04,01,01,04,0.0,25.0,1,2,2,3,04,2,,,03,1946.0,2,05,02,01,05,02,01,1,0.21248352527618408,1.0
307,G1K,03,02,3,3,2,3,2,3,3,2,3,3,1,02,04,7.0,8.0,03,01,01,,1,,2,2,3,2,2,1,1,60.0,100.0,0.0,80.0,0.0,1,2,1,2,1,1,3,40.0,80.0,40.0,70.0,40.0,02,02,02,3,2,1,4,4,1,2,4,02,02,02,02,02,02,02,02,02,03,02,80.0,60.0,1,4,4,3,02,2,,,04,1950.0,1,10,06,02,04,02,01,1,0.18738064169883728,1.0
308,G3G,03,98,2,2,4,2,2,4,2,1,4,4,2,,,0.0,2.0,01,03,,05,1,,1,1,4,2,2,2,3,20.0,22.0,5.0,25.0,997.0,1,2,1,2,4,3,2,0.0,5.0,2.0,25.0,997.0,06,04,04,2,2,1,3,2,3,3,4,98,03,01,05,04,03,98,04,98,98,04,10.0,25.0,1,4,3,1,97,,2,,06,1956.0,1,10,99,02,05,02,01,1,0.2219046652317047,1.0
309,J2T,26,96,4,1,3,1,3,4,4,1,1,4,1,03,02,10.0,10.0,01,03,,05,1,,4,2,4,1,1,1,4,0.0,0.0,100.0,50.0,50.0,2,2,2,1,2,1,4,0.0,0.0,90.0,50.0,0.0,03,03,03,2,3,3,1,1,4,4,4,03,03,03,03,03,03,03,03,03,03,03,75.0,75.0,2,4,1,1,03,1,,,04,1963.0,1,06,07,02,04,02,01,1,1.7374107837677002,1.0
310,G1S,03,08,1,1,1,1,2,3,2,1,1,2,1,04,98,4.0,4.0,03,01,02,,1,,1,1,4,1,2,1,2,20.0,60.0,20.0,80.0,80.0,1,2,1,1,2,1,2,10.0,50.0,10.0,90.0,80.0,06,04,04,3,2,1,4,2,1,1,3,04,04,04,05,04,04,04,04,04,04,04,60.0,90.0,8,3,2,2,04,1,,,03,1953.0,2,09,04,02,05,02,01,1,0.25163137912750244,1.0
311,H1N,06,01,1,1,2,1,2,3,1,2,1,4,1,01,03,7.0,7.0,03,01,04,,2,,4,3,2,2,2,2,2,70.0,30.0,60.0,40.0,50.0,1,1,2,4,2,1,4,70.0,40.0,70.0,20.0,20.0,01,03,03,3,1,3,2,1,2,3,1,01,03,01,05,01,03,01,01,01,01,03,0.0,100.0,1,3,1,2,01,3,,,02,1962.0,2,11,10,02,05,96,01,2,0.8856703639030457,1.0
312,J0R,15,08,1,1,3,1,2,3,2,1,1,1,1,04,02,10.0,10.0,02,01,02,,2,,3,3,2,1,2,2,1,50.0,60.0,30.0,70.0,80.0,2,1,1,2,2,1,2,30.0,80.0,50.0,90.0,80.0,04,04,04,3,2,1,3,3,3,3,4,04,98,98,05,04,04,04,04,05,98,04,80.0,50.0,1,4,2,3,02,3,,,04,1973.0,2,07,05,02,05,02,01,1,0.9693608283996582,1.0
313,G0L,01,03,1,2,4,1,2,1,1,2,2,1,2,,,0.0,0.0,01,02,,01,2,,2,3,4,1,1,1,4,0.0,0.0,60.0,20.0,75.0,1,2,1,4,2,1,1,0.0,2.0,3.0,997.0,997.0,03,02,01,3,4,1,1,1,4,1,4,01,03,03,05,03,03,05,03,03,05,05,0.0,50.0,1,2,1,1,97,,2,,06,1971.0,2,11,02,05,04,02,01,1,1.5534865856170654,1.0
314,H2C,06,01,2,2,4,1,1,4,8,4,2,1,1,03,01,5.0,5.0,03,01,,04,2,,3,1,2,1,2,1,2,25.0,20.0,60.0,30.0,10.0,1,1,1,3,8,1,3,50.0,30.0,60.0,40.0,20.0,03,04,03,2,3,1,3,1,3,2,3,03,03,01,05,03,03,03,02,01,03,05,50.0,60.0,2,1,1,1,03,3,,,01,1932.0,2,07,04,03,01,02,01,1,0.8410736918449402,1.0
315,G8V,04,04,3,3,3,2,3,2,3,3,3,2,1,03,01,10.0,10.0,02,03,03,,2,,2,2,3,1,2,2,2,50.0,20.0,80.0,5.0,5.0,1,1,1,4,1,1,4,50.0,25.0,80.0,5.0,5.0,03,03,03,2,4,1,2,1,4,1,1,03,03,03,03,03,02,03,03,03,03,03,0.0,100.0,2,4,1,1,03,1,,,02,1977.0,1,09,04,02,05,02,01,1,1.6366344690322876,1.0
316,J7E,15,09,1,1,1,2,2,1,1,2,2,1,1,01,03,10.0,10.0,03,01,,03,2,,4,4,3,2,2,1,2,75.0,0.0,30.0,50.0,997.0,1,2,1,4,1,1,2,75.0,25.0,50.0,40.0,997.0,01,01,01,3,1,3,1,2,1,8,2,01,98,01,01,98,01,01,01,01,01,01,70.0,70.0,2,1,1,4,01,1,,,01,1935.0,2,03,02,03,01,02,01,1,0.8410736918449402,1.0
317,G0A,03,98,1,2,3,2,1,2,2,4,3,2,1,01,03,9.0,8.0,01,03,,04,2,,4,3,2,3,3,2,2,80.0,40.0,60.0,20.0,30.0,2,1,2,4,2,1,4,90.0,50.0,70.0,20.0,20.0,01,01,01,1,1,3,4,2,2,2,4,01,01,01,01,01,01,01,01,01,01,01,50.0,90.0,2,2,2,3,01,2,,,02,1945.0,1,09,06,02,04,02,01,1,0.18738064169883728,1.0
318,G7A,12,96,2,1,2,1,3,3,3,1,2,3,1,04,02,8.0,7.0,03,02,,04,1,,2,2,3,2,2,1,2,100.0,70.0,20.0,80.0,70.0,1,2,1,3,1,1,4,25.0,80.0,20.0,85.0,997.0,02,04,04,3,3,1,4,4,1,1,4,98,02,02,05,04,04,02,02,02,01,04,80.0,75.0,1,3,2,2,04,2,,,03,1972.0,1,09,10,02,04,02,01,1,0.33720386028289795,1.0
319,J9X,08,06,1,1,3,2,2,3,2,1,1,2,1,02,03,8.0,6.0,01,03,,04,1,,2,2,3,1,2,2,2,10.0,90.0,85.0,70.0,60.0,2,2,2,3,2,3,3,10.0,65.0,75.0,50.0,30.0,02,03,03,3,2,1,4,2,3,3,3,02,02,03,05,04,02,02,04,02,03,03,75.0,50.0,1,4,2,2,02,2,,,04,1979.0,2,09,07,02,05,02,01,1,1.8384100198745728,1.0
320,G2L,03,01,1,1,2,2,2,3,2,1,1,1,1,03,01,8.0,7.0,03,01,03,,1,,1,1,3,1,2,1,2,25.0,25.0,50.0,25.0,25.0,1,1,1,3,2,2,2,25.0,25.0,50.0,35.0,25.0,03,03,03,2,3,1,1,2,4,4,4,03,03,01,05,04,04,04,04,03,03,04,35.0,50.0,1,2,1,1,03,2,,,04,1944.0,2,07,04,03,01,02,01,1,0.21248352527618408,1.0
321,J7C,15,08,1,2,4,1,3,1,4,4,1,1,1,03,02,6.0,8.0,01,03,02,,2,,1,1,3,1,1,1,3,25.0,25.0,50.0,5.0,4.0,1,2,2,4,2,3,1,2.0,5.0,75.0,10.0,10.0,03,03,03,2,4,1,4,3,1,1,4,03,02,03,03,02,02,02,02,03,03,03,100.0,100.0,1,4,1,1,03,2,,,02,1968.0,1,05,04,02,05,02,01,1,1.3925409317016602,1.0
322,J4S,16,98,3,1,2,1,1,3,1,3,3,3,1,02,97,8.0,7.0,03,01,02,,1,,3,2,3,2,2,2,2,50.0,75.0,33.0,45.0,45.0,1,1,2,3,1,1,4,40.0,60.0,50.0,33.0,25.0,02,02,04,1,3,1,3,4,2,1,4,99,02,01,02,04,02,02,02,02,02,04,40.0,60.0,1,4,4,2,02,2,,,04,1982.0,1,09,10,05,05,02,01,1,1.3550678491592407,1.0
323,G1R,03,06,2,1,2,2,1,4,1,2,3,3,1,02,04,10.0,10.0,03,02,01,,1,,3,3,2,3,3,2,2,10.0,80.0,20.0,55.0,25.0,1,1,1,2,2,1,3,10.0,55.0,15.0,20.0,10.0,02,02,04,2,2,1,4,3,1,1,3,02,02,02,02,04,02,02,02,02,01,02,75.0,40.0,2,2,2,3,02,2,,,04,1966.0,1,11,10,02,04,02,01,1,0.33720386028289795,1.0
324,J4H,16,98,2,2,2,1,2,3,4,1,2,4,2,,,0.0,0.0,01,97,02,,2,,1,3,3,1,9,8,8,998.0,998.0,998.0,998.0,998.0,2,2,8,3,8,2,1,998.0,997.0,997.0,995.0,997.0,01,98,03,8,4,8,3,3,8,2,3,98,98,98,98,98,98,98,98,98,98,98,998.0,998.0,1,3,2,3,98,,2,,06,1940.0,2,04,01,03,05,02,01,1,0.8410736918449402,1.0
325,J3Y,16,01,1,1,1,1,2,4,1,1,1,4,1,02,03,5.0,8.0,01,03,,05,1,,1,1,4,1,1,1,2,0.0,85.0,60.0,50.0,997.0,1,2,1,2,2,2,3,0.0,85.0,80.0,60.0,997.0,01,03,03,3,2,1,4,4,3,4,4,02,02,03,05,03,03,02,02,02,02,03,50.0,50.0,1,4,2,1,02,2,,,98,1949.0,2,08,06,02,05,02,01,1,0.5535573959350586,1.0
326,G9H,17,02,1,1,2,1,2,2,1,4,2,1,1,03,01,7.0,8.0,01,03,05,,2,,2,1,3,1,3,1,4,50.0,75.0,80.0,0.0,0.0,2,1,1,4,2,1,1,2.0,3.0,100.0,997.0,997.0,03,03,03,3,4,3,1,1,1,1,4,03,03,03,03,03,03,03,03,03,03,03,998.0,60.0,1,1,1,1,03,2,,,96,1932.0,2,07,01,03,01,02,01,1,1.1706970930099487,1.0
327,G2B,03,98,1,2,2,2,1,1,3,1,1,1,1,03,01,0.0,0.0,01,03,04,,1,,1,1,3,1,2,1,4,50.0,0.0,100.0,0.0,0.0,1,2,2,4,2,4,3,50.0,0.0,90.0,997.0,997.0,03,03,03,3,4,3,4,4,1,3,4,98,03,03,03,03,03,03,03,03,03,03,0.0,8.0,1,4,1,1,03,3,,,02,1943.0,2,07,05,03,04,02,01,1,0.21248352527618408,1.0
328,G1L,03,08,1,1,2,1,1,3,1,4,1,1,1,98,,8.0,8.0,01,02,01,,1,,2,1,2,3,3,2,1,40.0,80.0,50.0,80.0,40.0,2,2,1,1,1,1,4,50.0,60.0,50.0,60.0,997.0,98,07,04,2,2,1,4,4,1,1,3,97,02,97,98,04,04,02,02,98,98,04,60.0,60.0,1,2,1,1,97,,1,04,04,1950.0,2,05,03,02,04,02,01,1,0.21248352527618408,1.0
329,H1J,06,03,2,1,3,2,3,1,3,2,3,4,1,99,,8.0,7.0,02,03,,02,2,,2,2,3,1,3,1,1,50.0,50.0,50.0,20.0,80.0,1,1,2,4,2,1,2,50.0,50.0,50.0,50.0,80.0,98,05,05,2,4,1,4,1,2,2,2,03,01,03,05,04,02,01,02,01,03,04,20.0,25.0,1,4,1,2,97,,2,,99,1966.0,1,09,99,99,99,99,98,1,1.3925409317016602,1.0
330,G7H,02,07,1,1,2,2,3,2,3,1,1,1,1,03,97,7.0,6.0,01,03,02,,8,8,3,1,3,1,2,1,1,30.0,60.0,80.0,50.0,40.0,1,2,1,4,2,2,2,35.0,50.0,80.0,40.0,40.0,03,03,03,3,3,1,1,1,3,3,2,03,03,03,03,03,03,03,03,03,03,03,50.0,60.0,1,4,1,1,03,2,,,02,1976.0,1,07,08,01,04,02,01,1,1.9221409559249878,1.0
331,G1L,03,98,2,2,3,2,8,3,3,2,2,3,1,05,02,8.0,7.0,03,04,02,,2,,2,2,3,1,2,1,3,30.0,40.0,40.0,50.0,70.0,1,2,1,4,8,4,3,35.0,35.0,45.0,50.0,75.0,98,05,04,3,4,1,3,4,3,2,4,03,02,02,05,04,03,02,02,05,98,04,40.0,30.0,1,3,3,2,97,,2,,02,1954.0,1,10,05,02,05,02,01,1,0.2219046652317047,1.0
332,G0H,09,98,1,1,2,1,2,2,1,1,1,2,2,,,8.0,9.0,01,03,,03,1,,2,2,2,2,2,2,2,75.0,50.0,50.0,70.0,997.0,1,2,1,1,2,2,2,50.0,55.0,48.0,997.0,997.0,03,05,02,3,3,3,2,3,2,2,4,01,02,02,02,01,01,02,02,01,02,05,80.0,70.0,2,1,1,2,97,,1,01,01,1979.0,2,04,01,06,05,02,01,3,3.986776113510132,1.0
333,J6A,14,96,1,1,3,2,2,4,3,2,2,2,2,,,8.0,7.0,03,01,,05,1,,2,1,3,1,3,2,1,60.0,60.0,998.0,50.0,998.0,1,2,1,3,2,1,3,0.0,60.0,70.0,50.0,997.0,01,03,03,1,2,1,4,2,1,2,4,98,02,98,02,03,03,02,02,98,03,03,60.0,100.0,1,3,1,1,02,2,,,04,1940.0,2,07,05,07,05,02,01,1,0.8410736918449402,1.0
334,J1N,05,98,2,4,4,3,2,2,4,2,4,4,1,03,01,8.0,8.0,01,03,04,,2,,1,1,4,1,1,1,3,49.0,0.0,49.0,0.0,0.0,1,2,1,4,2,1,2,40.0,0.0,40.0,10.0,997.0,01,03,03,3,1,1,3,2,3,2,4,98,98,01,98,03,03,01,01,98,03,03,40.0,60.0,2,2,2,1,97,,1,01,02,1936.0,1,06,07,11,04,02,01,1,1.4200392961502075,1.0
335,J7Z,15,01,1,1,1,1,1,3,1,2,2,2,1,02,03,6.0,7.0,01,03,,05,2,,1,2,3,1,2,1,3,50.0,60.0,70.0,997.0,997.0,2,2,1,3,1,2,3,50.0,60.0,70.0,997.0,997.0,03,06,03,2,2,1,3,2,2,2,3,02,03,03,01,02,03,03,03,02,03,03,50.0,70.0,1,4,3,4,02,2,,,04,1935.0,2,09,03,03,02,02,01,1,0.8410736918449402,1.0
336,G1V,03,01,1,1,3,2,2,4,4,3,2,2,1,01,05,7.0,7.0,01,03,,04,1,,1,1,3,8,2,1,3,30.0,30.0,30.0,20.0,30.0,1,2,1,4,2,2,1,30.0,1.0,30.0,40.0,40.0,06,04,03,3,3,1,4,3,2,2,1,97,97,03,05,04,04,97,97,97,97,04,75.0,50.0,1,4,2,1,97,,2,,02,1949.0,1,09,08,03,05,02,01,1,0.18738064169883728,1.0
337,G1W,03,08,2,1,2,1,1,2,2,2,2,3,1,05,97,7.0,7.0,03,01,,03,2,,3,1,2,1,2,2,2,50.0,80.0,85.0,60.0,90.0,1,2,1,2,2,2,2,60.0,60.0,75.0,70.0,70.0,06,03,03,1,3,1,4,2,2,2,3,03,02,02,05,03,03,02,03,03,03,03,70.0,80.0,1,3,2,3,02,3,,,02,1977.0,2,09,07,02,05,02,01,1,0.3720875084400177,1.0
338,H8T,06,01,1,1,1,1,8,1,1,1,1,8,1,99,,10.0,10.0,01,03,,03,9,,2,2,3,2,2,1,2,65.0,60.0,75.0,997.0,998.0,1,1,1,3,1,1,3,65.0,997.0,75.0,997.0,999.0,99,03,03,3,3,1,3,2,2,2,3,96,96,96,96,96,01,99,01,01,96,99,50.0,50.0,1,1,1,2,99,,2,,01,1923.0,2,07,99,03,05,01,01,2,1.1363251209259033,1.0
339,J5A,16,98,1,1,2,1,2,4,1,2,1,1,1,02,03,6.0,9.0,01,03,01,,1,,1,2,3,1,2,1,1,42.0,60.0,60.0,50.0,50.0,2,2,1,3,2,2,3,2.0,50.0,60.0,60.0,20.0,04,04,04,3,2,1,1,2,2,2,3,02,02,03,03,02,03,02,02,02,02,03,70.0,70.0,1,3,2,2,02,2,,,04,1959.0,1,05,05,02,05,02,10,1,0.9163962006568909,1.0
340,G1E,03,98,1,1,1,2,2,2,2,1,3,2,1,03,97,8.0,5.0,01,03,02,,2,,2,2,3,1,2,1,2,50.0,60.0,60.0,60.0,50.0,2,1,1,2,2,2,2,50.0,60.0,70.0,60.0,60.0,03,03,02,3,3,1,3,3,2,2,3,01,03,03,05,03,03,02,01,01,02,03,60.0,60.0,2,2,2,2,03,2,,,98,1951.0,2,05,03,03,03,02,01,1,0.21248352527618408,1.0
341,G0W,02,98,2,2,2,3,2,2,2,2,2,8,1,02,03,10.0,7.0,01,03,,02,1,,3,1,2,2,3,1,2,60.0,0.0,70.0,0.0,0.0,1,1,1,2,4,2,2,50.0,85.0,70.0,997.0,997.0,02,02,02,3,3,1,3,3,2,2,3,02,02,02,02,02,02,02,02,02,02,02,80.0,70.0,1,1,1,2,02,2,,,04,1958.0,2,04,02,06,04,02,01,1,1.022304654121399,1.0
342,G1R,03,08,2,1,4,1,3,3,2,3,3,4,1,04,02,8.0,5.0,02,04,01,,1,,2,2,3,3,3,1,3,30.0,60.0,20.0,80.0,50.0,1,2,1,2,8,1,3,20.0,70.0,30.0,80.0,50.0,02,04,04,3,2,1,3,3,2,2,2,02,02,02,04,04,02,04,02,02,01,04,50.0,50.0,1,3,2,2,04,2,,,06,1977.0,2,08,03,02,05,02,01,1,0.3720875084400177,1.0
343,G0X,04,96,1,1,1,1,1,3,1,1,2,3,1,02,97,5.0,9.0,02,03,01,,1,,1,1,3,1,2,1,3,10.0,80.0,0.0,40.0,40.0,1,2,1,2,2,2,2,0.0,55.0,0.0,50.0,997.0,02,04,02,3,2,1,4,4,2,1,3,02,02,02,02,02,02,02,02,02,02,02,90.0,40.0,1,4,2,2,02,2,,,04,1952.0,2,06,03,02,05,02,01,1,0.7705016136169434,1.0
344,G6X,12,98,1,1,2,1,8,3,3,2,1,3,1,02,05,7.0,6.0,01,03,,05,1,,2,2,3,2,2,2,2,50.0,70.0,40.0,60.0,60.0,1,1,1,3,2,2,2,40.0,40.0,50.0,60.0,997.0,02,03,03,2,2,1,2,3,2,2,3,01,02,01,02,02,02,02,02,03,01,02,70.0,60.0,1,2,1,2,02,3,,,03,1948.0,2,09,06,03,02,02,01,1,0.21248352527618408,1.0
345,G7B,02,98,2,2,4,3,1,2,2,2,3,2,1,99,,3.0,3.0,01,03,,04,2,,1,4,4,1,1,2,3,0.0,50.0,0.0,0.0,0.0,1,2,1,3,4,4,1,0.0,50.0,0.0,0.0,0.0,06,06,06,2,4,8,2,2,3,2,4,98,98,98,98,98,98,98,02,98,98,98,100.0,50.0,1,3,2,1,98,,2,,98,1950.0,1,07,08,02,05,02,01,1,1.097648024559021,1.0
346,G1C,03,05,1,1,2,1,2,2,4,2,1,2,1,01,03,9.0,8.0,04,03,03,,2,,3,3,3,2,3,2,2,85.0,60.0,80.0,40.0,60.0,1,2,1,4,2,2,3,60.0,30.0,80.0,40.0,10.0,03,03,03,1,1,3,3,2,2,2,3,01,01,01,03,03,03,01,02,03,01,03,10.0,90.0,1,3,2,2,01,2,,,02,1975.0,1,09,07,02,04,02,01,1,0.3281298279762268,1.0
347,J2G,26,01,1,2,2,1,2,1,2,1,2,2,1,02,03,7.0,7.0,01,03,01,,1,,2,2,3,2,3,2,2,50.0,80.0,70.0,50.0,50.0,2,2,1,1,1,2,2,60.0,75.0,80.0,997.0,997.0,03,02,03,3,2,3,2,3,2,2,3,01,03,03,02,03,03,01,02,02,03,03,20.0,80.0,2,3,2,2,02,2,,,04,1984.0,1,06,03,02,05,02,01,1,3.324955463409424,1.0
348,G0A,33,01,1,1,2,1,2,3,1,1,1,1,1,01,97,9.0,7.0,01,03,04,,2,,2,2,2,2,2,8,2,99.0,0.0,55.0,0.0,0.0,1,2,1,4,2,1,3,90.0,0.0,20.0,0.0,997.0,01,01,03,1,1,1,4,2,2,1,3,01,01,01,01,01,03,01,01,01,01,01,20.0,30.0,2,2,1,2,01,2,,,96,1937.0,2,05,02,03,04,02,01,1,1.1706970930099487,1.0
349,G3A,03,04,1,2,4,3,3,2,3,2,2,2,1,03,01,10.0,7.0,02,01,02,,2,,3,2,2,1,2,2,1,70.0,0.0,85.0,0.0,997.0,2,8,2,4,2,1,3,70.0,30.0,90.0,10.0,997.0,01,03,03,3,4,1,4,4,1,2,3,01,03,03,01,98,03,03,03,03,03,03,80.0,80.0,1,3,1,2,03,2,,,96,1965.0,2,07,05,02,03,02,01,1,0.38237690925598145,1.0
350,H1G,06,08,1,2,2,1,2,2,2,1,2,2,1,02,05,8.0,8.0,03,01,,04,1,,1,1,4,1,3,1,1,30.0,50.0,20.0,10.0,45.0,2,2,2,3,2,4,2,20.0,30.0,20.0,997.0,20.0,01,03,03,3,3,1,4,2,4,4,2,02,02,02,02,03,03,01,02,01,02,03,100.0,100.0,8,2,1,1,02,3,,,01,1953.0,1,07,05,02,04,02,01,1,0.9163962006568909,1.0
351,G1W,03,98,2,2,2,2,2,3,2,2,2,2,1,02,05,6.0,6.0,02,03,01,,1,,2,2,3,1,2,8,2,60.0,85.0,70.0,80.0,80.0,2,8,8,3,3,1,3,75.0,80.0,78.0,80.0,80.0,02,04,04,3,2,3,4,4,1,2,4,02,02,02,05,02,03,02,02,02,02,02,85.0,70.0,1,8,8,2,02,1,,,04,1952.0,2,07,08,02,04,02,01,1,0.21248352527618408,1.0
352,G1V,03,98,2,2,3,1,1,3,3,1,2,1,1,02,01,9.0,6.0,02,01,02,,8,1,3,2,4,1,2,2,2,60.0,74.0,75.0,85.0,70.0,2,2,1,3,2,1,4,70.0,75.0,90.0,80.0,75.0,01,03,03,8,2,1,1,1,1,3,3,03,96,96,05,96,03,02,02,96,98,96,50.0,75.0,1,4,3,1,04,2,,,04,1979.0,2,11,03,02,05,02,01,1,0.3720875084400177,1.0
353,G6Z,12,01,1,1,3,1,1,3,3,2,3,3,1,01,97,10.0,10.0,01,03,04,,2,,3,3,2,3,3,2,1,90.0,0.0,50.0,10.0,30.0,1,2,1,4,1,1,4,80.0,25.0,25.0,10.0,5.0,01,01,03,3,1,3,4,1,1,1,4,01,01,01,01,01,01,01,02,01,01,01,0.0,90.0,2,1,1,1,01,1,,,02,1940.0,2,09,02,03,01,02,01,1,0.3228451609611511,1.0
354,H7G,13,15,1,1,1,1,1,3,2,1,1,1,1,02,05,10.0,5.0,01,03,,05,1,,1,1,4,1,2,1,3,0.0,60.0,40.0,60.0,60.0,1,1,1,2,2,2,1,0.0,50.0,40.0,60.0,40.0,02,02,03,1,2,1,4,4,1,1,3,05,02,02,05,02,05,02,02,02,02,05,30.0,80.0,1,2,1,1,02,2,,,04,1934.0,2,05,04,03,03,02,10,1,0.8410736918449402,1.0
355,H2L,06,01,3,3,3,2,1,1,3,2,2,3,1,02,03,5.0,3.0,04,03,02,,2,,1,1,4,1,3,8,3,30.0,40.0,50.0,40.0,50.0,1,2,1,4,2,4,4,30.0,50.0,50.0,40.0,40.0,03,03,03,2,4,1,1,1,2,2,2,03,03,03,05,04,03,98,98,98,03,03,30.0,70.0,1,1,1,4,97,,2,,06,1959.0,1,07,10,01,01,02,01,1,0.9163962006568909,1.0
356,G0W,02,17,2,2,2,3,2,2,2,3,2,2,1,01,03,8.0,8.0,03,01,,02,2,,2,2,2,1,3,2,2,75.0,2.0,40.0,30.0,15.0,1,1,1,4,1,1,2,75.0,2.0,35.0,8.0,2.0,01,01,01,1,1,1,2,1,2,2,2,01,01,01,01,01,01,01,01,01,01,01,50.0,50.0,1,3,2,2,01,2,,,02,1940.0,1,04,03,03,03,02,01,1,1.6677639484405518,1.0
357,H3N,06,06,2,1,1,2,2,1,2,4,4,2,1,99,,10.0,5.0,01,03,04,,2,,3,4,2,2,1,2,3,50.0,30.0,50.0,20.0,0.0,1,2,8,4,1,3,3,70.0,30.0,50.0,30.0,20.0,01,06,01,2,1,1,4,4,2,1,4,01,01,01,01,01,01,01,01,01,01,01,50.0,50.0,8,2,1,2,01,2,,,99,1972.0,2,07,99,02,04,10,10,3,2.6271798610687256,1.0
358,G1C,03,06,1,1,3,1,2,4,1,2,2,4,1,02,04,10.0,10.0,03,01,01,,1,,2,1,3,1,2,1,2,10.0,80.0,10.0,50.0,50.0,1,2,1,3,2,1,3,10.0,90.0,10.0,90.0,70.0,02,04,04,2,2,1,4,4,1,3,4,02,02,04,05,04,02,02,02,02,04,04,100.0,50.0,1,4,4,1,02,1,,,05,1944.0,2,10,04,03,05,02,01,1,0.21248352527618408,1.0
359,J2C,17,02,1,1,1,1,3,3,3,1,2,2,1,02,03,2.0,3.0,06,01,,04,2,,2,2,3,1,1,1,4,25.0,60.0,50.0,25.0,0.0,2,1,1,4,2,2,3,10.0,40.0,80.0,25.0,25.0,03,03,03,3,4,1,2,1,1,4,4,98,02,03,03,02,03,02,02,03,03,03,60.0,75.0,1,4,1,1,97,,1,03,06,1977.0,2,07,04,06,05,02,01,1,1.3492573499679565,1.0
360,J0J,26,99,1,2,2,1,2,3,4,1,1,1,1,03,05,10.0,8.0,01,03,03,,2,,8,2,2,1,2,2,4,30.0,30.0,90.0,100.0,50.0,1,2,1,4,2,3,3,30.0,5.0,80.0,90.0,997.0,01,04,04,3,4,1,4,3,4,2,4,03,04,98,05,04,03,98,98,03,98,03,50.0,998.0,1,3,1,1,03,2,,,03,1959.0,2,09,07,02,05,02,01,1,1.2432608604431152,1.0
361,J0B,17,02,2,2,2,2,3,3,2,2,2,2,1,02,97,9.0,8.0,01,02,,04,8,8,2,2,3,1,3,2,2,30.0,70.0,50.0,40.0,40.0,1,2,1,3,1,2,3,40.0,70.0,50.0,60.0,30.0,02,98,04,3,2,1,3,3,2,2,3,01,02,02,05,04,02,02,02,02,02,02,30.0,60.0,1,3,2,2,02,2,,,07,1946.0,2,09,09,03,05,02,01,1,0.7705016136169434,1.0
362,H2M,06,98,1,1,1,1,1,2,3,1,2,2,2,,,1.0,1.0,01,06,02,,8,1,2,2,3,1,2,2,2,50.0,60.0,60.0,60.0,70.0,2,1,8,3,8,1,2,20.0,50.0,50.0,997.0,997.0,06,06,06,2,4,1,4,3,2,2,4,98,98,98,05,98,98,98,98,98,98,98,60.0,70.0,1,4,4,2,97,,2,,98,1984.0,2,09,01,05,05,02,01,1,1.9063955545425415,1.0
363,J2G,26,01,1,1,2,1,1,4,1,1,1,1,1,02,97,8.0,6.0,01,04,01,,2,,2,1,3,2,1,1,1,20.0,50.0,20.0,30.0,60.0,2,2,1,2,2,1,1,0.0,15.0,10.0,15.0,15.0,06,06,06,2,4,1,2,3,1,2,3,97,97,02,05,96,02,02,02,02,02,97,50.0,60.0,1,3,1,1,02,1,,,04,1985.0,1,05,98,01,04,02,01,2,4.4921369552612305,1.0
364,G7A,12,03,1,1,3,2,2,3,2,2,1,3,1,03,05,8.0,7.0,02,01,02,,2,,2,1,3,1,2,1,2,60.0,25.0,85.0,5.0,60.0,1,1,8,4,1,1,3,50.0,5.0,85.0,5.0,50.0,03,03,03,3,3,1,2,2,3,3,3,03,01,03,05,04,03,03,02,03,01,03,50.0,90.0,8,3,3,2,03,2,,,02,1971.0,2,07,08,02,04,02,01,1,0.38237690925598145,1.0
365,G3A,03,98,1,1,1,1,3,3,3,1,2,3,1,02,01,7.0,8.0,09,01,,03,1,,3,2,2,2,2,2,1,80.0,80.0,60.0,60.0,100.0,1,2,1,2,2,1,3,80.0,60.0,50.0,997.0,997.0,01,02,02,3,4,1,4,4,1,1,4,02,02,01,05,02,02,02,02,02,01,02,80.0,80.0,1,3,3,3,02,2,,,05,1982.0,1,09,04,02,05,02,01,1,0.3281298279762268,1.0
366,G0Z,17,10,2,1,3,1,1,4,1,1,2,3,1,02,05,10.0,8.0,01,03,,05,1,,3,3,2,3,2,1,2,40.0,100.0,30.0,70.0,80.0,1,1,2,1,1,4,4,30.0,75.0,50.0,60.0,60.0,02,02,03,3,2,1,4,4,2,2,2,02,02,02,02,04,02,02,02,02,03,02,60.0,60.0,1,3,3,2,02,1,,,04,1966.0,1,09,10,01,05,02,01,1,1.681884765625,1.0
367,G0C,11,01,1,2,2,3,2,2,2,1,1,2,1,03,01,6.0,1.0,01,07,,02,2,,1,2,3,1,2,1,4,50.0,50.0,60.0,0.0,0.0,1,2,1,3,2,2,2,0.0,65.0,80.0,997.0,20.0,03,03,03,2,1,3,4,4,4,2,4,03,01,02,05,02,01,03,02,01,02,02,0.0,70.0,1,2,3,1,02,2,,,06,1971.0,2,07,05,04,03,02,01,1,1.5534865856170654,1.0
368,J0S,26,07,1,1,4,2,1,1,3,1,1,4,1,02,01,6.0,6.0,01,06,01,,1,,1,1,4,3,1,1,3,60.0,80.0,70.0,80.0,50.0,1,1,2,1,2,1,1,80.0,70.0,40.0,30.0,60.0,03,03,03,3,3,2,3,1,1,1,1,03,03,03,03,03,03,03,03,03,03,03,70.0,80.0,1,4,2,3,02,3,,,04,1974.0,1,04,04,02,05,02,01,1,1.6906625032424927,1.0
369,H2G,06,01,1,2,4,2,3,2,4,2,2,4,1,01,97,7.0,5.0,02,01,03,,2,,3,2,3,1,2,2,1,100.0,0.0,0.0,2.0,3.0,2,1,2,4,2,8,3,40.0,20.0,20.0,10.0,30.0,01,07,03,3,1,1,2,4,2,2,2,01,01,01,05,04,03,01,02,98,01,04,60.0,50.0,1,4,1,2,01,2,,,01,1946.0,2,08,03,07,04,02,01,2,0.74787837266922,1.0
370,G1H,03,01,1,1,1,1,4,2,2,2,2,2,1,03,01,9.0,3.0,03,01,04,,2,,3,1,3,1,2,2,2,25.0,0.0,100.0,0.0,50.0,2,1,1,4,2,1,3,25.0,0.0,100.0,0.0,995.0,03,03,03,3,4,3,4,3,1,1,1,03,03,03,03,03,03,03,03,03,03,03,100.0,100.0,1,4,8,1,03,1,,,96,1988.0,1,05,10,02,05,02,01,1,0.6453179717063904,1.0
371,J1G,05,96,2,1,2,1,3,3,1,1,2,4,1,99,,1.0,5.0,01,02,,03,1,,2,2,2,3,2,2,2,99.0,75.0,75.0,997.0,997.0,1,1,1,4,4,2,2,90.0,70.0,75.0,995.0,995.0,01,01,01,1,4,2,1,1,1,2,4,01,01,01,01,01,01,01,01,01,01,01,70.0,0.0,1,4,2,2,01,1,,,99,1954.0,2,05,02,06,01,02,01,1,0.9124647378921509,1.0
372,J3G,16,98,4,4,4,4,4,4,4,4,4,4,2,,,0.0,0.0,01,02,01,,1,,1,1,4,1,1,1,2,0.0,70.0,0.0,997.0,0.0,8,9,1,3,2,3,2,998.0,998.0,998.0,998.0,998.0,99,98,98,3,4,1,3,2,2,3,4,97,97,97,97,97,97,02,02,02,97,97,0.0,998.0,2,4,3,1,02,2,,,04,1947.0,2,09,99,11,05,02,10,1,0.5535573959350586,1.0
373,G7A,12,07,2,2,3,1,2,3,3,2,2,3,2,,,4.0,3.0,03,01,,04,1,,8,3,4,1,1,8,3,20.0,60.0,50.0,997.0,70.0,1,2,1,3,2,2,2,0.0,50.0,50.0,997.0,997.0,02,03,03,3,4,1,4,2,2,2,4,03,98,98,05,03,03,02,02,02,01,03,40.0,70.0,1,4,1,2,05,2,,,01,1978.0,2,07,05,06,05,02,01,1,0.3720875084400177,1.0
374,H2P,06,99,4,4,4,4,4,4,4,4,4,4,1,04,97,1.0,6.0,03,01,,99,8,3,1,1,3,2,3,1,2,15.0,20.0,0.0,50.0,998.0,2,9,8,3,2,3,2,10.0,10.0,0.0,60.0,998.0,06,06,04,3,3,9,4,4,3,4,4,98,04,98,05,04,04,98,04,98,98,04,50.0,40.0,1,3,3,4,04,3,,,01,1955.0,2,11,04,02,05,02,01,1,0.6555481553077698,1.0
375,G0A,03,98,2,2,2,1,1,3,3,2,2,1,1,01,98,8.0,8.0,01,03,,02,2,,3,2,2,1,2,1,2,80.0,5.0,25.0,10.0,10.0,1,2,1,4,1,1,4,80.0,0.0,0.0,0.0,0.0,01,01,01,1,1,2,4,2,3,1,3,01,01,01,01,01,01,01,01,01,01,01,0.0,50.0,2,3,1,3,01,2,,,01,1956.0,1,05,08,02,05,02,01,1,0.2219046652317047,1.0
376,J1N,05,08,2,1,3,1,2,4,2,2,2,1,1,04,05,9.0,9.0,04,01,02,,1,,1,1,3,2,2,1,3,30.0,50.0,10.0,85.0,80.0,1,2,1,3,2,4,4,20.0,50.0,50.0,80.0,50.0,04,04,04,2,2,1,4,4,3,2,4,04,04,04,05,04,03,02,02,04,04,04,50.0,70.0,1,4,3,2,04,2,,,03,1985.0,1,09,01,05,05,02,01,1,3.2186999320983887,1.0
377,G2L,03,96,1,1,1,2,3,2,3,2,1,4,1,02,03,9.0,6.0,03,01,03,,2,,2,2,3,2,2,1,8,10.0,50.0,50.0,60.0,997.0,8,2,1,4,2,2,2,10.0,30.0,60.0,50.0,30.0,03,03,03,1,1,3,4,2,2,2,4,03,03,03,03,02,03,03,02,03,03,03,60.0,60.0,1,4,2,1,02,3,,,04,1973.0,2,09,10,02,05,02,01,1,0.3720875084400177,1.0
378,J0R,25,01,1,1,2,1,2,1,2,1,4,2,1,99,,6.0,8.0,01,03,,03,2,,2,2,3,2,2,1,2,70.0,50.0,0.0,0.0,50.0,2,1,1,4,2,1,3,60.0,0.0,50.0,40.0,50.0,06,98,01,3,1,3,4,1,2,2,3,01,01,01,05,01,01,03,02,01,98,01,75.0,60.0,8,2,2,1,01,2,,,99,1958.0,2,07,02,08,04,01,01,2,1.6796976327896118,1.0
379,H2T,06,01,1,1,2,1,2,3,3,1,2,3,1,05,04,8.0,8.0,03,01,,04,1,,3,2,3,1,8,1,2,55.0,60.0,40.0,90.0,85.0,1,2,1,3,2,2,3,60.0,60.0,60.0,90.0,80.0,04,04,04,1,3,1,4,2,1,3,3,01,01,01,05,04,03,02,04,04,01,04,85.0,60.0,1,3,3,3,04,2,,,96,1956.0,2,09,05,02,05,02,01,1,0.6555481553077698,1.0
380,G3K,03,04,1,1,1,1,3,2,1,1,1,1,1,04,02,10.0,10.0,01,03,03,,2,,1,1,3,1,2,1,2,50.0,60.0,55.0,80.0,50.0,1,2,1,4,2,1,1,50.0,50.0,60.0,75.0,50.0,01,03,03,3,3,1,4,2,1,1,4,03,03,04,04,03,03,04,04,04,03,04,50.0,50.0,1,2,1,4,04,2,,,04,1958.0,1,07,04,02,05,02,01,1,0.2219046652317047,1.0
381,G0C,11,03,1,1,2,1,2,3,1,1,1,2,1,01,03,8.0,8.0,01,02,03,,2,,1,1,4,1,1,1,1,75.0,25.0,75.0,50.0,25.0,1,1,2,4,4,1,3,25.0,0.0,100.0,25.0,997.0,03,03,03,2,1,3,1,2,4,2,4,01,01,97,03,03,03,03,03,97,97,03,80.0,75.0,1,4,1,1,01,2,,,06,1967.0,1,04,03,04,05,02,01,1,1.9752861261367798,1.0
382,G1J,03,07,1,1,1,1,2,2,3,1,1,3,1,01,03,8.0,4.0,01,03,03,,2,,2,1,3,1,3,2,2,90.0,0.0,50.0,0.0,0.0,1,1,2,1,1,2,3,90.0,0.0,50.0,998.0,50.0,01,98,03,3,3,1,3,2,2,2,4,01,98,01,01,01,03,01,98,01,98,01,50.0,90.0,1,2,2,2,01,2,,,01,1964.0,2,05,01,06,04,02,01,1,0.38237690925598145,1.0
383,J0B,05,08,2,1,2,1,3,3,3,1,2,3,1,05,97,7.0,6.0,02,01,,03,2,,1,1,3,1,1,1,2,60.0,60.0,60.0,70.0,70.0,1,8,8,4,2,3,2,50.0,50.0,50.0,60.0,50.0,98,04,04,3,1,3,4,3,3,2,3,01,02,98,05,98,98,98,02,98,01,98,40.0,50.0,1,4,2,3,97,,1,05,03,1962.0,2,10,04,02,05,01,01,1,0.9124647378921509,1.0
384,H1L,06,18,1,1,3,1,4,4,2,1,3,1,1,02,03,8.0,2.0,01,03,,03,1,,2,1,2,1,2,1,4,35.0,65.0,70.0,50.0,50.0,1,2,1,3,2,3,1,40.0,50.0,60.0,60.0,70.0,03,03,04,3,4,1,4,3,3,3,4,03,03,03,05,04,03,03,03,04,03,03,60.0,60.0,1,4,3,2,02,3,,,06,1964.0,2,08,10,02,05,02,01,1,0.9961626529693604,1.0
385,G0L,01,98,4,4,4,2,4,1,4,4,4,4,1,97,,0.0,2.0,01,03,,02,2,,1,1,4,1,2,1,4,0.0,10.0,10.0,10.0,30.0,1,2,1,4,2,2,1,0.0,10.0,30.0,5.0,10.0,07,03,03,2,4,1,4,4,2,2,2,97,97,97,05,02,03,03,02,97,03,03,0.0,10.0,8,2,1,1,97,,2,,96,1948.0,1,09,10,02,01,02,01,1,1.097648024559021,1.0
386,G0A,32,96,2,2,2,1,2,2,1,1,1,2,1,04,02,8.0,8.0,01,02,01,,1,,1,1,3,1,2,1,2,0.0,50.0,50.0,90.0,80.0,1,2,1,1,2,4,2,0.0,60.0,50.0,100.0,998.0,04,04,04,3,2,1,8,4,2,2,4,04,04,04,05,04,04,02,02,02,02,04,60.0,50.0,1,4,2,2,04,1,,,98,1964.0,2,07,02,03,05,02,01,1,1.3865697383880615,1.0
387,H1H,06,17,2,1,3,1,1,1,1,1,1,3,2,,,7.0,7.0,01,02,03,,1,,1,8,3,1,2,2,2,70.0,50.0,30.0,30.0,10.0,2,1,2,4,2,1,3,10.0,20.0,20.0,997.0,997.0,02,02,02,3,4,2,1,1,1,3,3,96,03,98,98,96,03,96,02,02,02,96,50.0,50.0,8,2,2,2,01,2,,,06,1973.0,2,05,02,06,05,02,01,1,0.9693608283996582,1.0
388,J7L,14,01,1,1,1,2,2,3,3,2,1,3,1,03,02,5.0,9.0,01,03,02,,1,,2,3,1,1,2,1,1,50.0,60.0,65.0,0.0,0.0,1,2,1,3,2,1,3,5.0,10.0,40.0,0.0,0.0,02,01,02,3,2,1,4,3,3,3,4,02,02,02,02,02,02,02,02,02,02,02,0.0,50.0,2,4,2,3,02,1,,,04,1968.0,1,07,04,02,05,96,08,1,1.3925409317016602,1.0
389,G1V,03,05,1,1,1,1,2,2,2,2,1,2,1,04,03,10.0,8.0,02,03,,03,1,,3,3,3,2,3,2,2,60.0,55.0,60.0,90.0,55.0,1,2,1,3,4,1,3,55.0,50.0,80.0,90.0,997.0,04,04,04,3,3,1,4,3,2,3,3,04,02,04,05,04,04,03,02,98,03,04,80.0,70.0,1,3,3,3,04,2,,,04,1961.0,2,10,10,02,04,02,01,1,0.25163137912750244,1.0
390,G6B,05,08,1,2,2,1,2,2,2,3,2,3,1,02,03,7.0,6.0,01,02,,04,1,,2,3,3,1,2,1,3,20.0,80.0,70.0,998.0,60.0,2,2,1,2,2,2,2,10.0,80.0,80.0,55.0,35.0,03,03,02,2,2,1,2,2,3,3,3,02,03,02,03,03,03,02,02,02,02,03,70.0,80.0,1,3,1,2,02,2,,,04,1962.0,1,04,03,02,05,02,01,1,1.1068066358566284,1.0
391,G8Y,04,98,1,1,1,1,1,1,1,1,1,1,1,01,97,10.0,10.0,98,,,01,1,,3,1,3,1,2,2,3,100.0,100.0,0.0,100.0,0.0,1,2,2,1,1,1,1,50.0,100.0,50.0,0.0,0.0,02,03,03,3,3,2,3,1,2,2,1,98,98,98,98,98,98,98,98,98,98,98,100.0,100.0,1,1,1,3,02,2,,,98,1973.0,2,04,02,04,05,02,01,1,1.3492573499679565,1.0
392,J0R,25,98,1,1,3,2,3,3,1,3,2,2,1,01,97,10.0,10.0,03,01,02,,2,,1,1,2,3,3,1,1,100.0,75.0,997.0,50.0,50.0,8,8,8,4,1,2,4,90.0,50.0,75.0,75.0,50.0,01,01,03,3,1,3,3,1,1,2,1,01,97,01,97,98,98,98,01,98,98,98,25.0,75.0,1,3,3,8,01,1,,,01,1930.0,2,04,02,03,05,02,01,1,1.595116138458252,1.0
393,J6S,26,08,1,1,2,1,2,3,2,1,1,1,1,03,04,7.0,7.0,01,03,,04,1,,2,3,2,1,2,1,1,50.0,75.0,75.0,75.0,50.0,1,2,1,3,2,2,2,50.0,70.0,75.0,70.0,997.0,03,03,03,3,3,1,3,3,2,2,4,03,98,03,03,03,03,03,03,03,03,03,50.0,60.0,1,2,2,2,03,2,,,04,1957.0,2,05,99,02,04,02,01,1,1.2432608604431152,1.0
394,H2E,06,98,1,3,4,2,3,3,2,4,4,2,1,01,03,8.0,8.0,01,03,,01,2,,1,1,3,1,2,1,2,75.0,50.0,50.0,25.0,25.0,1,2,1,4,2,2,3,70.0,50.0,65.0,998.0,998.0,01,03,03,3,1,1,8,2,2,1,4,98,97,97,01,03,03,02,02,01,01,01,0.0,50.0,2,3,2,1,01,2,,,02,1946.0,2,07,03,03,04,02,01,1,0.5535573959350586,1.0
395,G6V,12,98,2,3,2,2,2,2,4,2,2,4,1,05,97,8.0,10.0,96,,03,,2,,1,1,3,1,2,1,2,75.0,50.0,80.0,80.0,60.0,1,2,1,3,1,2,1,60.0,60.0,75.0,80.0,997.0,04,04,04,3,4,1,4,2,2,3,4,96,98,98,04,04,04,03,02,03,98,03,70.0,75.0,2,3,2,2,04,2,,,98,1958.0,2,08,03,02,05,02,01,1,0.25163137912750244,1.0
396,G1H,03,13,1,2,3,2,1,1,1,2,2,1,1,01,03,7.0,5.0,03,01,,03,2,,2,1,3,1,2,1,1,70.0,10.0,50.0,20.0,10.0,1,1,1,4,1,2,3,70.0,10.0,60.0,30.0,30.0,01,01,03,1,3,1,4,3,1,2,4,01,01,01,01,01,03,01,01,01,01,01,70.0,70.0,2,2,2,1,01,2,,,02,1949.0,2,05,06,03,01,02,01,1,0.21248352527618408,1.0
397,H7W,13,01,1,2,3,1,1,1,2,1,1,1,1,02,03,8.0,7.0,01,97,01,,2,,4,1,4,1,1,1,4,0.0,90.0,90.0,0.0,0.0,1,2,1,1,2,1,2,0.0,60.0,80.0,0.0,0.0,03,03,03,2,2,1,2,4,4,4,4,03,03,03,02,03,03,03,02,02,02,02,0.0,5.0,1,2,1,1,02,2,,,06,1943.0,2,04,01,07,05,02,01,1,0.5535573959350586,1.0
398,J6X,14,10,1,1,2,1,8,4,2,1,1,2,1,02,05,8.0,6.0,01,03,02,,1,,1,1,3,2,2,2,3,70.0,90.0,70.0,60.0,80.0,1,2,1,2,2,1,4,70.0,90.0,70.0,60.0,80.0,02,02,02,3,3,1,1,3,2,2,4,02,02,02,01,03,02,02,02,02,02,02,70.0,70.0,1,3,1,2,02,2,,,06,1989.0,2,06,98,05,05,02,01,1,1.9063955545425415,1.0
399,J7E,15,10,1,1,1,1,2,4,1,1,2,2,1,02,04,9.0,7.0,01,03,,05,1,,3,3,2,1,2,2,2,30.0,95.0,30.0,90.0,80.0,1,8,1,1,2,1,3,10.0,80.0,30.0,80.0,70.0,02,07,04,3,2,1,2,1,1,2,4,98,02,98,05,04,02,02,02,02,02,04,40.0,30.0,1,4,3,2,02,2,,,04,1951.0,2,07,04,02,05,02,01,1,0.5535573959350586,1.0
400,J4Z,16,05,1,1,3,2,1,2,2,3,1,1,1,03,02,10.0,8.0,03,01,02,,2,,1,2,3,1,2,8,2,30.0,50.0,80.0,20.0,20.0,1,2,1,4,2,2,3,30.0,50.0,85.0,20.0,20.0,03,03,03,3,3,1,3,8,2,2,3,03,03,98,01,03,03,02,02,03,03,03,0.0,80.0,1,3,1,1,03,1,,,02,1940.0,2,05,05,03,05,02,01,1,0.8410736918449402,1.0
401,G1Y,03,01,2,2,3,2,1,3,2,3,2,2,1,02,03,8.0,8.0,01,02,,04,1,,2,2,3,2,2,2,2,50.0,40.0,50.0,5.0,10.0,2,1,1,4,2,1,1,50.0,50.0,50.0,10.0,997.0,01,03,03,1,2,1,4,1,1,1,3,02,02,01,02,02,02,01,02,02,03,02,70.0,70.0,1,3,3,2,02,2,,,04,1950.0,1,09,06,02,05,02,01,1,0.18738064169883728,1.0
402,H9W,06,01,1,2,3,2,3,3,3,2,3,3,1,05,01,5.0,5.0,03,01,,02,2,,2,2,3,1,3,1,2,75.0,30.0,50.0,10.0,80.0,1,2,1,4,3,3,2,80.0,40.0,50.0,40.0,80.0,01,05,03,2,1,1,3,2,2,3,4,03,03,01,05,03,01,01,02,01,01,98,20.0,70.0,1,2,3,1,01,3,,,03,1964.0,2,08,10,06,03,02,01,1,0.9961626529693604,1.0
403,H3E,06,01,1,1,3,1,2,2,2,2,3,2,1,01,03,8.0,8.0,03,01,03,,2,,3,3,3,1,2,1,2,50.0,20.0,40.0,20.0,25.0,1,2,1,4,2,2,4,60.0,40.0,50.0,50.0,40.0,01,01,04,3,1,3,3,2,2,3,3,01,01,01,05,04,04,01,02,01,01,01,40.0,70.0,1,4,3,4,01,3,,,01,1960.0,2,10,10,02,04,01,01,1,0.6555481553077698,1.0
404,H1K,06,02,2,3,3,2,1,4,3,2,2,3,1,03,02,10.0,7.0,01,03,02,,1,,2,3,3,1,2,2,3,0.0,50.0,85.0,20.0,20.0,1,2,1,4,1,2,3,1.0,45.0,80.0,997.0,20.0,03,02,03,3,3,1,2,2,3,1,4,03,03,02,03,03,03,02,03,03,03,02,5.0,95.0,1,3,3,2,02,3,,,02,1983.0,2,09,03,02,05,02,01,1,1.9063955545425415,1.0
405,G1S,03,06,2,1,4,1,2,2,3,3,2,2,1,01,03,9.0,10.0,03,01,02,,1,,3,2,3,2,2,2,2,65.0,45.0,60.0,15.0,25.0,2,2,1,3,1,2,3,70.0,20.0,60.0,10.0,10.0,01,03,03,1,3,1,3,1,1,2,2,03,03,01,05,04,03,02,02,01,03,02,40.0,80.0,1,3,2,3,97,,1,97,01,1957.0,1,10,10,02,04,02,01,1,0.2219046652317047,1.0
406,G6K,12,07,1,3,4,4,4,2,4,4,2,4,1,03,97,9.0,6.0,02,01,,04,2,,1,1,4,1,1,1,4,20.0,0.0,80.0,0.0,0.0,1,2,2,4,2,1,1,20.0,0.0,80.0,0.0,998.0,03,03,03,3,4,1,2,1,4,4,1,03,03,03,03,03,03,03,03,03,03,03,0.0,100.0,8,4,4,1,03,1,,,02,1975.0,2,07,08,02,05,02,01,1,0.3720875084400177,1.0
407,G6Z,12,02,2,2,4,1,1,2,3,3,1,2,1,03,05,10.0,7.0,01,04,,04,2,,2,1,4,1,2,1,2,50.0,50.0,80.0,30.0,30.0,2,1,2,4,2,1,3,50.0,30.0,90.0,30.0,998.0,03,03,03,2,4,1,1,1,2,2,4,98,03,03,98,98,03,03,02,03,03,03,0.0,100.0,8,4,2,1,03,2,,,03,1976.0,2,09,08,01,04,02,01,1,0.3720875084400177,1.0
408,G1V,03,08,2,1,2,1,2,4,4,1,2,4,1,01,05,8.0,9.0,03,01,,03,2,,4,4,2,3,2,2,1,70.0,40.0,0.0,10.0,20.0,1,2,1,4,1,1,4,65.0,40.0,10.0,15.0,997.0,01,01,01,1,1,1,4,2,1,1,3,01,01,01,01,01,01,01,01,01,01,01,70.0,70.0,1,2,3,4,01,2,,,03,1971.0,1,11,08,02,04,02,02,3,0.889306366443634,1.0
409,J5A,16,05,1,2,2,1,2,3,3,3,3,3,1,99,,4.0,10.0,01,03,,04,2,,2,2,2,1,2,2,2,60.0,60.0,50.0,40.0,40.0,1,1,1,4,2,2,3,55.0,50.0,60.0,40.0,30.0,03,03,03,3,3,1,4,1,2,1,3,01,03,01,03,03,03,02,02,01,01,03,50.0,50.0,1,4,3,3,97,,2,,99,1957.0,1,09,10,02,04,02,01,1,0.9163962006568909,1.0
410,G1S,03,96,1,1,3,1,1,2,4,3,1,3,1,01,05,7.0,7.0,03,96,,03,2,,2,2,2,1,3,2,1,60.0,30.0,40.0,10.0,60.0,1,2,1,4,1,1,3,70.0,40.0,60.0,60.0,65.0,01,01,01,3,1,1,3,1,1,2,3,01,01,01,01,01,01,01,96,98,01,01,30.0,70.0,2,1,1,3,01,2,,,02,1924.0,1,07,05,03,01,02,01,1,0.28470510244369507,1.0
411,J4K,16,10,2,1,1,2,1,3,1,1,2,3,1,02,04,8.0,8.0,03,01,01,,1,,2,2,3,2,3,1,2,30.0,80.0,5.0,60.0,15.0,1,2,1,2,3,1,3,10.0,60.0,3.0,30.0,5.0,02,02,04,3,2,1,4,4,1,1,3,02,02,02,02,04,02,02,02,02,02,04,80.0,60.0,1,4,4,4,02,2,,,04,1949.0,2,09,06,03,05,02,01,1,0.5535573959350586,1.0
412,G7A,12,03,2,2,4,1,3,4,2,2,3,2,1,05,04,1.0,4.0,03,07,02,,2,,3,2,1,1,2,2,1,60.0,40.0,50.0,40.0,70.0,1,2,1,4,2,3,3,50.0,50.0,60.0,60.0,60.0,01,04,04,3,4,3,3,2,1,3,4,01,98,98,05,04,03,01,02,03,03,04,75.0,75.0,1,3,2,1,98,,8,,06,1953.0,2,09,06,02,05,02,01,1,0.25163137912750244,1.0
413,G8L,02,01,1,1,3,1,1,3,2,2,3,2,1,01,02,8.0,9.0,03,01,,03,1,,2,2,1,1,2,2,1,65.0,60.0,45.0,40.0,40.0,1,1,1,3,1,1,4,45.0,10.0,40.0,35.0,20.0,01,02,04,1,3,1,3,1,2,3,4,01,02,01,05,04,03,02,02,01,01,04,65.0,70.0,2,3,2,1,01,3,,,02,1940.0,2,09,08,03,02,02,01,1,1.3116263151168823,1.0
414,J0P,26,02,2,2,4,2,2,4,4,2,1,2,1,03,01,8.0,8.0,03,01,,04,2,,3,2,2,3,3,1,2,60.0,50.0,75.0,35.0,70.0,2,2,1,4,2,1,2,55.0,50.0,70.0,60.0,997.0,01,03,03,3,3,1,4,1,1,1,4,01,02,01,05,04,03,03,02,03,01,03,50.0,75.0,2,3,1,2,03,2,,,02,1938.0,1,09,10,01,03,02,01,1,1.466917634010315,1.0
415,J1Z,17,98,1,4,4,1,1,1,3,1,1,4,1,99,,8.0,6.0,01,03,02,,9,,1,1,4,1,1,1,4,999.0,999.0,999.0,999.0,999.0,1,2,2,9,8,4,1,999.0,999.0,999.0,999.0,999.0,99,99,99,2,4,1,4,1,1,8,4,99,99,99,99,99,99,99,99,99,99,99,50.0,70.0,1,2,3,1,99,,2,,99,1936.0,1,09,99,03,99,02,01,1,1.4200392961502075,1.0
416,G1J,03,98,2,1,2,1,8,4,8,2,2,8,1,99,,5.0,5.0,96,,,03,2,,1,3,3,1,3,2,2,60.0,30.0,998.0,998.0,998.0,2,2,2,4,1,2,2,60.0,30.0,997.0,997.0,997.0,01,98,98,1,3,3,1,4,1,8,4,98,98,98,98,98,98,98,01,98,98,98,50.0,50.0,8,8,1,8,01,2,,,99,1958.0,1,05,99,02,02,02,01,1,0.2219046652317047,1.0
417,G1Y,03,04,2,1,3,4,4,2,4,3,2,2,1,03,01,5.0,5.0,03,01,04,,2,,1,1,4,1,2,1,3,40.0,0.0,60.0,0.0,10.0,2,1,2,4,8,4,2,40.0,40.0,60.0,0.0,998.0,03,03,03,2,8,3,1,1,2,2,4,03,03,03,03,01,03,03,03,03,03,03,0.0,30.0,8,4,3,2,97,,1,03,02,1953.0,1,11,99,02,05,02,01,1,0.2219046652317047,1.0
418,J4J,16,01,1,1,1,2,2,3,2,1,1,1,1,03,97,8.0,5.0,01,06,,04,2,,2,1,4,1,3,1,3,50.0,60.0,80.0,20.0,20.0,1,2,1,4,1,1,2,60.0,60.0,75.0,20.0,998.0,06,03,03,3,4,2,1,1,2,2,3,03,03,98,03,03,03,03,03,03,98,03,50.0,50.0,1,2,2,2,03,1,,,04,1947.0,2,05,01,07,02,02,01,1,0.5535573959350586,1.0
419,G7A,12,02,2,2,3,3,2,3,3,2,2,2,1,03,97,10.0,8.0,03,02,,01,2,,1,2,3,1,2,1,3,30.0,30.0,80.0,0.0,0.0,1,1,1,4,2,3,3,0.0,20.0,80.0,0.0,0.0,03,03,03,3,1,1,1,1,2,2,3,03,03,03,03,03,03,03,03,03,03,03,0.0,75.0,2,4,2,1,03,2,,,02,1947.0,1,07,09,02,05,02,01,1,0.18738064169883728,1.0
420,J0K,24,96,2,1,2,4,2,1,4,2,2,2,1,03,01,9.0,9.0,01,03,,03,2,,2,2,3,2,2,2,1,40.0,10.0,90.0,0.0,0.0,2,1,1,4,2,4,4,60.0,0.0,99.0,0.0,0.0,03,03,03,3,1,3,2,1,3,2,3,03,03,03,98,03,03,03,03,03,03,03,0.0,40.0,2,3,1,4,03,2,,,02,1952.0,2,98,10,01,05,02,01,1,1.049834966659546,1.0
421,H7A,13,01,1,1,2,2,3,2,3,2,1,3,1,03,02,9.0,7.0,03,01,03,,1,,2,2,3,1,2,2,2,40.0,55.0,70.0,45.0,30.0,2,1,1,2,2,2,3,40.0,55.0,70.0,998.0,35.0,03,03,03,2,3,1,3,2,3,3,4,03,03,03,05,04,03,03,02,03,03,04,35.0,75.0,1,3,2,1,03,2,,,04,1973.0,1,09,99,02,04,02,01,1,1.3550678491592407,1.0
422,G7X,02,98,1,2,2,2,2,2,3,2,2,4,1,99,,5.0,5.0,03,01,,05,1,,2,1,3,1,2,1,2,40.0,100.0,998.0,0.0,997.0,2,1,1,1,1,2,2,50.0,60.0,60.0,997.0,997.0,03,03,03,3,2,1,4,4,4,2,4,01,02,97,05,98,02,02,02,01,98,98,50.0,50.0,1,1,2,2,02,2,,,04,1960.0,2,05,04,02,03,02,01,1,1.022304654121399,1.0
423,H3N,06,03,1,1,4,1,3,1,3,1,1,4,1,99,,8.0,6.0,01,03,,04,2,,1,1,2,1,1,1,2,0.0,50.0,90.0,0.0,0.0,1,2,1,4,2,2,4,0.0,50.0,95.0,0.0,0.0,03,03,03,2,4,1,4,4,2,2,4,02,03,03,05,03,03,03,03,01,03,03,60.0,0.0,2,1,1,1,03,1,,,03,1968.0,2,10,99,02,05,02,01,1,0.9961626529693604,1.0
424,J7V,16,01,1,1,2,1,1,1,1,2,2,2,1,02,03,8.0,8.0,01,06,,04,1,,1,1,3,1,2,1,3,30.0,80.0,70.0,997.0,20.0,1,2,2,1,2,1,3,0.0,80.0,70.0,997.0,997.0,03,03,03,3,2,1,3,3,3,3,4,03,02,03,03,03,02,03,02,02,03,02,0.0,50.0,2,4,1,1,02,2,,,04,1966.0,2,06,08,01,05,02,01,1,0.9961626529693604,1.0
425,G1S,03,18,2,2,1,2,4,3,1,1,2,4,1,02,04,10.0,8.0,01,03,02,,1,,1,2,3,3,3,2,2,10.0,80.0,10.0,50.0,25.0,1,2,1,9,2,1,3,0.0,60.0,5.0,50.0,997.0,98,07,03,3,2,1,4,4,1,4,4,02,02,01,04,02,02,02,02,01,01,02,50.0,60.0,1,4,2,8,02,9,,,99,1955.0,2,09,99,02,05,02,01,1,0.25163137912750244,1.0
426,H1N,06,98,1,1,3,2,1,1,8,1,2,8,1,95,,3.0,3.0,01,03,,04,1,,2,3,1,1,2,2,3,50.0,60.0,70.0,997.0,997.0,1,2,1,1,1,2,3,997.0,50.0,50.0,50.0,997.0,01,01,01,1,1,3,3,2,2,2,1,01,98,98,98,02,03,02,02,03,98,98,0.0,60.0,2,2,2,8,02,3,,,98,1927.0,2,04,01,03,01,02,01,1,0.8410736918449402,1.0
427,G1Y,03,02,2,2,3,2,1,1,3,1,2,3,1,02,03,5.0,3.0,01,03,,04,1,,1,2,3,2,2,2,1,40.0,75.0,50.0,998.0,998.0,1,1,2,4,1,2,2,20.0,50.0,50.0,25.0,997.0,02,06,03,3,2,1,2,2,1,2,4,02,02,02,02,04,04,02,02,02,02,04,75.0,75.0,2,4,2,1,97,,1,02,04,1949.0,1,07,05,02,05,02,01,1,0.18738064169883728,1.0
428,J4H,16,98,1,2,1,1,2,1,1,1,4,1,1,02,03,10.0,10.0,01,03,01,,1,,1,1,4,1,2,1,3,0.0,100.0,75.0,997.0,55.0,1,2,2,1,1,2,4,100.0,100.0,85.0,75.0,100.0,03,03,03,2,2,1,1,1,1,2,4,03,03,03,02,03,03,02,02,02,03,03,100.0,60.0,1,2,1,1,02,1,,,04,1950.0,2,05,02,02,02,02,01,1,0.5535573959350586,1.0
429,G8L,02,10,1,1,1,2,3,1,1,2,2,3,1,02,03,7.0,7.0,01,06,02,,1,,2,2,2,1,2,1,3,20.0,75.0,50.0,997.0,997.0,1,8,1,1,2,1,3,20.0,40.0,60.0,997.0,997.0,06,03,03,2,2,1,4,3,1,1,2,98,98,98,05,02,03,02,02,02,02,02,75.0,70.0,2,4,1,1,02,2,,,04,1948.0,2,05,05,01,05,02,01,1,0.8632587194442749,1.0
430,J0B,05,08,1,1,1,2,3,3,2,1,2,4,1,02,04,10.0,10.0,03,02,96,,1,,4,1,2,1,2,2,2,50.0,40.0,50.0,50.0,60.0,1,2,1,3,2,1,4,45.0,45.0,45.0,50.0,60.0,02,02,02,3,4,3,3,1,1,2,4,98,98,98,98,04,98,02,02,02,98,98,75.0,75.0,1,4,1,3,02,3,,,04,1950.0,1,10,06,11,05,02,01,1,0.9346079230308533,1.0
431,H2B,06,07,1,1,1,2,2,2,1,1,2,3,1,99,,10.0,10.0,03,01,,03,8,8,8,1,2,3,2,2,2,80.0,60.0,85.0,50.0,50.0,1,2,1,4,1,1,2,85.0,50.0,85.0,60.0,50.0,03,03,03,1,3,1,1,1,2,4,3,03,03,03,01,03,03,03,03,03,03,03,70.0,75.0,2,4,1,1,97,,1,03,02,1926.0,2,09,09,03,04,02,10,1,0.8410736918449402,1.0
432,G0X,04,07,1,1,4,3,3,1,4,2,1,4,1,03,01,10.0,7.0,01,03,,04,2,,8,2,3,1,2,1,1,70.0,0.0,100.0,0.0,0.0,1,2,1,4,1,1,3,50.0,0.0,100.0,0.0,0.0,03,03,03,3,1,3,2,1,2,2,4,03,03,03,03,03,03,03,02,03,03,03,0.0,50.0,2,1,1,1,03,1,,,02,1970.0,1,06,02,02,05,02,01,1,1.681884765625,1.0
433,J1H,05,98,2,4,3,1,1,3,2,3,4,2,2,,,10.0,10.0,04,02,,04,2,,3,3,2,2,2,1,4,50.0,50.0,50.0,50.0,50.0,1,1,1,3,1,4,3,50.0,50.0,50.0,50.0,50.0,01,05,05,3,3,3,4,4,1,1,4,98,98,98,05,04,98,02,98,98,03,04,50.0,50.0,1,4,3,1,97,,1,02,05,1979.0,1,10,01,05,04,02,01,1,1.6366344690322876,1.0
434,G6Z,12,10,2,2,3,2,2,4,1,2,2,3,1,02,97,4.0,9.0,01,03,,05,1,,2,2,4,1,3,1,2,5.0,60.0,15.0,5.0,5.0,1,2,1,3,1,1,3,2.0,30.0,40.0,0.0,2.0,06,03,03,2,2,1,3,2,3,3,2,01,02,02,02,03,03,02,02,02,02,03,10.0,80.0,1,4,3,1,02,2,,,04,1940.0,1,09,10,01,05,02,01,1,0.28470510244369507,1.0
435,J3X,16,98,1,2,3,2,3,3,1,2,1,1,1,02,03,9.0,3.0,03,01,03,,2,,2,3,3,1,2,8,2,30.0,70.0,70.0,50.0,10.0,2,8,2,4,2,2,3,50.0,50.0,50.0,997.0,997.0,98,06,03,8,3,1,8,1,3,3,4,03,02,98,02,03,03,98,02,98,03,03,40.0,70.0,1,3,2,1,02,2,,,04,1966.0,2,07,03,02,05,02,01,1,0.9961626529693604,1.0
436,G6B,05,16,1,1,3,1,1,3,1,1,1,1,1,01,02,8.0,8.0,01,03,,02,2,,2,1,2,1,2,1,2,90.0,75.0,20.0,3.0,0.0,2,2,2,3,1,3,2,75.0,50.0,75.0,50.0,50.0,01,01,01,3,3,3,2,4,1,1,2,01,01,01,01,01,01,01,01,02,01,01,0.0,100.0,2,1,1,4,01,2,,,01,1937.0,1,05,98,03,03,02,01,1,1.4200392961502075,1.0
437,G5C,09,01,1,2,2,1,3,3,4,2,2,3,1,01,97,9.0,6.0,01,03,,03,2,,1,2,3,1,2,1,3,70.0,50.0,40.0,30.0,80.0,1,8,8,4,8,2,3,60.0,20.0,30.0,997.0,997.0,01,06,03,3,1,1,4,4,1,1,2,98,98,98,05,98,98,98,98,01,98,98,80.0,80.0,2,2,1,2,01,2,,,98,1961.0,2,09,10,02,04,02,01,1,1.022304654121399,1.0
438,G7S,02,08,1,1,1,1,1,2,2,1,1,3,1,99,,9.0,7.0,03,01,,03,1,,3,2,2,1,2,2,2,75.0,75.0,70.0,50.0,50.0,1,2,1,3,2,3,2,65.0,80.0,85.0,70.0,50.0,03,02,02,3,3,1,1,3,2,2,4,01,02,02,03,02,01,02,03,02,02,03,80.0,70.0,1,3,2,2,02,2,,,04,1975.0,1,09,03,02,02,02,01,1,1.9221409559249878,1.0
439,J0J,26,01,2,1,2,2,3,3,2,2,2,3,1,97,,6.0,7.0,01,02,02,,2,,8,1,3,1,2,2,2,60.0,50.0,60.0,30.0,30.0,2,2,1,4,2,2,2,50.0,50.0,60.0,50.0,30.0,06,06,03,3,3,1,4,1,1,2,3,01,01,98,05,03,03,01,03,03,03,03,30.0,60.0,8,3,1,1,02,3,,,07,1960.0,2,07,10,01,04,02,01,1,1.2432608604431152,1.0
440,J2J,26,02,1,1,2,1,2,4,1,1,1,1,1,03,02,2.0,7.0,03,02,,05,1,,1,1,4,1,2,1,3,0.0,50.0,75.0,90.0,80.0,1,2,1,4,1,2,1,0.0,0.0,55.0,80.0,70.0,98,03,03,1,2,1,4,2,4,3,4,03,03,03,03,98,03,03,03,03,98,03,5.0,80.0,1,3,2,1,02,3,,,04,1942.0,2,08,03,01,05,01,01,1,1.595116138458252,1.0
441,J0A,05,06,1,1,2,1,3,3,3,2,2,2,1,02,05,9.0,5.0,02,01,03,,2,,2,1,3,1,1,9,2,40.0,50.0,30.0,70.0,60.0,2,2,1,3,2,1,2,30.0,50.0,30.0,70.0,60.0,02,04,04,3,1,3,4,4,1,2,4,97,02,02,97,04,04,04,04,02,02,04,40.0,50.0,1,4,2,1,02,2,,,04,1952.0,2,09,04,01,05,02,01,1,0.7705016136169434,1.0
442,J2W,26,98,1,1,2,1,1,1,1,1,1,1,2,,,99.0,4.0,01,04,,03,2,,2,1,3,1,1,1,3,45.0,45.0,998.0,997.0,35.0,1,1,2,4,2,1,1,40.0,40.0,45.0,997.0,997.0,06,06,02,3,3,1,8,1,8,3,4,03,98,98,05,98,98,98,02,02,96,97,9.0,0.0,2,1,1,2,98,,2,,04,1946.0,2,09,99,03,05,02,01,2,1.4183701276779175,1.0
443,G0S,32,12,1,2,3,1,2,3,1,1,1,1,1,01,03,6.0,8.0,01,03,04,,2,,1,1,2,1,2,2,3,80.0,40.0,55.0,0.0,0.0,1,2,1,4,1,4,4,80.0,10.0,70.0,5.0,5.0,01,03,03,1,1,1,1,1,4,4,4,01,01,01,03,03,03,01,02,03,01,03,25.0,75.0,2,3,1,1,01,3,,,02,1936.0,1,04,04,03,03,02,01,1,1.4200392961502075,1.0
444,H1G,06,16,1,1,2,1,1,1,1,1,2,4,2,,,0.0,5.0,06,01,,01,2,,1,1,4,1,2,1,4,0.0,0.0,50.0,0.0,0.0,2,2,1,4,2,2,2,0.0,0.0,50.0,0.0,10.0,03,03,03,2,1,2,4,1,4,2,4,03,03,98,03,98,98,03,03,03,98,03,0.0,60.0,8,4,2,1,97,,2,,06,1975.0,2,07,10,01,05,01,01,7,1.3096427917480469,1.0
445,J6A,14,01,1,1,2,1,1,3,4,1,1,1,1,99,,9.0,5.0,01,03,03,,2,,1,1,3,1,2,1,2,999.0,999.0,999.0,999.0,999.0,1,2,8,4,2,1,2,999.0,999.0,999.0,999.0,999.0,99,99,99,3,4,8,3,3,2,2,4,97,97,97,97,97,97,97,97,97,97,97,0.0,50.0,8,4,1,1,97,,2,,99,1957.0,2,09,99,02,05,02,10,1,0.6555481553077698,1.0
446,J3Y,16,98,1,1,1,1,1,2,1,1,1,1,1,03,97,10.0,5.0,01,03,03,,2,,2,1,2,1,2,2,3,0.0,50.0,100.0,0.0,0.0,2,8,8,4,2,2,2,20.0,0.0,100.0,0.0,997.0,01,07,03,2,3,1,2,1,2,2,4,03,03,03,03,03,03,03,03,03,01,03,75.0,70.0,1,3,1,1,03,2,,,01,1944.0,2,04,10,01,02,02,01,1,0.5535573959350586,1.0
447,G0A,03,98,2,2,3,2,2,3,3,2,2,2,1,03,01,8.0,5.0,01,03,02,,2,,2,2,3,1,2,1,2,75.0,50.0,70.0,30.0,20.0,2,2,1,3,3,2,3,75.0,70.0,95.0,997.0,997.0,03,03,03,3,3,1,3,2,2,2,3,03,03,98,05,98,03,02,02,98,98,03,50.0,70.0,1,3,2,2,03,2,,,01,1967.0,2,07,03,01,03,02,01,1,0.38237690925598145,1.0
448,G1M,03,01,1,1,1,2,1,1,1,1,2,1,1,03,01,7.0,9.0,01,02,02,,2,,2,1,2,2,3,2,2,75.0,0.0,90.0,0.0,0.0,1,2,1,4,2,1,2,60.0,0.0,95.0,0.0,10.0,03,03,03,2,1,1,2,4,1,2,4,01,03,03,03,03,03,03,03,03,03,03,90.0,90.0,2,2,1,2,03,2,,,01,1934.0,2,07,03,03,03,02,01,1,0.3228451609611511,1.0
449,G1X,03,98,1,1,2,1,2,2,1,2,2,1,1,02,97,8.0,8.0,01,03,02,,1,,3,2,2,2,3,2,1,40.0,70.0,50.0,20.0,20.0,1,2,1,3,3,2,3,70.0,80.0,70.0,60.0,40.0,01,03,03,1,2,1,4,2,2,2,4,02,02,01,02,02,02,02,02,02,01,02,60.0,80.0,2,4,2,1,02,1,,,04,1952.0,1,05,10,02,04,02,01,1,0.18738064169883728,1.0
450,J3B,26,07,1,2,1,1,1,2,1,1,2,1,1,03,01,8.0,6.0,03,01,,02,2,,2,1,2,1,2,2,2,50.0,0.0,60.0,30.0,0.0,1,1,1,4,2,4,1,50.0,0.0,60.0,0.0,0.0,01,03,03,3,1,1,1,1,1,2,4,03,03,01,01,03,03,01,03,03,03,03,50.0,70.0,1,2,1,1,03,2,,,02,1951.0,1,06,08,02,05,02,01,1,0.9654632806777954,1.0
451,J3X,16,01,1,1,2,2,1,2,1,1,1,3,2,,,8.0,9.0,01,03,01,,1,,2,8,3,1,2,1,2,10.0,100.0,20.0,60.0,60.0,1,8,8,2,2,1,2,0.0,60.0,40.0,60.0,50.0,07,02,03,2,2,1,4,2,1,1,4,02,02,97,02,04,02,02,02,02,02,02,80.0,60.0,1,3,3,2,02,2,,,04,1968.0,1,07,99,02,05,02,01,1,1.3925409317016602,1.0
452,G0A,03,98,1,1,3,1,1,1,1,1,1,1,1,01,03,10.0,8.0,01,03,03,,2,,3,3,2,2,3,2,1,80.0,55.0,60.0,997.0,80.0,2,2,2,4,2,1,1,90.0,25.0,70.0,997.0,997.0,01,07,03,1,1,1,1,1,1,3,1,01,01,03,03,01,03,03,03,03,03,01,50.0,100.0,2,2,1,1,01,2,,,02,1945.0,1,04,02,03,01,02,01,1,0.18738064169883728,1.0
453,G1H,03,05,3,1,1,1,1,1,2,2,2,2,1,03,02,8.0,7.0,01,04,,04,1,,3,2,3,1,2,1,2,40.0,55.0,75.0,20.0,75.0,1,2,1,1,3,3,3,40.0,50.0,80.0,45.0,70.0,03,03,03,3,2,1,3,2,3,2,3,03,03,03,05,03,03,03,02,03,03,03,15.0,75.0,2,3,2,2,03,3,,,04,1963.0,1,09,03,01,04,02,01,1,0.33720386028289795,1.0
454,J0L,16,08,1,2,2,1,2,1,3,1,2,2,1,03,02,10.0,5.0,01,02,,05,2,,2,2,4,1,2,1,2,0.0,50.0,80.0,40.0,45.0,8,2,2,3,3,2,2,0.0,35.0,80.0,50.0,50.0,03,03,03,3,2,1,2,2,2,3,4,98,98,98,05,98,01,02,98,98,98,98,0.0,30.0,8,3,2,1,03,2,,,04,1957.0,1,04,03,02,05,02,01,1,0.9163962006568909,1.0
455,J1A,05,03,1,1,2,1,1,2,2,1,1,2,1,01,03,8.0,10.0,01,03,02,,8,2,2,2,3,1,2,2,2,55.0,50.0,50.0,30.0,30.0,1,2,1,3,2,2,2,55.0,50.0,50.0,997.0,997.0,01,03,03,3,3,1,3,2,3,2,2,03,01,98,98,01,01,01,01,01,98,03,50.0,50.0,1,2,1,2,02,2,,,01,1970.0,1,04,02,04,04,02,01,1,1.681884765625,1.0
456,G2L,03,98,1,1,2,1,1,4,1,1,1,1,1,02,03,8.0,9.0,03,01,,04,1,,3,1,1,1,2,2,2,60.0,70.0,75.0,55.0,55.0,1,2,1,3,2,4,3,40.0,40.0,65.0,50.0,997.0,01,03,02,1,3,1,4,3,1,2,3,02,02,01,05,02,02,02,02,02,02,03,45.0,95.0,8,3,1,3,02,3,,,04,1932.0,1,09,10,03,05,02,01,7,0.3846493363380432,1.0
457,H9S,06,05,1,1,2,2,2,3,3,2,1,2,1,05,01,8.0,9.0,01,04,02,,2,,2,2,3,2,2,1,2,80.0,60.0,65.0,0.0,95.0,2,1,8,4,1,2,3,70.0,60.0,65.0,0.0,95.0,03,05,03,3,1,3,4,1,2,3,4,01,03,01,05,03,03,02,02,01,01,03,0.0,70.0,1,3,2,1,05,3,,,01,1972.0,1,06,10,02,05,02,01,1,1.3925409317016602,1.0
458,J6R,16,02,1,1,1,1,2,2,4,2,2,1,1,03,97,4.0,4.0,01,97,03,,2,,8,1,3,1,2,2,2,25.0,25.0,75.0,3.0,2.0,1,2,1,4,2,3,1,0.0,40.0,75.0,997.0,20.0,03,03,03,2,4,2,2,2,3,4,4,03,03,03,03,03,03,03,02,03,03,03,20.0,50.0,8,3,1,1,03,2,,,02,1944.0,2,05,03,03,05,02,01,1,0.5535573959350586,1.0
459,G1X,03,19,1,2,3,2,4,4,2,2,3,2,2,,,5.0,8.0,03,01,,02,2,,2,2,2,3,2,1,2,70.0,65.0,20.0,60.0,50.0,1,2,1,8,1,1,4,50.0,40.0,30.0,997.0,997.0,01,98,03,3,3,1,4,2,1,2,2,02,02,01,01,04,04,02,02,98,03,01,80.0,80.0,2,4,2,3,97,,1,01,06,1968.0,1,10,06,02,05,12,02,3,0.889306366443634,1.0
460,H4N,06,05,1,1,2,1,1,1,2,1,1,2,1,99,,7.0,2.0,01,02,03,,2,,2,3,3,1,1,1,2,65.0,45.0,80.0,997.0,997.0,1,2,1,4,4,3,3,30.0,75.0,70.0,997.0,997.0,03,06,03,3,3,1,4,2,3,4,4,03,03,03,05,03,03,02,03,03,03,03,45.0,35.0,1,2,2,2,01,3,,,06,1975.0,1,07,03,05,03,02,01,1,1.3550678491592407,1.0
461,G8Y,04,08,2,2,3,1,2,1,2,1,2,1,1,96,03,9.0,7.0,04,03,,04,1,,2,2,3,2,3,1,3,40.0,60.0,70.0,50.0,65.0,2,2,1,3,1,2,3,40.0,65.0,70.0,50.0,45.0,01,02,03,1,3,1,2,2,2,2,4,03,02,01,05,04,02,03,03,03,03,03,50.0,50.0,1,4,3,2,03,3,,,04,1979.0,1,10,02,02,04,02,01,1,1.6366344690322876,1.0
462,G0L,01,02,1,2,1,1,1,2,2,8,2,2,1,03,05,8.0,3.0,01,02,03,,2,,3,2,4,1,1,1,4,65.0,55.0,80.0,50.0,75.0,2,1,2,4,2,1,8,75.0,60.0,80.0,75.0,50.0,07,03,04,2,1,1,8,3,3,3,4,03,01,01,05,03,03,02,02,03,03,05,50.0,95.0,1,3,2,2,03,2,,,01,1949.0,2,05,01,02,02,02,01,1,0.8632587194442749,1.0
463,H7G,13,08,1,1,3,1,4,3,9,1,1,3,1,05,97,7.0,7.0,03,04,,04,1,,8,2,4,1,2,1,3,0.0,70.0,50.0,998.0,90.0,1,1,1,4,2,3,2,2.0,50.0,50.0,998.0,998.0,06,06,06,8,3,1,8,2,2,2,4,98,98,98,05,98,98,98,98,98,98,98,50.0,50.0,1,4,2,3,05,2,,,05,1981.0,2,06,04,05,05,02,01,1,0.9693608283996582,1.0
464,G7X,02,98,1,2,2,1,4,2,1,1,2,4,1,02,03,0.0,0.0,03,01,,05,1,,1,1,4,1,2,1,4,0.0,50.0,30.0,0.0,40.0,1,1,2,4,2,4,1,0.0,40.0,50.0,995.0,995.0,06,06,06,3,3,1,4,1,4,1,1,02,02,02,02,02,02,02,02,02,02,02,0.0,40.0,2,1,1,4,02,1,,,02,1950.0,1,05,06,03,01,02,01,1,1.097648024559021,1.0
465,J3E,16,01,1,2,3,2,3,3,4,3,3,3,1,99,,5.0,7.0,03,01,03,,2,,1,2,3,1,1,1,3,50.0,50.0,65.0,75.0,40.0,1,1,1,4,2,3,2,10.0,10.0,12.0,15.0,10.0,04,04,04,3,4,2,2,4,4,3,4,04,03,03,04,04,04,03,02,03,03,04,75.0,70.0,8,4,2,1,04,2,,,99,1954.0,2,07,99,02,02,02,01,1,0.6555481553077698,1.0
466,G8B,02,98,1,1,1,1,2,2,2,2,2,3,1,01,03,6.0,6.0,01,03,05,,2,,2,1,2,1,2,2,3,7.0,0.0,0.0,5.0,0.0,1,2,1,3,1,2,1,5.0,0.0,0.0,0.0,0.0,01,01,01,3,1,2,1,3,1,2,3,01,01,01,01,01,03,01,01,01,01,01,5.0,8.0,2,1,1,1,97,,1,01,02,1927.0,2,04,01,03,01,02,01,1,1.3116263151168823,1.0
467,H2B,06,01,1,1,1,2,3,4,3,1,1,2,1,02,97,6.0,8.0,03,01,,03,2,,2,2,3,3,2,2,2,20.0,35.0,15.0,0.0,4.0,1,2,1,3,2,2,3,10.0,12.0,10.0,15.0,20.0,02,03,03,3,3,1,4,2,2,3,4,01,02,01,05,02,02,02,02,02,01,02,90.0,75.0,1,4,2,2,02,2,,,04,1951.0,1,09,08,03,05,02,01,1,0.7738205194473267,1.0
468,J0S,26,01,2,2,3,3,2,2,3,3,2,2,1,99,,8.0,8.0,03,01,,04,1,,3,2,2,2,2,1,2,50.0,50.0,40.0,10.0,10.0,1,2,1,1,2,3,3,60.0,60.0,60.0,10.0,10.0,03,02,02,2,3,1,4,2,2,2,2,98,01,01,02,98,02,02,02,02,02,03,60.0,70.0,1,3,2,2,02,2,,,99,1945.0,1,05,04,03,05,02,01,1,0.9654632806777954,1.0
469,J3V,16,06,1,1,2,2,1,3,1,2,3,1,1,01,03,10.0,7.0,01,03,02,,2,,3,1,3,1,2,2,2,65.0,5.0,85.0,997.0,997.0,1,2,1,4,2,1,3,65.0,10.0,90.0,10.0,997.0,03,03,03,1,3,1,2,2,2,3,4,01,03,01,01,03,03,01,03,03,01,03,50.0,80.0,2,1,1,1,03,2,,,06,1943.0,2,07,03,07,05,02,01,1,0.5535573959350586,1.0
470,J4P,16,06,1,1,3,1,3,4,4,2,4,1,1,01,05,2.0,4.0,01,04,03,,2,,1,1,3,1,1,1,4,40.0,4.0,40.0,20.0,45.0,1,2,1,4,2,2,1,50.0,10.0,50.0,997.0,30.0,01,03,01,3,4,1,4,1,1,2,4,01,01,01,05,04,02,02,02,01,01,01,0.0,50.0,1,3,3,1,01,3,,,02,1987.0,1,09,10,05,05,02,01,1,2.664950370788574,1.0
471,J1J,05,98,1,1,3,1,3,3,1,1,3,3,1,01,03,8.0,8.0,03,01,,03,2,,2,2,2,1,3,2,1,75.0,25.0,50.0,10.0,75.0,1,1,1,4,1,2,3,75.0,25.0,75.0,50.0,50.0,01,07,04,3,1,3,4,4,1,1,1,01,01,01,05,04,04,02,02,01,01,04,25.0,60.0,2,4,1,4,01,2,,,01,1945.0,1,11,06,03,05,02,01,1,0.9346079230308533,1.0
472,J0L,16,01,1,1,2,1,2,4,2,1,1,4,1,03,02,8.0,7.0,01,03,,04,2,,1,1,4,1,2,1,2,35.0,70.0,85.0,65.0,65.0,1,1,1,3,4,2,4,25.0,50.0,90.0,997.0,60.0,03,03,03,3,3,1,1,1,2,4,1,03,03,98,05,03,03,02,98,03,03,03,75.0,75.0,1,4,1,1,03,1,,,04,1961.0,1,07,10,02,03,02,01,1,0.9163962006568909,1.0
473,G6P,17,01,1,2,2,1,8,2,4,1,1,1,1,03,02,9.0,5.0,01,03,,03,8,1,8,2,3,1,2,1,2,60.0,55.0,80.0,65.0,65.0,1,2,1,2,2,2,1,47.0,50.0,80.0,997.0,997.0,03,03,03,2,3,1,1,2,3,1,4,02,02,98,05,02,03,02,03,03,02,03,85.0,80.0,1,2,1,1,97,,2,,02,1959.0,2,07,06,06,04,02,01,1,0.9124647378921509,1.0
474,G1X,03,10,1,1,1,1,2,1,3,4,2,4,1,03,01,8.0,6.0,01,97,,03,2,,1,1,3,1,2,1,3,20.0,25.0,75.0,30.0,70.0,1,2,1,4,2,1,1,20.0,50.0,70.0,40.0,30.0,03,03,03,3,1,1,1,1,1,3,4,03,03,03,03,03,03,03,03,03,03,03,70.0,70.0,2,1,1,3,03,2,,,01,1938.0,1,05,02,03,04,02,01,1,0.28470510244369507,1.0
475,G1Y,03,03,1,1,3,1,3,3,2,1,1,4,1,03,97,8.0,2.0,03,02,02,,8,1,2,1,4,1,1,1,1,50.0,30.0,90.0,998.0,80.0,2,2,1,4,2,1,3,30.0,20.0,90.0,70.0,50.0,03,03,03,3,3,1,2,3,1,1,4,03,03,03,03,03,03,01,03,98,03,03,50.0,998.0,1,1,2,1,03,2,,,06,1960.0,2,08,04,02,05,02,01,1,0.25163137912750244,1.0
476,H9J,06,98,2,1,3,2,2,3,4,3,1,4,1,03,01,6.0,4.0,01,02,02,,2,,2,1,3,1,2,8,1,75.0,60.0,998.0,997.0,997.0,1,1,1,4,4,1,3,50.0,30.0,80.0,997.0,997.0,03,03,03,3,1,1,3,1,3,3,4,98,03,01,03,03,03,03,03,01,03,98,50.0,50.0,1,4,1,1,01,2,,,02,1974.0,2,09,03,02,04,02,01,1,0.9693608283996582,1.0
477,J5C,16,01,1,1,1,1,4,4,1,1,1,4,1,03,02,8.0,7.0,03,04,,04,2,,1,2,4,1,2,1,2,20.0,40.0,80.0,997.0,40.0,1,2,1,4,2,1,3,50.0,50.0,50.0,997.0,997.0,06,06,03,2,3,1,4,1,1,1,4,97,01,01,05,03,03,03,03,03,03,03,70.0,80.0,2,2,1,1,02,2,,,04,1954.0,1,03,10,02,05,02,01,1,0.9163962006568909,1.0
478,G0G,09,98,1,2,1,1,1,1,1,1,1,4,1,02,97,5.0,5.0,01,03,03,,2,,1,1,4,1,2,8,3,0.0,60.0,50.0,997.0,50.0,8,1,1,4,2,1,1,0.0,50.0,50.0,997.0,997.0,06,06,03,2,4,1,1,4,3,1,1,03,03,98,03,98,03,03,03,03,03,03,50.0,100.0,1,4,1,1,03,3,,,06,1947.0,2,05,02,02,05,02,01,1,0.8632587194442749,1.0
479,G1S,03,08,1,1,2,1,1,1,1,1,1,1,1,02,97,7.0,8.0,01,03,01,,1,,2,2,2,1,2,1,2,0.0,100.0,5.0,10.0,10.0,1,1,2,1,1,1,3,30.0,70.0,50.0,10.0,15.0,01,02,03,3,2,1,1,4,1,1,4,02,02,01,02,02,03,02,02,02,01,02,100.0,80.0,2,1,1,1,02,1,,,04,1935.0,2,09,05,03,04,02,01,1,0.3228451609611511,1.0
480,G1G,03,01,1,1,2,2,1,2,3,1,1,3,1,01,97,10.0,10.0,03,01,03,,2,,3,3,2,2,3,2,3,100.0,10.0,0.0,10.0,10.0,1,1,1,4,2,2,3,100.0,25.0,0.0,10.0,10.0,01,01,01,1,1,3,4,2,2,2,3,01,01,01,01,01,01,01,01,01,01,01,10.0,75.0,1,4,2,1,01,1,,,06,1977.0,2,09,08,02,05,02,01,1,0.3720875084400177,1.0
481,G2B,03,08,2,2,4,1,1,4,4,2,2,4,1,99,,8.0,8.0,01,03,02,,2,,1,1,2,2,2,1,2,40.0,40.0,75.0,997.0,50.0,1,2,1,4,2,2,2,40.0,50.0,60.0,50.0,60.0,01,03,03,3,2,1,3,2,1,2,1,01,02,01,05,03,03,02,02,03,01,03,20.0,80.0,1,2,2,2,03,2,,,99,1960.0,1,09,10,01,04,02,01,1,0.2219046652317047,1.0
482,J3Y,16,08,2,2,3,1,2,3,2,3,3,3,1,05,02,7.0,1.0,01,97,01,,1,,2,1,3,1,2,1,3,10.0,70.0,0.0,997.0,90.0,2,2,1,2,1,1,2,30.0,70.0,50.0,997.0,997.0,06,06,06,3,2,1,4,3,2,3,3,98,98,98,98,98,98,02,02,02,97,97,10.0,50.0,1,3,8,1,05,2,,,05,1978.0,2,09,03,02,05,02,01,1,0.9693608283996582,1.0
483,G1P,03,01,1,1,3,2,1,2,1,2,3,3,1,03,01,8.0,6.0,04,01,,03,2,,3,2,3,1,2,2,2,60.0,40.0,75.0,25.0,25.0,1,2,1,4,2,1,2,50.0,40.0,75.0,25.0,25.0,01,03,03,1,1,3,1,2,2,2,3,01,01,01,02,03,03,01,02,01,01,03,40.0,80.0,1,3,3,2,03,2,,,01,1966.0,1,05,09,02,05,02,01,1,0.33720386028289795,1.0
484,G3E,03,05,3,1,2,2,2,2,3,2,2,3,1,03,05,8.0,8.0,02,01,03,,2,,2,2,3,1,2,2,3,40.0,40.0,70.0,20.0,30.0,1,2,1,4,1,3,2,40.0,0.0,80.0,0.0,997.0,01,03,03,2,1,1,3,1,2,2,3,03,02,03,01,02,03,03,03,03,03,03,40.0,75.0,1,4,3,2,03,1,,,02,1973.0,1,09,08,02,05,02,01,1,0.3281298279762268,1.0
485,J7T,16,01,1,1,1,1,1,1,3,1,1,1,2,,,4.0,1.0,06,01,02,,2,,1,1,3,1,1,1,2,40.0,30.0,50.0,10.0,10.0,1,2,1,4,2,2,2,40.0,20.0,20.0,20.0,20.0,01,98,98,3,4,1,2,2,2,1,4,98,98,98,98,98,98,02,02,01,98,01,50.0,60.0,8,8,3,3,97,,2,,06,1971.0,2,06,03,02,05,01,01,2,1.3458575010299683,1.0
486,G7B,02,14,1,2,3,2,2,3,2,2,3,3,1,01,03,9.0,8.0,01,03,,01,2,,2,4,2,1,2,2,2,60.0,10.0,50.0,5.0,5.0,2,2,1,1,1,1,4,50.0,20.0,45.0,5.0,5.0,01,07,03,1,1,1,1,4,1,1,4,01,01,01,05,01,01,01,02,01,01,03,0.0,75.0,2,3,1,1,01,2,,,01,1949.0,1,07,05,02,04,02,01,1,1.097648024559021,1.0
487,J3E,16,98,2,3,2,2,1,3,4,2,4,4,1,03,02,4.0,5.0,03,01,,04,8,8,2,2,3,3,2,1,3,10.0,45.0,50.0,35.0,35.0,2,2,1,3,1,2,1,30.0,55.0,40.0,20.0,997.0,01,02,03,2,3,1,4,4,2,1,3,98,02,98,98,98,98,02,02,98,01,02,50.0,70.0,1,4,4,2,02,2,,,01,1966.0,1,09,99,02,04,02,01,1,1.3925409317016602,1.0
488,G2K,03,06,2,1,2,2,2,3,2,2,2,2,1,02,05,9.0,8.0,03,01,,05,1,,3,1,4,1,2,1,2,40.0,90.0,40.0,20.0,85.0,2,1,8,4,2,3,3,20.0,75.0,40.0,45.0,50.0,02,02,03,3,2,1,3,4,2,2,4,02,02,02,05,02,02,02,02,02,02,02,90.0,80.0,1,4,3,2,02,2,,,04,1947.0,2,05,04,03,05,02,01,1,0.21248352527618408,1.0
489,J4J,16,05,1,1,2,1,2,4,2,2,2,4,1,02,05,8.0,8.0,02,04,,04,1,,2,2,4,2,3,1,3,40.0,70.0,30.0,80.0,80.0,1,2,1,4,2,1,3,40.0,70.0,40.0,60.0,70.0,06,05,04,1,4,1,4,4,1,1,3,98,02,02,05,04,04,04,02,02,98,04,90.0,70.0,1,8,8,2,97,,2,,05,1945.0,2,07,09,02,05,02,01,1,0.5535573959350586,1.0
490,G1P,03,07,2,1,3,2,2,2,2,1,1,1,1,03,05,8.0,6.0,02,01,,02,1,,3,2,3,1,2,2,3,40.0,0.0,70.0,10.0,60.0,1,2,2,3,2,2,3,40.0,0.0,70.0,40.0,40.0,01,03,03,3,1,1,2,2,3,4,4,03,03,03,03,03,03,03,02,03,03,03,0.0,70.0,1,3,2,1,03,2,,,02,1964.0,2,07,07,02,05,02,01,1,0.38237690925598145,1.0
491,G1W,03,01,1,1,1,2,1,1,1,1,1,2,1,03,02,7.0,4.0,01,03,,04,1,,2,1,3,1,2,1,2,25.0,50.0,70.0,0.0,0.0,2,2,1,3,2,3,4,15.0,25.0,70.0,997.0,0.0,03,03,03,2,2,1,4,4,4,2,4,03,03,98,03,97,03,03,02,03,97,03,70.0,65.0,1,2,2,2,98,,1,03,02,1942.0,1,04,05,02,05,02,01,1,0.28470510244369507,1.0
492,G1L,03,01,2,2,3,2,3,4,4,3,4,4,1,01,03,8.0,9.0,03,01,,02,2,,3,2,3,1,2,1,2,60.0,25.0,45.0,3.0,0.0,1,1,1,4,2,2,3,40.0,5.0,80.0,997.0,997.0,01,03,03,3,3,1,4,2,2,2,3,01,01,03,01,01,02,03,02,03,01,03,25.0,75.0,1,2,3,1,01,3,,,02,1982.0,1,09,10,02,03,02,01,1,0.3281298279762268,1.0
493,G3A,03,01,2,2,3,2,2,1,3,2,3,1,1,99,,8.0,8.0,01,04,,04,2,,2,1,4,1,2,1,3,0.0,0.0,90.0,0.0,30.0,1,2,1,4,2,2,3,10.0,0.0,95.0,0.0,30.0,06,03,03,3,1,1,2,1,2,2,4,03,03,03,03,03,03,03,03,03,03,03,50.0,50.0,2,2,1,2,03,2,,,99,1948.0,1,07,05,07,04,02,01,1,0.18738064169883728,1.0
494,G6V,12,16,3,3,4,2,2,3,4,4,4,2,1,99,,9.0,9.0,01,03,02,,9,,4,4,2,3,3,2,2,70.0,70.0,60.0,65.0,60.0,1,1,1,3,1,1,4,65.0,65.0,60.0,70.0,70.0,02,04,04,1,3,1,4,2,2,2,3,01,02,01,05,02,03,02,02,01,01,03,80.0,80.0,1,3,2,4,99,,1,99,99,1959.0,1,10,10,01,03,02,01,1,0.2219046652317047,1.0
495,J7V,16,16,1,2,3,1,1,2,2,2,2,1,1,03,01,10.0,10.0,03,01,02,,2,,2,2,3,1,2,1,3,60.0,50.0,80.0,0.0,30.0,1,2,1,4,2,1,4,70.0,20.0,80.0,10.0,40.0,01,03,03,3,3,1,3,1,3,2,3,01,01,03,05,03,03,03,03,03,03,03,10.0,90.0,1,4,2,1,03,2,,,02,1948.0,2,07,10,03,05,02,01,1,0.5535573959350586,1.0
496,J7R,15,98,1,1,3,1,1,1,2,2,3,3,1,03,95,7.0,7.0,03,04,,03,2,,8,2,3,1,1,1,4,20.0,20.0,50.0,997.0,997.0,1,2,1,4,4,2,2,20.0,20.0,20.0,997.0,997.0,03,03,06,3,4,1,2,3,3,2,3,98,98,98,03,98,98,98,98,03,98,98,0.0,50.0,8,3,2,2,97,,1,03,07,1965.0,2,08,06,02,04,02,01,1,0.9961626529693604,1.0
497,J4B,16,96,1,1,2,1,1,1,1,1,1,1,1,02,01,10.0,8.0,03,01,,03,1,,1,1,3,2,2,2,2,35.0,75.0,60.0,40.0,997.0,1,2,1,2,2,1,4,60.0,40.0,75.0,35.0,997.0,01,01,01,2,4,1,3,4,1,1,4,02,02,02,03,01,03,01,02,03,01,03,25.0,50.0,2,1,1,1,02,2,,,01,1931.0,2,07,99,03,01,02,01,1,0.8410736918449402,1.0
498,H4J,06,98,3,4,4,4,4,4,4,4,4,3,2,,,0.0,0.0,02,03,,03,3,,3,3,1,3,2,2,1,50.0,50.0,50.0,50.0,50.0,1,1,1,3,2,1,1,50.0,50.0,50.0,50.0,997.0,01,01,01,3,1,3,1,1,3,3,1,01,01,01,01,01,01,01,01,01,01,01,50.0,50.0,1,3,2,2,01,2,,,06,1967.0,1,10,10,01,04,02,01,1,1.3925409317016602,1.0
499,J0S,26,01,1,1,2,1,3,4,1,1,4,1,1,02,03,5.0,8.0,03,01,01,,1,,8,1,4,1,2,8,4,0.0,90.0,60.0,997.0,997.0,1,2,8,3,2,3,2,20.0,95.0,75.0,25.0,997.0,99,98,03,3,2,1,2,4,2,4,4,98,02,02,02,99,01,02,02,02,99,03,20.0,70.0,1,4,1,1,02,1,,,07,1948.0,2,07,08,02,05,02,01,1,1.049834966659546,1.0
500,G0M,32,08,1,1,3,1,2,4,2,1,1,3,1,02,03,8.0,9.0,01,04,02,,1,,2,2,3,2,2,2,1,50.0,90.0,80.0,90.0,70.0,1,1,2,2,2,1,3,50.0,80.0,70.0,90.0,70.0,04,03,03,3,2,1,2,4,2,2,2,02,02,03,05,04,04,02,02,03,02,03,50.0,70.0,1,2,2,2,02,2,,,02,1956.0,2,05,03,06,02,02,01,1,0.9124647378921509,1.0
501,G0A,03,98,1,1,1,2,1,2,2,1,1,2,1,99,,6.0,7.0,03,04,04,,2,,2,1,4,1,2,1,2,50.0,0.0,50.0,25.0,25.0,1,1,2,4,2,2,1,80.0,25.0,80.0,50.0,25.0,03,03,03,3,1,3,4,1,4,4,4,99,99,03,05,98,03,03,01,03,03,03,0.0,80.0,2,4,1,2,03,2,,,02,1961.0,1,08,09,02,05,02,01,1,0.2219046652317047,1.0
502,G9P,04,02,1,1,2,2,2,3,4,2,2,3,2,,,9.0,7.0,01,03,02,,2,,3,3,3,8,2,8,2,999.0,999.0,999.0,999.0,999.0,1,2,1,4,8,2,3,80.0,80.0,80.0,80.0,998.0,01,98,03,3,1,1,8,2,2,2,2,01,98,98,05,98,98,01,02,01,01,98,30.0,80.0,1,3,2,2,99,,9,,99,1962.0,2,07,10,02,03,02,01,1,0.9124647378921509,1.0
503,H1N,06,06,2,1,4,3,2,4,2,2,3,3,1,02,97,9.0,9.0,03,01,01,,1,,1,2,4,2,3,1,3,10.0,75.0,0.0,60.0,30.0,1,2,1,4,1,1,4,0.0,60.0,0.0,75.0,15.0,01,04,02,3,2,1,4,4,4,1,3,97,02,02,02,04,02,02,02,02,02,04,80.0,80.0,1,2,3,1,02,2,,,04,1953.0,2,07,07,06,04,02,01,1,0.6555481553077698,1.0
504,G7S,02,09,1,3,2,1,1,1,1,2,2,1,1,02,97,10.0,10.0,03,01,,04,1,,2,1,3,2,3,1,2,0.0,100.0,50.0,60.0,997.0,1,2,1,1,1,1,4,0.0,50.0,50.0,50.0,997.0,03,03,03,2,2,1,4,4,1,1,1,02,03,98,02,02,02,02,02,02,03,02,80.0,80.0,1,4,1,1,02,1,,,01,1928.0,1,03,02,03,03,02,01,1,1.6677639484405518,1.0
505,J0B,05,04,1,2,2,2,1,2,2,2,2,1,1,01,03,5.0,6.0,01,03,,03,2,,3,3,3,1,2,2,2,75.0,25.0,50.0,997.0,997.0,1,2,2,4,2,1,3,65.0,25.0,50.0,997.0,997.0,01,01,03,3,3,1,3,4,3,1,4,01,01,01,01,01,01,01,01,01,01,01,50.0,50.0,2,2,2,1,01,3,,,02,1958.0,2,07,03,02,03,02,01,1,0.9124647378921509,1.0
506,J9T,08,07,1,2,1,2,2,2,2,1,2,3,1,03,02,8.0,7.0,01,02,02,,1,,2,2,3,2,2,1,2,40.0,60.0,90.0,30.0,30.0,2,1,1,3,2,2,3,40.0,60.0,95.0,30.0,997.0,06,03,03,2,3,1,2,2,2,2,3,03,03,98,03,03,03,03,03,03,03,03,49.0,70.0,1,2,2,2,03,2,,,04,1961.0,2,07,01,06,02,02,01,2,1.6796976327896118,1.0
507,G1H,03,04,2,2,2,1,1,3,4,2,2,4,1,01,03,8.0,3.0,01,03,,03,2,,4,4,3,1,3,2,1,80.0,20.0,50.0,15.0,10.0,2,1,1,4,2,1,4,80.0,10.0,60.0,15.0,997.0,01,01,03,3,1,1,3,1,1,1,3,01,01,01,01,01,01,01,01,01,01,03,3.0,80.0,2,3,1,3,01,3,,,02,1942.0,1,09,10,02,02,02,01,1,0.28470510244369507,1.0
508,H1C,06,17,1,4,4,2,2,1,2,1,1,1,1,99,,10.0,5.0,01,03,96,,2,,2,2,3,1,2,2,2,100.0,25.0,75.0,0.0,0.0,1,1,1,4,1,4,3,100.0,0.0,50.0,0.0,0.0,01,01,01,1,1,2,4,4,1,1,4,01,01,98,98,01,01,98,02,02,98,01,25.0,5.0,2,1,1,1,01,2,,,99,1942.0,1,02,03,03,01,04,10,3,3.1007821559906006,1.0
509,H7W,13,10,4,4,3,2,2,3,1,1,1,2,1,01,03,10.0,10.0,01,03,,02,2,,3,3,2,3,2,2,2,90.0,50.0,50.0,20.0,20.0,1,1,1,4,2,1,4,90.0,50.0,50.0,50.0,80.0,01,01,03,3,1,3,4,2,1,1,1,01,01,01,03,01,01,01,03,01,01,01,70.0,90.0,8,1,1,3,01,2,,,01,9999.0,2,10,99,02,04,02,01,3,2.218165874481201,1.0
510,J5M,24,98,2,1,3,1,8,2,2,1,1,1,1,03,02,3.0,1.0,01,03,,03,1,,1,1,3,1,2,1,4,10.0,50.0,80.0,3.0,0.0,2,1,1,2,1,2,1,0.0,39.0,70.0,2.0,4.0,03,02,03,3,3,2,1,1,4,4,4,03,02,03,03,03,03,02,02,03,02,03,0.0,80.0,1,4,2,1,03,2,,,04,1978.0,1,05,07,02,05,02,01,1,1.6906625032424927,1.0
511,G8A,02,10,1,2,1,1,1,2,2,1,1,2,1,01,03,8.0,8.0,01,03,,02,2,,2,1,3,1,2,1,2,70.0,0.0,50.0,997.0,997.0,1,1,2,4,1,1,2,70.0,0.0,50.0,0.0,0.0,01,01,03,3,1,3,1,1,1,1,1,01,01,01,01,01,01,01,01,01,01,01,30.0,60.0,1,3,1,1,01,2,,,02,1947.0,1,07,04,01,04,02,01,1,1.097648024559021,1.0
512,H4J,06,05,2,2,1,1,1,2,2,4,2,1,1,01,03,8.0,8.0,03,01,,01,2,,3,2,2,2,2,2,2,60.0,10.0,40.0,5.0,20.0,1,1,1,4,1,1,4,40.0,5.0,50.0,10.0,997.0,01,03,03,1,1,3,4,3,3,4,2,01,03,01,01,03,03,01,01,01,01,03,20.0,60.0,2,3,1,1,01,2,,,01,1953.0,1,09,05,02,05,12,12,3,2.416813850402832,1.0
513,J7A,15,04,2,3,1,2,1,2,1,1,3,4,1,01,03,7.0,6.0,01,07,04,,2,,3,3,2,2,2,2,2,50.0,10.0,40.0,997.0,20.0,2,1,2,4,1,1,4,50.0,20.0,70.0,995.0,995.0,03,03,98,1,1,1,3,1,2,1,3,01,01,01,05,02,03,03,02,98,01,03,0.0,70.0,8,3,2,1,01,2,,,01,1961.0,1,09,10,02,05,01,01,1,0.9163962006568909,1.0
514,G0L,01,98,1,2,2,1,1,4,1,2,2,4,1,01,03,10.0,10.0,01,02,,05,1,,2,2,3,1,1,1,2,50.0,10.0,50.0,997.0,100.0,1,2,1,3,2,2,1,0.0,50.0,50.0,997.0,997.0,06,06,06,2,2,1,1,1,1,4,3,03,03,03,03,03,03,03,03,03,98,99,0.0,100.0,1,3,2,2,97,,2,,04,1961.0,2,07,04,01,05,02,01,1,1.022304654121399,1.0
515,G6E,32,98,1,1,1,2,2,2,2,1,1,2,1,02,03,6.0,6.0,01,03,,03,2,,2,1,3,1,2,1,2,5.0,80.0,90.0,0.0,0.0,2,2,1,1,1,1,3,10.0,70.0,90.0,0.0,0.0,03,03,02,3,3,1,1,1,4,1,4,03,02,02,03,03,02,02,03,02,01,03,80.0,60.0,1,1,1,1,02,2,,,04,1953.0,1,05,08,02,02,02,01,1,1.1068066358566284,1.0
516,G0S,12,01,1,1,3,2,2,1,2,2,2,3,1,01,03,5.0,7.0,03,01,03,,2,,2,2,2,1,2,2,2,80.0,40.0,70.0,50.0,997.0,1,1,1,4,2,2,4,80.0,65.0,80.0,50.0,997.0,01,07,03,3,4,1,2,2,2,2,4,01,03,97,01,04,01,01,96,03,01,03,30.0,998.0,2,4,2,2,97,,1,01,03,1971.0,2,09,06,02,03,02,01,1,0.38237690925598145,1.0
517,G6V,12,01,1,1,2,1,2,2,2,1,1,2,1,03,01,9.0,7.0,03,01,,03,2,,2,3,2,1,3,2,2,70.0,0.0,85.0,997.0,80.0,2,2,1,4,2,1,3,50.0,0.0,80.0,50.0,40.0,01,03,03,3,1,1,1,1,1,1,4,03,03,03,03,03,03,03,03,03,03,03,30.0,70.0,2,1,1,3,03,1,,,02,1943.0,1,10,02,03,01,02,01,1,0.18738064169883728,1.0
518,J7Z,15,01,1,1,2,1,2,4,2,1,1,2,1,03,97,5.0,5.0,01,02,01,,1,,1,2,4,1,1,1,1,10.0,20.0,80.0,997.0,70.0,2,2,1,3,2,2,1,0.0,20.0,80.0,997.0,997.0,03,03,03,2,2,1,4,3,3,4,4,03,03,98,05,98,03,02,02,98,98,03,50.0,30.0,1,3,1,1,03,2,,,04,1968.0,2,09,08,02,04,02,01,1,0.9961626529693604,1.0
519,G3A,03,18,1,1,2,2,1,2,2,2,1,1,1,03,01,10.0,9.0,04,01,,03,2,,1,2,3,1,2,1,3,80.0,50.0,90.0,0.0,75.0,1,2,1,4,1,4,2,80.0,60.0,85.0,0.0,70.0,01,03,03,3,3,1,4,1,1,1,2,01,03,01,05,03,03,01,02,03,03,04,0.0,100.0,1,1,1,4,03,2,,,02,1969.0,1,10,10,01,04,02,01,1,0.33720386028289795,1.0
520,H2L,06,98,2,1,1,1,1,3,1,1,1,3,1,02,04,10.0,8.0,03,02,,04,1,,3,3,2,2,2,8,2,20.0,80.0,0.0,80.0,80.0,8,2,1,3,8,2,4,20.0,80.0,10.0,80.0,80.0,98,98,98,1,2,1,3,3,2,2,3,02,02,98,05,04,98,02,02,02,02,02,80.0,70.0,1,4,3,3,02,2,,,04,1958.0,1,09,01,02,05,02,01,1,0.9163962006568909,1.0
521,G1G,03,98,2,2,2,2,2,1,1,2,1,1,1,03,01,10.0,7.0,03,01,04,,2,,3,2,3,1,2,1,3,50.0,20.0,90.0,25.0,25.0,1,2,8,4,2,1,2,80.0,10.0,90.0,10.0,997.0,03,03,03,3,3,1,3,1,2,2,3,03,03,03,03,03,03,03,03,03,03,03,20.0,70.0,8,3,1,2,03,2,,,02,1942.0,2,07,03,03,03,02,01,1,0.3228451609611511,1.0
522,G1T,03,10,2,3,3,2,2,2,1,2,1,2,1,03,01,9.0,9.0,03,02,,02,2,,1,1,3,1,2,2,2,60.0,50.0,75.0,25.0,50.0,1,2,1,4,2,1,2,60.0,40.0,100.0,50.0,60.0,03,03,03,3,4,3,1,1,3,2,3,03,03,03,02,04,03,02,03,03,01,03,20.0,100.0,1,2,2,3,03,1,,,02,1969.0,2,09,06,02,05,02,01,1,0.38237690925598145,1.0
523,J6N,26,07,2,2,1,1,1,4,4,1,1,1,1,03,02,8.0,7.0,01,03,,04,8,1,1,1,4,1,2,1,2,0.0,25.0,90.0,998.0,10.0,2,1,1,4,2,1,1,0.0,0.0,100.0,10.0,10.0,03,03,03,3,3,1,3,2,2,2,3,03,03,03,05,03,03,03,03,03,03,03,50.0,50.0,1,3,1,1,03,2,,,04,1965.0,1,05,08,02,05,02,01,1,1.7374107837677002,1.0
524,H9R,06,01,1,1,2,2,3,2,1,2,3,2,1,01,97,8.0,7.0,03,02,,01,2,,2,2,2,2,3,2,2,60.0,20.0,50.0,30.0,30.0,2,2,1,4,1,2,3,65.0,40.0,50.0,997.0,997.0,01,03,01,1,1,1,3,2,1,2,3,01,01,01,03,01,03,02,02,01,01,03,60.0,50.0,8,2,3,4,01,3,,,02,1958.0,2,09,07,02,04,01,01,2,0.8856703639030457,1.0
525,H1X,06,98,1,1,4,1,4,4,4,4,2,4,1,02,03,1.0,1.0,01,03,01,,1,,4,1,1,2,3,1,3,50.0,65.0,30.0,997.0,60.0,2,2,1,3,2,1,1,0.0,50.0,20.0,30.0,997.0,03,02,06,3,3,1,4,3,1,4,4,01,02,03,05,98,02,02,02,02,97,05,0.0,0.0,1,4,1,1,02,3,,,04,1979.0,1,05,10,02,05,02,01,1,1.3550678491592407,1.0
526,J3V,16,98,1,2,1,1,2,2,1,2,1,1,2,,,5.0,7.0,01,03,02,,1,,2,2,2,1,2,8,3,30.0,70.0,60.0,30.0,997.0,2,8,8,3,8,1,3,60.0,60.0,65.0,997.0,997.0,06,06,03,3,4,1,4,2,2,2,2,01,03,98,02,03,03,02,02,02,01,03,70.0,80.0,1,3,2,2,02,3,,,04,1948.0,2,07,06,06,03,02,01,1,0.5535573959350586,1.0
527,J7E,15,01,1,1,2,1,1,2,3,2,2,1,1,99,,7.0,7.0,01,03,,04,2,,1,2,3,1,2,1,3,50.0,40.0,45.0,50.0,55.0,1,2,1,4,1,2,2,60.0,20.0,50.0,70.0,997.0,03,03,01,3,4,1,1,2,3,3,3,03,01,03,03,02,01,02,02,03,03,01,20.0,80.0,1,3,2,1,97,,2,,07,1955.0,2,05,03,02,05,02,01,1,0.6555481553077698,1.0
528,G6B,05,98,1,1,2,1,2,2,2,1,1,2,1,03,05,7.0,6.0,01,03,02,,2,,2,2,3,1,2,2,3,30.0,60.0,90.0,50.0,70.0,2,2,1,4,2,2,2,40.0,50.0,80.0,70.0,60.0,03,03,03,2,1,1,2,2,2,2,3,03,03,03,03,03,03,03,03,03,03,03,70.0,70.0,2,3,2,2,03,2,,,02,1957.0,2,07,05,02,04,02,01,1,0.9124647378921509,1.0
529,G5C,09,98,1,1,1,2,2,2,2,1,1,2,1,02,03,10.0,8.0,01,02,02,,1,,1,1,2,2,2,1,2,50.0,70.0,60.0,10.0,5.0,2,2,1,4,1,1,2,40.0,60.0,60.0,5.0,997.0,01,03,03,2,3,1,4,4,1,2,4,03,03,03,03,02,02,03,02,02,01,03,75.0,40.0,2,1,2,2,02,3,,,01,1957.0,1,07,10,02,02,02,01,1,1.2998853921890259,1.0
530,G0A,03,10,1,1,3,1,1,3,1,1,1,3,1,02,97,10.0,8.0,02,03,02,,1,,2,2,2,2,2,1,2,75.0,75.0,85.0,90.0,95.0,1,2,1,3,1,8,4,70.0,80.0,85.0,95.0,997.0,98,98,03,3,2,1,4,4,1,2,2,98,02,01,05,04,03,02,02,98,03,98,80.0,95.0,1,4,1,3,02,2,,,98,1922.0,2,10,09,03,04,02,01,1,0.3228451609611511,1.0
531,G2A,03,06,1,1,3,2,2,3,3,3,2,3,1,03,05,8.0,6.0,01,02,,04,2,,1,2,3,1,2,1,3,25.0,50.0,70.0,997.0,50.0,1,1,1,3,2,1,3,20.0,50.0,85.0,20.0,25.0,06,03,03,3,3,1,1,1,3,2,4,03,03,03,05,98,03,02,02,03,97,03,40.0,80.0,1,2,2,2,03,2,,,02,1970.0,2,09,07,02,03,02,01,1,0.38237690925598145,1.0
532,J3L,16,98,1,1,1,3,1,3,4,1,1,4,1,03,02,8.0,8.0,01,03,,05,1,,4,1,3,1,2,1,3,0.0,80.0,90.0,50.0,0.0,1,2,1,2,2,3,3,0.0,60.0,100.0,90.0,0.0,03,03,03,3,3,1,4,3,3,2,4,03,02,03,03,03,03,02,02,03,03,03,100.0,80.0,1,4,3,1,03,2,,,04,1955.0,2,07,04,02,04,02,01,1,0.6555481553077698,1.0
533,G3K,03,01,2,2,2,3,2,3,2,2,2,4,1,02,04,8.0,8.0,01,03,02,,1,,2,2,2,2,3,2,2,60.0,80.0,50.0,70.0,75.0,2,1,1,2,2,3,2,45.0,70.0,40.0,65.0,80.0,01,03,03,3,2,1,3,2,3,3,3,02,02,02,02,02,02,02,02,02,02,04,50.0,70.0,1,3,2,3,02,2,,,02,1961.0,1,09,10,02,05,02,01,1,0.2219046652317047,1.0
534,G0T,09,98,1,1,1,2,1,1,2,1,1,1,1,03,02,5.0,0.0,97,,,03,2,,2,8,1,3,2,8,1,70.0,100.0,998.0,998.0,998.0,2,2,1,2,1,2,2,100.0,99.0,99.0,997.0,70.0,01,07,03,3,3,3,1,8,1,1,2,02,03,02,02,03,03,03,01,03,98,98,0.0,100.0,2,2,8,2,03,8,,,06,1964.0,1,05,02,02,04,02,01,1,1.9752861261367798,1.0
535,J7K,14,03,1,1,4,1,1,3,1,1,2,2,1,02,97,10.0,10.0,01,03,,05,1,,3,1,2,1,2,1,2,50.0,80.0,30.0,20.0,5.0,1,2,1,1,2,3,2,0.0,60.0,20.0,20.0,20.0,07,04,03,3,2,1,4,4,3,4,4,98,02,04,02,04,03,02,02,01,97,02,60.0,60.0,8,3,2,2,02,2,,,04,1960.0,2,07,04,02,05,02,01,1,0.6555481553077698,1.0
536,G1M,03,01,1,1,2,1,2,2,1,2,2,1,1,03,01,9.0,8.0,04,01,,04,2,,3,2,2,1,3,2,2,60.0,50.0,80.0,20.0,40.0,1,2,1,4,1,1,4,60.0,50.0,75.0,40.0,50.0,01,03,03,3,1,1,2,1,1,2,4,03,01,03,05,04,03,03,03,03,03,03,30.0,60.0,1,3,3,1,03,1,,,02,1981.0,1,10,02,05,03,02,01,1,0.3281298279762268,1.0
537,G3E,03,03,2,2,3,1,2,3,3,2,2,3,1,03,97,10.0,10.0,04,01,,03,2,,2,2,3,1,3,1,2,52.0,0.0,100.0,0.0,50.0,1,2,1,4,2,4,3,50.0,0.0,100.0,10.0,50.0,03,03,03,3,1,3,2,2,2,2,4,03,03,03,03,03,03,03,02,03,98,03,0.0,50.0,1,2,1,1,03,2,,,02,1964.0,2,09,99,02,04,02,01,1,0.38237690925598145,1.0
538,G8W,04,18,1,1,2,1,2,2,2,1,2,2,1,01,03,8.0,8.0,01,08,02,,1,,2,1,2,1,1,1,3,70.0,80.0,40.0,60.0,40.0,1,2,1,2,1,2,2,15.0,50.0,60.0,997.0,30.0,01,03,03,1,3,1,4,3,1,2,3,02,03,02,03,02,03,02,03,02,03,02,50.0,40.0,2,1,1,2,02,2,,,04,1947.0,2,05,03,02,03,02,01,1,0.7705016136169434,1.0
539,H2J,06,04,2,2,3,2,2,4,3,2,2,4,1,01,97,10.0,10.0,03,09,04,,2,,3,3,2,1,3,2,1,85.0,10.0,40.0,0.0,40.0,1,1,2,4,1,1,4,60.0,30.0,40.0,0.0,40.0,01,07,03,2,3,1,4,2,1,1,1,01,01,99,01,01,01,01,01,01,01,01,20.0,80.0,1,4,4,2,01,2,,,02,1976.0,1,10,10,02,05,02,01,1,1.3550678491592407,1.0
540,J9H,07,10,3,2,2,2,3,3,1,3,2,3,1,05,04,10.0,10.0,04,02,,04,8,2,3,3,9,9,3,9,2,40.0,50.0,40.0,40.0,50.0,1,2,1,4,2,4,4,20.0,30.0,40.0,40.0,45.0,99,07,04,2,3,1,4,4,1,1,4,05,02,05,05,05,05,02,02,05,05,05,75.0,70.0,1,4,4,3,97,,2,,03,1965.0,1,10,10,02,05,02,96,1,1.7374107837677002,1.0
541,G6K,12,06,2,1,2,2,3,3,3,1,1,3,1,02,97,6.0,6.0,01,03,,05,1,,1,1,3,1,9,1,2,5.0,90.0,50.0,60.0,10.0,1,2,1,2,2,2,2,5.0,80.0,50.0,70.0,10.0,02,03,03,3,2,1,2,3,3,2,3,02,02,02,02,02,02,02,02,02,02,02,80.0,60.0,1,3,2,2,02,2,,,07,1954.0,2,07,98,02,05,02,01,1,0.25163137912750244,1.0
542,H2J,06,10,2,2,3,2,2,3,1,2,2,3,1,02,97,8.0,9.0,04,03,01,,1,,3,3,2,2,3,2,1,0.0,60.0,0.0,50.0,50.0,1,1,1,3,2,2,3,0.0,0.0,0.0,30.0,0.0,04,04,04,3,2,1,4,4,2,2,3,02,02,02,05,04,04,02,02,02,98,04,75.0,60.0,1,3,2,3,02,2,,,04,1961.0,2,10,05,02,04,02,01,1,0.6555481553077698,1.0
543,G3E,03,03,1,2,3,2,2,2,3,3,3,2,1,01,03,7.0,6.0,01,03,03,,2,,1,1,4,1,2,1,3,75.0,0.0,80.0,0.0,5.0,1,2,1,4,8,2,2,75.0,40.0,80.0,30.0,997.0,01,03,03,3,1,1,2,2,2,2,3,98,01,03,01,98,03,01,98,01,03,03,60.0,998.0,1,3,2,2,01,2,,,02,1956.0,1,07,08,02,04,02,01,2,0.29980286955833435,1.0
544,J5R,16,09,4,4,4,4,4,4,4,4,4,4,1,01,97,5.0,10.0,09,96,,02,2,,1,1,3,1,1,1,3,50.0,30.0,50.0,0.0,30.0,1,2,1,4,1,2,3,10.0,10.0,30.0,0.0,0.0,06,06,06,1,1,2,3,2,2,2,1,98,98,01,05,01,98,01,98,98,03,98,30.0,90.0,8,2,1,3,01,3,,,01,1963.0,1,11,10,01,04,01,10,3,3.6725471019744873,1.0
545,G9N,04,01,1,2,1,2,3,2,1,2,1,9,2,,,8.0,8.0,01,04,,03,2,,2,1,3,2,2,2,2,40.0,10.0,50.0,997.0,997.0,8,1,1,4,8,1,1,40.0,0.0,60.0,5.0,997.0,03,98,03,2,1,3,8,1,1,1,3,98,03,98,01,98,03,98,98,03,98,03,50.0,60.0,2,1,1,2,03,3,,,01,1945.0,2,08,01,03,02,02,01,1,0.7705016136169434,1.0
546,G1X,03,98,1,1,1,1,2,2,2,2,8,8,1,05,98,5.0,5.0,01,03,96,,8,2,1,1,3,1,8,8,2,0.0,0.0,0.0,10.0,50.0,2,2,1,8,2,3,3,10.0,10.0,10.0,998.0,998.0,98,03,98,2,3,1,3,4,2,8,4,97,97,97,05,97,03,97,97,97,97,97,10.0,70.0,1,4,8,8,05,2,,,04,1961.0,2,10,10,05,05,02,01,1,0.25163137912750244,1.0
547,H3S,06,05,1,1,1,1,3,3,1,1,2,3,1,02,04,8.0,5.0,01,03,03,,8,2,3,3,2,3,3,2,1,50.0,70.0,20.0,60.0,60.0,1,2,1,3,1,1,4,20.0,40.0,10.0,80.0,60.0,01,02,04,3,4,1,4,4,1,3,4,04,04,04,05,04,04,04,02,04,04,04,40.0,70.0,2,1,1,1,04,1,,,01,1959.0,1,09,09,02,01,02,02,3,2.416813850402832,1.0
548,H1G,06,09,1,1,2,1,2,2,1,1,1,1,1,02,05,6.0,7.0,01,02,,04,1,,1,1,4,1,2,1,2,12.0,50.0,30.0,50.0,98.0,1,2,1,4,8,2,1,0.0,30.0,30.0,30.0,80.0,06,98,03,3,2,1,4,2,4,4,4,02,02,02,02,98,01,02,02,98,98,02,10.0,30.0,8,1,1,1,02,2,,,04,1932.0,1,05,03,03,01,02,01,1,1.1757395267486572,1.0
549,H1Y,06,98,2,2,3,2,2,3,3,2,2,2,1,02,03,8.0,8.0,03,01,,03,1,,3,1,3,1,2,1,3,50.0,70.0,40.0,50.0,50.0,1,2,1,3,2,1,3,60.0,60.0,40.0,70.0,40.0,07,02,02,1,3,1,4,2,2,2,3,03,02,98,98,02,04,02,02,02,02,02,20.0,80.0,1,3,2,2,02,2,,,06,1963.0,2,08,98,02,05,02,01,1,0.9961626529693604,1.0
550,J8P,07,98,1,1,2,1,1,1,2,1,2,2,2,,,0.0,6.0,01,07,04,,1,,1,1,3,1,2,1,2,40.0,70.0,75.0,30.0,60.0,2,2,1,2,2,3,4,60.0,60.0,100.0,55.0,40.0,03,03,03,1,1,3,4,4,4,1,4,02,01,01,05,03,02,02,02,03,02,01,60.0,75.0,2,2,1,4,03,3,,,04,1987.0,1,05,98,01,05,02,03,1,3.324955463409424,1.0
551,G3G,03,03,3,1,1,1,1,3,1,1,1,3,1,03,01,10.0,8.0,01,03,,04,2,,1,1,3,1,2,1,1,20.0,10.0,80.0,997.0,997.0,2,1,8,2,1,1,3,0.0,0.0,80.0,20.0,10.0,03,03,03,3,3,1,8,1,3,2,4,98,03,98,05,03,03,02,02,03,03,03,10.0,80.0,8,2,1,1,03,1,,,06,1963.0,1,05,06,01,98,02,01,1,0.33720386028289795,1.0
552,J7Y,15,98,1,1,3,1,2,2,2,1,1,1,1,02,97,5.0,7.0,01,03,,04,1,,2,2,4,1,2,1,3,40.0,60.0,60.0,997.0,997.0,1,1,1,3,1,1,2,0.0,80.0,60.0,997.0,997.0,02,02,02,3,2,1,2,2,1,3,4,02,02,01,98,02,02,02,02,02,02,02,50.0,70.0,1,2,1,1,02,2,,,98,1961.0,1,06,03,02,05,02,01,1,0.9163962006568909,1.0
553,H4A,06,98,1,1,1,1,1,1,9,1,1,1,2,,,8.0,9.0,01,03,,01,2,,1,1,4,1,2,1,3,100.0,0.0,75.0,997.0,85.0,8,2,1,2,2,3,1,95.0,0.0,5.0,998.0,85.0,01,05,05,2,4,1,2,2,2,4,2,01,01,01,05,03,01,01,01,01,01,01,100.0,90.0,8,3,2,2,01,2,,,01,1978.0,2,04,01,02,05,01,08,2,1.3096427917480469,1.0
554,H1H,06,19,1,1,1,2,2,2,1,1,1,3,1,03,05,4.0,6.0,01,03,,05,1,,2,1,4,1,2,1,3,10.0,50.0,100.0,997.0,75.0,1,1,1,4,2,1,1,0.0,50.0,100.0,997.0,0.0,03,03,03,3,3,1,4,4,1,1,3,02,02,03,02,03,03,02,02,02,03,03,100.0,50.0,1,4,2,2,03,2,,,06,1953.0,2,05,03,02,05,02,01,1,0.6555481553077698,1.0
555,J4B,16,96,1,1,2,2,2,1,2,1,1,2,1,01,02,5.0,8.0,03,01,02,,2,,2,1,3,2,2,2,2,50.0,60.0,41.0,25.0,75.0,8,2,1,4,3,1,8,50.0,60.0,35.0,997.0,997.0,01,98,98,2,3,1,1,2,1,1,8,01,02,98,05,98,01,98,02,02,98,01,50.0,80.0,8,1,1,2,98,,8,,01,1926.0,1,05,02,03,02,02,01,1,1.1757395267486572,1.0
556,J4T,16,98,1,1,1,1,1,2,3,1,1,2,1,01,03,7.0,7.0,03,01,,01,2,,2,1,3,1,2,2,2,100.0,0.0,80.0,19.0,50.0,1,2,1,4,2,2,1,50.0,30.0,60.0,997.0,20.0,01,03,03,3,1,3,2,4,1,1,2,01,01,01,03,01,01,01,01,01,01,01,50.0,100.0,1,4,1,1,01,2,,,01,1971.0,2,04,09,01,05,02,06,3,2.6271798610687256,1.0
557,G0L,01,16,1,1,3,1,1,1,1,1,2,1,1,03,01,7.0,8.0,03,01,,04,2,,1,1,2,1,2,1,2,30.0,25.0,50.0,0.0,15.0,1,2,1,4,1,1,3,40.0,10.0,60.0,997.0,40.0,01,03,03,3,1,1,4,4,3,1,4,03,01,01,01,03,03,01,02,01,01,03,40.0,80.0,8,2,1,1,03,2,,,02,1946.0,1,07,07,03,01,02,01,1,1.097648024559021,1.0
558,H2S,06,08,2,1,1,1,1,1,1,1,1,1,1,02,04,8.0,8.0,02,03,,04,1,,3,3,2,1,2,1,3,20.0,70.0,20.0,80.0,70.0,2,2,1,3,2,2,1,15.0,60.0,20.0,80.0,50.0,04,04,04,2,3,1,4,4,3,3,4,02,02,04,04,04,02,02,04,04,98,04,75.0,75.0,1,3,1,4,04,1,,,98,1978.0,2,09,01,02,04,02,01,1,0.9693608283996582,1.0
559,G1H,03,10,2,2,3,2,2,3,1,2,2,2,1,01,03,6.0,5.0,03,01,03,,2,,3,2,2,1,2,2,2,65.0,30.0,40.0,40.0,30.0,1,2,1,4,1,1,3,65.0,30.0,50.0,50.0,998.0,01,03,03,3,1,3,3,4,1,2,1,01,01,01,05,04,03,99,02,01,97,03,30.0,70.0,1,1,1,3,01,3,,,02,1944.0,2,07,04,03,03,02,01,1,0.21248352527618408,1.0
560,J7V,16,98,1,2,3,1,2,3,3,1,2,3,1,03,05,7.0,5.0,03,04,03,,2,,2,2,2,1,2,1,2,50.0,45.0,60.0,40.0,60.0,1,2,1,4,2,2,3,45.0,30.0,60.0,40.0,50.0,01,05,03,2,1,1,3,2,8,3,3,04,03,04,05,03,03,02,02,98,05,03,12.0,60.0,1,2,1,2,03,2,,,02,1934.0,1,09,04,11,04,02,01,1,1.1757395267486572,1.0
561,J4G,16,98,1,1,2,1,1,2,2,1,1,1,1,98,,98.0,6.0,96,,,05,1,,1,1,4,2,2,1,2,998.0,998.0,998.0,998.0,998.0,1,2,1,3,4,1,8,998.0,998.0,998.0,998.0,998.0,98,98,98,3,4,1,8,2,4,3,3,98,98,98,98,98,98,98,98,98,98,98,998.0,998.0,2,1,1,3,98,,8,,98,1926.0,1,09,98,03,03,02,01,1,1.1757395267486572,1.0
562,J6J,16,96,2,1,1,1,1,4,1,1,1,4,2,,,7.0,6.0,03,09,01,,1,,1,1,1,2,2,2,4,10.0,15.0,5.0,90.0,95.0,2,2,1,1,4,1,1,10.0,20.0,5.0,75.0,60.0,06,04,02,3,4,1,1,4,3,2,4,98,98,98,98,98,98,02,02,02,02,02,100.0,50.0,1,3,4,3,02,2,,,06,1970.0,2,04,99,06,05,02,01,1,0.9961626529693604,1.0
563,G5L,01,06,1,1,2,2,1,1,3,2,1,1,1,99,,8.0,8.0,01,03,03,,2,,4,2,1,3,2,2,1,60.0,70.0,72.0,0.0,0.0,1,2,1,4,1,1,4,60.0,40.0,80.0,20.0,0.0,01,03,03,1,3,1,4,4,4,3,3,01,02,03,03,02,03,03,03,03,01,03,50.0,50.0,1,4,3,2,03,2,,,02,1965.0,1,09,04,02,02,02,01,1,1.9752861261367798,1.0
564,J6Z,15,08,4,2,3,1,3,3,2,2,2,3,1,02,05,7.0,7.0,03,02,01,,1,,2,1,3,1,2,1,3,10.0,40.0,60.0,20.0,40.0,1,2,1,2,2,1,3,20.0,60.0,80.0,15.0,70.0,03,05,05,3,2,1,4,2,3,2,3,03,03,02,05,04,03,02,02,02,03,04,30.0,50.0,1,4,1,2,02,3,,,04,1969.0,1,08,10,02,05,02,01,1,1.3925409317016602,1.0
565,G0S,12,02,2,2,3,2,1,3,4,3,3,1,1,03,01,8.0,6.0,02,01,,04,2,,1,1,4,1,2,1,3,75.0,2.0,60.0,0.0,25.0,1,2,8,4,4,3,1,75.0,0.0,85.0,997.0,997.0,01,06,03,1,1,1,2,1,3,3,4,97,03,98,98,03,03,98,99,03,03,03,10.0,50.0,8,3,1,1,03,2,,,02,1959.0,2,07,06,06,05,02,01,1,0.25163137912750244,1.0
566,H7G,13,01,2,3,3,1,1,8,1,1,2,3,1,01,02,5.0,8.0,03,01,,05,8,8,3,4,1,2,2,1,2,60.0,60.0,0.0,30.0,20.0,1,2,1,8,3,8,3,50.0,50.0,0.0,20.0,20.0,01,02,02,2,8,2,8,2,1,1,1,02,02,98,02,02,02,02,02,02,98,02,80.0,90.0,2,4,4,4,02,2,,,01,1962.0,2,08,01,01,98,02,02,4,1.728875994682312,1.0
567,J0L,16,03,2,1,2,1,3,3,3,2,2,1,1,02,03,8.0,8.0,01,03,,04,8,2,3,3,2,2,3,1,2,65.0,65.0,70.0,50.0,60.0,1,2,1,4,2,1,2,55.0,55.0,70.0,60.0,50.0,01,03,03,2,3,1,3,2,2,2,4,98,98,98,05,03,03,02,03,02,98,03,50.0,80.0,8,4,2,1,97,,1,02,04,1967.0,2,07,10,01,04,02,01,1,0.9961626529693604,1.0
568,J6A,14,01,1,1,2,1,2,2,3,2,2,4,1,99,,9.0,5.0,03,01,,02,2,,1,1,4,2,2,1,3,50.0,0.0,75.0,0.0,10.0,1,2,1,4,2,1,3,50.0,0.0,75.0,0.0,997.0,01,03,03,3,3,1,3,4,1,1,4,03,03,98,03,03,03,03,03,03,03,03,80.0,80.0,1,1,1,1,97,,1,03,01,1940.0,1,05,06,03,01,02,01,1,1.1757395267486572,1.0
569,G3E,03,04,2,2,2,4,2,1,3,2,2,3,1,03,97,4.0,3.0,01,02,,02,2,,2,2,3,1,2,1,3,50.0,20.0,70.0,30.0,30.0,1,2,1,3,8,4,8,50.0,40.0,70.0,40.0,997.0,03,03,03,3,4,8,1,2,3,4,3,01,99,98,05,98,03,98,98,98,98,98,50.0,50.0,1,3,2,3,97,,1,03,03,1962.0,2,05,04,02,04,02,01,1,0.25163137912750244,1.0
570,J0K,24,10,1,1,3,2,1,3,1,1,4,2,1,01,03,10.0,10.0,03,09,04,,2,,3,1,2,1,2,1,2,80.0,20.0,50.0,20.0,40.0,1,2,1,4,1,1,3,80.0,0.0,50.0,0.0,30.0,01,99,03,1,1,1,4,4,1,2,4,01,97,01,02,01,02,01,02,03,03,97,50.0,80.0,1,4,1,1,01,2,,,02,1949.0,1,05,01,02,05,02,01,1,0.9654632806777954,1.0
571,G0A,03,98,2,2,8,2,2,2,2,2,2,2,1,98,,10.0,8.0,06,97,,04,2,,1,1,3,1,2,2,8,80.0,100.0,0.0,10.0,50.0,1,1,1,3,2,8,2,0.0,80.0,60.0,60.0,100.0,02,98,02,2,3,3,8,2,1,2,4,02,02,02,02,02,02,02,02,02,02,02,100.0,100.0,1,1,1,1,02,1,,,98,1974.0,2,03,01,04,01,02,01,1,0.3720875084400177,1.0
572,J6A,14,03,2,2,1,2,3,2,3,2,2,1,1,03,97,7.0,6.0,01,02,,02,2,,1,1,2,1,2,2,1,50.0,25.0,75.0,0.0,0.0,1,2,1,4,2,1,4,50.0,25.0,75.0,0.0,0.0,01,03,03,3,1,1,3,2,3,3,4,01,01,03,03,03,03,02,02,03,03,03,20.0,50.0,1,3,2,1,03,2,,,02,1952.0,1,05,04,02,04,02,01,1,0.7738205194473267,1.0
573,G1C,03,05,2,1,2,1,1,3,1,1,1,3,1,02,04,10.0,10.0,02,01,,05,1,,2,2,2,1,2,1,2,30.0,80.0,35.0,85.0,50.0,1,2,1,3,1,2,4,10.0,50.0,40.0,80.0,45.0,04,02,04,1,2,1,4,4,2,3,4,02,02,02,04,04,02,02,02,02,03,04,75.0,60.0,2,2,3,3,02,3,,,04,1950.0,2,09,07,03,01,02,01,1,0.21248352527618408,1.0
574,G0M,32,10,2,1,3,2,1,2,1,1,3,3,1,02,97,9.0,9.0,03,01,02,,1,,3,3,3,2,3,2,1,60.0,80.0,60.0,40.0,40.0,1,1,1,4,1,8,3,40.0,60.0,50.0,30.0,30.0,02,02,03,3,2,1,4,2,2,2,3,02,02,02,01,03,03,02,02,02,02,02,50.0,75.0,8,2,2,2,02,2,,,04,1961.0,1,05,04,01,04,02,01,1,1.1068066358566284,1.0
575,J0Y,08,01,1,1,1,1,3,4,4,1,1,1,1,01,03,8.0,5.0,01,02,,03,2,,1,2,2,1,2,2,1,75.0,50.0,90.0,997.0,35.0,1,2,1,4,2,1,2,75.0,45.0,80.0,997.0,997.0,01,99,03,2,3,1,4,1,1,1,4,03,03,98,05,03,03,01,02,98,03,03,20.0,75.0,2,1,1,1,03,2,,,01,1947.0,1,09,05,03,04,02,01,1,0.9654632806777954,1.0
576,J0Z,08,13,2,2,2,2,2,1,4,1,1,2,1,04,03,7.0,8.0,01,02,02,,2,,2,1,3,1,2,1,3,60.0,0.0,80.0,90.0,75.0,2,2,1,4,2,2,2,60.0,0.0,70.0,80.0,80.0,01,04,03,3,1,1,4,3,3,1,4,98,03,98,05,04,04,03,98,03,03,03,90.0,90.0,1,3,1,1,98,,1,03,01,1966.0,2,07,10,02,04,02,04,1,1.8892440795898438,1.0
577,J6X,14,03,1,2,2,2,2,4,1,2,1,1,1,03,05,10.0,5.0,01,03,01,,2,,4,1,4,1,1,1,3,0.0,20.0,100.0,25.0,25.0,1,1,1,4,2,2,4,0.0,20.0,100.0,5.0,995.0,03,03,03,2,4,1,8,1,3,3,4,03,03,03,03,03,03,03,03,03,03,03,40.0,50.0,2,4,1,1,03,1,,,02,1933.0,2,04,03,03,05,02,01,1,0.8410736918449402,1.0
578,G1H,03,98,2,2,3,2,1,3,2,2,1,4,1,02,03,8.0,6.0,04,01,02,,1,,2,1,3,1,2,1,3,30.0,50.0,40.0,997.0,50.0,1,2,1,3,2,4,2,30.0,70.0,80.0,997.0,997.0,03,03,02,1,3,1,4,1,2,4,3,01,02,03,02,02,02,02,02,03,01,02,10.0,75.0,1,4,1,2,02,2,,,02,1981.0,1,06,05,09,04,02,01,1,0.3281298279762268,1.0
579,J8M,07,02,2,2,3,2,3,3,3,3,3,3,1,03,97,7.0,7.0,01,04,,04,2,,2,2,3,1,3,1,1,70.0,70.0,70.0,0.0,0.0,2,1,8,3,2,2,2,70.0,50.0,70.0,10.0,20.0,01,03,03,2,3,1,1,2,2,2,2,98,98,96,05,03,98,96,97,98,03,03,70.0,50.0,2,3,2,2,01,3,,,98,1963.0,1,09,10,01,04,02,01,1,1.7374107837677002,1.0
580,J7V,16,01,1,1,2,2,3,4,2,2,3,3,1,02,05,2.0,9.0,03,04,,04,1,,3,1,3,3,2,1,1,0.0,70.0,30.0,50.0,70.0,1,2,1,4,2,1,3,0.0,20.0,20.0,20.0,60.0,05,05,05,2,2,1,4,4,3,1,3,02,02,02,05,04,03,02,02,02,02,03,80.0,60.0,1,4,4,2,02,2,,,04,1956.0,2,07,10,01,05,02,01,1,0.6555481553077698,1.0
581,G1W,03,98,2,2,4,2,2,3,3,3,3,3,2,,,8.0,8.0,08,01,,04,2,,1,3,3,2,2,2,2,70.0,75.0,75.0,25.0,10.0,2,1,1,3,2,2,3,50.0,50.0,50.0,30.0,997.0,01,03,03,3,3,3,3,2,2,2,3,01,02,03,05,03,03,02,02,01,01,03,70.0,80.0,1,3,2,2,01,3,,,98,1983.0,2,09,04,02,04,02,01,1,0.7317694425582886,1.0
582,H1T,06,02,1,1,3,1,2,2,1,2,2,1,1,03,02,10.0,8.0,01,03,,04,1,,2,2,2,1,2,8,2,10.0,90.0,90.0,50.0,50.0,2,2,1,1,3,2,3,0.0,75.0,90.0,997.0,997.0,02,03,03,3,2,1,2,3,1,2,3,03,03,98,03,03,03,03,03,03,98,03,40.0,50.0,1,2,1,1,02,3,,,04,1972.0,2,07,03,02,05,02,01,1,0.9961626529693604,1.0
583,J2G,26,08,2,2,1,1,2,1,2,1,1,3,1,02,03,8.0,8.0,03,01,01,,1,,2,2,3,2,2,1,2,50.0,75.0,65.0,50.0,40.0,1,1,2,2,2,2,3,60.0,75.0,80.0,75.0,40.0,03,03,03,3,2,1,3,2,2,2,3,03,02,03,03,03,02,02,02,02,03,03,50.0,50.0,1,3,2,2,02,2,,,04,1954.0,1,07,06,02,04,02,01,1,1.1433428525924683,1.0
584,J8C,25,06,2,1,2,1,1,3,1,1,1,3,2,,,3.0,3.0,01,02,,05,1,,2,1,3,1,2,2,2,0.0,5.0,50.0,997.0,50.0,1,2,1,2,2,2,2,0.0,0.0,35.0,50.0,997.0,04,01,03,3,2,1,8,2,2,3,1,98,98,03,05,03,03,02,02,02,98,03,75.0,75.0,1,4,2,3,05,3,,,96,1950.0,2,08,08,02,02,02,01,1,1.049834966659546,1.0
585,G0W,02,02,2,2,2,2,3,3,2,2,2,4,1,03,02,0.0,8.0,03,01,01,,1,,1,1,3,1,2,1,2,30.0,40.0,40.0,50.0,10.0,1,2,1,3,2,2,2,10.0,30.0,50.0,60.0,20.0,04,04,04,3,3,1,4,2,3,3,4,03,04,04,04,04,04,02,02,04,04,04,70.0,70.0,8,2,1,1,97,,1,04,02,1949.0,1,07,10,03,04,02,01,1,1.097648024559021,1.0
586,J6A,14,01,2,1,3,1,1,3,3,3,1,1,1,02,03,8.0,5.0,01,03,,04,3,,2,1,4,2,3,1,4,50.0,50.0,50.0,25.0,0.0,2,2,1,2,2,3,2,50.0,75.0,65.0,35.0,20.0,02,03,03,3,3,1,4,1,2,2,4,01,02,02,03,03,02,03,02,02,02,03,65.0,85.0,1,4,1,1,02,2,,,02,1972.0,1,07,10,01,05,02,01,1,1.3925409317016602,1.0
587,J7E,15,10,3,2,3,1,1,3,8,4,2,2,1,01,03,8.0,8.0,01,03,,03,2,,2,2,2,2,2,1,1,90.0,40.0,60.0,20.0,50.0,1,1,1,4,1,1,4,85.0,40.0,60.0,20.0,40.0,01,01,03,3,1,1,4,1,1,2,2,01,01,01,01,01,01,01,01,03,01,01,10.0,80.0,2,3,2,1,01,2,,,02,1937.0,2,09,10,11,05,02,01,1,0.8410736918449402,1.0
588,H8N,06,01,1,1,2,2,2,2,1,2,2,1,1,01,02,7.0,8.0,04,03,,04,1,,2,2,2,1,2,1,2,85.0,80.0,80.0,0.0,0.0,1,2,1,3,2,1,2,85.0,80.0,80.0,25.0,0.0,01,01,03,1,3,1,2,2,2,3,4,01,01,01,01,03,03,02,01,01,01,03,50.0,80.0,2,2,1,1,01,2,,,02,1940.0,2,09,05,03,02,02,01,7,1.1363251209259033,1.0
589,G0M,32,98,1,2,2,1,2,1,3,2,2,2,1,03,97,8.0,7.0,01,05,,04,8,1,2,2,3,1,2,1,2,0.0,50.0,75.0,25.0,25.0,1,2,1,4,2,1,4,25.0,25.0,75.0,25.0,997.0,01,03,03,3,3,1,4,1,3,1,4,98,02,98,05,01,03,03,02,03,98,03,50.0,80.0,1,4,1,8,03,2,,,02,1964.0,1,05,03,02,05,02,01,1,1.681884765625,1.0
590,G1T,03,01,1,1,1,1,1,2,1,1,1,2,1,01,03,8.0,8.0,03,01,03,,2,,2,4,3,1,3,2,2,80.0,70.0,70.0,75.0,75.0,1,2,1,4,2,4,1,85.0,75.0,70.0,75.0,70.0,01,01,03,1,1,1,4,1,1,1,2,01,01,03,01,01,01,01,02,01,01,03,60.0,85.0,8,2,1,1,97,,1,01,02,1931.0,1,08,99,03,03,02,01,1,0.28470510244369507,1.0
591,J3N,16,03,2,2,2,2,2,1,3,2,1,2,1,03,01,7.0,7.0,01,02,02,,1,,2,2,2,1,2,1,2,90.0,85.0,95.0,50.0,50.0,2,2,1,4,2,2,2,2.0,0.0,50.0,0.0,0.0,03,03,03,3,3,1,4,2,2,2,1,01,03,03,03,98,03,03,01,03,01,03,0.0,80.0,1,3,2,1,03,3,,,01,1964.0,1,06,07,01,02,02,01,1,1.3925409317016602,1.0
592,H3N,06,01,1,1,2,1,2,2,2,1,2,2,1,01,03,10.0,8.0,03,06,,01,2,,1,1,3,1,3,1,4,75.0,50.0,65.0,60.0,50.0,1,2,2,3,4,2,1,80.0,60.0,75.0,50.0,50.0,98,98,98,3,4,1,4,1,1,1,4,98,98,98,98,98,98,98,98,98,98,98,70.0,80.0,8,2,2,1,01,1,,,01,1948.0,2,02,01,03,01,01,01,2,0.74787837266922,1.0
593,H7V,13,98,1,1,3,2,1,1,1,1,1,1,1,02,97,8.0,7.0,06,01,,03,8,8,1,8,3,1,3,1,4,75.0,80.0,80.0,997.0,997.0,1,2,1,2,2,8,8,60.0,995.0,90.0,997.0,997.0,03,03,03,2,4,3,8,1,4,1,4,98,96,98,98,02,02,02,02,02,02,02,90.0,998.0,2,4,1,8,02,2,,,04,1962.0,2,03,98,02,05,02,10,6,1.728875994682312,1.0
594,H4L,06,98,1,2,4,2,1,1,2,2,4,4,1,99,,10.0,10.0,04,01,04,,2,,2,1,3,1,2,1,2,50.0,0.0,50.0,10.0,10.0,1,1,1,4,3,1,4,8.0,5.0,5.0,5.0,997.0,01,01,03,3,1,1,2,4,1,1,1,01,01,01,01,04,03,01,01,01,03,04,0.0,95.0,2,3,1,1,01,2,,,01,1931.0,2,07,99,03,01,02,01,1,0.8410736918449402,1.0
595,H3H,06,98,1,1,2,1,2,1,2,1,2,1,1,03,02,8.0,8.0,01,03,,03,2,,1,4,3,1,2,1,2,70.0,60.0,90.0,997.0,89.0,1,2,2,4,2,2,3,60.0,50.0,90.0,40.0,40.0,01,03,03,2,4,1,3,3,2,3,3,98,03,98,05,05,05,03,02,98,03,98,80.0,90.0,8,1,1,1,03,2,,,06,1949.0,2,05,02,07,02,02,06,6,1.4598954916000366,1.0
596,G0C,11,98,1,2,2,1,1,1,1,2,1,1,1,01,02,9.0,5.0,01,02,02,,2,,2,1,3,1,8,1,2,50.0,0.0,60.0,0.0,40.0,2,1,2,4,2,2,2,40.0,40.0,60.0,30.0,70.0,01,01,03,3,3,2,3,3,2,2,4,01,02,02,02,01,98,02,02,02,98,01,0.0,50.0,8,2,2,3,01,2,,,01,1959.0,1,04,99,02,01,01,01,2,1.756195306777954,1.0
597,H1A,06,03,1,1,2,1,2,2,3,1,2,2,1,03,05,10.0,8.0,01,03,03,,2,,3,1,4,1,2,2,2,50.0,25.0,90.0,70.0,80.0,1,2,1,4,1,2,4,50.0,50.0,100.0,60.0,75.0,01,03,03,2,1,1,3,2,3,3,4,03,03,03,05,04,03,03,03,03,03,03,0.0,75.0,1,4,1,1,03,2,,,04,1972.0,2,07,06,02,05,02,01,1,0.9961626529693604,1.0
598,G7A,12,98,1,1,1,1,2,2,2,1,1,3,1,03,02,8.0,8.0,01,03,02,,1,,3,2,4,1,2,1,3,0.0,70.0,50.0,30.0,20.0,1,2,1,2,2,3,1,0.0,75.0,70.0,40.0,90.0,03,03,03,2,2,1,4,4,2,1,4,03,03,03,03,03,03,03,03,03,03,03,50.0,80.0,1,1,1,1,03,3,,,02,1964.0,1,09,05,02,04,02,01,1,0.33720386028289795,1.0
599,J3H,16,14,3,2,2,2,2,2,2,1,1,3,1,03,04,7.0,8.0,03,01,,04,2,,3,2,3,1,2,1,3,50.0,30.0,70.0,60.0,40.0,1,2,1,4,2,2,3,55.0,45.0,75.0,80.0,997.0,04,03,03,2,3,1,3,2,3,3,4,03,03,03,02,04,03,03,03,02,03,03,40.0,70.0,2,2,1,3,03,2,,,02,1956.0,2,08,02,06,01,02,01,1,0.6555481553077698,1.0
600,G1J,03,03,1,1,2,1,1,3,2,1,2,1,1,03,02,10.0,8.0,01,03,02,,1,,3,3,3,1,3,1,2,55.0,70.0,80.0,75.0,75.0,1,2,1,3,3,2,3,55.0,75.0,85.0,75.0,65.0,06,03,03,3,3,1,4,2,2,2,4,03,03,98,05,02,03,02,02,03,03,03,70.0,70.0,1,4,2,1,97,,1,03,07,1949.0,1,10,01,07,05,02,01,1,0.18738064169883728,1.0
601,J0L,26,12,2,1,2,2,1,3,2,2,3,3,1,01,03,6.0,3.0,03,01,,04,2,,2,2,3,1,3,1,3,40.0,0.0,60.0,60.0,40.0,1,2,1,4,2,2,2,20.0,0.0,30.0,30.0,997.0,01,03,04,1,3,1,8,1,2,1,3,01,01,03,05,03,98,03,03,01,01,03,30.0,70.0,1,4,2,1,97,,1,03,02,1959.0,1,09,10,02,05,02,01,1,1.1433428525924683,1.0
602,G6V,12,96,1,1,2,2,2,2,1,3,1,2,1,03,01,8.0,5.0,01,02,02,,2,,2,2,2,1,2,1,2,40.0,25.0,100.0,50.0,60.0,1,2,2,3,2,2,4,50.0,25.0,100.0,50.0,40.0,03,03,03,3,4,3,2,1,1,2,4,03,03,03,03,03,03,03,03,03,03,03,0.0,100.0,1,3,2,2,03,2,,,06,1969.0,1,05,99,02,04,02,01,1,0.33720386028289795,1.0
603,H4B,06,98,3,2,3,1,2,1,2,1,3,4,1,01,97,5.0,10.0,03,04,04,,2,,1,1,3,1,2,1,4,65.0,40.0,50.0,40.0,20.0,1,2,1,4,4,2,4,50.0,50.0,50.0,40.0,0.0,06,03,03,1,4,2,4,4,1,3,1,97,97,01,97,03,03,01,01,97,01,01,50.0,100.0,1,3,2,2,01,3,,,01,1959.0,1,09,06,01,05,01,01,1,0.9163962006568909,1.0
604,H8N,06,03,1,1,3,2,2,3,3,3,2,2,1,02,05,6.0,7.0,01,03,,04,1,,2,2,3,1,2,1,2,60.0,75.0,50.0,50.0,70.0,1,2,1,4,2,2,3,50.0,70.0,45.0,80.0,60.0,02,04,04,3,2,1,4,2,2,2,3,02,02,01,05,04,03,02,02,02,02,03,80.0,80.0,1,3,2,3,02,3,,,04,1960.0,2,09,10,02,04,02,01,1,0.6555481553077698,1.0
605,H4C,06,01,1,1,2,2,2,2,3,2,2,1,1,02,03,6.0,6.0,04,01,02,,2,,2,1,3,1,2,1,3,30.0,60.0,70.0,50.0,60.0,1,2,1,3,2,1,1,30.0,80.0,80.0,60.0,60.0,03,03,03,3,3,1,3,2,2,3,3,03,03,98,05,03,03,02,02,01,02,03,80.0,60.0,1,4,3,2,02,2,,,04,1973.0,2,09,05,02,05,02,01,1,0.9693608283996582,1.0
606,G2B,03,98,1,1,1,1,1,1,1,1,1,1,1,01,03,8.0,8.0,03,01,02,,2,,2,2,2,1,2,2,2,50.0,5.0,50.0,20.0,50.0,1,1,1,4,1,1,1,60.0,5.0,60.0,20.0,50.0,01,01,03,3,1,8,1,1,1,1,1,01,01,01,01,01,01,01,01,01,01,01,50.0,50.0,2,1,1,1,01,2,,,02,1932.0,1,03,99,03,04,02,01,1,0.28470510244369507,1.0
607,G7A,12,05,2,2,1,1,1,1,4,3,2,4,1,03,05,10.0,10.0,03,05,02,,2,,2,2,4,1,2,1,3,40.0,21.0,80.0,0.0,70.0,1,2,1,4,1,3,3,50.0,30.0,80.0,0.0,75.0,01,03,03,3,3,1,1,1,2,2,2,01,03,03,05,03,03,03,02,03,03,03,0.0,60.0,1,4,3,1,03,1,,,05,1978.0,1,10,10,02,04,02,01,1,0.3281298279762268,1.0
608,G1W,03,01,1,1,2,1,1,3,1,2,2,3,1,99,,8.0,8.0,01,03,,04,1,,1,1,3,3,8,1,2,20.0,80.0,20.0,70.0,70.0,1,2,1,1,1,1,3,0.0,70.0,60.0,70.0,70.0,02,03,03,2,2,1,2,3,2,1,4,02,02,02,05,04,02,02,02,02,02,02,60.0,80.0,1,3,3,2,02,3,,,04,1947.0,1,07,09,03,05,02,01,1,0.18738064169883728,1.0
609,G2B,03,01,1,1,2,1,1,2,1,1,1,2,1,03,01,10.0,8.0,02,01,03,,2,,2,2,2,1,2,1,2,70.0,30.0,80.0,0.0,0.0,1,1,1,4,1,2,2,50.0,0.0,70.0,0.0,0.0,01,03,03,3,1,1,1,2,2,1,1,03,01,03,02,02,03,03,02,01,01,03,50.0,100.0,1,2,1,2,03,1,,,02,1950.0,2,05,01,02,02,02,01,1,0.21248352527618408,1.0
610,H3S,06,98,2,2,3,3,3,4,2,3,2,4,2,,,5.0,7.0,03,01,,01,2,,3,2,4,1,1,1,3,60.0,1.0,65.0,0.0,50.0,8,1,1,4,8,2,3,55.0,5.0,70.0,0.0,995.0,01,03,03,3,1,3,3,1,2,2,3,03,01,01,05,03,03,03,03,01,98,98,10.0,80.0,8,4,2,3,01,3,,,06,1959.0,1,09,08,01,05,02,01,1,0.9163962006568909,1.0
611,G1R,03,06,1,1,2,2,2,8,2,2,2,2,1,01,97,7.0,7.0,02,01,02,,8,8,2,8,2,2,2,2,2,60.0,30.0,50.0,25.0,25.0,1,1,1,3,1,2,3,70.0,50.0,60.0,40.0,998.0,01,07,03,3,1,1,8,2,2,8,3,01,03,98,96,96,03,01,96,96,98,01,50.0,50.0,1,2,1,2,01,2,,,01,1932.0,2,04,03,03,01,02,01,7,0.43617725372314453,1.0
612,G1X,03,98,1,1,1,1,2,3,3,1,1,3,1,04,05,7.0,8.0,01,03,,04,1,,1,1,3,3,2,1,2,50.0,50.0,50.0,80.0,80.0,1,2,1,3,2,2,4,50.0,50.0,40.0,80.0,60.0,04,04,04,2,4,1,4,4,2,3,4,04,04,04,04,04,04,04,04,98,98,04,50.0,40.0,1,3,3,3,04,2,,,98,1947.0,2,09,06,01,05,02,01,1,0.21248352527618408,1.0
613,J3A,26,98,1,1,1,1,3,1,1,1,1,2,2,,,4.0,5.0,01,07,,04,8,2,1,1,3,1,2,1,3,50.0,75.0,75.0,50.0,997.0,1,2,1,4,2,1,1,50.0,50.0,75.0,997.0,997.0,03,03,03,3,3,3,2,2,2,2,4,03,03,98,05,02,03,03,02,98,98,03,998.0,75.0,8,8,1,1,03,2,,,06,1957.0,2,05,01,04,04,02,01,1,1.2432608604431152,1.0
614,J9A,07,01,1,1,3,2,1,3,3,2,3,2,1,01,97,9.0,9.0,01,02,03,,2,,3,3,2,2,3,2,2,75.0,25.0,25.0,10.0,40.0,8,2,8,4,3,1,4,75.0,30.0,45.0,10.0,40.0,01,07,98,3,1,1,1,2,1,1,3,01,01,01,01,01,01,01,01,01,01,01,45.0,85.0,1,2,3,2,01,2,,,01,1941.0,2,09,06,03,03,02,01,1,1.595116138458252,1.0
615,G1Y,03,16,1,1,1,2,2,2,3,2,2,3,1,01,03,7.0,5.0,01,02,,02,8,1,3,3,2,1,2,2,2,75.0,60.0,70.0,50.0,50.0,2,1,1,3,2,3,3,80.0,60.0,70.0,995.0,995.0,01,01,01,3,3,1,1,2,2,2,3,01,03,01,05,01,03,02,02,03,01,03,50.0,70.0,8,3,2,2,01,3,,,01,1960.0,1,07,99,02,04,02,01,1,0.2219046652317047,1.0
616,J7P,15,04,2,2,2,2,3,3,4,2,2,2,1,99,,10.0,7.0,01,03,02,,1,,2,1,2,1,2,2,1,60.0,70.0,80.0,20.0,40.0,1,1,1,3,2,2,4,50.0,50.0,80.0,40.0,50.0,01,03,03,3,3,1,4,2,2,2,4,02,02,02,02,02,02,02,02,98,03,02,50.0,50.0,1,3,2,2,98,,1,02,04,1956.0,2,07,06,02,04,02,01,1,0.6555481553077698,1.0
617,J6S,26,01,1,1,3,1,1,2,2,3,3,1,1,02,03,8.0,6.0,01,03,,05,1,,3,2,3,1,2,2,2,40.0,70.0,60.0,20.0,10.0,1,1,1,3,4,2,3,40.0,80.0,95.0,60.0,40.0,03,03,03,1,2,1,4,2,2,2,4,01,02,01,05,04,03,02,02,02,03,03,20.0,90.0,1,4,2,1,02,2,,,04,1969.0,2,10,10,02,04,02,01,1,1.8892440795898438,1.0
618,G5L,01,01,2,2,2,2,8,2,2,2,2,3,2,,,9.0,8.0,01,03,,04,8,8,2,3,3,1,2,1,2,50.0,50.0,60.0,80.0,50.0,2,1,1,2,2,3,4,50.0,50.0,50.0,997.0,997.0,98,98,03,3,4,3,3,3,3,3,3,01,98,98,04,04,03,03,03,04,01,03,50.0,80.0,2,1,1,3,04,8,,,06,1965.0,2,04,98,04,05,02,01,1,1.5534865856170654,1.0
619,G3A,03,01,2,2,1,2,1,3,3,1,2,3,1,03,02,8.0,8.0,01,02,03,,1,,1,1,3,1,2,1,4,50.0,50.0,75.0,40.0,997.0,8,2,1,2,2,2,2,30.0,30.0,80.0,30.0,997.0,03,03,03,2,3,1,8,3,2,3,3,03,03,03,02,03,03,03,03,03,03,03,0.0,75.0,8,2,1,2,03,2,,,04,1962.0,2,06,99,03,05,02,01,1,0.25163137912750244,1.0
620,J6J,16,06,1,1,2,1,3,2,3,1,2,1,1,05,97,8.0,5.0,03,01,02,,3,,3,2,3,1,2,1,2,40.0,60.0,50.0,50.0,90.0,2,2,1,4,1,1,2,50.0,40.0,60.0,50.0,80.0,01,05,07,3,4,1,3,2,3,3,4,02,98,98,05,03,03,02,02,02,01,03,70.0,50.0,1,4,1,1,02,3,,,04,1982.0,2,08,10,02,05,02,01,1,0.9693608283996582,1.0
621,G3K,03,05,1,1,3,2,1,3,3,4,3,2,2,,,8.0,9.0,03,01,,04,2,,3,3,3,1,2,1,2,60.0,40.0,20.0,2.0,2.0,8,1,2,4,1,1,4,50.0,30.0,20.0,5.0,5.0,01,01,03,1,1,1,4,2,1,1,1,01,01,01,05,01,01,01,01,01,01,01,0.0,80.0,1,4,1,1,01,2,,,02,1948.0,1,09,06,01,05,02,01,1,0.18738064169883728,1.0
622,G1J,03,10,2,2,3,1,2,3,2,2,2,3,1,02,05,10.0,10.0,03,01,02,,1,,3,3,3,2,3,2,2,30.0,70.0,40.0,40.0,50.0,1,2,1,3,1,2,3,30.0,60.0,30.0,30.0,40.0,02,02,03,3,2,1,3,2,2,2,3,02,02,01,05,02,03,02,02,02,01,04,60.0,60.0,1,3,3,3,02,2,,,04,1976.0,2,10,06,02,05,02,01,1,0.3720875084400177,1.0
623,H2S,06,10,1,1,1,1,1,4,1,2,2,1,1,02,97,10.0,8.0,03,02,,05,1,,3,8,3,1,2,2,2,50.0,90.0,20.0,10.0,10.0,1,1,2,2,3,2,4,15.0,100.0,25.0,10.0,20.0,02,02,02,3,2,1,4,4,1,4,3,02,02,02,05,02,02,02,02,02,02,02,90.0,60.0,8,2,1,1,02,2,,,04,1943.0,2,07,04,03,05,02,01,1,0.5535573959350586,1.0
624,G8W,04,02,2,2,3,2,2,2,1,2,1,2,1,99,,5.0,7.0,03,01,,04,1,,1,1,3,1,2,1,1,5.0,50.0,75.0,15.0,10.0,1,1,1,3,2,1,4,20.0,60.0,90.0,40.0,30.0,03,03,03,2,4,1,3,2,4,3,4,03,03,03,03,03,03,02,02,03,03,03,0.0,50.0,2,3,1,3,03,2,,,98,1949.0,2,07,04,04,03,02,01,2,1.0409808158874512,1.0
625,G1S,03,10,4,1,2,1,3,4,1,2,2,3,1,02,97,10.0,10.0,03,01,01,,1,,8,1,4,1,1,2,4,0.0,50.0,0.0,0.0,0.0,1,2,1,3,1,1,4,0.0,20.0,0.0,20.0,10.0,02,02,03,2,2,8,4,4,1,1,3,02,02,98,02,02,02,02,02,98,02,02,50.0,50.0,8,3,3,2,02,1,,,04,1933.0,2,10,99,03,05,02,01,1,0.3228451609611511,1.0
626,G1X,03,09,1,1,1,1,1,4,3,2,1,3,1,03,05,9.0,9.0,03,01,,04,2,,2,2,3,1,2,2,2,10.0,15.0,75.0,10.0,15.0,8,1,1,4,4,1,4,0.0,0.0,100.0,15.0,15.0,01,03,03,3,1,1,4,4,1,1,4,03,03,01,01,03,03,03,03,03,03,03,50.0,75.0,8,3,1,2,03,1,,,04,1943.0,2,05,08,03,05,02,01,1,0.21248352527618408,1.0
627,J1H,05,08,1,1,2,1,2,2,3,1,2,3,1,02,05,10.0,10.0,01,03,,04,1,,2,1,3,1,2,1,3,30.0,40.0,40.0,40.0,30.0,1,2,1,4,2,2,2,30.0,20.0,50.0,50.0,50.0,01,04,04,3,2,1,3,2,2,1,4,02,02,02,01,04,03,02,02,03,01,04,30.0,60.0,1,4,2,1,02,2,,,04,1965.0,2,11,10,02,04,02,01,1,1.3865697383880615,1.0
628,G6V,12,10,1,3,3,1,1,3,1,1,1,4,1,01,03,8.0,5.0,01,03,04,,2,,4,2,2,2,2,8,2,70.0,0.0,50.0,30.0,10.0,2,8,8,4,2,1,3,70.0,0.0,60.0,100.0,997.0,01,03,04,3,1,1,8,2,1,2,3,01,01,01,05,04,01,01,01,01,01,01,50.0,70.0,2,1,1,3,01,3,,,01,1966.0,2,09,99,01,01,02,01,1,0.38237690925598145,1.0
629,H1A,06,98,2,2,2,1,2,4,4,1,1,1,1,99,,5.0,8.0,01,03,,03,3,,2,2,3,1,3,2,4,20.0,50.0,40.0,5.0,10.0,1,2,1,3,2,2,2,10.0,15.0,10.0,0.0,3.0,02,03,03,2,3,1,3,2,2,2,3,98,02,96,02,03,03,02,02,03,97,03,50.0,50.0,1,4,2,1,97,,2,,99,1945.0,1,07,03,03,05,02,01,1,0.7738205194473267,1.0
630,G1K,03,96,1,2,3,1,2,3,2,4,1,3,1,02,04,7.0,9.0,03,04,02,,1,,3,2,3,2,2,2,2,50.0,70.0,10.0,70.0,60.0,1,2,1,4,2,2,3,70.0,60.0,50.0,60.0,75.0,02,04,04,3,2,1,4,3,2,1,4,01,02,02,04,02,02,02,02,01,01,04,75.0,70.0,1,2,3,4,04,3,,,04,1981.0,2,09,02,05,05,02,01,1,0.3720875084400177,1.0
631,J6X,14,10,1,3,3,2,3,4,1,1,1,4,1,02,04,10.0,10.0,01,03,,05,1,,1,1,4,1,1,1,4,0.0,95.0,0.0,75.0,65.0,1,2,8,1,3,4,1,0.0,100.0,50.0,25.0,0.0,03,02,02,3,2,1,3,3,3,1,3,02,02,02,05,98,02,02,02,02,02,02,0.0,75.0,1,2,1,1,02,1,,,04,1964.0,2,06,05,02,03,02,01,1,0.9961626529693604,1.0
632,H9G,06,01,1,2,1,1,2,1,2,2,2,4,1,99,,8.0,3.0,01,02,03,,3,,2,1,3,1,2,1,2,50.0,50.0,50.0,997.0,50.0,1,2,1,4,2,1,3,50.0,70.0,60.0,997.0,997.0,98,02,06,2,3,3,1,4,3,2,1,98,98,02,98,02,98,98,02,98,01,01,80.0,80.0,2,1,1,1,97,,2,,98,1949.0,2,09,99,06,01,01,02,2,0.74787837266922,1.0
633,H7K,13,01,1,1,3,2,3,2,3,2,3,3,1,01,97,5.0,5.0,01,02,04,,2,,2,2,3,2,2,1,3,50.0,50.0,30.0,998.0,997.0,1,2,1,4,2,1,3,50.0,997.0,40.0,997.0,997.0,01,01,98,1,1,3,2,2,2,3,2,01,01,01,01,01,01,02,02,01,01,01,20.0,70.0,1,2,1,2,01,2,,,01,1961.0,2,09,06,02,03,01,10,3,1.728875994682312,1.0
634,J5Y,14,16,1,1,2,1,4,1,1,1,1,4,1,03,02,10.0,10.0,03,01,,04,1,,1,1,4,1,8,1,4,0.0,0.0,0.0,998.0,998.0,1,2,2,4,1,2,1,5.0,50.0,50.0,20.0,20.0,06,06,06,3,4,1,4,4,4,4,4,98,97,97,97,97,97,97,97,97,97,97,0.0,50.0,2,4,1,3,02,2,,,02,1962.0,1,04,04,02,05,02,01,1,0.9163962006568909,1.0
635,J3P,26,98,1,1,1,1,2,1,1,1,1,2,1,98,,7.0,7.0,01,97,03,,1,,2,2,3,2,3,2,3,70.0,70.0,70.0,75.0,70.0,1,1,1,2,2,3,2,70.0,70.0,60.0,60.0,65.0,01,01,01,3,3,3,2,2,2,3,2,02,02,02,02,02,02,02,02,02,02,02,80.0,80.0,1,1,2,2,04,2,,,98,1945.0,2,04,98,03,01,02,01,1,1.049834966659546,1.0
636,J4K,16,04,1,2,1,1,2,2,1,2,2,2,2,,,0.0,7.0,03,02,,03,1,,4,3,4,1,1,1,1,80.0,0.0,10.0,0.0,40.0,2,1,2,3,1,3,1,50.0,0.0,5.0,0.0,10.0,01,01,03,3,1,2,1,1,1,1,4,01,01,02,01,02,02,02,01,01,01,02,90.0,50.0,2,1,1,1,01,1,,,06,1972.0,1,09,05,02,01,09,09,2,1.8813762664794922,1.0
637,G0L,01,05,1,1,2,1,1,3,2,1,2,1,1,01,05,5.0,8.0,01,03,04,,2,,1,1,3,1,2,1,2,50.0,20.0,40.0,997.0,40.0,1,1,2,4,4,1,1,50.0,20.0,30.0,75.0,997.0,01,01,01,3,1,1,1,4,2,2,4,01,01,03,01,03,03,02,01,98,01,01,35.0,50.0,2,1,1,1,01,2,,,01,1926.0,2,04,99,03,01,02,01,1,1.3116263151168823,1.0
638,H2M,06,98,1,2,2,2,3,2,1,2,2,1,1,01,02,8.0,9.0,03,01,04,,1,,1,1,3,1,2,8,2,60.0,40.0,40.0,997.0,20.0,1,1,1,4,2,1,1,50.0,30.0,30.0,997.0,40.0,01,05,05,1,3,1,4,1,1,2,1,01,02,98,05,05,03,02,02,02,01,02,30.0,50.0,2,1,1,3,05,2,,,04,1961.0,2,09,05,01,05,12,02,3,1.728875994682312,1.0
639,G0T,33,98,1,1,1,1,1,1,1,2,1,2,1,03,02,7.0,5.0,01,07,05,,1,,3,3,3,2,8,2,2,40.0,80.0,70.0,70.0,70.0,2,1,1,2,1,2,3,0.0,30.0,75.0,997.0,997.0,02,02,07,2,1,2,1,4,2,2,2,02,02,02,02,02,02,02,02,98,02,98,100.0,70.0,2,4,2,1,02,2,,,04,1959.0,2,05,03,02,04,02,01,1,0.9124647378921509,1.0
640,J5L,15,09,1,1,2,1,1,2,2,2,1,2,1,02,03,8.0,7.0,03,01,02,,2,,3,2,3,2,2,1,2,70.0,65.0,75.0,30.0,20.0,1,2,1,2,2,1,2,65.0,60.0,70.0,25.0,20.0,01,03,03,3,3,1,2,2,2,3,3,03,03,03,03,03,03,02,02,03,03,03,50.0,65.0,1,2,2,2,03,2,,,04,1938.0,2,04,04,03,01,02,01,1,0.8410736918449402,1.0
641,J5T,24,13,2,1,3,2,2,1,3,3,1,3,1,03,02,8.0,7.0,02,01,01,,2,,2,2,3,1,2,1,3,10.0,5.0,7.0,50.0,6.0,1,2,1,3,1,1,2,10.0,40.0,60.0,30.0,60.0,03,03,03,3,1,1,4,2,3,2,4,03,03,01,05,98,03,03,02,98,03,02,60.0,50.0,8,2,2,2,03,2,,,04,1969.0,1,07,08,02,05,02,01,1,1.7374107837677002,1.0
642,G2L,03,16,1,1,1,1,1,1,1,1,1,1,1,03,05,8.0,5.0,04,01,,04,2,,1,1,4,1,1,1,3,40.0,70.0,90.0,20.0,80.0,1,2,2,4,1,1,1,50.0,50.0,70.0,0.0,997.0,03,03,01,2,4,1,4,4,1,1,4,03,01,01,03,03,01,03,03,03,03,03,0.0,40.0,1,4,1,1,05,3,,,06,1975.0,1,07,01,05,04,02,01,1,0.3281298279762268,1.0
643,J0L,16,98,1,3,1,1,3,3,2,1,3,1,1,03,02,10.0,8.0,01,03,,05,1,,4,1,4,1,2,1,4,80.0,0.0,50.0,30.0,20.0,1,2,1,4,2,2,1,50.0,50.0,60.0,60.0,30.0,98,03,03,3,4,3,4,4,4,1,4,03,03,03,01,03,03,01,03,03,03,03,0.0,50.0,1,1,1,4,03,2,,,02,1953.0,1,04,02,04,03,02,01,1,0.9163962006568909,1.0
644,H3V,06,10,1,1,1,1,1,1,1,1,1,1,1,01,97,10.0,10.0,01,03,,01,2,,2,2,3,1,3,2,3,75.0,10.0,30.0,5.0,997.0,1,2,2,4,8,1,2,75.0,50.0,60.0,15.0,5.0,01,07,01,3,1,3,4,1,2,1,1,01,01,01,01,01,01,01,01,01,01,01,0.0,100.0,2,1,1,1,01,2,,,02,1925.0,2,04,04,03,03,02,01,1,0.8410736918449402,1.0
645,G1X,03,10,2,2,3,1,2,1,1,2,3,2,1,02,01,9.0,8.0,01,02,03,,1,,3,4,2,1,3,2,2,70.0,100.0,60.0,60.0,80.0,1,2,1,2,1,1,4,80.0,100.0,70.0,50.0,80.0,02,02,01,1,2,3,4,3,2,2,3,01,01,03,05,02,01,02,02,02,02,03,10.0,100.0,2,4,2,2,02,1,,,06,1987.0,1,04,10,05,04,02,01,1,0.6453179717063904,1.0
646,J0T,25,02,2,3,3,2,3,1,3,3,4,4,1,03,02,7.0,5.0,01,02,,04,1,,1,1,3,1,2,1,3,40.0,60.0,75.0,997.0,997.0,1,2,8,3,2,1,1,25.0,50.0,80.0,997.0,997.0,03,03,03,3,1,3,1,1,2,2,4,01,01,03,02,02,01,03,02,03,01,03,90.0,50.0,2,3,2,1,03,3,,,02,1958.0,2,07,10,02,04,02,01,1,1.2432608604431152,1.0
647,J0P,16,02,1,1,2,2,2,1,1,2,1,3,1,03,97,3.0,2.0,01,03,,04,1,,2,1,3,3,2,1,4,0.0,40.0,60.0,30.0,30.0,2,1,1,3,8,2,2,20.0,40.0,70.0,997.0,997.0,01,03,03,3,3,1,4,3,2,3,3,01,03,97,05,02,03,02,02,97,03,03,60.0,60.0,8,3,2,2,02,3,,,04,1953.0,1,07,08,02,04,02,01,1,0.9163962006568909,1.0
648,G9A,04,01,1,1,1,1,2,2,4,1,2,2,1,01,03,8.0,7.0,03,01,,03,2,,2,1,3,1,2,2,2,40.0,10.0,30.0,10.0,10.0,1,2,1,4,2,1,1,50.0,20.0,40.0,30.0,20.0,01,07,03,2,1,1,8,2,1,2,2,01,01,01,05,04,03,01,98,01,01,03,80.0,75.0,8,2,1,1,01,3,,,02,1936.0,2,11,99,03,01,02,01,1,1.1706970930099487,1.0
649,H1K,06,07,1,1,2,2,1,1,1,1,1,2,1,03,01,4.0,2.0,01,03,01,,2,,1,1,3,1,2,1,3,50.0,60.0,80.0,0.0,0.0,2,2,1,4,4,4,1,10.0,50.0,80.0,30.0,997.0,03,03,03,3,4,3,1,1,1,2,2,02,03,02,01,03,03,03,01,03,03,03,30.0,50.0,1,2,2,2,03,2,,,01,1966.0,2,06,03,02,05,02,01,1,0.9961626529693604,1.0
650,J2T,26,96,1,1,2,1,3,3,1,2,2,3,1,99,,8.0,8.0,01,03,,04,1,,3,3,3,2,2,2,2,60.0,80.0,70.0,70.0,70.0,2,2,1,2,1,2,4,60.0,90.0,80.0,75.0,997.0,02,02,02,3,2,1,4,3,2,3,4,02,02,02,05,02,03,02,02,02,01,02,60.0,60.0,1,3,2,2,02,1,,,06,1988.0,2,06,07,05,05,02,01,1,3.6155238151550293,1.0
651,G0X,04,01,1,1,1,1,1,4,2,1,1,3,1,02,03,5.0,2.0,03,01,,05,1,,2,2,4,1,1,2,1,40.0,80.0,75.0,997.0,80.0,1,1,2,4,1,2,2,80.0,60.0,80.0,997.0,997.0,01,03,03,2,3,3,8,1,2,1,1,01,02,98,01,03,03,02,02,02,03,03,80.0,80.0,2,3,1,4,02,1,,,02,1941.0,1,03,02,03,04,02,01,1,1.4200392961502075,1.0
652,J7N,15,01,1,1,2,2,3,3,3,3,1,3,1,02,03,7.0,6.0,01,03,02,,1,,3,3,2,1,3,2,2,50.0,80.0,60.0,30.0,40.0,1,1,2,2,1,2,2,20.0,70.0,50.0,20.0,10.0,06,03,02,3,2,1,3,2,3,2,3,02,02,02,05,02,03,02,02,02,02,02,40.0,90.0,1,3,2,3,02,2,,,04,1980.0,2,07,07,02,05,02,01,1,0.9693608283996582,1.0
653,H1K,06,07,1,1,3,1,3,2,2,2,1,3,2,,,8.0,5.0,03,01,,04,2,,2,1,3,1,3,1,2,2.0,40.0,90.0,30.0,20.0,1,2,1,4,2,1,2,2.0,75.0,90.0,60.0,30.0,03,03,03,3,4,1,3,1,2,2,4,03,02,98,02,03,03,02,02,02,03,03,15.0,75.0,1,4,2,1,03,2,,,04,1975.0,2,10,10,02,05,01,01,1,0.9693608283996582,1.0
654,H7E,13,01,1,1,3,1,2,2,2,2,2,3,1,99,,7.0,7.0,01,03,01,,1,,2,2,3,1,2,1,3,30.0,70.0,55.0,70.0,50.0,2,2,1,2,1,2,2,40.0,65.0,60.0,80.0,50.0,04,04,02,2,2,1,3,4,2,1,3,02,02,02,02,02,04,02,02,04,02,02,70.0,80.0,1,3,3,2,02,3,,,04,1987.0,2,06,98,05,04,02,01,1,1.9063955545425415,1.0
655,G3H,33,16,2,2,4,1,1,2,4,3,3,4,1,03,05,6.0,5.0,01,07,02,,1,,1,1,2,1,2,2,2,30.0,50.0,90.0,997.0,70.0,1,1,1,3,2,3,3,40.0,50.0,90.0,60.0,997.0,03,03,03,3,3,1,2,2,2,3,4,03,03,03,05,04,01,02,02,01,03,03,75.0,75.0,1,3,2,1,03,2,,,98,1967.0,2,09,10,02,05,02,01,1,1.3865697383880615,1.0
656,G1B,03,01,1,2,3,1,2,3,3,3,1,3,1,03,02,8.0,6.0,02,01,02,,1,,3,2,2,2,2,1,2,60.0,80.0,85.0,40.0,25.0,2,1,1,3,2,2,3,60.0,80.0,85.0,40.0,50.0,01,03,03,3,3,1,3,2,1,1,3,01,01,01,05,04,03,02,02,01,01,03,80.0,95.0,1,3,1,2,02,3,,,04,1979.0,2,07,10,02,05,02,01,1,0.3720875084400177,1.0
657,J4B,16,01,1,1,1,1,1,2,1,1,2,2,1,02,03,8.0,8.0,03,01,02,,1,,3,3,3,1,2,2,3,60.0,70.0,60.0,50.0,50.0,1,2,1,3,2,3,3,70.0,70.0,60.0,70.0,70.0,01,03,02,3,3,1,3,4,1,2,4,02,02,02,02,03,03,02,02,03,01,03,70.0,70.0,1,3,3,2,02,2,,,04,1986.0,2,06,09,05,05,02,01,1,1.9063955545425415,1.0
658,J3Y,16,01,1,1,3,3,2,2,4,3,1,2,1,01,02,8.0,6.0,01,03,05,,2,,3,3,3,2,2,2,3,80.0,50.0,100.0,70.0,80.0,1,2,1,4,2,3,3,40.0,60.0,80.0,50.0,50.0,03,03,03,3,4,2,4,4,3,3,3,04,04,01,05,01,01,05,05,02,01,05,0.0,80.0,1,4,3,1,03,2,,,01,1969.0,2,09,10,01,05,02,01,1,0.9961626529693604,1.0
659,G1E,03,06,2,1,3,1,3,4,3,2,1,4,2,,,6.0,8.0,96,,,01,8,8,3,2,2,2,2,2,1,75.0,60.0,998.0,997.0,30.0,1,8,8,3,2,1,4,75.0,60.0,75.0,997.0,997.0,98,98,03,3,3,1,3,1,1,2,4,03,03,98,03,03,01,98,03,01,98,03,75.0,85.0,1,4,1,3,03,3,,,03,1949.0,2,07,04,11,05,02,01,1,0.21248352527618408,1.0
660,G2K,03,06,1,1,2,2,2,3,1,2,2,2,1,03,02,8.0,8.0,03,01,02,,1,,2,2,3,1,2,2,2,50.0,75.0,80.0,40.0,60.0,1,2,1,3,2,2,2,25.0,50.0,75.0,50.0,50.0,06,03,03,1,2,1,3,1,1,2,3,98,02,98,05,04,03,02,02,03,03,03,60.0,60.0,8,2,1,2,02,2,,,02,1951.0,2,10,08,01,04,02,01,1,0.21248352527618408,1.0
661,J2G,26,01,1,2,3,2,4,1,4,1,1,3,1,99,,2.0,2.0,01,03,03,,2,,1,1,3,1,2,1,1,999.0,999.0,999.0,999.0,999.0,2,1,1,4,2,4,2,999.0,999.0,999.0,999.0,999.0,06,06,06,2,4,9,3,1,3,4,4,99,99,99,99,99,99,99,99,99,99,99,20.0,998.0,2,4,1,1,97,,2,,99,1966.0,2,06,09,02,05,02,01,1,1.8892440795898438,1.0
662,J3P,26,01,1,2,1,1,3,3,2,2,2,1,1,01,02,9.0,6.0,03,01,,05,2,,1,1,3,1,2,1,2,0.0,70.0,80.0,0.0,0.0,1,2,8,4,4,4,4,0.0,50.0,80.0,0.0,0.0,03,03,03,3,4,1,1,3,1,1,1,03,03,98,01,03,03,02,02,02,97,03,50.0,80.0,8,4,1,2,97,,2,,02,1952.0,1,07,05,02,05,02,01,1,0.9654632806777954,1.0
663,G0C,11,98,1,1,3,1,1,1,1,1,1,1,1,01,02,10.0,9.0,01,06,,02,2,,1,1,3,1,3,2,1,100.0,50.0,50.0,100.0,50.0,2,2,1,1,2,1,1,50.0,100.0,50.0,997.0,50.0,02,02,02,3,3,2,2,3,1,1,1,01,01,01,01,01,01,01,01,01,01,01,50.0,50.0,2,1,1,2,01,1,,,01,1938.0,2,04,01,03,01,02,01,1,1.3116263151168823,1.0
664,G1X,03,01,1,1,2,2,2,1,4,2,3,3,1,03,01,6.0,4.0,01,06,04,,2,,2,2,2,1,2,1,3,60.0,30.0,80.0,997.0,50.0,1,1,2,4,2,3,3,50.0,60.0,80.0,997.0,997.0,02,03,03,3,1,2,1,1,2,3,3,03,03,02,05,01,03,02,02,03,02,03,50.0,70.0,1,4,3,1,03,2,,,02,1980.0,2,09,05,02,05,02,01,1,0.3720875084400177,1.0
665,H7T,13,04,1,1,1,3,1,3,1,1,2,2,1,02,03,6.0,8.0,03,01,,04,1,,2,2,3,1,2,1,2,50.0,70.0,60.0,997.0,997.0,2,2,1,1,1,1,3,50.0,60.0,60.0,20.0,997.0,03,02,03,3,2,1,4,4,3,2,4,97,02,03,02,02,03,02,02,02,02,02,70.0,60.0,2,4,2,1,02,1,,,04,1939.0,2,09,03,03,03,02,01,1,0.8410736918449402,1.0
666,G9X,04,98,1,1,1,1,1,1,2,1,1,1,1,02,97,5.0,5.0,07,01,03,,1,,2,3,3,3,2,1,2,0.0,90.0,40.0,997.0,50.0,1,2,1,8,2,3,2,10.0,60.0,30.0,20.0,30.0,01,06,98,2,8,1,4,2,2,8,4,97,02,97,05,97,01,02,02,01,03,02,0.0,70.0,8,4,2,1,02,1,,,06,1958.0,1,05,10,01,05,02,01,1,1.1068066358566284,1.0
667,J9A,07,04,2,2,3,3,4,1,3,2,3,1,1,99,,9.0,9.0,03,01,,03,2,,2,2,4,1,2,1,3,50.0,30.0,60.0,0.0,5.0,1,2,1,4,2,2,3,50.0,40.0,70.0,997.0,30.0,01,03,03,3,4,1,3,1,2,3,4,98,98,01,98,98,03,03,03,98,03,03,0.0,50.0,8,2,2,1,97,,1,03,98,1949.0,1,05,06,03,05,02,01,1,0.9654632806777954,1.0
668,G1E,03,01,1,2,2,2,1,1,3,1,1,2,1,03,02,8.0,7.0,01,02,03,,1,,1,3,2,1,2,2,2,60.0,70.0,80.0,15.0,15.0,1,1,1,2,1,2,2,70.0,65.0,80.0,15.0,997.0,01,02,03,3,2,3,3,3,1,1,3,03,03,01,05,03,01,03,02,02,01,03,80.0,85.0,1,3,1,1,03,3,,,01,1967.0,1,05,02,02,05,02,01,1,0.33720386028289795,1.0
669,G1L,03,96,1,2,1,1,2,3,1,1,1,3,1,99,,9.0,8.0,03,01,01,,1,,1,1,3,1,2,1,3,30.0,50.0,60.0,20.0,50.0,2,1,1,2,2,2,2,5.0,60.0,40.0,997.0,20.0,03,02,03,2,2,1,2,3,2,2,3,02,02,02,02,02,03,02,02,02,03,98,50.0,65.0,1,3,3,4,02,2,,,99,1956.0,2,07,03,04,05,02,01,1,0.25163137912750244,1.0
670,J4J,16,01,2,2,2,2,2,3,2,2,2,3,1,99,,7.0,7.0,03,04,,04,1,,2,2,3,2,2,1,2,60.0,70.0,70.0,60.0,70.0,1,1,1,2,2,4,2,60.0,70.0,75.0,60.0,70.0,01,03,03,3,3,3,3,2,3,3,3,02,02,01,05,02,03,02,03,03,03,03,65.0,70.0,1,3,2,2,03,2,,,99,1975.0,1,10,05,01,05,02,01,1,1.3550678491592407,1.0
671,H9G,06,05,1,2,2,2,3,2,4,2,2,2,1,01,03,5.0,5.0,01,03,,03,2,,2,2,3,2,3,2,2,50.0,50.0,50.0,50.0,50.0,1,2,1,2,2,2,2,75.0,50.0,70.0,50.0,25.0,01,07,07,3,3,3,2,2,2,2,2,01,01,01,01,01,01,01,02,01,01,01,10.0,50.0,8,2,2,2,01,2,,,02,1939.0,2,04,01,02,04,02,01,1,0.8410736918449402,1.0
672,J1E,05,06,1,1,2,2,8,2,8,2,2,3,1,02,05,8.0,4.0,09,06,02,,2,,2,2,4,2,2,1,1,20.0,80.0,20.0,50.0,50.0,1,2,8,3,2,2,3,10.0,80.0,30.0,50.0,70.0,02,05,02,8,3,8,3,3,2,3,3,02,02,98,05,98,98,98,02,02,98,98,50.0,40.0,1,3,2,2,02,2,,,06,1987.0,2,06,01,09,05,02,01,2,3.585020065307617,1.0
673,H1L,06,01,1,2,2,1,2,4,2,1,3,1,1,02,03,10.0,6.0,01,03,01,,1,,2,2,3,1,2,2,2,0.0,80.0,75.0,997.0,997.0,1,1,1,3,1,1,2,10.0,40.0,50.0,5.0,5.0,02,02,02,3,2,1,4,4,2,2,3,02,02,02,02,02,02,02,02,02,03,02,60.0,50.0,1,3,2,1,02,1,,,04,1940.0,1,05,03,03,05,02,01,1,1.1757395267486572,1.0
674,J4L,16,01,1,1,2,1,1,1,3,1,1,1,1,02,05,5.0,4.0,01,06,02,,8,2,1,1,3,1,1,1,3,20.0,95.0,60.0,998.0,70.0,1,2,2,8,2,2,2,20.0,95.0,70.0,997.0,997.0,02,02,02,2,4,1,2,4,3,8,4,02,02,02,02,02,02,01,01,98,98,98,50.0,50.0,1,1,1,1,02,2,,,04,1949.0,2,05,02,02,01,02,01,1,0.5535573959350586,1.0
675,H2L,06,01,1,1,1,1,1,4,8,2,2,8,1,02,97,4.0,0.0,01,02,,04,1,,1,1,4,1,9,1,4,0.0,85.0,40.0,0.0,0.0,1,1,2,1,4,4,1,0.0,85.0,40.0,997.0,997.0,03,98,03,3,2,1,4,3,8,8,4,02,02,02,02,02,02,02,02,02,03,03,25.0,30.0,1,4,1,1,02,1,,,07,1942.0,2,04,01,03,04,02,01,1,0.8410736918449402,1.0
676,G2A,03,02,1,1,1,1,2,2,1,1,1,1,1,02,03,8.0,7.0,01,02,02,,8,8,1,1,3,1,2,1,2,20.0,70.0,50.0,997.0,997.0,2,1,1,4,2,2,3,20.0,30.0,50.0,997.0,40.0,06,03,03,3,3,1,1,1,3,2,4,98,03,98,03,98,98,02,02,03,98,03,10.0,80.0,1,3,1,1,02,3,,,04,1970.0,2,07,05,02,04,02,01,1,0.38237690925598145,1.0
677,G8T,04,98,1,1,1,1,2,2,2,1,1,1,1,02,97,10.0,8.0,01,97,01,,1,,4,1,3,1,1,2,4,60.0,60.0,60.0,60.0,50.0,1,2,1,2,2,1,2,0.0,60.0,20.0,20.0,997.0,02,98,03,3,3,1,1,1,2,2,4,02,02,02,02,02,02,02,02,02,02,02,60.0,50.0,1,3,2,2,02,3,,,98,1950.0,2,98,01,03,05,02,01,1,0.7705016136169434,1.0
678,J3Y,16,98,3,1,3,4,4,3,3,2,2,4,1,05,01,3.0,3.0,01,03,04,,2,,3,1,4,1,3,1,2,40.0,30.0,5.0,15.0,40.0,2,2,1,1,2,2,1,30.0,30.0,5.0,10.0,997.0,01,02,98,3,2,3,3,2,1,1,4,97,01,98,01,98,01,02,02,02,97,02,70.0,65.0,1,4,2,2,97,,2,,01,1968.0,1,06,10,02,05,02,01,1,1.3925409317016602,1.0
679,G1B,03,03,1,1,2,2,3,3,1,2,3,3,1,03,02,5.0,5.0,01,03,02,,1,,1,1,4,1,1,1,3,50.0,75.0,80.0,997.0,997.0,2,1,1,2,2,3,2,50.0,75.0,85.0,40.0,30.0,06,03,03,3,3,1,1,1,2,2,4,03,03,03,03,03,03,03,03,03,03,03,60.0,60.0,1,3,2,2,02,2,,,02,1957.0,2,07,06,02,05,02,01,1,0.25163137912750244,1.0
680,J6Z,15,06,2,1,3,2,4,4,3,1,2,4,1,02,04,9.0,9.0,03,04,01,,1,,2,3,3,2,2,1,1,30.0,60.0,20.0,80.0,60.0,1,1,1,2,2,2,3,20.0,40.0,50.0,80.0,60.0,01,04,04,3,2,1,3,3,1,2,3,01,02,02,04,04,02,02,02,02,01,04,80.0,70.0,1,4,2,4,02,2,,,03,1958.0,1,09,99,02,04,02,01,1,0.9163962006568909,1.0
681,J9H,07,01,1,1,4,1,2,1,1,2,3,3,1,99,,10.0,10.0,03,01,01,,2,,1,2,4,1,2,1,3,35.0,35.0,45.0,40.0,60.0,2,2,1,3,2,1,3,0.0,40.0,60.0,40.0,997.0,03,03,03,3,2,1,2,4,2,2,4,04,03,03,05,04,03,04,04,98,03,03,80.0,70.0,8,4,3,2,97,,2,,03,1960.0,2,09,06,02,05,02,01,1,1.2432608604431152,1.0
682,H3K,06,05,2,2,2,2,2,2,2,2,2,2,1,01,97,6.0,98.0,06,01,,03,2,,1,1,3,1,2,8,3,100.0,0.0,0.0,0.0,0.0,1,2,1,4,1,1,1,100.0,0.0,0.0,997.0,0.0,01,01,01,3,4,1,2,4,1,4,3,98,01,98,01,01,01,01,01,01,01,01,50.0,50.0,2,1,1,1,01,2,,,01,1939.0,2,03,01,03,05,02,01,1,0.8410736918449402,1.0
683,G1X,03,02,1,1,4,1,3,2,3,2,3,3,1,03,02,6.0,4.0,01,04,02,,8,8,3,2,3,2,2,1,2,50.0,50.0,60.0,998.0,998.0,2,2,1,2,2,3,2,50.0,50.0,75.0,997.0,997.0,98,03,03,8,3,8,8,2,2,3,3,98,02,98,98,98,01,02,98,03,98,03,50.0,80.0,1,4,4,2,97,,2,,02,1981.0,2,09,04,09,05,02,01,1,0.3720875084400177,1.0
684,H2K,06,16,1,1,2,1,2,3,2,2,2,1,1,02,03,8.0,8.0,01,03,,04,1,,2,1,3,1,2,1,2,54.0,70.0,69.0,12.0,55.0,1,2,1,3,1,2,2,30.0,55.0,65.0,10.0,60.0,03,05,03,2,2,1,1,3,4,4,4,02,02,02,05,03,03,02,02,02,03,03,30.0,55.0,1,3,3,2,02,2,,,04,1953.0,1,10,08,02,05,01,01,1,0.9163962006568909,1.0
685,J0B,05,01,1,1,2,1,1,2,1,1,1,1,1,02,03,10.0,9.0,04,03,,03,2,,2,2,3,1,2,1,2,20.0,90.0,85.0,75.0,75.0,1,2,1,3,2,1,3,60.0,85.0,80.0,995.0,20.0,06,03,03,2,3,1,2,2,3,2,4,03,03,03,05,97,03,02,02,02,97,03,0.0,95.0,1,3,1,1,02,2,,,04,1967.0,2,07,10,01,04,02,01,1,1.3865697383880615,1.0
686,G1K,03,98,2,2,3,2,2,2,3,2,2,3,1,05,03,5.0,5.0,03,01,,04,2,,3,2,3,1,2,2,2,75.0,60.0,75.0,50.0,60.0,1,2,1,4,2,1,3,70.0,60.0,70.0,60.0,60.0,01,03,03,1,3,3,3,2,2,2,2,01,01,01,05,04,03,01,02,03,01,03,50.0,70.0,1,3,3,2,03,2,,,07,1954.0,2,09,02,02,04,02,01,1,0.25163137912750244,1.0
687,J1N,05,01,1,1,4,2,1,4,1,1,2,1,1,02,03,7.0,7.0,03,01,,03,1,,2,1,3,1,2,1,2,50.0,75.0,65.0,10.0,25.0,1,2,1,1,2,2,4,30.0,60.0,75.0,60.0,50.0,03,02,03,1,2,1,4,1,2,4,3,03,03,02,03,03,03,03,02,02,02,02,60.0,95.0,1,2,1,1,02,2,,,02,1942.0,1,05,06,02,04,02,01,1,1.4200392961502075,1.0
688,H7L,13,98,2,1,3,1,2,2,1,1,1,2,1,03,02,8.0,5.0,01,03,02,,1,,1,1,3,1,2,2,2,30.0,50.0,70.0,20.0,30.0,1,1,1,3,2,1,2,40.0,50.0,80.0,30.0,10.0,01,03,03,3,3,1,4,2,2,1,2,03,03,03,03,03,03,03,03,03,03,03,50.0,50.0,1,2,2,2,03,2,,,04,1965.0,1,04,06,02,03,02,01,1,1.3925409317016602,1.0
689,G3K,03,98,1,1,1,1,1,1,3,1,1,2,1,01,03,8.0,7.0,01,03,,02,2,,3,3,2,1,2,2,1,90.0,70.0,80.0,60.0,50.0,1,1,1,4,2,1,1,90.0,70.0,80.0,60.0,60.0,01,01,03,1,1,3,1,1,1,1,4,01,01,01,03,03,01,01,03,01,01,03,70.0,70.0,1,3,1,4,01,1,,,01,1968.0,2,07,03,02,04,02,01,1,0.38237690925598145,1.0
690,G0S,17,05,3,2,4,4,1,4,1,3,1,1,1,03,01,8.0,6.0,02,01,04,,2,,1,1,4,1,2,1,3,60.0,40.0,80.0,10.0,10.0,1,2,1,4,2,1,1,60.0,20.0,80.0,50.0,997.0,01,03,03,3,1,1,1,1,4,4,4,03,03,03,03,03,03,03,03,03,03,03,5.0,80.0,2,4,1,1,03,2,,,02,1962.0,1,05,05,02,04,02,01,1,1.1068066358566284,1.0
691,G7A,12,96,3,2,3,2,1,3,2,3,2,3,1,03,97,10.0,8.0,04,01,,04,1,,2,2,2,1,2,1,2,35.0,25.0,86.0,2.0,10.0,2,2,1,3,1,1,3,45.0,10.0,80.0,2.0,5.0,03,03,03,2,3,1,2,1,2,2,2,01,03,03,03,04,03,03,03,03,03,03,0.0,100.0,2,2,2,1,03,1,,,02,1968.0,1,10,10,01,03,02,01,1,0.33720386028289795,1.0
692,J6E,24,01,1,2,3,2,3,3,3,3,2,3,1,03,01,7.0,7.0,03,04,,04,2,,2,3,3,2,2,1,2,60.0,50.0,80.0,20.0,50.0,1,2,1,4,1,2,3,60.0,50.0,80.0,20.0,50.0,01,03,03,3,1,1,2,1,2,1,3,03,03,03,01,01,03,02,02,03,03,03,20.0,80.0,1,4,3,2,03,2,,,03,1979.0,1,09,08,02,05,02,01,1,1.6906625032424927,1.0
693,G5C,09,98,1,1,8,1,8,1,2,2,1,2,1,02,97,5.0,8.0,01,03,03,,2,,1,2,4,1,2,1,4,0.0,25.0,25.0,997.0,20.0,2,2,2,4,4,2,1,0.0,5.0,5.0,997.0,995.0,06,06,98,3,4,1,2,8,8,8,3,98,98,98,98,98,98,98,98,98,98,98,90.0,90.0,8,1,1,1,02,3,,,02,1961.0,1,05,07,02,05,02,01,1,1.2998853921890259,1.0
694,J0K,24,01,1,1,2,2,3,3,4,2,1,1,1,03,02,10.0,7.0,01,03,01,,2,,2,2,3,1,2,2,1,70.0,85.0,95.0,45.0,50.0,2,1,2,4,1,2,3,60.0,75.0,95.0,30.0,10.0,03,03,03,3,3,1,4,1,3,3,3,03,03,03,03,03,03,02,03,03,03,03,70.0,50.0,1,4,1,1,03,1,,,04,1981.0,2,05,01,06,05,02,01,1,1.8384100198745728,1.0
695,G1J,03,08,1,3,3,1,2,2,1,1,3,1,1,99,,10.0,10.0,01,04,03,,2,,3,2,3,2,3,2,1,75.0,0.0,60.0,0.0,50.0,1,2,1,4,2,1,3,75.0,0.0,60.0,0.0,995.0,01,03,03,3,1,3,2,2,2,2,1,01,01,01,05,01,01,01,01,01,01,03,60.0,50.0,1,4,2,1,01,1,,,01,1948.0,2,05,02,02,05,01,01,1,0.21248352527618408,1.0
696,J2T,26,05,1,1,1,1,3,3,3,1,1,3,1,03,95,10.0,10.0,03,02,03,,2,,3,1,3,1,3,2,2,40.0,50.0,80.0,30.0,50.0,1,2,1,4,1,3,3,50.0,50.0,80.0,997.0,997.0,03,07,03,2,3,1,4,1,1,1,1,03,02,03,01,03,03,03,03,03,03,03,40.0,50.0,1,2,3,2,03,2,,,04,1979.0,1,10,08,02,04,02,01,1,1.6906625032424927,1.0
697,G8K,02,96,2,1,2,2,1,1,4,2,1,1,1,01,03,10.0,5.0,01,03,,02,2,,1,3,4,1,2,1,4,50.0,0.0,25.0,10.0,20.0,2,1,2,4,2,2,4,75.0,0.0,35.0,0.0,0.0,01,03,03,3,1,1,4,3,2,4,1,01,03,01,05,03,01,01,97,01,01,03,25.0,25.0,2,2,1,1,01,1,,,02,1939.0,1,04,06,03,02,02,01,1,1.6677639484405518,1.0
698,H9X,06,01,1,1,2,1,1,3,1,1,2,2,1,02,01,10.0,9.0,01,02,,05,1,,2,3,3,1,3,2,4,50.0,85.0,30.0,80.0,80.0,1,2,1,3,2,1,3,40.0,70.0,40.0,65.0,65.0,02,04,04,2,2,1,4,3,1,2,4,02,02,02,05,04,03,02,02,01,02,04,80.0,40.0,1,2,1,1,02,2,,,04,1948.0,2,09,06,03,05,02,01,1,0.5535573959350586,1.0
699,G2E,03,01,1,1,2,1,2,2,3,1,3,3,1,03,97,5.0,5.0,03,01,03,,2,,2,2,3,1,2,2,2,70.0,30.0,90.0,50.0,20.0,2,2,1,4,1,1,3,70.0,50.0,90.0,50.0,20.0,03,03,03,3,4,3,3,1,2,3,4,01,03,01,05,01,03,02,02,03,01,03,20.0,70.0,1,2,2,3,03,3,,,02,1980.0,2,09,99,01,03,02,01,1,0.3720875084400177,1.0
700,G6P,17,16,4,4,4,4,4,4,4,4,4,4,2,,,0.0,0.0,97,,,04,2,,1,1,4,1,1,1,3,0.0,25.0,75.0,997.0,50.0,2,1,2,3,4,3,1,0.0,997.0,75.0,997.0,997.0,06,03,06,8,4,3,2,4,2,2,4,98,98,98,98,98,98,03,98,03,98,98,0.0,90.0,1,2,2,1,97,,2,,06,1965.0,1,04,03,01,04,02,01,1,1.681884765625,1.0
701,G0A,33,03,2,4,3,3,4,4,4,3,3,2,1,03,02,3.0,4.0,03,01,05,,2,,1,1,2,1,1,1,2,30.0,30.0,35.0,20.0,10.0,1,2,1,2,1,2,4,10.0,20.0,40.0,30.0,20.0,98,07,03,3,3,3,1,2,1,2,1,98,98,98,98,98,03,98,97,98,98,98,10.0,80.0,2,2,1,2,03,3,,,02,1934.0,2,05,01,03,01,02,11,1,1.1706970930099487,1.0
702,J0P,26,98,1,1,1,2,1,8,1,1,1,1,1,01,03,10.0,5.0,01,02,05,,2,,1,1,3,1,2,1,4,998.0,0.0,60.0,0.0,50.0,8,2,2,4,1,2,1,0.0,60.0,55.0,70.0,995.0,03,03,03,2,3,3,4,1,1,1,4,01,01,01,01,01,01,01,01,01,01,01,0.0,80.0,8,3,1,1,01,2,,,01,1959.0,1,06,04,01,04,02,01,1,1.1433428525924683,1.0
703,G1B,03,98,1,2,2,1,3,2,2,2,2,4,1,01,03,5.0,5.0,01,02,,01,2,,3,2,3,2,3,2,1,80.0,20.0,60.0,20.0,60.0,2,2,1,4,2,1,4,75.0,20.0,50.0,40.0,50.0,01,01,03,3,1,3,2,1,2,3,3,01,03,01,05,02,03,02,03,01,01,03,30.0,80.0,1,4,2,2,01,2,,,01,1971.0,2,09,08,02,04,02,01,1,0.38237690925598145,1.0
704,J0X,07,02,1,1,1,1,1,3,3,1,1,1,1,99,,10.0,8.0,01,02,03,,2,,1,1,4,1,1,1,4,0.0,40.0,40.0,50.0,22.0,2,2,1,1,4,3,1,0.0,80.0,80.0,40.0,40.0,06,06,06,2,4,8,4,4,4,2,4,98,98,98,05,98,98,98,98,98,98,98,0.0,0.0,2,1,1,1,97,,2,,99,1956.0,1,04,01,02,05,02,01,1,1.1433428525924683,1.0
705,H1X,06,10,3,1,2,3,1,4,1,1,2,1,1,02,97,10.0,10.0,03,01,01,,1,,4,3,2,3,3,2,1,0.0,100.0,0.0,20.0,15.0,2,1,2,1,2,1,4,5.0,80.0,15.0,10.0,10.0,02,02,03,2,2,1,4,3,1,1,1,02,02,02,02,02,02,02,02,02,99,02,999.0,80.0,1,4,4,3,02,1,,,04,1979.0,1,10,06,02,05,02,01,1,1.3550678491592407,1.0
706,G1Y,03,08,3,1,2,1,1,3,1,1,1,2,1,02,04,8.0,6.0,01,03,,04,1,,1,1,3,1,2,1,2,70.0,80.0,50.0,90.0,80.0,1,2,1,1,3,2,1,60.0,70.0,30.0,80.0,70.0,02,04,04,3,2,1,4,2,3,2,4,02,02,02,05,04,04,04,04,02,02,02,60.0,998.0,1,4,3,2,04,2,,,04,1968.0,2,06,03,06,04,02,01,1,0.38237690925598145,1.0
707,J6R,16,03,1,1,3,1,1,1,3,1,1,3,1,02,04,8.0,0.0,01,03,02,,1,,2,1,3,1,1,1,2,40.0,70.0,80.0,60.0,60.0,1,1,1,1,1,1,2,10.0,60.0,70.0,997.0,997.0,03,03,03,3,2,1,1,4,4,4,4,02,02,02,02,02,02,02,02,02,02,02,50.0,60.0,8,4,1,1,02,2,,,04,1963.0,1,07,08,02,05,02,01,1,1.3925409317016602,1.0
708,G2A,03,07,2,1,2,1,3,3,4,3,1,3,1,03,97,7.0,7.0,03,01,,04,2,,2,1,2,1,3,2,2,40.0,40.0,70.0,20.0,30.0,1,2,1,4,2,2,3,10.0,40.0,80.0,10.0,30.0,03,07,03,3,3,1,2,1,2,3,3,03,03,98,03,03,03,03,03,03,03,03,50.0,75.0,1,3,2,2,02,3,,,02,1961.0,1,09,10,01,04,02,01,1,0.2219046652317047,1.0
709,J3P,26,98,1,1,2,1,2,2,2,2,1,2,1,01,97,7.0,5.0,01,03,03,,2,,2,2,2,1,2,2,2,70.0,5.0,50.0,10.0,10.0,1,2,8,4,2,4,3,70.0,5.0,50.0,10.0,10.0,01,01,03,3,1,1,1,1,1,1,3,01,01,01,05,01,03,01,98,01,01,01,5.0,90.0,2,2,1,1,01,2,,,01,1945.0,2,05,02,03,01,02,01,1,1.049834966659546,1.0
710,J0L,16,08,2,2,3,1,2,4,4,3,2,3,1,05,02,6.0,9.0,01,04,,04,2,,4,2,2,3,2,2,2,60.0,70.0,40.0,60.0,80.0,1,2,1,4,2,1,3,40.0,50.0,60.0,70.0,70.0,01,05,04,1,3,1,4,2,1,2,4,01,02,02,05,04,02,01,02,97,01,04,80.0,70.0,1,3,2,4,05,2,,,05,1981.0,2,10,10,02,04,02,01,1,0.9693608283996582,1.0
711,H2A,06,10,1,1,1,1,1,1,1,1,1,3,2,,,10.0,0.0,04,97,,03,2,,3,1,4,8,1,1,1,100.0,100.0,1.0,100.0,100.0,8,8,2,3,1,8,4,95.0,75.0,85.0,75.0,50.0,01,06,03,2,8,8,1,4,1,1,1,98,98,98,05,01,03,01,01,98,97,98,10.0,998.0,1,1,8,1,03,1,,,06,1965.0,1,06,01,04,05,96,09,3,3.6725471019744873,1.0
712,H7E,13,08,1,1,2,1,2,2,2,2,2,3,1,01,03,5.0,5.0,03,01,03,,2,,2,2,3,1,2,2,2,40.0,25.0,45.0,10.0,10.0,2,2,1,4,2,2,2,40.0,25.0,40.0,30.0,998.0,01,03,03,3,4,3,3,2,2,2,4,01,01,03,03,01,01,02,03,01,03,03,0.0,80.0,1,2,1,2,97,,2,,01,1955.0,1,09,06,02,04,02,01,1,0.9163962006568909,1.0
713,J3X,16,06,1,1,2,1,2,1,4,2,2,4,1,03,02,5.0,6.0,01,03,02,,1,,1,1,3,1,2,1,2,50.0,50.0,70.0,997.0,997.0,1,2,1,3,2,3,2,60.0,20.0,80.0,997.0,997.0,03,03,03,3,4,1,4,2,2,2,4,03,03,01,01,03,03,02,02,02,03,03,50.0,60.0,1,2,2,1,03,3,,,04,1971.0,2,07,99,99,04,02,01,1,0.9961626529693604,1.0
714,G1C,03,16,1,1,1,1,1,3,2,1,1,2,1,03,01,10.0,7.0,04,01,,03,2,,1,1,4,1,1,1,4,40.0,0.0,70.0,40.0,50.0,2,2,1,4,2,2,3,40.0,0.0,80.0,40.0,30.0,03,03,03,2,2,1,1,2,1,1,4,03,03,03,03,03,03,03,98,03,03,03,0.0,998.0,1,1,1,1,03,2,,,06,1961.0,2,05,06,02,05,02,01,1,0.25163137912750244,1.0
715,J8M,07,98,1,1,1,1,2,3,3,1,1,1,1,04,01,5.0,4.0,03,01,96,,2,,1,1,3,1,2,1,1,40.0,30.0,10.0,95.0,70.0,2,8,1,4,1,1,3,30.0,20.0,13.0,95.0,80.0,01,04,04,3,1,1,3,4,2,1,3,04,04,04,05,04,04,98,04,04,98,04,50.0,50.0,1,2,1,3,04,2,,,96,1950.0,1,09,06,01,04,02,01,1,0.9654632806777954,1.0
716,G2E,03,06,1,1,1,1,2,2,2,1,1,1,1,99,,10.0,10.0,03,01,,02,2,,3,1,2,1,2,2,3,60.0,0.0,50.0,30.0,0.0,2,2,2,4,2,1,2,60.0,30.0,50.0,30.0,0.0,01,03,03,1,3,3,1,4,3,3,4,01,01,01,03,01,03,01,01,03,01,03,30.0,50.0,1,4,1,1,01,2,,,99,1955.0,2,05,03,06,05,02,01,1,0.25163137912750244,1.0
717,G2K,03,01,1,1,1,1,1,3,1,3,3,1,2,,,10.0,10.0,01,03,02,,2,,4,3,4,1,1,1,3,30.0,5.0,35.0,2.0,2.0,2,2,1,4,1,1,4,35.0,25.0,20.0,2.0,2.0,06,03,03,3,1,3,3,1,1,2,3,03,01,03,05,03,03,01,03,03,03,03,10.0,99.0,2,1,1,1,97,,1,03,06,1965.0,2,10,99,01,02,02,05,2,0.516606330871582,1.0
718,J0Y,08,16,2,1,8,1,8,1,2,2,4,4,1,03,01,8.0,8.0,01,03,,03,8,1,2,2,3,3,2,1,3,60.0,40.0,80.0,997.0,997.0,2,1,2,4,2,4,3,50.0,50.0,70.0,995.0,995.0,01,03,03,3,1,1,8,2,4,1,3,02,03,98,98,03,03,98,98,01,03,98,40.0,55.0,2,8,8,2,03,2,,,02,1946.0,1,05,06,02,05,02,01,1,0.9654632806777954,1.0
719,G7A,12,01,1,1,1,1,1,3,1,1,2,1,1,02,04,10.0,10.0,02,03,01,,1,,2,1,4,1,2,1,3,10.0,70.0,10.0,80.0,50.0,1,2,1,3,2,1,3,10.0,70.0,40.0,70.0,40.0,06,02,03,3,2,1,4,4,2,2,3,02,04,97,04,04,04,02,02,02,02,04,50.0,50.0,1,4,2,3,02,2,,,04,1938.0,2,09,10,02,04,02,01,1,0.3228451609611511,1.0
720,J0B,05,06,1,2,3,2,1,2,1,3,2,2,1,02,05,9.0,9.0,01,04,01,,1,,3,2,2,2,3,2,2,60.0,85.0,50.0,75.0,75.0,2,2,1,3,1,1,3,60.0,75.0,65.0,80.0,75.0,01,02,02,3,3,1,3,1,2,1,2,01,02,01,02,02,02,02,02,02,01,02,85.0,75.0,1,3,2,2,02,2,,,04,1986.0,1,09,06,05,05,02,01,1,3.2186999320983887,1.0
721,G6Z,12,04,3,3,1,3,1,1,2,2,1,2,1,03,02,8.0,7.0,03,08,02,,1,,3,2,2,1,2,1,1,50.0,75.0,90.0,0.0,0.0,1,1,2,3,2,1,4,50.0,60.0,80.0,0.0,10.0,03,03,03,2,4,1,3,2,2,2,2,03,03,03,03,03,03,03,03,03,03,03,15.0,80.0,1,4,2,2,03,2,,,02,1954.0,1,09,10,02,05,02,01,1,0.2219046652317047,1.0
722,G0M,05,03,1,1,1,2,2,1,3,2,3,2,1,99,,5.0,6.0,01,02,02,,1,,1,1,4,1,3,2,2,60.0,60.0,60.0,997.0,997.0,1,1,2,4,4,1,3,75.0,50.0,75.0,997.0,997.0,01,01,03,3,3,1,2,1,1,1,3,01,01,03,01,03,02,02,02,01,03,03,0.0,100.0,2,1,1,1,02,2,,,99,1956.0,1,05,99,01,03,02,01,1,1.1068066358566284,1.0
723,J5A,16,98,1,1,2,1,2,2,3,1,1,2,1,01,98,6.0,8.0,02,01,,03,2,,8,1,2,1,2,1,2,75.0,60.0,60.0,50.0,60.0,1,1,1,4,1,8,4,75.0,60.0,75.0,60.0,60.0,98,98,98,3,3,1,2,2,3,1,3,98,98,98,98,98,98,98,02,02,02,98,60.0,75.0,1,1,1,2,01,2,,,01,1964.0,2,06,07,01,02,01,01,2,1.3458575010299683,1.0
724,J5C,16,98,1,4,4,1,4,2,1,2,4,2,1,01,03,7.0,5.0,01,03,,02,2,,2,2,1,1,3,2,1,75.0,0.0,50.0,0.0,50.0,2,2,1,4,2,1,3,75.0,0.0,50.0,0.0,50.0,01,01,01,1,1,3,4,2,3,1,4,01,01,01,05,01,01,02,01,01,01,01,50.0,100.0,2,3,3,2,01,1,,,01,1951.0,1,04,99,03,05,02,01,1,0.7738205194473267,1.0
725,G8Z,04,98,1,4,1,1,1,4,4,1,1,1,1,99,,8.0,2.0,03,96,01,,1,,1,1,4,1,2,1,4,0.0,25.0,75.0,0.0,0.0,1,2,2,4,2,4,3,0.0,0.0,100.0,0.0,0.0,01,03,03,1,4,1,2,1,2,4,4,03,03,01,01,03,03,03,03,03,01,03,50.0,85.0,1,4,1,1,03,3,,,02,1966.0,1,07,99,01,04,02,01,1,1.681884765625,1.0
726,H3V,06,01,1,1,2,1,1,1,3,1,1,3,1,02,01,9.0,8.0,04,03,04,,2,,2,2,2,2,2,1,2,60.0,75.0,40.0,20.0,50.0,1,1,1,2,2,1,3,50.0,60.0,25.0,20.0,20.0,02,02,02,1,1,1,4,2,2,2,2,02,02,01,05,01,02,02,02,02,01,01,80.0,80.0,2,1,1,2,02,2,,,06,1967.0,1,10,04,01,03,96,12,3,3.6725471019744873,1.0
727,J4L,16,01,1,1,1,1,1,2,3,1,1,2,1,03,02,9.0,8.0,01,03,,04,2,,1,2,3,1,2,2,2,50.0,70.0,85.0,70.0,30.0,2,1,2,4,2,1,3,25.0,50.0,85.0,997.0,997.0,03,03,03,3,2,1,4,3,1,3,4,03,03,02,02,01,03,02,02,02,03,02,70.0,90.0,1,4,2,1,02,3,,,04,1949.0,2,07,01,06,05,02,01,1,0.5535573959350586,1.0
728,G1G,03,01,1,1,1,3,2,1,8,1,1,1,1,99,,9.0,8.0,03,04,,01,9,,1,1,3,9,3,1,1,999.0,999.0,999.0,999.0,999.0,1,1,8,9,4,1,3,999.0,999.0,999.0,999.0,999.0,99,99,99,1,9,9,4,4,1,2,9,99,99,99,99,99,99,99,99,99,99,99,50.0,80.0,2,9,2,1,99,,2,,99,9999.0,2,09,99,99,05,01,01,2,0.43617725372314453,1.0
729,J0J,26,98,1,1,1,2,1,1,4,1,1,4,1,02,97,0.0,0.0,97,,,05,2,,4,4,4,1,1,1,4,0.0,0.0,0.0,0.0,0.0,1,2,1,4,4,4,4,0.0,0.0,0.0,0.0,0.0,06,06,07,2,4,3,3,4,1,3,4,97,97,97,97,97,97,97,97,97,97,97,0.0,0.0,2,4,1,4,97,,2,,07,1942.0,2,02,01,02,05,02,01,1,1.595116138458252,1.0
730,G3E,03,01,1,1,1,1,1,2,1,1,1,1,1,99,,7.0,4.0,01,03,03,,8,1,1,1,4,1,2,1,2,50.0,50.0,80.0,25.0,25.0,1,2,1,4,2,1,3,30.0,50.0,80.0,25.0,25.0,98,98,03,3,3,1,1,1,1,1,4,01,03,03,01,03,03,03,01,01,03,03,25.0,50.0,1,1,1,1,03,3,,,02,1942.0,2,07,99,03,04,02,01,1,0.3228451609611511,1.0
731,G2E,03,02,1,2,1,1,2,1,1,2,2,3,1,01,03,10.0,6.0,03,01,03,,2,,3,2,2,2,3,2,2,80.0,75.0,80.0,998.0,998.0,1,2,1,4,3,1,2,75.0,75.0,75.0,60.0,997.0,01,03,03,1,4,1,3,2,2,2,4,01,96,01,04,04,03,01,03,96,98,03,50.0,75.0,8,3,2,2,98,,1,01,02,1941.0,2,10,99,03,04,02,01,1,0.3228451609611511,1.0
732,J0S,26,98,1,1,1,1,1,1,1,1,1,1,1,04,02,10.0,10.0,03,01,01,,1,,2,2,3,2,2,1,2,50.0,80.0,30.0,80.0,80.0,2,2,1,1,2,1,3,50.0,80.0,30.0,80.0,80.0,98,04,03,3,2,1,4,4,2,3,4,98,02,01,05,98,02,02,02,02,98,02,50.0,50.0,1,3,2,3,04,2,,,06,1967.0,2,10,10,02,05,02,01,1,1.8892440795898438,1.0
733,G1V,03,14,2,1,2,1,1,4,1,1,1,3,1,02,04,10.0,10.0,03,01,02,,1,,4,3,3,2,3,2,1,50.0,70.0,10.0,20.0,20.0,1,1,2,8,1,1,4,50.0,70.0,10.0,20.0,10.0,02,02,03,2,2,1,4,4,1,1,3,02,02,02,02,02,02,02,02,02,02,02,80.0,80.0,1,4,2,3,02,1,,,04,1936.0,1,10,99,03,05,02,01,1,0.28470510244369507,1.0
734,H3V,06,10,2,1,3,1,2,4,2,2,3,3,2,,,7.0,8.0,02,97,02,,1,,3,1,3,2,3,2,2,50.0,50.0,30.0,60.0,60.0,1,2,1,3,1,3,2,40.0,40.0,35.0,70.0,60.0,04,04,04,3,3,1,3,2,3,2,4,04,04,04,05,04,03,04,04,02,02,04,60.0,40.0,1,3,3,2,04,2,,,06,1933.0,1,11,03,03,05,02,01,1,1.1757395267486572,1.0
735,H1G,06,98,1,1,2,2,1,1,2,1,2,4,2,,,10.0,5.0,06,01,,03,2,,2,1,3,2,1,8,1,50.0,50.0,998.0,65.0,998.0,1,2,1,2,3,1,1,40.0,40.0,40.0,50.0,50.0,02,06,05,3,1,3,4,1,1,2,3,04,04,04,04,04,04,04,04,04,04,04,100.0,100.0,2,2,2,8,97,,2,,06,1967.0,2,06,09,06,01,06,06,3,2.6271798610687256,1.0
736,G1X,03,06,2,1,2,1,2,1,4,2,1,1,2,,,8.0,5.0,03,01,,03,2,,2,2,3,2,3,2,2,55.0,35.0,60.0,65.0,75.0,2,2,1,4,2,3,2,45.0,5.0,75.0,50.0,40.0,03,03,06,3,4,3,2,3,1,3,4,01,02,01,05,04,03,02,02,03,01,03,40.0,60.0,1,4,2,4,04,3,,,06,1982.0,2,08,99,05,05,02,01,1,0.3720875084400177,1.0
737,G3A,03,08,1,2,3,1,1,2,1,2,2,2,1,01,03,8.0,9.0,01,03,02,,1,,1,1,4,1,2,1,3,60.0,50.0,60.0,50.0,50.0,1,1,9,4,2,2,3,80.0,50.0,60.0,60.0,30.0,01,03,03,3,3,1,8,1,2,3,4,03,03,01,05,03,03,01,01,01,03,03,0.0,50.0,1,2,2,2,01,2,,,01,1944.0,2,07,98,03,05,02,01,1,0.21248352527618408,1.0
738,G2A,03,98,1,1,1,1,1,1,8,1,1,1,1,01,03,10.0,8.0,01,03,03,,2,,1,2,3,1,2,2,2,70.0,0.0,50.0,0.0,0.0,1,2,2,4,8,8,2,80.0,30.0,50.0,10.0,997.0,01,01,01,3,1,1,2,4,2,1,3,01,01,03,01,01,03,01,01,01,01,03,0.0,100.0,2,1,1,2,01,3,,,02,1947.0,2,05,98,06,01,02,01,1,0.21248352527618408,1.0
739,J0L,06,01,1,2,3,1,4,3,3,2,2,1,1,03,05,7.0,7.0,03,01,01,,2,,2,1,3,1,2,1,2,60.0,30.0,60.0,20.0,50.0,1,1,1,4,2,2,1,50.0,40.0,80.0,50.0,997.0,01,06,03,3,4,1,2,1,3,3,2,03,02,01,01,01,01,01,03,03,99,03,30.0,70.0,8,3,2,2,03,2,,,06,1945.0,2,08,05,03,05,02,01,1,0.5535573959350586,1.0
740,G0R,32,07,2,1,2,1,1,4,1,2,1,4,1,01,03,9.0,9.0,01,03,02,,2,,4,3,3,1,3,2,1,90.0,10.0,90.0,10.0,10.0,1,1,2,4,3,2,4,50.0,50.0,90.0,10.0,10.0,03,03,03,1,3,1,4,2,2,1,3,03,03,03,03,03,03,03,03,03,03,03,10.0,100.0,1,2,1,3,01,3,,,02,1960.0,1,06,05,02,03,02,01,1,1.1068066358566284,1.0
741,J9Z,08,01,1,1,1,1,1,1,1,2,2,2,1,01,03,8.0,7.0,01,03,02,,2,,2,4,3,1,3,2,2,75.0,0.0,50.0,0.0,0.0,1,1,2,4,1,1,1,75.0,25.0,50.0,997.0,50.0,01,07,03,3,1,1,4,2,1,1,4,01,01,01,01,01,01,01,01,01,98,03,0.0,50.0,1,1,1,1,01,3,,,01,1926.0,2,05,99,03,01,02,01,1,1.595116138458252,1.0
742,G6W,12,98,1,1,1,1,1,1,2,1,1,1,2,,,10.0,10.0,01,03,,02,2,,3,2,3,2,2,2,1,90.0,20.0,75.0,15.0,25.0,1,1,1,4,1,1,1,75.0,70.0,90.0,50.0,50.0,01,07,03,1,1,3,2,2,2,1,2,01,01,01,05,01,03,01,01,03,01,03,50.0,90.0,8,3,2,2,01,1,,,01,1944.0,2,10,10,03,04,01,10,3,0.560382068157196,1.0
743,J4T,16,98,2,1,1,1,3,1,1,1,1,2,1,02,01,6.0,5.0,01,02,01,,2,,1,1,2,2,3,2,1,60.0,75.0,45.0,25.0,0.0,1,1,1,1,1,2,2,100.0,0.0,50.0,0.0,100.0,98,01,01,1,3,1,2,2,1,1,1,01,01,01,01,01,01,01,02,01,01,01,50.0,100.0,1,1,2,2,01,1,,,04,1955.0,2,04,01,02,02,02,01,1,0.6555481553077698,1.0
744,J0K,24,10,2,1,3,1,1,3,1,1,2,4,1,02,97,9.0,7.0,01,03,01,,1,,3,8,3,1,2,1,2,0.0,80.0,10.0,50.0,997.0,2,2,8,3,2,1,4,0.0,80.0,10.0,50.0,997.0,02,02,02,3,2,1,4,3,1,1,4,02,02,98,02,98,02,02,02,02,98,02,80.0,80.0,1,3,3,1,02,2,,,04,1960.0,2,09,08,02,04,02,01,1,1.2432608604431152,1.0
745,J4L,16,05,2,3,4,2,4,3,2,1,2,4,1,04,03,5.0,4.0,01,03,02,,1,,1,1,4,1,2,1,3,55.0,65.0,60.0,75.0,55.0,1,2,8,3,1,2,1,45.0,65.0,70.0,50.0,30.0,03,02,02,3,3,3,2,2,2,3,4,03,02,98,02,03,03,02,02,98,97,02,50.0,50.0,1,2,1,1,02,3,,,04,1968.0,1,05,02,04,04,02,01,1,1.3925409317016602,1.0
746,G0R,32,98,1,1,2,1,2,2,2,2,1,1,1,03,02,8.0,8.0,01,06,02,,1,,4,1,2,1,2,1,1,65.0,65.0,90.0,50.0,50.0,1,1,1,2,2,2,2,60.0,70.0,90.0,60.0,60.0,03,03,03,2,3,1,4,2,2,2,3,03,03,03,03,03,03,03,03,03,03,03,65.0,70.0,1,2,2,1,03,1,,,99,1976.0,2,05,98,06,03,02,01,1,1.3492573499679565,1.0
747,G3G,03,01,1,1,1,1,2,3,3,1,1,3,1,03,04,8.0,7.0,03,01,,05,1,,1,1,4,1,2,2,3,0.0,50.0,100.0,997.0,997.0,1,2,2,4,3,2,4,0.0,0.0,100.0,60.0,997.0,03,03,03,3,3,1,4,2,2,1,4,03,03,03,05,03,03,03,03,03,03,03,50.0,75.0,2,4,3,2,03,1,,,04,1952.0,2,06,02,03,04,02,01,1,0.21248352527618408,1.0
748,J5Y,14,98,1,1,4,1,1,1,1,1,1,1,1,02,01,8.0,7.0,01,06,,04,1,,1,2,4,1,1,1,3,40.0,80.0,75.0,50.0,75.0,1,2,1,1,2,2,4,60.0,80.0,75.0,70.0,60.0,02,02,02,2,2,1,2,1,3,2,4,02,02,02,02,02,02,02,02,02,02,02,20.0,60.0,1,4,1,1,02,2,,,04,1988.0,1,06,01,02,04,02,01,1,2.664950370788574,1.0
749,H2E,06,01,2,3,2,1,2,2,2,1,3,1,1,99,,5.0,4.0,01,03,,04,8,8,3,1,3,1,2,2,2,30.0,30.0,30.0,30.0,10.0,2,1,2,2,2,1,2,40.0,35.0,40.0,30.0,30.0,98,07,03,3,3,3,3,3,2,4,4,01,03,03,01,01,03,02,03,01,01,98,35.0,50.0,1,8,8,2,97,,2,,98,1936.0,2,05,01,03,99,02,01,1,0.8410736918449402,1.0
750,G1Y,03,01,1,1,2,1,2,3,3,2,1,3,1,01,95,10.0,8.0,03,01,03,,2,,2,1,3,2,3,2,1,60.0,40.0,30.0,10.0,20.0,1,2,1,4,1,1,3,50.0,40.0,40.0,20.0,20.0,01,07,01,1,1,1,3,3,2,2,2,01,01,01,01,03,03,01,02,01,01,03,50.0,50.0,1,3,3,3,01,3,,,01,1935.0,1,10,10,03,05,02,01,1,0.28470510244369507,1.0
751,J0L,06,01,1,1,2,1,1,2,1,1,1,3,1,01,97,9.0,6.0,03,01,,01,2,,2,3,2,1,2,2,1,90.0,0.0,35.0,0.0,0.0,2,8,2,4,2,3,4,100.0,0.0,75.0,997.0,997.0,01,07,03,1,1,3,2,3,1,1,2,98,01,01,01,01,01,01,02,01,98,01,0.0,35.0,8,1,1,1,01,1,,,01,1929.0,2,05,99,03,05,02,01,1,0.8410736918449402,1.0
752,J4M,16,01,1,1,1,1,2,2,3,1,1,2,2,,,8.0,8.0,01,03,02,,1,,2,3,3,1,2,1,2,30.0,70.0,75.0,997.0,60.0,2,2,1,3,2,1,2,0.0,50.0,75.0,60.0,997.0,03,98,03,3,3,1,4,3,2,2,4,03,02,01,98,02,01,03,02,02,03,03,75.0,75.0,8,3,1,1,03,2,,,02,1961.0,1,05,04,02,05,02,01,1,0.9163962006568909,1.0
753,G3J,03,08,3,1,2,1,3,3,3,2,2,3,1,05,97,5.0,5.0,02,01,02,,2,,2,2,4,1,2,1,2,20.0,15.0,25.0,10.0,90.0,8,2,1,4,2,1,2,30.0,0.0,30.0,75.0,75.0,98,05,98,3,4,1,3,4,8,2,4,97,97,97,05,97,03,97,02,97,97,05,50.0,5.0,8,3,3,2,05,2,,,05,1944.0,2,09,05,03,05,02,01,1,0.21248352527618408,1.0
754,G6X,12,01,1,2,2,2,2,3,1,1,3,1,1,03,97,8.0,8.0,01,03,04,,2,,3,2,4,1,1,1,2,40.0,25.0,45.0,0.0,10.0,1,2,1,4,8,2,1,20.0,10.0,50.0,0.0,997.0,03,03,03,2,1,1,4,4,4,4,4,03,03,03,98,03,03,03,03,03,03,03,10.0,60.0,2,3,2,1,03,2,,,02,1947.0,1,06,03,03,05,02,01,1,0.18738064169883728,1.0
755,G2B,03,03,3,3,2,2,2,4,2,2,1,3,1,03,01,7.0,7.0,03,01,05,,2,,4,1,3,1,3,2,1,70.0,50.0,90.0,0.0,20.0,2,1,2,4,1,1,2,70.0,50.0,90.0,20.0,0.0,03,03,03,3,1,3,4,1,1,1,4,01,01,01,01,01,01,02,02,02,01,01,0.0,100.0,1,1,1,2,03,3,,,02,1955.0,1,05,08,02,05,02,01,1,0.2219046652317047,1.0
756,H1B,06,01,1,1,2,1,1,4,2,1,1,1,1,02,03,9.0,8.0,03,01,02,,1,,2,1,3,1,1,1,4,20.0,90.0,60.0,40.0,75.0,1,2,1,2,2,2,1,10.0,80.0,80.0,50.0,10.0,02,02,02,3,3,1,4,1,3,3,4,02,03,02,05,02,03,02,03,02,02,02,50.0,75.0,1,2,1,1,02,2,,,04,1951.0,1,07,08,02,05,02,01,1,0.7738205194473267,1.0
757,G7X,02,01,1,1,2,1,1,2,1,1,1,1,1,99,,9.0,9.0,03,01,,05,9,,3,4,2,2,3,2,2,70.0,39.0,50.0,0.0,0.0,1,2,1,3,3,1,4,70.0,35.0,40.0,0.0,0.0,01,07,01,1,3,1,1,4,4,2,3,01,01,01,01,01,01,01,01,01,01,01,25.0,75.0,1,2,2,2,01,2,,,01,1934.0,2,05,04,03,01,02,01,1,1.3116263151168823,1.0
758,H9S,06,15,1,1,4,4,2,3,4,4,2,4,1,03,97,8.0,7.0,02,01,,05,1,,2,2,3,2,2,2,2,50.0,40.0,55.0,0.0,5.0,1,1,2,4,1,1,4,50.0,30.0,55.0,0.0,5.0,01,02,02,3,4,1,3,2,2,3,1,03,03,01,05,01,03,02,02,02,03,02,0.0,50.0,1,2,2,3,02,3,,,04,1948.0,1,05,08,02,04,01,01,1,0.7738205194473267,1.0
759,H7Y,13,10,1,1,2,1,2,1,2,2,1,1,1,02,04,7.0,5.0,02,03,01,,1,,2,2,3,1,1,1,2,25.0,75.0,50.0,85.0,85.0,1,2,1,2,2,2,2,0.0,80.0,50.0,90.0,90.0,02,02,02,2,2,1,3,4,1,3,4,02,04,02,05,04,04,02,02,02,02,02,75.0,50.0,1,4,4,1,04,2,,,04,1965.0,2,09,05,02,04,02,01,1,0.9961626529693604,1.0
760,J5Y,14,03,2,1,2,2,2,3,4,2,2,3,1,03,05,9.0,8.0,02,03,02,,1,,1,1,4,1,2,1,2,0.0,0.0,65.0,0.0,50.0,1,2,1,4,2,2,2,10.0,10.0,60.0,50.0,50.0,03,05,03,3,4,1,3,2,3,2,3,03,03,03,05,04,03,03,03,03,03,03,50.0,50.0,1,2,2,2,03,3,,,03,1968.0,1,07,06,02,05,02,01,1,1.3925409317016602,1.0
761,H1B,06,05,1,2,2,2,1,2,2,2,2,3,1,03,02,6.0,6.0,01,03,02,,1,,1,1,3,1,2,1,2,40.0,60.0,80.0,50.0,50.0,1,2,1,2,3,4,2,50.0,50.0,70.0,50.0,40.0,01,03,03,3,3,1,4,4,3,2,4,03,03,03,03,03,03,03,03,03,03,03,60.0,60.0,8,3,1,1,03,2,,,02,1952.0,1,05,10,03,04,02,01,1,0.7738205194473267,1.0
762,G0A,03,01,1,1,2,1,1,3,1,1,1,1,1,99,,8.0,9.0,02,01,,04,1,,1,1,3,1,2,1,3,1.0,3.0,3.0,25.0,4.0,1,2,1,3,1,2,3,15.0,25.0,20.0,50.0,35.0,01,02,03,1,4,1,4,2,2,1,4,99,02,98,01,96,96,02,02,98,96,96,55.0,90.0,1,3,1,1,02,3,,,04,9999.0,1,07,03,03,05,02,01,1,0.28470510244369507,1.0
763,J0K,24,12,1,1,1,1,1,4,1,1,2,2,1,01,03,8.0,8.0,02,01,04,,2,,4,4,4,1,1,1,2,60.0,0.0,60.0,25.0,25.0,2,1,2,4,3,1,4,70.0,0.0,80.0,25.0,997.0,01,03,03,2,1,1,4,2,3,1,4,96,96,03,96,03,03,01,03,03,03,03,60.0,50.0,1,3,2,1,02,3,,,02,1934.0,2,05,01,01,01,02,01,1,1.595116138458252,1.0
764,H9R,06,08,2,2,2,1,2,2,2,2,3,4,1,05,98,6.0,5.0,06,01,04,,2,,3,2,3,2,2,1,2,60.0,35.0,70.0,30.0,85.0,8,1,8,3,2,1,3,65.0,997.0,997.0,997.0,997.0,98,98,98,8,1,2,2,2,1,1,2,03,98,01,05,98,98,98,01,05,03,05,75.0,75.0,8,1,1,2,05,2,,,01,1983.0,1,05,10,02,02,01,01,2,3.6004676818847656,1.0
765,G1X,03,03,1,1,3,2,3,3,2,2,2,2,1,01,03,10.0,6.0,03,01,04,,2,,2,1,3,1,2,2,1,80.0,20.0,60.0,5.0,15.0,1,1,2,4,2,1,3,80.0,40.0,60.0,997.0,997.0,01,01,03,1,1,3,4,2,1,2,4,01,03,01,05,01,01,01,02,01,01,01,10.0,50.0,2,4,2,1,01,2,,,02,1972.0,1,09,04,01,04,12,12,3,0.889306366443634,1.0
766,H7P,13,96,4,4,3,1,1,4,8,1,1,8,1,03,97,6.0,2.0,01,02,,05,9,,1,4,4,3,1,2,2,0.0,70.0,998.0,80.0,60.0,2,1,8,4,2,4,4,0.0,65.0,90.0,997.0,997.0,03,03,03,2,4,1,8,2,3,4,4,02,03,97,05,02,03,03,01,02,97,03,998.0,60.0,2,4,1,2,03,2,,,96,1928.0,2,09,01,03,05,02,01,1,0.8410736918449402,1.0
767,J7N,15,03,1,1,3,1,1,3,1,3,3,1,1,99,,8.0,0.0,01,03,01,,1,,1,1,4,1,3,1,4,40.0,50.0,50.0,40.0,40.0,2,2,1,3,2,2,2,30.0,30.0,50.0,20.0,997.0,03,06,03,3,3,8,1,1,4,3,3,98,98,98,02,97,97,03,02,97,97,98,0.0,75.0,8,2,2,1,97,,2,,99,1961.0,1,05,05,02,04,02,01,1,0.9163962006568909,1.0
768,J3Y,16,01,1,1,2,1,1,4,4,2,2,1,1,03,97,6.0,7.0,03,01,,04,2,,1,2,3,1,2,1,3,5.0,5.0,20.0,10.0,10.0,2,1,1,4,2,2,2,5.0,5.0,35.0,997.0,997.0,03,06,03,2,3,3,3,2,2,2,4,03,03,03,03,03,03,03,03,03,03,03,50.0,50.0,1,2,2,1,03,2,,,04,1943.0,1,05,02,03,05,02,01,1,0.7738205194473267,1.0
769,J7R,15,06,1,1,1,1,3,3,1,1,1,3,2,,,10.0,10.0,04,05,96,,3,,1,1,4,1,2,1,4,0.0,0.0,0.0,50.0,0.0,1,2,1,3,2,4,1,0.0,0.0,0.0,25.0,0.0,04,04,04,3,4,1,8,4,4,4,4,04,04,98,04,04,04,04,04,98,01,04,50.0,25.0,1,4,3,2,97,,2,,06,1980.0,1,07,01,02,05,02,01,1,1.3550678491592407,1.0
770,H1L,06,98,1,1,2,2,2,2,3,2,2,1,1,99,,5.0,5.0,01,97,02,,2,,1,8,3,1,2,1,3,50.0,50.0,50.0,50.0,0.0,1,2,1,4,8,2,1,998.0,75.0,75.0,999.0,997.0,98,98,02,3,3,1,8,1,2,2,3,02,02,01,01,01,02,02,02,02,98,02,50.0,50.0,2,3,1,2,97,,2,,99,1950.0,2,07,99,02,05,02,01,1,0.5535573959350586,1.0
771,H4G,06,96,1,1,1,2,3,3,1,1,1,3,1,01,05,8.0,8.0,03,01,,01,2,,1,1,3,1,2,1,3,60.0,0.0,50.0,20.0,60.0,1,2,8,4,8,1,3,60.0,0.0,50.0,20.0,997.0,01,03,03,3,1,1,1,2,1,3,1,96,03,03,05,03,03,01,01,01,96,03,50.0,100.0,8,3,3,3,01,3,,,01,1944.0,2,10,02,03,04,01,10,2,0.74787837266922,1.0
772,H2J,06,96,2,2,2,1,1,1,1,1,2,2,2,,,10.0,7.0,01,02,,01,2,,1,2,3,2,2,1,2,80.0,50.0,70.0,90.0,100.0,2,2,1,4,1,1,2,80.0,40.0,60.0,90.0,60.0,01,04,01,3,1,1,8,1,3,1,4,02,02,02,01,02,02,02,02,01,01,01,20.0,80.0,1,4,1,4,01,1,,,01,1962.0,1,08,05,01,05,01,01,2,1.2380889654159546,1.0
773,H8N,06,98,1,1,2,1,1,2,2,1,1,2,2,,,5.0,5.0,03,01,,02,2,,1,2,4,1,2,1,2,50.0,20.0,20.0,20.0,0.0,2,2,1,4,2,2,2,10.0,998.0,998.0,997.0,997.0,01,01,02,3,4,3,4,2,2,2,4,01,01,01,01,01,01,02,02,01,02,01,50.0,60.0,8,4,2,2,01,3,,,06,1982.0,1,07,01,05,05,02,01,2,1.830754041671753,1.0
774,J0K,24,16,3,3,4,2,3,3,3,4,2,3,1,03,02,5.0,4.0,03,01,,03,2,,2,2,3,1,2,2,2,50.0,60.0,70.0,40.0,20.0,2,1,1,3,2,1,2,40.0,40.0,70.0,50.0,30.0,03,03,03,1,3,1,3,1,4,2,3,03,03,03,03,03,03,03,03,02,03,03,30.0,70.0,1,4,1,1,03,2,,,04,1951.0,1,09,07,02,05,02,01,1,0.9654632806777954,1.0
775,G1R,03,07,2,1,2,1,1,1,2,1,1,1,1,99,,8.0,9.0,03,01,,04,1,,1,1,2,1,2,8,3,60.0,50.0,70.0,30.0,80.0,1,2,1,2,1,1,3,40.0,50.0,60.0,20.0,60.0,98,98,03,3,2,1,2,3,2,4,2,01,03,01,05,04,03,01,02,98,98,03,80.0,60.0,2,3,2,2,97,,2,,06,1942.0,2,11,99,03,04,02,01,1,0.3228451609611511,1.0
776,H2H,06,08,2,1,1,1,3,3,1,1,1,4,1,04,02,7.0,8.0,04,03,,04,1,,1,1,3,1,2,1,2,70.0,80.0,40.0,85.0,75.0,1,2,1,4,2,2,2,40.0,45.0,40.0,60.0,40.0,01,02,04,2,2,1,4,2,4,2,3,02,02,01,01,04,02,02,02,02,01,04,85.0,80.0,1,4,1,2,97,,1,04,03,1963.0,1,06,04,04,05,02,01,1,1.3925409317016602,1.0
777,H1L,06,04,2,1,2,1,2,3,3,2,2,3,1,02,03,9.0,8.0,01,04,,05,1,,4,4,3,1,2,1,2,40.0,60.0,50.0,10.0,40.0,1,2,1,3,2,2,2,60.0,40.0,50.0,10.0,30.0,01,01,03,2,2,1,4,1,1,3,4,01,02,01,05,96,01,02,02,01,01,03,20.0,50.0,1,3,2,3,02,3,,,04,1974.0,1,07,10,02,04,02,01,1,1.3550678491592407,1.0
778,G1V,03,01,2,2,8,1,2,4,2,3,4,4,1,02,03,8.0,8.0,03,96,,04,1,,1,1,3,1,2,1,2,20.0,80.0,80.0,20.0,20.0,1,2,2,3,2,3,2,25.0,50.0,60.0,20.0,75.0,01,03,03,3,2,1,1,1,2,2,3,01,03,03,01,03,03,03,03,03,03,03,70.0,70.0,1,3,3,2,02,1,,,02,1941.0,2,09,10,01,05,02,01,1,0.3228451609611511,1.0
779,G1K,03,04,2,2,2,1,3,3,2,2,3,3,1,02,04,8.0,8.0,01,03,,04,1,,2,2,4,1,2,2,2,10.0,50.0,5.0,60.0,997.0,1,1,1,4,8,2,4,10.0,50.0,20.0,70.0,40.0,04,04,04,3,2,1,4,3,2,2,3,02,02,02,04,04,04,02,02,02,98,04,60.0,50.0,1,3,2,3,02,3,,,04,1955.0,1,09,01,04,05,02,01,1,0.2219046652317047,1.0
780,J0N,15,02,1,2,1,2,2,2,2,2,1,4,1,03,97,9.0,8.0,01,03,,03,2,,3,2,3,1,2,1,2,0.0,0.0,70.0,0.0,20.0,1,1,1,4,2,2,2,0.0,0.0,80.0,15.0,35.0,05,03,03,3,4,1,4,2,4,2,4,03,03,03,05,03,03,03,03,03,03,03,20.0,80.0,8,4,1,1,03,2,,,02,1946.0,2,05,99,03,05,02,01,1,0.5535573959350586,1.0
781,G0S,12,96,1,1,1,1,1,2,2,1,1,3,2,,,10.0,10.0,01,03,03,,1,,4,1,4,1,2,1,3,0.0,30.0,80.0,50.0,0.0,1,2,1,3,2,2,4,25.0,0.0,100.0,997.0,997.0,03,03,03,2,3,1,4,1,4,1,4,03,03,03,02,03,03,03,02,03,03,03,0.0,100.0,2,1,1,1,03,2,,,06,1942.0,2,07,99,03,04,02,01,1,0.3228451609611511,1.0
782,G1S,03,08,1,1,3,1,1,1,3,1,2,2,1,05,02,10.0,9.0,03,01,,04,1,,4,2,2,2,2,1,1,60.0,60.0,75.0,40.0,75.0,1,2,1,4,2,1,4,65.0,40.0,75.0,75.0,80.0,03,03,03,1,3,3,4,2,1,3,4,01,01,01,05,02,03,03,03,03,03,03,60.0,70.0,1,2,2,3,05,2,,,05,1962.0,2,10,10,02,04,02,01,1,0.25163137912750244,1.0
783,J3E,16,01,1,1,1,1,2,3,1,1,1,2,1,02,03,8.0,6.0,01,03,,04,1,,1,1,3,1,2,1,4,20.0,70.0,70.0,30.0,20.0,1,2,1,3,2,2,1,5.0,40.0,60.0,20.0,997.0,03,03,03,3,2,1,4,3,3,3,4,98,02,03,03,03,03,02,02,03,98,03,80.0,80.0,1,2,2,1,02,2,,,04,1965.0,1,07,06,02,05,02,01,1,1.3925409317016602,1.0
784,J4Y,16,01,1,2,3,2,2,1,4,3,1,3,1,01,03,6.0,6.0,03,01,04,,2,,2,2,3,1,2,1,2,75.0,5.0,60.0,2.0,15.0,2,2,1,4,2,3,3,60.0,3.0,70.0,5.0,997.0,01,03,03,3,1,1,3,2,2,3,3,01,01,03,03,03,01,01,01,01,01,03,2.0,50.0,8,2,2,2,01,2,,,01,1974.0,1,09,07,01,03,02,01,1,1.3550678491592407,1.0
785,J3Y,16,01,1,1,1,1,1,1,9,2,2,2,1,99,,7.0,3.0,01,02,,02,2,,4,4,2,2,2,2,2,70.0,20.0,10.0,0.0,0.0,1,2,1,4,2,4,4,80.0,50.0,70.0,40.0,10.0,01,01,03,1,1,1,8,2,2,2,3,01,01,01,01,01,01,01,01,01,98,96,20.0,50.0,8,2,1,2,01,2,,,02,1933.0,2,09,99,03,04,02,01,1,0.8410736918449402,1.0
786,G3A,03,05,1,2,4,3,2,1,4,3,3,1,1,03,97,10.0,3.0,01,03,03,,2,,1,1,4,1,2,1,2,0.0,0.0,80.0,0.0,10.0,1,2,1,4,4,2,3,0.0,0.0,75.0,0.0,998.0,03,03,03,2,1,3,2,1,3,3,3,03,03,03,03,03,03,03,03,03,03,03,0.0,80.0,1,4,2,1,03,2,,,02,1954.0,2,05,08,02,05,02,01,1,0.25163137912750244,1.0
787,J5X,14,01,1,1,2,2,2,4,3,1,1,4,1,99,,5.0,5.0,01,02,,05,8,8,1,3,2,3,2,1,2,40.0,40.0,20.0,30.0,30.0,8,2,1,9,1,1,4,40.0,70.0,20.0,80.0,997.0,06,02,02,3,2,1,4,4,1,1,4,04,04,01,05,04,04,02,02,04,04,04,60.0,60.0,1,4,2,8,02,2,,,04,1946.0,1,08,05,01,05,02,01,1,0.7738205194473267,1.0
788,G0R,32,98,1,1,1,2,2,1,1,1,1,3,1,99,,7.0,6.0,01,02,03,,2,,2,2,2,2,2,1,2,60.0,40.0,90.0,80.0,80.0,1,1,1,4,1,3,3,70.0,50.0,80.0,50.0,997.0,03,03,03,3,4,3,2,2,2,2,3,03,03,03,05,03,03,03,03,03,03,03,70.0,75.0,1,3,3,2,03,2,,,02,1986.0,2,07,01,02,04,02,01,1,2.6535232067108154,1.0
789,G3G,03,07,1,1,3,2,1,2,3,2,1,1,1,03,97,10.0,7.0,01,03,,03,2,,1,2,3,1,1,1,2,60.0,30.0,100.0,50.0,50.0,2,2,1,4,1,3,4,30.0,0.0,100.0,997.0,997.0,03,03,03,3,4,3,1,1,2,1,3,03,03,03,03,03,03,03,02,03,03,03,0.0,100.0,1,4,1,1,03,1,,,02,1973.0,2,04,02,01,05,02,01,1,0.3720875084400177,1.0
790,J8A,15,01,1,1,3,1,3,2,1,2,1,1,1,02,03,5.0,8.0,01,02,03,,1,,1,1,4,3,2,1,1,0.0,75.0,100.0,50.0,50.0,1,2,2,3,2,2,2,0.0,0.0,95.0,50.0,0.0,03,03,03,3,3,1,2,2,2,2,3,03,03,03,03,03,03,03,03,03,03,03,50.0,50.0,2,3,2,1,03,3,,,06,1959.0,1,05,02,01,04,02,01,1,0.9163962006568909,1.0
791,J0E,05,98,1,2,4,4,4,1,4,4,4,4,2,,,10.0,10.0,03,01,,01,2,,4,4,1,1,3,2,1,50.0,0.0,75.0,997.0,0.0,1,8,1,4,1,1,4,50.0,0.0,52.0,997.0,997.0,01,03,03,3,1,3,1,1,2,1,1,98,98,03,98,98,98,98,98,01,03,03,0.0,80.0,1,4,2,3,97,,1,03,02,1944.0,2,10,10,03,02,01,01,2,1.0409808158874512,1.0
792,J5M,24,98,1,1,4,1,1,4,4,1,2,4,1,01,03,5.0,6.0,01,98,03,,8,2,4,1,3,1,2,1,8,60.0,50.0,70.0,50.0,997.0,1,2,1,3,1,2,1,60.0,50.0,80.0,997.0,997.0,03,06,98,3,3,3,1,3,2,3,4,98,03,01,98,98,03,02,02,98,01,03,0.0,50.0,8,3,1,1,03,2,,,01,1962.0,2,05,06,02,04,02,01,1,1.2432608604431152,1.0
793,J4B,16,01,1,1,2,2,3,3,1,2,2,4,1,01,97,7.0,7.0,01,03,03,,2,,4,3,2,2,2,2,1,70.0,0.0,70.0,50.0,50.0,8,2,2,4,1,2,3,70.0,5.0,70.0,50.0,997.0,01,03,03,3,3,1,4,2,1,1,4,01,01,01,03,03,03,96,01,01,01,03,50.0,80.0,2,3,1,2,01,2,,,01,1934.0,1,08,06,03,04,02,01,1,1.1757395267486572,1.0
794,H9J,06,01,1,1,1,1,2,1,1,1,3,2,1,01,03,10.0,8.0,03,01,,02,2,,4,1,2,2,2,1,2,90.0,60.0,80.0,5.0,10.0,1,2,1,4,2,2,2,90.0,40.0,80.0,20.0,10.0,01,01,01,3,4,3,3,3,2,3,4,01,01,01,03,03,01,03,03,03,03,03,50.0,50.0,2,3,2,3,01,3,,,01,1935.0,1,09,02,03,05,01,08,2,1.5884746313095093,1.0
795,G0A,33,01,1,1,1,1,2,1,1,1,1,1,1,01,05,8.0,8.0,03,01,,03,2,,2,2,2,2,2,2,2,75.0,0.0,30.0,997.0,50.0,1,1,1,4,2,2,4,80.0,0.0,30.0,40.0,30.0,01,01,01,1,1,3,2,4,2,2,3,01,01,01,01,01,01,01,01,01,01,01,5.0,6.0,2,2,1,4,01,1,,,01,1952.0,2,05,06,02,02,02,01,1,0.7705016136169434,1.0
796,J8Y,07,01,1,3,4,1,3,3,4,3,4,3,2,,,5.0,8.0,03,01,03,,2,,1,1,2,1,2,1,3,20.0,20.0,0.0,5.0,20.0,1,2,1,4,2,3,3,25.0,15.0,5.0,25.0,50.0,01,05,05,3,1,3,4,2,3,3,3,01,01,05,05,05,04,05,02,01,01,04,50.0,70.0,1,4,3,2,05,2,,,02,1974.0,1,09,06,02,04,02,01,1,1.6906625032424927,1.0
797,G7H,02,06,1,1,1,1,1,1,2,1,1,8,1,03,02,7.0,7.0,01,06,03,,2,,1,1,4,1,1,1,3,0.0,75.0,75.0,997.0,0.0,2,2,1,4,2,2,1,0.0,75.0,100.0,997.0,997.0,03,03,03,2,3,1,1,2,4,3,4,03,03,03,03,03,03,03,03,03,03,03,30.0,50.0,1,4,1,2,03,1,,,04,1941.0,2,11,01,03,03,02,01,1,1.3116263151168823,1.0
798,G2A,03,98,2,2,4,4,2,2,4,4,2,4,1,03,05,10.0,8.0,01,02,03,,2,,1,1,3,1,2,1,2,25.0,10.0,95.0,5.0,10.0,1,1,2,4,2,1,4,20.0,0.0,95.0,10.0,10.0,03,03,03,3,4,1,2,1,2,1,3,03,03,03,03,03,03,03,03,03,03,03,10.0,80.0,2,3,2,1,03,2,,,02,1963.0,1,07,08,01,05,02,01,1,0.33720386028289795,1.0
799,J6T,26,98,1,1,1,1,1,1,1,1,1,4,1,99,,5.0,5.0,01,03,04,,2,,3,4,3,3,2,2,3,100.0,0.0,50.0,50.0,0.0,2,2,1,2,2,1,1,60.0,0.0,50.0,10.0,40.0,01,01,01,2,1,2,4,3,1,1,4,01,01,01,01,01,01,01,01,01,01,01,0.0,100.0,2,1,1,1,01,3,,,99,1948.0,1,05,01,07,01,02,01,1,0.9654632806777954,1.0
800,H1M,06,96,1,1,1,1,1,2,2,1,2,2,1,03,01,7.0,6.0,02,03,02,,1,,2,2,3,1,2,1,2,70.0,70.0,80.0,50.0,60.0,2,2,1,3,2,2,2,40.0,40.0,80.0,30.0,50.0,03,03,03,3,3,1,3,2,3,3,4,03,01,01,03,03,03,03,02,02,03,03,50.0,50.0,1,3,3,3,03,3,,,98,1961.0,2,09,07,02,04,02,01,1,0.6555481553077698,1.0
801,H7L,13,08,2,1,3,1,3,3,1,1,1,3,1,03,05,10.0,8.0,03,01,,03,2,,3,2,2,2,2,1,3,50.0,50.0,90.0,80.0,80.0,2,2,1,4,2,2,3,50.0,80.0,100.0,80.0,80.0,03,04,03,3,1,3,2,2,3,2,3,03,03,01,05,04,03,02,02,03,01,03,80.0,60.0,1,4,2,2,03,1,,,03,1975.0,1,09,08,02,05,02,01,1,1.3550678491592407,1.0
802,G2E,03,08,2,1,4,2,1,3,3,2,3,2,1,99,,8.0,9.0,04,01,02,,1,,3,2,3,3,2,2,2,40.0,50.0,40.0,20.0,40.0,1,2,1,4,4,1,3,50.0,40.0,40.0,20.0,30.0,01,04,05,3,3,1,4,2,3,3,3,02,02,01,05,02,02,02,02,01,02,03,60.0,40.0,1,3,2,2,97,,2,,02,1941.0,1,10,05,03,04,02,01,1,0.28470510244369507,1.0
803,H1E,06,96,1,1,1,1,8,1,1,1,1,1,1,99,,5.0,5.0,01,02,04,,2,,1,3,4,1,2,1,9,997.0,997.0,997.0,997.0,997.0,1,1,8,4,1,8,2,998.0,998.0,998.0,998.0,998.0,01,98,98,2,4,2,8,4,8,1,3,01,01,01,05,01,01,02,02,01,98,01,0.0,90.0,8,1,1,8,01,2,,,01,1958.0,2,07,04,02,04,01,01,3,1.728875994682312,1.0
804,J0L,06,98,1,1,1,1,8,1,8,1,1,2,2,,,98.0,98.0,01,07,03,,2,,4,3,4,1,3,2,2,50.0,40.0,55.0,997.0,997.0,1,2,1,3,3,1,3,50.0,40.0,60.0,997.0,997.0,03,03,03,2,3,3,4,3,1,4,4,03,98,03,98,03,03,03,02,01,03,98,40.0,50.0,2,1,1,4,03,3,,,01,1957.0,2,07,05,02,01,06,06,3,1.728875994682312,1.0
805,H4V,06,06,1,1,3,1,3,3,2,3,2,3,2,,,5.0,7.0,04,06,05,,2,,2,3,3,1,2,2,1,99.0,5.0,82.0,73.0,100.0,1,2,1,2,1,2,2,0.0,74.0,100.0,66.0,50.0,03,01,06,3,3,3,2,1,2,3,2,05,02,02,05,02,98,05,02,05,01,98,100.0,50.0,2,1,1,3,01,2,,,04,1987.0,1,07,03,02,01,01,02,1,2.664950370788574,1.0
806,G0A,03,01,1,1,1,2,8,1,4,1,1,1,1,01,03,10.0,8.0,01,03,,01,2,,3,2,1,1,2,2,1,50.0,0.0,80.0,0.0,0.0,2,2,1,1,1,2,2,40.0,0.0,80.0,0.0,997.0,03,03,03,3,1,1,1,1,3,3,3,01,98,01,98,01,03,03,98,01,03,03,0.0,60.0,8,3,1,2,03,2,,,02,1933.0,2,05,04,03,02,02,01,1,0.3228451609611511,1.0
807,J7K,14,06,1,2,1,1,1,1,1,1,1,1,2,,,5.0,5.0,01,02,,03,2,,1,1,3,1,2,1,3,90.0,50.0,20.0,10.0,0.0,1,2,1,3,2,2,2,90.0,50.0,60.0,997.0,997.0,01,06,03,3,1,1,2,3,3,3,3,01,03,03,03,03,03,03,01,02,01,01,50.0,50.0,8,1,1,3,01,2,,,01,1931.0,2,04,02,03,01,02,01,1,0.8410736918449402,1.0
808,H1X,06,12,1,4,1,1,4,4,1,1,1,4,2,,,10.0,9.0,02,04,,96,2,,1,1,4,1,1,1,4,0.0,30.0,0.0,40.0,50.0,2,2,2,4,2,3,1,0.0,0.0,0.0,10.0,20.0,06,03,04,2,1,2,4,4,1,2,4,96,05,03,05,04,04,05,98,04,96,04,90.0,60.0,1,4,3,3,97,,8,,03,1965.0,2,08,01,04,05,01,10,2,1.3458575010299683,1.0
809,J2R,26,08,2,1,2,1,3,3,3,2,3,3,1,99,,6.0,7.0,03,01,,03,8,2,3,2,2,1,2,8,2,50.0,40.0,50.0,30.0,60.0,1,2,1,3,2,2,3,40.0,50.0,50.0,40.0,997.0,01,04,03,3,3,1,3,3,2,3,3,02,03,01,05,04,03,02,02,03,01,04,70.0,70.0,1,3,3,2,97,,2,,05,1959.0,2,07,10,02,04,02,01,1,1.2432608604431152,1.0
810,J4T,16,01,1,1,2,1,2,1,3,1,1,4,1,03,02,8.0,5.0,01,04,,04,1,,2,2,3,1,2,1,3,20.0,70.0,90.0,75.0,50.0,1,1,1,1,2,3,2,0.0,50.0,75.0,997.0,997.0,03,03,02,3,2,3,3,4,2,2,4,02,03,03,02,03,03,03,02,03,97,02,40.0,70.0,1,4,1,1,03,2,,,02,1975.0,2,05,06,02,05,02,01,1,0.9693608283996582,1.0
811,H2W,06,98,1,1,1,1,8,4,2,1,1,2,1,99,,10.0,10.0,01,03,02,,8,8,4,1,3,1,2,2,2,10.0,50.0,50.0,25.0,25.0,2,2,1,8,2,8,3,10.0,60.0,50.0,50.0,25.0,98,98,03,2,3,1,4,3,2,2,4,98,98,98,98,97,03,98,02,98,03,98,30.0,75.0,1,4,3,1,97,,2,,99,1946.0,2,06,02,02,05,02,01,1,0.5535573959350586,1.0
812,G1S,03,01,1,1,1,2,4,4,3,1,1,3,1,01,97,5.0,8.0,96,,,04,2,,2,1,3,1,2,2,1,75.0,60.0,60.0,40.0,50.0,1,2,1,4,2,1,4,65.0,40.0,60.0,40.0,997.0,98,07,06,3,3,1,4,1,1,1,3,01,01,97,96,98,03,98,02,97,01,96,70.0,85.0,1,4,3,2,97,,1,01,05,1946.0,2,08,98,02,05,02,02,1,0.21248352527618408,1.0
813,J5R,16,09,2,2,1,1,2,2,1,1,1,3,1,02,05,8.0,8.0,01,04,,05,1,,1,1,3,1,2,1,2,40.0,60.0,0.0,80.0,70.0,1,2,1,2,2,1,2,10.0,20.0,0.0,40.0,0.0,02,06,06,3,2,1,4,4,2,1,4,97,02,02,05,97,98,02,02,97,98,04,80.0,30.0,1,3,3,2,02,2,,,04,1947.0,1,10,03,03,05,02,01,1,0.7738205194473267,1.0
814,H3G,06,01,1,3,1,1,2,2,2,1,2,2,1,01,03,8.0,5.0,04,03,04,,2,,2,2,3,2,2,2,1,80.0,20.0,50.0,30.0,70.0,2,2,1,4,2,1,4,70.0,40.0,55.0,35.0,45.0,01,03,03,1,4,3,2,1,2,1,3,01,01,01,05,01,01,02,02,01,01,01,65.0,65.0,1,3,2,4,01,2,,,01,1977.0,1,07,03,02,05,01,01,2,1.830754041671753,1.0
815,H1W,06,08,1,1,3,1,4,4,4,3,3,4,1,02,97,2.0,9.0,01,03,02,,1,,1,1,3,1,2,1,2,0.0,80.0,50.0,30.0,50.0,2,2,1,2,2,2,2,0.0,60.0,10.0,50.0,997.0,06,04,06,3,2,1,4,3,2,4,4,98,02,97,05,04,97,98,02,02,98,04,80.0,60.0,1,4,4,4,02,2,,,04,1975.0,2,09,02,09,05,02,01,1,0.9693608283996582,1.0
816,H3T,06,17,1,2,3,1,1,2,8,3,3,8,1,99,,5.0,5.0,03,01,,02,2,,2,1,3,1,2,1,2,40.0,25.0,30.0,998.0,50.0,8,8,1,4,1,3,2,45.0,35.0,25.0,998.0,998.0,01,01,06,1,1,8,1,8,8,2,2,01,98,01,05,96,98,01,01,98,01,98,20.0,55.0,8,4,3,4,98,,1,05,99,1945.0,1,08,99,01,05,01,10,3,2.040802478790283,1.0
817,G1V,03,01,1,1,2,1,3,3,2,1,2,2,1,02,01,7.0,5.0,01,03,,04,1,,2,3,2,2,2,2,2,50.0,75.0,40.0,997.0,997.0,2,2,1,2,1,2,4,50.0,75.0,45.0,997.0,20.0,02,02,02,3,2,1,4,3,2,1,4,01,02,02,02,02,03,02,02,02,02,02,80.0,80.0,1,3,2,1,02,2,,,04,1987.0,2,06,01,05,04,02,01,1,0.7317694425582886,1.0
818,G8B,02,19,2,2,4,2,1,4,4,2,1,4,1,01,03,5.0,10.0,01,02,,03,2,,1,1,4,1,3,1,4,50.0,0.0,75.0,12.0,30.0,1,1,8,3,4,1,2,50.0,0.0,75.0,12.0,30.0,03,03,02,2,1,2,4,4,4,4,4,03,03,97,05,04,03,01,03,02,01,03,75.0,75.0,2,1,1,1,03,2,,,02,1948.0,2,05,01,03,05,02,01,1,0.8632587194442749,1.0
819,G2B,03,98,1,1,3,1,2,2,3,2,4,8,2,,,0.0,0.0,01,04,,04,1,,3,3,3,1,2,1,2,40.0,40.0,80.0,998.0,100.0,1,1,1,1,1,1,3,60.0,30.0,60.0,997.0,997.0,03,03,03,3,3,1,3,1,1,1,3,03,03,03,03,03,03,03,03,03,03,03,60.0,80.0,2,4,3,3,03,1,,,06,1986.0,1,05,01,02,05,02,01,1,0.6453179717063904,1.0
820,J1K,05,06,1,1,2,1,2,2,2,3,1,2,1,02,03,9.0,6.0,01,03,02,,1,,2,2,3,1,2,2,2,20.0,80.0,75.0,70.0,70.0,1,2,2,3,2,2,2,10.0,60.0,70.0,50.0,997.0,01,03,03,3,2,1,4,3,2,3,4,01,02,98,05,03,03,02,02,03,98,03,85.0,85.0,1,4,2,1,02,2,,,06,1985.0,2,07,02,05,05,02,01,1,2.6535232067108154,1.0
821,G1J,03,01,1,1,3,2,3,1,3,2,1,3,1,01,97,7.0,7.0,01,98,02,,2,,2,2,2,1,2,2,2,75.0,30.0,60.0,0.0,20.0,1,1,1,4,2,4,3,80.0,30.0,70.0,5.0,997.0,01,03,03,3,3,3,2,2,1,2,3,01,03,98,01,01,03,03,03,01,03,98,30.0,80.0,1,4,3,1,97,,1,97,04,1982.0,2,09,99,02,05,02,01,1,0.3720875084400177,1.0
822,J3B,26,06,1,1,3,3,2,3,3,3,2,3,1,99,,6.0,9.0,03,01,01,,1,,2,1,3,2,2,2,2,40.0,75.0,40.0,40.0,30.0,1,2,1,3,2,2,3,30.0,40.0,30.0,30.0,30.0,02,02,01,3,2,1,4,1,1,2,3,01,02,01,02,02,02,02,02,01,01,03,60.0,60.0,1,4,3,3,02,2,,,04,1957.0,2,09,10,02,05,02,01,1,1.2432608604431152,1.0
823,H1E,06,06,1,1,2,1,8,2,9,1,1,2,1,97,,7.0,7.0,03,01,,04,8,1,3,8,3,2,2,8,2,55.0,85.0,60.0,997.0,70.0,2,8,8,1,1,1,4,70.0,85.0,70.0,997.0,997.0,98,98,02,8,4,1,4,3,8,8,4,98,98,98,02,98,98,02,02,02,98,98,40.0,50.0,1,8,3,9,97,,8,,04,1981.0,2,07,02,05,05,02,01,1,0.9693608283996582,1.0
824,G9T,04,05,2,2,3,1,2,1,1,1,2,1,1,02,05,9.0,8.0,04,01,01,,1,,3,2,3,2,2,2,3,20.0,95.0,50.0,50.0,85.0,1,1,8,1,1,2,3,0.0,85.0,40.0,50.0,997.0,02,02,07,2,2,1,1,2,2,2,4,01,02,02,05,02,02,02,02,02,02,02,50.0,75.0,1,4,2,1,02,2,,,04,1976.0,1,07,07,02,05,02,01,1,1.6366344690322876,1.0
825,H9H,06,98,4,4,4,4,4,4,4,4,4,4,2,,,0.0,0.0,01,02,02,,3,,8,1,4,1,1,1,4,0.0,0.0,0.0,0.0,0.0,1,2,2,3,2,2,2,997.0,5.0,997.0,997.0,997.0,06,02,98,3,4,8,3,1,3,1,4,98,98,98,05,98,98,98,98,98,98,98,20.0,20.0,1,2,1,4,97,,2,,07,1975.0,1,04,03,02,04,02,01,1,1.3550678491592407,1.0
826,G4T,11,98,1,1,2,2,4,2,3,3,2,1,1,03,97,2.0,5.0,02,01,,04,2,,2,1,3,1,2,2,2,50.0,10.0,75.0,0.0,0.0,1,1,1,4,2,1,3,50.0,0.0,80.0,0.0,0.0,01,03,03,3,4,3,3,1,1,2,4,03,03,03,05,03,03,02,02,02,03,03,75.0,80.0,2,1,1,1,03,2,,,02,1975.0,2,09,04,02,01,02,01,1,1.5116838216781616,1.0
827,H8S,06,08,1,1,3,1,1,3,1,2,2,3,1,05,02,7.0,8.0,01,03,02,,1,,2,2,3,1,2,1,2,0.0,60.0,0.0,40.0,60.0,1,2,1,2,2,1,3,20.0,60.0,0.0,75.0,50.0,02,04,06,3,2,1,4,4,2,2,3,04,02,02,05,04,04,02,02,02,02,04,70.0,60.0,1,4,2,2,02,2,,,03,1954.0,2,09,07,02,04,02,01,1,0.6555481553077698,1.0
828,J0B,04,01,1,1,3,1,2,1,1,2,2,1,1,03,02,6.0,7.0,01,03,01,,1,,4,1,3,1,2,1,4,25.0,60.0,99.0,50.0,10.0,1,2,8,4,2,4,4,50.0,30.0,80.0,10.0,20.0,03,03,03,3,3,3,1,1,2,2,4,01,03,03,05,03,03,03,03,03,02,03,0.0,70.0,2,2,2,1,03,2,,,02,1967.0,1,04,02,02,05,02,01,1,1.681884765625,1.0
829,J8T,07,06,1,1,2,2,3,3,3,2,2,1,1,02,04,8.0,8.0,96,,,04,8,8,3,2,2,2,2,2,2,60.0,80.0,45.0,70.0,70.0,2,2,1,3,2,4,3,65.0,85.0,60.0,75.0,65.0,02,04,04,3,3,1,3,3,1,2,3,02,02,02,05,04,02,02,02,01,02,02,60.0,75.0,1,3,2,1,02,2,,,04,1984.0,2,08,10,02,05,02,01,1,3.6155238151550293,1.0
830,G0S,12,04,2,2,1,2,1,3,1,1,1,2,1,03,01,7.0,5.0,01,02,,04,2,,2,2,3,2,2,1,3,50.0,30.0,40.0,997.0,20.0,2,1,8,4,1,3,3,30.0,40.0,40.0,997.0,997.0,01,03,03,2,3,1,8,2,1,2,4,98,98,03,05,03,03,02,02,03,02,03,80.0,70.0,1,2,1,1,02,3,,,98,1961.0,2,09,06,02,04,02,01,1,0.25163137912750244,1.0
831,G3K,03,03,1,1,2,2,2,3,3,3,1,3,1,03,97,7.0,4.0,01,03,02,,2,,1,1,3,1,2,1,1,0.0,40.0,50.0,10.0,10.0,2,1,1,4,1,1,2,30.0,15.0,40.0,997.0,997.0,01,03,03,3,3,1,1,1,3,1,4,03,03,03,03,03,03,03,03,03,98,03,5.0,80.0,1,2,1,1,03,2,,,02,1966.0,1,09,07,02,04,02,01,1,0.33720386028289795,1.0
832,J5A,16,01,2,2,2,2,2,2,2,2,2,2,1,96,03,5.0,5.0,03,01,02,,8,2,1,1,4,1,1,1,3,30.0,50.0,65.0,997.0,30.0,2,2,2,3,2,2,1,20.0,35.0,50.0,30.0,997.0,03,06,03,3,3,1,4,1,2,2,4,03,03,03,03,03,03,03,02,03,03,03,50.0,50.0,8,3,2,2,03,2,,,04,1962.0,2,05,06,02,05,02,01,1,0.6555481553077698,1.0
833,J6S,26,03,1,2,3,2,2,3,3,2,2,2,1,03,01,9.0,8.0,01,03,03,,2,,2,2,3,1,2,2,1,60.0,50.0,70.0,60.0,60.0,1,1,8,4,2,2,3,60.0,40.0,70.0,60.0,60.0,01,03,03,3,3,8,4,1,1,2,3,03,03,01,02,03,03,01,02,02,01,03,50.0,60.0,1,3,2,2,03,3,,,02,1951.0,1,05,06,01,05,02,01,1,0.9654632806777954,1.0
834,J6A,14,10,1,1,2,1,2,1,3,1,1,3,1,02,03,8.0,8.0,01,03,01,,1,,2,2,3,1,2,2,2,30.0,95.0,70.0,50.0,80.0,2,2,2,1,1,2,3,30.0,80.0,60.0,997.0,997.0,03,02,02,3,3,1,3,4,1,2,4,02,01,02,05,02,02,02,02,02,02,02,90.0,75.0,1,4,2,1,02,2,,,06,1988.0,2,05,01,02,05,02,01,1,1.9063955545425415,1.0
835,G0A,03,01,1,2,2,2,3,1,3,2,2,4,2,,,6.0,6.0,01,03,03,,2,,4,1,4,1,2,1,2,70.0,10.0,60.0,1.0,1.0,1,1,1,4,1,3,2,70.0,40.0,70.0,10.0,997.0,01,03,03,3,1,3,2,2,3,2,3,01,01,99,98,01,03,01,98,01,01,98,0.0,998.0,2,3,2,2,01,2,,,02,1967.0,1,07,10,02,04,02,01,1,0.33720386028289795,1.0
836,H1Y,06,01,1,1,2,2,1,1,3,2,2,1,1,01,03,8.0,8.0,03,01,,02,2,,4,3,3,1,2,2,2,50.0,10.0,40.0,5.0,5.0,8,2,2,4,2,2,3,70.0,10.0,30.0,5.0,5.0,01,01,03,3,1,3,4,1,2,2,3,01,01,01,01,01,01,01,01,01,01,01,5.0,50.0,2,3,2,1,01,2,,,02,1938.0,2,07,02,11,05,02,01,1,0.8410736918449402,1.0
837,G3A,03,05,2,2,2,3,2,3,3,3,2,2,2,,,8.0,7.0,01,03,02,,2,,2,2,3,1,3,1,3,75.0,50.0,75.0,25.0,25.0,1,1,2,4,1,2,3,50.0,50.0,60.0,998.0,995.0,03,03,03,2,1,1,3,2,2,2,2,03,02,01,02,02,03,03,02,03,03,02,50.0,80.0,2,4,2,2,03,3,,,06,1943.0,1,07,05,03,05,01,01,1,0.18738064169883728,1.0
838,G6J,12,98,2,2,3,2,3,3,3,2,2,4,1,03,97,8.0,8.0,01,03,02,,1,,2,2,3,2,2,2,2,40.0,50.0,60.0,10.0,30.0,1,2,1,4,2,2,2,45.0,30.0,50.0,15.0,40.0,01,02,03,2,3,1,4,2,2,3,3,03,03,98,05,02,03,02,02,98,96,03,15.0,50.0,1,4,3,3,02,3,,,04,1966.0,1,07,07,01,05,02,01,1,0.33720386028289795,1.0
839,H4H,06,08,1,2,2,1,2,2,1,2,2,1,1,05,02,8.0,6.0,01,02,,03,1,,2,1,4,2,2,1,3,40.0,65.0,60.0,50.0,70.0,1,2,1,3,3,8,3,50.0,50.0,60.0,60.0,65.0,03,05,05,3,4,1,3,2,3,3,3,01,01,02,05,02,98,02,02,05,02,02,60.0,80.0,1,3,3,2,05,2,,,04,1980.0,2,09,02,02,05,02,01,1,0.9693608283996582,1.0
840,J3X,16,13,2,2,3,1,2,1,3,4,1,4,1,02,05,6.0,10.0,04,02,,04,1,,4,2,3,1,3,2,1,45.0,60.0,30.0,65.0,70.0,1,2,1,4,2,1,3,50.0,50.0,0.0,70.0,85.0,05,05,04,3,2,1,4,8,1,2,3,02,02,01,05,04,03,02,02,02,01,04,60.0,60.0,8,4,2,3,02,2,,,04,1966.0,1,09,10,01,05,02,11,3,3.6725471019744873,1.0
841,H9R,06,01,1,3,3,1,3,3,4,2,2,4,1,01,03,7.0,7.0,01,02,,02,2,,2,2,2,2,2,2,1,70.0,50.0,60.0,20.0,20.0,1,2,1,4,2,1,3,80.0,30.0,60.0,40.0,997.0,01,03,03,1,1,1,1,4,1,1,4,01,02,01,05,01,03,01,02,01,01,03,30.0,70.0,1,4,2,1,01,2,,,01,1948.0,2,07,99,03,05,02,01,1,0.5535573959350586,1.0
842,G9A,04,05,2,2,2,2,2,3,3,2,2,3,1,03,97,10.0,7.0,03,04,03,,2,,3,2,1,1,3,2,2,60.0,45.0,80.0,20.0,20.0,1,2,1,4,1,2,3,65.0,40.0,75.0,60.0,40.0,01,03,02,2,3,1,1,1,1,1,3,03,03,01,05,04,03,02,02,03,03,03,50.0,75.0,1,4,2,2,03,2,,,02,1985.0,1,09,10,05,05,02,01,1,3.2186999320983887,1.0
843,H2J,06,08,1,1,2,1,3,4,2,1,2,3,1,02,97,4.0,7.0,01,03,,04,1,,1,1,3,2,1,1,4,40.0,40.0,40.0,80.0,50.0,2,2,1,3,2,4,2,10.0,40.0,40.0,100.0,30.0,04,04,04,3,3,1,3,2,4,4,4,04,02,97,04,04,04,04,04,02,02,04,40.0,40.0,1,4,2,1,04,1,,,05,1966.0,2,10,05,01,05,02,01,1,0.9961626529693604,1.0
844,H9J,06,98,1,2,2,2,2,1,2,1,1,2,1,03,01,5.0,5.0,01,02,05,,2,,3,3,3,1,2,1,2,50.0,20.0,100.0,997.0,80.0,1,2,2,4,2,2,2,60.0,0.0,80.0,997.0,0.0,01,03,03,3,4,1,4,1,1,1,4,01,01,98,03,03,03,02,02,03,01,03,10.0,60.0,2,4,2,2,03,3,,,02,1968.0,2,10,08,02,05,02,10,3,2.6271798610687256,1.0
845,J0Y,08,04,1,2,1,3,1,3,4,1,1,1,1,02,03,10.0,8.0,07,01,,05,1,,1,1,3,1,8,8,3,2.0,20.0,20.0,0.0,1.0,1,2,8,2,1,3,2,5.0,20.0,75.0,997.0,997.0,03,03,03,2,3,3,2,1,8,1,3,02,03,03,02,03,03,03,01,02,03,03,0.0,100.0,8,3,1,1,02,1,,,04,1955.0,1,04,03,01,05,02,01,1,1.1433428525924683,1.0
846,H7K,13,02,2,1,2,1,2,2,1,1,2,3,1,02,97,7.0,8.0,03,01,,04,1,,2,2,2,2,3,1,1,65.0,85.0,50.0,50.0,60.0,1,2,1,4,2,2,3,60.0,60.0,50.0,75.0,50.0,01,04,04,3,2,1,4,3,1,2,2,98,02,02,02,02,02,02,02,02,01,02,80.0,80.0,1,3,2,2,02,2,,,04,1955.0,2,07,10,02,05,02,01,7,0.8856703639030457,1.0
847,G1R,03,01,1,2,4,2,2,4,4,2,1,4,1,03,01,9.0,9.0,04,03,03,,2,,3,2,3,1,2,1,2,50.0,25.0,51.0,10.0,10.0,2,2,1,4,2,1,1,50.0,25.0,51.0,10.0,10.0,01,03,03,1,3,1,1,1,1,1,4,01,03,02,03,02,03,02,02,01,01,03,0.0,100.0,1,2,2,1,01,3,,,02,1974.0,1,10,10,01,04,02,01,2,0.44331666827201843,1.0
848,J3M,26,10,2,2,3,2,4,4,1,2,2,2,1,02,97,6.0,6.0,01,02,,05,1,,2,2,4,1,2,1,2,20.0,80.0,0.0,30.0,30.0,2,2,1,2,2,2,3,0.0,70.0,0.0,60.0,60.0,02,02,02,3,2,1,3,2,3,2,3,02,02,02,02,04,02,02,02,02,02,04,50.0,80.0,1,3,2,2,02,2,,,07,1963.0,2,09,10,02,05,02,01,1,1.8892440795898438,1.0
849,G1P,03,08,2,3,3,1,1,1,1,2,2,3,1,03,97,9.0,8.0,01,03,02,,1,,2,1,3,1,2,1,3,45.0,20.0,80.0,5.0,20.0,1,2,1,2,2,1,3,40.0,10.0,80.0,5.0,2.0,01,03,03,1,3,1,3,2,1,1,3,01,03,03,01,03,03,03,02,03,01,03,50.0,50.0,1,3,2,2,03,2,,,02,1959.0,1,05,02,02,05,02,01,1,0.2219046652317047,1.0
850,G6E,32,98,2,1,3,2,2,2,3,2,1,1,1,03,97,10.0,8.0,03,01,,03,2,,3,3,3,1,2,2,2,30.0,30.0,75.0,997.0,997.0,2,1,1,4,1,3,4,50.0,50.0,75.0,997.0,997.0,03,03,03,2,4,3,3,2,1,1,2,03,03,03,03,03,03,02,98,03,03,03,50.0,100.0,2,2,2,2,03,2,,,02,1971.0,1,09,10,01,03,02,01,1,1.681884765625,1.0
851,J3V,16,07,2,2,3,2,3,3,3,3,1,1,1,03,05,10.0,7.0,01,03,,04,2,,1,1,4,1,1,1,3,1.0,1.0,90.0,40.0,40.0,1,2,2,4,1,2,2,5.0,5.0,99.0,60.0,30.0,03,03,03,3,4,3,3,1,3,2,4,03,03,98,02,03,03,03,02,03,98,03,50.0,50.0,2,4,1,1,03,1,,,98,1970.0,2,06,06,06,05,02,01,1,0.9961626529693604,1.0
852,H4L,06,08,1,1,3,2,3,3,3,2,3,4,1,01,03,8.0,8.0,01,03,03,,2,,1,2,4,1,1,1,3,50.0,25.0,60.0,40.0,50.0,1,2,1,4,2,4,1,50.0,40.0,40.0,40.0,40.0,03,03,03,3,1,3,1,2,1,3,2,01,02,01,05,02,02,02,02,98,01,01,50.0,50.0,2,3,1,1,01,2,,,01,1929.0,2,07,04,03,01,02,01,1,0.8410736918449402,1.0
853,J5Z,14,01,1,1,1,1,2,2,2,1,1,3,1,01,97,10.0,7.0,01,97,,03,2,,2,2,1,2,3,2,3,85.0,50.0,50.0,25.0,25.0,1,2,1,4,1,3,3,90.0,25.0,40.0,25.0,50.0,01,01,01,3,1,1,2,1,1,1,1,01,01,01,01,01,01,01,01,01,01,01,50.0,50.0,2,1,1,1,01,1,,,01,1937.0,1,05,03,03,01,02,01,1,1.1757395267486572,1.0
854,J9Z,08,08,1,1,1,1,2,3,4,2,2,4,1,02,05,8.0,8.0,01,03,,05,1,,3,3,2,2,3,2,2,20.0,40.0,30.0,15.0,15.0,2,1,2,3,2,1,4,10.0,40.0,20.0,20.0,10.0,02,02,03,3,2,1,4,4,1,1,1,02,02,02,02,02,03,02,02,02,02,02,75.0,75.0,1,4,2,2,02,2,,,04,1948.0,2,09,10,02,04,02,01,1,1.049834966659546,1.0
855,J9P,08,06,2,1,3,2,3,4,2,2,2,2,1,04,02,9.0,9.0,02,03,,04,1,,3,3,2,3,3,2,2,35.0,70.0,40.0,90.0,80.0,2,2,1,2,4,4,4,10.0,50.0,60.0,95.0,80.0,04,04,04,3,2,1,4,3,1,3,1,04,02,98,05,04,04,02,02,04,98,04,80.0,70.0,1,4,4,3,02,2,,,04,1962.0,2,09,10,02,05,02,01,1,1.2432608604431152,1.0
856,J0J,26,01,1,1,1,1,2,2,2,1,1,2,1,02,03,8.0,8.0,01,03,,04,1,,1,1,3,1,2,1,2,10.0,75.0,50.0,50.0,40.0,1,2,1,2,2,3,2,10.0,40.0,50.0,997.0,997.0,03,03,03,3,3,1,1,3,2,2,4,03,03,03,03,03,03,03,02,03,03,03,0.0,50.0,1,2,2,2,02,3,,,04,1958.0,2,04,01,02,05,02,01,1,1.2432608604431152,1.0
857,G5Y,32,98,3,4,3,2,3,3,2,2,3,3,1,02,05,6.0,8.0,03,01,,04,1,,2,3,2,2,3,1,2,40.0,90.0,0.0,50.0,70.0,1,2,1,3,2,2,4,40.0,70.0,0.0,80.0,60.0,02,02,03,3,2,1,4,4,2,3,2,01,02,02,02,04,02,02,02,02,01,02,70.0,70.0,1,4,3,3,02,2,,,04,1951.0,1,11,10,02,05,02,01,1,0.9346079230308533,1.0
858,G4V,11,01,1,1,2,2,2,2,2,2,2,2,1,04,03,7.0,7.0,01,02,02,,1,,2,2,3,1,2,1,2,50.0,50.0,60.0,70.0,60.0,2,2,1,3,1,2,2,50.0,50.0,60.0,70.0,60.0,03,04,04,2,3,1,3,3,2,3,4,03,03,03,05,04,03,03,02,03,03,03,80.0,70.0,1,4,2,2,04,2,,,05,1947.0,2,09,03,03,05,02,01,1,0.8632587194442749,1.0
859,J6N,16,98,2,2,3,3,1,3,3,3,3,3,1,02,97,7.0,6.0,02,03,,04,1,,3,3,3,2,3,8,2,25.0,75.0,25.0,10.0,9.0,2,2,1,2,1,2,3,40.0,70.0,45.0,25.0,997.0,02,02,03,3,2,1,4,3,2,2,3,02,99,99,99,99,99,02,02,99,99,03,65.0,75.0,2,3,1,2,02,2,,,04,1937.0,1,09,05,01,05,02,01,1,1.1757395267486572,1.0
860,G1P,03,17,1,4,4,1,3,3,1,2,4,8,1,99,,10.0,5.0,01,97,03,,2,,2,2,1,1,2,1,2,75.0,0.0,50.0,998.0,998.0,2,2,8,1,2,2,3,75.0,50.0,30.0,998.0,998.0,01,06,06,3,1,3,8,2,1,2,2,01,03,01,05,01,02,03,02,01,98,01,0.0,100.0,2,2,1,2,01,2,,,01,1958.0,2,05,09,01,01,02,01,1,0.25163137912750244,1.0
861,J5W,14,06,2,1,2,2,3,2,3,1,2,1,1,02,03,3.0,3.0,01,03,,04,1,,2,1,2,2,2,2,2,50.0,90.0,75.0,70.0,70.0,2,1,1,2,2,2,3,50.0,90.0,85.0,80.0,997.0,03,02,04,3,3,1,2,2,3,3,4,02,02,03,05,03,03,02,02,02,01,02,50.0,50.0,1,3,2,2,02,2,,,04,1979.0,2,09,06,02,02,02,01,1,0.9693608283996582,1.0
862,H2P,06,08,2,1,1,1,2,3,3,1,4,3,1,04,97,8.0,9.0,03,02,,04,1,,3,3,4,3,2,1,4,20.0,20.0,0.0,66.0,40.0,1,2,1,3,2,3,3,2.0,3.0,0.0,50.0,30.0,04,04,04,2,4,1,4,4,2,2,3,04,04,04,04,04,04,04,04,04,04,04,80.0,42.0,1,4,4,4,04,2,,,07,1956.0,1,09,09,02,05,02,01,1,0.9163962006568909,1.0
863,G0R,32,07,1,1,2,1,1,2,2,2,1,3,1,03,97,7.0,7.0,01,03,02,,1,,2,2,2,2,2,2,2,20.0,80.0,90.0,70.0,997.0,1,1,1,2,2,2,3,20.0,70.0,90.0,60.0,60.0,03,03,03,3,3,1,2,3,2,2,3,03,03,03,03,03,03,02,02,03,03,03,80.0,70.0,1,2,2,3,03,2,,,02,1982.0,2,07,03,02,02,02,01,1,1.3492573499679565,1.0
864,G1R,03,96,1,1,4,2,1,3,2,3,2,4,2,,,7.0,7.0,03,96,,01,2,,2,1,3,2,3,2,2,30.0,20.0,30.0,2.0,5.0,2,1,2,4,2,1,4,40.0,20.0,40.0,20.0,20.0,01,07,06,3,1,3,3,2,1,1,1,01,01,01,01,98,01,98,02,01,01,98,40.0,50.0,2,1,2,2,01,2,,,02,1924.0,1,10,09,03,01,02,10,1,0.28470510244369507,1.0
865,J3L,16,01,1,3,2,1,1,2,3,2,2,2,1,01,97,5.0,5.0,01,02,,02,2,,3,3,3,1,2,1,2,50.0,40.0,40.0,998.0,998.0,1,1,1,4,2,1,3,50.0,50.0,50.0,998.0,998.0,01,03,03,2,3,3,4,1,2,3,3,01,01,01,98,03,03,02,02,98,01,01,10.0,50.0,1,4,2,1,01,3,,,02,1970.0,2,09,10,02,05,02,01,1,0.9961626529693604,1.0
866,H1E,06,98,1,1,4,1,1,3,1,1,1,1,1,01,97,10.0,10.0,03,01,03,,2,,1,1,2,2,2,1,2,95.0,998.0,30.0,50.0,60.0,1,1,1,1,2,2,4,70.0,70.0,60.0,60.0,50.0,01,01,01,1,3,3,4,2,1,2,2,01,01,01,05,01,02,01,01,01,01,01,95.0,100.0,1,2,1,4,01,3,,,01,1959.0,2,09,06,07,01,02,08,1,0.6555481553077698,1.0
867,J0E,26,01,1,2,4,2,4,1,2,3,1,1,1,02,01,7.0,7.0,01,04,,05,1,,2,1,3,1,2,1,2,40.0,80.0,70.0,50.0,50.0,2,2,1,3,1,1,4,70.0,40.0,80.0,997.0,60.0,01,02,03,2,2,1,1,1,1,2,4,03,01,01,05,03,03,01,02,02,03,03,0.0,90.0,8,4,2,1,02,2,,,01,1954.0,1,04,07,04,04,02,01,1,1.1433428525924683,1.0
868,G1C,03,98,1,2,1,1,3,1,4,2,2,4,1,01,97,7.0,7.0,01,04,03,,2,,2,1,4,1,2,1,1,60.0,30.0,10.0,0.0,50.0,1,2,2,4,2,3,1,40.0,20.0,10.0,30.0,997.0,01,01,02,3,3,1,1,1,1,1,3,01,01,01,01,01,01,01,01,01,01,01,60.0,60.0,1,1,3,1,01,3,,,01,1959.0,1,07,10,02,03,02,01,1,0.2219046652317047,1.0
869,J2B,17,03,1,1,2,2,2,1,2,1,1,2,1,03,97,10.0,6.0,01,02,02,,1,,2,2,4,1,2,1,2,40.0,25.0,95.0,0.0,10.0,1,1,2,4,1,2,2,5.0,25.0,95.0,25.0,10.0,98,03,03,2,3,1,2,2,3,2,3,03,03,03,98,03,03,03,98,98,98,03,50.0,75.0,1,2,2,2,03,2,,,04,1972.0,1,04,03,02,05,02,01,1,1.681884765625,1.0
870,G2G,03,04,2,2,3,3,2,3,3,2,3,4,1,01,03,5.0,8.0,01,04,,03,2,,1,1,3,1,1,1,2,50.0,60.0,50.0,5.0,5.0,1,1,1,4,2,1,2,10.0,30.0,30.0,997.0,997.0,02,02,03,1,3,1,3,2,4,4,4,01,01,01,02,03,02,02,02,02,01,02,40.0,70.0,1,4,2,2,02,3,,,02,1948.0,1,09,10,02,05,02,01,1,0.18738064169883728,1.0
871,J1H,05,08,1,1,2,1,2,2,2,1,1,1,1,02,01,6.0,6.0,01,97,02,,2,,2,8,2,1,2,1,2,80.0,90.0,80.0,997.0,997.0,2,1,8,4,2,1,4,40.0,90.0,50.0,997.0,997.0,02,02,03,2,3,1,8,4,2,3,4,02,02,98,02,03,98,02,02,02,98,02,90.0,50.0,1,4,2,1,02,2,,,01,1982.0,2,09,03,05,05,02,01,1,1.3492573499679565,1.0
872,J4W,16,01,1,1,2,1,2,2,1,1,1,1,1,99,,8.0,8.0,02,01,,02,1,,9,2,1,1,1,1,3,65.0,65.0,65.0,65.0,65.0,1,2,2,4,4,3,2,65.0,65.0,65.0,998.0,998.0,01,01,03,1,4,3,4,3,2,2,3,01,01,98,01,03,01,98,98,98,01,98,0.0,50.0,1,2,2,3,99,,2,,99,1945.0,1,05,01,01,01,01,09,2,1.0454652309417725,1.0
873,H3J,06,19,1,1,2,1,8,2,2,2,1,1,1,01,02,10.0,0.0,03,04,,03,3,,1,1,3,1,2,1,8,60.0,60.0,60.0,998.0,998.0,2,8,8,2,2,8,1,0.0,998.0,10.0,998.0,998.0,06,02,02,1,4,3,4,2,1,1,4,98,03,01,05,04,03,02,04,02,01,04,70.0,70.0,8,8,2,4,97,,2,,01,1980.0,2,09,02,01,01,96,12,3,2.556485652923584,1.0
874,H1V,06,01,1,1,1,1,1,3,2,2,2,3,1,99,,8.0,8.0,01,06,02,,2,,3,1,3,1,2,1,3,60.0,45.0,65.0,30.0,40.0,2,8,1,3,8,2,4,80.0,40.0,70.0,35.0,997.0,01,01,03,3,1,8,1,3,1,1,4,01,03,01,01,01,01,01,01,02,98,01,0.0,50.0,2,3,3,3,01,2,,,01,1930.0,2,04,01,03,03,02,01,1,0.8410736918449402,1.0
875,J3H,16,06,2,1,2,2,2,3,1,1,2,2,1,04,01,7.0,9.0,02,03,,01,2,,1,1,3,1,2,1,2,70.0,60.0,80.0,100.0,70.0,1,2,1,3,1,2,1,70.0,50.0,80.0,90.0,60.0,03,01,03,2,1,1,3,4,3,2,3,02,02,03,01,02,03,02,02,02,03,03,80.0,70.0,2,1,1,1,04,2,,,04,1932.0,2,02,01,03,01,02,01,1,0.8410736918449402,1.0
876,H4B,06,98,1,1,2,1,2,3,2,2,1,3,1,02,05,9.0,9.0,03,01,,04,1,,3,2,3,1,2,1,2,50.0,75.0,25.0,50.0,50.0,1,1,1,3,2,1,4,25.0,25.0,50.0,50.0,50.0,06,06,04,3,2,1,4,2,3,3,3,97,02,02,05,04,02,02,02,02,01,02,50.0,50.0,1,4,3,4,02,1,,,04,1973.0,2,11,10,02,04,02,01,1,0.9693608283996582,1.0
877,H7W,13,03,2,3,3,2,3,4,4,1,2,4,1,01,03,5.0,5.0,03,01,,03,2,,1,1,3,1,2,1,3,50.0,0.0,45.0,2.0,15.0,1,2,1,4,1,2,3,65.0,20.0,50.0,997.0,997.0,01,03,03,3,1,1,3,1,1,4,3,98,03,01,05,03,03,03,01,01,98,03,0.0,65.0,2,3,1,1,01,2,,,01,1939.0,2,09,99,03,04,02,01,1,0.8410736918449402,1.0
878,H7P,13,98,2,2,2,2,3,2,2,2,2,2,1,01,03,7.0,7.0,03,01,03,,2,,2,1,3,1,2,1,3,70.0,60.0,60.0,50.0,50.0,2,1,1,4,1,1,1,70.0,50.0,50.0,997.0,997.0,01,06,03,3,3,3,1,1,4,1,1,01,01,98,05,01,03,01,02,01,01,01,80.0,70.0,2,2,2,1,01,2,,,01,1986.0,2,08,01,09,03,12,12,3,5.027725696563721,1.0
879,G1X,03,01,1,2,2,2,3,2,3,2,3,4,1,01,03,6.0,5.0,03,02,,02,2,,3,2,3,2,3,2,2,70.0,40.0,50.0,20.0,20.0,2,1,2,3,1,2,3,70.0,50.0,60.0,50.0,30.0,01,03,03,3,1,1,3,2,3,2,3,01,01,01,05,03,03,01,01,03,01,03,60.0,60.0,2,2,2,2,01,3,,,01,1929.0,1,09,08,03,05,02,01,1,0.28470510244369507,1.0
880,J6K,16,02,1,1,2,1,1,1,1,1,2,2,1,02,03,10.0,5.0,01,03,,04,1,,1,1,3,1,2,2,1,10.0,90.0,50.0,997.0,30.0,1,2,8,3,2,1,3,10.0,60.0,50.0,997.0,40.0,01,06,03,1,2,2,4,2,1,1,4,98,98,98,02,98,03,02,02,01,98,98,50.0,60.0,1,8,1,1,02,2,,,04,1956.0,2,06,07,02,04,02,01,1,0.6555481553077698,1.0
881,G0A,03,03,1,1,3,1,1,3,2,2,1,3,1,03,05,8.0,2.0,02,03,02,,1,,2,1,3,1,2,1,3,50.0,50.0,80.0,60.0,80.0,2,2,1,4,2,2,3,30.0,30.0,80.0,50.0,60.0,06,03,03,2,4,1,2,1,2,2,4,03,03,03,05,03,03,03,98,03,03,03,0.0,80.0,1,3,3,3,02,3,,,04,1973.0,2,09,07,02,05,02,01,1,0.3720875084400177,1.0
882,J0E,26,01,2,1,1,1,1,4,1,1,1,3,1,02,97,8.0,10.0,03,02,,05,1,,1,1,3,1,2,1,2,35.0,35.0,0.0,25.0,75.0,1,2,1,3,2,2,1,25.0,25.0,0.0,50.0,75.0,01,05,05,2,2,1,4,2,2,1,1,01,02,02,02,02,02,02,02,02,02,02,80.0,80.0,1,4,4,1,02,2,,,04,1953.0,1,09,10,01,05,02,01,1,1.1433428525924683,1.0
883,J3Y,16,13,1,1,3,4,2,1,4,1,1,4,1,03,05,8.0,8.0,03,01,,04,1,,2,1,3,1,1,2,3,10.0,50.0,90.0,80.0,80.0,1,2,2,4,2,1,2,20.0,20.0,80.0,40.0,40.0,03,03,03,3,3,1,4,4,1,1,4,03,03,01,02,03,03,02,02,03,03,02,0.0,80.0,1,4,1,1,02,3,,,04,1946.0,1,05,04,03,05,02,01,1,0.7738205194473267,1.0
884,J7R,15,03,1,2,8,1,2,2,2,2,2,2,1,03,02,8.0,8.0,01,03,,04,1,,2,2,3,1,2,1,2,50.0,70.0,75.0,85.0,85.0,1,1,1,3,2,2,3,45.0,50.0,80.0,90.0,997.0,04,04,03,3,3,1,4,3,2,4,4,03,03,04,05,04,03,02,02,98,03,04,80.0,70.0,8,4,1,1,02,2,,,01,1949.0,2,09,08,02,04,02,01,1,0.5535573959350586,1.0
885,J4B,16,07,1,2,2,1,2,1,1,2,1,1,1,03,02,8.0,6.0,01,03,,04,1,,2,2,2,1,2,1,2,25.0,85.0,90.0,997.0,75.0,1,2,2,3,2,2,2,30.0,70.0,85.0,997.0,45.0,03,03,03,3,3,1,2,2,2,2,3,01,02,02,05,03,03,02,02,03,03,03,50.0,85.0,1,3,1,1,03,2,,,04,1979.0,2,09,08,02,04,02,01,1,0.9693608283996582,1.0
886,J3L,16,01,1,1,1,2,1,2,2,3,1,1,1,03,02,7.0,5.0,02,03,,05,1,,1,1,3,1,2,1,4,0.0,60.0,80.0,60.0,70.0,1,2,1,3,2,2,1,0.0,30.0,70.0,60.0,50.0,01,03,03,3,2,1,4,1,2,2,3,03,03,02,05,04,03,02,03,03,03,03,60.0,60.0,2,3,1,1,03,2,,,02,1978.0,1,05,10,02,05,02,01,1,1.3550678491592407,1.0
887,G0X,17,98,1,1,1,1,2,1,3,1,1,3,2,,,0.0,0.0,01,03,03,,2,,1,1,4,1,2,1,3,10.0,10.0,90.0,997.0,80.0,2,1,1,4,2,4,2,0.0,0.0,90.0,997.0,997.0,03,03,03,3,4,3,4,1,2,2,4,03,03,03,03,03,03,03,03,03,03,03,0.0,100.0,2,1,1,1,05,2,,,06,1969.0,2,04,10,01,01,02,01,1,1.3865697383880615,1.0
888,J7V,16,01,1,1,2,1,2,2,4,2,2,3,1,01,05,6.0,8.0,01,09,02,,2,,3,3,3,1,2,2,2,70.0,30.0,40.0,0.0,20.0,1,1,1,4,1,1,2,60.0,10.0,60.0,10.0,10.0,01,05,03,1,1,3,2,4,3,2,2,01,03,01,05,01,01,01,02,01,01,05,50.0,70.0,1,3,2,2,01,2,,,01,1965.0,2,07,07,02,01,02,01,1,0.9961626529693604,1.0
889,H2V,06,06,2,1,1,2,3,3,2,1,1,3,1,99,,10.0,10.0,03,01,02,,8,8,3,1,4,1,2,2,2,60.0,60.0,60.0,0.0,10.0,2,1,1,3,2,1,1,50.0,60.0,50.0,20.0,997.0,07,98,03,2,3,1,3,2,2,2,4,96,96,96,05,96,03,96,02,96,96,98,40.0,70.0,2,4,4,4,99,,2,,99,1946.0,2,11,10,02,05,02,01,1,0.5535573959350586,1.0
890,J0L,16,98,1,2,2,2,2,3,2,1,3,4,1,97,,4.0,4.0,03,01,,05,8,1,1,1,4,1,2,1,3,0.0,50.0,30.0,0.0,0.0,2,8,8,4,4,2,1,0.0,30.0,30.0,30.0,30.0,98,98,98,2,3,1,8,8,1,3,4,98,98,98,98,98,98,02,02,02,02,98,80.0,70.0,1,4,2,1,02,3,,,98,1956.0,2,05,05,02,05,02,01,1,0.6555481553077698,1.0
891,H7N,13,98,2,2,3,1,3,1,3,1,1,3,1,05,97,0.0,0.0,01,02,01,,2,,2,1,4,1,2,2,2,50.0,60.0,40.0,40.0,60.0,2,2,1,3,2,2,3,40.0,40.0,40.0,997.0,997.0,98,98,03,3,4,3,2,2,3,1,3,02,02,98,05,98,02,02,02,02,02,02,60.0,60.0,1,4,1,2,96,,,,05,1981.0,1,05,02,02,05,02,01,1,1.3550678491592407,1.0
892,H2E,06,98,1,1,3,2,3,3,3,3,3,2,2,,,3.0,3.0,01,03,,03,2,,1,1,4,1,2,1,3,0.0,0.0,5.0,997.0,997.0,8,2,1,4,2,1,1,0.0,0.0,5.0,997.0,997.0,03,03,03,3,4,3,4,2,2,3,4,98,98,98,98,98,98,98,02,98,98,98,0.0,100.0,2,2,1,2,97,,2,,07,1977.0,1,09,06,02,03,02,01,1,1.3550678491592407,1.0
893,H7Y,13,02,1,1,2,1,3,4,3,1,4,4,1,03,02,10.0,6.0,01,03,,04,2,,1,1,3,2,2,2,2,20.0,50.0,60.0,20.0,20.0,1,2,1,3,2,2,1,15.0,25.0,40.0,70.0,50.0,06,03,02,3,3,1,4,1,3,2,4,02,03,02,03,03,03,02,02,02,03,03,20.0,60.0,8,3,1,2,03,2,,,04,1955.0,1,07,05,02,05,02,01,1,0.9163962006568909,1.0
894,H1Z,06,19,1,1,1,1,1,1,1,1,1,1,2,,,8.0,8.0,01,03,04,,2,,1,1,3,1,2,1,2,7.0,1.0,0.0,2.0,5.0,1,2,8,3,4,4,1,10.0,0.0,0.0,997.0,997.0,06,06,06,8,4,3,4,4,1,1,4,01,04,03,01,01,01,03,03,01,01,01,10.0,100.0,2,1,1,1,01,1,,,01,1972.0,2,05,01,05,01,96,08,4,2.6271798610687256,1.0
895,J9L,25,06,1,1,1,1,1,3,1,1,1,1,1,02,03,8.0,8.0,01,03,01,,1,,1,2,4,1,2,1,2,20.0,75.0,60.0,997.0,997.0,1,2,1,3,1,1,2,30.0,70.0,60.0,995.0,997.0,98,98,98,2,2,3,8,3,2,3,4,98,02,98,02,02,98,02,02,02,02,02,40.0,60.0,8,2,1,3,02,2,,,04,1928.0,2,05,02,03,01,02,01,1,1.595116138458252,1.0
896,G1K,03,01,1,2,2,2,1,2,3,2,2,3,1,02,03,10.0,7.0,01,03,,03,1,,2,2,2,1,2,2,2,55.0,60.0,60.0,60.0,50.0,1,2,1,3,2,2,3,60.0,50.0,60.0,70.0,40.0,04,03,03,2,3,1,2,4,3,3,4,03,03,01,05,03,03,01,03,02,01,03,75.0,80.0,1,2,2,2,97,,1,03,03,1945.0,2,05,03,02,01,02,01,1,0.21248352527618408,1.0
897,J8A,15,98,4,4,4,4,4,4,4,4,4,4,1,99,,10.0,10.0,01,96,03,,9,,1,1,4,1,3,1,4,999.0,999.0,999.0,999.0,999.0,1,2,8,4,2,2,1,0.0,0.0,1.0,1.0,1.0,05,99,04,2,3,9,4,1,4,4,4,99,99,99,99,99,99,98,99,98,98,99,30.0,30.0,8,3,1,2,97,,2,,99,1955.0,1,09,10,02,05,02,01,1,0.9163962006568909,1.0
898,H2B,06,01,1,2,2,2,3,3,4,2,4,3,1,02,97,7.0,7.0,03,01,02,,1,,2,2,3,2,2,1,2,50.0,80.0,20.0,10.0,30.0,1,1,1,3,8,3,3,40.0,60.0,30.0,20.0,10.0,02,04,04,3,2,1,4,2,1,2,3,02,02,98,02,04,03,02,02,02,03,02,50.0,50.0,8,3,3,2,02,2,,,04,1965.0,1,07,04,02,04,02,01,1,1.3925409317016602,1.0
899,G8Z,04,08,1,2,2,1,1,2,3,2,2,3,1,03,02,7.0,6.0,01,04,02,,2,,2,2,3,1,2,1,2,40.0,50.0,50.0,25.0,35.0,2,2,1,3,2,2,3,30.0,35.0,45.0,45.0,25.0,01,02,03,3,3,1,2,2,2,2,3,01,03,03,01,02,03,02,02,01,01,03,50.0,50.0,1,1,1,2,97,,1,02,02,1960.0,1,06,02,02,05,02,01,1,1.1068066358566284,1.0
900,H4B,06,98,1,1,1,1,1,2,1,1,1,3,1,99,,9.0,9.0,03,01,,02,2,,3,4,1,2,2,2,1,25.0,20.0,25.0,0.0,0.0,1,1,1,4,2,2,2,75.0,0.0,50.0,997.0,997.0,01,07,01,3,1,1,1,1,1,1,4,01,01,01,01,01,01,01,02,01,01,01,0.0,75.0,1,3,1,2,01,2,,,99,1924.0,1,11,10,03,05,02,01,1,1.1757395267486572,1.0
901,H1G,06,98,4,2,3,1,8,2,3,4,4,4,1,96,97,6.0,7.0,03,01,,02,1,,8,3,3,1,2,2,2,50.0,60.0,30.0,30.0,35.0,1,2,1,3,3,2,2,40.0,50.0,0.0,20.0,30.0,01,03,02,3,3,1,3,2,1,1,2,98,02,01,02,01,03,02,02,01,03,96,65.0,60.0,1,4,3,2,97,,2,,06,1986.0,1,07,99,04,04,02,01,1,2.664950370788574,1.0
902,H4J,06,01,1,1,4,1,2,3,4,2,1,2,1,01,02,8.0,8.0,01,04,03,,2,,2,3,2,2,2,2,1,80.0,70.0,70.0,60.0,997.0,2,2,8,4,1,1,4,80.0,80.0,80.0,997.0,997.0,01,01,01,1,1,1,4,3,1,1,3,01,01,01,01,01,01,01,01,01,01,01,60.0,80.0,1,4,3,3,97,,1,01,01,1961.0,1,09,99,01,04,99,10,3,2.416813850402832,1.0
903,G6B,05,08,1,1,2,1,1,1,4,1,1,3,1,03,97,4.0,0.0,01,04,,03,2,,1,1,4,1,2,1,2,40.0,0.0,80.0,997.0,50.0,1,2,2,4,2,3,1,50.0,20.0,80.0,997.0,997.0,01,03,03,2,3,1,3,1,1,1,3,03,01,03,05,03,03,03,02,01,03,03,80.0,80.0,1,1,1,1,03,2,,,01,1947.0,2,07,02,03,01,02,01,1,0.7705016136169434,1.0
904,G1P,03,96,1,2,3,2,1,2,1,1,1,1,1,03,97,9.0,5.0,03,01,,03,2,,4,2,3,1,2,1,2,0.0,0.0,80.0,10.0,10.0,1,1,2,4,1,1,2,0.0,0.0,85.0,998.0,998.0,01,03,03,3,3,1,2,2,2,2,3,03,03,01,05,03,03,03,03,03,03,03,25.0,70.0,1,2,2,1,03,1,,,02,1968.0,1,04,08,03,04,02,01,1,0.33720386028289795,1.0
905,H2S,06,01,1,1,1,1,2,1,1,3,2,3,1,03,01,10.0,8.0,01,07,05,,2,,1,2,4,1,2,1,2,50.0,20.0,90.0,997.0,100.0,1,2,1,4,2,3,1,90.0,80.0,100.0,997.0,997.0,03,98,03,2,1,2,4,4,2,3,4,01,03,01,05,03,03,02,02,03,01,03,50.0,80.0,1,4,1,3,03,2,,,01,1965.0,2,10,02,05,05,06,06,3,2.6271798610687256,1.0
906,H2S,06,06,2,1,2,2,3,3,3,1,2,3,1,02,97,10.0,7.0,07,01,02,,2,,3,3,2,1,2,2,2,60.0,85.0,65.0,0.0,40.0,1,1,2,4,2,1,4,55.0,90.0,75.0,20.0,10.0,02,02,02,3,3,1,3,4,1,2,2,97,02,02,02,02,02,02,02,02,02,02,60.0,90.0,1,4,8,3,02,2,,,04,1978.0,2,09,10,02,05,02,01,1,0.9693608283996582,1.0
907,H3K,06,03,4,2,3,1,2,3,1,1,2,3,1,04,05,3.0,8.0,04,03,,04,1,,2,2,3,1,2,1,4,10.0,40.0,0.0,70.0,50.0,1,2,1,2,2,3,2,0.0,0.0,0.0,60.0,40.0,04,04,04,3,2,1,4,4,3,2,4,01,04,04,05,04,02,02,02,04,01,03,40.0,20.0,1,4,3,2,04,2,,,04,1983.0,1,05,01,02,05,02,01,1,2.664950370788574,1.0
908,H9H,06,08,2,1,2,1,3,3,1,2,3,4,1,05,01,7.0,5.0,02,04,,03,2,,2,3,2,1,3,8,2,60.0,10.0,40.0,0.0,80.0,2,1,1,4,1,3,3,60.0,40.0,70.0,997.0,997.0,01,98,03,2,1,2,3,4,1,1,4,98,98,02,05,01,01,01,98,01,01,01,60.0,80.0,2,2,1,2,05,3,,,02,1959.0,1,10,10,02,03,15,11,3,2.416813850402832,1.0
909,H3S,06,01,1,1,1,1,1,2,1,1,1,1,1,01,03,8.0,8.0,03,01,,02,2,,2,1,2,2,9,2,2,50.0,5.0,40.0,3.0,10.0,1,2,8,4,3,1,2,60.0,15.0,50.0,997.0,70.0,06,99,98,3,1,1,8,4,3,1,1,98,98,98,96,98,98,03,98,01,98,98,30.0,80.0,8,4,1,1,01,2,,,01,1934.0,2,09,99,03,05,02,10,1,0.8410736918449402,1.0
910,J8Z,07,98,1,1,4,2,1,1,3,2,4,4,1,01,02,7.0,7.0,03,01,03,,2,,3,3,2,2,3,2,2,70.0,50.0,60.0,0.0,0.0,2,2,1,4,2,1,4,75.0,60.0,70.0,40.0,40.0,03,03,03,3,1,1,3,4,1,2,4,01,01,01,98,01,01,01,98,01,01,03,65.0,80.0,1,4,2,3,01,3,,,01,1956.0,2,09,10,02,05,02,01,1,1.2432608604431152,1.0
911,H2G,06,98,2,1,3,1,2,2,1,1,2,1,1,99,,8.0,8.0,04,03,,04,2,,2,2,4,1,2,1,3,50.0,65.0,55.0,60.0,65.0,2,2,1,3,2,1,1,30.0,60.0,60.0,50.0,50.0,06,03,03,3,3,1,3,1,2,2,3,96,97,97,05,97,03,02,02,03,97,97,20.0,70.0,1,4,1,1,02,2,,,01,1985.0,2,09,02,02,04,02,01,1,1.9063955545425415,1.0
912,G1L,03,01,1,2,1,1,2,3,2,1,2,3,1,04,97,8.0,7.0,01,03,02,,1,,2,1,2,1,1,2,2,72.0,60.0,72.0,65.0,50.0,1,2,1,4,2,1,2,70.0,995.0,70.0,65.0,65.0,01,03,03,3,4,1,3,2,2,3,4,03,04,01,01,04,04,01,02,04,03,04,70.0,78.0,1,3,2,1,04,2,,,03,1958.0,1,05,02,02,05,02,01,1,0.2219046652317047,1.0
913,H4E,06,10,1,1,2,1,2,4,1,1,2,3,1,02,04,9.0,9.0,03,02,,04,1,,3,3,3,2,2,2,2,50.0,60.0,0.0,60.0,40.0,2,2,1,3,2,1,3,40.0,50.0,0.0,80.0,50.0,02,04,04,3,2,1,4,3,1,2,4,02,02,02,04,04,04,02,02,02,04,04,65.0,60.0,1,4,4,3,02,3,,,03,1973.0,2,10,05,02,05,02,01,1,0.9693608283996582,1.0
914,H2X,06,01,1,2,1,2,3,3,3,1,2,3,1,04,97,8.0,8.0,03,01,,03,2,,1,1,4,2,2,1,2,20.0,20.0,0.0,90.0,80.0,1,1,1,3,1,2,3,20.0,20.0,0.0,90.0,50.0,04,04,04,3,3,3,4,3,2,2,3,04,04,04,05,04,04,98,98,98,98,04,80.0,50.0,1,8,8,3,04,2,,,03,1960.0,1,09,05,02,05,06,06,2,1.2380889654159546,1.0
915,G0Y,05,08,1,1,2,1,1,2,2,2,1,2,1,03,01,8.0,8.0,01,04,,02,2,,2,2,4,1,1,2,4,60.0,20.0,70.0,30.0,0.0,2,2,1,4,2,2,2,80.0,30.0,90.0,997.0,997.0,01,03,03,1,4,1,2,3,1,2,2,03,03,03,03,03,03,01,03,01,03,03,0.0,80.0,2,2,1,2,03,2,,,02,1969.0,2,05,03,02,04,02,01,1,1.3865697383880615,1.0
916,G6C,12,08,2,1,2,1,2,1,2,1,1,3,1,03,02,6.0,4.0,03,01,03,,2,,2,1,3,2,2,1,1,50.0,60.0,70.0,80.0,80.0,1,1,1,3,2,3,2,30.0,60.0,70.0,80.0,50.0,02,03,03,3,4,1,2,4,3,1,3,02,03,98,05,98,03,02,02,03,02,03,50.0,80.0,1,3,2,2,05,2,,,98,1973.0,2,07,05,06,05,02,01,1,0.3720875084400177,1.0
917,G6P,17,98,1,1,1,3,4,2,3,1,2,8,1,01,03,5.0,4.0,97,,,02,2,,8,3,2,1,2,8,3,60.0,25.0,40.0,20.0,997.0,8,1,8,4,8,2,1,60.0,20.0,50.0,997.0,30.0,01,98,01,3,3,3,8,2,8,2,4,98,98,03,98,98,98,98,98,98,98,98,50.0,75.0,2,1,2,8,01,2,,,06,1930.0,1,04,99,02,02,02,01,1,1.4200392961502075,1.0
918,H7P,13,08,1,2,2,1,2,3,3,3,3,3,1,01,05,10.0,8.0,01,02,,02,2,,2,2,2,1,3,2,2,80.0,50.0,70.0,40.0,80.0,1,2,1,4,1,4,3,80.0,50.0,70.0,30.0,70.0,01,03,03,1,1,2,4,4,2,2,3,01,01,01,05,03,01,01,02,01,01,01,80.0,70.0,2,2,1,2,01,2,,,02,1957.0,1,07,10,02,04,02,01,1,0.9163962006568909,1.0
919,G0C,11,01,1,1,1,1,8,1,1,1,1,1,2,,,10.0,10.0,03,01,03,,2,,2,3,1,8,8,2,2,95.0,20.0,90.0,997.0,85.0,2,1,8,4,2,2,2,100.0,0.0,100.0,997.0,0.0,01,98,01,3,1,3,3,3,3,4,3,01,01,98,98,01,01,01,01,98,01,01,75.0,20.0,1,1,1,2,01,2,,,01,1928.0,2,04,01,03,01,01,10,7,1.7720612287521362,1.0
920,G2K,03,98,1,1,2,2,1,2,3,2,3,4,1,01,02,2.0,3.0,04,03,,02,1,,3,2,2,1,3,2,2,50.0,45.0,35.0,30.0,25.0,2,2,1,3,2,2,2,50.0,60.0,55.0,45.0,45.0,01,98,03,3,3,3,2,2,2,2,3,01,02,01,01,98,98,01,02,01,01,01,25.0,75.0,1,3,2,3,97,,2,,01,1953.0,1,07,99,01,04,02,01,1,0.2219046652317047,1.0
921,J0B,05,98,2,2,1,1,1,1,1,1,1,2,1,03,01,7.0,6.0,03,01,02,,2,,2,2,3,2,2,2,2,10.0,10.0,90.0,997.0,75.0,1,2,2,3,2,3,2,30.0,20.0,90.0,75.0,997.0,03,03,03,3,3,1,2,3,3,2,2,03,03,03,03,03,03,03,03,03,03,03,0.0,90.0,2,1,2,3,03,2,,,98,1960.0,1,05,99,02,03,02,01,1,1.1068066358566284,1.0
922,G8Y,04,98,1,1,1,1,2,2,3,1,1,3,1,03,02,3.0,3.0,01,03,,02,2,,1,2,4,1,2,1,2,25.0,50.0,75.0,40.0,0.0,1,2,1,3,2,2,1,35.0,50.0,50.0,30.0,997.0,02,02,03,2,1,3,2,3,1,1,3,01,02,02,03,03,03,02,02,02,01,02,0.0,75.0,1,2,1,4,02,2,,,02,1949.0,1,07,09,02,05,02,01,1,0.9346079230308533,1.0
923,G1S,03,02,1,1,3,1,2,3,1,2,2,3,1,02,97,6.0,7.0,02,03,,04,1,,3,3,2,2,3,2,2,15.0,60.0,30.0,25.0,25.0,2,2,1,3,2,2,3,15.0,40.0,25.0,40.0,30.0,06,05,01,3,2,1,4,3,2,4,3,98,02,98,05,04,04,02,02,04,01,97,60.0,60.0,2,3,3,3,02,3,,,04,1938.0,1,10,04,03,02,02,01,1,0.28470510244369507,1.0
924,J0P,26,01,1,2,2,1,1,2,3,2,2,3,1,03,05,5.0,2.0,01,03,,04,2,,1,1,3,1,2,1,4,0.0,0.0,80.0,997.0,50.0,1,1,1,4,1,1,2,2.0,2.0,5.0,997.0,997.0,01,03,03,2,1,1,1,4,1,4,4,03,03,03,05,03,03,02,02,03,03,03,5.0,80.0,8,3,1,1,03,2,,,06,1953.0,2,07,03,04,01,02,01,1,1.2432608604431152,1.0
925,G6J,12,04,2,2,1,3,2,1,3,3,2,1,1,99,,7.0,8.0,05,02,96,,9,,1,2,4,2,3,8,4,999.0,999.0,999.0,999.0,999.0,1,1,2,9,4,3,4,70.0,60.0,80.0,0.0,80.0,99,07,03,2,9,9,1,1,4,3,1,98,03,98,05,98,03,98,98,98,03,98,50.0,50.0,8,2,2,1,99,,9,,99,1972.0,1,07,10,01,04,02,01,1,0.33720386028289795,1.0
926,J6W,14,01,1,2,2,2,3,2,4,2,2,3,1,01,03,5.0,2.0,03,01,04,,2,,2,1,3,1,2,1,2,80.0,20.0,80.0,0.0,10.0,1,1,1,4,2,2,2,75.0,0.0,75.0,0.0,10.0,03,03,03,1,1,1,4,2,2,2,3,01,03,01,01,01,03,01,01,02,01,03,60.0,75.0,1,3,2,2,01,3,,,06,1969.0,1,09,10,02,04,02,01,1,1.3925409317016602,1.0
927,J9X,08,01,1,1,2,1,1,3,2,2,2,2,1,02,97,7.0,5.0,01,03,,05,1,,3,2,3,2,2,2,2,10.0,80.0,60.0,30.0,30.0,1,2,1,2,2,2,3,0.0,60.0,60.0,995.0,995.0,03,03,03,2,2,1,3,2,2,1,4,98,98,02,02,98,03,02,02,02,97,03,80.0,80.0,1,4,3,3,02,3,,,04,1963.0,2,10,10,02,05,02,01,1,1.8892440795898438,1.0
928,G4W,01,16,2,1,3,1,2,3,3,3,2,3,1,02,04,8.0,9.0,04,02,,04,1,,2,2,1,3,3,2,2,35.0,80.0,10.0,75.0,60.0,1,2,1,2,1,4,3,30.0,70.0,5.0,70.0,50.0,01,04,04,2,2,1,4,3,1,1,3,98,04,01,05,04,04,02,02,02,01,03,70.0,70.0,1,3,2,2,02,2,,,03,1973.0,1,09,02,02,05,02,01,1,1.9221409559249878,1.0
929,H7A,13,01,1,1,2,1,1,3,1,1,2,1,1,01,03,10.0,5.0,01,03,,03,2,,1,1,3,1,2,1,3,60.0,22.0,80.0,997.0,997.0,1,2,8,4,2,1,1,50.0,15.0,75.0,997.0,45.0,01,03,03,3,1,1,1,2,2,1,4,03,03,98,01,03,03,01,03,01,03,03,20.0,60.0,8,2,1,1,01,2,,,01,1942.0,2,07,03,03,03,02,01,2,1.1363251209259033,1.0
930,J6E,24,19,3,1,3,1,3,4,1,1,1,1,1,02,03,6.0,8.0,01,03,,05,1,,1,2,3,1,1,1,2,10.0,50.0,50.0,40.0,30.0,1,2,1,3,1,1,3,20.0,40.0,75.0,60.0,998.0,03,03,03,3,2,1,4,1,2,3,4,01,03,03,02,02,03,02,02,02,03,04,50.0,6.0,1,4,1,1,02,3,,,04,1978.0,1,05,05,02,05,02,01,1,1.6906625032424927,1.0
931,H1N,06,05,1,1,2,2,2,2,2,2,1,2,1,01,98,5.0,10.0,97,,05,,1,,4,2,2,1,1,1,2,90.0,50.0,30.0,10.0,998.0,1,1,8,4,2,4,4,60.0,10.0,5.0,5.0,22.0,01,98,01,3,3,1,4,1,4,4,4,01,01,01,01,01,01,01,01,01,01,01,50.0,50.0,2,1,1,1,01,1,,,01,1935.0,2,04,98,03,02,04,10,3,2.218165874481201,1.0
932,G1J,03,01,1,2,3,3,2,3,3,2,3,3,1,02,01,7.0,7.0,03,02,,04,1,,3,3,2,1,3,2,2,50.0,80.0,40.0,25.0,25.0,2,2,1,1,2,1,4,40.0,70.0,40.0,30.0,30.0,02,02,02,3,2,1,4,2,2,2,3,02,02,02,02,02,02,02,02,02,02,02,50.0,75.0,1,3,3,3,02,2,,,01,1957.0,1,10,10,02,04,02,01,1,0.2219046652317047,1.0
933,J2K,26,06,1,1,3,2,1,4,2,3,1,3,1,02,97,9.0,7.0,01,05,,03,2,,3,3,2,2,2,2,3,70.0,88.0,79.0,40.0,75.0,2,2,1,3,2,2,4,50.0,85.0,85.0,40.0,60.0,02,02,02,3,3,1,4,2,2,2,3,02,02,01,05,02,02,02,02,02,98,02,75.0,80.0,1,4,2,2,02,1,,,02,1987.0,1,07,09,05,04,02,01,2,4.4921369552612305,1.0
934,H7R,13,07,1,1,1,1,1,3,3,1,1,2,1,03,02,8.0,6.0,01,03,,04,1,,2,1,3,1,2,1,1,40.0,50.0,80.0,70.0,70.0,1,2,1,3,2,2,2,50.0,65.0,80.0,70.0,997.0,01,03,03,3,3,1,4,2,2,3,3,01,02,02,03,03,03,03,02,03,03,03,40.0,85.0,1,4,2,1,97,,1,03,02,1944.0,2,09,09,02,05,02,01,1,0.5535573959350586,1.0
935,J2R,26,01,1,1,3,2,2,4,1,3,2,2,1,01,03,8.0,8.0,01,02,02,,2,,3,4,2,2,2,2,1,5.0,2.0,4.0,0.0,3.0,1,2,1,4,3,1,4,5.0,3.0,4.0,0.0,2.0,01,01,03,1,1,1,8,1,1,1,1,01,01,03,01,03,03,01,01,01,01,03,0.0,5.0,8,2,2,1,01,2,,,02,1944.0,2,07,03,03,01,02,01,1,1.049834966659546,1.0
936,G1W,03,01,1,2,2,2,3,3,3,1,1,1,1,01,03,8.0,8.0,03,01,,01,2,,2,1,3,1,2,1,2,50.0,10.0,30.0,20.0,20.0,1,2,1,4,2,1,4,60.0,30.0,40.0,50.0,30.0,01,03,03,1,3,1,1,1,1,2,4,01,01,98,05,03,03,03,02,01,98,03,50.0,50.0,1,3,2,1,01,2,,,01,1939.0,2,11,10,03,03,02,01,1,0.3228451609611511,1.0
937,H7E,13,01,1,2,2,2,2,3,1,2,2,1,1,01,03,10.0,5.0,03,01,,03,2,,2,2,3,1,2,1,2,70.0,30.0,60.0,40.0,40.0,2,1,2,4,2,2,2,60.0,20.0,60.0,30.0,30.0,01,03,03,1,1,1,2,3,2,2,3,01,03,01,03,03,03,01,03,01,01,01,10.0,40.0,2,3,3,1,01,3,,,02,1941.0,2,07,07,03,04,02,01,1,0.8410736918449402,1.0
938,J5W,14,01,1,1,2,1,3,2,1,1,1,1,1,03,02,7.0,7.0,01,03,,04,1,,2,1,3,2,2,1,2,0.0,70.0,100.0,100.0,100.0,2,1,1,1,1,1,3,0.0,7.0,8.0,5.0,7.0,03,03,03,3,2,1,8,1,1,1,4,02,03,98,05,98,03,03,02,03,98,03,50.0,60.0,1,3,2,2,03,1,,,06,1972.0,2,07,10,02,04,02,01,1,0.9961626529693604,1.0
939,H1L,06,03,1,1,1,1,1,1,3,1,1,1,1,03,02,7.0,7.0,06,01,05,,2,,3,4,4,1,1,1,4,0.0,50.0,75.0,40.0,40.0,1,2,1,4,2,2,1,0.0,50.0,75.0,40.0,40.0,03,06,03,2,3,1,1,2,1,1,3,01,03,03,03,03,03,03,03,03,03,03,50.0,30.0,1,4,1,4,03,2,,,07,1953.0,2,05,04,02,05,02,01,1,0.6555481553077698,1.0
940,G1M,03,08,2,2,3,1,2,3,3,2,2,3,1,05,04,10.0,10.0,01,08,04,,2,,3,3,3,1,2,2,3,70.0,50.0,60.0,80.0,95.0,2,2,1,3,1,2,3,75.0,75.0,75.0,80.0,80.0,01,02,03,1,1,1,3,2,3,3,4,02,02,98,05,05,03,01,01,05,01,02,0.0,75.0,1,3,2,3,05,2,,,05,1973.0,2,05,03,02,03,02,01,1,0.3720875084400177,1.0
941,G1S,03,05,2,2,2,2,4,2,3,2,2,3,1,03,01,8.0,8.0,01,02,,03,2,,3,4,2,2,3,2,2,60.0,45.0,50.0,8.0,8.0,2,2,1,4,3,1,3,50.0,40.0,60.0,40.0,0.0,03,03,02,2,3,1,4,4,1,1,1,01,03,01,01,03,03,03,03,03,01,03,0.0,50.0,2,4,1,2,01,3,,,01,1968.0,1,05,02,04,05,02,04,1,0.33720386028289795,1.0
942,H2N,06,01,1,1,1,1,2,2,2,1,1,2,1,01,02,7.0,7.0,01,03,,03,2,,1,4,4,1,2,1,3,60.0,50.0,40.0,30.0,997.0,2,2,2,3,2,4,3,60.0,50.0,30.0,25.0,997.0,01,02,03,3,4,1,3,3,2,2,3,02,02,02,05,02,03,02,02,02,01,02,25.0,60.0,2,1,1,1,02,3,,,01,1949.0,2,07,01,02,01,02,08,3,1.4598954916000366,1.0
943,J3Y,16,07,4,2,2,1,1,4,4,3,1,2,1,03,01,9.0,8.0,01,02,02,,1,,3,3,3,1,2,1,3,50.0,40.0,80.0,0.0,40.0,1,2,1,3,2,2,4,30.0,35.0,80.0,5.0,20.0,02,03,03,2,3,1,4,1,1,2,4,03,02,01,02,04,03,01,02,02,03,03,70.0,70.0,2,2,1,1,03,1,,,02,1968.0,1,09,10,02,03,02,01,1,1.3925409317016602,1.0
944,G5V,32,10,1,1,2,2,2,2,2,2,2,4,1,01,03,9.0,9.0,03,01,,03,2,,1,1,3,1,2,2,2,75.0,0.0,50.0,10.0,10.0,2,1,2,4,2,3,3,80.0,20.0,50.0,30.0,10.0,01,01,01,1,1,1,1,1,1,4,4,01,01,01,01,01,01,01,01,01,01,03,0.0,90.0,2,2,1,4,01,2,,,01,1959.0,1,05,09,02,02,02,01,1,1.1068066358566284,1.0
945,G3G,03,10,2,2,3,2,3,3,1,2,3,3,1,02,04,9.0,9.0,03,01,,04,1,,3,2,2,2,3,2,2,40.0,90.0,30.0,80.0,50.0,2,1,1,3,2,3,4,45.0,80.0,30.0,85.0,75.0,02,04,04,3,2,1,4,4,2,1,4,02,02,02,05,04,02,02,02,02,02,02,100.0,60.0,1,4,4,3,02,2,,,04,1951.0,2,10,06,03,05,02,01,1,0.21248352527618408,1.0
946,G2E,03,98,2,1,2,2,2,3,2,2,3,4,1,95,,8.0,8.0,03,96,02,,2,,3,3,2,1,2,2,2,40.0,10.0,50.0,20.0,20.0,2,2,1,4,2,3,3,10.0,10.0,70.0,10.0,10.0,06,03,03,3,3,1,4,2,2,1,3,01,01,03,03,03,03,03,98,01,03,03,0.0,50.0,2,4,4,3,03,3,,,06,1984.0,1,09,01,02,05,02,01,1,0.6453179717063904,1.0
947,H4L,06,01,1,2,3,2,3,3,2,3,3,3,1,99,,6.0,5.0,01,03,03,,2,,3,3,2,2,2,2,2,80.0,40.0,60.0,20.0,60.0,2,1,8,4,2,2,3,60.0,40.0,60.0,50.0,50.0,01,01,03,3,1,3,3,2,2,2,2,01,01,01,05,03,03,01,02,01,01,01,40.0,70.0,1,2,2,3,01,2,,,01,1976.0,1,09,09,02,04,02,01,1,1.3550678491592407,1.0
948,J7T,16,06,1,1,2,1,2,1,3,1,1,2,1,01,03,9.0,6.0,01,04,03,,2,,3,2,3,2,2,2,2,80.0,30.0,60.0,0.0,60.0,2,2,1,4,2,3,2,70.0,50.0,60.0,997.0,997.0,01,01,98,3,1,3,2,3,3,2,4,01,01,01,01,01,01,01,01,01,01,01,60.0,70.0,1,4,1,3,01,1,,,01,1966.0,1,06,06,02,04,01,01,1,1.3925409317016602,1.0
949,H1X,06,10,1,1,2,2,1,2,1,2,2,2,1,99,,5.0,5.0,01,03,,04,2,,1,2,4,1,2,1,3,60.0,40.0,50.0,10.0,997.0,2,2,8,4,2,1,1,50.0,70.0,60.0,0.0,0.0,02,03,02,3,3,3,1,4,2,1,4,02,03,03,02,03,02,02,01,03,02,03,50.0,70.0,8,2,1,1,97,,2,,99,1946.0,2,07,99,03,01,02,01,1,0.5535573959350586,1.0
950,J7V,16,98,2,1,2,1,2,1,1,2,1,2,1,02,03,7.0,7.0,01,02,01,,1,,2,2,4,1,2,2,2,0.0,80.0,80.0,85.0,60.0,1,1,2,2,2,2,2,0.0,75.0,80.0,60.0,0.0,03,02,03,2,2,1,1,4,3,2,2,01,03,02,03,03,03,02,02,03,03,03,50.0,75.0,2,3,2,1,03,2,,,06,1978.0,1,05,02,02,04,02,01,1,1.3550678491592407,1.0
951,G6V,12,98,1,2,3,2,3,4,3,3,2,3,1,03,01,7.0,7.0,01,03,03,,2,,1,1,4,1,3,1,2,80.0,0.0,60.0,0.0,0.0,1,1,2,4,2,3,1,90.0,20.0,80.0,10.0,0.0,01,03,03,3,1,1,4,2,2,2,2,01,01,03,01,03,03,01,01,02,03,03,0.0,100.0,2,2,1,2,03,3,,,02,1949.0,1,05,03,02,03,02,01,1,0.18738064169883728,1.0
952,J0T,25,08,1,1,1,1,1,2,1,1,2,1,1,02,05,5.0,5.0,02,03,,05,1,,2,2,3,1,2,1,2,40.0,75.0,40.0,40.0,50.0,1,2,1,3,2,1,3,30.0,75.0,30.0,35.0,997.0,02,02,03,2,2,1,4,3,3,3,4,02,02,02,02,02,02,02,02,02,02,02,60.0,50.0,2,4,1,1,02,2,,,98,1954.0,2,08,01,04,05,02,01,1,1.2432608604431152,1.0
953,G1C,03,16,2,1,2,2,2,3,3,2,2,1,1,03,97,6.0,5.0,01,03,,04,2,,3,3,2,2,2,1,2,40.0,40.0,60.0,30.0,30.0,2,2,1,4,2,2,3,50.0,40.0,70.0,998.0,998.0,01,03,03,3,4,1,8,3,2,2,3,03,03,03,03,03,03,03,02,03,03,03,50.0,60.0,1,4,2,1,03,3,,,04,1970.0,2,09,03,02,04,02,01,1,0.38237690925598145,1.0
954,H1Y,06,99,1,1,4,2,1,1,1,4,4,1,2,,,9.0,10.0,01,02,03,,2,,1,2,4,1,2,1,4,80.0,50.0,70.0,40.0,60.0,2,2,8,3,1,2,4,80.0,40.0,75.0,997.0,997.0,01,03,01,3,1,2,4,4,4,1,4,01,01,01,01,01,01,01,01,01,01,01,40.0,100.0,2,1,1,1,01,2,,,01,1949.0,2,05,02,02,02,02,10,3,1.4598954916000366,1.0
955,G1W,03,06,1,1,1,1,1,1,1,1,1,1,1,03,02,10.0,10.0,08,03,,05,1,,1,1,4,1,2,1,3,50.0,80.0,80.0,50.0,80.0,1,2,1,1,2,2,3,60.0,70.0,85.0,60.0,60.0,03,03,03,1,2,1,1,2,3,3,3,96,02,02,02,02,03,02,02,98,96,03,40.0,60.0,1,3,2,2,02,2,,,06,1961.0,2,10,08,02,04,02,04,1,0.25163137912750244,1.0
956,G1X,03,05,2,2,2,3,2,3,2,1,2,8,1,02,03,9.0,5.0,03,01,,04,1,,1,1,3,2,2,1,2,55.0,50.0,70.0,30.0,25.0,2,2,2,2,2,2,4,55.0,50.0,70.0,20.0,75.0,01,03,03,3,2,1,4,3,2,3,2,01,02,03,05,97,02,02,02,97,97,02,50.0,60.0,1,3,2,1,02,2,,,04,1975.0,1,10,98,02,05,02,01,1,0.3281298279762268,1.0
957,G5R,01,02,2,1,3,1,2,3,4,3,2,2,1,05,04,5.0,8.0,02,03,04,,2,,4,3,2,2,3,2,2,40.0,30.0,20.0,20.0,50.0,2,1,1,4,2,3,3,20.0,20.0,60.0,40.0,60.0,01,01,03,3,1,1,3,2,1,2,2,03,01,01,05,05,01,01,01,03,03,03,20.0,40.0,2,4,1,3,01,2,,,02,1941.0,1,09,03,03,01,02,01,1,1.6677639484405518,1.0
958,G1S,03,10,2,2,3,2,1,3,2,1,2,4,1,02,01,8.0,7.0,08,01,,03,1,,2,2,2,1,3,1,2,70.0,80.0,50.0,997.0,70.0,1,1,1,2,2,1,3,70.0,90.0,70.0,50.0,60.0,02,02,02,2,3,1,3,2,2,2,4,01,02,02,05,02,02,02,02,02,02,02,40.0,70.0,1,2,1,3,02,2,,,04,1958.0,2,06,04,02,04,02,01,1,0.25163137912750244,1.0
959,G7A,12,01,1,1,2,2,3,3,3,2,1,2,1,03,01,8.0,7.0,03,01,03,,2,,3,2,3,2,2,2,2,50.0,50.0,70.0,0.0,30.0,1,2,1,4,2,3,3,50.0,60.0,70.0,10.0,997.0,03,03,03,3,1,3,3,1,1,3,4,03,01,01,03,01,03,02,02,03,03,03,40.0,80.0,1,4,2,2,03,2,,,02,1973.0,1,07,05,02,04,02,01,1,0.3281298279762268,1.0
960,G1W,03,98,1,1,1,1,2,1,2,1,2,1,1,03,05,7.0,5.0,01,03,03,,2,,1,1,4,1,2,1,3,2.0,3.0,80.0,50.0,50.0,1,2,1,3,2,2,3,2.0,3.0,85.0,25.0,40.0,03,03,03,2,3,1,1,2,3,2,3,03,03,03,03,03,03,03,03,03,03,03,20.0,60.0,2,3,1,1,03,2,,,02,1948.0,2,07,08,03,04,02,01,1,0.21248352527618408,1.0
961,J6K,16,98,1,1,3,1,8,1,8,1,1,8,1,99,,5.0,5.0,01,07,,01,2,,1,1,3,1,2,1,3,50.0,40.0,40.0,997.0,60.0,2,8,8,4,8,1,3,30.0,30.0,40.0,997.0,997.0,07,98,06,3,1,3,2,2,2,2,4,98,98,98,98,98,98,02,02,98,98,98,20.0,998.0,2,1,1,2,99,,1,99,99,1930.0,2,05,99,03,05,96,11,6,2.218165874481201,1.0
962,H2C,06,06,1,1,2,1,2,2,2,1,1,1,1,99,,8.0,7.0,03,02,02,,1,,1,1,3,1,1,1,3,10.0,70.0,60.0,40.0,25.0,1,2,1,2,2,1,2,0.0,60.0,60.0,45.0,10.0,06,02,03,3,3,1,4,2,2,2,4,02,02,02,02,02,03,02,02,02,02,03,70.0,60.0,1,3,2,2,02,2,,,99,1956.0,2,09,10,02,05,02,01,1,0.6555481553077698,1.0
963,J3T,17,01,1,1,2,1,2,4,4,1,1,4,1,02,03,0.0,5.0,01,03,,04,2,,2,2,2,3,3,2,2,50.0,50.0,50.0,997.0,997.0,2,1,1,4,2,4,1,50.0,50.0,75.0,25.0,997.0,01,07,03,3,4,3,4,4,1,1,4,01,01,01,01,03,03,01,02,98,01,03,75.0,50.0,1,4,1,3,97,,2,,04,1947.0,2,07,99,03,04,02,01,1,0.7705016136169434,1.0
964,J8P,07,01,1,1,2,2,3,2,3,2,2,3,1,01,03,8.0,6.0,03,01,,03,1,,2,2,3,2,2,1,2,80.0,60.0,80.0,70.0,997.0,1,2,1,3,2,2,2,80.0,60.0,70.0,997.0,997.0,01,03,01,3,3,1,2,2,2,2,3,01,03,03,03,03,03,01,01,01,03,03,60.0,70.0,8,2,1,3,01,2,,,01,1949.0,1,10,05,02,01,02,01,1,0.9654632806777954,1.0
965,J5W,14,04,1,1,1,2,1,2,2,1,1,4,1,03,01,7.0,7.0,03,02,,04,2,,1,1,3,1,2,1,3,50.0,50.0,70.0,10.0,0.0,1,2,1,4,2,3,2,40.0,30.0,75.0,20.0,0.0,03,03,03,2,1,1,2,1,3,2,4,03,03,03,03,03,03,03,02,03,03,03,20.0,70.0,2,2,1,2,03,2,,,02,1943.0,1,05,07,01,03,02,01,1,0.7738205194473267,1.0
966,G1X,03,01,1,2,3,2,1,2,3,3,3,3,1,03,01,10.0,10.0,01,04,03,,2,,4,2,2,1,2,2,1,80.0,60.0,95.0,20.0,20.0,1,2,1,3,1,2,3,80.0,80.0,95.0,20.0,20.0,01,03,02,1,1,1,2,1,2,2,3,03,02,01,05,02,03,03,02,03,01,03,10.0,99.0,2,3,3,3,03,1,,,02,1980.0,1,09,02,05,05,02,01,1,0.3281298279762268,1.0
967,G1C,03,01,2,1,3,1,1,4,3,1,1,4,2,,,5.0,4.0,01,07,04,,2,,4,1,4,1,3,2,2,0.0,0.0,0.0,0.0,0.0,1,1,2,4,4,1,1,4.0,43.0,4.0,5.0,997.0,01,03,03,2,1,1,4,2,3,1,2,01,97,97,98,97,01,01,01,97,01,97,0.0,10.0,1,4,2,4,97,,2,,06,1965.0,1,05,03,01,05,02,04,1,0.33720386028289795,1.0
968,G1P,03,96,1,1,2,2,1,2,2,4,1,1,1,03,01,9.0,8.0,01,02,02,,2,,1,1,3,1,2,1,2,70.0,40.0,80.0,10.0,60.0,1,2,1,4,1,2,3,40.0,50.0,90.0,5.0,5.0,01,03,03,2,1,1,3,1,3,1,4,03,03,03,03,02,03,03,03,03,03,03,60.0,90.0,1,4,2,1,03,2,,,02,1980.0,1,06,04,02,04,02,01,1,0.3281298279762268,1.0
969,H2E,06,98,1,4,4,1,1,3,3,8,3,1,1,99,,7.0,4.0,03,01,,05,8,8,1,1,4,1,1,1,1,999.0,999.0,999.0,999.0,999.0,2,2,8,9,2,2,3,999.0,999.0,999.0,999.0,999.0,06,06,03,2,9,1,4,4,2,3,3,98,03,98,01,03,03,98,03,98,98,98,60.0,50.0,1,4,2,1,97,,1,98,99,1957.0,2,10,99,02,05,02,01,1,0.6555481553077698,1.0
970,G4Z,09,01,1,1,1,1,1,1,1,1,1,2,2,,,6.0,4.0,01,06,01,,8,8,1,2,3,1,1,1,3,0.0,2.0,3.0,997.0,997.0,1,2,8,8,1,1,1,4.0,6.0,8.0,997.0,997.0,03,03,03,2,4,1,4,4,4,2,3,02,02,02,02,02,02,02,02,02,02,02,50.0,40.0,2,2,1,3,02,2,,,06,1957.0,2,04,01,04,04,02,01,1,1.022304654121399,1.0
971,G0C,11,16,1,1,1,2,2,2,3,1,1,2,1,03,01,10.0,10.0,01,03,03,,2,,2,1,3,1,2,1,2,25.0,10.0,90.0,80.0,50.0,1,2,1,3,2,2,4,30.0,10.0,99.0,80.0,70.0,03,03,03,2,1,1,2,3,1,3,4,03,03,03,03,03,03,03,03,03,03,03,30.0,70.0,1,3,1,2,03,1,,,02,1942.0,2,09,05,03,04,02,01,1,1.3116263151168823,1.0
972,J3P,26,96,1,2,2,2,1,1,4,2,2,3,1,01,03,5.0,5.0,01,03,,03,8,8,1,1,3,1,2,2,3,50.0,20.0,60.0,997.0,997.0,2,1,2,3,2,2,2,50.0,30.0,995.0,997.0,997.0,03,03,03,3,1,3,2,2,3,4,3,03,03,03,03,03,03,03,03,03,03,03,70.0,75.0,2,2,1,1,03,3,,,04,1947.0,2,04,05,02,03,02,01,1,1.049834966659546,1.0
973,J7M,15,16,1,1,4,1,2,3,1,3,2,2,1,03,01,7.0,8.0,04,03,03,,2,,4,3,2,1,3,1,3,75.0,60.0,80.0,10.0,60.0,1,2,1,2,2,2,3,70.0,50.0,80.0,30.0,50.0,03,05,02,3,3,1,4,1,1,1,2,03,02,01,05,04,03,03,02,03,02,03,50.0,50.0,1,4,2,2,02,3,,,04,1984.0,1,09,07,09,05,02,01,1,2.664950370788574,1.0
974,J0R,15,08,1,2,1,1,2,2,1,1,2,1,1,01,03,8.0,6.0,01,03,02,,2,,2,3,3,1,2,2,2,80.0,10.0,50.0,20.0,40.0,1,2,1,4,2,1,4,40.0,10.0,60.0,20.0,25.0,01,03,03,3,1,1,1,1,2,1,4,01,03,01,01,03,03,01,01,03,01,01,50.0,40.0,1,1,1,2,01,2,,,01,1935.0,2,04,03,03,05,96,01,2,1.1363251209259033,1.0
975,J0E,26,98,1,1,1,1,2,2,2,1,1,1,1,03,97,5.0,0.0,07,02,,05,1,,2,2,3,1,1,1,2,30.0,40.0,50.0,998.0,40.0,1,2,1,3,1,3,2,0.0,30.0,50.0,10.0,10.0,98,98,98,3,2,3,1,2,1,2,2,98,98,98,98,98,98,03,03,98,98,98,30.0,80.0,2,1,1,1,03,2,,,06,1968.0,1,04,03,02,05,02,01,1,1.7374107837677002,1.0
976,H7L,13,96,2,2,3,3,3,4,2,4,3,4,1,02,97,1.0,9.0,03,01,,04,1,,1,2,4,2,2,1,3,40.0,50.0,65.0,70.0,70.0,1,1,1,3,2,2,2,0.0,50.0,60.0,75.0,60.0,03,04,04,3,2,1,4,1,1,4,4,03,02,01,05,04,03,03,02,01,03,03,25.0,25.0,1,2,3,3,02,3,,,04,1978.0,2,09,04,01,05,02,01,1,0.9693608283996582,1.0
977,G9B,04,07,2,2,4,2,4,3,4,2,1,4,1,03,05,7.0,4.0,01,02,02,,2,,2,1,4,1,2,1,3,20.0,40.0,50.0,30.0,50.0,2,1,1,4,2,2,3,20.0,50.0,50.0,40.0,40.0,02,06,03,3,4,1,3,1,2,3,1,03,02,98,02,03,03,03,02,03,03,03,60.0,60.0,1,3,1,1,03,3,,,03,1975.0,2,09,06,02,05,02,01,1,1.3492573499679565,1.0
978,G0T,33,96,1,1,1,1,2,2,3,1,1,3,2,,,8.0,4.0,01,02,02,,2,,2,1,3,1,2,2,2,20.0,60.0,60.0,20.0,10.0,2,1,1,3,2,2,2,30.0,60.0,70.0,40.0,997.0,02,03,03,3,4,1,2,1,3,3,3,03,02,03,02,03,03,02,02,98,02,03,0.0,90.0,1,3,2,2,98,,1,03,02,1964.0,2,07,07,06,04,02,01,1,1.3865697383880615,1.0
979,H2R,06,96,1,2,2,2,4,2,1,2,1,4,1,02,04,8.0,7.0,01,03,,04,1,,3,2,3,1,2,2,1,30.0,70.0,20.0,80.0,60.0,1,2,1,1,2,2,2,10.0,40.0,70.0,90.0,997.0,03,04,04,3,2,1,4,4,1,1,4,02,02,02,05,04,04,02,02,04,02,04,50.0,40.0,1,4,4,3,02,2,,,04,1975.0,2,09,07,06,05,02,01,1,0.9693608283996582,1.0
980,H2V,06,01,1,1,1,2,1,2,1,1,1,2,1,02,05,9.0,8.0,03,02,02,,1,,2,1,4,1,2,2,2,20.0,80.0,4.0,50.0,70.0,1,2,1,3,2,2,2,40.0,80.0,20.0,50.0,60.0,02,02,03,2,2,3,4,3,2,2,4,02,02,02,02,02,02,02,02,02,02,02,80.0,50.0,1,3,3,2,02,2,,,04,1948.0,2,07,10,02,05,02,01,1,0.5535573959350586,1.0
981,H1G,06,01,1,2,1,2,2,1,1,1,1,1,1,03,02,8.0,8.0,01,97,,04,1,,2,3,2,1,3,2,2,50.0,60.0,40.0,40.0,10.0,1,1,1,2,2,2,2,50.0,50.0,90.0,50.0,50.0,03,03,03,3,3,2,2,4,2,2,3,02,02,02,02,02,02,02,02,02,02,02,50.0,50.0,1,3,2,2,02,2,,,98,1954.0,2,02,01,02,03,02,01,1,0.6555481553077698,1.0
982,J0Y,08,98,2,2,2,2,2,2,2,2,2,2,2,,,0.0,0.0,01,02,,05,1,,1,1,4,1,3,2,1,50.0,50.0,75.0,25.0,40.0,1,1,2,4,2,1,1,75.0,25.0,100.0,50.0,40.0,03,03,01,3,4,3,1,4,1,3,3,98,98,98,98,02,03,02,02,98,98,02,25.0,50.0,1,4,1,1,05,3,,,06,1974.0,2,05,01,06,05,02,01,1,1.8384100198745728,1.0
983,G4X,11,10,1,1,1,3,1,4,1,1,1,1,1,02,95,9.0,8.0,09,01,01,,1,,2,2,3,1,3,1,1,0.0,90.0,75.0,85.0,20.0,1,1,2,4,1,1,3,0.0,95.0,80.0,85.0,20.0,02,02,03,1,2,1,4,4,2,4,4,02,02,98,02,02,02,02,02,02,02,02,90.0,75.0,1,2,1,2,02,1,,,04,1939.0,2,06,99,03,01,02,01,1,1.3116263151168823,1.0
984,G8T,04,96,1,1,1,1,2,1,1,1,1,1,1,99,,10.0,7.0,04,03,04,,2,,3,4,3,1,8,2,1,100.0,0.0,50.0,0.0,0.0,2,1,1,4,1,1,2,100.0,0.0,75.0,60.0,998.0,01,01,01,1,1,1,1,1,2,1,1,01,01,01,01,01,01,01,01,01,01,01,40.0,100.0,2,1,1,1,01,2,,,02,1935.0,1,05,99,03,01,02,01,1,1.4200392961502075,1.0
985,G6Z,12,04,2,2,3,3,2,2,1,3,2,3,1,01,03,8.0,7.0,01,04,03,,2,,4,3,2,1,2,2,2,75.0,5.0,50.0,5.0,10.0,1,2,1,4,2,2,4,75.0,20.0,50.0,10.0,10.0,01,04,03,3,1,3,3,2,2,2,2,01,01,01,05,04,03,01,01,03,01,01,5.0,95.0,1,4,2,2,01,1,,,02,1970.0,2,10,10,05,05,02,01,1,0.38237690925598145,1.0
986,H2K,06,08,2,8,8,1,2,1,1,2,8,2,2,,,5.0,8.0,01,03,01,,2,,2,1,2,2,2,1,2,50.0,50.0,50.0,3.0,3.0,1,1,2,3,1,1,3,50.0,50.0,60.0,3.0,997.0,98,03,03,2,3,1,3,2,2,3,2,98,98,01,98,98,98,98,98,98,98,98,50.0,50.0,2,8,2,2,99,,8,,98,1950.0,1,05,03,02,04,02,01,1,0.7738205194473267,1.0
987,G9C,04,01,1,2,1,1,3,4,3,1,1,1,1,05,04,8.0,8.0,03,02,,04,2,,1,1,4,1,1,1,4,30.0,30.0,40.0,20.0,20.0,1,2,1,4,2,1,1,10.0,20.0,30.0,100.0,997.0,03,06,04,2,4,1,4,1,1,1,4,03,03,02,05,04,04,03,03,03,03,04,100.0,100.0,2,4,4,1,04,1,,,04,1963.0,2,09,06,06,05,02,01,1,1.3865697383880615,1.0
988,J4H,16,96,2,4,1,3,1,3,1,1,2,1,1,02,04,10.0,8.0,03,01,,04,1,,2,2,3,2,2,2,3,20.0,60.0,40.0,80.0,10.0,1,2,1,2,2,4,3,20.0,50.0,40.0,50.0,0.0,04,04,03,3,2,1,4,4,1,2,1,04,04,04,05,04,04,02,02,02,01,04,80.0,40.0,1,4,4,2,02,2,,,04,1939.0,1,10,06,03,05,02,01,1,1.1757395267486572,1.0
989,J3R,26,01,1,1,2,1,1,2,3,1,1,2,1,02,01,7.0,5.0,03,01,,04,3,,2,2,2,1,2,2,2,20.0,70.0,50.0,997.0,997.0,8,1,1,3,2,1,3,0.0,70.0,70.0,0.0,995.0,03,03,02,2,3,1,3,2,2,3,4,02,03,02,03,02,03,02,02,02,03,02,70.0,60.0,2,2,1,1,02,2,,,04,1955.0,2,05,03,02,05,02,01,1,1.2432608604431152,1.0
990,H1X,06,98,1,3,3,2,1,3,1,1,1,2,1,99,,5.0,4.0,01,97,01,,2,,3,2,4,1,3,1,4,75.0,25.0,20.0,997.0,50.0,2,2,1,3,2,2,1,90.0,75.0,50.0,997.0,997.0,01,01,03,3,4,1,4,1,2,2,4,01,01,01,01,03,03,01,01,01,01,01,0.0,0.0,1,1,1,1,97,,1,01,01,1935.0,2,07,01,03,05,01,01,1,0.8410736918449402,1.0
991,J0Z,08,01,1,2,2,3,2,3,2,2,1,3,1,03,02,4.0,4.0,01,02,02,,1,,1,1,4,1,2,1,3,20.0,50.0,10.0,15.0,10.0,1,2,1,2,1,1,1,10.0,50.0,40.0,5.0,5.0,03,03,03,2,3,1,1,1,1,3,1,03,02,02,05,03,03,01,01,02,01,03,40.0,60.0,1,2,1,2,01,3,,,01,1960.0,1,04,04,02,04,02,01,1,1.1433428525924683,1.0
992,G2E,03,12,1,1,1,3,2,4,2,2,1,1,1,03,01,0.0,7.0,01,03,,03,2,,1,1,4,1,1,1,3,75.0,0.0,100.0,0.0,0.0,1,1,2,4,2,1,2,75.0,0.0,100.0,997.0,100.0,03,03,03,2,4,3,1,1,1,3,3,03,03,98,98,03,03,03,03,03,03,03,0.0,50.0,2,1,1,1,03,3,,,02,1958.0,1,05,08,02,02,02,01,1,0.2219046652317047,1.0
993,J2G,26,98,2,1,2,1,3,4,1,1,1,1,1,02,03,5.0,2.0,01,02,01,,1,,1,1,4,1,2,1,4,0.0,95.0,80.0,50.0,0.0,1,2,2,4,2,8,1,50.0,60.0,85.0,0.0,0.0,03,03,03,2,4,1,1,1,4,1,4,01,03,02,03,03,03,02,02,03,01,03,0.0,80.0,1,4,2,4,05,2,,,02,1959.0,1,04,02,02,05,02,04,1,1.1433428525924683,1.0
994,G3E,03,08,2,2,2,1,2,3,2,2,2,4,1,02,03,7.0,3.0,03,01,,03,1,,1,1,4,1,2,1,3,42.0,80.0,60.0,50.0,997.0,1,2,2,2,1,2,3,5.0,80.0,90.0,998.0,997.0,02,03,03,3,3,1,1,1,1,2,3,03,02,03,02,02,01,02,02,02,02,01,50.0,95.0,1,1,2,3,02,2,,,04,1965.0,2,06,09,02,04,02,04,1,0.38237690925598145,1.0
995,G6J,12,96,2,2,2,2,1,2,1,2,1,2,1,01,03,8.0,7.0,03,01,,04,2,,2,2,2,2,2,2,1,75.0,50.0,60.0,25.0,50.0,1,2,1,4,1,1,4,75.0,50.0,70.0,25.0,10.0,01,07,03,3,1,1,4,2,2,2,3,01,01,01,01,01,01,01,03,03,01,02,70.0,70.0,2,2,2,1,01,2,,,02,1947.0,1,09,07,02,03,02,01,1,0.18738064169883728,1.0
996,J4G,16,08,1,1,2,1,2,3,3,2,2,1,1,99,,9.0,5.0,03,01,02,,1,,2,2,4,1,2,1,4,0.0,75.0,90.0,30.0,50.0,1,2,1,2,1,3,3,0.0,10.0,80.0,997.0,997.0,03,03,98,3,4,1,3,2,2,2,3,03,03,03,03,03,03,03,03,03,03,03,50.0,90.0,1,3,2,1,03,2,,,03,1969.0,1,07,05,02,04,02,01,1,1.3925409317016602,1.0
997,G1S,03,98,1,1,2,3,2,3,2,2,8,2,1,01,97,9.0,5.0,01,03,03,,1,,3,3,8,2,3,2,1,60.0,60.0,40.0,70.0,70.0,8,8,8,2,2,1,3,80.0,80.0,80.0,65.0,997.0,01,98,98,1,3,1,8,1,1,1,2,01,01,01,05,04,03,02,02,01,01,01,50.0,80.0,1,1,2,3,01,2,,,01,1934.0,2,09,06,03,01,02,01,1,0.3228451609611511,1.0
998,J1T,05,08,2,1,2,1,2,2,2,2,1,1,1,02,03,8.0,7.0,01,03,02,,1,,2,2,3,1,2,2,3,40.0,85.0,75.0,85.0,90.0,1,2,1,3,1,1,3,10.0,75.0,60.0,997.0,20.0,02,02,03,3,3,1,2,3,1,3,4,02,03,02,05,03,03,02,02,01,02,02,50.0,70.0,2,3,2,2,02,2,,,04,1975.0,2,07,03,02,05,02,01,1,1.3492573499679565,1.0
999,G1C,03,08,2,2,3,1,2,3,2,3,2,3,1,05,03,10.0,9.0,03,01,02,,1,,1,2,2,3,2,1,2,0.0,75.0,80.0,70.0,80.0,1,2,1,3,2,1,4,0.0,50.0,75.0,65.0,75.0,03,05,04,3,2,1,4,2,2,1,4,04,03,03,05,04,03,02,02,02,03,04,50.0,50.0,1,4,1,2,02,3,,,04,1968.0,1,07,06,02,05,02,01,1,0.33720386028289795,1.0
1000,G4V,11,01,1,1,2,1,2,8,1,1,1,8,1,02,97,7.0,5.0,01,97,02,,1,,1,1,3,1,2,1,3,5.0,25.0,997.0,997.0,997.0,1,8,8,8,1,2,2,998.0,75.0,50.0,995.0,995.0,06,06,06,2,3,1,2,2,2,8,2,02,02,02,02,02,02,02,02,02,02,02,998.0,998.0,8,2,2,2,02,2,,,04,1952.0,2,04,01,04,05,02,01,1,0.8632587194442749,1.0
1001,J3A,26,08,1,2,3,1,2,3,2,2,1,4,1,03,01,8.0,5.0,03,01,,02,2,,3,1,3,2,2,2,2,75.0,40.0,70.0,15.0,60.0,1,2,1,4,2,1,1,75.0,70.0,60.0,70.0,998.0,01,04,03,3,1,1,1,1,1,2,4,01,01,03,05,03,02,02,02,03,01,01,0.0,80.0,1,3,1,2,97,,1,01,01,1982.0,1,08,03,05,05,02,01,1,1.6906625032424927,1.0
1002,J3Y,16,98,1,1,4,1,4,4,2,1,1,4,1,01,97,5.0,4.0,01,02,03,,2,,1,1,3,1,1,1,3,40.0,5.0,5.0,5.0,20.0,2,2,2,3,2,1,1,0.0,20.0,20.0,997.0,997.0,98,06,06,3,4,3,4,1,2,1,4,98,98,01,03,98,01,98,98,01,01,98,40.0,25.0,1,2,1,3,01,2,,,01,1975.0,2,05,05,02,02,96,01,1,0.9693608283996582,1.0
1003,H9K,06,06,2,1,2,1,3,3,1,1,2,3,1,02,04,9.0,8.0,01,03,01,,1,,3,2,3,2,2,2,3,30.0,85.0,50.0,90.0,80.0,2,2,1,3,2,2,3,20.0,80.0,40.0,90.0,75.0,04,04,03,3,2,1,4,4,2,2,3,04,02,02,05,02,03,02,02,02,02,02,75.0,60.0,1,3,2,3,02,2,,,04,1984.0,2,08,02,09,05,02,01,1,1.9063955545425415,1.0
1004,H7V,13,16,2,1,2,3,2,3,2,3,3,2,1,02,03,7.0,9.0,03,04,02,,1,,2,1,3,1,2,1,3,30.0,60.0,20.0,0.0,998.0,1,1,2,3,2,3,2,10.0,50.0,50.0,0.0,997.0,06,98,03,2,2,1,2,4,3,2,3,98,02,98,05,04,02,02,02,03,02,03,70.0,60.0,1,3,2,1,02,2,,,04,1941.0,1,07,04,03,05,02,01,1,1.4374099969863892,2.0
1005,G6Z,12,01,1,2,3,2,2,2,3,3,2,4,1,01,03,9.0,8.0,01,03,,04,2,,4,4,2,2,2,2,1,80.0,30.0,50.0,997.0,997.0,2,1,2,4,3,2,3,80.0,70.0,40.0,20.0,997.0,01,01,02,1,1,1,4,4,2,1,2,01,01,01,02,02,03,01,02,03,03,03,10.0,80.0,1,4,3,1,01,2,,,02,1950.0,1,09,10,02,05,02,01,1,0.15640604496002197,2.0
1006,J9J,07,01,1,1,3,3,1,1,2,3,3,3,1,01,03,10.0,7.0,03,02,,02,2,,3,2,2,1,1,2,8,90.0,10.0,75.0,997.0,997.0,1,2,1,4,8,8,3,75.0,25.0,90.0,997.0,998.0,03,03,03,1,1,1,1,2,2,2,3,01,03,01,01,01,03,01,02,01,01,01,75.0,998.0,2,3,2,1,01,2,,,02,1953.0,2,07,10,03,04,02,01,1,1.5618207454681396,2.0
1007,J4W,16,98,2,2,3,2,2,2,3,2,2,2,2,,,7.0,7.0,01,03,,02,2,,2,2,3,1,2,1,3,75.0,50.0,998.0,997.0,50.0,2,8,1,4,2,8,2,75.0,998.0,50.0,997.0,50.0,07,98,98,8,1,8,8,2,2,2,3,98,01,98,98,98,98,02,98,98,98,98,75.0,85.0,1,2,2,4,01,3,,,01,1971.0,2,09,99,06,04,01,12,7,0.9353222250938416,2.0
1008,H4M,06,06,1,1,1,2,8,2,8,1,2,2,2,,,2.0,0.0,01,03,05,,9,,1,1,4,1,1,1,2,999.0,999.0,999.0,0.0,7.0,2,2,1,9,8,3,2,998.0,998.0,998.0,997.0,997.0,06,06,98,8,9,9,8,2,2,2,3,98,98,98,98,98,98,98,98,98,98,98,998.0,5.0,8,2,3,4,97,,2,,99,1984.0,2,08,99,09,01,01,12,2,0.7222163677215576,2.0
1009,J6W,14,10,1,2,2,2,2,2,3,2,2,2,1,01,03,2.0,2.0,01,02,04,,2,,2,2,3,1,1,1,2,65.0,0.0,35.0,0.0,0.0,2,1,8,4,3,3,2,65.0,10.0,35.0,997.0,997.0,01,01,01,3,1,3,3,2,2,3,2,01,01,01,01,01,01,01,01,01,01,01,50.0,75.0,1,4,2,1,01,2,,,01,1964.0,2,05,99,02,05,01,01,2,0.9353222250938416,2.0
1010,G8H,02,98,2,2,2,2,2,2,2,2,2,2,1,99,99,5.0,8.0,01,06,,04,1,,4,3,3,8,2,2,3,0.0,50.0,50.0,30.0,997.0,1,8,8,3,2,2,2,999.0,30.0,50.0,997.0,997.0,03,03,03,3,3,1,8,2,8,2,3,98,98,98,05,98,03,02,02,98,98,98,75.0,999.0,2,2,2,2,04,3,,,04,1958.0,2,05,05,02,02,02,01,1,1.131169080734253,2.0
1011,G2N,17,98,1,2,4,1,3,1,2,1,1,4,1,03,97,0.0,0.0,01,03,,04,2,,4,1,4,1,2,1,3,999.0,999.0,999.0,998.0,997.0,2,2,2,4,2,2,1,998.0,998.0,998.0,997.0,997.0,03,03,03,2,3,1,1,3,3,3,3,03,03,03,03,03,03,03,03,03,03,03,998.0,999.0,8,2,1,1,03,3,,,99,1936.0,2,05,01,11,01,02,01,1,1.1933574676513672,2.0
1012,J3A,26,01,1,2,8,2,3,2,2,3,1,1,1,02,97,5.0,5.0,01,03,02,,1,,2,2,3,2,2,2,2,50.0,80.0,40.0,20.0,997.0,1,8,1,4,2,2,3,40.0,30.0,35.0,20.0,998.0,98,03,03,2,3,1,8,8,2,2,1,02,98,98,98,02,03,02,02,98,98,03,80.0,50.0,8,8,2,1,02,2,,,04,1942.0,2,09,04,11,04,02,01,1,1.2277785539627075,2.0
1013,H1B,06,01,1,2,3,1,2,1,2,1,2,4,1,01,03,9.0,2.0,01,02,04,,2,,2,1,3,1,1,1,3,7.0,0.0,6.0,0.0,3.0,1,2,1,4,3,1,2,6.0,3.0,8.0,997.0,4.0,03,03,03,1,1,8,2,1,2,1,2,01,01,01,98,03,03,01,03,01,98,01,0.0,7.0,1,2,1,3,01,3,,,01,1955.0,2,06,10,02,05,01,01,2,0.6404670476913452,2.0
1014,G8Y,04,16,2,2,3,3,3,3,3,2,1,1,1,03,97,10.0,8.0,01,03,,04,2,,1,2,3,1,1,1,2,60.0,3.0,95.0,6.0,12.0,1,8,8,4,2,8,4,60.0,3.0,100.0,6.0,12.0,03,03,03,3,1,1,4,1,8,8,2,03,03,03,05,03,03,03,03,03,03,03,25.0,75.0,2,8,2,1,03,2,,,02,1972.0,1,07,10,02,03,02,01,1,3.0237174034118652,2.0
1015,H4B,06,01,1,1,1,2,4,1,4,2,3,2,1,01,05,8.0,8.0,02,03,04,,2,,4,3,3,2,2,8,1,85.0,60.0,35.0,997.0,65.0,2,8,1,4,2,8,3,75.0,60.0,25.0,998.0,998.0,01,01,98,3,1,3,8,3,3,4,2,01,02,01,05,02,01,01,02,01,01,05,35.0,85.0,1,4,4,2,01,2,,,01,1948.0,2,10,10,02,05,01,01,7,0.22144199907779694,2.0
1016,G9C,04,01,1,2,2,1,1,2,3,2,3,1,1,99,99,8.0,7.0,03,01,,04,2,,1,1,2,1,2,8,2,10.0,50.0,50.0,998.0,998.0,1,2,8,4,8,1,3,20.0,50.0,50.0,997.0,997.0,98,98,02,3,4,1,8,3,2,2,4,98,98,98,05,98,98,98,02,98,98,98,999.0,80.0,9,8,8,2,97,,9,,99,1949.0,2,06,99,11,04,02,01,1,0.5248628258705139,2.0
1017,H1Y,06,98,1,1,1,1,1,3,1,1,1,3,1,02,01,7.0,8.0,01,07,,05,1,,3,2,3,2,3,2,2,7.0,8.0,4.0,3.0,5.0,1,2,1,2,3,2,3,6.0,7.0,4.0,998.0,997.0,02,02,98,1,2,1,3,2,2,2,3,02,02,98,05,02,02,02,02,02,01,02,80.0,60.0,1,4,2,3,02,1,,,04,1977.0,2,10,05,09,05,02,01,1,0.926587700843811,2.0
1018,H4L,06,05,1,1,3,2,2,3,1,2,2,1,1,02,04,10.0,10.0,03,01,,05,1,,2,3,2,2,2,2,2,40.0,80.0,10.0,60.0,50.0,2,2,1,2,3,1,3,10.0,90.0,10.0,40.0,50.0,02,02,02,2,2,1,4,4,2,2,3,02,02,02,02,02,02,02,02,02,02,02,100.0,30.0,2,3,2,2,02,2,,,04,1946.0,2,09,08,03,03,02,01,1,0.40793442726135254,2.0
1019,G0X,04,03,2,2,2,1,3,3,4,2,2,2,1,05,04,10.0,5.0,01,02,02,,8,1,2,2,4,1,1,1,3,50.0,30.0,40.0,60.0,70.0,8,2,1,8,2,2,2,70.0,10.0,40.0,70.0,997.0,01,04,04,8,4,1,8,8,2,3,4,98,98,98,05,04,04,04,98,01,98,04,20.0,70.0,1,9,2,1,05,2,,,98,1957.0,2,08,99,02,05,02,10,1,1.5180344581604004,2.0
1020,H7P,13,03,2,1,3,3,1,1,4,2,1,8,1,03,02,7.0,1.0,01,02,02,,2,,1,1,4,1,1,1,4,0.0,80.0,100.0,0.0,0.0,1,2,1,4,2,3,1,0.0,0.0,100.0,998.0,998.0,03,03,03,2,3,1,2,2,3,3,4,03,03,03,03,03,03,02,02,03,03,03,0.0,100.0,2,1,1,1,03,2,,,04,1977.0,2,09,10,02,03,02,01,1,0.926587700843811,2.0
1021,J7T,26,03,1,1,2,1,3,1,2,2,1,3,1,02,03,10.0,8.0,04,01,02,,2,,3,1,4,1,1,2,3,10.0,80.0,70.0,70.0,70.0,2,2,1,4,1,2,3,10.0,80.0,75.0,997.0,997.0,02,03,03,3,4,3,4,1,2,2,4,02,02,01,05,04,03,02,02,02,01,02,10.0,50.0,1,4,1,2,02,2,,,04,1977.0,1,07,08,02,05,02,01,1,1.5367439985275269,2.0
1022,G1K,03,07,2,2,2,2,3,3,3,2,1,2,1,99,99,8.0,7.0,01,03,02,,2,,2,1,3,1,2,8,2,50.0,80.0,90.0,997.0,997.0,1,2,1,3,3,2,2,50.0,70.0,80.0,997.0,997.0,98,98,06,2,3,8,3,2,2,2,3,03,03,98,98,04,03,02,02,03,98,03,80.0,70.0,1,2,2,1,97,,2,,99,1971.0,2,07,08,02,04,02,01,1,0.5570399761199951,2.0
1023,J0R,25,96,1,1,3,1,3,1,3,3,4,2,1,03,01,8.0,8.0,03,01,,02,2,,1,2,3,1,8,1,2,50.0,0.0,80.0,0.0,5.0,2,2,1,4,1,2,4,80.0,0.0,80.0,998.0,997.0,01,98,03,3,1,3,2,1,2,1,1,01,01,98,05,01,03,01,01,03,01,01,0.0,100.0,2,2,1,1,01,2,,,02,1929.0,1,10,09,11,05,01,10,3,3.451063632965088,2.0
1024,J4J,16,06,2,1,2,1,2,2,3,2,1,3,1,03,98,10.0,5.0,01,04,,03,1,,1,2,3,1,2,1,2,25.0,55.0,65.0,997.0,997.0,1,1,2,3,3,2,2,3.0,2.0,65.0,997.0,997.0,06,03,03,2,3,3,4,2,2,3,4,03,03,03,05,98,03,02,02,03,03,03,75.0,65.0,1,2,1,2,01,3,,,03,1963.0,2,09,06,02,05,02,01,1,1.7230206727981567,2.0
1025,H7X,13,98,2,2,2,2,8,1,2,1,2,2,1,05,04,5.0,5.0,01,03,,03,8,8,8,8,8,8,8,8,8,998.0,998.0,998.0,998.0,998.0,8,8,8,8,8,8,8,998.0,998.0,998.0,997.0,997.0,98,98,98,8,8,8,8,8,8,8,8,98,98,98,98,98,98,98,98,98,98,98,998.0,998.0,8,8,8,8,98,,8,,98,1980.0,2,07,98,02,05,02,01,7,0.5029883980751038,2.0
1026,G1C,03,01,1,2,2,2,1,3,2,3,2,2,1,01,97,9.0,9.0,01,03,02,,2,,3,2,2,2,2,2,2,100.0,0.0,60.0,0.0,0.0,2,1,1,4,4,1,2,100.0,0.0,60.0,0.0,997.0,01,01,01,1,1,1,3,2,1,1,3,01,01,01,01,01,01,01,01,01,01,01,10.0,80.0,2,2,1,1,01,3,,,02,1934.0,1,06,07,03,04,02,01,1,0.35561421513557434,2.0
1027,H3N,13,98,1,2,1,1,2,2,1,1,3,3,2,,,4.0,5.0,01,02,,04,2,,2,1,3,1,2,8,3,50.0,50.0,40.0,10.0,10.0,2,1,8,4,4,2,1,25.0,10.0,15.0,10.0,10.0,06,98,98,3,1,1,1,4,1,2,3,98,98,98,98,98,98,98,98,98,98,98,0.0,10.0,8,4,1,1,97,,2,,06,1966.0,1,06,04,01,04,01,10,2,1.4495251178741455,2.0
1028,G0X,04,01,1,1,2,1,2,2,3,3,2,2,1,02,03,7.0,6.0,01,02,,04,1,,2,2,3,1,2,1,2,10.0,60.0,30.0,0.0,0.0,2,2,1,2,2,2,2,10.0,30.0,40.0,997.0,997.0,03,02,03,2,2,1,4,2,2,2,4,02,02,03,02,02,02,02,02,02,02,02,50.0,50.0,1,4,2,1,02,2,,,07,1950.0,1,05,07,11,05,02,01,1,0.7158807516098022,2.0
1029,J4L,16,06,1,1,3,2,2,4,1,1,2,3,1,01,05,10.0,8.0,03,96,04,,2,,4,4,2,3,2,2,1,95.0,0.0,0.0,25.0,75.0,2,1,2,4,1,4,4,90.0,20.0,5.0,45.0,60.0,01,01,04,1,1,3,1,2,1,3,4,01,98,01,01,04,01,01,01,98,01,04,0.0,50.0,8,2,1,4,01,2,,,02,1986.0,2,08,09,05,04,02,08,1,1.330445408821106,2.0
1030,G1X,03,19,2,1,3,2,2,2,2,3,2,1,1,03,02,7.0,5.0,02,03,04,,1,,1,1,3,1,1,1,2,2.0,10.0,90.0,0.0,15.0,1,2,1,2,2,2,2,15.0,15.0,90.0,0.0,997.0,03,03,03,2,3,1,3,2,3,2,3,03,03,03,98,98,03,03,02,03,03,03,55.0,30.0,1,2,1,1,03,2,,,02,1959.0,1,06,04,02,04,02,01,7,0.24556143581867218,2.0
1031,H9W,06,16,1,2,2,1,2,2,1,3,2,2,1,03,01,5.0,7.0,03,01,,03,2,,2,1,3,1,2,8,2,50.0,0.0,50.0,997.0,998.0,2,2,1,4,8,1,3,60.0,0.0,40.0,997.0,998.0,01,01,98,1,1,3,8,4,2,2,2,01,01,01,05,01,01,01,01,98,01,01,20.0,50.0,8,8,8,2,01,3,,,01,1945.0,2,06,02,03,05,01,10,3,0.9151924848556519,2.0
1032,G5Y,32,07,1,1,1,1,2,2,3,1,1,4,1,03,02,10.0,10.0,03,01,03,,1,,1,1,4,1,1,1,3,0.0,1.0,99.0,0.0,0.0,1,2,1,2,3,2,2,0.0,0.0,100.0,0.0,0.0,01,03,03,3,1,1,2,1,3,2,4,03,03,03,03,03,03,03,03,03,03,03,60.0,60.0,8,3,3,1,03,2,,,02,1948.0,2,05,05,03,05,02,01,1,0.5248628258705139,2.0
1033,H1L,06,03,1,2,2,2,2,2,2,2,2,1,1,05,03,9.0,9.0,01,03,02,,1,,2,3,3,1,1,1,3,10.0,15.0,80.0,997.0,80.0,1,9,8,3,1,2,8,10.0,15.0,80.0,997.0,80.0,03,05,98,2,2,8,4,2,3,2,3,05,05,05,05,03,03,05,05,05,05,05,100.0,50.0,1,4,1,1,05,1,,,03,1949.0,1,06,02,03,05,02,01,1,0.6322008967399597,2.0
1034,G8T,04,98,1,1,1,2,1,1,1,1,1,1,1,03,01,10.0,8.0,01,03,,02,2,,2,3,3,1,2,2,1,50.0,0.0,75.0,40.0,20.0,1,2,1,4,3,2,3,30.0,10.0,80.0,20.0,15.0,03,03,03,3,1,1,1,1,1,1,3,03,03,03,04,03,03,03,03,03,03,03,40.0,70.0,2,4,1,1,97,,1,03,02,1945.0,1,07,01,03,05,02,01,1,0.7158807516098022,2.0
1035,G0G,09,02,2,1,2,1,1,2,2,3,2,1,1,03,02,10.0,8.0,01,04,,04,1,,2,2,2,1,1,8,2,40.0,60.0,75.0,998.0,998.0,8,2,2,3,3,3,2,60.0,50.0,70.0,997.0,997.0,01,03,01,2,2,1,4,4,8,2,3,03,98,98,05,98,03,02,02,02,98,03,75.0,70.0,1,2,2,1,02,2,,,04,1961.0,1,08,10,02,04,02,01,1,2.4493582248687744,2.0
1036,H4A,06,98,1,3,2,2,2,1,1,1,2,1,1,05,01,3.0,0.0,03,01,03,,2,,2,2,4,2,2,2,2,80.0,998.0,998.0,998.0,80.0,8,1,8,4,4,2,3,75.0,998.0,998.0,997.0,997.0,98,98,98,2,1,8,2,1,2,3,2,01,98,98,05,98,98,02,02,98,98,98,0.0,50.0,1,1,2,3,97,,2,,01,1960.0,2,07,10,08,04,01,01,2,0.6404670476913452,2.0
1037,J0J,26,13,1,1,2,2,2,1,3,1,1,2,1,03,97,10.0,8.0,09,01,03,,2,,1,1,3,1,1,1,2,50.0,0.0,75.0,0.0,50.0,1,2,1,4,3,2,3,2.0,0.0,75.0,0.0,997.0,06,03,03,2,1,1,3,2,2,1,4,03,03,03,05,03,03,03,03,01,03,03,0.0,50.0,1,2,3,2,03,2,,,05,1963.0,1,06,02,04,04,02,01,2,1.5512259006500244,2.0
1038,J4N,16,04,1,3,3,2,2,1,2,2,2,1,1,03,05,10.0,10.0,01,03,01,,1,,1,1,4,1,2,1,3,0.0,70.0,75.0,20.0,85.0,1,2,8,2,2,2,2,0.0,85.0,90.0,80.0,997.0,03,03,04,2,2,1,2,3,3,3,4,03,03,03,05,03,03,02,02,03,98,03,100.0,0.0,2,4,1,1,02,3,,,04,1948.0,2,05,07,03,05,02,01,1,0.40793442726135254,2.0
1039,G5J,01,01,1,1,1,4,1,1,2,2,2,2,2,,,5.0,2.0,01,03,02,,3,,2,2,3,1,1,1,4,998.0,998.0,998.0,998.0,998.0,1,8,8,8,4,8,2,5.0,35.0,60.0,2.0,997.0,03,03,03,2,4,1,4,2,2,3,4,03,03,03,03,03,03,03,03,02,03,03,998.0,45.0,1,4,2,1,97,,2,,06,1979.0,2,07,01,04,05,02,01,1,0.8883579969406128,2.0
1040,G7S,02,99,2,1,2,2,1,2,2,1,1,3,1,03,01,10.0,9.0,03,01,,04,1,,3,2,3,1,1,1,2,999.0,999.0,999.0,999.0,999.0,1,2,1,3,1,1,2,999.0,999.0,75.0,998.0,998.0,03,03,03,2,3,1,3,2,2,2,2,03,03,03,03,03,03,03,03,03,03,03,0.0,999.0,2,1,1,1,03,1,,,99,9999.0,1,06,99,02,02,02,01,1,1.9254908561706543,2.0
1041,J3Y,16,01,1,2,3,2,4,3,1,2,2,1,1,01,03,8.0,4.0,01,03,,01,2,,1,1,4,1,1,1,3,70.0,10.0,60.0,0.0,10.0,1,2,1,4,4,1,2,70.0,60.0,70.0,997.0,10.0,01,03,03,1,1,3,8,8,2,2,3,01,01,98,05,98,98,01,02,98,01,98,10.0,70.0,1,2,1,1,01,3,,,01,1949.0,1,02,03,02,05,01,01,2,0.3431829512119293,2.0
1042,J5T,24,01,1,2,2,3,2,1,2,4,4,2,1,99,99,2.0,6.0,01,03,,02,2,,1,1,3,1,1,1,2,50.0,20.0,60.0,10.0,10.0,1,2,1,4,3,2,2,10.0,5.0,60.0,3.0,998.0,03,03,03,3,4,1,3,2,2,2,2,98,98,98,98,98,03,98,98,98,98,98,10.0,80.0,2,8,2,1,99,,2,,99,1949.0,2,07,08,02,04,02,01,1,0.5400015711784363,2.0
1043,G5R,01,07,2,2,3,2,1,2,2,2,2,2,1,99,99,5.0,5.0,01,03,,04,8,8,3,2,3,1,2,9,3,999.0,999.0,999.0,999.0,999.0,1,1,2,2,3,3,2,999.0,999.0,999.0,999.0,999.0,99,98,03,2,9,1,3,3,2,2,3,01,98,99,98,98,98,99,99,03,98,98,50.0,85.0,8,1,2,3,99,,1,99,99,1951.0,2,05,99,03,03,02,01,1,0.39110317826271057,2.0
1044,H4B,06,01,1,1,2,1,2,3,2,1,2,3,1,01,97,10.0,10.0,04,01,,02,2,,1,2,4,1,1,1,3,70.0,0.0,50.0,0.0,10.0,1,2,1,4,2,2,2,65.0,40.0,50.0,997.0,997.0,01,06,03,1,1,1,2,3,2,2,3,01,01,01,01,01,01,01,01,01,01,01,40.0,60.0,1,3,3,3,01,3,,,03,1975.0,1,07,03,02,05,01,01,2,0.7795112729072571,2.0
1045,999,05,18,2,1,2,3,2,4,1,2,3,3,1,02,97,10.0,10.0,04,01,,05,1,,3,3,2,2,2,1,1,0.0,100.0,0.0,30.0,30.0,1,2,1,1,1,2,3,0.0,90.0,20.0,0.0,0.0,02,02,02,3,2,1,4,4,1,2,8,02,02,01,02,02,02,02,02,02,03,02,75.0,40.0,1,4,3,2,02,1,,,04,1986.0,1,09,01,05,05,02,01,1,2.3347883224487305,2.0
1046,H4X,06,01,1,2,3,1,4,3,1,2,2,3,2,,,6.0,5.0,04,01,04,,2,,2,2,3,2,1,1,3,65.0,0.0,0.0,0.0,85.0,1,8,8,4,2,3,3,50.0,25.0,15.0,998.0,998.0,01,98,98,3,1,3,4,4,1,1,3,96,98,98,05,98,96,01,01,01,98,01,60.0,50.0,8,8,2,2,97,,1,96,01,1979.0,2,09,02,09,04,01,01,2,0.5029883980751038,2.0
1047,J3L,16,03,2,2,2,2,8,3,3,2,2,2,1,03,97,0.0,0.0,01,04,96,,8,8,2,2,8,1,2,1,2,998.0,998.0,998.0,998.0,998.0,8,2,1,4,2,8,2,998.0,998.0,998.0,998.0,998.0,03,98,98,2,4,1,8,2,8,3,4,98,98,98,98,98,98,98,98,98,98,03,998.0,998.0,1,3,2,2,97,,8,,07,1951.0,2,05,06,01,05,02,01,1,0.40793442726135254,2.0
1048,H2J,06,01,1,1,3,1,1,3,4,2,1,3,1,99,,7.0,3.0,06,02,02,,8,2,2,1,4,1,2,8,3,30.0,50.0,80.0,998.0,80.0,1,8,1,3,8,2,2,30.0,70.0,80.0,998.0,998.0,03,03,03,8,4,1,8,2,8,3,4,98,98,98,05,98,03,03,02,98,98,98,50.0,998.0,1,4,2,1,03,1,,,99,1975.0,2,08,08,10,05,02,01,1,0.926587700843811,2.0
1049,H8N,06,98,2,2,3,2,3,3,2,3,3,3,1,99,,2.0,2.0,01,03,04,,2,,3,3,3,2,2,2,2,6.0,3.0,6.0,3.0,3.0,1,1,8,4,3,2,3,998.0,998.0,998.0,998.0,998.0,98,03,07,3,1,8,3,2,3,2,4,98,98,98,98,98,98,98,98,98,98,98,0.0,100.0,1,2,1,2,98,,8,,99,1975.0,2,08,05,02,04,02,01,1,0.926587700843811,2.0
1050,H3V,06,99,1,2,1,1,1,2,2,1,1,1,2,,,8.0,6.0,02,01,,01,2,,1,1,4,1,1,1,4,50.0,0.0,30.0,3.0,50.0,1,2,1,4,2,8,2,30.0,0.0,10.0,998.0,998.0,06,06,06,2,1,8,3,4,4,3,4,96,97,97,05,97,97,97,97,97,97,05,998.0,30.0,2,3,3,4,97,,2,,03,1979.0,2,09,03,02,04,01,09,3,2.078787088394165,2.0
1051,J2H,05,98,1,1,3,2,2,3,3,3,2,2,1,01,97,6.0,7.0,03,01,,04,8,2,2,2,3,1,2,1,2,70.0,50.0,60.0,50.0,40.0,1,2,1,4,2,2,2,60.0,40.0,60.0,50.0,40.0,01,04,03,3,3,1,3,2,3,3,4,01,01,98,05,04,03,02,02,98,98,04,60.0,70.0,8,4,2,1,97,,2,,01,1943.0,2,09,08,03,05,02,01,1,0.5248628258705139,2.0
1052,J4S,16,98,2,3,3,2,2,2,2,2,4,2,1,99,99,9.0,7.0,03,01,02,,8,8,3,2,3,1,2,9,3,70.0,999.0,10.0,20.0,20.0,2,2,1,3,4,8,2,0.0,40.0,20.0,50.0,20.0,98,04,98,3,3,1,8,3,2,3,4,98,98,98,98,98,98,98,98,98,98,98,30.0,50.0,8,3,3,2,98,,2,,04,1946.0,2,08,99,03,05,02,01,1,0.40793442726135254,2.0
1053,J7Y,25,01,1,2,1,1,1,1,1,2,1,2,1,03,02,10.0,10.0,01,03,02,,1,,3,2,2,1,2,2,3,50.0,60.0,75.0,998.0,998.0,1,2,1,1,3,1,3,50.0,40.0,80.0,999.0,998.0,06,03,03,3,2,1,3,3,2,1,3,03,03,03,03,03,03,02,02,02,03,03,50.0,100.0,1,3,2,1,02,3,,,04,1952.0,2,09,05,01,04,02,01,1,0.5400015711784363,2.0
1054,G0N,32,03,2,2,2,1,3,4,3,2,3,2,1,03,04,9.0,8.0,01,02,02,,2,,1,1,3,1,2,1,3,30.0,30.0,40.0,60.0,60.0,1,2,1,4,4,2,2,35.0,25.0,45.0,50.0,50.0,05,04,04,2,3,1,3,2,3,2,4,03,03,04,05,04,03,98,02,03,03,04,33.0,45.0,2,4,2,1,04,2,,,03,1953.0,1,07,99,01,05,02,10,1,2.0705089569091797,2.0
1055,G4X,11,99,1,1,2,2,2,2,4,1,1,4,2,,,5.0,4.0,01,03,03,,2,,1,1,4,1,1,1,3,999.0,999.0,50.0,997.0,997.0,1,2,1,4,3,2,2,15.0,25.0,75.0,997.0,997.0,03,99,02,2,4,1,4,3,3,3,4,03,03,03,03,03,03,03,03,03,03,03,95.0,95.0,1,1,1,1,03,2,,,06,1957.0,2,11,02,02,03,02,01,1,1.131169080734253,2.0
1056,H9J,06,13,1,2,2,2,2,1,4,2,4,3,1,01,03,5.0,6.0,03,01,04,,2,,1,1,4,1,2,1,3,61.0,10.0,60.0,0.0,10.0,1,2,1,4,4,1,3,50.0,10.0,65.0,0.0,10.0,03,05,03,3,1,3,3,2,3,2,2,01,01,01,01,01,03,01,01,98,03,03,0.0,60.0,2,3,1,2,01,3,,,02,1952.0,1,07,10,02,05,01,01,2,0.3431829512119293,2.0
1057,H7B,13,01,1,3,3,2,2,2,1,3,3,4,1,01,03,8.0,5.0,01,03,03,,2,,2,2,3,2,3,8,2,95.0,0.0,50.0,0.0,50.0,2,8,8,4,1,2,4,90.0,0.0,50.0,997.0,998.0,01,01,01,1,3,1,2,2,2,2,3,01,01,01,01,01,01,01,01,01,01,01,20.0,80.0,1,2,1,1,01,1,,,01,1955.0,1,07,10,03,05,02,05,7,0.9925715327262878,2.0
1058,J0R,25,01,1,1,2,1,2,2,1,1,2,2,9,,,10.0,8.0,01,03,04,,2,,3,2,3,1,2,2,9,80.0,0.0,10.0,997.0,998.0,8,8,8,4,3,2,3,65.0,0.0,15.0,10.0,998.0,01,99,01,3,1,1,3,2,1,2,2,01,01,01,01,01,98,01,98,01,01,98,40.0,60.0,2,2,1,1,01,2,,,01,1937.0,2,06,99,03,02,02,01,1,1.2277785539627075,2.0
1059,G9N,04,98,2,2,2,2,2,3,2,3,2,2,1,01,03,9.0,9.0,03,01,,03,2,,2,3,2,1,2,2,2,95.0,0.0,25.0,0.0,0.0,1,2,2,4,1,1,4,100.0,0.0,50.0,997.0,997.0,01,01,01,1,1,1,2,2,1,2,3,01,01,01,01,01,01,01,01,01,01,01,0.0,75.0,2,2,1,1,01,2,,,02,1933.0,1,04,02,03,04,02,01,2,0.8835616707801819,2.0
1060,H4G,06,99,1,2,3,3,2,2,3,3,2,2,1,03,99,7.0,5.0,01,03,02,,8,8,2,2,3,2,2,1,3,6.0,5.0,100.0,997.0,997.0,2,2,1,2,4,2,2,50.0,50.0,100.0,998.0,998.0,03,03,03,3,3,1,2,1,3,2,2,03,03,03,03,03,03,03,03,03,03,03,50.0,80.0,2,2,2,1,03,2,,,99,1947.0,2,05,10,02,05,02,01,1,0.40793442726135254,2.0
1061,G6K,12,96,2,1,2,1,1,2,8,2,1,2,1,03,01,9.0,7.0,01,03,03,,2,,2,2,3,1,2,8,3,50.0,30.0,60.0,998.0,998.0,1,1,8,4,3,8,3,50.0,20.0,70.0,997.0,997.0,01,03,03,3,4,8,3,2,2,2,3,98,98,98,05,03,03,98,98,01,98,03,80.0,80.0,1,3,1,2,03,2,,,02,1948.0,2,06,06,02,04,02,01,1,0.13188232481479645,2.0
1062,G5X,32,06,1,1,2,2,1,1,3,1,1,4,1,99,99,6.0,1.0,01,03,02,,2,,1,1,4,1,1,1,3,80.0,50.0,80.0,997.0,997.0,2,1,8,3,4,2,2,50.0,0.0,50.0,997.0,997.0,98,98,98,2,4,8,3,2,3,3,3,98,98,98,98,98,98,98,98,98,98,98,0.0,40.0,8,3,2,2,97,,2,,99,1964.0,2,09,99,02,04,02,01,1,2.216895818710327,2.0
1063,H7A,13,01,1,3,2,2,2,2,3,2,2,3,1,03,97,4.0,5.0,01,06,02,,1,,2,2,3,1,2,1,3,20.0,60.0,70.0,997.0,997.0,1,2,1,2,2,8,1,10.0,70.0,70.0,998.0,997.0,99,03,03,2,2,1,1,2,9,8,4,02,02,98,05,03,03,02,02,98,98,98,5.0,5.0,8,9,2,2,02,2,,,04,1951.0,2,05,05,02,05,02,01,1,0.40793442726135254,2.0
1064,G1X,03,10,2,1,2,1,1,3,1,2,2,1,1,02,04,6.0,10.0,08,01,,05,1,,2,3,3,1,2,1,3,999.0,0.0,10.0,40.0,20.0,1,2,1,1,2,2,3,0.0,80.0,20.0,60.0,0.0,02,02,04,3,2,1,4,4,2,2,4,02,02,02,02,02,02,02,02,02,02,02,40.0,10.0,1,2,1,2,02,1,,,04,1950.0,2,09,01,02,05,02,01,1,0.13188232481479645,2.0
1065,H1X,06,09,2,2,3,1,4,3,2,1,2,3,1,02,04,6.0,7.0,02,01,,04,1,,1,1,3,1,2,1,2,40.0,55.0,25.0,50.0,20.0,1,2,1,2,2,8,3,10.0,40.0,30.0,70.0,15.0,06,04,04,3,2,1,4,4,2,3,3,98,98,98,98,04,04,02,02,98,98,04,60.0,60.0,1,8,2,2,02,3,,,04,1956.0,2,09,99,02,05,02,01,1,1.1798489093780518,2.0
1066,J4L,16,98,1,1,2,1,4,2,1,1,1,3,1,99,99,5.0,3.0,01,03,,04,1,,4,1,4,1,2,1,4,15.0,80.0,60.0,80.0,100.0,1,2,8,3,2,8,1,25.0,65.0,50.0,997.0,997.0,02,03,06,2,3,1,8,3,3,3,4,98,98,98,03,98,03,02,02,98,97,98,10.0,60.0,1,8,1,1,02,2,,,99,1960.0,2,05,02,02,04,02,01,1,1.1798489093780518,2.0
1067,J5Y,14,06,2,1,3,1,2,3,2,3,3,2,1,02,01,7.0,9.0,03,01,02,,1,,2,3,2,3,2,2,2,60.0,85.0,15.0,60.0,60.0,2,1,1,2,3,2,3,75.0,90.0,1.0,10.0,50.0,01,02,04,3,2,1,4,3,2,1,2,02,02,01,05,04,02,02,02,02,01,02,50.0,50.0,1,4,2,1,02,2,,,03,1983.0,1,09,07,09,05,02,01,1,2.061872959136963,2.0
1068,G7X,02,98,1,2,2,2,3,3,2,2,2,3,1,02,03,6.0,6.0,03,01,,04,1,,2,2,3,2,2,1,2,998.0,50.0,40.0,997.0,998.0,1,2,1,2,2,2,2,998.0,998.0,998.0,997.0,997.0,99,03,02,3,2,1,4,3,2,2,2,02,01,02,03,02,03,02,02,02,01,02,90.0,50.0,8,2,2,1,97,,2,,04,1946.0,1,07,03,03,01,02,01,1,0.8468688726425171,2.0
1069,J0A,17,98,1,2,2,1,2,3,3,1,1,3,1,03,01,10.0,7.0,01,06,02,,2,,3,3,3,1,2,8,3,60.0,10.0,60.0,997.0,997.0,1,2,2,4,3,2,3,50.0,10.0,70.0,997.0,997.0,99,99,03,2,1,8,8,3,2,2,3,03,98,03,98,03,03,98,98,01,03,03,20.0,50.0,2,2,2,2,99,,1,03,01,1941.0,2,06,02,11,02,02,01,1,1.1933574676513672,2.0
1070,G6V,12,01,1,2,3,1,2,2,1,2,2,2,1,01,03,10.0,8.0,03,01,03,,2,,3,3,2,2,3,2,2,95.0,25.0,75.0,997.0,50.0,2,8,1,4,3,2,2,80.0,75.0,75.0,998.0,998.0,01,03,03,1,1,3,3,2,2,2,3,01,01,01,01,01,01,01,01,01,01,01,50.0,75.0,1,2,1,3,01,2,,,01,1955.0,2,05,08,01,04,02,01,2,0.20705832540988922,2.0
1071,J8B,25,11,3,1,2,1,3,3,2,2,1,2,1,02,05,5.0,5.0,01,04,,05,1,,2,2,3,1,2,1,2,5.0,60.0,15.0,5.0,25.0,1,2,1,2,2,2,2,0.0,50.0,0.0,10.0,25.0,07,05,04,3,2,1,4,3,4,1,4,04,02,04,05,04,02,02,02,05,02,04,50.0,25.0,1,3,2,1,02,3,,,04,1949.0,1,06,03,03,05,02,01,1,0.6765576601028442,2.0
1072,J7V,16,01,1,1,3,1,3,3,1,2,3,1,1,02,97,10.0,6.0,01,03,,05,1,,2,1,4,1,2,1,3,0.0,85.0,0.0,0.0,25.0,1,2,1,1,1,3,1,0.0,75.0,0.0,0.0,0.0,02,02,06,3,2,1,4,2,3,3,3,02,02,02,02,02,02,02,98,02,98,02,50.0,75.0,1,2,2,1,02,3,,,04,1963.0,1,08,08,01,04,02,01,1,2.670271873474121,2.0
1073,J5R,16,17,1,2,2,2,3,2,3,2,2,1,1,01,03,8.0,7.0,03,01,04,,2,,2,2,3,1,2,1,2,75.0,25.0,40.0,5.0,10.0,8,1,8,4,3,3,2,50.0,20.0,55.0,997.0,997.0,01,03,03,3,1,3,1,1,3,2,4,03,01,98,98,98,03,98,98,01,03,03,35.0,80.0,2,2,1,1,01,2,,,01,1938.0,1,07,08,03,05,02,01,1,1.4374099969863892,2.0
1074,H3T,06,10,1,2,4,3,2,3,1,4,2,3,1,03,98,9.0,8.0,01,03,,04,2,,2,2,4,1,2,1,3,50.0,40.0,60.0,50.0,997.0,1,2,8,1,2,2,3,50.0,10.0,80.0,65.0,50.0,03,03,03,2,3,1,4,1,3,2,4,03,98,03,05,04,03,03,98,98,01,04,50.0,60.0,2,8,2,2,02,2,,,03,1945.0,2,10,08,02,05,02,01,1,0.40793442726135254,2.0
1075,H2V,06,03,4,4,3,4,2,4,4,4,1,1,1,03,97,10.0,10.0,03,01,,04,2,,2,2,3,1,2,2,2,40.0,20.0,50.0,0.0,15.0,1,1,2,4,3,1,4,25.0,0.0,55.0,0.0,5.0,03,03,03,2,1,1,2,1,2,2,1,03,03,98,03,98,03,03,03,03,03,03,10.0,100.0,2,1,1,1,03,1,,,02,1939.0,1,09,99,03,05,02,01,1,1.4374099969863892,2.0
1076,J2B,17,01,1,2,3,3,2,3,2,2,3,2,1,02,97,7.0,7.0,03,01,02,,1,,2,2,4,1,2,1,2,5.0,60.0,30.0,0.0,20.0,1,1,2,3,2,4,3,0.0,5.0,40.0,0.0,997.0,06,98,03,3,2,1,4,2,2,2,3,98,98,98,98,98,98,02,02,98,97,98,30.0,30.0,1,2,1,1,02,2,,,04,1933.0,1,09,06,03,03,02,01,1,1.627670168876648,2.0
1077,J5K,08,98,3,2,4,2,3,2,2,3,2,1,1,03,02,10.0,5.0,06,01,,05,1,,1,2,3,1,1,1,3,0.0,50.0,95.0,997.0,997.0,8,2,1,2,8,2,2,0.0,95.0,100.0,997.0,997.0,03,03,03,2,4,1,8,1,8,2,3,03,03,98,98,03,03,03,02,03,03,03,0.0,95.0,1,3,2,1,03,1,,,02,1966.0,2,07,08,01,05,02,01,1,2.2808401584625244,2.0
1078,G9T,04,01,1,1,2,1,3,3,2,1,1,1,1,03,02,10.0,8.0,01,05,,05,1,,1,2,2,1,2,2,2,20.0,60.0,85.0,997.0,997.0,2,2,8,2,3,2,3,5.0,70.0,85.0,997.0,997.0,03,03,03,3,2,1,8,2,2,1,4,98,03,02,05,03,03,02,98,98,02,03,50.0,50.0,1,4,8,1,02,2,,,04,1981.0,2,07,02,06,05,02,01,1,1.1921813488006592,2.0
1079,J9B,07,96,2,2,3,2,2,4,1,1,2,3,1,02,04,9.0,9.0,03,01,,04,1,,3,2,3,2,3,2,1,45.0,85.0,30.0,80.0,75.0,2,2,1,4,8,1,4,55.0,65.0,45.0,70.0,60.0,98,04,04,3,2,1,4,3,1,1,2,02,02,02,05,04,02,02,02,98,02,04,70.0,70.0,1,4,3,3,02,2,,,04,1954.0,1,10,10,02,05,02,01,1,1.956773042678833,2.0
1080,G9B,04,96,3,3,4,2,3,4,4,2,2,4,1,03,05,8.0,6.0,02,01,02,,2,,2,1,4,2,3,2,3,30.0,30.0,60.0,40.0,50.0,1,2,1,4,4,2,2,25.0,40.0,50.0,50.0,40.0,06,03,04,3,3,1,4,3,2,1,3,98,98,98,05,04,03,02,02,03,03,04,40.0,60.0,2,3,2,2,97,,2,,05,1948.0,1,07,07,11,05,02,01,1,0.7158807516098022,2.0
1081,G7X,02,98,1,1,1,1,1,1,1,1,1,3,1,01,03,10.0,5.0,01,03,,02,2,,2,2,2,2,2,2,2,100.0,0.0,50.0,0.0,0.0,1,1,1,4,4,1,2,100.0,0.0,50.0,997.0,997.0,01,01,01,3,1,1,2,2,2,2,3,01,01,01,01,01,01,01,01,01,01,01,0.0,50.0,1,2,2,1,01,2,,,01,1949.0,1,08,04,03,04,02,01,1,0.8468688726425171,2.0
1082,G6V,12,99,9,9,9,9,9,9,9,9,9,9,2,,,99.0,99.0,99,,,99,9,,1,1,9,1,1,9,9,999.0,999.0,999.0,999.0,999.0,9,9,9,9,9,9,9,999.0,999.0,999.0,999.0,999.0,99,99,99,1,9,9,4,2,9,9,4,99,99,99,99,99,99,99,99,99,99,99,999.0,998.0,2,9,2,9,97,,9,,06,1942.0,1,06,02,03,99,02,01,1,0.35561421513557434,2.0
1083,J0T,25,01,1,2,4,2,1,3,3,2,4,4,1,03,02,10.0,10.0,01,04,01,,1,,1,1,4,1,2,1,2,0.0,60.0,60.0,0.0,30.0,1,2,1,1,3,1,2,0.0,50.0,60.0,0.0,0.0,03,03,03,3,2,1,2,1,3,2,2,03,03,98,03,03,03,02,02,02,03,03,100.0,60.0,2,4,2,1,02,3,,,04,1953.0,1,05,10,02,05,02,01,1,1.956773042678833,2.0
1084,G1R,03,10,2,1,2,1,2,3,1,2,3,3,1,02,04,8.0,9.0,01,02,,05,1,,3,4,3,3,3,2,2,15.0,95.0,0.0,80.0,75.0,2,8,1,2,1,1,2,2.0,80.0,1.0,75.0,60.0,02,04,04,3,2,1,4,4,2,2,3,02,02,02,05,04,02,02,02,02,02,02,75.0,45.0,1,3,3,3,02,1,,,04,1980.0,2,10,04,02,04,02,01,1,0.29955968260765076,2.0
1085,G4V,11,06,4,1,3,1,1,4,1,3,4,2,1,02,04,9.0,10.0,01,04,01,,1,,2,3,3,2,2,2,3,0.0,100.0,25.0,40.0,30.0,1,2,1,1,3,2,4,0.0,80.0,0.0,25.0,15.0,02,02,04,8,2,1,4,2,1,2,2,02,02,02,02,04,02,02,02,02,02,04,75.0,60.0,1,4,3,1,02,1,,,04,1986.0,1,08,01,05,04,02,01,1,2.761995553970337,2.0
1086,J3Y,16,98,1,2,2,2,2,2,2,2,3,2,1,03,97,10.0,5.0,01,08,03,,2,,2,2,3,2,1,8,3,25.0,25.0,75.0,997.0,997.0,8,8,8,3,8,8,2,25.0,50.0,50.0,997.0,997.0,03,03,03,3,4,8,8,3,8,2,3,98,98,98,98,98,98,03,98,98,98,98,50.0,50.0,1,3,2,1,97,,2,,04,1975.0,2,11,08,02,04,02,01,1,0.926587700843811,2.0
1087,J7R,15,10,1,3,1,1,2,3,1,1,1,3,1,03,01,10.0,10.0,01,03,02,,2,,3,2,3,1,3,2,3,90.0,75.0,80.0,50.0,60.0,1,2,2,3,2,1,3,60.0,40.0,80.0,50.0,50.0,01,03,03,1,1,1,2,2,2,2,4,01,03,01,03,03,03,01,03,03,01,03,45.0,80.0,8,9,2,9,03,2,,,06,1953.0,2,05,02,02,99,02,01,1,1.1798489093780518,2.0
1088,H9J,06,01,1,2,3,1,2,1,2,2,2,2,1,01,97,7.0,7.0,01,02,03,,2,,3,3,2,2,2,2,2,80.0,0.0,40.0,997.0,997.0,2,2,1,4,3,1,3,75.0,998.0,40.0,997.0,997.0,01,01,01,1,1,3,2,2,2,1,3,01,01,01,01,01,01,01,01,01,01,01,50.0,80.0,1,2,2,3,01,1,,,01,1955.0,2,05,09,02,05,01,01,2,0.6404670476913452,2.0
1089,H7X,13,98,1,1,1,1,3,1,8,2,1,2,1,01,03,7.0,2.0,04,01,04,,9,,1,2,4,2,2,8,2,100.0,40.0,78.0,70.0,67.0,1,9,2,2,2,3,4,998.0,998.0,998.0,999.0,998.0,01,01,01,1,3,1,2,3,1,1,1,01,01,01,01,01,01,01,01,02,01,01,999.0,999.0,2,2,1,1,01,1,,,01,1983.0,2,08,99,09,05,96,09,5,2.984832286834717,2.0
1090,H9H,06,13,2,3,3,3,3,1,3,3,3,3,1,01,03,0.0,2.0,01,02,,02,2,,1,1,4,1,1,1,4,50.0,997.0,50.0,997.0,998.0,2,2,1,4,4,4,1,50.0,0.0,50.0,997.0,997.0,06,06,03,3,1,2,4,4,2,2,1,98,98,98,98,98,98,98,01,01,98,98,50.0,50.0,2,4,1,1,01,3,,,01,1948.0,1,09,99,03,05,01,11,2,0.3431829512119293,2.0
1091,J3L,16,03,2,1,2,2,2,3,4,3,1,2,1,03,01,10.0,9.0,03,01,,04,2,,3,2,3,1,3,1,2,40.0,15.0,100.0,998.0,998.0,1,2,1,4,3,2,3,60.0,20.0,90.0,10.0,25.0,03,03,03,3,1,1,2,1,2,2,8,03,03,03,05,03,03,03,03,03,03,03,30.0,50.0,8,8,2,1,03,2,,,02,1945.0,1,06,06,03,05,02,01,1,0.6322008967399597,2.0
1092,J3Y,16,98,1,1,1,1,1,2,1,1,1,1,1,02,01,5.0,5.0,03,01,,04,2,,2,2,3,1,1,1,2,45.0,25.0,35.0,15.0,15.0,2,8,2,4,3,1,2,40.0,0.0,50.0,30.0,997.0,98,03,03,3,4,2,4,2,2,2,4,98,98,98,05,98,98,02,02,98,98,98,65.0,75.0,2,3,2,1,97,,2,,04,1966.0,2,05,99,02,05,02,01,1,1.7230206727981567,2.0
1093,H4H,06,01,1,1,1,2,3,4,2,1,2,4,1,99,,7.0,4.0,01,03,,04,8,8,4,2,3,1,2,2,2,40.0,80.0,60.0,998.0,997.0,8,8,1,1,8,8,9,998.0,998.0,998.0,997.0,997.0,01,03,03,3,3,1,8,3,2,2,4,01,02,03,05,03,03,02,02,02,02,03,20.0,998.0,1,1,1,1,99,,2,,99,1945.0,2,04,01,07,02,02,01,1,0.40793442726135254,2.0
1094,G5L,01,03,1,1,1,1,1,1,1,1,1,1,1,03,01,10.0,10.0,01,03,,04,2,,1,1,4,1,2,1,4,25.0,25.0,75.0,998.0,998.0,1,2,8,4,2,2,2,25.0,10.0,75.0,997.0,997.0,03,06,03,2,4,1,8,3,4,3,4,98,03,98,98,98,03,03,03,03,98,03,50.0,50.0,8,8,2,2,03,2,,,01,1956.0,2,04,02,06,05,02,01,1,1.131169080734253,2.0
1095,J2B,17,02,1,1,8,2,2,1,1,2,3,3,1,02,03,3.0,8.0,01,03,,05,1,,2,1,4,2,2,8,2,0.0,80.0,60.0,0.0,50.0,1,2,1,2,3,2,3,0.0,60.0,80.0,0.0,0.0,03,98,03,3,2,1,8,2,2,2,3,02,02,02,02,98,03,02,02,02,02,98,40.0,998.0,2,2,1,1,02,2,,,02,1947.0,1,09,09,11,01,02,01,1,0.7158807516098022,2.0
1096,H4V,06,10,1,1,2,1,2,2,1,1,1,3,1,01,97,9.0,10.0,01,04,,03,2,,2,3,3,2,2,8,2,85.0,50.0,25.0,998.0,998.0,2,1,9,4,3,9,2,85.0,25.0,25.0,999.0,999.0,01,01,98,8,1,9,3,3,9,9,8,99,99,99,99,99,01,99,99,01,98,01,50.0,998.0,1,9,9,9,01,2,,,01,1984.0,2,09,01,05,01,01,99,7,0.7222163677215576,2.0
1097,J9A,07,01,1,1,2,2,2,1,1,2,2,4,1,01,03,8.0,8.0,03,01,,01,2,,2,2,3,2,2,2,1,75.0,0.0,50.0,0.0,25.0,2,1,1,4,2,2,2,85.0,25.0,50.0,997.0,997.0,01,06,01,3,1,1,3,1,2,1,2,01,01,01,05,01,01,01,01,01,98,01,30.0,75.0,1,3,1,2,01,2,,,01,1963.0,2,09,10,02,05,01,01,2,1.2381283044815063,2.0
1098,J4P,16,01,1,3,2,3,3,2,2,2,3,2,1,01,97,10.0,10.0,04,02,,04,2,,2,1,2,1,2,2,2,70.0,25.0,50.0,10.0,5.0,2,1,1,4,3,1,3,75.0,0.0,75.0,75.0,997.0,01,04,03,3,2,1,4,3,1,1,3,01,01,01,98,04,03,01,98,01,01,03,0.0,70.0,8,4,2,2,02,3,,,02,1954.0,2,07,10,02,05,02,01,1,1.1798489093780518,2.0
1099,J6K,16,01,1,2,3,2,2,1,4,2,3,3,1,01,04,5.0,6.0,01,03,04,,2,,1,1,4,1,2,1,3,65.0,20.0,40.0,60.0,50.0,1,2,1,4,4,3,2,75.0,30.0,10.0,40.0,50.0,01,01,01,1,1,1,3,2,3,3,2,01,01,01,05,01,01,01,01,01,01,01,10.0,70.0,1,4,3,1,01,2,,,02,1947.0,2,09,04,02,05,02,01,1,0.40793442726135254,2.0
1100,H2K,06,17,2,3,2,2,3,4,1,3,3,3,1,01,97,8.0,10.0,01,02,04,,2,,3,2,2,2,2,2,1,100.0,0.0,50.0,15.0,50.0,1,1,2,4,2,1,4,95.0,0.0,50.0,0.0,0.0,01,01,03,3,1,3,4,1,2,2,1,01,01,01,05,98,01,01,01,01,01,03,0.0,90.0,2,1,1,2,01,2,,,01,1946.0,2,09,05,10,04,02,01,1,0.40793442726135254,2.0
1101,H7G,13,05,1,1,2,1,2,3,2,2,2,1,1,02,03,10.0,10.0,02,03,02,,8,8,2,2,3,1,2,1,2,30.0,60.0,60.0,60.0,50.0,1,8,1,3,2,1,3,5.0,5.0,60.0,90.0,30.0,99,04,03,2,3,1,4,3,8,1,8,03,03,02,05,04,03,02,02,02,03,03,999.0,75.0,2,4,2,1,97,,1,03,02,1950.0,2,06,99,02,04,02,01,1,0.40793442726135254,2.0
1102,G0S,32,06,3,1,2,1,2,3,1,1,2,1,1,02,97,10.0,7.0,03,07,,05,1,,3,2,3,1,2,1,2,0.0,95.0,50.0,5.0,5.0,1,2,1,1,2,1,4,0.0,90.0,50.0,5.0,5.0,02,02,03,2,2,1,4,4,2,2,2,02,02,02,02,02,03,02,02,02,02,03,0.0,75.0,1,3,2,1,02,1,,,04,1946.0,1,05,03,11,04,02,01,1,0.7158807516098022,2.0
1103,J2H,05,96,1,2,2,3,1,1,2,1,1,1,9,,,10.0,0.0,01,07,,02,1,,1,2,3,1,1,1,4,0.0,10.0,100.0,997.0,997.0,1,2,1,4,2,2,3,0.0,0.0,100.0,50.0,998.0,03,03,03,3,3,1,2,2,1,2,4,03,03,03,03,03,03,03,03,03,03,03,40.0,50.0,2,2,1,1,03,1,,,99,1949.0,2,07,06,01,99,02,01,1,0.5248628258705139,2.0
1104,G8H,02,01,1,2,4,2,2,1,4,4,2,1,1,99,99,10.0,5.0,01,03,,04,2,,4,1,3,1,2,1,3,50.0,0.0,0.0,25.0,0.0,1,2,1,4,2,2,4,0.0,60.0,60.0,80.0,100.0,99,04,03,3,3,1,4,3,3,2,4,98,03,98,98,04,03,02,04,02,01,04,50.0,50.0,1,3,1,2,97,,2,,99,1948.0,2,09,05,03,05,02,01,1,0.39110317826271057,2.0
1105,H4L,06,99,2,2,1,2,2,1,3,3,4,1,1,04,03,5.0,8.0,01,03,,03,8,2,2,2,3,1,2,9,3,50.0,60.0,60.0,90.0,75.0,1,2,1,3,3,2,3,40.0,40.0,70.0,90.0,998.0,04,04,03,3,4,1,2,3,2,3,4,03,04,03,05,04,04,04,04,04,03,04,50.0,50.0,1,3,2,1,04,1,,,02,1946.0,2,07,99,02,03,02,01,1,0.40793442726135254,2.0
1106,H2V,06,98,1,1,2,3,4,3,3,2,2,2,2,,,2.0,5.0,01,07,04,,2,,2,3,3,2,2,1,3,70.0,40.0,80.0,997.0,50.0,8,2,1,4,2,2,3,50.0,70.0,998.0,998.0,997.0,02,01,03,3,1,1,4,4,1,2,4,98,03,03,03,03,03,01,98,01,03,98,90.0,90.0,1,3,3,3,01,3,,,01,1986.0,2,08,01,05,05,01,10,2,0.7222163677215576,2.0
1107,H2P,06,98,1,1,1,2,2,1,3,2,1,2,2,,,5.0,2.0,06,01,,01,2,,1,1,4,1,2,1,3,70.0,0.0,50.0,997.0,997.0,8,1,8,4,8,8,3,50.0,997.0,40.0,997.0,997.0,98,98,98,3,1,1,8,8,2,2,4,98,98,98,98,98,98,98,98,98,98,98,50.0,0.0,1,1,1,1,01,2,,,01,1976.0,2,06,02,02,05,02,01,1,0.926587700843811,2.0
1108,H9B,06,99,2,2,8,2,9,8,3,8,8,8,2,,,3.0,1.0,01,03,04,,2,,8,8,3,2,2,8,2,60.0,0.0,0.0,0.0,998.0,1,8,1,4,8,2,8,70.0,0.0,997.0,997.0,997.0,06,06,06,8,1,1,8,8,2,8,3,01,01,99,98,99,99,99,98,99,98,98,998.0,999.0,1,1,1,3,01,2,,,01,1982.0,2,10,99,05,03,01,99,2,0.5029883980751038,2.0
1109,J8M,07,07,1,3,3,2,1,1,2,2,1,2,1,03,01,8.0,8.0,01,04,,02,8,1,1,1,3,1,1,1,3,70.0,60.0,90.0,10.0,0.0,2,2,1,2,3,2,2,40.0,40.0,90.0,10.0,0.0,03,03,03,3,3,1,2,1,2,3,4,03,02,01,01,03,03,03,02,03,03,03,25.0,50.0,1,4,2,2,03,2,,,02,1970.0,1,05,09,02,04,02,01,1,2.857621908187866,2.0
1110,G5V,32,17,2,2,3,2,2,1,3,2,2,3,1,01,97,7.0,7.0,03,01,,02,2,,2,2,3,1,2,8,2,65.0,0.0,35.0,0.0,998.0,2,1,8,4,3,2,4,65.0,0.0,35.0,0.0,0.0,01,01,03,1,1,3,1,1,2,2,3,01,01,01,01,01,03,01,01,01,01,01,0.0,60.0,8,2,2,1,01,3,,,02,1956.0,1,05,10,02,04,02,01,1,2.0705089569091797,2.0
1111,H1N,06,03,1,2,1,1,1,3,2,1,2,2,1,03,02,10.0,10.0,01,02,02,,1,,1,1,4,1,1,1,2,10.0,40.0,80.0,50.0,65.0,1,2,1,3,4,2,1,10.0,40.0,80.0,35.0,50.0,03,03,03,2,3,1,2,1,2,2,2,03,03,03,05,03,03,02,02,03,03,03,15.0,85.0,2,2,1,1,03,1,,,03,1947.0,2,07,03,02,05,02,01,1,0.40793442726135254,2.0
1112,H3V,06,01,1,1,1,2,1,1,1,1,1,1,1,99,,10.0,8.0,01,03,04,,8,2,2,1,4,1,1,1,3,10.0,0.0,10.0,20.0,998.0,2,2,1,4,2,3,1,10.0,0.0,30.0,80.0,997.0,06,06,03,1,4,2,8,3,1,3,4,98,98,98,98,98,03,98,98,98,98,98,50.0,70.0,2,1,1,1,97,,2,,06,1969.0,2,10,02,07,02,12,12,3,3.8655707836151123,2.0
1113,J6J,16,08,2,1,4,2,4,4,2,3,3,2,1,02,04,7.0,4.0,08,01,,05,1,,2,2,3,1,2,2,2,0.0,100.0,60.0,90.0,90.0,1,2,2,2,3,1,3,5.0,95.0,60.0,997.0,997.0,02,02,02,3,2,1,4,3,2,2,8,02,02,98,05,04,02,02,02,02,98,02,75.0,95.0,1,3,1,1,02,2,,,04,1978.0,2,11,02,02,05,02,01,1,0.926587700843811,2.0
1114,999,15,01,1,1,2,1,2,3,2,1,1,1,1,02,03,10.0,9.0,01,06,,05,1,,2,2,4,1,2,1,4,0.0,80.0,50.0,2.0,997.0,1,2,1,3,3,2,3,0.0,70.0,80.0,0.0,0.0,02,03,02,2,2,1,2,4,3,2,4,98,03,02,02,02,02,02,02,02,02,98,95.0,5.0,2,3,1,1,02,1,,,04,1980.0,2,04,99,05,04,02,01,1,0.926587700843811,2.0
1115,J0L,26,19,1,1,1,1,2,2,1,1,2,1,1,02,05,10.0,10.0,03,01,01,,1,,8,2,3,1,2,2,2,60.0,90.0,30.0,70.0,80.0,1,1,2,3,2,1,4,50.0,75.0,60.0,75.0,80.0,06,02,03,2,2,1,4,3,3,1,3,02,02,02,05,04,02,02,02,03,02,02,50.0,70.0,2,2,1,1,02,2,,,04,1942.0,1,05,02,11,05,02,01,1,1.5382611751556396,2.0
1116,J7Z,25,08,1,1,3,1,3,1,1,1,1,1,2,,,7.0,4.0,06,07,,05,3,,1,2,4,1,1,1,4,25.0,75.0,80.0,997.0,70.0,1,2,1,3,2,4,2,5.0,50.0,75.0,997.0,997.0,03,05,03,2,2,1,4,2,3,3,1,03,03,02,05,03,98,03,02,97,98,97,80.0,80.0,1,9,2,1,97,,1,02,07,1984.0,2,06,04,10,04,02,01,1,1.7611688375473022,2.0
1117,J5R,16,96,2,2,3,2,3,2,3,4,1,3,1,02,03,8.0,6.0,01,02,,04,1,,3,2,3,2,3,2,2,50.0,80.0,60.0,0.0,30.0,1,2,1,2,3,1,2,20.0,60.0,60.0,30.0,30.0,01,03,03,3,2,1,4,3,2,1,3,03,02,01,02,03,03,02,02,02,98,98,80.0,75.0,2,3,2,1,02,2,,,04,1960.0,1,07,07,02,04,02,01,1,1.828485131263733,2.0
1118,H2P,06,98,2,2,2,1,3,4,2,2,2,2,1,02,05,10.0,7.0,06,01,,05,1,,2,2,4,1,2,8,3,0.0,90.0,0.0,87.0,87.0,1,2,1,1,8,2,4,2.0,75.0,0.0,70.0,74.0,06,02,01,8,2,1,4,4,3,3,3,02,02,02,05,02,02,02,02,02,02,02,75.0,75.0,1,4,3,1,02,1,,,04,1983.0,2,09,07,02,05,02,01,1,1.330445408821106,2.0
1119,J5M,24,03,2,1,3,2,2,3,1,3,2,3,1,03,05,8.0,6.0,01,02,03,,2,,2,2,3,1,1,8,2,30.0,30.0,60.0,998.0,20.0,1,8,8,4,2,3,2,40.0,30.0,50.0,997.0,997.0,06,06,06,3,3,8,8,2,3,2,4,98,03,98,05,03,03,98,98,98,98,98,70.0,60.0,1,3,3,1,97,,2,,03,1980.0,2,04,02,02,05,02,01,1,1.2265689373016357,2.0
1120,J0K,24,02,2,2,4,2,2,4,1,2,2,2,1,02,05,10.0,9.0,01,04,01,,1,,2,2,3,2,2,1,3,10.0,80.0,1.0,40.0,50.0,1,2,1,3,3,2,3,5.0,70.0,1.0,20.0,30.0,02,05,04,2,2,1,4,4,1,1,3,02,02,02,02,02,02,02,02,02,02,02,50.0,60.0,1,3,2,2,02,2,,,04,1944.0,1,09,02,03,04,02,01,1,0.6765576601028442,2.0
1121,J6W,14,18,1,1,3,3,4,3,2,2,2,4,1,02,04,9.0,8.0,01,02,,05,1,,3,2,1,3,3,2,1,49.0,75.0,43.0,51.0,40.0,8,1,8,3,2,2,2,60.0,78.0,48.0,70.0,50.0,02,07,03,3,2,1,4,3,1,1,4,01,02,98,98,02,03,02,02,98,02,03,80.0,79.0,1,2,2,3,02,2,,,02,1945.0,1,09,10,03,05,02,01,1,0.6322008967399597,2.0
1122,H1A,06,16,1,2,3,1,1,3,1,3,4,4,1,01,05,10.0,10.0,03,01,02,,2,,2,2,2,2,2,2,1,90.0,0.0,50.0,50.0,60.0,1,2,1,4,2,1,3,90.0,0.0,50.0,998.0,30.0,01,98,03,3,1,1,4,4,2,2,3,01,01,01,05,98,98,01,01,98,01,98,70.0,998.0,1,8,8,2,01,2,,,03,1946.0,2,09,04,03,05,02,01,1,0.40793442726135254,2.0
1123,J0H,26,03,1,2,2,2,1,2,3,2,2,2,1,03,97,10.0,7.0,03,02,,04,1,,1,1,4,1,1,1,3,25.0,45.0,90.0,65.0,65.0,1,1,8,2,3,4,2,55.0,65.0,100.0,997.0,997.0,03,03,03,2,4,1,4,2,3,3,8,03,03,98,05,98,03,03,03,03,03,03,0.0,60.0,1,8,1,1,03,2,,,02,1972.0,2,08,03,96,04,02,01,1,2.2808401584625244,2.0
1124,J7C,15,98,2,3,3,2,3,3,3,3,3,3,1,03,05,5.0,5.0,01,03,,04,8,1,2,2,3,1,2,1,3,50.0,50.0,51.0,40.0,50.0,1,8,1,4,3,3,2,50.0,40.0,60.0,997.0,997.0,98,98,98,3,3,3,3,2,3,3,4,98,98,98,05,98,98,98,02,03,98,98,50.0,80.0,1,3,2,1,98,,8,,04,1977.0,2,07,99,02,04,02,01,1,0.926587700843811,2.0
1125,H7K,13,03,1,2,1,1,2,1,1,1,2,1,1,03,01,8.0,2.0,03,01,03,,2,,2,1,4,1,1,1,3,20.0,20.0,70.0,997.0,997.0,1,1,2,4,2,4,3,70.0,30.0,80.0,997.0,997.0,01,03,03,3,4,3,8,2,3,2,4,98,98,03,01,98,03,03,03,98,98,03,50.0,75.0,2,3,1,1,03,2,,,02,1965.0,2,06,06,01,05,02,10,3,3.8655707836151123,2.0
1126,J0K,24,98,1,2,2,1,2,2,1,2,2,1,1,02,03,8.0,7.0,01,04,,04,1,,2,2,3,1,2,2,2,998.0,998.0,998.0,998.0,998.0,2,2,1,3,3,2,2,999.0,998.0,998.0,998.0,997.0,07,03,03,3,3,1,3,3,2,2,3,03,03,01,03,03,02,02,02,02,03,03,998.0,70.0,1,2,2,2,02,2,,,04,1951.0,1,05,05,04,05,02,01,1,0.6765576601028442,2.0
1127,J4L,16,12,1,2,4,2,2,4,1,4,3,1,1,01,03,4.0,3.0,02,01,04,,2,,2,1,4,1,1,1,3,90.0,0.0,90.0,0.0,25.0,1,2,1,4,2,4,1,80.0,0.0,80.0,0.0,997.0,01,03,03,1,1,1,4,1,3,2,1,01,03,01,01,01,03,01,03,01,03,03,50.0,100.0,1,4,2,1,01,2,,,04,1951.0,1,08,08,02,05,02,01,1,0.6322008967399597,2.0
1128,H2V,06,01,1,1,1,1,1,1,4,1,1,1,1,99,,9.0,9.0,03,02,,03,2,,2,1,4,1,1,1,4,50.0,0.0,50.0,997.0,75.0,1,2,1,4,2,3,2,50.0,20.0,50.0,997.0,997.0,06,06,06,2,1,2,2,2,2,2,2,98,98,98,05,98,03,04,02,98,98,98,0.0,80.0,1,3,3,3,01,3,,,03,1969.0,2,08,08,02,05,01,10,5,3.8655707836151123,2.0
1129,G8T,04,13,2,3,3,3,2,2,2,2,3,3,1,02,03,6.0,7.0,01,03,,04,1,,2,1,4,1,1,1,2,20.0,80.0,70.0,60.0,40.0,2,8,8,2,2,8,2,10.0,60.0,50.0,50.0,997.0,02,04,04,3,2,1,4,3,3,3,4,02,02,02,02,04,04,02,02,02,02,04,70.0,60.0,1,4,2,1,02,1,,,04,1964.0,2,05,06,02,05,02,01,1,2.216895818710327,2.0
1130,H9S,06,15,2,3,3,2,2,1,1,3,2,3,1,03,01,10.0,10.0,01,03,,02,2,,4,3,2,2,3,2,2,65.0,25.0,75.0,5.0,5.0,1,1,1,4,2,2,3,75.0,5.0,75.0,5.0,998.0,01,03,03,1,1,1,1,3,2,1,1,01,01,01,03,03,03,02,02,01,01,03,50.0,80.0,1,2,2,2,01,2,,,01,1948.0,1,08,10,11,05,01,01,1,0.6322008967399597,2.0
1131,J7T,16,01,1,2,2,1,2,2,1,2,2,2,1,01,05,6.0,3.0,03,02,04,,2,,1,1,4,1,1,1,3,80.0,0.0,50.0,0.0,90.0,1,2,8,4,8,2,4,998.0,998.0,998.0,998.0,998.0,01,06,06,3,1,2,8,2,8,1,4,01,01,01,05,98,98,02,02,01,98,98,40.0,80.0,1,3,1,1,01,3,,,01,1961.0,2,08,10,02,05,01,01,2,0.6404670476913452,2.0
1132,J3Y,16,03,2,2,2,2,1,1,1,3,3,1,1,01,03,10.0,9.0,03,01,03,,2,,2,1,3,1,2,1,2,90.0,5.0,60.0,5.0,7.0,2,1,2,4,3,2,3,85.0,25.0,60.0,40.0,998.0,01,04,04,3,1,8,3,2,2,1,3,03,01,01,98,03,03,01,02,01,01,03,50.0,80.0,2,4,1,2,01,2,,,02,1948.0,2,05,03,03,05,02,01,1,0.40793442726135254,2.0
1133,G8T,04,03,1,1,1,3,1,4,4,2,1,4,1,03,97,10.0,10.0,01,03,,02,2,,1,1,4,1,2,1,3,998.0,998.0,998.0,997.0,997.0,1,2,2,4,2,2,1,0.0,0.0,100.0,997.0,997.0,03,03,03,3,1,1,4,4,2,2,1,03,03,03,05,03,03,03,03,03,03,03,0.0,100.0,2,1,1,1,03,1,,,02,1947.0,1,05,05,01,04,02,01,1,0.7158807516098022,2.0
1134,H4B,06,04,1,1,1,2,3,3,4,2,4,4,1,99,05,10.0,10.0,03,02,,02,2,,4,3,2,2,3,2,2,70.0,43.0,3.0,40.0,67.0,2,2,2,4,3,1,4,60.0,47.0,3.0,40.0,50.0,01,98,06,1,1,1,4,2,2,1,3,98,98,01,98,01,02,01,01,01,01,98,78.0,79.0,2,2,2,4,97,,1,01,01,1948.0,1,11,99,01,03,01,01,2,0.3431829512119293,2.0
1135,J4Z,16,10,1,3,4,4,1,1,1,3,4,2,2,,,7.0,6.0,01,03,,01,2,,3,3,3,2,2,2,2,82.0,1.0,66.0,997.0,997.0,2,2,1,4,2,3,3,83.0,30.0,70.0,997.0,997.0,01,01,03,2,1,2,3,1,2,3,2,03,01,01,05,02,01,01,01,01,03,01,1.0,87.0,1,2,2,4,01,2,,,06,1972.0,1,11,10,02,01,01,09,5,5.990713596343994,2.0
1136,J7Z,25,09,2,3,3,2,3,3,3,3,3,2,1,03,97,10.0,6.0,02,01,,04,1,,2,2,4,2,2,1,2,0.0,40.0,80.0,997.0,997.0,1,1,1,4,4,2,1,20.0,10.0,60.0,997.0,998.0,01,03,03,2,4,1,3,1,2,3,4,03,98,98,05,98,98,02,96,02,98,98,10.0,50.0,1,3,3,2,03,2,,,04,1975.0,1,07,10,02,05,02,01,1,1.5367439985275269,2.0
1137,J9J,07,01,1,3,3,1,1,1,2,3,3,3,1,03,01,9.0,10.0,01,04,01,,1,,1,1,4,2,2,1,4,25.0,25.0,25.0,0.0,10.0,1,1,2,8,4,1,1,20.0,20.0,30.0,997.0,997.0,03,06,03,3,2,1,1,1,4,2,1,01,02,98,05,04,03,02,02,98,03,03,0.0,70.0,2,4,3,1,97,,2,,02,1968.0,1,09,10,02,05,02,01,1,2.857621908187866,2.0
1138,J6K,16,07,2,2,4,3,3,4,3,4,1,2,1,03,05,8.0,8.0,03,01,02,,2,,4,2,3,1,1,1,2,10.0,50.0,75.0,0.0,75.0,1,2,1,3,2,3,2,10.0,50.0,75.0,0.0,75.0,06,03,03,3,3,1,2,2,3,3,3,03,03,03,05,04,03,02,02,03,03,03,50.0,25.0,1,2,2,1,02,3,,,05,1955.0,2,09,07,02,04,02,01,1,1.1798489093780518,2.0
1139,J7N,15,99,1,1,2,2,8,2,2,1,1,4,1,03,05,10.0,8.0,06,01,03,,2,,1,1,3,1,2,8,3,10.0,10.0,85.0,50.0,50.0,1,8,2,3,4,8,3,0.0,10.0,100.0,19.0,998.0,03,03,03,8,4,8,8,8,8,8,4,03,03,03,05,03,03,03,04,03,03,03,0.0,0.0,1,8,2,8,99,,2,,07,1949.0,2,05,03,06,03,02,01,1,0.40793442726135254,2.0
1140,G6Z,12,06,2,1,2,2,3,4,2,2,2,4,1,02,01,10.0,4.0,01,06,,05,1,,2,2,3,1,3,2,3,60.0,95.0,20.0,997.0,25.0,8,2,8,2,4,2,4,70.0,98.0,2.0,5.0,997.0,03,02,03,3,2,1,2,3,2,2,4,02,02,02,05,04,02,02,02,02,02,03,0.0,75.0,2,3,1,1,02,2,,,02,1969.0,2,07,08,02,05,02,01,1,0.5570399761199951,2.0
1141,H4V,06,01,1,2,2,1,3,3,2,2,1,2,1,05,97,10.0,7.0,03,02,05,,2,,2,1,3,1,1,1,2,40.0,0.0,0.0,0.0,80.0,2,2,1,4,2,1,4,50.0,0.0,0.0,0.0,75.0,05,05,05,1,1,1,2,4,2,3,4,05,05,05,05,05,05,05,05,05,98,05,30.0,40.0,1,4,1,3,05,1,,,05,1947.0,2,09,03,03,05,01,11,2,0.22144199907779694,2.0
1142,G2E,03,15,2,1,2,1,3,4,3,1,2,3,1,03,04,10.0,6.0,01,03,01,,1,,3,2,3,1,8,1,3,40.0,70.0,70.0,80.0,80.0,1,2,1,3,2,1,8,0.0,50.0,80.0,80.0,998.0,06,04,03,1,2,1,3,2,2,2,3,03,03,98,05,04,04,02,03,03,98,04,40.0,70.0,1,4,2,3,02,2,,,03,1947.0,2,08,01,03,05,02,01,1,0.13188232481479645,2.0
1143,H1M,06,15,1,2,3,2,2,3,1,2,2,3,1,02,03,10.0,6.0,01,03,,04,1,,3,2,3,1,2,1,2,25.0,50.0,75.0,998.0,998.0,2,2,1,2,3,2,2,20.0,25.0,75.0,997.0,998.0,03,03,03,3,3,1,4,2,2,3,3,03,02,03,05,03,03,02,02,02,03,03,0.0,50.0,2,2,1,1,02,1,,,04,1944.0,2,07,03,02,04,02,01,1,0.40793442726135254,2.0
1144,J3X,16,96,2,3,3,2,2,4,2,2,2,1,1,02,97,4.0,9.0,01,03,01,,1,,2,2,3,2,3,8,3,12.0,80.0,4.0,4.0,998.0,2,2,1,1,1,8,4,2.0,56.0,2.0,6.0,997.0,06,04,03,3,2,9,4,4,3,4,4,04,02,98,05,04,03,02,02,02,98,04,72.0,44.0,1,3,3,1,02,1,,,04,1952.0,2,06,03,02,05,02,01,1,0.40793442726135254,2.0
1145,J2W,26,96,2,1,3,1,2,4,1,2,2,1,1,02,04,10.0,10.0,07,01,,04,1,,3,3,3,1,2,1,3,0.0,90.0,0.0,85.0,75.0,2,2,1,1,3,2,3,0.0,80.0,25.0,80.0,75.0,98,04,04,8,2,1,4,4,2,3,4,98,02,02,05,04,02,02,02,02,98,04,70.0,70.0,1,4,2,1,02,2,,,04,1982.0,2,09,01,02,05,02,01,1,1.2265689373016357,2.0
1146,G1C,03,12,3,3,8,2,2,1,1,3,3,3,1,01,03,9.0,9.0,03,01,,03,2,,3,2,2,2,3,2,1,75.0,0.0,40.0,0.0,0.0,1,2,1,4,2,2,2,90.0,0.0,50.0,0.0,997.0,01,01,01,1,1,3,3,2,2,1,2,01,01,01,01,01,01,01,01,01,01,01,60.0,100.0,2,2,1,1,01,2,,,02,1945.0,1,09,06,11,04,02,01,1,0.15640604496002197,2.0
1147,G8Y,04,08,2,2,3,1,3,3,2,3,2,2,1,02,05,9.0,5.0,06,01,01,,1,,2,1,4,1,2,1,3,10.0,100.0,80.0,80.0,90.0,1,1,8,1,1,4,4,10.0,95.0,80.0,997.0,997.0,02,02,02,3,2,8,8,2,8,4,4,02,02,02,02,02,02,02,02,02,02,02,998.0,50.0,1,4,2,4,02,2,,,04,1984.0,2,05,01,04,05,02,01,1,1.7117935419082642,2.0
1148,H1H,06,01,1,1,4,1,2,3,3,3,2,2,1,01,03,7.0,7.0,01,03,,04,2,,2,2,3,3,3,2,2,45.0,45.0,45.0,25.0,25.0,1,1,1,3,3,2,3,40.0,30.0,50.0,25.0,15.0,01,03,03,2,2,3,4,2,2,2,3,98,98,98,05,04,98,98,02,98,01,03,50.0,70.0,1,2,2,2,99,,1,02,02,1950.0,1,10,07,02,05,02,01,1,0.6322008967399597,2.0
1149,G5L,01,98,1,1,2,3,2,3,2,2,1,2,1,03,98,6.0,3.0,01,06,,04,8,8,8,2,3,1,2,8,2,20.0,50.0,70.0,997.0,997.0,1,1,8,8,1,2,3,10.0,30.0,70.0,997.0,997.0,03,03,03,3,3,1,8,2,2,2,3,03,03,98,03,03,03,02,02,03,98,03,50.0,50.0,1,3,2,1,03,2,,,04,1971.0,2,08,05,02,04,02,01,1,1.6519296169281006,2.0
1150,H4W,06,13,2,1,1,1,1,1,1,1,1,1,1,95,97,0.0,0.0,03,04,,96,2,,3,2,2,2,2,2,2,998.0,998.0,998.0,998.0,998.0,8,2,8,8,8,8,8,998.0,997.0,998.0,997.0,997.0,03,98,98,3,8,8,8,2,2,3,2,98,98,98,05,98,98,98,98,98,98,98,998.0,998.0,8,8,8,8,98,,8,,98,1972.0,1,06,01,04,01,02,02,1,2.670271873474121,2.0
1151,G2L,03,98,1,2,3,2,3,3,3,3,3,1,1,99,,5.0,6.0,01,02,,02,2,,2,1,3,1,2,2,3,60.0,50.0,55.0,0.0,0.0,1,2,1,4,3,2,2,60.0,40.0,55.0,0.0,0.0,06,06,03,2,1,1,4,4,2,2,2,97,97,97,97,97,03,01,96,96,97,97,50.0,100.0,2,3,2,1,99,,2,,99,1947.0,1,05,99,03,04,02,01,1,0.15640604496002197,2.0
1152,G0C,11,04,1,2,1,1,2,3,3,1,1,2,1,02,05,7.0,2.0,03,01,04,,8,8,2,1,4,1,1,1,2,50.0,50.0,50.0,998.0,50.0,1,2,1,3,8,1,2,50.0,50.0,50.0,998.0,997.0,98,98,98,3,4,8,8,4,2,2,4,98,98,98,98,98,98,02,02,98,98,98,75.0,80.0,8,1,3,4,97,,1,02,06,1957.0,2,05,02,01,05,02,01,1,1.131169080734253,2.0
1153,J3H,16,98,1,1,3,2,2,4,2,3,3,3,1,02,03,8.0,7.0,03,01,02,,1,,2,2,3,1,2,8,8,20.0,60.0,60.0,20.0,60.0,1,2,1,8,8,2,8,30.0,30.0,60.0,50.0,50.0,98,04,04,3,2,1,4,8,2,8,3,98,98,98,05,04,03,02,02,98,98,04,80.0,70.0,8,8,3,1,02,2,,,04,1944.0,1,09,05,03,05,02,01,1,0.6322008967399597,2.0
1154,H1W,06,03,2,1,2,2,3,3,1,2,2,4,2,,,8.0,3.0,01,03,01,,1,,2,2,3,1,2,1,3,30.0,80.0,10.0,75.0,70.0,1,8,8,2,3,3,3,0.0,70.0,0.0,997.0,997.0,06,98,98,2,2,1,4,8,3,3,4,02,02,02,05,04,98,02,04,03,01,04,998.0,30.0,1,4,3,2,97,,1,02,05,1980.0,1,06,02,02,05,02,01,1,1.4359921216964722,2.0
1155,G4X,11,96,1,1,1,2,1,2,1,1,3,1,1,02,97,10.0,10.0,01,04,,05,1,,1,1,3,1,2,1,3,0.0,85.0,50.0,60.0,20.0,1,2,1,3,3,1,2,5.0,75.0,60.0,40.0,997.0,03,03,03,2,2,1,4,4,8,1,4,02,02,98,05,04,03,02,04,98,98,98,100.0,0.0,1,8,1,1,02,2,,,04,1949.0,2,07,03,02,05,02,01,1,0.39110317826271057,2.0
1156,G5R,01,98,1,1,8,1,1,1,8,1,1,8,1,03,97,9.0,8.0,01,02,,03,3,,1,1,4,9,1,9,2,999.0,999.0,100.0,997.0,998.0,1,8,9,9,9,9,1,0.0,998.0,100.0,997.0,997.0,03,03,03,9,9,9,9,9,9,1,4,99,99,99,99,99,99,99,03,03,99,03,0.0,999.0,1,9,1,9,03,2,,,99,1975.0,2,04,99,02,03,02,01,7,0.4822344183921814,2.0
1157,J5V,04,01,1,1,2,1,2,3,3,2,1,2,1,03,01,9.0,6.0,01,03,,03,2,,3,3,3,1,2,1,2,40.0,10.0,80.0,5.0,20.0,2,1,2,4,2,3,3,40.0,10.0,80.0,10.0,10.0,03,03,03,2,1,1,3,2,3,3,3,03,03,03,03,03,03,03,03,03,03,03,60.0,70.0,2,3,2,2,03,2,,,03,1942.0,1,08,04,03,04,02,01,1,1.627670168876648,2.0
1158,J3G,16,14,2,2,3,3,3,2,1,2,2,2,1,03,02,10.0,7.0,01,96,01,,2,,1,3,4,1,1,1,3,0.0,60.0,100.0,997.0,997.0,1,2,8,1,3,2,3,0.0,100.0,100.0,997.0,997.0,03,03,03,3,2,1,8,1,2,3,4,02,03,03,02,03,03,02,03,02,01,03,0.0,50.0,1,4,1,1,03,1,,,04,1959.0,2,07,07,02,05,02,01,1,1.1798489093780518,2.0
1159,G1R,03,10,3,1,3,2,3,4,1,2,2,3,1,02,97,9.0,9.0,03,01,,05,1,,8,8,4,3,3,1,3,40.0,80.0,40.0,75.0,75.0,1,2,1,2,4,3,4,50.0,998.0,30.0,80.0,70.0,06,98,07,2,2,1,4,4,2,2,3,02,02,02,05,04,02,02,02,02,02,02,70.0,70.0,8,8,8,8,02,2,,,04,1941.0,1,09,06,03,04,02,01,1,0.35561421513557434,2.0
1160,G6W,12,03,1,2,2,3,8,1,1,2,4,2,1,03,97,10.0,2.0,01,02,,03,2,,1,1,4,1,1,1,4,0.0,0.0,50.0,0.0,0.0,2,1,2,4,4,3,1,50.0,0.0,75.0,997.0,997.0,03,06,06,3,4,1,1,2,4,4,3,03,02,03,05,98,03,03,98,03,98,97,0.0,60.0,2,1,1,1,03,2,,,98,1968.0,2,05,07,02,05,02,01,1,0.5570399761199951,2.0
1161,G6Z,12,98,3,2,3,2,2,2,3,2,1,3,1,03,97,6.0,3.0,01,03,,04,2,,2,1,4,1,1,1,3,10.0,10.0,75.0,997.0,997.0,2,2,8,4,4,8,2,10.0,10.0,80.0,997.0,997.0,03,03,03,3,4,1,3,1,2,2,3,03,03,98,05,98,03,98,98,03,03,03,0.0,50.0,1,3,2,1,03,2,,,02,1970.0,2,09,06,02,04,02,01,1,0.5570399761199951,2.0
1162,H1R,06,01,1,1,2,1,2,1,1,1,1,3,1,01,97,9.0,5.0,03,01,04,,2,,1,1,4,1,1,1,4,60.0,0.0,30.0,0.0,50.0,2,2,1,4,2,2,2,40.0,30.0,60.0,997.0,997.0,03,06,03,3,1,1,4,1,2,3,3,98,98,98,05,98,98,02,02,01,98,98,30.0,40.0,2,1,1,1,01,2,,,01,1962.0,2,08,09,07,03,01,10,3,2.6469666957855225,2.0
1163,J2B,17,01,1,2,2,2,1,2,1,2,2,1,1,99,,8.0,5.0,03,01,,05,1,,1,1,3,1,1,1,3,5.0,25.0,50.0,997.0,997.0,1,2,1,2,2,3,2,1.0,20.0,50.0,997.0,997.0,03,03,03,2,2,1,2,2,3,2,3,03,03,03,05,04,03,02,02,03,03,04,1.0,30.0,2,1,1,1,02,2,,,04,9999.0,2,05,02,03,01,02,01,1,1.1933574676513672,2.0
1164,G2K,03,98,1,2,1,2,8,3,4,2,2,4,1,01,03,4.0,4.0,03,01,,02,2,,2,1,4,1,1,1,2,70.0,30.0,50.0,997.0,997.0,1,2,1,4,1,2,2,70.0,10.0,25.0,0.0,0.0,01,03,01,2,1,3,4,2,2,2,2,01,01,01,05,01,01,01,01,01,01,01,90.0,75.0,1,4,2,1,01,2,,,03,1955.0,2,08,08,02,05,02,01,1,0.38143667578697205,2.0
1165,G1C,03,06,1,1,3,2,2,2,4,1,2,3,1,01,03,10.0,5.0,01,03,03,,2,,2,2,3,2,3,1,2,60.0,0.0,50.0,997.0,997.0,1,1,8,4,2,1,2,80.0,0.0,50.0,997.0,997.0,01,01,03,1,1,1,1,3,2,2,3,01,01,01,01,03,01,01,01,01,01,03,60.0,90.0,2,2,2,1,97,,2,,02,1943.0,1,09,04,03,03,02,01,1,0.15640604496002197,2.0
1166,G0L,01,98,2,2,2,2,2,3,3,2,2,2,1,03,02,7.0,7.0,04,01,02,,1,,2,2,3,1,2,1,3,20.0,75.0,85.0,70.0,50.0,8,8,8,3,8,2,3,20.0,75.0,85.0,70.0,998.0,03,03,03,3,2,1,8,2,3,8,2,98,98,98,98,98,03,02,02,03,03,03,50.0,65.0,1,4,2,2,03,2,,,04,1979.0,2,07,02,04,05,02,01,1,0.8883579969406128,2.0
1167,H8P,06,02,1,3,4,2,3,3,4,3,4,1,1,03,05,10.0,10.0,03,01,,02,2,,1,1,4,1,1,1,4,2.0,0.0,8.0,0.0,5.0,1,2,2,4,2,2,2,1.0,0.0,8.0,5.0,8.0,02,03,03,3,1,3,4,2,3,2,2,03,03,03,03,03,03,01,01,03,03,03,2.0,5.0,2,8,1,2,03,2,,,02,1942.0,1,05,99,03,04,01,05,2,0.7802807092666626,2.0
1168,J6R,16,96,2,2,3,2,2,2,3,3,2,2,1,01,03,9.0,3.0,01,02,,02,2,,3,4,2,2,2,2,2,90.0,0.0,75.0,997.0,997.0,2,8,1,4,4,2,3,85.0,10.0,70.0,997.0,997.0,01,07,01,3,1,3,8,2,2,2,1,01,01,01,01,01,01,01,01,01,01,01,75.0,95.0,1,4,3,1,01,2,,,01,1984.0,2,07,05,09,05,02,01,1,1.330445408821106,2.0
1169,H3J,06,10,1,1,1,1,2,2,3,2,2,2,2,,,6.0,7.0,02,04,96,,2,,2,2,4,1,2,1,3,30.0,0.0,60.0,997.0,10.0,2,2,1,4,3,2,2,5.0,10.0,40.0,997.0,997.0,03,03,03,2,1,3,8,2,2,2,3,98,03,98,03,98,03,98,98,98,01,03,50.0,60.0,2,2,3,4,97,,1,03,03,1969.0,2,09,01,02,01,01,08,2,0.9353222250938416,2.0
1170,H8Y,06,98,1,3,3,1,8,8,4,8,4,8,1,01,03,5.0,3.0,04,01,,01,2,,1,1,2,1,2,1,2,90.0,0.0,10.0,0.0,0.0,1,2,8,4,8,1,4,7.0,7.0,6.0,997.0,997.0,98,07,06,3,1,8,4,4,1,1,4,01,98,98,01,01,01,01,01,01,01,98,10.0,30.0,1,4,1,1,01,2,,,01,1948.0,2,07,06,03,05,01,01,2,0.22144199907779694,2.0
1171,H1N,06,16,1,1,1,2,1,1,1,2,2,2,1,01,03,10.0,6.0,03,01,,03,2,,1,1,3,1,2,1,3,75.0,0.0,50.0,0.0,5.0,1,1,1,4,3,2,3,80.0,0.0,70.0,50.0,10.0,01,03,01,2,1,3,3,3,2,2,4,01,01,01,01,01,01,01,01,01,01,01,25.0,25.0,2,2,1,1,01,1,,,01,1944.0,2,11,03,03,01,02,01,1,0.40793442726135254,2.0
1172,G0X,04,01,1,1,1,1,1,2,1,1,1,4,1,01,03,9.0,7.0,01,03,,03,2,,1,1,3,1,2,1,2,85.0,50.0,80.0,50.0,50.0,1,2,1,4,3,2,3,85.0,50.0,85.0,998.0,997.0,01,03,03,3,1,1,3,4,2,2,3,01,01,03,05,01,03,01,01,01,01,03,70.0,80.0,2,3,1,1,01,2,,,01,1941.0,2,04,02,03,05,02,01,1,1.1933574676513672,2.0
1173,H7L,13,06,2,1,2,1,3,3,1,1,1,2,1,02,04,9.0,10.0,01,02,,05,1,,3,2,3,1,3,1,3,35.0,85.0,35.0,75.0,70.0,1,8,1,2,1,1,4,0.0,70.0,0.0,80.0,75.0,02,04,04,3,2,1,4,4,2,1,4,02,02,98,05,04,02,02,02,02,98,04,80.0,65.0,8,4,3,2,02,2,,,04,1976.0,2,10,06,02,05,02,01,1,0.926587700843811,2.0
1174,J1L,05,03,2,2,3,2,2,2,2,2,2,2,1,03,01,9.0,7.0,01,04,02,,2,,2,2,3,1,1,1,2,40.0,40.0,90.0,50.0,50.0,8,2,1,4,2,2,3,35.0,35.0,95.0,65.0,998.0,03,03,03,2,3,1,8,2,2,8,3,98,98,98,03,03,03,03,03,98,03,03,25.0,80.0,8,3,8,1,03,2,,,03,1954.0,2,07,03,02,05,02,01,1,1.5180344581604004,2.0
1175,G2E,03,07,2,2,3,1,2,3,3,2,1,2,1,99,,3.0,3.0,03,01,,03,8,8,2,1,3,1,2,1,3,5.0,2.0,5.0,5.0,5.0,2,2,1,4,4,3,2,3.0,1.0,4.0,4.0,4.0,06,98,06,2,1,1,2,1,3,3,4,98,98,98,05,98,03,98,98,98,98,98,10.0,50.0,2,2,1,1,97,,2,,99,1942.0,1,10,99,03,05,02,01,1,0.35561421513557434,2.0
1176,J2X,26,98,1,2,3,2,2,1,1,2,2,3,1,99,,0.0,0.0,01,97,,03,2,,1,1,4,1,2,1,4,50.0,0.0,50.0,997.0,997.0,1,2,1,4,2,1,2,0.0,0.0,0.0,997.0,997.0,06,98,06,3,4,1,4,3,3,3,3,99,99,99,05,99,99,98,98,98,97,97,0.0,50.0,1,3,2,1,97,,2,,99,1955.0,2,07,05,06,05,02,01,1,1.5618207454681396,2.0
1177,J7C,15,04,1,1,2,2,1,3,3,2,3,1,1,05,97,3.0,7.0,01,03,,04,1,,2,2,3,1,1,1,2,0.0,50.0,998.0,998.0,60.0,2,2,1,4,2,1,2,0.0,30.0,50.0,30.0,50.0,06,03,05,3,2,1,4,3,3,3,4,04,98,02,05,97,03,02,02,97,01,04,75.0,75.0,1,4,3,2,97,,2,,04,1951.0,1,05,99,03,05,02,01,1,0.6322008967399597,2.0
1178,H3W,06,17,2,3,4,1,2,2,1,2,4,3,1,01,97,10.0,7.0,03,01,04,,2,,1,1,3,1,3,1,2,55.0,0.0,25.0,0.0,25.0,1,2,1,4,3,1,4,60.0,0.0,40.0,998.0,998.0,01,01,03,3,1,1,2,2,1,1,2,01,01,01,05,01,01,01,01,01,01,03,25.0,90.0,1,2,2,1,01,2,,,01,1949.0,1,07,99,03,05,01,10,3,1.418331265449524,2.0
1179,H8T,06,04,1,2,3,3,3,2,1,2,3,3,1,01,03,8.0,5.0,01,03,04,,2,,2,1,3,2,2,1,2,60.0,10.0,40.0,997.0,70.0,1,2,1,4,2,2,2,75.0,20.0,45.0,998.0,40.0,01,07,03,1,1,3,2,2,2,1,3,01,01,01,01,01,01,01,01,01,01,01,30.0,998.0,2,2,1,1,01,2,,,01,1941.0,1,10,10,11,05,01,10,2,0.7802807092666626,2.0
1180,G1G,03,10,2,1,2,2,1,4,1,2,1,3,1,02,97,9.0,10.0,03,01,01,,1,,3,3,2,2,2,2,2,5.0,85.0,10.0,10.0,15.0,1,1,1,2,3,2,3,0.0,50.0,0.0,0.0,15.0,02,05,04,3,2,1,4,3,2,2,4,98,02,98,05,02,02,02,02,98,03,02,70.0,20.0,1,4,3,1,02,2,,,06,1982.0,1,09,01,05,05,02,01,1,0.3552634119987488,2.0
1181,G3J,03,15,3,1,2,2,3,4,2,3,1,1,1,03,97,10.0,7.0,02,05,,02,2,,1,2,3,1,3,1,3,30.0,20.0,90.0,0.0,0.0,1,1,1,4,3,2,3,30.0,20.0,90.0,30.0,30.0,03,03,03,2,1,2,4,1,4,2,3,03,03,98,98,98,03,03,03,03,97,03,2.0,80.0,2,4,2,1,03,1,,,02,1969.0,1,07,05,02,04,02,01,1,0.6606233716011047,2.0
1182,H2T,06,96,2,3,4,4,2,4,3,4,9,4,1,02,04,3.0,8.0,01,03,03,,2,,1,1,4,1,8,1,3,20.0,30.0,0.0,10.0,2.0,2,2,1,4,4,2,1,9.0,12.0,0.0,10.0,2.0,98,98,98,3,1,1,4,4,3,4,4,99,99,97,97,97,97,97,99,97,99,99,999.0,999.0,9,4,3,2,97,,9,,03,1954.0,1,08,02,02,05,06,06,3,4.102169036865234,2.0
1183,H9P,06,96,1,2,2,2,1,1,1,1,1,2,1,99,,7.0,8.0,02,03,04,,2,,2,2,4,1,2,8,3,40.0,0.0,20.0,0.0,40.0,1,8,2,4,3,2,3,7.0,7.0,7.0,998.0,998.0,98,98,98,3,1,1,2,3,1,2,3,98,98,98,98,98,02,02,02,01,98,98,85.0,85.0,1,2,1,3,01,2,,,99,1948.0,2,09,05,03,05,01,01,2,0.22144199907779694,2.0
1184,J1G,05,08,1,1,2,1,2,3,3,2,2,4,1,02,05,7.0,7.0,04,08,,05,8,1,3,2,3,2,3,2,1,45.0,85.0,50.0,997.0,95.0,2,1,8,4,3,1,3,50.0,80.0,65.0,997.0,997.0,03,02,03,3,2,1,4,3,2,3,2,01,02,98,05,02,03,02,02,02,01,04,65.0,70.0,8,2,2,3,02,2,,,04,1984.0,2,07,02,02,03,02,01,1,1.7117935419082642,2.0
1185,G9T,04,01,1,3,2,1,2,3,4,2,2,3,1,03,02,3.0,3.0,04,03,,02,2,,2,1,3,1,2,1,3,50.0,40.0,80.0,997.0,60.0,1,2,8,3,2,2,3,50.0,40.0,80.0,997.0,40.0,03,03,03,2,1,1,2,3,2,2,3,03,03,03,05,03,03,03,03,03,03,03,50.0,100.0,2,2,1,1,03,1,,,01,1933.0,2,09,08,11,01,02,01,1,1.1933574676513672,2.0
1186,G7H,02,98,1,1,2,2,2,1,2,1,1,1,1,03,98,7.0,2.0,01,06,,05,8,1,3,8,3,1,1,1,4,60.0,70.0,75.0,997.0,997.0,2,8,8,3,2,2,3,50.0,50.0,60.0,997.0,997.0,98,03,98,3,3,1,8,3,3,4,4,98,98,98,05,98,98,02,02,98,02,98,70.0,85.0,1,3,3,8,03,2,,,03,1984.0,2,06,02,09,05,02,01,1,1.275551438331604,2.0
1187,G6W,12,98,1,1,1,1,2,1,8,2,2,4,1,99,,10.0,10.0,01,03,,01,9,,3,1,4,1,2,8,2,80.0,100.0,60.0,6.0,0.0,2,1,2,4,2,2,2,80.0,0.0,17.0,997.0,998.0,01,01,01,3,1,8,1,3,2,2,4,01,01,01,01,01,98,01,01,01,01,01,55.0,998.0,2,3,3,2,97,,9,,99,1931.0,2,08,02,03,05,02,01,1,0.29985514283180237,2.0
1188,H1T,06,10,2,1,3,1,2,2,1,4,2,2,1,02,03,10.0,10.0,09,03,,05,1,,3,2,3,1,2,2,3,0.0,70.0,40.0,5.0,20.0,1,2,1,1,1,2,3,10.0,70.0,45.0,15.0,20.0,02,02,02,2,2,1,4,1,1,1,2,02,02,02,02,02,02,02,02,02,02,02,60.0,100.0,1,3,2,2,02,1,,,04,1948.0,1,09,10,03,05,02,01,1,0.6322008967399597,2.0
1189,J1N,05,03,3,2,3,4,3,3,1,1,2,4,1,01,03,10.0,10.0,03,09,04,,2,,1,1,4,2,3,1,3,80.0,0.0,70.0,30.0,3.0,1,2,1,4,1,3,3,85.0,40.0,75.0,50.0,2.0,01,02,02,2,1,1,2,2,1,2,2,01,01,01,01,01,02,01,01,98,01,02,20.0,80.0,1,3,3,2,01,2,,,01,1931.0,1,09,01,03,05,02,01,1,1.627670168876648,2.0
1190,J0K,24,01,1,1,2,3,1,3,2,2,2,4,1,02,97,10.0,10.0,01,03,,05,1,,2,3,3,2,8,2,2,0.0,100.0,30.0,50.0,20.0,1,1,1,2,1,1,4,20.0,100.0,30.0,50.0,10.0,02,02,02,2,2,1,4,2,2,2,3,02,02,02,02,02,02,02,02,02,02,02,100.0,100.0,1,3,3,2,02,1,,,04,1937.0,1,10,03,03,99,02,01,1,1.5382611751556396,2.0
1191,J3G,16,96,2,1,2,2,2,2,1,2,3,1,1,02,97,10.0,10.0,09,02,,05,1,,2,2,3,2,3,1,2,0.0,100.0,50.0,0.0,25.0,1,1,2,2,3,1,3,0.0,75.0,50.0,0.0,997.0,02,02,03,3,2,1,3,3,2,2,3,02,02,01,02,02,02,02,02,02,01,02,75.0,75.0,2,2,1,1,02,1,,,04,1940.0,1,05,04,03,04,01,01,1,1.4374099969863892,2.0
1192,J4X,16,05,2,2,2,1,3,2,1,2,2,4,1,02,97,10.0,6.0,03,01,,05,1,,2,2,3,1,3,2,2,20.0,80.0,50.0,997.0,998.0,1,2,1,2,2,2,3,20.0,70.0,50.0,998.0,998.0,06,02,03,2,2,1,4,1,2,2,2,02,02,02,05,02,03,02,02,02,02,03,70.0,80.0,1,2,2,2,02,2,,,04,1946.0,1,10,06,03,04,02,01,1,0.6322008967399597,2.0
1193,G7H,02,04,1,2,2,2,2,3,1,1,2,4,1,99,,5.0,5.0,07,03,,04,1,,1,1,4,1,1,1,3,0.0,80.0,50.0,997.0,997.0,1,2,8,8,8,2,4,0.0,75.0,30.0,997.0,997.0,02,02,02,2,2,8,4,4,2,4,4,02,98,02,97,02,02,02,02,02,98,02,998.0,60.0,8,8,8,1,02,8,,,04,1958.0,2,08,04,02,01,02,01,1,1.131169080734253,2.0
1194,G3B,03,16,2,1,3,2,4,4,4,2,2,4,1,02,04,5.0,10.0,03,01,,05,1,,1,1,3,1,2,8,3,15.0,40.0,25.0,50.0,50.0,1,1,1,4,3,2,2,15.0,40.0,40.0,65.0,997.0,06,04,06,3,2,1,4,3,1,1,4,98,02,98,04,04,02,02,02,98,98,03,85.0,50.0,8,4,2,3,02,2,,,04,1939.0,1,10,09,03,05,02,01,1,0.35561421513557434,2.0
1195,H2Y,06,05,2,3,3,3,1,1,2,2,3,3,1,01,03,5.0,7.0,04,01,,01,2,,1,1,3,1,2,1,3,50.0,0.0,40.0,0.0,10.0,1,1,1,4,4,2,1,50.0,0.0,40.0,997.0,997.0,01,01,03,3,1,3,3,1,2,3,2,01,01,01,01,01,01,01,01,01,01,01,0.0,75.0,1,3,2,3,01,2,,,01,1969.0,2,10,99,01,05,01,01,2,0.9353222250938416,2.0
1196,J4W,16,10,1,1,2,1,2,2,2,3,3,1,1,01,03,4.0,4.0,01,03,,01,2,,2,2,3,1,2,1,3,3.0,0.0,998.0,997.0,997.0,1,2,1,4,2,2,2,4.0,0.0,4.0,3.0,997.0,01,01,03,2,1,1,2,2,1,2,3,01,01,01,01,01,01,01,01,01,01,01,3.0,85.0,2,3,4,1,01,2,,,01,1946.0,2,05,04,03,05,02,01,1,0.40793442726135254,2.0
1197,J0K,24,08,1,1,2,1,2,3,2,1,1,2,2,,,99.0,5.0,04,02,03,,2,,2,1,3,2,1,9,1,999.0,999.0,997.0,997.0,100.0,8,9,8,4,4,9,4,998.0,998.0,999.0,997.0,997.0,99,05,98,8,9,8,8,9,2,9,4,98,98,98,05,98,05,05,05,05,98,05,998.0,100.0,9,3,1,9,05,1,,,05,9999.0,2,06,03,01,04,01,01,2,0.6664856672286987,2.0
1198,G1X,17,01,1,1,2,1,1,1,2,1,1,1,1,99,,6.0,5.0,01,06,03,,2,,3,2,3,1,1,1,3,999.0,999.0,998.0,998.0,998.0,1,2,1,4,3,3,1,998.0,998.0,998.0,997.0,997.0,03,03,03,2,3,2,1,1,2,2,4,98,98,98,98,98,01,01,98,98,98,98,998.0,998.0,2,1,1,1,97,,2,,99,1944.0,2,05,01,99,01,02,01,1,0.5248628258705139,2.0
1199,G1R,03,06,2,1,2,1,2,3,2,2,2,1,1,02,05,10.0,8.0,02,01,,05,1,,1,1,3,1,2,8,2,40.0,70.0,40.0,50.0,60.0,1,2,8,3,3,2,2,20.0,80.0,60.0,68.0,70.0,03,04,03,1,2,1,3,3,1,2,8,98,02,98,05,04,02,02,02,98,02,04,60.0,60.0,8,3,8,2,02,2,,,04,1949.0,2,09,10,02,05,02,01,1,0.13188232481479645,2.0
1200,H1Y,06,02,1,1,1,1,3,3,2,1,1,1,1,04,02,10.0,7.0,02,01,,02,8,1,1,1,3,1,2,1,4,15.0,70.0,0.0,70.0,50.0,1,2,1,3,2,1,1,10.0,50.0,2.0,80.0,60.0,98,04,04,2,4,1,3,4,3,1,1,98,02,98,05,04,04,02,02,02,04,04,998.0,30.0,8,3,1,1,04,2,,,04,1961.0,1,07,01,02,04,02,10,1,1.828485131263733,2.0
1201,J6A,14,96,2,2,2,2,2,2,2,1,3,2,1,99,,10.0,10.0,03,01,,04,2,,1,1,4,1,1,1,2,30.0,10.0,20.0,0.0,998.0,2,1,2,3,8,1,2,50.0,20.0,30.0,998.0,998.0,01,98,98,3,3,8,8,3,4,3,4,98,98,98,98,98,98,98,98,98,98,98,998.0,50.0,2,3,1,1,97,,2,,07,1952.0,2,07,99,02,05,02,01,1,0.40793442726135254,2.0
1202,J4X,16,99,1,1,2,2,1,2,2,1,1,3,1,99,,8.0,8.0,02,01,,96,2,,8,2,3,1,1,1,8,999.0,999.0,999.0,999.0,999.0,2,2,1,3,2,2,3,999.0,999.0,999.0,999.0,999.0,99,99,99,3,3,1,8,2,1,8,4,99,99,99,99,99,99,99,99,99,99,99,75.0,80.0,1,2,2,3,99,,1,99,99,1984.0,2,08,99,09,99,05,10,4,2.984832286834717,2.0
1203,J3H,16,06,1,1,2,2,3,2,3,2,1,3,2,,,7.0,2.0,07,01,,04,2,,2,1,3,1,2,1,2,80.0,50.0,80.0,997.0,997.0,8,8,1,4,2,3,2,80.0,50.0,80.0,997.0,997.0,01,03,03,3,3,1,3,2,2,2,3,98,03,98,98,98,03,02,02,98,01,01,90.0,90.0,1,4,1,1,03,2,,,06,1983.0,2,09,03,02,05,02,01,1,1.330445408821106,2.0
1204,J2T,26,10,1,2,2,2,3,3,2,3,1,4,1,05,04,1.0,0.0,01,02,03,,2,,1,1,4,1,1,1,4,6.0,2.0,1.0,5.0,8.0,1,1,2,4,4,2,1,6.0,0.0,0.0,997.0,997.0,01,01,01,3,1,8,1,1,1,3,4,01,01,01,01,01,01,01,01,01,01,01,0.0,10.0,2,4,3,1,05,2,,,05,1946.0,2,05,01,01,05,02,01,1,0.5400015711784363,2.0
1205,J5R,16,10,2,2,2,2,2,1,1,2,2,3,2,,,99.0,8.0,01,03,05,,2,,3,2,3,2,2,2,2,85.0,0.0,70.0,0.0,5.0,1,1,1,4,4,1,3,80.0,0.0,70.0,997.0,997.0,01,01,03,1,1,1,4,1,2,1,4,01,01,01,01,03,03,01,01,01,01,03,0.0,60.0,1,1,1,1,01,3,,,01,1950.0,1,08,99,03,01,02,01,1,0.6322008967399597,2.0
1206,J0V,07,01,2,1,2,1,1,3,1,1,1,3,1,05,02,10.0,9.0,02,01,,05,1,,3,3,2,2,2,1,3,0.0,80.0,60.0,70.0,100.0,1,2,1,2,2,2,4,60.0,10.0,60.0,70.0,80.0,05,05,03,3,2,1,3,4,2,2,4,99,05,98,05,05,03,02,02,01,02,03,70.0,75.0,2,4,2,2,02,3,,,04,1950.0,1,09,05,01,05,02,01,1,0.6765576601028442,2.0
1207,H1L,06,98,2,3,4,2,2,1,3,3,4,4,1,99,,0.0,0.0,01,02,03,,2,,1,2,3,1,2,1,4,998.0,999.0,998.0,997.0,997.0,1,2,2,4,3,3,3,998.0,998.0,998.0,998.0,998.0,06,06,06,3,4,9,3,3,3,2,3,99,99,99,99,99,99,99,99,99,99,99,0.0,998.0,1,2,2,4,97,,2,,99,1943.0,1,07,05,11,01,02,01,1,0.6322008967399597,2.0
1208,H4G,06,02,2,2,1,3,2,3,4,2,1,1,1,03,97,5.0,2.0,02,03,,02,8,2,1,2,4,1,2,1,4,20.0,50.0,90.0,997.0,997.0,1,2,1,3,4,1,1,0.0,50.0,100.0,997.0,997.0,03,03,03,2,4,2,8,2,1,2,4,03,03,03,03,03,03,03,03,03,03,03,0.0,998.0,2,8,1,1,97,,2,,06,1964.0,2,02,01,02,05,02,01,1,1.7230206727981567,2.0
1209,H2X,06,01,1,2,3,2,4,2,2,3,3,4,1,01,05,5.0,6.0,01,07,04,,2,,1,1,3,1,2,1,3,55.0,0.0,25.0,0.0,25.0,2,1,1,4,2,1,3,55.0,5.0,35.0,0.0,25.0,01,05,05,1,1,3,1,2,1,2,1,01,01,01,05,01,01,01,01,01,01,01,10.0,55.0,8,4,2,1,01,3,,,01,1947.0,2,08,03,03,05,01,96,2,0.22144199907779694,2.0
1210,G7P,02,01,1,2,3,3,1,2,4,3,2,4,1,02,98,5.0,7.0,01,03,02,,8,8,2,2,3,1,2,8,2,50.0,80.0,20.0,997.0,997.0,1,8,8,3,8,2,2,70.0,60.0,20.0,997.0,997.0,01,98,98,3,4,1,8,3,2,8,3,01,02,98,98,98,98,01,02,98,98,98,50.0,50.0,8,3,1,1,02,3,,,02,1958.0,2,06,99,02,05,02,01,1,1.131169080734253,2.0
1211,G0C,11,01,1,1,2,1,2,2,1,2,3,3,1,01,97,8.0,8.0,01,03,03,,2,,3,3,3,2,3,8,1,80.0,10.0,20.0,997.0,997.0,2,1,8,4,3,1,2,70.0,10.0,50.0,997.0,997.0,01,01,03,1,1,1,8,4,2,2,4,01,01,01,05,98,01,01,02,02,01,01,70.0,75.0,2,1,1,2,01,1,,,01,1972.0,2,09,10,02,04,02,01,1,1.6519296169281006,2.0
1212,J8Z,07,04,2,2,2,2,2,3,3,2,3,2,1,01,03,10.0,10.0,01,02,,04,2,,4,3,3,2,2,2,1,75.0,50.0,75.0,75.0,75.0,2,2,1,3,2,1,2,70.0,40.0,85.0,85.0,50.0,01,04,03,3,3,1,4,3,1,1,2,98,03,01,05,04,02,03,03,01,01,03,70.0,100.0,1,4,2,2,01,2,,,03,1957.0,2,09,05,02,02,02,01,1,1.5618207454681396,2.0
1213,J0S,16,99,1,2,2,9,2,3,3,2,2,4,1,99,,3.0,3.0,01,03,,04,2,,2,2,3,1,2,1,2,50.0,50.0,50.0,997.0,997.0,1,2,1,4,4,2,3,50.0,50.0,50.0,997.0,997.0,98,98,03,2,3,1,2,2,2,8,3,98,98,98,98,98,98,98,98,98,98,98,0.0,30.0,8,3,2,2,97,,2,,99,1947.0,2,05,99,02,01,02,01,1,0.40793442726135254,2.0
1214,J4L,16,09,4,2,2,2,2,4,4,2,3,2,1,03,02,10.0,10.0,01,03,03,,2,,1,1,4,1,1,1,3,10.0,30.0,95.0,10.0,10.0,1,1,1,4,4,1,2,0.0,10.0,95.0,10.0,10.0,03,03,03,2,8,1,4,1,3,2,2,03,98,02,02,03,03,03,98,98,03,03,0.0,90.0,2,1,1,1,03,8,,,02,1940.0,1,08,05,11,05,02,01,1,1.4374099969863892,2.0
1215,H4B,06,96,2,2,2,2,3,3,4,2,3,2,2,,,8.0,8.0,02,01,,96,2,,3,2,3,2,2,1,3,25.0,25.0,0.0,50.0,50.0,1,2,1,4,3,4,3,25.0,25.0,0.0,75.0,997.0,04,04,04,3,4,8,4,4,1,1,4,04,04,04,05,04,04,01,98,98,98,04,75.0,50.0,1,4,4,4,97,,2,,03,1975.0,2,09,07,02,05,01,99,7,0.5029883980751038,2.0
1216,J2S,26,01,1,1,2,1,2,3,2,2,1,3,1,01,03,9.0,6.0,01,03,03,,2,,1,1,4,1,1,1,2,50.0,10.0,40.0,998.0,998.0,1,2,1,4,2,1,2,65.0,20.0,55.0,25.0,25.0,01,03,05,2,1,1,3,2,2,3,3,01,01,01,05,03,03,02,02,01,01,03,50.0,75.0,8,3,1,1,01,2,,,04,1951.0,2,08,04,02,05,02,01,1,0.5400015711784363,2.0
1217,J0L,26,07,2,1,2,1,2,4,3,1,1,3,1,02,04,9.0,8.0,03,02,01,,1,,2,1,3,2,2,2,2,30.0,40.0,20.0,60.0,60.0,1,2,1,3,3,1,3,20.0,25.0,50.0,60.0,70.0,01,98,03,3,2,1,3,2,2,2,3,98,02,98,05,04,03,02,02,98,98,04,75.0,50.0,9,8,2,2,98,,1,04,04,1940.0,2,09,99,11,02,02,01,1,1.2277785539627075,2.0
1218,J6X,14,01,1,2,2,1,1,3,3,2,2,3,1,03,02,8.0,6.0,01,03,02,,8,8,2,3,3,1,2,2,2,20.0,50.0,80.0,50.0,30.0,1,2,1,4,4,1,3,10.0,60.0,90.0,50.0,10.0,02,03,03,2,3,1,4,3,2,2,3,03,02,03,04,02,03,02,03,03,03,04,10.0,50.0,1,3,1,1,02,3,,,04,1968.0,1,07,04,02,04,02,01,1,2.670271873474121,2.0
1219,J7C,15,03,2,2,2,1,2,3,2,2,2,2,1,99,,5.0,5.0,02,01,,04,2,,2,2,3,1,1,1,3,10.0,50.0,50.0,0.0,50.0,1,2,1,4,2,2,2,0.0,40.0,50.0,0.0,0.0,98,03,03,3,3,1,3,2,2,3,3,98,98,98,05,03,03,98,02,03,98,03,30.0,20.0,1,3,3,1,99,,2,,99,1951.0,1,07,99,10,04,02,01,1,0.6322008967399597,2.0
1220,G8T,04,04,1,1,2,2,2,3,3,2,1,3,1,03,01,10.0,8.0,04,01,,03,2,,3,3,2,1,2,2,2,70.0,60.0,90.0,55.0,65.0,2,2,1,4,2,2,3,80.0,30.0,95.0,80.0,998.0,03,98,03,3,3,1,4,2,2,2,2,02,01,01,05,02,03,03,02,03,03,03,50.0,85.0,8,3,3,2,03,1,,,04,1983.0,2,09,04,02,05,02,01,1,1.7117935419082642,2.0
1221,J0K,24,02,2,1,2,1,2,3,3,2,2,1,1,02,03,8.0,8.0,01,03,,04,1,,1,1,4,1,2,1,4,0.0,75.0,50.0,998.0,998.0,1,2,1,3,2,2,2,0.0,50.0,60.0,50.0,998.0,03,04,04,2,3,1,3,3,2,2,4,98,02,98,05,04,04,02,02,02,98,04,80.0,50.0,1,3,3,1,02,2,,,04,1954.0,1,06,03,02,05,02,01,1,1.956773042678833,2.0
1222,H1H,06,99,1,1,2,1,9,9,9,9,1,1,1,99,,10.0,9.0,99,,99,,9,,2,8,9,9,9,1,4,5.0,0.0,0.0,0.0,0.0,1,2,1,9,4,1,1,7.0,0.0,0.0,0.0,0.0,01,04,98,3,9,9,1,2,1,8,4,98,98,98,98,98,98,99,99,99,99,99,0.0,7.0,2,8,8,1,97,,8,,99,1963.0,1,09,10,02,99,04,10,5,5.990713596343994,2.0
1223,G1K,03,98,1,2,2,1,1,3,2,1,1,1,1,02,03,10.0,7.0,01,02,02,,1,,1,2,3,1,1,1,2,40.0,75.0,25.0,1.0,10.0,1,2,1,2,8,1,3,20.0,80.0,60.0,1.0,5.0,98,03,03,3,3,1,3,2,2,2,4,02,03,02,05,03,03,02,02,02,02,03,50.0,75.0,1,8,1,1,02,3,,,06,1941.0,1,04,02,03,04,02,01,1,0.35561421513557434,2.0
1224,H7P,13,01,1,1,1,1,3,4,2,1,1,1,1,02,03,10.0,7.0,01,03,02,,8,1,2,2,3,1,2,2,2,40.0,60.0,20.0,80.0,70.0,2,2,1,4,8,1,3,20.0,80.0,50.0,90.0,90.0,01,04,04,3,3,1,4,2,1,2,4,02,01,01,05,04,03,02,02,03,98,04,70.0,80.0,1,4,4,1,02,2,,,04,1972.0,1,10,10,02,05,02,01,1,2.670271873474121,2.0
1225,G4Z,09,06,2,2,3,3,3,2,4,3,2,4,1,01,03,5.0,5.0,01,03,,03,2,,2,2,3,2,2,1,3,60.0,40.0,50.0,997.0,997.0,8,1,1,4,4,3,2,60.0,30.0,60.0,997.0,997.0,01,06,03,3,3,3,3,2,3,3,3,01,01,98,05,98,03,01,98,03,01,01,50.0,60.0,8,2,2,1,01,3,,,02,1979.0,2,09,08,02,04,02,01,1,0.8883579969406128,2.0
1226,H3T,06,96,2,2,4,3,3,3,1,3,3,1,1,03,97,10.0,0.0,01,02,,03,2,,1,1,3,1,1,1,3,50.0,30.0,75.0,998.0,998.0,1,2,1,4,2,4,2,80.0,80.0,65.0,20.0,997.0,01,02,02,1,4,1,3,2,1,1,1,01,02,01,05,04,03,02,02,03,03,02,998.0,998.0,8,1,1,1,97,,1,03,02,1950.0,1,09,03,02,04,02,02,4,1.418331265449524,2.0
1227,J3V,16,03,1,1,2,1,2,4,2,2,1,1,1,04,03,6.0,0.0,01,07,01,,1,,1,1,3,1,2,1,3,0.0,50.0,75.0,100.0,75.0,8,2,1,2,8,2,2,0.0,0.0,50.0,75.0,997.0,06,04,98,8,2,1,1,1,8,4,1,03,02,98,05,98,03,04,04,03,01,04,998.0,100.0,1,4,1,1,04,2,,,04,1975.0,2,07,06,10,04,02,10,1,0.926587700843811,2.0
1228,H2E,06,98,1,1,2,2,3,4,4,1,1,2,1,03,04,5.0,5.0,03,01,,04,8,8,1,2,3,1,8,1,3,40.0,35.0,50.0,5.0,5.0,1,2,1,8,2,3,2,30.0,35.0,50.0,997.0,997.0,03,03,03,3,4,8,4,2,3,2,4,99,99,98,05,03,03,98,03,99,98,03,0.0,999.0,8,3,2,1,97,,2,,07,1953.0,1,06,03,02,04,02,01,1,1.828485131263733,2.0
1229,G4W,11,08,2,2,2,1,3,3,1,1,2,3,2,,,10.0,7.0,02,03,,03,2,,3,2,2,2,2,8,1,75.0,0.0,30.0,997.0,997.0,2,8,8,4,2,1,3,70.0,0.0,25.0,998.0,998.0,01,01,03,8,1,8,8,8,1,1,4,01,01,98,98,98,03,01,01,01,98,98,25.0,75.0,1,2,2,8,01,2,,,01,1953.0,2,08,07,04,04,02,01,2,0.6140424609184265,2.0
1230,H3H,06,13,4,2,2,3,4,1,2,3,4,4,1,01,97,6.0,6.0,04,03,,01,1,,2,1,3,1,1,1,2,70.0,0.0,50.0,0.0,15.0,1,2,8,4,4,2,3,70.0,0.0,50.0,998.0,998.0,03,98,98,8,1,1,1,3,2,3,1,98,98,98,98,98,98,98,98,98,98,98,0.0,85.0,1,2,2,4,01,2,,,01,1984.0,2,09,03,02,03,01,09,3,2.984832286834717,2.0
1231,G4T,11,01,1,1,3,3,3,8,8,2,3,3,1,02,03,5.0,5.0,01,03,01,,1,,2,3,3,1,2,8,2,10.0,80.0,65.0,997.0,997.0,2,2,1,2,8,2,3,20.0,65.0,40.0,997.0,997.0,03,02,02,2,2,1,3,2,2,2,3,02,02,98,05,98,98,98,02,02,98,02,70.0,998.0,1,3,8,2,02,2,,,06,1986.0,2,06,98,05,05,02,01,1,1.275551438331604,2.0
1232,G8L,02,96,1,1,2,3,1,2,3,1,1,1,1,02,03,10.0,5.0,01,03,01,,2,,1,1,4,1,3,8,3,10.0,50.0,25.0,998.0,998.0,2,2,9,4,4,1,2,0.0,0.0,50.0,997.0,997.0,06,98,06,1,2,1,4,4,1,1,1,98,96,98,98,98,03,98,02,02,98,98,40.0,100.0,2,8,1,1,02,2,,,02,1948.0,1,04,01,07,05,02,01,1,0.8468688726425171,2.0
1233,J4B,16,01,1,1,3,2,3,3,2,2,1,1,1,03,02,10.0,9.0,03,01,01,,1,,2,2,3,2,2,1,2,10.0,25.0,80.0,15.0,20.0,1,2,1,3,3,2,3,50.0,40.0,90.0,15.0,10.0,03,03,03,3,2,1,4,2,2,2,3,01,01,03,05,04,03,01,02,03,03,03,80.0,10.0,1,3,2,2,03,2,,,05,1948.0,1,09,08,11,04,02,01,1,0.6322008967399597,2.0
1234,H1W,06,99,2,2,2,2,3,3,3,2,2,2,1,97,97,6.0,5.0,04,01,01,,1,,2,1,4,1,2,1,2,998.0,998.0,998.0,998.0,998.0,2,8,8,3,3,3,2,5.0,4.0,4.0,997.0,997.0,06,06,98,3,2,1,2,3,2,2,4,98,98,98,98,98,98,98,98,98,98,98,50.0,70.0,2,4,2,1,97,,2,,07,1979.0,1,07,01,04,05,02,01,1,1.4359921216964722,2.0
1235,J5Y,14,98,1,1,3,2,2,2,3,3,2,2,1,02,03,10.0,7.0,03,01,,03,8,8,2,2,3,3,2,1,2,75.0,70.0,997.0,40.0,60.0,1,2,1,4,2,8,2,998.0,998.0,998.0,998.0,997.0,98,03,04,3,3,1,4,2,3,2,3,03,01,01,05,04,03,01,02,03,01,03,75.0,998.0,1,4,2,1,01,2,,,02,1974.0,2,09,10,02,05,02,01,1,0.926587700843811,2.0
1236,J7Z,25,07,2,1,2,2,1,3,1,1,2,3,2,,,8.0,8.0,01,04,,05,1,,3,3,2,3,3,2,2,65.0,95.0,50.0,65.0,65.0,1,2,1,2,3,1,4,55.0,75.0,55.0,60.0,50.0,02,02,98,3,2,1,4,4,2,2,4,02,02,02,05,02,03,02,02,02,02,02,65.0,85.0,1,3,2,2,02,2,,,04,1953.0,2,07,01,07,05,02,01,1,1.5618207454681396,2.0
1237,J0K,24,16,1,1,3,2,2,2,3,4,3,2,1,01,03,7.0,5.0,02,01,,04,2,,2,3,3,1,2,2,3,50.0,30.0,45.0,10.0,40.0,1,2,1,4,2,1,3,40.0,30.0,45.0,5.0,10.0,01,03,03,1,3,1,4,2,1,1,2,01,03,01,01,03,01,01,01,01,03,03,40.0,60.0,1,3,2,1,97,,1,03,05,1952.0,2,09,06,02,05,02,01,1,0.5400015711784363,2.0
1238,J7Y,25,98,2,2,2,2,2,3,3,2,2,3,1,03,02,7.0,7.0,01,03,01,,1,,3,3,3,1,2,2,3,999.0,999.0,999.0,998.0,998.0,2,2,1,2,2,2,3,0.0,40.0,75.0,997.0,997.0,03,03,03,3,3,1,2,3,3,3,3,98,98,98,05,04,98,98,02,98,03,04,40.0,40.0,2,4,2,2,98,,2,,04,1967.0,1,06,06,02,04,02,01,1,2.857621908187866,2.0
1239,H1B,06,98,1,3,2,3,2,1,2,1,1,2,1,02,03,6.0,6.0,03,01,,04,2,,2,2,3,1,2,8,3,50.0,60.0,55.0,997.0,997.0,2,2,8,3,1,2,2,50.0,60.0,55.0,997.0,998.0,03,03,03,3,3,1,2,3,2,2,1,03,98,98,98,03,03,03,02,02,98,03,50.0,998.0,1,4,2,1,02,3,,,04,1950.0,2,04,99,02,05,02,01,1,0.40793442726135254,2.0
1240,H2H,06,01,2,2,2,1,2,3,1,2,2,2,1,02,01,9.0,7.0,01,07,01,,1,,3,8,2,2,2,8,2,70.0,90.0,10.0,70.0,70.0,1,2,1,2,8,1,4,4.0,90.0,0.0,999.0,999.0,02,02,04,8,2,1,4,3,1,2,3,02,02,98,05,04,02,02,02,02,01,02,20.0,70.0,2,4,2,1,02,1,,,04,1982.0,1,10,02,05,05,02,01,1,1.4359921216964722,2.0
1241,H2S,06,08,1,2,4,1,3,3,2,3,2,1,2,,,7.0,3.0,03,06,02,,1,,2,2,4,1,2,1,3,20.0,60.0,27.0,998.0,998.0,1,2,1,2,8,2,2,6.0,12.0,15.0,997.0,997.0,03,98,04,2,2,1,3,2,3,2,4,03,02,02,03,04,04,02,02,02,02,03,1.0,90.0,1,2,2,2,02,2,,,04,1972.0,1,10,03,01,05,02,01,1,2.670271873474121,2.0
1242,H2T,06,98,1,1,4,3,2,2,3,3,2,4,1,01,97,9.0,8.0,04,01,04,,2,,4,3,2,3,3,2,2,90.0,10.0,5.0,5.0,50.0,2,2,1,4,8,2,3,90.0,20.0,30.0,5.0,998.0,01,05,03,1,1,3,4,2,2,8,3,01,01,01,98,98,02,01,01,01,01,03,0.0,90.0,1,3,3,2,01,2,,,04,1982.0,2,09,05,02,04,02,01,1,0.926587700843811,2.0
1243,J6K,16,10,1,1,4,3,3,1,1,2,4,4,1,01,97,10.0,10.0,02,04,,01,2,,1,1,4,1,1,1,4,80.0,0.0,0.0,0.0,60.0,1,2,1,4,1,1,4,70.0,0.0,40.0,997.0,997.0,01,06,03,1,1,2,4,4,4,1,4,01,01,01,98,01,01,01,01,01,01,01,0.0,30.0,2,1,1,1,01,3,,,02,1963.0,1,09,10,07,01,01,01,1,2.670271873474121,2.0
1244,G5Y,32,01,1,1,2,2,2,2,3,2,1,3,1,02,03,9.0,4.0,01,02,01,,8,2,2,2,4,1,1,1,3,0.0,90.0,75.0,15.0,15.0,8,2,8,3,2,8,2,0.0,95.0,85.0,70.0,997.0,02,02,03,2,2,1,8,3,2,8,3,02,02,03,02,02,02,03,04,02,98,03,50.0,75.0,1,8,2,1,02,2,,,04,1979.0,2,07,03,02,05,02,01,1,1.1921813488006592,2.0
1245,G0P,17,10,2,2,2,2,1,4,1,2,3,3,1,02,04,10.0,10.0,09,03,01,,1,,3,4,2,3,3,2,2,0.0,90.0,0.0,60.0,30.0,1,2,1,2,3,3,4,0.0,55.0,0.0,70.0,15.0,02,02,04,3,2,1,4,3,2,1,3,02,02,02,02,04,02,02,02,02,02,02,80.0,80.0,1,4,4,2,02,1,,,04,1945.0,1,09,02,01,04,02,01,1,0.7158807516098022,2.0
1246,H1L,06,02,1,2,3,3,3,3,2,3,3,2,1,02,97,7.0,8.0,03,01,02,,1,,4,3,2,3,3,2,2,40.0,60.0,40.0,5.0,10.0,2,1,1,2,3,3,3,20.0,30.0,30.0,5.0,5.0,06,01,03,3,2,1,3,2,2,2,1,02,02,98,05,02,03,02,02,02,98,02,20.0,60.0,2,4,2,2,02,2,,,04,1937.0,1,10,08,03,05,02,01,1,1.4374099969863892,2.0
1247,J3G,16,02,2,1,2,1,2,4,1,2,3,2,1,02,97,9.0,9.0,03,01,,05,1,,4,3,2,2,3,2,2,50.0,99.0,55.0,70.0,80.0,2,2,1,3,3,1,4,45.0,75.0,60.0,60.0,55.0,02,07,03,2,2,1,4,4,2,1,3,96,02,02,02,02,02,02,02,02,02,02,70.0,100.0,1,3,2,2,02,2,,,04,1945.0,1,99,08,03,05,02,01,1,0.6322008967399597,2.0
1248,H4G,06,01,1,2,1,1,1,1,1,2,2,3,1,01,97,10.0,10.0,01,03,03,,2,,2,2,3,1,2,1,2,70.0,0.0,30.0,0.0,50.0,2,1,2,4,2,1,3,70.0,25.0,35.0,0.0,35.0,01,01,01,3,1,1,4,4,2,2,4,01,01,01,01,01,01,01,01,01,01,01,0.0,70.0,1,3,3,1,01,2,,,01,1964.0,1,05,03,02,05,01,01,2,1.4495251178741455,2.0
1249,J8R,07,16,1,1,3,2,1,3,3,3,3,3,1,03,02,8.0,7.0,01,03,,04,2,,3,3,3,1,2,2,2,30.0,25.0,45.0,20.0,5.0,1,2,1,3,4,1,3,25.0,25.0,65.0,997.0,997.0,03,03,03,2,1,1,3,2,2,2,4,03,03,03,03,03,03,03,03,03,03,03,75.0,60.0,1,3,3,2,03,1,,,04,1946.0,1,09,05,03,02,02,01,1,0.6765576601028442,2.0
1250,J7V,16,02,1,1,1,1,1,1,1,1,2,4,1,02,03,10.0,10.0,06,07,01,,2,,4,1,4,1,2,1,4,0.0,50.0,50.0,998.0,50.0,2,2,2,1,1,3,2,0.0,50.0,20.0,997.0,997.0,03,02,03,2,2,1,1,4,4,2,4,02,03,03,05,03,03,02,02,02,03,03,0.0,100.0,2,4,1,1,02,1,,,04,1956.0,1,05,02,02,02,02,01,1,1.828485131263733,2.0
1251,H2A,13,98,2,2,2,1,2,2,1,3,3,1,1,03,01,8.0,3.0,01,07,,03,3,,4,8,4,1,1,1,3,35.0,35.0,30.0,5.0,30.0,1,2,1,8,3,3,2,5.0,997.0,997.0,997.0,997.0,02,02,03,2,3,1,4,4,3,1,4,02,02,98,05,02,02,02,02,02,98,02,50.0,50.0,1,1,1,1,97,,2,,98,1967.0,1,08,99,02,02,02,01,1,2.670271873474121,2.0
1252,G0C,11,06,1,1,1,1,1,4,2,1,2,1,1,03,02,10.0,10.0,01,03,,05,1,,1,1,4,1,1,1,2,30.0,60.0,70.0,60.0,997.0,1,2,1,4,4,2,3,30.0,70.0,85.0,65.0,997.0,03,03,03,2,2,1,3,3,3,2,3,03,03,03,05,98,98,03,02,03,03,03,50.0,70.0,1,8,1,1,02,2,,,04,1951.0,2,08,04,03,04,02,01,1,0.39110317826271057,2.0
1253,G7S,02,10,3,1,2,2,1,4,1,2,2,4,1,02,04,10.0,10.0,09,03,,05,1,,4,4,2,2,3,2,2,0.0,95.0,0.0,10.0,0.0,1,1,1,1,1,1,4,0.0,95.0,0.0,10.0,0.0,02,02,02,3,2,1,4,4,1,1,4,02,02,02,02,02,02,02,02,02,02,02,95.0,75.0,1,4,2,8,02,1,,,04,1948.0,1,09,06,02,05,02,01,1,0.8468688726425171,2.0
1254,999,15,98,1,1,1,2,2,1,1,2,2,2,1,99,,7.0,7.0,01,02,99,,2,,3,3,2,2,3,2,1,999.0,999.0,999.0,997.0,998.0,2,2,1,4,2,1,8,999.0,999.0,999.0,997.0,997.0,99,99,99,8,9,1,2,2,8,2,3,98,98,98,98,98,98,98,98,98,98,98,998.0,75.0,8,2,2,1,99,,9,,99,1970.0,2,09,10,02,05,01,10,5,3.8655707836151123,2.0
1255,H7N,13,98,1,2,2,2,3,1,3,3,2,2,1,03,02,5.0,4.0,01,03,01,,1,,2,2,2,1,2,1,2,5.0,6.0,8.0,3.0,3.0,1,1,1,3,2,2,3,5.0,5.0,8.0,3.0,3.0,03,03,03,2,8,1,3,2,3,3,2,03,03,03,03,03,03,03,03,03,03,03,75.0,75.0,1,8,2,2,03,2,,,01,1950.0,1,09,06,02,03,02,01,1,0.6322008967399597,2.0
1256,J9L,25,10,1,2,2,2,1,3,3,3,3,1,1,01,03,8.0,7.0,01,03,03,,2,,2,2,4,1,2,1,2,80.0,10.0,60.0,5.0,5.0,1,1,1,4,2,2,3,85.0,50.0,40.0,0.0,0.0,01,01,06,2,4,1,3,2,2,1,2,01,01,01,05,05,03,01,01,01,03,03,0.0,50.0,1,4,2,1,01,2,,,01,1952.0,1,05,04,11,05,02,01,1,0.6765576601028442,2.0
1257,H2L,06,08,2,1,2,1,1,2,1,2,2,2,1,04,02,9.0,9.0,02,01,,04,2,,3,3,3,1,2,2,2,40.0,70.0,60.0,80.0,20.0,1,1,1,4,3,2,3,50.0,40.0,60.0,75.0,998.0,01,03,02,3,3,1,3,1,2,2,3,01,03,01,05,02,03,02,02,04,01,04,75.0,80.0,1,4,3,3,02,3,,,04,1977.0,2,09,04,01,05,02,01,1,0.926587700843811,2.0
1258,G1Y,03,01,1,2,3,2,3,3,1,3,2,2,1,01,03,10.0,10.0,01,03,,02,2,,4,1,1,1,2,2,1,100.0,0.0,60.0,0.0,0.0,1,1,1,4,4,1,4,100.0,25.0,60.0,0.0,0.0,01,01,03,1,1,1,4,1,1,1,4,01,01,01,01,01,01,01,01,01,01,01,60.0,100.0,1,4,2,1,01,1,,,02,1949.0,2,05,04,03,05,01,01,2,0.07159081846475601,2.0
1259,G1C,03,01,1,1,2,2,3,3,3,1,1,2,1,01,97,5.0,5.0,03,01,04,,2,,1,1,4,1,1,1,2,80.0,0.0,0.0,0.0,0.0,1,2,1,4,4,2,1,80.0,0.0,0.0,0.0,0.0,01,01,01,1,1,3,1,4,2,1,2,01,01,01,01,01,01,01,01,01,01,01,0.0,70.0,2,1,1,1,01,1,,,01,1935.0,1,06,04,03,01,02,01,7,0.19304093718528748,2.0
1260,J7V,16,98,2,2,3,2,3,3,3,2,2,3,1,02,03,8.0,7.0,01,02,01,,1,,1,2,3,1,2,1,2,40.0,90.0,75.0,997.0,997.0,8,1,8,2,2,2,2,25.0,70.0,80.0,997.0,997.0,03,98,03,3,2,8,8,2,2,3,3,03,03,03,03,03,03,03,03,03,03,03,0.0,75.0,1,3,2,1,02,3,,,04,1972.0,2,08,06,06,04,02,01,1,1.7230206727981567,2.0
1261,H7N,13,03,1,1,2,2,3,3,2,3,2,3,1,05,02,10.0,8.0,02,01,02,,1,,2,2,3,2,2,1,2,6.0,8.0,7.0,997.0,7.0,2,2,1,3,2,3,3,60.0,50.0,70.0,997.0,60.0,03,06,03,3,2,1,4,2,2,3,3,01,02,03,05,04,03,02,02,02,02,03,65.0,70.0,1,3,3,2,05,2,,,04,1986.0,1,08,10,05,05,02,01,1,2.061872959136963,2.0
1262,H7L,13,98,2,2,2,2,2,2,3,2,2,8,1,01,97,3.0,4.0,01,96,,01,2,,2,2,3,1,1,1,3,55.0,0.0,998.0,997.0,997.0,1,2,1,4,4,3,2,50.0,997.0,998.0,998.0,997.0,01,06,98,3,1,1,2,8,2,2,2,98,98,98,98,98,98,01,98,98,98,98,0.0,998.0,2,2,1,1,97,,2,,01,1935.0,2,05,01,03,01,01,01,2,0.5034842491149902,2.0
1263,G8V,04,99,1,2,1,1,1,2,2,2,2,2,1,99,,10.0,10.0,01,04,,03,9,,1,1,3,1,1,1,2,999.0,999.0,999.0,999.0,999.0,2,9,9,9,2,2,1,999.0,999.0,999.0,999.0,999.0,03,99,03,2,9,1,9,2,3,2,4,99,98,99,99,98,98,98,98,98,98,98,999.0,999.0,2,1,1,1,97,,2,,99,1945.0,1,99,01,03,01,02,01,1,0.7158807516098022,2.0
1264,J7E,15,14,1,1,3,3,2,2,2,2,2,3,1,99,,7.0,7.0,03,01,,99,9,,2,1,4,1,3,1,3,999.0,999.0,999.0,999.0,999.0,2,2,9,3,4,3,1,999.0,999.0,999.0,999.0,999.0,99,99,99,2,8,3,2,2,2,2,4,99,99,99,99,99,99,99,99,99,99,99,999.0,999.0,8,9,1,1,97,,9,,99,1941.0,2,05,05,11,01,02,01,1,0.9275031685829163,2.0
1265,J0C,17,98,1,1,1,1,3,3,3,1,1,1,2,,,3.0,3.0,07,08,03,,8,8,8,8,3,8,2,8,2,998.0,998.0,998.0,998.0,998.0,2,2,1,4,8,8,8,998.0,998.0,998.0,998.0,998.0,98,98,98,8,8,8,8,8,8,8,8,98,98,98,98,98,98,98,98,98,98,98,45.0,998.0,1,3,8,2,98,,8,,07,1984.0,2,06,01,05,05,02,01,1,1.7117935419082642,2.0
1266,G2A,03,01,2,2,3,2,2,3,3,3,3,3,1,03,02,7.0,5.0,03,01,,04,1,,3,2,3,2,3,2,2,15.0,50.0,40.0,0.0,5.0,1,2,1,3,2,2,3,20.0,40.0,50.0,5.0,10.0,02,98,03,3,3,1,3,2,3,2,3,02,02,03,03,03,02,02,02,03,03,03,60.0,75.0,1,2,2,2,02,2,,,02,1946.0,1,09,06,03,01,02,01,1,0.15640604496002197,2.0
1267,G0S,12,18,1,1,3,2,1,3,1,3,3,1,1,02,01,10.0,5.0,01,03,,04,1,,3,3,2,2,3,2,2,60.0,100.0,0.0,30.0,20.0,2,2,1,1,3,1,4,0.0,100.0,10.0,50.0,20.0,02,02,03,3,2,1,3,4,1,1,3,02,02,02,02,04,03,02,02,02,02,02,80.0,80.0,1,4,4,1,02,2,,,04,1971.0,2,09,10,02,05,02,01,1,0.5570399761199951,2.0
1268,J7T,26,01,1,3,3,2,2,2,3,2,3,1,1,03,02,10.0,10.0,01,02,01,,1,,4,3,3,1,1,2,2,0.0,50.0,75.0,25.0,5.0,2,1,8,2,8,3,2,0.0,50.0,100.0,25.0,997.0,01,03,03,2,2,1,4,1,4,2,4,03,03,03,03,03,03,03,02,03,03,03,50.0,50.0,1,3,3,1,02,1,,,04,1950.0,2,04,04,02,05,02,01,1,0.5400015711784363,2.0
1269,H4L,06,01,1,1,1,1,2,2,3,2,2,1,1,01,02,7.0,6.0,03,04,03,,2,,3,8,3,2,2,8,2,90.0,80.0,50.0,60.0,60.0,2,1,1,4,2,2,3,75.0,50.0,50.0,50.0,60.0,01,05,03,3,1,3,2,2,2,2,3,01,02,02,02,02,01,01,02,01,01,01,60.0,70.0,2,1,2,3,01,2,,,06,1985.0,1,06,01,02,01,02,08,1,2.061872959136963,2.0
1270,H4G,06,13,1,2,2,2,1,3,2,1,2,1,1,03,97,9.0,5.0,01,02,02,,8,2,1,1,4,1,1,1,3,30.0,30.0,60.0,997.0,997.0,1,8,8,4,2,2,2,25.0,997.0,60.0,997.0,997.0,03,06,03,2,3,8,4,2,3,3,3,97,03,98,98,96,97,98,97,97,97,97,40.0,45.0,8,3,1,1,97,,2,,02,1946.0,2,04,99,02,04,02,01,1,0.40793442726135254,2.0
1271,J8H,25,07,1,1,2,1,2,3,3,2,2,3,1,01,03,8.0,7.0,03,01,,01,2,,4,4,2,3,2,2,2,100.0,0.0,90.0,0.0,25.0,8,1,2,4,1,1,2,100.0,0.0,90.0,997.0,997.0,01,03,03,1,1,3,8,2,2,2,2,01,01,01,05,03,03,03,02,01,01,01,0.0,100.0,1,4,2,1,01,1,,,01,1979.0,2,05,03,02,05,02,01,1,1.2265689373016357,2.0
1272,J2H,05,03,1,2,3,2,2,1,3,3,1,2,1,03,97,8.0,6.0,01,03,,02,2,,2,2,4,1,2,1,2,50.0,0.0,100.0,25.0,20.0,1,2,8,4,4,8,3,50.0,0.0,100.0,997.0,25.0,03,03,03,3,1,1,3,8,8,3,3,03,03,03,05,03,03,03,03,03,03,03,50.0,50.0,2,1,1,1,03,2,,,02,1977.0,2,04,07,01,01,02,01,1,1.1921813488006592,2.0
1273,G2A,03,96,1,1,1,1,2,3,2,2,2,1,1,03,05,8.0,8.0,03,06,,04,2,,2,2,3,1,2,2,2,75.0,40.0,85.0,25.0,60.0,1,9,1,4,3,2,3,35.0,20.0,75.0,45.0,60.0,01,98,03,2,1,1,8,2,2,3,4,01,03,01,05,03,03,01,02,03,01,03,60.0,70.0,1,3,2,1,03,2,,,02,1945.0,2,09,05,03,05,02,01,1,0.13188232481479645,2.0
1274,G0L,01,98,1,2,3,3,2,2,3,3,2,2,1,05,03,5.0,5.0,01,02,,03,2,,2,2,4,1,2,1,3,40.0,50.0,80.0,998.0,50.0,1,2,8,3,2,2,2,30.0,50.0,70.0,997.0,997.0,03,03,01,2,1,1,1,2,2,2,4,03,03,03,03,03,03,03,03,03,03,03,0.0,90.0,1,4,1,1,97,,2,,07,1961.0,2,05,03,02,05,02,01,1,1.131169080734253,2.0
1275,H4A,06,98,2,1,2,2,3,2,4,1,2,8,1,05,98,5.0,5.0,01,03,,03,2,,2,1,3,2,8,8,8,60.0,0.0,0.0,998.0,999.0,2,8,9,3,4,1,8,999.0,999.0,0.0,999.0,999.0,98,99,99,8,1,8,9,3,3,8,8,98,98,99,98,98,98,01,98,01,98,98,80.0,40.0,1,4,4,4,98,,8,,05,1959.0,2,10,01,02,05,01,99,2,0.6404670476913452,2.0
1276,H4R,06,98,1,3,4,2,1,3,1,4,3,2,1,01,03,6.0,6.0,03,01,,04,2,,3,1,3,1,3,2,2,75.0,50.0,75.0,50.0,35.0,1,2,1,1,2,2,3,40.0,40.0,40.0,80.0,998.0,98,03,04,2,1,1,4,1,3,2,1,03,98,01,05,01,03,01,03,01,03,04,40.0,70.0,2,4,3,1,01,3,,,02,1955.0,2,10,10,02,05,02,01,1,1.1798489093780518,2.0
1277,J8L,07,08,1,1,3,1,3,4,3,2,2,3,1,05,03,8.0,8.0,01,03,02,,2,,2,3,3,1,2,2,2,40.0,40.0,75.0,30.0,80.0,2,2,1,4,1,2,3,50.0,10.0,90.0,40.0,90.0,03,03,03,2,3,1,3,1,3,3,3,03,02,03,05,03,03,03,02,03,03,03,60.0,70.0,1,4,3,2,05,2,,,03,1987.0,2,08,07,05,05,02,01,1,1.7611688375473022,2.0
1278,H2P,06,16,3,2,2,2,3,2,2,2,2,3,1,04,97,5.0,8.0,02,01,,05,1,,1,1,4,1,2,1,3,20.0,70.0,25.0,85.0,60.0,1,2,1,1,2,2,2,1.0,70.0,45.0,90.0,65.0,04,04,04,3,2,1,4,4,1,1,4,02,04,04,04,04,04,04,04,04,98,04,90.0,50.0,1,4,4,1,04,1,,,04,1960.0,2,05,02,01,05,02,01,1,1.1798489093780518,2.0
1279,J8Y,07,01,1,2,2,2,1,1,4,2,2,1,1,02,03,10.0,10.0,04,01,,04,1,,1,2,3,1,2,2,3,0.0,5.0,6.0,0.0,997.0,2,2,1,4,2,1,2,0.0,0.0,100.0,10.0,997.0,03,03,03,2,3,1,4,4,1,1,1,03,03,03,03,03,03,02,02,01,02,03,50.0,50.0,2,3,2,1,02,1,,,04,1931.0,1,04,07,03,05,02,01,1,1.5382611751556396,2.0
1280,J4L,16,01,1,1,3,3,2,4,2,3,1,1,1,03,02,10.0,6.0,01,03,,05,1,,1,1,4,1,2,1,3,0.0,90.0,60.0,997.0,10.0,2,2,8,1,3,2,3,0.0,90.0,75.0,997.0,997.0,02,03,03,3,2,1,4,3,3,2,4,02,02,03,05,02,03,02,02,02,02,03,100.0,50.0,1,3,1,1,02,1,,,04,1981.0,2,09,07,02,04,02,01,1,0.926587700843811,2.0
1281,J7T,26,05,1,1,2,1,2,1,1,2,1,3,1,01,03,8.0,4.0,03,01,,02,2,,1,1,3,1,1,1,2,6.0,10.0,50.0,998.0,5.0,1,8,1,4,2,2,3,30.0,60.0,60.0,997.0,50.0,02,06,03,2,1,3,8,2,2,1,2,01,03,03,05,03,03,01,03,01,03,03,40.0,60.0,1,3,1,2,01,2,,,02,1968.0,2,08,09,06,05,01,01,2,1.2381283044815063,2.0
1282,G0J,01,16,1,2,1,2,2,1,1,2,1,4,1,01,97,8.0,6.0,01,06,02,,2,,2,2,3,2,3,2,2,80.0,0.0,20.0,0.0,40.0,1,2,1,4,2,8,3,80.0,0.0,20.0,998.0,998.0,01,01,01,3,1,1,8,2,1,2,4,01,01,01,01,01,01,01,01,01,01,01,80.0,80.0,1,3,3,1,01,2,,,01,1973.0,2,07,08,02,04,02,01,1,0.8883579969406128,2.0
1283,J1G,05,99,2,2,2,3,8,3,3,2,2,3,1,01,03,6.0,6.0,01,03,03,,8,8,2,2,3,1,1,8,3,50.0,5.0,50.0,10.0,10.0,8,8,2,3,4,8,2,30.0,0.0,10.0,997.0,997.0,06,06,98,3,4,8,8,8,9,3,8,98,98,98,98,01,01,98,98,98,01,98,0.0,10.0,1,9,8,1,98,,9,,07,1978.0,2,07,04,02,04,02,01,1,1.1921813488006592,2.0
1284,H9R,06,01,1,2,4,3,1,1,4,3,4,4,1,01,03,6.0,8.0,01,02,,01,2,,4,2,2,1,2,2,2,6.0,0.0,4.0,0.0,0.0,2,1,1,4,3,2,1,7.0,0.0,6.0,997.0,997.0,01,01,03,3,1,2,3,3,2,2,1,98,01,03,01,02,01,01,01,01,03,01,10.0,90.0,2,4,3,4,01,3,,,01,1943.0,1,11,10,02,05,01,01,2,0.3431829512119293,2.0
1285,J5A,16,01,1,1,2,2,3,2,3,3,1,2,1,03,97,7.0,6.0,01,03,,04,2,,1,2,4,1,2,1,2,63.0,70.0,78.0,60.0,65.0,1,2,1,3,4,3,3,65.0,70.0,75.0,66.0,997.0,06,03,03,3,3,1,3,2,2,2,3,97,03,98,05,98,03,98,03,03,98,03,10.0,80.0,1,3,8,2,02,3,,,04,1979.0,2,08,10,05,05,02,01,1,0.926587700843811,2.0
1286,J6K,06,96,1,1,2,1,2,2,1,1,1,2,1,02,98,10.0,6.0,03,02,01,,1,,1,1,4,1,2,1,3,60.0,75.0,50.0,998.0,998.0,1,2,8,1,2,1,3,998.0,998.0,998.0,997.0,997.0,01,98,98,2,2,1,8,2,8,2,3,98,98,98,98,98,98,02,02,02,98,98,0.0,70.0,8,8,2,2,02,1,,,04,1928.0,2,06,01,01,04,02,10,1,0.9275031685829163,2.0
1287,H3X,06,10,2,3,3,3,4,4,4,3,4,4,2,,,2.0,10.0,01,02,05,,2,,1,2,2,2,2,1,4,50.0,0.0,5.0,0.0,15.0,8,2,1,4,3,2,1,40.0,0.0,25.0,0.0,997.0,03,01,03,1,1,2,2,1,4,1,1,01,01,01,05,01,01,01,01,01,01,01,0.0,100.0,2,2,2,2,97,,1,01,02,1955.0,1,09,08,02,03,01,01,1,1.828485131263733,2.0
1288,G1K,03,01,1,1,3,1,3,3,2,2,2,2,1,01,97,8.0,6.0,02,01,,04,2,,2,8,3,2,2,2,2,60.0,40.0,40.0,40.0,70.0,2,2,1,4,2,2,2,60.0,60.0,40.0,998.0,998.0,98,02,98,3,3,1,3,3,2,8,4,01,01,98,05,98,03,02,02,03,98,01,0.0,90.0,1,4,2,2,02,3,,,04,1981.0,2,09,05,02,03,02,01,1,0.29955968260765076,2.0
1289,J7M,14,07,2,2,2,2,2,4,1,3,1,3,1,02,03,10.0,7.0,01,04,02,,1,,2,1,4,1,2,1,3,0.0,75.0,70.0,50.0,50.0,1,1,2,2,2,4,2,0.0,80.0,70.0,50.0,50.0,02,02,04,3,2,1,4,2,2,3,4,02,02,02,05,04,02,02,02,03,02,03,90.0,45.0,1,3,2,1,02,1,,,04,1976.0,1,07,10,02,04,02,01,1,1.4359921216964722,2.0
1290,J1X,05,10,1,1,2,1,1,3,1,2,2,1,1,02,04,10.0,10.0,01,04,,05,1,,2,2,3,2,2,9,3,30.0,100.0,0.0,60.0,50.0,1,2,1,1,1,1,4,10.0,70.0,0.0,60.0,20.0,02,02,02,3,2,1,4,4,2,2,2,02,02,02,02,02,02,02,02,02,02,02,80.0,70.0,1,4,3,1,02,1,,,04,1946.0,2,07,08,03,05,02,01,1,0.5248628258705139,2.0
1291,J3G,16,10,1,2,3,2,2,3,1,2,2,1,1,02,03,9.0,8.0,03,01,,02,2,,2,2,2,2,2,1,2,70.0,40.0,85.0,998.0,998.0,2,1,2,4,3,2,3,85.0,10.0,100.0,20.0,997.0,03,03,03,3,1,1,4,1,2,2,3,03,03,03,03,03,03,03,03,02,03,03,0.0,100.0,1,2,1,1,01,2,,,02,1966.0,2,08,10,01,04,02,01,1,1.7230206727981567,2.0
1292,J0R,25,98,2,1,2,1,3,3,4,3,3,2,1,03,05,6.0,3.0,06,07,02,,8,8,2,2,3,1,2,1,2,0.0,0.0,70.0,0.0,75.0,8,8,8,4,8,2,4,50.0,0.0,75.0,0.0,997.0,03,03,03,3,4,8,3,1,3,4,4,03,03,03,05,03,03,03,99,03,03,03,0.0,75.0,2,4,2,1,97,,1,03,03,1975.0,2,08,06,05,05,02,01,1,1.2265689373016357,2.0
1293,H7P,13,01,1,1,1,1,2,1,1,1,1,4,1,99,,10.0,10.0,03,01,,02,8,8,1,1,3,1,8,1,2,999.0,999.0,999.0,997.0,997.0,1,2,1,4,4,2,2,999.0,999.0,999.0,997.0,997.0,06,03,03,2,4,1,1,3,3,8,2,03,98,03,03,03,03,03,03,03,03,03,0.0,60.0,2,3,2,1,01,3,,,07,1943.0,1,04,99,02,05,02,10,3,1.418331265449524,2.0
1294,J5L,25,98,1,3,2,1,3,2,3,2,2,3,9,,,3.0,0.0,01,02,,03,3,,1,1,4,8,2,9,4,10.0,10.0,10.0,35.0,50.0,8,8,8,4,8,4,1,10.0,10.0,10.0,10.0,10.0,06,99,06,3,4,9,2,2,3,3,1,97,97,97,97,97,97,97,02,97,97,97,999.0,75.0,1,4,2,2,97,,2,,07,1959.0,2,07,06,01,05,02,01,1,1.5618207454681396,2.0
1295,J0H,26,03,2,2,2,2,2,3,2,2,2,2,1,02,03,10.0,10.0,01,02,,03,1,,3,2,3,2,2,2,2,50.0,70.0,60.0,0.0,0.0,1,2,1,2,3,1,2,50.0,60.0,70.0,998.0,998.0,01,98,03,3,3,1,4,2,1,1,3,02,02,01,02,02,03,02,02,03,01,02,50.0,70.0,1,3,2,2,02,8,,,02,1944.0,1,07,07,02,03,02,01,1,0.6765576601028442,2.0
1296,J4W,16,05,2,2,2,1,1,4,2,2,2,2,1,05,02,6.0,8.0,03,01,,04,1,,2,2,3,2,3,8,2,40.0,65.0,50.0,20.0,40.0,1,2,1,2,2,2,2,30.0,60.0,50.0,20.0,40.0,98,04,05,2,2,1,4,3,2,1,2,96,02,03,05,02,03,02,02,98,03,03,60.0,60.0,1,3,8,2,02,2,,,04,1944.0,1,09,09,02,05,02,01,1,0.6322008967399597,2.0
1297,G1S,03,01,1,2,3,1,2,4,2,3,3,3,1,01,05,9.0,8.0,01,03,,04,2,,3,2,3,1,8,8,2,80.0,70.0,70.0,25.0,80.0,1,8,1,4,2,2,3,65.0,70.0,85.0,50.0,50.0,02,03,03,3,1,1,3,2,2,2,4,01,02,03,05,04,98,96,04,98,03,03,60.0,75.0,1,3,3,3,01,8,,,03,1959.0,2,09,07,02,05,02,01,1,0.38143667578697205,2.0
1298,H1N,06,08,1,1,3,1,3,3,1,2,2,3,1,05,01,7.0,8.0,04,03,96,,2,,3,1,3,1,1,1,2,80.0,0.0,10.0,0.0,90.0,1,2,1,4,2,8,4,60.0,0.0,0.0,0.0,50.0,01,98,98,8,1,8,3,2,8,8,4,98,98,98,98,98,98,98,98,98,98,98,50.0,50.0,1,8,8,3,97,,1,05,05,1962.0,2,08,99,02,05,01,10,2,0.6404670476913452,2.0
1299,H4H,06,98,1,1,2,1,2,2,3,2,2,4,2,,,0.0,0.0,01,04,02,,1,,2,2,4,1,1,1,2,0.0,50.0,0.0,0.0,100.0,1,2,1,2,4,3,2,0.0,0.0,0.0,997.0,997.0,06,06,06,3,2,8,3,2,3,3,4,98,98,98,05,98,98,98,98,98,98,98,50.0,0.0,1,4,8,1,97,,2,,06,1950.0,2,11,03,02,05,02,01,1,0.40793442726135254,2.0
1300,G6V,12,01,2,2,3,3,2,3,1,3,3,3,1,02,97,8.0,10.0,04,01,,04,1,,2,2,3,2,2,1,2,3.0,8.0,5.0,0.0,1.0,1,1,1,3,3,1,2,2.0,6.0,0.0,0.0,1.0,02,02,03,3,2,1,4,3,3,1,2,02,02,02,02,02,02,02,02,02,02,02,10.0,60.0,1,3,2,2,02,2,,,04,1981.0,1,09,05,02,05,02,01,1,0.3552634119987488,2.0
1301,999,32,16,2,1,3,1,2,3,1,2,3,3,1,02,04,10.0,8.0,01,03,,05,1,,2,1,3,1,1,1,2,0.0,75.0,25.0,60.0,60.0,1,2,1,4,1,2,3,10.0,50.0,55.0,65.0,998.0,02,04,04,2,2,1,4,4,1,1,2,98,02,02,04,04,04,02,02,98,02,04,80.0,70.0,2,2,1,2,02,3,,,04,1942.0,1,09,06,03,04,02,01,1,1.627670168876648,2.0
1302,J0X,07,01,1,2,2,1,2,2,3,2,4,3,1,01,97,8.0,10.0,03,01,03,,2,,3,3,2,2,3,2,2,80.0,50.0,35.0,10.0,50.0,2,1,1,4,1,1,3,60.0,50.0,30.0,997.0,997.0,01,01,01,1,1,2,4,4,2,1,4,01,01,01,01,01,01,01,01,01,01,01,85.0,50.0,1,3,3,3,01,2,,,01,1940.0,1,09,06,03,04,01,10,2,0.8350262641906738,2.0
1303,J0K,24,01,1,2,3,2,2,3,3,2,2,3,1,01,02,3.0,6.0,04,01,,03,1,,3,3,2,2,3,2,1,60.0,70.0,998.0,997.0,997.0,2,2,1,3,3,2,3,60.0,50.0,60.0,55.0,997.0,01,02,04,3,2,1,4,2,2,2,3,01,02,01,02,02,02,01,02,01,01,04,50.0,55.0,2,2,2,2,01,2,,,04,1943.0,1,11,05,11,01,02,01,1,0.6765576601028442,2.0
1304,J4L,16,98,2,2,2,2,2,3,2,1,2,1,1,02,03,5.0,5.0,01,03,01,,1,,2,1,3,1,1,1,3,10.0,50.0,30.0,0.0,0.0,2,2,2,2,4,3,2,0.0,40.0,30.0,0.0,0.0,03,02,06,2,2,1,4,4,2,3,4,98,98,98,98,98,98,02,02,02,98,98,50.0,60.0,1,4,1,1,02,2,,,04,1958.0,2,04,99,02,05,02,01,1,1.1798489093780518,2.0
1305,J5C,16,01,1,1,3,1,2,3,2,2,2,2,1,02,04,9.0,7.0,01,04,,04,2,,2,3,2,1,1,1,2,80.0,85.0,80.0,85.0,70.0,2,2,1,3,3,2,3,7.0,7.0,7.0,7.0,997.0,01,03,03,3,2,1,4,2,2,2,4,01,02,03,05,02,02,02,02,03,01,03,65.0,65.0,1,4,3,2,02,2,,,04,1978.0,2,05,07,02,05,02,01,1,0.926587700843811,2.0
1306,G8T,04,98,1,2,2,2,1,2,4,2,2,3,1,03,02,8.0,8.0,01,04,,04,1,,2,3,3,1,2,1,2,0.0,70.0,70.0,998.0,998.0,1,2,1,2,4,1,2,0.0,50.0,75.0,997.0,997.0,03,03,03,3,3,1,3,2,2,2,4,03,03,03,03,03,03,02,02,03,03,03,75.0,70.0,2,3,2,1,02,8,,,04,1943.0,1,05,03,03,05,02,01,1,0.7158807516098022,2.0
1307,J8L,07,98,1,1,3,1,2,3,3,2,2,2,1,02,03,5.0,3.0,07,06,03,,8,8,2,8,3,1,2,1,3,40.0,70.0,65.0,50.0,70.0,8,8,8,8,2,2,2,40.0,998.0,50.0,997.0,997.0,03,98,03,2,3,8,3,2,8,2,4,98,98,98,98,98,98,98,98,98,98,98,50.0,80.0,1,3,1,1,97,,8,,04,1974.0,2,06,09,02,04,02,01,1,1.2265689373016357,2.0
1308,G2G,17,10,1,2,3,3,2,2,1,3,3,2,1,01,03,7.0,7.0,01,03,04,,2,,2,2,3,1,2,8,2,999.0,999.0,998.0,997.0,997.0,8,8,8,4,8,2,3,80.0,0.0,998.0,997.0,997.0,01,01,03,3,1,3,3,3,2,2,3,01,01,01,01,01,01,01,01,01,01,01,0.0,998.0,2,1,1,1,01,2,,,02,1938.0,2,05,99,06,01,02,01,1,1.1933574676513672,2.0
1309,G6J,12,99,2,4,3,3,3,2,2,3,1,2,1,03,97,10.0,8.0,02,04,03,,2,,2,8,3,1,2,1,2,40.0,2.0,100.0,1.0,0.0,2,1,2,2,8,2,3,50.0,0.0,100.0,1.0,1.0,03,03,03,3,4,3,2,1,3,2,2,03,03,03,03,03,03,03,03,03,03,03,25.0,100.0,2,3,2,2,03,1,,,02,1981.0,2,07,07,02,05,02,01,1,0.29955968260765076,2.0
1310,G0C,11,04,2,2,2,2,2,3,2,3,2,3,1,99,,8.0,7.0,01,02,02,,1,,1,1,3,2,3,1,3,40.0,50.0,20.0,5.0,10.0,1,2,1,3,2,3,3,10.0,50.0,20.0,0.0,5.0,06,02,05,3,2,1,3,2,2,1,3,98,02,98,05,98,02,02,02,02,98,02,60.0,40.0,1,3,2,2,02,2,,,99,1961.0,1,08,99,02,05,02,01,2,1.329604983329773,2.0
1311,G9N,04,15,1,2,2,1,1,2,1,1,2,2,1,01,03,3.0,8.0,01,03,,02,2,,2,2,2,1,2,1,3,75.0,0.0,25.0,0.0,0.0,1,1,8,4,2,1,2,60.0,0.0,25.0,0.0,997.0,01,03,03,1,1,1,2,2,1,2,4,01,01,98,98,01,98,98,98,98,01,01,50.0,50.0,2,1,1,1,01,2,,,02,1932.0,1,06,99,03,01,02,01,1,1.627670168876648,2.0
1312,H7A,13,04,2,1,3,2,2,4,2,2,2,4,1,03,02,7.0,10.0,01,03,01,,1,,1,1,4,1,2,1,2,0.0,50.0,50.0,0.0,0.0,1,1,1,3,3,2,2,0.0,25.0,50.0,10.0,0.0,06,06,03,2,2,1,4,2,3,3,4,03,02,02,02,02,03,02,02,02,02,03,50.0,75.0,1,3,2,1,02,2,,,04,1952.0,1,09,10,01,05,02,01,1,0.6322008967399597,2.0
1313,G1S,03,10,1,1,2,2,2,3,1,1,1,2,1,02,97,2.0,2.0,01,04,01,,1,,3,2,3,1,2,8,2,5.0,7.0,5.0,6.0,997.0,1,8,8,2,1,1,3,3.0,7.0,5.0,6.0,997.0,02,04,03,2,2,1,4,3,2,2,3,02,02,02,02,02,02,02,02,02,02,02,90.0,60.0,8,2,2,2,02,1,,,04,1946.0,2,07,01,03,01,02,01,1,0.13188232481479645,2.0
1314,H7K,13,99,1,2,2,2,8,2,9,2,1,9,1,99,,98.0,99.0,01,03,,99,2,,1,1,3,1,2,1,3,15.0,10.0,75.0,997.0,997.0,1,2,1,4,8,2,2,998.0,998.0,80.0,997.0,997.0,99,03,03,2,9,1,2,2,3,2,3,99,99,99,98,03,03,99,99,99,03,03,50.0,50.0,1,9,2,2,03,2,,,99,1934.0,2,05,01,03,02,02,01,1,0.9275031685829163,2.0
1315,G8W,04,02,1,2,3,2,2,3,3,3,2,2,1,01,97,9.0,10.0,01,03,02,,2,,2,2,3,2,2,1,2,60.0,25.0,20.0,0.0,10.0,8,2,1,4,3,1,3,50.0,25.0,10.0,20.0,20.0,01,02,03,3,1,1,4,1,2,2,1,01,02,02,05,02,98,01,02,03,03,02,20.0,50.0,2,8,1,1,01,3,,,02,1937.0,1,09,04,03,01,02,01,1,1.627670168876648,2.0
1316,J0K,04,96,2,2,2,3,3,2,2,1,2,2,1,02,03,7.0,7.0,01,07,,05,1,,1,1,4,1,2,1,2,10.0,75.0,60.0,40.0,30.0,2,8,8,8,3,2,2,10.0,60.0,80.0,997.0,997.0,03,03,03,2,3,1,2,3,4,2,4,02,02,02,02,03,03,02,02,02,02,02,25.0,25.0,8,3,2,1,02,3,,,04,1953.0,2,05,03,02,05,02,01,1,1.5180344581604004,2.0
1317,H7X,13,10,1,1,4,1,4,4,1,4,4,4,1,99,,7.0,7.0,01,02,01,,1,,1,2,4,1,1,1,1,3.0,90.0,90.0,998.0,998.0,8,1,8,8,8,2,3,3.0,90.0,90.0,997.0,997.0,02,03,03,3,2,1,1,8,2,2,1,98,98,98,98,98,98,02,03,98,98,03,50.0,75.0,8,3,2,1,02,2,,,04,1977.0,2,07,99,02,05,02,01,1,0.926587700843811,2.0
1318,G8T,04,01,1,1,1,2,3,2,2,2,3,3,1,01,02,8.0,6.0,07,08,,04,8,8,3,3,2,2,2,8,2,90.0,80.0,75.0,60.0,67.0,2,8,2,3,3,2,2,89.0,80.0,76.0,998.0,998.0,01,03,03,3,1,3,3,2,3,2,4,01,02,01,01,03,03,02,02,03,01,03,999.0,998.0,8,3,2,1,01,2,,,04,1981.0,1,10,01,05,05,02,01,1,1.626064658164978,2.0
1319,H4E,06,06,1,1,1,1,1,2,4,2,2,2,1,05,97,8.0,10.0,02,07,,03,2,,1,1,4,1,1,1,2,60.0,10.0,1.0,0.0,90.0,1,1,8,4,2,4,2,50.0,40.0,1.0,70.0,80.0,06,98,06,3,1,3,4,4,1,1,4,96,97,97,05,97,98,05,98,05,98,05,60.0,80.0,1,3,1,3,05,1,,,05,1977.0,1,09,01,01,05,06,06,3,3.221625566482544,2.0
1320,J2B,17,98,2,3,3,2,2,3,3,3,2,4,1,03,97,9.0,6.0,01,03,,03,2,,2,8,3,1,2,8,3,0.0,997.0,95.0,50.0,60.0,2,2,1,4,4,2,3,0.0,50.0,95.0,997.0,997.0,03,03,98,3,4,8,8,2,2,2,2,03,98,03,05,04,03,02,02,02,03,98,75.0,75.0,1,4,3,3,97,,2,,06,1988.0,1,06,01,09,05,02,01,1,2.3347883224487305,2.0
1321,J1X,05,13,2,3,3,2,2,1,4,2,2,2,1,01,03,5.0,8.0,03,01,04,,2,,3,3,2,1,2,2,2,80.0,0.0,70.0,0.0,25.0,1,1,2,1,1,1,4,70.0,0.0,50.0,0.0,998.0,01,01,03,1,1,1,3,1,2,2,1,01,01,01,01,01,03,01,01,01,01,03,0.0,85.0,2,3,2,2,01,1,,,02,1939.0,1,10,09,11,05,02,01,1,1.627670168876648,2.0
1322,H9X,06,96,1,1,1,1,2,2,3,1,1,9,1,05,97,9.0,10.0,03,01,03,,2,,4,4,3,2,2,9,2,60.0,60.0,0.0,70.0,80.0,2,2,1,4,3,9,4,10.0,50.0,0.0,80.0,80.0,05,98,04,3,1,1,4,4,2,1,3,05,05,05,05,05,05,05,02,05,98,05,95.0,60.0,1,4,4,4,05,3,,,03,1983.0,2,09,99,02,05,01,01,2,0.7222163677215576,2.0
1323,G2L,03,10,2,3,4,3,1,2,1,4,2,2,1,02,01,3.0,7.0,03,04,,04,1,,3,3,2,2,2,2,2,30.0,60.0,10.0,20.0,25.0,1,1,8,4,1,1,3,30.0,45.0,10.0,20.0,30.0,01,05,03,2,3,1,4,4,2,2,4,01,02,01,02,04,02,02,02,02,02,02,65.0,60.0,2,3,2,2,02,2,,,04,1947.0,1,08,09,11,05,02,01,1,0.15640604496002197,2.0
1324,J6R,16,08,1,2,2,1,3,3,3,2,2,3,2,,,8.0,5.0,02,07,,04,8,1,2,2,3,2,2,2,2,30.0,65.0,30.0,90.0,80.0,8,2,1,2,3,3,4,20.0,60.0,20.0,80.0,70.0,04,98,03,8,2,1,4,2,2,3,4,98,98,98,05,04,04,02,04,04,98,04,998.0,50.0,1,3,2,2,04,2,,,06,1985.0,2,08,03,02,05,02,01,1,1.330445408821106,2.0
1325,J2J,26,96,2,1,3,2,2,1,2,3,3,3,1,02,97,4.0,4.0,03,04,,04,1,,3,2,3,2,2,2,3,25.0,90.0,60.0,997.0,997.0,8,1,8,2,3,3,2,0.0,60.0,50.0,997.0,997.0,06,06,02,3,3,8,8,3,3,3,8,02,02,98,05,98,02,02,02,02,98,02,75.0,75.0,1,4,2,1,02,2,,,04,1985.0,2,07,01,05,05,02,01,1,1.7611688375473022,2.0
1326,G8Y,04,02,1,1,8,2,1,2,1,2,2,1,1,01,97,5.0,1.0,03,02,03,,2,,2,8,2,2,2,8,2,75.0,5.0,20.0,0.0,0.0,1,2,8,4,4,8,8,75.0,30.0,35.0,10.0,998.0,01,07,98,3,1,9,8,2,2,2,2,01,01,01,01,01,01,01,01,01,01,01,25.0,80.0,2,2,2,1,01,2,,,01,1933.0,2,07,99,03,01,02,01,1,1.1933574676513672,2.0
1327,G0L,01,06,2,1,3,1,2,3,1,2,3,1,1,03,02,10.0,7.0,03,01,,04,8,1,2,2,3,1,2,2,3,1.0,80.0,95.0,997.0,75.0,2,2,1,3,3,1,3,1.0,30.0,95.0,997.0,997.0,98,03,03,3,2,1,4,8,2,1,3,02,03,01,05,03,02,02,04,03,02,03,85.0,98.0,1,9,2,1,03,1,,,04,1980.0,2,09,03,02,05,02,01,1,0.8883579969406128,2.0
1328,H3E,06,96,1,1,3,2,2,2,3,2,3,1,1,03,02,10.0,7.0,01,02,,04,8,8,1,1,3,1,1,1,3,50.0,85.0,95.0,85.0,998.0,8,8,8,3,3,1,3,50.0,75.0,90.0,997.0,997.0,03,03,03,2,1,1,1,2,3,4,4,03,03,03,05,03,03,03,03,03,98,03,70.0,95.0,1,8,2,1,03,2,,,02,1950.0,2,08,03,01,05,02,01,1,0.40793442726135254,2.0
1329,G0R,32,98,1,8,8,8,3,2,8,8,2,8,1,99,,6.0,5.0,01,03,04,,8,2,3,1,3,1,8,8,4,60.0,50.0,60.0,997.0,997.0,2,2,8,3,4,8,2,80.0,65.0,80.0,997.0,997.0,98,98,98,3,8,1,1,1,3,3,2,98,98,98,98,98,03,98,98,03,98,98,999.0,999.0,2,9,8,8,99,,9,,06,1940.0,2,04,01,03,01,02,01,1,1.1933574676513672,2.0
1330,J9X,08,02,2,2,3,3,1,3,4,3,1,3,1,01,03,10.0,8.0,09,01,02,,1,,3,2,3,1,3,2,3,80.0,60.0,70.0,1.0,5.0,2,1,2,3,3,1,3,80.0,60.0,70.0,998.0,998.0,01,01,03,2,3,1,4,1,3,3,1,01,01,01,05,96,01,96,02,01,03,01,50.0,90.0,1,3,3,3,01,2,,,02,1965.0,1,11,10,10,04,02,01,1,2.857621908187866,2.0
1331,G0H,09,17,1,1,2,2,1,3,3,1,2,4,1,01,03,10.0,10.0,01,03,04,,2,,2,2,2,3,3,2,1,90.0,20.0,40.0,5.0,30.0,1,1,1,4,3,2,4,100.0,0.0,40.0,5.0,30.0,01,01,03,1,1,1,1,2,1,2,4,01,01,01,05,01,01,01,01,01,01,03,10.0,40.0,2,2,2,1,01,2,,,01,1945.0,2,07,03,02,01,02,01,1,0.39110317826271057,2.0
1332,J1R,05,98,2,2,4,1,3,3,8,2,2,3,1,05,04,2.0,2.0,06,01,,03,2,,2,2,4,1,2,1,3,997.0,997.0,997.0,997.0,997.0,2,8,1,4,2,4,3,17.0,17.0,15.0,997.0,997.0,98,06,02,2,1,1,4,2,8,3,4,98,02,03,05,02,03,96,02,96,03,98,50.0,50.0,1,4,2,1,05,8,,,03,1985.0,2,06,98,05,05,02,01,1,1.7117935419082642,2.0
1333,H7L,13,99,2,2,8,2,2,2,8,2,2,3,1,99,,7.0,6.0,03,01,,99,2,,8,8,8,9,8,8,2,999.0,999.0,999.0,998.0,998.0,2,8,8,3,8,9,3,998.0,998.0,998.0,997.0,997.0,98,98,98,8,9,8,3,2,2,2,3,98,98,98,05,98,98,99,99,99,98,98,50.0,75.0,8,3,8,2,99,,9,,99,9999.0,2,10,99,02,05,02,01,1,0.9275031685829163,2.0
1334,J3B,26,03,2,3,3,2,2,3,2,2,3,2,1,03,02,5.0,7.0,01,02,01,,1,,2,1,3,1,2,8,2,0.0,60.0,70.0,65.0,70.0,2,2,1,4,8,2,3,0.0,50.0,60.0,60.0,997.0,06,03,03,3,4,8,8,2,8,8,8,98,98,03,98,04,98,04,04,98,03,03,0.0,70.0,1,3,3,2,02,3,,,04,1958.0,2,07,10,02,05,02,01,1,1.5618207454681396,2.0
1335,G2J,03,09,2,2,2,1,1,4,2,1,3,2,1,02,04,9.0,7.0,01,03,01,,1,,1,1,3,1,1,1,3,15.0,85.0,10.0,80.0,80.0,1,2,1,3,2,2,3,1.0,70.0,15.0,90.0,90.0,02,04,04,2,2,1,4,4,1,1,4,04,04,04,05,04,04,02,02,02,02,04,95.0,5.0,2,2,2,1,02,2,,,04,1949.0,1,07,07,03,04,02,01,1,0.15640604496002197,2.0
1336,G5R,01,01,2,1,2,2,2,3,2,3,2,4,1,02,03,9.0,8.0,02,03,,04,1,,3,3,2,2,3,2,1,30.0,60.0,40.0,25.0,50.0,1,1,2,3,2,1,3,25.0,45.0,40.0,25.0,15.0,02,03,04,2,2,1,4,2,1,1,2,01,02,02,05,04,03,02,02,02,03,03,50.0,75.0,9,2,2,2,02,2,,,04,1946.0,1,07,09,02,02,02,01,1,0.8468688726425171,2.0
1337,J3V,16,05,3,2,3,3,2,3,4,3,2,4,1,01,97,10.0,10.0,01,03,03,,2,,2,2,2,1,3,2,2,75.0,10.0,997.0,997.0,997.0,1,1,8,4,1,1,4,60.0,0.0,50.0,90.0,5.0,01,07,04,1,1,1,3,1,1,2,2,01,01,01,05,04,01,01,02,99,01,04,0.0,80.0,2,2,1,3,01,2,,,02,1940.0,1,05,05,03,02,02,01,1,1.4374099969863892,2.0
1338,J7T,06,98,1,2,2,1,3,2,1,3,3,2,1,05,01,5.0,5.0,02,01,04,,2,,2,2,3,2,2,1,3,70.0,0.0,50.0,997.0,100.0,1,2,1,4,2,2,2,70.0,30.0,50.0,997.0,60.0,01,05,03,3,1,1,2,2,2,2,3,98,01,98,05,98,98,05,01,05,98,05,30.0,60.0,2,2,1,2,05,3,,,05,1941.0,1,11,07,01,05,15,11,3,3.224806547164917,2.0
1339,H9S,06,01,1,1,2,1,1,2,2,1,2,4,1,02,05,8.0,9.0,04,01,,05,1,,3,2,3,1,2,1,3,25.0,75.0,10.0,70.0,75.0,1,8,1,3,3,2,2,25.0,75.0,10.0,65.0,70.0,02,04,04,2,2,1,3,2,2,3,4,02,02,98,05,04,04,02,02,02,98,04,65.0,45.0,1,3,8,2,02,2,,,04,1985.0,1,04,03,04,05,02,01,1,2.061872959136963,2.0
1340,H7V,13,98,1,2,3,2,3,2,3,2,1,1,1,99,,7.0,5.0,01,02,,04,8,8,2,2,3,1,2,1,2,999.0,999.0,998.0,997.0,998.0,1,8,8,2,3,2,2,0.0,5.0,7.0,997.0,997.0,98,03,02,2,4,8,4,3,8,2,2,98,98,98,05,98,98,98,03,98,98,03,5.0,8.0,1,8,2,1,03,3,,,99,1970.0,2,07,04,06,03,02,01,1,1.7230206727981567,2.0
1341,H1H,06,99,2,3,3,2,1,2,2,2,2,3,1,99,,99.0,99.0,09,96,99,,9,,1,2,2,2,3,2,2,999.0,998.0,997.0,997.0,997.0,2,1,1,4,4,2,2,999.0,999.0,998.0,997.0,997.0,01,99,03,1,9,1,2,3,2,2,3,01,03,01,01,01,03,01,01,01,01,03,75.0,100.0,9,2,1,1,99,,1,99,99,1939.0,2,04,03,03,01,02,01,1,0.9275031685829163,2.0
1342,J0T,25,98,1,2,3,3,3,4,1,3,3,3,1,01,03,0.0,0.0,01,03,,04,2,,1,1,4,1,1,1,4,0.0,0.0,0.0,0.0,0.0,8,1,1,4,4,1,1,1.0,0.0,100.0,0.0,0.0,01,03,03,3,4,3,2,1,4,2,4,03,03,03,03,03,03,03,03,03,03,03,0.0,50.0,2,4,1,1,03,1,,,01,1941.0,2,04,07,11,04,02,01,1,1.2277785539627075,2.0
1343,H8N,06,01,1,8,1,2,2,3,1,2,2,2,1,01,03,7.0,7.0,01,03,02,,2,,2,2,2,2,2,1,2,100.0,998.0,998.0,998.0,997.0,2,1,1,4,2,2,3,998.0,999.0,998.0,998.0,997.0,01,03,03,3,4,1,2,2,1,1,3,01,03,03,01,03,03,03,01,01,03,01,60.0,70.0,8,2,1,1,01,2,,,01,1928.0,2,02,02,03,02,02,01,1,0.9275031685829163,2.0
1344,G9N,04,98,1,2,4,4,3,4,4,1,1,4,1,01,97,7.0,5.0,01,03,04,,2,,1,1,4,1,2,1,2,89.0,0.0,0.0,997.0,997.0,1,1,8,4,4,2,2,100.0,5.0,50.0,997.0,997.0,01,06,06,3,1,3,8,4,4,3,4,01,01,01,01,01,01,01,01,01,01,01,0.0,0.0,1,4,4,1,01,2,,,07,1974.0,2,04,01,06,05,02,01,1,1.1921813488006592,2.0
1345,999,03,01,1,2,2,1,2,1,4,1,2,3,1,03,97,7.0,5.0,01,06,,03,2,,1,1,4,1,2,1,2,0.0,0.0,100.0,997.0,997.0,2,2,1,4,2,2,2,0.0,998.0,85.0,997.0,0.0,98,03,03,3,4,1,3,2,2,2,2,03,03,03,05,98,03,03,03,03,98,03,50.0,80.0,2,3,1,1,97,,2,,01,1945.0,2,06,99,03,05,02,01,1,0.13188232481479645,2.0
1346,H7G,13,02,2,3,2,2,2,3,2,2,2,2,1,03,01,10.0,5.0,03,01,02,,8,2,2,1,3,1,2,2,2,50.0,48.0,100.0,997.0,997.0,2,8,2,4,2,1,3,40.0,20.0,100.0,997.0,997.0,01,03,03,3,3,1,8,2,3,2,3,03,99,03,03,03,03,03,02,03,02,03,80.0,80.0,2,1,1,1,01,3,,,02,1967.0,2,05,07,02,98,02,01,1,1.7230206727981567,2.0
1347,G8A,02,06,2,1,2,2,2,2,2,2,2,2,1,01,03,9.0,9.0,01,02,05,,2,,2,2,2,1,2,1,2,70.0,0.0,60.0,10.0,10.0,2,1,8,4,8,1,3,80.0,0.0,70.0,0.0,50.0,01,03,03,3,1,8,3,3,2,4,4,98,98,98,98,98,98,98,98,98,98,98,0.0,80.0,8,2,1,2,01,2,,,02,1962.0,2,09,08,02,04,01,01,2,0.6140424609184265,2.0
1348,G2A,03,11,2,3,3,4,3,3,3,3,2,2,1,03,97,10.0,10.0,01,02,,02,2,,2,1,4,1,1,1,3,10.0,0.0,90.0,0.0,5.0,1,1,1,4,2,2,3,20.0,0.0,90.0,5.0,997.0,03,03,03,2,1,1,1,1,4,3,2,03,03,03,05,03,03,03,02,03,03,03,0.0,80.0,2,3,2,1,03,2,,,02,1940.0,1,08,99,03,05,02,01,1,0.35561421513557434,2.0
1349,J1H,05,06,3,1,3,1,3,4,1,1,2,1,1,02,04,10.0,10.0,01,04,,05,1,,3,3,3,2,2,2,2,50.0,80.0,10.0,90.0,90.0,1,2,1,3,3,1,3,30.0,65.0,20.0,70.0,60.0,06,04,04,2,2,1,4,4,1,2,4,02,02,01,05,04,04,02,02,98,98,04,70.0,65.0,1,4,4,2,04,2,,,04,1985.0,1,06,01,05,05,02,01,1,2.3347883224487305,2.0
1350,G1H,03,02,1,1,2,1,2,2,3,2,1,3,1,03,02,9.0,6.0,01,03,,04,1,,2,1,3,1,2,1,2,1.0,60.0,90.0,997.0,80.0,2,1,8,2,3,2,2,0.0,70.0,90.0,997.0,997.0,98,06,03,3,2,1,4,2,2,3,4,03,02,03,05,03,02,02,02,03,98,03,60.0,50.0,1,4,2,1,03,2,,,04,1983.0,2,07,05,02,05,02,01,1,0.4301224946975708,2.0
1351,J9X,08,02,1,2,1,1,1,2,1,1,1,2,1,04,02,10.0,9.0,01,03,,04,1,,3,2,4,1,1,1,3,25.0,90.0,70.0,90.0,90.0,1,8,8,2,2,1,2,0.0,0.0,0.0,997.0,997.0,06,04,04,3,2,1,8,4,8,3,3,02,98,98,05,04,03,02,02,02,98,02,100.0,998.0,1,8,8,1,02,1,,,04,1953.0,2,06,03,02,05,02,01,1,1.5618207454681396,2.0
1352,999,06,10,1,2,1,1,2,2,1,2,3,4,1,05,01,1.0,2.0,03,02,04,,2,,1,1,4,1,1,1,3,50.0,50.0,10.0,997.0,50.0,1,2,1,4,3,1,1,50.0,10.0,10.0,997.0,997.0,99,06,06,2,1,2,8,8,1,2,3,98,98,98,05,98,98,98,98,98,98,98,50.0,75.0,2,1,1,1,01,2,,,02,9999.0,1,09,08,02,03,01,10,2,0.7802807092666626,2.0
1353,G1C,03,01,1,1,1,2,1,2,2,3,3,2,1,01,02,4.0,8.0,01,03,02,,2,,3,2,4,1,2,2,2,80.0,70.0,50.0,997.0,997.0,1,1,1,4,3,2,2,75.0,40.0,40.0,70.0,997.0,98,04,04,3,3,1,3,2,3,2,4,01,02,01,05,04,03,02,02,01,02,04,80.0,80.0,1,9,9,1,01,2,,,01,1947.0,2,09,07,03,03,02,01,1,0.13188232481479645,2.0
1354,H7W,13,10,1,2,3,2,1,2,1,3,2,1,1,01,05,10.0,10.0,03,07,,02,2,,3,3,2,2,2,2,2,90.0,0.0,5.0,0.0,60.0,2,8,1,4,4,2,4,80.0,5.0,5.0,0.0,30.0,01,01,03,3,1,3,4,4,2,1,2,01,01,01,05,01,01,01,01,01,01,01,5.0,20.0,1,8,2,4,01,2,,,01,1977.0,1,11,10,01,04,02,02,7,0.7795112729072571,2.0
1355,G9P,04,02,1,1,1,2,1,1,1,2,2,2,1,03,97,6.0,5.0,01,03,03,,2,,2,2,3,1,2,1,3,46.0,30.0,998.0,998.0,998.0,1,2,2,4,8,3,2,30.0,50.0,75.0,997.0,997.0,03,03,03,3,3,1,8,3,2,2,2,98,98,98,98,98,03,03,03,03,98,03,50.0,75.0,2,2,1,1,97,,1,03,99,1924.0,2,05,99,03,01,02,01,1,1.1933574676513672,2.0
1356,J0L,26,02,1,2,3,2,1,3,1,2,1,3,1,01,03,10.0,7.0,03,01,02,,2,,2,2,2,2,2,2,1,80.0,10.0,60.0,0.0,0.0,1,1,1,4,2,2,3,80.0,20.0,60.0,10.0,997.0,01,03,03,1,1,1,4,1,2,2,3,01,03,01,01,03,03,01,03,03,01,03,20.0,80.0,2,3,2,2,01,2,,,01,1940.0,1,04,02,03,03,02,01,1,1.5382611751556396,2.0
1357,H7T,13,03,1,2,2,1,3,1,4,1,2,3,1,03,02,4.0,7.0,01,02,02,,2,,2,8,3,1,2,2,2,65.0,70.0,80.0,10.0,10.0,2,2,1,4,4,3,2,65.0,60.0,70.0,998.0,997.0,01,01,02,3,3,1,3,2,2,2,3,98,03,01,01,98,02,02,02,98,01,03,70.0,100.0,1,3,2,1,03,2,,,01,1977.0,2,09,03,02,04,02,08,1,0.926587700843811,2.0
1358,G7H,02,96,2,2,1,2,1,3,3,1,2,1,1,03,01,8.0,4.0,01,02,03,,2,,1,2,4,1,2,1,2,15.0,2.0,80.0,0.0,0.0,1,2,1,4,3,2,2,20.0,0.0,80.0,2.0,2.0,03,03,03,3,3,1,4,2,2,8,3,03,03,03,03,03,03,03,03,03,03,03,0.0,998.0,1,3,2,2,03,2,,,02,1955.0,1,09,02,07,05,02,01,1,2.4493582248687744,2.0
1359,J4Y,16,05,1,2,3,2,3,2,4,3,3,4,1,01,98,8.0,7.0,03,01,,03,2,,2,2,3,1,2,8,2,80.0,20.0,50.0,998.0,998.0,1,1,1,4,3,2,4,85.0,50.0,65.0,50.0,997.0,01,04,03,3,1,1,3,1,2,1,2,01,01,01,98,04,98,01,03,01,01,98,25.0,70.0,1,4,2,3,01,2,,,06,1958.0,2,09,10,01,05,02,01,1,1.1798489093780518,2.0
1360,G6B,05,03,1,2,2,1,3,2,1,1,2,3,1,99,,10.0,7.0,01,03,01,,1,,2,1,3,1,1,1,3,40.0,998.0,60.0,50.0,998.0,1,2,1,2,4,2,2,30.0,50.0,70.0,60.0,998.0,03,03,03,2,2,1,2,3,2,3,3,02,03,03,03,04,03,02,02,03,04,03,30.0,50.0,8,3,2,2,02,3,,,04,1950.0,2,05,02,01,05,02,01,1,0.5248628258705139,2.0
1361,H1A,06,01,1,1,2,2,2,3,2,2,2,3,1,02,03,8.0,8.0,01,03,02,,1,,2,2,3,2,2,2,2,50.0,75.0,50.0,10.0,0.0,1,2,1,2,8,2,2,40.0,60.0,50.0,25.0,10.0,99,99,03,3,2,1,2,2,2,2,2,01,02,02,02,02,03,02,02,01,02,03,75.0,75.0,1,3,2,2,02,2,,,04,1951.0,1,05,10,03,05,02,01,1,0.6322008967399597,2.0
1362,J7E,15,02,2,1,2,1,2,3,1,1,2,1,1,02,05,10.0,10.0,01,04,01,,1,,1,2,2,1,2,2,2,50.0,100.0,70.0,40.0,75.0,2,1,2,2,3,2,3,0.0,75.0,75.0,60.0,80.0,02,02,03,2,2,1,4,2,2,2,4,98,02,02,02,03,02,02,02,02,02,02,80.0,75.0,1,4,3,2,02,2,,,04,1948.0,2,07,04,02,05,02,01,1,0.40793442726135254,2.0
1363,G6C,12,06,2,1,3,2,2,4,2,2,2,4,1,02,04,10.0,9.0,01,04,02,,1,,3,2,3,2,2,1,3,40.0,90.0,60.0,90.0,80.0,1,2,1,3,3,2,3,10.0,70.0,60.0,85.0,997.0,02,04,03,3,2,1,4,3,2,2,4,04,02,02,05,04,02,02,02,02,02,04,70.0,50.0,1,3,2,3,02,2,,,04,1986.0,1,08,04,02,04,02,01,1,0.5101058483123779,2.0
1364,H1A,06,98,1,1,2,1,2,3,2,2,2,3,1,02,98,7.0,6.0,03,01,02,,1,,1,2,3,1,2,1,2,25.0,70.0,60.0,65.0,50.0,1,2,1,2,8,2,3,0.0,60.0,75.0,65.0,997.0,02,03,03,3,3,1,4,3,3,3,4,02,03,03,05,04,03,04,02,02,03,04,80.0,50.0,1,3,3,2,97,,2,,06,1984.0,1,05,05,02,04,02,01,1,2.061872959136963,2.0
1365,G8Y,04,05,2,3,3,3,4,2,4,4,4,4,1,01,97,10.0,10.0,01,03,,03,2,,3,3,2,2,3,2,2,90.0,5.0,20.0,0.0,0.0,2,1,1,4,3,1,4,80.0,30.0,5.0,0.0,997.0,01,02,04,1,1,3,3,3,1,2,1,98,01,01,01,04,03,01,02,98,01,02,10.0,70.0,2,2,2,1,01,2,,,02,1945.0,1,07,09,03,05,02,01,1,0.7158807516098022,2.0
1366,J4B,16,10,1,1,2,3,1,4,1,2,2,3,1,02,97,10.0,10.0,03,01,,05,1,,1,3,3,2,3,1,2,10.0,90.0,50.0,20.0,0.0,1,2,1,1,1,1,4,20.0,80.0,40.0,60.0,10.0,02,02,03,3,2,1,4,4,2,2,3,02,02,02,02,02,02,02,02,02,02,02,90.0,60.0,1,2,2,3,02,1,,,04,1944.0,1,10,09,01,01,02,01,1,0.6322008967399597,2.0
1367,G7N,02,04,2,1,2,2,3,1,4,2,3,4,1,01,03,10.0,10.0,03,01,03,,2,,3,3,2,2,2,1,3,75.0,0.0,45.0,0.0,0.0,1,2,1,4,2,3,3,86.0,11.0,34.0,0.0,997.0,01,01,01,1,1,3,4,2,2,2,1,01,01,01,01,01,01,01,01,01,01,01,0.0,78.0,2,3,2,3,01,2,,,02,1954.0,1,11,10,02,05,02,01,1,2.4493582248687744,2.0
1368,J8T,07,98,1,1,1,2,1,1,3,1,1,9,1,99,,5.0,3.0,01,03,,04,1,,2,1,3,1,9,1,3,999.0,60.0,50.0,997.0,997.0,1,9,1,9,4,8,1,1.0,75.0,50.0,997.0,997.0,02,03,99,3,9,8,1,8,1,1,4,98,98,98,98,98,98,98,02,02,98,98,75.0,75.0,1,9,1,1,02,2,,,04,1952.0,2,05,04,08,99,02,01,2,0.2931336760520935,2.0
1369,J5Y,14,96,3,2,3,2,2,4,4,3,2,2,1,03,01,7.0,3.0,01,03,,03,2,,1,1,4,1,2,1,2,40.0,10.0,65.0,1.0,25.0,1,8,8,4,2,2,2,20.0,10.0,40.0,997.0,997.0,06,03,03,2,1,1,4,1,3,2,2,03,03,03,98,02,03,03,03,03,03,03,40.0,80.0,2,8,1,1,03,2,,,02,1951.0,1,07,08,02,04,02,01,1,0.6322008967399597,2.0
1370,J5C,25,01,1,1,3,2,3,4,4,1,1,1,1,03,97,10.0,10.0,01,04,,01,2,,2,2,3,1,3,2,2,0.0,0.0,100.0,0.0,25.0,1,2,2,4,1,1,4,0.0,0.0,100.0,10.0,0.0,03,03,03,2,1,3,1,2,3,2,3,96,03,03,05,03,03,03,03,03,96,03,25.0,25.0,2,3,1,1,03,1,,,03,1941.0,1,05,02,11,04,02,01,1,1.5382611751556396,2.0
1371,J5A,16,98,1,1,2,1,2,3,2,8,2,2,1,03,01,5.0,4.0,01,02,03,,2,,1,1,4,1,1,1,2,40.0,20.0,60.0,0.0,10.0,1,2,1,4,8,1,2,0.0,0.0,70.0,997.0,997.0,03,03,03,3,1,1,3,1,2,2,3,03,03,98,03,03,03,03,03,03,03,03,90.0,50.0,2,8,1,1,03,1,,,01,1946.0,1,05,05,02,05,02,01,1,0.6322008967399597,2.0
1372,J8X,07,01,2,1,3,1,3,4,2,3,1,2,1,03,01,10.0,7.0,01,03,03,,8,2,3,1,3,1,2,1,3,51.0,35.0,65.0,0.0,0.0,1,2,8,4,2,1,2,40.0,10.0,80.0,997.0,997.0,01,03,03,2,4,1,1,2,2,1,1,96,03,03,03,03,03,03,03,03,98,03,30.0,70.0,1,3,1,2,03,1,,,02,1948.0,2,05,08,03,05,02,01,1,0.5400015711784363,2.0
1373,J0W,25,98,1,1,1,1,1,2,2,1,1,3,1,02,03,7.0,6.0,01,03,01,,1,,2,2,3,1,2,1,3,50.0,90.0,70.0,0.0,0.0,2,2,1,3,2,2,2,50.0,40.0,70.0,0.0,20.0,01,03,03,3,3,1,3,3,2,2,3,02,02,02,02,02,02,02,02,02,02,02,20.0,50.0,2,2,2,2,02,1,,,04,1936.0,1,05,06,03,03,02,01,1,1.5382611751556396,2.0
1374,J3E,16,01,1,1,3,3,3,3,3,4,2,3,1,99,,9.0,10.0,03,02,,04,8,1,2,2,3,2,3,2,2,60.0,60.0,55.0,45.0,65.0,1,2,1,4,3,2,3,60.0,45.0,65.0,55.0,65.0,01,98,04,2,2,1,3,2,2,2,3,02,02,02,05,02,02,02,02,98,98,03,75.0,80.0,1,3,2,1,02,2,,,04,1942.0,2,07,03,03,02,02,01,1,0.9275031685829163,2.0
1375,H9H,06,98,1,1,2,1,2,2,2,2,3,2,1,01,97,5.0,5.0,02,03,04,,2,,1,1,3,1,1,1,2,100.0,0.0,50.0,997.0,998.0,1,2,2,4,4,3,2,80.0,25.0,60.0,997.0,997.0,01,98,01,3,1,3,2,3,3,3,3,01,01,01,05,98,03,01,01,01,01,01,50.0,60.0,8,3,1,2,01,3,,,01,1947.0,2,07,09,02,05,01,10,2,0.22144199907779694,2.0
1376,J9X,08,05,2,1,2,1,1,3,3,2,2,3,1,02,04,8.0,7.0,02,01,,04,1,,3,2,3,1,2,8,2,50.0,70.0,30.0,60.0,20.0,1,1,8,3,2,2,4,40.0,70.0,65.0,80.0,50.0,04,04,04,3,3,1,8,2,2,2,2,98,98,98,04,04,04,04,04,98,98,04,60.0,70.0,8,4,3,2,02,2,,,04,1944.0,2,06,04,03,05,02,01,1,0.5400015711784363,2.0
1377,H1R,06,98,1,1,2,1,1,1,1,2,2,3,1,03,05,10.0,10.0,04,03,,01,2,,1,2,4,1,1,1,3,40.0,40.0,60.0,0.0,80.0,1,2,1,4,2,1,1,40.0,40.0,50.0,60.0,60.0,05,05,05,3,1,1,2,2,3,4,3,03,03,03,05,04,01,02,04,03,03,01,0.0,90.0,8,4,2,1,03,2,,,05,1954.0,2,09,03,02,03,01,07,5,2.6469666957855225,2.0
1378,H2K,06,06,2,1,3,1,3,3,2,2,3,2,1,04,02,9.0,9.0,03,01,,04,8,8,2,1,4,1,2,1,3,10.0,80.0,50.0,95.0,85.0,1,2,1,3,8,2,2,15.0,35.0,20.0,89.0,998.0,01,04,04,8,3,1,3,3,3,3,3,98,02,98,05,04,04,02,04,02,02,04,60.0,80.0,1,4,4,2,04,2,,,04,1983.0,2,08,01,05,04,02,01,1,1.330445408821106,2.0
1379,H9R,06,99,3,3,3,1,3,4,1,3,3,3,1,01,05,3.0,3.0,03,01,03,,2,,2,2,3,1,2,8,2,60.0,10.0,50.0,5.0,60.0,1,2,1,4,2,3,4,998.0,998.0,998.0,999.0,998.0,01,07,98,3,1,3,3,2,3,2,2,98,98,01,05,01,04,01,98,01,98,98,50.0,80.0,8,3,2,4,01,2,,,02,1951.0,1,09,10,01,05,01,01,1,0.6322008967399597,2.0
1380,999,06,06,1,1,2,2,3,4,4,2,3,4,1,01,05,8.0,7.0,01,03,,04,2,,3,3,3,1,3,1,2,80.0,53.0,21.0,45.0,75.0,1,2,1,4,3,1,2,60.0,55.0,5.0,25.0,66.0,01,02,06,3,1,1,4,3,2,2,3,01,01,01,05,04,01,02,02,01,01,01,50.0,75.0,1,3,2,3,01,2,,,01,1972.0,1,10,06,02,05,02,10,1,2.670271873474121,2.0
1381,H9H,06,01,1,2,4,1,1,1,4,3,3,4,1,03,05,10.0,5.0,03,01,03,,2,,1,1,3,1,2,1,4,30.0,30.0,60.0,997.0,10.0,1,2,1,4,3,1,3,20.0,20.0,70.0,997.0,997.0,98,03,03,2,1,8,8,1,4,1,4,96,01,01,05,98,03,98,98,98,97,03,75.0,40.0,2,1,1,2,01,3,,,01,1945.0,1,04,05,03,01,01,01,7,0.3431829512119293,2.0
1382,H1W,06,06,2,1,4,2,2,4,1,1,2,3,1,02,04,10.0,10.0,02,01,02,,1,,2,2,3,1,2,2,3,3.0,9.0,1.0,9.0,7.0,2,2,1,2,3,2,3,30.0,90.0,10.0,70.0,70.0,02,02,05,2,2,1,4,4,1,2,3,02,02,02,05,04,02,02,02,02,02,02,65.0,65.0,1,3,8,3,02,2,,,04,1981.0,2,09,03,02,05,02,01,1,0.926587700843811,2.0
1383,H2R,06,02,1,1,1,1,1,1,1,1,1,3,1,99,,10.0,7.0,03,01,01,,1,,1,2,4,1,1,1,3,0.0,50.0,25.0,25.0,998.0,8,2,1,1,3,1,2,0.0,60.0,50.0,50.0,998.0,98,99,03,2,2,1,3,2,2,3,4,98,98,98,05,98,03,02,02,03,98,03,80.0,50.0,1,3,2,1,02,2,,,04,1954.0,1,05,04,02,05,02,01,1,1.828485131263733,2.0
1384,G2E,03,02,1,1,3,3,2,3,3,2,1,2,1,03,97,9.0,5.0,01,02,03,,2,,2,2,3,1,1,1,3,30.0,0.0,100.0,997.0,997.0,1,2,8,4,3,2,2,0.0,15.0,100.0,997.0,997.0,03,03,03,3,3,3,3,2,2,3,4,03,03,03,03,03,03,03,03,03,03,03,10.0,80.0,1,4,1,1,03,1,,,03,1985.0,2,07,02,05,05,02,01,1,0.4301224946975708,2.0
1385,G1P,03,01,1,1,2,2,3,2,3,2,2,3,1,99,,8.0,4.0,01,02,,04,8,1,2,2,3,2,8,8,2,30.0,25.0,40.0,997.0,997.0,1,2,1,3,4,2,3,35.0,15.0,50.0,997.0,997.0,01,03,03,3,3,1,4,3,2,2,4,01,03,03,01,01,03,02,02,03,01,03,0.0,20.0,2,3,2,1,03,2,,,02,1956.0,2,07,03,02,04,02,01,1,0.38143667578697205,2.0
1386,H4X,06,13,2,2,3,2,3,1,4,3,3,3,1,01,05,6.0,8.0,04,03,,01,2,,3,3,3,2,2,1,2,95.0,0.0,50.0,0.0,75.0,1,2,1,4,2,4,4,100.0,22.0,75.0,997.0,997.0,01,01,03,1,1,1,3,2,1,1,2,01,01,01,01,01,01,01,01,01,01,01,0.0,75.0,1,3,3,3,01,2,,,03,1975.0,1,09,09,02,04,01,01,2,0.7795112729072571,2.0
1387,J5R,16,98,1,2,2,2,4,1,3,2,1,2,2,,,0.0,0.0,01,03,,03,8,8,2,8,4,1,1,2,4,999.0,999.0,999.0,999.0,999.0,1,8,8,9,9,9,9,998.0,998.0,998.0,997.0,997.0,01,06,01,3,4,9,9,9,9,9,9,01,01,01,01,01,01,01,01,01,01,01,0.0,999.0,2,3,1,9,01,2,,,06,1964.0,2,04,01,02,05,02,01,1,1.7230206727981567,2.0
1388,J6W,14,98,2,2,2,2,2,3,2,3,2,1,1,04,05,10.0,8.0,01,03,,04,1,,2,2,3,1,2,1,3,4.0,2.0,6.0,8.0,8.0,2,2,1,4,2,8,2,4.0,0.0,5.0,997.0,2.0,06,06,03,3,2,1,4,3,2,3,3,98,98,98,04,03,03,02,04,98,03,03,85.0,85.0,1,4,8,1,02,3,,,04,1946.0,2,05,04,11,05,02,01,1,0.40793442726135254,2.0
1389,J0P,16,10,3,3,4,3,3,2,4,4,3,2,1,01,97,10.0,9.0,03,04,04,,2,,3,3,3,1,3,2,3,50.0,0.0,30.0,997.0,10.0,2,2,2,1,3,9,4,60.0,0.0,25.0,997.0,998.0,06,99,99,1,1,3,3,1,2,3,1,96,98,01,98,98,98,98,96,99,98,97,20.0,90.0,2,2,2,2,01,3,,,01,1934.0,1,08,07,03,04,01,10,2,0.7802807092666626,2.0
1390,G7P,02,98,2,1,2,3,1,1,2,2,1,3,1,02,01,9.0,9.0,01,03,01,,1,,2,2,3,1,1,1,2,40.0,80.0,30.0,0.0,0.0,2,1,2,2,3,2,3,50.0,80.0,30.0,0.0,0.0,98,98,98,2,2,1,4,2,2,3,4,02,02,02,02,02,02,02,02,02,02,02,30.0,60.0,1,3,3,2,02,2,,,04,1967.0,2,07,03,02,04,02,01,1,1.6519296169281006,2.0
1391,G0S,32,98,1,1,2,3,2,2,1,3,2,2,1,03,02,9.0,8.0,03,08,02,,1,,1,1,4,1,2,1,3,30.0,70.0,85.0,997.0,997.0,1,2,8,2,4,1,2,999.0,999.0,999.0,999.0,999.0,99,03,02,2,3,1,2,2,8,2,4,98,98,98,98,98,98,98,98,98,98,98,20.0,90.0,1,4,2,1,03,1,,,03,1971.0,2,07,03,02,04,02,01,1,2.216895818710327,2.0
1392,H1Y,06,15,1,2,1,1,1,1,3,1,3,2,1,02,04,8.0,4.0,01,03,02,,2,,1,2,3,1,2,2,2,20.0,65.0,30.0,50.0,50.0,1,2,1,3,4,2,3,5.0,45.0,40.0,50.0,997.0,01,04,04,2,3,1,2,3,9,3,4,98,02,01,05,02,02,02,02,02,02,04,0.0,100.0,1,4,2,1,02,1,,,02,1943.0,2,07,07,01,05,02,02,1,0.40793442726135254,2.0
1393,J7R,15,10,1,1,2,1,2,4,1,2,2,1,1,02,03,10.0,9.0,01,03,,05,1,,2,3,2,2,2,2,2,0.0,100.0,50.0,10.0,10.0,1,2,1,1,1,2,4,0.0,100.0,50.0,10.0,10.0,02,02,02,2,2,1,4,4,1,1,4,02,02,02,02,02,02,02,02,02,02,02,75.0,75.0,1,2,2,1,02,1,,,04,1960.0,2,07,03,02,04,02,01,1,1.1798489093780518,2.0
1394,J6W,14,15,1,3,2,1,2,2,3,2,4,1,1,03,02,10.0,8.0,03,01,,04,1,,2,1,4,1,2,1,3,50.0,75.0,90.0,2.0,5.0,2,8,8,4,2,1,2,70.0,25.0,75.0,1.0,2.0,01,03,03,3,2,1,4,2,1,1,4,03,98,03,98,98,03,03,03,03,03,03,10.0,40.0,2,3,2,1,02,3,,,04,1975.0,1,05,05,02,05,02,01,1,1.4359921216964722,2.0
1395,G8H,02,01,1,1,2,2,2,4,2,2,2,2,1,02,97,10.0,10.0,03,02,01,,1,,2,2,4,1,2,1,3,0.0,80.0,30.0,30.0,20.0,1,2,1,3,1,2,3,0.0,50.0,20.0,40.0,30.0,06,98,98,2,2,1,8,3,3,2,3,02,02,98,02,02,03,02,02,02,02,02,50.0,50.0,1,9,2,2,02,2,,,04,1948.0,2,08,06,02,05,02,01,1,0.39110317826271057,2.0
1396,H1R,06,99,1,4,4,2,3,1,2,3,2,1,1,01,03,7.0,4.0,01,02,04,,2,,2,2,4,1,2,1,2,50.0,10.0,35.0,997.0,998.0,2,2,1,4,4,2,1,40.0,10.0,50.0,20.0,997.0,01,06,98,3,1,1,2,1,3,3,4,98,98,98,98,98,03,01,02,03,98,98,50.0,65.0,1,2,1,1,97,,9,,01,1945.0,1,03,05,02,05,02,01,1,0.6322008967399597,2.0
1397,H3A,06,10,1,1,1,1,3,1,1,3,4,1,1,01,05,7.0,10.0,04,03,04,,2,,4,4,2,3,2,2,2,90.0,0.0,40.0,0.0,75.0,2,2,1,4,1,1,4,65.0,40.0,35.0,997.0,998.0,01,02,04,1,1,3,3,2,2,2,2,01,01,01,05,02,98,98,98,01,01,01,0.0,75.0,1,4,3,2,01,1,,,01,1981.0,1,10,05,02,05,01,01,2,0.7795112729072571,2.0
1398,J0H,26,14,2,2,3,2,2,3,2,4,1,1,1,03,02,8.0,8.0,03,01,01,,1,,1,1,3,1,2,8,2,0.0,50.0,70.0,5.0,15.0,1,1,1,3,2,2,4,50.0,998.0,80.0,998.0,0.0,01,03,03,3,2,1,1,2,2,3,1,03,02,01,98,03,03,02,02,03,98,03,50.0,80.0,2,2,1,1,02,3,,,02,1962.0,1,07,07,01,04,02,01,1,1.956773042678833,2.0
1399,J5Z,14,03,2,1,2,2,3,3,1,2,2,2,1,02,05,10.0,7.0,01,04,01,,1,,2,8,3,1,2,1,4,20.0,95.0,40.0,75.0,85.0,2,2,1,1,3,1,3,0.0,75.0,70.0,997.0,997.0,06,02,03,8,2,1,4,8,8,2,4,98,02,98,05,98,03,02,02,02,98,02,60.0,60.0,1,4,2,1,02,1,,,04,1987.0,2,06,03,09,05,02,01,1,1.330445408821106,2.0
1400,H8S,06,98,1,2,2,2,2,1,3,2,2,3,2,,,0.0,0.0,01,02,04,,2,,1,1,4,1,1,1,2,60.0,0.0,50.0,0.0,10.0,8,2,1,4,4,3,1,50.0,0.0,35.0,997.0,997.0,06,06,06,3,1,8,8,2,3,3,2,98,98,98,05,98,98,01,98,01,01,98,50.0,35.0,1,4,2,3,01,3,,,06,1962.0,2,07,05,02,05,01,10,1,1.1798489093780518,2.0
1401,G2M,03,09,2,1,2,1,3,3,1,2,3,3,1,02,04,10.0,10.0,04,02,,05,1,,1,2,3,2,2,1,2,20.0,90.0,10.0,65.0,65.0,1,2,1,3,2,2,3,10.0,60.0,10.0,85.0,50.0,02,04,04,2,2,1,4,3,3,2,3,04,02,01,05,02,02,02,02,02,02,04,80.0,75.0,2,2,2,3,02,1,,,04,1938.0,1,07,03,03,01,02,01,1,0.35561421513557434,2.0
1402,J3H,16,06,2,1,2,2,2,2,8,2,3,4,1,02,01,8.0,6.0,01,04,,03,2,,3,2,3,1,2,8,2,60.0,50.0,50.0,997.0,50.0,1,1,1,4,3,3,3,70.0,30.0,40.0,997.0,998.0,01,98,98,1,4,1,4,3,2,3,4,01,01,04,05,04,01,01,01,02,01,05,70.0,70.0,1,2,3,1,01,2,,,01,1950.0,2,09,99,06,03,02,01,7,0.22144199907779694,2.0
1403,G1V,03,98,2,1,3,3,2,2,3,1,1,2,2,,,9.0,5.0,01,03,,03,2,,2,2,3,1,2,1,3,50.0,1.0,80.0,30.0,997.0,1,1,8,4,3,8,3,50.0,1.0,80.0,997.0,997.0,03,03,03,3,4,8,4,3,8,8,2,98,03,03,05,03,03,98,98,03,03,03,50.0,50.0,8,4,2,1,03,2,,,06,1967.0,2,04,01,02,05,02,06,3,1.2497085332870483,2.0
1404,J7V,16,96,2,2,3,1,3,2,4,2,3,3,1,01,05,9.0,9.0,03,01,,03,2,,3,3,2,2,3,2,2,75.0,55.0,40.0,20.0,60.0,1,1,2,4,3,2,4,70.0,40.0,50.0,20.0,998.0,01,01,03,3,1,1,3,1,2,2,3,01,01,01,05,03,03,01,02,01,01,03,40.0,50.0,2,2,2,1,01,2,,,02,1959.0,2,10,10,02,02,01,01,1,1.1798489093780518,2.0
1405,G0X,04,98,2,2,3,2,2,3,3,3,2,3,1,01,03,7.0,5.0,01,03,04,,2,,2,2,3,2,3,2,2,85.0,5.0,65.0,0.0,0.0,1,1,1,4,2,2,2,85.0,5.0,65.0,0.0,0.0,01,01,03,1,1,3,1,2,1,1,1,01,01,01,01,01,03,01,01,01,01,01,50.0,90.0,8,3,2,1,01,2,,,02,1947.0,1,05,06,03,04,02,01,1,0.7158807516098022,2.0
1406,999,02,01,1,1,2,3,2,3,1,2,2,3,1,03,04,9.0,7.0,01,02,03,,2,,1,1,3,1,2,1,3,0.0,10.0,100.0,0.0,0.0,1,1,8,4,4,2,3,0.0,10.0,100.0,0.0,0.0,03,03,03,3,4,3,2,3,3,3,4,03,03,03,03,03,03,03,03,03,03,03,50.0,50.0,8,8,2,1,03,1,,,04,1957.0,1,05,99,02,05,02,01,1,2.4493582248687744,2.0
1407,999,06,98,1,1,1,1,2,2,1,1,1,1,1,01,97,10.0,7.0,01,02,01,,2,,1,1,4,1,1,1,4,60.0,0.0,0.0,0.0,998.0,1,2,8,4,4,3,1,80.0,20.0,30.0,997.0,998.0,01,01,06,3,1,1,4,4,1,1,4,01,99,99,05,99,99,01,98,01,01,01,20.0,20.0,2,3,2,4,01,2,,,01,1958.0,1,99,04,02,01,09,09,3,4.102169036865234,2.0
1408,999,32,99,1,1,9,9,9,2,9,1,1,1,1,99,,2.0,1.0,01,02,,05,1,,1,1,4,1,1,8,2,0.0,90.0,2.0,5.0,3.0,1,1,8,1,8,2,2,0.0,10.0,20.0,90.0,997.0,04,04,04,3,2,1,8,8,3,3,4,04,04,98,05,04,04,02,02,03,04,04,75.0,50.0,2,2,2,2,99,,1,04,04,1965.0,2,07,99,06,03,02,01,1,2.216895818710327,2.0
1409,J0J,26,98,2,1,2,1,2,3,1,1,2,3,1,02,03,8.0,7.0,03,06,01,,1,,3,2,3,1,2,2,2,55.0,85.0,80.0,997.0,65.0,1,1,8,3,2,1,3,50.0,75.0,85.0,998.0,998.0,02,03,03,2,2,1,4,2,1,2,4,98,03,02,02,98,03,02,02,02,02,03,60.0,75.0,1,4,2,2,02,2,,,04,1977.0,2,07,07,04,05,02,01,1,1.2265689373016357,2.0
1410,H1L,06,98,1,1,3,2,3,4,2,3,1,1,1,96,97,5.0,8.0,03,01,,04,8,1,2,2,2,2,3,2,1,60.0,80.0,75.0,75.0,40.0,2,2,1,3,3,2,3,40.0,60.0,998.0,998.0,50.0,02,98,03,3,2,1,4,3,2,2,3,98,98,98,98,98,03,02,02,98,98,98,90.0,80.0,1,8,2,2,02,2,,,04,1944.0,1,09,03,03,05,02,01,1,0.6322008967399597,2.0
1411,G0W,02,10,2,2,2,1,2,2,1,2,2,2,1,03,02,9.0,6.0,01,96,,04,1,,3,1,2,1,1,1,2,0.0,60.0,75.0,10.0,10.0,1,2,1,1,8,8,3,0.0,50.0,80.0,10.0,997.0,03,03,03,2,2,1,1,3,2,3,3,03,02,03,03,02,03,03,03,02,03,03,75.0,60.0,2,2,2,1,02,2,,,04,1972.0,1,07,08,02,05,02,01,1,3.576978921890259,2.0
1412,H3E,06,10,2,3,4,2,1,4,1,2,2,3,1,02,01,6.0,8.0,03,01,01,,1,,2,1,4,1,8,1,2,50.0,70.0,20.0,0.0,20.0,1,2,1,3,8,1,2,50.0,80.0,50.0,0.0,20.0,02,07,03,3,2,1,3,2,8,3,3,98,98,02,05,02,03,02,02,03,01,03,25.0,75.0,1,2,2,2,02,2,,,04,1947.0,1,09,10,02,05,02,01,1,0.6322008967399597,2.0
1413,H1P,06,10,2,2,2,2,1,1,1,2,2,3,1,99,,9.0,5.0,04,03,,02,2,,3,8,2,2,3,2,1,75.0,5.0,50.0,997.0,997.0,1,2,1,4,2,2,3,75.0,0.0,50.0,997.0,997.0,01,98,03,3,1,3,3,2,2,2,2,98,98,01,01,01,98,03,03,01,01,03,998.0,75.0,2,1,1,1,01,2,,,01,1977.0,1,07,10,01,03,01,10,2,0.7795112729072571,2.0
1414,J7A,15,96,1,2,3,1,2,3,3,3,3,2,1,03,02,7.0,5.0,03,01,,02,1,,3,2,3,1,2,1,3,50.0,75.0,80.0,997.0,997.0,1,2,1,4,2,2,3,45.0,75.0,80.0,30.0,55.0,03,02,03,2,2,1,4,1,3,2,2,03,02,03,02,02,03,02,02,03,03,03,60.0,90.0,1,2,2,1,02,3,,,04,1941.0,1,10,10,01,01,02,01,1,1.4374099969863892,2.0
1415,J4B,16,14,1,1,1,1,2,2,2,2,2,1,1,01,03,1.0,1.0,01,03,02,,2,,1,3,3,1,2,2,2,999.0,997.0,998.0,998.0,998.0,1,2,2,4,3,4,2,1.0,5.0,1.0,5.0,5.0,01,03,03,2,1,1,1,1,2,2,1,03,03,03,03,03,03,01,01,03,03,03,100.0,5.0,2,2,1,2,01,2,,,01,9999.0,2,02,03,06,99,02,01,1,0.9275031685829163,2.0
1416,J1C,05,15,1,1,3,3,2,2,2,2,3,2,1,99,,7.0,4.0,01,03,,04,8,8,2,2,3,2,2,8,3,50.0,50.0,75.0,997.0,0.0,2,2,8,8,4,9,3,40.0,40.0,80.0,998.0,998.0,03,03,03,3,3,3,9,2,8,2,4,98,98,98,98,03,03,98,98,03,98,03,70.0,70.0,8,3,2,1,97,,8,,01,1947.0,2,05,99,03,05,02,01,1,0.5248628258705139,2.0
1417,G5J,01,01,1,2,4,3,2,3,3,4,2,2,1,04,03,8.0,6.0,01,02,02,,1,,2,2,2,2,2,1,2,35.0,80.0,85.0,75.0,15.0,1,2,1,3,2,2,2,10.0,50.0,75.0,80.0,15.0,04,04,03,3,2,1,3,2,3,2,3,01,02,02,03,04,03,02,02,04,01,04,75.0,50.0,2,2,2,2,02,2,,,04,1966.0,1,09,05,02,04,02,01,1,3.576978921890259,2.0
1418,G7H,02,16,2,1,3,1,1,4,2,2,2,1,1,02,05,0.0,7.0,03,01,01,,1,,1,1,4,1,2,1,3,0.0,75.0,10.0,80.0,90.0,1,2,1,3,8,4,1,0.0,75.0,50.0,60.0,997.0,06,98,06,3,2,1,4,3,2,8,2,98,02,98,05,98,98,98,98,98,98,98,75.0,95.0,8,4,1,1,02,2,,,04,1973.0,2,07,03,02,05,02,01,1,0.8883579969406128,2.0
1419,H7G,13,07,1,2,3,1,3,4,4,1,2,1,1,03,02,7.0,6.0,06,01,,04,1,,1,2,3,1,8,1,8,0.0,40.0,50.0,998.0,998.0,2,2,1,3,2,2,3,0.0,45.0,60.0,998.0,998.0,98,03,03,2,3,1,4,4,3,3,4,98,03,98,98,03,03,98,02,03,98,03,63.0,35.0,1,8,2,1,97,,1,03,06,1955.0,2,10,01,07,03,02,01,1,1.1798489093780518,2.0
1420,G0S,32,03,1,1,3,1,3,2,4,3,1,2,1,03,97,7.0,1.0,02,01,03,,1,,2,1,4,1,1,1,3,0.0,10.0,98.0,50.0,50.0,1,2,1,3,4,2,3,0.0,0.0,98.0,50.0,40.0,03,03,03,8,3,1,2,2,4,4,1,03,03,03,03,03,03,03,03,03,03,03,50.0,50.0,1,2,1,1,03,1,,,02,1981.0,2,09,03,02,04,02,01,1,1.1921813488006592,2.0
1421,G1Y,03,06,2,1,1,3,2,2,3,1,2,2,1,01,03,9.0,8.0,02,01,,03,2,,2,2,2,2,2,1,2,75.0,60.0,65.0,998.0,998.0,2,2,1,3,2,3,2,75.0,75.0,75.0,998.0,998.0,01,98,03,1,3,1,3,2,2,2,2,01,01,01,05,03,01,02,02,01,01,03,25.0,80.0,9,2,1,1,01,2,,,03,1939.0,2,06,06,03,01,02,10,1,0.29985514283180237,2.0
1422,H1A,06,98,2,1,3,2,3,2,3,3,3,3,1,02,03,8.0,7.0,01,02,,05,1,,2,2,3,1,2,1,2,0.0,75.0,60.0,30.0,50.0,1,2,1,2,3,2,3,0.0,70.0,70.0,50.0,50.0,03,03,03,3,3,1,3,2,2,2,3,02,02,02,05,03,02,02,03,02,02,02,75.0,60.0,1,3,2,1,02,2,,,04,1967.0,2,09,08,02,04,02,01,1,1.7230206727981567,2.0
1423,J4P,16,17,1,1,3,2,1,1,1,1,1,2,1,02,03,9.0,9.0,01,02,01,,1,,1,1,4,1,2,1,4,0.0,100.0,90.0,997.0,997.0,1,2,8,1,2,1,3,0.0,50.0,80.0,997.0,997.0,03,03,03,2,2,1,8,2,4,8,4,98,03,98,05,03,03,03,03,03,98,03,0.0,50.0,2,4,1,1,02,3,,,04,1972.0,1,06,05,02,05,02,01,1,2.670271873474121,2.0
1424,J6J,16,98,1,1,1,1,3,2,4,1,1,2,2,,,4.0,0.0,01,03,,01,2,,1,1,4,1,1,1,4,75.0,0.0,25.0,0.0,100.0,1,2,1,4,3,4,2,50.0,997.0,997.0,997.0,997.0,01,06,06,3,1,2,4,2,3,2,4,05,05,05,05,05,05,02,05,05,05,05,100.0,0.0,1,4,4,1,05,1,,,06,1983.0,2,08,01,05,05,01,01,2,0.7222163677215576,2.0
1425,J3B,26,01,1,2,4,3,2,2,3,3,1,4,1,95,97,5.0,3.0,01,02,03,,2,,2,2,3,1,1,1,2,0.0,0.0,100.0,997.0,997.0,1,1,8,4,4,3,2,0.0,50.0,100.0,997.0,50.0,03,03,03,8,1,2,4,1,4,2,4,03,03,98,98,98,03,03,03,03,03,03,75.0,50.0,1,2,1,1,03,2,,,06,1975.0,2,06,06,02,04,01,01,7,0.6658283472061157,2.0
1426,H1L,06,02,1,1,2,1,2,1,2,3,2,3,1,02,01,7.0,7.0,08,03,,04,2,,3,3,2,1,2,1,2,60.0,90.0,50.0,997.0,997.0,1,8,8,3,1,8,3,60.0,80.0,50.0,997.0,997.0,01,02,03,2,3,1,3,4,2,2,1,02,01,01,02,02,03,01,02,02,01,02,998.0,70.0,2,8,2,1,02,2,,,04,1946.0,2,05,02,03,04,02,01,1,0.40793442726135254,2.0
1427,J4L,16,05,1,1,3,1,2,2,1,2,2,2,1,03,01,6.0,5.0,02,03,02,,2,,1,1,3,1,2,1,4,20.0,10.0,75.0,30.0,20.0,2,1,1,4,2,2,2,30.0,0.0,80.0,25.0,997.0,03,03,04,3,4,3,4,4,2,2,4,98,03,03,05,04,03,03,04,03,03,04,50.0,80.0,2,1,1,1,97,,2,,02,1955.0,2,05,99,01,01,02,01,1,1.1798489093780518,2.0
1428,G1J,03,98,2,2,2,2,2,2,2,2,2,2,1,99,,5.0,5.0,01,04,98,,2,,2,2,3,1,8,8,4,998.0,998.0,998.0,997.0,997.0,1,1,8,4,3,8,2,998.0,998.0,998.0,997.0,997.0,06,06,06,3,8,8,8,4,2,8,4,98,98,98,98,98,98,98,98,98,98,98,998.0,998.0,2,2,2,8,97,,2,,99,1966.0,2,05,01,04,01,02,01,1,0.5570399761199951,2.0
1429,J7K,14,07,2,2,4,3,4,3,3,3,1,3,1,03,02,10.0,6.0,01,03,,04,2,,3,2,3,2,2,1,2,50.0,75.0,90.0,998.0,70.0,2,2,1,3,3,8,3,60.0,25.0,90.0,10.0,997.0,03,03,03,3,3,1,8,2,2,2,2,03,03,98,05,98,03,02,02,98,98,03,25.0,75.0,1,3,2,2,03,2,,,04,1974.0,2,06,08,02,05,02,01,1,0.926587700843811,2.0
1430,J4J,16,98,1,1,2,1,2,2,3,3,3,3,1,05,03,5.0,7.0,03,01,03,,2,,2,2,3,1,2,8,3,6.0,20.0,7.0,3.0,9.0,8,2,1,4,2,8,3,60.0,15.0,70.0,40.0,80.0,03,05,05,2,1,3,8,1,4,2,1,03,03,03,05,03,03,05,05,05,03,98,25.0,85.0,1,4,4,8,97,,2,,05,1987.0,2,08,10,05,04,08,11,4,2.984832286834717,2.0
1431,J7R,15,98,1,2,3,3,2,2,3,3,2,3,1,03,02,7.0,4.0,01,08,02,,1,,2,2,3,1,2,2,2,25.0,65.0,100.0,997.0,997.0,2,1,8,2,1,2,2,40.0,65.0,90.0,997.0,997.0,03,03,03,2,2,1,4,4,2,2,1,98,03,98,05,03,03,02,02,03,03,03,0.0,25.0,1,4,3,1,97,,2,,04,1973.0,2,07,04,02,05,02,01,1,0.926587700843811,2.0
1432,G0S,32,98,1,2,2,3,2,2,3,2,2,2,1,03,98,6.0,4.0,01,03,,98,2,,8,2,2,2,8,8,8,4.0,45.0,95.0,20.0,20.0,2,8,2,8,8,2,8,997.0,95.0,95.0,997.0,997.0,03,03,03,3,8,8,3,1,2,8,3,03,03,03,03,03,03,03,03,03,03,03,998.0,998.0,1,1,1,8,03,1,,,98,1966.0,2,05,04,06,04,02,01,1,2.216895818710327,2.0
1433,G1M,03,09,3,3,3,1,1,3,2,4,8,1,1,05,03,10.0,10.0,01,04,,05,1,,1,1,3,1,2,1,2,0.0,75.0,80.0,0.0,85.0,1,2,8,4,2,4,3,0.0,60.0,100.0,0.0,50.0,03,03,03,3,2,1,4,1,1,1,4,03,03,02,05,02,03,02,02,98,03,03,0.0,80.0,1,4,8,1,02,9,,,04,1958.0,1,07,07,02,05,02,01,1,0.4523656964302063,2.0
1434,H2K,06,07,2,2,3,3,2,3,1,4,1,2,1,02,05,10.0,10.0,01,03,,04,1,,2,1,4,2,2,1,2,35.0,80.0,10.0,60.0,75.0,2,2,1,2,3,3,3,30.0,30.0,50.0,60.0,55.0,06,04,03,2,2,1,4,4,2,1,4,01,02,03,05,04,03,02,02,01,01,02,50.0,50.0,1,3,3,3,02,2,,,04,1980.0,2,09,05,02,05,02,01,1,0.926587700843811,2.0
1435,J4Y,16,98,2,2,3,2,2,3,4,3,2,3,1,01,03,5.0,6.0,01,03,,03,2,,2,2,3,1,2,2,2,50.0,30.0,55.0,5.0,15.0,1,2,1,4,3,2,3,30.0,20.0,40.0,997.0,997.0,01,03,03,2,1,1,3,2,2,1,3,98,02,01,05,03,01,03,02,01,01,03,40.0,50.0,2,2,1,2,97,,2,,04,9999.0,1,08,07,11,01,02,01,1,1.4374099969863892,2.0
1436,J9H,07,10,1,3,3,3,2,1,1,8,2,2,1,01,03,4.0,5.0,03,01,04,,2,,2,1,4,1,2,1,2,5.0,2.0,5.0,998.0,5.0,1,2,1,4,3,2,2,50.0,10.0,40.0,997.0,997.0,01,03,03,3,1,1,3,2,2,3,4,98,98,98,98,98,98,02,02,01,98,03,50.0,60.0,2,8,1,1,01,3,,,01,1962.0,1,09,06,02,05,02,01,1,1.956773042678833,2.0
1437,H7R,13,99,2,2,2,2,2,4,1,1,2,1,1,99,,6.0,5.0,01,97,,05,1,,2,2,4,1,8,8,2,0.0,100.0,998.0,997.0,997.0,8,2,1,1,3,1,4,0.0,100.0,50.0,997.0,997.0,02,98,99,2,2,1,4,3,1,1,4,98,02,98,98,98,98,02,02,02,98,02,0.0,100.0,1,8,8,1,02,1,,,06,1949.0,2,06,09,01,05,02,01,1,0.40793442726135254,2.0
1438,G1C,03,96,1,2,1,2,1,1,2,2,2,1,1,03,01,10.0,6.0,01,03,,03,2,,8,2,4,1,2,1,2,50.0,10.0,95.0,5.0,25.0,1,8,1,4,2,2,2,50.0,15.0,95.0,10.0,25.0,03,03,03,3,1,1,1,8,3,2,4,03,03,03,03,03,03,03,03,03,03,03,70.0,70.0,9,8,2,1,03,1,,,02,1944.0,1,08,05,03,04,02,01,1,0.15640604496002197,2.0
1439,H1B,06,01,1,1,1,1,1,1,3,1,1,2,1,05,01,10.0,5.0,01,02,,03,2,,1,2,4,1,2,1,4,75.0,20.0,30.0,35.0,90.0,8,2,8,4,3,3,2,10.0,50.0,60.0,50.0,70.0,06,06,06,2,4,2,8,4,4,2,3,98,98,01,05,98,98,98,02,98,01,98,80.0,90.0,2,2,2,2,05,2,,,05,1961.0,2,04,04,04,04,02,01,1,1.1798489093780518,2.0
1440,J9A,07,98,2,2,3,2,4,3,3,3,3,3,1,05,03,6.0,6.0,03,01,,04,8,8,2,3,3,2,2,1,2,10.0,65.0,65.0,30.0,85.0,1,8,8,3,3,2,3,50.0,50.0,60.0,25.0,997.0,98,06,03,2,3,1,4,3,2,2,3,98,02,98,05,98,03,98,02,98,03,03,50.0,50.0,1,4,2,3,97,,1,03,04,1969.0,2,07,06,02,04,02,01,1,2.2808401584625244,2.0
1441,H9H,06,99,9,9,9,9,9,9,9,9,9,9,9,,,5.0,2.0,01,03,,03,9,,8,8,4,9,9,9,9,999.0,999.0,999.0,999.0,999.0,9,9,9,8,3,8,9,999.0,999.0,999.0,999.0,999.0,99,99,99,9,9,9,9,9,9,9,9,99,99,99,99,99,99,99,99,99,99,99,998.0,998.0,9,3,2,9,99,,9,,99,1985.0,2,99,04,99,05,02,01,1,1.330445408821106,2.0
1442,H9H,06,13,2,2,1,1,2,1,1,1,2,1,1,01,97,10.0,10.0,01,04,02,,2,,3,2,3,1,1,2,2,95.0,0.0,0.0,0.0,10.0,1,1,1,4,3,1,4,95.0,10.0,0.0,15.0,997.0,01,01,03,2,1,3,1,4,3,1,4,01,01,01,01,01,01,01,01,01,01,01,0.0,50.0,2,3,1,1,01,2,,,02,1942.0,2,07,08,03,05,01,10,6,2.080836057662964,2.0
1443,J8T,07,98,2,2,3,2,2,3,3,2,2,3,1,99,,3.0,3.0,02,04,03,,8,8,2,2,3,2,8,2,2,40.0,55.0,40.0,997.0,998.0,1,8,8,3,8,8,8,50.0,50.0,50.0,997.0,997.0,98,98,98,8,3,3,8,2,2,2,3,98,98,98,98,98,98,98,98,98,98,98,75.0,998.0,1,3,2,3,97,,1,02,99,1979.0,2,08,05,02,04,02,01,1,1.2265689373016357,2.0
1444,H7X,13,98,1,2,2,2,3,1,2,3,3,4,1,02,03,6.0,5.0,01,07,02,,1,,3,2,3,1,2,1,3,30.0,50.0,50.0,10.0,0.0,1,1,8,4,8,2,2,0.0,60.0,50.0,10.0,10.0,02,03,02,3,8,1,8,4,3,2,2,02,02,02,02,02,02,02,98,02,02,02,999.0,40.0,2,4,2,1,02,3,,,04,1968.0,2,07,08,02,05,02,01,1,1.7230206727981567,2.0
1445,J9H,07,01,1,3,3,2,8,8,1,4,4,4,1,01,03,3.0,6.0,03,01,05,,2,,1,1,3,2,2,1,4,75.0,10.0,37.0,997.0,997.0,8,1,8,4,8,2,3,80.0,50.0,50.0,997.0,80.0,01,98,06,3,1,2,2,1,8,4,3,98,98,98,98,98,98,02,02,01,98,98,80.0,93.0,1,8,3,4,96,,,,01,1951.0,2,08,08,02,05,01,01,2,0.2931336760520935,2.0
1446,J3Y,16,98,1,1,3,1,2,1,1,2,2,2,1,02,04,10.0,10.0,03,01,,04,2,,3,2,4,1,2,1,1,50.0,50.0,60.0,75.0,75.0,1,2,1,4,3,3,2,20.0,50.0,75.0,997.0,997.0,06,03,03,3,4,8,2,1,3,4,4,03,02,98,05,98,03,02,02,02,98,98,30.0,50.0,1,4,4,2,97,,1,05,03,1987.0,2,08,09,05,05,02,01,1,1.330445408821106,2.0
1447,G1K,03,98,1,2,2,3,2,2,3,1,1,3,1,99,,5.0,5.0,01,97,,99,3,,2,2,4,1,2,1,3,999.0,998.0,998.0,998.0,997.0,1,2,8,3,3,3,2,998.0,998.0,998.0,998.0,997.0,06,06,06,3,4,9,2,8,8,3,3,98,98,98,98,98,98,98,98,98,98,98,999.0,998.0,1,8,8,8,97,,8,,06,1975.0,2,11,01,99,05,02,01,1,0.29955968260765076,2.0
1448,J6J,16,98,1,1,2,2,3,1,1,2,2,2,1,99,,5.0,4.0,02,01,,01,2,,1,1,3,1,2,1,3,75.0,0.0,0.0,0.0,998.0,2,2,1,4,2,3,2,45.0,5.0,10.0,998.0,999.0,01,01,99,3,1,3,4,1,3,4,2,01,98,98,98,99,98,01,02,01,01,01,85.0,65.0,8,4,2,2,01,2,,,02,1963.0,1,06,99,02,05,01,01,2,1.4495251178741455,2.0
1449,H8S,06,96,1,2,1,1,1,3,2,1,1,1,1,04,05,10.0,10.0,07,97,,04,1,,4,2,3,1,2,2,3,998.0,998.0,998.0,998.0,998.0,1,2,1,3,1,1,2,998.0,998.0,997.0,998.0,997.0,04,04,04,2,2,1,4,4,2,1,3,04,04,04,05,04,04,04,04,04,04,04,998.0,998.0,2,4,1,1,97,,1,04,05,1933.0,1,07,03,11,05,02,01,1,1.4374099969863892,2.0
1450,H2V,06,96,3,3,4,4,4,3,4,4,2,4,1,02,97,5.0,2.0,03,02,01,,1,,1,2,3,2,2,1,3,20.0,100.0,0.0,0.0,40.0,2,1,1,1,2,2,4,10.0,100.0,0.0,0.0,20.0,02,02,02,2,2,1,4,2,2,2,1,02,02,02,02,02,02,02,02,02,02,02,40.0,90.0,1,4,4,2,02,1,,,04,1944.0,1,10,10,01,05,02,01,1,0.6322008967399597,2.0
1451,J0E,05,03,2,2,3,2,2,2,2,2,2,1,1,03,05,10.0,2.0,01,03,02,,2,,1,1,4,1,1,1,4,0.0,0.0,75.0,997.0,50.0,2,2,2,1,8,2,1,20.0,25.0,90.0,997.0,997.0,98,03,03,3,4,1,4,1,3,3,3,03,03,98,05,03,03,03,03,98,03,03,0.0,90.0,8,3,1,2,03,2,,,03,1966.0,2,07,03,10,05,02,01,1,2.216895818710327,2.0
1452,H3S,06,08,2,1,2,1,2,3,3,1,1,2,1,05,03,6.0,6.0,02,01,03,,2,,2,2,3,1,2,1,3,43.0,56.0,67.0,41.0,80.0,1,2,1,4,2,3,3,12.0,40.0,75.0,997.0,80.0,03,03,02,2,1,3,3,2,1,2,4,03,03,03,05,02,03,03,03,01,01,02,15.0,40.0,2,8,2,1,05,2,,,05,1985.0,1,09,01,09,04,08,11,3,4.6257710456848145,2.0
1453,H1A,06,04,1,2,2,2,3,3,2,2,2,1,1,02,03,9.0,8.0,96,,01,,1,,3,1,3,1,2,1,3,0.0,8.0,6.0,0.0,1.0,2,1,8,1,3,3,3,0.0,8.0,6.0,0.0,0.0,02,02,06,2,2,1,4,2,2,3,4,03,02,03,02,03,02,02,02,02,98,02,0.0,50.0,1,2,2,1,97,,1,02,04,1924.0,1,03,08,03,02,02,01,2,0.7802807092666626,2.0
1454,H3X,06,96,1,2,2,1,3,3,3,2,4,2,1,03,01,8.0,9.0,05,03,03,,2,,3,2,2,2,2,2,3,75.0,5.0,75.0,998.0,90.0,2,1,2,4,3,1,4,75.0,25.0,75.0,998.0,998.0,01,03,03,3,1,3,4,4,2,1,3,01,01,03,05,01,98,01,03,01,03,01,5.0,80.0,1,4,4,3,01,3,,,01,1945.0,2,08,99,01,05,01,01,2,0.22144199907779694,2.0
1455,G9A,04,11,1,1,2,1,1,3,3,3,2,3,1,01,03,9.0,4.0,01,03,02,,2,,2,1,3,2,3,2,2,60.0,50.0,40.0,998.0,998.0,1,2,1,4,2,1,2,80.0,3.0,70.0,998.0,998.0,01,03,03,1,3,1,4,1,1,2,1,01,01,01,05,03,03,01,02,01,01,01,75.0,75.0,1,4,2,1,01,2,,,03,1942.0,1,09,05,03,05,02,01,1,1.627670168876648,2.0
1456,J3V,16,96,2,2,3,2,2,2,3,3,3,2,1,99,,9.0,5.0,01,97,04,,2,,2,8,3,1,2,8,2,50.0,10.0,50.0,997.0,998.0,8,8,8,4,8,2,3,50.0,10.0,50.0,10.0,997.0,98,98,98,3,1,1,1,2,3,2,2,98,98,98,98,98,98,98,03,03,98,98,40.0,60.0,2,3,2,2,97,,2,,02,1925.0,2,04,03,06,05,02,01,1,0.9275031685829163,2.0
1457,G1V,03,10,3,3,4,3,3,2,1,3,3,3,1,03,04,8.0,8.0,03,01,02,,2,,3,3,3,1,3,2,2,70.0,70.0,70.0,70.0,50.0,1,1,2,1,1,2,2,70.0,50.0,70.0,10.0,70.0,98,98,98,3,3,1,3,2,2,2,2,98,98,98,05,98,03,98,02,98,03,03,50.0,50.0,1,3,2,4,97,,8,,02,1984.0,1,09,04,05,05,02,01,1,0.5101058483123779,2.0
1458,G8H,02,98,1,2,8,3,2,2,1,8,1,9,1,99,,0.0,0.0,01,03,,99,9,,1,2,4,1,1,8,4,0.0,0.0,50.0,0.0,998.0,8,8,2,8,4,9,2,0.0,998.0,75.0,0.0,0.0,03,06,06,2,8,8,8,4,8,8,3,96,97,97,97,97,97,97,97,97,97,97,0.0,50.0,8,2,1,1,97,,2,,99,1968.0,2,11,99,02,99,02,01,1,1.6519296169281006,2.0
1459,H7M,13,98,2,2,4,4,3,4,3,3,3,4,1,99,,99.0,99.0,99,,,99,9,,9,2,3,2,2,9,2,999.0,999.0,999.0,999.0,999.0,8,1,8,9,3,8,8,999.0,999.0,999.0,999.0,999.0,98,98,98,3,9,8,1,8,8,8,1,98,98,98,98,98,98,98,98,98,98,98,999.0,999.0,2,4,1,2,97,,2,,99,1961.0,1,09,06,02,99,02,08,1,1.828485131263733,2.0
1460,G6P,17,10,2,3,3,2,2,3,2,2,1,1,1,02,03,8.0,5.0,01,03,,04,1,,2,2,2,1,2,1,2,20.0,80.0,65.0,40.0,40.0,8,2,1,2,2,2,3,10.0,65.0,65.0,15.0,997.0,06,03,03,3,2,1,3,2,2,3,3,02,02,02,05,02,03,02,02,03,02,03,25.0,50.0,2,2,2,1,02,2,,,04,1964.0,2,09,01,02,05,02,01,1,2.216895818710327,2.0
1461,H3V,06,09,1,2,4,3,2,1,3,3,4,3,1,01,97,10.0,8.0,03,01,03,,2,,2,2,2,2,2,2,1,80.0,70.0,60.0,50.0,45.0,1,2,1,4,3,1,3,80.0,25.0,30.0,70.0,997.0,01,04,04,3,1,1,3,2,1,2,2,98,02,01,98,04,03,01,03,01,01,98,50.0,75.0,1,2,2,1,01,1,,,04,1941.0,2,07,99,03,05,02,01,1,0.9275031685829163,2.0
1462,G3A,03,99,1,1,2,1,1,1,1,1,1,2,1,02,97,8.0,7.0,03,01,,05,8,8,8,4,8,1,1,1,2,65.0,75.0,55.0,997.0,997.0,1,8,9,3,2,8,2,50.0,70.0,70.0,997.0,997.0,02,02,03,1,9,1,4,2,2,2,4,02,02,98,02,04,03,02,02,02,01,02,998.0,998.0,8,3,1,1,02,2,,,04,9999.0,2,07,99,02,01,02,01,1,0.29985514283180237,2.0
1463,J4B,16,01,1,1,2,1,1,3,3,1,2,1,1,99,,2.0,2.0,01,02,,04,2,,1,1,4,1,2,1,3,2.0,2.0,3.0,0.0,5.0,1,2,1,4,8,1,1,0.0,0.0,50.0,0.0,50.0,06,05,03,2,4,1,8,4,3,3,4,98,98,98,05,03,03,02,02,98,98,98,40.0,998.0,1,8,2,1,05,3,,,05,1943.0,2,08,02,03,04,02,01,1,0.40793442726135254,2.0
1464,999,06,06,2,1,4,2,2,2,3,3,4,2,1,01,03,8.0,8.0,03,01,,04,2,,3,2,2,1,2,2,2,75.0,0.0,50.0,997.0,997.0,1,1,8,4,2,2,3,75.0,0.0,50.0,997.0,997.0,01,03,03,3,4,1,2,2,4,1,2,98,03,01,01,98,03,01,98,01,01,03,0.0,85.0,2,4,2,1,97,,1,01,04,9999.0,2,09,10,01,05,02,01,2,0.5034842491149902,2.0
1465,G8H,02,98,1,2,2,1,2,1,4,1,2,4,1,02,03,98.0,1.0,02,01,,03,8,8,2,2,3,1,8,8,2,20.0,50.0,998.0,998.0,998.0,1,1,8,3,4,3,8,50.0,30.0,60.0,997.0,997.0,98,98,98,2,4,1,8,3,2,2,4,98,98,98,98,98,98,98,99,98,99,98,50.0,60.0,8,9,3,2,97,,2,,04,1962.0,2,07,03,02,04,02,01,1,1.131169080734253,2.0
1466,J6S,26,96,1,2,2,2,2,1,1,1,1,1,1,01,97,10.0,10.0,02,01,,02,2,,2,1,2,1,1,1,3,75.0,0.0,997.0,997.0,998.0,2,2,1,4,3,3,2,75.0,0.0,25.0,997.0,997.0,01,01,06,1,1,2,4,1,1,2,2,01,01,01,05,98,98,01,01,01,01,01,0.0,75.0,2,1,1,1,01,2,,,01,1955.0,1,07,01,06,05,01,01,2,1.0622121095657349,2.0
1467,G2B,03,98,1,1,2,2,3,3,4,2,2,2,1,03,97,4.0,2.0,01,02,,03,8,8,2,8,3,1,2,1,2,20.0,20.0,60.0,997.0,998.0,1,8,8,8,2,2,2,998.0,998.0,60.0,997.0,998.0,03,03,03,8,3,8,2,2,2,2,8,98,02,98,98,98,03,03,98,03,98,03,998.0,998.0,8,8,2,1,03,3,,,07,1959.0,2,07,07,02,05,02,01,1,0.38143667578697205,2.0
1468,H9A,06,98,1,1,3,3,2,2,1,3,1,2,1,01,03,7.0,4.0,04,06,05,,2,,3,2,8,2,2,8,1,75.0,0.0,80.0,0.0,20.0,8,1,8,4,8,1,4,60.0,10.0,65.0,997.0,997.0,01,03,03,8,1,3,4,1,3,8,1,03,98,98,98,98,03,01,98,98,03,98,25.0,80.0,1,2,8,2,98,,1,03,02,1984.0,2,09,99,02,03,01,11,3,2.984832286834717,2.0
1469,G1X,03,09,2,3,3,3,3,4,4,2,2,2,1,03,98,8.0,8.0,01,03,03,,2,,3,2,3,2,8,2,2,0.0,0.0,80.0,40.0,50.0,8,2,1,4,3,2,3,0.0,0.0,80.0,40.0,20.0,03,03,03,3,1,3,3,3,2,2,2,98,98,98,05,98,03,98,98,98,98,03,80.0,50.0,1,8,2,2,03,2,,,03,1944.0,2,09,09,03,05,02,01,1,0.13188232481479645,2.0
1470,H9S,06,10,1,1,3,1,2,2,2,2,2,2,1,01,05,7.0,1.0,03,01,04,,2,,2,2,3,1,1,1,2,60.0,0.0,10.0,2.0,100.0,1,2,1,4,2,3,2,30.0,0.0,10.0,997.0,998.0,98,98,98,3,1,2,8,2,2,2,4,98,98,98,05,98,98,98,98,01,98,98,50.0,998.0,1,4,4,3,01,2,,,03,1966.0,1,05,01,01,05,01,01,2,1.4495251178741455,2.0
1471,H2H,06,98,1,1,2,1,1,2,2,2,1,2,2,,,5.0,0.0,06,07,,03,2,,3,8,4,8,2,8,3,20.0,65.0,70.0,997.0,50.0,1,2,8,8,8,2,2,0.0,997.0,997.0,997.0,997.0,98,06,98,2,8,1,8,2,1,3,3,98,98,98,05,98,98,02,02,98,98,98,5.0,50.0,1,4,2,1,97,,2,,06,1985.0,2,06,98,02,04,02,01,1,1.330445408821106,2.0
1472,J4W,16,01,2,2,3,2,1,2,3,3,2,2,1,05,02,10.0,10.0,03,07,,05,8,1,3,2,3,2,2,1,2,30.0,50.0,998.0,998.0,60.0,1,2,1,2,2,2,2,30.0,75.0,80.0,60.0,60.0,98,03,03,2,3,1,2,2,2,2,4,98,98,98,05,98,98,98,02,03,98,03,80.0,40.0,1,3,3,2,97,,1,02,07,1956.0,2,09,10,02,05,02,01,1,1.1798489093780518,2.0
1473,J0N,15,01,1,1,3,3,2,3,2,4,3,3,1,03,02,10.0,7.0,03,04,,04,1,,1,1,3,1,2,8,2,25.0,85.0,100.0,997.0,997.0,1,2,1,2,3,3,2,1.0,75.0,95.0,20.0,997.0,03,03,03,2,2,1,4,2,2,2,2,03,02,03,05,03,03,03,02,02,03,03,85.0,85.0,1,8,2,1,03,1,,,04,1982.0,1,06,03,09,05,02,01,1,1.4359921216964722,2.0
1474,G9B,04,07,2,1,2,2,3,4,3,3,1,2,1,03,05,10.0,8.0,01,03,02,,2,,2,2,2,1,2,1,2,30.0,10.0,90.0,45.0,65.0,1,2,1,4,2,2,3,20.0,0.0,90.0,45.0,45.0,01,03,03,3,1,1,1,2,2,3,4,03,03,03,05,04,03,03,03,03,03,04,25.0,50.0,1,2,2,1,03,1,,,02,1948.0,1,09,09,02,04,02,01,1,0.7158807516098022,2.0
1475,G7H,02,14,1,1,1,2,2,3,3,1,2,3,1,03,04,9.0,7.0,01,02,,03,1,,1,1,3,1,2,1,3,5.0,5.0,9.0,7.0,997.0,1,8,8,8,3,2,2,7.0,7.0,9.0,997.0,997.0,98,98,03,3,3,1,3,3,2,8,3,03,04,98,98,03,03,02,02,98,98,03,998.0,7.0,8,8,1,1,03,2,,,03,1953.0,2,05,01,02,05,02,01,1,1.131169080734253,2.0
1476,H2J,06,96,3,3,4,2,2,4,1,2,3,4,1,04,02,10.0,9.0,03,06,01,,1,,4,4,2,2,3,2,2,5.0,90.0,60.0,95.0,80.0,2,8,1,3,3,1,4,5.0,80.0,60.0,95.0,80.0,02,04,04,3,2,1,4,4,1,1,1,02,02,02,04,04,04,02,02,04,02,04,45.0,75.0,1,4,4,2,02,1,,,04,1967.0,1,11,06,02,05,02,01,1,2.670271873474121,2.0
1477,G0L,01,98,3,1,2,2,3,3,2,2,1,1,1,03,97,5.0,5.0,03,01,,04,1,,2,3,2,1,8,2,2,0.0,60.0,100.0,40.0,998.0,2,2,8,8,8,2,3,0.0,75.0,95.0,998.0,997.0,03,98,03,8,3,8,4,3,1,2,3,03,98,03,98,03,03,03,99,03,03,03,85.0,998.0,1,4,2,1,98,,1,03,06,1984.0,2,07,01,05,04,02,01,1,1.275551438331604,2.0
1478,G0L,01,98,3,3,4,3,3,3,2,4,4,3,1,02,03,8.0,8.0,01,03,,04,1,,1,1,4,1,1,1,3,25.0,50.0,45.0,45.0,997.0,1,2,1,3,2,4,2,0.0,50.0,40.0,40.0,997.0,02,03,03,2,2,1,4,4,2,3,4,02,02,02,02,02,02,02,02,02,02,02,60.0,50.0,2,4,2,1,02,3,,,04,1944.0,1,04,99,03,04,02,01,1,0.8468688726425171,2.0
1479,J4T,16,10,2,2,3,2,3,4,2,2,3,1,1,05,02,9.0,10.0,03,01,,05,1,,2,2,3,1,2,1,3,0.0,65.0,40.0,20.0,40.0,1,2,1,3,3,1,4,10.0,45.0,998.0,20.0,35.0,02,02,04,3,2,1,4,2,2,3,4,02,02,01,05,04,02,02,02,03,98,99,80.0,65.0,2,4,2,1,02,2,,,04,1948.0,1,05,05,03,05,02,01,1,0.6322008967399597,2.0
1480,J5W,24,98,1,2,3,3,8,8,8,8,3,2,1,03,05,7.0,3.0,01,07,02,,2,,1,1,4,1,1,1,3,40.0,0.0,50.0,997.0,30.0,8,8,8,3,4,3,2,0.0,0.0,50.0,997.0,997.0,06,06,06,8,1,8,8,4,3,8,3,98,98,98,98,98,03,98,98,98,98,03,0.0,998.0,2,8,2,1,97,,2,,06,1946.0,2,02,99,03,05,02,01,1,0.5400015711784363,2.0
1481,J0H,26,99,1,1,1,1,1,1,1,1,1,4,1,02,03,10.0,5.0,01,07,,05,1,,1,1,4,1,2,1,3,0.0,90.0,80.0,997.0,997.0,1,8,8,2,3,2,3,0.0,90.0,80.0,997.0,997.0,02,02,03,2,2,1,8,4,3,2,3,98,02,98,98,98,98,02,02,02,02,98,10.0,0.0,1,3,2,1,02,2,,,04,1949.0,2,04,02,02,05,02,01,1,0.5400015711784363,2.0
1482,H4G,06,01,1,1,2,1,1,2,3,1,1,1,1,05,96,10.0,8.0,03,01,96,,2,,2,1,4,2,8,1,2,40.0,10.0,50.0,997.0,50.0,1,2,1,4,3,2,3,35.0,30.0,70.0,998.0,998.0,03,03,03,2,1,8,4,2,2,1,3,98,03,98,05,98,98,03,03,98,98,05,50.0,90.0,1,2,1,3,98,,2,,05,1947.0,1,06,01,07,05,01,11,3,1.418331265449524,2.0
1483,J3N,26,98,4,4,4,4,4,1,4,4,4,4,2,,,0.0,0.0,03,97,,01,2,,1,1,4,1,1,1,3,11.0,0.0,6.0,997.0,997.0,1,2,1,4,4,4,1,0.0,0.0,0.0,0.0,0.0,06,06,06,3,4,8,2,2,3,3,1,98,98,98,98,98,98,98,98,98,98,98,0.0,998.0,2,2,1,1,97,,2,,06,1962.0,1,05,03,01,01,01,01,2,1.0622121095657349,2.0
1484,G0A,03,98,2,1,3,1,2,2,2,3,2,2,1,01,03,7.0,4.0,02,01,03,,2,,3,4,3,2,2,2,2,75.0,0.0,20.0,0.0,5.0,2,8,1,4,8,2,4,65.0,0.0,35.0,998.0,997.0,01,03,03,3,1,3,8,2,1,3,8,98,98,98,05,98,98,01,01,98,01,98,90.0,80.0,1,2,2,3,01,2,,,01,1958.0,2,10,06,02,02,01,10,2,0.20705832540988922,2.0
1485,J0Z,08,13,2,1,1,3,2,2,1,1,1,1,1,02,04,8.0,8.0,07,09,01,,1,,1,1,4,1,3,1,3,0.0,5.0,0.0,5.0,7.0,1,1,2,1,2,2,2,0.0,0.0,0.0,5.0,0.0,06,05,06,2,2,1,4,4,2,3,4,96,04,97,05,04,04,02,02,97,04,04,90.0,10.0,1,4,4,1,02,2,,,04,1948.0,2,09,04,11,05,02,01,2,0.2931336760520935,2.0
1486,G9N,04,12,1,1,2,2,2,3,2,3,1,1,1,03,02,8.0,10.0,01,02,01,,1,,1,2,4,1,2,1,2,0.0,60.0,90.0,0.0,25.0,1,9,1,2,8,1,3,25.0,25.0,95.0,5.0,10.0,03,03,03,2,2,1,4,3,3,2,2,03,03,03,05,03,03,03,03,98,03,03,25.0,90.0,2,4,2,2,03,1,,,04,1940.0,1,04,06,11,05,02,01,1,1.627670168876648,2.0
1487,J4B,16,01,1,3,2,2,2,2,3,2,3,2,1,01,97,10.0,10.0,01,04,03,,2,,2,3,2,2,3,2,2,85.0,15.0,40.0,20.0,10.0,2,2,1,4,3,1,4,90.0,20.0,60.0,10.0,10.0,01,01,03,3,1,1,3,3,1,2,2,01,01,01,05,04,01,01,01,01,01,01,20.0,70.0,2,3,2,2,01,1,,,01,1942.0,2,07,01,03,05,02,01,1,0.9275031685829163,2.0
1488,J7T,16,10,1,2,3,1,2,2,1,2,3,2,2,,,6.0,6.0,06,08,03,,2,,2,2,3,1,1,1,3,20.0,0.0,0.0,0.0,50.0,1,2,1,4,2,1,1,30.0,0.0,0.0,997.0,998.0,06,06,06,3,1,3,4,3,1,1,4,01,01,01,05,04,01,01,01,01,01,01,90.0,30.0,1,3,3,3,97,,2,,01,9999.0,2,07,04,08,05,01,01,1,0.9275031685829163,2.0
1489,J1J,05,99,2,2,2,2,2,3,3,3,2,3,1,99,,10.0,9.0,01,03,,02,2,,3,2,3,2,2,1,2,60.0,60.0,50.0,55.0,65.0,1,2,1,3,2,3,3,70.0,60.0,70.0,60.0,60.0,01,07,03,1,3,1,4,2,2,2,3,01,02,01,05,04,03,02,02,01,01,01,50.0,70.0,1,3,2,2,97,,2,,99,1944.0,1,10,05,03,03,02,01,1,0.7158807516098022,2.0
1490,J0S,26,98,1,1,1,1,2,1,1,1,1,1,1,01,97,0.0,0.0,01,02,,03,2,,1,1,4,1,1,1,4,998.0,0.0,997.0,0.0,997.0,1,2,8,4,8,8,2,998.0,998.0,998.0,998.0,998.0,06,06,06,3,4,8,3,8,2,2,4,01,01,98,98,01,98,98,98,98,98,98,998.0,998.0,2,8,1,1,97,,2,,07,1949.0,2,03,02,03,05,01,01,2,0.2931336760520935,2.0
1491,G6G,32,09,2,1,3,2,3,4,2,2,2,4,1,02,97,9.0,9.0,01,03,,04,1,,2,1,3,2,2,1,3,0.0,100.0,40.0,997.0,997.0,1,1,8,2,2,3,2,30.0,80.0,35.0,998.0,0.0,02,02,06,3,2,1,4,4,3,3,4,02,02,98,05,02,02,02,02,02,99,02,95.0,35.0,1,2,1,2,02,2,,,04,1944.0,1,10,06,03,02,02,01,1,0.7158807516098022,2.0
1492,J7E,15,03,1,1,1,1,1,2,2,1,1,4,1,03,01,10.0,8.0,03,06,03,,2,,2,2,2,1,8,2,2,55.0,35.0,75.0,5.0,5.0,1,2,1,4,8,1,2,55.0,34.0,97.0,5.0,5.0,01,03,03,2,1,1,4,2,2,2,3,03,03,98,05,03,03,01,03,03,03,03,95.0,95.0,2,1,1,1,03,3,,,02,1938.0,2,05,99,03,01,02,01,1,0.9275031685829163,2.0
1493,J4L,16,98,2,3,2,2,2,2,2,2,3,9,1,03,02,7.0,7.0,01,03,,04,1,,2,8,3,1,2,8,9,5.0,50.0,80.0,997.0,997.0,1,2,1,9,4,1,3,5.0,999.0,75.0,997.0,997.0,99,03,03,9,4,1,8,2,2,8,4,03,03,98,98,03,03,03,98,98,98,03,50.0,100.0,1,3,2,1,97,,2,,04,1967.0,2,07,07,02,05,02,01,1,1.7230206727981567,2.0
1494,H7N,13,08,2,1,3,1,8,3,2,3,3,4,1,05,02,7.0,6.0,01,02,,04,1,,8,2,3,2,2,2,3,13.0,72.0,45.0,55.0,86.0,1,2,1,3,8,3,2,8.0,60.0,38.0,43.0,82.0,98,05,05,3,2,1,4,3,2,2,3,02,03,98,05,98,03,02,02,02,98,04,45.0,65.0,1,3,4,2,02,3,,,04,1981.0,2,07,05,02,05,02,01,1,0.926587700843811,2.0
1495,G0P,17,99,1,2,3,1,1,4,1,1,4,1,1,03,01,7.0,2.0,01,03,03,,2,,1,1,4,1,1,1,2,50.0,0.0,60.0,10.0,0.0,8,1,2,4,4,2,2,30.0,0.0,60.0,0.0,997.0,03,03,03,2,1,1,2,3,2,2,3,03,03,03,05,03,03,03,03,03,03,03,0.0,90.0,8,3,1,1,97,,8,,07,1939.0,2,05,02,03,04,02,01,1,1.1933574676513672,2.0
1496,G2A,03,98,1,1,3,2,3,4,3,1,2,1,1,03,02,5.0,2.0,06,07,,04,1,,2,2,3,1,2,2,2,25.0,60.0,80.0,10.0,25.0,2,8,1,3,2,2,3,10.0,60.0,95.0,997.0,997.0,03,04,03,3,3,1,8,2,2,1,3,03,02,98,05,02,01,02,02,03,98,03,75.0,75.0,1,3,2,1,02,2,,,04,1984.0,2,09,08,09,05,02,01,1,0.4301224946975708,2.0
1497,J8P,07,98,1,1,3,2,2,2,4,2,2,1,1,02,03,6.0,5.0,01,02,03,,2,,1,1,3,1,2,1,3,15.0,60.0,25.0,997.0,997.0,1,2,8,3,2,8,2,0.0,50.0,25.0,997.0,997.0,02,02,98,2,3,8,8,8,2,2,4,98,98,98,98,98,98,02,02,98,98,03,50.0,998.0,1,3,2,1,97,,2,,02,1957.0,2,05,07,02,05,02,01,7,0.8478164076805115,2.0
1498,J7P,13,03,1,1,2,1,4,4,2,4,1,1,1,03,02,10.0,1.0,01,08,,05,1,,1,1,4,1,2,1,8,20.0,60.0,90.0,0.0,20.0,8,2,1,2,2,8,3,10.0,40.0,90.0,997.0,997.0,98,03,03,3,2,1,8,2,8,2,3,03,98,03,05,98,03,02,03,03,03,03,40.0,70.0,1,3,2,1,02,2,,,04,1970.0,1,07,08,02,05,02,01,1,2.670271873474121,2.0
1499,H7N,13,98,1,2,3,3,2,4,4,8,3,3,1,99,,10.0,7.0,01,03,04,,2,,2,2,2,1,2,8,2,80.0,10.0,60.0,0.0,10.0,1,2,1,4,2,2,2,50.0,20.0,40.0,10.0,10.0,01,98,03,1,1,1,4,1,1,2,1,01,98,01,98,98,03,98,02,98,01,03,0.0,70.0,8,2,1,1,01,2,,,01,1938.0,1,08,07,03,05,02,01,1,1.4374099969863892,2.0
1500,G3G,03,10,3,3,3,3,3,3,1,2,3,2,1,02,03,9.0,9.0,03,02,,04,1,,4,3,2,3,3,2,1,25.0,100.0,50.0,0.0,0.0,1,1,1,1,1,1,3,25.0,90.0,50.0,0.0,0.0,02,02,02,3,2,1,3,3,3,1,3,02,02,02,02,02,02,02,02,02,02,02,75.0,75.0,2,2,2,3,02,1,,,04,1945.0,1,09,06,03,01,02,01,1,0.15640604496002197,2.0
1501,H3C,06,08,2,2,2,1,1,3,3,2,3,2,1,05,01,8.0,7.0,04,01,02,,2,,3,2,3,2,2,2,3,75.0,35.0,80.0,65.0,85.0,1,2,1,4,2,2,4,85.0,80.0,95.0,45.0,75.0,01,03,03,1,3,1,4,2,2,2,3,01,02,01,05,01,01,01,01,01,01,01,0.0,75.0,1,3,3,2,05,2,,,05,1984.0,1,08,02,05,05,02,01,1,2.061872959136963,2.0
1502,H1G,06,09,1,1,2,2,1,2,2,1,1,2,1,02,03,9.0,9.0,01,03,,04,1,,2,2,3,1,1,1,3,10.0,85.0,50.0,997.0,997.0,1,2,1,3,1,2,4,999.0,75.0,65.0,45.0,998.0,02,02,03,2,2,1,2,3,2,2,3,01,02,02,02,04,02,02,02,02,02,03,80.0,70.0,1,3,2,2,02,2,,,04,1946.0,2,07,03,02,05,02,01,1,0.40793442726135254,2.0
1503,G8H,02,01,1,3,2,2,2,3,2,1,1,2,1,99,,5.0,3.0,01,97,,03,2,,2,2,3,1,2,1,3,999.0,999.0,999.0,999.0,998.0,2,2,2,4,3,8,8,55.0,0.0,50.0,997.0,997.0,03,03,03,3,1,1,3,3,2,2,3,01,03,02,01,01,03,02,02,01,02,03,999.0,65.0,2,2,1,2,99,,9,,99,1961.0,2,05,01,99,04,02,01,1,1.131169080734253,2.0
1504,J6W,14,98,1,1,3,1,4,2,3,2,2,3,1,03,04,4.0,2.0,01,06,02,,8,1,3,2,3,1,2,1,3,20.0,50.0,80.0,80.0,70.0,8,8,8,3,3,2,2,30.0,30.0,40.0,998.0,997.0,98,03,07,3,3,1,3,2,8,2,4,98,03,03,05,98,03,02,02,98,98,03,20.0,50.0,1,3,2,2,02,3,,,04,1977.0,2,07,02,01,05,02,01,1,0.926587700843811,2.0
1505,H4B,06,98,1,1,1,1,2,1,1,2,1,3,1,01,97,2.0,2.0,02,01,03,,2,,2,2,3,1,2,1,2,75.0,998.0,998.0,998.0,998.0,1,8,8,4,8,2,8,75.0,998.0,998.0,998.0,998.0,01,98,01,3,1,8,8,2,2,2,2,01,01,01,01,98,98,98,98,01,98,01,998.0,998.0,1,8,8,4,01,8,,,01,9999.0,2,09,02,02,03,01,99,5,2.080836057662964,2.0
1506,J2W,26,03,1,2,2,1,3,2,1,2,2,1,1,03,01,8.0,5.0,03,01,04,,2,,2,2,3,1,2,2,2,60.0,0.0,100.0,0.0,0.0,1,2,2,4,3,3,2,60.0,10.0,85.0,0.0,0.0,03,01,03,3,1,1,1,2,3,2,3,03,03,03,03,03,03,03,03,03,03,03,0.0,75.0,1,3,2,2,03,2,,,02,1955.0,2,04,08,02,05,02,01,1,1.5618207454681396,2.0
1507,J2W,26,98,2,1,8,2,8,8,2,8,8,1,1,03,97,1.0,1.0,01,03,,02,2,,8,1,4,1,1,1,8,998.0,998.0,998.0,998.0,998.0,8,8,8,4,8,8,1,998.0,998.0,998.0,998.0,998.0,98,98,98,8,8,8,8,8,8,8,8,98,98,98,98,98,98,98,98,98,98,98,0.0,998.0,8,4,8,1,98,,2,,07,1974.0,2,07,05,06,05,02,01,1,1.2265689373016357,2.0
1508,J7P,15,98,2,2,2,2,3,3,3,3,2,3,1,03,02,10.0,8.0,02,01,,04,1,,3,3,2,1,2,8,2,60.0,75.0,75.0,10.0,80.0,1,2,1,1,3,8,8,60.0,75.0,70.0,998.0,997.0,01,98,98,3,2,1,4,2,8,2,8,98,98,03,05,04,02,02,02,98,98,98,45.0,80.0,1,8,3,2,02,3,,,04,1977.0,2,10,07,02,04,02,01,1,0.926587700843811,2.0
1509,H2R,06,08,1,1,1,1,1,4,1,1,1,4,1,02,04,8.0,9.0,03,01,01,,1,,3,3,3,1,2,1,2,0.0,65.0,0.0,55.0,60.0,8,1,1,3,3,1,3,0.0,50.0,0.0,70.0,65.0,06,04,04,2,2,1,4,4,3,8,4,02,02,98,05,04,04,02,02,02,98,04,75.0,50.0,8,4,3,2,02,2,,,04,1938.0,2,10,02,03,05,02,01,1,0.9275031685829163,2.0
1510,H8Z,06,01,1,1,2,1,2,3,3,1,2,2,1,03,05,7.0,7.0,01,03,,04,2,,3,3,2,2,2,2,2,65.0,65.0,75.0,60.0,70.0,8,2,1,3,2,1,2,60.0,60.0,70.0,60.0,70.0,01,05,04,2,3,3,3,3,2,1,2,98,98,98,05,04,03,02,02,03,98,03,20.0,80.0,2,4,3,2,97,,2,,03,1947.0,2,08,05,01,05,02,01,1,0.40793442726135254,2.0
1511,G1X,03,05,2,3,3,3,2,2,2,3,3,2,1,03,01,10.0,10.0,03,01,,02,2,,3,3,2,1,3,2,3,10.0,0.0,90.0,0.0,0.0,1,1,1,4,3,1,3,20.0,0.0,80.0,0.0,997.0,03,03,03,3,3,3,2,1,2,2,1,03,03,03,03,03,03,03,03,03,03,03,40.0,100.0,2,3,1,2,97,,1,03,02,1933.0,1,08,07,03,04,02,01,1,0.35561421513557434,2.0
1512,999,09,96,3,2,3,2,3,2,3,3,3,3,1,01,03,6.0,7.0,03,01,,03,2,,2,2,3,2,2,8,2,60.0,30.0,50.0,0.0,50.0,1,2,1,3,2,2,3,50.0,20.0,50.0,20.0,997.0,01,03,04,3,3,1,4,2,1,1,1,01,01,01,05,04,03,02,02,03,01,01,65.0,70.0,8,3,3,3,01,2,,,04,1954.0,1,06,07,02,05,02,01,1,2.4493582248687744,2.0
1513,J0T,25,05,2,2,3,2,2,3,3,2,2,3,1,02,01,10.0,10.0,03,01,02,,2,,2,2,3,1,2,1,2,50.0,30.0,30.0,10.0,30.0,1,2,1,4,2,1,3,50.0,35.0,35.0,0.0,998.0,01,06,05,1,3,1,4,3,1,1,2,01,01,01,01,01,02,01,98,02,01,98,50.0,75.0,1,1,1,3,97,,1,01,03,1944.0,1,10,05,01,05,02,01,2,0.36726078391075134,2.0
1514,J1E,05,02,1,1,2,2,3,4,1,2,2,2,1,02,97,10.0,8.0,96,,01,,1,,2,1,3,2,2,1,2,3.0,100.0,50.0,25.0,5.0,1,2,1,1,8,2,3,999.0,60.0,40.0,997.0,997.0,02,07,03,2,2,1,8,2,3,2,2,02,02,02,02,02,02,02,02,02,98,02,50.0,75.0,8,4,2,1,02,2,,,04,1936.0,1,07,03,03,05,02,10,1,1.627670168876648,2.0
1515,J7V,16,01,2,2,4,2,2,2,3,3,1,2,1,03,04,10.0,7.0,01,03,03,,2,,2,2,3,1,2,1,2,0.0,15.0,80.0,10.0,10.0,1,1,1,4,8,2,3,0.0,30.0,80.0,10.0,10.0,03,03,03,3,1,1,2,1,2,3,4,03,03,98,03,03,03,03,02,03,03,03,20.0,70.0,1,4,1,1,03,2,,,02,1977.0,2,07,02,04,05,02,01,1,0.926587700843811,2.0
1516,G8Z,04,10,2,2,2,2,2,2,2,3,3,2,1,99,,9.0,8.0,01,03,,04,2,,3,2,3,2,2,2,2,70.0,40.0,60.0,997.0,997.0,8,2,1,4,2,2,3,60.0,30.0,70.0,997.0,997.0,01,03,03,3,3,1,8,2,2,1,3,98,01,03,01,03,01,01,02,03,98,03,60.0,70.0,2,3,2,1,99,,1,99,99,1949.0,2,09,99,11,05,02,01,1,0.5248628258705139,2.0
1517,J4L,16,12,2,2,2,1,2,4,2,2,3,1,1,01,03,10.0,6.0,02,01,05,,2,,3,1,3,1,2,1,2,95.0,1.0,79.0,2.0,60.0,1,1,8,4,4,2,3,75.0,1.0,80.0,2.0,998.0,01,01,03,8,1,1,3,2,8,1,3,01,03,01,05,01,03,01,01,98,01,01,50.0,85.0,1,3,2,1,01,1,,,01,1968.0,2,07,04,02,05,02,01,1,1.7230206727981567,2.0
1518,H1L,06,01,1,1,3,3,3,4,2,3,2,2,1,02,04,10.0,5.0,01,02,02,,1,,1,1,3,1,2,1,4,0.0,80.0,50.0,70.0,50.0,1,2,1,4,3,1,3,0.0,60.0,60.0,50.0,40.0,02,04,04,2,2,1,4,4,1,1,4,04,02,02,02,04,03,02,02,03,01,04,40.0,10.0,1,4,1,1,02,1,,,04,1947.0,1,09,05,02,05,02,01,1,0.6322008967399597,2.0
1519,J2G,26,01,1,1,2,2,1,4,1,2,2,1,1,01,03,8.0,4.0,01,03,,03,2,,2,2,2,1,2,2,2,90.0,10.0,60.0,997.0,998.0,1,1,8,4,3,1,3,85.0,10.0,75.0,997.0,998.0,01,01,01,3,1,1,3,3,1,2,4,01,01,01,05,01,01,01,01,03,01,01,0.0,75.0,1,3,2,1,01,2,,,02,1945.0,2,08,06,03,05,02,01,1,0.5400015711784363,2.0
1520,J4H,16,96,2,1,3,2,4,4,3,4,4,3,1,02,03,10.0,8.0,03,01,,99,1,,2,3,2,1,2,2,2,50.0,70.0,90.0,5.0,5.0,2,2,1,2,3,1,4,75.0,60.0,80.0,10.0,10.0,01,03,03,2,3,1,4,1,3,2,1,98,01,98,05,04,03,02,03,01,03,01,0.0,100.0,1,4,2,3,97,,1,01,04,1985.0,1,08,01,05,05,02,01,1,2.061872959136963,2.0
1521,G5C,09,13,1,1,1,1,2,2,1,1,1,3,1,02,03,5.0,5.0,01,03,,05,1,,1,1,3,1,2,1,3,0.0,70.0,50.0,997.0,997.0,2,8,1,2,2,2,2,0.0,70.0,50.0,997.0,997.0,02,02,02,2,2,1,8,2,2,2,4,98,02,98,98,02,02,02,02,02,98,02,50.0,70.0,8,3,2,2,02,2,,,07,1951.0,2,04,99,03,04,02,01,1,0.39110317826271057,2.0
1522,J7V,16,17,2,2,2,1,2,1,2,3,2,1,1,01,03,9.0,8.0,02,01,,03,8,8,2,1,2,2,3,8,2,55.0,40.0,45.0,0.0,0.0,1,1,1,4,2,1,3,60.0,30.0,60.0,0.0,0.0,99,01,03,3,3,1,4,2,2,3,4,01,98,98,05,03,98,01,02,01,01,99,0.0,50.0,2,4,1,1,01,2,,,01,1971.0,1,07,09,02,05,02,01,1,2.670271873474121,2.0
1523,G6V,12,98,2,3,3,2,2,3,3,3,3,4,1,05,03,9.0,7.0,01,02,03,,2,,2,2,4,1,2,2,2,60.0,45.0,75.0,20.0,80.0,1,2,1,4,3,8,3,60.0,70.0,75.0,998.0,80.0,02,07,03,3,4,1,3,2,2,2,8,03,02,01,05,02,03,01,02,03,03,03,15.0,85.0,1,3,2,3,03,2,,,05,1975.0,1,09,04,02,05,02,01,1,0.3552634119987488,2.0
1524,H2A,06,98,1,1,1,3,3,2,4,1,1,1,2,,,4.0,6.0,01,03,,96,2,,2,2,4,1,1,1,3,999.0,998.0,999.0,998.0,998.0,1,2,8,4,2,2,8,998.0,998.0,998.0,997.0,997.0,06,98,98,3,4,9,3,3,1,8,4,98,98,98,98,98,98,99,98,98,98,98,70.0,998.0,2,8,9,3,97,,2,,06,1987.0,2,06,01,02,04,02,08,3,2.984832286834717,2.0
1525,J4K,16,02,1,1,1,1,1,3,3,1,1,1,1,03,02,3.0,5.0,02,01,,05,1,,1,1,4,1,2,1,4,0.0,70.0,70.0,10.0,30.0,1,2,1,4,4,4,2,10.0,30.0,60.0,5.0,997.0,06,03,03,2,2,1,4,4,3,1,4,02,02,02,05,04,03,02,02,03,03,03,40.0,30.0,1,4,1,1,02,2,,,04,1941.0,2,08,02,03,04,02,01,1,0.9275031685829163,2.0
1526,J3Y,16,99,2,2,4,4,3,3,3,3,3,3,1,99,,5.0,5.0,01,03,,04,2,,4,3,4,1,2,2,2,30.0,50.0,60.0,60.0,60.0,1,2,1,4,3,2,1,1.0,2.0,50.0,50.0,50.0,01,01,06,3,3,1,1,2,1,1,3,03,03,01,02,02,03,02,02,02,01,02,50.0,50.0,2,2,1,1,97,,2,,03,1951.0,1,08,05,11,04,02,01,1,0.6322008967399597,2.0
1527,G1W,03,03,1,1,1,2,3,4,4,2,2,2,1,01,03,5.0,0.0,03,01,,02,2,,1,1,3,1,3,8,2,50.0,0.0,50.0,997.0,997.0,1,2,1,4,3,3,2,40.0,0.0,998.0,998.0,998.0,01,98,03,3,1,1,4,3,2,8,4,98,98,98,05,98,03,01,98,98,98,98,30.0,60.0,2,8,2,2,97,,1,01,01,1933.0,1,08,10,03,05,02,01,1,0.35561421513557434,2.0
1528,J6X,14,98,1,2,2,2,2,2,3,2,2,2,1,99,,3.0,1.0,96,,01,,1,,3,2,3,1,2,9,2,40.0,50.0,40.0,40.0,30.0,8,8,8,3,8,1,1,40.0,50.0,40.0,997.0,997.0,06,06,07,1,2,8,8,2,8,2,2,98,98,98,05,98,03,02,98,02,98,98,50.0,60.0,1,4,2,1,02,3,,,98,1979.0,2,05,02,02,05,02,01,1,0.926587700843811,2.0
1529,H8P,06,01,1,1,2,2,2,4,2,1,2,1,1,03,02,10.0,9.0,01,03,01,,1,,1,1,3,1,2,1,2,60.0,75.0,85.0,2.0,2.0,1,2,1,3,3,1,2,2.0,60.0,90.0,3.0,3.0,03,03,03,2,2,1,4,3,2,3,3,03,03,03,03,03,03,03,03,03,03,03,30.0,60.0,1,2,2,1,03,2,,,02,9999.0,2,06,01,03,03,02,01,1,0.9275031685829163,2.0
1530,H1L,06,01,1,2,2,2,2,2,3,3,2,1,1,03,01,8.0,4.0,01,02,02,,2,,2,1,4,1,2,1,4,80.0,0.0,75.0,1.0,0.0,2,1,1,4,2,3,1,80.0,0.0,75.0,0.0,10.0,01,03,03,3,3,1,2,2,2,1,4,01,01,03,05,03,03,03,02,03,03,03,60.0,60.0,2,2,2,1,01,2,,,02,1945.0,1,04,01,03,05,02,01,1,0.6322008967399597,2.0
1531,G0W,02,99,1,1,2,1,2,3,1,2,1,3,1,02,05,10.0,8.0,01,03,01,,1,,2,2,3,2,2,1,2,20.0,90.0,30.0,998.0,60.0,1,8,1,1,3,2,3,60.0,80.0,30.0,50.0,50.0,02,02,04,3,2,1,3,2,8,8,3,02,02,02,02,02,02,02,02,02,02,02,80.0,80.0,2,8,1,1,02,1,,,04,1964.0,2,07,07,02,05,02,01,1,1.6519296169281006,2.0
1532,G8Y,04,01,1,1,3,1,3,3,3,3,1,4,1,99,,8.0,8.0,02,01,,05,1,,1,1,3,1,1,1,2,0.0,50.0,50.0,0.0,50.0,1,2,2,8,3,1,2,50.0,50.0,75.0,0.0,997.0,01,06,03,3,3,1,4,1,3,3,4,01,01,01,05,03,03,02,02,03,01,03,0.0,50.0,2,4,4,1,97,,2,,04,1974.0,1,08,03,02,05,02,01,1,1.626064658164978,2.0
1533,G1S,03,98,2,1,1,1,1,3,2,1,2,3,1,02,04,10.0,10.0,01,03,01,,1,,2,2,9,2,2,2,3,35.0,80.0,15.0,60.0,20.0,1,2,1,3,3,1,3,35.0,70.0,20.0,40.0,20.0,02,07,99,3,2,1,4,3,2,2,3,98,02,02,02,02,02,02,02,02,02,02,80.0,60.0,1,3,3,2,02,1,,,04,1946.0,2,06,10,02,05,02,04,1,0.13188232481479645,2.0
1534,J4T,16,03,2,2,2,3,3,3,4,2,2,3,1,03,97,7.0,6.0,01,04,,02,2,,2,3,3,3,2,2,3,40.0,20.0,80.0,20.0,20.0,1,8,8,4,4,3,2,50.0,0.0,85.0,0.0,0.0,01,98,03,3,1,1,3,3,3,2,3,98,01,01,03,03,03,01,03,03,98,01,0.0,50.0,8,3,2,2,03,2,,,01,1973.0,2,07,02,06,05,02,01,1,0.926587700843811,2.0
1535,H8Z,06,10,1,1,2,1,2,1,3,3,3,2,1,01,03,10.0,10.0,03,01,04,,2,,2,2,3,2,3,1,3,70.0,0.0,40.0,0.0,20.0,1,2,1,4,2,3,4,50.0,0.0,20.0,997.0,997.0,01,01,01,1,1,2,3,2,2,1,4,01,01,01,05,98,01,01,01,01,01,03,5.0,95.0,2,2,1,2,01,2,,,01,1958.0,1,05,10,02,05,01,10,2,0.9925715327262878,2.0
1536,H7N,13,99,2,2,2,2,2,2,2,2,2,1,1,03,05,8.0,8.0,96,,04,,3,,2,2,3,1,2,1,3,998.0,998.0,998.0,998.0,999.0,2,8,8,3,2,2,3,998.0,999.0,998.0,999.0,997.0,01,03,03,2,3,1,3,8,8,8,3,03,03,03,03,03,03,03,03,03,03,03,999.0,999.0,8,4,2,2,03,2,,,01,1940.0,2,06,01,03,05,02,01,1,0.9275031685829163,2.0
1537,J7N,15,99,2,3,3,3,1,2,1,2,9,1,1,99,,10.0,0.0,01,03,,02,9,,1,1,3,1,1,1,3,999.0,0.0,999.0,997.0,997.0,1,2,8,4,2,2,2,999.0,0.0,8.0,997.0,997.0,03,03,03,9,1,3,8,2,2,8,8,98,03,98,98,98,98,99,99,99,03,99,0.0,999.0,1,3,2,1,97,,2,,99,9999.0,2,05,99,02,04,02,01,1,0.9275031685829163,2.0
1538,H7X,13,96,1,3,3,1,3,4,4,2,2,1,1,01,03,7.0,8.0,03,01,,04,2,,3,3,2,2,3,2,2,60.0,998.0,998.0,999.0,998.0,1,2,1,4,2,2,3,70.0,10.0,60.0,0.0,50.0,01,03,03,3,3,1,4,2,1,1,3,01,02,01,01,04,03,03,03,01,03,03,20.0,60.0,2,2,1,1,02,3,,,02,1948.0,1,08,09,01,04,02,01,1,0.6322008967399597,2.0
1539,H4A,06,98,1,1,1,1,1,3,2,3,2,2,1,01,03,8.0,7.0,01,03,02,,8,2,3,2,4,1,2,1,3,80.0,998.0,75.0,50.0,25.0,1,2,1,4,2,2,2,75.0,998.0,70.0,998.0,997.0,01,06,03,3,3,1,3,2,2,1,4,98,98,98,05,98,98,98,98,98,01,98,0.0,85.0,1,3,3,2,99,,8,,06,1957.0,2,09,10,01,05,02,01,1,1.1798489093780518,2.0
1540,J0L,26,04,2,2,4,2,3,3,2,4,2,3,1,99,,9.0,9.0,03,01,01,,9,,4,3,2,2,2,8,2,999.0,999.0,999.0,999.0,999.0,1,2,1,3,3,1,4,999.0,999.0,999.0,998.0,998.0,98,98,98,3,9,1,4,4,1,4,3,98,98,01,05,04,98,02,02,98,03,98,998.0,90.0,1,4,2,2,99,,1,99,99,1974.0,2,11,99,09,04,02,01,1,1.2265689373016357,2.0
1541,J4X,16,17,2,3,3,2,2,2,3,3,3,3,1,01,03,3.0,5.0,03,01,03,,2,,2,2,2,1,1,1,3,60.0,20.0,40.0,0.0,10.0,1,1,1,4,4,2,3,40.0,10.0,50.0,0.0,1.0,01,98,03,3,3,1,8,2,2,1,4,98,01,01,01,98,03,02,01,01,01,98,20.0,60.0,1,3,2,2,01,3,,,02,1955.0,2,07,10,03,05,02,01,1,1.1798489093780518,2.0
1542,G0S,12,01,1,3,2,2,3,2,4,2,8,4,1,99,,5.0,5.0,01,03,,04,8,2,4,1,4,1,9,1,4,50.0,50.0,1.0,0.0,2.0,1,2,8,4,8,8,1,0.0,10.0,0.0,997.0,997.0,06,06,06,2,4,8,4,1,3,2,4,01,98,98,98,97,97,97,98,97,97,97,0.0,0.0,2,9,2,1,97,,2,,99,1941.0,1,05,02,11,05,02,01,1,0.35561421513557434,2.0
1543,H7W,13,98,1,3,1,2,4,1,3,3,4,8,1,01,03,9.0,5.0,04,02,04,,2,,8,2,3,1,2,1,2,75.0,0.0,50.0,997.0,998.0,1,8,8,4,8,8,3,50.0,0.0,25.0,997.0,997.0,01,98,98,8,1,3,8,2,2,8,3,98,98,98,05,98,98,98,98,01,98,01,50.0,75.0,1,3,3,2,01,3,,,01,1972.0,2,11,99,02,04,01,10,5,3.8655707836151123,2.0
1544,H4G,06,98,1,1,2,1,1,1,3,1,2,2,2,,,2.0,2.0,01,02,,02,2,,2,2,3,2,2,1,3,50.0,100.0,998.0,998.0,0.0,1,2,1,4,3,2,2,10.0,20.0,100.0,997.0,997.0,01,06,06,3,1,8,2,2,2,2,3,98,98,98,98,98,98,98,98,98,98,98,0.0,50.0,1,3,3,2,05,2,,,05,1974.0,1,06,04,02,04,01,10,3,3.221625566482544,2.0
1545,J2B,17,04,2,3,2,2,3,3,4,2,1,2,1,99,,7.0,7.0,03,01,04,,2,,1,1,4,1,1,1,2,70.0,0.0,75.0,5.0,5.0,1,2,1,4,2,1,2,50.0,0.0,75.0,5.0,10.0,01,06,06,3,1,3,4,1,1,1,1,97,96,01,05,04,04,01,03,03,97,04,0.0,75.0,1,2,2,1,01,3,,,01,1942.0,1,07,04,03,03,02,01,1,1.627670168876648,2.0
1546,J0B,05,99,1,2,1,2,1,1,2,1,1,3,1,99,,5.0,4.0,01,06,,03,9,,2,1,3,1,2,8,3,999.0,998.0,998.0,997.0,997.0,2,8,8,3,2,8,1,0.0,998.0,60.0,997.0,997.0,98,03,98,8,8,8,8,8,2,2,1,98,98,98,98,03,98,99,98,01,98,98,60.0,998.0,2,3,2,8,99,,2,,99,1944.0,2,04,99,02,05,02,01,1,0.5248628258705139,2.0
1547,J4B,16,99,2,2,2,2,1,2,3,2,2,4,1,99,,7.0,7.0,01,03,,03,3,,2,3,3,1,9,1,3,75.0,45.0,50.0,998.0,997.0,2,2,2,4,1,3,3,80.0,50.0,60.0,997.0,997.0,01,98,07,2,4,1,4,2,2,2,4,01,01,98,98,98,03,01,01,03,98,98,50.0,65.0,8,3,2,2,01,8,,,99,1951.0,1,08,99,02,02,02,01,7,0.3431829512119293,2.0
1548,G1E,03,10,1,2,4,2,2,3,1,3,2,2,1,01,04,10.0,8.0,01,02,02,,2,,2,2,2,1,2,1,2,70.0,50.0,50.0,60.0,30.0,1,2,1,4,3,2,3,70.0,30.0,50.0,60.0,10.0,01,04,03,1,3,1,3,2,2,2,3,04,04,01,05,04,03,01,02,03,03,03,75.0,60.0,1,2,2,3,01,2,,,03,1943.0,2,09,99,03,04,02,01,1,0.13188232481479645,2.0
1549,G1L,03,01,1,2,3,2,3,2,1,2,1,3,1,01,03,10.0,10.0,01,07,,01,2,,2,2,3,1,2,1,2,75.0,0.0,25.0,0.0,0.0,2,2,2,4,4,2,2,60.0,0.0,20.0,0.0,997.0,01,98,03,3,1,1,1,2,2,8,2,01,03,98,98,01,03,01,98,01,01,01,0.0,50.0,2,1,1,1,01,3,,,02,1941.0,1,04,01,03,04,02,01,1,0.35561421513557434,2.0
1550,H7S,13,03,1,2,2,1,1,1,2,1,2,2,1,02,03,4.0,1.0,01,04,,04,1,,2,1,4,1,1,1,4,0.0,60.0,998.0,997.0,997.0,2,2,1,4,8,1,2,30.0,60.0,60.0,997.0,997.0,98,98,98,2,3,1,2,2,1,1,3,03,01,98,98,98,01,02,02,02,03,03,998.0,999.0,2,2,1,1,99,,8,,04,1944.0,1,05,03,11,04,02,01,1,0.6322008967399597,2.0
1551,J3Y,16,19,1,1,4,1,2,2,1,4,4,1,1,02,97,10.0,8.0,03,01,,05,1,,1,2,3,1,3,1,3,20.0,95.0,40.0,30.0,30.0,2,2,1,1,1,1,4,20.0,100.0,40.0,60.0,50.0,02,02,02,2,2,1,4,2,1,1,4,02,02,98,05,04,02,02,02,02,98,02,60.0,40.0,1,4,4,1,02,1,,,04,1981.0,2,09,99,02,05,02,01,1,0.926587700843811,2.0
1552,J0E,05,99,1,2,2,2,1,2,1,1,1,8,1,99,,10.0,5.0,01,07,04,,2,,2,1,3,1,1,1,2,999.0,0.0,999.0,999.0,999.0,8,8,8,4,2,1,3,999.0,999.0,999.0,999.0,999.0,99,98,98,2,1,2,2,2,8,2,3,99,99,99,99,99,99,99,98,98,98,98,60.0,998.0,2,1,2,8,99,,1,99,99,1945.0,2,07,99,07,04,01,01,2,0.28491565585136414,2.0
1553,H9G,06,98,1,1,1,1,1,1,1,1,1,8,1,01,05,5.0,5.0,01,06,,01,8,8,3,3,3,1,8,1,8,999.0,999.0,999.0,999.0,998.0,8,8,8,8,2,8,2,998.0,998.0,998.0,998.0,998.0,99,99,98,8,3,8,1,1,1,1,4,01,98,98,05,98,98,03,98,98,98,98,50.0,50.0,1,2,1,4,01,8,,,01,1955.0,2,08,99,04,04,01,01,2,0.6404670476913452,2.0
1554,G1W,03,17,2,2,3,1,2,3,4,3,3,2,1,01,05,9.0,8.0,01,03,04,,2,,3,3,2,2,2,1,2,70.0,5.0,997.0,997.0,50.0,2,1,1,4,3,2,3,80.0,25.0,55.0,997.0,997.0,01,98,03,1,1,3,3,2,1,2,2,01,01,01,05,01,01,01,01,01,01,03,20.0,80.0,2,2,2,3,01,2,,,02,1935.0,2,10,03,03,04,96,01,1,0.29985514283180237,2.0
1555,G8Y,04,17,1,1,1,2,2,2,1,2,2,2,1,01,97,5.0,5.0,03,01,03,,2,,2,2,2,2,2,8,2,75.0,0.0,998.0,997.0,997.0,1,2,1,4,2,2,2,80.0,0.0,50.0,25.0,997.0,01,03,03,1,1,1,2,2,2,2,3,01,01,01,01,01,01,01,01,01,01,01,0.0,75.0,9,2,2,2,01,2,,,01,1928.0,1,09,04,03,01,02,01,1,1.627670168876648,2.0
1556,J7R,15,01,1,2,3,3,2,2,1,3,3,1,1,03,02,10.0,10.0,01,03,,04,1,,2,1,3,1,2,1,3,10.0,20.0,80.0,50.0,40.0,1,1,1,2,3,1,3,15.0,30.0,80.0,997.0,997.0,03,03,03,3,3,1,4,1,3,3,4,03,03,03,05,04,03,02,02,03,03,03,0.0,10.0,2,2,1,1,03,1,,,04,1950.0,1,08,09,02,05,02,01,1,0.6322008967399597,2.0
1557,H1S,06,03,1,1,3,1,2,2,4,2,3,3,1,01,03,7.0,10.0,03,01,,03,2,,2,2,2,2,2,8,2,70.0,20.0,40.0,0.0,0.0,1,2,1,4,2,2,2,70.0,0.0,40.0,10.0,0.0,01,98,03,3,1,1,2,2,2,2,3,01,01,01,01,01,98,01,01,01,01,98,50.0,50.0,8,2,2,1,01,2,,,01,1942.0,2,08,07,03,03,02,01,1,0.9275031685829163,2.0
1558,H4B,06,10,2,2,2,2,8,8,2,4,4,8,1,01,97,5.0,3.0,06,01,03,,2,,3,2,3,1,1,1,2,50.0,0.0,0.0,0.0,0.0,8,8,8,8,8,8,2,50.0,0.0,998.0,997.0,997.0,01,06,06,3,4,8,8,8,3,2,3,98,98,98,98,98,98,98,98,98,98,98,10.0,998.0,8,8,8,1,01,3,,,01,1971.0,2,09,05,02,05,01,10,2,0.9353222250938416,2.0
1559,J5M,24,01,2,2,2,1,2,3,2,2,4,1,2,,,8.0,10.0,01,03,01,,1,,2,1,4,1,1,1,3,25.0,75.0,75.0,50.0,75.0,8,2,2,1,3,2,1,0.0,0.0,75.0,10.0,0.0,98,07,03,3,3,1,1,1,8,2,4,98,03,98,98,98,98,02,02,98,98,98,70.0,50.0,2,8,1,1,97,,1,03,06,1960.0,1,07,02,11,05,02,01,1,1.956773042678833,2.0
1560,J0H,17,98,1,1,2,2,2,1,2,2,1,3,1,99,,3.0,2.0,01,03,02,,2,,2,2,9,1,2,8,2,40.0,1.0,60.0,1.0,0.0,2,1,8,4,4,8,2,2.0,2.0,60.0,997.0,997.0,03,98,03,2,4,9,4,2,2,2,3,03,03,03,03,03,03,03,03,03,03,03,5.0,80.0,2,8,1,1,99,,1,03,98,1948.0,2,04,01,06,99,02,01,1,0.5248628258705139,2.0
1561,J0K,24,98,1,1,2,2,2,2,2,2,2,2,1,02,03,6.0,6.0,01,02,,04,1,,2,2,3,1,2,2,2,998.0,998.0,998.0,997.0,998.0,1,2,1,2,3,1,1,40.0,50.0,40.0,997.0,997.0,98,98,98,3,2,1,2,3,2,1,2,98,98,98,98,98,98,98,98,98,98,98,60.0,70.0,1,3,2,3,98,,8,,98,1977.0,2,06,06,02,05,02,01,1,1.2265689373016357,2.0
1562,J2R,26,10,1,2,2,1,2,2,3,3,3,2,1,01,03,8.0,7.0,01,03,04,,2,,2,2,2,2,2,2,1,75.0,50.0,72.0,10.0,40.0,1,1,2,4,8,1,3,80.0,50.0,75.0,10.0,50.0,01,07,98,3,1,3,4,2,2,2,4,98,98,01,05,04,03,01,02,98,01,98,75.0,90.0,1,4,3,1,02,3,,,04,1975.0,1,09,10,02,05,02,01,1,1.5367439985275269,2.0
1563,G3E,03,17,1,4,4,3,1,3,3,3,3,1,1,03,01,10.0,8.0,03,02,04,,2,,1,2,3,1,1,1,3,998.0,70.0,90.0,997.0,997.0,8,2,1,4,8,2,3,75.0,0.0,90.0,0.0,997.0,01,03,03,2,1,3,2,2,2,2,4,03,03,99,99,03,03,99,99,99,03,03,40.0,75.0,8,3,2,1,03,2,,,02,1936.0,2,05,03,03,05,02,01,1,0.29985514283180237,2.0
1564,J5A,16,98,1,1,1,3,8,2,8,1,1,8,2,,,4.0,1.0,01,02,,04,8,8,8,8,3,1,2,8,3,0.0,80.0,60.0,10.0,0.0,2,1,8,8,8,8,8,0.0,80.0,60.0,997.0,997.0,03,03,02,3,8,8,2,2,2,8,8,98,98,98,05,98,03,98,98,98,98,98,60.0,60.0,1,8,1,1,03,2,,,04,1979.0,2,11,02,06,05,02,01,1,0.926587700843811,2.0
1565,J8T,07,18,1,1,2,1,1,3,1,2,2,4,1,02,04,9.0,7.0,02,03,,05,1,,3,2,3,2,3,1,3,25.0,80.0,0.0,75.0,40.0,1,2,1,3,4,2,3,1.0,55.0,30.0,75.0,10.0,06,04,06,2,2,1,4,4,1,1,2,02,02,01,02,04,02,02,02,02,02,99,85.0,85.0,1,4,3,3,02,2,,,04,1957.0,1,10,10,01,05,02,01,1,1.956773042678833,2.0
1566,H7H,13,98,1,2,3,2,2,2,3,2,2,2,1,04,05,4.0,3.0,01,03,,04,2,,1,1,4,1,2,1,2,0.0,50.0,49.0,85.0,80.0,2,2,1,8,4,2,2,0.0,0.0,50.0,85.0,997.0,04,04,04,3,3,3,1,2,2,2,8,03,03,02,05,04,04,02,04,04,03,04,50.0,51.0,1,4,3,1,04,2,,,03,1987.0,2,08,07,02,05,02,01,1,1.330445408821106,2.0
1567,J8R,07,01,1,1,2,1,1,2,1,2,2,2,1,02,05,10.0,10.0,03,01,02,,1,,3,2,3,1,2,2,2,999.0,75.0,999.0,998.0,999.0,1,2,1,4,2,2,3,50.0,90.0,70.0,80.0,80.0,02,02,04,3,3,1,3,2,2,2,4,02,02,02,05,04,04,02,02,02,02,04,70.0,70.0,1,3,2,2,02,2,,,04,1957.0,2,07,99,01,04,02,01,1,1.5618207454681396,2.0
1568,G6W,12,98,1,2,2,2,2,2,3,2,2,3,2,,,7.0,6.0,01,03,,02,2,,2,3,3,1,2,8,8,60.0,25.0,25.0,998.0,998.0,1,8,8,4,4,2,2,60.0,25.0,35.0,997.0,997.0,01,98,98,3,1,1,8,3,3,3,3,01,01,03,98,01,01,01,02,98,98,98,25.0,998.0,1,2,1,2,01,2,,,01,1964.0,2,05,03,02,04,02,01,1,0.5570399761199951,2.0
1569,G6G,32,01,1,1,2,2,3,3,4,1,2,4,1,01,04,9.0,6.0,01,03,,03,2,,2,1,3,2,2,1,2,70.0,25.0,40.0,65.0,998.0,1,2,1,4,3,2,3,60.0,60.0,55.0,50.0,997.0,01,98,04,3,4,1,2,2,2,3,3,98,96,98,01,04,01,01,01,01,98,04,50.0,80.0,1,3,3,2,01,2,,,02,9999.0,2,07,99,03,05,02,01,1,1.1933574676513672,2.0
1570,H7P,13,01,1,2,2,1,3,2,3,3,2,1,1,03,05,10.0,6.0,02,01,,03,2,,2,2,3,1,2,1,3,50.0,25.0,80.0,10.0,60.0,1,2,1,4,2,2,3,50.0,10.0,80.0,10.0,997.0,98,03,03,3,1,1,2,2,2,2,2,98,98,03,05,03,03,03,02,03,98,03,50.0,50.0,1,3,2,1,03,2,,,05,1947.0,2,04,04,02,04,02,01,1,0.40793442726135254,2.0
1571,J3L,16,03,2,3,3,1,2,2,1,2,2,2,1,03,02,8.0,6.0,02,03,01,,1,,2,1,4,1,2,1,3,5.0,95.0,96.0,50.0,80.0,1,2,1,1,2,2,3,3.0,70.0,95.0,25.0,75.0,03,05,03,2,2,1,4,1,3,3,4,03,03,03,05,98,03,02,02,03,03,03,40.0,70.0,1,4,2,2,02,2,,,04,1979.0,2,09,06,05,05,02,01,1,0.926587700843811,2.0
1572,G1W,03,10,1,2,2,2,2,3,1,2,2,2,1,01,03,8.0,8.0,03,01,03,,2,,3,3,3,2,2,2,2,58.0,28.0,37.0,15.0,8.0,2,1,1,4,1,2,3,63.0,35.0,45.0,40.0,20.0,01,04,07,3,1,1,3,2,2,2,3,01,01,01,05,97,97,01,96,97,01,98,40.0,60.0,2,2,2,2,01,2,,,01,1935.0,1,08,06,03,01,02,01,1,0.35561421513557434,2.0
1573,H7L,13,03,1,1,1,1,2,3,3,2,1,2,1,01,05,10.0,10.0,01,03,,03,2,,2,2,2,1,2,1,2,95.0,0.0,50.0,50.0,80.0,1,2,1,4,3,1,2,80.0,55.0,50.0,997.0,60.0,01,01,01,1,1,3,4,2,1,1,4,01,01,01,01,01,01,01,01,01,01,01,30.0,50.0,1,2,2,1,01,1,,,01,1945.0,2,11,04,03,03,02,01,1,0.40793442726135254,2.0
1574,J1N,05,04,1,1,1,2,2,3,4,1,1,1,1,01,03,10.0,10.0,02,04,,04,1,,1,1,4,1,2,1,4,5.0,1.0,95.0,90.0,90.0,1,2,1,4,1,3,3,50.0,0.0,95.0,90.0,90.0,03,03,03,2,2,1,3,1,2,2,2,03,03,03,05,03,03,03,02,03,03,03,75.0,50.0,1,3,1,1,02,3,,,04,1940.0,1,07,04,03,04,02,01,1,1.627670168876648,2.0
1575,J8Y,07,05,1,1,2,1,1,2,3,2,1,2,2,,,10.0,8.0,01,03,,04,8,8,3,3,3,1,2,1,2,55.0,70.0,60.0,50.0,40.0,2,1,1,8,3,1,4,40.0,75.0,70.0,997.0,997.0,02,02,02,2,2,1,4,3,1,1,1,01,02,03,02,03,03,02,02,02,02,02,80.0,95.0,1,8,2,2,02,2,,,06,1984.0,2,09,10,05,04,02,01,1,1.7611688375473022,2.0
1576,999,06,08,2,2,4,1,2,1,4,2,2,2,1,99,,98.0,98.0,04,03,,03,2,,3,2,3,1,1,1,2,999.0,0.0,998.0,997.0,998.0,1,2,1,4,4,2,2,998.0,998.0,998.0,997.0,998.0,03,06,02,1,1,3,3,1,2,4,1,03,03,03,05,03,03,03,03,03,01,03,0.0,100.0,8,4,1,1,97,,2,,01,9999.0,1,09,99,02,05,02,09,4,3.224806547164917,2.0
1577,J9J,07,03,1,2,3,1,1,1,4,2,1,2,1,03,01,9.0,5.0,04,03,,01,2,,2,2,4,1,2,1,3,50.0,10.0,60.0,10.0,40.0,1,2,1,4,4,2,2,40.0,20.0,60.0,997.0,997.0,01,06,03,3,1,8,4,2,2,2,3,03,03,98,05,98,03,03,98,01,98,03,10.0,80.0,8,3,2,2,01,3,,,03,1974.0,1,09,10,02,05,02,01,1,1.5367439985275269,2.0
1578,J0H,26,03,1,1,2,1,8,3,3,2,2,1,1,02,03,6.0,4.0,03,06,,04,8,1,2,2,3,2,2,1,3,10.0,70.0,75.0,997.0,50.0,1,2,1,3,8,2,2,0.0,50.0,75.0,998.0,998.0,06,03,03,8,3,1,4,2,2,2,4,03,02,98,05,04,02,98,02,03,98,03,50.0,50.0,1,3,2,1,02,2,,,04,1987.0,2,07,98,09,05,02,01,1,1.7611688375473022,2.0
1579,H2E,06,15,1,2,2,1,2,3,2,3,3,4,1,02,04,10.0,6.0,03,01,01,,1,,1,1,4,1,3,1,2,0.0,70.0,0.0,60.0,50.0,2,2,1,3,2,1,2,0.0,60.0,0.0,40.0,30.0,06,07,04,3,2,1,4,4,3,3,4,98,02,98,05,04,04,02,02,02,98,04,20.0,20.0,1,4,4,3,02,2,,,04,1944.0,2,05,02,01,05,02,01,1,0.40793442726135254,2.0
1580,J1T,05,98,1,2,3,3,1,3,2,3,3,1,1,02,03,8.0,9.0,01,02,01,,1,,2,2,2,2,2,2,2,70.0,90.0,80.0,997.0,997.0,1,1,2,1,4,2,3,75.0,60.0,90.0,997.0,998.0,03,03,98,3,2,1,4,4,1,1,2,01,02,02,05,02,03,02,02,01,02,03,80.0,80.0,2,3,2,1,02,2,,,04,1948.0,1,08,04,03,05,02,01,1,0.7158807516098022,2.0
1581,J7V,16,10,2,2,2,2,2,1,1,2,2,2,1,01,97,8.0,8.0,02,01,05,,2,,2,1,3,1,3,2,2,100.0,0.0,30.0,0.0,40.0,2,2,1,4,3,1,4,100.0,0.0,0.0,997.0,997.0,01,01,01,1,1,1,3,2,2,1,1,01,01,01,01,01,01,01,01,01,01,01,0.0,80.0,1,4,2,2,01,2,,,01,1964.0,1,05,03,02,05,01,01,2,1.4495251178741455,2.0
1582,H7C,13,98,3,3,3,3,2,3,2,3,3,3,1,03,98,0.0,4.0,01,04,,04,8,2,2,2,3,1,2,8,2,998.0,998.0,998.0,998.0,998.0,1,2,1,4,2,2,2,998.0,998.0,998.0,998.0,998.0,98,98,98,3,3,1,4,4,2,2,3,98,98,98,98,98,98,98,98,98,98,98,50.0,50.0,8,1,2,2,97,,8,,98,1948.0,1,08,04,02,01,02,01,1,0.6322008967399597,2.0
1583,J0X,07,03,1,1,2,1,2,1,3,1,1,1,1,01,03,5.0,0.0,01,03,04,,2,,2,2,4,8,8,8,3,50.0,30.0,20.0,997.0,997.0,1,1,8,4,4,1,2,50.0,10.0,30.0,997.0,997.0,01,03,03,2,1,1,3,3,2,2,3,01,01,01,05,01,03,01,01,01,01,01,50.0,50.0,2,3,2,2,01,2,,,01,1960.0,2,09,05,01,04,99,11,3,3.503920793533325,2.0
1584,J3E,16,98,3,3,3,2,2,4,8,3,2,2,1,01,05,3.0,3.0,01,04,,04,2,,1,2,2,2,2,1,2,75.0,25.0,40.0,25.0,75.0,1,2,1,4,2,3,2,50.0,40.0,50.0,40.0,50.0,01,07,03,3,3,1,4,3,2,3,3,98,98,01,05,04,03,01,02,98,01,03,30.0,70.0,1,8,2,2,97,,2,,05,1961.0,1,10,08,02,05,02,01,1,1.828485131263733,2.0
1585,G1K,03,96,1,1,2,1,1,4,2,1,3,2,1,02,04,8.0,8.0,03,07,02,,8,1,3,2,2,3,2,2,2,60.0,80.0,0.0,70.0,70.0,1,2,1,3,3,1,3,30.0,60.0,10.0,998.0,998.0,02,98,06,3,2,1,4,4,1,1,2,98,02,02,05,04,02,02,02,02,97,02,80.0,80.0,1,4,4,4,02,1,,,04,1983.0,2,11,05,05,04,02,01,1,0.4301224946975708,2.0
1586,G0W,02,98,1,1,3,2,1,2,2,1,1,1,1,02,97,5.0,5.0,01,02,02,,8,8,1,1,3,1,2,1,2,11.0,60.0,0.0,997.0,997.0,1,2,2,3,8,1,2,0.0,60.0,10.0,997.0,997.0,02,06,02,8,2,1,1,2,2,2,4,98,02,98,05,02,02,02,98,98,98,02,100.0,60.0,1,2,1,1,02,2,,,04,1975.0,2,07,99,10,03,02,01,1,0.8883579969406128,2.0
1587,J2G,26,98,2,2,2,2,2,3,4,2,2,3,1,01,05,8.0,7.0,01,03,,03,2,,4,3,2,2,3,2,2,80.0,30.0,30.0,997.0,50.0,1,2,1,4,3,1,2,80.0,30.0,30.0,997.0,997.0,01,01,01,3,1,1,2,1,1,1,2,01,01,01,01,01,01,01,01,01,01,01,60.0,80.0,1,2,2,2,01,1,,,01,1937.0,2,09,05,11,02,02,01,1,1.2277785539627075,2.0
1588,J8Y,07,08,2,3,3,1,2,2,1,3,2,2,1,02,05,10.0,8.0,01,07,,05,1,,4,2,4,1,2,1,3,0.0,100.0,0.0,20.0,100.0,2,2,8,1,3,4,4,1.0,15.0,0.0,997.0,997.0,06,02,02,3,2,1,2,4,8,4,4,02,02,02,05,02,02,02,02,05,02,02,50.0,50.0,1,2,1,1,02,1,,,04,1985.0,2,04,03,02,04,02,01,1,1.7611688375473022,2.0
1589,H2V,06,01,1,2,2,1,2,2,1,2,2,3,1,01,03,10.0,10.0,03,01,,02,2,,3,2,2,2,1,2,2,100.0,0.0,10.0,1.0,5.0,1,1,1,4,8,1,4,75.0,10.0,10.0,1.0,5.0,01,01,01,1,1,1,1,1,2,1,1,01,01,01,01,01,01,01,01,01,01,01,30.0,80.0,8,2,3,2,01,1,,,01,1941.0,1,09,10,03,03,02,02,1,1.4374099969863892,2.0
1590,J3Y,16,99,3,2,3,2,2,3,1,2,9,2,1,99,,9.0,8.0,01,04,,03,9,,2,2,3,2,3,9,2,998.0,998.0,998.0,997.0,998.0,1,1,8,3,1,1,2,5.0,4.0,6.0,5.0,5.0,01,98,03,3,9,1,4,2,2,8,8,98,98,98,05,04,03,99,99,98,99,03,999.0,7.0,9,8,2,2,99,,9,,02,1949.0,1,07,99,02,04,02,01,1,0.6322008967399597,2.0
1591,J0K,24,98,1,1,1,1,1,3,2,2,1,2,1,03,05,7.0,7.0,01,03,02,,2,,1,1,3,1,1,1,3,0.0,0.0,85.0,20.0,20.0,8,1,8,3,2,2,2,0.0,20.0,85.0,20.0,20.0,03,03,03,3,3,8,8,3,2,2,3,03,03,03,03,03,03,03,03,03,03,03,0.0,60.0,1,3,2,1,03,2,,,02,1962.0,2,05,98,02,05,02,01,1,1.5618207454681396,2.0
1592,G1V,03,08,2,2,4,1,2,4,2,1,2,2,1,04,02,6.0,10.0,02,03,,04,1,,2,1,4,3,2,1,3,0.0,40.0,0.0,100.0,20.0,1,1,1,3,3,4,3,0.0,40.0,0.0,90.0,10.0,04,04,04,1,2,1,4,4,1,2,4,04,02,04,04,04,04,02,02,04,04,04,80.0,70.0,1,4,4,4,97,,1,04,04,1977.0,1,11,07,02,05,02,01,1,0.3552634119987488,2.0
1593,999,06,98,1,2,2,1,1,1,1,1,2,2,1,05,97,5.0,5.0,03,02,,04,2,,1,2,3,1,2,1,2,10.0,50.0,30.0,20.0,20.0,1,2,8,3,2,2,2,10.0,30.0,30.0,20.0,20.0,06,06,05,2,3,8,3,3,2,2,3,98,98,98,98,98,98,98,98,98,98,98,50.0,50.0,1,8,2,2,97,,8,,04,1955.0,2,08,07,02,05,02,01,1,1.1798489093780518,2.0
1594,G9A,04,10,2,3,3,3,3,3,4,2,2,2,1,03,05,8.0,6.0,01,04,03,,2,,3,2,3,1,2,1,2,25.0,0.0,100.0,997.0,997.0,1,2,1,4,3,2,3,50.0,50.0,100.0,997.0,997.0,03,03,03,2,1,1,4,2,2,2,3,03,03,03,05,03,03,03,03,03,03,03,50.0,100.0,1,2,2,2,03,2,,,02,1946.0,1,04,04,03,05,02,01,1,0.7158807516098022,2.0
1595,H4G,06,12,3,2,4,3,4,4,1,4,4,4,1,01,05,10.0,10.0,04,02,,02,2,,3,3,2,2,3,2,2,90.0,0.0,70.0,0.0,100.0,2,1,1,4,3,3,4,70.0,0.0,50.0,0.0,98.0,01,07,98,2,1,1,3,3,2,2,2,01,01,98,05,98,03,01,01,01,01,01,33.0,998.0,1,8,2,3,01,2,,,02,1985.0,1,08,04,05,05,02,01,7,1.119264006614685,2.0
1596,G5M,01,99,1,2,2,2,2,1,2,2,2,1,1,03,02,9.0,5.0,01,03,,04,8,8,2,2,3,1,2,1,3,1.0,60.0,80.0,997.0,997.0,8,2,2,4,3,2,2,1.0,50.0,80.0,997.0,997.0,99,03,03,3,3,1,3,2,8,8,4,03,03,03,03,03,03,03,03,03,03,03,1.0,50.0,8,9,2,2,03,2,,,04,1961.0,1,07,08,04,04,02,01,1,2.4493582248687744,2.0
1597,H2A,06,01,1,2,1,1,2,2,1,2,3,1,1,01,03,9.0,7.0,01,03,,02,2,,2,1,3,1,2,1,2,60.0,0.0,45.0,30.0,0.0,1,1,8,4,2,1,2,50.0,0.0,40.0,997.0,997.0,01,03,03,3,1,3,3,2,2,2,4,01,03,01,05,01,03,01,01,01,01,03,75.0,60.0,2,2,2,1,01,2,,,01,1951.0,2,05,09,03,02,02,01,1,0.40793442726135254,2.0
1598,J3G,16,96,1,1,1,2,3,3,1,1,2,4,1,02,05,8.0,5.0,03,02,,05,1,,1,1,4,1,2,1,2,0.0,80.0,0.0,40.0,40.0,1,2,1,2,2,2,2,20.0,70.0,20.0,80.0,40.0,06,02,04,2,2,1,4,4,4,3,4,02,02,02,05,04,04,02,02,02,98,04,80.0,20.0,1,3,3,3,02,2,,,04,1954.0,2,08,04,02,05,02,01,1,1.1798489093780518,2.0
1599,999,02,98,3,3,3,3,3,3,3,3,3,3,2,,,1.0,4.0,03,07,01,,1,,2,2,3,9,9,1,4,999.0,999.0,999.0,999.0,999.0,2,9,9,8,2,4,9,998.0,998.0,998.0,998.0,998.0,07,07,99,9,2,1,4,4,3,3,4,99,99,99,99,99,99,04,99,99,98,99,80.0,999.0,8,9,9,2,97,,2,,06,1944.0,1,11,10,01,05,02,01,1,0.8468688726425171,2.0
1600,H7A,13,10,2,1,2,1,2,3,1,2,2,2,1,01,03,9.0,7.0,01,02,03,,2,,3,1,3,2,2,2,2,70.0,20.0,60.0,998.0,998.0,2,1,2,4,3,1,3,70.0,30.0,60.0,30.0,997.0,01,03,03,3,1,1,4,2,2,2,4,01,03,01,05,01,03,01,02,01,01,03,70.0,90.0,1,2,2,1,01,2,,,01,1971.0,2,08,10,02,05,02,96,2,0.9353222250938416,2.0
1601,G6W,12,06,2,1,3,2,4,4,4,3,2,3,1,99,,8.0,6.0,01,03,,03,8,8,8,3,3,1,2,8,3,40.0,50.0,30.0,90.0,50.0,2,2,1,8,8,8,3,999.0,999.0,999.0,90.0,999.0,04,04,98,8,3,8,8,8,8,2,4,98,98,98,98,98,98,98,98,98,98,98,65.0,998.0,1,4,4,2,98,,1,04,04,1985.0,2,08,08,05,05,02,01,1,0.4301224946975708,2.0
1602,J5M,24,02,3,2,3,3,3,4,3,3,3,2,1,03,02,7.0,4.0,04,01,,04,8,8,2,1,3,1,2,1,2,15.0,60.0,80.0,35.0,35.0,1,2,1,4,8,2,3,5.0,40.0,85.0,20.0,20.0,03,03,03,2,3,1,4,1,2,2,3,98,03,98,05,04,03,98,98,98,98,03,65.0,95.0,1,4,2,2,97,,1,03,04,1966.0,2,09,06,01,05,02,01,2,1.2381283044815063,2.0
1603,G6K,12,05,2,1,1,2,2,2,1,1,1,1,1,03,01,10.0,10.0,01,03,,02,2,,2,2,3,1,2,8,3,50.0,0.0,45.0,0.0,5.0,1,2,1,4,2,2,3,55.0,0.0,45.0,998.0,998.0,01,03,03,1,1,2,2,2,3,2,3,01,03,03,98,03,03,01,99,03,01,03,0.0,100.0,8,8,8,2,03,2,,,02,1950.0,2,09,09,02,05,02,01,2,0.07159081846475601,2.0
1604,J7M,14,04,2,2,3,2,1,1,2,2,1,3,1,03,01,10.0,8.0,01,02,,03,2,,2,2,2,1,2,2,2,65.0,50.0,75.0,0.0,10.0,1,2,1,3,2,1,3,65.0,50.0,75.0,0.0,10.0,01,03,03,3,1,1,3,2,2,2,2,03,03,01,01,03,03,03,02,03,01,03,40.0,80.0,2,2,1,2,01,3,,,02,1959.0,1,05,08,02,04,02,01,1,1.828485131263733,2.0
1605,H7X,13,02,1,1,2,2,2,2,2,3,3,3,1,03,01,8.0,6.0,03,01,04,,2,,3,3,2,2,2,1,2,80.0,50.0,85.0,75.0,78.0,1,2,1,4,2,2,3,80.0,50.0,85.0,60.0,45.0,01,03,03,1,1,3,2,2,2,2,3,03,03,03,05,03,03,03,01,03,03,03,50.0,90.0,1,3,2,2,03,2,,,01,1966.0,1,09,10,02,05,02,09,4,5.990713596343994,2.0
1606,G1X,03,10,1,1,2,3,1,2,1,3,2,2,1,02,97,10.0,10.0,03,01,01,,1,,3,3,3,2,2,9,2,0.0,100.0,20.0,75.0,50.0,2,1,2,3,3,1,4,0.0,85.0,25.0,60.0,20.0,02,02,03,2,2,1,4,4,1,1,1,02,02,02,02,02,02,02,02,02,02,02,60.0,70.0,2,3,2,1,02,1,,,04,1941.0,1,10,10,03,05,02,01,1,0.35561421513557434,2.0
1607,J2G,05,01,1,2,2,1,3,2,2,2,3,3,1,03,02,10.0,1.0,04,03,,05,1,,1,1,4,1,1,1,4,0.0,60.0,90.0,50.0,998.0,1,2,1,2,2,3,1,0.0,40.0,98.0,90.0,5.0,03,03,03,2,2,1,1,2,4,4,2,03,02,02,05,02,03,02,02,02,02,02,70.0,40.0,2,2,1,1,02,2,,,04,1942.0,1,08,10,03,05,02,01,1,1.627670168876648,2.0
1608,J1H,05,98,2,2,4,2,8,4,4,3,2,3,1,01,03,5.0,0.0,01,06,03,,8,8,3,2,3,2,2,1,3,999.0,999.0,999.0,997.0,997.0,2,8,8,4,4,3,3,998.0,998.0,998.0,997.0,997.0,01,01,03,3,4,8,8,2,2,2,3,01,01,01,01,01,01,01,01,01,01,01,999.0,999.0,8,2,2,1,01,2,,,01,1942.0,2,05,01,03,01,02,01,1,1.1933574676513672,2.0
1609,G5L,01,99,1,2,2,1,2,2,9,1,1,9,1,99,,7.0,4.0,04,03,,04,8,9,2,1,3,1,2,9,9,0.0,998.0,999.0,997.0,998.0,8,9,8,9,2,2,3,0.0,998.0,998.0,997.0,997.0,99,99,03,2,9,1,3,9,2,1,3,99,98,03,02,03,03,99,02,03,01,99,999.0,998.0,8,9,2,2,97,,9,,99,1954.0,2,07,07,99,04,02,01,1,1.131169080734253,2.0
1610,J8X,07,06,1,1,2,1,3,3,1,2,2,2,2,,,9.0,9.0,01,04,05,,2,,4,4,2,2,2,2,1,90.0,0.0,75.0,50.0,50.0,2,1,2,4,3,1,4,90.0,10.0,75.0,50.0,50.0,01,01,01,1,1,3,3,2,2,2,2,01,01,03,05,04,03,01,01,01,01,01,0.0,80.0,1,3,2,3,01,2,,,02,1982.0,2,09,03,05,05,02,01,1,1.2265689373016357,2.0
1611,H1B,06,01,1,2,3,2,2,3,3,2,2,3,1,02,05,9.0,9.0,01,03,,04,8,1,2,2,3,2,2,1,3,50.0,50.0,55.0,75.0,80.0,1,2,1,4,3,2,2,50.0,50.0,55.0,70.0,60.0,01,04,03,3,2,1,4,3,2,1,3,01,03,01,05,04,03,02,02,01,03,04,70.0,60.0,2,3,2,2,04,2,,,04,1941.0,1,09,06,03,01,01,01,1,1.4374099969863892,2.0
1612,J2W,26,02,1,2,2,1,3,2,4,1,1,2,1,03,02,10.0,5.0,03,04,,04,2,,2,1,3,1,2,1,2,15.0,50.0,75.0,0.0,10.0,1,2,1,4,1,1,2,10.0,5.0,75.0,0.0,2.0,01,03,03,2,2,1,3,2,3,2,3,01,01,03,05,03,03,01,02,02,03,03,50.0,75.0,2,2,1,1,02,3,,,06,1979.0,1,07,06,02,04,02,01,1,1.5367439985275269,2.0
1613,G1H,03,04,2,2,3,4,2,1,4,3,3,3,1,03,97,10.0,7.0,02,01,,01,2,,4,3,2,2,2,2,2,50.0,5.0,100.0,0.0,10.0,2,1,1,4,1,1,3,50.0,5.0,100.0,0.0,997.0,03,03,03,3,1,2,2,1,3,2,1,03,03,03,98,03,03,03,98,03,03,03,30.0,100.0,1,4,3,1,03,1,,,02,1980.0,1,09,04,02,05,02,01,1,0.3552634119987488,2.0
1614,J8Z,07,06,1,1,3,2,3,2,2,1,1,2,1,04,03,10.0,8.0,01,04,,03,2,,2,2,2,1,2,1,2,10.0,30.0,50.0,60.0,50.0,2,1,1,2,1,2,3,20.0,0.0,70.0,40.0,60.0,03,05,04,2,3,1,3,3,1,1,4,04,02,03,05,04,04,03,04,01,03,04,80.0,70.0,1,3,3,2,04,2,,,03,1972.0,1,11,09,02,04,02,01,1,2.857621908187866,2.0
1615,J0B,05,98,2,1,2,1,2,3,2,2,2,3,1,02,04,3.0,2.0,01,02,,04,1,,1,1,4,1,2,1,2,25.0,50.0,35.0,50.0,40.0,1,2,1,3,2,1,2,15.0,50.0,35.0,50.0,997.0,02,04,03,3,3,1,4,3,2,2,4,98,98,98,05,04,98,02,02,98,98,04,50.0,60.0,8,3,3,2,02,3,,,04,1968.0,2,07,08,02,05,02,01,1,2.216895818710327,2.0
1616,G5A,09,98,1,2,1,2,1,1,3,1,2,2,1,03,02,8.0,5.0,03,97,,04,8,1,1,1,3,1,2,1,3,999.0,999.0,999.0,999.0,999.0,1,8,2,3,3,2,2,999.0,999.0,999.0,997.0,997.0,03,03,03,3,4,9,4,2,2,2,3,03,03,03,05,03,03,02,02,03,02,03,50.0,50.0,1,8,2,1,98,,8,,04,1951.0,2,08,02,02,04,02,01,1,0.39110317826271057,2.0
1617,J4J,16,98,1,1,1,1,1,4,2,1,1,1,1,04,02,5.0,6.0,03,01,,04,1,,1,2,3,1,2,1,3,0.0,50.0,50.0,80.0,40.0,1,2,1,4,8,2,2,0.0,25.0,50.0,75.0,75.0,99,04,03,8,2,1,8,2,2,2,4,04,02,03,05,04,04,02,02,03,03,03,50.0,50.0,9,4,2,1,02,2,,,04,1943.0,1,09,06,03,03,02,01,1,0.6322008967399597,2.0
1618,H2P,06,98,1,1,1,1,8,2,8,1,1,8,8,,,3.0,3.0,01,03,05,,2,,2,1,4,1,2,1,3,80.0,0.0,0.0,0.0,80.0,8,8,8,4,8,3,3,78.0,0.0,0.0,997.0,997.0,98,98,98,3,1,2,8,8,8,3,4,98,01,98,05,01,98,02,02,01,98,01,998.0,998.0,1,3,3,3,01,2,,,06,1982.0,2,04,04,04,05,06,06,1,0.926587700843811,2.0
1619,G6V,12,98,2,2,2,2,8,8,8,2,2,4,1,99,,8.0,7.0,01,02,03,,2,,8,3,3,2,3,8,8,75.0,10.0,50.0,0.0,5.0,8,8,8,4,4,2,3,50.0,0.0,50.0,998.0,998.0,01,98,98,3,8,8,8,8,8,8,3,01,98,01,98,98,98,98,98,98,98,98,0.0,60.0,8,8,2,9,99,,1,99,99,1960.0,2,07,99,06,99,02,01,1,0.38143667578697205,2.0
1620,G0X,04,01,1,1,1,1,2,2,3,1,1,2,1,03,04,10.0,9.0,01,03,02,,8,1,2,1,3,1,2,1,3,50.0,50.0,75.0,50.0,25.0,1,2,1,3,2,1,2,30.0,50.0,60.0,40.0,997.0,01,03,03,3,3,1,3,2,4,3,2,03,03,03,03,03,03,02,02,03,98,03,50.0,50.0,1,2,1,1,03,2,,,04,1949.0,1,05,02,04,04,02,01,1,0.7158807516098022,2.0
1621,J1X,05,16,2,2,2,2,3,2,3,2,2,2,1,99,,8.0,7.0,01,03,02,,1,,3,2,3,1,2,1,3,0.0,50.0,70.0,60.0,80.0,1,2,1,3,2,2,3,25.0,50.0,60.0,25.0,997.0,06,03,03,3,3,1,4,2,3,2,3,98,02,01,05,02,02,02,02,02,03,03,25.0,60.0,1,8,2,2,02,2,,,04,1944.0,1,10,08,11,05,02,01,1,0.7158807516098022,2.0
1622,J6J,16,01,1,1,3,1,1,2,3,3,1,2,1,01,03,9.0,8.0,01,04,02,,2,,2,2,3,2,1,1,2,85.0,60.0,85.0,0.0,50.0,1,2,1,3,1,1,3,70.0,60.0,85.0,0.0,50.0,03,98,03,3,3,1,4,2,2,2,2,98,98,98,05,03,03,98,98,01,98,03,999.0,70.0,1,3,1,2,03,2,,,07,1948.0,2,07,99,02,05,02,01,1,0.40793442726135254,2.0
1623,J0N,15,01,1,1,2,1,1,1,1,1,1,2,1,02,03,8.0,8.0,03,01,,04,1,,1,1,2,2,2,1,2,0.0,100.0,90.0,10.0,5.0,1,2,1,1,2,1,3,40.0,90.0,70.0,10.0,5.0,02,03,03,3,2,1,4,2,2,2,4,02,02,02,02,04,03,02,02,02,02,03,20.0,40.0,2,1,1,1,02,1,,,04,1949.0,1,11,99,03,01,02,01,1,0.6322008967399597,2.0
1624,999,17,98,2,1,3,2,2,2,2,3,2,4,1,99,,5.0,8.0,01,97,,04,8,8,3,2,3,1,1,8,3,50.0,0.0,0.0,0.0,0.0,2,2,2,3,4,2,2,50.0,998.0,998.0,998.0,0.0,01,06,01,3,3,2,3,2,3,3,1,01,01,01,05,01,01,01,01,98,01,01,0.0,50.0,8,2,1,1,01,3,,,99,1984.0,2,06,98,05,01,02,01,1,1.7117935419082642,2.0
1625,J6S,26,19,2,3,3,1,2,4,1,2,3,1,1,03,02,10.0,8.0,01,03,01,,1,,1,2,3,1,2,1,2,0.0,80.0,95.0,0.0,15.0,1,1,2,3,3,1,3,0.0,80.0,95.0,0.0,5.0,03,03,03,2,2,1,1,1,3,1,3,03,03,03,02,96,03,03,03,02,03,03,25.0,25.0,2,2,2,1,02,2,,,04,1949.0,1,04,04,01,03,02,01,1,0.6765576601028442,2.0
1626,G1T,03,04,2,2,3,3,3,3,2,2,3,2,1,02,05,10.0,10.0,03,01,,04,1,,2,2,3,1,2,1,2,25.0,25.0,30.0,0.0,10.0,1,2,1,4,2,1,3,20.0,25.0,45.0,0.0,997.0,03,03,03,2,2,1,4,2,3,3,3,98,98,98,05,98,03,03,02,02,98,03,70.0,70.0,2,2,2,3,02,2,,,04,1944.0,2,08,10,03,04,02,01,1,0.13188232481479645,2.0
1627,G8Y,04,10,2,3,3,3,3,3,1,4,3,2,1,04,97,8.0,8.0,03,01,,05,2,,2,1,3,2,2,1,3,30.0,20.0,20.0,40.0,0.0,1,2,1,4,4,1,2,30.0,0.0,10.0,40.0,998.0,98,03,04,3,2,1,3,3,1,2,4,98,04,01,05,04,04,98,04,98,98,04,50.0,50.0,8,4,3,4,97,,1,04,06,1947.0,2,10,06,02,05,02,01,1,0.5248628258705139,2.0
1628,G6G,32,10,1,3,1,3,2,2,3,1,2,2,1,01,03,10.0,10.0,01,02,02,,2,,2,1,3,1,2,8,2,8.0,0.0,5.0,3.0,0.0,1,1,2,4,3,2,3,10.0,0.0,8.0,5.0,0.0,01,03,03,3,1,1,1,2,3,2,4,01,01,03,01,04,01,01,02,02,01,03,5.0,6.0,1,4,2,1,01,2,,,02,1949.0,2,07,99,11,04,02,01,1,0.5248628258705139,2.0
1629,J0B,05,08,1,1,2,1,3,4,2,2,2,3,1,04,02,9.0,7.0,01,07,03,,1,,2,2,2,8,2,2,2,7.0,9.0,6.0,9.0,6.0,8,8,8,2,1,1,4,7.0,8.0,7.0,8.0,997.0,04,04,03,8,3,1,1,3,2,2,3,04,04,04,05,04,02,02,04,04,01,04,80.0,70.0,1,4,2,3,04,1,,,04,1987.0,2,06,03,05,05,02,01,1,1.7117935419082642,2.0
1630,G4W,01,01,1,2,3,1,2,1,3,1,1,3,1,01,04,9.0,5.0,01,04,02,,8,2,3,3,3,1,3,9,2,998.0,998.0,999.0,997.0,997.0,1,2,1,4,9,1,2,999.0,999.0,999.0,997.0,997.0,01,99,03,3,4,1,8,2,2,1,3,01,98,98,98,04,98,98,02,01,99,98,999.0,999.0,2,2,1,1,97,,9,,02,1935.0,2,09,03,03,01,02,01,1,0.8892355561256409,2.0
1631,J3L,16,01,1,1,2,1,2,2,3,2,2,1,1,01,03,7.0,7.0,02,05,,03,2,,2,1,4,1,2,1,3,30.0,40.0,50.0,50.0,50.0,1,2,1,4,3,3,2,20.0,30.0,75.0,60.0,30.0,03,03,03,3,1,1,4,2,3,3,4,98,02,98,05,04,03,02,02,03,01,03,50.0,70.0,8,3,2,1,97,,2,,04,1950.0,1,07,06,03,04,02,01,1,0.6322008967399597,2.0
1632,H4W,06,98,2,2,3,1,2,1,1,2,2,2,1,05,01,7.0,7.0,02,03,,01,2,,3,2,3,1,1,1,3,90.0,2.0,50.0,0.0,90.0,2,2,1,4,2,2,8,80.0,60.0,80.0,998.0,998.0,01,01,02,3,1,3,8,1,8,1,3,98,98,98,05,98,98,01,03,01,01,01,75.0,90.0,1,4,8,3,01,2,,,02,1984.0,2,09,99,02,04,01,11,2,0.7222163677215576,2.0
1633,H9C,06,98,1,1,4,2,1,3,4,3,3,3,1,01,03,7.0,2.0,01,02,,01,2,,2,3,4,1,2,8,2,60.0,10.0,50.0,998.0,998.0,1,2,1,1,8,2,3,70.0,10.0,60.0,998.0,998.0,01,03,03,3,1,8,2,2,2,2,3,03,03,01,02,03,03,01,01,01,03,03,50.0,70.0,8,2,1,1,01,8,,,02,1961.0,2,07,10,02,03,02,01,1,1.1798489093780518,2.0
1634,G1X,03,98,1,1,2,1,1,2,1,1,1,2,1,99,,10.0,6.0,01,03,01,,9,,3,2,3,2,2,9,3,999.0,999.0,999.0,999.0,999.0,1,2,1,9,1,3,4,50.0,75.0,55.0,80.0,997.0,99,99,99,3,2,1,4,4,2,3,3,99,99,02,04,02,98,99,04,99,02,99,75.0,60.0,1,9,2,1,02,2,,,04,1949.0,2,10,05,11,04,02,01,1,0.13188232481479645,2.0
1635,G8B,02,01,1,1,1,1,2,2,1,1,2,1,1,01,97,10.0,10.0,01,04,,03,2,,3,2,2,2,2,2,2,80.0,40.0,60.0,50.0,50.0,2,2,1,4,2,2,3,75.0,50.0,55.0,997.0,997.0,01,01,01,3,1,1,3,4,1,2,3,01,01,01,05,04,01,01,01,01,01,01,0.0,75.0,1,4,2,1,01,2,,,02,1959.0,2,09,04,02,05,02,01,1,1.131169080734253,2.0
1636,J6K,16,99,1,1,2,3,3,1,4,1,2,1,1,04,05,2.0,6.0,04,02,02,,3,,2,1,4,1,1,1,2,30.0,50.0,30.0,90.0,75.0,1,2,1,3,4,2,3,30.0,50.0,30.0,90.0,50.0,04,04,04,3,3,1,1,4,3,2,4,04,04,04,04,04,03,04,04,04,03,04,90.0,80.0,1,1,1,1,04,2,,,05,1969.0,1,05,03,02,03,02,01,1,2.670271873474121,2.0
1637,H2H,06,04,1,1,1,1,2,1,3,1,1,3,2,,,9.0,6.0,01,02,03,,2,,2,2,3,1,1,1,3,50.0,0.0,60.0,30.0,30.0,1,2,1,4,2,2,2,40.0,0.0,60.0,30.0,20.0,03,03,03,2,1,1,4,2,3,3,4,03,03,03,03,03,03,03,02,03,03,03,0.0,50.0,1,3,3,2,03,2,,,03,1976.0,2,09,06,02,05,02,01,1,0.926587700843811,2.0
1638,G1E,03,02,1,3,3,3,1,1,2,3,2,1,1,01,97,8.0,6.0,01,03,04,,2,,2,1,3,1,2,1,2,60.0,0.0,0.0,997.0,998.0,1,2,1,4,3,1,2,70.0,30.0,0.0,0.0,0.0,01,03,03,3,1,1,4,2,1,1,4,01,01,01,01,98,01,01,01,01,01,03,0.0,100.0,1,3,2,1,01,1,,,02,1938.0,1,07,02,03,05,02,01,1,0.35561421513557434,2.0
1639,H9G,06,10,1,1,1,1,1,1,1,2,1,2,1,01,98,10.0,5.0,03,02,05,,2,,1,1,4,1,1,1,4,55.0,0.0,0.0,0.0,998.0,1,2,8,4,8,8,2,50.0,0.0,998.0,998.0,998.0,01,06,01,2,1,2,8,2,2,2,2,01,01,01,01,01,01,98,98,01,98,01,5.0,60.0,1,4,1,1,01,2,,,02,1961.0,2,06,03,02,05,01,01,1,1.1798489093780518,2.0
1640,J0L,26,13,2,1,2,3,2,1,2,3,1,3,2,,,7.0,6.0,01,06,04,,2,,1,1,4,1,1,8,3,36.0,10.0,998.0,0.0,30.0,1,2,2,3,8,3,2,0.0,0.0,0.0,997.0,997.0,98,98,98,2,1,2,4,8,2,1,3,98,98,98,05,98,98,02,04,98,98,98,50.0,50.0,1,4,2,4,01,3,,,02,1976.0,2,06,04,10,05,01,01,2,0.6658283472061157,2.0
1641,H1J,06,08,2,2,2,1,1,2,2,3,3,2,1,05,02,4.0,2.0,02,03,,05,1,,1,1,4,1,1,1,3,0.0,60.0,50.0,0.0,80.0,1,2,1,1,2,1,2,0.0,50.0,50.0,0.0,997.0,06,06,06,2,2,1,3,3,3,3,4,04,02,03,05,04,98,02,02,98,98,98,80.0,30.0,2,8,2,1,05,3,,,04,1959.0,1,11,05,02,04,02,01,1,1.828485131263733,2.0
1642,G1H,03,98,1,1,2,2,1,2,3,2,2,3,1,01,03,9.0,10.0,03,01,02,,2,,3,3,2,2,8,2,2,75.0,25.0,50.0,999.0,999.0,1,2,8,3,3,2,3,75.0,40.0,60.0,998.0,998.0,01,01,01,1,1,1,1,2,2,2,2,01,01,01,04,01,01,01,01,01,01,01,50.0,75.0,2,3,2,2,01,2,,,02,1926.0,1,04,04,03,04,02,01,1,0.35561421513557434,2.0
1643,G9P,04,99,1,1,1,1,1,1,1,1,1,1,1,03,97,99.0,99.0,99,,99,,1,,9,9,9,9,9,9,9,999.0,999.0,80.0,997.0,997.0,8,8,8,8,9,8,9,0.0,999.0,80.0,997.0,997.0,03,03,03,2,4,8,1,3,8,3,1,03,03,03,03,03,03,03,03,03,03,03,0.0,999.0,1,4,2,8,03,2,,,06,1958.0,2,05,99,02,05,02,01,1,1.5180344581604004,2.0
1644,G0J,01,10,3,1,3,1,3,4,1,1,2,3,1,02,04,8.0,9.0,02,01,01,,1,,1,2,3,1,2,1,4,0.0,80.0,0.0,75.0,70.0,1,2,1,3,2,2,3,0.0,70.0,0.0,80.0,40.0,06,04,06,2,2,1,4,3,2,2,4,04,02,97,98,04,04,02,02,02,02,04,100.0,50.0,8,4,2,1,97,,1,02,04,1945.0,2,09,01,03,05,02,01,1,0.39110317826271057,2.0
1645,J6E,24,04,2,2,2,2,2,2,2,2,2,2,1,03,02,8.0,8.0,01,04,03,,1,,2,2,2,1,2,1,2,60.0,60.0,70.0,30.0,30.0,1,2,1,2,2,2,2,60.0,60.0,70.0,30.0,30.0,01,03,03,3,3,1,3,2,8,2,2,03,03,98,05,98,03,02,01,98,01,02,60.0,75.0,2,2,2,2,03,2,,,04,1938.0,1,07,01,03,04,02,10,1,1.5382611751556396,2.0
1646,J8R,07,01,1,2,3,2,2,3,3,3,3,3,1,02,05,9.0,7.0,01,04,02,,1,,2,2,3,1,2,8,2,40.0,60.0,30.0,30.0,60.0,1,2,1,2,3,2,3,50.0,60.0,20.0,30.0,40.0,98,98,98,2,3,1,2,1,2,2,3,98,98,98,98,98,98,98,98,01,98,98,20.0,20.0,8,2,1,2,02,2,,,04,1965.0,2,10,10,02,05,02,01,1,2.2808401584625244,2.0
1647,J5V,04,10,1,2,3,2,3,3,2,2,3,4,1,01,03,5.0,5.0,01,03,,02,2,,1,1,4,2,2,1,1,60.0,0.0,60.0,0.0,5.0,1,1,2,4,2,1,3,30.0,5.0,60.0,997.0,997.0,01,06,03,2,1,3,1,4,1,2,4,01,01,01,01,03,03,01,01,01,01,03,60.0,60.0,1,4,4,1,01,3,,,01,1944.0,1,05,04,03,05,02,01,1,0.7158807516098022,2.0
1648,999,06,08,1,1,2,1,1,4,1,1,3,3,1,01,05,10.0,7.0,03,01,,02,2,,2,1,3,1,2,1,2,50.0,15.0,75.0,50.0,80.0,1,1,2,4,2,2,3,20.0,30.0,75.0,50.0,997.0,06,04,03,2,1,1,1,2,1,2,4,03,01,04,05,03,03,03,03,01,03,04,75.0,60.0,1,3,2,2,97,,2,,01,1938.0,2,08,04,11,05,02,01,1,0.9275031685829163,2.0
1649,J0K,24,06,2,1,3,2,3,4,2,3,2,3,2,,,7.0,7.0,01,02,,05,1,,2,2,3,1,2,1,3,20.0,60.0,75.0,60.0,20.0,1,2,1,3,2,2,3,25.0,50.0,75.0,997.0,997.0,02,03,04,3,2,1,2,2,2,3,3,98,98,03,05,04,02,02,04,98,03,04,65.0,65.0,1,4,2,1,97,,1,02,04,1973.0,1,09,04,02,05,02,01,1,1.5367439985275269,2.0
1650,J4X,16,03,1,1,1,3,1,4,1,2,1,1,1,03,01,10.0,10.0,02,03,03,,2,,1,2,3,1,2,1,2,25.0,0.0,80.0,997.0,997.0,2,2,8,4,2,2,3,25.0,0.0,85.0,997.0,997.0,03,03,03,2,1,3,1,1,2,2,1,03,03,03,03,03,03,03,03,03,03,03,5.0,95.0,2,2,1,1,03,1,,,01,1944.0,2,09,10,01,03,02,01,1,0.40793442726135254,2.0
1651,999,06,99,9,8,9,4,9,8,9,9,9,4,9,,,0.0,0.0,97,,01,,9,,1,1,4,1,1,1,4,0.0,1.0,0.0,0.0,998.0,8,2,9,9,9,8,9,0.0,10.0,0.0,997.0,997.0,02,02,02,2,4,9,8,8,9,9,4,02,02,02,02,02,02,02,02,02,02,02,0.0,999.0,1,4,8,9,97,,9,,06,9999.0,2,99,99,99,05,02,01,1,0.9275031685829163,2.0
1652,G7S,02,17,2,3,2,2,2,3,1,3,2,2,1,01,03,8.0,5.0,01,05,02,,2,,3,2,3,2,2,1,2,70.0,30.0,50.0,25.0,25.0,1,2,1,4,2,2,2,50.0,40.0,80.0,5.0,5.0,01,03,03,1,1,3,3,2,2,2,2,01,01,01,01,02,03,01,96,01,03,03,0.0,60.0,1,3,2,2,01,1,,,02,1945.0,1,09,05,03,05,02,01,1,0.8468688726425171,2.0
1653,J1H,05,08,1,1,1,1,1,1,2,2,2,1,1,05,02,10.0,9.0,03,01,,03,8,2,1,1,3,1,8,1,2,30.0,75.0,30.0,0.0,100.0,1,2,1,3,4,2,3,5.0,5.0,10.0,15.0,30.0,98,07,03,8,3,1,3,3,1,2,4,03,01,98,05,04,04,98,04,04,03,03,50.0,50.0,2,2,1,1,02,3,,,05,1940.0,1,08,01,03,05,02,01,7,0.8835616707801819,2.0
1654,H3J,06,10,1,3,3,1,3,2,1,3,3,3,1,01,97,5.0,5.0,98,,,01,2,,1,1,4,1,1,1,3,60.0,0.0,997.0,997.0,997.0,2,1,2,4,4,8,4,60.0,998.0,998.0,998.0,998.0,01,01,01,1,1,3,4,4,1,1,3,01,01,01,01,01,01,01,01,01,01,01,50.0,50.0,1,2,3,4,01,1,,,01,1953.0,1,09,07,02,05,01,01,2,0.9925715327262878,2.0
1655,G5V,32,99,9,9,9,9,9,9,9,9,9,9,2,,,5.0,2.0,01,03,02,,9,,3,3,3,2,3,8,8,998.0,998.0,998.0,998.0,998.0,1,2,9,3,8,8,2,998.0,998.0,998.0,998.0,997.0,99,99,99,3,9,9,8,8,8,9,8,98,98,98,98,98,98,98,98,98,98,98,999.0,999.0,8,9,9,8,97,,2,,06,1949.0,2,07,05,03,05,02,01,1,0.5248628258705139,2.0
1656,J6W,14,96,2,2,3,2,3,3,2,3,3,4,2,,,10.0,9.0,01,03,,04,1,,2,2,3,1,1,1,3,0.0,50.0,60.0,998.0,997.0,1,2,1,2,1,2,3,998.0,20.0,80.0,30.0,997.0,03,03,03,3,2,1,2,2,2,2,3,03,03,01,05,04,03,02,03,03,98,03,0.0,80.0,2,2,2,1,03,2,,,03,1943.0,2,06,02,03,05,02,01,1,0.40793442726135254,2.0
1657,H3H,06,03,1,1,1,1,2,2,2,1,2,3,1,97,97,5.0,7.0,02,01,,02,2,,2,1,3,1,2,1,3,998.0,998.0,998.0,998.0,998.0,1,1,8,8,3,2,2,998.0,998.0,998.0,998.0,998.0,98,98,98,2,4,8,8,1,3,3,4,03,01,03,97,01,03,01,02,01,03,03,0.0,70.0,8,3,2,2,01,2,,,01,1960.0,2,09,99,02,04,02,03,4,2.6469666957855225,2.0
1658,J0J,05,01,1,1,3,1,1,3,1,2,2,2,1,02,04,10.0,5.0,04,01,,04,1,,3,2,3,1,2,1,3,40.0,80.0,70.0,80.0,80.0,1,2,1,3,2,3,2,50.0,75.0,85.0,85.0,60.0,01,03,03,3,2,1,2,3,2,3,3,98,98,98,05,04,03,02,02,03,98,04,60.0,90.0,2,2,2,1,02,1,,,04,1946.0,1,09,04,03,05,02,01,1,0.7158807516098022,2.0
1659,J9X,08,10,2,2,2,2,8,3,2,2,2,9,1,01,03,6.0,4.0,08,01,04,,2,,2,2,3,1,1,1,2,50.0,10.0,998.0,997.0,998.0,1,8,2,4,8,2,3,30.0,20.0,30.0,997.0,997.0,98,06,98,3,4,3,8,8,8,3,4,98,98,98,98,98,98,98,98,98,98,98,40.0,50.0,1,9,2,2,97,,2,,01,1979.0,2,07,99,02,04,02,01,1,1.2265689373016357,2.0
1660,J8A,25,98,1,2,3,1,2,1,3,2,1,2,2,,,0.0,0.0,01,02,02,,2,,1,2,4,1,2,1,3,75.0,25.0,25.0,997.0,997.0,2,1,1,8,2,2,1,60.0,45.0,70.0,997.0,997.0,01,03,03,3,4,3,2,1,3,1,3,01,01,01,01,01,03,01,03,01,01,01,0.0,75.0,1,4,2,1,01,3,,,06,1974.0,2,08,09,02,05,02,01,1,1.2265689373016357,2.0
1661,H8P,06,98,1,2,2,3,3,2,1,2,2,2,1,99,,5.0,5.0,01,03,,03,2,,3,3,3,2,9,2,2,80.0,999.0,998.0,25.0,997.0,8,8,8,4,1,8,3,50.0,0.0,50.0,997.0,997.0,01,98,03,1,1,1,2,2,2,8,3,01,03,01,03,01,03,01,02,01,01,03,0.0,998.0,2,2,2,2,01,2,,,01,1930.0,2,04,01,03,01,02,01,1,0.9275031685829163,2.0
1662,J2W,26,01,1,2,3,3,3,3,3,3,3,4,1,01,02,10.0,7.0,03,01,,03,2,,3,2,3,3,3,2,2,60.0,50.0,0.0,30.0,20.0,2,1,1,4,3,2,3,60.0,50.0,0.0,30.0,10.0,01,04,04,1,3,3,4,4,2,2,2,01,01,01,05,01,01,01,01,01,01,01,60.0,60.0,1,8,3,2,01,2,,,03,1950.0,1,07,07,03,05,02,01,1,0.6765576601028442,2.0
1663,J3Y,16,15,2,3,3,2,3,2,3,2,3,2,1,02,97,6.0,7.0,01,08,,05,1,,3,2,3,1,1,8,3,0.0,6.0,3.0,1.0,4.0,2,2,1,3,4,2,2,0.0,0.0,0.0,0.0,0.0,06,06,06,3,2,1,4,4,2,8,3,98,02,98,05,98,98,02,02,02,98,98,62.0,50.0,8,3,8,1,97,,1,02,04,1955.0,1,09,05,02,05,02,01,1,1.828485131263733,2.0
1664,J1J,05,08,1,1,2,1,2,4,2,1,2,3,1,04,02,10.0,9.0,04,02,01,,1,,2,2,3,2,2,1,4,5.0,60.0,5.0,99.0,50.0,1,2,1,2,2,3,3,15.0,60.0,15.0,90.0,20.0,04,04,04,2,2,1,4,4,2,1,4,04,04,04,04,04,04,04,04,04,99,04,90.0,50.0,1,4,4,4,04,1,,,04,1984.0,2,08,01,05,05,02,01,1,1.7117935419082642,2.0
1665,J6E,24,03,2,1,2,1,2,2,2,2,1,2,1,03,04,10.0,5.0,04,03,02,,1,,2,2,3,1,2,2,2,60.0,75.0,95.0,50.0,60.0,1,2,1,3,4,3,3,15.0,10.0,90.0,25.0,25.0,03,03,98,2,3,1,1,1,2,3,4,98,03,98,98,98,03,04,02,03,03,98,40.0,90.0,8,1,1,1,03,1,,,03,1977.0,1,09,05,02,03,02,01,1,1.5367439985275269,2.0
1666,H9G,06,13,1,2,3,2,2,1,4,3,3,1,1,99,,8.0,8.0,03,01,04,,2,,1,1,4,1,1,1,4,50.0,0.0,50.0,0.0,10.0,2,1,2,4,1,1,4,25.0,0.0,45.0,0.0,5.0,06,03,03,3,1,2,1,1,2,1,1,01,03,98,03,98,01,03,03,01,01,01,15.0,60.0,2,4,2,1,01,3,,,07,1953.0,1,10,10,02,05,01,01,2,0.9925715327262878,2.0
1667,H9G,06,98,2,2,3,2,3,3,4,3,3,3,1,05,03,2.0,7.0,09,07,03,,2,,1,2,3,2,2,1,3,50.0,0.0,75.0,10.0,80.0,2,2,1,4,2,3,4,30.0,998.0,998.0,997.0,997.0,06,98,98,1,1,8,8,2,1,2,3,98,98,98,98,98,98,98,98,98,01,98,50.0,65.0,1,2,3,8,97,,1,03,01,1981.0,2,07,04,02,02,01,10,2,0.5029883980751038,2.0
1668,H7C,13,99,1,1,2,2,3,2,3,2,2,4,2,,,5.0,3.0,97,,03,,8,8,2,2,3,1,2,8,2,50.0,50.0,50.0,997.0,997.0,1,2,8,8,4,2,2,50.0,50.0,50.0,997.0,997.0,03,98,03,3,3,1,3,3,2,3,3,01,98,98,98,98,03,03,98,98,03,03,40.0,50.0,1,2,2,1,02,2,,,07,1950.0,2,07,03,02,05,02,01,1,0.40793442726135254,2.0
1669,H3X,06,01,1,2,2,3,3,2,1,3,3,3,1,01,03,7.0,7.0,03,01,,02,2,,3,2,3,1,2,8,3,50.0,15.0,30.0,998.0,15.0,8,1,1,4,2,2,4,75.0,15.0,35.0,997.0,997.0,01,98,03,3,1,3,8,2,8,2,3,98,01,98,05,98,01,01,03,01,03,01,20.0,50.0,1,2,2,3,01,2,,,01,1969.0,1,09,10,01,05,01,01,2,1.4495251178741455,2.0
1670,H9J,06,01,1,3,3,2,3,1,1,2,3,3,1,01,05,5.0,5.0,01,03,05,,2,,1,1,4,1,1,1,3,50.0,0.0,25.0,0.0,20.0,1,2,1,4,4,1,4,50.0,0.0,25.0,997.0,997.0,01,01,03,3,1,3,3,3,4,2,4,98,98,98,05,98,98,02,01,98,01,98,20.0,50.0,8,2,1,1,01,8,,,06,1950.0,2,05,08,02,05,01,11,2,0.22144199907779694,2.0
1671,G5Y,32,19,2,2,2,2,3,3,4,3,2,1,1,03,01,3.0,0.0,04,03,,01,2,,1,1,2,1,1,1,4,25.0,0.0,50.0,0.0,0.0,8,8,1,1,4,4,4,75.0,0.0,40.0,0.0,997.0,01,03,06,2,1,1,1,1,2,2,1,01,03,01,05,98,03,01,98,03,01,03,0.0,60.0,2,1,1,1,97,,2,,02,1941.0,1,08,05,03,05,02,01,1,1.627670168876648,2.0
1672,H1E,06,98,1,1,2,1,2,1,3,1,2,2,1,03,01,7.0,6.0,01,02,,01,2,,2,2,3,1,2,1,2,60.0,0.0,80.0,0.0,35.0,1,2,1,4,3,2,3,50.0,0.0,80.0,0.0,997.0,03,06,03,3,1,2,3,1,2,2,3,98,03,98,05,98,98,03,03,98,98,03,30.0,60.0,1,3,3,3,97,,2,,01,1973.0,2,07,03,02,05,02,01,7,0.5029883980751038,2.0
1673,J3Y,16,04,1,2,2,3,2,3,3,2,1,2,1,03,97,10.0,8.0,03,01,,04,8,8,1,1,3,1,2,1,3,10.0,40.0,80.0,0.0,2.0,1,2,1,4,2,2,1,30.0,10.0,70.0,0.0,0.0,03,03,03,2,3,1,4,1,3,2,3,03,03,03,05,02,03,03,02,03,03,03,40.0,70.0,2,3,1,1,03,2,,,04,1943.0,1,04,03,03,05,02,01,1,0.6322008967399597,2.0
1674,J2K,05,01,1,2,2,2,2,3,3,2,2,2,1,02,03,6.0,7.0,01,04,,04,8,1,1,1,3,1,1,1,3,0.0,40.0,55.0,20.0,40.0,2,2,1,3,2,2,2,0.0,40.0,50.0,997.0,997.0,06,06,03,2,2,1,2,2,2,3,4,97,97,03,05,03,03,97,02,02,97,03,30.0,55.0,1,2,2,1,02,3,,,07,1948.0,2,04,02,02,04,02,01,1,0.5248628258705139,2.0
1675,H4H,06,98,1,2,2,2,8,8,8,1,3,1,2,,,1.0,1.0,97,,05,,2,,1,1,4,1,1,1,3,998.0,999.0,997.0,997.0,997.0,8,8,8,4,8,8,1,998.0,997.0,997.0,997.0,997.0,98,98,98,8,8,8,8,8,8,8,4,98,98,98,98,98,98,98,98,98,98,98,50.0,50.0,8,8,8,2,97,,2,,06,1955.0,2,06,01,07,98,01,01,2,0.6404670476913452,2.0
1676,G4R,09,96,3,3,2,1,2,3,3,3,1,2,1,03,05,10.0,10.0,04,01,02,,2,,2,2,3,1,3,1,2,2.0,2.0,4.0,3.0,3.0,1,1,2,4,1,2,3,25.0,15.0,70.0,50.0,50.0,03,03,03,2,3,1,3,2,2,2,3,03,03,03,05,04,03,02,03,03,03,03,0.0,100.0,1,3,2,2,03,2,,,02,1977.0,1,08,06,01,05,02,01,1,1.9235901832580566,2.0
1677,999,03,03,1,2,8,1,1,3,1,1,1,2,1,03,05,10.0,5.0,03,01,03,,2,,1,1,4,1,2,1,2,50.0,25.0,90.0,997.0,80.0,1,2,1,4,2,1,3,25.0,0.0,90.0,997.0,997.0,03,03,03,2,1,1,8,2,3,3,4,03,03,03,05,03,03,03,03,03,03,03,0.0,50.0,8,4,1,1,99,,2,,02,9999.0,2,05,99,02,05,02,01,1,0.29985514283180237,2.0
1678,H3Z,06,10,1,1,2,1,2,2,2,2,3,2,1,01,05,8.0,6.0,01,03,03,,2,,1,1,4,1,1,1,3,70.0,0.0,55.0,10.0,90.0,8,8,2,4,2,2,3,45.0,3.0,15.0,998.0,998.0,06,05,06,3,4,8,8,3,2,8,3,03,01,99,05,98,98,01,01,98,03,98,25.0,40.0,1,3,3,3,05,3,,,01,1978.0,2,10,02,02,05,01,01,2,0.5029883980751038,2.0
1679,J1S,05,98,2,2,2,2,3,2,3,8,2,3,1,02,03,8.0,5.0,01,04,02,,2,,1,1,4,1,1,1,3,25.0,50.0,75.0,25.0,25.0,2,8,8,4,2,8,2,25.0,25.0,50.0,997.0,997.0,98,03,03,3,3,8,8,8,3,3,3,98,98,98,98,98,98,98,98,98,98,98,75.0,75.0,1,4,3,2,97,,2,,98,1960.0,1,07,01,02,05,02,01,1,2.0705089569091797,2.0
1680,J0R,25,98,1,2,2,1,1,2,4,2,2,2,1,99,,5.0,6.0,01,03,,02,2,,8,2,3,2,2,8,2,50.0,10.0,50.0,997.0,35.0,8,8,8,4,3,2,3,75.0,998.0,998.0,997.0,998.0,98,98,98,3,1,3,3,8,2,2,8,98,98,98,05,98,98,98,98,98,98,98,10.0,50.0,2,8,2,3,99,,1,99,01,9999.0,2,05,02,02,04,01,01,2,0.6664856672286987,2.0
1681,H1E,06,02,1,1,3,3,2,1,3,3,2,3,1,03,97,10.0,10.0,01,03,03,,2,,2,2,4,1,2,2,3,0.0,0.0,100.0,0.0,0.0,2,2,1,4,2,3,4,0.0,0.0,100.0,0.0,0.0,03,03,03,2,1,1,2,3,3,4,1,03,03,03,03,03,03,03,03,03,03,03,0.0,100.0,2,4,1,1,03,1,,,02,1979.0,2,05,06,02,05,02,96,2,0.5029883980751038,2.0
1682,J3G,16,10,2,2,3,2,2,4,1,3,2,3,1,02,04,9.0,7.0,02,04,,05,1,,2,1,3,1,2,1,2,40.0,85.0,20.0,95.0,80.0,8,2,1,1,3,8,4,5.0,60.0,10.0,95.0,60.0,04,04,04,2,2,1,4,4,4,2,4,02,02,02,05,04,02,02,02,02,03,04,80.0,80.0,1,4,2,1,02,2,,,04,1976.0,2,09,07,10,05,02,01,1,0.926587700843811,2.0
1683,H1Y,06,06,2,1,3,1,3,3,1,2,3,4,9,,,8.0,8.0,01,07,05,,2,,1,1,3,2,2,2,2,60.0,70.0,60.0,998.0,80.0,2,1,2,4,8,4,2,40.0,70.0,75.0,998.0,998.0,01,03,03,8,1,3,4,4,8,1,8,98,98,98,05,98,02,02,02,01,98,98,50.0,70.0,1,1,1,4,01,3,,,05,9999.0,2,09,99,02,02,02,01,2,0.5034842491149902,2.0
1684,J7M,14,98,1,1,3,3,2,1,3,1,1,2,1,03,05,4.0,0.0,01,06,,04,8,2,2,2,3,2,2,2,2,10.0,20.0,70.0,5.0,5.0,2,2,2,2,2,2,3,5.0,5.0,60.0,997.0,997.0,01,03,98,3,3,1,8,2,2,1,3,01,98,98,05,98,02,03,02,98,98,04,50.0,60.0,1,4,3,1,03,2,,,03,1982.0,2,07,07,02,05,02,01,1,0.926587700843811,2.0
1685,G0M,32,98,3,3,3,3,4,2,4,2,1,2,1,03,97,4.0,4.0,01,03,,02,2,,2,2,4,1,1,1,3,80.0,0.0,90.0,0.0,50.0,1,8,8,4,2,3,2,50.0,0.0,100.0,997.0,997.0,03,06,03,3,1,2,8,3,3,4,4,03,03,03,03,03,03,03,03,03,03,03,0.0,70.0,2,1,1,1,03,2,,,01,1974.0,1,11,03,02,03,02,01,1,1.626064658164978,2.0
1686,G1K,03,16,1,1,1,1,1,1,2,1,1,1,1,05,04,10.0,5.0,01,03,03,,1,,1,1,3,1,1,1,2,5.0,5.0,0.0,50.0,75.0,1,2,2,2,2,1,1,50.0,50.0,0.0,997.0,997.0,06,06,02,3,1,1,3,2,2,1,4,01,01,98,05,98,98,04,02,04,98,01,0.0,50.0,1,4,3,3,05,2,,,05,1956.0,1,03,01,03,05,01,01,2,0.24556143581867218,2.0
1687,J7V,16,98,2,3,2,2,2,2,2,2,2,8,1,03,97,3.0,0.0,02,01,03,,8,8,4,8,8,1,2,8,8,998.0,998.0,998.0,998.0,998.0,8,8,8,8,8,8,8,998.0,998.0,998.0,998.0,997.0,98,98,98,8,8,8,8,8,8,8,8,98,98,98,98,98,98,98,98,98,98,98,998.0,998.0,1,8,2,1,98,,8,,98,1981.0,2,07,03,02,05,02,01,1,0.926587700843811,2.0
1688,J3G,16,10,2,2,3,2,2,4,1,3,2,3,1,02,04,9.0,7.0,02,04,,05,1,,2,1,3,1,2,1,2,40.0,85.0,20.0,95.0,80.0,8,2,1,1,3,8,4,5.0,60.0,10.0,95.0,60.0,04,04,04,2,2,1,4,4,4,2,4,02,02,02,05,04,02,02,02,02,03,04,80.0,80.0,1,4,2,1,02,2,,,04,1976.0,2,09,07,10,05,02,01,1,0.926587700843811,2.0
1689,H1Y,06,06,2,1,3,1,3,3,1,2,3,4,9,,,8.0,8.0,01,07,05,,2,,1,1,3,2,2,2,2,60.0,70.0,60.0,998.0,80.0,2,1,2,4,8,4,2,40.0,70.0,75.0,998.0,998.0,01,03,03,8,1,3,4,4,8,1,8,98,98,98,05,98,02,02,02,01,98,98,50.0,70.0,1,1,1,4,01,3,,,05,9999.0,2,09,99,02,02,02,01,2,0.5034842491149902,2.0
1690,J7M,14,98,1,1,3,3,2,1,3,1,1,2,1,03,05,4.0,0.0,01,06,,04,8,2,2,2,3,2,2,2,2,10.0,20.0,70.0,5.0,5.0,2,2,2,2,2,2,3,5.0,5.0,60.0,997.0,997.0,01,03,98,3,3,1,8,2,2,1,3,01,98,98,05,98,02,03,02,98,98,04,50.0,60.0,1,4,3,1,03,2,,,03,1982.0,2,07,07,02,05,02,01,1,0.926587700843811,2.0
1691,G0M,32,98,3,3,3,3,4,2,4,2,1,2,1,03,97,4.0,4.0,01,03,,02,2,,2,2,4,1,1,1,3,80.0,0.0,90.0,0.0,50.0,1,8,8,4,2,3,2,50.0,0.0,100.0,997.0,997.0,03,06,03,3,1,2,8,3,3,4,4,03,03,03,03,03,03,03,03,03,03,03,0.0,70.0,2,1,1,1,03,2,,,01,1974.0,1,11,03,02,03,02,01,1,1.626064658164978,2.0
1692,G1K,03,16,1,1,1,1,1,1,2,1,1,1,1,05,04,10.0,5.0,01,03,03,,1,,1,1,3,1,1,1,2,5.0,5.0,0.0,50.0,75.0,1,2,2,2,2,1,1,50.0,50.0,0.0,997.0,997.0,06,06,02,3,1,1,3,2,2,1,4,01,01,98,05,98,98,04,02,04,98,01,0.0,50.0,1,4,3,3,05,2,,,05,1956.0,1,03,01,03,05,01,01,2,0.24556143581867218,2.0
1693,J7V,16,98,2,3,2,2,2,2,2,2,2,8,1,03,97,3.0,0.0,02,01,03,,8,8,4,8,8,1,2,8,8,998.0,998.0,998.0,998.0,998.0,8,8,8,8,8,8,8,998.0,998.0,998.0,998.0,997.0,98,98,98,8,8,8,8,8,8,8,8,98,98,98,98,98,98,98,98,98,98,98,998.0,998.0,1,8,2,1,98,,8,,98,1981.0,2,07,03,02,05,02,01,1,0.926587700843811,2.0
1694,G7A,12,08,2,1,3,1,1,4,1,1,1,1,1,02,04,10.0,7.0,04,02,01,,1,,3,1,4,1,2,1,4,0.0,75.0,0.0,100.0,50.0,1,2,1,4,2,1,4,0.0,25.0,50.0,85.0,998.0,04,04,03,3,2,1,4,2,2,4,4,97,02,01,04,96,02,02,04,96,03,04,50.0,85.0,2,4,1,1,02,2,,,04,1937.0,1,11,99,05,05,02,01,1,0.35561421513557434,2.0
1695,G1G,03,01,2,1,2,2,2,2,4,2,2,2,1,03,01,10.0,10.0,01,03,,03,2,,3,2,4,1,2,2,2,70.0,20.0,100.0,0.0,20.0,1,2,1,4,2,4,4,80.0,0.0,100.0,0.0,40.0,03,03,03,1,3,1,3,2,2,2,3,03,03,03,03,03,03,03,03,03,03,03,10.0,75.0,2,2,2,1,03,1,,,04,1949.0,2,08,10,06,01,02,01,1,0.13188232481479645,2.0
1696,J3G,16,01,1,2,3,1,2,2,4,2,1,1,1,99,,9.0,9.0,02,09,,02,2,,2,2,3,1,2,1,2,50.0,0.0,45.0,0.0,5.0,1,2,2,4,3,2,2,40.0,0.0,70.0,0.0,998.0,03,03,03,2,1,1,4,2,2,2,3,01,98,01,03,98,03,98,03,03,03,03,0.0,75.0,1,8,2,1,97,,2,,99,1934.0,1,11,06,03,05,02,10,1,1.4374099969863892,2.0
1697,J5Y,14,08,1,1,3,1,2,2,1,1,8,3,1,04,05,8.0,7.0,03,96,,04,1,,2,2,4,1,1,1,2,0.0,6.0,3.0,9.0,9.0,8,2,8,2,2,1,3,0.0,5.0,3.0,10.0,997.0,04,03,04,2,2,1,4,4,4,4,4,02,04,04,05,04,98,04,04,02,03,04,5.0,2.0,1,4,3,3,04,1,,,04,1986.0,2,09,02,05,05,02,01,1,1.330445408821106,2.0
1698,G8K,02,99,1,1,3,3,2,2,2,2,1,2,1,99,,4.0,5.0,03,01,,04,2,,2,2,3,1,2,2,2,60.0,999.0,75.0,30.0,20.0,1,2,1,3,2,2,1,60.0,70.0,80.0,70.0,998.0,06,03,03,3,3,1,3,2,2,2,4,99,99,99,99,03,03,02,04,02,99,99,39.0,50.0,2,2,2,1,97,,2,,99,1946.0,2,09,99,03,02,02,01,1,0.39110317826271057,2.0
1699,G5L,01,02,1,2,2,2,1,3,2,2,2,1,1,02,03,7.0,5.0,01,03,02,,8,1,2,1,4,1,2,1,2,0.0,50.0,75.0,998.0,998.0,1,2,1,3,3,1,2,0.0,50.0,75.0,997.0,997.0,98,03,03,3,2,1,1,4,1,1,4,98,98,03,05,02,03,02,02,02,98,02,25.0,50.0,2,2,2,1,02,2,,,04,1961.0,1,04,01,02,05,02,01,1,2.4493582248687744,2.0
1700,J0K,24,98,1,2,3,1,3,2,2,3,3,4,1,02,03,5.0,5.0,03,02,01,,1,,2,2,3,2,2,1,2,10.0,80.0,70.0,60.0,60.0,1,2,1,2,2,2,2,0.0,60.0,80.0,80.0,997.0,06,04,03,3,2,1,3,2,2,3,4,02,02,02,02,04,03,02,02,03,02,03,70.0,70.0,1,3,2,2,02,2,,,04,1944.0,2,09,05,03,05,02,01,1,0.5400015711784363,2.0
1701,H7A,13,12,1,1,2,1,2,3,1,1,2,1,1,01,03,9.0,6.0,01,03,,04,2,,1,1,4,1,2,8,2,70.0,25.0,70.0,25.0,998.0,1,2,1,4,1,1,3,70.0,0.0,65.0,50.0,50.0,01,03,03,3,1,1,4,2,2,2,2,01,01,98,98,04,03,01,03,01,03,03,25.0,60.0,2,2,2,1,01,2,,,02,1940.0,2,06,04,03,02,02,01,1,0.9275031685829163,2.0
1702,J8E,25,16,2,3,3,1,2,3,4,2,2,4,1,05,04,8.0,8.0,03,02,,01,2,,8,2,3,1,2,1,2,65.0,0.0,75.0,45.0,80.0,1,2,1,4,2,3,4,45.0,10.0,65.0,75.0,80.0,98,03,04,2,1,1,8,2,2,3,3,98,01,98,05,04,04,98,98,98,03,04,45.0,85.0,1,3,2,4,01,3,,,05,1941.0,2,09,05,11,04,01,01,7,0.6664856672286987,2.0
1703,H9J,06,08,2,2,3,1,4,2,4,2,3,8,1,01,05,4.0,7.0,04,09,04,,2,,1,1,4,1,1,1,4,60.0,0.0,0.0,0.0,75.0,2,2,1,4,4,4,2,50.0,0.0,0.0,997.0,997.0,06,98,06,3,4,2,3,2,4,4,4,98,98,99,05,99,01,98,98,05,01,99,0.0,50.0,2,1,1,2,97,,1,05,05,1974.0,1,09,99,02,05,01,01,7,0.7795112729072571,2.0
1704,J6J,16,17,2,2,2,2,1,3,1,2,2,2,1,01,03,6.0,7.0,03,01,,02,2,,2,2,3,1,2,9,2,65.0,5.0,50.0,5.0,998.0,1,2,1,1,2,2,3,25.0,0.0,60.0,5.0,997.0,06,03,98,3,1,3,8,2,2,2,2,01,01,01,05,03,03,01,01,01,01,03,25.0,50.0,8,3,8,2,01,2,,,03,1948.0,2,07,03,03,05,02,01,1,0.40793442726135254,2.0
1705,G7J,02,98,2,1,2,1,2,3,3,2,2,1,1,01,03,5.0,3.0,01,03,,01,2,,2,2,3,2,2,1,3,50.0,50.0,75.0,25.0,25.0,1,1,2,4,4,2,2,0.0,0.0,100.0,998.0,997.0,03,03,03,2,4,1,3,4,2,3,3,03,03,98,98,03,03,98,03,01,98,03,75.0,80.0,2,4,2,1,97,,2,,98,1970.0,2,09,10,02,04,02,01,1,1.6519296169281006,2.0
1706,H9G,06,08,1,1,1,1,2,3,3,1,2,2,1,05,04,10.0,8.0,02,07,,01,2,,1,1,4,1,1,1,3,5.0,4.0,0.0,8.0,10.0,2,2,1,4,2,4,2,6.0,6.0,0.0,997.0,10.0,05,05,05,8,4,8,4,3,3,2,4,05,05,98,05,04,05,04,04,05,98,05,5.0,5.0,2,2,3,2,05,3,,,06,1980.0,2,09,02,09,01,01,13,2,0.5029883980751038,2.0
1707,999,17,08,2,1,2,1,3,4,4,2,2,4,1,05,04,6.0,1.0,01,03,02,,8,8,3,1,4,1,2,1,3,0.0,45.0,40.0,30.0,100.0,2,8,8,8,2,2,2,0.0,45.0,40.0,997.0,997.0,98,03,98,2,4,8,4,3,2,3,4,98,03,98,05,98,98,98,02,98,98,98,50.0,998.0,1,9,2,2,05,2,,,06,1985.0,2,07,99,05,04,02,01,1,1.7117935419082642,2.0
1708,G9A,04,01,1,2,3,3,3,3,3,2,2,3,1,99,,6.0,6.0,01,03,,04,8,9,2,2,4,1,2,1,4,999.0,999.0,0.0,75.0,30.0,2,2,1,2,4,2,2,999.0,999.0,0.0,998.0,997.0,02,04,04,3,3,9,2,3,2,3,4,02,02,98,05,02,02,02,02,02,02,04,999.0,50.0,8,4,3,1,02,2,,,99,1948.0,1,05,01,01,05,02,01,1,0.7158807516098022,2.0
1709,J6K,16,12,2,2,2,3,2,1,4,1,1,1,1,03,01,8.0,4.0,01,02,04,,2,,1,1,3,1,1,1,2,96.0,0.0,90.0,0.0,0.0,2,2,2,4,4,4,2,96.0,0.0,97.0,0.0,0.0,01,03,03,3,1,3,4,2,4,1,3,03,03,01,01,03,03,03,01,03,03,03,0.0,95.0,2,1,1,1,03,2,,,02,1947.0,1,09,06,03,01,02,01,1,0.6322008967399597,2.0
1710,J3A,26,15,1,2,2,3,1,1,3,1,1,1,1,03,97,10.0,6.0,01,07,,02,2,,1,1,4,1,1,1,4,30.0,0.0,70.0,997.0,997.0,1,2,1,4,2,8,2,20.0,0.0,90.0,997.0,997.0,03,03,03,2,1,1,8,3,2,2,3,03,03,03,03,03,03,03,03,03,03,03,0.0,30.0,2,2,2,1,03,1,,,02,1942.0,1,08,03,03,05,02,01,1,1.5382611751556396,2.0
1711,G6V,17,10,1,1,2,1,1,1,1,2,2,2,1,03,01,6.0,5.0,07,97,03,,2,,2,2,3,1,2,8,2,50.0,0.0,75.0,997.0,997.0,1,8,1,4,2,2,2,40.0,0.0,80.0,997.0,997.0,03,98,03,8,1,1,8,2,2,8,4,98,98,98,98,03,03,03,98,98,98,03,0.0,60.0,1,3,2,1,01,3,,,02,1946.0,2,05,99,02,05,02,01,1,0.5248628258705139,2.0
1712,H4E,06,98,2,1,1,1,2,2,3,1,2,4,1,03,02,0.0,0.0,97,,01,,1,,1,1,4,1,2,1,2,0.0,75.0,75.0,997.0,997.0,1,2,8,2,4,3,2,0.0,50.0,90.0,997.0,997.0,03,03,03,3,2,1,4,3,1,2,3,03,03,03,03,03,03,03,02,03,03,03,50.0,50.0,1,3,2,2,02,3,,,04,1950.0,1,05,04,02,05,02,01,1,0.6322008967399597,2.0
1713,H1V,06,06,1,1,2,1,3,4,1,1,2,3,1,02,05,7.0,7.0,03,01,01,,1,,4,2,2,1,2,2,3,0.0,100.0,20.0,78.0,80.0,1,2,1,3,2,2,4,0.0,100.0,45.0,60.0,70.0,02,02,03,2,2,1,4,2,2,3,4,02,02,02,05,02,03,02,02,02,03,02,0.0,50.0,1,4,2,1,02,2,,,04,1982.0,1,09,03,01,04,02,01,1,1.4359921216964722,2.0
1714,H7P,13,01,1,1,2,1,2,2,3,2,3,1,2,,,8.0,5.0,01,03,,04,2,,1,1,3,1,2,1,3,49.0,50.0,52.0,75.0,997.0,1,1,8,2,3,3,1,30.0,50.0,50.0,75.0,997.0,06,06,04,2,3,1,8,3,3,4,4,98,04,98,05,98,98,98,98,98,98,98,50.0,50.0,2,4,2,1,97,,2,,06,1988.0,2,06,07,05,01,02,01,1,1.330445408821106,2.0
1715,J6A,14,03,2,2,3,2,1,3,2,2,2,2,1,03,02,9.0,7.0,03,01,,03,1,,2,2,3,1,2,1,2,40.0,40.0,75.0,30.0,30.0,2,2,1,1,2,2,3,50.0,50.0,95.0,60.0,60.0,03,03,03,3,3,1,3,2,2,2,3,03,03,03,05,03,03,03,03,03,03,03,20.0,70.0,1,3,1,2,03,1,,,03,1940.0,2,07,03,11,02,02,01,1,0.9275031685829163,2.0
1716,G1N,03,10,2,1,2,1,2,4,1,1,8,3,1,02,05,8.0,8.0,98,,,05,1,,2,2,2,2,2,8,2,40.0,40.0,10.0,30.0,30.0,1,2,1,8,3,1,4,40.0,45.0,15.0,35.0,60.0,98,04,04,1,2,1,8,4,3,2,3,98,02,98,05,98,02,02,02,02,98,04,60.0,50.0,8,3,3,2,02,1,,,04,1945.0,2,07,03,02,02,02,01,1,0.13188232481479645,2.0
1717,G4R,09,01,1,1,2,3,2,1,3,2,2,4,1,01,03,10.0,10.0,01,03,,02,2,,1,2,3,1,2,1,2,60.0,30.0,80.0,10.0,10.0,1,2,1,4,2,3,1,20.0,1.0,80.0,1.0,2.0,01,03,03,1,1,1,8,1,2,2,3,03,01,01,01,03,03,03,03,03,02,03,0.0,100.0,2,3,2,1,97,,1,03,03,1943.0,1,10,10,03,04,02,01,1,0.8468688726425171,2.0
1718,H3E,06,17,1,2,3,2,3,4,1,2,4,1,1,99,,10.0,10.0,01,03,04,,2,,3,3,2,2,2,2,2,80.0,10.0,30.0,0.0,0.0,1,1,2,4,3,1,3,80.0,0.0,30.0,0.0,997.0,01,01,03,1,1,1,3,1,3,2,2,01,01,01,05,04,03,01,01,01,01,03,0.0,60.0,8,4,8,1,01,2,,,02,9999.0,2,09,99,01,05,02,01,1,0.9275031685829163,2.0
1719,J0P,26,98,1,2,2,2,2,3,2,3,1,3,1,03,96,10.0,5.0,03,01,02,,8,8,3,8,3,8,2,1,2,10.0,70.0,90.0,998.0,50.0,1,2,1,4,8,8,2,5.0,80.0,90.0,997.0,997.0,03,03,03,3,4,1,3,1,2,2,3,01,98,98,02,98,03,02,03,03,98,03,0.0,50.0,8,4,2,2,03,2,,,06,1972.0,2,09,10,06,05,02,10,1,2.2808401584625244,2.0
1720,G1X,03,10,1,1,3,2,2,3,1,4,2,4,1,02,97,8.0,7.0,02,01,,05,1,,3,3,2,2,3,2,2,30.0,95.0,60.0,997.0,60.0,1,2,1,1,3,1,4,30.0,80.0,50.0,997.0,40.0,02,02,02,1,2,1,3,3,2,2,4,02,02,02,02,02,02,02,02,02,02,02,70.0,70.0,1,4,3,1,02,2,,,04,1949.0,1,10,08,01,05,02,01,1,0.15640604496002197,2.0
1721,H3H,06,10,1,1,2,2,2,2,1,2,2,2,1,01,97,8.0,9.0,03,01,04,,2,,2,2,3,2,8,8,2,50.0,0.0,25.0,997.0,998.0,1,2,1,4,3,1,3,50.0,10.0,25.0,998.0,998.0,01,06,06,1,1,2,8,2,2,1,2,96,98,01,98,97,01,01,01,01,98,01,10.0,50.0,1,8,3,2,01,3,,,01,1938.0,2,06,04,03,04,01,11,2,0.5034842491149902,2.0
1722,H1W,06,10,1,2,2,2,1,3,1,2,2,1,1,02,04,8.0,9.0,01,03,01,,1,,2,2,3,1,2,1,2,20.0,95.0,50.0,80.0,70.0,2,1,2,1,1,2,3,20.0,60.0,60.0,60.0,998.0,01,03,03,3,2,1,2,2,2,2,4,03,02,02,02,03,03,02,02,02,03,02,25.0,50.0,1,9,2,1,02,1,,,04,1944.0,2,05,02,01,05,02,01,1,0.40793442726135254,2.0
1723,J6W,14,07,2,2,3,2,3,2,2,3,1,2,1,02,04,4.0,7.0,01,03,01,,1,,1,1,2,1,1,1,4,0.0,50.0,20.0,75.0,20.0,1,8,8,2,2,2,1,0.0,0.0,0.0,30.0,20.0,04,06,04,2,2,1,4,2,2,2,4,03,02,02,05,04,04,02,04,02,02,02,0.0,35.0,1,4,2,1,02,2,,,04,1987.0,2,06,98,05,05,02,01,1,1.330445408821106,2.0
1724,J7K,14,01,1,1,2,2,2,3,3,2,2,3,1,02,03,7.0,5.0,03,01,01,,8,1,2,2,3,2,3,2,3,50.0,60.0,55.0,997.0,997.0,1,2,1,3,2,2,2,50.0,50.0,50.0,998.0,998.0,06,03,06,2,3,1,8,3,8,3,3,01,98,97,05,98,03,01,02,03,97,03,6.0,7.0,8,3,3,2,02,3,,,04,1949.0,2,07,06,02,04,02,01,1,0.40793442726135254,2.0
1725,G0W,02,02,1,1,1,3,1,2,2,1,1,1,1,03,02,3.0,8.0,01,06,01,,1,,1,1,4,1,1,1,2,0.0,75.0,100.0,997.0,997.0,1,1,8,2,4,2,2,0.0,998.0,100.0,25.0,997.0,03,03,03,2,2,1,4,1,3,3,3,03,03,03,05,03,03,02,03,97,03,03,50.0,50.0,8,2,2,1,03,2,,,04,1963.0,2,06,02,02,05,02,01,1,1.6519296169281006,2.0
1726,H7C,13,12,1,2,2,2,1,4,2,2,2,3,1,01,03,8.0,10.0,09,01,,03,2,,3,3,3,2,2,2,2,75.0,25.0,50.0,10.0,10.0,1,2,1,4,1,1,3,75.0,25.0,50.0,10.0,10.0,01,03,03,3,1,1,2,2,2,2,2,01,01,01,05,01,01,01,01,01,01,03,50.0,80.0,1,2,1,1,01,1,,,01,1931.0,1,08,05,03,05,02,01,1,1.4374099969863892,2.0
1727,J3G,16,17,1,2,2,2,3,3,4,3,3,4,1,01,97,10.0,10.0,03,01,,02,2,,2,2,2,2,3,2,2,90.0,0.0,25.0,0.0,10.0,1,2,1,4,2,1,4,90.0,5.0,20.0,2.0,997.0,01,01,01,1,1,1,4,1,1,2,1,01,01,01,05,01,01,01,01,01,01,01,15.0,80.0,2,2,1,1,01,2,,,01,1939.0,1,09,09,03,04,02,01,1,1.4374099969863892,2.0
1728,J0Y,08,99,1,2,2,2,2,1,2,2,2,2,1,03,02,5.0,4.0,01,04,02,,1,,2,2,3,1,1,1,3,999.0,999.0,75.0,997.0,997.0,1,2,8,3,2,1,1,50.0,50.0,75.0,997.0,997.0,06,03,98,2,3,1,8,2,2,2,2,03,03,98,98,03,98,02,02,98,98,03,40.0,999.0,2,3,1,1,97,,2,,04,1952.0,2,05,05,06,05,02,01,1,0.5400015711784363,2.0
1729,J7M,14,03,1,2,3,2,2,3,3,4,2,3,1,03,02,6.0,4.0,02,03,,04,1,,3,2,3,1,2,9,2,20.0,70.0,90.0,997.0,997.0,1,2,1,1,8,1,3,20.0,50.0,100.0,997.0,997.0,03,03,03,3,2,1,4,2,2,2,1,03,03,03,03,03,03,02,02,03,03,03,999.0,80.0,1,2,2,1,03,2,,,04,1975.0,1,07,05,02,05,02,01,1,1.4359921216964722,2.0
1730,G1J,03,02,1,1,3,1,1,1,1,2,3,3,1,02,97,10.0,10.0,03,01,,05,1,,2,2,4,1,1,1,3,5.0,85.0,6.0,25.0,70.0,1,2,1,2,2,1,3,5.0,85.0,6.0,25.0,70.0,02,05,03,3,2,1,4,1,2,2,4,02,02,02,05,04,03,02,02,02,02,02,25.0,85.0,1,3,3,2,02,2,,,04,1975.0,1,07,04,04,05,02,01,7,0.1928505152463913,2.0
1731,J4V,16,98,1,2,3,2,3,2,1,2,3,3,1,01,97,10.0,9.0,03,01,04,,2,,2,2,2,2,2,1,2,65.0,0.0,50.0,0.0,50.0,2,2,1,4,2,3,3,65.0,0.0,50.0,45.0,998.0,01,01,03,3,1,2,3,3,1,1,4,01,01,01,05,01,01,01,01,01,01,01,100.0,65.0,1,4,2,2,01,2,,,03,1948.0,1,06,05,02,05,01,01,2,0.3431829512119293,2.0
1732,J8C,25,15,1,1,1,1,2,2,2,2,1,2,1,03,02,8.0,5.0,01,03,02,,1,,1,2,3,1,2,1,3,999.0,998.0,998.0,998.0,999.0,2,1,8,3,3,2,3,998.0,998.0,999.0,997.0,997.0,02,98,02,3,9,1,4,3,2,3,1,98,02,98,05,02,03,02,02,02,04,04,999.0,999.0,8,2,1,1,02,2,,,04,9999.0,2,07,99,03,02,02,01,1,1.2277785539627075,2.0
1733,H4X,06,01,1,1,1,1,4,2,4,1,2,3,1,01,05,10.0,10.0,03,01,03,,2,,1,2,3,2,3,2,1,76.0,75.0,16.0,80.0,90.0,2,2,1,4,2,1,4,50.0,20.0,6.0,56.0,80.0,01,05,06,3,1,8,4,4,1,1,4,01,02,01,05,04,98,04,04,01,01,02,100.0,70.0,2,2,2,4,05,2,,,01,1947.0,2,10,04,02,01,01,10,2,0.22144199907779694,2.0
1734,H4H,06,01,1,8,8,2,2,2,1,1,2,8,1,01,03,10.0,5.0,01,02,,03,2,,1,2,3,1,2,8,9,80.0,25.0,60.0,997.0,75.0,8,8,8,4,8,2,3,80.0,997.0,65.0,997.0,997.0,01,98,03,3,1,2,8,3,2,1,8,01,03,98,05,98,03,01,98,01,99,99,998.0,998.0,2,9,2,8,01,1,,,01,1938.0,2,06,99,03,05,02,01,1,0.9275031685829163,2.0
1735,J9H,07,03,2,2,3,2,2,3,3,1,2,3,1,04,05,4.0,7.0,02,01,,04,2,,3,2,3,3,3,1,2,5.0,71.0,22.0,95.0,90.0,1,1,1,4,3,2,3,3.0,22.0,33.0,90.0,69.0,07,04,04,2,4,1,4,3,1,1,3,97,97,97,97,04,04,02,02,97,97,04,85.0,80.0,1,9,9,8,04,2,,,04,1962.0,1,10,07,02,05,02,01,1,1.956773042678833,2.0
1736,G8C,02,05,1,1,2,2,1,1,4,2,2,2,1,01,03,9.0,8.0,01,03,,02,2,,2,2,2,1,2,2,2,70.0,10.0,30.0,0.0,0.0,1,1,2,4,2,2,3,60.0,30.0,50.0,0.0,0.0,01,01,03,1,1,1,4,2,2,2,1,01,01,01,01,01,01,01,01,01,01,04,10.0,80.0,2,3,1,2,01,2,,,01,1943.0,1,08,07,11,05,02,01,1,0.8468688726425171,2.0
1737,G0R,32,03,1,2,2,2,1,2,3,1,1,2,1,99,,10.0,8.0,01,03,,04,8,1,2,2,3,2,3,1,2,999.0,999.0,998.0,998.0,998.0,1,2,1,4,3,2,3,50.0,998.0,80.0,998.0,998.0,01,03,03,2,2,1,2,2,8,2,3,03,03,98,98,03,03,03,02,03,03,03,80.0,80.0,8,2,1,2,03,2,,,02,1943.0,2,05,04,03,01,02,01,1,0.5248628258705139,2.0
1738,J7T,26,10,2,2,2,2,3,3,3,2,2,3,1,01,97,8.0,7.0,03,01,04,,2,,3,3,2,1,2,1,3,85.0,0.0,20.0,997.0,998.0,1,2,1,4,8,2,3,80.0,10.0,20.0,998.0,998.0,98,98,98,1,1,3,2,2,2,2,3,01,01,98,98,98,98,98,02,98,98,98,20.0,80.0,8,2,1,2,01,8,,,01,1947.0,1,08,10,02,05,01,10,3,1.517844796180725,2.0
1739,J3L,16,01,1,2,4,3,1,2,3,3,4,2,1,01,03,10.0,8.0,03,01,02,,2,,2,1,2,2,3,2,1,80.0,20.0,60.0,0.0,5.0,2,2,1,4,2,1,4,70.0,35.0,60.0,0.0,0.0,01,01,03,3,1,3,4,2,1,1,3,01,01,01,05,04,04,01,03,03,01,03,0.0,80.0,1,4,3,1,01,2,,,01,1945.0,1,06,06,03,05,02,01,1,0.6322008967399597,2.0
1740,G8Y,04,01,1,2,3,2,1,3,2,3,2,3,1,04,05,8.0,9.0,03,02,,04,1,,3,2,3,2,2,1,3,60.0,60.0,40.0,80.0,75.0,1,2,1,3,3,2,3,50.0,50.0,30.0,80.0,70.0,99,04,04,3,3,1,4,4,2,2,3,98,04,04,05,03,04,02,02,98,98,04,80.0,20.0,1,4,3,3,02,3,,,03,1948.0,1,09,09,03,05,02,01,1,0.7158807516098022,2.0
1741,H7X,13,98,1,2,3,2,3,2,2,3,2,1,1,02,03,8.0,6.0,01,06,,05,1,,2,2,2,8,8,1,3,50.0,80.0,70.0,20.0,20.0,2,1,1,2,4,2,2,70.0,70.0,70.0,997.0,997.0,98,98,03,3,2,1,3,2,8,2,3,98,98,98,98,98,98,98,02,02,98,98,85.0,75.0,1,4,8,1,02,2,,,04,1981.0,2,07,99,02,05,02,01,1,0.926587700843811,2.0
1742,J0B,05,01,1,1,2,1,2,3,2,2,2,2,1,02,04,10.0,10.0,01,03,02,,1,,1,1,3,1,3,1,3,10.0,75.0,30.0,50.0,40.0,1,2,1,2,3,1,3,10.0,60.0,50.0,75.0,30.0,04,04,03,2,2,1,3,3,2,2,3,02,02,02,05,04,04,02,02,02,03,04,40.0,40.0,1,2,2,1,02,2,,,04,1941.0,2,07,06,03,03,02,01,1,1.1933574676513672,2.0
1743,N5Y,05,04,2,2,1,4,2,1,3,2,2,1,2,,,9.0,8.0,02,01,,01,2,,2,2,3,2,1,1,3,90.0,0.0,65.0,35.0,15.0,2,2,1,4,4,2,4,95.0,0.0,50.0,997.0,997.0,01,01,01,2,1,2,1,3,1,3,4,01,01,01,01,01,01,01,01,01,01,01,25.0,35.0,1,3,3,1,01,2,,,06,1982.0,1,06,03,02,05,01,01,2,0.8826898336410522,2.0
1744,G6W,33,03,2,1,1,2,1,3,2,2,2,2,1,02,98,9.0,10.0,03,01,02,,3,,2,2,3,1,2,1,3,50.0,80.0,25.0,0.0,0.0,2,8,8,4,3,2,3,10.0,80.0,20.0,10.0,0.0,06,02,03,2,3,1,2,8,2,2,2,02,02,98,98,02,02,02,02,98,02,98,60.0,70.0,8,8,2,1,97,,1,02,02,9999.0,2,06,99,03,05,02,01,1,1.1933574676513672,2.0
1745,J3X,06,01,1,1,2,3,2,1,4,1,2,2,1,03,05,6.0,6.0,03,01,02,,2,,1,1,4,1,2,1,3,2.0,0.0,7.0,997.0,998.0,2,2,1,4,8,1,2,1.0,1.0,6.0,998.0,997.0,98,03,03,3,4,8,3,2,3,3,4,03,03,03,05,04,04,03,03,03,03,03,40.0,50.0,8,3,2,1,03,2,,,03,1960.0,2,05,03,06,04,02,01,1,1.1798489093780518,2.0
1746,H8N,06,98,1,1,3,2,1,3,2,2,3,2,2,,,8.0,9.0,01,03,02,,2,,3,3,2,2,2,8,2,90.0,65.0,40.0,20.0,20.0,1,1,1,4,1,2,3,85.0,60.0,65.0,50.0,998.0,01,04,04,1,3,1,4,2,2,3,3,01,01,01,05,04,01,01,01,01,01,04,70.0,90.0,1,3,2,2,01,1,,,03,1976.0,2,09,07,02,04,02,01,1,0.926587700843811,2.0
1747,J5M,24,96,1,1,3,1,2,3,3,2,1,1,1,03,05,10.0,8.0,01,03,,05,1,,2,1,4,1,1,1,3,0.0,30.0,90.0,3.0,8.0,1,2,1,4,3,1,2,0.0,30.0,100.0,50.0,997.0,04,03,03,3,2,1,4,1,2,1,4,03,03,98,05,98,03,02,03,98,03,03,50.0,50.0,2,3,1,1,03,2,,,04,1974.0,2,04,05,05,05,02,01,1,1.2265689373016357,2.0
1748,G1Y,03,04,1,1,1,1,3,1,2,4,2,4,1,01,04,7.0,7.0,01,03,02,,2,,3,3,2,2,3,2,2,75.0,60.0,60.0,50.0,50.0,2,1,1,3,4,2,3,60.0,59.0,60.0,59.0,50.0,01,03,03,1,1,1,4,3,1,1,3,01,02,01,04,04,03,01,02,03,01,03,75.0,65.0,1,3,3,3,01,2,,,01,1947.0,1,09,07,03,05,02,01,1,0.15640604496002197,2.0
1749,G7H,02,99,1,2,1,1,2,1,2,2,1,1,1,02,03,5.0,5.0,01,02,,04,1,,1,1,4,1,2,1,4,0.0,10.0,8.0,998.0,998.0,1,2,1,1,2,2,1,0.0,6.0,8.0,997.0,997.0,02,02,03,2,2,1,1,1,2,2,3,02,02,03,03,02,03,02,02,02,02,02,7.0,6.0,2,1,1,1,02,1,,,04,1954.0,2,05,07,99,02,02,01,1,1.131169080734253,2.0
1750,G2E,03,99,3,3,2,3,2,2,1,3,2,3,1,01,03,10.0,7.0,03,04,04,,2,,3,3,2,2,2,2,2,90.0,15.0,75.0,0.0,10.0,1,8,2,1,4,2,4,85.0,10.0,85.0,0.0,10.0,01,03,03,3,1,3,3,1,3,1,1,01,01,01,05,04,03,01,01,01,03,03,0.0,85.0,1,3,3,2,01,2,,,02,1973.0,1,08,10,02,04,02,01,1,0.3552634119987488,2.0
1751,J0T,25,05,2,2,2,2,1,4,1,1,1,1,1,02,03,6.0,5.0,01,04,01,,1,,1,3,3,1,2,2,3,50.0,75.0,50.0,998.0,998.0,2,2,1,2,2,1,2,60.0,50.0,75.0,998.0,998.0,02,99,03,3,2,1,3,3,3,2,3,02,03,03,03,03,03,02,02,02,03,03,10.0,50.0,2,4,2,1,02,1,,,02,1932.0,2,09,01,03,05,02,01,1,1.2277785539627075,2.0
1752,J3N,16,17,2,2,2,1,2,3,2,2,2,3,1,99,,9.0,6.0,03,01,03,,8,1,1,1,3,1,1,1,3,20.0,20.0,20.0,25.0,35.0,1,2,1,3,1,2,2,20.0,20.0,15.0,30.0,30.0,98,05,98,2,3,1,3,2,2,2,3,98,98,98,05,04,98,98,98,98,98,98,50.0,70.0,1,3,2,3,97,,2,,99,1949.0,2,09,09,02,05,02,01,1,0.40793442726135254,2.0
1753,H9J,06,98,1,1,1,1,2,1,2,1,1,2,1,99,,9.0,5.0,01,03,,02,2,,2,2,3,2,1,8,2,75.0,0.0,50.0,997.0,997.0,8,8,8,4,8,1,3,65.0,998.0,50.0,997.0,997.0,01,98,03,1,1,3,4,4,2,1,4,01,01,01,01,98,01,01,03,01,01,01,55.0,35.0,2,1,1,1,01,2,,,01,9999.0,2,06,99,01,05,01,11,3,2.080836057662964,2.0
1754,J0H,26,96,4,4,4,3,1,4,2,1,4,4,1,03,02,10.0,3.0,01,07,02,,1,,1,1,4,1,1,1,4,10.0,90.0,91.0,997.0,50.0,1,2,1,1,4,8,3,1.0,80.0,90.0,997.0,997.0,07,03,03,2,2,1,3,4,4,4,4,03,03,03,03,03,03,02,02,03,03,03,0.0,50.0,2,4,3,1,02,2,,,02,1937.0,1,02,01,03,05,02,01,1,1.5382611751556396,2.0
1755,G6Z,12,98,2,1,1,3,3,1,3,3,3,2,2,,,10.0,8.0,01,03,,02,2,,1,1,4,1,1,1,3,8.0,5.0,90.0,0.0,0.0,1,2,8,4,3,1,1,10.0,0.0,80.0,997.0,997.0,03,03,03,2,4,1,3,1,3,2,3,03,03,03,03,03,03,03,03,03,03,03,2.0,60.0,8,2,1,2,03,2,,,02,1937.0,1,08,09,03,04,02,01,7,0.19304093718528748,2.0
1756,G2G,03,03,1,2,2,3,3,2,3,2,1,4,1,04,98,1.0,0.0,01,03,03,,8,2,3,2,3,1,2,9,3,10.0,50.0,70.0,90.0,50.0,1,8,1,3,2,8,2,10.0,10.0,40.0,40.0,997.0,98,03,04,3,3,8,8,9,3,8,4,04,03,04,03,04,03,98,98,03,04,04,50.0,30.0,1,3,2,2,04,3,,,98,1942.0,2,07,03,11,05,02,01,1,0.29985514283180237,2.0
1757,H9S,06,13,1,2,3,2,2,1,1,3,3,2,1,96,96,9.0,8.0,03,01,,02,2,,3,3,2,2,3,2,2,80.0,0.0,30.0,0.0,20.0,2,2,1,4,3,2,4,90.0,0.0,40.0,10.0,40.0,01,01,01,3,1,3,2,2,2,2,1,01,01,01,01,01,01,01,01,01,01,01,10.0,90.0,8,2,2,2,01,2,,,01,1935.0,1,09,04,03,05,01,01,2,0.7802807092666626,2.0
1758,J4Z,16,99,2,3,4,3,4,4,3,4,3,4,1,04,05,0.0,7.0,01,03,,04,2,,1,1,4,1,2,1,2,0.0,30.0,10.0,80.0,10.0,1,2,1,4,2,1,2,0.0,55.0,60.0,90.0,20.0,07,04,03,2,3,1,4,4,2,2,4,04,04,04,05,04,02,04,04,04,98,04,100.0,60.0,1,4,4,1,04,1,,,03,1946.0,2,09,04,03,04,02,01,1,0.40793442726135254,2.0
1759,H1L,06,18,2,1,2,2,2,3,3,2,2,4,2,,,10.0,8.0,04,03,,04,2,,2,2,3,1,2,1,3,50.0,10.0,90.0,0.0,60.0,1,2,1,2,3,4,3,65.0,35.0,85.0,35.0,997.0,03,03,03,3,4,1,3,1,3,3,2,03,03,03,05,03,03,03,03,02,03,98,0.0,50.0,1,3,3,2,03,1,,,02,1983.0,1,09,03,02,04,02,01,1,2.061872959136963,2.0
1760,H7C,13,02,1,2,2,2,2,3,3,2,2,1,1,03,02,7.0,7.0,01,03,02,,1,,1,2,4,1,1,1,2,25.0,50.0,70.0,2.0,5.0,1,1,2,4,2,2,2,0.0,40.0,70.0,998.0,998.0,03,98,03,3,3,1,3,2,8,3,4,03,03,03,98,03,03,03,03,98,03,03,0.0,50.0,2,2,1,1,98,,2,,04,1942.0,2,05,99,03,05,02,01,1,0.9275031685829163,2.0
1761,J6X,14,98,2,1,2,3,3,3,2,2,3,3,1,03,01,6.0,3.0,03,01,02,,8,2,2,2,3,1,1,1,3,40.0,10.0,60.0,0.0,0.0,2,2,8,3,4,3,3,40.0,0.0,80.0,997.0,997.0,03,03,03,3,3,1,8,2,4,8,4,03,98,98,05,03,98,03,02,98,98,03,90.0,60.0,1,3,4,1,03,1,,,06,1988.0,2,07,01,09,05,02,01,1,1.330445408821106,2.0
1762,H1W,06,98,1,2,1,2,3,1,3,1,1,2,1,04,05,8.0,8.0,03,02,,04,1,,2,2,3,1,2,1,3,15.0,40.0,35.0,75.0,70.0,1,2,1,2,3,2,4,15.0,0.0,35.0,60.0,70.0,03,05,03,2,2,1,4,3,2,2,4,04,04,03,05,04,04,04,03,04,03,04,80.0,50.0,1,2,3,2,04,2,,,04,1959.0,1,08,03,02,04,02,01,1,1.828485131263733,2.0
1763,J4B,16,98,1,2,3,1,1,2,3,2,1,1,1,03,02,7.0,5.0,01,03,01,,1,,2,2,3,1,1,8,2,0.0,75.0,90.0,997.0,75.0,1,2,1,2,8,1,3,5.0,75.0,90.0,997.0,997.0,03,03,03,8,2,1,3,1,2,8,3,98,03,98,05,98,03,03,02,03,98,98,25.0,60.0,1,8,1,1,02,2,,,04,1981.0,2,05,02,02,04,02,01,1,0.926587700843811,2.0
1764,J6S,26,01,3,4,4,4,2,3,2,1,1,4,1,02,01,10.0,5.0,04,09,,04,1,,1,1,4,1,1,1,4,40.0,95.0,30.0,50.0,30.0,2,2,1,2,3,2,2,40.0,95.0,20.0,20.0,20.0,02,02,02,2,3,1,4,2,2,4,4,02,02,01,01,02,02,02,02,02,02,02,0.0,80.0,2,3,1,1,02,1,,,04,1957.0,2,04,01,04,05,02,01,2,0.8478164076805115,2.0
1765,H4A,06,19,1,1,1,1,2,1,1,1,2,1,1,01,97,5.0,9.0,02,01,03,,2,,2,2,4,2,1,1,3,75.0,0.0,0.0,0.0,25.0,2,2,1,4,2,2,3,75.0,0.0,0.0,997.0,5.0,01,01,06,3,1,1,4,1,1,1,2,01,01,01,01,01,01,01,01,01,01,01,0.0,50.0,1,1,1,4,01,2,,,01,1947.0,2,11,10,01,01,01,01,2,0.22144199907779694,2.0
1766,G6Z,12,98,2,2,2,1,3,3,4,2,3,4,1,03,05,7.0,5.0,02,04,,02,2,,3,2,3,2,2,1,3,55.0,35.0,80.0,5.0,80.0,1,2,1,4,8,3,2,60.0,50.0,75.0,997.0,997.0,01,03,03,1,3,3,4,2,2,1,4,02,03,03,05,01,01,02,02,03,03,03,60.0,45.0,2,3,3,2,03,2,,,03,1959.0,1,09,08,02,05,02,01,1,0.4523656964302063,2.0
1767,G8K,02,98,1,2,2,3,3,2,2,2,1,1,1,99,,10.0,2.0,06,01,,03,2,,3,2,3,1,1,8,2,65.0,65.0,90.0,0.0,0.0,8,2,1,2,8,1,4,50.0,50.0,90.0,0.0,997.0,03,03,03,3,8,8,3,2,3,2,4,98,98,03,05,03,03,01,98,03,03,01,75.0,60.0,8,8,3,1,03,2,,,06,1981.0,2,08,02,02,04,02,01,1,0.8883579969406128,2.0
1768,G9A,04,96,2,2,3,2,1,2,2,2,2,9,1,02,97,8.0,9.0,01,06,,05,1,,1,1,3,1,1,1,3,0.0,100.0,10.0,997.0,997.0,8,2,8,1,2,2,2,0.0,50.0,10.0,997.0,997.0,02,02,99,3,2,1,8,3,2,2,3,02,02,98,02,02,02,02,02,02,02,02,51.0,51.0,2,9,1,1,02,1,,,04,1968.0,2,07,02,02,04,02,01,1,2.216895818710327,2.0
1769,G1G,03,99,1,1,8,2,1,1,1,1,9,3,1,01,97,10.0,10.0,01,04,02,,2,,9,2,2,1,3,9,2,99.0,0.0,5.0,5.0,5.0,1,8,8,4,8,1,9,99.0,5.0,5.0,5.0,997.0,01,99,99,1,1,1,2,2,2,8,1,01,01,01,01,01,98,01,01,01,01,01,0.0,999.0,2,1,1,1,01,2,,,01,1937.0,2,05,01,03,02,02,01,1,0.29985514283180237,2.0
1770,H3X,06,01,1,1,1,1,1,3,3,1,2,2,1,01,97,9.0,6.0,01,02,04,,2,,2,1,3,1,3,2,2,80.0,20.0,20.0,997.0,75.0,2,1,1,4,2,2,3,75.0,30.0,30.0,997.0,997.0,01,07,06,3,1,1,1,2,2,1,3,98,01,01,01,98,98,01,01,01,01,98,50.0,100.0,1,4,4,4,01,2,,,01,1944.0,2,08,04,03,05,01,01,2,0.22144199907779694,2.0
1771,G6Z,12,03,2,2,2,2,3,3,4,2,2,2,1,01,04,10.0,6.0,07,02,,04,2,,1,1,3,2,8,1,2,60.0,40.0,45.0,0.0,20.0,1,1,2,4,2,2,2,50.0,10.0,997.0,997.0,997.0,01,01,03,1,3,1,4,2,3,1,3,01,03,01,01,03,01,01,01,01,01,03,25.0,55.0,8,8,1,8,01,2,,,02,1954.0,1,09,07,02,04,02,01,1,0.4523656964302063,2.0
1772,H2S,06,15,1,1,2,2,2,3,1,1,3,4,1,02,04,10.0,8.0,01,04,01,,1,,2,1,4,1,2,1,3,40.0,70.0,60.0,60.0,25.0,1,2,1,3,2,2,3,0.0,45.0,0.0,75.0,15.0,04,04,04,2,2,1,4,4,2,3,3,02,02,04,04,04,02,02,02,02,02,04,70.0,75.0,1,4,4,3,02,1,,,04,1949.0,2,09,03,02,05,02,01,1,0.40793442726135254,2.0
1773,J3P,26,01,1,2,3,3,2,2,3,3,2,2,1,03,05,10.0,8.0,01,08,02,,2,,4,2,3,1,1,1,4,10.0,20.0,95.0,30.0,90.0,1,1,2,4,2,2,2,8.0,7.0,92.0,20.0,80.0,03,03,03,3,4,1,3,2,2,2,1,03,03,03,03,03,03,03,03,03,03,03,70.0,75.0,2,1,1,1,03,2,,,02,1954.0,1,04,07,02,01,02,01,1,1.956773042678833,2.0
1774,H2J,06,16,1,2,3,3,1,2,1,4,2,2,1,04,02,7.0,9.0,03,04,,05,1,,4,4,2,1,2,1,2,20.0,70.0,15.0,75.0,65.0,1,2,1,2,2,2,4,12.0,65.0,12.0,70.0,25.0,06,04,04,2,2,1,4,4,2,3,4,01,02,02,05,04,04,02,02,03,02,04,80.0,45.0,1,4,3,3,04,1,,,04,1940.0,1,10,08,03,05,05,01,1,1.4374099969863892,2.0
1775,999,03,99,3,2,3,1,2,2,1,2,2,3,1,02,04,10.0,9.0,01,02,,05,1,,2,2,3,1,2,1,3,0.0,95.0,50.0,70.0,70.0,2,2,1,1,3,2,3,0.0,70.0,25.0,25.0,25.0,99,98,98,3,2,1,4,2,3,3,4,02,02,02,02,02,03,02,02,02,98,04,70.0,40.0,2,4,8,2,02,1,,,04,1972.0,2,08,02,02,05,02,01,1,0.5570399761199951,2.0
1776,J2G,05,02,1,2,1,1,3,2,2,1,1,2,1,02,03,10.0,7.0,02,03,02,,1,,2,3,4,1,2,1,3,0.0,70.0,60.0,100.0,90.0,8,2,1,3,3,1,2,0.0,85.0,55.0,98.0,70.0,02,04,04,2,2,1,4,2,2,3,4,02,02,04,05,04,04,02,02,04,02,04,70.0,80.0,8,2,2,2,02,3,,,04,1957.0,2,06,05,02,05,02,01,1,1.5180344581604004,2.0
1777,J5Y,14,98,1,2,2,2,2,4,4,2,2,1,1,03,04,10.0,7.0,01,03,02,,2,,3,2,4,1,1,1,2,80.0,20.0,80.0,997.0,997.0,2,1,1,4,2,2,3,70.0,10.0,80.0,50.0,997.0,98,04,03,3,4,1,2,1,2,2,4,03,03,03,98,98,03,03,98,98,98,03,50.0,50.0,1,8,2,1,03,1,,,04,1950.0,2,07,10,02,05,02,01,1,0.40793442726135254,2.0
1778,H1Y,06,98,1,2,2,1,2,3,2,1,2,1,1,05,01,7.0,7.0,03,01,03,,2,,1,1,2,1,1,1,3,997.0,999.0,997.0,998.0,997.0,1,1,1,4,3,2,2,999.0,997.0,997.0,998.0,997.0,01,02,03,3,1,1,1,2,2,3,4,02,02,01,02,01,01,02,02,02,01,02,999.0,998.0,2,2,1,1,04,2,,,04,1944.0,2,05,02,02,02,02,01,2,0.22144199907779694,2.0
1779,G1J,03,09,1,1,2,1,1,3,2,2,2,3,1,02,97,10.0,10.0,01,03,,04,1,,3,2,3,1,1,2,2,20.0,80.0,50.0,40.0,40.0,2,2,1,2,8,2,3,0.0,80.0,60.0,80.0,997.0,02,04,04,3,2,1,8,2,2,2,3,98,02,98,05,04,98,02,02,98,98,04,60.0,80.0,1,8,1,1,02,2,,,04,1934.0,2,05,02,03,04,02,01,1,0.29985514283180237,2.0
1780,999,16,98,1,1,1,1,2,2,3,1,1,2,2,,,6.0,5.0,04,01,03,,2,,2,2,3,1,1,1,2,7.0,0.0,20.0,997.0,80.0,1,2,1,4,2,2,3,50.0,0.0,40.0,997.0,997.0,99,98,01,2,1,2,1,3,2,4,4,98,98,98,98,98,98,03,03,03,01,98,0.0,60.0,2,3,3,3,01,2,,,01,1966.0,2,09,04,02,05,02,10,1,1.7230206727981567,2.0
1781,G6S,17,05,1,2,3,3,2,1,1,3,2,2,1,01,03,7.0,7.0,01,03,,03,2,,1,1,3,1,2,1,3,70.0,35.0,65.0,998.0,998.0,1,2,1,4,2,3,2,80.0,30.0,65.0,997.0,998.0,01,01,03,1,1,1,2,2,2,2,4,01,01,98,98,01,03,01,98,98,01,98,40.0,80.0,2,2,1,1,01,3,,,06,1950.0,1,05,06,04,04,02,01,1,0.7158807516098022,2.0
1782,J6T,26,01,2,1,2,1,2,4,2,3,3,2,1,02,03,8.0,8.0,03,01,01,,1,,2,1,3,1,2,1,3,20.0,80.0,70.0,60.0,60.0,1,2,1,2,2,2,2,60.0,65.0,80.0,997.0,997.0,98,02,03,3,2,1,4,3,3,2,3,02,03,99,05,02,02,98,02,02,98,01,30.0,50.0,1,4,1,2,02,2,,,04,1979.0,1,06,02,02,05,02,01,1,1.5367439985275269,2.0
1783,H2J,06,18,1,1,3,1,1,3,2,2,2,2,1,04,02,10.0,7.0,03,01,,04,1,,3,2,3,1,2,1,3,45.0,60.0,35.0,85.0,70.0,1,2,1,4,3,2,4,20.0,45.0,15.0,55.0,20.0,98,04,03,3,4,1,4,3,2,2,3,04,04,01,04,04,04,04,04,04,01,04,75.0,75.0,1,8,2,2,04,2,,,03,1982.0,2,09,03,05,05,02,01,1,0.926587700843811,2.0
1784,H4A,06,17,2,2,1,2,1,4,2,1,2,4,1,01,04,10.0,10.0,09,04,03,,2,,2,2,3,1,3,1,4,50.0,30.0,0.0,75.0,20.0,1,1,1,4,3,2,4,15.0,0.0,0.0,20.0,20.0,06,05,06,1,1,1,4,3,1,1,3,04,04,04,04,04,04,04,04,04,04,04,50.0,75.0,1,3,4,4,04,2,,,03,1958.0,1,08,09,02,04,01,01,2,0.9925715327262878,2.0
1785,J5J,25,98,1,2,4,2,2,4,1,3,3,1,1,02,03,5.0,8.0,01,02,,04,1,,1,2,3,1,3,8,3,5.0,8.0,8.0,0.0,0.0,1,2,1,1,1,2,1,998.0,20.0,50.0,997.0,997.0,01,98,03,3,2,1,2,1,3,1,3,02,02,03,03,03,03,02,02,02,03,03,998.0,50.0,8,4,2,1,02,3,,,04,1946.0,2,05,04,02,05,02,01,1,0.5400015711784363,2.0
1786,999,07,19,1,1,1,2,3,3,4,1,2,4,1,01,96,1.0,10.0,04,03,,01,2,,2,1,3,1,2,1,4,65.0,30.0,0.0,50.0,50.0,1,2,1,4,4,3,2,20.0,30.0,0.0,20.0,998.0,02,02,06,2,1,2,4,4,2,1,4,01,02,01,05,04,02,01,01,01,01,04,10.0,20.0,2,2,1,4,97,,1,01,01,1975.0,1,10,02,04,01,02,02,3,3.4476585388183594,2.0
1787,H8N,06,13,2,2,2,2,2,1,2,2,1,2,1,01,97,7.0,4.0,01,03,,02,2,,2,1,3,1,1,1,3,60.0,0.0,40.0,0.0,0.0,1,1,8,4,2,1,4,60.0,30.0,30.0,997.0,997.0,01,03,03,1,1,3,1,3,2,1,3,03,01,01,01,01,01,01,01,01,01,98,0.0,75.0,1,2,2,1,01,3,,,01,1967.0,2,05,04,01,01,01,01,1,1.7230206727981567,2.0
1788,G0A,03,01,1,1,1,1,2,2,2,1,1,4,1,05,02,4.0,4.0,01,03,01,,1,,2,1,4,1,1,1,3,1.0,5.0,1.0,997.0,8.0,8,2,1,1,4,2,1,0.0,0.0,1.0,5.0,997.0,06,04,04,3,4,1,4,8,4,3,2,98,02,98,05,04,04,02,02,98,98,98,5.0,998.0,1,3,8,3,97,,2,,04,1950.0,2,04,02,11,04,02,01,1,0.13188232481479645,2.0
1789,J0K,24,01,1,2,3,3,2,3,3,3,2,2,1,03,97,8.0,5.0,03,01,02,,1,,2,2,3,1,2,1,2,3.0,5.0,8.0,5.0,3.0,1,8,8,3,4,2,8,4.0,2.0,8.0,997.0,997.0,03,03,03,2,3,1,3,2,2,2,3,03,03,03,05,03,03,02,02,03,03,03,50.0,50.0,2,8,2,1,03,2,,,04,1962.0,2,07,04,10,03,02,01,1,1.5618207454681396,2.0
1790,J1X,05,99,1,1,1,2,2,2,3,1,1,2,1,03,05,8.0,7.0,01,04,02,,8,3,1,1,3,1,1,1,2,40.0,50.0,80.0,45.0,60.0,1,2,1,4,9,8,2,30.0,60.0,85.0,65.0,998.0,99,03,03,2,4,1,2,8,9,2,4,03,03,03,99,03,03,03,03,98,03,03,65.0,50.0,8,8,2,1,03,1,,,04,1931.0,2,07,99,03,99,02,01,1,1.1933574676513672,2.0
1791,H1G,06,09,1,1,3,2,2,1,1,3,2,2,1,02,03,5.0,5.0,03,01,,04,1,,2,2,3,2,2,2,3,25.0,80.0,50.0,0.0,50.0,1,2,1,1,2,3,2,0.0,75.0,50.0,0.0,50.0,02,02,02,2,2,1,4,4,3,2,3,02,02,02,02,02,02,02,02,02,02,02,100.0,50.0,1,3,3,2,02,2,,,04,1947.0,1,09,04,03,04,02,01,1,0.6322008967399597,2.0
1792,G1L,17,01,1,2,3,2,3,3,4,1,3,1,1,99,,9.0,7.0,01,04,02,,2,,1,1,4,1,2,1,2,40.0,10.0,70.0,0.0,0.0,1,8,8,4,3,2,3,30.0,0.0,70.0,998.0,997.0,01,03,03,3,4,1,2,3,8,1,3,01,03,98,05,03,03,98,01,03,01,03,999.0,50.0,8,1,1,1,97,,2,,01,1942.0,2,07,99,07,05,02,01,1,1.1933574676513672,2.0
1793,J8Z,07,01,1,1,2,2,2,2,2,2,3,1,1,01,97,5.0,5.0,01,03,,03,2,,2,2,3,1,2,2,2,7.0,5.0,5.0,3.0,4.0,2,1,8,4,4,2,3,7.0,2.0,4.0,2.0,2.0,06,06,98,3,1,3,8,2,3,3,4,01,98,98,98,98,98,01,98,98,98,99,40.0,80.0,1,9,2,2,01,3,,,01,1961.0,2,10,99,02,04,02,01,1,1.5618207454681396,2.0
1794,H7E,13,01,1,1,2,2,2,3,3,2,2,2,1,03,02,7.0,7.0,01,03,01,,1,,2,2,3,1,2,1,2,45.0,75.0,85.0,997.0,997.0,1,2,2,2,2,2,2,25.0,45.0,60.0,997.0,997.0,03,03,03,3,3,1,8,2,2,3,3,03,03,98,05,98,03,03,03,03,03,03,80.0,70.0,8,8,2,2,02,2,,,04,1964.0,2,07,06,02,04,02,01,1,1.7230206727981567,2.0
1795,H1P,06,18,1,2,3,2,2,3,2,3,1,1,1,03,05,8.0,8.0,01,03,01,,1,,2,1,4,1,1,1,2,40.0,40.0,70.0,1.0,50.0,1,1,2,2,3,1,1,997.0,999.0,998.0,999.0,998.0,01,03,06,3,2,1,4,4,3,1,4,03,02,03,03,03,03,03,03,01,03,03,1.0,80.0,2,4,1,1,02,3,,,06,1944.0,1,04,04,01,05,02,01,1,0.6322008967399597,2.0
1796,J4L,16,05,1,2,2,2,3,3,4,2,2,3,2,,,6.0,8.0,01,03,,04,2,,2,2,3,2,9,8,2,50.0,50.0,50.0,20.0,20.0,1,8,1,4,4,2,2,50.0,30.0,50.0,20.0,997.0,06,98,98,3,3,1,4,2,2,3,3,98,98,98,98,98,03,98,98,98,98,98,50.0,80.0,1,3,8,2,97,,2,,03,1979.0,2,10,04,02,04,02,01,1,0.926587700843811,2.0
1797,G1H,03,07,2,2,2,3,2,1,4,2,1,4,1,99,,10.0,7.0,02,04,,02,2,,2,1,4,1,1,1,3,40.0,10.0,100.0,0.0,0.0,1,8,2,4,2,1,3,50.0,0.0,100.0,0.0,997.0,03,03,03,3,1,2,2,1,3,3,3,03,03,03,03,03,03,03,02,03,03,03,0.0,100.0,2,4,2,1,03,1,,,02,1967.0,1,07,10,01,05,02,01,1,0.6606233716011047,2.0
1798,G1V,03,10,3,3,2,3,8,8,2,8,8,8,1,02,03,7.0,5.0,01,04,,04,1,,2,2,3,1,2,1,3,10.0,90.0,997.0,997.0,997.0,1,8,1,1,2,2,3,0.0,998.0,998.0,997.0,997.0,98,98,98,2,2,1,8,2,8,2,3,02,02,02,02,02,02,02,02,02,02,02,60.0,85.0,1,2,2,2,02,2,,,04,1971.0,1,07,01,02,05,02,01,1,0.6606233716011047,2.0
1799,J4Z,16,96,2,3,3,2,2,1,1,1,2,3,1,99,,9.0,5.0,01,03,03,,2,,2,2,4,1,1,1,2,75.0,0.0,30.0,0.0,25.0,1,1,2,4,4,2,3,75.0,0.0,30.0,997.0,997.0,98,98,98,3,1,3,2,2,2,2,4,01,03,01,98,98,03,01,01,01,98,98,15.0,50.0,2,1,1,2,97,,2,,99,1936.0,1,04,99,11,01,01,01,2,0.7802807092666626,2.0
1800,H1G,06,01,1,1,2,1,2,2,2,1,1,4,1,02,05,2.0,6.0,01,03,,99,2,,1,2,4,2,1,1,3,40.0,25.0,15.0,998.0,40.0,1,1,1,4,3,2,1,20.0,998.0,5.0,997.0,997.0,01,02,98,3,4,1,3,2,2,1,2,01,02,98,05,02,02,02,02,01,98,98,60.0,80.0,8,8,4,3,01,3,,,06,1982.0,1,06,04,09,05,02,08,1,1.4359921216964722,2.0
1801,J6J,16,10,1,1,3,2,2,2,1,1,1,1,1,01,05,8.0,7.0,07,03,03,,2,,1,1,3,1,3,1,4,80.0,0.0,20.0,997.0,90.0,1,2,1,4,4,8,2,80.0,0.0,0.0,997.0,997.0,01,01,01,8,1,8,1,1,2,1,3,01,01,01,05,01,01,01,02,01,01,01,60.0,40.0,1,3,3,4,01,3,,,01,1984.0,2,08,05,09,04,01,01,1,1.330445408821106,2.0
1802,J0T,25,01,1,2,3,2,2,2,2,1,2,1,9,,,4.0,4.0,01,03,,05,1,,1,2,3,1,1,1,3,0.0,90.0,50.0,997.0,998.0,1,8,8,1,1,2,2,0.0,90.0,50.0,997.0,998.0,02,02,03,3,2,1,8,3,3,2,3,02,02,02,02,02,02,02,02,02,02,02,75.0,80.0,2,3,1,1,02,2,,,04,1954.0,2,06,99,06,05,02,01,1,1.5618207454681396,2.0
1803,G8Z,04,98,2,2,3,1,1,2,3,2,1,4,2,,,8.0,8.0,01,03,02,,2,,3,3,4,1,1,2,2,50.0,50.0,50.0,997.0,998.0,1,2,1,4,2,2,2,55.0,10.0,50.0,997.0,997.0,06,98,06,3,4,1,2,2,1,2,2,98,98,98,05,98,03,04,02,98,98,98,40.0,30.0,1,4,1,1,97,,2,,06,1978.0,2,08,08,01,05,02,01,1,1.1921813488006592,2.0
1804,J4L,16,99,1,2,1,2,9,2,9,1,1,1,1,02,03,5.0,2.0,03,02,03,,8,9,1,1,4,1,2,1,9,999.0,999.0,999.0,997.0,997.0,1,8,8,9,9,8,1,0.0,25.0,75.0,25.0,997.0,03,98,03,2,4,8,8,2,9,8,4,98,98,98,05,03,03,98,03,02,98,98,50.0,999.0,1,9,2,1,97,,2,,99,1945.0,2,05,02,03,01,02,01,1,0.40793442726135254,2.0
1805,999,06,98,1,1,1,1,2,3,2,1,1,2,1,02,04,8.0,5.0,01,03,02,,2,,3,2,3,1,2,1,2,50.0,70.0,60.0,90.0,997.0,8,2,1,2,8,1,3,0.0,60.0,30.0,80.0,998.0,98,04,04,2,3,1,3,3,2,2,4,98,98,98,05,04,04,98,04,04,98,04,70.0,60.0,8,4,2,4,04,1,,,04,1947.0,2,04,04,11,05,02,10,1,0.40793442726135254,2.0
1806,J2C,17,99,1,2,3,1,1,1,3,3,2,4,1,99,,5.0,5.0,01,03,,03,2,,2,3,3,2,2,2,2,75.0,10.0,50.0,997.0,997.0,8,2,1,1,1,1,3,998.0,0.0,55.0,997.0,997.0,01,03,03,3,1,8,3,1,3,1,4,01,01,01,03,98,03,01,01,03,01,03,0.0,75.0,2,3,2,1,99,,1,99,99,1943.0,1,07,99,03,04,02,01,1,0.7158807516098022,2.0
1807,H7L,13,98,4,4,1,4,4,2,1,4,2,4,1,96,03,10.0,0.0,98,,,96,1,,4,4,1,3,3,2,4,0.0,86.0,2.0,50.0,0.0,2,1,2,1,4,4,1,997.0,100.0,0.0,2.0,0.0,02,02,02,2,2,2,1,1,4,4,1,96,96,96,96,99,03,96,96,99,99,99,50.0,50.0,2,1,1,1,03,1,,,04,1981.0,1,10,09,02,01,02,01,1,1.4359921216964722,2.0
1808,H7W,13,98,1,1,1,1,2,1,2,1,1,3,2,,,0.0,6.0,01,03,03,,2,,2,2,2,1,1,1,2,50.0,40.0,50.0,35.0,0.0,8,2,1,4,4,2,2,60.0,45.0,50.0,998.0,998.0,01,06,03,2,4,1,8,8,8,2,3,03,01,03,98,98,03,02,01,98,98,01,998.0,50.0,2,2,1,1,01,2,,,01,1978.0,2,07,02,02,05,12,12,3,2.078787088394165,2.0
1809,J0L,26,98,2,2,3,2,1,2,3,3,2,2,1,03,01,10.0,10.0,01,02,03,,2,,4,3,3,1,2,1,2,60.0,0.0,100.0,0.0,0.0,1,2,1,4,3,1,3,60.0,0.0,100.0,0.0,997.0,03,98,03,3,1,1,3,2,8,2,4,03,03,03,03,03,03,03,03,03,03,03,20.0,80.0,8,8,2,1,03,1,,,02,1970.0,1,09,10,02,05,02,01,1,2.857621908187866,2.0
1810,G1V,03,96,1,1,3,2,1,2,1,2,3,4,1,02,04,10.0,7.0,01,04,01,,1,,4,3,2,2,3,1,3,60.0,75.0,55.0,80.0,70.0,1,2,1,2,3,2,3,55.0,75.0,80.0,85.0,75.0,02,04,03,1,2,1,4,2,1,1,2,01,02,02,05,04,03,02,02,02,01,03,60.0,75.0,1,3,3,2,02,1,,,04,1984.0,1,08,01,09,04,02,01,1,0.5101058483123779,2.0
1811,J4Z,16,96,2,1,1,1,2,1,1,2,2,2,1,01,97,8.0,9.0,03,08,,96,2,,2,1,4,1,2,1,3,50.0,0.0,40.0,997.0,997.0,1,2,1,2,2,3,3,50.0,0.0,40.0,998.0,997.0,06,03,03,3,1,1,4,4,3,3,2,98,98,98,98,98,98,01,01,01,98,98,0.0,50.0,2,4,1,1,01,3,,,01,1948.0,1,06,09,02,05,01,10,2,0.3431829512119293,2.0
1812,G0R,32,98,1,2,3,3,2,4,4,3,3,3,1,01,03,10.0,7.0,01,03,04,,2,,2,2,2,2,2,2,2,75.0,0.0,40.0,0.0,10.0,1,1,8,4,2,3,4,90.0,0.0,50.0,0.0,997.0,01,01,03,2,1,3,1,2,1,1,2,01,01,01,01,01,01,01,01,01,01,03,10.0,80.0,2,3,1,2,97,,1,01,02,1949.0,1,04,10,02,05,02,01,1,0.7158807516098022,2.0
1813,G6W,12,03,1,2,3,1,2,3,3,2,1,3,1,03,97,7.0,7.0,01,03,,04,2,,1,2,3,1,2,1,2,2.0,4.0,8.0,6.0,6.0,1,9,1,4,3,1,3,5.0,4.0,8.0,997.0,997.0,01,99,03,3,3,1,4,1,2,3,4,98,03,03,02,03,03,02,02,03,99,03,75.0,50.0,1,4,1,1,03,1,,,02,1958.0,2,07,04,02,05,02,01,1,0.38143667578697205,2.0
1814,G0K,01,01,1,2,1,2,3,3,3,2,2,3,1,03,02,5.0,5.0,01,03,02,,2,,2,1,4,1,2,1,3,998.0,50.0,50.0,997.0,998.0,1,2,1,3,4,2,2,20.0,998.0,80.0,997.0,997.0,06,06,03,2,4,8,8,8,8,8,4,98,03,03,05,03,03,03,98,03,98,03,0.0,60.0,8,8,2,1,03,2,,,04,1949.0,2,04,02,03,04,02,01,1,0.39110317826271057,2.0
1815,J7C,15,08,2,1,2,1,1,2,2,1,1,3,1,05,04,10.0,8.0,04,01,,05,1,,2,2,2,1,2,1,3,20.0,40.0,30.0,80.0,90.0,1,2,1,3,8,2,1,10.0,30.0,20.0,80.0,50.0,98,05,04,3,3,1,3,2,2,2,3,98,04,98,05,04,04,04,04,98,98,04,50.0,50.0,1,4,3,2,04,2,,,04,1982.0,2,09,10,09,05,02,01,1,0.926587700843811,2.0
1816,G8T,04,08,2,2,3,1,3,3,3,2,1,3,1,03,05,7.0,4.0,01,07,02,,1,,3,2,2,1,2,2,2,25.0,35.0,80.0,45.0,75.0,1,2,1,2,1,1,3,25.0,45.0,85.0,50.0,997.0,03,03,03,2,2,1,2,2,2,2,3,03,03,03,05,03,03,03,02,03,03,03,50.0,75.0,1,3,2,2,03,2,,,06,1979.0,2,07,02,04,05,02,01,1,1.1921813488006592,2.0
1817,G6W,12,18,1,2,3,2,1,1,2,3,2,3,1,03,01,10.0,7.0,04,01,,02,2,,4,2,3,1,2,1,3,70.0,40.0,90.0,10.0,0.0,1,2,1,4,2,2,2,40.0,15.0,95.0,20.0,10.0,03,03,03,3,1,1,3,1,2,3,4,03,03,04,05,04,03,02,02,03,03,03,0.0,90.0,1,3,2,1,03,2,,,02,1967.0,2,07,07,02,04,02,01,1,0.5570399761199951,2.0
1818,J0P,16,10,2,1,3,3,3,1,2,3,3,3,1,01,03,8.0,7.0,03,07,,02,2,,3,2,3,1,2,8,2,80.0,20.0,60.0,997.0,997.0,1,8,2,4,3,2,3,70.0,30.0,30.0,997.0,997.0,01,02,03,3,1,2,4,1,2,2,2,01,01,01,05,98,98,02,02,98,03,01,60.0,80.0,1,4,2,1,01,2,,,02,1983.0,2,08,09,02,04,02,01,1,1.330445408821106,2.0
1819,J9Z,08,98,2,3,3,2,2,2,2,2,2,2,1,99,,6.0,6.0,01,08,02,,8,8,1,2,3,1,2,2,2,30.0,80.0,80.0,20.0,998.0,1,1,1,8,4,4,2,40.0,60.0,60.0,997.0,998.0,03,03,03,3,4,3,2,2,2,4,2,03,03,98,03,02,03,03,03,02,98,03,92.0,75.0,2,2,2,1,02,3,,,04,1980.0,2,05,99,02,04,02,01,1,1.2265689373016357,2.0
1820,H9J,06,01,1,1,2,2,3,2,2,2,2,8,1,01,97,7.0,4.0,03,01,,02,2,,3,2,2,2,8,2,3,50.0,0.0,998.0,0.0,998.0,2,2,1,1,8,1,3,70.0,998.0,998.0,997.0,997.0,01,98,06,8,1,1,8,1,1,1,4,01,01,01,01,98,01,02,02,98,98,01,25.0,998.0,1,2,1,2,01,3,,,01,1949.0,2,07,08,02,04,01,01,2,0.22144199907779694,2.0
1821,J4J,16,09,2,2,3,2,3,2,3,3,4,4,1,03,05,8.0,5.0,01,04,,04,1,,1,1,4,1,2,1,4,0.0,50.0,50.0,0.0,0.0,1,2,1,3,3,1,2,10.0,60.0,50.0,997.0,997.0,03,03,03,3,2,1,4,2,2,2,1,02,03,97,97,97,03,02,02,02,97,97,50.0,100.0,1,3,1,1,02,2,,,04,1941.0,1,08,05,11,05,02,01,1,1.4374099969863892,2.0
1822,J3L,16,16,2,4,4,3,4,4,4,3,3,4,1,01,03,1.0,1.0,03,02,,01,2,,1,1,3,1,1,1,2,25.0,0.0,10.0,997.0,997.0,2,1,2,4,2,3,3,2.0,0.0,15.0,997.0,997.0,03,03,03,2,1,1,4,4,2,3,2,97,03,97,97,01,01,01,03,03,97,97,0.0,100.0,2,2,2,3,97,,2,,01,1940.0,1,07,03,01,04,02,01,1,1.4374099969863892,2.0
1823,J9H,07,01,1,1,1,1,1,2,3,1,2,2,2,,,10.0,10.0,03,01,04,,2,,1,1,3,2,3,1,3,60.0,30.0,0.0,0.0,80.0,1,2,1,4,2,1,2,60.0,30.0,0.0,997.0,998.0,01,01,98,1,1,1,4,4,1,2,4,01,01,01,01,01,01,01,01,01,01,01,60.0,60.0,8,8,2,2,01,2,,,01,1947.0,1,10,99,03,04,01,01,2,0.36726078391075134,2.0
1824,G6W,33,16,2,2,3,1,3,3,8,3,3,4,1,03,05,8.0,4.0,03,01,02,,2,,1,2,3,2,2,2,2,60.0,0.0,75.0,997.0,75.0,2,2,1,4,8,2,2,60.0,0.0,75.0,0.0,60.0,98,05,03,3,1,3,4,2,2,3,4,98,03,03,05,03,03,03,03,03,98,03,10.0,75.0,1,4,2,2,97,,2,,03,1973.0,2,10,09,02,04,02,01,1,1.1921813488006592,2.0
1825,J7R,15,01,1,1,1,1,2,2,3,1,1,2,9,,,5.0,5.0,01,06,02,,2,,2,2,3,2,2,1,2,25.0,25.0,80.0,998.0,50.0,1,2,1,4,3,2,3,10.0,10.0,60.0,997.0,997.0,03,03,03,3,1,1,3,1,1,1,3,03,03,03,05,03,03,02,02,03,01,03,50.0,50.0,1,2,2,2,97,,1,03,04,1961.0,2,07,01,07,04,02,01,1,1.1798489093780518,2.0
1826,J8T,07,09,1,2,2,3,1,3,2,2,1,2,1,01,03,10.0,10.0,01,04,,02,2,,1,1,3,1,2,1,3,40.0,0.0,25.0,2.0,1.0,1,8,2,4,3,1,2,0.0,0.0,5.0,0.0,997.0,06,06,06,3,1,1,4,3,3,3,4,97,01,01,98,98,03,01,03,01,98,03,20.0,50.0,2,1,1,2,01,2,,,02,1946.0,2,07,02,03,02,02,01,1,0.5400015711784363,2.0
1827,J0L,16,98,2,2,2,2,3,4,2,2,3,3,1,02,97,7.0,5.0,01,06,03,,1,,1,1,3,1,2,8,3,50.0,70.0,70.0,997.0,997.0,8,2,1,2,8,9,3,50.0,70.0,70.0,997.0,997.0,02,02,02,3,2,1,3,8,8,8,4,02,02,02,02,02,03,02,02,02,02,02,50.0,90.0,8,9,2,2,02,9,,,04,1961.0,2,04,02,02,05,02,01,1,1.1798489093780518,2.0
1828,G6X,12,98,2,8,8,8,2,8,2,3,2,2,1,02,03,5.0,0.0,02,07,,03,8,8,2,2,8,1,2,1,8,0.0,50.0,50.0,997.0,997.0,1,8,8,4,8,8,2,0.0,50.0,50.0,997.0,997.0,02,02,03,3,8,1,8,3,2,2,3,02,98,98,98,98,02,02,02,02,98,02,50.0,75.0,1,3,2,2,02,8,,,01,1963.0,2,05,03,10,05,02,01,1,0.5570399761199951,2.0
1829,J1G,05,98,1,1,2,2,9,2,8,1,1,2,1,99,,5.0,5.0,01,07,02,,8,8,2,3,3,2,2,8,2,999.0,998.0,998.0,998.0,998.0,1,9,2,8,3,2,2,998.0,998.0,998.0,998.0,998.0,98,98,98,3,3,8,2,8,2,2,3,99,98,98,98,98,98,98,99,98,99,98,998.0,98.0,8,1,1,9,98,,1,99,99,1968.0,2,04,02,10,04,02,01,1,2.216895818710327,2.0
1830,G4A,09,01,1,1,4,3,1,3,2,3,1,2,1,01,97,10.0,3.0,01,02,02,,2,,1,1,4,1,1,1,2,60.0,0.0,0.0,50.0,10.0,2,2,1,1,1,2,3,80.0,1.0,60.0,997.0,997.0,01,01,01,1,3,1,1,4,1,1,4,01,98,03,98,98,03,01,01,98,01,03,10.0,50.0,2,2,1,1,01,3,,,02,1945.0,1,06,03,11,01,02,01,1,0.8468688726425171,2.0
1831,M4X,06,06,2,1,3,1,3,2,1,4,2,2,1,01,05,6.0,7.0,01,03,03,,2,,1,1,4,1,1,1,3,75.0,35.0,30.0,15.0,85.0,1,2,1,4,2,4,2,70.0,50.0,35.0,15.0,997.0,01,01,01,1,1,1,4,1,2,1,4,05,01,01,05,04,02,02,02,01,01,01,78.0,80.0,1,2,1,4,01,2,,,01,1983.0,1,09,01,05,05,01,09,2,1.119264006614685,2.0
1832,G7A,12,98,1,1,3,1,2,2,1,1,1,3,1,02,05,10.0,8.0,01,04,01,,1,,3,2,3,1,2,8,2,0.0,100.0,50.0,80.0,90.0,2,1,8,1,3,1,4,0.0,80.0,50.0,90.0,90.0,02,02,04,3,2,1,3,4,1,2,2,04,02,02,05,02,02,02,02,02,02,02,70.0,70.0,1,8,2,3,02,1,,,04,1986.0,2,07,01,05,04,02,01,1,0.4301224946975708,2.0
1833,G0C,11,98,1,1,1,1,2,1,2,1,1,1,9,,,7.0,5.0,01,03,,02,2,,2,2,3,8,2,8,8,50.0,50.0,998.0,998.0,998.0,1,8,8,8,8,1,8,40.0,50.0,40.0,997.0,997.0,98,98,98,1,8,8,8,8,2,1,4,98,98,98,98,98,98,98,98,01,98,98,20.0,60.0,2,8,1,8,98,,8,,01,1963.0,2,05,02,02,04,02,01,1,1.6519296169281006,2.0
1834,H7K,13,96,1,2,2,3,1,2,2,2,2,2,1,03,97,8.0,7.0,01,03,,03,1,,2,1,3,1,2,1,2,40.0,10.0,70.0,0.0,0.0,2,1,8,4,2,1,2,0.0,0.0,70.0,0.0,0.0,03,03,03,2,3,1,4,2,2,3,3,03,03,03,98,03,03,03,03,03,03,03,30.0,50.0,2,8,2,2,97,,2,,02,9999.0,1,07,08,02,05,02,01,1,1.4374099969863892,2.0
1835,H2G,06,06,2,1,2,1,3,3,1,1,1,4,1,04,02,8.0,7.0,01,07,01,,1,,3,3,3,1,2,8,2,40.0,80.0,60.0,90.0,60.0,2,9,9,2,8,3,3,40.0,80.0,60.0,90.0,60.0,04,04,04,8,2,1,8,4,3,3,4,04,04,04,04,04,04,04,04,04,98,04,998.0,50.0,1,3,2,2,04,1,,,04,1986.0,2,08,01,05,04,02,01,1,1.330445408821106,2.0
1836,J6E,24,99,1,1,2,2,2,3,3,2,2,2,1,99,,7.0,10.0,03,01,02,,2,,3,2,3,2,8,8,2,999.0,999.0,999.0,999.0,999.0,2,2,1,4,2,2,3,999.0,999.0,999.0,999.0,999.0,99,98,03,3,1,1,8,2,2,2,2,01,98,98,05,04,03,98,98,98,01,98,60.0,75.0,8,3,8,2,99,,1,99,99,1946.0,2,10,99,02,04,02,01,1,0.5400015711784363,2.0
1837,G1H,03,15,3,1,2,2,1,3,3,2,2,2,1,99,,10.0,10.0,03,02,,03,9,,2,2,2,1,2,9,2,60.0,70.0,70.0,999.0,50.0,1,8,1,3,2,2,9,999.0,998.0,999.0,999.0,999.0,99,03,03,3,9,1,4,9,1,1,3,98,98,01,05,04,03,02,99,98,03,98,50.0,80.0,9,2,2,9,99,,1,99,99,1944.0,1,10,06,03,99,02,01,1,0.15640604496002197,2.0
1838,J0W,07,02,4,2,4,2,1,4,1,1,2,1,1,02,04,6.0,6.0,03,01,,05,1,,2,2,2,1,2,2,2,20.0,80.0,10.0,40.0,997.0,2,2,1,3,1,3,4,35.0,45.0,40.0,50.0,10.0,06,07,03,3,2,1,4,3,2,2,4,98,02,02,02,04,02,02,02,02,03,04,50.0,50.0,1,4,3,2,02,1,,,04,1945.0,1,09,06,03,05,02,01,1,0.6765576601028442,2.0
1839,J9X,08,98,2,2,3,2,2,3,4,1,1,2,1,02,03,9.0,4.0,01,03,02,,8,2,2,1,4,1,2,1,3,30.0,65.0,95.0,97.0,90.0,1,2,1,3,3,2,2,45.0,82.0,90.0,96.0,92.0,05,04,03,3,3,1,3,2,2,3,4,04,04,03,05,04,03,04,04,04,03,03,90.0,80.0,8,4,1,1,04,2,,,04,1943.0,2,09,05,03,05,02,01,1,0.5400015711784363,2.0
1840,G3B,03,07,2,2,4,2,3,4,4,4,1,4,1,03,97,10.0,8.0,03,01,,04,8,8,2,2,3,1,2,8,2,50.0,25.0,80.0,0.0,10.0,1,1,1,4,3,4,4,50.0,0.0,80.0,0.0,0.0,03,03,03,3,3,1,4,2,1,1,2,03,01,03,05,03,03,03,98,03,03,03,25.0,998.0,8,4,1,2,97,,2,,02,1965.0,1,09,07,02,05,02,01,1,0.6606233716011047,2.0
1841,G6Z,12,03,1,1,1,1,2,3,2,1,1,2,1,03,02,10.0,10.0,01,03,02,,1,,3,1,3,1,2,9,2,999.0,999.0,80.0,998.0,998.0,1,2,1,2,3,2,9,999.0,50.0,80.0,997.0,997.0,99,03,03,3,3,1,4,2,2,2,1,98,02,03,05,04,03,03,02,03,98,03,999.0,999.0,1,3,2,2,99,,1,03,02,1947.0,2,07,02,03,04,02,01,1,0.13188232481479645,2.0
1842,J5A,16,01,1,1,2,1,2,2,2,2,3,1,1,02,05,9.0,8.0,01,02,,04,1,,1,1,4,1,1,1,3,0.0,85.0,60.0,997.0,50.0,1,1,8,1,2,1,2,30.0,50.0,30.0,997.0,997.0,02,98,02,3,2,1,9,3,3,3,4,98,02,03,05,02,03,02,02,02,98,02,95.0,95.0,8,4,4,1,02,2,,,04,1981.0,2,07,10,02,04,02,01,1,0.926587700843811,2.0
1843,J7R,15,12,1,1,2,2,2,3,1,2,1,3,1,99,,10.0,10.0,01,06,,03,2,,2,2,2,2,2,2,2,50.0,0.0,50.0,10.0,10.0,1,1,1,4,4,1,2,50.0,0.0,50.0,997.0,997.0,01,01,03,3,1,1,4,3,4,2,4,01,01,01,01,03,03,01,03,03,01,03,15.0,50.0,1,2,1,2,99,,2,,01,1944.0,2,08,03,03,04,02,01,1,0.40793442726135254,2.0
1844,J2S,26,15,1,1,2,1,2,4,2,3,2,2,1,03,02,8.0,8.0,01,02,02,,1,,2,2,3,1,3,1,1,60.0,70.0,80.0,50.0,55.0,8,1,8,3,3,2,3,50.0,70.0,85.0,75.0,60.0,07,07,04,2,3,1,4,2,1,1,3,03,02,03,05,04,02,02,02,03,03,04,75.0,80.0,1,8,2,1,02,2,,,04,1977.0,1,06,07,02,05,02,01,1,1.5367439985275269,2.0
1845,G2L,03,98,1,1,2,4,3,2,4,4,4,1,1,03,97,7.0,6.0,01,02,03,,2,,1,3,4,1,1,1,3,9.0,0.0,100.0,0.0,0.0,1,2,1,4,8,4,3,0.0,0.0,100.0,997.0,997.0,03,03,03,3,4,8,4,1,4,1,4,03,03,03,03,03,03,03,03,03,03,03,0.0,60.0,8,4,4,1,03,2,,,06,1986.0,1,07,05,02,05,02,01,1,0.5101058483123779,2.0
1846,G6V,12,02,2,2,2,2,2,3,4,2,2,2,1,99,,8.0,8.0,01,04,,02,2,,3,2,3,1,2,1,2,8.0,0.0,5.0,0.0,0.0,2,2,2,4,4,2,2,8.0,0.0,6.0,4.0,4.0,01,01,03,3,1,3,3,2,2,2,3,01,01,01,01,01,01,01,01,01,01,01,50.0,75.0,2,3,1,2,01,2,,,02,1947.0,1,05,03,04,05,02,01,1,0.15640604496002197,2.0
1847,H1K,06,98,2,2,4,2,1,1,2,3,3,3,9,,,2.0,2.0,01,02,02,,1,,1,1,4,1,1,1,4,0.0,50.0,50.0,30.0,0.0,8,2,8,3,4,8,3,0.0,50.0,50.0,997.0,997.0,03,03,02,2,4,1,2,3,3,3,4,03,03,03,03,03,03,02,02,02,02,97,0.0,30.0,2,4,3,1,97,,2,,99,1968.0,2,06,04,04,05,02,01,1,1.7230206727981567,2.0
1848,J2B,17,96,2,3,2,2,3,3,2,2,2,2,1,03,02,6.0,3.0,01,03,02,,2,,1,1,3,1,2,1,2,20.0,60.0,60.0,30.0,40.0,1,2,1,3,4,2,3,20.0,30.0,70.0,30.0,10.0,03,03,04,3,3,1,4,2,2,2,3,03,98,98,05,04,03,02,02,03,03,04,20.0,30.0,1,3,2,1,03,2,,,03,1949.0,1,06,04,03,05,02,01,1,0.7158807516098022,2.0
1849,G6V,12,01,1,1,2,2,2,1,3,1,1,3,1,03,97,10.0,5.0,01,03,,04,2,,2,2,3,2,2,2,2,10.0,50.0,95.0,997.0,997.0,1,2,1,3,2,2,3,55.0,50.0,95.0,997.0,997.0,03,03,03,2,3,1,2,1,3,3,3,03,03,03,05,03,03,02,02,03,03,03,0.0,55.0,1,3,1,1,03,1,,,02,1976.0,2,06,05,10,05,02,01,1,0.29955968260765076,2.0
1850,J0T,25,05,1,1,2,1,1,2,1,2,2,2,1,01,97,10.0,7.0,03,02,,02,2,,4,3,3,2,3,9,3,75.0,0.0,60.0,997.0,50.0,2,1,1,4,2,2,4,75.0,20.0,50.0,997.0,998.0,01,01,98,3,1,2,3,2,1,3,2,01,01,01,05,01,01,01,01,01,01,01,80.0,80.0,1,4,4,4,01,2,,,01,1934.0,2,08,99,03,05,01,01,2,0.6664856672286987,2.0
1851,H3X,06,10,2,1,2,1,2,3,1,3,2,2,1,01,97,10.0,7.0,04,03,,03,2,,2,2,2,2,2,8,2,80.0,25.0,30.0,0.0,60.0,2,1,2,4,3,2,3,70.0,50.0,60.0,997.0,997.0,01,03,98,3,1,3,4,4,2,1,3,01,02,98,05,01,01,96,98,01,98,01,60.0,60.0,1,2,4,3,01,3,,,03,1977.0,2,08,01,05,04,01,01,7,0.5029883980751038,2.0
1852,G7B,02,03,2,2,3,3,4,4,4,2,2,4,1,01,03,10.0,10.0,01,03,04,,2,,1,1,4,1,2,1,2,75.0,0.0,10.0,5.0,0.0,1,2,1,4,4,2,3,75.0,5.0,10.0,10.0,0.0,01,06,06,1,1,1,2,2,3,2,3,01,01,01,01,01,01,01,01,01,01,01,10.0,25.0,1,2,2,2,01,2,,,02,1948.0,2,07,06,03,03,02,01,1,0.39110317826271057,2.0
1853,J8H,25,99,1,1,3,2,2,3,2,3,2,4,1,03,98,9.0,7.0,01,02,,02,8,8,3,2,2,2,2,2,2,40.0,25.0,70.0,997.0,997.0,1,2,1,4,2,1,3,50.0,50.0,90.0,997.0,997.0,03,98,03,3,1,2,4,2,2,1,3,03,03,98,98,98,03,98,03,03,98,03,40.0,50.0,8,9,2,2,03,2,,,02,1960.0,1,06,10,02,04,02,01,1,1.956773042678833,2.0
1854,G1J,03,18,1,2,2,1,1,3,1,2,1,2,1,02,05,10.0,10.0,02,01,01,,1,,3,3,3,1,2,1,2,80.0,95.0,0.0,0.0,80.0,1,2,1,3,3,2,4,40.0,60.0,80.0,60.0,80.0,02,02,03,2,2,1,4,4,2,3,2,02,02,02,02,02,03,02,02,02,02,02,80.0,80.0,1,4,2,2,02,1,,,04,1980.0,2,07,05,06,05,02,01,1,0.29955968260765076,2.0
1855,H3C,06,98,2,2,2,1,1,3,1,2,2,2,2,,,7.0,7.0,04,01,,02,2,,2,2,2,2,1,1,2,60.0,40.0,50.0,20.0,997.0,2,1,8,4,2,1,3,60.0,10.0,60.0,997.0,997.0,01,03,03,1,1,3,4,2,3,2,3,01,01,01,05,04,03,02,02,01,01,01,30.0,60.0,1,4,3,2,01,3,,,03,1982.0,1,09,08,02,05,01,01,2,0.7795112729072571,2.0
1856,G8Z,04,03,1,1,1,1,2,2,2,1,1,3,1,02,03,10.0,10.0,01,03,02,,1,,3,3,2,2,2,2,2,30.0,30.0,40.0,0.0,0.0,1,2,1,4,3,2,2,30.0,30.0,40.0,0.0,0.0,01,03,03,3,3,1,4,2,2,2,2,98,02,98,98,03,03,98,02,98,98,03,30.0,60.0,1,3,3,1,97,,8,,04,1963.0,1,07,01,02,05,02,01,1,3.0237174034118652,2.0
1857,J1H,05,16,2,2,2,8,2,4,2,3,3,2,1,99,,10.0,7.0,01,08,02,,1,,1,1,4,1,1,2,3,20.0,75.0,90.0,997.0,40.0,8,8,1,3,1,2,3,999.0,90.0,90.0,997.0,997.0,98,03,03,3,2,1,4,1,3,3,4,03,03,03,02,03,03,03,03,03,03,03,0.0,100.0,1,1,1,1,03,1,,,01,1971.0,1,07,05,04,04,02,01,1,3.0237174034118652,2.0
1858,J2W,26,98,2,2,3,2,2,3,3,3,3,2,1,03,01,5.0,5.0,01,03,02,,8,8,2,1,3,1,2,1,2,75.0,50.0,75.0,20.0,50.0,1,1,8,4,2,2,2,50.0,40.0,75.0,997.0,997.0,01,03,03,3,3,1,4,1,2,1,2,98,98,98,05,04,03,02,02,03,03,03,40.0,40.0,8,2,8,1,97,,1,03,02,1949.0,1,07,06,02,05,02,01,1,0.6765576601028442,2.0
1859,H2X,06,99,1,3,2,1,2,1,2,2,1,3,1,05,02,5.0,3.0,06,01,01,,1,,2,2,4,1,2,1,1,50.0,60.0,0.0,30.0,75.0,8,2,1,8,8,3,2,40.0,35.0,0.0,997.0,50.0,01,05,02,3,2,1,8,4,3,3,4,98,98,98,05,98,01,02,02,98,98,97,998.0,50.0,1,4,3,1,02,2,,,04,1979.0,2,08,03,02,05,02,01,1,0.926587700843811,2.0
1860,H4G,06,01,1,2,4,8,2,4,4,4,2,4,1,03,96,10.0,10.0,01,09,,03,2,,1,2,3,2,3,9,2,45.0,15.0,75.0,0.0,20.0,1,1,1,1,3,1,3,50.0,10.0,90.0,1.0,997.0,03,01,02,3,3,1,4,2,2,4,1,03,02,03,05,03,03,02,02,03,03,01,999.0,100.0,1,1,1,2,03,1,,,04,1982.0,2,09,07,05,05,02,01,1,0.926587700843811,2.0
1861,J7E,24,10,2,2,3,1,2,4,1,3,2,2,1,02,03,8.0,8.0,03,01,01,,1,,3,3,2,2,3,2,2,0.0,90.0,10.0,70.0,80.0,1,1,2,3,3,2,3,0.0,60.0,40.0,80.0,997.0,02,04,04,2,2,1,4,2,2,3,3,01,02,02,05,04,02,02,02,02,03,04,70.0,70.0,1,4,2,3,02,1,,,04,1943.0,2,09,09,01,05,02,10,1,0.5400015711784363,2.0
1862,G1W,03,05,2,1,3,1,2,3,2,3,2,2,1,03,02,10.0,8.0,01,02,,03,1,,2,2,3,1,2,2,2,50.0,60.0,70.0,30.0,50.0,1,2,1,3,4,3,2,70.0,60.0,70.0,20.0,50.0,01,03,03,3,3,1,4,3,3,2,3,02,02,01,05,04,03,02,03,03,03,03,30.0,40.0,1,3,2,2,03,2,,,02,1980.0,1,09,07,02,05,02,01,1,0.3552634119987488,2.0
1863,J7Z,25,16,2,2,2,1,2,2,2,2,2,9,1,99,,8.0,7.0,01,03,,03,9,,1,1,4,1,2,9,3,999.0,999.0,999.0,999.0,999.0,1,9,8,9,8,9,9,999.0,999.0,999.0,997.0,999.0,99,99,03,3,9,9,9,3,2,8,3,99,99,99,99,99,99,99,99,99,99,99,999.0,999.0,8,9,9,1,99,,1,99,99,1957.0,2,99,03,02,99,02,01,1,1.5618207454681396,2.0
1864,J6E,24,08,1,2,3,1,3,4,2,2,2,4,1,97,05,7.0,3.0,02,01,01,,1,,2,2,3,2,2,1,3,55.0,40.0,30.0,40.0,60.0,1,2,1,2,2,2,3,30.0,50.0,50.0,70.0,997.0,98,04,98,3,2,1,3,3,2,2,3,98,98,98,05,03,98,02,02,98,98,98,40.0,50.0,1,4,3,3,02,3,,,07,1948.0,2,10,04,03,05,02,01,1,0.5400015711784363,2.0
1865,J3Y,16,98,2,2,3,1,3,2,2,2,3,3,1,05,02,4.0,6.0,01,03,02,,8,2,2,1,4,1,2,1,2,5.0,75.0,70.0,60.0,90.0,1,2,1,4,2,8,2,5.0,60.0,75.0,60.0,80.0,98,05,03,3,4,1,4,3,3,3,1,98,03,98,05,04,03,02,02,02,98,03,50.0,75.0,1,4,4,3,02,3,,,04,1977.0,2,07,99,02,05,02,01,1,0.926587700843811,2.0
1866,G1J,03,09,2,2,4,3,2,2,3,2,3,4,1,02,03,6.0,6.0,03,01,01,,3,,1,2,3,2,2,1,3,80.0,90.0,80.0,50.0,50.0,1,1,2,2,2,3,2,0.0,80.0,65.0,50.0,998.0,02,02,03,2,3,1,3,2,4,3,2,02,02,03,05,04,04,02,02,04,02,03,50.0,50.0,1,4,2,1,02,2,,,04,1971.0,2,07,99,01,05,02,01,1,0.5570399761199951,2.0
1867,G1H,03,98,1,1,2,2,1,1,3,2,2,2,1,99,,1.0,3.0,04,03,04,,2,,1,1,3,1,1,1,3,50.0,0.0,10.0,997.0,25.0,2,2,8,4,4,2,2,25.0,0.0,5.0,997.0,10.0,06,06,06,2,1,3,4,4,1,3,4,96,97,97,05,97,97,97,97,97,01,97,0.0,50.0,8,2,2,3,99,,1,01,99,1956.0,2,09,99,06,05,01,01,2,0.20705832540988922,2.0
1868,H3W,06,98,2,2,2,2,8,3,2,2,2,1,1,03,02,6.0,6.0,01,04,01,,1,,2,2,4,1,1,2,2,20.0,40.0,90.0,70.0,20.0,8,2,1,3,8,1,3,998.0,10.0,90.0,80.0,997.0,03,03,03,8,2,1,8,2,2,2,3,98,02,98,03,03,03,02,02,02,98,03,50.0,50.0,8,2,2,1,02,2,,,04,1947.0,2,09,99,03,04,02,01,1,0.40793442726135254,2.0
1869,G0S,32,98,1,2,2,3,2,2,3,3,2,2,1,03,97,8.0,7.0,01,03,,02,2,,2,2,3,1,2,8,3,50.0,0.0,90.0,997.0,998.0,8,8,8,4,8,8,2,50.0,0.0,90.0,997.0,998.0,03,03,03,3,1,3,2,1,3,3,3,03,03,03,03,03,03,03,03,03,03,03,60.0,100.0,1,3,2,2,03,2,,,02,1977.0,2,07,07,02,05,02,01,1,1.1921813488006592,2.0
1870,G8Y,04,07,1,2,2,1,2,1,3,2,1,2,1,03,02,8.0,6.0,07,06,,03,8,8,3,8,3,2,2,8,2,30.0,90.0,90.0,90.0,998.0,8,8,8,3,8,2,3,0.0,50.0,80.0,85.0,998.0,03,04,03,3,3,1,8,2,2,2,3,98,03,98,05,98,03,02,04,03,98,03,60.0,60.0,1,3,2,8,03,2,,,02,1977.0,2,08,09,02,05,02,01,1,1.1921813488006592,2.0
1871,J4R,26,13,2,2,2,4,4,1,4,3,3,4,1,01,97,0.0,9.0,03,01,05,,2,,4,4,2,2,3,2,1,25.0,10.0,15.0,0.0,10.0,2,2,2,4,3,4,3,65.0,15.0,75.0,1.0,1.0,01,01,03,2,1,3,4,4,1,1,3,01,01,01,01,01,01,01,01,01,97,01,80.0,80.0,1,4,4,4,97,,1,01,01,1969.0,1,10,06,02,05,01,01,2,1.5512259006500244,2.0
1872,H8S,06,08,2,2,3,1,3,3,3,3,3,4,1,05,97,7.0,7.0,03,02,96,,3,,4,2,3,2,3,2,2,40.0,40.0,33.0,10.0,60.0,1,9,1,4,3,9,3,30.0,30.0,15.0,15.0,50.0,99,05,05,2,4,9,4,4,2,2,3,01,02,98,05,98,98,98,98,98,01,98,60.0,60.0,1,9,9,8,05,2,,,07,1967.0,1,07,08,02,05,02,01,1,2.670271873474121,2.0
1873,H1T,06,01,1,2,2,1,2,3,1,1,2,2,1,04,02,10.0,7.0,02,03,02,,1,,1,2,3,1,3,2,3,0.0,80.0,6.0,100.0,7.0,1,2,1,1,2,1,3,0.0,20.0,20.0,100.0,70.0,04,04,04,2,2,1,3,3,1,2,4,04,04,03,05,04,04,02,04,04,02,04,100.0,80.0,2,2,2,1,02,1,,,04,1949.0,2,07,03,02,05,02,01,1,0.40793442726135254,2.0
1874,H3S,06,98,1,3,3,1,4,3,3,3,4,2,1,01,03,7.0,7.0,01,03,,02,2,,8,2,3,2,1,8,2,75.0,0.0,72.0,0.0,88.0,8,8,8,4,8,2,3,74.0,8.0,72.0,78.0,71.0,03,03,03,3,1,8,2,8,2,8,8,01,98,98,01,01,98,98,98,01,98,98,0.0,71.0,1,4,8,1,01,2,,,01,1961.0,2,07,02,02,05,01,09,2,0.6404670476913452,2.0
1875,G1W,03,98,2,1,3,1,2,3,2,3,2,3,1,02,05,5.0,4.0,04,07,,04,2,,2,2,3,1,8,8,3,50.0,90.0,50.0,997.0,85.0,1,2,1,3,8,2,2,50.0,50.0,50.0,50.0,50.0,01,98,98,8,3,8,4,2,8,8,8,02,02,98,05,98,02,98,98,98,98,02,50.0,70.0,1,3,3,2,97,,2,,06,1986.0,2,07,01,02,05,02,01,1,0.4301224946975708,2.0
1876,J6W,14,02,2,1,2,1,2,4,4,3,3,2,1,03,02,8.0,5.0,01,07,,05,1,,1,1,4,1,1,1,4,0.0,80.0,80.0,997.0,90.0,1,2,1,2,1,3,1,0.0,90.0,95.0,997.0,997.0,06,06,03,2,2,1,4,4,4,3,4,04,97,03,05,97,03,02,02,03,97,03,50.0,60.0,1,3,1,1,02,2,,,04,1975.0,2,07,99,02,04,02,01,1,0.926587700843811,2.0
1877,G7A,12,96,1,2,4,4,2,3,1,3,3,2,1,03,01,10.0,8.0,01,02,,02,2,,1,2,3,1,1,1,2,75.0,0.0,90.0,0.0,10.0,1,2,1,4,2,1,2,75.0,0.0,90.0,0.0,0.0,01,03,03,2,1,3,1,1,3,3,8,03,03,03,01,03,03,03,03,03,03,03,0.0,80.0,2,2,1,1,03,1,,,02,1948.0,2,07,99,03,01,02,01,1,0.13188232481479645,2.0
1878,H4L,06,96,2,2,3,2,2,3,2,2,2,2,1,01,03,6.0,7.0,01,03,,02,2,,3,3,2,2,8,2,2,70.0,0.0,30.0,0.0,998.0,1,2,8,1,8,2,3,60.0,0.0,40.0,997.0,997.0,01,03,03,1,1,1,3,1,2,2,2,01,01,01,98,03,01,01,01,01,01,01,0.0,50.0,1,8,2,1,01,2,,,01,1940.0,2,07,99,11,04,02,01,1,0.9275031685829163,2.0
1879,G2M,03,06,1,1,3,3,3,3,1,2,3,3,1,02,04,10.0,10.0,03,01,02,,1,,2,2,2,3,2,2,2,50.0,90.0,10.0,80.0,60.0,2,1,1,2,2,2,4,30.0,80.0,5.0,75.0,60.0,02,02,02,3,2,1,4,4,2,2,4,02,02,02,05,02,02,02,02,02,02,02,90.0,40.0,1,4,3,2,02,1,,,04,1951.0,2,10,06,03,05,02,01,1,0.13188232481479645,2.0
1880,J2L,05,09,1,3,3,1,3,4,1,4,2,3,1,01,03,10.0,5.0,01,03,03,,2,,2,3,4,1,2,1,4,75.0,0.0,75.0,0.0,0.0,1,1,2,1,3,1,4,20.0,0.0,30.0,5.0,5.0,01,06,98,2,1,8,4,4,2,3,4,97,96,01,97,03,01,01,01,01,01,98,0.0,95.0,1,2,1,1,01,3,,,01,9999.0,1,99,99,11,02,01,01,1,1.627670168876648,2.0
1881,H3G,06,09,2,2,4,2,2,1,3,3,2,2,1,05,04,7.0,6.0,03,01,,03,2,,2,2,4,1,1,1,4,30.0,20.0,80.0,65.0,75.0,2,1,1,4,4,2,2,0.0,1.0,60.0,997.0,75.0,06,05,04,2,1,8,3,1,2,2,4,03,03,03,05,98,98,02,02,05,01,04,40.0,75.0,1,3,3,2,97,,1,03,03,1985.0,1,08,02,09,05,01,01,7,1.119264006614685,2.0
1882,J7C,24,98,8,8,8,8,8,8,8,8,8,8,1,99,,99.0,99.0,99,,99,,9,,9,9,9,9,9,9,9,999.0,999.0,999.0,999.0,999.0,9,9,9,9,9,9,9,999.0,999.0,999.0,999.0,999.0,99,99,99,9,9,9,9,9,9,9,9,99,99,99,99,99,99,99,99,99,99,99,999.0,999.0,9,9,9,9,99,,9,,99,9999.0,2,08,99,02,99,99,99,9,2.7544994354248047,2.0
1883,J0H,26,99,1,2,2,2,2,2,3,2,3,1,1,99,,5.0,4.0,01,03,,03,2,,2,1,4,1,2,2,2,50.0,20.0,50.0,997.0,997.0,2,1,8,4,2,2,2,60.0,20.0,60.0,997.0,997.0,01,98,03,3,1,3,3,2,2,3,4,98,98,98,98,98,03,99,01,03,98,99,80.0,80.0,8,4,1,1,99,,1,03,07,1951.0,1,07,99,03,05,02,01,1,0.6765576601028442,2.0
1884,J2J,05,01,1,1,2,2,1,3,3,2,2,1,1,99,,8.0,5.0,03,01,02,,2,,2,2,3,1,2,1,2,60.0,60.0,60.0,20.0,50.0,1,2,1,3,2,2,2,50.0,40.0,60.0,40.0,40.0,03,03,03,3,1,1,2,2,2,2,3,03,03,03,03,03,03,03,02,03,03,03,50.0,80.0,2,1,1,1,97,,2,,99,1949.0,1,06,06,11,04,02,01,1,0.7158807516098022,2.0
1885,J0Y,08,98,2,2,1,3,8,2,8,1,1,3,2,,,6.0,2.0,01,06,01,,1,,1,1,4,1,2,8,3,48.0,30.0,70.0,73.0,0.0,1,2,8,2,1,3,1,60.0,25.0,80.0,998.0,997.0,03,03,03,3,8,1,1,3,4,2,4,98,98,98,98,98,03,98,98,98,98,98,60.0,80.0,8,8,1,1,97,,2,,06,1977.0,2,05,03,02,05,02,01,1,1.2265689373016357,2.0
1886,G0A,03,07,1,1,2,1,3,3,2,2,1,3,1,02,01,9.0,8.0,01,04,02,,1,,3,3,2,2,2,2,2,80.0,90.0,70.0,60.0,50.0,1,2,1,3,3,2,2,75.0,80.0,60.0,50.0,998.0,01,03,03,1,2,1,4,4,2,3,4,01,02,98,05,98,02,02,03,01,98,03,75.0,75.0,1,3,2,2,02,2,,,01,1987.0,1,08,01,09,04,02,01,1,0.5101058483123779,2.0
1887,J2A,17,17,1,2,2,1,2,1,2,3,2,4,1,01,03,10.0,10.0,01,03,04,,2,,2,3,1,2,3,2,4,99.0,10.0,30.0,0.0,10.0,2,2,1,4,1,1,4,100.0,0.0,30.0,0.0,10.0,01,01,01,1,1,3,4,2,1,1,2,01,01,01,01,01,01,01,01,01,01,01,30.0,90.0,1,2,1,3,01,1,,,01,1944.0,1,07,04,02,04,02,01,1,0.7158807516098022,2.0
1888,999,15,10,1,2,3,2,1,1,3,3,3,1,1,01,03,10.0,10.0,01,03,,04,2,,3,1,2,1,2,1,3,60.0,30.0,40.0,0.0,0.0,1,1,2,4,2,1,2,80.0,10.0,50.0,0.0,10.0,01,01,01,3,1,1,4,4,4,3,3,01,01,01,05,04,01,01,02,01,01,01,10.0,70.0,2,4,2,1,97,,2,,02,1937.0,1,09,99,03,05,02,01,1,1.4374099969863892,2.0
1889,G4A,33,01,1,1,2,2,2,2,3,2,2,3,1,03,02,7.0,7.0,01,03,,04,1,,2,2,3,1,3,1,3,30.0,50.0,75.0,25.0,15.0,1,2,1,2,2,4,2,30.0,30.0,60.0,20.0,998.0,03,03,03,2,2,1,3,2,1,2,3,02,03,03,02,03,03,02,02,03,03,03,75.0,80.0,2,2,1,1,97,,1,02,04,1947.0,1,07,09,03,04,02,01,1,0.7158807516098022,2.0
1890,H3V,06,01,1,1,1,1,1,1,1,1,3,3,1,02,97,8.0,8.0,01,09,01,,1,,1,1,3,1,2,1,4,20.0,80.0,0.0,20.0,20.0,2,2,1,1,4,2,4,20.0,90.0,0.0,15.0,10.0,02,02,02,2,2,1,4,4,4,3,3,02,02,02,02,02,02,02,02,02,02,02,80.0,25.0,1,3,2,3,02,2,,,04,1948.0,2,06,99,11,05,02,10,1,0.40793442726135254,2.0
1891,H7T,13,16,1,1,3,1,2,3,1,2,2,3,1,02,04,8.0,8.0,03,06,01,,1,,2,2,3,2,2,2,2,20.0,100.0,10.0,60.0,60.0,1,2,1,2,3,2,3,20.0,100.0,10.0,60.0,60.0,02,02,02,3,2,1,3,3,2,1,3,02,02,02,02,02,02,02,02,02,02,02,60.0,70.0,1,3,2,2,02,1,,,04,1957.0,1,08,09,02,05,02,01,1,1.828485131263733,2.0
1892,J7Z,25,01,1,1,2,1,2,2,3,1,2,2,1,99,,5.0,5.0,01,04,,04,1,,1,1,3,1,2,1,3,65.0,60.0,60.0,70.0,60.0,1,2,1,4,2,1,1,12.0,13.0,14.0,85.0,997.0,04,04,04,3,2,1,4,3,2,1,4,03,03,03,05,04,04,04,04,03,03,04,75.0,75.0,1,4,2,2,02,3,,,99,9999.0,1,06,03,03,05,02,01,1,1.5382611751556396,2.0
1893,G6G,32,06,2,1,3,3,3,3,4,3,2,4,1,01,97,10.0,10.0,09,01,,03,2,,3,4,1,2,3,2,1,90.0,0.0,60.0,0.0,25.0,1,1,1,4,1,1,4,95.0,0.0,75.0,0.0,25.0,01,03,01,1,1,3,8,1,1,2,1,01,01,01,05,01,01,01,01,01,01,01,12.0,100.0,2,8,2,2,01,1,,,02,1977.0,1,10,04,02,04,02,01,1,1.626064658164978,2.0
1894,J0E,26,99,2,2,2,3,2,2,3,2,2,2,1,01,03,6.0,5.0,01,02,,03,2,,2,1,2,1,1,1,3,998.0,999.0,997.0,997.0,997.0,1,2,1,4,4,8,1,69.0,998.0,60.0,997.0,997.0,01,01,01,1,4,1,2,1,1,1,3,01,01,01,01,01,01,01,02,03,03,01,70.0,70.0,2,3,1,1,01,3,,,01,1948.0,2,05,02,01,04,02,01,1,0.5400015711784363,2.0
1895,J3Y,16,99,1,2,2,3,2,4,3,3,2,2,1,03,98,3.0,3.0,01,03,,04,2,,1,1,4,1,3,1,2,70.0,70.0,75.0,50.0,50.0,1,1,2,4,3,1,2,50.0,30.0,60.0,20.0,20.0,03,07,06,3,3,8,4,3,2,3,3,98,98,98,98,98,98,98,98,98,98,98,50.0,40.0,8,3,3,2,97,,2,,06,1960.0,1,05,05,02,05,02,01,1,1.828485131263733,2.0
1896,H9H,06,03,1,2,1,2,2,4,3,2,2,3,1,03,04,7.0,5.0,01,03,02,,2,,1,1,4,1,2,1,3,25.0,30.0,75.0,60.0,10.0,1,2,1,4,4,1,3,0.0,25.0,85.0,998.0,998.0,03,03,03,2,4,1,3,4,3,4,4,98,03,98,05,98,03,02,02,03,03,03,50.0,10.0,2,2,1,1,03,2,,,02,1948.0,2,04,05,02,04,02,01,1,0.40793442726135254,2.0
1897,G6W,12,01,1,1,2,3,8,8,3,2,1,3,2,,,3.0,3.0,01,03,01,,1,,3,2,3,2,2,1,3,20.0,70.0,30.0,998.0,997.0,1,2,1,2,9,2,2,20.0,50.0,30.0,998.0,997.0,98,04,04,2,2,1,8,3,8,2,3,98,98,98,98,98,98,02,02,98,98,98,90.0,50.0,1,8,2,2,02,2,,,04,1952.0,2,09,09,02,04,02,01,1,0.13188232481479645,2.0
1898,G0K,01,96,2,2,2,1,2,3,3,1,2,3,1,04,02,7.0,7.0,01,03,,04,1,,3,2,3,1,2,1,2,40.0,50.0,40.0,80.0,997.0,8,2,1,3,2,2,2,40.0,50.0,40.0,80.0,997.0,01,04,98,3,4,1,3,3,2,2,3,98,02,01,02,04,98,02,02,02,03,04,80.0,80.0,8,4,4,8,04,2,,,03,1950.0,2,05,09,03,05,02,01,1,0.39110317826271057,2.0
1899,H4J,06,98,1,1,3,2,3,1,3,2,3,1,1,01,03,8.0,8.0,01,06,,96,2,,2,2,3,1,3,2,3,75.0,20.0,45.0,998.0,60.0,1,8,1,4,8,2,1,75.0,65.0,75.0,998.0,998.0,01,01,01,2,1,3,8,1,2,1,3,98,98,98,98,98,03,02,02,01,01,01,65.0,50.0,2,4,3,1,01,2,,,01,1983.0,2,07,07,05,04,02,08,1,1.330445408821106,2.0
1900,G8E,02,06,2,1,3,3,3,2,3,3,3,3,1,99,,7.0,3.0,03,01,,04,1,,2,2,3,1,2,1,2,0.0,90.0,10.0,997.0,997.0,2,8,8,3,4,2,3,0.0,80.0,20.0,997.0,997.0,02,03,02,2,2,1,8,3,8,2,3,02,02,98,05,98,03,02,98,02,02,02,998.0,50.0,1,3,2,1,02,2,,,99,1980.0,2,09,99,02,04,02,01,1,0.8883579969406128,2.0
1901,H2J,06,10,2,2,3,1,2,4,1,3,3,1,1,02,05,7.0,8.0,01,02,,05,1,,2,2,3,2,2,1,3,0.0,80.0,10.0,50.0,70.0,1,1,2,1,2,1,4,0.0,40.0,10.0,50.0,70.0,06,04,03,3,2,1,4,8,1,2,3,98,02,98,05,98,98,02,02,98,03,04,50.0,50.0,1,4,2,1,02,2,,,04,1951.0,1,10,04,02,05,02,01,1,0.6322008967399597,2.0
1902,999,16,98,2,1,2,2,2,1,1,3,3,4,1,01,97,7.0,10.0,03,01,04,,2,,2,2,3,1,2,2,2,80.0,30.0,30.0,10.0,0.0,1,1,2,4,8,2,4,80.0,40.0,50.0,20.0,20.0,01,01,01,1,1,3,3,2,2,2,2,01,01,01,01,01,01,01,01,01,01,01,60.0,70.0,2,2,1,2,01,3,,,02,1929.0,1,09,05,03,01,02,01,1,1.4374099969863892,2.0
1903,J0Y,08,98,1,1,3,3,4,2,3,2,2,3,1,02,05,7.0,3.0,01,04,,03,1,,1,2,4,2,1,1,8,35.0,45.0,35.0,998.0,998.0,2,2,8,8,4,8,1,0.0,25.0,30.0,997.0,998.0,06,06,03,2,3,1,8,8,4,3,4,98,98,98,98,98,98,97,02,98,97,98,0.0,50.0,8,4,3,1,97,,2,,06,1967.0,2,04,08,02,05,02,01,1,2.2808401584625244,2.0
1904,J8B,25,98,2,2,2,2,2,3,2,4,2,3,1,02,05,10.0,8.0,01,03,,04,1,,8,3,2,1,2,1,2,40.0,80.0,997.0,998.0,90.0,2,1,1,3,3,1,2,999.0,60.0,998.0,998.0,90.0,02,02,02,2,2,1,4,3,2,2,3,02,02,02,05,02,02,02,02,02,02,02,100.0,80.0,1,4,2,2,02,2,,,04,1960.0,1,05,03,02,05,02,01,1,1.956773042678833,2.0
1905,H4E,06,10,1,1,2,2,2,2,1,1,2,2,1,02,03,10.0,7.0,01,02,,05,1,,2,2,3,1,1,1,2,25.0,95.0,60.0,0.0,15.0,1,2,1,4,3,1,4,0.0,80.0,60.0,997.0,997.0,02,02,02,2,2,1,8,2,2,2,3,02,02,02,02,02,03,02,02,02,02,02,50.0,95.0,2,1,1,1,02,1,,,04,1948.0,2,09,03,03,01,02,01,1,0.40793442726135254,2.0
1906,G7P,02,99,2,3,3,3,2,3,1,2,2,3,1,02,03,9.0,5.0,01,02,,03,2,,2,2,3,1,1,2,2,0.0,50.0,100.0,10.0,10.0,1,2,1,3,3,2,4,999.0,10.0,100.0,997.0,998.0,03,03,03,1,2,3,2,2,2,2,4,03,03,03,03,03,03,03,02,02,03,03,5.0,50.0,1,3,2,3,02,2,,,04,1958.0,1,05,04,02,04,02,01,1,2.4493582248687744,2.0
1907,H7E,13,98,2,1,2,1,4,3,4,3,2,3,1,05,97,0.0,0.0,97,,,04,1,,2,1,4,1,2,8,1,0.0,90.0,997.0,997.0,10.0,2,8,2,2,3,2,3,998.0,998.0,998.0,997.0,997.0,06,02,02,2,2,1,4,8,8,8,1,98,98,98,05,98,98,02,02,02,98,98,0.0,100.0,1,4,1,1,97,,2,,04,1980.0,1,11,02,02,05,02,01,1,1.4359921216964722,2.0
1908,G8T,04,07,2,2,3,3,2,3,2,2,1,2,1,04,03,8.0,9.0,02,03,,04,1,,2,2,3,1,2,1,2,10.0,10.0,30.0,30.0,30.0,1,2,1,4,2,2,1,20.0,0.0,40.0,10.0,10.0,03,06,06,3,4,9,2,1,2,2,2,98,03,98,05,98,98,01,02,98,98,03,0.0,80.0,2,4,2,1,97,,2,,05,1962.0,1,11,10,01,05,02,01,7,1.123952031135559,2.0
1909,H8P,06,96,1,4,2,2,2,3,3,3,4,1,1,99,,10.0,10.0,09,07,,01,2,,1,1,4,1,2,1,3,50.0,0.0,50.0,0.0,0.0,1,2,1,4,3,2,4,60.0,0.0,40.0,997.0,997.0,01,98,03,1,1,3,4,1,4,1,2,01,01,01,03,03,03,01,01,01,01,98,0.0,80.0,2,2,2,1,97,,1,01,02,9999.0,1,06,10,11,03,02,01,1,1.4374099969863892,2.0
1910,G7S,02,01,1,1,2,1,2,2,1,2,2,1,1,03,02,10.0,9.0,01,04,02,,1,,2,2,3,1,2,1,3,10.0,95.0,75.0,50.0,20.0,8,2,1,2,8,4,3,0.0,80.0,80.0,998.0,998.0,02,03,03,3,2,1,4,8,8,2,3,02,03,98,05,02,03,02,02,02,98,03,50.0,30.0,1,2,1,1,02,2,,,04,1946.0,2,06,06,02,05,02,01,1,0.39110317826271057,2.0
1911,999,02,99,1,1,1,2,1,1,2,1,1,2,1,02,03,10.0,10.0,01,04,,05,1,,1,2,4,1,1,1,3,0.0,75.0,50.0,998.0,25.0,1,1,1,1,1,1,1,0.0,100.0,75.0,998.0,998.0,02,06,02,2,2,1,1,1,9,1,2,02,02,02,02,02,02,02,02,02,02,02,0.0,50.0,2,1,1,1,02,1,,,04,1946.0,1,04,06,07,05,02,01,1,0.8468688726425171,2.0
1912,G7B,02,04,1,1,1,1,2,2,2,2,3,3,1,03,05,7.0,7.0,01,03,,04,2,,2,2,3,1,2,9,2,10.0,40.0,65.0,50.0,70.0,1,9,9,4,2,2,3,10.0,70.0,70.0,65.0,70.0,99,99,04,3,1,1,9,2,8,2,4,03,03,03,98,03,03,03,03,03,03,03,75.0,50.0,1,3,3,2,99,,9,,05,1961.0,2,04,99,02,99,02,01,1,1.131169080734253,2.0
1913,J8E,25,98,1,1,8,1,8,2,2,2,2,8,1,02,05,4.0,1.0,01,03,,05,2,,2,8,4,1,2,1,3,10.0,100.0,20.0,50.0,90.0,8,2,8,8,8,8,8,0.0,90.0,35.0,997.0,997.0,98,98,98,8,8,8,8,2,8,3,3,98,98,98,05,98,98,98,02,02,98,98,50.0,50.0,1,8,2,1,02,1,,,04,1984.0,2,07,02,02,05,02,01,1,1.7611688375473022,2.0
1914,J8Y,07,04,2,3,2,1,2,2,1,3,3,3,1,01,03,8.0,6.0,04,01,03,,2,,2,2,3,2,2,1,2,40.0,10.0,25.0,0.0,25.0,1,2,1,4,2,3,2,45.0,10.0,30.0,0.0,10.0,01,01,03,3,1,1,4,3,3,2,3,98,01,01,05,98,03,02,01,01,01,01,20.0,25.0,1,3,3,1,01,2,,,01,1973.0,1,09,05,02,05,02,01,1,1.5367439985275269,2.0
1915,G8E,02,04,1,2,1,3,1,4,2,1,3,1,1,02,03,9.0,10.0,01,02,01,,1,,1,1,4,1,1,1,4,0.0,5.0,5.0,0.0,0.0,1,2,1,4,2,3,2,0.0,3.0,4.0,0.0,0.0,06,02,06,3,3,1,4,1,3,3,1,02,02,98,02,98,03,02,02,02,98,02,60.0,66.0,2,2,1,1,02,2,,,04,1953.0,1,05,04,02,04,02,01,1,2.4493582248687744,2.0
1916,999,09,98,9,9,2,3,2,2,3,2,2,1,9,,,10.0,10.0,04,01,03,,2,,1,1,3,1,2,1,3,50.0,999.0,100.0,997.0,997.0,1,2,8,4,4,2,2,25.0,30.0,100.0,997.0,997.0,03,03,03,2,3,1,4,8,3,3,4,97,03,98,05,03,03,03,99,96,98,03,10.0,5.0,2,3,2,1,97,,2,,96,1939.0,2,07,01,03,04,02,01,1,0.8892355561256409,2.0
1917,J4K,16,99,1,1,1,1,1,1,1,1,1,2,1,99,,10.0,6.0,01,04,,04,1,,2,2,3,1,2,1,3,0.0,90.0,80.0,997.0,70.0,1,2,8,2,8,2,8,0.0,90.0,80.0,998.0,998.0,03,03,02,3,2,8,8,2,2,2,3,03,02,98,05,02,03,02,02,02,98,02,998.0,998.0,1,4,4,2,02,2,,,06,1966.0,2,11,05,05,05,02,01,1,1.7230206727981567,2.0
1918,J5Y,14,01,1,1,2,3,2,3,2,3,2,2,1,03,97,10.0,9.0,01,03,02,,2,,1,1,3,1,2,8,2,40.0,40.0,100.0,997.0,997.0,1,2,1,4,3,1,3,40.0,35.0,85.0,998.0,998.0,03,03,03,2,3,1,2,2,2,1,3,98,03,98,98,02,03,98,02,98,98,03,50.0,80.0,1,3,2,1,03,2,,,02,1944.0,1,06,99,03,05,02,01,1,0.6322008967399597,2.0
1919,G5B,09,98,1,1,3,2,1,2,2,3,2,3,1,03,01,8.0,8.0,01,03,02,,2,,2,2,2,2,3,2,1,80.0,20.0,90.0,998.0,998.0,1,2,1,4,1,3,2,80.0,5.0,90.0,997.0,997.0,01,03,03,1,1,1,4,2,2,2,2,01,01,01,01,03,03,03,01,03,03,03,75.0,90.0,1,8,2,2,03,1,,,02,1958.0,1,07,10,02,02,02,01,1,2.4493582248687744,2.0
1920,G6Z,12,01,1,1,3,2,2,2,4,3,2,3,1,01,03,10.0,8.0,01,03,,03,2,,2,2,3,1,2,1,1,70.0,5.0,15.0,0.0,10.0,1,2,1,1,3,1,3,70.0,25.0,80.0,5.0,0.0,01,03,03,1,1,1,4,1,1,2,3,01,01,01,03,03,03,01,01,03,01,03,60.0,80.0,1,2,2,1,01,2,,,02,1948.0,1,07,08,03,04,02,01,1,0.15640604496002197,2.0
1921,G6V,12,07,2,2,2,2,3,3,2,2,1,2,1,03,01,10.0,8.0,01,03,02,,2,,1,2,3,1,2,1,3,45.0,35.0,75.0,45.0,50.0,8,2,1,3,3,2,2,35.0,30.0,85.0,50.0,997.0,03,03,03,3,3,1,2,1,2,3,1,98,03,03,05,03,03,03,03,03,98,03,30.0,50.0,2,3,2,2,03,1,,,02,1947.0,2,05,04,11,04,02,01,1,0.13188232481479645,2.0
1922,G8Y,04,06,2,1,3,1,4,3,4,2,1,3,1,05,03,4.0,3.0,02,08,,01,2,,2,1,3,1,1,1,3,40.0,0.0,60.0,997.0,80.0,8,1,8,4,2,3,2,999.0,998.0,998.0,998.0,997.0,06,06,06,8,1,2,4,2,2,4,4,98,98,98,05,98,98,02,02,98,98,98,998.0,60.0,1,4,2,1,97,,2,,05,1979.0,2,07,03,02,05,01,01,2,0.6471615433692932,2.0
1923,H1L,06,01,1,1,3,1,2,3,1,2,2,3,1,02,05,10.0,9.0,01,03,,05,1,,2,1,3,1,2,1,2,0.0,90.0,0.0,998.0,80.0,1,2,1,2,1,1,3,0.0,60.0,0.0,998.0,90.0,06,04,04,8,2,1,3,3,2,2,4,02,02,02,05,04,04,02,02,02,02,04,60.0,60.0,1,4,4,2,02,2,,,04,1971.0,2,09,10,06,05,02,01,1,1.7230206727981567,2.0
1924,J4N,16,08,1,1,3,1,2,2,3,3,3,2,1,02,04,8.0,6.0,02,03,02,,2,,3,3,3,1,2,8,2,65.0,80.0,30.0,80.0,70.0,2,1,1,4,4,2,3,50.0,10.0,10.0,70.0,60.0,06,04,03,3,3,1,1,1,2,3,4,01,02,01,05,02,02,02,04,98,01,02,75.0,60.0,1,3,1,2,02,2,,,04,1969.0,2,10,99,01,05,02,01,1,1.7230206727981567,2.0
1925,J4B,16,15,2,2,2,2,2,3,8,2,2,1,1,03,01,9.0,7.0,03,01,,02,1,,2,2,3,1,2,1,1,60.0,60.0,50.0,997.0,997.0,1,1,1,4,8,1,3,50.0,65.0,75.0,997.0,997.0,98,03,03,3,3,1,4,1,3,1,2,03,03,98,01,02,03,02,02,03,98,02,65.0,80.0,1,2,2,1,97,,2,,02,1942.0,1,06,05,11,02,02,01,1,1.4374099969863892,2.0
1926,J9H,07,01,1,3,3,2,3,2,2,3,4,2,1,01,97,9.0,10.0,01,04,,03,2,,3,3,2,2,3,2,2,90.0,0.0,10.0,0.0,0.0,1,1,2,4,8,1,4,90.0,0.0,10.0,0.0,0.0,01,07,03,1,1,1,4,1,1,1,2,01,01,01,01,01,98,01,01,01,01,01,0.0,50.0,2,8,2,2,01,2,,,01,1942.0,1,08,05,03,05,02,01,1,1.5382611751556396,2.0
1927,H2B,06,96,2,3,3,1,2,4,2,1,2,4,1,02,04,7.0,8.0,03,01,,04,1,,2,2,3,3,3,1,2,10.0,60.0,15.0,50.0,20.0,1,1,1,3,2,2,3,5.0,40.0,40.0,15.0,20.0,06,07,03,3,2,1,4,4,2,2,3,97,02,02,02,04,03,02,02,97,01,02,75.0,75.0,1,4,4,2,02,2,,,04,1948.0,1,11,10,02,05,02,01,1,0.6322008967399597,2.0
1928,G8T,04,98,1,2,1,1,1,1,3,1,2,1,1,99,,98.0,98.0,01,03,,98,8,3,1,1,4,1,2,8,3,998.0,998.0,998.0,998.0,998.0,8,8,8,3,4,8,1,998.0,998.0,10.0,998.0,998.0,01,01,03,2,8,8,8,3,2,8,8,98,02,98,98,98,02,98,98,98,98,98,998.0,998.0,2,2,1,1,99,,2,,99,1939.0,2,04,99,03,04,02,01,1,1.1933574676513672,2.0
1929,J4Z,16,01,1,3,4,3,2,4,4,4,4,2,1,01,03,10.0,10.0,01,04,,02,2,,4,2,3,1,2,2,1,75.0,10.0,70.0,10.0,10.0,1,1,2,4,2,2,4,79.0,10.0,79.0,70.0,40.0,01,04,03,1,1,1,3,1,1,1,2,01,03,01,05,03,03,03,03,01,03,01,10.0,20.0,1,4,4,1,01,2,,,06,1948.0,1,05,05,03,05,02,10,6,1.418331265449524,2.0
1930,G8K,02,98,1,2,1,2,8,8,8,2,8,1,1,99,,2.0,2.0,97,,01,,1,,1,1,4,1,2,8,2,998.0,998.0,998.0,998.0,998.0,2,2,8,2,8,8,2,10.0,30.0,25.0,997.0,997.0,98,98,06,8,4,8,8,2,8,8,4,98,98,98,98,98,98,98,98,98,98,98,50.0,998.0,1,3,2,1,97,,2,,99,1961.0,2,99,99,02,05,02,01,1,1.131169080734253,2.0
1931,G1L,33,10,4,1,1,2,1,4,1,1,1,4,1,02,04,10.0,10.0,01,04,01,,1,,2,1,3,3,1,1,4,0.0,7.0,0.0,7.0,1.0,2,2,8,1,4,4,3,0.0,6.0,0.0,6.0,5.0,02,02,02,3,2,1,4,4,4,1,4,02,02,02,02,02,02,02,02,02,02,02,100.0,0.0,8,2,2,3,02,2,,,04,1985.0,1,08,02,02,01,02,01,1,2.3347883224487305,2.0
1932,J5B,16,98,2,2,2,3,3,3,2,3,2,2,1,02,03,10.0,5.0,02,01,02,,8,8,2,2,3,2,2,9,2,50.0,40.0,25.0,10.0,10.0,8,1,2,4,2,1,2,60.0,50.0,50.0,25.0,997.0,01,02,03,3,3,1,3,2,2,2,4,01,02,98,05,96,97,99,02,99,99,98,80.0,80.0,1,2,2,2,02,3,,,04,1943.0,1,06,03,03,05,02,01,1,0.6322008967399597,2.0
1933,G2E,03,01,2,1,3,2,2,2,1,2,3,1,1,02,97,10.0,4.0,03,01,,04,1,,1,1,4,1,2,1,4,0.0,5.0,0.0,997.0,997.0,1,2,1,2,2,3,2,0.0,5.0,0.0,0.0,0.0,06,06,02,2,2,1,1,2,3,3,4,02,02,02,02,02,02,02,02,02,02,02,0.0,75.0,1,4,2,1,02,2,,,04,1944.0,1,99,99,03,05,02,01,1,0.15640604496002197,2.0
1934,J1X,05,01,2,2,2,1,1,3,2,2,2,1,1,02,03,10.0,8.0,01,03,,04,1,,2,1,3,1,2,1,3,0.0,70.0,60.0,30.0,40.0,1,2,1,2,3,2,3,0.0,60.0,75.0,30.0,40.0,03,02,03,3,2,1,4,3,2,2,1,02,02,02,02,02,03,02,02,02,03,02,60.0,50.0,8,8,1,1,02,2,,,04,1950.0,1,08,04,04,05,02,01,1,0.7158807516098022,2.0
1935,H9C,06,10,3,3,3,3,3,3,1,3,3,3,1,02,97,10.0,8.0,01,04,,05,1,,2,2,3,1,2,2,3,20.0,80.0,30.0,25.0,20.0,8,2,1,3,8,2,4,15.0,80.0,30.0,25.0,997.0,99,07,04,3,2,1,3,2,3,2,3,98,98,98,98,98,98,02,02,02,98,02,50.0,50.0,2,3,2,2,02,2,,,04,1947.0,1,08,03,03,05,02,01,1,0.6322008967399597,2.0
1936,H7Y,13,10,4,4,4,4,4,4,4,4,4,4,1,01,05,0.0,8.0,04,02,03,,2,,1,1,2,1,1,2,2,90.0,0.0,0.0,0.0,90.0,1,2,1,4,2,3,1,50.0,998.0,998.0,998.0,998.0,98,98,98,1,1,8,1,8,8,2,4,98,98,98,98,98,98,98,98,01,98,98,0.0,80.0,1,4,3,2,05,2,,,05,1976.0,1,09,09,02,05,01,10,4,3.221625566482544,2.0
1937,J6E,24,10,2,1,2,1,1,4,1,2,3,4,1,02,04,10.0,10.0,01,02,,05,1,,1,1,4,1,2,1,4,0.0,85.0,0.0,80.0,80.0,1,2,1,1,2,1,2,0.0,80.0,0.0,50.0,80.0,02,02,04,2,2,1,4,4,1,2,4,02,02,02,05,04,02,02,02,02,02,04,100.0,10.0,1,4,4,1,02,1,,,04,1976.0,1,09,10,02,05,02,01,1,1.5367439985275269,2.0
1938,H7E,13,99,2,1,3,2,2,1,3,2,2,3,1,03,05,98.0,4.0,01,03,,04,2,,3,8,8,8,8,8,2,30.0,10.0,85.0,997.0,70.0,1,8,2,4,4,2,8,20.0,5.0,85.0,998.0,997.0,03,03,03,8,4,8,8,8,8,8,3,98,98,98,05,98,03,98,98,98,98,98,50.0,100.0,1,3,2,8,98,,1,03,01,1985.0,2,09,01,05,05,02,01,1,1.330445408821106,2.0
1939,H4E,06,01,1,2,2,2,2,1,1,2,3,2,1,01,97,9.0,5.0,01,03,03,,2,,1,1,3,1,1,1,2,75.0,0.0,10.0,997.0,997.0,2,8,8,4,2,8,2,75.0,998.0,998.0,997.0,997.0,01,01,06,3,1,2,1,2,1,1,1,01,98,01,01,01,01,01,01,01,01,01,50.0,75.0,8,8,2,2,01,2,,,01,1951.0,2,06,99,02,05,01,01,2,0.22144199907779694,2.0
1940,J9X,08,98,1,1,2,2,2,3,4,2,1,3,1,01,03,10.0,10.0,01,09,,04,2,,4,4,2,3,2,2,2,99.0,10.0,75.0,0.0,60.0,2,1,1,4,1,1,4,90.0,5.0,70.0,2.0,997.0,01,03,03,1,1,1,3,1,1,1,2,01,01,01,01,01,01,01,01,01,01,01,10.0,90.0,1,4,2,1,01,1,,,01,1981.0,1,09,06,01,05,02,01,1,1.5367439985275269,2.0
1941,G1R,03,11,2,1,2,2,3,3,3,1,2,2,1,04,02,6.0,9.0,03,04,,04,8,8,2,2,3,2,2,1,3,10.0,50.0,10.0,70.0,60.0,1,2,1,3,2,2,3,10.0,25.0,10.0,60.0,30.0,02,04,04,3,4,1,3,4,2,2,3,02,02,02,02,04,02,02,02,02,02,04,60.0,50.0,1,3,3,2,97,,1,04,04,1944.0,1,10,04,03,04,02,01,1,0.15640604496002197,2.0
1942,G7P,02,01,1,1,3,3,1,1,2,3,2,3,1,02,03,5.0,2.0,01,07,,04,1,,1,2,4,1,2,1,3,0.0,100.0,100.0,997.0,50.0,2,1,8,2,1,2,3,0.0,80.0,80.0,997.0,997.0,02,06,02,2,2,1,3,4,3,3,3,02,02,03,03,98,98,02,02,98,02,02,50.0,100.0,1,8,2,1,02,1,,,04,1984.0,2,08,03,05,05,02,01,1,1.275551438331604,2.0
1943,J2H,26,01,1,1,2,1,2,3,1,2,2,1,1,02,05,7.0,5.0,04,09,03,,1,,2,8,2,1,2,9,3,50.0,100.0,0.0,75.0,90.0,2,8,1,1,3,3,3,25.0,75.0,50.0,75.0,75.0,06,06,03,8,3,1,3,3,3,3,3,98,98,03,05,04,03,02,02,02,98,02,60.0,60.0,1,8,8,2,02,2,,,04,1985.0,2,09,98,09,05,02,01,1,1.7611688375473022,2.0
1944,G1B,03,03,2,2,3,2,3,3,3,3,2,1,1,02,04,10.0,10.0,03,01,01,,1,,3,3,2,3,2,2,2,40.0,60.0,20.0,30.0,10.0,2,2,1,2,4,1,4,20.0,60.0,20.0,30.0,997.0,02,02,03,2,2,1,4,3,2,1,3,98,02,02,02,02,98,02,02,02,01,02,80.0,60.0,1,4,3,3,02,2,,,04,1942.0,1,09,10,03,05,02,01,1,0.35561421513557434,2.0
1945,J0A,17,10,1,2,3,1,3,2,1,2,3,1,1,01,02,5.0,2.0,03,01,02,,1,,2,1,3,1,2,1,3,50.0,70.0,60.0,50.0,50.0,1,1,1,3,3,1,3,50.0,75.0,60.0,50.0,50.0,02,02,03,2,3,1,1,1,2,2,3,02,02,03,05,03,03,02,02,01,03,03,70.0,80.0,2,3,1,1,02,2,,,04,1944.0,2,08,03,11,05,02,01,1,0.5248628258705139,2.0
1946,H1J,06,05,1,1,2,1,1,2,2,1,1,2,1,02,04,10.0,7.0,01,03,02,,1,,2,2,3,1,2,1,3,50.0,65.0,998.0,998.0,998.0,2,1,8,4,3,4,3,50.0,60.0,40.0,30.0,50.0,02,02,03,2,2,1,8,2,2,2,1,98,98,98,02,98,98,98,02,98,98,98,75.0,70.0,8,4,1,1,02,3,,,04,1942.0,2,06,02,03,04,02,01,1,0.9275031685829163,2.0
1947,J0S,16,98,1,1,2,1,2,3,2,2,2,2,1,03,02,8.0,5.0,02,01,02,,1,,1,2,3,1,2,1,2,25.0,50.0,75.0,997.0,997.0,1,2,1,2,1,2,2,25.0,50.0,75.0,75.0,997.0,03,03,03,2,2,1,4,2,2,2,4,98,98,98,05,98,98,02,03,98,03,03,60.0,50.0,1,4,4,1,02,3,,,03,1966.0,2,07,09,01,05,02,01,1,1.7230206727981567,2.0
1948,J0R,25,08,2,2,2,1,2,2,2,3,2,2,1,05,01,4.0,4.0,01,02,05,,2,,3,3,3,2,3,2,2,50.0,18.0,18.0,10.0,98.0,1,2,1,4,2,2,4,50.0,20.0,20.0,998.0,998.0,06,06,06,3,4,1,4,2,2,3,3,05,05,98,05,05,05,01,98,98,98,01,45.0,65.0,1,2,2,2,05,1,,,05,1966.0,2,08,01,10,05,01,10,2,1.2381283044815063,2.0
1949,J2W,26,02,1,1,3,2,1,3,1,2,1,3,1,02,97,10.0,10.0,01,03,,04,1,,2,1,3,1,2,1,3,0.0,8.0,998.0,998.0,998.0,1,2,1,3,1,2,3,0.0,7.0,4.0,997.0,997.0,06,98,02,2,2,1,4,3,2,1,3,98,02,02,05,02,02,02,02,02,98,02,60.0,50.0,1,4,2,2,02,1,,,04,1941.0,1,08,08,11,05,02,01,2,0.8350262641906738,2.0
1950,H8T,06,10,2,2,4,2,3,2,1,3,3,4,1,01,03,8.0,5.0,03,02,,01,2,,2,1,3,1,2,1,2,75.0,0.0,50.0,0.0,70.0,2,1,8,4,2,3,3,60.0,10.0,50.0,0.0,50.0,01,02,02,1,1,2,3,2,3,1,2,98,03,98,01,98,03,99,96,01,01,97,0.0,65.0,1,4,3,2,01,3,,,03,1973.0,1,08,08,02,05,01,01,2,0.7795112729072571,2.0
1951,G8G,02,01,1,1,1,1,1,2,3,1,1,2,1,02,04,7.0,7.0,01,02,02,,1,,1,1,4,1,1,1,3,0.0,60.0,10.0,30.0,20.0,1,2,1,4,2,2,2,0.0,30.0,30.0,30.0,0.0,98,02,04,2,3,1,3,2,2,3,3,98,98,98,05,03,03,98,02,02,01,98,0.0,30.0,2,2,1,2,02,3,,,02,1965.0,2,07,03,06,05,02,01,1,1.6519296169281006,2.0
1952,G9T,04,96,1,1,2,1,3,4,1,1,1,3,1,04,97,10.0,10.0,03,09,01,,1,,1,2,4,2,2,1,3,0.0,0.0,0.0,100.0,25.0,1,2,1,3,1,1,4,0.0,0.0,0.0,100.0,0.0,04,04,04,3,2,1,4,4,4,1,4,04,04,98,04,04,04,04,04,04,03,04,50.0,25.0,1,3,3,2,04,1,,,07,1951.0,1,09,06,01,05,02,01,1,0.7158807516098022,2.0
1953,H2E,06,01,1,1,3,2,1,3,1,2,2,2,1,02,97,10.0,10.0,01,03,,05,1,,2,1,2,1,2,1,2,40.0,80.0,50.0,5.0,10.0,1,2,1,2,3,2,3,35.0,80.0,65.0,5.0,20.0,02,02,03,2,2,1,4,1,2,3,4,98,02,02,05,03,02,02,02,02,02,03,80.0,70.0,2,4,1,2,02,1,,,04,1947.0,2,07,99,03,04,02,01,1,0.40793442726135254,2.0
1954,J0V,15,01,1,1,3,1,2,3,1,3,4,1,1,03,05,10.0,10.0,03,01,02,,2,,2,2,3,1,2,1,2,30.0,25.0,85.0,20.0,60.0,1,2,1,4,3,1,3,30.0,15.0,85.0,20.0,15.0,03,03,03,3,1,1,3,1,2,1,2,03,03,03,03,03,03,03,02,03,03,03,50.0,80.0,1,4,2,2,03,2,,,04,1935.0,1,08,05,03,05,02,01,1,1.4374099969863892,2.0
1955,G1C,03,14,1,2,3,4,8,9,4,3,4,3,1,03,97,10.0,10.0,01,02,02,,1,,2,2,2,1,9,9,2,25.0,20.0,70.0,0.0,0.0,1,1,1,4,9,1,2,30.0,30.0,75.0,997.0,997.0,03,03,03,2,2,1,1,2,2,3,4,03,03,99,05,99,03,03,02,03,03,03,75.0,50.0,2,2,2,1,03,2,,,02,1946.0,1,04,01,07,01,02,01,1,0.15640604496002197,2.0
1956,G7H,02,17,2,3,3,3,2,3,2,2,3,2,1,01,97,10.0,6.0,01,03,03,,2,,2,2,3,1,2,2,2,85.0,10.0,20.0,5.0,0.0,8,2,8,4,4,2,2,80.0,5.0,15.0,5.0,5.0,01,06,04,3,1,1,2,2,2,2,3,01,01,04,05,01,03,01,01,98,01,01,75.0,998.0,2,2,1,1,01,2,,,01,1947.0,2,99,99,03,01,02,01,1,0.39110317826271057,2.0
1957,J1X,05,13,2,2,4,3,2,1,4,3,3,3,1,01,05,10.0,8.0,01,03,,03,2,,3,3,2,1,2,2,2,75.0,0.0,60.0,0.0,60.0,1,2,1,4,3,2,2,85.0,25.0,60.0,75.0,35.0,01,01,01,3,1,1,4,2,2,2,3,01,02,01,05,03,01,01,02,01,01,03,10.0,60.0,1,1,1,1,01,2,,,01,1945.0,1,05,07,11,01,02,01,1,0.7158807516098022,2.0
1958,G0S,32,98,1,1,1,1,1,2,1,1,2,3,1,01,03,10.0,10.0,03,01,04,,2,,3,3,1,2,3,2,1,100.0,999.0,998.0,998.0,998.0,1,1,1,1,1,2,3,100.0,999.0,998.0,998.0,998.0,01,01,01,3,1,1,8,2,1,1,1,01,01,01,01,01,98,01,01,01,01,01,999.0,999.0,8,3,1,8,01,1,,,01,9999.0,2,05,01,03,01,02,01,1,1.1933574676513672,2.0
1959,999,05,01,1,2,2,2,2,3,3,2,3,3,1,99,,10.0,8.0,01,03,03,,2,,3,2,2,2,8,2,2,80.0,10.0,50.0,0.0,30.0,1,2,1,4,8,3,3,80.0,20.0,50.0,0.0,20.0,01,01,03,1,1,1,3,2,2,2,3,01,01,01,01,03,03,01,01,01,01,01,50.0,80.0,8,8,2,2,01,2,,,01,1951.0,2,09,10,02,01,02,01,2,0.28491565585136414,2.0
1960,J1H,05,10,1,1,3,2,2,2,1,3,3,3,1,01,03,8.0,6.0,03,01,,02,2,,2,2,2,1,1,1,3,70.0,0.0,40.0,0.0,25.0,2,1,8,4,1,8,4,67.0,0.0,45.0,997.0,997.0,01,03,01,1,1,3,4,2,2,2,3,01,03,01,05,03,01,02,02,01,01,01,63.0,82.0,1,3,4,4,01,2,,,01,1981.0,2,09,06,04,05,01,01,2,0.6471615433692932,2.0
1961,J3G,16,98,2,1,2,2,2,2,2,2,2,4,1,02,03,6.0,6.0,01,03,02,,1,,2,2,3,1,2,1,3,10.0,70.0,50.0,0.0,0.0,1,1,1,2,3,2,2,50.0,50.0,80.0,997.0,997.0,03,99,03,3,2,1,2,2,2,2,2,02,02,98,02,02,02,98,02,02,98,02,50.0,60.0,1,9,2,1,02,2,,,04,1963.0,2,05,07,02,05,02,01,1,1.7230206727981567,2.0
1962,G8L,02,96,1,1,2,2,1,3,2,2,1,3,1,02,03,7.0,10.0,01,04,,05,1,,2,2,3,1,2,1,2,0.0,78.0,80.0,998.0,75.0,1,2,1,3,2,2,3,0.0,60.0,65.0,65.0,61.0,02,98,03,2,2,1,3,2,3,3,3,01,02,98,05,03,03,02,02,02,03,03,69.0,70.0,1,2,1,2,02,2,,,04,1957.0,1,09,03,01,05,02,01,1,2.4493582248687744,2.0
1963,H4A,06,10,2,2,3,1,8,3,1,3,2,1,1,05,04,6.0,4.0,08,06,05,,2,,4,4,2,1,1,8,2,65.0,15.0,60.0,50.0,75.0,8,9,2,4,1,2,3,45.0,15.0,50.0,998.0,998.0,01,03,03,3,1,3,4,3,8,2,3,03,03,03,05,98,02,03,98,01,01,03,50.0,90.0,1,3,3,4,01,3,,,01,1964.0,1,09,10,02,04,01,02,1,2.670271873474121,2.0
1964,G1W,03,08,2,1,4,1,3,3,4,3,3,1,1,05,97,9.0,2.0,04,03,04,,2,,2,2,3,2,2,2,4,60.0,0.0,60.0,40.0,90.0,1,2,1,4,2,4,1,2.0,0.0,5.0,997.0,997.0,03,05,03,3,4,3,3,2,1,3,1,03,03,03,05,02,02,03,03,03,03,03,0.0,80.0,1,4,4,1,97,,1,05,02,1984.0,2,08,99,05,05,02,01,1,0.4301224946975708,2.0
1965,H3K,06,12,1,1,1,1,4,3,1,1,2,3,1,01,03,10.0,7.0,03,01,,01,2,,3,2,3,1,2,1,3,60.0,0.0,35.0,0.0,80.0,2,2,1,4,2,1,3,35.0,0.0,30.0,0.0,998.0,01,98,03,1,1,2,4,4,1,1,2,01,03,03,01,01,01,01,01,01,03,01,60.0,60.0,2,1,1,3,01,2,,,01,1941.0,1,05,03,02,04,02,01,1,1.4374099969863892,2.0
1966,G1H,03,01,1,1,1,1,2,2,2,1,1,2,1,99,,7.0,6.0,01,04,,04,8,8,3,3,3,2,2,2,2,75.0,76.0,72.0,64.0,60.0,8,8,8,8,8,2,2,75.0,75.0,75.0,75.0,998.0,98,07,03,3,3,1,8,8,8,2,3,98,98,98,98,98,98,02,02,98,98,98,998.0,998.0,8,9,2,2,99,,9,,99,1948.0,2,05,01,03,99,02,01,1,0.13188232481479645,2.0
1967,G1B,03,98,3,2,3,2,2,3,3,3,3,4,1,03,97,8.0,6.0,03,01,02,,8,8,1,2,3,1,2,1,3,10.0,20.0,80.0,50.0,50.0,2,2,8,8,2,2,3,0.0,0.0,80.0,997.0,997.0,03,03,03,3,3,8,4,1,1,1,1,03,03,03,98,98,98,03,02,03,03,03,20.0,90.0,8,3,2,1,97,,1,03,02,1985.0,1,08,10,09,05,02,01,1,0.5101058483123779,2.0
1968,G1G,17,98,1,2,2,1,1,3,2,2,2,1,1,99,,8.0,5.0,03,02,,03,2,,3,2,3,1,3,1,2,75.0,5.0,30.0,5.0,5.0,1,2,1,4,3,2,2,75.0,0.0,75.0,5.0,10.0,01,03,03,1,1,1,3,2,2,3,3,01,01,03,03,03,03,01,02,03,01,03,20.0,60.0,2,2,1,1,01,3,,,02,1941.0,1,09,08,11,01,02,01,1,1.627670168876648,2.0
1969,G8V,04,01,1,1,1,2,1,3,3,1,2,1,1,03,01,6.0,5.0,01,03,02,,2,,2,2,3,1,3,8,3,65.0,50.0,80.0,998.0,998.0,1,8,8,3,3,1,2,65.0,50.0,80.0,998.0,997.0,98,98,03,3,3,1,2,3,3,2,4,03,03,03,05,03,03,02,02,98,98,03,50.0,65.0,9,8,2,1,03,2,,,02,1942.0,2,05,99,03,03,02,01,1,1.1933574676513672,2.0
1970,H2H,06,98,2,2,3,1,8,8,8,2,2,2,2,,,2.0,0.0,08,06,02,,1,,3,2,3,1,2,2,2,60.0,35.0,55.0,35.0,55.0,2,8,8,2,4,2,3,50.0,25.0,60.0,65.0,997.0,98,03,03,8,8,1,3,8,2,3,3,98,03,98,05,98,03,98,98,98,98,04,85.0,60.0,1,3,2,1,97,,8,,02,1962.0,2,08,03,02,05,02,01,1,1.1798489093780518,2.0
1971,J8Z,07,96,2,1,2,1,4,2,2,1,1,3,1,05,04,9.0,10.0,04,02,,04,2,,4,3,2,3,3,2,2,60.0,60.0,0.0,65.0,70.0,1,2,1,3,3,2,3,50.0,50.0,10.0,50.0,60.0,01,07,03,3,3,1,3,3,1,1,1,01,02,01,05,02,03,01,02,98,01,04,80.0,80.0,1,4,4,3,05,2,,,01,1983.0,2,09,05,05,05,02,01,1,1.7611688375473022,2.0
1972,G8Y,04,98,1,1,1,2,3,3,3,1,2,8,1,04,02,2.0,3.0,01,03,,04,8,1,2,2,3,1,2,1,3,0.0,20.0,10.0,50.0,10.0,1,2,1,2,8,2,2,0.0,10.0,10.0,40.0,998.0,04,98,06,3,2,1,2,3,2,2,3,98,98,98,05,98,98,02,02,98,98,98,40.0,40.0,2,2,1,2,97,,2,,04,1946.0,2,05,03,03,05,02,01,1,0.5248628258705139,2.0
1973,H1E,06,99,1,3,2,2,3,1,1,2,2,4,1,99,,10.0,5.0,03,01,,03,1,,1,2,3,1,1,8,2,50.0,40.0,60.0,0.0,0.0,1,2,8,4,8,1,2,40.0,0.0,50.0,998.0,998.0,98,03,03,2,1,1,3,2,2,2,4,03,03,03,03,03,03,03,01,03,03,03,50.0,50.0,2,2,2,1,99,,8,,99,1948.0,1,05,99,02,05,02,10,3,1.418331265449524,2.0
1974,J3R,26,01,1,1,2,2,2,3,3,3,2,4,1,02,03,1.0,1.0,01,03,01,,1,,2,2,4,2,3,2,2,20.0,75.0,50.0,20.0,20.0,2,2,1,2,1,2,2,25.0,60.0,60.0,20.0,997.0,06,03,03,3,2,1,4,2,2,2,2,02,02,02,05,02,03,02,02,02,02,02,20.0,90.0,1,3,2,1,02,2,,,04,1955.0,1,11,10,02,05,02,01,1,1.956773042678833,2.0
1975,G6V,12,98,2,2,3,2,2,2,3,3,3,4,1,99,,10.0,7.0,01,03,,04,9,,4,1,3,1,1,1,2,999.0,999.0,999.0,999.0,999.0,2,2,1,9,9,2,3,999.0,999.0,999.0,999.0,999.0,99,99,99,2,9,9,9,2,3,3,4,99,99,99,99,99,99,99,99,99,99,99,0.0,90.0,9,9,9,2,99,,9,,99,9999.0,1,07,07,02,04,02,01,1,0.35561421513557434,2.0
1976,J3L,16,05,2,2,2,9,3,3,2,3,3,2,1,02,03,8.0,8.0,01,03,01,,1,,2,1,3,1,1,1,2,0.0,8.0,5.0,3.0,997.0,1,2,2,4,3,2,2,0.0,6.0,5.0,997.0,997.0,06,06,06,2,8,1,4,2,2,8,3,97,98,98,05,98,03,02,02,98,97,96,50.0,50.0,2,3,2,1,02,3,,,04,1951.0,2,04,02,02,05,02,01,1,0.40793442726135254,2.0
1977,G6V,12,98,1,1,1,2,3,3,2,2,1,2,1,03,97,10.0,6.0,01,03,,03,2,,2,2,4,1,2,1,3,0.0,0.0,90.0,997.0,997.0,1,2,8,4,2,3,3,1.0,0.0,99.0,1.0,997.0,03,03,03,2,3,1,2,2,3,2,3,03,03,03,03,03,03,03,03,03,03,03,0.0,70.0,1,4,2,1,03,1,,,02,1970.0,2,09,05,02,04,02,01,1,0.5570399761199951,2.0
1978,G6E,32,07,1,1,2,2,2,2,2,3,1,2,1,03,02,10.0,8.0,01,02,01,,2,,2,2,4,2,2,1,2,0.0,60.0,90.0,997.0,997.0,8,2,8,4,8,8,2,0.0,0.0,90.0,997.0,997.0,01,03,03,2,3,8,8,2,8,8,4,98,98,98,05,03,03,03,03,03,98,03,50.0,998.0,8,4,3,1,03,2,,,02,1975.0,2,07,99,02,05,02,01,1,1.1921813488006592,2.0
1979,H4L,06,07,1,1,2,1,1,1,2,1,1,1,1,02,04,7.0,3.0,01,08,02,,2,,3,2,3,2,2,8,2,999.0,60.0,998.0,40.0,998.0,1,2,8,4,8,2,3,20.0,60.0,40.0,997.0,997.0,02,98,02,3,3,8,3,3,2,8,8,98,98,98,05,04,01,02,02,02,98,04,70.0,70.0,1,3,3,1,02,1,,,04,1978.0,2,05,99,02,05,02,01,1,0.926587700843811,2.0
1980,J0L,26,01,1,2,3,2,1,4,2,3,3,1,1,02,03,10.0,7.0,04,01,01,,1,,2,1,4,1,2,1,2,0.0,90.0,10.0,0.0,0.0,1,1,2,1,2,1,3,0.0,60.0,90.0,5.0,997.0,02,02,02,1,2,1,4,4,1,3,4,02,02,02,97,03,03,02,02,02,02,02,80.0,40.0,2,1,1,1,02,2,,,04,1948.0,1,07,06,11,05,02,02,1,0.6765576601028442,2.0
1981,J5X,24,98,3,3,3,3,2,3,4,3,2,3,1,02,03,5.0,5.0,04,03,,04,2,,2,2,2,2,3,2,2,50.0,50.0,75.0,997.0,997.0,1,2,1,4,3,2,2,50.0,25.0,75.0,10.0,997.0,01,03,03,3,3,1,4,1,2,1,1,98,98,01,03,03,03,02,02,03,01,03,10.0,60.0,1,2,2,2,02,3,,,04,1939.0,1,07,02,03,02,02,01,1,1.5382611751556396,2.0
1982,J2G,05,96,2,3,3,4,3,2,4,4,1,1,1,03,01,4.0,10.0,03,01,,02,2,,1,1,4,1,2,1,3,40.0,0.0,80.0,0.0,0.0,1,2,1,4,4,3,2,40.0,0.0,80.0,0.0,0.0,01,03,03,3,1,1,4,1,1,2,3,03,03,03,01,04,03,01,01,03,03,03,100.0,80.0,1,4,2,1,01,2,,,02,1953.0,1,05,07,11,05,02,01,1,2.0705089569091797,2.0
1983,J0K,24,09,2,8,1,1,2,3,3,2,2,3,1,04,03,10.0,3.0,01,03,02,,1,,1,1,4,1,1,1,2,25.0,50.0,40.0,50.0,997.0,1,2,1,4,4,2,2,20.0,20.0,30.0,50.0,997.0,04,06,03,3,2,1,4,2,3,3,4,98,98,02,05,98,03,02,02,99,03,04,25.0,75.0,1,3,2,1,02,2,,,04,1944.0,1,05,02,03,05,02,01,1,0.6765576601028442,2.0
1984,G1X,03,06,2,1,2,2,2,4,1,2,3,3,1,02,05,10.0,10.0,03,01,01,,1,,3,2,3,1,2,9,2,10.0,80.0,10.0,10.0,20.0,8,2,1,4,3,2,3,10.0,70.0,10.0,10.0,20.0,02,99,98,3,2,1,4,2,2,2,3,02,02,02,02,02,02,02,02,02,02,02,70.0,70.0,9,3,2,2,02,2,,,04,1942.0,1,09,10,11,04,02,01,1,0.35561421513557434,2.0
1985,G4W,01,14,1,1,1,2,2,2,3,1,1,2,1,01,03,6.0,5.0,01,03,,04,2,,2,2,3,1,2,1,3,80.0,20.0,80.0,997.0,997.0,1,2,1,4,2,2,2,75.0,0.0,95.0,997.0,997.0,01,03,03,2,1,1,4,3,1,1,3,01,01,01,03,03,03,01,01,01,01,03,0.0,95.0,1,3,1,1,01,2,,,01,1958.0,2,05,01,07,05,02,01,1,1.131169080734253,2.0
1986,G0S,12,02,1,1,1,3,1,2,2,2,1,1,1,03,02,10.0,10.0,01,03,,05,1,,1,1,4,1,9,1,3,25.0,75.0,100.0,25.0,70.0,8,2,1,1,2,1,4,1.0,0.0,100.0,25.0,997.0,01,03,03,1,2,1,4,1,1,2,4,02,02,02,02,02,03,02,02,03,03,03,100.0,65.0,2,1,1,1,02,1,,,02,1946.0,1,02,04,02,05,02,01,1,0.15640604496002197,2.0
1987,H2K,06,05,1,1,1,1,2,3,1,1,1,2,1,02,04,10.0,10.0,96,,,04,1,,3,3,2,2,2,2,2,50.0,80.0,40.0,80.0,70.0,8,8,1,1,3,1,3,30.0,70.0,50.0,90.0,60.0,98,04,04,3,2,1,4,8,2,1,4,98,98,98,04,04,04,04,04,04,04,04,50.0,70.0,1,2,2,3,04,1,,,04,1946.0,1,04,02,03,04,02,01,1,0.6322008967399597,2.0
1988,H4H,06,08,1,2,3,1,3,1,4,3,2,3,1,05,03,7.0,6.0,01,03,03,,2,,2,2,3,1,2,2,3,59.0,47.0,75.0,998.0,80.0,1,2,1,4,2,2,8,32.0,28.0,78.0,998.0,79.0,01,05,03,2,1,3,4,2,2,2,3,98,98,98,05,04,03,04,02,03,98,03,77.0,75.0,1,8,2,1,03,2,,,01,1969.0,1,06,09,02,05,02,01,1,2.670271873474121,2.0
1989,G1G,03,02,1,2,2,1,1,3,1,1,2,1,1,03,98,10.0,5.0,01,06,,04,1,,1,1,3,1,2,1,3,25.0,50.0,75.0,998.0,998.0,1,2,1,8,2,1,1,0.0,0.0,100.0,998.0,997.0,98,03,03,2,3,1,1,2,2,2,1,98,98,03,05,03,03,03,98,03,98,03,998.0,998.0,2,1,1,1,02,3,,,06,1937.0,2,07,04,11,04,02,01,1,0.29985514283180237,2.0
1990,J3Y,16,98,2,4,4,4,3,3,4,8,8,2,2,,,0.0,0.0,01,02,,04,3,,2,2,4,1,2,1,8,25.0,75.0,50.0,997.0,997.0,1,2,1,8,3,2,1,10.0,75.0,998.0,997.0,997.0,98,98,98,3,2,8,3,2,2,2,3,98,98,98,98,98,98,02,02,98,98,98,0.0,50.0,1,4,2,1,02,3,,,06,1975.0,2,08,09,02,05,02,01,1,0.926587700843811,2.0
1991,G1H,03,10,1,3,2,1,2,3,1,3,2,1,1,03,01,8.0,8.0,03,01,,04,2,,3,2,3,1,2,1,2,60.0,40.0,90.0,30.0,20.0,1,2,1,1,1,2,2,50.0,40.0,90.0,40.0,997.0,01,03,03,1,3,1,2,2,2,2,2,03,02,01,05,04,03,03,02,03,03,03,60.0,70.0,2,3,2,1,03,2,,,01,1943.0,1,08,06,03,04,02,01,1,0.15640604496002197,2.0
1992,G1S,03,10,1,2,3,2,2,3,2,3,2,2,1,01,03,10.0,10.0,01,03,02,,2,,3,3,2,3,3,2,1,70.0,60.0,55.0,20.0,45.0,2,1,2,1,4,2,3,60.0,50.0,60.0,25.0,25.0,01,98,98,2,1,1,3,2,2,2,2,01,02,01,98,98,98,01,98,98,01,01,30.0,60.0,1,3,8,3,01,3,,,02,1958.0,1,09,10,02,05,02,01,1,0.4523656964302063,2.0
1993,G1S,03,98,2,2,4,4,2,3,4,3,2,4,1,01,97,5.0,5.0,01,03,03,,2,,3,3,3,2,2,2,3,60.0,0.0,30.0,0.0,20.0,2,2,1,4,2,2,3,60.0,0.0,30.0,0.0,20.0,01,01,03,1,1,1,3,2,3,3,3,01,01,01,01,01,01,01,01,01,01,01,0.0,50.0,2,3,2,1,01,2,,,07,1951.0,2,07,05,02,05,02,01,1,0.13188232481479645,2.0
1994,J1N,05,01,1,3,3,2,2,1,8,3,2,4,1,01,97,10.0,2.0,01,03,,02,2,,3,3,2,1,3,8,1,85.0,0.0,15.0,0.0,20.0,8,2,1,4,4,8,3,85.0,10.0,30.0,0.0,997.0,01,01,01,3,1,3,1,1,8,8,3,01,01,01,05,01,03,01,01,01,01,01,10.0,50.0,1,3,2,1,01,2,,,03,1937.0,2,07,05,03,05,02,01,1,1.1933574676513672,2.0
1995,H3J,06,01,1,4,4,3,4,4,1,3,3,3,1,01,97,8.0,5.0,01,03,,01,2,,1,1,3,1,1,1,2,80.0,0.0,20.0,0.0,50.0,2,8,8,4,2,8,3,60.0,30.0,10.0,997.0,997.0,01,02,03,1,1,2,3,2,3,2,2,01,01,01,05,01,02,04,02,01,01,01,0.0,80.0,1,4,4,1,01,1,,,01,1963.0,1,07,09,02,05,02,01,1,2.670271873474121,2.0
1996,J4J,16,19,1,2,3,2,2,3,2,3,2,1,1,02,03,8.0,6.0,01,04,02,,1,,2,3,2,2,2,2,2,40.0,100.0,80.0,998.0,70.0,1,2,1,3,1,1,3,40.0,70.0,90.0,998.0,997.0,03,02,03,3,2,1,4,2,2,1,3,02,02,01,02,03,02,02,02,02,98,02,65.0,80.0,1,2,2,1,02,1,,,04,1976.0,1,07,04,02,04,02,01,1,1.4359921216964722,2.0
1997,J3G,16,98,2,3,2,2,3,4,4,2,2,2,1,03,97,4.0,4.0,01,97,,03,8,8,1,1,4,1,2,1,3,30.0,30.0,70.0,997.0,997.0,1,2,8,3,4,2,2,10.0,20.0,70.0,997.0,997.0,03,03,03,2,4,1,4,4,3,3,3,98,98,98,98,98,03,03,98,98,98,98,0.0,80.0,8,3,2,1,97,,2,,03,1959.0,1,04,03,01,04,02,01,1,1.828485131263733,2.0
1998,J5A,16,98,1,2,3,2,1,2,3,3,3,2,1,01,03,7.0,6.0,01,97,,02,2,,1,1,4,1,2,1,3,998.0,0.0,75.0,997.0,997.0,8,2,8,4,3,1,2,75.0,0.0,80.0,997.0,997.0,01,06,03,1,1,2,2,3,2,2,3,01,98,01,98,03,03,01,98,01,01,03,0.0,50.0,1,4,2,1,01,2,,,01,1963.0,2,04,06,07,05,02,01,1,1.7230206727981567,2.0
1999,H7N,13,02,1,1,2,1,2,2,1,2,2,2,1,02,03,9.0,7.0,01,04,02,,1,,3,2,2,1,2,2,2,25.0,90.0,80.0,997.0,997.0,1,2,1,2,2,1,3,20.0,50.0,90.0,997.0,997.0,03,03,07,2,2,1,3,2,2,2,1,02,02,98,98,98,01,02,02,02,98,02,50.0,90.0,8,1,1,2,02,1,,,04,1975.0,1,07,03,02,04,02,01,1,1.4359921216964722,2.0
2000,J6K,16,17,2,1,2,2,1,3,2,2,2,1,1,02,03,4.0,6.0,02,01,01,,1,,1,1,4,1,1,1,4,0.0,50.0,50.0,997.0,998.0,1,2,1,3,3,3,1,0.0,25.0,75.0,998.0,997.0,03,03,03,2,2,1,2,2,3,3,3,03,03,03,05,03,03,02,02,02,02,02,50.0,80.0,2,2,1,1,02,2,,,04,1940.0,2,06,99,11,01,02,01,1,0.9275031685829163,2.0
2001,G5N,01,05,2,2,3,2,2,3,1,2,2,2,1,02,04,7.0,6.0,01,03,02,,1,,2,2,3,1,3,8,2,0.0,80.0,0.0,60.0,40.0,1,2,1,2,4,2,3,0.0,80.0,0.0,60.0,20.0,02,02,02,2,2,1,3,3,2,2,3,02,02,02,02,04,02,02,02,02,02,02,100.0,80.0,1,3,3,2,02,1,,,04,1955.0,2,07,09,02,05,02,01,1,1.131169080734253,2.0
2002,J7V,26,10,1,1,2,1,2,2,2,2,2,4,1,01,97,10.0,5.0,01,02,,03,2,,2,2,3,1,2,2,3,98.0,0.0,997.0,0.0,85.0,2,2,1,4,8,2,4,95.0,0.0,50.0,997.0,998.0,01,01,03,1,1,8,8,1,2,2,3,01,01,01,05,01,01,01,99,01,01,01,0.0,85.0,1,8,2,4,01,1,,,01,9999.0,2,04,06,02,05,01,01,2,0.6664856672286987,2.0
2003,H7N,13,07,1,1,2,1,3,3,3,2,1,4,1,02,03,7.0,2.0,01,03,,03,2,,2,2,3,1,2,1,3,5.0,7.0,6.0,7.0,6.0,2,2,1,4,1,3,2,4.0,6.0,5.0,997.0,997.0,06,02,02,2,4,1,3,2,3,2,4,03,03,03,05,98,02,04,02,01,01,02,0.0,90.0,1,4,2,1,02,3,,,06,1981.0,2,08,01,02,05,02,01,1,0.926587700843811,2.0
2004,H2N,06,98,3,1,3,1,2,4,3,2,2,4,1,05,03,7.0,7.0,01,03,96,,1,,2,2,3,2,2,1,3,10.0,60.0,65.0,997.0,80.0,8,2,1,3,3,8,3,0.0,60.0,85.0,997.0,997.0,98,98,03,3,4,1,4,2,2,2,4,98,98,98,05,03,03,02,02,98,98,03,50.0,30.0,8,4,8,1,05,2,,,03,1984.0,1,08,04,05,05,02,01,1,2.061872959136963,2.0
2005,G6Z,12,98,2,2,2,3,2,2,2,3,4,3,1,03,01,7.0,6.0,01,03,02,,2,,8,3,3,1,2,8,3,65.0,0.0,65.0,0.0,0.0,2,1,8,4,2,8,2,65.0,0.0,70.0,997.0,997.0,01,03,03,3,4,3,8,2,8,2,3,98,98,98,98,03,03,98,98,03,01,03,10.0,100.0,2,8,2,2,98,,2,,02,1974.0,2,09,02,04,05,02,01,1,0.29955968260765076,2.0
2006,J6E,24,12,1,3,3,4,1,3,1,3,3,1,1,03,01,7.0,7.0,01,03,,04,2,,1,1,4,1,2,1,3,40.0,10.0,50.0,0.0,0.0,2,1,2,4,3,2,3,40.0,0.0,90.0,40.0,0.0,01,03,03,1,1,1,4,3,1,2,4,03,01,01,03,01,03,03,03,01,01,03,10.0,20.0,2,2,2,2,03,3,,,02,1945.0,1,04,04,03,05,02,01,1,0.6765576601028442,2.0
2007,G6L,17,98,1,2,1,1,2,2,3,2,2,1,1,99,,7.0,7.0,01,08,,04,1,,3,2,3,1,2,1,3,10.0,20.0,40.0,15.0,30.0,2,2,1,3,3,2,3,20.0,30.0,30.0,998.0,998.0,98,98,03,2,3,1,8,3,8,2,4,98,98,99,05,04,03,02,98,98,98,98,30.0,30.0,1,3,2,2,05,1,,,99,1949.0,2,05,03,02,05,02,01,1,0.5248628258705139,2.0
2008,G6C,12,02,2,3,1,4,2,1,2,2,4,2,1,03,97,9.0,9.0,01,02,,04,9,,1,2,4,1,1,1,3,0.0,10.0,40.0,0.0,0.0,2,9,1,2,3,2,3,0.0,10.0,75.0,2.0,0.0,06,03,03,2,2,1,3,3,4,4,4,97,03,98,97,03,99,97,99,03,97,03,50.0,75.0,8,8,8,1,03,3,,,04,1965.0,1,05,03,02,04,02,01,1,0.6606233716011047,2.0
2009,H8R,06,96,2,1,3,1,1,3,3,3,1,3,1,05,02,8.0,8.0,01,03,02,,1,,3,3,3,1,2,2,2,60.0,65.0,998.0,998.0,998.0,1,2,1,2,2,1,4,50.0,65.0,70.0,70.0,60.0,98,03,03,3,2,1,3,3,2,3,1,02,03,98,05,04,03,02,02,03,98,98,55.0,70.0,1,4,2,2,02,2,,,04,1942.0,2,09,05,11,04,02,01,1,0.9275031685829163,2.0
2010,J0H,26,06,1,1,2,1,2,2,3,1,1,8,2,,,5.0,1.0,01,03,,04,3,,1,1,4,1,2,1,3,10.0,20.0,60.0,997.0,90.0,1,2,8,2,8,3,2,0.0,50.0,20.0,997.0,90.0,05,02,02,2,4,1,8,2,3,4,3,02,02,98,05,98,98,98,02,98,98,05,75.0,998.0,1,4,2,3,05,1,,,06,1987.0,2,06,01,05,05,02,01,1,1.7611688375473022,2.0
2011,H9R,06,01,1,1,2,2,2,2,3,2,2,3,1,03,01,9.0,1.0,01,03,03,,2,,2,2,3,1,1,1,2,50.0,0.0,80.0,20.0,30.0,1,1,8,4,3,2,3,50.0,0.0,80.0,997.0,998.0,06,03,03,3,1,8,2,1,2,2,4,01,01,98,05,98,98,03,02,01,98,01,50.0,90.0,1,3,3,2,01,2,,,01,1968.0,2,07,05,02,01,01,09,5,3.8655707836151123,2.0
2012,H1K,06,10,4,4,4,4,4,4,1,4,4,4,1,02,05,8.0,8.0,01,02,01,,1,,2,2,3,2,2,1,2,0.0,90.0,1.0,1.0,1.0,2,1,1,1,3,1,3,0.0,90.0,1.0,1.0,2.0,01,04,06,8,2,1,3,3,2,2,3,96,98,99,99,99,99,99,99,99,99,99,998.0,998.0,1,3,3,2,02,2,,,04,1948.0,1,05,05,03,05,02,01,1,0.6322008967399597,2.0
2013,J7R,15,12,1,1,3,1,2,1,3,2,2,2,1,01,03,3.0,2.0,03,02,04,,2,,3,2,3,1,2,1,2,70.0,0.0,50.0,997.0,997.0,1,1,1,4,2,1,4,70.0,50.0,60.0,997.0,997.0,01,01,01,1,1,3,2,2,1,3,3,01,01,01,01,01,01,01,01,01,01,01,60.0,75.0,1,4,2,3,01,2,,,01,1966.0,2,08,09,02,04,01,01,2,0.9353222250938416,2.0
2014,G3E,03,01,1,1,2,1,2,3,4,2,2,2,1,03,05,8.0,7.0,02,01,02,,8,8,2,2,3,2,2,8,2,50.0,40.0,75.0,20.0,40.0,1,1,8,3,2,3,3,50.0,40.0,75.0,20.0,997.0,03,03,03,1,3,1,3,2,1,1,3,98,03,98,05,04,03,98,02,03,01,03,60.0,75.0,1,3,2,1,03,2,,,04,1980.0,2,09,02,02,05,02,01,1,0.29955968260765076,2.0
2015,999,03,01,1,2,2,1,3,2,2,2,2,1,1,03,02,10.0,6.0,01,08,,05,1,,2,2,3,1,1,1,2,0.0,95.0,80.0,85.0,90.0,1,2,1,2,2,3,3,0.0,60.0,90.0,85.0,85.0,03,05,03,2,2,1,4,2,2,2,3,02,03,03,05,02,04,02,04,03,03,04,70.0,100.0,1,3,2,1,02,2,,,02,1972.0,2,07,04,02,05,02,01,1,0.5570399761199951,2.0
2016,G3E,03,03,2,2,2,2,2,2,2,2,2,2,1,03,97,10.0,8.0,02,03,03,,2,,2,2,4,1,2,1,3,1.0,0.0,90.0,997.0,997.0,1,2,1,4,4,3,2,0.0,0.0,100.0,90.0,998.0,03,03,03,2,3,8,2,2,2,3,3,03,03,03,03,03,03,03,03,03,03,03,0.0,998.0,1,3,2,2,03,2,,,02,1974.0,2,09,06,02,05,02,01,1,0.29955968260765076,2.0
2017,G2L,03,01,1,2,3,2,2,3,2,2,3,3,1,99,,9.0,6.0,03,01,01,,1,,2,2,3,2,2,2,2,50.0,90.0,30.0,80.0,70.0,1,1,1,3,2,2,2,20.0,40.0,10.0,60.0,998.0,02,02,04,3,2,1,4,4,3,2,3,02,02,98,05,04,03,02,02,03,03,04,80.0,70.0,1,4,3,3,02,2,,,04,1953.0,1,09,10,02,05,02,01,1,0.4523656964302063,2.0
2018,G1R,03,96,1,1,2,1,1,3,2,1,2,2,2,,,9.0,8.0,01,04,,03,1,,2,1,2,3,2,1,3,30.0,45.0,5.0,85.0,75.0,1,2,1,4,3,4,3,5.0,5.0,5.0,85.0,50.0,06,04,04,1,3,1,4,3,1,1,3,01,04,01,05,04,04,02,02,98,03,04,90.0,70.0,1,4,3,4,97,,1,04,03,1979.0,1,06,04,02,05,02,01,1,0.3552634119987488,2.0
2019,G2C,03,98,1,2,3,2,2,1,2,2,3,1,1,03,01,7.0,2.0,01,03,,02,2,,2,2,3,1,2,1,2,70.0,0.0,65.0,997.0,997.0,2,2,2,4,3,3,2,55.0,60.0,50.0,997.0,997.0,06,02,06,3,1,3,4,3,2,2,4,01,03,01,03,03,02,03,99,03,03,01,0.0,86.0,8,3,2,1,01,3,,,02,1963.0,2,09,10,02,05,02,01,1,0.5570399761199951,2.0
2020,999,03,02,3,3,3,2,3,3,3,3,3,4,1,03,01,6.0,5.0,03,01,03,,2,,4,4,3,2,2,1,2,60.0,10.0,40.0,998.0,998.0,2,1,2,4,2,1,1,998.0,1.0,50.0,997.0,997.0,01,03,98,3,4,3,2,1,3,3,3,03,01,01,05,03,01,02,02,03,01,03,0.0,80.0,1,3,2,1,97,,8,,02,1966.0,1,08,10,02,04,02,01,1,0.6606233716011047,2.0
2021,G2B,03,98,1,1,2,3,3,3,2,2,1,2,1,03,01,3.0,3.0,01,03,03,,2,,1,2,3,1,2,2,3,25.0,25.0,80.0,998.0,50.0,2,2,8,4,3,3,2,25.0,50.0,80.0,997.0,997.0,03,03,03,3,4,1,3,2,3,3,3,03,03,03,03,03,03,03,03,03,03,03,75.0,75.0,1,3,2,1,03,2,,,02,1984.0,2,07,01,09,05,02,01,1,0.4301224946975708,2.0
2022,G1K,03,98,2,2,2,2,2,2,2,2,2,2,2,,,5.0,8.0,01,03,96,,8,3,1,3,3,1,2,1,1,30.0,30.0,30.0,0.0,0.0,1,2,8,3,3,2,2,50.0,50.0,50.0,998.0,998.0,06,06,06,1,4,8,4,1,1,1,4,97,97,97,97,97,96,97,97,97,97,97,20.0,100.0,1,4,4,1,97,,2,,06,1978.0,2,09,99,02,05,02,01,1,0.29955968260765076,2.0
2023,G1X,03,14,1,2,2,1,1,2,2,1,1,1,1,03,02,10.0,10.0,03,04,02,,2,,2,2,4,1,2,1,3,0.0,40.0,100.0,0.0,0.0,8,2,1,4,1,1,4,0.0,40.0,100.0,0.0,0.0,03,03,03,3,3,1,1,1,1,2,4,03,03,03,03,03,03,03,03,03,03,03,60.0,50.0,2,4,2,1,03,2,,,02,1973.0,1,09,03,02,05,02,01,1,0.3552634119987488,2.0
2024,G0A,03,04,1,2,1,2,1,3,3,2,2,2,1,03,97,9.0,8.0,01,03,,04,1,,2,2,2,3,2,1,2,75.0,33.0,90.0,4.0,4.0,1,2,1,3,1,2,3,70.0,27.0,88.0,11.0,22.0,03,03,03,1,3,3,4,2,1,2,2,01,02,03,05,04,03,03,02,03,03,03,2.0,95.0,1,8,1,1,03,1,,,04,1986.0,1,06,01,05,04,02,01,1,0.5101058483123779,2.0
2025,G1X,03,98,2,2,2,1,8,2,2,2,2,2,1,03,05,8.0,2.0,06,01,03,,2,,2,2,3,2,2,1,2,68.0,34.0,70.0,997.0,70.0,1,2,1,4,3,3,3,60.0,55.0,80.0,997.0,997.0,01,98,03,8,1,3,8,2,2,8,3,03,03,98,05,05,03,02,02,03,98,98,0.0,50.0,1,8,8,2,97,,1,03,03,1985.0,2,08,98,09,04,02,01,1,0.4301224946975708,2.0
2026,G0A,03,07,2,2,2,3,3,2,3,3,1,4,2,,,6.0,6.0,06,04,02,,2,,3,2,3,1,2,2,2,75.0,0.0,50.0,0.0,0.0,8,8,8,4,3,2,3,50.0,0.0,75.0,0.0,0.0,01,03,03,8,1,3,4,1,2,3,3,01,03,01,01,03,03,03,01,03,01,03,30.0,75.0,2,3,1,2,01,2,,,01,1975.0,2,05,04,01,05,02,01,1,0.29955968260765076,2.0
2027,G2L,03,98,1,1,3,2,2,1,2,2,1,2,1,03,01,8.0,8.0,01,02,03,,2,,2,2,2,1,2,8,2,75.0,5.0,75.0,5.0,25.0,1,1,2,4,3,3,2,75.0,0.0,75.0,0.0,5.0,01,03,03,3,1,3,2,3,3,3,2,01,01,01,03,03,03,01,01,03,01,03,50.0,50.0,1,3,2,1,01,3,,,02,1975.0,2,07,08,06,04,02,01,1,0.29955968260765076,2.0
2028,G1V,03,05,2,2,3,2,1,2,3,2,2,1,1,01,03,7.0,7.0,02,01,,04,2,,3,2,2,2,2,2,2,80.0,0.0,60.0,0.0,0.0,1,1,2,4,1,3,3,70.0,0.0,90.0,0.0,0.0,03,03,01,1,1,1,1,1,1,1,4,01,01,01,05,03,03,01,01,03,03,03,0.0,50.0,1,3,3,2,01,2,,,02,1973.0,2,08,08,02,04,02,01,1,0.29955968260765076,2.0
2029,999,03,98,2,2,3,1,2,4,2,3,3,3,1,03,02,8.0,4.0,01,03,,05,1,,1,1,4,1,2,1,3,10.0,60.0,60.0,997.0,50.0,1,1,1,3,3,4,1,0.0,2.0,60.0,997.0,997.0,06,04,98,3,2,1,4,4,2,2,4,98,98,98,98,98,98,98,98,97,98,98,50.0,50.0,1,4,4,1,02,3,,,04,1981.0,2,09,03,04,05,02,01,1,0.29955968260765076,2.0
2030,G3E,03,98,1,1,3,1,2,2,2,1,2,4,1,03,02,8.0,8.0,01,03,,04,1,,2,2,3,1,2,1,3,999.0,999.0,999.0,998.0,998.0,1,1,1,2,8,3,2,0.0,50.0,100.0,998.0,997.0,03,03,03,3,3,1,1,1,3,1,3,03,03,03,05,04,03,03,02,02,03,03,25.0,50.0,2,4,1,2,03,2,,,02,1978.0,2,08,03,02,04,02,01,1,0.29955968260765076,2.0
2031,G1S,03,99,1,1,3,1,2,2,3,2,2,4,2,,,7.0,7.0,01,09,03,,8,3,2,2,3,1,1,1,9,10.0,70.0,90.0,30.0,60.0,1,8,1,3,3,8,3,25.0,70.0,70.0,997.0,997.0,02,03,03,3,4,8,3,2,2,3,3,02,01,02,05,03,03,01,02,98,03,03,998.0,50.0,2,4,3,1,03,2,,,06,1986.0,2,07,01,05,05,02,01,1,0.4301224946975708,2.0
2032,G2C,03,01,1,1,3,1,3,4,1,2,2,1,1,02,97,10.0,6.0,01,03,,04,1,,2,3,3,8,2,1,2,0.0,90.0,75.0,0.0,997.0,1,2,1,1,8,2,3,0.0,100.0,80.0,0.0,0.0,02,02,03,3,2,1,8,4,2,3,4,98,02,98,02,98,03,02,02,02,98,03,20.0,50.0,1,3,3,1,02,2,,,04,1977.0,2,07,02,02,05,02,01,1,0.29955968260765076,2.0
2033,G3K,03,01,1,3,3,3,2,2,2,3,2,3,1,03,01,10.0,8.0,01,03,,03,2,,2,1,4,1,2,1,3,80.0,10.0,85.0,5.0,25.0,1,2,1,4,2,3,2,75.0,5.0,85.0,5.0,997.0,01,03,03,2,1,3,3,1,2,1,4,01,01,03,03,03,01,03,02,03,03,03,5.0,80.0,1,4,2,1,01,2,,,02,1976.0,1,09,08,02,05,02,01,1,0.3552634119987488,2.0
2034,G1W,03,08,1,1,3,1,3,3,2,1,1,2,1,05,04,9.0,8.0,03,02,02,,8,8,2,1,2,2,2,1,2,60.0,60.0,10.0,85.0,90.0,1,2,1,2,2,2,2,70.0,70.0,0.0,85.0,85.0,01,04,04,1,3,1,4,4,2,4,8,01,98,98,05,04,04,01,02,05,98,04,50.0,50.0,1,4,4,3,05,2,,,04,1986.0,2,08,10,05,05,02,01,1,0.4301224946975708,2.0
2035,G1B,03,98,1,1,1,1,2,1,3,2,2,1,2,,,7.0,5.0,03,01,02,,8,8,2,2,3,1,2,1,3,998.0,998.0,998.0,997.0,998.0,1,1,2,3,4,1,1,999.0,999.0,998.0,997.0,997.0,06,03,03,2,4,8,2,1,1,3,4,02,02,02,05,03,03,03,03,01,02,03,0.0,50.0,8,8,2,1,97,,2,,06,1959.0,1,09,10,02,05,02,01,1,0.4523656964302063,2.0
2036,G1P,03,99,2,2,3,2,1,3,2,4,3,2,1,03,01,7.0,4.0,01,08,02,,8,1,2,2,2,2,2,8,1,60.0,70.0,100.0,0.0,30.0,8,1,8,3,1,1,3,50.0,20.0,90.0,0.0,10.0,01,03,03,2,3,1,2,2,8,2,4,03,03,03,03,03,03,03,02,03,03,03,50.0,998.0,8,8,1,2,03,1,,,01,1958.0,2,06,03,02,05,02,01,1,0.38143667578697205,2.0
2037,G1X,03,06,2,1,3,2,2,2,1,4,2,4,1,01,03,9.0,8.0,04,01,04,,2,,3,3,2,1,2,2,2,100.0,0.0,80.0,0.0,0.0,1,2,1,4,2,3,2,100.0,0.0,80.0,0.0,0.0,01,01,01,1,1,2,3,1,2,2,2,01,01,01,01,01,01,01,01,01,01,01,0.0,100.0,1,3,3,2,01,2,,,02,1981.0,1,10,03,02,04,02,01,1,0.3552634119987488,2.0
2038,G1H,03,03,1,1,2,3,3,2,3,3,2,2,1,03,97,5.0,5.0,03,04,,03,3,,2,2,4,2,2,8,3,60.0,20.0,80.0,997.0,997.0,1,2,1,4,8,8,2,45.0,10.0,90.0,20.0,997.0,06,03,03,3,3,2,2,1,3,4,2,01,03,98,05,98,03,03,98,03,98,03,70.0,80.0,2,4,1,1,03,2,,,02,1979.0,2,09,03,02,05,02,01,1,0.29955968260765076,2.0
2039,G1H,03,98,1,1,1,1,1,3,1,1,3,1,1,02,97,6.0,6.0,01,03,,05,1,,1,1,3,1,2,1,3,0.0,100.0,0.0,997.0,997.0,1,2,1,2,2,1,2,0.0,50.0,0.0,70.0,997.0,06,04,03,2,2,1,1,4,2,2,4,02,02,02,02,02,02,02,02,02,02,02,50.0,80.0,1,2,2,1,02,1,,,04,1966.0,2,09,07,02,03,02,01,1,0.5570399761199951,2.0
2040,G1H,03,03,2,2,3,2,3,4,3,3,2,3,1,03,05,8.0,7.0,02,03,,04,1,,2,1,4,1,8,2,2,0.0,50.0,75.0,0.0,25.0,1,2,1,4,8,3,3,0.0,25.0,70.0,0.0,50.0,03,03,03,3,3,1,3,2,3,3,2,03,03,03,05,03,03,03,02,03,03,03,60.0,70.0,2,3,3,2,03,2,,,02,1961.0,1,11,08,01,05,02,01,1,0.4523656964302063,2.0
2041,999,12,98,2,2,3,3,3,3,2,3,3,2,1,03,01,10.0,8.0,01,03,05,,2,,2,1,3,1,2,1,2,70.0,0.0,80.0,0.0,0.0,1,1,2,4,1,1,4,60.0,0.0,75.0,0.0,0.0,01,03,03,1,1,2,2,1,3,3,1,03,03,03,05,03,03,01,03,03,01,03,0.0,90.0,2,3,1,1,03,2,,,02,1979.0,1,07,10,02,04,02,01,1,0.3552634119987488,2.0
2042,G2E,03,99,3,3,3,3,2,2,4,3,2,3,1,03,04,10.0,10.0,03,02,,05,1,,1,1,4,1,2,1,3,10.0,20.0,60.0,50.0,20.0,1,2,1,4,1,1,3,0.0,10.0,60.0,20.0,20.0,03,04,03,3,2,1,4,1,2,2,2,03,03,03,03,04,03,02,02,03,03,03,25.0,60.0,1,4,3,2,03,1,,,02,1947.0,1,05,03,02,05,02,01,1,0.15640604496002197,2.0
2043,G1M,03,07,2,1,3,1,2,3,8,2,1,4,1,02,05,7.0,7.0,01,02,01,,1,,2,1,3,1,2,1,2,0.0,7.0,8.0,6.0,9.0,1,1,8,2,8,2,3,0.0,8.0,8.0,998.0,8.0,02,03,02,2,2,1,2,3,3,1,3,01,02,02,05,02,02,02,02,02,02,02,40.0,80.0,1,4,1,1,02,1,,,04,1982.0,1,10,03,05,04,02,01,1,0.3552634119987488,2.0
2044,G1M,03,96,3,2,3,2,2,1,4,3,4,2,1,03,05,8.0,5.0,04,01,,04,2,,2,2,2,1,2,1,2,35.0,25.0,75.0,20.0,60.0,1,2,8,4,2,2,3,40.0,10.0,80.0,997.0,997.0,03,03,03,3,3,1,4,1,2,2,4,03,03,03,05,02,03,03,03,03,03,03,10.0,80.0,1,4,3,1,03,2,,,02,1980.0,1,08,06,02,05,02,01,1,0.3552634119987488,2.0
2045,G1K,03,96,1,1,3,3,4,3,4,3,3,3,2,,,9.0,5.0,01,03,04,,2,,2,1,3,1,2,1,8,67.0,25.0,50.0,0.0,5.0,1,2,1,4,2,1,3,65.0,25.0,50.0,997.0,997.0,01,03,03,1,1,1,4,8,1,8,4,01,01,01,98,01,03,01,98,03,01,98,10.0,60.0,2,2,1,1,01,2,,,02,1967.0,1,09,99,02,05,02,01,1,0.6606233716011047,2.0
2046,G1H,03,04,3,1,1,1,3,4,2,2,3,3,1,02,05,7.0,7.0,01,03,,04,1,,2,1,3,3,8,8,2,20.0,80.0,45.0,40.0,75.0,2,1,8,3,4,3,3,50.0,60.0,50.0,50.0,70.0,06,02,03,3,2,1,4,3,1,2,3,02,02,03,05,04,02,01,03,05,03,04,60.0,85.0,1,2,4,2,02,2,,,03,1984.0,2,09,03,02,05,02,01,1,0.4301224946975708,2.0
2047,G2L,03,08,2,2,3,1,2,2,4,2,3,3,1,01,97,7.0,7.0,01,06,,02,2,,2,1,3,2,2,1,3,60.0,0.0,10.0,0.0,10.0,8,1,2,4,3,1,2,30.0,0.0,20.0,1.0,1.0,01,06,06,3,3,1,4,2,1,2,2,01,03,01,01,98,03,01,98,01,01,01,0.0,70.0,8,3,2,2,01,2,,,01,1955.0,2,08,01,07,04,02,01,1,0.38143667578697205,2.0
2048,G1B,03,01,1,2,3,3,3,3,4,3,2,3,1,01,03,8.0,7.0,01,02,03,,2,,3,2,3,1,2,1,3,80.0,50.0,70.0,0.0,5.0,2,1,8,4,2,1,3,70.0,35.0,70.0,0.0,5.0,01,03,03,1,1,3,1,2,2,2,3,01,01,98,98,98,03,01,98,01,01,03,0.0,85.0,1,8,2,1,01,2,,,02,1970.0,1,09,99,02,04,02,01,1,0.6606233716011047,2.0
2049,G1C,03,05,1,2,3,1,1,3,1,2,2,2,1,01,03,9.0,7.0,03,01,04,,2,,2,3,2,2,2,2,2,90.0,0.0,75.0,35.0,45.0,1,1,2,4,2,2,4,85.0,10.0,70.0,35.0,15.0,01,03,03,1,1,1,3,2,1,2,3,01,01,01,01,01,01,01,01,03,01,03,10.0,65.0,1,3,2,1,01,1,,,03,1973.0,2,10,06,02,04,02,01,1,0.29955968260765076,2.0
2050,G1C,03,98,1,1,3,2,2,2,8,2,2,8,1,01,03,6.0,2.0,01,04,,03,2,,3,3,2,1,2,8,2,80.0,40.0,80.0,30.0,50.0,1,2,8,2,2,2,3,50.0,50.0,75.0,25.0,997.0,07,03,03,3,4,3,8,1,2,3,3,01,02,98,05,04,03,02,02,03,01,02,50.0,75.0,1,3,1,2,97,,1,03,07,1974.0,2,07,06,02,04,02,01,1,0.29955968260765076,2.0
2051,G1Y,03,98,3,2,2,1,2,2,4,2,2,3,1,03,05,4.0,5.0,03,01,96,,2,,2,3,2,1,2,2,1,60.0,25.0,90.0,997.0,90.0,2,8,8,4,8,2,3,50.0,25.0,75.0,997.0,997.0,98,98,98,3,1,1,8,2,1,2,2,98,98,98,05,98,01,02,98,98,98,98,0.0,90.0,1,8,2,3,97,,2,,02,1983.0,2,09,01,05,05,02,13,5,0.9649726152420044,2.0
2052,G1E,03,96,2,2,2,2,3,2,3,2,2,1,1,03,02,5.0,7.0,01,03,02,,2,,2,1,4,1,2,1,3,65.0,75.0,50.0,25.0,50.0,1,1,1,4,3,3,1,10.0,60.0,80.0,25.0,997.0,01,03,03,2,3,3,4,2,2,3,3,01,02,02,05,02,03,02,02,03,98,02,80.0,80.0,1,3,3,1,02,2,,,04,1958.0,1,05,04,02,05,02,01,1,0.4523656964302063,2.0
2053,G1N,03,99,4,4,4,4,4,4,4,4,4,4,2,,,0.0,0.0,97,,,96,3,,2,2,4,1,2,8,2,997.0,997.0,997.0,997.0,997.0,8,8,8,8,4,9,1,997.0,997.0,997.0,997.0,997.0,06,06,06,3,4,8,8,8,8,8,8,98,98,98,98,98,98,98,98,98,98,98,0.0,998.0,8,4,4,4,97,,2,,06,1953.0,1,07,01,03,05,02,01,1,0.4523656964302063,2.0
2054,999,03,10,3,3,3,2,2,2,1,3,2,4,1,02,03,8.0,5.0,03,01,01,,1,,1,1,4,1,1,1,3,0.0,100.0,50.0,30.0,80.0,2,8,8,1,2,3,2,0.0,80.0,40.0,20.0,60.0,05,06,05,3,2,1,4,1,4,4,4,02,02,02,05,02,03,02,02,02,02,02,20.0,20.0,2,3,1,1,02,1,,,04,1979.0,2,09,09,02,01,02,01,1,0.29955968260765076,2.0
2055,G1R,03,98,2,2,2,2,2,3,2,2,2,2,1,02,04,10.0,8.0,03,01,01,,1,,2,3,3,2,2,1,3,50.0,90.0,0.0,80.0,0.0,1,8,8,3,3,1,4,10.0,80.0,0.0,100.0,0.0,02,04,04,3,2,1,4,4,1,1,3,98,02,98,98,04,02,02,02,98,98,04,80.0,60.0,1,4,3,8,02,2,,,04,1955.0,2,10,07,02,05,02,01,1,0.38143667578697205,2.0
2056,G1H,03,07,1,2,2,2,2,1,2,1,1,2,1,03,97,10.0,7.0,06,03,03,,2,,1,1,4,1,1,1,4,3.0,0.0,9.0,0.0,0.0,1,2,8,4,1,4,2,4.0,0.0,9.0,0.0,2.0,03,03,03,2,3,1,1,1,4,4,4,03,03,03,05,03,03,03,03,98,03,03,0.0,95.0,8,4,2,1,03,2,,,02,1971.0,1,11,05,02,04,02,01,1,0.6606233716011047,2.0
2057,G1M,03,01,1,2,1,8,4,2,2,1,1,3,1,01,97,6.0,2.0,04,97,,03,2,,1,2,3,1,2,1,9,50.0,20.0,30.0,0.0,0.0,2,8,8,1,3,2,3,50.0,0.0,50.0,998.0,998.0,03,98,03,8,4,1,2,8,3,2,4,98,98,01,98,02,98,98,98,98,98,98,0.0,75.0,1,8,1,2,98,,2,,06,1964.0,2,07,01,99,05,02,01,1,0.5570399761199951,2.0
2058,G2C,03,98,2,2,3,2,3,3,3,3,2,4,1,02,03,2.0,2.0,08,07,02,,1,,2,1,3,2,2,2,2,45.0,75.0,50.0,997.0,997.0,2,1,8,3,2,1,2,40.0,70.0,55.0,997.0,997.0,02,02,02,3,3,1,3,3,2,2,3,98,98,98,05,98,02,02,02,02,98,02,60.0,50.0,1,4,3,2,02,2,,,04,1966.0,2,09,03,02,05,02,01,1,0.5570399761199951,2.0
2059,G1S,03,01,1,1,2,1,2,2,3,1,1,2,1,01,05,7.0,6.0,01,06,,02,2,,2,1,3,1,1,1,2,75.0,45.0,55.0,35.0,85.0,2,1,8,4,2,2,3,65.0,45.0,55.0,35.0,85.0,05,05,03,1,3,1,3,2,2,2,4,01,01,01,05,03,02,01,02,01,01,03,15.0,75.0,8,3,2,2,01,2,,,01,1980.0,2,10,03,02,05,02,01,1,0.29955968260765076,2.0
2060,G1S,03,99,4,1,4,2,3,4,4,4,2,4,1,04,02,3.0,10.0,02,03,,05,8,8,9,3,9,8,3,2,2,50.0,70.0,10.0,60.0,40.0,1,2,1,4,3,3,3,40.0,40.0,20.0,80.0,50.0,01,07,03,8,8,1,3,4,2,3,3,05,02,98,05,04,98,98,99,98,01,04,50.0,998.0,1,8,2,3,99,,9,,04,1955.0,2,09,03,02,05,02,01,1,0.38143667578697205,2.0
2061,999,03,06,2,1,3,1,3,3,2,2,1,3,1,02,01,9.0,7.0,01,03,02,,1,,3,2,3,2,2,2,2,50.0,70.0,40.0,997.0,998.0,1,2,1,3,8,1,2,60.0,60.0,40.0,997.0,997.0,01,02,02,3,2,1,4,3,1,3,8,01,02,02,05,02,03,02,02,03,02,02,40.0,70.0,1,4,3,2,02,2,,,05,1985.0,2,08,03,09,05,02,01,1,0.4301224946975708,2.0
2062,G1X,03,98,1,1,2,2,2,2,8,2,2,4,1,01,03,3.0,3.0,01,08,03,,2,,8,4,4,1,2,1,3,998.0,998.0,998.0,998.0,998.0,1,8,8,8,4,8,8,999.0,999.0,999.0,999.0,999.0,01,01,03,3,1,8,1,2,8,8,8,98,03,03,05,98,03,98,98,98,98,98,0.0,998.0,1,8,8,8,98,,8,,98,1960.0,2,07,05,02,05,02,01,1,0.38143667578697205,2.0
2063,G2N,03,01,1,2,3,2,3,3,3,4,3,4,1,02,03,6.0,8.0,01,03,,04,2,,2,2,3,2,2,1,3,0.0,60.0,50.0,997.0,997.0,2,1,2,3,4,2,2,0.0,0.0,50.0,997.0,997.0,06,03,03,2,4,8,3,2,2,2,3,98,98,98,98,98,98,98,02,02,98,03,50.0,50.0,1,4,3,1,02,3,,,04,1974.0,2,08,07,02,05,02,01,1,0.29955968260765076,2.0
2064,G1L,03,01,1,2,3,2,2,2,4,3,3,4,1,03,05,7.0,5.0,01,07,03,,2,,3,3,3,1,2,8,3,10.0,30.0,70.0,997.0,50.0,1,2,8,3,2,2,2,10.0,20.0,85.0,997.0,997.0,03,03,03,3,4,1,8,2,3,3,4,03,03,03,05,03,03,03,02,03,01,03,10.0,75.0,1,3,2,2,03,2,,,03,1976.0,2,06,02,02,05,02,01,1,0.29955968260765076,2.0
2065,999,03,14,1,2,2,1,2,3,2,2,2,2,1,03,97,8.0,5.0,04,01,02,,2,,2,2,3,1,2,1,2,10.0,10.0,70.0,10.0,10.0,2,1,8,4,8,2,3,10.0,10.0,70.0,997.0,60.0,03,03,03,3,4,8,8,2,8,2,3,03,03,03,03,03,03,03,03,03,03,03,50.0,50.0,8,3,3,2,03,2,,,02,9999.0,2,09,99,02,04,02,01,1,0.29985514283180237,2.0
2066,G3K,03,02,1,2,2,2,1,2,2,1,1,1,1,03,04,9.0,7.0,01,02,,03,2,,3,1,3,1,2,1,2,25.0,45.0,90.0,85.0,75.0,2,2,1,4,2,1,2,10.0,20.0,65.0,90.0,60.0,04,04,03,2,4,1,3,2,3,3,3,03,03,03,03,04,04,03,04,03,03,04,50.0,45.0,2,3,2,2,04,3,,,02,1952.0,1,05,02,01,05,02,01,1,0.15640604496002197,2.0
2067,G1X,03,98,2,2,4,2,2,3,2,4,3,1,1,03,98,9.0,9.0,03,02,,04,8,8,1,1,4,1,2,1,3,70.0,0.0,80.0,0.0,40.0,1,1,1,4,2,3,3,0.0,0.0,100.0,0.0,40.0,03,03,03,2,4,1,4,1,4,2,3,03,03,03,05,04,04,03,03,03,03,03,0.0,90.0,1,2,1,1,03,2,,,02,1962.0,1,10,10,02,05,02,01,1,0.4523656964302063,2.0
2068,G1C,03,99,1,2,3,2,3,3,2,3,2,1,1,03,02,8.0,8.0,01,03,03,,2,,1,1,4,1,1,1,3,0.0,50.0,80.0,998.0,40.0,1,2,1,4,2,2,1,0.0,10.0,75.0,997.0,997.0,03,03,03,2,1,1,2,1,2,3,3,03,03,03,03,03,03,03,03,03,03,03,0.0,85.0,1,4,1,1,03,2,,,02,1977.0,1,07,02,01,05,02,01,1,0.3552634119987488,2.0
2069,G3G,03,98,2,4,2,1,2,4,4,4,4,3,1,02,97,0.0,2.0,01,03,,02,2,,1,1,4,1,1,1,4,5.0,40.0,1.0,10.0,10.0,2,2,1,4,3,3,1,1.0,75.0,1.0,997.0,997.0,02,03,03,2,4,1,1,3,3,4,4,97,02,97,05,98,98,99,98,98,97,05,80.0,40.0,2,2,2,1,97,,2,,01,1958.0,2,05,08,02,04,02,01,1,0.38143667578697205,2.0
2070,G1Y,03,03,1,1,2,2,2,3,4,2,1,4,1,03,01,4.0,3.0,01,02,03,,2,,3,2,2,2,2,1,2,50.0,30.0,75.0,0.0,5.0,2,8,8,4,3,2,3,70.0,5.0,88.0,997.0,997.0,01,03,03,2,4,1,3,2,2,2,3,03,03,03,03,01,03,01,02,03,01,03,88.0,88.0,8,8,1,1,03,1,,,02,1979.0,2,09,99,02,05,02,01,1,0.29955968260765076,2.0
2071,G1V,03,08,2,2,2,1,3,4,3,2,2,3,2,,,1.0,0.0,04,01,03,,1,,1,1,4,1,2,1,4,40.0,30.0,0.0,0.0,100.0,1,2,1,8,4,8,3,20.0,10.0,0.0,0.0,60.0,05,05,05,3,4,1,4,3,3,3,4,05,05,05,05,05,05,05,05,05,05,05,30.0,0.0,8,3,1,2,05,1,,,05,1984.0,2,08,01,05,05,02,01,1,0.4301224946975708,2.0
2072,G0A,03,04,1,1,2,2,2,2,1,1,1,1,1,03,01,10.0,10.0,03,02,03,,2,,3,3,2,2,2,2,3,50.0,0.0,80.0,10.0,30.0,2,8,2,4,3,2,3,70.0,20.0,90.0,998.0,998.0,03,03,03,3,1,1,3,1,1,1,2,03,03,98,05,04,03,02,03,03,98,03,20.0,80.0,2,3,1,1,03,1,,,02,1982.0,2,07,09,08,04,02,01,1,0.29955968260765076,2.0
2073,G1X,03,03,2,2,3,3,3,2,4,3,1,1,1,03,97,9.0,8.0,04,02,,03,2,,2,1,2,2,2,1,2,40.0,0.0,90.0,0.0,10.0,1,2,1,4,2,1,3,40.0,1.0,75.0,1.0,2.0,01,03,03,3,4,8,3,1,3,3,2,03,03,98,05,03,03,03,03,03,98,03,10.0,90.0,1,4,4,2,03,2,,,02,1982.0,2,09,04,09,05,02,01,1,0.29955968260765076,2.0
2074,G1E,03,09,2,2,3,2,8,3,2,2,2,2,1,03,97,9.0,5.0,01,04,,03,2,,3,8,3,1,2,2,3,10.0,10.0,80.0,997.0,997.0,8,8,8,3,8,2,3,10.0,10.0,80.0,997.0,997.0,03,03,03,2,4,8,8,8,8,8,3,03,03,03,03,03,03,03,03,03,03,03,999.0,999.0,1,3,8,1,03,1,,,02,1980.0,2,08,02,02,05,02,01,1,0.29955968260765076,2.0
2075,G2L,03,08,2,2,2,1,3,4,3,1,2,4,1,02,05,3.0,6.0,03,02,,03,8,1,2,1,3,2,3,1,3,0.0,75.0,5.0,75.0,70.0,1,2,1,3,2,3,2,0.0,70.0,5.0,50.0,997.0,06,04,05,3,4,1,4,4,1,1,4,97,02,97,05,04,02,02,02,02,97,04,90.0,50.0,2,2,1,1,97,,1,02,05,1955.0,2,09,10,02,02,02,01,1,0.38143667578697205,2.0
2076,G1E,03,06,1,1,2,2,2,3,2,2,3,1,1,03,01,10.0,10.0,01,02,,03,2,,2,2,3,2,2,2,2,75.0,0.0,100.0,0.0,50.0,1,2,1,4,1,2,3,85.0,0.0,100.0,0.0,50.0,03,03,03,2,1,3,3,1,3,3,3,03,03,03,01,02,03,03,02,03,03,03,35.0,100.0,2,3,2,1,03,1,,,02,1982.0,1,05,02,02,05,02,01,1,0.3552634119987488,2.0
2077,G1E,03,98,1,2,1,3,1,1,1,1,1,1,1,01,03,10.0,8.0,03,01,,03,2,,1,1,4,1,2,1,3,75.0,0.0,75.0,997.0,997.0,2,1,2,4,4,2,2,75.0,0.0,90.0,997.0,997.0,03,03,03,3,1,1,1,1,3,3,3,01,98,98,01,03,03,01,03,03,03,03,0.0,50.0,8,2,2,1,03,1,,,02,1974.0,1,06,04,02,04,02,01,1,0.3552634119987488,2.0
2078,G1X,03,08,2,2,3,1,2,3,2,2,3,2,1,05,04,6.0,6.0,02,01,,04,8,2,2,2,3,1,3,2,2,50.0,70.0,40.0,60.0,70.0,1,2,1,3,2,2,2,50.0,50.0,50.0,60.0,60.0,98,98,98,3,3,1,3,3,2,3,3,98,98,98,05,98,98,98,02,98,04,98,70.0,60.0,1,3,3,2,97,,1,05,04,1957.0,2,05,07,02,05,02,01,1,0.38143667578697205,2.0
2079,G1T,03,01,2,2,3,2,3,3,4,3,3,3,1,02,05,9.0,8.0,01,02,,04,2,,3,3,3,2,2,1,3,30.0,50.0,30.0,30.0,50.0,2,2,2,3,3,3,2,10.0,40.0,20.0,30.0,50.0,06,06,06,8,2,1,3,3,2,3,3,02,02,02,05,04,98,04,04,01,98,03,10.0,50.0,1,3,3,3,97,,1,05,04,1986.0,2,08,10,05,05,02,01,7,0.23348693549633026,2.0
2080,G1P,03,08,1,3,3,1,2,3,3,3,2,3,1,05,03,7.0,2.0,03,01,03,,2,,2,2,3,1,1,1,3,20.0,5.0,30.0,997.0,95.0,2,2,8,4,1,2,3,5.0,0.0,15.0,0.0,997.0,02,03,03,3,4,1,4,1,3,4,4,03,02,01,05,02,02,02,02,03,03,03,2.0,5.0,1,2,1,2,05,3,,,02,1978.0,1,09,04,02,05,02,01,1,0.3552634119987488,2.0
2081,G1V,03,08,4,2,4,1,2,3,2,4,4,2,1,02,97,4.0,7.0,01,03,02,,1,,1,1,3,1,2,8,2,30.0,60.0,0.0,35.0,25.0,1,2,1,2,2,8,2,10.0,40.0,20.0,25.0,30.0,06,04,03,3,2,1,4,1,1,2,4,98,02,98,05,04,04,02,02,98,03,04,50.0,40.0,1,3,2,1,02,2,,,04,1972.0,1,10,04,01,02,02,01,1,0.6606233716011047,2.0
2082,G1P,03,03,1,1,2,2,3,1,3,2,2,2,1,03,01,9.0,6.0,03,01,,03,2,,2,3,2,2,2,2,2,50.0,40.0,80.0,25.0,25.0,2,2,2,4,3,2,3,60.0,30.0,80.0,997.0,997.0,03,03,03,3,3,1,3,2,2,2,4,03,02,03,05,03,02,03,03,03,01,02,50.0,70.0,1,4,4,1,03,2,,,02,1981.0,2,10,08,02,05,02,01,1,0.29955968260765076,2.0
2083,G1H,03,08,2,2,2,1,2,3,3,2,2,3,1,05,01,5.0,2.0,01,04,03,,2,,1,1,3,1,2,1,3,50.0,0.0,50.0,0.0,100.0,8,8,1,4,4,8,2,50.0,0.0,50.0,997.0,998.0,01,06,03,8,1,8,8,2,8,9,4,98,98,98,05,98,98,98,98,98,98,98,0.0,0.0,1,4,8,1,05,1,,,07,1981.0,2,09,99,05,05,02,01,1,0.29955968260765076,2.0
2084,G1C,03,03,3,3,3,3,3,2,4,3,2,3,1,03,97,8.0,6.0,01,02,03,,2,,2,2,4,1,2,1,3,1.0,1.0,80.0,0.0,1.0,1,1,2,4,4,3,3,10.0,1.0,90.0,0.0,998.0,02,03,03,3,3,1,1,1,3,3,3,03,03,03,03,03,03,03,03,03,03,03,0.0,50.0,2,3,3,1,03,1,,,02,1976.0,1,09,08,02,04,02,01,1,0.3552634119987488,2.0
2085,G1H,03,98,1,2,4,2,2,2,4,2,2,3,1,04,97,8.0,4.0,01,02,,03,2,,1,2,4,1,8,8,2,1.0,0.0,80.0,2.0,5.0,1,1,2,4,4,3,2,20.0,0.0,90.0,30.0,997.0,01,03,03,2,4,8,4,2,3,4,4,03,03,03,05,04,03,03,98,03,03,03,0.0,80.0,8,4,3,1,03,2,,,06,1972.0,1,07,03,02,05,02,01,1,0.6606233716011047,2.0
2086,G1J,03,10,3,1,1,1,1,4,1,1,1,4,1,02,97,10.0,10.0,03,04,,05,1,,8,2,2,1,2,8,3,0.0,85.0,1.0,85.0,85.0,1,2,1,1,4,4,3,0.0,45.0,1.0,90.0,90.0,98,05,04,2,2,1,4,3,3,3,4,98,02,04,05,04,04,02,02,02,98,04,55.0,45.0,8,4,4,4,02,2,,,04,1955.0,1,04,10,96,05,02,01,1,0.4523656964302063,2.0
2087,G1X,03,01,1,2,1,1,3,3,3,1,1,1,1,03,05,8.0,5.0,03,01,01,,1,,2,2,4,1,2,9,3,25.0,50.0,51.0,997.0,80.0,2,1,8,2,2,2,3,25.0,15.0,26.0,997.0,997.0,98,03,03,3,2,1,4,3,2,3,4,02,02,98,05,02,03,02,02,03,02,02,60.0,75.0,2,3,1,3,02,3,,,02,1960.0,1,05,02,01,02,02,01,1,0.4523656964302063,2.0
2088,G6V,12,08,2,1,3,1,3,4,4,2,3,3,1,02,05,10.0,10.0,03,04,02,,8,2,2,1,4,2,2,1,3,0.0,50.0,25.0,60.0,85.0,8,2,1,4,2,1,2,3.0,79.0,45.0,65.0,100.0,02,05,04,1,3,3,4,2,2,3,2,03,02,02,05,02,02,02,02,05,03,04,50.0,50.0,1,4,4,2,05,2,,,05,1974.0,2,09,10,02,04,02,01,1,0.29955968260765076,2.0
2089,G1N,03,99,2,2,2,2,2,2,2,2,2,2,1,99,,10.0,10.0,98,,96,,2,,1,1,4,2,1,1,4,999.0,999.0,999.0,999.0,0.0,9,1,8,4,8,4,2,999.0,999.0,999.0,999.0,998.0,99,99,99,3,4,8,9,9,9,9,9,99,99,99,99,99,99,99,99,99,99,99,10.0,100.0,8,4,8,1,99,,9,,99,9999.0,1,99,99,99,99,02,99,1,0.35561421513557434,2.0
2090,G1X,03,11,3,3,3,2,3,2,3,2,3,4,1,02,05,8.0,8.0,02,03,02,,2,,3,3,2,3,3,2,2,50.0,70.0,20.0,60.0,60.0,1,1,1,3,2,1,2,40.0,40.0,10.0,70.0,997.0,01,07,04,1,2,1,4,4,2,1,3,98,02,98,05,04,01,02,02,98,98,02,35.0,40.0,8,4,4,3,02,2,,,03,1957.0,1,11,07,02,05,02,01,1,0.4523656964302063,2.0
2091,G1E,03,98,1,2,2,2,1,1,4,2,2,3,1,03,97,10.0,7.0,01,03,02,,2,,3,2,2,1,2,1,2,50.0,50.0,80.0,0.0,997.0,1,1,2,1,2,3,2,25.0,5.0,80.0,997.0,997.0,03,03,03,3,3,3,1,1,2,2,3,03,03,03,05,03,03,03,02,03,03,03,20.0,70.0,2,3,2,1,03,1,,,02,1959.0,2,05,07,02,05,02,01,1,0.38143667578697205,2.0
2092,G1G,03,02,2,2,3,2,2,2,1,3,2,2,1,03,01,10.0,8.0,01,02,,03,2,,2,2,3,1,3,2,2,80.0,0.0,80.0,0.0,25.0,1,2,1,4,2,2,4,90.0,10.0,80.0,10.0,15.0,01,03,03,1,1,1,3,2,2,2,3,01,03,01,05,04,03,01,03,03,03,03,25.0,75.0,2,3,2,2,01,2,,,02,1975.0,1,09,08,02,05,02,01,1,0.3552634119987488,2.0
2093,G1H,03,08,3,2,4,3,4,4,4,2,2,3,1,02,05,1.0,6.0,02,01,01,,1,,1,2,4,1,1,1,3,50.0,75.0,75.0,30.0,60.0,1,2,1,2,4,2,1,40.0,60.0,80.0,30.0,50.0,03,05,05,3,2,1,2,2,3,1,4,03,02,03,02,03,03,03,02,02,03,03,10.0,50.0,2,3,2,1,02,2,,,04,1961.0,2,07,02,02,05,02,01,1,0.38143667578697205,2.0
2094,G3H,03,01,1,2,3,2,2,2,3,3,3,1,1,03,02,8.0,5.0,04,02,,04,1,,2,2,3,1,2,8,2,8.0,56.0,78.0,10.0,25.0,1,1,8,3,2,3,3,50.0,50.0,75.0,6.0,10.0,03,02,03,3,2,1,4,2,2,3,4,03,02,03,05,03,02,03,03,01,03,03,6.0,48.0,1,3,1,1,03,2,,,04,1973.0,1,11,04,02,04,02,01,1,0.3552634119987488,2.0
2095,G1J,03,03,1,2,2,1,2,2,1,2,1,2,1,03,02,9.0,9.0,02,01,02,,8,2,2,2,3,2,2,2,2,60.0,60.0,80.0,50.0,70.0,1,2,1,3,3,1,3,60.0,60.0,70.0,40.0,997.0,03,03,03,2,3,1,8,2,2,3,2,03,02,01,05,04,03,02,02,03,02,03,70.0,70.0,1,3,2,1,02,2,,,04,1979.0,2,10,03,01,04,02,01,1,0.29955968260765076,2.0
2096,999,03,10,2,1,3,1,3,4,1,2,1,4,1,02,04,10.0,5.0,01,02,,04,1,,3,2,3,2,2,2,3,20.0,100.0,0.0,50.0,997.0,2,8,8,3,8,1,4,0.0,100.0,0.0,100.0,20.0,02,02,04,3,2,1,8,3,2,1,3,02,02,02,02,02,02,02,02,02,02,02,60.0,40.0,8,2,2,2,02,1,,,04,1956.0,2,09,05,01,04,02,01,1,0.38143667578697205,2.0
2097,G1R,03,08,1,1,8,1,9,8,3,8,8,3,1,99,,5.0,7.0,04,03,99,,9,,1,9,9,9,9,9,3,999.0,999.0,10.0,90.0,998.0,8,2,8,9,8,1,2,999.0,999.0,999.0,997.0,997.0,98,98,98,8,2,8,8,8,8,2,8,98,98,98,98,98,98,98,99,98,98,98,999.0,998.0,1,8,8,9,99,,1,99,99,1979.0,2,08,03,02,05,02,01,1,0.29955968260765076,2.0
2098,G1V,03,01,1,2,2,2,3,2,4,2,3,3,2,,,4.0,5.0,01,06,,03,3,,3,3,3,1,2,1,2,20.0,10.0,95.0,0.0,0.0,2,2,1,4,3,3,3,10.0,12.0,68.0,0.0,2.0,03,03,03,2,4,1,8,1,2,2,1,03,03,03,03,98,03,03,98,03,99,03,5.0,95.0,1,4,4,2,03,1,,,06,1981.0,2,09,04,02,05,02,01,1,0.29955968260765076,2.0
2099,G6W,12,98,1,1,4,3,2,2,2,2,2,2,1,03,02,7.0,6.0,01,02,03,,2,,3,2,3,1,2,2,3,50.0,60.0,90.0,998.0,998.0,2,1,8,3,4,3,3,0.0,0.0,80.0,997.0,997.0,03,03,03,3,3,1,3,2,3,3,3,03,03,98,98,98,03,03,98,03,98,98,75.0,75.0,1,3,3,2,03,2,,,02,1980.0,2,07,06,02,04,02,01,1,0.29955968260765076,2.0
2100,G1W,03,10,1,1,2,1,1,3,1,2,3,3,1,01,03,6.0,6.0,03,01,04,,2,,2,2,4,1,2,1,2,75.0,0.0,50.0,30.0,30.0,2,1,8,4,4,1,4,75.0,0.0,60.0,50.0,30.0,01,98,03,3,1,1,4,1,2,2,4,01,01,01,01,01,01,01,01,01,01,01,30.0,50.0,1,4,3,1,01,1,,,03,1973.0,2,09,10,02,05,02,01,1,0.29955968260765076,2.0
2101,G1J,03,02,2,2,2,3,2,4,2,2,3,2,1,03,01,10.0,7.0,03,01,,04,2,,1,2,3,1,3,1,2,65.0,40.0,50.0,997.0,997.0,2,8,1,4,2,8,3,50.0,40.0,60.0,997.0,997.0,01,03,03,3,3,1,4,2,1,2,3,03,01,03,02,01,03,01,03,03,03,03,100.0,80.0,1,1,1,1,01,3,,,02,1962.0,1,09,05,01,04,02,01,1,0.4523656964302063,2.0
2102,G1Y,03,03,1,2,3,2,2,2,3,2,3,2,1,01,03,8.0,7.0,01,03,02,,2,,2,2,3,1,2,1,2,75.0,65.0,70.0,40.0,50.0,1,1,1,4,2,2,3,75.0,60.0,70.0,50.0,50.0,01,06,04,3,1,1,4,3,2,1,3,01,01,98,04,04,03,01,01,01,03,04,30.0,75.0,1,3,2,1,01,2,,,02,1963.0,1,09,06,02,05,02,01,1,0.6606233716011047,2.0
2103,G3E,03,07,1,1,3,1,2,2,2,2,2,2,1,03,05,10.0,5.0,08,07,02,,2,,2,2,3,1,2,2,2,25.0,40.0,40.0,5.0,10.0,2,1,2,3,2,2,3,40.0,20.0,75.0,25.0,50.0,03,03,03,3,3,3,1,1,1,2,2,98,03,98,98,03,03,02,02,03,98,03,40.0,95.0,2,2,1,1,03,1,,,98,1972.0,1,06,05,10,05,02,01,2,0.35861149430274963,2.0
2104,G1V,03,03,1,1,1,4,2,3,1,1,2,1,1,03,97,10.0,8.0,02,04,03,,2,,2,1,3,1,2,1,3,60.0,0.0,100.0,0.0,0.0,1,2,1,4,3,1,4,70.0,0.0,100.0,0.0,0.0,03,03,03,2,1,3,2,1,4,2,1,03,03,03,03,03,03,03,03,03,03,03,0.0,100.0,8,3,2,1,03,1,,,02,1980.0,1,07,04,02,04,02,01,1,0.3552634119987488,2.0
2105,G1V,03,10,3,1,3,2,3,3,1,2,3,4,1,02,04,10.0,9.0,04,01,,05,1,,2,2,3,2,2,1,2,0.0,90.0,0.0,80.0,70.0,1,8,1,3,3,2,3,0.0,70.0,20.0,30.0,30.0,02,04,04,3,2,1,4,4,2,3,4,02,02,02,04,04,02,02,02,02,02,04,50.0,20.0,1,4,4,3,02,2,,,04,1979.0,1,09,04,02,05,02,01,1,0.3552634119987488,2.0
2106,G1R,03,01,1,1,2,1,2,1,2,2,1,3,1,01,97,10.0,10.0,01,03,04,,2,,2,1,3,2,2,1,1,100.0,0.0,0.0,0.0,50.0,1,2,9,4,3,2,4,80.0,0.0,0.0,0.0,50.0,01,01,01,3,1,1,8,1,2,1,3,01,01,01,01,01,01,01,01,01,01,01,50.0,999.0,1,2,1,4,01,1,,,01,1974.0,2,10,01,08,04,02,01,1,0.29955968260765076,2.0
2107,G1G,03,15,2,2,3,2,2,3,3,2,2,2,1,03,02,8.0,7.0,02,06,,04,8,8,2,2,3,1,2,1,3,0.0,76.0,85.0,75.0,75.0,1,2,2,2,2,3,2,50.0,35.0,85.0,997.0,997.0,98,03,03,3,3,3,2,2,2,2,2,98,98,98,05,02,03,03,03,03,98,03,30.0,80.0,1,4,2,2,98,,1,03,04,1975.0,2,08,03,02,04,02,01,1,0.29955968260765076,2.0
2108,999,03,10,2,1,3,1,2,3,1,3,2,4,1,02,05,10.0,10.0,03,01,01,,1,,3,3,2,2,2,2,2,0.0,100.0,20.0,60.0,75.0,1,2,1,2,3,1,3,0.0,70.0,20.0,30.0,997.0,02,02,03,3,2,1,4,3,2,1,4,02,02,02,05,02,02,02,02,02,02,02,50.0,30.0,1,3,2,2,02,1,,,04,1956.0,1,06,04,02,05,02,01,1,0.4523656964302063,2.0
2109,G1W,03,11,2,2,3,1,2,2,3,4,3,2,1,01,03,10.0,10.0,01,08,02,,2,,1,3,3,2,3,2,1,70.0,55.0,80.0,10.0,70.0,1,2,1,2,3,2,4,50.0,45.0,80.0,10.0,997.0,03,03,03,3,1,2,3,2,2,1,2,01,01,03,03,04,04,02,02,01,03,03,55.0,60.0,1,3,3,4,03,3,,,02,1976.0,2,10,05,02,05,02,01,1,0.29955968260765076,2.0
2110,G1X,03,08,1,2,2,1,1,3,4,2,2,4,1,03,05,6.0,5.0,01,06,02,,2,,2,2,2,1,2,2,1,40.0,60.0,80.0,55.0,55.0,1,1,1,4,8,1,3,30.0,50.0,80.0,40.0,55.0,07,07,98,2,3,3,8,2,2,2,3,98,03,98,05,04,04,02,02,98,03,03,50.0,75.0,1,4,2,3,97,,1,03,03,1969.0,2,09,05,02,05,02,01,1,0.5570399761199951,2.0
2111,G3B,03,99,1,1,2,1,2,2,3,2,1,3,1,03,01,10.0,7.0,01,02,,02,2,,3,3,3,1,2,1,3,45.0,15.0,85.0,997.0,997.0,2,1,2,4,8,2,3,75.0,35.0,100.0,997.0,998.0,03,03,03,3,1,1,2,2,2,3,4,03,03,03,03,03,03,03,03,03,01,03,0.0,998.0,1,3,2,2,03,2,,,02,1974.0,2,07,99,02,05,02,01,1,0.29955968260765076,2.0
2112,G1S,03,96,4,1,2,3,2,3,3,3,2,1,1,02,03,10.0,10.0,04,03,,05,1,,1,2,3,2,2,2,2,0.0,80.0,60.0,0.0,20.0,2,1,2,2,1,1,4,10.0,40.0,60.0,5.0,20.0,03,03,03,2,2,1,4,2,1,1,2,03,02,02,02,02,03,03,03,03,02,03,80.0,60.0,2,2,1,1,02,2,,,04,1982.0,1,08,02,05,04,02,01,1,0.3552634119987488,2.0
2113,G1L,03,03,4,3,4,3,4,4,4,4,2,4,1,03,97,10.0,3.0,02,04,03,,2,,4,1,3,1,1,1,4,20.0,20.0,100.0,0.0,1.0,1,1,2,4,1,4,4,20.0,30.0,100.0,0.0,0.0,03,03,03,2,4,3,2,2,4,3,2,03,03,03,03,03,03,02,02,03,03,03,0.0,50.0,1,4,3,1,03,1,,,02,1976.0,1,07,10,02,05,02,01,1,0.3552634119987488,2.0
2114,G1H,03,14,1,1,1,1,2,2,2,2,1,3,1,03,01,10.0,10.0,03,01,03,,2,,2,2,3,1,1,1,2,80.0,0.0,90.0,0.0,997.0,1,2,1,4,3,3,3,70.0,0.0,100.0,997.0,997.0,03,03,03,1,4,1,1,1,2,1,4,03,03,03,01,03,03,03,02,03,03,03,50.0,80.0,1,4,3,1,03,2,,,02,1968.0,1,05,04,02,05,02,01,1,0.6606233716011047,2.0
2115,G2E,03,06,2,1,3,3,3,3,2,3,2,3,1,01,03,5.0,4.0,03,01,,04,2,,3,2,3,2,2,1,2,65.0,30.0,50.0,997.0,997.0,8,2,1,3,1,8,3,65.0,40.0,50.0,997.0,997.0,01,01,03,1,1,8,8,2,2,2,3,01,01,98,02,98,01,01,98,03,01,03,75.0,50.0,2,3,8,8,01,8,,,01,1977.0,2,10,08,02,05,02,01,1,0.29955968260765076,2.0
2116,G1V,03,03,2,1,3,1,3,3,3,3,2,3,1,99,,8.0,6.0,02,01,02,,2,,3,3,3,2,2,1,3,75.0,40.0,90.0,80.0,90.0,2,2,1,3,2,1,3,65.0,65.0,85.0,70.0,80.0,98,04,03,2,1,8,3,2,2,2,2,01,03,03,05,04,03,01,02,03,03,04,45.0,60.0,1,8,2,8,05,9,,,03,1979.0,2,09,04,09,04,02,01,1,0.29955968260765076,2.0
2117,G2A,03,98,8,8,8,8,8,8,8,8,8,8,2,,,6.0,4.0,01,03,03,,2,,2,2,4,1,1,1,2,0.0,0.0,100.0,0.0,0.0,2,1,2,4,1,3,4,0.0,1.0,100.0,1.0,1.0,03,03,03,2,1,2,1,1,3,2,3,03,03,03,03,03,03,03,03,03,03,03,0.0,100.0,8,4,3,1,03,3,,,02,1986.0,1,04,04,02,05,02,01,1,0.5101058483123779,2.0
2118,G1G,03,99,2,2,3,1,2,3,2,3,2,1,1,99,,10.0,7.0,01,03,02,,9,,2,2,2,1,2,1,2,999.0,999.0,999.0,999.0,999.0,2,2,1,3,3,2,3,999.0,999.0,999.0,999.0,999.0,01,02,03,1,3,1,3,2,2,1,3,98,98,98,98,98,03,02,02,98,98,03,999.0,80.0,8,3,2,1,99,,8,,99,1980.0,1,07,03,02,04,02,01,1,0.3552634119987488,2.0
2119,G1C,03,06,2,1,3,3,2,3,1,2,3,3,1,02,03,8.0,8.0,03,01,,05,1,,2,3,2,2,2,1,3,0.0,90.0,65.0,0.0,0.0,1,1,2,2,4,3,2,0.0,65.0,60.0,0.0,0.0,06,06,03,2,2,1,3,2,2,2,4,02,02,02,05,02,02,02,02,02,02,02,75.0,75.0,1,2,1,1,02,1,,,04,1957.0,1,06,09,02,05,02,01,1,0.4523656964302063,2.0
2120,G2K,03,13,2,2,2,2,2,3,2,2,3,1,2,,,6.0,7.0,02,01,02,,1,,3,3,3,2,2,2,2,40.0,60.0,20.0,20.0,50.0,2,2,1,2,8,1,3,20.0,60.0,30.0,50.0,997.0,02,05,06,3,2,1,3,3,2,8,3,98,02,98,05,02,02,02,02,98,01,02,50.0,70.0,1,8,8,2,02,2,,,04,1965.0,2,08,10,02,05,02,01,1,0.5570399761199951,2.0
2121,G1J,03,96,3,1,2,1,3,3,3,3,3,2,2,,,7.0,6.0,01,03,01,,1,,3,2,4,1,2,8,2,50.0,75.0,20.0,70.0,70.0,8,8,1,2,3,1,8,60.0,75.0,30.0,50.0,997.0,01,02,04,3,2,1,8,2,2,3,3,98,02,03,05,01,03,02,02,02,01,03,70.0,70.0,1,4,3,1,97,,1,02,06,1981.0,2,10,07,02,05,02,01,1,0.29955968260765076,2.0
2122,G1X,03,98,2,2,2,3,1,3,1,1,2,4,1,02,97,9.0,7.0,01,07,,05,1,,3,2,4,1,1,1,2,25.0,75.0,50.0,25.0,50.0,2,8,1,2,4,2,2,25.0,70.0,25.0,25.0,25.0,06,02,02,2,2,1,4,3,3,3,4,98,98,98,05,98,98,02,02,02,02,02,70.0,65.0,1,4,2,1,02,2,,,06,1981.0,2,07,01,02,05,02,01,1,0.29955968260765076,2.0
2123,G1S,03,05,1,2,2,3,2,2,3,2,2,3,1,01,97,10.0,7.0,02,01,,03,2,,3,2,2,3,3,2,2,85.0,5.0,0.0,5.0,20.0,2,1,2,4,3,1,3,85.0,5.0,5.0,15.0,20.0,01,07,98,1,1,1,4,3,1,2,2,01,01,01,01,01,01,01,01,01,01,01,75.0,97.0,1,3,3,2,01,1,,,01,1955.0,2,09,10,02,05,02,01,1,0.38143667578697205,2.0
2124,G3A,03,01,1,2,2,1,1,3,4,2,2,3,1,05,02,7.0,7.0,01,03,02,,1,,3,3,3,1,3,1,2,25.0,80.0,25.0,40.0,70.0,1,1,1,3,2,3,2,0.0,30.0,50.0,30.0,50.0,01,05,03,2,3,1,4,2,2,2,2,98,02,98,05,04,02,02,02,98,98,04,60.0,75.0,1,3,3,2,02,3,,,04,1962.0,1,10,10,10,04,02,01,1,0.4523656964302063,2.0
2125,G2A,03,98,1,1,2,2,2,1,2,3,1,2,1,03,97,8.0,3.0,01,02,01,,2,,1,2,3,1,2,1,2,5.0,5.0,95.0,997.0,997.0,1,2,1,4,3,2,2,5.0,5.0,95.0,997.0,997.0,03,03,03,2,4,1,8,2,2,2,3,03,03,03,03,03,03,03,03,03,03,03,0.0,95.0,1,2,1,2,03,1,,,99,1972.0,2,07,02,02,04,02,01,1,0.5570399761199951,2.0
2126,G1H,03,98,1,1,3,3,3,3,3,2,1,4,1,02,04,10.0,10.0,96,,,04,1,,3,2,3,1,2,1,4,50.0,80.0,70.0,100.0,100.0,2,2,1,3,2,3,2,40.0,50.0,75.0,95.0,997.0,01,04,04,3,2,1,8,2,2,3,3,98,98,98,05,04,04,01,02,98,98,04,75.0,70.0,1,4,3,4,04,1,,,06,1984.0,2,08,04,05,05,02,01,1,0.4301224946975708,2.0
2127,G1K,03,96,1,1,2,1,1,3,1,2,2,3,1,02,05,10.0,8.0,03,01,02,,1,,2,2,3,1,3,1,3,30.0,60.0,10.0,60.0,80.0,1,2,1,2,3,1,2,20.0,50.0,10.0,40.0,997.0,02,04,06,2,2,1,4,4,4,4,4,02,02,02,05,04,02,02,02,02,02,02,50.0,80.0,9,9,3,3,02,2,,,03,1952.0,2,08,05,01,04,02,01,1,0.13188232481479645,2.0
2128,G1B,03,12,1,2,2,1,1,2,1,4,1,1,1,03,01,10.0,10.0,01,02,,02,2,,1,2,3,1,1,1,2,90.0,0.0,100.0,0.0,0.0,1,1,2,4,1,1,2,0.0,0.0,100.0,0.0,0.0,03,03,03,1,1,2,1,1,1,2,4,03,03,03,03,97,03,03,03,03,03,03,0.0,100.0,8,4,1,1,03,1,,,02,1979.0,1,05,08,02,04,02,01,1,0.3552634119987488,2.0
2129,G1H,03,98,2,2,3,2,3,2,3,2,2,3,1,99,,4.0,5.0,01,03,02,,2,,2,2,3,2,2,1,2,75.0,5.0,50.0,5.0,40.0,1,8,8,4,8,8,3,50.0,10.0,30.0,997.0,997.0,01,98,03,3,1,1,4,3,2,2,3,01,01,01,05,01,01,01,01,98,01,01,998.0,998.0,8,3,8,2,01,2,,,06,1983.0,2,06,01,09,05,02,01,1,0.4301224946975708,2.0
2130,999,03,98,1,3,3,3,3,2,4,3,2,4,1,02,04,5.0,1.0,01,03,02,,1,,3,2,2,2,2,2,2,35.0,80.0,50.0,60.0,40.0,1,1,8,3,2,8,3,50.0,70.0,40.0,998.0,998.0,01,98,03,3,2,1,8,3,8,8,4,98,98,98,05,98,98,02,02,98,98,03,70.0,70.0,8,2,2,8,99,,1,99,04,9999.0,1,09,05,02,04,02,01,1,0.35561421513557434,2.0
2131,G1G,03,01,1,2,2,2,2,4,3,3,3,4,1,02,97,3.0,2.0,03,01,,04,1,,4,2,2,2,2,2,2,40.0,60.0,30.0,5.0,4.0,2,8,8,2,3,2,3,45.0,45.0,50.0,997.0,997.0,01,03,03,3,2,1,4,3,2,1,3,98,02,02,02,03,02,02,02,02,02,02,60.0,70.0,8,4,3,2,02,3,,,04,1953.0,1,08,08,02,05,02,01,1,0.4523656964302063,2.0
2132,G3E,03,03,2,3,3,3,3,2,3,3,3,3,1,02,03,7.0,6.0,01,03,02,,2,,1,1,4,1,2,1,3,25.0,50.0,35.0,997.0,997.0,1,1,1,4,2,3,2,20.0,25.0,40.0,997.0,997.0,06,98,03,3,3,1,3,3,2,2,4,98,98,98,05,02,03,02,02,98,98,98,40.0,50.0,8,3,2,2,02,3,,,02,1959.0,1,08,09,02,04,02,01,1,0.4523656964302063,2.0
2133,G1K,03,16,1,2,2,3,2,2,3,3,3,3,1,03,01,10.0,10.0,01,04,,03,2,,3,3,3,2,3,2,2,65.0,40.0,70.0,10.0,20.0,1,2,1,4,1,1,4,65.0,20.0,70.0,30.0,30.0,03,03,03,3,1,1,2,2,3,1,1,01,01,03,01,04,03,01,02,03,03,03,0.0,75.0,2,3,2,2,01,2,,,02,1954.0,1,07,06,03,05,02,01,1,0.4523656964302063,2.0
2134,G2E,03,96,1,2,2,1,1,1,4,2,4,4,1,03,02,10.0,6.0,08,03,,02,2,,2,1,3,1,1,1,3,0.0,50.0,85.0,997.0,0.0,8,8,1,4,2,2,3,10.0,50.0,100.0,997.0,997.0,03,03,03,2,3,1,2,1,2,1,3,03,03,03,03,03,03,03,03,03,03,03,60.0,75.0,1,3,2,1,03,1,,,06,1958.0,2,08,04,02,05,02,01,1,0.38143667578697205,2.0
2135,G1L,03,07,2,1,2,3,2,1,2,1,1,1,1,03,02,10.0,0.0,02,97,02,,1,,1,8,8,1,2,8,2,0.0,99.0,100.0,99.0,998.0,1,2,1,8,2,8,8,0.0,0.0,100.0,997.0,997.0,01,03,01,3,3,1,4,4,4,3,3,03,03,03,05,03,03,02,02,03,02,03,100.0,80.0,2,2,2,2,03,3,,,04,1977.0,1,07,02,02,05,02,01,1,0.3552634119987488,2.0
2136,G1H,03,10,2,2,2,1,2,2,3,2,1,3,1,03,05,10.0,8.0,03,04,02,,2,,1,1,3,2,2,1,2,50.0,0.0,75.0,0.0,75.0,1,2,1,4,2,2,2,50.0,50.0,100.0,0.0,75.0,03,03,03,3,4,1,4,2,2,2,2,03,03,03,05,03,03,03,03,03,03,03,20.0,50.0,2,4,2,2,97,,1,03,02,1974.0,1,09,07,02,05,02,01,1,0.3552634119987488,2.0
2137,G1K,03,96,2,1,2,1,3,3,1,1,2,2,1,02,04,7.0,7.0,03,01,,04,1,,2,2,3,8,2,1,1,65.0,89.0,0.0,80.0,89.0,1,2,8,2,2,2,2,30.0,60.0,0.0,80.0,998.0,06,04,04,3,2,1,3,3,2,3,3,98,02,98,05,04,04,02,98,02,02,98,75.0,50.0,1,3,3,2,02,1,,,04,1977.0,1,09,03,01,05,02,01,1,0.3552634119987488,2.0
2138,G2G,03,01,1,1,3,4,4,2,4,3,3,4,1,03,01,9.0,10.0,01,04,04,,2,,2,2,3,1,2,9,2,80.0,0.0,85.0,0.0,10.0,1,1,2,4,9,3,4,55.0,0.0,75.0,0.0,998.0,01,03,03,3,1,2,1,1,4,4,1,96,01,01,01,01,03,01,01,01,01,03,2.0,95.0,8,2,2,3,01,2,,,02,1984.0,1,09,99,02,03,02,01,1,0.5101058483123779,2.0
2139,G1K,03,04,2,2,2,2,3,3,3,2,2,3,1,99,,7.0,3.0,98,,02,,8,8,3,2,3,8,2,1,2,20.0,60.0,35.0,0.0,997.0,1,2,1,3,4,2,2,30.0,40.0,998.0,998.0,998.0,98,98,03,2,4,8,3,3,1,3,3,02,02,01,02,03,02,02,02,02,01,03,998.0,998.0,8,4,3,2,02,8,,,99,1964.0,1,07,99,99,99,02,01,1,0.6606233716011047,2.0
2140,G1Y,03,04,2,2,2,2,2,3,3,2,3,3,1,05,01,10.0,8.0,03,01,,04,2,,2,2,4,1,2,1,2,55.0,20.0,40.0,0.0,10.0,1,1,8,4,2,1,2,35.0,0.0,25.0,998.0,998.0,01,06,03,3,3,1,8,3,2,2,3,01,01,01,98,01,03,01,03,01,01,03,10.0,75.0,8,3,3,2,97,,1,01,04,1956.0,2,08,10,02,05,02,01,1,0.38143667578697205,2.0
2141,G1C,03,96,3,2,3,1,3,4,2,1,2,4,1,04,02,10.0,10.0,01,04,,05,1,,3,1,3,2,2,1,3,10.0,50.0,0.0,100.0,90.0,1,2,1,2,3,3,3,5.0,40.0,0.0,100.0,75.0,04,04,04,3,2,1,4,4,1,2,4,04,04,04,04,04,04,04,04,04,01,04,80.0,20.0,1,3,3,3,04,1,,,04,1982.0,1,09,02,05,04,02,01,1,0.3552634119987488,2.0
2142,G1Y,03,06,2,1,2,3,3,4,1,2,3,4,1,02,04,8.0,10.0,03,06,01,,1,,2,1,3,2,2,1,3,10.0,80.0,40.0,70.0,997.0,1,2,1,3,8,2,2,0.0,40.0,40.0,70.0,997.0,04,04,03,1,2,3,4,4,4,3,2,02,02,02,02,02,02,02,02,02,03,02,70.0,80.0,1,4,4,2,02,2,,,04,1987.0,2,08,98,05,04,02,01,1,0.4301224946975708,2.0
2143,G1M,03,01,1,2,2,2,2,2,2,3,3,3,1,03,02,5.0,4.0,01,06,03,,1,,2,2,3,2,2,2,3,0.0,15.0,55.0,0.0,10.0,2,2,1,2,2,2,2,15.0,10.0,60.0,997.0,997.0,03,03,03,3,3,1,2,2,3,2,3,03,03,03,03,03,03,03,03,03,03,03,25.0,10.0,1,3,2,2,03,2,,,02,1976.0,2,08,04,02,04,02,01,1,0.29955968260765076,2.0
2144,J1V,03,98,2,2,3,1,1,2,3,3,3,4,1,01,05,8.0,6.0,03,01,03,,2,,3,2,2,1,2,1,2,90.0,15.0,75.0,45.0,80.0,1,2,1,4,2,8,3,75.0,10.0,75.0,997.0,997.0,01,01,03,2,4,1,8,2,2,2,3,02,02,98,05,04,03,02,02,01,04,03,45.0,60.0,1,3,2,1,01,2,,,02,1986.0,2,07,01,09,05,02,01,1,0.4301224946975708,2.0
2145,G1G,03,03,3,2,2,2,2,3,3,2,2,1,1,03,02,9.0,7.0,02,03,02,,3,,1,2,3,1,2,1,3,30.0,70.0,70.0,50.0,20.0,1,2,1,3,2,1,3,10.0,50.0,80.0,997.0,997.0,02,03,03,2,2,1,4,1,3,2,3,03,03,03,03,03,03,02,02,03,03,03,30.0,70.0,2,2,2,1,02,3,,,02,1966.0,1,08,03,02,04,02,01,7,0.35861149430274963,2.0
2146,G1J,03,98,2,3,3,2,3,3,4,3,2,3,1,03,05,8.0,5.0,07,01,02,,8,1,3,8,4,8,2,1,3,50.0,40.0,75.0,90.0,80.0,2,1,2,3,3,2,3,50.0,0.0,85.0,998.0,998.0,03,03,98,8,2,1,8,2,8,2,8,03,03,03,02,02,03,02,02,03,03,03,40.0,60.0,2,4,2,1,03,2,,,06,1983.0,2,99,99,99,05,02,01,1,0.4301224946975708,2.0
2147,G2E,03,04,1,1,2,2,4,3,2,4,1,3,1,03,97,10.0,8.0,02,01,,04,2,,3,2,3,1,2,1,3,25.0,5.0,100.0,10.0,0.0,1,2,1,4,4,1,3,50.0,0.0,100.0,0.0,997.0,03,03,03,3,4,9,3,1,3,2,1,03,03,01,05,04,03,01,03,01,03,03,2.0,80.0,1,3,3,2,03,1,,,02,1978.0,2,08,04,08,05,02,01,1,0.29955968260765076,2.0
2148,G1M,03,98,1,1,1,2,1,1,2,2,1,3,1,02,03,10.0,10.0,01,02,02,,2,,3,2,2,1,2,8,2,50.0,0.0,100.0,0.0,0.0,2,2,8,3,3,8,3,50.0,0.0,100.0,0.0,0.0,01,03,03,3,3,1,1,2,2,2,3,98,98,03,98,03,03,03,03,03,03,03,0.0,100.0,1,8,1,1,03,2,,,03,1980.0,2,07,03,02,04,02,01,1,0.29955968260765076,2.0
2149,G1C,03,08,2,2,3,1,2,3,1,2,2,1,1,02,97,10.0,9.0,03,01,,04,1,,1,1,3,1,2,1,2,10.0,80.0,40.0,10.0,998.0,1,2,2,3,3,1,3,10.0,70.0,0.0,0.0,0.0,06,02,02,3,2,1,3,2,1,2,3,02,02,02,02,02,02,02,02,02,02,02,80.0,80.0,2,3,2,1,02,2,,,06,1957.0,2,06,03,02,05,02,01,1,0.38143667578697205,2.0
2150,G0A,03,96,4,2,1,2,2,3,4,1,1,2,1,03,97,10.0,10.0,02,03,,03,2,,1,1,3,1,2,1,2,2.0,0.0,75.0,997.0,997.0,1,2,1,4,8,2,3,30.0,10.0,65.0,20.0,998.0,03,03,03,2,4,1,2,1,2,1,3,03,03,03,03,03,03,03,03,03,03,03,0.0,99.0,1,8,8,1,03,1,,,02,1958.0,2,05,99,02,05,02,01,1,0.38143667578697205,2.0
2151,G2N,03,98,1,1,3,2,2,2,4,3,1,2,1,03,02,7.0,2.0,01,02,,04,2,,2,2,3,1,1,1,3,20.0,60.0,85.0,25.0,0.0,1,2,2,4,8,2,2,15.0,40.0,80.0,997.0,997.0,03,03,03,2,3,8,3,1,3,3,4,03,03,03,01,01,03,02,03,03,03,03,75.0,70.0,2,3,1,1,03,1,,,02,1980.0,2,07,06,02,05,02,01,1,0.29955968260765076,2.0
2152,G2G,03,01,1,1,3,1,2,3,3,2,3,1,1,99,,5.0,5.0,01,02,03,,9,,9,2,2,2,9,2,2,999.0,999.0,999.0,999.0,999.0,1,2,1,4,9,1,2,999.0,999.0,999.0,999.0,997.0,01,98,03,1,9,8,8,4,2,1,4,01,03,98,01,03,01,01,99,98,98,03,33.0,77.0,9,8,2,1,97,,2,,99,1954.0,1,05,99,99,99,02,01,1,0.4523656964302063,2.0
2153,G2N,03,05,1,2,2,1,2,3,3,2,2,4,1,03,97,10.0,6.0,01,03,,03,8,8,2,2,3,1,2,2,2,30.0,40.0,50.0,998.0,30.0,1,2,1,4,3,2,2,25.0,25.0,65.0,998.0,997.0,01,03,03,3,3,1,4,2,2,1,3,03,98,98,05,04,03,03,02,03,98,03,50.0,70.0,8,3,3,2,97,,1,03,04,1960.0,1,09,10,10,04,02,01,1,0.4523656964302063,2.0
2154,G0S,12,01,1,1,2,2,2,1,3,3,2,3,1,03,97,10.0,5.0,03,01,02,,2,,3,3,3,2,2,2,2,997.0,998.0,10.0,0.0,0.0,1,2,1,3,2,1,3,3.0,5.0,10.0,0.0,0.0,03,03,03,2,3,1,1,1,2,1,3,03,02,03,01,03,03,03,02,03,01,03,0.0,10.0,1,3,2,2,03,2,,,02,1978.0,2,07,07,02,04,02,01,1,0.29955968260765076,2.0
2155,G2L,03,08,2,3,4,1,3,2,4,4,2,2,2,,,6.0,3.0,01,03,,02,2,,3,2,3,2,2,1,2,85.0,20.0,50.0,0.0,15.0,1,1,8,4,3,2,3,80.0,10.0,60.0,997.0,997.0,01,06,03,1,1,2,2,2,2,2,3,01,01,01,01,01,03,01,03,01,01,01,15.0,100.0,1,4,8,1,01,2,,,06,1977.0,2,07,10,01,05,02,01,1,0.29955968260765076,2.0
2156,G1L,03,07,2,1,3,1,2,3,2,1,1,4,1,02,04,9.0,6.0,02,01,02,,1,,2,2,2,1,2,2,2,4.0,70.0,4.0,50.0,45.0,8,2,1,3,8,2,3,40.0,60.0,50.0,65.0,55.0,98,04,03,3,2,1,4,2,2,2,3,98,02,03,05,04,02,02,02,98,98,04,60.0,55.0,1,8,3,3,04,3,,,04,1977.0,2,07,99,10,05,02,01,1,0.29955968260765076,2.0
2157,G1P,03,10,2,2,2,3,4,4,1,3,3,4,1,02,03,10.0,10.0,01,03,,04,1,,2,2,3,1,2,2,3,40.0,100.0,70.0,40.0,30.0,1,2,1,1,3,4,2,999.0,100.0,70.0,998.0,998.0,02,03,02,3,2,1,1,2,2,2,4,02,02,02,02,02,03,02,02,02,01,03,0.0,0.0,1,4,9,1,02,1,,,04,1954.0,2,05,02,02,05,02,01,1,0.38143667578697205,2.0
2158,G3E,03,04,2,2,3,3,1,1,3,3,1,3,1,01,03,8.0,7.0,04,03,,03,2,,8,8,3,9,2,2,2,75.0,20.0,65.0,0.0,0.0,1,1,1,4,3,1,3,70.0,40.0,65.0,20.0,5.0,01,98,99,1,4,1,4,2,8,1,2,03,01,01,05,02,01,01,02,03,01,98,80.0,80.0,1,8,2,3,01,2,,,01,1970.0,1,09,07,02,05,02,01,1,0.6606233716011047,2.0
2159,G1M,03,06,1,1,2,2,2,1,3,3,2,3,1,03,01,10.0,9.0,03,01,03,,2,,3,2,3,2,2,2,2,70.0,45.0,85.0,4.0,9.0,1,2,1,4,2,2,2,68.0,44.0,90.0,4.0,10.0,03,03,03,3,1,1,2,1,2,2,2,03,03,03,05,04,03,02,02,03,03,03,7.0,87.0,1,3,2,1,03,2,,,02,1987.0,1,08,08,05,04,02,01,1,0.5101058483123779,2.0
2160,G0A,03,01,1,2,3,2,3,1,4,2,3,3,1,01,03,7.0,5.0,01,03,03,,2,,1,1,4,1,2,1,3,80.0,0.0,60.0,0.0,40.0,1,2,8,4,2,1,4,50.0,0.0,80.0,0.0,997.0,01,03,03,1,1,1,2,1,2,4,4,01,98,98,05,03,03,01,02,03,01,03,30.0,100.0,2,3,1,1,01,2,,,02,1964.0,2,09,10,02,04,02,01,1,0.5570399761199951,2.0
2161,G1J,03,10,3,1,2,1,1,3,1,3,3,4,1,02,05,9.0,9.0,03,01,,05,1,,3,3,3,2,3,2,2,15.0,80.0,25.0,25.0,50.0,1,2,1,3,1,1,4,20.0,70.0,50.0,5.0,997.0,02,04,06,1,2,1,4,2,2,1,2,02,02,01,05,04,03,02,02,02,01,03,50.0,50.0,1,3,3,2,02,1,,,04,1975.0,1,10,07,02,05,02,01,1,0.3552634119987488,2.0
2162,G1H,03,01,1,2,2,2,2,3,3,2,2,3,1,03,97,8.0,5.0,01,02,03,,2,,2,2,3,1,3,1,2,65.0,50.0,75.0,997.0,998.0,1,2,1,4,4,2,3,60.0,50.0,75.0,997.0,997.0,01,98,03,2,1,1,2,2,2,2,2,03,03,98,03,98,03,03,98,03,03,03,30.0,75.0,2,8,2,2,03,3,,,02,1958.0,1,04,04,01,05,02,01,1,0.4523656964302063,2.0
2163,G1J,03,03,2,2,3,3,4,2,4,3,2,2,1,03,97,9.0,6.0,01,04,02,,8,8,1,2,4,1,2,1,2,50.0,10.0,90.0,0.0,50.0,2,2,1,4,3,2,2,60.0,50.0,90.0,10.0,997.0,03,03,03,3,3,3,2,1,2,3,2,03,03,03,05,04,03,03,02,03,03,03,5.0,90.0,1,4,3,2,03,1,,,02,1981.0,2,07,07,02,05,02,01,1,0.29955968260765076,2.0
2164,G0A,03,03,3,3,3,3,2,1,1,3,2,3,1,03,01,10.0,7.0,04,03,,02,2,,2,2,3,2,3,1,3,40.0,20.0,70.0,0.0,0.0,1,1,8,4,2,1,3,30.0,15.0,80.0,0.0,997.0,03,03,03,2,4,1,4,2,8,1,3,01,01,01,05,02,03,03,02,03,03,02,30.0,40.0,2,8,2,2,03,1,,,02,1959.0,1,04,07,02,04,02,01,1,0.4523656964302063,2.0
2165,G1J,03,01,3,1,3,3,3,2,1,2,3,1,2,,,9.0,8.0,01,04,,05,1,,2,2,4,1,2,1,3,15.0,50.0,70.0,5.0,997.0,1,8,8,2,1,2,2,25.0,15.0,70.0,10.0,997.0,01,03,03,3,2,3,8,1,2,8,4,98,02,03,05,03,03,02,03,03,98,03,50.0,50.0,1,8,2,1,02,2,,,06,1983.0,2,08,01,09,05,02,01,1,0.4301224946975708,2.0
2166,G1N,03,08,4,3,3,1,2,4,2,1,3,4,1,04,97,10.0,10.0,03,02,,04,1,,2,2,3,2,2,1,4,10.0,40.0,0.0,80.0,40.0,2,2,1,2,4,3,4,20.0,50.0,0.0,100.0,30.0,04,04,04,3,2,1,4,4,2,1,3,04,04,98,04,04,04,04,04,98,98,04,80.0,30.0,1,4,4,4,04,2,,,04,1978.0,1,09,06,02,05,02,01,1,0.3552634119987488,2.0
2167,G2E,03,04,2,1,2,1,2,2,3,2,2,3,1,03,01,8.0,8.0,02,01,,03,2,,3,2,3,1,2,1,2,75.0,55.0,85.0,4.0,65.0,1,2,1,4,2,2,3,77.0,40.0,92.0,4.0,4.0,01,03,03,2,3,1,4,1,3,2,3,03,03,03,05,04,03,03,03,03,03,03,12.0,88.0,1,4,2,1,03,2,,,02,1982.0,1,06,03,02,05,02,01,1,0.3552634119987488,2.0
2168,G2B,03,98,1,2,2,2,2,1,8,1,1,1,1,01,03,8.0,3.0,06,01,,03,2,,2,1,2,1,2,2,2,85.0,0.0,50.0,997.0,0.0,2,8,1,4,4,2,3,90.0,0.0,75.0,997.0,997.0,01,01,03,1,1,8,3,3,1,1,3,01,02,01,01,01,01,01,03,01,01,03,0.0,75.0,8,3,2,1,01,2,,,01,1961.0,2,06,07,02,04,02,01,2,0.20705832540988922,2.0
2169,G3A,03,07,2,2,3,1,2,2,4,3,1,2,1,03,97,10.0,4.0,01,03,03,,8,8,3,1,2,2,2,1,2,75.0,50.0,85.0,40.0,70.0,1,8,8,4,2,2,2,75.0,25.0,80.0,30.0,997.0,01,05,03,3,4,1,8,1,2,2,1,03,03,98,05,03,03,02,02,03,03,03,15.0,75.0,1,3,2,1,03,1,,,03,1979.0,2,09,07,02,05,02,01,1,0.29955968260765076,2.0
2170,G1E,03,98,8,8,8,8,8,8,8,8,8,8,1,97,98,0.0,0.0,97,,,04,3,,9,8,8,1,2,1,9,998.0,998.0,998.0,997.0,998.0,8,8,8,8,4,8,8,998.0,998.0,998.0,997.0,997.0,98,06,06,2,8,9,9,9,9,8,8,99,99,99,99,99,99,99,99,99,99,99,999.0,999.0,1,3,8,2,97,,2,,07,1986.0,2,06,10,09,04,02,01,1,0.4301224946975708,2.0
2171,G1V,03,01,1,1,2,1,2,2,2,3,2,2,1,02,03,10.0,8.0,04,01,,03,2,,2,2,3,1,2,1,2,0.0,85.0,82.0,80.0,70.0,1,9,1,3,8,2,2,0.0,60.0,60.0,65.0,997.0,02,02,02,2,3,1,8,8,2,2,3,02,02,03,02,02,03,04,04,02,03,02,50.0,50.0,1,3,2,1,02,2,,,02,1982.0,2,09,03,02,05,02,01,1,0.29955968260765076,2.0
2172,G1K,03,01,1,2,3,2,1,3,3,2,3,1,1,02,03,10.0,8.0,01,03,,04,1,,2,2,3,1,2,1,2,25.0,80.0,75.0,0.0,0.0,1,1,2,3,2,2,2,25.0,50.0,80.0,0.0,0.0,98,03,03,3,3,1,4,2,2,1,2,98,03,01,05,03,03,02,02,98,98,03,25.0,50.0,1,3,2,1,02,2,,,04,1955.0,1,04,04,02,05,02,01,1,0.4523656964302063,2.0
2173,G1H,03,03,1,2,3,3,2,2,4,3,1,4,1,03,01,8.0,6.0,01,02,,03,2,,4,2,3,1,8,1,2,5.0,0.0,99.0,50.0,40.0,1,1,1,4,1,2,2,75.0,1.0,99.0,997.0,997.0,03,03,03,1,1,1,2,1,1,2,2,03,02,98,05,01,03,02,01,03,01,03,0.0,75.0,8,2,1,1,03,1,,,02,1969.0,1,07,08,02,05,02,01,1,0.6606233716011047,2.0
2174,G1X,03,01,1,2,3,1,1,2,2,3,2,4,1,02,05,9.0,8.0,02,04,01,,1,,3,8,3,2,2,8,3,30.0,60.0,50.0,50.0,60.0,8,2,1,2,3,2,3,5.0,30.0,25.0,10.0,15.0,98,05,03,1,2,1,4,4,1,1,3,97,02,98,02,04,02,02,02,98,98,98,50.0,50.0,1,4,4,4,02,3,,,05,1967.0,2,09,05,02,05,02,01,1,0.5570399761199951,2.0
2175,G1L,03,99,2,1,2,2,2,3,1,2,1,2,1,03,97,10.0,6.0,01,03,02,,2,,3,2,3,1,1,1,3,0.0,10.0,100.0,997.0,997.0,1,2,1,4,3,2,3,0.0,0.0,100.0,997.0,997.0,03,03,03,2,3,1,1,1,3,2,1,03,03,98,05,03,03,03,98,03,98,03,25.0,25.0,1,3,2,1,03,2,,,02,1978.0,2,09,03,02,05,02,01,1,0.29955968260765076,2.0
