caseid,age,regio,popnum,qpop,qregiz,excl,q1,q1x,q2,q3a,q3b,q4,q5a,q5b,q5c,q5d,q5e,q5f,q5g,q5h,q5i,q5j,q5j_o_m1,q5j_o_m2,q5j_o,q5t_m1,q5t_m2,q5t_m3,q5t_m4,q5t_m5,q5t_m6,q5t_m7,q5t_m8,q5t_m9,q6a,q6b,q7,q8,q8x,q9,q10a,q10b,q10c,q10d,q10e,q11,q12_m1,q12_m2,q12_m3,q12_m4,q12_m5,q12_m6,q12_m7,q12_m8,q13,q14,q15,q16,q17a,q17b,q17c,q18,q19,q20,q21,q22,q23,q24,q25a,q25b,q25c,q25d,q25e,langm,sexe,sexep,orig,scol,occup,reven,menag,pond17,pondalt
80,6,15,2964,1,7,0,2,2.0,,,,,2.0,1.0,2.0,2.0,1.0,1.0,2.0,2.0,1.0,2.0,,,,1.0,2.0,6.0,8.0,,,,,,3,3,4,9,,3,2,2,3,3,3,3,3,,,,,,,,2,3,2,2,3,3,2,2,3,9,3,1,1,2,3,3,2,3,3,1,1,1,1,4,3,98,1,0.3640757203102112,0.5264613032341003
182,6,11,7350,2,1,0,2,2.0,,,,,2.0,2.0,2.0,2.0,2.0,2.0,2.0,2.0,2.0,1.0,10.0,,MALADIE,10.0,,,,,,,,,1,2,3,1,1.0,2,2,3,3,2,2,2,4,8.0,1.0,5.0,,,,,1,3,3,2,2,4,4,3,3,2,3,4,1,2,3,2,2,2,2,1,2,2,1,3,3,2,1,0.5945723652839661,1.1169389486312866
260,5,3,549937,4,3,0,3,3.0,1.0,1.0,2.0,1.0,,,,,,,,,,,,,,,,,,,,,,,1,2,3,9,,2,3,2,2,1,2,3,6,3.0,,,,,,,2,1,4,2,1,1,1,3,1,2,2,4,1,2,1,2,1,2,1,1,1,1,1,2,3,6,2,2.2852814197540283,1.3551445007324219
261,6,3,549937,4,3,0,3,3.0,1.0,2.0,1.0,2.0,,,,,,,,,,,,,,,,,,,,,,,1,2,2,9,,2,3,3,2,3,2,3,6,3.0,1.0,,,,,,2,1,4,2,1,2,1,3,3,2,2,4,1,2,3,2,3,2,3,1,2,2,1,5,3,5,1,3.2837791442871094,2.0949013233184814
303,6,5,170816,4,5,0,3,3.0,1.0,1.0,1.0,1.0,,,,,,,,,,,,,,,,,,,,,,,1,2,1,9,,3,2,1,3,4,2,3,7,3.0,4.0,8.0,5.0,6.0,1.0,,1,1,4,2,1,1,1,4,1,1,1,4,1,1,4,2,2,2,3,1,1,1,1,4,3,98,2,2.3592464923858643,1.502030611038208
333,6,6,1825208,4,6,0,1,1.0,,,,,1.0,2.0,1.0,1.0,1.0,1.0,2.0,2.0,2.0,2.0,,,,2.0,3.0,5.0,6.0,7.0,,,,,1,1,3,2,2.0,2,3,2,2,1,2,3,3,1.0,6.0,,,,,,2,2,3,1,2,2,2,2,3,2,3,4,2,2,3,1,3,2,3,2,2,2,2,4,3,1,1,3.3873515129089355,8.479063987731934
597,5,13,441929,4,6,0,3,3.0,1.0,1.0,1.0,1.0,,,,,,,,,,,,,,,,,,,,,,,2,2,3,3,3.0,2,2,3,2,2,2,2,1,3.0,,,,,,,2,2,4,2,2,2,2,3,2,2,2,4,1,2,3,2,2,2,2,1,2,2,1,2,3,3,1,2.88539457321167,1.6561861038208008
707,6,6,1825208,4,6,0,1,1.0,,,,,2.0,2.0,2.0,2.0,1.0,2.0,2.0,2.0,2.0,1.0,10.0,,MALADE,2.0,10.0,,,,,,,,2,2,3,3,3.0,2,2,3,2,2,1,2,3,,,,,,,,2,3,3,2,4,3,4,2,3,2,3,4,2,2,3,2,1,3,2,1,1,1,1,3,3,2,1,2.3592464923858643,6.301305294036865
747,3,6,1825208,4,6,0,3,3.0,1.0,1.0,2.0,1.0,,,,,,,,,,,,,,,,,,,,,,,1,2,2,9,,2,2,4,1,2,2,3,4,3.0,6.0,,,,,,2,1,4,2,2,1,2,4,2,1,1,4,2,1,2,3,2,3,4,1,2,2,1,4,1,3,3,1.80228853225708,0.854518711566925
757,6,6,1825208,4,6,0,3,3.0,1.0,1.0,1.0,3.0,,,,,,,,,,,,,,,,,,,,,,,1,1,1,3,3.0,2,2,4,2,2,2,3,8,5.0,3.0,,,,,,1,1,4,2,1,1,1,3,1,2,1,4,2,2,1,3,2,2,3,1,1,1,1,5,3,3,1,2.3592464923858643,1.502030611038208
811,6,3,3502,1,3,0,1,1.0,,,,,2.0,1.0,2.0,1.0,1.0,1.0,2.0,2.0,2.0,2.0,,,,1.0,2.0,5.0,6.0,,,,,,2,3,4,9,,2,3,2,2,3,2,2,1,,,,,,,,2,3,4,2,3,3,2,1,3,2,2,4,1,2,2,1,2,3,2,1,1,1,1,2,3,4,2,0.3640757203102112,0.5264613032341003
904,5,3,11001,2,3,0,3,3.0,1.0,1.0,1.0,1.0,,,,,,,,,,,,,,,,,,,,,,,1,1,4,3,3.0,2,1,2,2,3,1,3,3,8.0,6.0,,,,,,2,2,4,2,1,2,1,3,1,1,3,4,1,2,3,2,2,3,2,1,1,1,1,4,1,98,1,0.4137810170650482,0.3195469081401825
935,6,14,119360,4,7,0,3,3.0,1.0,1.0,1.0,2.0,,,,,,,,,,,,,,,,,,,,,,,1,2,2,3,3.0,1,4,4,3,1,2,3,3,1.0,2.0,8.0,,,,,1,2,4,2,1,1,4,4,1,2,2,3,1,2,4,3,3,4,1,1,1,1,1,3,3,5,1,2.3592464923858643,1.502030611038208
938,6,3,549937,4,3,0,3,3.0,1.0,1.0,1.0,1.0,,,,,,,,,,,,,,,,,,,,,,,1,2,2,9,,1,3,3,2,2,2,3,3,7.0,1.0,6.0,,,,,1,1,4,2,2,2,1,3,1,1,1,4,1,2,3,4,3,3,2,1,2,2,1,5,3,4,1,3.2837791442871094,2.0949013233184814
995,6,15,59612,3,7,0,2,2.0,,,,,2.0,2.0,2.0,2.0,2.0,2.0,2.0,2.0,1.0,2.0,,,,8.0,,,,,,,,,1,1,3,3,3.0,1,4,3,2,1,1,2,1,2.0,,,,,,,1,2,3,9,1,1,1,3,3,2,2,4,1,2,1,1,1,1,1,1,1,1,1,2,3,3,2,0.8823754787445068,1.8877201080322266
1109,6,6,1825208,4,6,0,3,3.0,1.0,1.0,1.0,1.0,,,,,,,,,,,,,,,,,,,,,,,1,2,1,9,,1,2,2,2,1,1,3,2,3.0,,,,,,,1,2,4,1,1,1,2,3,3,2,1,4,1,2,3,2,2,4,4,1,1,1,1,5,3,7,1,2.3592464923858643,1.502030611038208
1274,5,6,33714,3,6,0,3,3.0,1.0,1.0,1.0,1.0,,,,,,,,,,,,,,,,,,,,,,,1,3,4,9,,2,3,3,2,2,2,3,1,8.0,4.0,,,,,,1,3,4,2,2,2,2,2,2,2,2,4,1,2,2,2,2,3,1,1,1,1,1,4,1,7,2,0.8547120690345764,0.5833334922790527
1339,5,3,549937,4,3,0,3,3.0,1.0,1.0,1.0,1.0,,,,,,,,,,,,,,,,,,,,,,,1,2,3,9,,2,3,1,3,4,3,3,6,7.0,,,,,,,1,1,4,2,3,2,2,4,2,1,4,4,2,2,3,3,2,4,1,1,1,1,1,3,1,3,6,2.2852814197540283,1.3551445007324219
1484,5,3,549937,4,3,0,3,3.0,1.0,1.0,2.0,1.0,,,,,,,,,,,,,,,,,,,,,,,1,2,3,9,,2,3,3,2,2,2,4,3,6.0,,,,,,,2,1,4,2,2,2,2,3,3,2,2,4,1,2,2,1,2,3,1,1,2,2,1,3,3,3,2,2.88539457321167,1.6561861038208008
1562,3,15,27296,3,7,0,3,3.0,1.0,1.0,2.0,1.0,,,,,,,,,,,,,,,,,,,,,,,2,2,1,9,,1,3,4,2,2,1,3,2,1.0,,,,,,,2,2,4,2,1,2,1,2,2,1,2,2,1,2,1,1,3,3,2,1,2,2,1,3,1,8,3,0.6740691065788269,0.36783263087272644
1602,6,3,16723,2,3,0,2,2.0,,,,,2.0,2.0,2.0,2.0,2.0,2.0,2.0,2.0,2.0,2.0,,,,11.0,,,,,,,,,1,3,4,3,3.0,1,3,4,1,1,2,3,9,,,,,,,,2,3,4,1,2,4,3,2,3,2,3,3,1,2,3,3,2,2,3,1,1,1,1,2,3,3,2,0.42717334628105164,0.800839364528656
1652,6,6,1825208,4,6,0,3,3.0,1.0,1.0,2.0,1.0,,,,,,,,,,,,,,,,,,,,,,,1,1,3,9,,2,2,3,2,2,2,1,3,,,,,,,,1,2,4,2,2,2,1,2,3,2,2,4,2,2,3,3,3,3,3,1,1,1,1,4,3,98,1,2.3592464923858643,1.502030611038208
1723,6,6,1825208,4,6,0,3,3.0,1.0,1.0,1.0,1.0,,,,,,,,,,,,,,,,,,,,,,,1,2,2,9,,1,4,4,1,2,4,3,4,1.0,,,,,,,2,2,4,2,1,2,2,3,3,1,2,3,2,2,3,3,3,3,3,1,2,2,1,4,3,2,1,3.2837791442871094,2.0949013233184814
1726,6,6,1825208,4,6,0,3,3.0,1.0,1.0,1.0,1.0,,,,,,,,,,,,,,,,,,,,,,,1,2,1,9,,1,3,4,1,1,1,4,3,,,,,,,,1,1,4,2,1,1,1,4,1,1,1,4,2,2,2,2,1,3,2,1,2,2,1,3,3,2,1,3.2837791442871094,2.0949013233184814
1753,5,16,30391,3,8,0,3,3.0,1.0,1.0,1.0,1.0,,,,,,,,,,,,,,,,,,,,,,,1,2,3,9,,2,3,3,2,2,2,2,2,1.0,8.0,,,,,,2,3,3,9,2,2,3,3,3,2,3,4,1,2,2,2,2,3,2,1,1,1,1,4,1,5,5,0.8547120690345764,0.5833334922790527
1890,5,3,549937,4,3,0,3,3.0,1.0,1.0,1.0,1.0,,,,,,,,,,,,,,,,,,,,,,,1,2,3,9,,1,3,2,2,2,2,2,3,,,,,,,,1,2,4,1,2,1,2,3,3,2,2,4,1,2,3,2,2,2,3,1,1,1,1,2,1,6,5,2.2852814197540283,1.3551445007324219
1891,6,13,441929,4,6,0,3,3.0,1.0,1.0,1.0,1.0,,,,,,,,,,,,,,,,,,,,,,,2,2,1,3,3.0,2,2,2,2,2,2,3,8,3.0,1.0,2.0,,,,,1,1,4,2,2,1,2,2,2,1,2,4,1,2,2,2,2,2,1,1,2,2,1,4,3,5,1,3.2837791442871094,2.0949013233184814
1925,6,1,49733,3,1,0,3,3.0,1.0,1.0,1.0,1.0,,,,,,,,,,,,,,,,,,,,,,,1,2,9,9,,2,3,3,2,2,2,3,3,1.0,7.0,,,,,,2,1,4,2,1,1,2,4,3,1,2,4,1,2,2,3,2,4,2,1,1,1,1,4,1,4,1,0.8823754787445068,0.6465595364570618
2206,6,13,441929,4,6,0,1,1.0,,,,,2.0,1.0,2.0,2.0,2.0,2.0,1.0,1.0,2.0,2.0,,,,1.0,4.0,9.0,,,,,,,1,3,3,9,,2,2,2,2,3,2,2,2,,,,,,,,1,2,3,2,2,1,2,3,1,2,2,4,1,2,2,1,1,2,1,1,1,1,1,4,3,6,2,2.3592464923858643,6.301305294036865
2282,6,13,441929,4,6,0,3,3.0,1.0,1.0,1.0,1.0,,,,,,,,,,,,,,,,,,,,,,,3,3,3,3,3.0,2,2,3,1,2,1,3,8,,,,,,,,1,2,4,2,1,1,1,2,3,2,3,4,1,2,1,1,1,1,1,1,2,2,1,2,3,2,2,3.2837791442871094,2.0949013233184814
2449,6,3,549937,4,3,0,2,2.0,,,,,2.0,1.0,1.0,2.0,2.0,2.0,2.0,2.0,2.0,2.0,,,,1.0,7.0,,,,,,,,1,2,3,9,,2,3,2,2,2,2,3,6,3.0,,,,,,,1,2,3,2,1,2,2,2,3,2,1,4,1,2,3,3,3,3,1,1,2,2,1,4,3,6,2,3.2837791442871094,8.788521766662598
2671,5,6,1825208,4,6,0,2,2.0,,,,,2.0,1.0,1.0,2.0,2.0,2.0,2.0,2.0,1.0,2.0,,,,1.0,7.0,8.0,,,,,,,1,3,4,9,,2,2,2,2,3,2,3,9,,,,,,,,1,2,4,2,2,2,2,3,3,2,2,4,2,2,3,2,3,1,2,1,2,2,1,2,3,2,2,2.88539457321167,6.948019981384277
2741,5,6,1825208,4,6,0,3,3.0,1.0,1.0,1.0,1.0,,,,,,,,,,,,,,,,,,,,,,,1,2,2,3,3.0,2,3,3,2,2,1,3,5,3.0,1.0,,,,,,2,2,4,2,2,2,2,2,3,2,2,4,2,2,2,2,2,3,2,1,1,1,1,2,3,2,1,2.2852814197540283,1.3551445007324219
2813,6,6,1825208,4,6,0,3,3.0,1.0,1.0,1.0,1.0,,,,,,,,,,,,,,,,,,,,,,,1,1,1,3,3.0,1,2,1,1,2,1,3,4,2.0,,,,,,,1,3,3,2,1,1,2,2,3,2,1,4,2,2,3,2,2,2,3,1,1,1,1,5,3,1,1,2.3592464923858643,1.502030611038208
2827,6,6,1825208,4,6,0,3,3.0,1.0,1.0,1.0,1.0,,,,,,,,,,,,,,,,,,,,,,,1,1,3,3,3.0,1,3,2,3,3,2,1,3,,,,,,,,1,1,4,2,2,1,2,2,3,2,2,4,2,2,3,3,1,2,3,1,2,2,1,2,3,2,1,3.2837791442871094,2.0949013233184814
2869,6,3,549937,4,3,0,3,3.0,1.0,1.0,1.0,1.0,,,,,,,,,,,,,,,,,,,,,,,1,1,3,3,3.0,2,3,3,1,2,2,3,6,1.0,3.0,4.0,,,,,2,2,4,2,1,2,1,3,3,1,1,4,1,2,1,2,2,1,2,1,2,2,1,4,3,6,2,3.2837791442871094,2.0949013233184814
2905,4,3,549937,4,3,0,3,3.0,1.0,1.0,1.0,1.0,,,,,,,,,,,,,,,,,,,,,,,1,1,1,3,3.0,2,4,4,1,1,3,3,3,1.0,6.0,4.0,7.0,,,,1,1,4,2,1,1,2,4,2,1,1,4,1,1,2,2,2,1,1,1,2,2,1,4,1,8,3,2.608217477798462,1.1536762714385986
2921,4,2,1766,1,2,1,3,,1.0,1.0,2.0,1.0,,,,,,,,,,,,,,,,,,,,,,,1,2,9,3,3.0,2,4,3,2,1,2,2,7,4.0,,,,,,,2,1,4,2,1,1,1,4,1,1,1,4,1,1,4,2,3,4,2,1,2,2,1,4,1,98,2,0.40249672532081604,0.32036837935447693
2924,5,3,549937,4,3,0,3,3.0,1.0,1.0,2.0,1.0,,,,,,,,,,,,,,,,,,,,,,,1,2,3,3,3.0,1,3,3,2,3,2,3,1,3.0,5.0,,,,,,2,2,3,2,2,2,2,3,2,2,2,4,1,2,1,1,1,2,1,1,2,2,1,4,3,3,1,2.88539457321167,1.6561861038208008
3120,5,16,17403,2,8,0,1,1.0,,,,,2.0,1.0,2.0,2.0,1.0,1.0,1.0,2.0,1.0,1.0,12.0,,DÉMÉNAGEMENT RECENT,1.0,2.0,4.0,6.0,8.0,10.0,,,,3,1,4,9,,3,2,2,3,3,3,3,5,3.0,6.0,8.0,,,,,2,2,3,1,3,3,3,3,9,2,2,1,1,2,3,2,3,2,2,1,2,2,1,5,6,98,9,0.5224395394325256,0.8830307126045227
3169,6,12,1390,1,3,0,1,1.0,,,,,2.0,2.0,2.0,2.0,2.0,2.0,1.0,2.0,2.0,2.0,,,,4.0,,,,,,,,,3,3,4,9,,2,2,2,3,2,2,3,4,,,,,,,,2,2,4,2,1,1,1,4,3,2,3,1,1,1,3,2,2,3,2,1,1,1,1,9,3,98,2,0.3640757203102112,0.5264613032341003
3262,6,8,33024,3,2,0,3,3.0,1.0,1.0,1.0,1.0,,,,,,,,,,,,,,,,,,,,,,,2,2,1,3,3.0,1,4,4,1,1,1,2,3,1.0,8.0,2.0,,,,,2,2,4,2,1,1,1,3,1,2,1,4,2,2,4,2,2,4,4,1,2,2,1,4,3,3,1,1.2281575202941895,0.9017654061317444
3312,4,3,549937,4,3,0,3,3.0,1.0,1.0,1.0,2.0,,,,,,,,,,,,,,,,,,,,,,,1,2,1,9,,1,3,3,2,2,2,3,3,4.0,,,,,,,1,1,4,2,2,1,1,3,2,2,1,4,1,2,3,2,2,3,1,1,1,1,1,5,1,8,3,2.2396583557128906,1.2535582780838013
3396,4,16,22612,3,8,0,3,3.0,1.0,1.0,1.0,1.0,,,,,,,,,,,,,,,,,,,,,,,1,1,3,3,3.0,1,2,2,2,2,2,3,3,7.0,,,,,,,2,2,4,2,1,1,1,2,2,1,2,4,1,2,3,1,2,3,1,1,1,1,1,5,1,7,4,0.8376485109329224,0.539604127407074
3404,3,15,17726,2,7,0,3,3.0,1.0,2.0,2.0,1.0,,,,,,,,,,,,,,,,,,,,,,,1,2,3,9,,2,3,3,2,2,2,3,8,7.0,3.0,,,,,,1,2,4,2,2,2,3,3,1,1,1,4,1,2,3,3,3,3,3,1,2,2,1,3,1,98,3,0.3263285458087921,0.20149792730808258
3455,6,3,549937,4,3,0,3,3.0,1.0,1.0,1.0,1.0,,,,,,,,,,,,,,,,,,,,,,,1,1,2,9,,2,3,2,2,3,2,2,4,3.0,,,,,,,2,3,4,2,2,2,2,3,3,2,2,4,2,2,3,1,1,1,2,1,2,2,1,2,3,4,1,3.2837791442871094,2.0949013233184814
3569,6,16,7162,2,8,0,3,3.0,1.0,1.0,1.0,2.0,,,,,,,,,,,,,,,,,,,,,,,1,2,9,3,3.0,2,3,3,2,2,2,3,1,4.0,8.0,2.0,,,,,2,2,4,1,2,2,2,2,3,2,2,4,1,2,3,2,3,2,2,1,2,2,1,2,3,98,2,0.5945723652839661,0.4939829409122467
3656,4,16,7318,2,8,0,1,1.0,,,,,1.0,1.0,1.0,1.0,1.0,1.0,2.0,2.0,2.0,2.0,,,,1.0,2.0,3.0,5.0,6.0,7.0,,,,3,3,4,9,,2,3,3,2,2,3,3,9,,,,,,,,1,4,2,1,3,3,2,1,3,2,4,3,1,2,1,3,1,3,2,1,2,2,1,5,1,8,4,0.4722529351711273,0.6151058077812195
3700,6,3,549937,4,3,0,3,3.0,1.0,1.0,1.0,1.0,,,,,,,,,,,,,,,,,,,,,,,3,1,3,3,3.0,2,3,3,2,1,2,3,6,3.0,,,,,,,2,1,4,2,2,1,1,3,3,2,2,4,1,2,3,2,3,2,3,1,1,1,2,3,3,3,2,2.3592464923858643,1.502030611038208
3736,6,6,1825208,4,6,0,2,2.0,,,,,2.0,2.0,2.0,2.0,2.0,2.0,2.0,2.0,2.0,2.0,,,,11.0,,,,,,,,,3,3,4,9,,3,2,3,3,2,2,2,9,,,,,,,,2,4,3,1,3,3,3,1,3,2,3,4,2,2,2,2,2,2,2,1,1,1,1,2,3,2,1,2.3592464923858643,6.301305294036865
3931,5,13,441929,4,6,0,3,3.0,1.0,1.0,1.0,1.0,,,,,,,,,,,,,,,,,,,,,,,2,1,2,9,,3,2,2,2,2,2,2,8,,,,,,,,1,2,4,2,1,1,2,2,3,2,3,4,1,2,2,2,2,3,1,1,2,2,1,3,1,3,1,2.88539457321167,1.6561861038208008
4196,6,6,1825208,4,6,0,3,3.0,1.0,2.0,2.0,2.0,,,,,,,,,,,,,,,,,,,,,,,1,3,3,9,,2,2,3,3,3,3,3,3,,,,,,,,1,2,4,2,2,2,2,3,3,2,2,4,1,2,3,3,3,3,2,1,2,2,1,4,3,5,1,3.2837791442871094,2.0949013233184814
4282,5,7,5986,2,5,0,3,3.0,1.0,1.0,2.0,1.0,,,,,,,,,,,,,,,,,,,,,,,1,2,9,9,,2,2,1,4,2,3,3,2,3.0,1.0,,,,,,2,2,4,2,2,1,1,3,2,2,2,4,1,2,3,4,2,4,1,2,1,1,1,4,1,6,2,0.4268319010734558,0.3082956075668335
4394,6,6,1825208,4,6,0,3,3.0,1.0,1.0,1.0,1.0,,,,,,,,,,,,,,,,,,,,,,,1,1,1,3,3.0,2,3,3,2,2,1,2,9,,,,,,,,1,2,4,2,1,1,1,2,1,2,2,4,2,1,3,3,3,3,3,1,2,2,1,5,3,3,1,3.2837791442871094,2.0949013233184814
4419,6,6,1825208,4,6,0,3,3.0,1.0,1.0,2.0,2.0,,,,,,,,,,,,,,,,,,,,,,,1,2,2,3,3.0,2,3,3,2,2,2,3,7,3.0,6.0,4.0,,,,,1,1,4,2,1,2,2,3,2,2,2,4,1,2,3,2,2,3,2,1,2,2,1,4,1,4,1,3.2837791442871094,2.0949013233184814
4514,5,6,1825208,4,6,0,3,3.0,1.0,1.0,1.0,1.0,,,,,,,,,,,,,,,,,,,,,,,1,2,3,1,1.0,1,3,3,2,2,2,3,5,,,,,,,,2,2,4,2,2,2,2,2,3,2,2,4,2,2,4,4,4,4,4,2,1,1,1,4,1,98,1,2.3573615550994873,1.307429552078247
4535,4,12,149564,4,3,0,1,1.0,,,,,2.0,1.0,2.0,2.0,1.0,2.0,2.0,2.0,2.0,2.0,,,,1.0,2.0,,,,,,,,2,3,2,9,,2,3,3,2,3,2,2,1,,,,,,,,2,2,2,1,3,3,2,2,3,2,2,3,1,2,3,2,3,2,2,1,2,2,1,3,6,98,2,2.608217477798462,4.839892864227295
4550,4,3,549937,4,3,0,3,3.0,1.0,1.0,1.0,1.0,,,,,,,,,,,,,,,,,,,,,,,1,2,3,9,,3,4,2,2,3,2,4,1,4.0,3.0,5.0,,,,,2,1,4,2,1,1,1,4,3,1,1,2,1,2,4,3,3,2,4,1,2,2,1,3,1,5,2,2.608217477798462,1.1536762714385986
4735,4,3,8277,2,3,0,1,1.0,,,,,2.0,2.0,1.0,1.0,1.0,1.0,2.0,2.0,2.0,2.0,,,,2.0,5.0,6.0,7.0,,,,,,2,3,4,9,,2,2,2,2,3,3,1,1,,,,,,,,2,3,3,1,2,2,3,2,3,2,3,4,2,2,3,2,2,2,4,1,2,2,1,2,1,2,4,0.4722529351711273,0.6151058077812195
4878,6,12,149564,4,3,0,2,2.0,,,,,2.0,2.0,2.0,2.0,1.0,2.0,2.0,2.0,2.0,2.0,,,,2.0,,,,,,,,,1,1,2,3,3.0,2,3,3,2,2,2,2,2,3.0,1.0,,,,,,1,2,4,2,3,2,3,3,3,2,2,4,1,1,3,2,3,2,3,1,1,1,1,4,3,4,2,2.3592464923858643,6.301305294036865
4888,6,3,549937,4,3,0,3,3.0,1.0,1.0,1.0,1.0,,,,,,,,,,,,,,,,,,,,,,,1,1,2,3,3.0,1,3,3,2,2,2,3,3,1.0,5.0,2.0,,,,,2,2,4,2,2,2,2,3,2,2,2,4,1,2,1,2,2,2,3,1,2,2,1,2,3,2,1,3.2837791442871094,2.0949013233184814
4906,6,6,1825208,4,6,0,3,3.0,1.0,1.0,1.0,1.0,,,,,,,,,,,,,,,,,,,,,,,1,1,3,3,3.0,3,3,2,3,3,2,3,6,8.0,3.0,,,,,,1,1,4,2,1,2,1,3,3,1,3,4,2,2,3,3,2,3,2,1,2,2,2,4,3,3,1,3.2837791442871094,2.0949013233184814
5079,5,7,290283,4,5,0,3,3.0,1.0,1.0,1.0,1.0,,,,,,,,,,,,,,,,,,,,,,,1,3,4,9,,1,3,3,3,2,2,1,3,,,,,,,,1,1,4,2,3,1,2,3,3,2,2,4,1,2,3,2,3,3,3,1,1,1,1,2,3,5,2,2.2852814197540283,1.3551445007324219
5134,6,6,1825208,4,6,0,3,3.0,1.0,1.0,1.0,1.0,,,,,,,,,,,,,,,,,,,,,,,1,3,3,3,3.0,2,2,1,3,3,2,2,2,5.0,,,,,,,1,2,4,2,2,1,2,2,3,2,2,4,1,2,3,2,2,2,2,1,1,1,1,3,1,98,2,2.3592464923858643,1.502030611038208
5143,6,5,3889,1,5,0,2,2.0,,,,,2.0,2.0,2.0,2.0,2.0,2.0,2.0,1.0,2.0,1.0,13.0,,LE MAIRE SORTANT N'AVAIT AUCUNE OPPOSITION.  IL ÉTAIT RÉÉLU.,9.0,10.0,,,,,,,,2,1,4,9,,2,2,2,2,3,2,3,3,,,,,,,,2,3,4,2,2,1,1,3,3,2,2,4,1,2,2,2,2,2,2,1,2,2,1,4,3,98,2,0.5067484378814697,0.7342579960823059
5149,6,6,1825208,4,6,0,3,3.0,1.0,1.0,1.0,1.0,,,,,,,,,,,,,,,,,,,,,,,2,2,3,3,3.0,1,2,3,2,2,2,3,5,1.0,3.0,4.0,,,,,1,3,4,2,1,1,1,3,3,2,2,4,1,2,2,2,2,2,2,1,2,2,1,2,3,98,1,3.2837791442871094,2.0949013233184814
5290,5,6,1825208,4,6,0,3,3.0,1.0,1.0,1.0,1.0,,,,,,,,,,,,,,,,,,,,,,,1,2,2,3,3.0,2,2,2,2,2,3,2,3,1.0,,,,,,,2,1,4,2,2,2,2,4,3,2,2,4,2,2,1,3,2,3,2,1,1,1,1,2,1,7,5,2.2852814197540283,1.3551445007324219
5420,3,13,441929,4,6,0,3,3.0,1.0,1.0,1.0,1.0,,,,,,,,,,,,,,,,,,,,,,,1,2,2,9,,2,3,3,2,1,2,3,5,,,,,,,,1,2,4,2,1,1,2,2,3,2,2,4,1,2,2,2,3,2,2,1,2,2,1,3,1,4,4,1.80228853225708,0.854518711566925
5449,6,11,1404,1,1,0,3,3.0,1.0,1.0,1.0,1.0,,,,,,,,,,,,,,,,,,,,,,,1,2,2,3,3.0,2,3,3,2,2,2,3,3,1.0,2.0,,,,,,1,2,4,2,1,2,1,3,2,1,2,4,1,2,2,3,2,3,3,1,1,1,1,4,1,5,2,0.3640757203102112,0.41710540652275085
5580,5,6,1825208,4,6,0,2,2.0,,,,,1.0,1.0,2.0,2.0,1.0,2.0,2.0,2.0,2.0,2.0,,,,1.0,2.0,3.0,,,,,,,1,1,3,9,,3,2,3,2,2,3,3,6,3.0,,,,,,,2,3,2,2,3,3,2,1,3,2,3,4,2,2,2,2,2,2,2,1,1,1,1,3,3,1,1,2.2852814197540283,5.685081958770752
5622,6,13,441929,4,6,0,3,3.0,1.0,1.0,1.0,1.0,,,,,,,,,,,,,,,,,,,,,,,1,1,3,9,,2,3,3,2,2,2,2,4,1.0,,,,,,,1,2,3,2,2,1,2,2,3,2,2,4,2,2,4,1,3,2,3,1,2,2,1,2,3,2,1,3.2837791442871094,2.0949013233184814
5646,4,12,11031,2,3,0,3,3.0,1.0,1.0,1.0,1.0,,,,,,,,,,,,,,,,,,,,,,,1,2,2,9,,1,3,3,2,2,2,3,7,1.0,5.0,8.0,3.0,,,,1,1,4,2,1,1,1,4,2,2,2,4,1,2,2,2,3,3,3,1,1,1,1,4,1,8,5,0.4055202603340149,0.29559326171875
5879,6,6,1825208,4,6,0,3,3.0,1.0,1.0,1.0,1.0,,,,,,,,,,,,,,,,,,,,,,,1,1,2,9,,3,2,3,2,2,2,2,3,1.0,,,,,,,1,2,3,2,2,1,3,2,3,2,3,4,1,2,2,2,2,3,3,1,2,2,1,4,3,3,1,3.2837791442871094,2.0949013233184814
6143,5,6,1825208,4,6,0,3,3.0,1.0,1.0,1.0,2.0,,,,,,,,,,,,,,,,,,,,,,,2,1,2,2,2.0,2,2,2,2,2,2,2,3,4.0,,,,,,,1,2,4,2,2,2,2,2,3,2,3,4,1,2,2,2,2,2,2,1,2,2,1,2,1,5,2,2.88539457321167,1.6561861038208008
6189,5,6,1825208,4,6,0,3,3.0,1.0,1.0,1.0,1.0,,,,,,,,,,,,,,,,,,,,,,,1,2,3,3,3.0,2,3,3,2,3,2,2,3,6.0,,,,,,,1,2,4,2,1,1,1,3,2,2,3,4,1,2,3,1,1,3,1,1,2,2,1,5,3,98,2,2.88539457321167,1.6561861038208008
6439,5,7,290283,4,5,0,3,3.0,1.0,2.0,2.0,1.0,,,,,,,,,,,,,,,,,,,,,,,3,3,4,9,,2,2,2,3,2,3,1,2,4.0,,,,,,,2,3,3,1,3,4,4,2,3,2,4,4,1,2,3,3,3,3,3,1,1,1,1,3,3,4,1,2.2852814197540283,1.3551445007324219
6547,6,6,1825208,4,6,0,1,1.0,,,,,1.0,2.0,2.0,1.0,1.0,2.0,2.0,2.0,2.0,2.0,,,,2.0,3.0,5.0,,,,,,,2,3,3,9,,2,3,2,2,3,2,2,9,,,,,,,,1,3,3,1,3,4,4,2,3,2,2,4,1,2,2,3,2,2,3,3,1,1,2,5,3,3,2,2.433659076690674,6.079442024230957
7043,6,13,441929,4,6,0,3,3.0,1.0,1.0,1.0,1.0,,,,,,,,,,,,,,,,,,,,,,,1,1,3,9,,2,2,3,2,2,2,2,1,,,,,,,,1,2,4,2,1,1,4,3,3,2,2,4,2,2,2,2,2,2,2,1,1,1,1,2,1,98,2,2.3592464923858643,1.502030611038208
7079,6,12,149564,4,3,0,3,3.0,1.0,1.0,1.0,1.0,,,,,,,,,,,,,,,,,,,,,,,1,2,3,3,3.0,1,4,3,2,1,3,2,3,,,,,,,,2,1,4,2,2,2,1,3,3,1,3,4,1,2,3,2,2,3,2,1,1,1,1,4,3,4,1,2.3592464923858643,1.502030611038208
7133,5,2,2755,1,2,0,3,3.0,1.0,1.0,1.0,1.0,,,,,,,,,,,,,,,,,,,,,,,1,2,4,9,,2,2,2,2,3,1,3,1,4.0,3.0,2.0,,,,,2,2,4,2,1,2,2,3,3,2,2,4,1,1,2,2,2,3,2,1,1,1,1,2,3,3,5,0.3526615500450134,0.3763154149055481
7156,6,6,1825208,4,6,0,3,3.0,1.0,1.0,1.0,3.0,,,,,,,,,,,,,,,,,,,,,,,3,1,2,9,,2,2,3,2,2,2,3,1,3.0,,,,,,,1,2,4,2,1,1,2,3,1,2,3,4,2,2,1,1,1,1,1,1,2,2,1,3,3,2,1,3.2837791442871094,2.0949013233184814
7174,5,7,11390,2,5,0,3,3.0,1.0,1.0,1.0,1.0,,,,,,,,,,,,,,,,,,,,,,,1,1,9,9,,1,3,3,2,2,2,3,3,8.0,1.0,,,,,,2,2,4,2,1,1,2,1,3,2,3,4,1,2,1,3,1,3,1,1,2,2,1,5,1,7,5,0.5224395394325256,0.3905333876609802
7282,6,3,549937,4,3,0,3,3.0,1.0,2.0,2.0,3.0,,,,,,,,,,,,,,,,,,,,,,,1,2,2,3,3.0,2,3,3,2,2,2,2,3,1.0,,,,,,,2,1,4,2,2,1,1,3,2,1,1,4,1,2,3,2,3,3,3,1,1,1,1,3,3,3,1,2.3592464923858643,1.502030611038208
7362,6,6,1825208,4,6,0,3,3.0,1.0,1.0,1.0,1.0,,,,,,,,,,,,,,,,,,,,,,,1,2,4,9,,2,2,1,3,2,1,1,3,,,,,,,,1,1,4,2,1,3,1,4,2,1,1,4,1,2,4,1,1,1,1,1,2,2,1,3,1,3,1,3.2837791442871094,2.0949013233184814
7416,6,16,69265,3,8,0,1,1.0,,,,,2.0,2.0,2.0,2.0,2.0,2.0,2.0,1.0,2.0,2.0,,,,9.0,,,,,,,,,1,1,3,3,3.0,2,3,3,2,2,2,2,3,8.0,1.0,,,,,,1,2,4,2,1,2,2,3,3,2,2,1,1,2,2,2,2,3,2,1,2,2,1,4,3,3,1,1.2281575202941895,2.6328203678131104
7452,6,1,612,1,1,0,3,3.0,1.0,1.0,1.0,1.0,,,,,,,,,,,,,,,,,,,,,,,1,2,9,3,3.0,1,2,3,2,2,2,3,4,3.0,,,,,,,2,2,4,2,2,2,2,3,2,2,2,4,1,2,3,2,2,2,2,1,1,1,1,2,3,4,2,0.3640757203102112,0.41710540652275085
7496,6,7,290283,4,5,0,3,3.0,1.0,1.0,1.0,1.0,,,,,,,,,,,,,,,,,,,,,,,1,1,2,3,3.0,2,3,4,2,1,3,3,3,1.0,8.0,,,,,,1,1,4,2,2,1,1,4,2,1,2,4,1,2,1,2,1,2,1,1,1,1,1,4,3,8,2,2.3592464923858643,1.502030611038208
7530,5,6,1825208,4,6,0,3,3.0,1.0,1.0,1.0,1.0,,,,,,,,,,,,,,,,,,,,,,,1,1,2,3,3.0,1,2,3,2,2,2,3,6,1.0,3.0,,,,,,1,1,4,2,1,1,3,3,3,2,1,4,1,2,3,1,1,3,2,1,2,2,1,5,3,7,2,2.88539457321167,1.6561861038208008
7538,6,16,90161,3,8,0,3,3.0,1.0,1.0,1.0,1.0,,,,,,,,,,,,,,,,,,,,,,,1,1,2,3,3.0,2,3,3,2,2,2,2,3,2.0,4.0,1.0,,,,,1,2,4,2,2,1,2,3,3,2,2,4,1,2,1,1,1,2,1,1,1,1,1,4,3,5,2,0.8823754787445068,0.6465595364570618
7556,6,13,441929,4,6,0,3,3.0,1.0,1.0,1.0,1.0,,,,,,,,,,,,,,,,,,,,,,,1,2,3,9,,2,3,2,2,2,2,4,1,8.0,4.0,,,,,,1,2,4,2,1,1,1,4,3,1,2,4,1,2,3,1,2,1,2,1,1,1,1,4,3,4,2,2.3592464923858643,1.502030611038208
7638,6,4,139618,4,4,0,3,3.0,1.0,1.0,1.0,1.0,,,,,,,,,,,,,,,,,,,,,,,1,3,4,9,,2,1,1,3,4,3,3,3,1.0,,,,,,,2,2,4,1,2,3,2,3,3,2,2,4,2,1,4,3,2,3,3,1,2,2,1,4,3,3,1,3.2837791442871094,2.0949013233184814
8005,6,6,1825208,4,6,0,3,3.0,1.0,1.0,1.0,3.0,,,,,,,,,,,,,,,,,,,,,,,1,1,2,3,3.0,1,3,3,2,2,1,3,3,,,,,,,,1,2,4,2,1,3,4,2,1,1,2,4,1,2,2,3,4,1,3,1,1,1,1,4,3,3,2,2.3592464923858643,1.502030611038208
8205,2,6,1825208,4,6,0,2,2.0,,,,,2.0,2.0,1.0,2.0,2.0,2.0,1.0,1.0,2.0,2.0,,,,4.0,7.0,9.0,,,,,,,1,2,3,9,,2,4,3,2,2,2,3,1,3.0,,,,,,,2,2,3,9,2,2,1,3,3,1,2,2,1,2,3,2,2,2,1,1,2,2,1,4,4,1,1,1.4281843900680542,2.5916168689727783
8383,3,1,14178,2,1,0,1,1.0,,,,,2.0,1.0,2.0,2.0,2.0,2.0,2.0,2.0,2.0,2.0,,,,1.0,,,,,,,,,3,3,4,9,,2,3,2,2,2,2,2,9,,,,,,,,2,3,2,1,3,3,3,2,2,2,3,4,2,2,3,3,3,3,3,1,2,2,1,2,2,1,2,0.3263285458087921,0.45560455322265625
8416,4,3,549937,4,3,0,2,2.0,,,,,2.0,2.0,2.0,2.0,1.0,2.0,2.0,2.0,2.0,2.0,,,,2.0,,,,,,,,,3,2,2,9,,1,3,3,2,1,4,4,5,,,,,,,,2,3,4,2,2,3,3,1,3,1,2,4,1,2,2,2,2,3,2,1,2,2,1,4,1,8,5,2.608217477798462,4.839892864227295
8433,6,4,139618,4,4,0,1,1.0,,,,,2.0,1.0,1.0,2.0,2.0,2.0,2.0,2.0,2.0,2.0,,,,1.0,7.0,,,,,,,,1,2,3,3,3.0,2,3,3,3,3,3,3,3,4.0,,,,,,,2,2,4,2,3,3,2,2,1,2,3,4,1,2,3,2,2,2,2,1,1,1,1,5,3,4,1,2.3592464923858643,6.301305294036865
8521,5,6,1825208,4,6,0,3,3.0,1.0,1.0,1.0,1.0,,,,,,,,,,,,,,,,,,,,,,,1,2,2,3,3.0,3,1,1,4,3,3,3,1,7.0,3.0,5.0,,,,,1,1,4,1,2,4,3,4,1,1,1,4,2,2,4,4,1,4,4,1,1,1,1,5,1,2,1,2.2852814197540283,1.3551445007324219
8543,5,3,549937,4,3,0,3,3.0,1.0,1.0,1.0,1.0,,,,,,,,,,,,,,,,,,,,,,,1,1,3,3,3.0,1,4,3,1,2,2,4,8,6.0,3.0,,,,,,1,1,4,1,1,2,3,4,3,1,2,4,1,2,3,2,3,2,1,1,1,1,1,5,1,98,1,2.2852814197540283,1.3551445007324219
8576,6,6,1825208,4,6,0,3,3.0,1.0,1.0,1.0,1.0,,,,,,,,,,,,,,,,,,,,,,,1,2,2,3,3.0,3,2,2,2,3,1,4,1,3.0,,,,,,,1,2,4,2,2,2,3,4,1,2,2,4,1,2,3,2,3,2,2,1,1,1,1,2,3,2,1,2.3592464923858643,1.502030611038208
8638,6,16,22612,3,8,0,3,3.0,1.0,1.0,1.0,1.0,,,,,,,,,,,,,,,,,,,,,,,1,1,3,9,,1,4,4,1,1,1,3,1,8.0,,,,,,,1,2,4,2,1,2,1,3,3,2,2,4,1,2,3,2,2,3,2,1,1,1,1,5,3,6,1,0.8823754787445068,0.6465595364570618
8685,6,13,441929,4,6,0,3,3.0,1.0,1.0,1.0,1.0,,,,,,,,,,,,,,,,,,,,,,,1,1,2,1,1.0,2,3,3,2,2,2,3,2,3.0,8.0,,,,,,1,1,4,2,1,1,2,3,3,1,2,4,1,2,2,2,1,3,2,1,1,1,1,3,3,3,1,2.3592464923858643,1.502030611038208
8689,5,16,17371,2,8,0,3,3.0,1.0,1.0,1.0,1.0,,,,,,,,,,,,,,,,,,,,,,,1,1,4,3,3.0,2,1,1,1,1,2,3,2,,,,,,,,1,3,4,2,1,1,1,2,3,2,3,4,1,2,3,1,1,1,1,1,2,2,1,5,3,8,2,0.5224395394325256,0.3905333876609802
8742,6,6,1825208,4,6,0,3,3.0,1.0,1.0,1.0,1.0,,,,,,,,,,,,,,,,,,,,,,,1,1,2,3,3.0,3,2,2,3,3,2,2,3,,,,,,,,1,2,4,2,2,2,2,3,1,2,2,4,1,2,2,2,2,2,2,1,2,2,1,2,3,98,2,3.2837791442871094,2.0949013233184814
8849,6,15,61543,3,7,0,3,3.0,1.0,1.0,1.0,2.0,,,,,,,,,,,,,,,,,,,,,,,1,1,2,9,,1,2,3,2,2,2,3,8,,,,,,,,1,2,4,2,1,2,4,3,3,2,1,4,1,2,3,3,2,3,4,1,1,1,1,2,3,3,2,0.8823754787445068,0.6465595364570618
9181,5,6,1825208,4,6,0,3,3.0,1.0,1.0,2.0,1.0,,,,,,,,,,,,,,,,,,,,,,,1,1,4,9,,2,3,3,2,2,2,3,3,,,,,,,,2,3,4,2,1,2,3,3,3,2,3,3,2,2,2,1,2,3,1,1,2,2,1,4,3,6,2,2.88539457321167,1.6561861038208008
9192,4,17,2629,1,4,0,3,3.0,1.0,1.0,1.0,1.0,,,,,,,,,,,,,,,,,,,,,,,1,1,4,9,,1,2,3,2,1,1,2,4,1.0,2.0,,,,,,1,3,3,2,1,3,3,2,3,2,3,2,1,2,2,1,2,2,1,1,2,2,1,4,1,8,2,0.40249672532081604,0.32036837935447693
9211,6,6,1825208,4,6,0,3,3.0,1.0,1.0,2.0,2.0,,,,,,,,,,,,,,,,,,,,,,,1,2,3,3,3.0,3,3,1,3,3,3,3,7,6.0,3.0,,,,,,1,2,4,2,3,3,3,4,3,1,4,4,1,2,1,3,2,2,4,1,1,1,1,5,3,8,2,2.3592464923858643,1.502030611038208
9253,6,6,19907,2,6,0,3,3.0,1.0,1.0,1.0,1.0,,,,,,,,,,,,,,,,,,,,,,,1,1,2,9,,2,3,3,2,3,2,2,8,,,,,,,,1,2,3,2,3,2,4,2,3,1,2,4,1,2,3,4,4,2,2,1,2,2,1,4,3,3,1,0.5945723652839661,0.4939829409122467
9351,3,3,7217,2,3,0,3,3.0,1.0,1.0,1.0,1.0,,,,,,,,,,,,,,,,,,,,,,,1,2,2,9,,2,2,3,2,2,2,2,8,,,,,,,,2,2,4,2,2,2,2,2,3,2,3,1,1,2,2,2,3,2,3,1,2,2,1,2,1,8,2,0.3263285458087921,0.20149792730808258
9367,5,14,86419,3,7,0,2,2.0,,,,,2.0,1.0,2.0,2.0,1.0,2.0,1.0,2.0,2.0,2.0,,,,1.0,2.0,4.0,,,,,,,2,1,4,1,1.0,3,4,2,3,4,4,4,1,,,,,,,,1,2,4,2,2,2,2,3,3,1,3,4,1,2,4,3,3,4,4,1,2,2,1,4,6,98,5,1.0791586637496948,2.0814619064331055
9494,6,6,1825208,4,6,0,3,3.0,1.0,1.0,1.0,1.0,,,,,,,,,,,,,,,,,,,,,,,1,1,2,9,,1,3,3,1,1,2,3,4,8.0,1.0,,,,,,1,2,4,2,1,1,1,3,3,2,2,4,1,2,4,1,2,2,4,1,2,2,1,4,3,2,1,3.2837791442871094,2.0949013233184814
9608,3,16,7413,2,8,0,3,3.0,1.0,1.0,1.0,1.0,,,,,,,,,,,,,,,,,,,,,,,1,2,2,3,3.0,1,3,4,2,2,3,4,1,4.0,5.0,8.0,,,,,2,1,4,2,1,1,1,3,1,1,2,3,2,2,2,2,3,3,2,1,2,2,1,4,4,7,3,0.3263285458087921,0.20149792730808258
9617,5,6,1825208,4,6,0,3,3.0,1.0,1.0,1.0,1.0,,,,,,,,,,,,,,,,,,,,,,,1,2,1,9,,2,3,3,2,2,2,3,3,,,,,,,,1,1,4,2,1,1,2,3,3,1,1,4,1,2,3,1,3,3,3,1,2,2,1,4,3,2,1,2.88539457321167,1.6561861038208008
9646,6,1,49733,3,1,0,1,1.0,,,,,2.0,1.0,2.0,1.0,1.0,1.0,1.0,1.0,2.0,2.0,,,,1.0,2.0,4.0,5.0,6.0,9.0,,,,1,1,2,1,1.0,3,1,1,3,3,3,2,2,7.0,6.0,5.0,1.0,3.0,,,1,3,2,1,3,3,2,3,3,1,2,4,1,2,1,1,2,1,1,1,1,1,1,4,1,2,1,0.8823754787445068,1.8877201080322266
9722,4,6,1825208,4,6,0,2,2.0,,,,,2.0,2.0,2.0,2.0,2.0,2.0,2.0,2.0,1.0,1.0,97.0,,J'AI REÇU LA TROUSSE POUR VOTER PAR LA POSTE MAIS JE DEVAIS FOURNIR UNE PHOTOCOPIE DE PIÈCE D'IDEN,8.0,10.0,,,,,,,,1,1,3,9,,2,3,3,2,2,2,2,7,1.0,5.0,,,,,,1,3,3,9,1,3,2,2,3,1,2,4,2,2,3,3,3,3,3,1,2,2,1,2,6,1,1,2.608217477798462,4.839892864227295
9725,6,1,49733,3,1,0,3,3.0,1.0,1.0,2.0,1.0,,,,,,,,,,,,,,,,,,,,,,,1,2,9,9,,2,1,2,2,2,3,3,1,6.0,,,,,,,1,2,4,2,1,1,1,3,1,2,1,4,1,1,3,2,2,2,4,1,1,1,1,4,3,7,2,0.8823754787445068,0.6465595364570618
9853,4,16,26474,3,8,0,3,3.0,1.0,1.0,1.0,1.0,,,,,,,,,,,,,,,,,,,,,,,1,2,2,9,,2,3,3,2,1,2,3,1,8.0,3.0,2.0,,,,,1,2,4,2,1,1,1,3,3,2,1,4,1,2,1,2,1,2,2,1,1,1,1,4,1,8,3,0.8376485109329224,0.539604127407074
9854,5,13,441929,4,6,0,3,3.0,1.0,1.0,2.0,1.0,,,,,,,,,,,,,,,,,,,,,,,2,3,4,9,,2,2,2,2,3,2,3,3,,,,,,,,1,3,4,2,3,3,1,2,1,1,3,4,2,2,4,3,2,3,3,1,1,1,1,3,1,2,1,2.2852814197540283,1.3551445007324219
9870,3,14,119360,4,7,0,3,3.0,1.0,1.0,1.0,1.0,,,,,,,,,,,,,,,,,,,,,,,1,2,1,3,3.0,2,3,3,2,3,2,3,4,6.0,7.0,1.0,8.0,,,,1,2,4,2,1,2,1,3,2,1,2,4,1,2,3,3,2,3,4,1,1,1,1,2,1,6,3,2.0968945026397705,0.8912164568901062
9878,3,14,119360,4,7,0,2,2.0,,,,,2.0,2.0,2.0,2.0,2.0,2.0,2.0,1.0,2.0,1.0,10.0,,I WAS HOSPITALIZED AND COULDN'T GO WORK INJURY,9.0,10.0,,,,,,,,1,2,3,9,,3,2,3,2,2,2,3,1,8.0,,,,,,,1,2,4,1,2,3,2,2,3,2,3,4,1,1,4,3,2,3,3,2,1,1,1,2,1,4,3,2.163032054901123,3.607175827026367
9982,6,3,549937,4,3,0,3,3.0,2.0,,,1.0,,,,,,,,,,,,,,,,,,,,,,,1,2,2,9,,2,2,2,2,2,2,2,3,,,,,,,,1,3,4,2,1,1,1,2,3,2,2,4,1,2,3,2,3,3,2,1,2,2,1,2,3,2,1,3.2837791442871094,2.0949013233184814
9986,6,6,1825208,4,6,0,3,3.0,1.0,2.0,2.0,1.0,,,,,,,,,,,,,,,,,,,,,,,2,2,2,3,3.0,1,2,2,2,2,2,3,3,,,,,,,,1,1,4,2,1,1,1,2,3,2,2,4,1,2,2,2,2,2,2,1,1,1,1,2,3,2,1,2.3592464923858643,1.502030611038208
10093,5,3,549937,4,3,0,3,3.0,1.0,1.0,1.0,2.0,,,,,,,,,,,,,,,,,,,,,,,1,1,4,3,3.0,2,2,2,2,2,2,3,6,3.0,,,,,,,2,3,3,2,2,2,2,2,3,2,3,4,1,2,2,2,2,2,2,1,2,2,1,2,1,4,1,2.88539457321167,1.6561861038208008
10385,5,6,1825208,4,6,0,3,3.0,1.0,1.0,1.0,2.0,,,,,,,,,,,,,,,,,,,,,,,1,2,3,9,,3,2,2,2,2,2,2,3,,,,,,,,1,3,4,2,2,2,2,3,2,1,3,4,2,2,3,3,2,3,3,1,2,2,1,3,3,2,1,2.88539457321167,1.6561861038208008
10536,5,13,441929,4,6,0,3,3.0,1.0,2.0,2.0,1.0,,,,,,,,,,,,,,,,,,,,,,,1,1,3,9,,2,3,3,2,2,2,3,3,1.0,,,,,,,2,2,2,1,2,3,3,3,1,1,3,1,2,2,2,2,3,2,3,1,1,1,1,3,1,3,4,2.2852814197540283,1.3551445007324219
10546,6,5,27576,3,5,0,3,3.0,1.0,1.0,1.0,1.0,,,,,,,,,,,,,,,,,,,,,,,1,2,4,3,3.0,1,2,3,1,2,2,3,1,8.0,6.0,2.0,3.0,,,,1,2,4,2,1,1,1,3,3,1,2,3,1,2,2,2,2,3,3,1,1,1,1,5,3,98,2,0.8823754787445068,0.6465595364570618
10664,6,6,1825208,4,6,0,3,3.0,1.0,1.0,1.0,1.0,,,,,,,,,,,,,,,,,,,,,,,1,2,2,3,3.0,1,3,3,2,2,2,3,3,1.0,,,,,,,1,1,4,2,1,1,1,4,3,2,1,4,1,2,3,2,3,3,2,1,1,1,1,5,3,3,1,2.3592464923858643,1.502030611038208
10674,6,12,149564,4,3,0,3,3.0,1.0,1.0,1.0,1.0,,,,,,,,,,,,,,,,,,,,,,,1,1,3,9,,1,3,3,2,2,1,3,3,1.0,,,,,,,1,2,4,2,1,3,2,2,3,1,2,4,1,2,3,2,3,3,3,1,1,1,1,4,3,3,2,2.3592464923858643,1.502030611038208
10708,5,13,441929,4,6,0,1,1.0,,,,,1.0,1.0,2.0,2.0,1.0,1.0,1.0,2.0,2.0,2.0,,,,1.0,2.0,3.0,4.0,6.0,,,,,3,3,4,9,,3,3,2,3,3,4,1,9,,,,,,,,2,3,2,1,4,2,2,2,3,2,3,4,2,2,2,2,2,2,2,1,2,2,1,9,1,5,2,2.88539457321167,6.948019981384277
10915,6,3,549937,4,3,0,3,3.0,1.0,1.0,1.0,2.0,,,,,,,,,,,,,,,,,,,,,,,1,2,3,9,,2,3,3,2,2,2,2,2,6.0,5.0,1.0,3.0,,,,2,1,3,2,1,2,2,3,3,2,2,4,2,1,2,3,2,3,3,1,2,2,1,5,3,2,1,3.2837791442871094,2.0949013233184814
11001,4,15,61543,3,7,0,3,3.0,1.0,1.0,1.0,1.0,,,,,,,,,,,,,,,,,,,,,,,1,1,3,3,3.0,1,3,2,2,2,2,2,3,,,,,,,,1,2,4,2,2,2,2,2,3,2,3,4,1,2,2,2,1,3,4,1,1,1,1,4,1,7,2,0.8376485109329224,0.539604127407074
11087,6,6,1825208,4,6,0,3,3.0,1.0,1.0,1.0,1.0,,,,,,,,,,,,,,,,,,,,,,,1,2,1,3,3.0,1,2,2,2,3,2,2,3,5.0,,,,,,,1,2,1,1,1,3,2,2,3,9,3,4,2,2,3,3,3,2,4,1,1,1,2,4,3,3,1,2.3592464923858643,1.502030611038208
11092,6,3,549937,4,3,0,3,3.0,1.0,3.0,4.0,2.0,,,,,,,,,,,,,,,,,,,,,,,1,2,3,9,,3,2,2,3,2,2,3,1,3.0,,,,,,,1,2,4,2,1,2,2,4,3,2,3,4,1,2,3,2,2,3,1,1,1,1,1,5,3,4,2,2.3592464923858643,1.502030611038208
11166,4,6,1825208,4,6,0,3,3.0,1.0,1.0,1.0,1.0,,,,,,,,,,,,,,,,,,,,,,,1,1,3,9,,1,1,1,4,4,4,4,7,,,,,,,,2,1,4,2,1,3,3,4,3,2,4,4,1,2,4,3,3,1,2,1,1,1,2,4,1,7,3,2.2396583557128906,1.2535582780838013
11279,4,15,27296,3,7,0,1,1.0,,,,,2.0,1.0,2.0,2.0,1.0,2.0,1.0,2.0,2.0,2.0,,,,1.0,2.0,4.0,,,,,,,1,3,4,9,,2,2,3,2,2,2,2,1,,,,,,,,1,3,2,1,3,2,3,2,3,2,3,2,1,2,3,1,3,2,2,1,2,2,1,2,1,98,5,0.9754925966262817,1.4499083757400513
11337,6,6,1825208,4,6,0,2,2.0,,,,,2.0,2.0,2.0,2.0,2.0,2.0,2.0,2.0,1.0,2.0,,,,8.0,,,,,,,,,1,2,2,3,3.0,1,2,2,3,3,3,3,1,6.0,3.0,,,,,,1,1,4,2,2,1,2,3,3,2,2,4,1,1,2,2,2,2,3,1,1,1,1,2,3,3,2,2.3592464923858643,6.301305294036865
11456,6,6,1825208,4,6,0,3,3.0,1.0,1.0,1.0,1.0,,,,,,,,,,,,,,,,,,,,,,,1,2,4,3,3.0,2,3,2,3,3,3,1,3,,,,,,,,1,1,4,2,2,2,1,3,1,1,1,4,2,2,3,3,2,3,4,1,1,1,1,2,3,3,1,2.3592464923858643,1.502030611038208
11464,6,15,45467,3,7,0,3,3.0,1.0,1.0,1.0,1.0,,,,,,,,,,,,,,,,,,,,,,,1,1,2,9,,1,3,3,2,1,1,3,8,1.0,3.0,,,,,,1,2,4,2,1,1,2,3,1,1,2,4,1,1,1,2,1,3,2,1,1,1,1,5,1,8,5,0.8823754787445068,0.6465595364570618
11525,5,6,1825208,4,6,0,3,3.0,1.0,1.0,1.0,1.0,,,,,,,,,,,,,,,,,,,,,,,1,2,3,9,,2,3,2,2,3,3,3,3,,,,,,,,1,2,4,1,2,3,3,4,3,1,2,4,1,2,3,2,3,3,2,1,2,2,1,4,1,7,2,2.88539457321167,1.6561861038208008
11548,6,6,1825208,4,6,0,3,3.0,1.0,1.0,1.0,2.0,,,,,,,,,,,,,,,,,,,,,,,1,2,2,3,3.0,2,4,4,1,1,1,3,3,,,,,,,,1,2,4,2,1,2,2,3,1,2,2,4,2,2,2,2,2,3,3,1,1,1,1,2,3,2,2,2.3592464923858643,1.502030611038208
11621,6,6,4094,1,6,0,3,3.0,1.0,1.0,1.0,1.0,,,,,,,,,,,,,,,,,,,,,,,1,2,2,9,,2,2,1,2,3,3,3,7,5.0,8.0,1.0,,,,,1,2,4,2,2,2,3,3,3,2,2,4,1,2,3,2,2,3,2,1,2,2,1,9,3,98,2,0.5067484378814697,0.5817421674728394
11641,6,6,33714,3,6,0,3,3.0,1.0,1.0,1.0,1.0,,,,,,,,,,,,,,,,,,,,,,,1,2,3,9,,2,3,3,2,2,3,3,1,7.0,5.0,,,,,,1,2,4,2,2,2,2,3,3,1,2,4,1,2,2,2,3,3,3,1,1,1,1,4,3,4,5,0.8823754787445068,0.6465595364570618
11644,6,6,1825208,4,6,0,1,1.0,,,,,2.0,2.0,2.0,2.0,2.0,2.0,1.0,2.0,2.0,2.0,,,,4.0,,,,,,,,,1,1,3,9,,3,2,1,4,3,3,2,1,8.0,,,,,,,1,2,4,2,2,1,4,4,1,1,2,4,2,1,4,3,3,3,4,1,2,2,1,5,3,98,1,3.2837791442871094,8.788521766662598
11684,6,13,441929,4,6,0,1,1.0,,,,,2.0,2.0,1.0,2.0,2.0,2.0,2.0,2.0,2.0,2.0,,,,7.0,,,,,,,,,3,3,9,9,,3,1,2,2,1,2,1,9,,,,,,,,2,4,1,1,2,4,4,1,3,2,2,4,1,2,4,4,4,4,4,1,2,2,1,3,3,98,2,3.2837791442871094,8.788521766662598
11856,5,6,1825208,4,6,0,1,1.0,,,,,2.0,2.0,1.0,2.0,2.0,1.0,2.0,2.0,2.0,2.0,,,,6.0,7.0,,,,,,,,1,2,3,3,3.0,2,1,2,3,2,2,3,3,6.0,,,,,,,1,2,3,1,3,2,2,3,3,1,3,4,1,2,2,2,2,3,2,1,1,1,1,4,1,7,2,2.2852814197540283,5.685081958770752
12200,5,14,86419,3,7,0,2,2.0,,,,,2.0,1.0,2.0,2.0,2.0,2.0,2.0,2.0,2.0,2.0,,,,1.0,,,,,,,,,1,1,4,9,,3,2,2,2,3,2,1,3,1.0,,,,,,,2,3,3,1,2,2,3,2,3,2,3,2,1,2,4,2,3,3,3,2,2,2,1,2,1,3,6,1.1131962537765503,2.0081706047058105
12284,6,3,549937,4,3,0,3,3.0,1.0,1.0,1.0,1.0,,,,,,,,,,,,,,,,,,,,,,,1,1,2,1,1.0,4,1,1,4,4,4,4,3,,,,,,,,2,1,4,2,1,2,2,3,3,2,1,4,1,2,4,4,1,1,1,1,1,1,1,5,1,98,2,2.3592464923858643,1.502030611038208
12356,6,7,290283,4,5,0,2,2.0,,,,,2.0,1.0,2.0,2.0,2.0,2.0,2.0,2.0,2.0,2.0,,,,1.0,,,,,,,,,3,3,4,9,,2,3,2,2,2,2,2,9,,,,,,,,1,3,4,2,2,2,2,2,3,2,3,4,1,2,3,3,3,3,3,1,1,1,1,5,3,7,2,2.3592464923858643,6.301305294036865
12389,4,6,1825208,4,6,0,2,2.0,,,,,2.0,1.0,1.0,1.0,1.0,1.0,1.0,1.0,1.0,2.0,,,,1.0,2.0,4.0,5.0,6.0,7.0,8.0,9.0,,1,3,4,9,,2,2,2,2,2,2,3,3,1.0,,,,,,,1,2,3,2,2,2,2,3,2,1,3,4,1,2,2,3,2,2,2,3,2,2,2,5,1,8,5,2.6904830932617188,4.669473648071289
12427,4,9,806,1,2,0,3,3.0,1.0,1.0,1.0,1.0,,,,,,,,,,,,,,,,,,,,,,,1,2,3,9,,2,3,3,2,2,2,3,1,,,,,,,,2,2,4,2,1,3,2,3,3,1,2,4,1,2,3,3,2,3,2,1,2,2,1,2,1,7,3,0.40249672532081604,0.32036837935447693
12464,5,3,549937,4,3,0,3,3.0,1.0,1.0,1.0,1.0,,,,,,,,,,,,,,,,,,,,,,,1,2,4,9,,2,1,2,3,3,3,1,9,,,,,,,,2,1,4,2,1,1,1,2,2,2,2,4,1,2,4,1,4,1,4,1,2,2,1,3,1,6,2,2.88539457321167,1.6561861038208008
12714,6,3,549937,4,3,0,3,3.0,1.0,1.0,1.0,1.0,,,,,,,,,,,,,,,,,,,,,,,1,2,2,9,,2,2,2,2,2,2,2,9,,,,,,,,2,2,4,2,1,1,1,2,3,2,2,4,1,2,2,2,2,2,2,1,2,2,1,2,3,3,2,3.2837791442871094,2.0949013233184814
12740,6,5,170816,4,5,0,3,3.0,1.0,1.0,1.0,1.0,,,,,,,,,,,,,,,,,,,,,,,1,2,4,3,3.0,2,2,3,2,3,2,3,6,3.0,,,,,,,2,2,4,2,1,2,3,3,3,2,2,4,2,2,3,2,3,3,2,1,1,1,1,3,3,4,2,2.3592464923858643,1.502030611038208
12971,5,4,139618,4,4,0,3,3.0,1.0,1.0,2.0,1.0,,,,,,,,,,,,,,,,,,,,,,,1,2,3,9,,2,3,3,2,2,2,3,3,,,,,,,,1,2,4,2,2,2,2,3,2,2,1,4,1,2,3,2,2,2,2,1,1,1,1,4,1,2,1,2.2852814197540283,1.3551445007324219
13054,6,4,49802,3,4,0,3,3.0,1.0,1.0,1.0,1.0,,,,,,,,,,,,,,,,,,,,,,,1,2,2,9,,2,3,3,2,2,3,4,3,8.0,1.0,,,,,,1,1,4,2,1,1,1,4,1,1,1,4,1,2,2,3,2,3,2,1,1,1,1,5,3,4,1,0.8823754787445068,0.6465595364570618
13081,6,6,1825208,4,6,0,1,1.0,,,,,2.0,2.0,2.0,2.0,2.0,2.0,2.0,1.0,2.0,2.0,,,,9.0,,,,,,,,,1,3,4,9,,2,3,3,2,2,2,3,4,3.0,,,,,,,2,3,4,2,3,2,2,2,1,1,3,3,1,2,3,2,2,3,3,1,1,1,2,2,3,2,2,2.3592464923858643,6.301305294036865
13336,4,16,252226,4,8,0,2,2.0,,,,,2.0,2.0,2.0,2.0,2.0,2.0,2.0,1.0,2.0,2.0,,,,9.0,,,,,,,,,2,3,4,9,,2,2,2,2,2,2,3,9,,,,,,,,2,3,3,2,2,2,2,1,3,2,3,4,1,2,3,2,2,2,2,1,1,1,1,3,1,98,1,2.2396583557128906,5.258913993835449
13504,5,16,90161,3,8,0,3,3.0,1.0,1.0,1.0,1.0,,,,,,,,,,,,,,,,,,,,,,,1,2,3,2,2.0,2,3,3,2,3,2,2,2,8.0,5.0,3.0,,,,,2,2,3,2,2,3,3,3,3,2,2,4,1,2,3,2,2,2,3,1,2,2,1,5,1,8,2,1.0791586637496948,0.712917149066925
13605,6,3,549937,4,3,0,3,3.0,1.0,1.0,1.0,1.0,,,,,,,,,,,,,,,,,,,,,,,1,1,2,3,3.0,1,3,3,2,2,2,3,1,3.0,,,,,,,2,2,4,2,1,1,1,2,3,2,3,1,2,2,3,1,1,2,1,1,2,2,1,5,3,3,1,3.2837791442871094,2.0949013233184814
13713,5,6,1825208,4,6,0,3,3.0,1.0,1.0,1.0,2.0,,,,,,,,,,,,,,,,,,,,,,,1,2,4,9,,2,2,3,2,2,2,3,3,6.0,,,,,,,2,1,4,2,1,1,2,4,3,2,3,3,1,2,2,1,1,2,2,1,2,2,1,4,3,8,2,2.88539457321167,1.6561861038208008
13794,4,6,1825208,4,6,0,3,3.0,1.0,2.0,2.0,2.0,,,,,,,,,,,,,,,,,,,,,,,1,3,9,9,,3,2,2,3,2,3,2,3,,,,,,,,1,2,3,1,2,2,3,2,3,2,3,4,2,2,3,2,2,2,3,3,1,1,2,4,1,98,1,2.3102993965148926,1.2094197273254395
13796,6,13,441929,4,6,0,3,3.0,1.0,1.0,1.0,1.0,,,,,,,,,,,,,,,,,,,,,,,1,2,2,9,,3,2,1,3,3,3,3,5,3.0,2.0,,,,,,1,3,4,2,1,1,2,3,3,2,3,4,1,2,3,1,3,1,1,2,2,2,2,4,1,4,6,3.3873515129089355,2.021137237548828
14300,5,7,290283,4,5,0,3,3.0,1.0,1.0,1.0,1.0,,,,,,,,,,,,,,,,,,,,,,,1,2,4,9,,2,2,2,2,2,2,2,1,3.0,,,,,,,1,3,4,2,2,2,2,2,1,2,2,4,1,2,2,2,2,2,3,1,1,1,1,3,3,98,2,2.2852814197540283,1.3551445007324219
14345,5,6,1825208,4,6,0,3,3.0,1.0,1.0,1.0,1.0,,,,,,,,,,,,,,,,,,,,,,,1,2,2,3,3.0,2,3,3,2,2,2,3,3,8.0,,,,,,,1,2,4,2,1,1,1,4,2,2,2,4,1,2,3,2,2,4,3,1,2,2,1,4,1,98,2,2.88539457321167,1.6561861038208008
14608,6,6,1825208,4,6,0,3,3.0,1.0,2.0,2.0,2.0,,,,,,,,,,,,,,,,,,,,,,,1,2,3,9,,3,2,2,3,3,3,3,3,6.0,,,,,,,2,2,4,2,2,2,2,2,3,2,2,4,2,2,3,3,3,2,3,1,2,2,1,3,3,98,1,3.2837791442871094,2.0949013233184814
14713,6,16,90161,3,8,0,3,3.0,1.0,1.0,1.0,1.0,,,,,,,,,,,,,,,,,,,,,,,1,1,2,9,,2,2,3,2,2,2,3,4,5.0,8.0,,,,,,1,2,4,2,1,1,2,1,3,2,3,3,2,2,4,1,2,2,1,1,2,2,1,2,3,3,1,1.2281575202941895,0.9017654061317444
14988,6,3,549937,4,3,0,3,3.0,1.0,1.0,2.0,2.0,,,,,,,,,,,,,,,,,,,,,,,1,2,2,3,3.0,2,4,3,2,2,1,2,2,1.0,3.0,6.0,,,,,2,1,4,2,1,2,2,3,1,2,2,4,2,2,2,3,2,3,3,1,2,2,1,4,3,3,1,3.2837791442871094,2.0949013233184814
15006,6,12,149564,4,3,0,3,3.0,1.0,1.0,1.0,1.0,,,,,,,,,,,,,,,,,,,,,,,1,2,2,3,3.0,2,2,1,2,2,2,1,8,,,,,,,,2,2,4,2,1,1,1,2,3,2,3,4,1,2,2,2,2,2,2,1,1,1,1,4,3,5,2,2.3592464923858643,1.502030611038208
15028,4,3,549937,4,3,0,2,2.0,,,,,2.0,2.0,1.0,2.0,2.0,1.0,1.0,1.0,2.0,2.0,,,,4.0,6.0,7.0,9.0,,,,,,1,2,3,9,,3,3,2,3,3,3,3,2,3.0,6.0,,,,,,1,3,4,1,3,2,2,2,3,2,3,4,1,2,3,2,2,2,2,1,1,1,1,3,1,6,3,2.2396583557128906,5.258913993835449
15132,4,3,549937,4,3,0,3,3.0,1.0,1.0,1.0,1.0,,,,,,,,,,,,,,,,,,,,,,,1,2,2,9,,1,2,3,2,2,1,3,3,1.0,,,,,,,1,2,4,2,2,2,1,3,2,1,2,4,1,2,2,2,1,2,3,1,1,1,1,4,1,8,5,2.2396583557128906,1.2535582780838013
15222,6,3,549937,4,3,0,3,3.0,1.0,1.0,1.0,1.0,,,,,,,,,,,,,,,,,,,,,,,1,2,2,3,3.0,2,3,3,2,2,2,3,5,2.0,6.0,3.0,4.0,1.0,8.0,,1,1,4,2,1,2,1,4,3,2,1,4,2,2,3,3,2,2,1,1,1,1,1,3,3,3,2,2.3592464923858643,1.502030611038208
15364,5,3,549937,4,3,0,3,3.0,1.0,1.0,1.0,1.0,,,,,,,,,,,,,,,,,,,,,,,1,2,2,9,,2,3,3,2,1,2,3,6,3.0,,,,,,,1,2,4,2,1,3,2,4,1,2,2,4,1,2,3,1,2,3,1,1,2,2,1,3,3,98,2,2.88539457321167,1.6561861038208008
15508,5,5,27576,3,5,0,3,3.0,1.0,1.0,1.0,1.0,,,,,,,,,,,,,,,,,,,,,,,1,2,3,9,,2,2,3,2,2,3,3,1,6.0,3.0,,,,,,2,3,4,2,1,2,2,3,3,2,2,4,1,2,4,2,3,3,3,1,2,2,1,2,5,2,2,1.0791586637496948,0.712917149066925
15679,3,6,1825208,4,6,0,3,3.0,1.0,1.0,1.0,1.0,,,,,,,,,,,,,,,,,,,,,,,1,2,2,3,3.0,1,3,3,2,1,1,3,7,5.0,1.0,3.0,,,,,1,2,4,2,2,2,2,3,3,1,1,4,2,2,3,2,3,2,2,1,2,2,1,4,1,4,2,1.80228853225708,0.854518711566925
15818,5,15,45467,3,7,0,3,3.0,1.0,1.0,1.0,1.0,,,,,,,,,,,,,,,,,,,,,,,1,3,2,3,3.0,2,3,3,2,2,2,3,2,3.0,1.0,,,,,,1,2,4,2,2,3,3,2,3,2,2,4,2,2,2,2,2,2,2,1,1,1,1,3,1,6,2,0.8547120690345764,0.5833334922790527
16100,5,2,147361,4,2,0,3,3.0,1.0,1.0,2.0,1.0,,,,,,,,,,,,,,,,,,,,,,,1,1,4,3,3.0,2,3,3,2,2,2,3,3,6.0,,,,,,,1,1,4,2,3,2,2,4,2,1,2,4,1,2,4,2,2,3,2,1,1,1,1,3,3,4,2,2.2852814197540283,1.3551445007324219
16101,6,3,549937,4,3,0,3,3.0,1.0,1.0,1.0,1.0,,,,,,,,,,,,,,,,,,,,,,,1,2,3,9,,2,3,3,2,2,2,3,1,4.0,6.0,3.0,,,,,1,2,4,2,3,3,2,3,3,1,3,4,1,2,2,1,1,2,1,1,2,2,1,5,3,4,2,3.2837791442871094,2.0949013233184814
16150,4,13,441929,4,6,0,3,3.0,1.0,1.0,1.0,1.0,,,,,,,,,,,,,,,,,,,,,,,1,3,4,9,,2,2,2,2,2,2,3,1,,,,,,,,2,3,4,2,3,2,2,2,3,2,1,4,2,2,1,2,1,2,2,1,2,2,1,3,1,4,1,2.608217477798462,1.1536762714385986
16203,3,6,1825208,4,6,0,3,3.0,1.0,1.0,1.0,1.0,,,,,,,,,,,,,,,,,,,,,,,2,2,2,9,,1,3,3,2,2,1,3,3,,,,,,,,1,3,3,2,1,1,1,2,3,2,2,4,2,2,3,3,2,3,2,1,2,2,1,2,1,3,1,1.80228853225708,0.854518711566925
16209,6,16,1788,1,8,0,1,1.0,,,,,2.0,2.0,2.0,2.0,2.0,2.0,2.0,2.0,2.0,1.0,13.0,,TOUS ÉLUS PAR ACCLAMATION,10.0,,,,,,,,,1,2,9,3,3.0,1,3,3,2,2,2,3,8,4.0,3.0,,,,,,1,1,4,2,1,2,2,4,2,1,1,4,1,1,3,3,2,3,3,1,2,2,1,3,3,2,1,0.5067484378814697,0.7342579960823059
16245,4,6,1825208,4,6,0,3,3.0,1.0,1.0,1.0,2.0,,,,,,,,,,,,,,,,,,,,,,,1,1,3,9,,2,3,2,2,2,2,2,3,,,,,,,,1,2,3,2,1,1,1,3,3,1,2,4,1,2,3,2,3,3,3,1,2,2,1,5,1,4,4,2.608217477798462,1.1536762714385986
16277,4,6,1825208,4,6,0,3,3.0,1.0,1.0,1.0,1.0,,,,,,,,,,,,,,,,,,,,,,,1,2,2,3,3.0,2,3,3,2,2,2,3,3,,,,,,,,1,2,4,2,1,2,2,2,3,2,3,2,2,2,2,2,2,3,1,1,1,1,1,4,1,7,3,2.2396583557128906,1.2535582780838013
16376,5,6,19907,2,6,0,3,3.0,1.0,1.0,1.0,2.0,,,,,,,,,,,,,,,,,,,,,,,1,3,3,3,3.0,2,3,3,2,2,2,2,2,,,,,,,,2,3,3,2,2,2,2,2,3,2,2,4,1,2,2,2,2,2,2,1,2,2,1,3,1,8,2,0.5224395394325256,0.3905333876609802
16447,6,12,149564,4,3,0,3,3.0,1.0,1.0,1.0,1.0,,,,,,,,,,,,,,,,,,,,,,,1,2,2,3,3.0,2,4,3,2,2,3,3,8,2.0,3.0,1.0,,,,,1,1,4,2,2,1,1,4,1,1,2,4,1,2,2,1,2,2,1,1,2,2,1,5,3,5,2,3.2837791442871094,2.0949013233184814
16513,6,3,16723,2,3,0,3,3.0,1.0,1.0,1.0,2.0,,,,,,,,,,,,,,,,,,,,,,,1,2,3,3,3.0,2,3,3,2,2,2,2,1,2.0,,,,,,,1,2,4,2,3,2,2,3,2,2,2,4,1,2,2,2,2,3,3,1,1,1,1,4,3,4,2,0.42717334628105164,0.3541830778121948
16543,6,6,1825208,4,6,0,3,3.0,1.0,1.0,1.0,1.0,,,,,,,,,,,,,,,,,,,,,,,1,2,2,3,3.0,3,3,3,2,2,2,3,7,8.0,3.0,6.0,,,,,2,1,4,2,1,1,2,3,3,1,2,4,2,2,2,2,2,3,3,1,2,2,1,2,3,1,1,3.2837791442871094,2.0949013233184814
16565,6,4,139618,4,4,0,3,3.0,1.0,1.0,1.0,1.0,,,,,,,,,,,,,,,,,,,,,,,1,2,4,9,,2,3,3,2,3,2,2,6,4.0,,,,,,,2,1,4,2,2,2,2,4,1,2,2,4,1,2,3,2,2,2,2,1,2,2,1,2,3,2,1,3.2837791442871094,2.0949013233184814
16592,5,6,1825208,4,6,0,2,2.0,,,,,2.0,2.0,2.0,2.0,2.0,2.0,1.0,2.0,2.0,1.0,97.0,,J'ÉTAIS AU TRAVAIL ET JE CROYAIS QUE LUNDI ÉTAIT LE JOUR DU VOTE,4.0,10.0,,,,,,,,1,2,3,9,,1,3,3,2,2,2,2,3,1.0,6.0,,,,,,1,2,4,1,2,2,2,2,3,2,2,4,2,2,2,2,2,3,1,1,1,1,1,4,1,3,1,2.2852814197540283,5.685081958770752
16657,5,6,1825208,4,6,0,1,1.0,,,,,2.0,1.0,2.0,2.0,1.0,1.0,2.0,2.0,2.0,2.0,,,,1.0,2.0,6.0,,,,,,,2,1,3,3,3.0,2,1,1,2,3,2,3,6,3.0,1.0,,,,,,2,3,2,1,3,3,2,3,3,2,2,4,1,2,3,2,2,2,1,1,1,1,1,3,1,6,3,2.2852814197540283,5.685081958770752
16674,5,6,1825208,4,6,0,3,3.0,1.0,1.0,1.0,1.0,,,,,,,,,,,,,,,,,,,,,,,1,3,3,9,,2,2,3,2,3,3,2,9,,,,,,,,1,3,4,2,2,2,4,1,3,2,3,4,1,2,4,2,2,1,2,1,2,2,1,3,1,7,1,2.88539457321167,1.6561861038208008
16716,5,12,2538,1,3,0,3,3.0,1.0,1.0,1.0,1.0,,,,,,,,,,,,,,,,,,,,,,,1,1,3,9,,1,4,4,2,1,1,3,1,,,,,,,,2,3,4,2,1,3,2,3,3,2,2,4,2,2,3,2,2,4,2,1,1,1,1,2,1,4,2,0.3526615500450134,0.3763154149055481
16809,4,3,8098,2,3,0,3,3.0,1.0,1.0,1.0,1.0,,,,,,,,,,,,,,,,,,,,,,,1,2,4,9,,2,3,2,2,3,2,3,4,,,,,,,,1,3,3,2,3,2,3,2,3,2,1,4,1,2,3,2,3,3,3,1,2,2,1,2,1,4,3,0.4722529351711273,0.2720399796962738
16864,6,14,50455,3,7,0,3,3.0,1.0,1.0,1.0,1.0,,,,,,,,,,,,,,,,,,,,,,,1,1,1,3,3.0,1,3,4,1,3,2,3,3,7.0,5.0,,,,,,2,2,4,2,1,1,1,3,3,2,2,4,1,2,3,2,1,1,2,1,1,1,1,3,3,5,2,0.8823754787445068,0.6465595364570618
17073,6,15,26377,3,7,0,3,3.0,1.0,1.0,1.0,3.0,,,,,,,,,,,,,,,,,,,,,,,1,3,4,9,,2,1,1,2,2,2,2,1,,,,,,,,1,3,3,2,2,1,1,2,3,2,3,4,2,2,3,2,2,2,2,1,2,2,1,2,3,3,2,1.2281575202941895,0.9017654061317444
17124,6,14,5492,2,7,0,3,3.0,1.0,1.0,2.0,1.0,,,,,,,,,,,,,,,,,,,,,,,1,1,2,3,3.0,1,3,3,2,2,2,3,8,2.0,4.0,,,,,,1,1,4,2,1,1,2,3,2,2,1,4,1,1,3,3,3,3,3,1,1,1,1,3,3,3,2,0.42717334628105164,0.3541830778121948
17218,5,6,1825208,4,6,0,2,2.0,,,,,2.0,2.0,2.0,2.0,2.0,2.0,2.0,1.0,2.0,2.0,,,,9.0,,,,,,,,,1,2,2,3,3.0,2,3,4,2,1,3,2,3,,,,,,,,2,2,4,2,1,3,2,3,2,1,2,4,1,2,3,1,1,4,2,1,2,2,1,4,3,4,6,2.88539457321167,6.948019981384277
17306,6,6,1825208,4,6,0,3,3.0,1.0,1.0,1.0,1.0,,,,,,,,,,,,,,,,,,,,,,,1,2,1,3,3.0,2,2,3,1,2,1,3,3,2.0,6.0,1.0,,,,,1,1,4,2,1,1,1,4,3,2,1,4,1,2,2,1,2,3,1,1,2,2,1,3,3,2,1,3.2837791442871094,2.0949013233184814
17366,6,6,1825208,4,6,0,1,1.0,,,,,2.0,2.0,1.0,2.0,2.0,1.0,2.0,2.0,2.0,2.0,,,,6.0,7.0,,,,,,,,1,2,4,9,,2,2,1,3,2,2,2,1,3.0,2.0,,,,,,1,2,3,2,2,2,1,3,3,1,2,4,2,2,2,2,2,2,2,1,1,1,1,3,3,5,1,2.3592464923858643,6.301305294036865
17716,5,15,59612,3,7,0,3,3.0,1.0,1.0,1.0,1.0,,,,,,,,,,,,,,,,,,,,,,,1,2,4,9,,1,3,3,2,2,2,2,7,5.0,1.0,4.0,,,,,2,2,3,2,1,2,3,2,3,1,2,4,1,2,3,2,3,3,1,1,2,2,1,3,3,8,5,1.0791586637496948,0.712917149066925
18052,6,16,26982,3,8,0,3,3.0,1.0,1.0,1.0,1.0,,,,,,,,,,,,,,,,,,,,,,,1,1,2,3,3.0,2,3,3,2,2,2,2,1,3.0,,,,,,,1,2,4,2,1,1,2,3,1,2,2,4,1,2,3,1,2,3,3,1,1,1,1,3,3,5,2,0.8823754787445068,0.6465595364570618
18210,6,16,57302,3,8,0,3,3.0,1.0,1.0,2.0,1.0,,,,,,,,,,,,,,,,,,,,,,,1,1,4,9,,1,2,3,2,3,3,2,1,,,,,,,,2,1,4,2,2,1,1,4,3,2,2,4,2,1,3,3,3,2,4,1,1,1,1,4,3,98,2,0.8823754787445068,0.6465595364570618
18302,6,6,1825208,4,6,0,3,3.0,1.0,1.0,1.0,1.0,,,,,,,,,,,,,,,,,,,,,,,2,1,1,9,,1,3,3,2,2,1,2,6,3.0,,,,,,,2,2,4,2,1,1,2,2,3,1,2,2,2,2,3,2,2,2,2,1,1,1,1,4,3,3,2,2.3592464923858643,1.502030611038208
18381,6,16,26474,3,8,0,3,3.0,1.0,2.0,2.0,2.0,,,,,,,,,,,,,,,,,,,,,,,2,3,4,9,,3,1,3,3,3,4,3,1,,,,,,,,1,2,4,2,3,4,4,2,3,1,3,4,1,2,2,3,2,2,1,1,2,2,1,5,3,3,1,1.2281575202941895,0.9017654061317444
18436,6,3,549937,4,3,0,1,1.0,,,,,2.0,1.0,2.0,2.0,2.0,1.0,2.0,2.0,2.0,2.0,,,,1.0,6.0,,,,,,,,3,3,4,9,,2,2,2,3,3,2,3,3,,,,,,,,2,4,3,1,3,3,3,2,3,2,3,4,2,2,3,3,2,3,3,1,1,1,1,2,3,98,2,2.3592464923858643,6.301305294036865
18549,6,13,441929,4,6,0,1,1.0,,,,,2.0,2.0,1.0,2.0,1.0,1.0,2.0,2.0,2.0,2.0,,,,2.0,6.0,7.0,,,,,,,2,3,4,9,,3,1,1,3,4,3,1,1,,,,,,,,2,3,2,1,3,4,4,2,1,2,3,4,1,2,4,3,2,1,2,1,1,1,1,5,1,98,2,2.3592464923858643,6.301305294036865
18663,6,6,1825208,4,6,0,3,3.0,1.0,1.0,1.0,1.0,,,,,,,,,,,,,,,,,,,,,,,1,2,2,9,,2,3,3,1,1,1,2,3,,,,,,,,1,2,4,2,1,2,1,3,3,2,1,4,2,2,3,2,3,3,1,1,2,2,1,4,3,3,1,3.2837791442871094,2.0949013233184814
18672,3,6,1825208,4,6,0,2,2.0,,,,,2.0,1.0,1.0,2.0,1.0,1.0,2.0,2.0,2.0,2.0,,,,1.0,2.0,6.0,7.0,,,,,,2,3,4,9,,2,2,2,3,2,2,3,4,3.0,,,,,,,2,4,3,2,3,3,3,1,3,2,4,4,1,2,3,1,3,1,3,1,2,2,1,3,1,3,2,1.80228853225708,3.584868907928467
19000,5,3,549937,4,3,0,3,3.0,1.0,1.0,1.0,1.0,,,,,,,,,,,,,,,,,,,,,,,1,2,2,3,3.0,2,3,3,2,3,2,2,6,3.0,8.0,,,,,,1,1,4,2,1,1,1,3,1,1,1,4,1,2,2,2,2,3,2,1,1,1,1,4,3,7,2,2.2852814197540283,1.3551445007324219
19025,6,16,22612,3,8,0,1,1.0,,,,,1.0,1.0,2.0,1.0,1.0,2.0,2.0,2.0,2.0,2.0,,,,1.0,2.0,3.0,5.0,,,,,,2,1,4,9,,2,2,2,2,2,2,2,1,,,,,,,,1,4,1,1,3,3,3,1,3,1,3,4,2,2,2,2,2,2,3,1,2,2,1,4,3,4,1,1.2281575202941895,2.6328203678131104
19037,6,8,2008,1,2,0,3,3.0,1.0,1.0,1.0,1.0,,,,,,,,,,,,,,,,,,,,,,,1,2,2,3,3.0,2,3,3,2,2,2,3,6,2.0,8.0,4.0,,,,,1,2,4,2,1,2,2,3,2,1,2,4,1,2,3,2,3,3,2,1,2,2,1,4,3,3,2,0.5067484378814697,0.5817421674728394
19135,4,4,139618,4,4,0,3,3.0,2.0,,,1.0,,,,,,,,,,,,,,,,,,,,,,,1,2,1,9,,1,4,3,1,1,1,4,8,1.0,3.0,6.0,,,,,1,1,4,2,1,1,1,4,3,1,1,4,1,2,4,2,3,4,2,1,1,1,1,4,1,7,3,2.2396583557128906,1.2535582780838013
19261,6,6,1825208,4,6,0,3,3.0,2.0,,,2.0,,,,,,,,,,,,,,,,,,,,,,,1,2,4,9,,2,2,3,2,1,1,2,1,3.0,4.0,,,,,,1,2,4,2,1,1,1,3,3,2,2,4,2,2,3,1,1,2,1,1,2,2,1,4,3,2,1,3.2837791442871094,2.0949013233184814
19418,6,3,549937,4,3,0,2,2.0,,,,,2.0,1.0,2.0,2.0,2.0,2.0,1.0,2.0,2.0,2.0,,,,1.0,4.0,,,,,,,,3,3,4,9,,2,1,1,2,2,2,3,1,4.0,,,,,,,1,2,4,2,1,2,1,2,3,2,3,1,2,2,3,1,2,3,1,1,2,2,1,2,3,1,1,3.2837791442871094,8.788521766662598
19475,6,6,1825208,4,6,0,3,3.0,1.0,1.0,1.0,4.0,,,,,,,,,,,,,,,,,,,,,,,2,1,4,3,3.0,2,3,4,2,1,1,4,3,,,,,,,,2,2,4,1,2,1,2,4,3,2,3,2,1,1,4,2,1,2,3,1,1,1,1,4,3,7,2,2.3592464923858643,1.502030611038208
19479,6,4,139618,4,4,0,3,3.0,1.0,1.0,1.0,1.0,,,,,,,,,,,,,,,,,,,,,,,1,2,9,3,3.0,2,4,3,2,2,2,4,3,,,,,,,,2,2,4,2,1,2,1,3,2,2,1,4,1,2,2,2,2,2,3,1,1,1,1,5,3,5,2,2.3592464923858643,1.502030611038208
19504,6,6,1825208,4,6,0,3,3.0,1.0,1.0,1.0,1.0,,,,,,,,,,,,,,,,,,,,,,,1,2,2,9,,2,2,3,2,2,2,3,6,3.0,1.0,,,,,,1,1,4,2,1,2,1,4,3,2,2,4,1,2,2,1,2,3,1,1,2,2,1,4,3,3,1,3.2837791442871094,2.0949013233184814
19539,6,12,149564,4,3,0,2,2.0,,,,,2.0,2.0,2.0,2.0,1.0,1.0,2.0,1.0,2.0,2.0,,,,2.0,6.0,9.0,,,,,,,1,1,3,1,1.0,2,2,3,3,2,2,3,4,1.0,8.0,,,,,,1,3,4,2,2,3,3,3,2,2,2,4,1,2,3,2,2,2,2,1,1,1,1,3,3,5,2,2.3592464923858643,6.301305294036865
19582,5,6,1825208,4,6,0,3,3.0,1.0,1.0,1.0,1.0,,,,,,,,,,,,,,,,,,,,,,,1,1,3,3,3.0,2,3,3,2,2,2,2,3,7.0,6.0,,,,,,1,2,4,2,2,2,2,3,3,2,3,4,2,1,2,2,2,3,2,1,1,1,1,3,1,7,2,2.2852814197540283,1.3551445007324219
19670,6,6,1825208,4,6,0,3,3.0,1.0,1.0,1.0,1.0,,,,,,,,,,,,,,,,,,,,,,,1,2,2,3,3.0,2,3,4,1,2,1,3,4,3.0,1.0,,,,,,1,1,4,2,1,1,1,3,3,1,1,4,2,2,4,3,2,2,4,3,1,1,2,5,3,5,2,2.433659076690674,1.4491453170776367
19712,3,6,1825208,4,6,0,3,3.0,1.0,1.0,1.0,1.0,,,,,,,,,,,,,,,,,,,,,,,1,2,2,3,3.0,2,2,3,2,2,2,3,4,6.0,3.0,,,,,,2,2,4,1,1,1,1,3,2,2,2,4,2,2,2,2,2,2,2,1,1,1,1,4,1,4,1,2.0968945026397705,0.8912164568901062
19764,6,15,19597,2,7,0,3,3.0,1.0,2.0,2.0,1.0,,,,,,,,,,,,,,,,,,,,,,,1,1,3,3,3.0,2,2,2,3,3,2,3,5,1.0,2.0,,,,,,1,2,4,2,2,2,2,3,3,1,2,4,1,1,3,2,2,3,2,1,1,1,1,4,3,6,5,0.42717334628105164,0.3541830778121948
20028,4,12,149564,4,3,0,3,3.0,1.0,1.0,3.0,1.0,,,,,,,,,,,,,,,,,,,,,,,2,1,2,3,3.0,1,3,4,1,2,2,3,2,1.0,3.0,,,,,,1,2,3,1,2,2,1,2,3,1,2,3,1,2,2,1,2,1,3,1,2,2,1,5,1,7,2,2.608217477798462,1.1536762714385986
20135,5,4,139618,4,4,0,3,3.0,1.0,1.0,1.0,1.0,,,,,,,,,,,,,,,,,,,,,,,1,2,2,3,3.0,1,2,3,1,3,1,2,4,3.0,2.0,,,,,,1,1,4,2,1,1,1,3,3,2,2,4,1,2,2,2,2,3,3,1,1,1,1,2,3,5,2,2.2852814197540283,1.3551445007324219
20559,6,13,441929,4,6,0,3,3.0,1.0,1.0,1.0,1.0,,,,,,,,,,,,,,,,,,,,,,,1,1,2,3,3.0,2,3,3,2,2,2,3,1,5.0,7.0,3.0,,,,,1,2,4,2,1,2,2,2,3,2,2,4,1,2,3,3,3,3,3,1,2,2,1,4,3,1,1,3.2837791442871094,2.0949013233184814
20870,5,14,119360,4,7,0,3,3.0,1.0,1.0,1.0,1.0,,,,,,,,,,,,,,,,,,,,,,,1,2,3,9,,1,3,3,1,2,3,1,6,3.0,8.0,1.0,,,,,1,2,4,2,1,3,3,4,2,2,2,4,1,2,2,1,4,3,4,1,2,2,1,4,3,6,2,2.88539457321167,1.6561861038208008
20872,5,6,1825208,4,6,0,3,3.0,1.0,2.0,2.0,1.0,,,,,,,,,,,,,,,,,,,,,,,3,1,3,3,3.0,3,2,1,3,3,3,1,3,6.0,,,,,,,1,2,4,2,1,1,2,2,3,2,3,4,1,2,3,2,3,2,2,1,9,1,1,3,1,8,2,2.2852814197540283,1.3551445007324219
21001,6,6,1825208,4,6,0,3,3.0,2.0,,,1.0,,,,,,,,,,,,,,,,,,,,,,,1,2,4,3,3.0,2,3,2,3,3,2,3,3,,,,,,,,1,2,4,2,2,2,2,3,3,2,2,4,1,2,3,2,2,2,2,1,1,1,1,4,3,98,9,2.3592464923858643,1.502030611038208
21086,6,7,290283,4,5,0,3,3.0,1.0,1.0,1.0,1.0,,,,,,,,,,,,,,,,,,,,,,,1,2,2,1,1.0,2,4,3,2,1,2,4,3,8.0,6.0,,,,,,1,1,4,2,2,2,1,4,1,1,2,4,1,1,2,3,2,3,3,1,1,1,1,4,3,98,2,2.3592464923858643,1.502030611038208
21144,6,14,86419,3,7,0,3,3.0,1.0,1.0,1.0,1.0,,,,,,,,,,,,,,,,,,,,,,,1,1,2,3,3.0,2,2,3,3,2,2,3,4,1.0,2.0,8.0,,,,,1,1,4,2,1,1,1,4,3,1,2,4,1,2,2,2,4,2,4,1,2,2,1,4,3,5,1,1.2281575202941895,0.9017654061317444
21350,6,3,19618,2,3,0,3,3.0,1.0,1.0,1.0,1.0,,,,,,,,,,,,,,,,,,,,,,,1,1,3,9,,1,1,3,2,3,2,3,2,7.0,1.0,,,,,,1,3,2,1,2,3,3,3,1,2,3,4,1,2,3,3,2,2,3,1,1,1,1,3,3,3,1,0.42717334628105164,0.3541830778121948
21566,5,6,1825208,4,6,0,1,1.0,,,,,1.0,1.0,1.0,1.0,1.0,1.0,2.0,2.0,2.0,2.0,,,,1.0,2.0,3.0,5.0,6.0,7.0,,,,1,3,4,9,,2,2,1,1,3,2,1,9,,,,,,,,2,2,3,1,2,1,2,2,3,2,3,4,2,2,2,2,2,2,2,1,2,2,1,3,3,1,1,2.88539457321167,6.948019981384277
21617,5,16,50626,3,8,0,1,1.0,,,,,1.0,1.0,2.0,1.0,1.0,2.0,1.0,2.0,1.0,2.0,,,,1.0,2.0,3.0,4.0,5.0,8.0,,,,3,3,4,9,,2,3,3,2,3,2,2,9,,,,,,,,1,3,3,1,3,3,3,2,3,2,2,2,1,2,3,2,2,3,4,1,2,2,1,2,6,2,2,1.0791586637496948,2.0814619064331055
21644,5,13,441929,4,6,0,3,3.0,1.0,1.0,1.0,1.0,,,,,,,,,,,,,,,,,,,,,,,1,1,3,9,,2,3,3,2,2,2,3,3,,,,,,,,1,3,4,2,1,1,3,2,2,2,3,4,1,2,2,3,1,3,2,1,2,2,1,4,1,8,1,2.88539457321167,1.6561861038208008
21654,5,3,549937,4,3,0,3,3.0,1.0,1.0,1.0,1.0,,,,,,,,,,,,,,,,,,,,,,,1,2,1,3,3.0,2,3,3,2,3,3,4,1,6.0,3.0,7.0,8.0,,,,1,1,4,1,1,4,4,3,2,1,2,4,1,2,3,3,3,3,3,1,1,1,1,5,1,6,2,2.2852814197540283,1.3551445007324219
21669,5,6,1825208,4,6,0,3,3.0,2.0,,,1.0,,,,,,,,,,,,,,,,,,,,,,,1,2,1,3,3.0,1,3,3,2,2,1,2,2,3.0,,,,,,,1,2,4,2,1,1,1,3,3,2,1,4,1,2,4,1,1,1,2,1,2,2,1,5,3,7,2,2.88539457321167,1.6561861038208008
21924,6,3,549937,4,3,0,3,3.0,1.0,1.0,1.0,1.0,,,,,,,,,,,,,,,,,,,,,,,1,2,1,3,3.0,2,3,2,2,2,2,3,4,8.0,7.0,,,,,,1,1,4,1,1,2,2,3,1,1,2,4,1,2,3,3,3,3,3,1,2,2,1,2,3,2,1,3.2837791442871094,2.0949013233184814
22148,6,15,13893,2,7,0,3,3.0,1.0,1.0,1.0,1.0,,,,,,,,,,,,,,,,,,,,,,,1,1,4,9,,3,2,2,3,3,2,3,1,3.0,,,,,,,1,2,4,2,2,2,2,3,3,2,2,4,1,2,2,1,1,4,1,1,1,1,1,5,3,98,2,0.42717334628105164,0.3541830778121948
22153,6,6,1825208,4,6,0,3,3.0,1.0,3.0,1.0,1.0,,,,,,,,,,,,,,,,,,,,,,,1,2,1,3,3.0,2,3,4,1,2,2,3,8,3.0,6.0,,,,,,1,1,4,2,2,2,4,4,1,1,1,4,1,1,4,4,2,4,2,1,1,1,2,4,3,98,2,2.3592464923858643,1.502030611038208
22265,6,4,139618,4,4,0,3,3.0,1.0,1.0,1.0,1.0,,,,,,,,,,,,,,,,,,,,,,,1,2,4,9,,2,2,2,3,3,3,2,3,,,,,,,,2,2,4,2,2,1,2,3,2,2,2,4,1,2,2,2,2,2,3,1,1,1,1,4,1,6,2,2.3592464923858643,1.502030611038208
22300,6,7,290283,4,5,0,3,3.0,1.0,1.0,1.0,1.0,,,,,,,,,,,,,,,,,,,,,,,1,2,2,3,3.0,1,3,3,2,3,1,3,6,3.0,7.0,,,,,,1,1,4,1,2,3,2,3,3,2,2,4,1,2,3,3,2,2,3,1,1,1,1,5,3,8,2,2.3592464923858643,1.502030611038208
22335,4,12,149564,4,3,0,1,1.0,,,,,2.0,1.0,1.0,1.0,1.0,1.0,2.0,2.0,2.0,2.0,,,,1.0,2.0,5.0,6.0,7.0,,,,,1,3,3,1,1.0,2,2,2,3,2,2,3,3,5.0,4.0,,,,,,2,3,4,2,2,2,2,2,3,2,2,4,1,2,3,3,2,2,2,1,2,2,1,4,1,3,3,2.608217477798462,4.839892864227295
22343,6,3,549937,4,3,0,3,3.0,1.0,1.0,1.0,1.0,,,,,,,,,,,,,,,,,,,,,,,1,2,3,9,,1,3,4,1,2,1,3,1,3.0,,,,,,,2,2,4,2,1,1,2,3,2,2,2,1,1,2,2,2,1,2,1,1,1,1,1,4,3,5,2,2.3592464923858643,1.502030611038208
22365,5,6,1825208,4,6,0,3,3.0,1.0,1.0,1.0,2.0,,,,,,,,,,,,,,,,,,,,,,,1,1,4,1,1.0,3,2,2,2,3,3,2,2,1.0,,,,,,,2,4,4,2,2,3,2,2,3,2,2,4,1,2,2,2,2,2,2,1,2,2,1,4,3,3,1,2.88539457321167,1.6561861038208008
22366,5,6,1825208,4,6,0,3,3.0,1.0,1.0,1.0,2.0,,,,,,,,,,,,,,,,,,,,,,,1,3,4,9,,2,3,3,3,3,2,3,9,,,,,,,,1,2,4,2,1,2,2,3,3,2,2,4,1,2,3,3,3,2,3,1,2,2,1,3,3,98,2,2.88539457321167,1.6561861038208008
22515,5,6,1825208,4,6,0,3,3.0,1.0,2.0,2.0,2.0,,,,,,,,,,,,,,,,,,,,,,,1,1,3,9,,1,3,2,2,2,2,3,2,3.0,8.0,,,,,,1,2,4,2,2,2,1,3,2,2,2,4,1,2,3,2,2,2,2,1,2,2,1,4,1,98,2,2.88539457321167,1.6561861038208008
22561,6,3,549937,4,3,0,3,3.0,1.0,1.0,1.0,1.0,,,,,,,,,,,,,,,,,,,,,,,1,2,3,9,,2,3,3,2,2,3,3,3,6.0,,,,,,,2,1,4,1,2,2,2,3,3,2,1,4,1,2,3,2,2,3,2,1,2,2,1,3,3,4,2,3.2837791442871094,2.0949013233184814
22693,3,6,1825208,4,6,0,3,3.0,1.0,1.0,1.0,2.0,,,,,,,,,,,,,,,,,,,,,,,1,2,2,9,,2,3,3,2,2,2,3,3,,,,,,,,2,2,3,2,2,1,1,3,3,2,2,4,2,2,3,2,3,3,2,1,2,2,9,5,1,4,1,1.80228853225708,0.854518711566925
22695,4,6,1825208,4,6,0,3,3.0,1.0,1.0,1.0,1.0,,,,,,,,,,,,,,,,,,,,,,,1,2,1,3,3.0,2,3,3,2,2,2,3,3,5.0,,,,,,,1,1,4,2,2,2,2,4,3,1,2,4,1,2,2,2,2,3,2,1,1,1,1,5,1,8,3,2.2396583557128906,1.2535582780838013
22848,4,13,441929,4,6,0,3,3.0,1.0,2.0,3.0,1.0,,,,,,,,,,,,,,,,,,,,,,,1,2,2,9,,2,2,3,2,2,3,2,2,,,,,,,,1,2,4,1,2,3,2,2,1,2,2,4,1,2,3,3,2,2,2,1,1,1,2,5,1,98,3,2.2396583557128906,1.2535582780838013
22886,4,2,10259,2,2,0,1,1.0,,,,,2.0,1.0,2.0,1.0,2.0,2.0,2.0,1.0,2.0,2.0,,,,1.0,5.0,9.0,,,,,,,3,3,4,9,,2,3,2,2,2,2,2,4,,,,,,,,2,2,2,1,1,2,3,2,2,2,2,1,2,2,3,3,3,3,3,1,1,1,1,2,1,2,2,0.4055202603340149,0.6683597564697266
22941,6,3,549937,4,3,0,3,3.0,2.0,,,1.0,,,,,,,,,,,,,,,,,,,,,,,1,2,2,9,,2,3,3,2,2,2,2,4,3.0,,,,,,,1,2,4,2,2,3,4,4,3,2,4,4,1,2,2,2,1,3,1,1,2,2,1,3,3,98,1,3.2837791442871094,2.0949013233184814
22978,6,6,1825208,4,6,0,3,3.0,1.0,2.0,2.0,2.0,,,,,,,,,,,,,,,,,,,,,,,1,2,2,3,3.0,2,2,3,3,2,2,3,3,1.0,,,,,,,1,1,4,2,1,1,1,4,3,1,1,4,2,2,2,3,1,1,1,1,2,2,1,5,3,4,2,3.2837791442871094,2.0949013233184814
23139,4,11,12320,2,1,0,3,3.0,1.0,1.0,2.0,2.0,,,,,,,,,,,,,,,,,,,,,,,1,1,3,9,,3,1,2,2,4,3,2,5,7.0,1.0,,,,,,2,2,4,2,3,2,3,3,3,1,3,4,1,2,3,2,2,2,1,1,2,2,1,3,1,5,2,0.4722529351711273,0.2720399796962738
23283,5,16,252226,4,8,0,3,3.0,1.0,1.0,1.0,1.0,,,,,,,,,,,,,,,,,,,,,,,1,2,3,3,3.0,2,1,1,1,1,1,3,3,1.0,,,,,,,1,2,4,2,1,1,2,2,3,2,2,4,1,2,3,2,3,1,3,1,2,2,2,3,1,8,5,2.88539457321167,1.6561861038208008
23323,6,5,170816,4,5,0,3,3.0,1.0,1.0,1.0,1.0,,,,,,,,,,,,,,,,,,,,,,,1,2,2,9,,2,3,3,2,2,2,3,6,3.0,,,,,,,1,2,4,2,2,1,2,3,2,2,2,4,1,2,2,2,2,3,1,1,1,1,1,3,3,6,2,2.3592464923858643,1.502030611038208
23329,6,12,1041,1,3,0,1,1.0,,,,,2.0,2.0,2.0,2.0,2.0,2.0,2.0,2.0,2.0,1.0,13.0,,LE MAIRE ET LE CONSEILLER DE MON DISTRICT ONT ETE ELUS SANS OPPOSITION,10.0,,,,,,,,,2,3,9,9,,2,1,2,3,3,2,3,9,,,,,,,,2,2,3,2,1,1,2,2,3,2,2,4,1,2,2,2,2,3,2,1,1,1,1,2,3,4,2,0.3640757203102112,0.5264613032341003
23457,6,6,1825208,4,6,0,3,3.0,1.0,1.0,2.0,1.0,,,,,,,,,,,,,,,,,,,,,,,1,2,3,3,3.0,3,3,2,3,3,3,4,1,5.0,7.0,3.0,6.0,,,,1,1,4,2,2,2,1,4,3,1,2,4,1,2,1,1,1,1,1,1,2,2,1,4,3,3,1,3.2837791442871094,2.0949013233184814
23689,4,7,12551,2,5,0,3,3.0,1.0,1.0,1.0,1.0,,,,,,,,,,,,,,,,,,,,,,,2,1,4,2,2.0,1,3,3,2,1,2,2,1,,,,,,,,2,3,4,2,1,2,1,2,3,2,3,4,1,2,3,3,3,3,3,1,2,2,1,3,1,5,5,0.4722529351711273,0.2720399796962738
23737,3,6,1825208,4,6,0,3,3.0,1.0,1.0,1.0,1.0,,,,,,,,,,,,,,,,,,,,,,,1,2,2,3,3.0,1,3,3,1,1,3,3,4,3.0,1.0,,,,,,2,2,3,2,1,1,1,3,3,2,3,1,2,2,2,3,2,3,3,1,1,1,1,5,1,5,1,2.0968945026397705,0.8912164568901062
23872,6,15,45467,3,7,0,3,3.0,1.0,1.0,1.0,1.0,,,,,,,,,,,,,,,,,,,,,,,1,1,2,3,3.0,1,2,3,2,2,1,3,2,,,,,,,,2,2,4,2,2,1,2,2,3,2,3,3,1,2,3,2,2,1,2,1,1,1,1,4,3,4,1,0.8823754787445068,0.6465595364570618
23925,6,6,19942,2,6,0,3,3.0,1.0,1.0,1.0,1.0,,,,,,,,,,,,,,,,,,,,,,,1,2,3,3,3.0,2,4,4,3,3,3,3,5,1.0,2.0,,,,,,1,2,4,1,1,2,3,4,3,2,2,4,1,2,2,1,3,2,1,1,1,1,1,5,3,7,5,0.42717334628105164,0.3541830778121948
23969,4,14,119360,4,7,0,3,3.0,1.0,1.0,1.0,1.0,,,,,,,,,,,,,,,,,,,,,,,1,1,2,9,,1,3,3,3,2,2,3,5,1.0,,,,,,,2,2,4,2,1,2,2,2,3,2,2,2,1,2,2,3,2,3,1,1,1,1,1,3,1,5,2,2.2396583557128906,1.2535582780838013
23992,6,11,2341,1,1,0,3,3.0,1.0,1.0,1.0,1.0,,,,,,,,,,,,,,,,,,,,,,,1,2,9,9,,1,3,3,1,2,2,2,6,4.0,1.0,5.0,8.0,,,,1,1,4,2,1,2,2,4,2,2,1,4,1,1,2,2,2,3,3,1,1,1,1,4,3,6,2,0.3640757203102112,0.41710540652275085
24148,5,15,19597,2,7,0,3,3.0,1.0,2.0,1.0,1.0,,,,,,,,,,,,,,,,,,,,,,,1,2,2,3,3.0,1,3,2,2,2,2,3,1,,,,,,,,1,2,4,1,2,2,2,3,1,2,2,4,1,2,3,1,2,2,1,1,2,2,1,2,3,3,1,0.5224395394325256,0.3905333876609802
24387,3,6,1825208,4,6,0,3,3.0,1.0,1.0,1.0,1.0,,,,,,,,,,,,,,,,,,,,,,,1,1,1,3,3.0,1,3,3,2,2,2,2,5,7.0,,,,,,,1,1,4,2,2,2,2,3,2,2,1,4,1,2,3,1,1,2,1,1,2,2,2,4,1,3,3,1.80228853225708,0.854518711566925
24715,6,1,49733,3,1,0,3,3.0,1.0,3.0,2.0,2.0,,,,,,,,,,,,,,,,,,,,,,,2,1,2,3,3.0,2,3,2,2,1,2,2,1,3.0,,,,,,,1,2,3,1,2,2,3,3,3,2,2,4,2,2,2,2,2,1,1,1,1,1,1,2,1,2,1,0.8823754787445068,0.6465595364570618
24785,5,13,441929,4,6,0,3,3.0,1.0,2.0,4.0,1.0,,,,,,,,,,,,,,,,,,,,,,,1,2,3,9,,2,2,3,2,2,2,2,7,6.0,,,,,,,1,3,4,2,3,3,2,2,3,2,2,4,1,2,3,3,2,2,2,1,1,1,1,4,1,8,2,2.2852814197540283,1.3551445007324219
24820,6,3,549937,4,3,0,3,3.0,1.0,1.0,1.0,1.0,,,,,,,,,,,,,,,,,,,,,,,1,3,3,3,3.0,1,4,4,1,2,1,1,7,6.0,8.0,1.0,4.0,3.0,5.0,,2,2,4,2,1,1,1,3,3,2,2,4,2,2,4,4,4,4,4,1,2,2,1,4,3,2,1,3.2837791442871094,2.0949013233184814
24830,4,15,5988,2,7,0,1,1.0,,,,,1.0,2.0,1.0,1.0,1.0,1.0,1.0,2.0,1.0,2.0,,,,2.0,3.0,4.0,5.0,6.0,7.0,8.0,,,3,3,4,2,2.0,4,4,3,4,4,4,2,4,,,,,,,,2,2,2,9,3,3,3,1,3,2,3,4,2,2,3,3,3,3,3,2,2,2,1,3,9,2,6,0.48714813590049744,0.5934469699859619
24850,6,6,1825208,4,6,0,3,3.0,1.0,1.0,1.0,1.0,,,,,,,,,,,,,,,,,,,,,,,2,1,2,9,,2,2,1,3,1,2,4,3,1.0,,,,,,,1,1,4,2,1,1,1,4,3,1,2,4,2,2,2,2,2,3,2,1,2,2,1,5,3,6,2,3.2837791442871094,2.0949013233184814
25231,4,3,549937,4,3,0,3,3.0,1.0,1.0,1.0,1.0,,,,,,,,,,,,,,,,,,,,,,,1,2,4,3,3.0,2,3,2,3,2,2,4,3,1.0,2.0,,,,,,2,2,3,2,2,1,2,2,3,2,2,4,2,2,3,1,2,2,1,1,1,1,2,3,1,2,1,2.2396583557128906,1.2535582780838013
25404,4,12,149564,4,3,0,3,3.0,1.0,2.0,2.0,1.0,,,,,,,,,,,,,,,,,,,,,,,1,2,2,9,,2,3,3,2,2,3,2,3,,,,,,,,2,2,4,2,1,1,1,3,3,2,2,3,1,1,2,2,1,2,1,1,2,2,1,5,1,8,5,2.608217477798462,1.1536762714385986
25411,4,16,90161,3,8,0,3,3.0,1.0,1.0,1.0,1.0,,,,,,,,,,,,,,,,,,,,,,,1,2,3,3,3.0,2,2,3,2,3,1,4,8,2.0,7.0,,,,,,1,2,4,2,1,2,2,2,3,2,3,2,1,2,3,2,3,2,2,1,2,2,1,5,1,5,4,0.9754925966262817,0.4966069459915161
25418,5,6,1825208,4,6,0,1,1.0,,,,,2.0,2.0,1.0,2.0,1.0,2.0,2.0,2.0,2.0,2.0,,,,2.0,7.0,,,,,,,,3,3,4,1,1.0,2,3,2,2,3,2,2,7,3.0,,,,,,,2,3,3,1,2,3,4,1,3,2,3,4,2,2,1,2,2,2,3,1,2,2,1,4,1,3,1,2.88539457321167,6.948019981384277
25450,6,16,69265,3,8,0,3,3.0,1.0,1.0,1.0,1.0,,,,,,,,,,,,,,,,,,,,,,,1,1,3,3,3.0,1,3,2,1,2,1,3,8,1.0,3.0,4.0,,,,,1,2,4,2,2,1,2,3,3,2,2,4,1,2,2,2,2,3,3,1,1,1,1,4,3,3,2,0.8823754787445068,0.6465595364570618
25509,6,4,10905,2,4,0,3,3.0,1.0,1.0,1.0,1.0,,,,,,,,,,,,,,,,,,,,,,,1,2,4,9,,3,2,2,2,3,3,1,1,,,,,,,,1,4,4,2,2,2,2,2,3,2,3,4,1,2,1,2,1,3,1,1,2,2,1,3,3,98,2,0.5945723652839661,0.4939829409122467
25541,5,6,1825208,4,6,0,3,3.0,1.0,2.0,2.0,2.0,,,,,,,,,,,,,,,,,,,,,,,1,2,2,9,,1,4,4,2,2,1,3,3,1.0,,,,,,,1,2,4,2,1,1,1,3,1,2,1,4,1,2,2,3,2,4,2,1,2,2,1,5,2,8,2,2.88539457321167,1.6561861038208008
25598,6,2,10259,2,2,0,3,3.0,1.0,1.0,1.0,1.0,,,,,,,,,,,,,,,,,,,,,,,1,3,9,9,,1,3,4,2,2,1,2,3,1.0,,,,,,,2,2,4,2,2,2,1,3,1,2,2,4,1,2,3,3,2,3,3,1,1,1,1,5,3,2,1,0.42717334628105164,0.3541830778121948
25640,6,3,549937,4,3,0,3,3.0,2.0,,,1.0,,,,,,,,,,,,,,,,,,,,,,,1,2,4,3,3.0,1,4,3,2,2,3,3,3,,,,,,,,1,2,4,2,2,4,2,3,3,2,1,4,1,2,3,2,1,2,2,1,1,1,1,2,3,4,2,2.3592464923858643,1.502030611038208
25686,3,16,57302,3,8,0,3,3.0,1.0,1.0,1.0,2.0,,,,,,,,,,,,,,,,,,,,,,,1,2,1,3,3.0,2,3,3,2,2,2,3,3,,,,,,,,1,1,4,2,2,2,1,4,3,2,1,4,2,1,4,3,4,2,4,1,1,1,1,4,1,2,1,0.7842537760734558,0.3836304843425751
25794,6,13,441929,4,6,0,3,3.0,1.0,1.0,1.0,1.0,,,,,,,,,,,,,,,,,,,,,,,1,2,2,9,,2,2,3,2,3,3,3,1,3.0,8.0,,,,,,1,3,4,2,2,4,4,2,3,1,2,4,2,2,3,3,2,2,2,2,1,1,1,5,3,7,2,2.433659076690674,1.4491453170776367
25865,5,6,1825208,4,6,0,3,3.0,1.0,1.0,1.0,1.0,,,,,,,,,,,,,,,,,,,,,,,1,2,3,3,3.0,2,3,3,2,2,2,2,1,4.0,3.0,,,,,,2,2,4,2,2,1,1,3,3,2,3,4,1,2,3,2,2,3,2,1,1,1,1,5,1,7,2,2.2852814197540283,1.3551445007324219
25882,4,12,149564,4,3,0,2,2.0,,,,,2.0,1.0,2.0,2.0,2.0,1.0,2.0,2.0,2.0,1.0,97.0,,IL N’Y A AUCUNE PRÉOCCUPATION DE LA VILLE PAR RAPPORT OÙ J’HABITE,1.0,6.0,10.0,,,,,,,1,1,4,1,1.0,3,3,1,3,3,4,1,8,,,,,,,,1,2,3,2,2,2,2,2,9,2,1,4,1,2,2,3,2,2,4,1,2,2,1,2,2,3,3,2.608217477798462,4.839892864227295
26004,6,6,1825208,4,6,0,3,3.0,1.0,1.0,1.0,1.0,,,,,,,,,,,,,,,,,,,,,,,2,2,4,9,,2,3,3,2,2,3,2,1,6.0,3.0,,,,,,1,4,4,2,1,2,4,1,3,1,3,4,2,2,2,2,2,3,1,1,2,2,1,4,3,2,1,3.2837791442871094,2.0949013233184814
26117,5,13,441929,4,6,0,3,3.0,1.0,1.0,1.0,2.0,,,,,,,,,,,,,,,,,,,,,,,1,2,3,9,,2,2,2,2,3,3,3,4,8.0,,,,,,,1,2,3,1,2,1,2,2,3,2,3,4,1,1,3,1,3,2,3,2,2,2,1,3,1,8,2,2.9764020442962646,1.5978730916976929
26167,6,6,1825208,4,6,0,3,3.0,1.0,1.0,1.0,1.0,,,,,,,,,,,,,,,,,,,,,,,1,2,3,3,3.0,2,2,4,1,2,2,3,3,,,,,,,,1,2,4,2,1,2,1,3,3,1,1,4,2,2,1,1,1,3,1,1,1,1,1,5,1,4,1,2.3592464923858643,1.502030611038208
26512,6,15,79838,3,7,0,3,3.0,1.0,2.0,2.0,1.0,,,,,,,,,,,,,,,,,,,,,,,1,2,4,3,3.0,2,3,3,2,2,1,3,3,1.0,8.0,,,,,,1,2,4,2,2,2,2,4,1,2,2,3,1,2,3,3,3,3,2,1,1,1,1,2,3,3,2,0.8823754787445068,0.6465595364570618
26612,6,3,4515,1,3,0,3,3.0,1.0,1.0,1.0,3.0,,,,,,,,,,,,,,,,,,,,,,,1,2,3,3,3.0,1,3,3,2,2,2,2,8,2.0,1.0,3.0,7.0,,,,2,2,4,2,2,2,4,3,3,2,2,4,1,2,2,2,3,2,2,1,1,1,1,3,3,5,2,0.3640757203102112,0.41710540652275085
26650,6,5,170816,4,5,0,3,3.0,1.0,1.0,1.0,1.0,,,,,,,,,,,,,,,,,,,,,,,1,3,3,9,,2,3,3,2,2,2,2,3,,,,,,,,1,2,4,2,1,1,1,3,3,2,2,4,1,2,2,3,2,3,2,1,2,2,1,2,3,4,2,3.2837791442871094,2.0949013233184814
26659,6,6,1825208,4,6,0,3,3.0,1.0,1.0,1.0,2.0,,,,,,,,,,,,,,,,,,,,,,,1,3,3,3,3.0,1,3,3,2,2,3,3,9,,,,,,,,1,2,4,2,2,2,2,3,3,2,2,4,1,2,2,2,2,2,2,1,2,2,1,4,3,3,1,3.2837791442871094,2.0949013233184814
26704,3,3,549937,4,3,0,1,1.0,,,,,1.0,1.0,2.0,1.0,2.0,2.0,1.0,2.0,2.0,2.0,,,,1.0,3.0,4.0,5.0,,,,,,1,3,4,9,,2,2,3,2,2,2,3,3,,,,,,,,2,4,3,2,2,2,2,1,3,2,3,4,1,2,3,3,2,2,1,1,1,1,1,4,1,7,3,2.0968945026397705,3.7388195991516113
26708,6,2,9874,2,2,0,3,3.0,1.0,1.0,1.0,1.0,,,,,,,,,,,,,,,,,,,,,,,1,1,3,9,,2,2,2,3,1,2,1,3,4.0,5.0,,,,,,1,3,4,1,2,2,2,2,3,2,3,4,1,2,3,2,3,3,2,1,2,2,1,2,3,98,9,0.5945723652839661,0.4939829409122467
26767,6,16,252226,4,8,0,3,3.0,1.0,1.0,1.0,1.0,,,,,,,,,,,,,,,,,,,,,,,1,1,2,9,,2,3,4,2,1,2,3,3,1.0,6.0,,,,,,1,2,4,2,1,2,2,3,3,1,2,4,1,2,2,2,1,1,3,1,1,1,1,2,3,3,2,2.3592464923858643,1.502030611038208
26923,5,9,380,1,2,0,3,3.0,1.0,1.0,1.0,2.0,,,,,,,,,,,,,,,,,,,,,,,1,3,2,2,2.0,3,2,3,3,2,3,2,4,2.0,,,,,,,1,4,4,2,1,1,1,1,3,2,1,4,2,2,2,2,2,3,2,1,2,2,1,2,2,1,2,0.44527024030685425,0.45991402864456177
26967,6,15,26377,3,7,0,3,3.0,1.0,1.0,1.0,1.0,,,,,,,,,,,,,,,,,,,,,,,1,2,2,3,3.0,2,2,3,2,2,3,2,3,8.0,1.0,,,,,,1,3,4,2,1,2,1,2,2,1,2,2,2,2,3,3,2,3,2,1,2,2,1,4,3,4,2,1.2281575202941895,0.9017654061317444
27114,5,6,1825208,4,6,0,3,3.0,1.0,1.0,1.0,1.0,,,,,,,,,,,,,,,,,,,,,,,1,2,2,3,3.0,1,3,2,3,2,2,3,3,,,,,,,,2,2,4,2,1,1,2,3,3,1,2,4,2,2,1,2,1,1,1,1,2,2,1,3,1,3,1,2.88539457321167,1.6561861038208008
27189,6,6,1825208,4,6,0,3,3.0,1.0,1.0,1.0,1.0,,,,,,,,,,,,,,,,,,,,,,,1,2,1,3,3.0,2,3,3,2,3,3,2,3,,,,,,,,1,2,4,2,2,2,2,3,3,2,2,4,2,2,3,2,2,3,3,1,2,2,1,4,3,1,1,3.2837791442871094,2.0949013233184814
27235,6,13,441929,4,6,0,3,3.0,1.0,1.0,1.0,1.0,,,,,,,,,,,,,,,,,,,,,,,1,1,2,3,3.0,1,3,2,2,2,2,2,3,4.0,1.0,,,,,,1,2,4,2,1,1,1,2,1,2,2,4,1,2,3,2,1,2,1,1,2,2,1,2,3,2,2,3.2837791442871094,2.0949013233184814
27294,6,2,147361,4,2,0,2,2.0,,,,,2.0,2.0,2.0,2.0,1.0,2.0,1.0,2.0,1.0,2.0,,,,2.0,4.0,8.0,,,,,,,1,1,2,9,,2,2,3,2,2,2,2,6,2.0,5.0,3.0,,,,,1,1,4,2,2,2,3,4,2,2,2,4,1,1,3,2,2,2,2,1,2,2,1,2,3,2,1,3.2837791442871094,8.788521766662598
27392,5,3,549937,4,3,0,3,3.0,1.0,2.0,3.0,2.0,,,,,,,,,,,,,,,,,,,,,,,1,2,4,9,,2,1,2,2,3,2,2,3,,,,,,,,2,2,4,1,3,3,3,3,3,2,3,4,1,2,4,3,2,2,2,1,1,1,1,2,1,98,2,2.2852814197540283,1.3551445007324219
27492,4,3,3870,1,3,0,3,3.0,1.0,1.0,1.0,1.0,,,,,,,,,,,,,,,,,,,,,,,1,2,2,3,3.0,2,2,3,2,2,2,2,3,1.0,2.0,8.0,,,,,2,2,4,2,1,1,1,4,3,1,2,4,1,2,2,3,2,3,1,1,1,1,1,5,1,8,2,0.34562113881111145,0.3481054902076721
27499,6,6,1825208,4,6,0,3,3.0,1.0,1.0,1.0,1.0,,,,,,,,,,,,,,,,,,,,,,,1,2,3,1,1.0,2,3,3,2,2,2,3,1,3.0,,,,,,,1,2,4,2,2,3,3,2,2,2,3,4,1,2,3,1,2,2,2,1,2,2,1,5,3,2,1,3.2837791442871094,2.0949013233184814
27598,4,16,9306,2,8,0,3,3.0,1.0,1.0,1.0,1.0,,,,,,,,,,,,,,,,,,,,,,,1,1,3,3,3.0,1,4,3,1,2,2,3,1,5.0,,,,,,,2,2,4,2,2,2,2,2,3,2,2,2,1,2,2,2,2,3,1,1,2,2,1,3,1,4,2,0.4722529351711273,0.2720399796962738
27629,5,6,1825208,4,6,0,3,3.0,1.0,1.0,1.0,1.0,,,,,,,,,,,,,,,,,,,,,,,1,2,3,9,,3,2,2,2,3,2,3,1,3.0,,,,,,,1,2,4,2,1,2,2,3,3,2,2,4,1,2,2,1,2,2,1,1,2,2,1,3,3,5,1,2.88539457321167,1.6561861038208008
27666,5,6,1825208,4,6,0,3,3.0,1.0,1.0,1.0,1.0,,,,,,,,,,,,,,,,,,,,,,,1,1,3,9,,2,2,2,3,2,1,3,6,3.0,1.0,,,,,,1,2,3,2,2,3,3,2,3,2,3,4,1,2,3,3,3,2,2,1,2,2,1,2,1,4,5,2.88539457321167,1.6561861038208008
27824,6,13,441929,4,6,0,3,3.0,1.0,1.0,1.0,1.0,,,,,,,,,,,,,,,,,,,,,,,1,1,2,3,3.0,1,3,3,2,3,2,3,3,1.0,,,,,,,1,1,4,2,2,2,1,3,2,2,3,3,2,2,3,2,2,2,2,1,1,1,1,5,3,3,2,2.3592464923858643,1.502030611038208
27902,6,15,26377,3,7,0,3,3.0,1.0,1.0,1.0,1.0,,,,,,,,,,,,,,,,,,,,,,,1,1,2,3,3.0,2,1,1,1,1,1,3,4,1.0,8.0,6.0,3.0,2.0,5.0,7.0,1,1,4,2,1,1,1,4,2,1,1,4,1,2,3,2,3,3,3,1,1,1,1,2,3,2,1,0.8823754787445068,0.6465595364570618
27903,5,6,1825208,4,6,0,3,3.0,1.0,1.0,1.0,1.0,,,,,,,,,,,,,,,,,,,,,,,1,1,2,3,3.0,2,3,1,1,3,1,3,3,,,,,,,,2,1,4,2,1,1,1,3,3,2,2,4,1,2,2,1,2,3,3,1,2,2,1,4,1,98,9,2.88539457321167,1.6561861038208008
28014,6,16,22612,3,8,0,3,3.0,1.0,1.0,1.0,1.0,,,,,,,,,,,,,,,,,,,,,,,1,2,2,9,,2,2,2,3,3,2,3,7,8.0,2.0,1.0,3.0,,,,1,2,4,2,2,2,3,3,3,2,2,4,1,2,3,2,2,1,1,1,1,1,1,4,3,5,2,0.8823754787445068,0.6465595364570618
28119,3,5,170816,4,5,0,3,3.0,1.0,1.0,1.0,1.0,,,,,,,,,,,,,,,,,,,,,,,1,1,3,9,,1,3,4,1,2,1,4,6,7.0,3.0,4.0,,,,,1,2,4,2,4,4,4,3,2,2,2,4,1,2,2,2,2,3,1,1,2,2,1,5,1,8,3,1.80228853225708,0.854518711566925
28193,5,6,1825208,4,6,0,3,3.0,1.0,1.0,1.0,1.0,,,,,,,,,,,,,,,,,,,,,,,1,2,4,9,,2,2,2,3,3,2,3,3,6.0,,,,,,,2,2,4,2,2,2,2,3,3,2,2,4,1,2,3,2,2,2,2,1,1,1,1,3,3,2,1,2.2852814197540283,1.3551445007324219
28206,5,6,19907,2,6,0,3,3.0,1.0,1.0,1.0,1.0,,,,,,,,,,,,,,,,,,,,,,,1,2,2,3,3.0,1,4,3,2,1,2,3,1,2.0,,,,,,,1,1,4,2,1,1,1,3,3,1,1,4,1,2,1,1,2,3,1,3,2,2,2,5,1,98,2,0.5389177203178406,0.37678301334381104
28259,5,6,1825208,4,6,0,1,1.0,,,,,1.0,1.0,2.0,1.0,1.0,1.0,2.0,2.0,2.0,2.0,,,,1.0,2.0,3.0,5.0,6.0,,,,,2,1,4,9,,4,1,1,4,3,4,1,3,,,,,,,,1,4,2,1,4,4,4,1,3,2,3,4,1,2,4,1,1,1,1,1,1,1,1,3,1,3,1,2.2852814197540283,5.685081958770752
28280,6,3,549937,4,3,0,3,3.0,1.0,1.0,1.0,1.0,,,,,,,,,,,,,,,,,,,,,,,1,2,3,9,,2,3,3,3,2,2,3,3,,,,,,,,2,2,4,2,2,3,2,3,1,2,3,4,1,2,3,3,3,2,2,1,1,1,1,2,3,4,2,2.3592464923858643,1.502030611038208
28323,6,16,98883,3,8,0,1,1.0,,,,,2.0,2.0,1.0,2.0,2.0,1.0,2.0,2.0,2.0,2.0,,,,6.0,7.0,,,,,,,,1,2,3,1,1.0,3,1,2,2,2,2,2,5,2.0,1.0,,,,,,1,2,4,2,2,2,3,3,3,2,2,4,2,2,3,4,3,3,2,1,2,2,1,4,3,2,1,1.2281575202941895,2.6328203678131104
28381,5,3,549937,4,3,0,3,3.0,1.0,1.0,1.0,1.0,,,,,,,,,,,,,,,,,,,,,,,1,1,2,9,,1,3,3,1,1,2,3,6,2.0,3.0,,,,,,2,2,4,2,1,1,1,2,3,2,2,4,1,2,2,1,2,3,2,1,2,2,1,4,2,6,2,2.88539457321167,1.6561861038208008
28434,3,13,441929,4,6,0,3,3.0,1.0,1.0,1.0,1.0,,,,,,,,,,,,,,,,,,,,,,,1,1,3,9,,2,3,2,2,2,3,4,1,3.0,,,,,,,1,2,4,2,1,1,1,3,3,2,2,4,1,2,2,1,1,1,1,1,2,2,1,4,1,6,2,1.80228853225708,0.854518711566925
28553,6,3,549937,4,3,0,3,3.0,1.0,1.0,1.0,1.0,,,,,,,,,,,,,,,,,,,,,,,1,2,2,3,3.0,1,3,3,1,2,1,3,6,1.0,3.0,8.0,,,,,1,2,4,2,1,1,1,3,2,2,1,4,1,2,3,2,3,2,3,1,1,1,1,5,3,4,1,2.3592464923858643,1.502030611038208
28581,5,15,45467,3,7,0,3,3.0,1.0,1.0,1.0,1.0,,,,,,,,,,,,,,,,,,,,,,,1,3,4,9,,4,1,1,3,3,3,3,1,,,,,,,,2,3,4,2,1,1,1,2,3,2,3,4,1,2,2,2,1,1,2,1,2,2,1,2,3,6,2,1.0791586637496948,0.712917149066925
28731,6,2,147361,4,2,0,3,3.0,1.0,1.0,1.0,1.0,,,,,,,,,,,,,,,,,,,,,,,1,1,4,3,3.0,2,2,1,2,1,2,2,6,,,,,,,,2,3,4,2,1,1,1,1,3,2,2,4,1,2,4,3,3,3,3,1,1,1,1,2,3,3,2,2.3592464923858643,1.502030611038208
28738,6,14,86419,3,7,0,3,3.0,2.0,,,1.0,,,,,,,,,,,,,,,,,,,,,,,1,2,3,9,,2,2,3,2,2,2,2,1,3.0,,,,,,,1,2,4,2,2,3,2,1,2,1,3,4,1,2,4,2,1,2,1,1,1,1,1,4,3,98,2,0.8823754787445068,0.6465595364570618
28741,6,5,170816,4,5,0,3,3.0,1.0,1.0,1.0,1.0,,,,,,,,,,,,,,,,,,,,,,,2,3,4,9,,2,2,1,2,2,2,2,9,,,,,,,,2,3,4,2,1,1,1,2,3,2,2,4,1,2,1,1,1,1,1,1,2,2,1,4,3,4,1,3.2837791442871094,2.0949013233184814
29071,5,15,79838,3,7,0,3,3.0,1.0,1.0,1.0,1.0,,,,,,,,,,,,,,,,,,,,,,,1,2,3,3,3.0,3,4,2,2,3,2,3,3,,,,,,,,2,2,3,2,2,2,2,2,3,1,2,4,1,1,3,2,1,3,3,1,1,1,1,4,3,4,2,0.8547120690345764,0.5833334922790527
29258,6,14,86419,3,7,0,3,3.0,1.0,1.0,1.0,1.0,,,,,,,,,,,,,,,,,,,,,,,1,2,4,9,,1,4,4,2,1,2,3,2,8.0,1.0,,,,,,1,1,4,2,1,3,1,1,1,2,2,2,1,2,1,4,2,3,4,1,2,2,1,4,2,5,1,1.2281575202941895,0.9017654061317444
29274,5,6,1825208,4,6,0,3,3.0,1.0,1.0,1.0,1.0,,,,,,,,,,,,,,,,,,,,,,,1,2,1,3,3.0,2,3,3,1,2,1,3,6,3.0,,,,,,,1,1,3,2,1,1,2,3,3,2,1,4,2,2,2,2,2,3,3,1,1,1,1,4,3,4,1,2.2852814197540283,1.3551445007324219
29278,6,7,1877,1,5,0,3,3.0,1.0,1.0,1.0,1.0,,,,,,,,,,,,,,,,,,,,,,,1,2,2,3,3.0,1,3,3,2,2,2,2,1,5.0,3.0,2.0,7.0,4.0,,,2,2,4,2,1,1,1,3,3,2,1,4,1,2,3,3,3,3,3,1,1,1,1,3,1,8,2,0.3640757203102112,0.41710540652275085
29284,6,7,290283,4,5,0,3,3.0,1.0,1.0,1.0,1.0,,,,,,,,,,,,,,,,,,,,,,,1,2,4,9,,1,3,3,2,2,1,2,1,3.0,,,,,,,1,2,4,2,2,1,3,2,3,2,2,4,1,2,2,1,2,3,2,1,1,1,1,4,3,5,1,2.3592464923858643,1.502030611038208
29366,6,6,1825208,4,6,0,3,3.0,1.0,1.0,1.0,1.0,,,,,,,,,,,,,,,,,,,,,,,3,3,3,3,3.0,2,2,2,3,3,3,2,3,,,,,,,,1,2,4,2,2,1,1,3,3,2,3,4,2,2,2,3,2,2,3,1,1,1,1,4,3,2,5,2.3592464923858643,1.502030611038208
29378,5,15,61543,3,7,0,1,1.0,,,,,2.0,2.0,2.0,2.0,1.0,2.0,2.0,2.0,2.0,2.0,,,,2.0,,,,,,,,,1,3,3,9,,2,3,3,2,1,2,3,3,,,,,,,,1,2,3,2,2,2,2,3,3,2,2,4,2,2,3,3,3,3,3,1,1,1,2,2,1,5,5,0.8547120690345764,1.7031153440475464
29392,5,13,441929,4,6,0,3,3.0,1.0,1.0,1.0,1.0,,,,,,,,,,,,,,,,,,,,,,,1,2,4,9,,3,2,1,3,3,2,3,1,,,,,,,,1,4,4,2,3,2,1,1,2,2,4,4,1,2,2,1,1,1,2,1,1,1,1,4,3,5,2,2.2852814197540283,1.3551445007324219
29444,6,1,426,1,1,0,3,3.0,1.0,1.0,1.0,1.0,,,,,,,,,,,,,,,,,,,,,,,1,1,3,9,,3,1,2,3,3,3,2,1,7.0,8.0,,,,,,1,1,4,2,1,2,2,3,3,2,2,4,1,1,3,2,2,2,1,1,2,2,1,2,3,2,2,0.5067484378814697,0.5817421674728394
29477,5,14,6629,2,7,0,2,2.0,,,,,1.0,2.0,2.0,1.0,2.0,2.0,2.0,2.0,2.0,2.0,,,,3.0,5.0,,,,,,,,3,3,4,9,,2,3,4,1,2,2,3,9,,,,,,,,2,4,3,1,2,3,3,1,1,2,3,2,1,2,3,3,3,3,3,1,1,1,1,3,1,3,2,0.4137810170650482,0.7225214242935181
29492,5,13,441929,4,6,0,3,3.0,1.0,1.0,1.0,1.0,,,,,,,,,,,,,,,,,,,,,,,1,3,4,9,,1,3,3,2,2,2,3,1,,,,,,,,1,3,4,2,1,3,3,3,3,2,3,4,1,2,3,2,2,2,1,1,2,2,1,5,3,4,2,2.88539457321167,1.6561861038208008
29504,5,16,17371,2,8,0,3,3.0,1.0,1.0,1.0,1.0,,,,,,,,,,,,,,,,,,,,,,,1,3,2,9,,2,3,3,2,2,2,3,8,1.0,3.0,,,,,,1,3,4,2,2,2,2,3,3,2,3,4,1,2,3,2,3,2,2,1,2,2,1,4,3,4,2,0.5224395394325256,0.3905333876609802
29547,6,1,49733,3,1,0,1,1.0,,,,,2.0,1.0,2.0,2.0,1.0,2.0,2.0,2.0,2.0,2.0,,,,1.0,2.0,,,,,,,,1,3,9,9,,2,3,3,2,2,2,3,1,,,,,,,,1,3,3,1,3,2,2,2,3,2,3,4,2,2,2,2,2,3,2,1,1,1,1,2,3,3,2,0.8823754787445068,1.8877201080322266
29607,6,6,1825208,4,6,0,3,3.0,1.0,1.0,1.0,1.0,,,,,,,,,,,,,,,,,,,,,,,1,3,3,3,3.0,1,4,3,2,1,3,4,1,3.0,6.0,,,,,,2,1,4,2,1,1,2,4,1,1,2,4,1,1,3,1,2,2,2,1,2,2,1,5,3,2,1,3.2837791442871094,2.0949013233184814
29621,4,3,549937,4,3,0,3,3.0,1.0,2.0,2.0,2.0,,,,,,,,,,,,,,,,,,,,,,,1,2,2,3,3.0,1,2,1,3,1,3,2,4,5.0,7.0,1.0,6.0,8.0,,,1,2,4,2,1,2,1,2,3,2,2,3,1,2,2,2,2,2,2,1,2,2,1,5,1,2,3,2.608217477798462,1.1536762714385986
29629,6,16,26474,3,8,0,1,1.0,,,,,1.0,1.0,2.0,1.0,1.0,1.0,2.0,2.0,2.0,2.0,,,,1.0,2.0,3.0,5.0,6.0,,,,,1,3,4,9,,2,3,3,2,3,3,2,2,1.0,3.0,,,,,,1,2,3,1,4,3,4,2,3,1,3,4,1,2,3,3,2,3,4,1,2,2,1,3,3,6,2,1.2281575202941895,2.6328203678131104
29916,6,16,26982,3,8,0,3,3.0,1.0,1.0,1.0,1.0,,,,,,,,,,,,,,,,,,,,,,,1,1,2,9,,4,2,1,4,4,2,3,5,7.0,1.0,2.0,8.0,4.0,,,1,2,3,2,1,1,1,3,3,1,1,4,1,2,3,3,2,2,2,1,2,2,1,5,3,3,6,1.2281575202941895,0.9017654061317444
29960,5,6,1825208,4,6,0,3,3.0,1.0,1.0,1.0,1.0,,,,,,,,,,,,,,,,,,,,,,,2,2,4,3,3.0,2,2,2,2,3,2,3,3,1.0,6.0,,,,,,2,1,4,2,2,2,2,2,3,2,2,4,2,2,3,3,2,3,2,1,2,2,1,2,6,2,1,2.88539457321167,1.6561861038208008
30036,3,4,139618,4,4,0,3,3.0,1.0,1.0,2.0,1.0,,,,,,,,,,,,,,,,,,,,,,,1,2,2,9,,2,4,3,2,3,2,3,1,3.0,6.0,5.0,,,,,2,1,4,2,3,2,1,2,1,1,2,4,1,2,3,2,3,1,2,1,2,2,1,4,1,7,3,1.80228853225708,0.854518711566925
30070,6,6,1825208,4,6,0,3,3.0,1.0,1.0,1.0,1.0,,,,,,,,,,,,,,,,,,,,,,,1,1,2,9,,1,2,3,2,2,1,4,3,6.0,1.0,8.0,,,,,1,1,4,2,1,1,1,3,3,2,1,4,2,2,3,2,3,3,3,1,2,2,1,4,3,98,1,3.2837791442871094,2.0949013233184814
30084,5,2,30915,3,2,0,1,1.0,,,,,2.0,1.0,2.0,2.0,2.0,2.0,2.0,2.0,1.0,2.0,,,,1.0,8.0,,,,,,,,3,3,4,9,,1,3,3,2,1,2,1,9,,,,,,,,2,3,2,2,1,2,2,2,3,2,3,3,2,2,2,1,2,1,1,1,1,1,1,4,3,1,1,0.8547120690345764,1.7031153440475464
30119,5,8,12721,2,2,0,2,2.0,,,,,2.0,1.0,1.0,2.0,2.0,2.0,2.0,2.0,2.0,2.0,,,,1.0,7.0,,,,,,,,1,3,9,9,,2,2,3,2,3,2,3,9,,,,,,,,2,2,4,1,2,3,3,2,1,2,3,4,1,2,3,3,3,2,2,1,1,1,1,3,1,5,3,0.4137810170650482,0.7225214242935181
30176,6,13,441929,4,6,0,3,3.0,1.0,1.0,1.0,1.0,,,,,,,,,,,,,,,,,,,,,,,1,1,2,3,3.0,1,3,3,1,2,1,3,1,5.0,7.0,2.0,,,,,1,1,4,2,1,1,2,3,3,1,1,4,1,2,2,2,4,3,3,1,2,2,2,2,3,5,2,3.2837791442871094,2.0949013233184814
30292,6,6,1825208,4,6,0,3,3.0,1.0,1.0,1.0,1.0,,,,,,,,,,,,,,,,,,,,,,,1,2,3,3,3.0,2,2,2,2,3,2,1,3,1.0,,,,,,,1,2,4,2,2,2,2,2,3,2,3,4,2,2,1,1,2,1,1,1,2,2,1,2,3,3,2,3.2837791442871094,2.0949013233184814
30364,4,6,1825208,4,6,0,1,1.0,,,,,2.0,2.0,1.0,2.0,1.0,1.0,2.0,2.0,2.0,2.0,,,,2.0,6.0,7.0,,,,,,,1,2,4,9,,2,3,2,2,2,3,2,3,,,,,,,,2,2,4,2,3,3,3,4,2,2,3,4,1,2,3,2,2,2,3,1,1,1,2,4,1,6,6,2.2396583557128906,5.258913993835449
30383,5,6,1825208,4,6,0,1,1.0,,,,,2.0,2.0,1.0,2.0,1.0,1.0,2.0,2.0,2.0,2.0,,,,2.0,6.0,7.0,,,,,,,1,2,3,9,,3,2,2,3,3,3,3,1,6.0,3.0,,,,,,1,2,2,1,2,3,4,3,3,2,2,4,2,2,3,1,3,3,3,1,2,2,1,5,6,1,1,2.88539457321167,6.948019981384277
30412,3,6,1825208,4,6,0,1,1.0,,,,,1.0,2.0,2.0,2.0,1.0,1.0,2.0,2.0,2.0,2.0,,,,2.0,3.0,6.0,,,,,,,3,3,4,9,,4,2,1,4,4,4,1,9,,,,,,,,1,4,1,1,4,4,2,1,3,2,4,4,2,2,4,4,4,4,4,1,1,1,1,4,2,1,1,2.0968945026397705,3.7388195991516113
30432,6,4,139618,4,4,0,3,3.0,1.0,1.0,1.0,1.0,,,,,,,,,,,,,,,,,,,,,,,1,2,9,9,,1,2,2,2,3,2,2,1,2.0,,,,,,,1,2,4,2,1,2,2,2,3,1,2,4,1,2,3,2,2,3,3,1,1,1,1,4,3,98,2,2.3592464923858643,1.502030611038208
30457,6,12,149564,4,3,0,3,3.0,1.0,1.0,1.0,1.0,,,,,,,,,,,,,,,,,,,,,,,1,1,2,9,,1,3,4,2,2,2,3,1,,,,,,,,2,2,4,2,2,2,1,3,1,2,2,4,1,2,3,3,3,3,3,1,2,2,2,5,1,6,2,3.2837791442871094,2.0949013233184814
30467,6,14,86419,3,7,0,3,3.0,1.0,1.0,1.0,1.0,,,,,,,,,,,,,,,,,,,,,,,1,2,4,3,3.0,2,1,2,2,2,3,3,5,1.0,3.0,,,,,,2,2,4,2,2,4,4,2,3,1,3,4,1,2,3,2,2,2,1,1,1,1,1,3,3,4,2,0.8823754787445068,0.6465595364570618
30581,6,5,1159,1,5,0,3,3.0,1.0,1.0,2.0,2.0,,,,,,,,,,,,,,,,,,,,,,,1,2,9,9,,2,3,3,2,2,3,3,3,4.0,,,,,,,2,2,4,1,2,2,2,3,2,1,3,4,1,2,3,3,2,2,2,1,1,1,1,3,3,5,5,0.3640757203102112,0.41710540652275085
30633,6,6,1825208,4,6,0,2,2.0,,,,,2.0,2.0,2.0,1.0,1.0,2.0,2.0,2.0,1.0,2.0,,,,2.0,5.0,8.0,,,,,,,1,3,4,9,,2,2,2,2,2,2,1,3,,,,,,,,1,3,3,2,3,3,2,3,3,2,3,4,2,2,3,3,2,2,2,1,2,2,1,2,5,2,1,3.2837791442871094,8.788521766662598
30643,6,14,119360,4,7,0,3,3.0,1.0,1.0,1.0,1.0,,,,,,,,,,,,,,,,,,,,,,,1,1,4,9,,2,2,3,3,2,3,2,1,,,,,,,,2,3,4,2,2,1,2,2,3,1,3,4,2,2,3,1,1,1,1,1,1,1,1,1,3,3,2,2.3592464923858643,1.502030611038208
30785,5,6,1825208,4,6,0,3,3.0,1.0,2.0,2.0,2.0,,,,,,,,,,,,,,,,,,,,,,,1,2,2,3,3.0,2,3,3,2,3,2,3,3,6.0,,,,,,,1,1,4,2,2,2,2,3,1,1,2,4,1,2,3,3,3,2,2,1,1,1,1,4,3,98,2,2.2852814197540283,1.3551445007324219
30786,6,6,1825208,4,6,0,3,3.0,2.0,,,1.0,,,,,,,,,,,,,,,,,,,,,,,2,2,9,3,3.0,2,2,3,2,2,2,2,8,3.0,4.0,6.0,,,,,1,3,4,2,2,2,1,3,2,2,2,4,1,2,3,3,3,4,3,1,1,1,1,4,3,5,2,2.3592464923858643,1.502030611038208
30843,5,2,2883,1,2,0,3,3.0,1.0,1.0,2.0,1.0,,,,,,,,,,,,,,,,,,,,,,,2,3,4,1,1.0,3,3,2,3,3,3,3,2,1.0,8.0,4.0,,,,,1,1,4,2,2,3,1,4,1,1,2,4,1,1,3,3,2,3,1,1,1,1,1,4,1,6,2,0.3526615500450134,0.3763154149055481
30845,5,3,549937,4,3,0,3,3.0,1.0,1.0,1.0,1.0,,,,,,,,,,,,,,,,,,,,,,,1,2,3,3,3.0,2,4,3,2,2,4,2,2,6.0,5.0,3.0,,,,,1,2,4,2,2,3,3,3,3,2,2,4,1,2,2,2,3,2,2,1,2,2,1,3,3,98,5,2.88539457321167,1.6561861038208008
30919,6,13,441929,4,6,0,2,2.0,,,,,2.0,2.0,2.0,2.0,2.0,2.0,2.0,2.0,2.0,1.0,15.0,,PERSONNE HANDICAPÉE ET AUCUN ACCOMPAGNATEUR,10.0,,,,,,,,,1,1,2,3,3.0,2,2,2,2,3,2,2,3,,,,,,,,1,2,3,2,1,1,2,3,3,2,3,4,2,2,2,3,2,2,1,1,2,2,1,4,3,2,1,3.2837791442871094,8.788521766662598
30929,5,15,79838,3,7,0,3,3.0,1.0,1.0,1.0,1.0,,,,,,,,,,,,,,,,,,,,,,,2,1,2,9,,2,2,3,2,2,2,2,3,1.0,,,,,,,1,3,3,2,2,2,4,2,3,2,3,4,1,2,2,2,2,3,2,1,2,2,1,2,3,2,1,1.0791586637496948,0.712917149066925
30980,6,7,290283,4,5,0,1,1.0,,,,,1.0,1.0,2.0,2.0,2.0,2.0,2.0,2.0,2.0,2.0,,,,1.0,3.0,,,,,,,,1,1,3,9,,2,3,3,2,2,2,2,1,,,,,,,,1,3,4,2,1,4,4,3,3,2,2,4,2,2,2,2,3,3,2,1,2,2,1,2,3,2,1,3.2837791442871094,8.788521766662598
31018,6,6,33714,3,6,0,3,3.0,1.0,1.0,1.0,1.0,,,,,,,,,,,,,,,,,,,,,,,1,2,9,3,3.0,2,2,4,1,1,2,2,7,1.0,3.0,5.0,,,,,1,1,4,2,1,1,1,4,1,1,1,4,1,1,2,1,1,1,1,2,1,1,1,1,3,3,2,0.9102063179016113,0.6237942576408386
31044,6,4,139618,4,4,0,3,3.0,1.0,1.0,1.0,1.0,,,,,,,,,,,,,,,,,,,,,,,2,3,4,9,,2,2,1,2,2,2,2,5,,,,,,,,1,2,4,2,1,2,2,2,1,2,3,4,2,2,2,1,1,3,3,1,1,1,1,4,3,1,1,2.3592464923858643,1.502030611038208
31045,5,12,1727,1,3,0,3,3.0,1.0,1.0,1.0,1.0,,,,,,,,,,,,,,,,,,,,,,,1,2,9,1,1.0,4,4,1,4,4,4,4,1,,,,,,,,2,1,4,2,1,2,1,4,1,1,1,4,1,1,2,3,2,1,2,1,2,2,1,4,3,98,1,0.44527024030685425,0.45991402864456177
31094,5,8,12721,2,2,0,3,3.0,1.0,1.0,1.0,1.0,,,,,,,,,,,,,,,,,,,,,,,1,1,3,3,3.0,2,4,3,2,2,2,3,5,4.0,6.0,,,,,,2,2,4,2,1,2,1,2,2,2,3,4,1,2,2,3,1,3,1,1,1,1,1,4,1,6,2,0.4137810170650482,0.3195469081401825
31130,5,6,1825208,4,6,0,3,3.0,1.0,1.0,2.0,1.0,,,,,,,,,,,,,,,,,,,,,,,1,2,2,9,,2,3,3,2,2,2,2,6,3.0,,,,,,,1,2,4,2,2,2,2,3,3,2,3,4,2,2,2,3,1,2,1,1,1,1,1,3,9,1,1,2.2852814197540283,1.3551445007324219
31148,4,6,1825208,4,6,0,3,3.0,1.0,1.0,1.0,2.0,,,,,,,,,,,,,,,,,,,,,,,1,2,2,9,,2,2,2,3,3,2,2,1,3.0,,,,,,,1,3,4,2,1,4,2,2,3,2,3,4,1,2,4,2,2,4,1,1,1,1,1,4,1,6,3,2.2396583557128906,1.2535582780838013
31161,6,14,86419,3,7,0,3,3.0,1.0,2.0,2.0,1.0,,,,,,,,,,,,,,,,,,,,,,,1,1,4,9,,2,2,2,2,2,2,2,8,,,,,,,,1,2,4,1,2,2,4,2,3,2,3,4,1,2,2,2,2,2,2,1,2,2,1,2,3,98,2,1.2281575202941895,0.9017654061317444
31177,5,7,290283,4,5,0,3,3.0,1.0,1.0,2.0,1.0,,,,,,,,,,,,,,,,,,,,,,,1,2,4,1,1.0,2,3,2,3,2,3,4,1,8.0,6.0,,,,,,1,1,4,2,1,1,1,3,3,2,2,4,1,2,4,2,3,2,3,1,1,1,1,4,1,7,5,2.2852814197540283,1.3551445007324219
31265,3,15,59612,3,7,0,3,3.0,1.0,1.0,1.0,1.0,,,,,,,,,,,,,,,,,,,,,,,1,3,4,9,,2,2,2,2,3,3,2,8,,,,,,,,1,4,2,2,1,3,4,2,3,1,2,2,1,2,2,1,1,1,2,1,2,2,1,4,1,6,3,0.6740691065788269,0.36783263087272644
31372,5,7,290283,4,5,0,3,3.0,1.0,1.0,1.0,1.0,,,,,,,,,,,,,,,,,,,,,,,1,1,4,9,,2,2,1,2,1,2,1,3,6.0,,,,,,,1,2,4,2,2,1,2,3,3,2,3,4,1,2,4,3,2,3,4,1,1,1,1,2,3,3,2,2.2852814197540283,1.3551445007324219
31393,3,7,290283,4,5,0,3,3.0,1.0,1.0,2.0,1.0,,,,,,,,,,,,,,,,,,,,,,,1,3,4,9,,2,3,1,3,3,2,3,1,3.0,,,,,,,1,4,4,2,1,3,2,1,1,2,3,4,1,2,4,1,3,2,3,1,2,2,1,5,5,5,3,1.80228853225708,0.854518711566925
31415,6,6,1825208,4,6,0,3,3.0,1.0,1.0,1.0,1.0,,,,,,,,,,,,,,,,,,,,,,,1,2,2,3,3.0,2,3,2,2,3,2,3,3,6.0,,,,,,,1,2,4,2,1,1,1,3,3,1,2,4,1,2,3,1,2,1,1,1,1,1,1,4,1,3,2,2.3592464923858643,1.502030611038208
31419,4,6,1825208,4,6,0,1,1.0,,,,,2.0,2.0,2.0,2.0,1.0,2.0,1.0,1.0,2.0,2.0,,,,2.0,4.0,9.0,,,,,,,1,2,4,9,,2,2,2,2,2,2,3,3,,,,,,,,2,2,3,2,2,1,1,3,3,2,2,4,2,2,3,1,3,3,3,1,2,2,1,3,1,4,3,2.608217477798462,4.839892864227295
31430,6,6,1825208,4,6,0,1,1.0,,,,,1.0,2.0,1.0,1.0,2.0,1.0,2.0,1.0,2.0,2.0,,,,3.0,5.0,6.0,7.0,9.0,,,,,1,1,4,3,3.0,2,3,2,2,3,2,3,3,,,,,,,,2,3,2,1,3,3,3,3,1,2,3,4,1,2,1,1,1,2,1,1,1,1,1,4,3,4,2,2.3592464923858643,6.301305294036865
31435,5,16,7162,2,8,0,3,3.0,1.0,1.0,1.0,1.0,,,,,,,,,,,,,,,,,,,,,,,1,3,3,9,,1,3,1,2,3,3,3,2,,,,,,,,1,3,4,2,1,2,1,2,3,2,3,4,1,2,3,2,3,2,3,1,2,2,1,2,1,3,5,0.5224395394325256,0.3905333876609802
31441,6,16,252226,4,8,0,1,1.0,,,,,1.0,1.0,2.0,1.0,1.0,2.0,1.0,1.0,2.0,2.0,,,,1.0,2.0,3.0,4.0,5.0,9.0,,,,1,1,4,3,3.0,3,3,4,2,2,2,2,1,6.0,,,,,,,2,2,3,2,3,2,3,2,3,2,3,4,2,2,3,3,3,2,4,1,2,2,1,3,3,2,1,3.2837791442871094,8.788521766662598
31449,6,16,26982,3,8,0,3,3.0,1.0,1.0,1.0,1.0,,,,,,,,,,,,,,,,,,,,,,,1,2,3,3,3.0,1,3,3,2,1,3,2,1,8.0,,,,,,,1,2,4,1,2,2,2,2,3,1,1,4,1,2,3,2,2,3,2,1,1,1,1,4,3,98,2,0.8823754787445068,0.6465595364570618
31530,6,6,1825208,4,6,0,3,3.0,1.0,1.0,1.0,1.0,,,,,,,,,,,,,,,,,,,,,,,1,2,2,9,,2,2,3,2,2,2,3,3,6.0,,,,,,,2,2,3,2,1,2,2,2,3,2,3,4,2,2,3,2,2,3,2,1,1,1,1,3,3,1,1,2.3592464923858643,1.502030611038208
31531,5,6,1825208,4,6,0,1,1.0,,,,,2.0,1.0,2.0,2.0,1.0,1.0,2.0,2.0,2.0,2.0,,,,1.0,2.0,6.0,,,,,,,2,3,4,9,,3,1,1,4,4,4,4,1,5.0,,,,,,,1,2,3,1,3,4,4,3,3,1,4,4,2,2,4,1,4,2,1,1,2,2,1,3,1,2,1,2.88539457321167,6.948019981384277
31535,6,6,1825208,4,6,0,3,3.0,1.0,1.0,1.0,1.0,,,,,,,,,,,,,,,,,,,,,,,1,3,1,9,,2,2,3,2,3,4,2,3,,,,,,,,1,2,4,2,2,2,2,2,3,2,3,4,2,2,2,1,1,3,1,1,2,2,2,4,3,2,1,3.2837791442871094,2.0949013233184814
31537,6,6,1825208,4,6,0,3,3.0,1.0,1.0,1.0,2.0,,,,,,,,,,,,,,,,,,,,,,,1,2,3,3,3.0,2,3,3,2,1,2,3,3,7.0,8.0,,,,,,1,1,4,2,1,2,2,3,2,1,2,4,1,1,2,2,1,2,2,1,1,1,1,4,3,6,2,2.3592464923858643,1.502030611038208
31546,6,6,1825208,4,6,0,3,3.0,1.0,1.0,1.0,1.0,,,,,,,,,,,,,,,,,,,,,,,1,2,3,3,3.0,2,2,2,2,3,2,3,7,3.0,6.0,,,,,,2,2,4,2,1,2,2,3,3,1,2,4,1,2,3,3,2,3,2,1,2,2,1,4,1,98,1,3.2837791442871094,2.0949013233184814
31551,6,6,1825208,4,6,0,3,3.0,2.0,,,1.0,,,,,,,,,,,,,,,,,,,,,,,1,1,2,3,3.0,1,3,4,1,1,1,3,3,,,,,,,,1,2,4,2,1,2,2,3,3,2,2,4,1,2,2,2,2,4,2,1,1,1,1,5,1,8,2,2.3592464923858643,1.502030611038208
31606,6,14,4280,1,7,0,3,3.0,1.0,1.0,1.0,1.0,,,,,,,,,,,,,,,,,,,,,,,1,2,2,3,3.0,2,2,2,2,3,2,2,4,,,,,,,,1,2,4,2,1,1,1,3,2,2,2,4,1,2,3,1,2,1,2,1,2,2,1,3,3,2,1,0.5067484378814697,0.5817421674728394
31638,6,16,252226,4,8,0,3,3.0,1.0,1.0,1.0,1.0,,,,,,,,,,,,,,,,,,,,,,,1,3,3,9,,3,3,2,3,2,3,2,3,1.0,,,,,,,1,2,4,2,2,3,3,2,3,2,2,4,1,2,3,2,2,2,3,1,1,1,1,5,3,5,2,2.3592464923858643,1.502030611038208
31792,5,2,2062,1,2,0,1,1.0,,,,,1.0,1.0,2.0,1.0,1.0,2.0,2.0,2.0,2.0,2.0,,,,1.0,2.0,3.0,5.0,,,,,,3,3,4,9,,2,2,3,2,3,2,2,9,,,,,,,,1,3,4,2,2,3,3,1,3,2,3,4,1,2,2,3,3,3,2,1,2,2,1,2,3,98,2,0.44527024030685425,0.5804934501647949
31821,5,7,11390,2,5,0,3,3.0,1.0,1.0,1.0,1.0,,,,,,,,,,,,,,,,,,,,,,,1,2,9,3,3.0,2,3,2,2,3,3,3,8,1.0,7.0,,,,,,2,2,4,2,1,2,4,3,2,1,2,4,1,1,2,3,1,3,1,1,2,2,1,4,1,8,6,0.5224395394325256,0.3905333876609802
31832,6,3,549937,4,3,0,3,3.0,1.0,1.0,1.0,2.0,,,,,,,,,,,,,,,,,,,,,,,1,2,2,9,,1,3,3,2,2,2,2,3,4.0,,,,,,,1,2,4,2,1,2,2,3,3,2,2,4,1,2,3,3,3,3,3,1,2,2,1,4,3,7,2,3.2837791442871094,2.0949013233184814
31882,6,4,139618,4,4,0,3,3.0,1.0,1.0,1.0,1.0,,,,,,,,,,,,,,,,,,,,,,,1,2,2,3,3.0,1,4,3,1,2,1,3,3,4.0,,,,,,,2,2,3,1,1,2,4,2,2,2,2,4,1,2,2,3,1,2,2,1,1,1,1,5,3,3,1,2.3592464923858643,1.502030611038208
31993,5,15,79838,3,7,0,3,3.0,1.0,1.0,1.0,2.0,,,,,,,,,,,,,,,,,,,,,,,1,2,2,3,3.0,1,2,4,2,2,2,3,5,4.0,1.0,8.0,,,,,1,2,4,2,1,1,2,3,3,1,2,4,1,2,2,1,1,2,1,1,2,2,1,4,3,3,1,1.0791586637496948,0.712917149066925
32021,6,8,1387,1,2,0,3,3.0,1.0,1.0,1.0,1.0,,,,,,,,,,,,,,,,,,,,,,,1,1,2,1,1.0,2,3,2,2,3,2,3,1,2.0,3.0,,,,,,1,2,4,2,2,2,2,3,2,1,3,4,1,2,3,2,2,3,2,1,2,2,1,4,3,2,9,0.5067484378814697,0.5817421674728394
32032,6,3,7217,2,3,0,3,3.0,1.0,1.0,1.0,1.0,,,,,,,,,,,,,,,,,,,,,,,2,1,4,3,3.0,2,2,1,3,4,2,1,3,2.0,6.0,1.0,,,,,2,3,4,1,2,3,3,3,3,2,3,4,2,2,4,2,3,3,3,1,1,1,1,2,3,3,2,0.42717334628105164,0.3541830778121948
32067,5,3,1128,1,3,0,3,3.0,1.0,1.0,1.0,1.0,,,,,,,,,,,,,,,,,,,,,,,1,2,1,3,3.0,1,4,4,1,1,1,2,4,1.0,5.0,,,,,,1,1,3,2,1,1,1,3,3,2,1,4,1,2,3,3,3,3,3,1,1,1,1,3,1,4,1,0.3526615500450134,0.3763154149055481
32071,6,15,11112,2,7,0,3,3.0,1.0,1.0,1.0,1.0,,,,,,,,,,,,,,,,,,,,,,,1,1,2,3,3.0,2,2,3,2,2,2,3,1,8.0,4.0,2.0,,,,,1,2,3,2,1,1,1,2,3,2,2,4,1,2,1,1,1,1,1,1,2,2,1,5,1,8,2,0.5945723652839661,0.4939829409122467
32137,5,14,86419,3,7,0,3,3.0,1.0,1.0,1.0,1.0,,,,,,,,,,,,,,,,,,,,,,,2,3,4,9,,2,3,4,2,4,3,2,2,3.0,,,,,,,1,2,4,2,1,1,1,1,3,2,4,4,1,2,3,2,4,1,3,1,2,2,1,2,5,98,2,1.0791586637496948,0.712917149066925
32187,5,16,98883,3,8,0,3,3.0,1.0,1.0,1.0,1.0,,,,,,,,,,,,,,,,,,,,,,,1,2,3,9,,4,3,3,3,2,3,2,3,1.0,,,,,,,1,2,4,2,2,2,2,2,3,2,3,4,1,2,3,2,1,2,1,1,1,1,1,4,3,3,1,0.8547120690345764,0.5833334922790527
32233,6,15,498,1,7,0,3,3.0,1.0,2.0,2.0,2.0,,,,,,,,,,,,,,,,,,,,,,,1,2,3,9,,2,4,3,2,2,2,3,2,4.0,1.0,,,,,,1,2,4,2,2,2,3,2,3,2,3,3,1,2,3,3,2,3,3,1,2,2,1,3,3,5,2,0.5067484378814697,0.5817421674728394
32346,5,6,1825208,4,6,0,3,3.0,1.0,1.0,1.0,1.0,,,,,,,,,,,,,,,,,,,,,,,1,3,2,9,,1,1,4,1,1,1,1,5,,,,,,,,2,4,4,1,1,4,4,1,3,2,1,4,1,2,1,1,4,1,1,1,1,1,1,2,3,5,2,2.2852814197540283,1.3551445007324219
32381,6,3,549937,4,3,0,1,1.0,,,,,2.0,2.0,1.0,1.0,1.0,2.0,2.0,2.0,2.0,2.0,,,,2.0,5.0,7.0,,,,,,,1,2,3,9,,2,3,2,2,3,2,3,5,3.0,6.0,,,,,,2,3,1,1,3,3,3,2,1,2,2,4,1,2,3,2,2,2,1,1,2,2,1,3,1,4,1,3.2837791442871094,8.788521766662598
32453,2,3,549937,4,3,0,3,3.0,1.0,1.0,2.0,1.0,,,,,,,,,,,,,,,,,,,,,,,1,2,3,9,,2,2,3,2,3,2,2,3,,,,,,,,2,2,4,2,2,2,2,3,3,2,3,2,2,2,2,2,2,3,3,1,2,2,1,4,1,98,1,1.4281843900680542,0.6177590489387512
32460,6,4,49802,3,4,0,3,3.0,1.0,4.0,4.0,1.0,,,,,,,,,,,,,,,,,,,,,,,1,2,3,3,3.0,1,4,4,2,1,2,3,2,7.0,3.0,6.0,4.0,,,,1,2,4,2,1,2,2,3,1,2,2,4,1,2,3,1,1,3,1,1,1,1,1,2,3,98,2,0.8823754787445068,0.6465595364570618
32501,6,6,1825208,4,6,0,3,3.0,1.0,1.0,2.0,1.0,,,,,,,,,,,,,,,,,,,,,,,1,1,3,9,,1,3,2,2,4,3,2,2,3.0,8.0,,,,,,1,3,4,2,3,2,3,2,3,2,3,4,1,2,2,3,2,2,2,1,2,2,1,4,3,2,1,3.2837791442871094,2.0949013233184814
32625,6,6,1825208,4,6,0,3,3.0,1.0,1.0,2.0,1.0,,,,,,,,,,,,,,,,,,,,,,,1,1,3,9,,1,3,3,2,2,2,3,6,3.0,,,,,,,1,1,4,2,2,1,3,3,3,2,2,4,1,2,3,3,3,3,1,1,2,2,1,5,1,5,2,3.2837791442871094,2.0949013233184814
32645,6,6,1825208,4,6,0,3,3.0,1.0,1.0,2.0,1.0,,,,,,,,,,,,,,,,,,,,,,,1,1,3,9,,2,2,3,2,3,2,3,3,,,,,,,,2,2,4,2,3,2,2,3,1,2,3,4,2,2,3,3,2,2,3,1,1,1,1,4,3,2,1,2.3592464923858643,1.502030611038208
32655,4,3,549937,4,3,0,1,1.0,,,,,2.0,2.0,2.0,2.0,2.0,2.0,1.0,2.0,2.0,2.0,,,,4.0,,,,,,,,,3,1,4,9,,3,2,2,2,3,2,3,2,1.0,5.0,3.0,,,,,2,3,3,2,2,3,3,4,9,2,3,4,1,2,4,1,2,1,2,1,2,2,1,3,1,4,1,2.608217477798462,4.839892864227295
32662,4,6,1825208,4,6,0,3,3.0,1.0,1.0,1.0,1.0,,,,,,,,,,,,,,,,,,,,,,,1,2,4,9,,3,2,3,2,3,2,2,1,3.0,,,,,,,1,2,4,2,2,1,1,2,3,2,3,3,2,2,3,2,3,3,2,2,1,1,1,4,1,8,2,2.3102993965148926,1.2094197273254395
32881,5,16,98883,3,8,0,3,3.0,1.0,1.0,1.0,1.0,,,,,,,,,,,,,,,,,,,,,,,1,1,3,3,3.0,2,3,3,2,2,2,2,3,,,,,,,,1,2,4,2,2,2,3,2,3,1,2,4,1,2,3,3,2,2,2,1,1,1,1,3,3,98,2,0.8547120690345764,0.5833334922790527
32921,6,3,549937,4,3,0,3,3.0,1.0,2.0,2.0,1.0,,,,,,,,,,,,,,,,,,,,,,,1,1,3,3,3.0,2,3,3,2,2,2,2,1,4.0,6.0,3.0,5.0,,,,2,2,4,2,2,2,3,3,3,2,1,4,1,2,3,3,2,3,1,1,1,1,1,4,1,4,2,2.3592464923858643,1.502030611038208
33082,6,3,549937,4,3,0,3,3.0,1.0,1.0,1.0,2.0,,,,,,,,,,,,,,,,,,,,,,,1,2,2,9,,2,2,2,2,2,2,3,6,3.0,,,,,,,2,2,4,2,1,2,3,2,3,2,2,4,1,2,3,2,2,2,1,1,2,2,1,5,1,6,2,3.2837791442871094,2.0949013233184814
33100,6,16,30391,3,8,0,1,1.0,,,,,1.0,2.0,2.0,2.0,1.0,1.0,2.0,2.0,2.0,2.0,,,,2.0,3.0,6.0,,,,,,,1,3,4,3,3.0,2,2,2,2,2,3,2,1,2.0,3.0,,,,,,1,4,2,1,3,4,4,3,3,2,3,4,1,2,2,3,2,2,3,1,1,1,1,2,3,2,1,0.8823754787445068,1.8877201080322266
33117,5,16,30391,3,8,0,3,3.0,1.0,1.0,1.0,1.0,,,,,,,,,,,,,,,,,,,,,,,1,3,2,9,,2,3,3,2,2,2,2,4,5.0,,,,,,,1,2,4,2,2,1,1,3,3,2,2,4,1,2,3,3,2,1,1,1,1,1,1,3,1,4,2,0.8547120690345764,0.5833334922790527
33232,6,13,441929,4,6,0,3,3.0,2.0,,,3.0,,,,,,,,,,,,,,,,,,,,,,,1,1,3,9,,3,2,1,3,3,2,1,7,6.0,,,,,,,1,2,4,2,1,1,1,4,3,2,3,4,1,1,2,3,2,2,3,1,2,2,2,2,3,3,2,3.2837791442871094,2.0949013233184814
33255,6,13,441929,4,6,0,3,3.0,1.0,1.0,1.0,1.0,,,,,,,,,,,,,,,,,,,,,,,1,3,3,9,,2,2,2,2,2,2,2,9,,,,,,,,1,2,4,2,2,2,4,1,3,2,3,4,1,2,2,3,2,1,1,1,2,2,1,4,3,2,1,3.2837791442871094,2.0949013233184814
33312,5,6,33714,3,6,0,3,3.0,1.0,1.0,1.0,1.0,,,,,,,,,,,,,,,,,,,,,,,1,2,4,9,,2,2,2,2,3,2,2,2,1.0,,,,,,,2,2,4,2,2,2,2,2,3,2,3,4,1,2,3,3,3,3,2,1,1,1,1,4,3,98,1,0.8547120690345764,0.5833334922790527
33342,5,6,1825208,4,6,0,1,1.0,,,,,2.0,2.0,1.0,2.0,1.0,1.0,2.0,2.0,2.0,2.0,,,,2.0,6.0,7.0,,,,,,,2,3,4,9,,4,2,1,4,3,2,3,3,1.0,2.0,,,,,,2,3,1,9,2,4,4,2,3,2,3,4,2,2,3,2,2,1,3,1,1,1,2,3,1,5,3,2.2852814197540283,5.685081958770752
33353,6,15,1746,1,7,0,3,3.0,1.0,1.0,1.0,1.0,,,,,,,,,,,,,,,,,,,,,,,1,2,2,9,,1,4,4,1,2,2,3,5,1.0,8.0,,,,,,1,1,4,2,2,2,2,4,1,1,1,4,1,2,2,3,1,2,3,1,1,1,2,5,3,98,2,0.3640757203102112,0.41710540652275085
33361,5,13,441929,4,6,0,3,3.0,1.0,1.0,1.0,1.0,,,,,,,,,,,,,,,,,,,,,,,1,1,1,9,,3,1,2,3,3,1,3,8,1.0,4.0,5.0,,,,,1,2,3,2,2,2,2,2,1,1,2,4,1,2,1,2,1,1,1,1,2,2,1,3,3,5,6,2.88539457321167,1.6561861038208008
33375,5,15,3212,1,7,0,3,3.0,1.0,1.0,2.0,1.0,,,,,,,,,,,,,,,,,,,,,,,1,2,3,1,1.0,2,3,3,3,2,2,3,8,7.0,1.0,,,,,,1,2,4,2,2,2,2,3,3,2,2,4,1,2,3,2,3,3,1,1,1,1,1,4,1,98,1,0.3526615500450134,0.3763154149055481
33678,4,16,2947,1,8,0,3,3.0,1.0,1.0,1.0,1.0,,,,,,,,,,,,,,,,,,,,,,,1,2,2,1,1.0,2,3,3,2,1,2,3,8,2.0,1.0,4.0,,,,,1,1,4,2,1,1,1,3,3,1,2,4,1,2,4,3,3,3,3,1,1,1,2,3,1,5,3,0.34562113881111145,0.3481054902076721
33694,3,16,31447,3,8,0,1,1.0,,,,,1.0,1.0,2.0,2.0,2.0,2.0,2.0,2.0,2.0,2.0,,,,1.0,3.0,,,,,,,,3,3,4,9,,2,3,3,2,2,2,3,9,,,,,,,,2,3,3,1,3,3,2,1,3,2,3,4,1,2,2,2,2,3,2,1,1,1,1,3,1,7,3,0.7842537760734558,1.120064377784729
33750,6,6,1825208,4,6,0,3,3.0,1.0,1.0,1.0,1.0,,,,,,,,,,,,,,,,,,,,,,,1,2,2,3,3.0,1,3,3,2,2,2,4,6,8.0,3.0,4.0,,,,,1,2,4,2,2,2,2,3,1,2,2,4,1,2,2,3,1,3,1,1,1,1,1,2,3,4,2,2.3592464923858643,1.502030611038208
33771,2,16,252226,4,8,0,3,3.0,1.0,1.0,1.0,1.0,,,,,,,,,,,,,,,,,,,,,,,1,2,2,9,,2,3,3,2,2,2,3,1,7.0,8.0,,,,,,1,3,4,2,2,2,3,2,3,2,3,3,2,2,3,2,2,3,1,1,2,2,1,5,1,2,2,1.4281843900680542,0.6177590489387512
33839,6,6,1825208,4,6,0,3,3.0,1.0,2.0,2.0,4.0,,,,,,,,,,,,,,,,,,,,,,,1,2,4,9,,2,2,2,3,3,2,3,3,,,,,,,,2,3,4,2,1,1,3,3,3,2,3,4,1,2,2,1,2,3,1,1,2,2,1,2,3,98,1,3.2837791442871094,2.0949013233184814
33899,6,6,1825208,4,6,0,3,3.0,1.0,1.0,1.0,1.0,,,,,,,,,,,,,,,,,,,,,,,1,2,2,3,3.0,2,2,2,3,2,3,3,3,,,,,,,,1,2,4,2,1,2,2,3,2,1,2,4,1,1,1,2,2,2,2,1,1,1,1,4,1,8,2,2.3592464923858643,1.502030611038208
34008,6,5,170816,4,5,0,3,3.0,1.0,1.0,1.0,1.0,,,,,,,,,,,,,,,,,,,,,,,1,1,3,9,,2,4,4,2,3,1,1,1,6.0,3.0,7.0,,,,,1,2,4,2,2,3,4,1,3,2,3,4,1,2,4,3,3,2,4,1,2,2,1,2,3,5,2,3.2837791442871094,2.0949013233184814
34014,5,6,1825208,4,6,0,3,3.0,1.0,1.0,1.0,1.0,,,,,,,,,,,,,,,,,,,,,,,2,3,4,9,,2,2,3,2,3,3,1,3,,,,,,,,1,3,3,2,3,2,3,2,3,2,3,4,1,2,3,1,2,1,1,1,1,1,1,2,3,3,4,2.2852814197540283,1.3551445007324219
34099,6,8,919,1,2,0,3,3.0,1.0,1.0,1.0,1.0,,,,,,,,,,,,,,,,,,,,,,,1,1,3,9,,2,2,3,2,2,2,3,2,1.0,5.0,,,,,,2,3,3,2,2,2,2,3,2,2,1,4,1,2,2,3,2,3,2,1,2,2,1,2,3,3,1,0.5067484378814697,0.5817421674728394
34157,5,6,1825208,4,6,0,3,3.0,1.0,1.0,1.0,2.0,,,,,,,,,,,,,,,,,,,,,,,2,3,4,3,3.0,3,3,2,3,3,3,2,3,,,,,,,,2,2,2,1,2,3,3,2,3,2,3,4,1,2,3,3,2,1,3,1,1,1,1,3,2,1,1,2.2852814197540283,1.3551445007324219
34159,6,6,1825208,4,6,0,3,3.0,1.0,2.0,2.0,2.0,,,,,,,,,,,,,,,,,,,,,,,1,3,4,9,,2,1,1,2,3,2,1,1,2.0,5.0,,,,,,1,1,3,2,1,2,2,3,3,2,3,3,1,2,2,1,3,3,2,1,2,2,1,2,2,98,2,3.2837791442871094,2.0949013233184814
34477,5,16,69265,3,8,0,3,3.0,1.0,1.0,1.0,1.0,,,,,,,,,,,,,,,,,,,,,,,1,1,2,9,,2,3,3,2,2,3,2,3,4.0,7.0,,,,,,2,2,4,2,1,2,1,2,3,2,3,2,1,2,3,1,1,3,2,1,1,1,1,5,3,7,2,0.8547120690345764,0.5833334922790527
34513,6,6,1825208,4,6,0,3,3.0,1.0,1.0,1.0,1.0,,,,,,,,,,,,,,,,,,,,,,,1,3,3,9,,2,3,3,2,2,2,2,1,2.0,3.0,6.0,,,,,1,2,4,2,1,1,4,3,3,2,2,4,1,2,2,1,3,3,3,1,1,1,1,4,3,3,2,2.3592464923858643,1.502030611038208
34515,6,7,290283,4,5,0,3,3.0,1.0,1.0,1.0,1.0,,,,,,,,,,,,,,,,,,,,,,,1,2,4,9,,1,3,3,2,3,2,3,3,,,,,,,,1,2,4,2,1,2,2,3,3,2,3,4,1,2,3,2,3,3,3,1,1,1,1,2,3,5,2,2.3592464923858643,1.502030611038208
34620,6,6,1825208,4,6,0,3,3.0,1.0,1.0,1.0,1.0,,,,,,,,,,,,,,,,,,,,,,,1,2,2,3,3.0,2,1,3,3,4,3,1,7,5.0,3.0,,,,,,1,2,4,2,2,1,3,3,2,1,3,4,1,2,4,1,2,2,2,2,2,2,2,2,3,98,2,3.3873515129089355,2.021137237548828
34621,6,7,290283,4,5,0,1,1.0,,,,,2.0,2.0,2.0,2.0,2.0,2.0,2.0,2.0,2.0,2.0,,,,11.0,,,,,,,,,3,1,4,9,,3,2,3,2,2,2,1,9,,,,,,,,2,4,1,9,4,4,4,1,1,2,4,4,2,2,4,4,4,4,4,2,2,2,1,2,3,2,1,3.3873515129089355,8.479063987731934
34697,5,6,1825208,4,6,0,3,3.0,1.0,1.0,2.0,2.0,,,,,,,,,,,,,,,,,,,,,,,1,3,4,9,,3,2,2,2,3,3,3,9,,,,,,,,1,4,3,1,4,4,3,2,3,2,4,4,1,2,3,2,1,1,1,1,1,1,1,4,3,3,5,2.2852814197540283,1.3551445007324219
34711,6,6,1825208,4,6,0,3,3.0,1.0,2.0,2.0,1.0,,,,,,,,,,,,,,,,,,,,,,,2,2,4,9,,2,2,3,2,3,4,3,3,6.0,,,,,,,2,2,4,2,2,2,2,4,3,2,2,4,1,2,3,1,1,3,2,1,1,1,1,4,3,6,2,2.3592464923858643,1.502030611038208
34760,3,15,10510,2,7,0,2,2.0,,,,,1.0,1.0,2.0,1.0,1.0,2.0,1.0,1.0,2.0,2.0,,,,1.0,2.0,3.0,4.0,5.0,9.0,,,,2,3,4,9,,3,2,3,2,2,3,3,1,4.0,2.0,,,,,,1,3,3,9,3,3,2,2,3,2,3,4,1,2,3,2,3,2,3,1,2,2,1,2,1,3,2,0.3263285458087921,0.45560455322265625
34763,6,16,252226,4,8,0,3,3.0,2.0,,,1.0,,,,,,,,,,,,,,,,,,,,,,,1,1,2,9,,2,2,3,2,2,2,3,3,1.0,2.0,,,,,,1,2,3,2,1,1,3,3,3,2,2,4,1,2,2,3,2,3,2,1,2,2,1,4,3,2,1,3.2837791442871094,2.0949013233184814
34800,5,16,26982,3,8,0,3,3.0,1.0,2.0,1.0,3.0,,,,,,,,,,,,,,,,,,,,,,,3,3,4,3,3.0,2,2,2,2,3,2,2,3,5.0,,,,,,,1,4,4,2,1,4,4,1,3,2,2,4,1,2,2,2,1,3,1,1,1,1,1,4,1,4,6,0.8547120690345764,0.5833334922790527
34826,6,16,26474,3,8,0,3,3.0,1.0,1.0,1.0,1.0,,,,,,,,,,,,,,,,,,,,,,,1,2,4,3,3.0,2,3,2,2,2,2,4,2,7.0,1.0,8.0,4.0,,,,1,2,4,2,2,1,1,3,1,1,2,2,1,2,3,1,1,3,2,1,1,1,1,5,3,7,2,0.8823754787445068,0.6465595364570618
34834,6,6,1825208,4,6,0,2,2.0,,,,,2.0,2.0,2.0,2.0,2.0,2.0,2.0,2.0,2.0,1.0,10.0,,"JE PRÉVOYAIS VOTER DANS MA RÉSIDENCE LE JOUR DU VOTE MAIS NON, ALORS JE NE ME SENTAIS PAS ASSEZ BI",10.0,,,,,,,,,1,1,4,9,,2,2,3,2,2,2,2,3,6.0,5.0,1.0,,,,,2,2,4,2,2,2,1,3,3,2,2,2,2,2,2,3,3,3,1,1,2,2,1,4,3,3,1,3.2837791442871094,8.788521766662598
34870,3,7,290283,4,5,0,3,3.0,1.0,1.0,2.0,1.0,,,,,,,,,,,,,,,,,,,,,,,1,2,4,9,,2,3,4,2,2,3,3,3,1.0,,,,,,,1,2,4,2,1,1,2,3,3,1,1,4,1,2,3,1,3,2,1,1,2,2,1,4,1,6,3,1.80228853225708,0.854518711566925
35032,6,12,149564,4,3,0,3,3.0,1.0,1.0,1.0,1.0,,,,,,,,,,,,,,,,,,,,,,,1,2,2,1,1.0,3,2,1,3,2,3,4,5,3.0,2.0,4.0,,,,,1,1,4,2,1,1,1,4,3,1,1,4,1,2,4,2,2,1,2,1,2,2,1,2,3,4,2,3.2837791442871094,2.0949013233184814
35330,6,13,441929,4,6,0,3,3.0,1.0,1.0,1.0,2.0,,,,,,,,,,,,,,,,,,,,,,,1,1,2,3,3.0,2,3,3,2,1,2,3,1,,,,,,,,1,1,4,2,1,1,1,4,3,2,2,4,1,2,3,2,2,3,1,1,2,2,1,4,3,8,2,3.2837791442871094,2.0949013233184814
35381,3,16,24448,3,8,0,1,1.0,,,,,1.0,2.0,2.0,1.0,2.0,1.0,1.0,2.0,2.0,2.0,,,,3.0,4.0,5.0,6.0,,,,,,3,2,3,9,,2,2,2,2,2,2,2,3,8.0,,,,,,,1,3,3,1,2,3,3,2,3,1,3,4,2,2,1,1,1,2,1,1,2,2,1,3,1,6,3,0.6740691065788269,1.0739414691925049
35424,6,16,30391,3,8,0,3,3.0,1.0,1.0,1.0,1.0,,,,,,,,,,,,,,,,,,,,,,,1,1,2,9,,1,4,4,1,2,1,3,3,2.0,8.0,,,,,,1,2,4,2,1,1,1,2,2,2,2,4,1,2,2,2,2,2,3,1,1,1,1,2,1,5,2,0.8823754787445068,0.6465595364570618
35665,4,6,1825208,4,6,0,3,3.0,1.0,1.0,1.0,1.0,,,,,,,,,,,,,,,,,,,,,,,1,1,1,9,,2,2,3,2,2,2,1,7,,,,,,,,2,2,4,2,1,1,4,1,1,2,1,4,2,1,3,3,2,2,2,1,2,2,2,3,1,2,1,2.608217477798462,1.1536762714385986
35731,6,14,119360,4,7,0,3,3.0,1.0,1.0,1.0,1.0,,,,,,,,,,,,,,,,,,,,,,,1,2,2,3,3.0,2,3,3,2,2,1,2,3,4.0,6.0,1.0,2.0,,,,1,2,4,2,2,1,2,3,2,1,2,4,2,2,3,2,3,2,3,1,1,1,1,3,3,3,2,2.3592464923858643,1.502030611038208
35739,4,6,1825208,4,6,0,3,3.0,1.0,1.0,1.0,2.0,,,,,,,,,,,,,,,,,,,,,,,1,1,3,1,1.0,4,2,1,3,3,3,3,5,7.0,3.0,,,,,,1,1,4,1,3,3,3,3,3,1,3,4,2,2,1,3,2,2,4,1,1,1,2,4,1,6,1,2.2396583557128906,1.2535582780838013
35754,6,6,1825208,4,6,0,3,3.0,1.0,1.0,1.0,1.0,,,,,,,,,,,,,,,,,,,,,,,1,2,2,3,3.0,2,3,3,2,2,1,3,3,1.0,8.0,2.0,,,,,1,2,4,2,1,1,2,3,1,2,1,4,2,2,3,1,2,3,1,1,2,2,1,2,3,5,2,3.2837791442871094,2.0949013233184814
35824,6,13,441929,4,6,0,1,1.0,,,,,1.0,1.0,1.0,2.0,1.0,1.0,2.0,2.0,1.0,2.0,,,,1.0,2.0,3.0,6.0,7.0,8.0,,,,3,3,4,9,,4,1,2,3,3,4,2,1,,,,,,,,1,4,3,1,3,3,2,1,9,2,3,4,1,2,2,2,2,2,1,2,2,2,1,4,3,2,1,3.3873515129089355,8.479063987731934
35832,4,16,252226,4,8,0,3,3.0,1.0,1.0,1.0,2.0,,,,,,,,,,,,,,,,,,,,,,,1,2,2,9,,1,3,3,1,1,2,4,7,6.0,,,,,,,1,2,4,2,1,1,1,2,2,2,2,4,1,2,3,2,1,2,1,1,2,2,1,4,1,4,6,2.608217477798462,1.1536762714385986
35859,6,6,33714,3,6,0,3,3.0,1.0,1.0,1.0,1.0,,,,,,,,,,,,,,,,,,,,,,,1,2,3,3,3.0,2,4,2,2,2,2,2,6,8.0,1.0,5.0,,,,,1,1,4,2,1,1,1,4,3,1,1,4,1,2,4,4,4,3,4,2,2,2,1,5,3,4,6,1.2668945789337158,0.8700127601623535
35860,5,7,290283,4,5,0,3,3.0,1.0,1.0,1.0,1.0,,,,,,,,,,,,,,,,,,,,,,,1,2,4,3,3.0,2,3,3,2,2,2,2,3,7.0,8.0,,,,,,1,1,4,2,2,2,3,3,3,2,2,4,1,2,2,2,2,3,2,1,1,1,1,3,1,4,2,2.2852814197540283,1.3551445007324219
35865,4,6,1825208,4,6,0,3,3.0,1.0,1.0,2.0,3.0,,,,,,,,,,,,,,,,,,,,,,,1,3,3,3,3.0,2,4,2,2,2,3,3,8,1.0,3.0,4.0,,,,,1,2,3,2,1,2,1,3,3,2,2,4,1,2,2,1,2,3,2,1,2,2,1,4,1,98,4,2.608217477798462,1.1536762714385986
35947,6,15,10510,2,7,0,3,3.0,1.0,1.0,1.0,1.0,,,,,,,,,,,,,,,,,,,,,,,1,2,2,9,,1,3,4,1,1,1,3,1,8.0,3.0,,,,,,1,2,4,2,2,2,2,3,2,1,1,4,1,2,1,2,2,2,3,1,1,1,1,4,3,4,2,0.42717334628105164,0.3541830778121948
36275,6,6,1825208,4,6,0,3,3.0,1.0,1.0,1.0,1.0,,,,,,,,,,,,,,,,,,,,,,,1,2,2,9,,2,3,3,2,1,2,3,3,6.0,,,,,,,1,1,4,2,1,2,2,3,3,2,2,4,2,2,2,1,2,3,1,1,2,2,1,4,3,3,1,3.2837791442871094,2.0949013233184814
36292,3,16,90161,3,8,0,3,3.0,1.0,2.0,2.0,2.0,,,,,,,,,,,,,,,,,,,,,,,2,3,4,9,,2,2,2,1,3,2,2,1,8.0,,,,,,,1,2,4,2,2,3,3,1,3,2,2,3,1,2,1,2,2,2,1,1,2,2,1,4,1,98,3,0.6740691065788269,0.36783263087272644
36314,6,6,1825208,4,6,0,3,3.0,1.0,1.0,2.0,3.0,,,,,,,,,,,,,,,,,,,,,,,2,3,3,9,,2,2,2,2,2,2,3,1,,,,,,,,2,3,4,2,2,2,2,2,3,2,3,2,2,2,3,2,2,3,3,1,2,2,1,2,3,4,2,3.2837791442871094,2.0949013233184814
36435,5,6,1825208,4,6,0,3,3.0,1.0,1.0,1.0,1.0,,,,,,,,,,,,,,,,,,,,,,,1,1,1,3,3.0,1,1,1,1,1,1,3,3,,,,,,,,1,1,3,2,1,1,1,4,2,1,1,4,1,2,2,1,3,1,1,1,1,1,1,3,3,4,2,2.2852814197540283,1.3551445007324219
36476,5,16,35160,3,8,0,3,3.0,1.0,1.0,1.0,1.0,,,,,,,,,,,,,,,,,,,,,,,1,1,3,3,3.0,1,4,3,2,1,3,2,3,,,,,,,,2,2,4,2,2,2,2,3,3,2,3,4,1,2,3,3,1,3,2,1,1,1,1,2,1,7,2,0.8547120690345764,0.5833334922790527
36619,4,15,10510,2,7,0,1,1.0,,,,,2.0,2.0,2.0,2.0,2.0,2.0,2.0,2.0,2.0,1.0,10.0,,J'AVAIS UNE MEGA GRIPPE ET AVEC LA SITUATION SANITAIRE JE N'AI PAS OSÉ ALLER VOTER,10.0,,,,,,,,,1,2,3,9,,2,3,2,3,3,3,3,3,,,,,,,,2,2,4,2,2,2,2,2,1,1,2,2,1,2,2,3,2,2,3,1,2,2,1,4,6,4,2,0.4722529351711273,0.6151058077812195
36687,6,3,549937,4,3,0,3,3.0,1.0,1.0,1.0,2.0,,,,,,,,,,,,,,,,,,,,,,,1,2,2,9,,1,2,3,2,2,2,2,3,2.0,6.0,1.0,,,,,1,2,4,2,2,1,2,2,1,1,2,4,1,2,3,1,3,3,3,1,1,1,2,5,3,5,2,2.3592464923858643,1.502030611038208
36799,6,16,9406,2,8,0,3,3.0,1.0,1.0,1.0,1.0,,,,,,,,,,,,,,,,,,,,,,,1,1,2,3,3.0,2,2,2,2,2,2,3,2,,,,,,,,1,1,4,2,1,1,1,4,2,1,2,4,1,2,2,2,2,3,3,1,1,1,1,3,1,98,2,0.42717334628105164,0.3541830778121948
36833,6,3,549937,4,3,0,3,3.0,1.0,1.0,2.0,1.0,,,,,,,,,,,,,,,,,,,,,,,1,2,4,9,,1,3,3,1,2,2,3,3,,,,,,,,2,2,4,1,2,2,3,2,3,2,2,3,1,2,3,3,1,2,1,1,1,1,1,3,3,5,2,2.3592464923858643,1.502030611038208
36901,5,3,19618,2,3,0,3,3.0,1.0,1.0,1.0,1.0,,,,,,,,,,,,,,,,,,,,,,,3,2,3,9,,2,2,2,2,2,3,3,1,,,,,,,,1,3,2,2,2,3,3,2,3,2,3,4,1,2,2,2,2,2,2,1,1,1,1,5,1,5,6,0.4137810170650482,0.3195469081401825
36931,6,4,49802,3,4,0,3,3.0,1.0,1.0,1.0,1.0,,,,,,,,,,,,,,,,,,,,,,,1,2,4,3,3.0,1,4,4,2,2,1,1,1,5.0,6.0,,,,,,1,2,4,2,1,1,1,3,3,2,2,4,2,2,4,1,3,1,1,1,1,1,1,2,3,3,2,0.8823754787445068,0.6465595364570618
36936,6,6,1825208,4,6,0,3,3.0,1.0,1.0,1.0,1.0,,,,,,,,,,,,,,,,,,,,,,,1,1,4,3,3.0,1,2,2,1,3,2,3,3,4.0,5.0,,,,,,1,1,4,2,1,4,2,4,1,1,3,4,1,1,4,3,3,2,4,1,1,1,1,5,3,98,2,2.3592464923858643,1.502030611038208
37062,5,14,119360,4,7,0,3,3.0,1.0,1.0,1.0,1.0,,,,,,,,,,,,,,,,,,,,,,,1,2,3,3,3.0,1,4,2,3,2,4,3,7,6.0,1.0,8.0,,,,,1,1,4,2,2,1,2,3,3,1,2,4,1,2,3,3,1,2,1,1,2,2,1,4,3,98,2,2.88539457321167,1.6561861038208008
37083,6,3,549937,4,3,0,3,3.0,1.0,1.0,1.0,1.0,,,,,,,,,,,,,,,,,,,,,,,1,2,2,9,,1,2,2,2,3,3,2,3,2.0,,,,,,,2,2,4,2,2,2,3,3,2,2,2,4,1,2,3,2,3,1,2,1,1,1,1,2,3,3,1,2.3592464923858643,1.502030611038208
37229,5,13,441929,4,6,0,3,3.0,1.0,1.0,1.0,1.0,,,,,,,,,,,,,,,,,,,,,,,1,3,3,9,,2,3,3,2,2,2,3,7,8.0,1.0,,,,,,1,2,4,2,2,3,2,2,1,1,1,4,1,2,2,1,2,3,1,1,1,1,1,5,3,6,2,2.2852814197540283,1.3551445007324219
37273,6,4,139618,4,4,0,3,3.0,1.0,1.0,1.0,1.0,,,,,,,,,,,,,,,,,,,,,,,1,2,2,2,2.0,2,3,3,2,2,2,3,6,3.0,1.0,,,,,,1,1,4,2,1,1,2,3,1,2,1,4,2,2,2,2,3,2,1,1,1,1,1,5,3,1,1,2.3592464923858643,1.502030611038208
37304,6,16,35160,3,8,0,3,3.0,1.0,1.0,1.0,1.0,,,,,,,,,,,,,,,,,,,,,,,2,1,2,9,,1,4,4,1,1,2,4,1,3.0,,,,,,,1,2,4,2,1,1,1,3,3,1,2,4,1,2,2,1,3,3,3,1,2,2,1,2,3,4,2,1.2281575202941895,0.9017654061317444
37344,6,6,1825208,4,6,0,3,3.0,1.0,1.0,1.0,1.0,,,,,,,,,,,,,,,,,,,,,,,1,2,2,9,,1,3,3,1,2,1,3,1,8.0,3.0,6.0,,,,,1,2,4,2,1,2,1,2,1,2,2,4,1,2,3,3,2,3,2,1,2,2,1,4,3,5,9,3.2837791442871094,2.0949013233184814
37407,4,14,119360,4,7,0,3,3.0,1.0,2.0,2.0,2.0,,,,,,,,,,,,,,,,,,,,,,,1,3,2,3,3.0,2,3,2,3,3,3,2,3,,,,,,,,1,2,3,2,2,4,2,2,3,2,3,4,1,2,2,2,1,2,1,1,1,1,1,5,1,8,3,2.2396583557128906,1.2535582780838013
37417,4,15,61543,3,7,0,2,2.0,,,,,2.0,2.0,2.0,2.0,2.0,2.0,1.0,1.0,2.0,2.0,,,,4.0,9.0,,,,,,,,1,2,3,9,,2,3,3,2,2,2,3,1,2.0,8.0,,,,,,1,2,4,1,2,2,2,2,3,2,2,4,1,2,3,1,4,3,3,1,2,2,2,2,1,98,3,0.9754925966262817,1.4499083757400513
37437,6,2,3954,1,2,0,3,3.0,1.0,1.0,1.0,1.0,,,,,,,,,,,,,,,,,,,,,,,2,2,3,3,3.0,2,4,3,2,2,2,3,2,3.0,1.0,8.0,,,,,1,1,4,2,1,1,1,4,3,2,2,4,1,2,3,3,2,3,1,1,1,1,1,3,3,3,2,0.3640757203102112,0.41710540652275085
37439,6,4,139618,4,4,0,3,3.0,1.0,1.0,1.0,4.0,,,,,,,,,,,,,,,,,,,,,,,1,2,4,3,3.0,1,3,2,2,2,2,3,4,6.0,3.0,8.0,,,,,1,2,4,2,2,2,3,2,3,1,2,4,1,2,3,2,2,3,2,1,1,1,1,3,3,3,2,2.3592464923858643,1.502030611038208
37548,6,6,1825208,4,6,0,3,3.0,1.0,1.0,1.0,1.0,,,,,,,,,,,,,,,,,,,,,,,1,1,3,9,,2,2,1,3,4,2,3,2,3.0,6.0,,,,,,1,1,4,2,3,4,4,4,3,1,2,4,1,2,3,1,2,1,2,1,1,1,2,4,1,2,2,2.3592464923858643,1.502030611038208
37553,6,3,549937,4,3,0,3,3.0,1.0,1.0,2.0,1.0,,,,,,,,,,,,,,,,,,,,,,,1,2,2,3,3.0,2,1,2,3,3,2,2,1,6.0,3.0,,,,,,1,2,4,2,2,2,3,2,3,1,3,4,1,2,3,2,2,2,2,1,2,2,1,4,3,98,1,3.2837791442871094,2.0949013233184814
37627,6,14,119360,4,7,0,1,1.0,,,,,1.0,1.0,2.0,1.0,2.0,1.0,2.0,2.0,2.0,2.0,,,,1.0,3.0,5.0,6.0,,,,,,1,3,4,9,,2,3,3,2,3,3,2,4,,,,,,,,2,4,3,9,4,3,4,2,3,2,3,4,2,2,2,3,3,2,2,1,2,2,1,1,3,1,1,3.2837791442871094,8.788521766662598
37689,5,15,61543,3,7,0,1,1.0,,,,,1.0,1.0,1.0,1.0,1.0,1.0,2.0,2.0,2.0,2.0,,,,1.0,2.0,3.0,5.0,6.0,7.0,,,,1,2,4,9,,4,1,1,4,4,4,1,7,1.0,,,,,,,1,4,1,1,4,4,4,2,3,1,4,4,1,2,1,3,1,1,2,1,1,1,2,5,6,6,5,0.8547120690345764,1.7031153440475464
37782,5,6,1825208,4,6,0,3,3.0,1.0,2.0,2.0,1.0,,,,,,,,,,,,,,,,,,,,,,,1,1,3,2,2.0,3,2,2,3,3,2,2,6,3.0,8.0,,,,,,1,2,4,1,2,2,3,3,2,2,3,4,1,2,1,1,1,2,3,1,2,2,1,4,1,99,6,2.88539457321167,1.6561861038208008
37796,5,16,1758,1,8,0,3,3.0,1.0,1.0,1.0,1.0,,,,,,,,,,,,,,,,,,,,,,,2,2,4,9,,2,2,3,2,2,1,3,2,,,,,,,,2,2,4,2,2,3,2,2,3,2,2,4,1,2,2,2,1,4,2,1,1,1,1,2,1,3,2,0.3526615500450134,0.3763154149055481
37821,6,6,1825208,4,6,0,3,3.0,2.0,,,1.0,,,,,,,,,,,,,,,,,,,,,,,1,1,3,3,3.0,2,2,3,2,2,2,2,3,,,,,,,,1,2,4,1,2,2,2,3,3,2,2,4,1,2,1,2,1,3,1,1,1,1,1,5,3,8,2,2.3592464923858643,1.502030611038208
37943,4,16,252226,4,8,0,3,3.0,1.0,1.0,2.0,1.0,,,,,,,,,,,,,,,,,,,,,,,2,1,2,9,,2,3,3,2,2,3,3,3,4.0,,,,,,,1,3,3,2,2,3,3,3,3,2,3,4,2,1,3,3,2,3,2,1,1,1,1,3,1,6,3,2.2396583557128906,1.2535582780838013
38000,6,4,139618,4,4,0,3,3.0,1.0,1.0,1.0,1.0,,,,,,,,,,,,,,,,,,,,,,,2,3,2,9,,1,4,4,1,2,2,1,3,6.0,,,,,,,2,2,4,2,1,2,1,1,3,1,2,4,2,2,4,4,2,4,4,1,1,1,1,5,3,2,1,2.3592464923858643,1.502030611038208
38113,6,3,19618,2,3,0,3,3.0,1.0,1.0,1.0,1.0,,,,,,,,,,,,,,,,,,,,,,,2,1,3,3,3.0,2,2,3,2,2,2,2,1,6.0,,,,,,,2,3,4,2,3,3,1,2,3,2,3,4,1,2,3,3,2,3,2,1,1,1,1,4,3,5,9,0.42717334628105164,0.3541830778121948
38309,6,12,149564,4,3,0,3,3.0,1.0,1.0,1.0,1.0,,,,,,,,,,,,,,,,,,,,,,,1,2,2,3,3.0,3,3,2,2,1,1,3,8,3.0,,,,,,,1,1,4,2,1,1,2,4,2,2,2,4,1,2,3,2,2,1,2,1,1,1,1,4,3,3,5,2.3592464923858643,1.502030611038208
38350,6,13,441929,4,6,0,3,3.0,1.0,1.0,1.0,1.0,,,,,,,,,,,,,,,,,,,,,,,1,2,3,3,3.0,1,3,3,2,1,2,3,1,,,,,,,,2,2,4,2,2,2,2,2,3,2,2,2,2,2,2,2,2,2,2,1,1,1,1,3,3,2,1,2.3592464923858643,1.502030611038208
38368,5,4,139618,4,4,0,1,1.0,,,,,1.0,2.0,2.0,1.0,2.0,2.0,2.0,2.0,2.0,2.0,,,,3.0,5.0,,,,,,,,1,1,4,9,,2,2,3,2,2,2,2,5,,,,,,,,1,2,2,1,2,3,3,2,3,2,3,4,2,2,3,1,1,2,2,1,1,1,1,2,3,3,2,2.2852814197540283,5.685081958770752
38442,5,6,20046,3,6,0,1,1.0,,,,,2.0,1.0,2.0,2.0,2.0,2.0,2.0,2.0,2.0,2.0,,,,1.0,,,,,,,,,2,3,4,3,3.0,1,3,3,2,2,2,2,2,1.0,,,,,,,2,3,3,2,2,4,2,1,3,2,2,4,1,2,3,1,4,3,3,1,2,2,1,4,3,6,5,1.0791586637496948,2.0814619064331055
38589,6,6,1825208,4,6,0,3,3.0,1.0,1.0,1.0,1.0,,,,,,,,,,,,,,,,,,,,,,,1,2,2,3,3.0,2,3,3,2,2,1,3,1,3.0,6.0,,,,,,1,1,4,2,1,1,2,3,1,2,1,4,2,2,3,3,2,3,2,1,2,2,1,3,3,2,1,3.2837791442871094,2.0949013233184814
38670,6,6,1825208,4,6,0,3,3.0,1.0,1.0,1.0,1.0,,,,,,,,,,,,,,,,,,,,,,,1,2,2,3,3.0,1,3,4,1,2,1,3,3,6.0,,,,,,,1,1,4,2,1,1,1,4,3,2,2,4,1,2,2,1,2,2,4,1,1,1,2,4,3,3,2,2.3592464923858643,1.502030611038208
38703,6,6,1825208,4,6,0,1,1.0,,,,,2.0,2.0,1.0,2.0,1.0,2.0,2.0,2.0,2.0,2.0,,,,2.0,7.0,,,,,,,,1,2,3,9,,2,4,2,3,3,2,2,3,,,,,,,,1,2,3,1,3,3,2,3,3,2,3,4,1,2,1,2,4,1,3,1,1,1,1,5,3,3,1,2.3592464923858643,6.301305294036865
38914,4,16,8395,2,8,0,3,3.0,1.0,1.0,1.0,1.0,,,,,,,,,,,,,,,,,,,,,,,1,2,4,9,,2,2,3,2,3,2,2,1,8.0,,,,,,,2,2,4,2,1,2,3,2,3,2,3,4,1,2,2,2,2,3,3,1,1,1,1,3,1,4,3,0.4055202603340149,0.29559326171875
39002,6,6,1825208,4,6,0,3,3.0,1.0,1.0,1.0,2.0,,,,,,,,,,,,,,,,,,,,,,,1,1,3,3,3.0,2,2,2,2,3,2,1,1,3.0,2.0,,,,,,2,2,4,1,1,1,2,3,3,2,3,4,2,2,3,2,2,2,2,1,1,1,1,5,3,4,1,2.3592464923858643,1.502030611038208
39119,5,6,1825208,4,6,0,3,3.0,1.0,1.0,1.0,1.0,,,,,,,,,,,,,,,,,,,,,,,1,2,2,3,3.0,2,2,3,2,2,2,3,3,6.0,,,,,,,1,1,4,2,1,1,1,4,2,2,2,4,1,2,2,2,2,3,2,1,1,1,1,4,1,8,3,2.2852814197540283,1.3551445007324219
39203,6,7,290283,4,5,0,3,3.0,1.0,1.0,1.0,1.0,,,,,,,,,,,,,,,,,,,,,,,1,2,4,9,,2,3,1,3,2,3,3,3,,,,,,,,1,2,4,2,1,1,1,3,3,2,4,4,1,2,3,2,2,4,1,1,2,2,1,2,5,6,2,3.2837791442871094,2.0949013233184814
39223,3,4,139618,4,4,0,3,3.0,1.0,1.0,1.0,1.0,,,,,,,,,,,,,,,,,,,,,,,1,2,4,9,,2,4,3,2,3,3,3,7,4.0,3.0,,,,,,2,2,3,2,2,2,1,3,2,2,2,3,1,2,3,3,2,2,2,1,2,2,1,4,4,5,3,1.80228853225708,0.854518711566925
39273,5,6,1825208,4,6,0,2,2.0,,,,,2.0,2.0,1.0,2.0,2.0,1.0,2.0,2.0,2.0,2.0,,,,6.0,7.0,,,,,,,,1,2,4,2,2.0,3,3,3,4,4,4,3,6,5.0,,,,,,,2,1,3,1,3,3,3,3,3,2,3,4,1,2,4,3,3,2,3,1,2,2,1,2,3,2,1,2.88539457321167,6.948019981384277
39278,6,12,357,1,3,0,3,3.0,1.0,1.0,1.0,1.0,,,,,,,,,,,,,,,,,,,,,,,1,1,9,9,,2,3,4,2,2,2,2,4,,,,,,,,1,2,4,2,2,1,4,2,3,9,2,4,1,2,2,2,2,2,4,1,2,2,1,2,3,4,5,0.5067484378814697,0.5817421674728394
39719,6,6,21844,3,6,0,3,3.0,1.0,1.0,1.0,1.0,,,,,,,,,,,,,,,,,,,,,,,1,2,4,3,3.0,1,1,3,3,2,4,3,2,3.0,8.0,1.0,,,,,1,1,4,2,1,1,2,4,2,1,2,4,1,2,1,4,2,2,1,2,1,1,1,4,1,98,2,0.9102063179016113,0.6237942576408386
39722,5,4,613,1,4,0,3,3.0,1.0,1.0,2.0,1.0,,,,,,,,,,,,,,,,,,,,,,,1,3,9,9,,1,4,3,2,2,2,3,4,,,,,,,,2,3,2,2,2,2,2,2,3,1,2,4,1,2,1,3,2,1,4,1,2,2,1,4,5,1,1,0.44527024030685425,0.45991402864456177
39723,4,6,1825208,4,6,0,3,3.0,1.0,1.0,1.0,1.0,,,,,,,,,,,,,,,,,,,,,,,2,2,4,9,,2,2,3,3,4,4,1,9,,,,,,,,2,4,3,9,4,4,3,1,3,2,4,3,1,2,4,3,3,3,3,2,1,1,2,5,1,8,3,2.3102993965148926,1.2094197273254395
39724,5,6,1825208,4,6,0,2,2.0,,,,,2.0,1.0,2.0,2.0,2.0,2.0,1.0,2.0,2.0,2.0,,,,1.0,4.0,,,,,,,,3,3,4,9,,2,3,2,3,2,3,2,9,,,,,,,,2,3,3,2,2,2,2,2,3,2,3,2,1,2,2,3,2,3,2,1,1,1,1,4,1,98,1,2.2852814197540283,5.685081958770752
39725,4,3,549937,4,3,0,3,3.0,1.0,1.0,1.0,1.0,,,,,,,,,,,,,,,,,,,,,,,1,2,3,3,3.0,2,3,3,2,1,4,3,6,3.0,1.0,,,,,,2,1,4,1,2,1,1,4,2,1,2,3,1,2,2,1,3,2,2,1,1,1,1,3,1,3,1,2.2396583557128906,1.2535582780838013
39726,5,15,61543,3,7,0,2,2.0,,,,,1.0,2.0,2.0,2.0,1.0,1.0,2.0,2.0,2.0,2.0,,,,2.0,3.0,6.0,,,,,,,1,3,4,9,,2,3,2,3,3,3,2,1,,,,,,,,1,3,3,2,2,2,2,2,3,2,2,4,1,2,3,3,3,3,3,1,1,1,1,2,3,6,2,0.8547120690345764,1.7031153440475464
39727,6,2,147361,4,2,0,3,3.0,1.0,1.0,1.0,1.0,,,,,,,,,,,,,,,,,,,,,,,1,1,3,9,,1,3,3,2,2,2,4,3,6.0,8.0,1.0,,,,,1,1,4,2,1,1,1,4,3,2,2,4,1,2,2,2,2,2,2,1,2,2,1,4,3,3,2,3.2837791442871094,2.0949013233184814
39728,6,16,98883,3,8,0,3,3.0,1.0,1.0,1.0,1.0,,,,,,,,,,,,,,,,,,,,,,,1,2,3,3,3.0,2,3,3,2,1,1,3,8,4.0,1.0,3.0,,,,,1,2,4,2,1,1,1,3,3,2,3,3,1,2,1,1,1,3,4,1,1,1,1,3,3,4,2,0.8823754787445068,0.6465595364570618
39729,4,3,549937,4,3,0,3,3.0,1.0,2.0,2.0,2.0,,,,,,,,,,,,,,,,,,,,,,,1,2,3,3,3.0,2,2,2,2,2,2,2,6,,,,,,,,2,3,4,1,2,2,1,2,3,2,2,4,1,2,2,2,2,2,2,1,2,2,1,3,1,5,5,2.608217477798462,1.1536762714385986
39731,5,5,170816,4,5,0,3,3.0,1.0,1.0,1.0,1.0,,,,,,,,,,,,,,,,,,,,,,,2,1,4,9,,2,1,2,2,2,2,3,1,2.0,3.0,,,,,,1,2,4,2,1,1,1,3,1,2,2,4,2,2,3,2,3,2,3,1,2,2,1,4,2,1,6,2.88539457321167,1.6561861038208008
39732,3,17,79153,3,4,0,1,1.0,,,,,1.0,1.0,1.0,1.0,1.0,2.0,2.0,2.0,2.0,2.0,,,,1.0,2.0,3.0,5.0,7.0,,,,,2,3,4,9,,2,3,3,2,2,2,2,9,,,,,,,,2,4,3,1,3,3,4,1,3,2,2,4,1,2,4,2,2,2,2,1,2,2,1,3,1,3,1,0.6740691065788269,1.0739414691925049
39734,2,16,252226,4,8,0,3,3.0,1.0,2.0,1.0,1.0,,,,,,,,,,,,,,,,,,,,,,,1,1,3,3,3.0,2,2,3,2,1,2,2,3,8.0,6.0,2.0,4.0,1.0,,,2,2,2,2,2,1,2,2,3,2,3,1,1,2,3,2,2,1,1,2,1,1,1,4,1,3,2,2.3973331451416016,1.105239748954773
39735,6,16,98883,3,8,0,1,1.0,,,,,2.0,1.0,2.0,2.0,2.0,2.0,2.0,2.0,2.0,2.0,,,,1.0,,,,,,,,,3,3,4,9,,2,1,1,1,1,1,3,9,,,,,,,,1,2,3,2,1,2,1,1,3,2,3,2,2,2,1,1,1,4,1,1,1,1,1,2,3,4,2,0.8823754787445068,1.8877201080322266
39736,6,15,27296,3,7,0,2,2.0,,,,,2.0,2.0,2.0,2.0,2.0,1.0,1.0,2.0,2.0,2.0,,,,4.0,6.0,,,,,,,,1,2,4,9,,3,2,2,3,3,3,3,2,,,,,,,,1,2,3,2,2,2,2,3,3,2,3,4,2,2,3,2,1,2,1,1,1,1,1,3,3,2,2,0.8823754787445068,1.8877201080322266
39737,6,5,170816,4,5,0,2,2.0,,,,,1.0,1.0,1.0,1.0,1.0,1.0,2.0,2.0,2.0,2.0,,,,1.0,2.0,3.0,5.0,6.0,7.0,,,,2,3,4,1,1.0,4,1,1,4,4,4,1,1,,,,,,,,2,4,4,9,4,4,3,2,3,2,4,4,2,2,4,2,1,1,3,1,1,1,1,2,3,3,2,2.3592464923858643,6.301305294036865
39738,6,3,549937,4,3,0,3,3.0,1.0,1.0,1.0,1.0,,,,,,,,,,,,,,,,,,,,,,,1,1,2,9,,1,2,3,2,2,2,3,3,6.0,,,,,,,1,2,4,2,2,2,2,4,2,2,2,4,1,2,2,2,3,3,2,1,2,2,1,4,3,4,2,3.2837791442871094,2.0949013233184814
39739,5,16,1788,1,8,0,3,3.0,1.0,1.0,1.0,1.0,,,,,,,,,,,,,,,,,,,,,,,1,1,2,9,,2,1,1,1,1,1,3,9,,,,,,,,2,2,3,2,1,1,1,3,2,2,2,4,1,2,2,1,1,1,1,1,2,2,1,2,3,1,1,0.44527024030685425,0.45991402864456177
39740,3,6,1825208,4,6,0,3,3.0,1.0,2.0,2.0,2.0,,,,,,,,,,,,,,,,,,,,,,,1,1,3,2,2.0,3,2,1,1,2,2,2,2,,,,,,,,2,2,3,1,3,2,2,3,1,2,3,3,1,2,2,1,1,2,2,3,1,1,2,5,1,5,2,2.163032054901123,0.8598359227180481
39741,4,13,441929,4,6,0,3,3.0,1.0,1.0,1.0,1.0,,,,,,,,,,,,,,,,,,,,,,,1,1,2,1,1.0,1,2,1,1,2,2,3,5,7.0,,,,,,,2,1,4,1,1,2,1,4,1,1,1,3,1,2,1,1,1,2,2,1,1,1,1,3,1,4,2,2.2396583557128906,1.2535582780838013
39742,5,16,98883,3,8,0,3,3.0,1.0,1.0,1.0,1.0,,,,,,,,,,,,,,,,,,,,,,,1,2,3,9,,2,2,1,3,2,3,3,8,4.0,6.0,5.0,3.0,2.0,1.0,,2,2,3,2,1,1,3,4,3,1,3,4,2,2,2,1,1,4,2,1,1,1,1,3,3,2,1,0.8547120690345764,0.5833334922790527
39744,2,6,1825208,4,6,0,3,3.0,1.0,2.0,2.0,3.0,,,,,,,,,,,,,,,,,,,,,,,1,2,2,3,3.0,2,3,3,2,2,2,3,3,6.0,4.0,,,,,,1,2,4,2,2,2,2,3,3,2,2,2,1,2,3,3,3,3,3,2,1,1,1,4,1,5,2,2.3973331451416016,1.105239748954773
39745,5,12,149564,4,3,0,3,3.0,1.0,1.0,1.0,1.0,,,,,,,,,,,,,,,,,,,,,,,1,1,3,3,3.0,2,3,3,1,2,2,2,4,,,,,,,,2,3,3,2,1,2,1,2,3,2,1,4,2,2,3,2,2,2,2,1,1,1,1,3,3,2,1,2.2852814197540283,1.3551445007324219
39746,5,6,1825208,4,6,0,1,1.0,,,,,1.0,2.0,2.0,2.0,2.0,2.0,2.0,2.0,1.0,2.0,,,,3.0,8.0,,,,,,,,3,3,2,9,,2,2,2,2,3,2,2,3,,,,,,,,1,3,3,1,3,3,3,1,3,2,2,4,2,2,3,2,1,2,1,1,2,2,1,3,5,1,1,2.88539457321167,6.948019981384277
39747,4,3,549937,4,3,0,1,1.0,,,,,2.0,1.0,2.0,2.0,2.0,2.0,2.0,2.0,2.0,2.0,,,,1.0,,,,,,,,,1,1,4,9,,2,4,2,2,2,3,2,3,7.0,1.0,,,,,,2,3,3,1,2,1,1,2,3,2,1,3,1,2,2,1,2,2,3,1,1,1,1,2,3,8,2,2.2396583557128906,5.258913993835449
39749,4,16,26474,3,8,0,1,1.0,,,,,1.0,1.0,2.0,1.0,2.0,1.0,2.0,2.0,2.0,2.0,,,,1.0,3.0,5.0,6.0,,,,,,3,3,4,9,,2,3,3,2,2,2,2,2,,,,,,,,1,4,1,9,3,3,3,1,3,2,3,4,1,2,2,2,2,2,2,1,1,1,1,2,1,4,2,0.8376485109329224,1.5754419565200806
39750,4,1,49733,3,1,0,3,3.0,1.0,1.0,1.0,1.0,,,,,,,,,,,,,,,,,,,,,,,1,2,9,3,3.0,1,3,4,2,1,1,3,2,5.0,3.0,1.0,,,,,2,1,3,2,1,2,2,3,3,2,2,2,1,2,2,3,3,3,2,1,1,1,1,2,1,3,2,0.8376485109329224,0.539604127407074
39751,6,16,22612,3,8,0,3,3.0,1.0,1.0,1.0,1.0,,,,,,,,,,,,,,,,,,,,,,,1,2,4,3,3.0,1,2,2,3,2,1,3,7,1.0,8.0,3.0,,,,,1,2,4,2,1,1,1,3,3,2,2,4,1,2,3,2,3,2,2,2,1,1,1,4,3,4,1,0.9102063179016113,0.6237942576408386
39752,6,16,69265,3,8,0,3,3.0,1.0,1.0,1.0,1.0,,,,,,,,,,,,,,,,,,,,,,,1,1,9,9,,1,1,1,1,1,1,3,4,,,,,,,,2,2,4,2,2,2,2,2,3,2,2,4,2,2,3,3,3,3,3,1,1,1,1,2,3,1,1,0.8823754787445068,0.6465595364570618
39753,5,16,252226,4,8,0,2,2.0,,,,,2.0,2.0,2.0,2.0,2.0,2.0,2.0,2.0,2.0,1.0,14.0,,"IL Y AVAIT TROP T'ATTENTE, J'AVAIS PAS DE TEMPS À PERDRE",10.0,,,,,,,,,1,2,4,9,,3,2,2,3,3,3,2,3,2.0,,,,,,,2,3,3,1,3,3,3,1,3,2,3,4,1,2,4,3,3,2,2,1,1,1,1,2,3,2,1,2.2852814197540283,5.685081958770752
39754,6,12,149564,4,3,0,1,1.0,,,,,1.0,1.0,2.0,2.0,2.0,2.0,2.0,2.0,2.0,2.0,,,,1.0,3.0,,,,,,,,2,3,3,9,,1,3,3,2,2,3,3,9,,,,,,,,2,2,1,1,2,2,1,2,3,2,3,4,2,2,2,2,3,2,1,1,2,2,1,2,3,4,2,3.2837791442871094,8.788521766662598
39755,5,15,79838,3,7,0,1,1.0,,,,,1.0,2.0,2.0,1.0,1.0,1.0,2.0,2.0,2.0,2.0,,,,2.0,3.0,5.0,6.0,,,,,,1,3,4,3,3.0,2,3,3,2,2,2,2,3,,,,,,,,2,3,4,1,3,2,2,1,3,1,2,4,2,2,2,2,1,3,2,1,1,1,1,3,1,7,4,0.8547120690345764,1.7031153440475464
39756,4,16,252226,4,8,0,2,2.0,,,,,2.0,2.0,2.0,2.0,1.0,1.0,2.0,2.0,2.0,2.0,,,,2.0,6.0,,,,,,,,1,1,4,1,1.0,4,4,4,4,4,4,1,9,,,,,,,,2,1,2,2,4,4,4,2,3,2,3,2,1,2,3,4,1,3,3,1,1,1,2,4,1,2,2,2.2396583557128906,5.258913993835449
39757,5,16,15057,2,8,0,1,1.0,,,,,2.0,2.0,1.0,2.0,1.0,2.0,2.0,2.0,2.0,2.0,,,,2.0,7.0,,,,,,,,2,1,2,1,1.0,2,2,2,2,2,2,2,3,,,,,,,,2,3,1,9,3,3,3,1,1,2,3,4,2,2,2,2,2,2,2,1,1,1,1,4,3,1,1,0.4137810170650482,0.7225214242935181
39758,6,3,549937,4,3,0,1,1.0,,,,,2.0,2.0,2.0,2.0,2.0,2.0,2.0,2.0,2.0,2.0,,,,11.0,,,,,,,,,1,2,3,3,3.0,2,3,3,2,2,2,3,6,3.0,,,,,,,1,3,3,1,3,2,2,3,2,2,3,4,2,2,2,2,2,3,3,1,1,1,1,3,3,2,1,2.3592464923858643,6.301305294036865
39761,6,5,170816,4,5,0,3,3.0,2.0,,,1.0,,,,,,,,,,,,,,,,,,,,,,,1,1,2,3,3.0,1,4,2,2,2,2,3,6,5.0,2.0,,,,,,1,2,4,2,1,1,1,3,3,2,3,4,2,2,1,1,1,1,1,1,2,2,1,2,3,3,2,3.2837791442871094,2.0949013233184814
39762,1,16,9406,2,8,0,3,3.0,1.0,1.0,1.0,1.0,,,,,,,,,,,,,,,,,,,,,,,1,1,1,3,3.0,1,1,1,1,1,1,1,1,,,,,,,,1,1,3,1,1,1,1,3,1,1,1,1,2,1,1,1,1,1,1,1,2,2,1,3,4,1,1,0.3866943120956421,0.2015577256679535
39763,4,6,1825208,4,6,0,3,3.0,1.0,1.0,2.0,2.0,,,,,,,,,,,,,,,,,,,,,,,1,1,2,3,3.0,2,3,2,2,2,2,2,5,4.0,8.0,,,,,,1,2,3,9,2,2,2,2,3,2,3,2,2,2,3,2,2,3,4,2,2,2,1,3,3,1,2,2.6904830932617188,1.1130539178848267
39764,2,17,79153,3,4,0,3,3.0,1.0,2.0,2.0,1.0,,,,,,,,,,,,,,,,,,,,,,,1,2,2,3,3.0,2,3,3,2,2,2,2,3,7.0,,,,,,,2,2,2,2,2,2,2,2,3,2,2,2,2,2,2,2,3,3,1,3,2,2,2,5,1,4,3,0.5509987473487854,0.2565561830997467
39765,6,14,2194,1,7,0,1,1.0,,,,,2.0,2.0,2.0,2.0,2.0,2.0,2.0,2.0,2.0,1.0,13.0,,VOTE PAR ACCLAMATION,10.0,,,,,,,,,2,3,2,3,3.0,2,3,3,2,3,2,2,9,,,,,,,,2,2,3,2,2,2,2,2,3,1,2,2,1,2,3,2,3,3,4,1,1,1,1,4,3,3,1,0.3640757203102112,0.5264613032341003
39766,5,12,149564,4,3,0,3,3.0,1.0,1.0,1.0,1.0,,,,,,,,,,,,,,,,,,,,,,,1,1,1,3,3.0,4,2,1,4,3,4,2,5,,,,,,,,2,1,4,2,1,1,1,3,3,2,2,4,1,2,4,2,4,4,4,1,2,2,1,3,3,2,1,2.88539457321167,1.6561861038208008
39768,2,17,79153,3,4,0,3,3.0,1.0,2.0,2.0,1.0,,,,,,,,,,,,,,,,,,,,,,,2,2,3,3,3.0,2,2,2,2,2,2,2,9,,,,,,,,2,2,2,2,2,2,2,2,2,2,2,4,1,2,2,2,2,2,2,1,1,1,1,3,1,4,1,0.8692047595977783,0.4931209683418274
39769,2,3,549937,4,3,0,3,3.0,1.0,1.0,1.0,1.0,,,,,,,,,,,,,,,,,,,,,,,1,2,2,2,2.0,2,3,3,3,1,2,3,6,,,,,,,,2,3,3,2,1,2,2,2,3,2,2,2,2,2,3,3,3,3,3,1,2,2,1,3,1,3,1,1.4281843900680542,0.6177590489387512
39770,6,16,9406,2,8,0,3,3.0,1.0,1.0,1.0,1.0,,,,,,,,,,,,,,,,,,,,,,,1,1,3,9,,2,2,2,2,3,3,2,9,,,,,,,,2,2,4,2,2,2,3,3,2,2,3,4,1,2,3,3,3,3,3,1,2,2,1,2,3,4,2,0.5945723652839661,0.4939829409122467
39772,2,2,147361,4,2,0,1,1.0,,,,,1.0,2.0,2.0,2.0,2.0,1.0,2.0,2.0,2.0,2.0,,,,3.0,6.0,,,,,,,,2,3,4,9,,3,2,3,3,2,2,2,9,,,,,,,,2,4,1,9,3,3,3,1,3,2,3,3,2,2,3,3,3,3,3,1,2,2,1,2,5,2,3,1.4281843900680542,2.5916168689727783
39773,3,17,13827,2,4,0,3,3.0,1.0,2.0,2.0,2.0,,,,,,,,,,,,,,,,,,,,,,,2,1,2,9,,2,3,3,2,2,2,2,5,,,,,,,,1,2,3,1,2,2,2,3,3,2,3,3,1,2,3,3,2,3,3,2,1,1,1,3,1,2,3,0.39164605736732483,0.2027520090341568
39774,6,6,35117,3,6,0,3,3.0,1.0,1.0,1.0,2.0,,,,,,,,,,,,,,,,,,,,,,,2,1,2,9,,1,3,3,2,2,2,2,4,2.0,8.0,,,,,,1,2,4,2,2,1,2,2,3,2,2,4,1,2,2,2,2,3,3,2,2,2,1,4,5,3,6,1.2668945789337158,0.8700127601623535
39775,4,16,8104,2,8,0,3,3.0,1.0,1.0,1.0,1.0,,,,,,,,,,,,,,,,,,,,,,,3,2,2,3,3.0,2,3,3,2,2,2,3,1,5.0,,,,,,,2,2,4,2,2,2,3,3,3,2,2,4,2,2,2,2,2,3,2,1,2,2,1,2,2,2,1,0.4722529351711273,0.2720399796962738
39776,5,16,69265,3,8,0,3,3.0,1.0,1.0,1.0,1.0,,,,,,,,,,,,,,,,,,,,,,,1,3,3,9,,2,2,3,2,2,2,3,3,4.0,1.0,,,,,,2,2,4,2,2,2,2,2,3,2,2,4,1,2,3,1,1,2,2,1,1,1,1,2,5,5,3,0.8547120690345764,0.5833334922790527
39777,2,13,441929,4,6,0,3,3.0,1.0,1.0,1.0,1.0,,,,,,,,,,,,,,,,,,,,,,,1,2,2,9,,1,2,2,2,2,1,2,5,,,,,,,,2,3,2,1,2,1,1,2,2,2,2,2,2,2,2,2,1,2,2,2,1,1,1,5,1,5,1,2.3973331451416016,1.105239748954773
39778,4,17,79153,3,4,0,1,1.0,,,,,1.0,2.0,2.0,2.0,2.0,1.0,1.0,2.0,2.0,2.0,,,,3.0,4.0,6.0,,,,,,,2,3,4,3,3.0,2,2,3,2,1,2,2,9,,,,,,,,2,4,1,2,2,3,3,1,3,2,3,4,2,2,4,2,2,3,4,1,1,1,1,2,1,2,1,0.8376485109329224,1.5754419565200806
39779,4,4,49802,3,4,0,3,3.0,1.0,1.0,1.0,2.0,,,,,,,,,,,,,,,,,,,,,,,3,3,3,3,3.0,2,2,2,2,2,2,2,1,,,,,,,,2,4,4,2,2,2,2,1,3,2,2,4,1,2,2,2,2,2,2,1,2,2,1,3,1,4,2,0.9754925966262817,0.4966069459915161
39780,2,7,12551,2,5,0,3,3.0,1.0,2.0,1.0,2.0,,,,,,,,,,,,,,,,,,,,,,,2,1,2,3,3.0,2,1,2,1,2,2,3,8,1.0,,,,,,,1,2,3,2,1,2,2,3,2,1,2,2,1,1,2,2,2,2,2,2,2,2,1,1,2,1,1,0.2667480409145355,0.14054054021835327
39781,4,3,549937,4,3,0,3,3.0,1.0,1.0,1.0,1.0,,,,,,,,,,,,,,,,,,,,,,,1,1,2,3,3.0,2,2,3,2,2,2,3,5,8.0,3.0,,,,,,1,1,4,2,1,1,1,2,1,1,2,4,1,2,1,1,1,1,1,1,2,2,1,5,1,7,3,2.608217477798462,1.1536762714385986
39782,4,6,1825208,4,6,0,3,3.0,1.0,1.0,1.0,1.0,,,,,,,,,,,,,,,,,,,,,,,2,1,3,9,,3,2,2,3,2,3,3,6,3.0,,,,,,,2,3,2,2,3,2,2,3,3,2,3,4,1,2,2,1,2,1,1,2,1,1,1,4,1,2,1,2.3102993965148926,1.2094197273254395
39783,6,6,1825208,4,6,0,3,3.0,1.0,2.0,2.0,2.0,,,,,,,,,,,,,,,,,,,,,,,1,2,2,3,3.0,2,2,2,2,2,2,2,3,7.0,2.0,,,,,,1,2,2,2,2,2,2,3,2,2,2,4,1,1,2,2,2,2,2,2,1,1,1,3,3,3,2,2.433659076690674,1.4491453170776367
39784,3,6,1825208,4,6,0,3,3.0,1.0,1.0,1.0,1.0,,,,,,,,,,,,,,,,,,,,,,,1,1,3,3,3.0,2,2,2,2,1,2,2,2,4.0,1.0,,,,,,2,2,4,2,2,1,2,3,2,1,2,2,1,2,3,2,2,2,2,1,1,1,1,3,3,3,1,2.0968945026397705,0.8912164568901062
39785,3,16,90161,3,8,0,2,2.0,,,,,2.0,1.0,2.0,2.0,2.0,1.0,1.0,2.0,1.0,1.0,10.0,,JE SUIS MALADE ET CETTE JOURNÉE ÉTAIT TRÈS DIFFICILE POUR MOI,1.0,4.0,6.0,8.0,10.0,,,,,1,3,4,1,1.0,4,1,1,4,3,2,3,7,,,,,,,,1,3,4,2,3,3,3,3,3,1,3,4,2,2,3,2,3,2,3,1,2,2,1,3,2,1,1,0.6740691065788269,1.0739414691925049
39786,5,16,90161,3,8,0,1,1.0,,,,,1.0,1.0,1.0,1.0,1.0,1.0,2.0,2.0,2.0,2.0,,,,1.0,2.0,3.0,5.0,6.0,7.0,,,,3,3,4,9,,2,1,2,2,4,2,4,3,,,,,,,,2,4,1,1,3,3,3,1,3,2,2,4,1,2,4,2,2,2,2,1,1,1,1,5,1,4,3,0.8547120690345764,1.7031153440475464
39787,3,5,27576,3,5,0,3,3.0,1.0,1.0,1.0,1.0,,,,,,,,,,,,,,,,,,,,,,,1,2,1,3,3.0,1,3,4,1,1,1,3,3,1.0,2.0,,,,,,2,1,4,2,1,1,1,4,3,2,2,3,2,2,2,2,3,3,2,1,1,1,1,3,1,4,3,0.7842537760734558,0.3836304843425751
39788,4,6,1825208,4,6,0,1,1.0,,,,,2.0,1.0,2.0,2.0,2.0,2.0,1.0,2.0,2.0,2.0,,,,1.0,4.0,,,,,,,,3,3,3,3,3.0,2,3,4,2,2,2,2,1,,,,,,,,2,3,3,9,1,2,1,3,9,1,2,1,2,1,4,1,1,3,4,2,2,2,1,4,2,1,1,2.6904830932617188,4.669473648071289
39789,6,12,892,1,3,1,1,,,,,,2.0,1.0,2.0,1.0,1.0,1.0,2.0,2.0,2.0,2.0,,,,1.0,2.0,5.0,6.0,,,,,,1,3,4,9,,3,2,2,3,3,3,2,4,1.0,,,,,,,1,3,2,1,3,3,3,2,1,2,3,4,1,2,2,3,2,3,2,1,2,2,1,4,3,2,1,0.5067484378814697,0.7342579960823059
39790,3,3,549937,4,3,0,3,3.0,1.0,1.0,1.0,1.0,,,,,,,,,,,,,,,,,,,,,,,1,2,3,9,,1,2,1,2,2,3,3,3,5.0,6.0,2.0,1.0,,,,2,2,4,2,1,2,3,3,2,2,2,4,2,1,3,2,4,1,2,1,1,1,1,2,1,2,1,2.0968945026397705,0.8912164568901062
39794,3,16,22803,3,8,0,3,3.0,1.0,1.0,1.0,1.0,,,,,,,,,,,,,,,,,,,,,,,1,3,4,9,,2,2,2,2,2,2,2,2,,,,,,,,2,3,4,1,2,2,2,2,3,2,3,3,1,2,2,2,1,2,1,1,2,2,1,5,1,4,4,0.6740691065788269,0.36783263087272644
39795,5,7,11390,2,5,0,3,3.0,1.0,3.0,4.0,3.0,,,,,,,,,,,,,,,,,,,,,,,2,1,2,3,3.0,2,2,2,2,3,2,3,2,3.0,,,,,,,1,1,4,2,2,2,2,3,3,2,2,4,1,2,3,2,2,2,1,1,1,1,1,5,3,5,2,0.4137810170650482,0.3195469081401825
39796,2,13,441929,4,6,0,3,3.0,1.0,1.0,1.0,2.0,,,,,,,,,,,,,,,,,,,,,,,2,2,3,9,,2,3,3,2,2,2,3,2,,,,,,,,2,3,3,2,1,1,1,2,3,2,2,3,2,2,3,2,2,2,2,1,1,1,1,4,1,2,1,2.324031352996826,1.1455771923065186
39797,2,7,290283,4,5,0,3,3.0,1.0,1.0,2.0,2.0,,,,,,,,,,,,,,,,,,,,,,,1,2,2,1,1.0,3,2,2,2,1,2,3,3,1.0,8.0,,,,,,2,3,2,1,1,3,2,3,1,1,4,3,2,2,2,3,3,1,3,2,2,2,1,5,1,99,1,1.4732301235198975,0.596007764339447
39798,6,5,1159,1,5,0,3,3.0,1.0,2.0,2.0,2.0,,,,,,,,,,,,,,,,,,,,,,,1,1,9,3,3.0,2,2,3,2,1,2,3,2,3.0,,,,,,,2,2,4,1,2,2,2,3,2,1,3,4,1,2,3,2,2,2,2,1,1,1,1,3,3,5,5,0.3640757203102112,0.41710540652275085
39799,2,14,4280,1,7,0,3,3.0,1.0,1.0,1.0,1.0,,,,,,,,,,,,,,,,,,,,,,,2,1,3,3,3.0,1,3,3,2,1,2,3,5,4.0,,,,,,,2,2,4,1,2,1,2,2,3,2,2,4,1,2,3,2,1,2,3,1,1,1,1,2,1,5,1,0.35864144563674927,0.3181191384792328
39800,4,6,1825208,4,6,0,3,3.0,1.0,1.0,1.0,1.0,,,,,,,,,,,,,,,,,,,,,,,1,2,1,3,3.0,1,3,3,1,1,1,4,8,7.0,,,,,,,1,1,4,2,1,1,1,4,1,1,1,4,1,2,3,3,3,3,3,1,2,2,1,5,1,5,3,2.608217477798462,1.1536762714385986
39801,6,7,8315,2,5,0,3,3.0,1.0,1.0,2.0,1.0,,,,,,,,,,,,,,,,,,,,,,,1,3,9,9,,2,2,2,3,2,3,3,9,,,,,,,,2,4,3,9,3,3,2,1,3,2,4,4,1,2,3,3,2,2,3,2,1,1,2,4,1,2,1,0.4406466782093048,0.34171250462532043
39802,3,6,1825208,4,6,0,1,1.0,,,,,1.0,1.0,2.0,1.0,1.0,1.0,2.0,1.0,2.0,2.0,,,,1.0,2.0,3.0,5.0,6.0,9.0,,,,1,1,1,3,3.0,1,4,1,1,1,1,1,4,1.0,2.0,3.0,,,,,1,1,4,2,2,1,2,3,1,1,1,2,1,1,1,1,1,1,1,1,2,2,1,5,1,6,3,1.80228853225708,3.584868907928467
39803,4,16,69265,3,8,0,3,3.0,1.0,2.0,1.0,1.0,,,,,,,,,,,,,,,,,,,,,,,1,1,2,9,,3,2,2,2,2,2,3,7,,,,,,,,1,2,4,2,2,2,2,3,3,2,2,4,1,2,4,4,4,2,2,1,1,1,1,4,1,2,4,0.8376485109329224,0.539604127407074
39804,4,6,1825208,4,6,0,1,1.0,,,,,2.0,1.0,1.0,1.0,2.0,1.0,2.0,2.0,2.0,2.0,,,,1.0,5.0,6.0,7.0,,,,,,1,3,2,3,3.0,2,3,3,2,2,3,2,1,7.0,3.0,,,,,,2,2,3,2,2,1,2,2,3,2,2,4,1,2,3,2,3,1,2,2,1,1,1,3,1,5,1,2.3102993965148926,5.073747158050537
39805,5,8,33024,3,2,0,2,2.0,,,,,2.0,2.0,2.0,2.0,1.0,2.0,2.0,2.0,2.0,2.0,,,,2.0,,,,,,,,,2,3,3,9,,2,3,3,2,2,2,2,5,3.0,,,,,,,2,2,4,1,2,3,3,2,3,2,3,4,1,2,3,3,3,3,3,1,2,2,1,2,5,2,2,1.0791586637496948,2.0814619064331055
39806,2,6,1825208,4,6,0,2,2.0,,,,,1.0,1.0,2.0,2.0,1.0,1.0,2.0,2.0,1.0,2.0,,,,1.0,2.0,3.0,6.0,8.0,,,,,2,1,4,9,,4,4,4,4,4,4,1,9,,,,,,,,2,4,3,1,4,4,3,3,3,2,4,4,2,2,1,1,1,1,1,1,1,1,1,3,2,2,1,2.324031352996826,4.805914402008057
39807,5,8,33024,3,2,0,3,3.0,1.0,1.0,1.0,1.0,,,,,,,,,,,,,,,,,,,,,,,1,3,9,9,,2,2,3,2,2,2,3,3,4.0,,,,,,,2,2,4,1,1,3,2,3,3,2,2,4,1,2,3,2,2,2,2,1,1,1,1,2,1,6,2,0.8547120690345764,0.5833334922790527
39808,4,12,2552,1,3,0,1,1.0,,,,,2.0,2.0,2.0,2.0,2.0,2.0,2.0,2.0,2.0,2.0,,,,11.0,,,,,,,,,3,3,4,9,,2,2,2,2,2,2,1,9,,,,,,,,2,4,1,9,2,3,3,2,3,2,3,4,1,2,2,2,2,2,3,1,2,2,1,2,5,2,5,0.40249672532081604,0.40436068177223206
39809,2,17,79153,3,4,0,3,3.0,1.0,2.0,2.0,2.0,,,,,,,,,,,,,,,,,,,,,,,2,2,2,3,3.0,2,2,2,2,2,2,3,4,1.0,8.0,,,,,,2,2,2,2,2,2,2,2,2,9,2,3,1,2,1,2,2,1,1,1,1,1,1,4,1,7,2,0.8692047595977783,0.4931209683418274
39810,3,17,79153,3,4,0,1,1.0,,,,,1.0,1.0,2.0,2.0,2.0,1.0,1.0,2.0,2.0,2.0,,,,1.0,3.0,4.0,6.0,,,,,,2,3,3,9,,3,2,2,2,2,2,2,9,,,,,,,,1,3,1,9,2,2,2,3,3,2,2,4,2,2,3,3,2,2,3,1,1,1,1,3,1,98,3,0.7842537760734558,1.120064377784729
39811,4,17,4766,1,4,0,3,3.0,1.0,2.0,2.0,2.0,,,,,,,,,,,,,,,,,,,,,,,2,3,9,9,,2,2,1,3,2,4,3,4,2.0,1.0,,,,,,2,3,3,2,1,2,1,2,3,2,4,2,1,2,3,3,2,3,1,1,1,1,1,3,1,5,2,0.34562113881111145,0.3481054902076721
39812,2,15,79838,3,7,0,3,3.0,1.0,2.0,2.0,1.0,,,,,,,,,,,,,,,,,,,,,,,3,3,3,9,,2,2,2,2,2,2,2,9,,,,,,,,2,4,4,2,2,2,2,2,3,2,3,2,2,2,2,2,2,2,2,2,2,2,1,2,5,2,2,0.5509987473487854,0.2565561830997467
39813,3,6,1825208,4,6,0,3,3.0,1.0,2.0,2.0,2.0,,,,,,,,,,,,,,,,,,,,,,,1,1,2,3,3.0,2,2,1,2,1,2,2,3,5.0,,,,,,,1,2,2,1,1,1,1,3,3,2,2,1,2,2,2,2,2,2,3,1,1,1,1,2,1,4,2,2.0968945026397705,0.8912164568901062
39814,5,13,441929,4,6,0,3,3.0,1.0,1.0,1.0,1.0,,,,,,,,,,,,,,,,,,,,,,,1,2,3,9,,1,3,3,2,2,2,2,2,3.0,,,,,,,2,3,4,2,1,1,1,2,3,2,4,4,1,2,3,3,2,3,3,2,1,1,1,4,3,98,2,2.3573615550994873,1.307429552078247
39815,3,14,50455,3,7,0,1,1.0,,,,,1.0,1.0,2.0,2.0,2.0,2.0,1.0,2.0,2.0,2.0,,,,1.0,3.0,4.0,,,,,,,3,3,4,1,1.0,2,2,3,3,2,2,2,9,,,,,,,,2,3,2,2,2,2,3,2,3,2,3,4,2,2,3,2,2,2,2,1,9,2,1,2,2,1,1,0.6740691065788269,1.0739414691925049
39816,3,15,5988,2,7,0,3,3.0,1.0,2.0,1.0,2.0,,,,,,,,,,,,,,,,,,,,,,,2,2,2,3,3.0,2,2,1,2,1,2,3,6,2.0,,,,,,,1,2,3,2,1,1,2,3,1,1,2,3,1,2,2,1,1,2,2,1,1,1,1,5,1,4,3,0.3796708583831787,0.2101513147354126
39817,5,3,549937,4,3,0,3,3.0,1.0,2.0,2.0,2.0,,,,,,,,,,,,,,,,,,,,,,,1,1,3,3,3.0,2,3,3,2,2,2,2,3,6.0,,,,,,,2,2,4,2,2,2,2,1,3,2,2,4,1,2,3,3,2,3,3,1,1,1,1,4,1,8,2,2.2852814197540283,1.3551445007324219
39818,1,3,549937,4,3,0,3,3.0,1.0,1.0,1.0,1.0,,,,,,,,,,,,,,,,,,,,,,,2,1,2,3,3.0,3,2,3,2,2,3,2,7,4.0,3.0,6.0,,,,,1,2,2,2,3,2,2,3,2,2,3,4,2,2,2,2,2,2,2,1,1,1,1,2,1,4,1,4.087610721588135,1.8031679391860962
39819,6,16,252226,4,8,0,3,3.0,1.0,1.0,1.0,1.0,,,,,,,,,,,,,,,,,,,,,,,1,3,2,9,,1,3,2,2,2,4,3,1,8.0,,,,,,,1,2,3,2,2,1,2,4,3,1,2,4,2,2,3,1,1,1,1,1,1,1,1,3,3,3,1,2.3592464923858643,1.502030611038208
39820,6,5,170816,4,5,0,1,1.0,,,,,1.0,1.0,1.0,1.0,1.0,1.0,2.0,2.0,1.0,2.0,,,,1.0,2.0,3.0,5.0,6.0,7.0,8.0,,,2,1,4,9,,4,1,1,4,1,3,4,9,,,,,,,,1,3,3,1,3,3,2,1,3,2,3,4,1,2,3,3,3,2,4,1,1,1,1,2,3,2,1,2.3592464923858643,6.301305294036865
39821,5,6,35117,3,6,0,2,2.0,,,,,1.0,1.0,1.0,1.0,1.0,1.0,2.0,2.0,1.0,2.0,,,,1.0,2.0,3.0,5.0,6.0,7.0,8.0,,,1,3,4,9,,3,1,1,3,3,3,2,3,,,,,,,,2,4,4,2,4,3,4,2,3,2,3,3,2,2,2,3,1,1,2,2,1,1,1,4,3,2,1,0.8816702961921692,1.6431474685668945
39822,4,3,549937,4,3,0,3,3.0,1.0,1.0,1.0,1.0,,,,,,,,,,,,,,,,,,,,,,,1,1,2,9,,1,4,4,2,1,2,2,6,3.0,5.0,,,,,,2,2,4,2,1,1,1,2,3,2,1,4,2,2,4,1,2,2,2,1,1,1,1,3,1,2,1,2.2396583557128906,1.2535582780838013
39823,3,16,98883,3,8,0,3,3.0,1.0,1.0,1.0,1.0,,,,,,,,,,,,,,,,,,,,,,,1,1,3,3,3.0,2,2,2,2,2,2,3,1,3.0,2.0,4.0,,,,,1,2,2,2,2,2,2,2,2,2,3,4,1,2,2,2,2,2,2,1,1,1,1,4,1,6,3,0.7842537760734558,0.3836304843425751
39824,5,16,15109,2,8,0,3,3.0,1.0,1.0,1.0,1.0,,,,,,,,,,,,,,,,,,,,,,,1,2,2,3,3.0,1,3,3,2,1,2,3,1,2.0,,,,,,,1,2,4,2,1,2,2,3,3,2,2,4,1,2,2,2,3,4,3,1,1,1,1,2,3,3,2,0.4137810170650482,0.3195469081401825
39825,3,16,252226,4,8,0,1,1.0,,,,,2.0,2.0,2.0,2.0,2.0,2.0,2.0,2.0,2.0,2.0,,,,11.0,,,,,,,,,2,3,2,9,,2,2,2,2,2,2,2,3,,,,,,,,2,3,1,1,2,2,2,3,3,2,2,4,2,2,2,2,2,2,2,1,2,2,1,3,5,3,2,1.80228853225708,3.584868907928467
39827,5,16,252226,4,8,0,3,3.0,2.0,,,2.0,,,,,,,,,,,,,,,,,,,,,,,2,3,3,3,3.0,2,2,2,2,3,2,2,4,2.0,,,,,,,2,2,3,2,2,2,2,3,3,2,2,2,2,2,3,3,3,3,3,1,1,1,1,3,3,2,1,2.2852814197540283,1.3551445007324219
39828,4,6,1825208,4,6,0,3,3.0,1.0,1.0,1.0,1.0,,,,,,,,,,,,,,,,,,,,,,,1,2,3,3,3.0,2,3,3,2,2,2,3,8,3.0,,,,,,,1,2,4,2,1,1,2,3,3,2,1,4,1,2,3,2,3,2,2,1,2,2,1,4,1,4,6,2.608217477798462,1.1536762714385986
39829,4,16,252226,4,8,0,1,1.0,,,,,2.0,2.0,1.0,1.0,1.0,2.0,2.0,2.0,2.0,2.0,,,,2.0,5.0,7.0,,,,,,,1,2,3,3,3.0,2,2,3,2,2,2,3,6,5.0,,,,,,,2,2,3,2,2,3,2,2,2,9,3,3,2,2,3,2,2,2,2,1,2,2,2,3,1,6,3,2.608217477798462,4.839892864227295
39830,5,8,33024,3,2,0,1,1.0,,,,,1.0,2.0,2.0,2.0,2.0,2.0,2.0,2.0,2.0,1.0,97.0,,IL Y AVAIT UNE ERREUR DANS MON NOM DE FAMILLE….TROP DE NIAISAGE POUR FAIRE LA CORRECTION! ON DEVRA,3.0,10.0,,,,,,,,1,3,4,9,,2,2,1,2,4,3,2,4,,,,,,,,2,4,2,1,2,4,3,2,3,2,3,4,1,2,4,4,2,2,4,1,2,2,1,3,1,5,1,1.0791586637496948,2.0814619064331055
39831,2,6,1825208,4,6,0,3,3.0,1.0,1.0,1.0,1.0,,,,,,,,,,,,,,,,,,,,,,,1,1,3,1,1.0,3,1,2,3,3,2,3,6,,,,,,,,2,1,4,1,3,3,2,3,3,2,3,4,1,2,4,1,3,1,3,1,1,1,1,4,1,6,3,2.324031352996826,1.1455771923065186
39832,6,16,8258,2,8,0,3,3.0,1.0,1.0,1.0,1.0,,,,,,,,,,,,,,,,,,,,,,,1,1,2,3,3.0,1,4,1,1,1,1,3,5,4.0,3.0,,,,,,1,1,4,2,2,1,1,4,2,2,2,4,2,2,3,2,2,4,3,1,2,2,1,2,3,3,2,0.5945723652839661,0.4939829409122467
39833,6,16,252226,4,8,0,3,3.0,1.0,1.0,1.0,1.0,,,,,,,,,,,,,,,,,,,,,,,1,2,2,9,,4,2,1,2,2,3,3,8,,,,,,,,1,1,4,2,1,1,3,3,3,1,4,4,1,2,4,1,2,1,2,2,2,2,1,3,3,2,2,3.3873515129089355,2.021137237548828
39836,4,3,549937,4,3,0,1,1.0,,,,,2.0,2.0,2.0,2.0,2.0,1.0,1.0,1.0,2.0,2.0,,,,4.0,6.0,9.0,,,,,,,3,2,3,3,3.0,2,3,1,1,2,2,2,2,8.0,6.0,,,,,,2,2,2,2,2,1,2,3,3,2,3,4,1,2,2,3,3,3,2,1,1,1,1,4,1,8,3,2.2396583557128906,5.258913993835449
39837,3,7,290283,4,5,0,1,1.0,,,,,1.0,2.0,1.0,2.0,1.0,2.0,2.0,2.0,2.0,2.0,,,,2.0,3.0,7.0,,,,,,,2,3,2,3,3.0,2,3,1,2,1,2,2,6,4.0,,,,,,,1,3,3,1,2,1,2,3,3,2,2,4,1,2,2,2,1,3,4,1,1,1,1,3,1,7,3,2.0968945026397705,3.7388195991516113
39838,4,14,86419,3,7,0,3,3.0,1.0,2.0,2.0,2.0,,,,,,,,,,,,,,,,,,,,,,,1,1,2,3,3.0,1,2,2,2,2,2,1,8,,,,,,,,1,1,4,2,2,2,2,4,2,1,1,2,1,1,2,2,2,2,2,1,1,1,2,4,1,8,4,0.8376485109329224,0.539604127407074
39839,5,3,549937,4,3,0,3,3.0,1.0,1.0,1.0,1.0,,,,,,,,,,,,,,,,,,,,,,,1,1,3,3,3.0,1,3,3,2,2,2,3,6,3.0,,,,,,,2,1,4,2,1,2,1,4,3,1,2,4,1,2,2,3,2,3,3,1,1,1,1,4,3,6,2,2.2852814197540283,1.3551445007324219
39840,4,6,1825208,4,6,0,3,3.0,1.0,2.0,2.0,3.0,,,,,,,,,,,,,,,,,,,,,,,2,1,4,9,,3,1,2,2,3,2,3,6,3.0,8.0,,,,,,1,3,4,2,2,2,2,3,1,2,3,4,1,2,3,2,2,3,2,2,1,1,1,4,1,4,1,2.3102993965148926,1.2094197273254395
39841,5,16,98883,3,8,0,2,2.0,,,,,2.0,2.0,2.0,2.0,2.0,2.0,1.0,2.0,1.0,2.0,,,,4.0,8.0,,,,,,,,1,1,3,9,,2,3,3,2,3,2,3,8,,,,,,,,2,3,2,1,3,4,4,1,3,2,3,4,1,2,2,2,3,3,4,1,2,2,1,5,1,5,1,1.0791586637496948,2.0814619064331055
39842,3,16,90161,3,8,0,3,3.0,1.0,1.0,1.0,2.0,,,,,,,,,,,,,,,,,,,,,,,1,2,4,1,1.0,2,2,2,3,1,3,2,2,,,,,,,,2,4,4,2,1,2,2,2,3,1,4,4,2,2,3,1,3,3,4,1,1,1,2,3,1,3,3,0.7842537760734558,0.3836304843425751
39843,6,16,57302,3,8,0,3,3.0,1.0,1.0,1.0,1.0,,,,,,,,,,,,,,,,,,,,,,,1,1,1,9,,1,2,3,3,3,2,2,4,8.0,,,,,,,1,2,4,2,1,1,1,3,3,1,2,4,2,2,1,1,2,1,2,1,2,2,1,2,5,2,2,1.2281575202941895,0.9017654061317444
39844,2,6,1825208,4,6,0,3,3.0,1.0,2.0,2.0,2.0,,,,,,,,,,,,,,,,,,,,,,,1,2,4,1,1.0,3,2,1,4,3,2,2,1,6.0,7.0,,,,,,2,3,4,2,3,3,2,2,3,2,3,2,2,2,4,2,3,1,2,2,1,1,1,4,1,6,2,2.3973331451416016,1.105239748954773
39845,2,15,45467,3,7,0,3,3.0,1.0,1.0,1.0,1.0,,,,,,,,,,,,,,,,,,,,,,,2,2,2,3,3.0,2,1,2,1,2,1,2,5,4.0,,,,,,,2,2,2,2,2,1,1,3,2,2,2,3,2,2,1,2,1,2,1,1,2,2,1,2,1,2,1,0.5341512560844421,0.26591959595680237
39846,5,16,57302,3,8,0,3,3.0,1.0,1.0,1.0,1.0,,,,,,,,,,,,,,,,,,,,,,,1,2,2,3,3.0,2,2,2,2,2,2,3,3,4.0,,,,,,,1,2,4,2,1,1,1,3,3,2,3,4,1,2,3,3,3,3,3,1,2,2,1,2,3,2,2,1.0791586637496948,0.712917149066925
39847,4,14,86419,3,7,0,3,3.0,1.0,1.0,1.0,2.0,,,,,,,,,,,,,,,,,,,,,,,2,2,3,2,2.0,3,2,3,2,2,2,2,3,5.0,,,,,,,2,2,2,2,2,2,2,2,2,2,3,2,2,2,2,2,2,2,3,1,2,2,1,3,3,3,2,0.9754925966262817,0.4966069459915161
39848,4,1,6119,2,1,0,1,1.0,,,,,1.0,2.0,1.0,1.0,1.0,1.0,1.0,1.0,2.0,2.0,,,,2.0,3.0,4.0,5.0,6.0,7.0,9.0,,,3,3,4,9,,2,2,2,2,3,2,2,9,,,,,,,,2,4,4,2,2,2,2,1,3,2,2,2,2,2,3,1,3,2,2,1,2,2,1,3,1,1,6,0.4722529351711273,0.6151058077812195
39849,5,16,17403,2,8,0,3,3.0,2.0,,,1.0,,,,,,,,,,,,,,,,,,,,,,,1,1,2,3,3.0,1,3,3,1,2,3,2,1,,,,,,,,2,2,3,2,2,1,2,2,3,2,2,4,1,2,2,2,2,3,2,1,2,2,1,2,5,3,2,0.5224395394325256,0.3905333876609802
39850,3,16,24448,3,8,0,3,3.0,1.0,2.0,2.0,2.0,,,,,,,,,,,,,,,,,,,,,,,3,3,4,3,3.0,2,2,2,2,2,2,2,1,2.0,,,,,,,1,3,2,1,2,3,3,2,3,2,2,4,1,2,2,3,3,3,3,1,1,1,1,3,1,7,4,0.7842537760734558,0.3836304843425751
39851,6,16,90161,3,8,0,3,3.0,1.0,1.0,1.0,1.0,,,,,,,,,,,,,,,,,,,,,,,1,1,2,3,3.0,2,3,3,2,2,2,2,2,,,,,,,,2,3,2,2,2,3,2,2,3,2,3,4,1,2,2,2,2,2,2,1,1,1,1,2,1,3,2,0.8823754787445068,0.6465595364570618
39852,6,17,79153,3,4,0,3,3.0,1.0,2.0,1.0,2.0,,,,,,,,,,,,,,,,,,,,,,,1,2,2,3,3.0,2,3,3,2,2,1,2,1,3.0,6.0,4.0,,,,,2,2,2,2,1,1,1,2,3,2,3,4,2,2,2,2,1,2,1,1,2,2,1,2,3,3,2,1.2281575202941895,0.9017654061317444
39853,6,16,90161,3,8,0,2,2.0,,,,,2.0,1.0,1.0,1.0,2.0,1.0,2.0,2.0,1.0,2.0,,,,1.0,5.0,6.0,7.0,8.0,,,,,3,3,4,9,,3,2,2,3,3,2,2,2,1.0,,,,,,,2,3,4,1,2,2,3,2,3,2,3,4,2,2,3,1,3,3,2,2,1,1,2,3,3,2,1,0.9102063179016113,1.8212522268295288
39854,6,3,8277,2,3,0,1,1.0,,,,,2.0,2.0,2.0,1.0,1.0,1.0,2.0,2.0,2.0,2.0,,,,2.0,5.0,6.0,,,,,,,1,2,4,9,,2,4,3,2,2,2,3,1,2.0,,,,,,,2,3,2,1,2,3,4,2,3,2,3,4,1,2,2,2,2,3,2,1,2,2,1,4,3,7,2,0.5945723652839661,1.1169389486312866
39855,3,16,69265,3,8,0,3,3.0,1.0,1.0,1.0,1.0,,,,,,,,,,,,,,,,,,,,,,,1,1,2,3,3.0,2,1,2,2,1,1,2,3,,,,,,,,1,1,3,1,1,1,1,4,3,1,2,4,1,2,3,1,4,3,3,1,2,2,1,2,1,3,3,0.6740691065788269,0.36783263087272644
39857,3,8,1241,1,2,0,1,1.0,,,,,1.0,1.0,2.0,1.0,1.0,1.0,1.0,2.0,2.0,2.0,,,,1.0,2.0,3.0,4.0,5.0,6.0,,,,3,3,4,9,,2,3,2,2,2,2,2,9,,,,,,,,2,3,3,1,3,3,3,1,3,2,3,2,1,1,3,3,3,3,3,1,1,1,1,2,1,6,3,0.323589950799942,0.3123702108860016
39858,6,14,50455,3,7,0,1,1.0,,,,,1.0,1.0,1.0,2.0,1.0,2.0,2.0,1.0,1.0,2.0,,,,1.0,2.0,3.0,7.0,8.0,9.0,,,,3,3,3,3,3.0,2,2,3,2,1,2,2,3,,,,,,,,1,2,3,2,2,2,2,2,2,2,2,4,1,2,2,2,2,2,2,1,1,1,1,2,3,5,2,0.8823754787445068,1.8877201080322266
39859,2,16,2581,1,8,0,3,3.0,1.0,2.0,1.0,2.0,,,,,,,,,,,,,,,,,,,,,,,3,2,9,9,,2,4,3,2,1,2,2,1,8.0,,,,,,,1,2,4,1,2,2,1,2,3,2,2,2,1,2,3,3,3,1,3,1,2,2,1,2,5,99,3,0.22039549052715302,0.17154793441295624
39860,5,16,57302,3,8,0,3,3.0,1.0,2.0,2.0,2.0,,,,,,,,,,,,,,,,,,,,,,,2,3,3,3,3.0,2,3,2,2,3,2,2,3,8.0,,,,,,,1,2,2,2,2,3,3,3,3,2,3,4,1,2,3,2,3,2,2,1,2,2,1,2,1,3,5,1.0791586637496948,0.712917149066925
39862,5,17,6642,2,4,0,1,1.0,,,,,2.0,1.0,2.0,2.0,2.0,2.0,2.0,2.0,2.0,2.0,,,,1.0,,,,,,,,,3,3,4,9,,3,3,3,2,2,2,2,4,,,,,,,,2,2,3,2,3,3,3,2,3,2,3,2,1,2,3,3,3,2,3,1,2,2,1,2,3,2,1,0.5224395394325256,0.8830307126045227
39863,4,16,7409,2,8,0,3,3.0,1.0,1.0,1.0,2.0,,,,,,,,,,,,,,,,,,,,,,,2,2,1,3,3.0,1,3,4,2,1,2,2,1,3.0,,,,,,,1,3,4,2,1,3,3,3,3,1,2,4,1,2,3,2,2,3,2,1,1,1,1,2,1,4,3,0.4055202603340149,0.29559326171875
39864,5,3,7217,2,3,0,3,3.0,1.0,1.0,1.0,1.0,,,,,,,,,,,,,,,,,,,,,,,1,2,2,3,3.0,1,3,4,2,1,1,3,4,1.0,3.0,,,,,,2,2,3,1,2,2,3,3,3,2,2,4,1,2,2,2,2,3,3,1,2,2,1,3,3,2,1,0.5224395394325256,0.3905333876609802
39865,2,16,19183,2,8,0,3,3.0,1.0,2.0,3.0,2.0,,,,,,,,,,,,,,,,,,,,,,,2,2,3,3,3.0,2,2,3,4,2,2,2,3,2.0,,,,,,,2,3,2,9,2,2,3,2,3,2,3,4,1,2,2,2,3,3,3,1,2,2,1,4,1,4,2,0.2585919201374054,0.14566975831985474
39866,6,16,50626,3,8,0,3,3.0,1.0,1.0,1.0,1.0,,,,,,,,,,,,,,,,,,,,,,,1,1,2,3,3.0,1,4,4,1,1,1,4,2,3.0,,,,,,,1,2,4,2,1,1,2,3,2,2,2,4,1,1,2,4,4,3,1,1,1,1,1,4,3,4,2,0.8823754787445068,0.6465595364570618
39867,5,4,49802,3,4,0,3,3.0,2.0,,,2.0,,,,,,,,,,,,,,,,,,,,,,,1,2,9,9,,2,2,2,2,2,2,3,3,,,,,,,,2,1,3,2,3,2,2,2,3,1,2,4,1,2,3,3,1,2,1,1,1,1,1,2,3,3,1,0.8547120690345764,0.5833334922790527
39868,2,16,1477,1,8,0,1,1.0,,,,,1.0,1.0,2.0,1.0,1.0,2.0,1.0,2.0,2.0,2.0,,,,1.0,2.0,3.0,4.0,5.0,,,,,3,3,4,1,1.0,2,2,3,2,2,2,2,4,2.0,,,,,,,1,3,1,9,3,3,2,1,2,2,2,2,2,2,2,1,1,1,4,1,2,2,1,3,1,5,3,0.22039549052715302,0.21652396023273468
39869,4,3,7217,2,3,0,3,3.0,1.0,1.0,1.0,2.0,,,,,,,,,,,,,,,,,,,,,,,1,1,2,3,3.0,2,3,3,1,2,1,3,2,1.0,7.0,5.0,,,,,1,1,4,2,1,1,1,3,3,2,2,4,1,2,2,2,3,3,3,1,2,2,1,3,1,3,1,0.4722529351711273,0.2720399796962738
39870,3,16,19183,2,8,0,2,2.0,,,,,1.0,1.0,1.0,1.0,1.0,1.0,1.0,1.0,1.0,2.0,,,,1.0,2.0,3.0,4.0,5.0,6.0,7.0,8.0,9.0,2,2,2,2,2.0,2,2,2,2,2,1,2,7,5.0,,,,,,,2,2,2,2,1,2,3,2,2,2,2,2,1,2,2,2,2,2,2,2,1,1,1,5,1,98,4,0.39164605736732483,0.4584394693374634
39871,6,6,20046,3,6,0,3,3.0,1.0,1.0,1.0,1.0,,,,,,,,,,,,,,,,,,,,,,,1,2,2,9,,1,3,3,2,2,2,3,1,3.0,,,,,,,1,2,4,2,2,2,2,2,3,2,2,4,1,2,2,2,2,2,2,1,1,1,1,3,3,3,2,0.8823754787445068,0.6465595364570618
39873,4,4,49802,3,4,0,3,3.0,1.0,2.0,2.0,2.0,,,,,,,,,,,,,,,,,,,,,,,1,2,3,9,,2,2,3,2,2,2,2,3,1.0,7.0,,,,,,2,2,4,2,2,2,2,2,9,9,2,3,2,2,2,2,2,2,2,2,2,2,1,3,9,98,2,1.0062602758407593,0.4791215658187866
39874,2,4,7158,2,4,1,2,,,,,,1.0,2.0,2.0,2.0,2.0,2.0,2.0,2.0,2.0,2.0,,,,3.0,,,,,,,,,1,1,3,1,1.0,3,3,2,3,3,2,2,1,,,,,,,,2,3,3,1,3,3,3,3,3,2,3,4,1,2,3,2,3,3,2,1,1,1,1,2,1,2,1,0.4207970201969147,0.6107873916625977
39875,6,16,50626,3,8,0,1,1.0,,,,,1.0,2.0,2.0,2.0,2.0,2.0,2.0,2.0,2.0,2.0,,,,3.0,,,,,,,,,3,3,4,9,,2,2,2,2,2,2,2,1,,,,,,,,2,4,2,1,3,3,3,1,3,2,3,4,1,2,3,3,3,3,3,1,2,2,1,2,3,3,2,1.2281575202941895,2.6328203678131104
39876,2,3,16723,2,3,0,3,3.0,1.0,1.0,1.0,1.0,,,,,,,,,,,,,,,,,,,,,,,2,1,3,3,3.0,1,3,2,2,2,3,2,7,5.0,3.0,,,,,,2,4,3,1,2,2,3,2,3,2,3,2,2,2,2,2,2,3,2,2,1,1,1,3,1,2,1,0.43406933546066284,0.26061850786209106
39877,3,15,10367,2,7,0,2,2.0,,,,,1.0,1.0,2.0,1.0,1.0,1.0,2.0,2.0,2.0,2.0,,,,1.0,2.0,3.0,5.0,6.0,,,,,2,3,4,1,1.0,2,2,2,3,3,2,4,1,,,,,,,,2,3,3,1,2,3,2,2,3,2,3,4,1,2,2,2,3,3,4,1,2,2,1,3,1,7,3,0.3263285458087921,0.45560455322265625
39878,6,15,17726,2,7,0,1,1.0,,,,,2.0,1.0,2.0,2.0,2.0,2.0,2.0,2.0,2.0,2.0,,,,1.0,,,,,,,,,1,3,4,9,,4,2,2,2,1,4,2,3,,,,,,,,2,2,4,1,1,4,4,2,3,2,3,4,1,2,2,4,1,2,1,1,2,2,1,2,3,98,2,0.5945723652839661,1.1169389486312866
39879,3,16,8104,2,8,0,1,1.0,,,,,2.0,1.0,2.0,2.0,2.0,2.0,2.0,2.0,2.0,2.0,,,,1.0,,,,,,,,,3,3,4,9,,2,3,3,2,2,2,3,9,,,,,,,,2,2,3,1,1,2,1,1,3,2,3,3,1,2,2,2,3,2,3,1,2,2,1,4,1,6,3,0.3263285458087921,0.45560455322265625
39880,2,15,4545,1,7,0,3,3.0,1.0,2.0,2.0,2.0,,,,,,,,,,,,,,,,,,,,,,,2,2,9,3,3.0,2,2,2,2,2,2,2,2,,,,,,,,1,2,3,2,3,2,2,2,2,2,2,4,1,2,3,2,2,2,2,1,2,2,1,4,1,6,1,0.22039549052715302,0.17154793441295624
39881,6,15,11112,2,7,0,3,3.0,1.0,1.0,1.0,1.0,,,,,,,,,,,,,,,,,,,,,,,3,3,4,9,,3,2,2,2,2,2,3,9,,,,,,,,2,2,3,1,2,3,2,2,2,1,2,4,1,2,2,2,2,2,2,2,1,1,1,4,1,5,2,0.4406466782093048,0.34171250462532043
39882,5,16,1758,1,8,0,3,3.0,1.0,2.0,2.0,1.0,,,,,,,,,,,,,,,,,,,,,,,1,2,2,9,,3,2,1,3,3,2,3,8,1.0,,,,,,,1,2,4,2,1,2,2,3,3,1,3,3,1,2,4,3,3,2,3,1,2,2,1,3,3,2,1,0.44527024030685425,0.45991402864456177
39883,6,16,7409,2,8,0,3,3.0,1.0,1.0,2.0,1.0,,,,,,,,,,,,,,,,,,,,,,,1,3,9,9,,2,3,2,2,3,2,2,2,4.0,8.0,,,,,,1,3,4,2,2,1,2,2,1,2,3,2,1,2,3,3,2,1,2,1,1,1,1,4,3,3,2,0.42717334628105164,0.3541830778121948
39884,4,1,1558,1,1,0,3,3.0,1.0,1.0,1.0,1.0,,,,,,,,,,,,,,,,,,,,,,,1,1,4,9,,1,1,1,1,1,1,4,8,,,,,,,,1,2,2,1,1,1,1,2,3,2,3,4,1,2,1,1,1,1,1,1,2,2,1,3,1,5,3,0.40249672532081604,0.32036837935447693
39885,5,14,11086,2,7,0,1,1.0,,,,,2.0,2.0,2.0,2.0,2.0,2.0,2.0,2.0,2.0,1.0,19.0,,JE VOTE PAS,10.0,,,,,,,,,3,3,4,9,,2,3,2,2,3,2,2,9,,,,,,,,2,4,2,1,4,4,4,1,3,2,4,4,1,2,3,3,3,3,2,1,2,2,1,2,3,3,2,0.5224395394325256,0.8830307126045227
39886,3,16,2026,1,8,0,1,1.0,,,,,2.0,1.0,2.0,1.0,2.0,2.0,2.0,2.0,2.0,1.0,20.0,,LES VOTES DEVRAIENT ÊTRE FAITS DE FAÇON ÉLECTRONIQUE,1.0,5.0,10.0,,,,,,,2,3,4,3,3.0,2,3,3,2,2,2,3,2,1.0,,,,,,,1,3,3,1,3,2,1,2,3,2,2,3,1,2,3,2,1,3,3,1,2,2,1,3,1,7,3,0.2781267762184143,0.29950815439224243
39887,5,16,1788,1,8,0,3,3.0,1.0,1.0,1.0,1.0,,,,,,,,,,,,,,,,,,,,,,,1,2,4,3,3.0,2,3,3,2,2,2,2,2,,,,,,,,1,2,3,2,2,3,3,2,3,2,3,4,1,2,3,2,2,3,2,1,2,2,1,2,3,2,2,0.44527024030685425,0.45991402864456177
39888,3,2,2062,1,2,0,3,3.0,1.0,1.0,1.0,1.0,,,,,,,,,,,,,,,,,,,,,,,1,1,4,3,3.0,1,3,4,1,1,1,3,1,8.0,2.0,,,,,,1,2,3,2,1,1,3,1,3,2,2,2,1,2,2,2,2,2,3,1,2,2,1,4,1,5,3,0.2781267762184143,0.23729513585567474
39889,5,1,3128,1,1,0,3,3.0,1.0,1.0,1.0,1.0,,,,,,,,,,,,,,,,,,,,,,,1,2,2,3,3.0,1,4,3,1,1,1,2,8,3.0,1.0,4.0,,,,,1,1,4,2,1,1,1,3,3,2,1,4,1,2,3,2,3,3,2,1,1,1,1,3,1,6,3,0.3526615500450134,0.3763154149055481
39890,5,1,2469,1,1,0,3,3.0,1.0,1.0,1.0,1.0,,,,,,,,,,,,,,,,,,,,,,,2,2,3,3,3.0,2,3,3,2,2,2,3,3,2.0,5.0,,,,,,2,2,4,1,2,2,2,3,3,2,3,4,1,2,2,2,2,3,3,1,1,1,1,3,3,4,2,0.3526615500450134,0.3763154149055481
39891,6,4,7158,2,4,1,2,,,,,,1.0,1.0,2.0,1.0,1.0,2.0,2.0,2.0,2.0,2.0,,,,1.0,2.0,3.0,5.0,,,,,,2,3,4,9,,2,2,2,2,3,2,1,1,,,,,,,,2,3,3,1,3,2,2,3,3,2,3,4,2,2,1,1,1,1,1,1,1,1,1,1,3,2,2,0.42717334628105164,0.800839364528656
39892,6,16,17371,2,8,0,3,3.0,1.0,1.0,1.0,1.0,,,,,,,,,,,,,,,,,,,,,,,1,3,3,9,,2,3,3,1,2,2,2,5,3.0,,,,,,,1,1,4,1,1,1,1,3,1,2,2,4,1,2,3,2,1,3,2,1,1,1,1,4,3,3,1,0.42717334628105164,0.3541830778121948
39893,4,5,3889,1,5,0,3,3.0,1.0,1.0,1.0,1.0,,,,,,,,,,,,,,,,,,,,,,,3,3,3,3,3.0,2,2,2,2,2,2,3,4,,,,,,,,2,2,2,2,1,1,1,4,2,2,3,4,1,2,2,2,2,2,2,2,2,2,1,4,1,5,2,0.4151917099952698,0.30908820033073425
39894,6,2,9874,2,2,0,3,3.0,1.0,1.0,1.0,1.0,,,,,,,,,,,,,,,,,,,,,,,1,2,3,3,3.0,2,3,3,2,2,2,2,8,3.0,,,,,,,1,3,4,2,2,2,2,2,3,2,3,4,1,2,3,2,2,3,2,1,2,2,1,3,3,98,2,0.5945723652839661,0.4939829409122467
39895,5,16,8258,2,8,0,3,3.0,1.0,1.0,1.0,1.0,,,,,,,,,,,,,,,,,,,,,,,2,1,4,1,1.0,1,3,3,1,1,2,2,8,1.0,4.0,,,,,,1,3,4,1,2,2,2,2,3,2,3,4,1,2,4,2,2,1,3,2,1,1,1,2,3,4,2,0.4268319010734558,0.3082956075668335
39896,4,12,1655,1,3,1,3,,1.0,1.0,1.0,1.0,,,,,,,,,,,,,,,,,,,,,,,1,1,2,3,3.0,2,3,3,2,2,2,2,5,,,,,,,,2,2,4,2,2,3,2,2,3,2,2,4,1,2,3,2,2,2,2,1,2,2,1,3,1,7,3,0.40249672532081604,0.32036837935447693
39897,6,7,778,1,5,0,3,3.0,1.0,1.0,1.0,2.0,,,,,,,,,,,,,,,,,,,,,,,1,2,1,3,3.0,1,4,4,1,2,1,2,8,4.0,,,,,,,1,1,4,2,1,1,1,4,1,1,1,4,1,1,1,4,1,4,3,1,1,1,1,2,1,4,2,0.3640757203102112,0.41710540652275085
39898,2,16,9406,2,8,0,3,3.0,1.0,1.0,1.0,2.0,,,,,,,,,,,,,,,,,,,,,,,2,1,3,3,3.0,2,3,3,1,2,2,2,2,4.0,5.0,,,,,,1,2,4,2,1,1,2,3,2,2,3,3,1,2,1,1,2,2,1,1,2,2,1,3,1,7,3,0.2585919201374054,0.14566975831985474
39899,2,16,9306,2,8,0,1,1.0,,,,,2.0,1.0,2.0,1.0,2.0,2.0,2.0,2.0,2.0,2.0,,,,1.0,5.0,,,,,,,,1,3,4,9,,2,1,2,2,3,2,1,9,,,,,,,,2,3,4,2,2,2,1,1,3,2,3,2,1,2,3,2,1,2,3,1,2,2,1,4,5,3,3,0.2585919201374054,0.3293706476688385
39900,2,8,12721,2,2,0,1,1.0,,,,,2.0,1.0,1.0,2.0,2.0,1.0,1.0,2.0,2.0,2.0,,,,1.0,4.0,6.0,7.0,,,,,,2,3,4,1,1.0,2,3,3,1,3,3,2,3,,,,,,,,2,3,1,2,2,3,1,1,1,2,3,4,2,2,4,4,3,4,4,1,2,2,1,3,1,4,4,0.2585919201374054,0.3293706476688385
39901,4,16,7162,2,8,0,3,3.0,1.0,1.0,1.0,1.0,,,,,,,,,,,,,,,,,,,,,,,3,3,9,9,,1,3,3,1,2,2,3,1,,,,,,,,2,3,4,2,2,2,2,2,3,2,2,4,1,2,3,2,3,3,3,1,2,2,1,3,1,5,2,0.4722529351711273,0.2720399796962738
39902,4,3,8098,2,3,0,3,3.0,1.0,2.0,2.0,1.0,,,,,,,,,,,,,,,,,,,,,,,2,3,3,9,,2,3,3,2,2,1,3,1,3.0,,,,,,,1,2,4,2,1,1,1,2,3,1,2,4,1,2,4,3,2,3,3,1,1,1,1,4,1,7,3,0.4055202603340149,0.29559326171875
39904,3,12,4035,1,3,0,2,2.0,,,,,2.0,2.0,2.0,2.0,2.0,2.0,2.0,1.0,1.0,2.0,,,,8.0,9.0,,,,,,,,2,1,4,9,,2,2,2,3,2,3,3,1,3.0,,,,,,,2,2,3,2,2,2,1,2,3,1,2,2,2,2,3,3,2,3,3,1,2,2,1,2,1,2,4,0.2781267762184143,0.29950815439224243
39906,6,16,13441,2,8,0,3,3.0,1.0,1.0,1.0,1.0,,,,,,,,,,,,,,,,,,,,,,,1,2,2,9,,1,3,2,2,2,3,2,1,8.0,,,,,,,1,1,4,2,1,1,1,3,3,2,2,3,1,2,3,1,2,2,2,2,2,2,1,3,3,2,1,0.6133255362510681,0.4765899181365967
39907,6,2,2062,1,2,0,3,3.0,1.0,1.0,1.0,1.0,,,,,,,,,,,,,,,,,,,,,,,1,1,2,3,3.0,1,4,4,1,2,2,3,8,,,,,,,,1,1,4,2,1,1,1,4,2,2,1,4,1,1,3,2,2,3,3,1,1,1,1,3,3,3,2,0.3640757203102112,0.41710540652275085
39908,4,16,17403,2,8,0,2,2.0,,,,,2.0,2.0,2.0,2.0,2.0,2.0,2.0,1.0,2.0,1.0,10.0,,J’ÉTAIS MALADE,9.0,10.0,,,,,,,,2,1,3,9,,2,2,3,2,3,2,2,2,4.0,,,,,,,1,3,4,2,1,1,1,2,3,2,3,4,1,2,3,2,2,3,2,1,2,2,1,4,1,5,1,0.4722529351711273,0.6151058077812195
39909,6,15,17726,2,7,0,1,1.0,,,,,2.0,2.0,2.0,2.0,2.0,2.0,1.0,1.0,2.0,2.0,,,,4.0,9.0,,,,,,,,1,2,3,9,,3,3,3,3,2,3,3,8,5.0,,,,,,,1,2,2,2,2,3,3,3,3,2,3,4,1,2,2,1,2,3,2,1,2,2,1,3,3,2,1,0.5945723652839661,1.1169389486312866
39911,3,4,4589,1,4,0,3,3.0,1.0,1.0,1.0,1.0,,,,,,,,,,,,,,,,,,,,,,,1,1,1,1,1.0,1,2,1,2,2,1,1,1,,,,,,,,1,1,4,1,1,1,2,4,1,1,2,2,1,1,1,2,2,2,1,1,2,2,1,4,1,5,3,0.2781267762184143,0.23729513585567474
39912,6,3,1864,1,3,0,3,3.0,1.0,1.0,1.0,1.0,,,,,,,,,,,,,,,,,,,,,,,1,2,2,3,3.0,1,4,3,2,2,2,2,5,3.0,4.0,1.0,2.0,,,,1,2,4,2,1,2,1,4,1,2,2,4,1,2,2,1,3,3,2,1,2,2,1,2,3,3,2,0.5067484378814697,0.5817421674728394
39914,5,16,31447,3,8,0,1,1.0,,,,,1.0,2.0,2.0,1.0,2.0,1.0,2.0,2.0,2.0,2.0,,,,3.0,5.0,6.0,,,,,,,3,3,4,3,3.0,2,3,3,2,3,2,2,9,,,,,,,,2,4,2,1,2,4,3,2,2,2,2,4,1,2,2,2,2,4,2,1,1,1,1,4,1,98,2,0.8547120690345764,1.7031153440475464
39915,5,14,14683,2,7,0,1,1.0,,,,,1.0,1.0,1.0,1.0,1.0,1.0,2.0,2.0,1.0,2.0,,,,1.0,2.0,3.0,5.0,6.0,7.0,8.0,,,2,3,9,9,,2,2,2,2,2,2,3,9,,,,,,,,1,2,2,2,2,2,2,1,3,2,2,4,1,2,2,2,2,2,2,1,2,2,1,2,1,3,5,0.5224395394325256,0.8830307126045227
39917,1,14,4072,1,7,0,3,3.0,1.0,1.0,1.0,1.0,,,,,,,,,,,,,,,,,,,,,,,1,2,2,9,,1,2,3,3,2,2,4,8,2.0,6.0,5.0,3.0,,,,1,2,2,1,2,2,3,1,2,9,3,3,2,2,3,2,2,3,3,1,2,2,1,4,9,3,1,0.32957592606544495,0.2373657077550888
39918,3,14,4601,1,7,0,3,3.0,1.0,2.0,2.0,1.0,,,,,,,,,,,,,,,,,,,,,,,1,2,3,3,3.0,3,1,1,3,3,3,4,5,2.0,1.0,4.0,,,,,2,3,4,2,3,3,3,3,3,2,2,3,1,2,2,1,1,1,1,1,1,1,1,5,1,4,2,0.323589950799942,0.24748627841472626
39919,5,15,14129,2,7,0,1,1.0,,,,,2.0,2.0,2.0,2.0,2.0,2.0,2.0,1.0,2.0,2.0,,,,9.0,,,,,,,,,1,2,4,3,3.0,2,2,2,2,2,2,2,8,,,,,,,,1,2,4,2,1,1,1,2,1,2,2,4,1,2,2,2,2,3,3,1,1,1,2,5,1,8,2,0.4137810170650482,0.7225214242935181
39920,6,1,1313,1,1,0,2,2.0,,,,,2.0,2.0,2.0,2.0,2.0,2.0,2.0,2.0,2.0,1.0,13.0,,TOUS ÉLUS PAR ACCLAMATION,10.0,,,,,,,,,1,3,3,3,3.0,2,4,3,2,2,2,2,9,,,,,,,,2,2,3,2,2,2,2,2,3,2,2,4,1,2,2,2,2,3,2,1,1,1,1,2,1,3,2,0.3640757203102112,0.5264613032341003
39921,4,11,12320,2,1,0,3,3.0,1.0,1.0,1.0,1.0,,,,,,,,,,,,,,,,,,,,,,,1,3,2,3,3.0,2,3,2,2,2,2,1,9,,,,,,,,2,2,4,2,1,1,1,2,3,9,2,2,1,2,3,2,2,2,4,1,2,2,1,3,1,5,2,0.4722529351711273,0.2720399796962738
39922,3,3,549937,4,3,0,3,3.0,1.0,1.0,1.0,2.0,,,,,,,,,,,,,,,,,,,,,,,1,2,2,1,1.0,3,3,3,3,2,2,3,3,8.0,5.0,1.0,,,,,1,2,3,1,1,2,2,2,2,2,3,2,2,2,3,3,3,3,2,1,2,2,1,3,1,6,1,1.80228853225708,0.854518711566925
39923,4,7,12551,2,5,0,3,3.0,1.0,1.0,2.0,1.0,,,,,,,,,,,,,,,,,,,,,,,1,3,4,3,3.0,1,4,3,1,1,2,3,5,1.0,4.0,,,,,,2,2,4,2,1,1,2,2,1,1,2,4,1,1,2,2,2,2,4,2,1,1,1,4,1,4,4,0.4183107316493988,0.2851848900318146
39924,4,4,7158,2,4,1,3,,1.0,1.0,1.0,1.0,,,,,,,,,,,,,,,,,,,,,,,2,2,3,3,3.0,2,4,3,1,1,2,3,4,2.0,3.0,,,,,,1,2,4,2,1,2,3,2,3,2,1,4,1,2,3,2,1,2,2,1,1,1,1,2,1,6,2,0.4055202603340149,0.29559326171875
39925,6,3,4414,1,3,0,3,3.0,1.0,1.0,1.0,1.0,,,,,,,,,,,,,,,,,,,,,,,1,2,2,9,,2,3,3,2,2,2,2,2,,,,,,,,1,2,4,2,1,2,2,3,3,2,2,4,2,2,3,1,3,3,3,1,2,2,1,2,3,98,2,0.5067484378814697,0.5817421674728394
39926,3,14,6629,2,7,0,3,3.0,1.0,1.0,1.0,2.0,,,,,,,,,,,,,,,,,,,,,,,2,2,3,2,2.0,2,2,2,2,2,2,2,1,,,,,,,,1,2,3,2,2,2,2,2,3,2,3,4,1,2,4,2,2,3,3,1,2,2,1,2,1,3,2,0.3263285458087921,0.20149792730808258
39927,6,12,2177,1,3,0,1,1.0,,,,,2.0,1.0,2.0,1.0,2.0,2.0,2.0,2.0,1.0,2.0,,,,1.0,5.0,8.0,,,,,,,1,3,3,3,3.0,2,3,2,2,1,2,2,2,,,,,,,,2,2,4,2,1,1,1,2,3,2,2,4,1,2,3,2,3,3,3,1,2,2,1,2,3,1,1,0.5067484378814697,0.7342579960823059
39928,6,14,1745,1,7,0,3,3.0,1.0,1.0,1.0,1.0,,,,,,,,,,,,,,,,,,,,,,,1,1,1,3,3.0,2,1,1,3,4,4,3,8,,,,,,,,1,2,4,2,3,2,2,3,2,2,3,4,1,2,1,1,1,1,3,1,2,2,1,3,3,5,2,0.5067484378814697,0.5817421674728394
39929,6,7,12551,2,5,0,3,3.0,1.0,2.0,2.0,1.0,,,,,,,,,,,,,,,,,,,,,,,1,1,9,9,,4,3,3,2,2,3,2,8,1.0,,,,,,,1,2,4,1,3,3,2,2,3,1,3,4,1,2,1,1,2,2,3,1,1,1,2,5,1,8,2,0.42717334628105164,0.3541830778121948
39930,5,12,892,1,3,1,1,,,,,,2.0,2.0,2.0,2.0,2.0,1.0,2.0,2.0,2.0,2.0,,,,6.0,,,,,,,,,2,3,3,3,3.0,1,2,3,3,3,2,4,9,,,,,,,,2,2,3,1,2,4,3,1,1,2,2,2,2,2,3,3,3,1,3,1,1,1,1,3,3,2,1,0.3526615500450134,0.4749772846698761
39931,3,12,1521,1,3,0,3,3.0,1.0,1.0,2.0,1.0,,,,,,,,,,,,,,,,,,,,,,,1,1,3,9,,1,3,3,1,2,1,3,8,,,,,,,,1,3,4,2,1,2,2,2,3,1,4,4,1,2,2,3,2,2,3,1,2,2,1,3,1,5,3,0.2781267762184143,0.23729513585567474
39932,5,14,4601,1,7,0,1,1.0,,,,,2.0,1.0,2.0,2.0,2.0,2.0,2.0,2.0,2.0,2.0,,,,1.0,,,,,,,,,3,3,4,9,,2,3,2,2,2,2,2,9,,,,,,,,2,3,2,9,3,3,3,1,3,2,3,3,1,2,3,2,2,2,2,1,2,2,1,2,3,2,2,0.44527024030685425,0.5804934501647949
39933,1,7,2518,1,5,0,2,2.0,,,,,2.0,1.0,2.0,1.0,2.0,2.0,1.0,1.0,2.0,2.0,,,,1.0,4.0,5.0,9.0,,,,,,3,3,4,9,,2,3,3,2,2,4,1,9,,,,,,,,2,2,4,2,1,1,1,2,3,1,3,1,2,1,3,3,2,3,3,1,2,2,1,2,4,1,2,0.32957592606544495,0.2995974123477936
39934,3,11,1404,1,1,0,3,3.0,1.0,3.0,3.0,1.0,,,,,,,,,,,,,,,,,,,,,,,1,2,9,1,1.0,4,2,2,3,3,2,1,1,2.0,,,,,,,1,2,4,1,2,3,3,3,3,1,4,4,1,1,2,2,2,4,1,1,2,2,1,4,1,6,1,0.2781267762184143,0.23729513585567474
39935,5,16,3818,1,8,0,1,1.0,,,,,2.0,2.0,2.0,2.0,2.0,2.0,1.0,2.0,2.0,2.0,,,,4.0,,,,,,,,,2,2,2,3,3.0,2,2,2,2,2,2,2,4,,,,,,,,2,2,2,9,2,2,2,2,3,2,3,4,1,2,2,2,2,2,2,1,1,1,1,9,3,1,2,0.3526615500450134,0.4749772846698761
39936,2,9,806,1,2,0,2,2.0,,,,,1.0,2.0,2.0,2.0,2.0,1.0,1.0,1.0,1.0,2.0,,,,3.0,4.0,6.0,8.0,9.0,,,,,1,1,1,1,1.0,1,3,3,2,1,4,1,3,,,,,,,,1,1,2,1,2,3,1,2,1,1,1,2,1,1,4,2,3,1,2,2,2,2,1,3,1,5,3,0.22734686732292175,0.20890000462532043
39937,4,12,1655,1,3,1,1,,,,,,1.0,1.0,1.0,1.0,1.0,1.0,2.0,2.0,2.0,2.0,,,,1.0,2.0,3.0,5.0,6.0,7.0,,,,3,3,4,9,,3,3,2,2,3,2,2,9,,,,,,,,2,3,2,1,1,2,2,2,3,2,3,3,1,2,3,2,3,3,4,1,2,2,1,2,1,5,2,0.40249672532081604,0.40436068177223206
39938,5,3,549937,4,3,0,3,3.0,1.0,1.0,1.0,1.0,,,,,,,,,,,,,,,,,,,,,,,1,2,2,3,3.0,1,3,4,2,1,3,3,4,1.0,3.0,6.0,,,,,2,1,4,2,2,2,3,3,3,1,2,4,1,2,2,1,2,1,2,1,1,1,1,5,3,4,1,2.2852814197540283,1.3551445007324219
39939,2,15,4467,1,7,0,3,3.0,1.0,2.0,2.0,2.0,,,,,,,,,,,,,,,,,,,,,,,2,1,2,3,3.0,2,2,2,2,2,2,2,4,,,,,,,,1,2,2,2,2,2,2,3,3,2,2,3,1,2,3,2,3,3,3,1,2,2,1,2,1,6,3,0.22039549052715302,0.17154793441295624
39940,1,15,3684,1,7,1,2,,,,,,2.0,2.0,1.0,2.0,2.0,1.0,1.0,2.0,1.0,2.0,,,,4.0,6.0,7.0,8.0,,,,,,1,3,4,9,,2,2,3,3,3,3,1,9,,,,,,,,2,4,2,1,4,2,4,1,3,2,3,2,2,2,3,3,3,3,4,1,2,2,1,2,1,6,2,0.32957592606544495,0.2995974123477936
39941,6,5,3889,1,5,0,3,3.0,1.0,1.0,1.0,1.0,,,,,,,,,,,,,,,,,,,,,,,1,2,2,3,3.0,2,3,3,2,2,2,3,4,,,,,,,,1,2,4,2,2,1,2,3,1,1,2,4,1,2,3,3,2,3,3,1,1,1,1,2,3,2,2,0.3640757203102112,0.41710540652275085
39942,5,12,1655,1,3,1,3,,1.0,4.0,4.0,1.0,,,,,,,,,,,,,,,,,,,,,,,1,1,2,3,3.0,2,2,2,2,2,2,3,1,2.0,,,,,,,2,1,4,1,2,2,2,3,3,2,2,4,2,2,2,2,3,3,3,1,1,1,1,2,1,4,2,0.3526615500450134,0.3763154149055481
39943,2,6,4094,1,6,0,3,3.0,1.0,1.0,1.0,2.0,,,,,,,,,,,,,,,,,,,,,,,1,1,9,3,3.0,1,3,3,2,2,2,2,7,8.0,4.0,,,,,,1,2,4,2,2,1,2,3,1,2,2,2,2,2,2,2,2,3,3,1,1,1,1,5,1,4,1,0.35864144563674927,0.3181191384792328
40018,2,3,549937,4,3,0,3,3.0,1.0,1.0,1.0,1.0,,,,,,,,,,,,,,,,,,,,,,,1,1,1,2,2.0,1,1,2,3,3,2,1,3,7.0,8.0,2.0,,,,,1,1,3,1,1,3,1,1,2,1,1,1,1,1,3,2,2,1,1,1,1,1,1,4,1,3,1,2.324031352996826,1.1455771923065186
40019,4,16,22803,3,8,0,1,1.0,,,,,1.0,1.0,1.0,1.0,1.0,2.0,2.0,2.0,2.0,2.0,,,,1.0,2.0,3.0,5.0,7.0,,,,,1,2,4,9,,2,3,3,2,2,2,3,1,,,,,,,,2,3,1,1,2,2,3,2,3,2,2,4,1,2,2,1,2,2,1,1,2,2,1,5,1,8,3,0.9754925966262817,1.4499083757400513
40020,3,16,252226,4,8,0,3,3.0,1.0,2.0,2.0,2.0,,,,,,,,,,,,,,,,,,,,,,,1,2,2,2,2.0,1,3,1,3,3,2,3,2,7.0,,,,,,,1,1,2,2,2,2,1,2,1,2,2,2,1,2,3,2,2,2,2,2,1,1,1,5,1,6,3,2.163032054901123,0.8598359227180481
40021,3,3,549937,4,3,0,2,2.0,,,,,2.0,2.0,2.0,2.0,2.0,2.0,1.0,2.0,2.0,2.0,,,,4.0,,,,,,,,,3,3,4,9,,2,3,3,2,2,2,2,4,,,,,,,,2,3,3,2,1,1,1,1,3,2,3,4,2,2,2,2,2,2,2,1,2,2,2,3,1,3,4,1.80228853225708,3.584868907928467
40022,4,14,50455,3,7,0,3,3.0,1.0,1.0,1.0,1.0,,,,,,,,,,,,,,,,,,,,,,,2,3,4,9,,2,3,3,2,2,2,2,9,,,,,,,,2,4,4,2,2,3,3,1,3,2,3,4,2,2,3,2,2,3,3,1,2,2,1,3,1,98,5,0.9754925966262817,0.4966069459915161
40023,1,6,1825208,4,6,0,3,3.0,1.0,1.0,1.0,2.0,,,,,,,,,,,,,,,,,,,,,,,2,1,2,3,3.0,2,1,3,3,2,3,2,3,2.0,4.0,5.0,1.0,,,,1,2,2,1,2,2,2,3,2,1,2,3,2,2,4,3,3,1,4,1,2,2,1,2,1,3,3,2.1356852054595947,0.8547725081443787
40025,2,12,2552,1,3,0,3,3.0,1.0,3.0,3.0,2.0,,,,,,,,,,,,,,,,,,,,,,,2,3,4,9,,2,3,1,1,3,3,2,1,6.0,,,,,,,2,2,3,1,2,4,2,2,3,2,3,2,2,2,2,2,4,3,2,1,1,1,1,2,1,2,2,0.35864144563674927,0.3181191384792328
40026,2,3,7217,2,3,0,3,3.0,1.0,1.0,2.0,1.0,,,,,,,,,,,,,,,,,,,,,,,1,1,1,2,2.0,2,1,2,1,1,1,3,2,,,,,,,,1,1,3,1,2,1,2,2,2,2,2,2,1,2,2,2,2,2,2,1,1,1,1,5,1,6,3,0.4207970201969147,0.2701301574707031
40027,3,12,149564,4,3,0,3,3.0,1.0,2.0,2.0,1.0,,,,,,,,,,,,,,,,,,,,,,,2,3,4,9,,2,3,3,2,2,2,2,4,1.0,,,,,,,2,2,3,9,2,2,2,2,3,2,3,2,1,2,2,2,2,1,2,1,1,1,1,4,1,6,3,2.0968945026397705,0.8912164568901062
40028,3,6,1825208,4,6,0,3,3.0,1.0,2.0,2.0,2.0,,,,,,,,,,,,,,,,,,,,,,,2,1,2,3,3.0,2,2,2,2,2,2,2,1,4.0,,,,,,,1,2,2,2,2,2,2,3,2,1,2,3,1,2,2,2,2,2,2,1,1,1,1,5,1,6,3,2.0968945026397705,0.8912164568901062
40029,3,7,290283,4,5,0,3,3.0,1.0,2.0,2.0,2.0,,,,,,,,,,,,,,,,,,,,,,,1,2,4,9,,1,3,2,4,3,3,3,3,4.0,7.0,1.0,,,,,1,1,4,2,2,3,2,4,3,1,2,4,1,1,2,2,2,3,2,1,2,2,1,4,1,4,1,1.80228853225708,0.854518711566925
40030,3,13,441929,4,6,0,1,1.0,,,,,1.0,1.0,2.0,2.0,1.0,2.0,1.0,2.0,1.0,2.0,,,,1.0,2.0,3.0,4.0,8.0,,,,,1,1,1,1,1.0,1,4,3,3,1,2,1,7,,,,,,,,1,1,1,1,2,1,3,1,1,1,1,2,1,1,4,3,1,2,3,1,1,1,1,1,1,5,1,2.0968945026397705,3.7388195991516113
40031,4,16,98883,3,8,0,3,3.0,1.0,1.0,1.0,1.0,,,,,,,,,,,,,,,,,,,,,,,1,2,4,3,3.0,3,3,1,3,3,3,3,5,8.0,7.0,4.0,,,,,2,1,4,2,1,1,3,3,3,1,2,4,2,1,3,3,2,3,1,1,1,1,1,3,1,7,5,0.8376485109329224,0.539604127407074
40033,2,5,170816,4,5,0,3,3.0,1.0,1.0,1.0,2.0,,,,,,,,,,,,,,,,,,,,,,,2,3,9,2,2.0,3,3,3,3,1,3,4,3,2.0,,,,,,,2,3,3,2,1,1,2,4,9,1,3,1,1,2,2,3,3,3,2,1,1,1,1,2,1,1,2,2.324031352996826,1.1455771923065186
40034,4,3,549937,4,3,0,3,3.0,1.0,1.0,1.0,1.0,,,,,,,,,,,,,,,,,,,,,,,1,2,4,9,,1,3,2,2,2,2,4,1,2.0,3.0,,,,,,1,2,4,2,1,1,2,2,3,2,3,4,1,2,3,2,2,2,1,3,1,1,2,4,1,4,3,2.3102993965148926,1.2094197273254395
40035,3,6,1825208,4,6,0,3,3.0,2.0,,,1.0,,,,,,,,,,,,,,,,,,,,,,,1,1,2,3,3.0,2,1,1,1,1,1,2,8,7.0,3.0,,,,,,1,1,4,1,1,1,1,3,1,2,1,4,1,1,3,3,3,3,3,1,1,1,1,4,1,3,1,2.0968945026397705,0.8912164568901062
40037,2,6,1825208,4,6,0,3,3.0,1.0,2.0,2.0,1.0,,,,,,,,,,,,,,,,,,,,,,,1,3,4,9,,2,2,2,2,2,3,2,9,,,,,,,,2,4,3,2,3,3,3,1,3,2,3,2,2,2,2,2,2,2,2,1,2,2,1,2,1,2,1,1.4281843900680542,0.6177590489387512
40038,2,3,549937,4,3,0,3,3.0,1.0,1.0,1.0,1.0,,,,,,,,,,,,,,,,,,,,,,,1,1,2,3,3.0,1,3,4,1,2,2,4,3,,,,,,,,2,2,4,2,2,2,1,3,2,1,2,4,1,2,3,3,2,2,3,1,2,2,1,4,1,6,3,1.4281843900680542,0.6177590489387512
40039,3,6,1825208,4,6,0,1,1.0,,,,,2.0,2.0,1.0,1.0,1.0,2.0,2.0,2.0,2.0,2.0,,,,2.0,5.0,7.0,,,,,,,1,2,4,9,,4,2,1,4,4,3,2,4,,,,,,,,2,4,1,1,4,4,3,1,3,1,4,4,2,2,4,3,3,3,3,1,1,1,1,3,2,1,1,2.0968945026397705,3.7388195991516113
40040,3,6,1825208,4,6,0,3,3.0,1.0,2.0,1.0,1.0,,,,,,,,,,,,,,,,,,,,,,,2,1,2,3,3.0,1,2,2,2,2,1,1,5,2.0,7.0,,,,,,1,1,3,2,3,2,1,3,2,1,2,3,1,1,2,1,2,2,1,1,1,1,1,3,1,5,3,2.0968945026397705,0.8912164568901062
40041,3,7,290283,4,5,0,3,3.0,1.0,2.0,1.0,1.0,,,,,,,,,,,,,,,,,,,,,,,1,1,3,9,,2,2,2,2,3,3,3,3,,,,,,,,2,3,4,2,2,1,2,2,3,1,2,4,1,2,4,1,2,3,2,1,2,2,1,4,1,8,2,1.80228853225708,0.854518711566925
40042,4,6,1825208,4,6,0,3,3.0,1.0,1.0,1.0,1.0,,,,,,,,,,,,,,,,,,,,,,,1,2,3,3,3.0,1,3,3,2,2,2,3,4,3.0,,,,,,,2,2,4,2,1,1,1,3,3,2,2,4,2,2,2,2,2,3,1,1,1,1,1,3,1,5,1,2.2396583557128906,1.2535582780838013
40043,3,16,69265,3,8,0,3,3.0,1.0,1.0,1.0,1.0,,,,,,,,,,,,,,,,,,,,,,,1,1,2,9,,2,2,3,2,2,2,2,1,6.0,4.0,,,,,,2,1,4,1,2,2,1,2,3,2,2,4,2,2,2,2,2,2,3,1,1,1,1,4,1,2,1,0.7842537760734558,0.3836304843425751
40044,4,3,549937,4,3,0,3,3.0,1.0,2.0,2.0,1.0,,,,,,,,,,,,,,,,,,,,,,,1,2,3,9,,1,4,4,1,1,1,4,6,2.0,1.0,3.0,8.0,,,,1,2,4,1,1,2,2,3,3,1,1,4,2,2,4,4,4,4,3,1,1,1,1,4,1,98,1,2.2396583557128906,1.2535582780838013
40045,4,12,149564,4,3,0,2,2.0,,,,,2.0,2.0,2.0,2.0,1.0,1.0,2.0,2.0,2.0,2.0,,,,2.0,6.0,,,,,,,,2,3,4,9,,2,3,3,2,2,2,2,1,5.0,,,,,,,2,3,3,1,3,3,2,2,3,2,2,3,2,2,3,1,2,3,4,1,2,2,1,3,1,3,6,2.608217477798462,4.839892864227295
40046,1,12,2379,1,3,0,3,3.0,1.0,1.0,1.0,1.0,,,,,,,,,,,,,,,,,,,,,,,1,1,1,9,,2,1,3,3,2,2,3,1,,,,,,,,2,3,4,2,2,2,1,2,2,2,2,2,1,1,1,2,2,3,2,1,2,2,1,4,1,7,2,0.32957592606544495,0.2373657077550888
40047,3,6,1825208,4,6,0,2,2.0,,,,,1.0,2.0,1.0,1.0,1.0,2.0,1.0,1.0,1.0,2.0,,,,2.0,3.0,4.0,5.0,7.0,8.0,9.0,,,1,1,2,3,3.0,1,2,1,2,2,2,3,1,2.0,,,,,,,1,1,2,1,2,1,2,3,1,1,1,2,1,1,1,1,2,1,1,2,1,1,1,5,1,7,3,2.163032054901123,3.607175827026367
40048,3,6,1825208,4,6,0,3,3.0,1.0,1.0,2.0,1.0,,,,,,,,,,,,,,,,,,,,,,,1,1,3,9,,2,2,3,2,2,3,2,7,,,,,,,,2,2,3,2,2,2,3,2,3,2,3,3,1,2,3,1,2,1,1,1,2,2,2,5,1,8,3,1.80228853225708,0.854518711566925
40049,1,6,1825208,4,6,0,2,2.0,,,,,2.0,2.0,2.0,1.0,1.0,2.0,2.0,1.0,2.0,2.0,,,,2.0,5.0,9.0,,,,,,,2,2,3,2,2.0,3,3,3,1,3,2,3,7,,,,,,,,2,2,2,9,2,2,1,3,2,9,2,2,2,2,3,2,3,2,2,3,2,2,2,2,4,1,9,2.2030460834503174,3.459670305252075
40051,4,16,22022,3,8,1,3,,1.0,1.0,1.0,1.0,,,,,,,,,,,,,,,,,,,,,,,2,2,4,3,3.0,1,2,2,1,1,4,4,1,7.0,,,,,,,2,1,4,2,3,1,1,3,3,2,3,4,1,2,3,2,2,4,1,2,1,1,1,5,1,7,5,0.8640686869621277,0.5206038951873779
40052,3,6,1825208,4,6,0,3,3.0,1.0,1.0,1.0,1.0,,,,,,,,,,,,,,,,,,,,,,,1,1,2,3,3.0,1,1,1,1,1,1,4,6,4.0,5.0,,,,,,1,1,3,1,2,2,1,3,2,2,3,3,1,2,1,1,1,1,1,2,1,1,1,5,1,8,3,2.163032054901123,0.8598359227180481
40053,1,7,290283,4,5,0,1,1.0,,,,,1.0,2.0,2.0,2.0,2.0,2.0,2.0,2.0,2.0,2.0,,,,3.0,,,,,,,,,3,3,9,9,,2,3,3,3,3,3,3,9,,,,,,,,2,3,2,9,3,3,3,3,2,2,4,4,2,2,3,3,3,3,3,2,2,2,1,2,2,1,2,2.2030460834503174,3.459670305252075
40057,1,6,1825208,4,6,0,3,3.0,1.0,1.0,1.0,1.0,,,,,,,,,,,,,,,,,,,,,,,1,1,4,3,3.0,1,3,3,3,3,3,3,2,4.0,,,,,,,1,2,4,1,1,1,1,2,3,2,2,4,2,2,1,2,2,2,3,2,2,2,1,5,1,8,5,2.2030460834503174,0.8246763944625854
40058,2,3,549937,4,3,0,1,1.0,,,,,2.0,2.0,2.0,2.0,2.0,2.0,2.0,2.0,2.0,1.0,16.0,,"J'AI OUBLIÉE D'ALLER VOTE, IL ETAIT TROP TARD QUAND JE M'EN SUIS RENDU COMPTE",10.0,,,,,,,,,3,3,4,9,,2,3,4,2,1,1,3,9,,,,,,,,1,4,3,2,2,1,2,3,9,2,3,3,2,2,3,1,3,1,1,1,2,2,1,3,1,5,2,1.4281843900680542,2.5916168689727783
40059,4,6,1825208,4,6,0,3,3.0,1.0,1.0,1.0,2.0,,,,,,,,,,,,,,,,,,,,,,,2,2,3,2,2.0,2,2,2,2,2,2,3,5,,,,,,,,1,3,2,1,2,2,2,2,2,1,2,2,1,1,2,2,2,2,2,2,1,1,1,5,1,4,4,2.3102993965148926,1.2094197273254395
40062,2,17,79153,3,4,0,3,3.0,1.0,2.0,2.0,2.0,,,,,,,,,,,,,,,,,,,,,,,1,1,2,3,3.0,2,3,2,2,2,2,3,7,4.0,,,,,,,2,2,4,2,2,2,3,3,3,2,2,4,1,2,2,3,2,2,1,1,2,2,1,4,1,6,2,0.5341512560844421,0.26591959595680237
40064,3,3,549937,4,3,0,1,1.0,,,,,2.0,2.0,2.0,1.0,2.0,2.0,2.0,2.0,1.0,2.0,,,,5.0,8.0,,,,,,,,1,1,2,3,3.0,1,3,2,1,1,2,1,4,,,,,,,,1,1,1,1,2,1,3,1,1,1,1,2,1,1,2,2,1,1,3,2,1,1,1,2,1,5,4,2.163032054901123,3.607175827026367
40065,4,16,90161,3,8,0,3,3.0,2.0,,,2.0,,,,,,,,,,,,,,,,,,,,,,,3,3,3,9,,3,2,3,2,2,2,3,5,3.0,,,,,,,2,3,4,2,2,2,2,2,2,2,3,4,1,2,2,2,2,2,2,2,1,1,1,5,6,7,3,0.8640686869621277,0.5206038951873779
40066,3,3,549937,4,3,0,1,1.0,,,,,2.0,2.0,2.0,2.0,2.0,2.0,2.0,2.0,1.0,2.0,,,,8.0,,,,,,,,,1,1,1,1,1.0,1,3,3,1,4,2,1,1,,,,,,,,1,1,2,1,2,3,1,1,1,1,2,2,1,1,4,2,1,3,3,1,1,1,1,2,1,6,4,2.0968945026397705,3.7388195991516113
40067,3,3,549937,4,3,0,1,1.0,,,,,2.0,1.0,2.0,2.0,2.0,2.0,2.0,2.0,2.0,2.0,,,,1.0,,,,,,,,,1,1,1,3,3.0,1,2,3,2,1,1,1,2,,,,,,,,1,1,1,1,3,1,2,1,1,1,2,2,1,1,2,2,1,3,1,2,1,1,1,2,1,5,1,2.163032054901123,3.607175827026367
40068,3,3,549937,4,3,0,1,1.0,,,,,2.0,2.0,2.0,2.0,2.0,1.0,2.0,2.0,2.0,2.0,,,,6.0,,,,,,,,,1,1,1,3,3.0,1,2,1,3,1,2,1,7,,,,,,,,1,1,2,1,1,2,3,1,1,1,1,2,1,1,1,1,2,2,3,2,1,1,1,2,1,5,2,2.163032054901123,3.607175827026367
40069,3,3,549937,4,3,0,1,1.0,,,,,2.0,2.0,2.0,1.0,2.0,2.0,2.0,2.0,2.0,2.0,,,,5.0,,,,,,,,,1,1,2,3,3.0,1,1,2,2,3,1,1,4,,,,,,,,1,1,1,1,3,2,1,1,1,1,1,2,1,1,1,2,3,3,3,2,1,1,1,2,1,6,4,2.163032054901123,3.607175827026367
40070,4,6,1825208,4,6,0,2,2.0,,,,,2.0,2.0,2.0,2.0,2.0,2.0,2.0,2.0,2.0,2.0,,,,11.0,,,,,,,,,2,2,3,3,3.0,2,2,3,3,3,2,3,3,,,,,,,,2,3,2,2,2,2,3,3,2,9,3,4,2,2,3,2,2,2,3,2,1,1,2,5,1,8,1,2.3102993965148926,5.073747158050537
40071,4,3,549937,4,3,0,1,1.0,,,,,1.0,1.0,2.0,2.0,2.0,2.0,1.0,2.0,2.0,2.0,,,,1.0,3.0,4.0,,,,,,,2,3,4,9,,2,3,4,2,3,2,2,4,3.0,,,,,,,2,3,2,2,2,1,2,3,2,2,2,2,1,2,3,1,3,2,3,1,2,2,1,4,1,8,3,2.608217477798462,4.839892864227295
40072,4,6,1825208,4,6,0,3,3.0,1.0,1.0,2.0,1.0,,,,,,,,,,,,,,,,,,,,,,,2,3,2,9,,2,1,2,3,3,2,2,1,,,,,,,,1,3,4,1,1,2,2,3,3,2,3,4,2,2,3,1,2,1,2,1,2,2,1,3,1,98,2,2.608217477798462,1.1536762714385986
40073,3,14,119360,4,7,0,1,1.0,,,,,1.0,2.0,1.0,2.0,1.0,1.0,1.0,2.0,2.0,2.0,,,,2.0,3.0,4.0,6.0,7.0,,,,,3,3,4,2,2.0,3,2,2,3,3,3,3,2,,,,,,,,1,4,3,1,3,4,3,1,3,2,3,4,1,2,2,2,3,2,2,1,2,2,1,3,1,7,2,1.80228853225708,3.584868907928467
40074,3,13,441929,4,6,0,1,1.0,,,,,1.0,1.0,2.0,1.0,2.0,1.0,2.0,1.0,2.0,2.0,,,,1.0,3.0,5.0,6.0,9.0,,,,,1,1,1,1,1.0,1,3,2,4,3,1,1,4,,,,,,,,1,1,1,1,2,1,3,1,1,1,1,1,1,1,4,3,3,2,1,1,1,1,1,1,1,5,1,2.0968945026397705,3.7388195991516113
40075,3,15,59612,3,7,0,3,3.0,1.0,1.0,1.0,1.0,,,,,,,,,,,,,,,,,,,,,,,2,2,1,3,3.0,1,1,2,2,2,2,4,8,6.0,,,,,,,1,1,2,2,1,1,1,3,1,1,1,4,1,1,2,1,2,2,2,1,2,2,2,5,1,4,3,0.6740691065788269,0.36783263087272644
40076,2,16,2947,1,8,0,3,3.0,1.0,1.0,2.0,1.0,,,,,,,,,,,,,,,,,,,,,,,3,2,4,3,3.0,2,3,3,2,2,2,2,1,4.0,,,,,,,1,3,3,2,1,2,1,2,3,2,3,2,1,2,2,1,2,2,1,1,2,2,1,2,1,5,2,0.22039549052715302,0.17154793441295624
40077,3,3,549937,4,3,0,1,1.0,,,,,2.0,2.0,1.0,2.0,2.0,2.0,2.0,2.0,2.0,2.0,,,,7.0,,,,,,,,,1,1,1,1,1.0,1,3,2,3,1,4,1,2,,,,,,,,1,1,2,1,2,1,3,1,1,1,1,1,1,1,2,4,3,1,3,2,1,1,1,2,1,6,4,2.163032054901123,3.607175827026367
40078,3,6,1825208,4,6,0,3,3.0,1.0,1.0,1.0,1.0,,,,,,,,,,,,,,,,,,,,,,,1,3,3,9,,2,3,3,2,2,3,3,7,,,,,,,,1,4,4,2,2,3,2,1,3,2,2,4,1,2,4,4,4,4,4,1,2,2,1,4,1,98,2,1.80228853225708,0.854518711566925
40079,3,6,1825208,4,6,0,3,3.0,1.0,2.0,1.0,2.0,,,,,,,,,,,,,,,,,,,,,,,1,2,2,3,3.0,2,1,2,2,1,2,3,8,5.0,1.0,,,,,,1,2,2,1,2,2,1,3,2,1,2,2,1,1,2,2,1,1,2,2,2,2,2,5,1,5,3,1.8591341972351074,0.8244317770004272
40080,3,3,549937,4,3,0,1,1.0,,,,,1.0,1.0,2.0,2.0,2.0,2.0,2.0,2.0,2.0,2.0,,,,1.0,3.0,,,,,,,,3,3,3,9,,2,3,3,3,3,3,3,9,,,,,,,,2,3,3,2,2,3,2,2,3,2,3,2,1,2,3,2,2,3,2,1,2,2,1,4,1,8,3,1.80228853225708,3.584868907928467
40081,3,6,1825208,4,6,0,3,3.0,1.0,1.0,1.0,1.0,,,,,,,,,,,,,,,,,,,,,,,2,1,4,2,2.0,3,2,3,3,4,4,4,9,,,,,,,,1,2,4,1,2,1,2,3,1,2,2,4,2,2,4,4,4,2,1,2,2,2,1,3,1,6,3,1.8591341972351074,0.8244317770004272
40082,3,6,1825208,4,6,0,3,3.0,1.0,1.0,4.0,1.0,,,,,,,,,,,,,,,,,,,,,,,1,2,1,9,,1,2,3,2,2,3,3,9,,,,,,,,1,1,4,1,2,4,1,1,3,2,1,4,1,2,4,4,4,2,3,1,1,1,1,4,1,5,4,2.0968945026397705,0.8912164568901062
40083,2,15,845,1,7,0,3,3.0,1.0,1.0,1.0,1.0,,,,,,,,,,,,,,,,,,,,,,,3,3,9,9,,4,4,4,4,4,4,1,2,1.0,,,,,,,2,4,2,2,1,3,3,1,3,2,3,4,2,2,1,1,1,1,1,1,2,2,1,4,1,3,1,0.22039549052715302,0.17154793441295624
40084,4,15,59612,3,7,0,2,2.0,,,,,1.0,1.0,2.0,2.0,1.0,1.0,2.0,2.0,2.0,2.0,,,,1.0,2.0,3.0,6.0,,,,,,1,3,2,9,,3,2,2,3,2,3,2,1,8.0,,,,,,,1,3,2,2,1,2,2,2,3,2,3,2,1,2,2,1,2,1,3,1,2,2,1,3,1,6,2,0.9754925966262817,1.4499083757400513
40086,3,3,549937,4,3,0,1,1.0,,,,,1.0,2.0,2.0,2.0,2.0,2.0,2.0,2.0,2.0,2.0,,,,3.0,,,,,,,,,1,1,1,3,3.0,1,1,2,1,2,3,1,6,,,,,,,,1,1,2,1,3,2,1,1,1,1,1,2,1,1,1,2,3,2,1,2,1,1,1,2,1,5,2,2.163032054901123,3.607175827026367
40087,4,6,1825208,4,6,0,1,1.0,,,,,2.0,2.0,1.0,2.0,1.0,2.0,2.0,2.0,2.0,2.0,,,,2.0,7.0,,,,,,,,1,2,4,9,,2,3,3,3,2,2,3,3,6.0,,,,,,,1,2,2,1,3,3,3,3,3,2,2,4,1,2,3,3,2,3,3,1,1,1,2,4,1,5,3,2.2396583557128906,5.258913993835449
40088,3,3,8277,2,3,0,3,3.0,1.0,1.0,1.0,1.0,,,,,,,,,,,,,,,,,,,,,,,2,2,3,9,,1,1,2,3,3,1,1,4,2.0,,,,,,,2,2,4,1,1,3,3,3,3,2,3,4,1,2,4,3,3,4,4,1,1,1,1,3,1,5,3,0.3796708583831787,0.2101513147354126
40089,3,15,59612,3,7,0,3,3.0,1.0,1.0,1.0,1.0,,,,,,,,,,,,,,,,,,,,,,,2,2,2,9,,1,2,4,2,2,2,3,1,8.0,2.0,,,,,,1,2,4,2,1,1,1,2,3,2,2,3,1,2,2,2,2,2,4,1,2,2,1,3,1,4,3,0.6740691065788269,0.36783263087272644
40090,4,12,149564,4,3,0,3,3.0,1.0,1.0,1.0,1.0,,,,,,,,,,,,,,,,,,,,,,,2,1,4,3,3.0,2,3,3,2,2,2,2,5,,,,,,,,2,3,4,1,2,2,2,1,3,2,3,2,2,2,2,2,3,3,2,1,1,1,1,2,1,5,3,2.2396583557128906,1.2535582780838013
40092,2,17,79153,3,4,0,3,3.0,1.0,2.0,2.0,1.0,,,,,,,,,,,,,,,,,,,,,,,2,2,2,3,3.0,1,2,3,1,2,2,2,6,2.0,5.0,,,,,,2,2,3,1,3,4,4,2,2,2,2,4,2,2,4,3,3,3,3,1,2,2,1,3,3,6,3,0.5341512560844421,0.26591959595680237
40093,2,3,19618,2,3,0,1,1.0,,,,,2.0,2.0,2.0,2.0,2.0,2.0,1.0,2.0,2.0,2.0,,,,4.0,,,,,,,,,3,3,4,9,,2,3,3,2,2,2,3,1,,,,,,,,1,4,3,2,2,2,2,2,3,2,2,1,1,2,3,3,3,3,3,1,2,2,1,3,1,6,2,0.2585919201374054,0.3293706476688385
40095,4,6,1825208,4,6,0,3,3.0,1.0,2.0,2.0,2.0,,,,,,,,,,,,,,,,,,,,,,,2,3,2,3,3.0,2,1,2,1,2,2,2,9,,,,,,,,2,2,2,1,2,2,3,2,2,2,2,4,1,2,2,2,2,2,3,2,1,1,1,2,1,4,1,2.3102993965148926,1.2094197273254395
40096,2,3,549937,4,3,0,2,2.0,,,,,2.0,2.0,2.0,2.0,2.0,2.0,1.0,2.0,2.0,1.0,10.0,,J'ÉTAIS À L'HÔPITAL AVEC MA FILLE,4.0,10.0,,,,,,,,1,1,2,9,,2,2,3,2,3,2,4,3,5.0,6.0,4.0,,,,,2,3,3,2,1,1,2,3,3,2,1,4,1,2,2,1,2,2,2,1,2,2,1,4,1,7,3,1.4281843900680542,2.5916168689727783
40097,5,3,549937,4,3,0,3,3.0,1.0,2.0,2.0,1.0,,,,,,,,,,,,,,,,,,,,,,,1,2,2,3,3.0,2,3,3,2,2,2,3,6,3.0,,,,,,,2,2,4,2,2,2,3,2,3,1,2,4,1,2,3,2,2,3,1,1,1,1,1,3,3,3,2,2.2852814197540283,1.3551445007324219
40098,4,6,1825208,4,6,0,3,3.0,1.0,1.0,1.0,1.0,,,,,,,,,,,,,,,,,,,,,,,1,1,1,9,,1,3,3,1,2,1,3,4,3.0,1.0,,,,,,1,2,4,2,1,1,1,2,2,2,2,4,1,2,3,1,1,3,1,1,2,2,1,5,1,8,2,2.608217477798462,1.1536762714385986
40099,4,5,170816,4,5,0,3,3.0,1.0,1.0,1.0,1.0,,,,,,,,,,,,,,,,,,,,,,,2,3,4,9,,2,3,2,2,1,2,2,9,,,,,,,,2,4,4,1,1,2,2,1,3,2,2,2,2,2,3,2,3,3,2,1,2,2,1,3,5,98,2,2.608217477798462,1.1536762714385986
40100,3,6,1825208,4,6,0,2,2.0,,,,,2.0,1.0,1.0,2.0,1.0,2.0,1.0,1.0,2.0,2.0,,,,1.0,2.0,4.0,7.0,9.0,,,,,1,1,4,1,1.0,2,2,3,2,3,2,2,4,,,,,,,,2,4,3,2,3,2,2,1,2,2,2,3,1,2,3,2,2,2,1,1,2,2,1,5,1,8,2,1.80228853225708,3.584868907928467
40101,4,6,1825208,4,6,0,3,3.0,1.0,2.0,3.0,2.0,,,,,,,,,,,,,,,,,,,,,,,2,2,1,3,3.0,2,1,1,1,2,3,2,1,8.0,3.0,5.0,7.0,,,,1,2,4,1,1,2,3,2,1,2,2,2,1,2,3,3,2,1,2,1,1,1,2,5,6,3,3,2.2396583557128906,1.2535582780838013
40102,4,5,170816,4,5,0,1,1.0,,,,,1.0,2.0,1.0,1.0,1.0,1.0,2.0,2.0,2.0,2.0,,,,2.0,3.0,5.0,6.0,7.0,,,,,2,3,4,9,,4,2,1,4,4,4,1,9,,,,,,,,2,4,1,1,4,4,4,1,3,2,4,4,2,2,4,1,3,1,1,1,2,2,1,4,1,4,2,2.608217477798462,4.839892864227295
40103,3,13,441929,4,6,0,1,1.0,,,,,2.0,2.0,1.0,1.0,2.0,1.0,1.0,2.0,2.0,2.0,,,,4.0,5.0,6.0,7.0,,,,,,1,1,1,1,1.0,1,4,3,3,2,1,1,4,8.0,1.0,,,,,,1,1,1,1,1,2,3,1,1,1,1,4,1,1,3,3,1,4,2,1,1,1,1,4,1,4,1,2.0968945026397705,3.7388195991516113
40105,3,3,549937,4,3,0,1,1.0,,,,,2.0,2.0,1.0,2.0,1.0,1.0,2.0,2.0,1.0,2.0,,,,2.0,6.0,7.0,8.0,,,,,,1,3,3,9,,3,3,3,3,3,3,2,3,,,,,,,,2,3,1,1,3,3,3,1,3,2,3,4,2,2,3,2,3,3,3,1,2,2,1,2,2,1,1,1.80228853225708,3.584868907928467
40107,4,1,49733,3,1,0,1,1.0,,,,,1.0,2.0,2.0,1.0,2.0,2.0,2.0,2.0,2.0,2.0,,,,3.0,5.0,,,,,,,,3,3,9,9,,2,3,3,2,2,2,1,9,,,,,,,,1,4,2,1,3,3,3,1,3,2,3,4,2,2,3,3,2,3,2,1,1,1,1,4,9,2,1,0.8376485109329224,1.5754419565200806
40108,3,4,49802,3,4,0,1,1.0,,,,,2.0,2.0,1.0,1.0,1.0,1.0,2.0,2.0,2.0,2.0,,,,2.0,5.0,6.0,7.0,,,,,,1,2,4,9,,3,2,1,2,3,4,3,1,5.0,,,,,,,1,3,3,2,2,3,3,2,3,2,2,4,1,2,2,2,2,1,3,1,2,2,1,3,1,5,2,0.6740691065788269,1.0739414691925049
40109,3,5,170816,4,5,0,3,3.0,1.0,1.0,3.0,1.0,,,,,,,,,,,,,,,,,,,,,,,1,2,3,9,,2,3,3,2,2,3,4,3,5.0,,,,,,,2,2,4,2,1,2,1,3,3,2,2,4,2,2,1,1,2,2,1,1,2,2,1,3,1,98,2,1.80228853225708,0.854518711566925
40110,3,16,13441,2,8,0,3,3.0,1.0,1.0,1.0,1.0,,,,,,,,,,,,,,,,,,,,,,,3,3,4,2,2.0,3,3,1,3,3,3,3,4,,,,,,,,2,2,4,2,2,1,1,3,3,2,2,4,2,2,3,1,1,2,2,1,2,2,1,2,1,5,3,0.3263285458087921,0.20149792730808258
40111,4,16,252226,4,8,0,1,1.0,,,,,1.0,1.0,2.0,1.0,2.0,2.0,2.0,2.0,1.0,2.0,,,,1.0,3.0,5.0,8.0,,,,,,2,3,3,9,,2,2,2,3,3,3,2,9,,,,,,,,2,3,3,2,2,3,2,1,3,2,3,4,2,2,2,3,2,2,2,1,1,1,1,3,1,2,3,2.2396583557128906,5.258913993835449
40112,4,6,1825208,4,6,0,3,3.0,1.0,1.0,1.0,1.0,,,,,,,,,,,,,,,,,,,,,,,1,2,4,1,1.0,4,4,4,4,4,4,2,3,,,,,,,,1,1,4,2,1,1,1,4,3,2,2,4,1,2,4,3,4,1,1,1,1,1,2,4,2,7,1,2.2396583557128906,1.2535582780838013
40113,3,13,441929,4,6,0,1,1.0,,,,,2.0,2.0,1.0,1.0,1.0,2.0,2.0,1.0,2.0,2.0,,,,2.0,5.0,7.0,9.0,,,,,,1,1,1,1,1.0,1,1,3,3,4,2,1,5,,,,,,,,1,1,1,1,2,1,3,1,1,1,1,4,1,1,3,4,2,1,3,1,1,1,1,4,1,4,1,2.0968945026397705,3.7388195991516113
40114,4,6,1825208,4,6,0,3,3.0,1.0,2.0,2.0,1.0,,,,,,,,,,,,,,,,,,,,,,,1,2,3,9,,2,2,3,2,3,2,2,1,6.0,3.0,,,,,,1,3,4,2,1,1,2,2,3,2,3,3,1,2,1,1,1,2,1,1,1,1,1,4,1,5,4,2.2396583557128906,1.2535582780838013
40116,3,3,4515,1,3,0,3,3.0,1.0,1.0,4.0,1.0,,,,,,,,,,,,,,,,,,,,,,,3,3,4,9,,2,2,2,2,2,2,2,9,,,,,,,,2,3,4,1,2,2,2,1,3,2,3,2,1,2,2,2,2,2,2,1,1,1,1,3,1,6,2,0.323589950799942,0.24748627841472626
40117,2,6,1825208,4,6,0,1,1.0,,,,,2.0,2.0,2.0,2.0,2.0,2.0,2.0,2.0,2.0,1.0,18.0,,DIDNT WANT,10.0,,,,,,,,,1,1,9,9,,3,2,2,2,2,2,2,4,,,,,,,,1,2,1,2,1,1,1,2,2,2,3,2,1,2,2,1,2,2,1,3,2,2,2,5,5,4,3,1.4732301235198975,2.5003647804260254
40118,3,12,149564,4,3,0,3,3.0,1.0,2.0,2.0,2.0,,,,,,,,,,,,,,,,,,,,,,,2,3,2,3,3.0,2,2,3,2,2,2,2,9,,,,,,,,2,3,4,2,2,2,2,1,3,2,2,4,1,2,2,3,3,3,3,1,1,1,1,3,1,6,2,2.0968945026397705,0.8912164568901062
40119,3,3,549937,4,3,0,1,1.0,,,,,1.0,1.0,2.0,2.0,2.0,2.0,2.0,2.0,2.0,2.0,,,,1.0,3.0,,,,,,,,3,3,3,9,,3,2,2,2,2,2,2,3,,,,,,,,1,3,2,1,2,3,3,1,3,2,3,4,2,2,2,2,2,2,2,1,2,2,1,2,1,1,1,1.80228853225708,3.584868907928467
40120,3,13,441929,4,6,0,1,1.0,,,,,2.0,1.0,1.0,2.0,1.0,2.0,2.0,2.0,1.0,2.0,,,,1.0,2.0,7.0,8.0,,,,,,1,1,1,1,1.0,1,2,4,3,1,3,1,5,,,,,,,,1,1,1,1,1,2,3,1,1,1,1,4,1,1,4,2,1,3,3,1,1,1,1,1,1,5,1,2.0968945026397705,3.7388195991516113
40121,3,6,1825208,4,6,0,3,3.0,1.0,1.0,1.0,2.0,,,,,,,,,,,,,,,,,,,,,,,1,1,4,3,3.0,3,2,1,4,2,3,3,3,6.0,7.0,,,,,,2,2,3,2,1,1,3,3,3,1,3,4,2,2,3,1,1,1,1,3,1,1,1,4,1,3,1,2.163032054901123,0.8598359227180481
40122,4,6,1825208,4,6,0,3,3.0,1.0,2.0,2.0,1.0,,,,,,,,,,,,,,,,,,,,,,,2,1,2,9,,3,2,2,2,3,3,2,7,1.0,,,,,,,2,3,2,2,3,3,2,2,3,1,3,2,2,2,3,3,2,2,3,1,1,1,2,5,1,3,3,2.2396583557128906,1.2535582780838013
40123,3,13,441929,4,6,0,1,1.0,,,,,1.0,2.0,1.0,2.0,2.0,2.0,1.0,2.0,1.0,2.0,,,,3.0,4.0,7.0,8.0,,,,,,1,1,1,1,1.0,1,2,3,4,3,1,1,6,,,,,,,,1,1,1,1,1,2,3,1,1,1,1,4,1,1,3,3,1,2,4,1,1,1,1,4,1,4,1,2.0968945026397705,3.7388195991516113
40126,2,3,549937,4,3,0,2,2.0,,,,,1.0,1.0,1.0,1.0,1.0,1.0,1.0,2.0,2.0,2.0,,,,1.0,2.0,3.0,4.0,5.0,6.0,7.0,,,3,3,4,9,,2,2,2,2,2,3,2,9,,,,,,,,2,3,2,1,3,3,3,2,3,2,3,2,1,2,2,2,2,2,2,1,2,2,1,4,1,8,2,1.4281843900680542,2.5916168689727783
40127,1,7,290283,4,5,0,2,2.0,,,,,1.0,2.0,2.0,1.0,2.0,2.0,1.0,2.0,2.0,2.0,,,,3.0,4.0,5.0,,,,,,,1,3,3,3,3.0,2,2,3,2,2,2,2,2,1.0,,,,,,,2,2,4,1,2,2,1,2,3,2,3,1,1,2,3,3,2,3,3,2,2,2,1,4,1,3,4,2.2030460834503174,3.459670305252075
40128,3,6,1825208,4,6,0,3,3.0,1.0,2.0,2.0,1.0,,,,,,,,,,,,,,,,,,,,,,,1,2,3,9,,2,2,4,2,1,2,3,3,,,,,,,,2,3,4,2,2,2,2,2,3,2,3,3,2,2,3,2,3,3,2,2,2,2,1,5,1,3,1,1.8591341972351074,0.8244317770004272
40129,4,6,1825208,4,6,0,1,1.0,,,,,1.0,1.0,1.0,1.0,1.0,1.0,2.0,2.0,2.0,2.0,,,,1.0,2.0,3.0,5.0,6.0,7.0,,,,3,3,4,9,,3,3,2,3,2,3,2,9,,,,,,,,2,4,2,1,3,4,3,1,3,1,4,4,2,2,1,1,1,1,1,1,1,1,1,3,1,4,1,2.2396583557128906,5.258913993835449
40130,4,6,1825208,4,6,0,1,1.0,,,,,2.0,2.0,2.0,2.0,1.0,2.0,1.0,1.0,1.0,2.0,,,,2.0,4.0,8.0,9.0,,,,,,3,3,9,9,,3,3,2,3,3,3,2,4,,,,,,,,2,4,2,9,2,3,2,2,9,2,3,4,2,2,2,3,2,3,1,3,9,1,2,4,1,1,5,2.3102993965148926,5.073747158050537
40131,4,6,1825208,4,6,0,2,2.0,,,,,1.0,1.0,2.0,2.0,2.0,2.0,1.0,2.0,2.0,2.0,,,,1.0,3.0,4.0,,,,,,,1,3,3,9,,2,3,3,3,2,3,3,3,,,,,,,,1,3,3,2,2,2,2,2,3,2,2,4,2,2,2,1,2,3,1,1,2,2,1,4,1,3,1,2.608217477798462,4.839892864227295
40132,4,13,441929,4,6,0,3,3.0,1.0,1.0,1.0,1.0,,,,,,,,,,,,,,,,,,,,,,,1,1,1,3,3.0,1,3,4,1,3,2,2,1,8.0,,,,,,,1,2,4,2,2,2,3,3,3,2,1,4,1,2,2,2,3,2,2,1,2,2,1,3,1,8,3,2.608217477798462,1.1536762714385986
40133,3,4,139618,4,4,0,3,3.0,1.0,1.0,1.0,1.0,,,,,,,,,,,,,,,,,,,,,,,1,2,2,9,,2,4,2,2,1,2,2,3,,,,,,,,2,3,4,2,1,2,1,1,3,2,2,4,2,2,3,2,2,2,3,1,2,2,1,2,2,3,6,1.80228853225708,0.854518711566925
40134,4,6,1825208,4,6,0,1,1.0,,,,,2.0,2.0,2.0,2.0,2.0,2.0,1.0,1.0,2.0,2.0,,,,4.0,9.0,,,,,,,,1,2,2,9,,3,1,2,3,3,4,3,3,6.0,,,,,,,2,3,3,2,1,1,1,3,3,1,4,2,1,2,4,1,1,1,1,2,2,2,1,5,1,98,9,2.6904830932617188,4.669473648071289
40135,3,16,31447,3,8,0,3,3.0,1.0,1.0,1.0,1.0,,,,,,,,,,,,,,,,,,,,,,,1,1,9,3,3.0,2,3,3,2,2,3,2,1,8.0,,,,,,,1,4,4,2,1,2,2,2,3,2,3,4,1,2,2,3,2,3,3,2,2,2,1,4,1,7,3,0.6953297257423401,0.3548816442489624
40136,2,6,1825208,4,6,0,2,2.0,,,,,2.0,2.0,2.0,2.0,1.0,1.0,1.0,2.0,2.0,2.0,,,,2.0,4.0,6.0,,,,,,,2,2,3,2,2.0,2,2,3,3,3,2,2,4,,,,,,,,2,2,3,2,2,2,2,2,2,2,3,3,2,2,3,2,3,3,2,1,2,2,2,2,2,1,1,1.4281843900680542,2.5916168689727783
40137,4,3,549937,4,3,0,1,1.0,,,,,1.0,1.0,2.0,2.0,1.0,1.0,2.0,2.0,2.0,2.0,,,,1.0,2.0,3.0,6.0,,,,,,3,3,4,9,,2,1,2,3,3,2,4,1,6.0,3.0,,,,,,1,4,3,1,3,3,4,1,3,2,3,4,1,2,1,1,1,1,1,1,2,2,1,5,1,98,2,2.608217477798462,4.839892864227295
40138,4,16,98883,3,8,0,3,3.0,1.0,1.0,1.0,2.0,,,,,,,,,,,,,,,,,,,,,,,1,1,2,3,3.0,2,2,2,2,2,2,2,5,,,,,,,,2,2,2,1,1,1,1,2,2,1,2,2,1,1,2,2,2,2,2,2,1,1,1,4,1,4,3,0.8640686869621277,0.5206038951873779
40139,3,12,149564,4,3,0,3,3.0,1.0,1.0,1.0,1.0,,,,,,,,,,,,,,,,,,,,,,,1,1,2,3,3.0,1,2,2,1,2,2,3,6,,,,,,,,2,3,4,2,1,1,2,2,3,2,3,4,1,2,2,2,3,3,3,1,2,2,1,3,1,4,2,1.80228853225708,0.854518711566925
40141,3,5,170816,4,5,0,3,3.0,1.0,1.0,1.0,1.0,,,,,,,,,,,,,,,,,,,,,,,1,3,4,9,,2,2,2,3,3,2,2,1,3.0,,,,,,,1,4,4,2,2,4,2,1,1,2,3,4,2,2,2,1,1,2,1,1,2,2,1,3,1,5,2,1.80228853225708,0.854518711566925
40142,3,3,549937,4,3,0,3,3.0,1.0,1.0,1.0,1.0,,,,,,,,,,,,,,,,,,,,,,,2,1,2,9,,2,3,3,1,1,2,3,2,3.0,4.0,6.0,,,,,1,1,2,2,1,1,2,3,3,2,2,4,1,2,3,2,3,3,3,3,2,2,2,4,1,5,3,1.8591341972351074,0.8244317770004272
40143,3,6,1825208,4,6,0,1,1.0,,,,,2.0,2.0,1.0,1.0,2.0,1.0,2.0,2.0,1.0,2.0,,,,5.0,6.0,7.0,8.0,,,,,,1,1,1,1,1.0,1,4,3,2,1,2,1,1,,,,,,,,1,1,1,1,2,1,3,1,1,1,1,2,1,1,2,1,2,3,3,1,1,1,1,1,1,4,2,2.0968945026397705,3.7388195991516113
40144,3,6,1825208,4,6,0,3,3.0,1.0,1.0,1.0,1.0,,,,,,,,,,,,,,,,,,,,,,,1,2,1,3,3.0,1,2,1,1,2,1,3,3,6.0,,,,,,,2,1,4,2,1,1,2,3,3,2,2,4,1,2,3,2,2,3,1,1,1,1,1,4,1,4,1,2.0968945026397705,0.8912164568901062
40145,6,15,26377,3,7,0,3,3.0,1.0,1.0,1.0,1.0,,,,,,,,,,,,,,,,,,,,,,,1,1,3,9,,2,4,3,2,2,2,2,2,1.0,8.0,7.0,,,,,1,2,4,2,1,1,1,3,3,2,3,4,1,2,3,1,3,3,2,1,2,2,1,3,3,98,2,1.2281575202941895,0.9017654061317444
40146,4,13,441929,4,6,0,3,3.0,1.0,2.0,2.0,2.0,,,,,,,,,,,,,,,,,,,,,,,2,2,2,3,3.0,3,3,3,3,2,2,3,3,2.0,6.0,,,,,,2,2,3,2,2,2,2,1,3,2,2,4,1,2,3,2,2,2,2,2,1,1,2,3,1,1,3,2.3102993965148926,1.2094197273254395
40147,3,13,441929,4,6,0,1,1.0,,,,,2.0,2.0,2.0,1.0,1.0,2.0,1.0,1.0,2.0,2.0,,,,2.0,4.0,5.0,9.0,,,,,,1,1,1,1,1.0,1,3,4,3,2,1,1,6,,,,,,,,1,1,1,1,2,1,3,1,1,1,1,4,1,1,3,2,4,3,1,1,1,1,1,1,1,5,1,2.0968945026397705,3.7388195991516113
40149,3,6,1825208,4,6,0,1,1.0,,,,,1.0,1.0,1.0,1.0,1.0,1.0,2.0,2.0,1.0,2.0,,,,1.0,2.0,3.0,5.0,6.0,7.0,8.0,,,1,3,4,9,,4,4,1,4,4,4,1,9,,,,,,,,2,4,1,9,4,4,4,2,3,2,4,3,2,2,4,3,1,4,4,1,2,2,2,3,1,4,3,1.80228853225708,3.584868907928467
40150,4,15,79838,3,7,0,3,3.0,1.0,1.0,1.0,1.0,,,,,,,,,,,,,,,,,,,,,,,1,2,2,9,,1,3,4,2,2,2,4,5,3.0,8.0,1.0,,,,,1,1,4,2,1,2,3,3,1,1,1,2,2,1,1,1,1,3,1,1,1,1,1,2,6,2,2,0.8376485109329224,0.539604127407074
40151,1,13,441929,4,6,0,2,2.0,,,,,1.0,1.0,2.0,2.0,2.0,2.0,1.0,1.0,2.0,2.0,,,,1.0,3.0,4.0,9.0,,,,,,2,2,2,2,2.0,1,2,2,1,1,2,2,5,3.0,2.0,,,,,,2,2,3,1,3,2,1,2,3,1,2,3,2,1,2,3,3,3,3,1,2,2,1,2,4,3,1,2.1356852054595947,3.5859339237213135
40152,2,6,1825208,4,6,0,3,3.0,1.0,1.0,1.0,1.0,,,,,,,,,,,,,,,,,,,,,,,1,2,1,3,3.0,2,1,1,1,1,1,3,2,5.0,4.0,,,,,,1,1,2,2,1,1,1,3,1,1,2,4,1,1,1,1,1,1,1,1,2,2,1,2,5,2,1,1.4281843900680542,0.6177590489387512
40153,4,6,1825208,4,6,0,3,3.0,1.0,1.0,2.0,1.0,,,,,,,,,,,,,,,,,,,,,,,3,3,4,9,,2,2,2,2,3,3,3,9,,,,,,,,2,3,4,2,1,3,3,2,3,2,3,2,1,2,3,2,3,2,2,1,2,2,1,3,1,98,2,2.608217477798462,1.1536762714385986
40154,4,3,549937,4,3,0,3,3.0,1.0,2.0,2.0,4.0,,,,,,,,,,,,,,,,,,,,,,,2,2,2,1,1.0,2,1,2,2,3,2,2,4,5.0,,,,,,,1,2,2,2,2,2,2,2,2,2,2,2,1,2,2,2,3,2,2,1,1,1,1,3,1,3,4,2.2396583557128906,1.2535582780838013
40155,2,14,4072,1,7,0,3,3.0,1.0,1.0,1.0,1.0,,,,,,,,,,,,,,,,,,,,,,,1,1,3,9,,1,3,3,1,2,3,3,3,4.0,1.0,2.0,,,,,1,3,4,2,1,1,1,2,3,2,3,4,2,2,2,3,1,2,1,1,1,1,1,3,1,3,9,0.35864144563674927,0.3181191384792328
40157,3,6,1825208,4,6,0,1,1.0,,,,,2.0,2.0,1.0,2.0,1.0,1.0,2.0,2.0,2.0,2.0,,,,2.0,6.0,7.0,,,,,,,1,1,4,3,3.0,2,2,1,4,4,4,2,3,,,,,,,,2,4,3,2,4,3,2,3,3,2,3,4,1,2,4,3,2,2,2,1,1,1,1,2,1,8,3,2.0968945026397705,3.7388195991516113
40158,2,6,1825208,4,6,0,1,1.0,,,,,2.0,1.0,2.0,2.0,1.0,2.0,1.0,1.0,1.0,2.0,,,,1.0,2.0,4.0,8.0,9.0,,,,,1,1,1,1,1.0,1,4,3,2,3,1,1,4,,,,,,,,1,1,1,1,1,3,2,1,1,1,1,2,1,1,3,2,3,4,1,2,2,2,1,2,1,6,2,1.4732301235198975,2.5003647804260254
40159,3,6,1825208,4,6,0,1,1.0,,,,,1.0,1.0,2.0,1.0,1.0,1.0,2.0,2.0,2.0,2.0,,,,1.0,2.0,3.0,5.0,6.0,,,,,3,3,4,9,,3,2,2,3,2,2,1,5,,,,,,,,2,4,4,1,3,2,3,1,3,2,4,3,2,2,3,3,3,2,3,3,1,1,2,5,1,4,3,2.163032054901123,3.607175827026367
40160,3,7,290283,4,5,0,1,1.0,,,,,1.0,2.0,2.0,1.0,1.0,2.0,2.0,2.0,1.0,2.0,,,,2.0,3.0,5.0,8.0,,,,,,2,1,3,9,,3,2,2,2,2,2,2,9,,,,,,,,2,4,2,1,3,3,3,2,3,2,3,4,2,2,2,2,2,2,2,1,2,2,1,4,1,4,1,1.80228853225708,3.584868907928467
40161,3,6,1825208,4,6,0,2,2.0,,,,,2.0,1.0,2.0,2.0,2.0,2.0,2.0,2.0,1.0,2.0,,,,1.0,8.0,,,,,,,,3,3,2,9,,2,2,3,3,1,3,3,3,,,,,,,,2,2,3,1,1,1,1,2,3,2,4,4,2,2,3,3,3,3,3,1,1,1,1,4,2,1,6,2.0968945026397705,3.7388195991516113
40162,4,16,57302,3,8,0,2,2.0,,,,,2.0,2.0,2.0,2.0,2.0,2.0,2.0,2.0,1.0,1.0,10.0,,PAS EU LE TEMPS DE M'INSCRIRE POUR LE VOTE PAR LA POSTE ET COMME J'AI DES PROBLEMES DE SANTÉ JE NE,8.0,10.0,,,,,,,,1,2,4,9,,2,3,3,2,2,3,3,1,,,,,,,,1,4,3,2,2,2,3,2,3,2,2,4,2,2,2,2,2,3,1,1,2,2,1,4,6,1,1,0.9754925966262817,1.4499083757400513
40163,4,16,252226,4,8,0,3,3.0,1.0,1.0,3.0,2.0,,,,,,,,,,,,,,,,,,,,,,,1,2,3,2,2.0,1,4,3,4,2,3,1,7,5.0,,,,,,,2,1,4,1,1,2,1,2,3,2,2,4,1,1,4,3,3,1,3,1,1,1,1,3,3,2,1,2.2396583557128906,1.2535582780838013
40165,1,6,1825208,4,6,0,3,3.0,1.0,1.0,1.0,2.0,,,,,,,,,,,,,,,,,,,,,,,1,2,2,3,3.0,2,2,2,2,2,2,3,6,3.0,7.0,4.0,2.0,,,,2,2,2,1,2,2,2,4,3,2,2,4,2,2,3,2,3,1,1,3,2,2,2,3,4,3,5,2.2030460834503174,0.8246763944625854
40166,2,6,1825208,4,6,0,1,1.0,,,,,1.0,1.0,2.0,2.0,2.0,1.0,1.0,2.0,1.0,2.0,,,,1.0,3.0,4.0,6.0,8.0,,,,,2,1,3,3,3.0,2,4,2,3,1,3,2,6,,,,,,,,2,2,2,2,3,2,1,2,2,2,2,2,2,2,3,4,1,2,3,3,1,1,2,2,1,5,3,2.3973331451416016,4.636691093444824
40167,4,16,252226,4,8,0,1,1.0,,,,,2.0,2.0,2.0,2.0,2.0,2.0,1.0,2.0,2.0,2.0,,,,4.0,,,,,,,,,1,1,3,1,1.0,1,1,1,1,1,1,2,3,6.0,,,,,,,2,2,4,2,1,1,1,2,3,2,3,4,2,2,4,1,1,4,2,1,2,2,1,4,1,3,1,2.608217477798462,4.839892864227295
40168,3,15,79838,3,7,0,3,3.0,1.0,4.0,4.0,1.0,,,,,,,,,,,,,,,,,,,,,,,1,2,2,9,,2,2,2,3,2,2,3,4,8.0,,,,,,,1,3,4,2,1,2,2,2,3,2,1,4,2,2,3,2,2,3,2,1,1,1,1,2,2,1,1,0.7842537760734558,0.3836304843425751
40170,3,13,441929,4,6,0,1,1.0,,,,,1.0,2.0,2.0,2.0,1.0,1.0,2.0,1.0,2.0,2.0,,,,2.0,3.0,6.0,9.0,,,,,,1,1,1,1,1.0,1,4,2,3,3,1,1,2,,,,,,,,1,1,1,1,2,1,3,1,1,1,1,4,1,1,3,4,3,1,2,1,1,1,1,4,1,4,1,2.0968945026397705,3.7388195991516113
40171,3,16,90161,3,8,0,3,3.0,1.0,1.0,2.0,2.0,,,,,,,,,,,,,,,,,,,,,,,2,3,4,9,,3,2,1,4,3,4,2,7,5.0,3.0,,,,,,1,2,2,1,4,3,4,3,3,2,4,4,1,2,3,2,1,1,3,1,2,2,1,3,5,6,3,0.6740691065788269,0.36783263087272644
40172,4,6,1825208,4,6,0,3,3.0,1.0,1.0,1.0,1.0,,,,,,,,,,,,,,,,,,,,,,,1,2,1,9,,1,2,3,2,2,1,3,6,3.0,,,,,,,2,2,4,2,2,2,1,3,3,2,2,4,2,2,3,3,3,3,2,2,1,1,1,4,1,2,1,2.3102993965148926,1.2094197273254395
40173,2,12,4035,1,3,0,3,3.0,1.0,1.0,1.0,1.0,,,,,,,,,,,,,,,,,,,,,,,2,3,4,9,,2,3,3,2,2,2,2,5,4.0,,,,,,,2,4,3,1,2,2,2,1,3,2,3,2,2,2,2,1,2,2,2,1,2,2,1,4,1,5,2,0.22039549052715302,0.17154793441295624
40174,3,5,170816,4,5,0,2,2.0,,,,,1.0,1.0,2.0,2.0,2.0,2.0,1.0,2.0,2.0,1.0,16.0,,J'AI OUBLIÉ,1.0,3.0,4.0,10.0,,,,,,1,1,3,3,3.0,2,2,2,2,2,2,2,4,3.0,,,,,,,2,2,3,2,2,2,2,3,2,2,3,4,1,2,2,2,2,2,2,1,1,1,1,5,1,4,6,2.0968945026397705,3.7388195991516113
40175,4,7,290283,4,5,0,1,1.0,,,,,1.0,1.0,1.0,1.0,1.0,1.0,2.0,2.0,2.0,2.0,,,,1.0,2.0,3.0,5.0,6.0,7.0,,,,3,3,4,9,,4,1,1,4,4,4,1,9,,,,,,,,2,4,4,1,4,4,1,1,3,2,4,4,1,2,1,1,1,1,1,2,2,2,1,2,5,4,5,2.6904830932617188,4.669473648071289
40176,4,6,1825208,4,6,0,3,3.0,1.0,1.0,1.0,1.0,,,,,,,,,,,,,,,,,,,,,,,2,1,2,3,3.0,1,3,4,2,2,1,2,3,,,,,,,,2,2,4,1,2,1,2,3,3,2,3,4,2,2,3,1,1,2,1,1,1,1,1,3,1,2,1,2.2396583557128906,1.2535582780838013
40177,3,6,1825208,4,6,0,3,3.0,1.0,1.0,1.0,2.0,,,,,,,,,,,,,,,,,,,,,,,1,1,3,3,3.0,2,1,2,2,2,1,3,3,,,,,,,,2,3,4,2,1,1,1,2,2,2,2,4,2,2,2,1,1,1,2,1,1,1,1,3,5,1,1,2.0968945026397705,0.8912164568901062
40178,3,2,147361,4,2,0,2,2.0,,,,,2.0,1.0,2.0,2.0,1.0,2.0,2.0,2.0,2.0,2.0,,,,1.0,2.0,,,,,,,,2,3,4,9,,2,2,3,2,3,2,2,8,,,,,,,,2,4,3,1,2,3,2,2,3,2,2,2,1,2,3,1,1,3,3,1,2,2,1,2,1,7,3,1.80228853225708,3.584868907928467
40179,4,7,290283,4,5,0,3,3.0,1.0,2.0,2.0,2.0,,,,,,,,,,,,,,,,,,,,,,,2,1,2,2,2.0,2,2,3,2,3,2,3,3,,,,,,,,2,3,3,1,2,3,2,2,3,2,3,4,1,2,3,3,2,3,3,1,2,2,1,4,1,5,3,2.608217477798462,1.1536762714385986
40181,3,3,549937,4,3,0,3,3.0,1.0,1.0,1.0,1.0,,,,,,,,,,,,,,,,,,,,,,,1,1,2,3,3.0,2,2,2,2,1,2,2,6,8.0,3.0,2.0,,,,,2,2,3,2,2,2,2,3,2,2,2,4,1,2,2,2,2,2,2,1,1,1,1,4,1,7,3,2.0968945026397705,0.8912164568901062
40183,3,6,35117,3,6,0,3,3.0,1.0,2.0,2.0,2.0,,,,,,,,,,,,,,,,,,,,,,,1,1,2,1,1.0,4,1,3,2,3,2,3,7,5.0,,,,,,,2,3,2,1,3,2,2,3,3,2,3,4,1,2,2,2,3,2,1,2,2,2,1,4,5,5,3,0.6953297257423401,0.3548816442489624
40184,2,6,33714,3,6,0,3,3.0,1.0,1.0,1.0,2.0,,,,,,,,,,,,,,,,,,,,,,,1,1,4,3,3.0,2,2,1,3,2,3,2,2,3.0,,,,,,,1,4,3,2,4,4,4,3,3,2,3,2,2,2,4,3,4,3,2,2,2,2,1,5,4,2,2,0.5509987473487854,0.2565561830997467
40185,4,6,1825208,4,6,0,3,3.0,1.0,1.0,1.0,2.0,,,,,,,,,,,,,,,,,,,,,,,1,3,3,9,,1,2,3,2,2,1,3,9,,,,,,,,2,4,4,2,2,2,1,1,3,2,1,4,1,2,1,1,1,1,3,1,2,2,1,5,1,5,1,2.608217477798462,1.1536762714385986
40186,3,4,139618,4,4,0,3,3.0,1.0,2.0,2.0,2.0,,,,,,,,,,,,,,,,,,,,,,,3,3,3,2,2.0,2,3,2,3,2,2,2,5,,,,,,,,2,2,2,2,2,2,2,2,2,2,3,3,2,1,3,2,2,2,3,1,1,1,1,5,1,2,1,2.0968945026397705,0.8912164568901062
40187,3,4,139618,4,4,0,3,3.0,1.0,1.0,1.0,1.0,,,,,,,,,,,,,,,,,,,,,,,1,2,2,9,,2,2,3,2,2,2,3,6,3.0,,,,,,,1,2,3,2,3,3,3,2,3,2,2,4,1,2,3,2,3,3,3,1,2,2,1,3,5,5,3,1.80228853225708,0.854518711566925
40188,2,6,1825208,4,6,0,3,3.0,2.0,,,2.0,,,,,,,,,,,,,,,,,,,,,,,2,2,2,9,,2,2,2,2,2,2,3,9,,,,,,,,1,2,2,1,2,2,2,3,3,2,2,4,2,2,2,2,2,2,2,2,2,2,1,3,1,2,1,1.4732301235198975,0.596007764339447
40189,3,6,1825208,4,6,0,3,3.0,1.0,1.0,1.0,1.0,,,,,,,,,,,,,,,,,,,,,,,1,3,3,9,,2,3,3,2,2,2,3,4,,,,,,,,2,3,4,2,1,1,1,2,3,1,1,4,2,2,4,1,4,3,1,2,2,2,1,5,1,6,1,1.8591341972351074,0.8244317770004272
40190,3,13,441929,4,6,0,1,1.0,,,,,2.0,1.0,2.0,1.0,1.0,2.0,2.0,2.0,1.0,2.0,,,,1.0,2.0,5.0,8.0,,,,,,1,1,1,1,1.0,1,2,3,3,1,4,1,8,,,,,,,,1,1,1,1,1,2,3,1,1,1,1,1,1,1,1,4,3,2,3,1,1,1,1,4,1,5,1,2.0968945026397705,3.7388195991516113
40191,2,4,2333,1,4,0,3,3.0,1.0,1.0,1.0,2.0,,,,,,,,,,,,,,,,,,,,,,,2,2,2,3,3.0,1,3,2,2,2,2,3,4,5.0,1.0,,,,,,1,2,4,2,2,1,1,4,3,1,2,2,1,2,4,2,4,1,3,1,2,2,1,2,5,4,3,0.22039549052715302,0.17154793441295624
40192,4,14,86419,3,7,0,1,1.0,,,,,1.0,2.0,2.0,2.0,1.0,1.0,2.0,2.0,1.0,2.0,,,,2.0,3.0,6.0,8.0,,,,,,3,3,4,9,,3,2,2,2,2,2,2,4,,,,,,,,2,3,2,9,3,3,3,2,9,9,3,2,1,2,2,2,2,2,2,1,2,2,1,3,1,5,2,0.9754925966262817,1.4499083757400513
40193,3,16,15057,2,8,0,3,3.0,1.0,1.0,1.0,1.0,,,,,,,,,,,,,,,,,,,,,,,2,1,2,3,3.0,1,1,1,1,2,2,3,5,8.0,6.0,3.0,,,,,1,2,4,2,2,1,1,1,2,1,1,4,1,2,1,1,2,1,2,2,1,1,1,5,1,7,3,0.39164605736732483,0.2027520090341568
40195,3,5,5447,2,5,0,3,3.0,1.0,1.0,1.0,1.0,,,,,,,,,,,,,,,,,,,,,,,1,2,3,3,3.0,2,3,3,2,2,2,2,4,,,,,,,,2,3,4,2,1,2,2,2,1,2,2,4,1,2,3,2,2,3,2,1,2,2,1,3,1,8,3,0.3263285458087921,0.20149792730808258
40196,2,6,1825208,4,6,0,3,3.0,2.0,,,1.0,,,,,,,,,,,,,,,,,,,,,,,1,1,1,3,3.0,1,3,3,2,1,2,4,4,7.0,3.0,,,,,,2,2,3,2,2,2,2,3,3,2,1,4,1,2,2,2,1,2,2,2,1,1,1,4,1,8,3,2.3973331451416016,1.105239748954773
40199,2,16,22612,3,8,0,2,2.0,,,,,1.0,2.0,2.0,1.0,1.0,1.0,1.0,2.0,2.0,2.0,,,,2.0,3.0,4.0,5.0,6.0,,,,,1,1,2,3,3.0,2,3,4,4,1,2,2,8,,,,,,,,1,2,2,1,2,3,1,2,2,1,2,2,1,1,1,4,2,3,4,2,2,2,1,2,2,6,3,0.5509987473487854,0.7490490078926086
40200,3,13,441929,4,6,0,1,1.0,,,,,2.0,2.0,2.0,1.0,2.0,1.0,2.0,1.0,1.0,2.0,,,,5.0,6.0,8.0,9.0,,,,,,1,1,1,1,1.0,1,3,1,4,2,3,1,8,,,,,,,,1,1,1,1,2,1,3,1,1,1,1,1,1,1,3,4,3,2,1,1,1,1,1,4,1,4,1,2.0968945026397705,3.7388195991516113
40201,5,1,49733,3,1,0,2,2.0,,,,,2.0,1.0,2.0,1.0,2.0,2.0,1.0,1.0,2.0,2.0,,,,1.0,4.0,5.0,9.0,,,,,,1,1,3,3,3.0,2,3,3,2,1,2,2,1,7.0,5.0,,,,,,2,1,3,2,2,2,2,4,2,2,2,4,2,1,2,2,3,3,3,1,1,1,1,2,1,5,3,0.8547120690345764,1.7031153440475464
40202,3,6,1825208,4,6,0,3,3.0,1.0,2.0,2.0,2.0,,,,,,,,,,,,,,,,,,,,,,,2,2,3,2,2.0,2,3,3,2,1,4,2,7,5.0,4.0,,,,,,2,2,2,1,2,2,2,3,3,2,2,3,2,2,2,3,2,3,4,2,2,2,1,3,1,3,1,1.8591341972351074,0.8244317770004272
40203,4,16,98883,3,8,0,2,2.0,,,,,2.0,1.0,2.0,2.0,2.0,2.0,2.0,2.0,2.0,2.0,,,,1.0,,,,,,,,,1,3,4,9,,2,2,2,2,2,2,3,9,,,,,,,,2,3,3,2,1,3,2,1,3,2,3,2,1,2,1,1,1,1,1,1,2,2,1,3,1,5,5,0.9754925966262817,1.4499083757400513
40204,3,3,8173,2,3,0,3,3.0,1.0,2.0,2.0,1.0,,,,,,,,,,,,,,,,,,,,,,,1,1,3,9,,2,2,2,2,1,2,3,8,5.0,,,,,,,1,2,3,2,1,2,1,3,3,1,1,4,1,2,3,2,2,3,2,1,2,2,1,9,1,98,3,0.3263285458087921,0.20149792730808258
40205,4,12,149564,4,3,0,2,2.0,,,,,2.0,1.0,2.0,1.0,2.0,2.0,1.0,1.0,2.0,2.0,,,,1.0,4.0,5.0,9.0,,,,,,1,1,3,9,,2,2,3,2,2,3,3,3,,,,,,,,2,3,2,2,2,2,2,2,1,1,2,4,1,2,2,1,1,2,2,1,2,2,1,3,2,98,6,2.608217477798462,4.839892864227295
40206,2,4,139618,4,4,0,1,1.0,,,,,2.0,1.0,2.0,2.0,2.0,2.0,1.0,1.0,2.0,2.0,,,,1.0,4.0,9.0,,,,,,,3,3,4,1,1.0,3,1,2,2,4,3,3,9,,,,,,,,2,3,1,2,3,2,3,2,3,2,3,1,1,2,3,1,2,2,2,1,2,2,1,4,1,4,2,1.4281843900680542,2.5916168689727783
40207,3,6,1825208,4,6,0,3,3.0,1.0,2.0,2.0,2.0,,,,,,,,,,,,,,,,,,,,,,,1,1,9,1,1.0,2,2,1,1,1,2,2,5,4.0,,,,,,,2,2,2,2,2,2,2,2,2,2,2,2,2,2,2,2,3,2,3,1,1,1,2,5,1,5,1,2.0968945026397705,0.8912164568901062
40211,4,14,86419,3,7,0,3,3.0,1.0,1.0,1.0,1.0,,,,,,,,,,,,,,,,,,,,,,,1,2,2,3,3.0,1,4,3,2,2,2,3,7,5.0,2.0,3.0,8.0,,,,2,2,4,1,1,1,2,3,3,2,2,4,1,2,3,2,3,3,3,1,1,1,1,4,1,6,3,0.8376485109329224,0.539604127407074
40212,2,3,19618,2,3,0,2,2.0,,,,,1.0,1.0,1.0,1.0,1.0,1.0,1.0,1.0,1.0,2.0,,,,1.0,2.0,3.0,4.0,5.0,6.0,7.0,8.0,9.0,2,2,2,2,2.0,3,2,3,2,4,2,1,3,1.0,4.0,,,,,,1,2,1,1,2,2,1,1,2,1,2,2,1,1,3,2,2,1,2,1,1,1,1,1,2,3,3,0.4207970201969147,0.6107873916625977
40214,3,4,139618,4,4,0,1,1.0,,,,,1.0,1.0,2.0,1.0,2.0,1.0,2.0,2.0,2.0,2.0,,,,1.0,3.0,5.0,6.0,,,,,,1,1,4,9,,3,3,3,3,3,3,2,4,,,,,,,,2,3,1,2,3,3,3,2,3,2,3,4,2,2,3,3,3,3,3,1,1,1,1,2,1,2,1,2.0968945026397705,3.7388195991516113
40215,4,16,252226,4,8,0,3,3.0,1.0,2.0,2.0,2.0,,,,,,,,,,,,,,,,,,,,,,,1,2,2,9,,3,3,3,2,2,3,4,4,8.0,1.0,,,,,,1,2,4,2,1,1,1,2,3,1,2,4,2,1,2,3,1,3,1,1,2,2,1,5,1,98,1,2.608217477798462,1.1536762714385986
40216,2,6,1825208,4,6,0,2,2.0,,,,,1.0,1.0,2.0,2.0,1.0,2.0,2.0,1.0,2.0,2.0,,,,1.0,2.0,3.0,9.0,,,,,,2,2,2,3,3.0,2,3,3,4,2,1,2,7,,,,,,,,1,2,2,1,1,2,3,2,1,1,2,2,1,1,1,4,2,3,3,2,2,2,1,2,2,5,2,1.4732301235198975,2.5003647804260254
40217,3,7,290283,4,5,0,1,1.0,,,,,1.0,1.0,2.0,2.0,1.0,2.0,2.0,2.0,2.0,2.0,,,,1.0,2.0,3.0,,,,,,,1,1,4,9,,2,2,3,2,2,2,2,5,2.0,,,,,,,1,4,2,1,3,3,2,2,2,2,3,4,2,2,4,2,3,2,3,2,2,2,1,2,5,1,3,1.8591341972351074,3.4586431980133057
40218,4,6,1825208,4,6,0,1,1.0,,,,,2.0,2.0,2.0,2.0,2.0,2.0,2.0,1.0,2.0,2.0,,,,9.0,,,,,,,,,3,3,4,9,,2,2,2,3,3,3,2,9,,,,,,,,2,4,1,9,3,3,3,1,3,2,3,4,2,2,3,3,3,3,3,1,1,1,1,3,1,2,1,2.2396583557128906,5.258913993835449
40219,4,14,119360,4,7,0,1,1.0,,,,,1.0,1.0,2.0,1.0,1.0,2.0,2.0,2.0,2.0,2.0,,,,1.0,2.0,3.0,5.0,,,,,,3,3,4,9,,3,3,2,4,2,4,2,3,,,,,,,,2,4,2,2,1,3,2,1,3,2,4,3,1,2,4,3,2,4,3,1,2,2,1,4,1,6,2,2.608217477798462,4.839892864227295
40220,3,16,252226,4,8,0,1,1.0,,,,,1.0,2.0,2.0,1.0,1.0,2.0,1.0,1.0,1.0,2.0,,,,2.0,3.0,4.0,5.0,8.0,9.0,,,,3,3,4,9,,2,2,3,2,2,2,2,5,1.0,,,,,,,1,3,3,2,2,2,2,2,3,2,2,2,2,2,3,2,4,3,2,1,2,2,1,2,1,2,1,1.80228853225708,3.584868907928467
40221,4,6,1825208,4,6,0,2,2.0,,,,,2.0,2.0,1.0,2.0,1.0,1.0,2.0,2.0,2.0,2.0,,,,2.0,6.0,7.0,,,,,,,1,2,4,3,3.0,2,2,1,2,4,1,4,6,3.0,4.0,,,,,,1,1,4,2,3,3,2,3,3,1,4,4,1,2,3,1,2,1,1,1,2,2,1,3,1,4,6,2.608217477798462,4.839892864227295
40222,3,13,441929,4,6,0,1,1.0,,,,,1.0,1.0,2.0,2.0,2.0,1.0,1.0,2.0,2.0,2.0,,,,1.0,3.0,4.0,6.0,,,,,,1,1,1,1,1.0,1,3,3,1,2,4,1,7,,,,,,,,1,1,1,1,3,2,1,1,1,1,1,2,1,1,2,3,3,4,1,1,1,1,1,4,1,4,1,2.0968945026397705,3.7388195991516113
40223,3,12,1655,1,3,1,1,,,,,,2.0,2.0,2.0,1.0,2.0,2.0,2.0,2.0,2.0,2.0,,,,5.0,,,,,,,,,3,3,9,9,,3,2,2,2,2,2,1,9,,,,,,,,2,4,3,2,2,2,2,1,3,2,3,1,1,2,2,2,2,2,2,1,2,2,1,5,1,4,1,0.2781267762184143,0.29950815439224243
40224,3,4,139618,4,4,0,3,3.0,2.0,,,1.0,,,,,,,,,,,,,,,,,,,,,,,1,1,4,3,3.0,1,4,4,1,2,2,2,3,,,,,,,,2,2,4,2,2,2,2,3,3,2,2,4,1,2,3,3,3,2,2,1,1,1,1,4,1,2,1,2.0968945026397705,0.8912164568901062
40225,3,16,57302,3,8,0,1,1.0,,,,,1.0,1.0,1.0,1.0,1.0,1.0,1.0,2.0,2.0,2.0,,,,1.0,2.0,3.0,4.0,5.0,6.0,7.0,,,3,3,9,9,,2,3,3,2,2,2,1,9,,,,,,,,2,4,1,9,3,4,3,1,3,9,3,4,2,2,3,3,3,3,3,1,2,2,1,1,9,1,1,0.6740691065788269,1.0739414691925049
40226,3,6,1825208,4,6,0,3,3.0,1.0,2.0,2.0,2.0,,,,,,,,,,,,,,,,,,,,,,,1,2,2,3,3.0,2,2,3,2,2,2,3,8,5.0,6.0,1.0,2.0,,,,2,2,4,2,1,1,3,3,3,1,2,4,2,2,3,2,3,3,3,1,2,2,1,4,4,4,3,1.80228853225708,0.854518711566925
40227,3,3,549937,4,3,0,1,1.0,,,,,1.0,1.0,1.0,1.0,1.0,2.0,1.0,2.0,2.0,2.0,,,,1.0,2.0,3.0,4.0,5.0,7.0,,,,3,3,4,9,,2,2,2,3,3,3,2,9,,,,,,,,2,4,2,1,3,3,2,2,3,2,3,4,1,2,3,2,2,3,3,1,2,2,1,2,1,4,3,1.80228853225708,3.584868907928467
40229,4,16,7409,2,8,0,3,3.0,1.0,1.0,2.0,1.0,,,,,,,,,,,,,,,,,,,,,,,1,1,1,1,1.0,1,3,4,3,2,1,1,4,5.0,,,,,,,1,1,4,1,2,3,1,1,1,1,1,3,1,1,1,3,2,2,1,1,1,1,1,1,1,6,3,0.4055202603340149,0.29559326171875
40230,2,13,441929,4,6,0,2,2.0,,,,,2.0,2.0,1.0,2.0,1.0,2.0,2.0,1.0,1.0,2.0,,,,2.0,7.0,8.0,9.0,,,,,,1,1,1,3,3.0,1,1,1,2,1,2,1,1,6.0,,,,,,,1,1,2,1,2,1,1,2,1,1,1,2,1,1,1,1,2,1,1,2,2,2,1,4,1,5,2,1.4732301235198975,2.5003647804260254
40231,3,13,441929,4,6,0,1,1.0,,,,,1.0,1.0,2.0,2.0,2.0,2.0,2.0,1.0,1.0,2.0,,,,1.0,3.0,8.0,9.0,,,,,,1,1,1,1,1.0,1,4,3,2,1,3,1,7,,,,,,,,1,1,1,1,3,1,2,1,1,1,1,1,1,1,4,3,3,2,1,1,1,1,1,4,1,4,1,2.0968945026397705,3.7388195991516113
40232,2,7,290283,4,5,0,2,2.0,,,,,1.0,1.0,1.0,1.0,2.0,2.0,2.0,1.0,2.0,2.0,,,,1.0,3.0,5.0,7.0,9.0,,,,,2,2,2,3,3.0,2,2,3,1,3,4,2,3,,,,,,,,1,2,2,1,1,3,2,2,1,1,2,2,1,1,3,1,2,4,4,2,2,2,1,2,2,6,2,1.4732301235198975,2.5003647804260254
40233,1,7,290283,4,5,0,3,3.0,1.0,1.0,1.0,1.0,,,,,,,,,,,,,,,,,,,,,,,1,1,2,2,2.0,2,2,2,2,2,2,2,6,,,,,,,,2,2,3,2,2,2,2,2,2,1,3,2,2,2,2,2,2,2,2,1,2,2,1,3,1,3,2,2.1356852054595947,0.8547725081443787
40234,2,5,1066,1,5,0,1,1.0,,,,,1.0,1.0,1.0,1.0,1.0,1.0,1.0,2.0,2.0,1.0,19.0,,JE VOTE JAMAIS PEU IMPORTE LES ELECTION,1.0,2.0,3.0,4.0,5.0,6.0,7.0,10.0,,3,3,4,9,,4,1,1,4,4,4,1,9,,,,,,,,2,4,1,1,4,4,4,1,3,2,4,4,2,2,4,4,4,3,4,1,1,1,1,2,1,2,1,0.35864144563674927,0.4015221893787384
40235,4,6,1825208,4,6,0,3,3.0,1.0,2.0,2.0,2.0,,,,,,,,,,,,,,,,,,,,,,,3,3,2,2,2.0,2,1,2,2,3,3,2,5,1.0,8.0,,,,,,2,4,2,1,3,3,2,2,3,2,3,3,1,2,2,2,3,3,1,2,1,1,1,2,1,3,4,2.3102993965148926,1.2094197273254395
40236,2,15,26377,3,7,0,1,1.0,,,,,1.0,1.0,1.0,1.0,1.0,1.0,2.0,1.0,2.0,2.0,,,,1.0,2.0,3.0,5.0,6.0,7.0,9.0,,,3,3,4,9,,2,2,2,3,2,3,2,5,4.0,2.0,1.0,3.0,,,,2,4,1,1,2,4,2,2,3,2,4,2,2,2,3,2,3,3,2,1,2,2,1,2,2,1,2,0.5341512560844421,0.7763860821723938
40237,3,3,719,1,3,1,3,,1.0,1.0,1.0,1.0,,,,,,,,,,,,,,,,,,,,,,,2,2,3,3,3.0,1,1,1,1,1,1,3,2,5.0,8.0,3.0,7.0,,,,1,1,3,1,1,1,1,4,1,1,1,4,1,1,1,1,1,1,1,2,1,1,1,5,1,7,3,0.3337962329387665,0.2387717068195343
40239,4,1,49733,3,1,0,1,1.0,,,,,1.0,1.0,1.0,1.0,1.0,1.0,1.0,2.0,1.0,2.0,,,,1.0,2.0,3.0,4.0,5.0,6.0,7.0,8.0,,3,3,4,9,,2,2,2,2,2,2,2,9,,,,,,,,1,3,3,2,2,2,2,2,3,2,2,4,2,2,2,2,2,2,2,1,2,2,1,4,1,2,3,0.9754925966262817,1.4499083757400513
40240,3,4,139618,4,4,0,3,3.0,1.0,2.0,2.0,2.0,,,,,,,,,,,,,,,,,,,,,,,1,1,2,2,2.0,2,2,2,2,2,2,2,5,,,,,,,,2,3,2,2,2,3,3,2,3,2,3,2,2,2,2,2,2,2,2,1,2,2,1,4,2,1,1,1.80228853225708,0.854518711566925
40241,3,3,549937,4,3,0,3,3.0,1.0,1.0,1.0,1.0,,,,,,,,,,,,,,,,,,,,,,,3,3,4,3,3.0,2,3,3,2,2,2,3,9,,,,,,,,2,3,4,2,1,1,1,1,3,2,3,4,1,2,3,2,3,3,4,1,2,2,1,3,1,3,3,1.80228853225708,0.854518711566925
40242,4,16,30391,3,8,0,3,3.0,1.0,1.0,1.0,1.0,,,,,,,,,,,,,,,,,,,,,,,1,3,2,9,,1,3,3,2,2,3,1,7,5.0,,,,,,,1,2,4,2,2,2,1,3,2,2,1,4,1,2,3,3,2,2,1,1,2,2,1,3,1,7,5,0.9754925966262817,0.4966069459915161
40243,4,6,1825208,4,6,0,3,3.0,1.0,1.0,1.0,1.0,,,,,,,,,,,,,,,,,,,,,,,1,1,9,9,,1,2,3,1,1,1,4,6,7.0,,,,,,,1,3,4,2,2,2,2,2,3,2,3,2,1,2,3,2,3,3,1,1,2,2,1,2,1,3,4,2.608217477798462,1.1536762714385986
40244,4,13,441929,4,6,0,3,3.0,1.0,1.0,1.0,1.0,,,,,,,,,,,,,,,,,,,,,,,2,2,2,3,3.0,2,2,2,3,3,2,2,3,,,,,,,,1,2,4,2,1,2,3,2,3,2,2,4,2,2,3,2,3,3,3,1,2,2,1,2,1,4,2,2.608217477798462,1.1536762714385986
40245,4,2,147361,4,2,0,1,1.0,,,,,2.0,2.0,2.0,2.0,1.0,2.0,2.0,2.0,2.0,2.0,,,,2.0,,,,,,,,,3,1,9,9,,1,1,2,1,2,1,2,3,4.0,,,,,,,2,4,1,9,2,3,2,1,3,2,2,4,2,2,3,2,2,2,2,1,2,2,1,2,5,1,1,2.608217477798462,4.839892864227295
40246,2,6,1825208,4,6,0,3,3.0,1.0,2.0,3.0,2.0,,,,,,,,,,,,,,,,,,,,,,,2,2,3,9,,2,2,1,3,2,2,3,5,2.0,7.0,,,,,,2,3,4,1,2,3,3,1,3,2,3,1,2,2,3,1,1,2,2,1,2,2,1,2,1,4,1,1.4281843900680542,0.6177590489387512
40247,3,13,441929,4,6,0,1,1.0,,,,,2.0,2.0,1.0,2.0,1.0,1.0,2.0,2.0,1.0,2.0,,,,2.0,6.0,7.0,8.0,,,,,,1,1,1,1,1.0,1,1,2,3,4,3,1,4,,,,,,,,1,1,1,1,2,3,1,1,1,1,1,4,1,1,1,3,3,4,2,1,1,1,1,1,1,4,1,2.0968945026397705,3.7388195991516113
40248,2,6,1825208,4,6,0,1,1.0,,,,,2.0,1.0,2.0,2.0,2.0,2.0,2.0,2.0,2.0,2.0,,,,1.0,,,,,,,,,3,3,9,9,,3,2,3,2,2,2,2,5,3.0,,,,,,,2,3,2,1,2,2,3,2,3,2,3,2,2,2,4,2,1,2,2,1,2,2,1,2,1,3,3,1.4281843900680542,2.5916168689727783
40249,6,16,90161,3,8,0,3,3.0,1.0,1.0,1.0,1.0,,,,,,,,,,,,,,,,,,,,,,,2,3,3,9,,1,1,1,1,1,1,4,2,,,,,,,,2,3,4,2,1,1,1,2,3,1,2,4,1,2,2,2,2,3,3,2,1,1,2,4,3,8,2,0.9102063179016113,0.6237942576408386
40250,3,16,7409,2,8,0,1,1.0,,,,,2.0,1.0,1.0,2.0,1.0,1.0,2.0,2.0,1.0,2.0,,,,1.0,2.0,6.0,7.0,8.0,,,,,1,1,1,1,1.0,1,3,1,2,1,2,1,1,6.0,,,,,,,1,1,1,1,1,3,2,1,1,1,1,3,1,1,4,2,3,1,3,1,1,1,1,1,1,6,3,0.3796708583831787,0.4751705229282379
40251,4,16,252226,4,8,0,3,3.0,1.0,1.0,1.0,1.0,,,,,,,,,,,,,,,,,,,,,,,2,2,2,3,3.0,2,3,3,2,2,2,2,2,5.0,3.0,,,,,,1,2,4,2,2,2,2,3,3,2,3,2,2,2,2,2,2,2,2,1,1,1,2,4,2,1,1,2.2396583557128906,1.2535582780838013
40252,3,3,549937,4,3,0,3,3.0,1.0,3.0,3.0,3.0,,,,,,,,,,,,,,,,,,,,,,,1,1,3,9,,2,2,3,2,3,2,2,3,,,,,,,,2,3,4,2,2,1,1,3,3,2,3,3,1,2,2,1,2,3,1,1,2,2,1,3,1,4,1,1.80228853225708,0.854518711566925
40253,4,13,441929,4,6,0,3,3.0,1.0,1.0,1.0,1.0,,,,,,,,,,,,,,,,,,,,,,,1,2,1,3,3.0,3,2,2,3,2,2,2,2,1.0,3.0,6.0,,,,,2,2,4,2,2,2,2,3,3,1,2,2,1,2,3,3,2,3,2,1,1,1,1,3,1,8,1,2.2396583557128906,1.2535582780838013
40254,1,6,1825208,4,6,0,3,3.0,2.0,,,2.0,,,,,,,,,,,,,,,,,,,,,,,1,1,3,3,3.0,2,2,2,2,2,2,2,3,,,,,,,,2,3,2,1,3,3,3,2,3,2,2,1,2,1,3,3,3,3,3,2,1,1,1,2,1,5,1,4.216535568237305,1.7396773099899292
40255,4,7,290283,4,5,0,3,3.0,1.0,1.0,1.0,1.0,,,,,,,,,,,,,,,,,,,,,,,1,1,1,3,3.0,1,3,4,2,1,1,3,3,2.0,8.0,,,,,,1,2,4,2,1,1,1,3,3,2,2,4,1,2,3,2,2,4,2,1,2,2,1,4,5,8,5,2.608217477798462,1.1536762714385986
40257,3,13,441929,4,6,0,1,1.0,,,,,1.0,2.0,1.0,2.0,1.0,1.0,2.0,2.0,2.0,2.0,,,,2.0,3.0,6.0,7.0,,,,,,1,1,1,1,1.0,1,2,1,3,4,3,1,5,,,,,,,,1,1,1,1,1,3,2,1,1,1,1,4,1,1,1,2,4,3,3,1,1,1,1,4,1,4,1,2.0968945026397705,3.7388195991516113
40259,4,1,49733,3,1,0,3,3.0,1.0,1.0,1.0,1.0,,,,,,,,,,,,,,,,,,,,,,,1,2,2,3,3.0,1,4,3,2,3,2,3,3,2.0,,,,,,,1,1,3,2,1,2,2,3,3,1,1,4,1,2,3,1,3,2,2,1,1,1,1,4,1,5,3,0.8376485109329224,0.539604127407074
40262,3,1,49733,3,1,0,3,3.0,1.0,1.0,1.0,1.0,,,,,,,,,,,,,,,,,,,,,,,1,1,2,3,3.0,2,2,2,2,2,2,2,4,5.0,2.0,1.0,6.0,7.0,,,2,2,2,2,2,2,3,2,2,2,2,4,1,2,3,2,3,3,2,1,2,2,1,3,1,98,3,0.6740691065788269,0.36783263087272644
40263,4,3,549937,4,3,0,3,3.0,1.0,1.0,1.0,1.0,,,,,,,,,,,,,,,,,,,,,,,1,1,2,3,3.0,1,4,3,2,1,1,3,7,8.0,2.0,6.0,3.0,,,,2,2,3,1,2,2,2,3,2,1,2,4,1,2,3,3,1,2,1,1,1,1,1,3,1,6,3,2.2396583557128906,1.2535582780838013
40264,4,3,549937,4,3,0,3,3.0,1.0,1.0,1.0,1.0,,,,,,,,,,,,,,,,,,,,,,,1,1,3,1,1.0,1,1,1,1,1,1,2,8,,,,,,,,1,2,4,2,1,1,1,3,3,2,2,4,1,2,1,1,1,1,1,1,2,2,1,5,1,8,2,2.608217477798462,1.1536762714385986
40265,4,6,1825208,4,6,0,3,3.0,1.0,2.0,2.0,2.0,,,,,,,,,,,,,,,,,,,,,,,1,2,3,9,,3,2,2,3,2,3,2,3,,,,,,,,2,3,2,2,2,3,3,2,3,2,2,3,2,2,3,3,2,2,2,1,1,1,1,4,1,98,3,2.2396583557128906,1.2535582780838013
40266,3,7,290283,4,5,0,1,1.0,,,,,2.0,2.0,2.0,2.0,2.0,1.0,2.0,2.0,1.0,2.0,,,,6.0,8.0,,,,,,,,3,3,4,9,,2,2,3,3,2,3,1,3,,,,,,,,1,2,2,1,2,2,3,1,3,2,3,2,2,2,4,2,4,1,1,1,1,1,1,1,3,2,1,2.0968945026397705,3.7388195991516113
40267,4,6,1825208,4,6,0,3,3.0,1.0,1.0,1.0,1.0,,,,,,,,,,,,,,,,,,,,,,,2,2,1,3,3.0,1,3,4,2,2,2,3,1,7.0,6.0,5.0,2.0,,,,2,1,3,2,1,1,2,3,3,2,1,4,2,1,4,1,4,2,2,2,2,2,2,3,1,1,1,2.6904830932617188,1.1130539178848267
40270,3,6,1825208,4,6,0,3,3.0,1.0,2.0,2.0,2.0,,,,,,,,,,,,,,,,,,,,,,,3,2,3,9,,2,2,2,2,2,2,3,8,7.0,1.0,2.0,3.0,6.0,5.0,,2,2,3,9,2,2,2,3,3,2,2,4,1,2,4,1,3,1,2,1,2,2,1,4,1,4,5,1.80228853225708,0.854518711566925
40271,3,6,1825208,4,6,0,3,3.0,1.0,2.0,2.0,2.0,,,,,,,,,,,,,,,,,,,,,,,1,2,3,9,,2,3,3,2,2,2,3,3,6.0,,,,,,,2,2,4,2,1,2,1,3,3,2,2,3,1,2,3,3,2,3,2,2,2,2,1,5,1,8,2,1.8591341972351074,0.8244317770004272
40273,4,1,426,1,1,0,3,3.0,1.0,1.0,2.0,1.0,,,,,,,,,,,,,,,,,,,,,,,2,2,2,3,3.0,2,2,2,2,2,1,3,2,4.0,3.0,,,,,,2,2,4,1,1,2,1,3,2,2,3,4,1,1,1,2,2,3,1,1,1,1,1,3,1,7,3,0.34562113881111145,0.3481054902076721
40274,4,13,441929,4,6,0,3,3.0,1.0,1.0,1.0,2.0,,,,,,,,,,,,,,,,,,,,,,,2,2,2,9,,2,2,2,2,2,2,3,6,1.0,,,,,,,2,2,2,2,1,1,1,3,2,2,2,4,1,2,3,3,3,3,3,1,2,2,2,3,1,3,3,2.608217477798462,1.1536762714385986
40275,4,16,7409,2,8,0,1,1.0,,,,,2.0,2.0,2.0,1.0,1.0,1.0,1.0,2.0,1.0,2.0,,,,2.0,4.0,5.0,6.0,8.0,,,,,1,1,1,1,1.0,1,4,2,1,3,3,1,4,6.0,5.0,,,,,,1,1,1,1,3,1,2,1,1,1,1,3,1,1,4,3,1,2,3,1,1,1,1,1,2,6,3,0.4055202603340149,0.6683597564697266
40276,4,12,25644,3,3,0,3,3.0,1.0,1.0,1.0,1.0,,,,,,,,,,,,,,,,,,,,,,,1,1,2,3,3.0,1,4,3,2,2,1,4,6,8.0,4.0,1.0,,,,,1,1,4,2,1,1,1,4,3,2,1,4,1,2,3,2,3,2,1,1,1,1,1,4,1,4,5,0.8376485109329224,0.539604127407074
40277,2,6,1825208,4,6,0,3,3.0,1.0,2.0,2.0,1.0,,,,,,,,,,,,,,,,,,,,,,,1,2,4,1,1.0,1,1,1,3,2,1,3,4,,,,,,,,2,1,3,2,3,2,1,4,1,2,2,3,2,2,2,3,3,2,2,1,1,1,1,4,1,5,2,2.324031352996826,1.1455771923065186
40278,1,6,1825208,4,6,0,2,2.0,,,,,1.0,1.0,2.0,2.0,2.0,2.0,1.0,2.0,2.0,2.0,,,,1.0,3.0,4.0,,,,,,,2,2,4,9,,3,3,3,3,3,3,2,9,,,,,,,,2,4,1,9,4,4,4,1,3,2,3,4,2,2,4,4,4,1,4,1,1,1,1,2,4,2,1,4.087610721588135,7.5646257400512695
40279,4,6,1825208,4,6,0,3,3.0,1.0,1.0,1.0,2.0,,,,,,,,,,,,,,,,,,,,,,,1,1,2,9,,4,2,1,2,4,3,3,4,,,,,,,,2,3,4,1,3,2,1,1,3,2,4,4,2,2,2,2,2,1,2,3,2,2,1,3,1,4,3,2.6904830932617188,1.1130539178848267
40280,3,6,1825208,4,6,0,2,2.0,,,,,2.0,1.0,2.0,2.0,2.0,2.0,1.0,1.0,1.0,2.0,,,,1.0,4.0,8.0,9.0,,,,,,2,3,2,9,,3,3,2,3,2,2,3,7,5.0,3.0,,,,,,2,3,3,2,1,1,2,2,2,2,2,3,2,2,2,1,2,3,1,2,1,1,1,4,1,6,3,2.163032054901123,3.607175827026367
40281,3,4,2931,1,4,0,1,1.0,,,,,2.0,2.0,2.0,2.0,2.0,2.0,1.0,1.0,2.0,2.0,,,,4.0,9.0,,,,,,,,3,3,3,9,,2,3,3,2,2,2,2,4,,,,,,,,2,3,3,1,2,3,2,1,1,2,2,3,1,2,2,2,2,2,2,1,2,2,1,3,1,3,1,0.2781267762184143,0.29950815439224243
40282,4,6,1825208,4,6,0,3,3.0,1.0,1.0,2.0,1.0,,,,,,,,,,,,,,,,,,,,,,,1,2,2,9,,1,3,3,2,2,2,3,3,,,,,,,,2,3,4,2,2,2,2,2,3,2,2,4,1,2,2,3,2,3,3,1,1,1,1,4,1,8,3,2.2396583557128906,1.2535582780838013
40283,2,3,549937,4,3,0,1,1.0,,,,,1.0,1.0,1.0,2.0,1.0,1.0,2.0,1.0,1.0,2.0,,,,1.0,2.0,3.0,6.0,7.0,8.0,9.0,,,1,1,1,1,1.0,2,3,2,2,1,1,2,2,,,,,,,,1,2,4,2,1,1,1,2,1,1,2,2,1,1,1,1,2,1,1,1,2,2,1,4,1,3,3,1.4281843900680542,2.5916168689727783
40284,3,16,252226,4,8,0,3,3.0,1.0,1.0,1.0,2.0,,,,,,,,,,,,,,,,,,,,,,,1,2,2,1,1.0,2,2,3,3,2,3,1,6,,,,,,,,1,2,2,2,2,3,2,2,2,1,2,2,1,1,2,2,2,2,2,1,2,2,1,5,1,6,3,1.80228853225708,0.854518711566925
40285,4,6,1825208,4,6,0,3,3.0,1.0,3.0,2.0,2.0,,,,,,,,,,,,,,,,,,,,,,,2,2,2,3,3.0,3,1,2,2,1,3,3,1,,,,,,,,2,3,2,2,2,3,1,2,2,2,2,3,1,1,3,3,2,2,1,3,1,1,1,3,1,1,1,2.3102993965148926,1.2094197273254395
40286,3,6,1825208,4,6,0,1,1.0,,,,,2.0,2.0,2.0,2.0,2.0,2.0,1.0,2.0,2.0,2.0,,,,4.0,,,,,,,,,2,1,1,3,3.0,2,4,4,2,1,2,3,5,2.0,3.0,1.0,,,,,2,1,2,2,1,1,2,3,3,2,2,4,2,2,3,4,4,2,3,1,2,2,1,2,1,2,4,1.80228853225708,3.584868907928467
40287,2,3,549937,4,3,0,3,3.0,1.0,1.0,1.0,1.0,,,,,,,,,,,,,,,,,,,,,,,1,1,2,9,,2,2,2,3,2,2,2,9,,,,,,,,2,2,2,9,2,2,2,3,3,2,2,2,1,2,2,2,2,2,2,1,2,2,1,3,1,4,3,1.4281843900680542,0.6177590489387512
40288,2,3,549937,4,3,0,1,1.0,,,,,1.0,1.0,2.0,2.0,1.0,2.0,1.0,1.0,2.0,2.0,,,,1.0,2.0,3.0,4.0,9.0,,,,,1,1,1,3,3.0,1,4,1,3,2,3,2,1,5.0,8.0,3.0,,,,,1,1,1,1,1,3,2,1,1,1,2,2,2,2,4,3,2,1,3,2,1,1,1,1,1,7,1,2.3973331451416016,4.636691093444824
40289,2,1,6119,2,1,0,1,1.0,,,,,2.0,2.0,2.0,2.0,2.0,2.0,2.0,2.0,2.0,2.0,,,,11.0,,,,,,,,,3,3,9,2,2.0,2,3,2,2,2,2,2,5,,,,,,,,2,3,1,1,3,3,3,1,3,1,3,4,1,2,3,4,3,3,3,1,2,2,1,3,1,8,2,0.2585919201374054,0.3293706476688385
40292,4,8,43182,3,2,0,3,3.0,1.0,1.0,1.0,1.0,,,,,,,,,,,,,,,,,,,,,,,1,2,3,3,3.0,1,2,3,2,2,3,2,6,3.0,,,,,,,2,3,4,2,1,1,1,1,3,2,2,4,1,2,3,2,2,3,3,1,2,2,1,3,1,99,1,0.9754925966262817,0.4966069459915161
40293,2,6,1825208,4,6,0,3,3.0,1.0,1.0,1.0,1.0,,,,,,,,,,,,,,,,,,,,,,,1,2,3,9,,1,2,2,3,2,2,2,3,,,,,,,,1,3,4,2,1,1,1,2,3,2,2,4,1,2,3,2,2,2,2,1,1,1,1,2,1,7,3,2.324031352996826,1.1455771923065186
40295,4,6,1825208,4,6,0,1,1.0,,,,,2.0,2.0,1.0,2.0,1.0,2.0,2.0,2.0,2.0,2.0,,,,2.0,7.0,,,,,,,,1,3,2,1,1.0,3,3,3,3,3,3,2,3,,,,,,,,2,1,2,1,3,4,2,3,3,2,1,4,1,2,3,3,3,3,3,1,2,2,2,3,1,98,5,2.608217477798462,4.839892864227295
40297,2,16,7409,2,8,0,1,1.0,,,,,1.0,2.0,1.0,2.0,2.0,1.0,2.0,1.0,1.0,2.0,,,,3.0,6.0,7.0,8.0,9.0,,,,,1,1,1,1,1.0,1,2,2,1,1,3,1,6,2.0,,,,,,,1,1,1,1,3,1,2,1,1,1,1,1,1,1,3,1,2,2,1,1,1,1,1,2,2,6,3,0.4207970201969147,0.6107873916625977
40298,3,13,441929,4,6,0,3,3.0,1.0,1.0,1.0,1.0,,,,,,,,,,,,,,,,,,,,,,,3,3,4,3,3.0,2,2,3,2,2,2,3,9,,,,,,,,2,3,3,1,2,2,2,2,3,2,2,3,1,2,3,2,2,1,4,2,2,2,2,2,1,4,3,1.8591341972351074,0.8244317770004272
40299,2,16,26982,3,8,0,3,3.0,1.0,1.0,1.0,1.0,,,,,,,,,,,,,,,,,,,,,,,1,2,1,2,2.0,2,2,2,1,3,1,2,4,8.0,1.0,,,,,,1,1,4,1,1,1,2,3,2,1,1,2,1,1,1,2,1,3,2,1,1,1,1,5,1,5,1,0.8692047595977783,0.4931209683418274
40300,2,15,79838,3,7,0,2,2.0,,,,,2.0,2.0,1.0,2.0,1.0,2.0,1.0,2.0,1.0,2.0,,,,2.0,4.0,7.0,8.0,,,,,,2,2,2,3,3.0,2,3,3,2,4,1,2,8,,,,,,,,1,2,2,1,2,1,3,2,2,1,2,2,1,1,4,1,3,3,2,2,2,2,1,2,2,5,2,0.5509987473487854,0.7490490078926086
40301,4,6,1825208,4,6,0,1,1.0,,,,,2.0,2.0,2.0,2.0,2.0,2.0,2.0,2.0,2.0,1.0,19.0,,DO NOT VOTE,10.0,,,,,,,,,2,3,3,9,,3,3,3,3,2,3,2,3,5.0,,,,,,,2,3,2,9,3,3,3,1,9,9,3,4,1,2,3,2,3,2,2,2,2,2,9,5,1,5,3,2.6904830932617188,4.669473648071289
40302,2,3,549937,4,3,0,1,1.0,,,,,1.0,1.0,1.0,2.0,1.0,1.0,2.0,2.0,2.0,2.0,,,,1.0,2.0,3.0,6.0,7.0,,,,,1,3,4,9,,2,2,2,3,2,3,3,3,5.0,4.0,,,,,,2,4,3,2,2,1,2,2,3,2,3,4,2,2,3,3,3,3,2,1,2,2,1,4,1,5,2,1.4281843900680542,2.5916168689727783
40303,1,6,1825208,4,6,0,3,3.0,1.0,1.0,1.0,2.0,,,,,,,,,,,,,,,,,,,,,,,1,1,2,1,1.0,3,2,2,2,2,2,2,2,,,,,,,,1,2,3,1,1,2,2,2,1,2,2,4,2,2,2,2,3,1,3,1,1,1,1,4,4,6,1,4.087610721588135,1.8031679391860962
40304,4,7,290283,4,5,0,1,1.0,,,,,2.0,1.0,2.0,2.0,2.0,2.0,2.0,2.0,2.0,2.0,,,,1.0,,,,,,,,,1,3,4,9,,1,3,3,2,1,3,3,3,,,,,,,,2,3,2,2,1,1,1,2,3,2,2,4,1,2,2,1,2,3,2,1,2,2,1,4,1,5,1,2.608217477798462,4.839892864227295
40306,4,17,79153,3,4,0,2,2.0,,,,,2.0,2.0,2.0,2.0,2.0,2.0,1.0,1.0,2.0,2.0,,,,4.0,9.0,,,,,,,,1,3,4,9,,2,2,2,3,2,3,3,5,,,,,,,,2,2,3,1,2,2,2,2,3,2,3,4,1,2,3,2,3,3,2,1,2,2,1,2,1,3,4,0.9754925966262817,1.4499083757400513
40307,3,16,252226,4,8,0,3,3.0,1.0,1.0,1.0,1.0,,,,,,,,,,,,,,,,,,,,,,,1,2,3,3,3.0,2,3,3,2,2,2,2,3,5.0,,,,,,,1,3,4,2,2,2,1,2,3,2,3,4,1,2,3,1,3,2,1,1,2,2,1,4,1,7,3,1.80228853225708,0.854518711566925
40308,4,13,441929,4,6,0,3,3.0,1.0,1.0,1.0,1.0,,,,,,,,,,,,,,,,,,,,,,,1,1,1,1,1.0,2,2,2,2,2,2,3,4,5.0,3.0,2.0,,,,,1,1,2,2,2,2,2,3,2,1,2,4,2,2,1,3,1,3,3,1,1,1,2,5,1,4,1,2.2396583557128906,1.2535582780838013
40309,3,6,1825208,4,6,0,3,3.0,1.0,1.0,1.0,1.0,,,,,,,,,,,,,,,,,,,,,,,1,3,2,9,,1,3,3,2,2,1,3,5,3.0,,,,,,,2,3,4,2,2,2,2,2,3,2,2,4,2,2,3,1,3,3,1,1,1,1,1,4,1,3,1,2.0968945026397705,0.8912164568901062
40311,4,15,61543,3,7,0,3,3.0,1.0,1.0,1.0,1.0,,,,,,,,,,,,,,,,,,,,,,,1,3,2,9,,1,3,3,2,2,2,2,9,,,,,,,,1,4,4,2,2,2,2,1,1,2,2,4,1,2,3,2,2,3,2,1,1,1,1,4,1,7,5,0.8376485109329224,0.539604127407074
40312,2,15,79838,3,7,0,2,2.0,,,,,1.0,1.0,1.0,1.0,1.0,2.0,1.0,1.0,1.0,2.0,,,,1.0,2.0,3.0,4.0,5.0,7.0,8.0,9.0,,1,1,2,2,2.0,2,1,3,1,2,1,2,2,3.0,7.0,1.0,,,,,1,2,2,2,2,1,1,2,2,1,2,2,1,1,1,1,3,2,1,2,2,2,1,2,2,7,3,0.5509987473487854,0.7490490078926086
40313,2,6,1825208,4,6,0,1,1.0,,,,,2.0,1.0,2.0,2.0,2.0,2.0,2.0,2.0,2.0,2.0,,,,1.0,,,,,,,,,3,3,4,9,,1,2,2,2,2,2,2,9,,,,,,,,2,1,2,1,2,2,2,2,3,2,2,1,2,2,3,3,3,3,3,2,2,2,1,4,1,4,1,1.4732301235198975,2.5003647804260254
40314,3,7,7465,2,5,0,1,1.0,,,,,1.0,1.0,1.0,1.0,1.0,1.0,1.0,1.0,1.0,2.0,,,,1.0,2.0,3.0,4.0,5.0,6.0,7.0,8.0,9.0,2,1,4,9,,2,1,2,2,2,2,1,4,,,,,,,,1,4,2,2,2,2,2,1,3,2,3,4,1,2,2,2,2,2,2,1,1,1,1,2,1,4,2,0.3796708583831787,0.4751705229282379
40315,4,16,57302,3,8,0,2,2.0,,,,,1.0,2.0,2.0,1.0,2.0,2.0,2.0,2.0,1.0,2.0,,,,3.0,5.0,8.0,,,,,,,2,3,4,9,,2,3,3,2,2,2,2,9,,,,,,,,2,4,3,1,2,2,3,1,3,2,2,2,2,2,3,2,3,3,2,1,1,1,1,5,1,8,2,0.8376485109329224,1.5754419565200806
40316,3,6,1825208,4,6,0,3,3.0,1.0,2.0,2.0,2.0,,,,,,,,,,,,,,,,,,,,,,,2,2,3,9,,2,2,2,2,3,1,2,2,1.0,3.0,,,,,,1,2,4,2,2,2,2,2,3,2,2,4,2,2,2,2,2,2,2,1,2,2,1,2,1,4,3,1.80228853225708,0.854518711566925
40317,4,8,43182,3,2,0,1,1.0,,,,,2.0,2.0,2.0,2.0,2.0,2.0,2.0,2.0,2.0,2.0,,,,11.0,,,,,,,,,3,3,4,9,,4,2,1,4,4,4,2,9,,,,,,,,2,4,1,9,4,4,3,1,3,2,3,4,1,2,1,1,1,1,1,1,1,1,1,2,1,2,1,0.8376485109329224,1.5754419565200806
40318,4,3,549937,4,3,0,3,3.0,1.0,1.0,1.0,1.0,,,,,,,,,,,,,,,,,,,,,,,3,1,3,1,1.0,2,2,2,2,3,2,3,3,,,,,,,,2,3,4,2,1,1,1,2,2,2,2,4,1,2,3,2,3,2,2,1,1,1,1,5,1,8,3,2.2396583557128906,1.2535582780838013
40319,4,16,57302,3,8,0,1,1.0,,,,,1.0,2.0,2.0,1.0,1.0,1.0,1.0,2.0,1.0,2.0,,,,2.0,3.0,4.0,5.0,6.0,8.0,,,,3,3,4,9,,4,2,2,3,3,3,1,9,,,,,,,,2,4,1,9,3,3,3,1,1,2,3,3,2,2,3,2,2,2,2,1,2,2,1,2,6,98,1,0.9754925966262817,1.4499083757400513
40320,3,16,90161,3,8,0,2,2.0,,,,,2.0,1.0,2.0,2.0,1.0,2.0,2.0,2.0,2.0,2.0,,,,1.0,2.0,,,,,,,,3,3,3,3,3.0,3,2,2,2,2,2,2,9,,,,,,,,2,3,3,2,2,2,2,2,3,2,3,4,1,2,3,3,3,3,3,3,2,2,2,4,1,4,1,0.6953297257423401,1.0361260175704956
40321,3,7,290283,4,5,0,2,2.0,,,,,1.0,1.0,2.0,2.0,1.0,2.0,1.0,2.0,1.0,2.0,,,,1.0,2.0,3.0,4.0,8.0,,,,,1,2,2,3,3.0,2,4,3,2,1,3,2,6,,,,,,,,1,2,2,1,2,3,1,2,1,1,2,2,1,1,3,1,3,2,4,2,2,2,1,2,2,4,3,1.8591341972351074,3.4586431980133057
40322,2,3,549937,4,3,0,3,3.0,1.0,1.0,1.0,1.0,,,,,,,,,,,,,,,,,,,,,,,1,2,3,9,,2,2,3,2,2,3,3,3,4.0,5.0,,,,,,2,3,4,2,2,2,2,2,3,9,2,4,1,2,2,2,2,2,2,1,2,2,1,5,4,98,2,1.4281843900680542,0.6177590489387512
40323,4,3,549937,4,3,0,1,1.0,,,,,1.0,1.0,2.0,1.0,1.0,1.0,2.0,2.0,2.0,2.0,,,,1.0,2.0,3.0,5.0,6.0,,,,,3,3,4,9,,2,2,2,3,2,3,2,3,,,,,,,,2,3,2,1,3,3,2,1,3,2,3,4,1,2,3,2,2,2,3,1,1,1,1,4,1,6,2,2.2396583557128906,5.258913993835449
40324,4,12,149564,4,3,0,3,3.0,1.0,1.0,1.0,1.0,,,,,,,,,,,,,,,,,,,,,,,1,3,3,3,3.0,2,2,2,2,3,2,2,4,,,,,,,,1,3,4,2,1,3,3,2,3,2,3,4,1,2,2,2,2,2,3,1,2,2,1,4,1,98,3,2.608217477798462,1.1536762714385986
40325,2,16,15057,2,8,0,2,2.0,,,,,1.0,1.0,2.0,1.0,2.0,2.0,2.0,2.0,2.0,2.0,,,,1.0,3.0,5.0,,,,,,,1,3,9,9,,3,3,4,2,2,2,2,9,,,,,,,,2,4,2,1,2,1,2,2,3,1,3,4,2,2,2,2,2,2,3,2,2,2,1,2,2,2,1,0.2667480409145355,0.3177734911441803
40326,2,16,24448,3,8,0,2,2.0,,,,,1.0,1.0,1.0,1.0,1.0,1.0,2.0,2.0,2.0,2.0,,,,1.0,2.0,3.0,5.0,6.0,7.0,,,,2,3,4,9,,4,1,1,2,4,1,1,9,,,,,,,,1,4,4,2,2,3,1,2,3,2,4,4,1,2,4,3,4,1,2,1,2,2,1,3,6,1,1,0.5341512560844421,0.7763860821723938
40327,4,3,549937,4,3,0,3,3.0,1.0,1.0,1.0,1.0,,,,,,,,,,,,,,,,,,,,,,,1,1,3,9,,2,3,2,3,2,2,2,3,,,,,,,,2,2,4,2,2,1,2,2,3,2,3,4,2,2,1,2,2,2,3,1,1,1,1,2,1,6,1,2.2396583557128906,1.2535582780838013
40329,2,13,441929,4,6,0,3,3.0,1.0,1.0,1.0,1.0,,,,,,,,,,,,,,,,,,,,,,,2,1,2,3,3.0,1,3,3,2,2,2,2,1,3.0,,,,,,,1,2,4,2,2,1,1,4,3,2,1,4,1,2,3,1,2,2,3,2,1,1,1,4,1,5,3,2.3973331451416016,1.105239748954773
40330,2,3,1436,1,3,0,1,1.0,,,,,1.0,1.0,2.0,1.0,1.0,2.0,1.0,2.0,2.0,2.0,,,,1.0,2.0,3.0,4.0,5.0,,,,,1,3,4,3,3.0,2,3,4,2,2,2,2,5,8.0,4.0,1.0,,,,,2,3,2,1,3,3,2,2,3,1,3,4,2,2,2,1,3,2,3,2,2,2,1,4,1,6,9,0.22734686732292175,0.20890000462532043
40331,2,7,290283,4,5,0,3,3.0,1.0,1.0,2.0,1.0,,,,,,,,,,,,,,,,,,,,,,,1,3,3,9,,1,2,3,2,2,2,3,3,1.0,4.0,,,,,,2,3,4,2,1,1,1,1,3,2,4,4,2,2,4,1,1,3,2,1,2,2,1,3,1,2,1,1.4281843900680542,0.6177590489387512
40332,2,15,45467,3,7,0,3,3.0,1.0,1.0,1.0,1.0,,,,,,,,,,,,,,,,,,,,,,,1,3,3,9,,1,4,3,2,2,2,4,1,,,,,,,,1,3,3,2,1,1,3,2,3,1,3,3,1,1,2,1,4,1,1,1,1,1,1,2,1,5,3,0.8692047595977783,0.4931209683418274
40333,3,3,549937,4,3,0,2,2.0,,,,,2.0,2.0,1.0,2.0,1.0,1.0,2.0,2.0,1.0,2.0,,,,2.0,6.0,7.0,8.0,,,,,,2,2,2,3,3.0,2,4,2,3,4,1,2,5,,,,,,,,1,2,2,1,3,1,2,2,2,1,2,2,1,1,2,3,4,4,1,2,2,2,1,2,2,5,3,1.8591341972351074,3.4586431980133057
40335,2,15,79838,3,7,0,3,3.0,2.0,,,2.0,,,,,,,,,,,,,,,,,,,,,,,1,1,1,3,3.0,1,1,1,1,2,1,3,3,,,,,,,,1,1,4,1,2,1,1,3,1,1,1,3,1,1,1,1,2,2,1,1,2,2,1,4,1,3,3,0.5341512560844421,0.26591959595680237
40336,3,13,441929,4,6,0,2,2.0,,,,,1.0,1.0,1.0,2.0,1.0,2.0,2.0,1.0,2.0,2.0,,,,1.0,2.0,3.0,7.0,9.0,,,,,2,2,2,3,3.0,2,4,1,4,3,3,2,2,,,,,,,,1,2,2,1,1,3,2,2,1,1,2,2,1,1,4,4,1,3,2,2,2,2,1,2,2,5,3,1.8591341972351074,3.4586431980133057
40337,3,16,57302,3,8,0,3,3.0,1.0,2.0,3.0,4.0,,,,,,,,,,,,,,,,,,,,,,,1,1,2,3,3.0,2,2,3,2,2,3,3,2,3.0,1.0,,,,,,1,2,4,2,1,2,2,2,3,2,3,4,2,2,3,3,2,3,1,1,2,2,1,3,1,98,1,0.6740691065788269,0.36783263087272644
40338,4,6,1825208,4,6,0,1,1.0,,,,,1.0,2.0,1.0,2.0,1.0,1.0,2.0,2.0,2.0,2.0,,,,2.0,3.0,6.0,7.0,,,,,,3,3,4,3,3.0,2,3,2,2,2,2,3,9,,,,,,,,2,4,2,1,2,3,3,1,3,2,4,2,2,2,2,2,1,2,1,1,1,1,1,5,1,6,2,2.2396583557128906,5.258913993835449
40339,4,6,1825208,4,6,0,3,3.0,1.0,2.0,2.0,1.0,,,,,,,,,,,,,,,,,,,,,,,1,2,3,9,,1,2,2,2,2,3,3,6,1.0,3.0,,,,,,1,2,4,2,2,2,2,3,3,2,2,4,1,2,3,2,2,3,1,2,1,1,2,5,1,6,2,2.3102993965148926,1.2094197273254395
40340,2,16,252226,4,8,0,1,1.0,,,,,2.0,2.0,2.0,2.0,1.0,2.0,1.0,2.0,2.0,1.0,20.0,,"NOUS DEVRIONS POUVOIR VOTER PAR INTERNET, GRÂCE À UN CODE UNIQUE ENVOYÉ PAR LA POSTE, COMME LORS",2.0,4.0,10.0,,,,,,,1,1,2,9,,2,2,3,2,2,2,2,5,3.0,4.0,,,,,,2,3,3,1,3,3,2,3,3,2,3,4,2,2,3,2,3,2,2,1,1,1,1,3,1,5,5,2.324031352996826,4.805914402008057
40341,3,16,1005,1,8,0,3,3.0,1.0,1.0,1.0,1.0,,,,,,,,,,,,,,,,,,,,,,,1,2,2,3,3.0,1,4,4,2,1,2,3,5,8.0,,,,,,,1,2,4,2,1,2,2,2,3,2,2,4,1,2,2,2,2,1,2,1,2,2,1,5,2,6,3,0.2781267762184143,0.23729513585567474
40342,3,11,2653,1,1,0,1,1.0,,,,,1.0,2.0,2.0,2.0,2.0,2.0,1.0,2.0,2.0,2.0,,,,3.0,4.0,,,,,,,,2,3,4,9,,2,2,3,2,2,2,2,2,,,,,,,,1,3,1,9,3,3,3,1,3,2,2,4,2,2,3,2,4,2,4,1,2,2,1,2,2,1,3,0.2781267762184143,0.29950815439224243
40345,3,1,612,1,1,0,3,3.0,1.0,1.0,1.0,1.0,,,,,,,,,,,,,,,,,,,,,,,1,1,2,3,3.0,1,3,3,1,1,1,2,3,6.0,2.0,5.0,1.0,4.0,,,2,2,3,2,1,1,1,2,2,2,2,4,2,2,2,1,3,2,3,1,2,2,1,3,1,4,2,0.2781267762184143,0.23729513585567474
40346,3,16,15109,2,8,0,1,1.0,,,,,1.0,1.0,2.0,1.0,1.0,2.0,1.0,2.0,1.0,2.0,,,,1.0,2.0,3.0,4.0,5.0,8.0,,,,2,3,4,9,,2,1,3,3,2,2,2,9,,,,,,,,2,4,3,1,2,3,3,1,3,2,3,4,1,2,3,3,3,3,3,1,2,2,1,3,5,4,3,0.3263285458087921,0.45560455322265625
40347,2,15,1384,1,7,0,1,1.0,,,,,1.0,2.0,2.0,1.0,2.0,2.0,1.0,2.0,2.0,2.0,,,,3.0,4.0,5.0,,,,,,,3,3,4,9,,3,2,4,2,4,4,1,6,8.0,1.0,,,,,,1,4,1,1,4,4,4,1,3,2,3,2,2,2,4,1,4,1,4,1,2,2,1,2,5,1,3,0.22039549052715302,0.21652396023273468
40348,3,14,1051,1,7,0,3,3.0,1.0,1.0,1.0,3.0,,,,,,,,,,,,,,,,,,,,,,,1,1,2,9,,3,3,3,3,2,3,3,5,,,,,,,,2,2,4,2,2,2,2,3,3,1,3,3,1,2,2,2,2,3,1,1,2,2,1,4,1,5,3,0.2781267762184143,0.23729513585567474
40349,3,16,1354,1,8,1,1,,,,,,2.0,1.0,2.0,2.0,2.0,2.0,1.0,2.0,2.0,2.0,,,,1.0,4.0,,,,,,,,3,3,3,9,,2,3,3,2,2,2,2,9,,,,,,,,2,3,3,2,2,2,2,2,3,2,2,3,1,2,2,2,2,2,2,1,2,2,1,3,1,6,3,0.2781267762184143,0.29950815439224243
40350,3,12,4918,1,3,0,3,3.0,1.0,1.0,1.0,1.0,,,,,,,,,,,,,,,,,,,,,,,1,1,9,3,3.0,2,3,2,2,2,2,2,4,5.0,8.0,,,,,,1,2,3,1,2,2,2,2,1,1,2,4,1,1,3,2,2,2,2,1,2,2,1,9,1,6,3,0.2781267762184143,0.23729513585567474
40352,3,6,19907,2,6,0,2,2.0,,,,,2.0,1.0,1.0,2.0,2.0,2.0,1.0,1.0,1.0,2.0,,,,1.0,4.0,7.0,8.0,9.0,,,,,1,1,1,1,1.0,1,2,3,1,2,1,1,3,4.0,6.0,,,,,,1,1,2,1,3,2,1,3,1,1,1,3,1,1,2,2,3,1,1,2,2,2,1,2,1,3,1,0.3366211950778961,0.4395623803138733
40353,2,16,13441,2,8,0,1,1.0,,,,,1.0,1.0,2.0,1.0,1.0,1.0,2.0,2.0,2.0,2.0,,,,1.0,2.0,3.0,5.0,6.0,,,,,1,1,4,3,3.0,1,2,2,2,1,2,2,2,5.0,4.0,3.0,7.0,,,,1,4,3,1,1,3,2,2,2,2,3,1,1,2,3,2,1,3,1,1,1,1,1,2,1,4,3,0.4207970201969147,0.6107873916625977
40354,3,3,8098,2,3,0,3,3.0,1.0,1.0,1.0,1.0,,,,,,,,,,,,,,,,,,,,,,,1,1,2,9,,2,3,3,2,2,2,3,7,6.0,4.0,,,,,,2,2,3,9,1,2,2,3,3,1,2,4,1,2,2,1,2,2,1,1,2,2,1,5,1,8,2,0.3263285458087921,0.20149792730808258
40355,3,6,19907,2,6,0,1,1.0,,,,,2.0,2.0,2.0,2.0,2.0,2.0,2.0,2.0,2.0,2.0,,,,11.0,,,,,,,,,3,3,9,9,,3,2,3,2,2,3,2,9,,,,,,,,2,3,2,9,3,3,4,3,3,2,3,3,1,2,3,4,3,4,3,2,1,1,2,4,1,6,2,0.39164605736732483,0.4584394693374634
40356,2,3,9367,2,3,0,3,3.0,1.0,2.0,2.0,2.0,,,,,,,,,,,,,,,,,,,,,,,1,3,2,9,,2,3,3,2,2,3,3,5,6.0,,,,,,,2,2,3,2,2,2,2,3,3,2,1,2,1,2,2,2,2,2,2,1,2,2,1,4,9,8,3,0.2585919201374054,0.14566975831985474
40357,1,12,1655,1,3,1,1,,,,,,2.0,2.0,2.0,1.0,1.0,2.0,2.0,2.0,2.0,2.0,,,,2.0,5.0,,,,,,,,2,3,3,3,3.0,2,3,3,2,2,2,2,3,,,,,,,,2,3,2,1,3,3,3,2,3,2,2,2,1,2,3,2,3,2,3,1,2,2,1,4,4,4,6,0.32957592606544495,0.2995974123477936
40359,2,16,17371,2,8,0,3,3.0,1.0,1.0,1.0,1.0,,,,,,,,,,,,,,,,,,,,,,,1,2,4,9,,1,2,3,2,1,1,4,5,3.0,4.0,,,,,,2,2,4,2,1,1,3,2,3,1,3,1,2,2,2,1,1,2,3,1,1,1,1,4,1,8,2,0.4207970201969147,0.2701301574707031
40360,2,17,979,1,4,0,1,1.0,,,,,1.0,1.0,1.0,1.0,1.0,1.0,1.0,2.0,2.0,2.0,,,,1.0,2.0,3.0,4.0,5.0,6.0,7.0,,,3,3,4,9,,2,2,1,4,2,3,1,9,,,,,,,,2,4,1,1,3,4,3,2,3,2,3,4,2,2,3,2,2,2,2,1,1,1,1,2,1,5,1,0.35864144563674927,0.4015221893787384
40361,3,15,17726,2,7,0,1,1.0,,,,,2.0,1.0,2.0,2.0,2.0,2.0,1.0,2.0,2.0,2.0,,,,1.0,4.0,,,,,,,,1,3,4,2,2.0,2,1,2,2,1,4,2,3,7.0,4.0,,,,,,2,2,3,2,2,3,3,2,1,2,3,3,1,2,2,2,2,2,2,1,2,2,1,3,1,7,3,0.3263285458087921,0.45560455322265625
40362,3,17,2646,1,4,0,3,3.0,1.0,1.0,2.0,1.0,,,,,,,,,,,,,,,,,,,,,,,1,2,2,2,2.0,3,2,1,3,3,4,3,8,4.0,,,,,,,1,4,2,1,2,3,2,2,3,2,3,4,1,2,3,2,2,2,2,1,2,2,1,2,1,98,3,0.2781267762184143,0.23729513585567474
40363,2,1,14178,2,1,0,3,3.0,1.0,1.0,2.0,1.0,,,,,,,,,,,,,,,,,,,,,,,1,1,2,2,2.0,1,2,1,2,2,3,2,3,,,,,,,,2,1,2,2,2,2,1,4,2,1,2,4,1,1,2,2,1,3,1,1,2,2,1,4,1,2,1,0.2585919201374054,0.14566975831985474
40364,3,16,2733,1,8,0,3,3.0,1.0,2.0,2.0,2.0,,,,,,,,,,,,,,,,,,,,,,,1,1,2,2,2.0,3,2,2,2,2,2,2,2,,,,,,,,2,2,2,2,2,2,2,2,2,9,3,4,1,2,3,2,3,2,3,1,2,2,1,2,1,5,3,0.2781267762184143,0.23729513585567474
40365,2,15,4545,1,7,0,1,1.0,,,,,1.0,1.0,2.0,1.0,1.0,2.0,2.0,2.0,1.0,2.0,,,,1.0,2.0,3.0,5.0,8.0,,,,,3,3,4,1,1.0,3,2,3,3,2,3,2,2,,,,,,,,2,3,3,9,3,2,2,1,3,2,3,2,2,2,3,2,3,3,2,1,2,2,1,4,5,1,3,0.22039549052715302,0.21652396023273468
40366,2,6,4094,1,6,0,2,2.0,,,,,2.0,2.0,1.0,1.0,1.0,1.0,1.0,2.0,2.0,2.0,,,,2.0,4.0,5.0,6.0,7.0,,,,,1,1,1,1,1.0,1,1,3,2,3,4,1,4,,,,,,,,1,1,2,1,1,2,3,2,2,1,1,2,1,1,3,4,4,1,2,1,2,2,1,2,2,6,3,0.22039549052715302,0.21652396023273468
40367,3,16,7409,2,8,0,1,1.0,,,,,1.0,1.0,2.0,2.0,1.0,2.0,1.0,2.0,2.0,2.0,,,,1.0,2.0,3.0,4.0,,,,,,3,3,9,9,,2,3,3,2,2,2,1,7,2.0,,,,,,,2,3,3,1,3,3,3,1,3,2,3,4,1,2,3,1,2,3,2,1,2,2,1,3,1,3,1,0.3263285458087921,0.45560455322265625
40368,2,14,14683,2,7,0,2,2.0,,,,,2.0,2.0,1.0,1.0,2.0,2.0,1.0,1.0,1.0,2.0,,,,4.0,5.0,7.0,8.0,9.0,,,,,1,1,2,1,1.0,1,3,4,1,2,3,1,3,,,,,,,,1,2,2,1,1,3,2,2,1,1,2,2,1,1,3,1,2,4,3,1,2,2,1,2,2,6,2,0.2585919201374054,0.3293706476688385
40369,3,17,2646,1,4,0,1,1.0,,,,,1.0,1.0,2.0,1.0,1.0,2.0,2.0,1.0,2.0,2.0,,,,1.0,2.0,3.0,5.0,9.0,,,,,1,1,1,3,3.0,1,3,3,4,2,1,1,4,6.0,1.0,,,,,,1,1,2,1,1,2,3,2,1,1,1,2,1,1,3,2,1,4,3,2,2,2,1,2,1,7,1,0.2868990898132324,0.2889620363712311
40371,3,14,4348,1,7,0,3,3.0,1.0,1.0,1.0,1.0,,,,,,,,,,,,,,,,,,,,,,,1,1,2,3,3.0,2,1,1,1,2,1,3,3,4.0,,,,,,,1,2,2,1,2,2,2,3,3,2,2,4,1,2,2,1,2,2,2,1,1,1,1,2,1,99,3,0.323589950799942,0.24748627841472626
40372,3,14,11748,2,7,0,3,3.0,1.0,2.0,1.0,1.0,,,,,,,,,,,,,,,,,,,,,,,1,1,1,3,3.0,1,2,2,1,1,1,1,3,,,,,,,,1,1,4,1,2,1,1,3,1,1,1,4,1,1,1,4,2,1,2,2,2,2,1,4,1,6,3,0.3366211950778961,0.19440290331840515
40373,3,3,4515,1,3,0,3,3.0,1.0,2.0,4.0,2.0,,,,,,,,,,,,,,,,,,,,,,,3,3,4,9,,2,4,3,2,2,2,2,5,,,,,,,,2,4,4,1,3,2,2,1,3,2,3,2,1,2,3,2,3,2,3,1,1,1,1,3,1,6,2,0.323589950799942,0.24748627841472626
40374,3,5,1066,1,5,0,2,2.0,,,,,2.0,1.0,1.0,2.0,2.0,2.0,2.0,2.0,2.0,2.0,,,,1.0,7.0,,,,,,,,1,1,2,1,1.0,2,3,2,1,4,3,2,7,4.0,2.0,8.0,3.0,6.0,5.0,1.0,1,2,2,1,2,1,3,2,1,1,2,2,1,1,1,3,2,4,3,1,2,2,1,2,1,4,2,0.2781267762184143,0.29950815439224243
40375,2,15,4467,1,7,0,1,1.0,,,,,2.0,2.0,2.0,2.0,1.0,1.0,2.0,2.0,2.0,2.0,,,,2.0,6.0,,,,,,,,2,1,3,9,,3,2,2,2,2,3,2,3,5.0,4.0,8.0,,,,,2,3,1,1,3,3,2,3,3,2,3,3,2,2,4,4,4,4,4,1,2,2,1,1,1,2,9,0.22039549052715302,0.21652396023273468
40376,3,12,695,1,3,0,3,3.0,1.0,2.0,2.0,1.0,,,,,,,,,,,,,,,,,,,,,,,1,1,3,9,,2,3,2,2,3,2,3,1,4.0,2.0,,,,,,1,2,3,2,1,2,4,3,2,2,2,4,1,1,2,3,1,2,2,1,2,2,1,2,1,3,3,0.2781267762184143,0.23729513585567474
40378,3,3,3870,1,3,0,3,3.0,1.0,2.0,2.0,2.0,,,,,,,,,,,,,,,,,,,,,,,2,3,3,9,,3,2,2,3,2,3,3,1,8.0,,,,,,,1,2,4,2,1,2,2,2,3,2,3,4,1,2,3,2,2,2,2,1,2,2,1,5,1,4,1,0.2781267762184143,0.23729513585567474
40379,2,12,1041,1,3,0,1,1.0,,,,,1.0,1.0,2.0,1.0,2.0,2.0,1.0,2.0,2.0,2.0,,,,1.0,3.0,4.0,5.0,,,,,,3,3,4,9,,2,3,2,2,2,2,3,4,,,,,,,,2,4,4,2,1,1,2,1,3,2,4,1,2,2,3,2,2,1,2,1,2,2,1,3,1,2,4,0.22039549052715302,0.21652396023273468
40380,3,6,7472,2,6,0,2,2.0,,,,,1.0,2.0,2.0,2.0,2.0,2.0,1.0,1.0,1.0,2.0,,,,3.0,4.0,8.0,9.0,,,,,,2,2,2,3,3.0,2,4,1,3,3,2,2,8,,,,,,,,1,2,2,1,1,3,2,2,2,1,2,2,1,1,4,3,3,1,2,2,2,2,1,2,2,5,3,0.3366211950778961,0.4395623803138733
40381,2,16,19183,2,8,0,3,3.0,1.0,1.0,2.0,1.0,,,,,,,,,,,,,,,,,,,,,,,1,2,2,9,,2,3,3,2,2,3,3,5,7.0,1.0,8.0,,,,,1,1,4,1,1,1,1,3,3,2,2,2,1,1,3,3,3,3,2,1,2,2,2,5,1,6,2,0.2585919201374054,0.14566975831985474
40382,2,12,2566,1,3,1,1,,,,,,2.0,2.0,2.0,2.0,1.0,2.0,1.0,2.0,2.0,2.0,,,,2.0,4.0,,,,,,,,3,3,4,9,,2,2,2,2,2,2,3,9,,,,,,,,2,4,2,1,3,3,3,1,3,2,4,3,1,2,3,3,3,3,3,1,2,2,1,2,5,6,3,0.22039549052715302,0.21652396023273468
40384,3,16,8395,2,8,0,1,1.0,,,,,2.0,1.0,2.0,2.0,1.0,1.0,2.0,2.0,1.0,2.0,,,,1.0,2.0,6.0,8.0,,,,,,2,3,4,9,,2,4,4,2,1,2,2,1,,,,,,,,2,4,3,1,2,2,2,2,3,2,2,2,1,2,3,1,3,2,3,2,2,2,1,5,1,8,2,0.3366211950778961,0.4395623803138733
40386,1,15,10510,2,7,0,2,2.0,,,,,1.0,2.0,2.0,1.0,1.0,2.0,2.0,1.0,2.0,2.0,,,,2.0,3.0,5.0,9.0,,,,,,2,2,2,3,3.0,2,2,4,3,1,3,2,1,,,,,,,,1,2,2,1,1,2,3,2,2,1,2,2,1,1,4,3,4,2,1,2,2,2,1,2,2,4,3,0.3988909423351288,0.4396929442882538
40387,3,17,2097,1,4,0,1,1.0,,,,,2.0,2.0,2.0,2.0,2.0,2.0,2.0,2.0,2.0,2.0,,,,11.0,,,,,,,,,1,3,4,9,,3,2,2,3,3,4,1,9,,,,,,,,1,4,3,1,2,4,4,2,3,2,4,2,2,2,3,2,2,3,3,1,2,2,1,3,1,2,2,0.2781267762184143,0.29950815439224243
40388,2,6,4094,1,6,0,1,1.0,,,,,2.0,1.0,2.0,1.0,2.0,2.0,1.0,2.0,2.0,2.0,,,,1.0,4.0,5.0,,,,,,,3,3,4,9,,2,2,2,2,2,2,2,9,,,,,,,,2,3,2,9,3,3,3,1,3,2,3,2,2,2,2,2,2,2,2,1,2,2,1,2,1,2,1,0.22039549052715302,0.21652396023273468
40390,2,3,19618,2,3,0,1,1.0,,,,,2.0,2.0,2.0,2.0,1.0,1.0,2.0,2.0,2.0,2.0,,,,2.0,6.0,,,,,,,,3,3,4,9,,2,2,2,3,3,2,3,3,,,,,,,,2,3,2,2,3,3,3,3,3,2,3,4,1,2,3,2,2,3,2,1,2,2,1,4,1,98,5,0.2585919201374054,0.3293706476688385
40391,2,6,5048,2,6,0,3,3.0,1.0,1.0,1.0,1.0,,,,,,,,,,,,,,,,,,,,,,,1,3,4,9,,3,2,3,2,1,2,3,5,7.0,4.0,8.0,1.0,,,,1,4,2,2,1,1,2,1,3,2,2,2,2,2,4,4,4,4,4,2,2,2,1,5,5,8,3,0.2667480409145355,0.14054054021835327
40392,2,12,1808,1,3,0,1,1.0,,,,,2.0,1.0,2.0,1.0,2.0,2.0,1.0,2.0,2.0,2.0,,,,1.0,4.0,5.0,,,,,,,3,3,4,9,,2,2,3,2,1,2,3,1,,,,,,,,2,4,3,2,1,1,1,2,3,1,2,1,1,2,2,1,2,2,1,1,2,2,1,3,1,6,2,0.22039549052715302,0.21652396023273468
40393,1,12,2601,1,3,0,1,1.0,,,,,1.0,1.0,2.0,2.0,2.0,2.0,1.0,2.0,2.0,2.0,,,,1.0,3.0,4.0,,,,,,,3,3,4,3,3.0,2,3,3,3,3,2,1,4,,,,,,,,2,4,1,1,1,1,4,2,3,2,4,2,2,2,3,4,3,3,4,1,2,2,1,2,1,1,4,0.32957592606544495,0.2995974123477936
40394,1,15,1294,1,7,0,2,2.0,,,,,1.0,1.0,2.0,1.0,1.0,2.0,2.0,2.0,1.0,2.0,,,,1.0,2.0,3.0,5.0,8.0,,,,,2,1,2,2,2.0,1,3,1,2,4,3,2,7,,,,,,,,1,1,2,1,3,1,2,2,1,1,1,2,1,1,1,4,2,3,3,1,2,2,1,3,2,6,3,0.32957592606544495,0.2995974123477936
40396,3,1,14178,2,1,0,3,3.0,1.0,1.0,1.0,1.0,,,,,,,,,,,,,,,,,,,,,,,1,2,3,9,,2,2,2,2,2,2,3,7,3.0,5.0,,,,,,1,2,4,2,1,1,1,3,2,2,3,4,1,2,2,1,1,2,3,1,1,1,1,4,1,8,3,0.3796708583831787,0.2101513147354126
40397,1,7,1363,1,5,0,1,1.0,,,,,2.0,1.0,1.0,1.0,1.0,1.0,1.0,1.0,2.0,2.0,,,,1.0,2.0,4.0,5.0,6.0,7.0,9.0,,,2,2,3,9,,3,2,3,3,2,2,2,5,,,,,,,,2,3,1,1,2,2,1,3,3,2,3,2,2,2,3,2,1,3,1,1,2,2,1,1,2,7,3,0.32957592606544495,0.2995974123477936
40398,3,15,13893,2,7,0,1,1.0,,,,,1.0,2.0,2.0,2.0,2.0,2.0,2.0,2.0,2.0,2.0,,,,3.0,,,,,,,,,3,3,4,9,,2,2,2,2,2,2,2,5,,,,,,,,2,4,1,9,3,4,3,1,3,2,3,3,1,2,3,2,3,3,3,1,2,2,1,4,1,5,1,0.3263285458087921,0.45560455322265625
40399,3,14,967,1,7,1,1,,,,,,1.0,1.0,1.0,1.0,1.0,1.0,1.0,2.0,2.0,2.0,,,,1.0,2.0,3.0,4.0,5.0,6.0,7.0,,,3,3,4,9,,3,1,1,3,4,3,1,1,,,,,,,,2,3,1,9,3,4,3,1,3,2,3,2,2,2,3,2,2,1,1,1,2,2,1,2,9,2,9,0.2781267762184143,0.29950815439224243
40400,2,14,4601,1,7,0,1,1.0,,,,,1.0,2.0,1.0,1.0,1.0,1.0,2.0,2.0,2.0,2.0,,,,2.0,3.0,5.0,6.0,7.0,,,,,2,2,4,3,3.0,2,3,2,2,3,1,2,5,4.0,,,,,,,2,4,1,1,4,4,4,2,3,2,3,4,2,2,2,3,2,2,4,1,2,2,1,1,2,2,1,0.22039549052715302,0.21652396023273468
40401,3,3,16723,2,3,0,3,3.0,1.0,1.0,2.0,2.0,,,,,,,,,,,,,,,,,,,,,,,2,2,2,3,3.0,3,2,3,2,1,2,3,2,7.0,6.0,8.0,,,,,1,2,2,1,2,3,2,2,2,1,2,2,1,1,1,2,2,3,3,2,1,1,1,5,1,5,3,0.39164605736732483,0.2027520090341568
40402,3,17,3085,1,4,0,3,3.0,1.0,1.0,2.0,1.0,,,,,,,,,,,,,,,,,,,,,,,2,1,2,1,1.0,2,2,1,2,1,1,1,8,2.0,1.0,,,,,,1,2,2,1,1,2,1,2,1,2,1,2,1,1,1,1,2,2,1,1,2,2,1,3,1,3,2,0.2781267762184143,0.23729513585567474
40403,2,17,2629,1,4,0,1,1.0,,,,,2.0,2.0,2.0,2.0,2.0,2.0,1.0,2.0,2.0,2.0,,,,4.0,,,,,,,,,2,3,3,9,,2,3,3,2,2,2,2,1,,,,,,,,1,3,3,2,3,1,3,1,3,2,3,4,1,2,3,2,3,3,3,1,2,2,1,4,1,5,3,0.22039549052715302,0.21652396023273468
40404,3,12,11031,2,3,0,1,1.0,,,,,1.0,1.0,1.0,1.0,1.0,1.0,1.0,2.0,2.0,2.0,,,,1.0,2.0,3.0,4.0,5.0,6.0,7.0,,,3,3,4,9,,2,3,2,2,3,2,1,1,,,,,,,,2,4,2,1,3,4,4,1,3,9,3,4,2,2,2,2,2,4,3,1,2,2,1,2,1,4,1,0.3263285458087921,0.45560455322265625
40405,1,1,612,1,1,0,2,2.0,,,,,2.0,1.0,2.0,2.0,1.0,1.0,1.0,1.0,1.0,2.0,,,,1.0,2.0,4.0,6.0,8.0,9.0,,,,3,3,3,9,,2,3,3,2,2,3,2,2,4.0,,,,,,,2,3,4,2,3,2,3,2,3,2,3,3,2,2,2,2,2,2,2,1,2,2,1,2,1,4,3,0.32957592606544495,0.2995974123477936
40406,3,16,7413,2,8,0,1,1.0,,,,,1.0,1.0,2.0,1.0,1.0,1.0,1.0,2.0,1.0,2.0,,,,1.0,2.0,3.0,4.0,5.0,6.0,8.0,,,1,3,4,3,3.0,2,1,3,2,3,2,2,4,5.0,,,,,,,2,2,3,2,3,3,2,2,1,2,3,4,1,2,3,2,3,2,3,1,2,2,1,2,1,7,9,0.3263285458087921,0.45560455322265625
40407,1,16,7409,2,8,0,2,2.0,,,,,2.0,1.0,2.0,1.0,2.0,2.0,1.0,1.0,2.0,2.0,,,,1.0,4.0,5.0,9.0,,,,,,1,2,2,3,3.0,3,2,1,1,1,1,2,6,,,,,,,,1,3,2,2,1,1,1,1,3,2,3,2,2,2,1,1,1,1,1,1,2,2,1,3,1,3,1,0.3866943120956421,0.4557398557662964
40408,2,1,739,1,1,0,1,1.0,,,,,2.0,2.0,2.0,2.0,2.0,2.0,2.0,2.0,2.0,2.0,,,,11.0,,,,,,,,,2,2,2,1,1.0,2,2,2,2,2,2,2,3,5.0,,,,,,,2,3,1,1,2,2,2,2,3,2,2,4,1,2,2,2,2,2,2,1,2,2,1,2,1,3,2,0.22039549052715302,0.21652396023273468
40409,2,3,8173,2,3,0,1,1.0,,,,,1.0,1.0,1.0,1.0,1.0,1.0,1.0,2.0,2.0,2.0,,,,1.0,2.0,3.0,4.0,5.0,6.0,7.0,,,1,3,4,9,,4,2,2,3,3,3,1,9,,,,,,,,2,4,2,1,3,3,3,1,3,2,4,3,1,2,2,3,2,2,3,1,2,2,1,2,1,3,4,0.2585919201374054,0.3293706476688385
40410,1,17,2097,1,4,0,1,1.0,,,,,1.0,1.0,2.0,1.0,1.0,1.0,2.0,2.0,2.0,2.0,,,,1.0,2.0,3.0,5.0,6.0,,,,,3,3,4,9,,2,1,2,2,1,3,2,1,,,,,,,,2,4,1,2,3,3,1,1,3,2,3,1,2,2,3,1,1,1,1,1,2,2,1,2,1,2,1,0.32957592606544495,0.2995974123477936
40411,2,16,15057,2,8,0,2,2.0,,,,,2.0,2.0,2.0,2.0,2.0,2.0,2.0,1.0,2.0,2.0,,,,9.0,,,,,,,,,1,2,4,9,,2,3,3,2,2,2,3,6,5.0,7.0,,,,,,2,2,3,1,2,2,2,3,3,1,2,4,2,2,3,2,3,2,3,1,2,2,1,2,1,2,1,0.2585919201374054,0.3293706476688385
40412,2,12,695,1,3,0,1,1.0,,,,,2.0,1.0,2.0,2.0,1.0,1.0,2.0,2.0,2.0,2.0,,,,1.0,2.0,6.0,,,,,,,3,3,4,9,,3,3,2,3,3,3,1,9,,,,,,,,2,2,3,1,3,2,2,3,3,2,4,4,1,2,3,3,2,2,3,1,1,1,1,2,1,6,1,0.35864144563674927,0.4015221893787384
40413,2,16,19183,2,8,0,2,2.0,,,,,1.0,2.0,2.0,1.0,2.0,2.0,2.0,1.0,1.0,2.0,,,,3.0,5.0,8.0,9.0,,,,,,1,1,2,3,3.0,2,4,3,2,3,1,2,4,,,,,,,,1,2,2,1,2,3,4,2,2,1,2,2,1,1,4,3,4,1,2,2,2,2,1,2,2,3,3,0.2667480409145355,0.3177734911441803
40414,2,4,7158,2,4,1,2,,,,,,2.0,2.0,1.0,2.0,1.0,2.0,1.0,2.0,2.0,2.0,,,,2.0,4.0,7.0,,,,,,,2,1,4,9,,2,3,3,2,2,2,2,3,1.0,5.0,,,,,,2,4,2,2,2,2,2,3,9,2,3,3,2,2,3,2,2,3,2,1,1,1,1,9,4,98,9,0.4207970201969147,0.6107873916625977
40416,2,13,441929,4,6,0,1,1.0,,,,,2.0,1.0,2.0,2.0,2.0,1.0,1.0,1.0,2.0,2.0,,,,1.0,4.0,6.0,9.0,,,,,,3,3,4,9,,2,3,2,3,3,2,3,9,,,,,,,,2,3,2,2,2,3,2,2,3,2,3,1,2,2,2,2,2,3,2,1,2,2,1,3,1,6,2,1.4281843900680542,2.5916168689727783
40417,3,16,7413,2,8,0,3,3.0,1.0,1.0,1.0,1.0,,,,,,,,,,,,,,,,,,,,,,,1,1,3,3,3.0,2,2,2,2,2,2,2,4,3.0,,,,,,,1,2,2,1,2,2,2,2,2,1,2,4,1,2,1,2,1,2,2,1,2,2,1,3,1,8,3,0.3263285458087921,0.20149792730808258
40418,2,12,2601,1,3,0,2,2.0,,,,,2.0,1.0,1.0,1.0,2.0,2.0,2.0,2.0,1.0,2.0,,,,1.0,5.0,7.0,8.0,,,,,,2,2,2,3,3.0,2,3,2,1,3,4,2,3,,,,,,,,1,2,2,1,3,1,2,2,2,1,2,2,1,1,4,4,2,1,3,2,2,2,1,2,2,5,3,0.22734686732292175,0.20890000462532043
40419,3,16,15057,2,8,0,1,1.0,,,,,1.0,1.0,1.0,1.0,1.0,1.0,1.0,1.0,1.0,2.0,,,,1.0,2.0,3.0,4.0,5.0,6.0,7.0,8.0,9.0,1,1,1,3,3.0,1,1,1,1,1,1,1,6,1.0,,,,,,,1,1,1,1,1,1,1,2,2,1,1,3,1,1,1,1,1,1,1,3,1,1,1,1,1,8,1,0.39164605736732483,0.4584394693374634
40420,2,6,19942,2,6,0,1,1.0,,,,,1.0,2.0,1.0,1.0,1.0,1.0,2.0,1.0,1.0,2.0,,,,2.0,3.0,5.0,6.0,7.0,8.0,9.0,,,1,2,3,2,2.0,2,2,3,4,3,1,2,1,,,,,,,,1,2,1,1,1,4,3,2,1,2,2,2,1,1,4,1,3,2,3,1,2,2,1,2,2,5,3,0.2585919201374054,0.3293706476688385
40421,2,6,19942,2,6,0,2,2.0,,,,,2.0,1.0,2.0,1.0,1.0,2.0,2.0,2.0,1.0,2.0,,,,1.0,2.0,5.0,8.0,,,,,,2,2,2,3,3.0,2,3,1,2,3,4,1,5,,,,,,,,1,2,2,1,2,3,1,2,2,1,2,2,1,1,1,3,2,4,4,2,2,2,1,2,2,3,3,0.2667480409145355,0.3177734911441803
40423,2,16,15057,2,8,0,3,3.0,1.0,2.0,2.0,2.0,,,,,,,,,,,,,,,,,,,,,,,1,2,3,3,3.0,2,2,1,2,2,2,2,7,6.0,2.0,3.0,,,,,1,2,2,1,1,1,2,2,1,1,2,2,1,1,1,2,3,3,1,1,1,1,1,2,1,3,3,0.4207970201969147,0.2701301574707031
40424,3,14,6477,2,7,0,2,2.0,,,,,1.0,1.0,1.0,2.0,1.0,2.0,2.0,2.0,2.0,2.0,,,,1.0,2.0,3.0,7.0,,,,,,1,2,4,9,,2,2,2,2,3,3,3,1,5.0,,,,,,,1,3,2,2,3,3,3,2,3,2,2,4,1,2,3,2,1,2,1,1,2,2,1,4,1,6,3,0.3263285458087921,0.45560455322265625
40425,2,4,5096,2,4,0,2,2.0,,,,,1.0,1.0,2.0,2.0,2.0,1.0,1.0,2.0,2.0,2.0,,,,1.0,3.0,4.0,6.0,,,,,,3,1,3,9,,3,2,3,3,2,3,3,1,,,,,,,,2,2,3,1,3,3,3,2,2,1,3,2,2,2,3,2,2,2,2,1,2,2,1,3,1,2,4,0.2585919201374054,0.3293706476688385
40426,3,6,19907,2,6,0,2,2.0,,,,,1.0,2.0,1.0,1.0,1.0,2.0,2.0,1.0,2.0,2.0,,,,2.0,3.0,5.0,7.0,9.0,,,,,1,1,1,3,3.0,1,2,3,3,4,1,1,1,6.0,,,,,,,1,1,4,1,1,2,3,4,1,1,1,2,1,1,3,1,3,4,2,2,2,2,1,5,1,6,2,0.3366211950778961,0.4395623803138733
40427,3,15,5988,2,7,0,3,3.0,1.0,2.0,1.0,1.0,,,,,,,,,,,,,,,,,,,,,,,2,1,2,9,,2,3,3,2,2,2,3,1,5.0,,,,,,,2,3,4,2,1,1,1,2,3,2,2,4,1,2,3,2,3,2,1,1,2,2,1,4,1,7,3,0.3263285458087921,0.20149792730808258
40428,3,5,3114,1,5,0,1,1.0,,,,,2.0,1.0,2.0,1.0,1.0,2.0,1.0,1.0,2.0,2.0,,,,1.0,2.0,4.0,5.0,9.0,,,,,2,3,9,9,,1,2,3,2,2,2,2,9,,,,,,,,2,4,2,1,2,2,3,1,3,2,3,2,1,2,3,1,2,2,2,1,1,1,2,5,1,6,2,0.323589950799942,0.3123702108860016
40431,2,5,170816,4,5,0,3,3.0,1.0,1.0,1.0,1.0,,,,,,,,,,,,,,,,,,,,,,,1,1,3,9,,2,1,2,3,3,3,4,3,,,,,,,,2,2,4,1,2,2,2,3,1,2,3,4,1,2,3,3,3,2,3,1,1,1,1,4,1,4,1,2.324031352996826,1.1455771923065186
40433,2,7,506,1,5,0,1,1.0,,,,,2.0,2.0,2.0,2.0,2.0,2.0,1.0,1.0,2.0,2.0,,,,4.0,9.0,,,,,,,,3,3,4,9,,2,1,3,2,1,1,3,4,1.0,,,,,,,2,2,1,2,1,2,1,3,2,2,4,1,2,2,2,2,2,2,2,1,2,2,1,3,2,2,1,0.22039549052715302,0.21652396023273468
40434,3,14,4926,1,7,0,1,1.0,,,,,1.0,1.0,2.0,2.0,2.0,2.0,1.0,2.0,2.0,2.0,,,,1.0,3.0,4.0,,,,,,,2,2,2,2,2.0,2,3,2,1,2,2,2,6,1.0,8.0,,,,,,1,1,3,2,2,2,1,2,2,1,2,2,1,1,1,1,2,2,2,1,1,1,1,4,2,7,4,0.323589950799942,0.3123702108860016
40438,2,16,13441,2,8,0,3,3.0,1.0,1.0,1.0,1.0,,,,,,,,,,,,,,,,,,,,,,,1,2,2,9,,2,3,3,2,1,3,3,1,8.0,5.0,4.0,,,,,1,3,4,2,1,2,2,2,3,2,3,3,1,2,3,2,3,2,3,1,2,2,1,3,5,7,2,0.2585919201374054,0.14566975831985474
40440,3,16,9406,2,8,0,1,1.0,,,,,1.0,1.0,2.0,2.0,2.0,2.0,1.0,2.0,2.0,2.0,,,,1.0,3.0,4.0,,,,,,,2,3,4,9,,1,3,3,2,2,2,3,9,,,,,,,,2,4,2,9,2,3,3,1,3,2,4,4,1,2,3,3,2,2,3,2,2,2,1,3,1,7,3,0.3366211950778961,0.4395623803138733
40441,3,7,12551,2,5,0,1,1.0,,,,,2.0,1.0,2.0,2.0,2.0,2.0,2.0,2.0,2.0,2.0,,,,1.0,,,,,,,,,3,3,4,1,1.0,3,3,3,3,1,2,2,9,,,,,,,,2,2,3,9,3,3,3,3,3,2,3,3,1,2,3,3,2,4,2,1,1,1,1,2,1,98,3,0.3796708583831787,0.4751705229282379
40444,3,12,682,1,3,0,3,3.0,1.0,1.0,2.0,1.0,,,,,,,,,,,,,,,,,,,,,,,2,3,9,9,,3,3,3,2,2,3,2,4,8.0,,,,,,,1,2,4,1,2,2,2,3,3,2,3,2,1,2,1,2,2,3,2,1,2,2,1,3,5,2,3,0.2781267762184143,0.23729513585567474
40446,3,6,19907,2,6,0,3,3.0,1.0,2.0,4.0,1.0,,,,,,,,,,,,,,,,,,,,,,,3,3,4,1,1.0,4,4,1,4,4,4,3,5,,,,,,,,2,1,4,2,4,4,1,4,3,1,4,4,2,1,4,4,4,1,4,2,1,1,1,3,3,1,1,0.39164605736732483,0.2027520090341568
40447,3,11,1015,1,1,0,3,3.0,1.0,2.0,1.0,1.0,,,,,,,,,,,,,,,,,,,,,,,1,1,3,2,2.0,3,2,1,3,1,4,2,1,,,,,,,,1,2,4,2,1,2,1,3,2,2,3,4,1,1,3,3,2,2,2,1,2,2,1,2,6,4,3,0.2781267762184143,0.23729513585567474
40451,2,7,8315,2,5,0,3,3.0,1.0,1.0,1.0,2.0,,,,,,,,,,,,,,,,,,,,,,,2,1,3,9,,2,1,1,3,3,4,2,1,,,,,,,,2,4,4,2,1,2,2,1,1,1,4,2,2,2,3,3,2,3,3,2,2,2,1,3,1,3,2,0.2667480409145355,0.14054054021835327
40458,1,3,19618,2,3,0,3,3.0,1.0,1.0,1.0,1.0,,,,,,,,,,,,,,,,,,,,,,,1,1,2,9,,2,1,1,1,1,1,1,6,8.0,7.0,5.0,,,,,1,1,2,1,2,1,3,1,2,1,2,2,1,1,3,2,1,2,2,1,2,2,1,2,1,3,1,0.3866943120956421,0.2015577256679535
40460,3,14,4601,1,7,0,3,3.0,1.0,1.0,1.0,1.0,,,,,,,,,,,,,,,,,,,,,,,1,1,3,9,,3,1,1,3,3,3,2,2,4.0,5.0,,,,,,2,4,3,2,3,3,2,3,3,2,2,3,1,2,2,1,1,1,1,1,1,1,1,5,1,4,1,0.323589950799942,0.24748627841472626
40461,3,14,6629,2,7,0,3,3.0,1.0,1.0,1.0,2.0,,,,,,,,,,,,,,,,,,,,,,,2,2,3,2,2.0,2,2,2,3,2,2,2,2,,,,,,,,2,2,2,2,2,2,2,1,3,2,3,4,1,2,4,2,2,3,2,1,2,2,1,2,1,3,2,0.3263285458087921,0.20149792730808258
40463,2,7,5986,2,5,0,2,2.0,,,,,1.0,1.0,1.0,1.0,1.0,1.0,1.0,1.0,1.0,2.0,,,,1.0,2.0,3.0,4.0,5.0,6.0,7.0,8.0,9.0,3,3,3,3,3.0,3,2,2,2,2,2,2,5,,,,,,,,2,2,2,2,2,3,3,2,9,2,2,4,2,2,2,3,2,2,2,2,2,2,1,3,5,3,4,0.2667480409145355,0.3177734911441803
40464,2,6,4094,1,6,0,3,3.0,1.0,1.0,2.0,2.0,,,,,,,,,,,,,,,,,,,,,,,1,1,2,9,,2,3,2,2,3,2,3,3,6.0,5.0,,,,,,2,2,4,2,3,2,2,2,3,2,2,4,2,2,1,1,1,1,1,1,2,2,1,5,1,4,1,0.22039549052715302,0.17154793441295624
40466,2,6,19942,2,6,0,3,3.0,1.0,1.0,1.0,1.0,,,,,,,,,,,,,,,,,,,,,,,1,2,3,3,3.0,2,3,3,2,2,2,3,5,,,,,,,,2,3,3,2,1,1,1,3,3,2,2,4,1,2,3,3,3,2,3,2,2,2,1,4,4,3,1,0.2667480409145355,0.14054054021835327
40474,2,14,3495,1,7,0,1,1.0,,,,,1.0,1.0,2.0,1.0,2.0,2.0,2.0,2.0,2.0,2.0,,,,1.0,3.0,5.0,,,,,,,3,3,4,9,,2,2,2,2,3,3,1,9,,,,,,,,2,4,3,2,2,3,2,1,3,2,4,3,2,2,3,3,2,2,3,1,2,2,1,2,1,2,3,0.22039549052715302,0.21652396023273468
40475,3,7,3799,1,5,0,2,2.0,,,,,2.0,1.0,2.0,1.0,1.0,1.0,2.0,2.0,2.0,2.0,,,,1.0,2.0,5.0,6.0,,,,,,1,3,9,3,3.0,3,2,2,3,3,3,2,3,1.0,,,,,,,2,2,3,1,2,2,3,2,3,2,3,4,1,2,3,3,3,3,2,1,2,2,1,2,1,3,4,0.2781267762184143,0.29950815439224243
40476,3,15,17726,2,7,0,1,1.0,,,,,1.0,1.0,2.0,1.0,1.0,1.0,2.0,2.0,2.0,2.0,,,,1.0,2.0,3.0,5.0,6.0,,,,,3,3,4,9,,2,2,3,3,3,3,2,2,1.0,,,,,,,2,4,2,9,4,3,2,2,3,2,2,4,1,2,2,2,2,2,3,1,2,2,1,2,1,4,2,0.3263285458087921,0.45560455322265625
40477,2,17,1387,1,4,0,3,3.0,1.0,1.0,1.0,1.0,,,,,,,,,,,,,,,,,,,,,,,3,3,4,9,,2,1,1,1,1,1,3,7,3.0,5.0,,,,,,2,3,3,1,1,1,1,1,2,2,3,1,2,2,1,1,1,1,1,1,1,1,1,2,1,2,2,0.35864144563674927,0.3181191384792328
40479,3,3,9367,2,3,0,1,1.0,,,,,1.0,1.0,1.0,1.0,1.0,1.0,1.0,2.0,1.0,2.0,,,,1.0,2.0,3.0,4.0,5.0,6.0,7.0,8.0,,3,3,9,9,,2,2,3,3,2,2,3,9,,,,,,,,2,4,1,1,3,3,2,1,3,2,4,3,1,2,2,1,3,2,1,1,2,2,1,2,1,5,3,0.3263285458087921,0.45560455322265625
40480,2,11,7350,2,1,0,1,1.0,,,,,1.0,2.0,1.0,2.0,1.0,2.0,2.0,2.0,2.0,2.0,,,,2.0,3.0,7.0,,,,,,,1,1,2,2,2.0,1,2,2,2,1,1,1,2,,,,,,,,2,2,2,2,3,1,2,3,2,9,3,1,2,2,3,3,2,1,2,1,2,2,1,2,1,1,1,0.2585919201374054,0.3293706476688385
40482,2,6,19907,2,6,0,1,1.0,,,,,1.0,1.0,2.0,2.0,1.0,1.0,2.0,2.0,2.0,2.0,,,,1.0,2.0,3.0,6.0,,,,,,3,3,4,9,,2,2,2,3,2,2,2,3,,,,,,,,2,4,2,9,3,3,3,2,9,9,3,4,1,2,3,2,2,3,2,2,2,2,1,5,1,4,9,0.2667480409145355,0.3177734911441803
40483,3,14,14683,2,7,0,3,3.0,1.0,1.0,1.0,1.0,,,,,,,,,,,,,,,,,,,,,,,1,1,1,3,3.0,1,1,1,1,1,1,1,5,,,,,,,,1,1,4,1,1,1,1,4,1,1,1,2,1,1,1,1,1,1,1,2,2,2,1,4,1,7,3,0.3366211950778961,0.19440290331840515
40484,1,14,5239,2,7,0,1,1.0,,,,,1.0,1.0,2.0,1.0,1.0,2.0,2.0,2.0,2.0,2.0,,,,1.0,2.0,3.0,5.0,,,,,,2,1,4,3,3.0,2,3,3,3,2,3,1,1,2.0,4.0,,,,,,2,4,4,2,3,3,2,1,3,2,3,4,2,2,2,3,2,1,4,1,2,2,2,9,4,6,5,0.3866943120956421,0.4557398557662964
40485,1,6,19942,2,6,0,2,2.0,,,,,1.0,2.0,2.0,1.0,2.0,1.0,2.0,2.0,1.0,2.0,,,,3.0,5.0,6.0,8.0,,,,,,2,2,2,3,3.0,2,2,4,4,1,3,2,6,,,,,,,,1,2,2,1,1,2,3,2,1,1,2,2,1,1,3,3,1,2,4,2,2,2,1,2,2,5,2,0.3988909423351288,0.4396929442882538
40486,3,3,598,1,3,0,3,3.0,1.0,1.0,1.0,1.0,,,,,,,,,,,,,,,,,,,,,,,1,1,2,3,3.0,2,4,4,1,2,1,3,1,8.0,,,,,,,1,2,4,2,1,1,1,3,2,2,2,3,1,2,2,2,3,2,3,1,2,2,1,2,1,4,2,0.2781267762184143,0.23729513585567474
40492,3,7,3799,1,5,0,1,1.0,,,,,2.0,1.0,1.0,1.0,1.0,2.0,2.0,2.0,2.0,2.0,,,,1.0,2.0,5.0,7.0,,,,,,1,1,2,9,,2,1,2,1,2,2,1,7,4.0,1.0,,,,,,1,1,3,2,2,1,1,3,1,1,1,3,1,1,2,1,1,2,1,1,2,2,1,4,1,7,3,0.2781267762184143,0.29950815439224243
40494,2,11,12320,2,1,0,1,1.0,,,,,2.0,1.0,1.0,2.0,1.0,1.0,1.0,2.0,2.0,2.0,,,,1.0,2.0,4.0,6.0,7.0,,,,,2,3,3,9,,2,2,3,2,2,2,3,5,,,,,,,,2,3,1,1,2,3,3,1,3,2,2,4,1,2,3,1,3,3,2,1,2,2,1,3,1,4,2,0.2585919201374054,0.3293706476688385
40495,3,3,3502,1,3,0,3,3.0,1.0,1.0,1.0,1.0,,,,,,,,,,,,,,,,,,,,,,,1,2,3,9,,2,2,2,3,3,3,2,7,4.0,,,,,,,2,2,4,2,2,2,2,3,2,2,2,4,1,2,2,2,2,2,2,1,2,2,1,4,1,7,3,0.2781267762184143,0.23729513585567474
40496,3,11,2710,1,1,0,1,1.0,,,,,1.0,2.0,2.0,1.0,1.0,1.0,2.0,2.0,1.0,2.0,,,,2.0,3.0,5.0,6.0,8.0,,,,,1,2,3,9,,3,2,2,2,2,2,2,3,1.0,5.0,,,,,,2,3,2,1,2,2,3,2,3,2,2,4,1,2,3,2,2,3,2,1,2,2,1,2,1,4,2,0.2781267762184143,0.29950815439224243
40497,3,1,371,1,1,0,3,3.0,1.0,1.0,1.0,1.0,,,,,,,,,,,,,,,,,,,,,,,3,3,4,9,,3,4,4,4,4,4,1,9,,,,,,,,1,4,4,9,4,4,4,4,9,9,3,4,2,2,2,2,2,2,2,1,1,1,9,1,9,99,9,0.323589950799942,0.24748627841472626
40499,2,12,639,1,3,0,1,1.0,,,,,1.0,1.0,2.0,1.0,2.0,2.0,1.0,1.0,2.0,2.0,,,,1.0,3.0,4.0,5.0,9.0,,,,,1,3,9,9,,2,3,3,2,2,2,2,1,4.0,,,,,,,2,3,3,1,3,4,2,2,3,2,3,4,2,2,2,3,2,3,3,1,1,1,1,5,1,4,1,0.35864144563674927,0.4015221893787384
40500,1,14,2348,1,7,1,2,,,,,,2.0,1.0,2.0,1.0,1.0,2.0,1.0,1.0,2.0,2.0,,,,1.0,2.0,4.0,5.0,9.0,,,,,3,3,4,9,,3,1,3,2,2,3,4,4,,,,,,,,2,3,2,2,1,1,2,3,1,2,3,4,1,2,3,2,2,2,2,1,1,1,1,3,4,8,5,0.6307944655418396,0.6320086717605591
40501,3,16,8395,2,8,0,3,3.0,1.0,1.0,1.0,1.0,,,,,,,,,,,,,,,,,,,,,,,1,1,2,3,3.0,2,2,2,3,2,2,2,8,5.0,,,,,,,1,3,4,1,1,1,1,3,3,2,2,4,1,2,2,3,1,3,3,2,1,1,1,3,1,6,3,0.39164605736732483,0.2027520090341568
40503,3,15,13893,2,7,0,2,2.0,,,,,1.0,1.0,2.0,2.0,1.0,1.0,2.0,2.0,2.0,2.0,,,,1.0,2.0,3.0,6.0,,,,,,3,3,4,9,,3,2,2,2,3,2,4,9,,,,,,,,2,4,4,2,1,2,1,2,3,2,2,4,1,2,1,2,1,3,1,1,2,2,1,4,1,8,5,0.3263285458087921,0.45560455322265625
40505,3,8,1220,1,2,0,2,2.0,,,,,2.0,2.0,2.0,2.0,2.0,2.0,1.0,2.0,2.0,1.0,10.0,,J’ÉTAIS À L’HÔPITAL,4.0,10.0,,,,,,,,1,2,3,9,,2,3,3,2,2,2,1,5,1.0,2.0,,,,,,2,3,3,1,2,2,2,2,3,1,3,2,2,2,3,3,3,3,2,1,2,2,1,2,1,3,2,0.2781267762184143,0.29950815439224243
40506,2,12,2177,1,3,0,3,3.0,1.0,2.0,2.0,1.0,,,,,,,,,,,,,,,,,,,,,,,1,1,3,3,3.0,2,3,3,2,2,2,2,7,5.0,,,,,,,1,2,4,2,1,2,3,2,2,1,2,4,1,2,2,2,3,2,2,1,1,1,1,2,1,2,2,0.35864144563674927,0.3181191384792328
40509,3,15,892,1,7,0,2,2.0,,,,,1.0,2.0,2.0,2.0,2.0,2.0,2.0,2.0,2.0,2.0,,,,3.0,,,,,,,,,2,2,4,3,3.0,2,2,2,2,2,2,2,2,,,,,,,,2,2,2,2,2,2,2,2,2,2,2,4,1,2,2,3,2,2,2,1,2,2,1,2,1,3,2,0.2781267762184143,0.29950815439224243
40510,2,9,652,1,2,1,3,,1.0,2.0,2.0,1.0,,,,,,,,,,,,,,,,,,,,,,,1,2,2,3,3.0,1,2,3,3,2,2,3,4,5.0,,,,,,,2,2,2,2,1,1,1,3,2,2,2,4,2,2,3,2,3,3,3,2,2,2,1,3,1,3,1,0.22734686732292175,0.16550791263580322
40511,3,7,11390,2,5,0,3,3.0,1.0,2.0,2.0,2.0,,,,,,,,,,,,,,,,,,,,,,,1,1,4,9,,3,2,2,3,3,3,3,2,4.0,5.0,,,,,,2,2,4,2,2,2,2,3,3,1,3,2,1,2,3,3,3,2,3,1,2,2,1,4,1,3,3,0.3263285458087921,0.20149792730808258
40512,1,7,11390,2,5,0,1,1.0,,,,,2.0,1.0,2.0,2.0,1.0,2.0,1.0,1.0,2.0,2.0,,,,1.0,2.0,4.0,9.0,,,,,,3,3,4,9,,2,2,3,3,3,3,2,1,4.0,,,,,,,2,4,3,2,3,2,1,1,2,1,3,3,2,2,3,2,2,3,3,1,2,2,1,4,4,2,5,0.3866943120956421,0.4557398557662964
40514,3,14,1703,1,7,1,1,,,,,,2.0,2.0,2.0,2.0,2.0,2.0,2.0,2.0,2.0,1.0,13.0,,"ÉLUS PAR ACCLAMATION, IL N'Y A PAS EUE VOTE.",10.0,,,,,,,,,1,1,2,3,3.0,2,2,2,2,2,2,2,1,,,,,,,,2,3,4,2,2,2,2,1,2,2,2,4,1,2,3,2,2,3,2,1,2,2,1,3,1,2,4,0.2781267762184143,0.29950815439224243
40517,3,4,4589,1,4,0,1,1.0,,,,,1.0,2.0,2.0,1.0,1.0,2.0,2.0,2.0,2.0,2.0,,,,2.0,3.0,5.0,,,,,,,1,3,4,9,,2,3,3,2,1,2,2,9,,,,,,,,1,4,2,1,3,3,3,4,3,2,3,4,1,2,3,2,3,3,3,1,2,2,1,2,1,2,3,0.2781267762184143,0.29950815439224243
40518,2,4,557,1,4,0,3,3.0,1.0,1.0,1.0,1.0,,,,,,,,,,,,,,,,,,,,,,,1,2,3,3,3.0,2,3,3,2,1,2,4,3,4.0,,,,,,,2,4,4,2,1,1,1,1,3,1,3,2,1,2,2,1,1,2,4,1,2,2,1,4,5,2,3,0.22039549052715302,0.17154793441295624
40519,1,16,7318,2,8,0,2,2.0,,,,,2.0,1.0,2.0,2.0,2.0,2.0,1.0,2.0,2.0,2.0,,,,1.0,4.0,,,,,,,,3,3,4,9,,2,3,2,2,2,2,2,4,,,,,,,,2,3,3,2,2,1,1,1,3,1,3,4,2,2,2,1,2,2,3,1,2,2,1,2,1,2,9,0.3866943120956421,0.4557398557662964
40520,3,6,1825208,4,6,0,1,1.0,,,,,2.0,1.0,2.0,2.0,2.0,2.0,2.0,2.0,2.0,2.0,,,,1.0,,,,,,,,,3,3,4,9,,2,3,2,2,3,2,3,9,,,,,,,,2,3,3,2,2,2,2,1,3,2,3,1,2,2,3,2,2,2,3,1,2,2,1,3,1,7,3,1.80228853225708,3.584868907928467
40521,2,16,1606,1,8,0,3,3.0,1.0,1.0,1.0,1.0,,,,,,,,,,,,,,,,,,,,,,,1,2,9,9,,1,3,3,2,2,2,3,5,1.0,,,,,,,2,2,3,1,1,2,1,3,3,1,1,4,1,2,2,2,2,2,2,1,2,2,1,4,1,4,3,0.22039549052715302,0.17154793441295624
40522,2,16,15057,2,8,0,1,1.0,,,,,1.0,2.0,2.0,2.0,2.0,2.0,2.0,2.0,2.0,2.0,,,,3.0,,,,,,,,,3,3,9,9,,4,3,2,4,3,3,4,9,,,,,,,,2,4,3,9,3,3,4,3,9,9,4,4,2,2,4,4,3,3,2,1,2,2,1,2,5,2,4,0.2585919201374054,0.3293706476688385
40524,2,7,12551,2,5,0,3,3.0,1.0,1.0,1.0,2.0,,,,,,,,,,,,,,,,,,,,,,,2,1,2,2,2.0,1,1,2,2,1,2,3,9,,,,,,,,1,1,4,1,1,2,1,4,1,1,2,1,2,1,2,2,1,2,2,2,2,2,1,2,2,1,1,0.2667480409145355,0.14054054021835327
40525,3,3,6293,2,3,0,3,3.0,1.0,1.0,1.0,1.0,,,,,,,,,,,,,,,,,,,,,,,1,3,2,9,,2,2,3,2,2,2,2,9,,,,,,,,1,2,2,2,2,2,2,2,2,2,3,2,1,2,2,2,2,2,2,1,2,2,1,3,1,6,3,0.3263285458087921,0.20149792730808258
40526,2,16,2289,1,8,0,1,1.0,,,,,1.0,2.0,2.0,1.0,1.0,1.0,2.0,2.0,2.0,2.0,,,,2.0,3.0,5.0,6.0,,,,,,3,3,4,9,,3,3,3,3,2,3,2,1,5.0,,,,,,,2,3,1,1,3,4,3,1,3,2,3,2,2,2,3,1,1,1,1,1,2,2,1,3,1,3,2,0.22039549052715302,0.21652396023273468
40527,2,16,964,1,8,0,2,2.0,,,,,2.0,2.0,2.0,1.0,1.0,1.0,2.0,1.0,1.0,2.0,,,,2.0,5.0,6.0,8.0,9.0,,,,,3,3,4,2,2.0,4,1,1,1,1,1,3,8,2.0,3.0,6.0,7.0,4.0,1.0,5.0,2,3,2,2,1,1,2,1,2,2,3,4,1,2,3,4,4,3,1,2,1,1,1,2,2,2,1,0.3699531853199005,0.38738495111465454
40530,2,16,15057,2,8,0,3,3.0,1.0,2.0,1.0,1.0,,,,,,,,,,,,,,,,,,,,,,,1,2,2,9,,1,3,3,2,2,3,2,3,1.0,,,,,,,2,2,4,2,2,2,1,2,2,2,3,2,2,2,3,3,2,3,3,1,2,2,1,4,1,6,2,0.2585919201374054,0.14566975831985474
40531,2,14,11748,2,7,0,1,1.0,,,,,2.0,2.0,2.0,2.0,1.0,1.0,1.0,1.0,1.0,2.0,,,,2.0,4.0,6.0,8.0,9.0,,,,,1,1,1,3,3.0,1,2,3,2,1,1,1,8,3.0,,,,,,,1,1,3,1,3,2,1,2,1,1,1,2,1,1,4,3,2,1,3,2,2,2,1,5,1,6,1,0.2667480409145355,0.3177734911441803
40532,2,5,1822,1,5,0,3,3.0,1.0,1.0,1.0,1.0,,,,,,,,,,,,,,,,,,,,,,,1,2,4,9,,1,1,4,3,1,2,3,5,,,,,,,,2,2,4,2,1,1,2,3,3,2,1,3,2,2,4,3,4,2,2,1,2,2,1,3,1,7,3,0.22039549052715302,0.17154793441295624
40533,3,6,19907,2,6,0,2,2.0,,,,,1.0,2.0,1.0,2.0,1.0,2.0,1.0,2.0,1.0,2.0,,,,2.0,3.0,4.0,7.0,8.0,,,,,1,1,1,3,3.0,1,2,1,2,3,1,1,1,7.0,6.0,,,,,,1,1,2,1,1,1,2,3,1,1,1,3,1,1,3,2,1,2,1,2,1,1,1,2,1,3,1,0.39164605736732483,0.4584394693374634
40534,1,7,5986,2,5,0,1,1.0,,,,,2.0,1.0,1.0,1.0,1.0,2.0,1.0,2.0,2.0,2.0,,,,1.0,2.0,4.0,5.0,7.0,,,,,3,3,3,9,,3,2,2,2,3,3,1,5,2.0,3.0,4.0,1.0,,,,2,3,1,1,3,3,1,2,2,2,2,4,2,2,2,3,2,2,2,2,2,2,1,2,4,4,4,0.3988909423351288,0.4396929442882538
40535,2,16,9306,2,8,0,1,1.0,,,,,1.0,2.0,1.0,1.0,1.0,1.0,2.0,2.0,1.0,2.0,,,,2.0,3.0,5.0,6.0,7.0,8.0,,,,1,2,4,3,3.0,2,3,2,3,2,1,2,2,4.0,,,,,,,2,3,2,1,3,3,3,3,3,2,3,2,1,2,2,3,2,2,3,1,1,1,1,2,1,6,3,0.4207970201969147,0.6107873916625977
40536,2,16,8258,2,8,0,2,2.0,,,,,2.0,2.0,1.0,2.0,1.0,1.0,2.0,1.0,1.0,2.0,,,,2.0,6.0,7.0,8.0,9.0,,,,,1,1,2,1,1.0,1,1,3,3,2,4,1,6,,,,,,,,1,1,1,1,3,2,1,1,1,1,2,2,1,1,1,3,3,2,4,1,2,2,1,2,2,6,4,0.2585919201374054,0.3293706476688385
40537,3,3,4414,1,3,0,3,3.0,1.0,1.0,1.0,1.0,,,,,,,,,,,,,,,,,,,,,,,1,1,3,3,3.0,1,3,3,2,2,2,4,1,7.0,5.0,,,,,,1,2,3,2,3,2,3,2,3,2,3,1,1,2,3,3,2,3,2,1,2,2,1,4,1,5,4,0.2781267762184143,0.23729513585567474
40538,2,16,17403,2,8,0,3,3.0,1.0,1.0,1.0,1.0,,,,,,,,,,,,,,,,,,,,,,,1,1,1,1,1.0,3,2,3,4,1,3,3,6,3.0,4.0,2.0,8.0,7.0,1.0,,1,2,3,2,2,1,2,3,2,1,3,1,2,1,1,2,3,1,1,1,2,2,1,3,4,7,2,0.2585919201374054,0.14566975831985474
40539,2,11,2341,1,1,0,3,3.0,1.0,1.0,1.0,1.0,,,,,,,,,,,,,,,,,,,,,,,1,1,2,3,3.0,3,3,2,2,3,2,1,7,1.0,5.0,3.0,,,,,2,2,3,2,2,2,2,3,2,2,3,4,2,2,3,2,3,2,3,1,2,2,1,2,1,2,3,0.22039549052715302,0.17154793441295624
40540,2,5,789,1,5,1,1,,,,,,1.0,1.0,2.0,1.0,2.0,1.0,2.0,2.0,1.0,2.0,,,,1.0,3.0,5.0,6.0,8.0,,,,,3,1,4,3,3.0,2,3,2,2,2,2,2,4,1.0,2.0,,,,,,2,3,3,1,3,4,1,1,3,2,2,2,1,2,2,2,2,3,2,1,1,1,1,2,6,2,3,0.35864144563674927,0.4015221893787384
40541,1,1,227,1,1,0,1,1.0,,,,,1.0,1.0,2.0,2.0,1.0,2.0,1.0,2.0,1.0,2.0,,,,1.0,2.0,3.0,4.0,8.0,,,,,2,3,9,9,,2,3,3,1,2,2,1,4,,,,,,,,2,4,1,2,4,4,4,1,2,1,3,3,2,2,1,3,4,4,4,1,2,2,1,2,6,98,9,0.32957592606544495,0.2995974123477936
40542,3,7,12551,2,5,0,1,1.0,,,,,2.0,2.0,2.0,2.0,2.0,2.0,1.0,1.0,2.0,2.0,,,,4.0,9.0,,,,,,,,1,2,9,3,3.0,1,1,1,2,1,1,2,4,7.0,5.0,3.0,,,,,1,1,3,2,1,1,1,3,3,2,3,3,2,2,2,1,1,1,3,1,2,2,1,3,1,8,5,0.3263285458087921,0.45560455322265625
40543,3,3,3280,1,3,1,1,,,,,,1.0,1.0,2.0,2.0,1.0,2.0,1.0,1.0,2.0,2.0,,,,1.0,2.0,3.0,4.0,9.0,,,,,3,3,4,2,2.0,3,1,1,4,4,3,2,3,,,,,,,,2,4,3,1,1,1,2,2,1,1,1,3,1,2,1,4,3,2,3,1,2,2,1,3,1,4,5,0.2781267762184143,0.29950815439224243
40544,2,4,10905,2,4,0,1,1.0,,,,,2.0,2.0,2.0,2.0,2.0,1.0,2.0,2.0,2.0,2.0,,,,6.0,,,,,,,,,1,1,2,3,3.0,4,2,2,3,4,4,1,2,4.0,8.0,1.0,,,,,1,1,2,2,3,1,4,1,3,2,3,2,2,2,2,3,1,3,4,1,2,2,1,2,1,2,1,0.2585919201374054,0.3293706476688385
40548,2,14,4926,1,7,0,3,3.0,1.0,1.0,1.0,1.0,,,,,,,,,,,,,,,,,,,,,,,1,1,1,3,3.0,1,1,1,2,2,1,1,3,7.0,2.0,4.0,5.0,8.0,6.0,1.0,1,1,4,1,1,1,1,4,1,1,1,2,1,1,1,1,1,1,1,2,2,2,1,4,1,5,3,0.22734686732292175,0.16550791263580322
40549,3,4,10905,2,4,0,1,1.0,,,,,2.0,2.0,1.0,1.0,2.0,1.0,2.0,1.0,1.0,2.0,,,,5.0,6.0,7.0,8.0,9.0,,,,,1,1,1,3,3.0,1,2,1,2,1,1,1,8,1.0,4.0,,,,,,1,1,2,1,2,1,1,2,1,1,1,2,1,1,1,2,2,1,1,2,2,2,1,2,1,6,1,0.3366211950778961,0.4395623803138733
40550,3,1,14178,2,1,0,3,3.0,1.0,1.0,1.0,1.0,,,,,,,,,,,,,,,,,,,,,,,1,1,1,3,3.0,1,2,1,2,1,1,4,7,5.0,3.0,,,,,,1,1,4,1,1,2,1,4,1,1,1,2,1,1,2,1,2,1,1,2,1,1,1,5,1,6,3,0.39164605736732483,0.2027520090341568
40551,3,12,11031,2,3,0,3,3.0,1.0,1.0,1.0,1.0,,,,,,,,,,,,,,,,,,,,,,,1,1,1,3,3.0,1,1,1,1,1,1,1,3,,,,,,,,2,1,4,2,1,1,1,4,1,1,1,4,2,2,1,1,1,1,1,1,2,2,1,2,5,2,9,0.3263285458087921,0.20149792730808258
40552,3,12,3510,1,3,0,3,3.0,1.0,1.0,1.0,1.0,,,,,,,,,,,,,,,,,,,,,,,1,2,2,3,3.0,1,4,2,2,3,2,3,3,,,,,,,,1,2,4,2,1,1,1,2,3,2,2,1,1,1,1,1,1,3,1,1,1,1,1,3,1,6,3,0.323589950799942,0.24748627841472626
40553,3,14,14683,2,7,0,3,3.0,1.0,1.0,1.0,2.0,,,,,,,,,,,,,,,,,,,,,,,2,2,4,9,,3,1,2,2,3,3,3,7,,,,,,,,2,2,4,2,3,2,2,3,3,2,2,4,1,2,2,2,1,2,1,1,2,2,1,3,1,7,3,0.3263285458087921,0.20149792730808258
40554,2,14,11748,2,7,0,2,2.0,,,,,2.0,2.0,2.0,2.0,1.0,2.0,1.0,1.0,2.0,2.0,,,,2.0,4.0,9.0,,,,,,,1,1,4,9,,3,2,3,3,3,3,3,1,2.0,4.0,,,,,,2,3,4,2,1,2,2,2,3,2,3,4,2,2,3,2,2,2,2,1,2,2,1,2,6,1,1,0.2585919201374054,0.3293706476688385
40555,1,15,2829,1,7,0,1,1.0,,,,,1.0,1.0,1.0,1.0,1.0,2.0,1.0,1.0,2.0,2.0,,,,1.0,2.0,3.0,4.0,5.0,7.0,9.0,,,1,1,9,9,,4,3,1,1,2,2,1,2,,,,,,,,2,3,3,9,2,4,2,3,2,2,2,2,1,1,1,1,2,1,3,1,2,2,1,2,4,1,1,0.32957592606544495,0.2995974123477936
40556,3,15,4467,1,7,0,3,3.0,1.0,1.0,1.0,1.0,,,,,,,,,,,,,,,,,,,,,,,1,2,2,9,,2,2,3,2,2,2,3,4,1.0,5.0,2.0,8.0,6.0,,,1,2,4,2,1,1,2,3,3,2,2,3,2,2,3,1,2,2,1,1,2,2,1,3,1,3,3,0.2781267762184143,0.23729513585567474
40557,2,15,4467,1,7,0,3,3.0,1.0,1.0,1.0,2.0,,,,,,,,,,,,,,,,,,,,,,,1,2,4,9,,2,1,2,2,1,1,2,8,4.0,,,,,,,2,4,3,2,2,3,3,1,1,2,2,2,1,2,3,2,2,2,1,1,2,2,1,4,1,5,2,0.22039549052715302,0.17154793441295624
40558,3,17,6642,2,4,0,1,1.0,,,,,1.0,2.0,2.0,2.0,1.0,1.0,1.0,2.0,2.0,2.0,,,,2.0,3.0,4.0,6.0,,,,,,3,3,4,9,,2,1,3,3,2,3,2,2,,,,,,,,2,4,1,1,4,4,4,1,2,2,3,4,2,2,3,2,3,2,2,1,2,2,1,2,1,2,1,0.3263285458087921,0.45560455322265625
40559,2,16,2002,1,8,0,3,3.0,1.0,1.0,1.0,1.0,,,,,,,,,,,,,,,,,,,,,,,1,1,1,3,3.0,1,2,2,2,1,4,2,1,3.0,,,,,,,2,3,2,1,4,2,4,2,3,1,2,4,1,2,1,2,2,2,1,1,2,2,1,9,5,4,3,0.22039549052715302,0.17154793441295624
40560,1,5,3114,1,5,0,3,3.0,1.0,1.0,1.0,1.0,,,,,,,,,,,,,,,,,,,,,,,1,1,4,3,3.0,1,1,2,2,2,3,3,1,3.0,7.0,2.0,4.0,,,,2,2,4,2,1,1,1,3,2,1,2,2,1,2,4,3,2,4,1,1,1,1,1,4,1,4,2,0.6307944655418396,0.5007292628288269
40561,2,6,19907,2,6,0,3,3.0,1.0,1.0,3.0,1.0,,,,,,,,,,,,,,,,,,,,,,,1,1,2,3,3.0,1,2,2,1,1,2,3,4,,,,,,,,2,2,2,1,1,1,2,3,1,2,2,3,2,2,2,2,1,3,2,2,2,2,1,4,1,3,1,0.2667480409145355,0.14054054021835327
40562,1,1,3128,1,1,0,1,1.0,,,,,1.0,1.0,1.0,2.0,1.0,1.0,2.0,2.0,2.0,2.0,,,,1.0,2.0,3.0,6.0,7.0,,,,,3,3,4,1,1.0,4,1,1,3,2,4,2,4,3.0,,,,,,,2,2,1,1,4,4,4,1,2,1,3,2,2,2,3,3,1,2,1,1,2,2,1,2,5,1,4,0.32957592606544495,0.2995974123477936
40564,1,12,2552,1,3,0,1,1.0,,,,,2.0,1.0,2.0,2.0,2.0,2.0,1.0,2.0,2.0,2.0,,,,1.0,4.0,,,,,,,,2,3,3,2,2.0,2,1,3,2,1,3,2,3,1.0,5.0,4.0,2.0,,,,2,2,4,1,2,2,3,2,3,2,3,4,1,2,3,3,3,3,3,1,2,2,1,2,1,1,2,0.32957592606544495,0.2995974123477936
40566,3,16,7409,2,8,0,2,2.0,,,,,2.0,1.0,2.0,2.0,1.0,1.0,2.0,2.0,2.0,2.0,,,,1.0,2.0,6.0,,,,,,,3,3,4,9,,4,3,2,4,3,4,2,9,,,,,,,,2,3,3,2,3,3,3,1,3,2,3,2,2,2,2,3,2,3,2,1,2,2,1,2,1,2,5,0.3263285458087921,0.45560455322265625
40567,2,7,12551,2,5,0,2,2.0,,,,,2.0,2.0,2.0,2.0,2.0,2.0,1.0,1.0,2.0,2.0,,,,4.0,9.0,,,,,,,,1,2,3,9,,2,1,3,2,3,3,2,8,7.0,,,,,,,1,3,4,2,2,3,3,2,3,2,2,2,1,2,3,3,3,3,3,1,2,2,1,3,5,98,4,0.2585919201374054,0.3293706476688385
40568,2,16,10036,2,8,0,3,3.0,1.0,1.0,1.0,1.0,,,,,,,,,,,,,,,,,,,,,,,2,2,3,3,3.0,1,3,3,2,3,2,3,3,7.0,1.0,5.0,4.0,,,,2,2,4,2,1,1,1,2,3,2,3,1,2,2,3,3,3,3,2,1,1,1,1,2,1,6,2,0.4207970201969147,0.2701301574707031
40570,3,16,8258,2,8,0,3,3.0,1.0,1.0,3.0,1.0,,,,,,,,,,,,,,,,,,,,,,,2,1,2,9,,2,3,3,2,2,2,2,4,1.0,3.0,8.0,,,,,2,2,4,1,3,2,2,2,3,1,3,4,1,2,3,2,2,2,2,1,2,2,1,3,1,6,3,0.3263285458087921,0.20149792730808258
40572,2,1,690,1,1,0,2,2.0,,,,,1.0,1.0,1.0,2.0,1.0,1.0,2.0,2.0,2.0,2.0,,,,1.0,2.0,3.0,6.0,7.0,,,,,3,3,4,9,,2,1,2,2,2,3,2,5,2.0,1.0,,,,,,2,4,3,1,3,3,3,1,3,1,3,2,2,2,3,3,2,2,3,1,2,2,1,2,1,98,2,0.22039549052715302,0.21652396023273468
40573,3,15,10367,2,7,0,3,3.0,1.0,1.0,1.0,1.0,,,,,,,,,,,,,,,,,,,,,,,2,1,2,3,3.0,1,4,3,1,2,1,3,8,7.0,2.0,1.0,,,,,1,1,4,2,2,2,1,3,3,2,1,3,1,1,2,2,1,1,3,1,1,1,1,2,1,5,3,0.3796708583831787,0.2101513147354126
40576,2,8,1503,1,2,0,1,1.0,,,,,1.0,1.0,1.0,1.0,1.0,1.0,1.0,2.0,2.0,2.0,,,,1.0,2.0,3.0,4.0,5.0,6.0,7.0,,,3,3,4,9,,3,2,1,4,3,3,3,9,,,,,,,,2,3,2,1,4,3,3,3,3,2,4,2,1,2,3,3,2,2,2,1,2,2,1,3,5,3,2,0.22039549052715302,0.21652396023273468
40579,3,3,1437,1,3,0,1,1.0,,,,,2.0,2.0,2.0,2.0,2.0,2.0,1.0,2.0,2.0,2.0,,,,4.0,,,,,,,,,3,3,4,9,,3,3,2,3,3,3,2,1,,,,,,,,2,3,2,9,1,2,2,2,3,2,3,4,2,2,3,2,3,3,3,1,1,1,1,2,5,1,4,0.323589950799942,0.3123702108860016
40580,3,12,329,1,3,0,2,2.0,,,,,1.0,1.0,1.0,1.0,2.0,2.0,2.0,2.0,1.0,2.0,,,,1.0,3.0,5.0,7.0,8.0,,,,,1,1,1,3,3.0,1,1,1,2,3,2,2,4,3.0,7.0,,,,,,1,1,2,1,3,2,1,2,1,1,1,2,1,1,1,2,3,1,2,2,2,2,1,5,1,7,5,0.2868990898132324,0.2889620363712311
40581,3,12,4918,1,3,0,1,1.0,,,,,2.0,2.0,2.0,2.0,2.0,2.0,2.0,2.0,2.0,2.0,,,,11.0,,,,,,,,,2,2,3,3,3.0,2,3,1,2,2,2,2,4,,,,,,,,2,3,2,2,2,1,2,2,2,9,3,4,2,2,2,1,2,2,2,1,2,2,1,2,1,2,4,0.2781267762184143,0.29950815439224243
40584,3,17,2143,1,4,0,3,3.0,1.0,1.0,1.0,1.0,,,,,,,,,,,,,,,,,,,,,,,1,1,1,9,,2,3,2,2,3,2,3,3,7.0,1.0,,,,,,1,2,4,2,1,1,1,2,3,2,2,3,2,2,2,2,2,2,2,1,2,2,1,2,2,98,3,0.2781267762184143,0.23729513585567474
40587,1,13,441929,4,6,0,2,2.0,,,,,1.0,1.0,1.0,2.0,2.0,2.0,2.0,1.0,2.0,2.0,,,,1.0,3.0,7.0,9.0,,,,,,3,2,2,3,3.0,2,2,2,2,1,3,3,8,3.0,2.0,,,,,,1,2,2,1,2,3,1,1,3,2,4,2,2,2,2,2,3,1,3,2,2,2,1,2,1,6,2,2.2030460834503174,3.459670305252075
40588,2,12,1313,1,3,0,3,3.0,1.0,1.0,1.0,1.0,,,,,,,,,,,,,,,,,,,,,,,1,1,3,3,3.0,2,3,3,2,2,2,3,2,5.0,1.0,,,,,,1,2,4,2,1,1,1,2,1,1,2,4,1,2,3,2,2,3,4,1,2,2,1,2,5,3,3,0.22039549052715302,0.17154793441295624
40589,2,7,11390,2,5,0,1,1.0,,,,,1.0,2.0,1.0,2.0,1.0,1.0,1.0,2.0,1.0,2.0,,,,2.0,3.0,4.0,6.0,7.0,8.0,,,,2,3,3,9,,3,3,3,2,2,2,2,4,3.0,,,,,,,2,3,2,1,2,2,2,2,3,2,3,4,2,2,2,1,2,3,2,2,2,2,1,1,1,2,1,0.2667480409145355,0.3177734911441803
40591,2,16,15057,2,8,0,3,3.0,1.0,2.0,2.0,1.0,,,,,,,,,,,,,,,,,,,,,,,3,3,3,1,1.0,2,2,2,2,2,2,2,3,,,,,,,,2,3,4,2,2,2,2,2,3,2,4,2,1,2,3,3,3,3,3,2,2,2,1,4,1,5,2,0.2667480409145355,0.14054054021835327
40592,3,15,2069,1,7,0,1,1.0,,,,,1.0,1.0,2.0,2.0,2.0,1.0,2.0,2.0,1.0,2.0,,,,1.0,3.0,6.0,8.0,,,,,,1,3,4,9,,3,2,1,3,2,3,1,9,,,,,,,,1,4,1,9,2,4,4,1,3,2,3,2,2,2,3,1,2,1,1,1,2,2,1,9,5,1,3,0.2781267762184143,0.29950815439224243
40593,3,1,1558,1,1,0,3,3.0,1.0,1.0,1.0,1.0,,,,,,,,,,,,,,,,,,,,,,,1,2,2,9,,2,2,3,1,1,1,3,8,,,,,,,,1,3,4,2,1,2,2,2,2,2,2,4,2,2,3,2,2,3,3,1,2,2,1,2,1,4,3,0.2781267762184143,0.23729513585567474
40594,3,8,534,1,2,0,1,1.0,,,,,2.0,1.0,2.0,1.0,1.0,2.0,1.0,1.0,2.0,2.0,,,,1.0,2.0,4.0,5.0,9.0,,,,,1,1,3,9,,3,2,2,3,3,3,3,4,2.0,,,,,,,2,3,2,1,2,2,2,2,2,2,3,4,1,1,3,2,2,3,3,1,2,2,1,3,1,3,4,0.2781267762184143,0.29950815439224243
40595,1,14,6629,2,7,0,3,3.0,1.0,1.0,1.0,1.0,,,,,,,,,,,,,,,,,,,,,,,1,2,1,3,3.0,4,4,1,4,4,4,4,2,7.0,8.0,4.0,1.0,5.0,,,1,1,4,2,1,1,1,2,1,2,1,4,1,2,4,1,4,2,1,1,2,2,1,3,1,3,3,0.3866943120956421,0.2015577256679535
40596,1,17,4766,1,4,0,1,1.0,,,,,2.0,1.0,2.0,2.0,2.0,2.0,2.0,1.0,2.0,2.0,,,,1.0,9.0,,,,,,,,1,3,2,9,,1,2,2,1,3,2,2,5,2.0,7.0,1.0,,,,,2,2,3,9,2,3,2,2,3,2,1,1,2,2,2,4,2,2,2,1,1,1,1,2,1,2,2,0.6307944655418396,0.6320086717605591
40597,1,15,19597,2,7,0,2,2.0,,,,,2.0,2.0,2.0,2.0,2.0,2.0,2.0,1.0,2.0,2.0,,,,9.0,,,,,,,,,2,1,4,9,,2,2,3,2,2,2,2,4,,,,,,,,2,4,3,2,2,2,1,2,3,1,3,4,2,2,3,3,3,2,2,1,2,2,1,3,4,1,1,0.3866943120956421,0.4557398557662964
40598,2,5,704,1,5,0,2,2.0,,,,,2.0,1.0,2.0,2.0,2.0,2.0,1.0,1.0,2.0,2.0,,,,1.0,4.0,9.0,,,,,,,1,2,4,9,,3,2,3,2,2,2,2,1,,,,,,,,2,4,4,2,1,2,2,2,3,1,3,3,2,2,3,2,2,2,1,1,2,2,1,4,1,3,3,0.22039549052715302,0.21652396023273468
40599,3,16,2733,1,8,0,1,1.0,,,,,1.0,1.0,2.0,1.0,1.0,1.0,1.0,1.0,2.0,2.0,,,,1.0,2.0,3.0,4.0,5.0,6.0,9.0,,,3,3,4,9,,3,2,1,1,1,1,1,9,,,,,,,,2,4,1,1,4,4,4,1,2,2,2,4,2,2,4,3,4,4,4,1,2,2,1,2,1,3,1,0.2781267762184143,0.29950815439224243
40605,3,15,3661,1,7,0,1,1.0,,,,,1.0,2.0,2.0,2.0,2.0,2.0,2.0,2.0,2.0,2.0,,,,3.0,,,,,,,,,3,3,4,9,,3,1,1,3,4,4,1,1,,,,,,,,2,4,1,9,3,4,2,1,3,2,4,1,2,2,2,2,2,2,2,1,2,2,1,2,2,1,1,0.2781267762184143,0.29950815439224243
40606,1,17,6642,2,4,0,3,3.0,1.0,1.0,1.0,1.0,,,,,,,,,,,,,,,,,,,,,,,1,2,3,9,,1,2,2,2,2,2,3,7,1.0,2.0,5.0,4.0,,,,2,3,4,2,2,2,2,1,2,2,3,4,2,2,3,1,3,4,3,1,2,2,2,3,1,6,2,0.3866943120956421,0.2015577256679535
40609,2,16,3609,1,8,0,1,1.0,,,,,1.0,1.0,2.0,1.0,1.0,1.0,1.0,1.0,2.0,2.0,,,,1.0,2.0,3.0,4.0,5.0,6.0,9.0,,,3,3,4,9,,2,2,2,2,3,3,2,9,,,,,,,,2,4,2,1,3,4,2,1,3,2,4,3,1,2,3,1,2,2,2,1,2,2,1,3,1,5,2,0.22039549052715302,0.21652396023273468
40610,3,8,626,1,2,1,1,,,,,,2.0,2.0,2.0,2.0,2.0,2.0,2.0,2.0,2.0,1.0,13.0,,AUCUNE ÉLECTION MUNICIPALE DANS MA LOCALITÉ,10.0,,,,,,,,,1,3,9,9,,2,3,3,2,2,2,3,9,,,,,,,,2,2,2,1,2,3,2,2,1,1,2,4,1,2,2,4,3,3,3,1,2,2,1,3,1,4,3,0.2781267762184143,0.29950815439224243
40611,3,6,19907,2,6,0,1,1.0,,,,,1.0,1.0,2.0,2.0,2.0,2.0,1.0,1.0,2.0,2.0,,,,1.0,3.0,4.0,9.0,,,,,,1,1,1,3,3.0,1,2,2,1,1,1,1,3,7.0,2.0,,,,,,1,1,1,1,1,3,2,2,1,1,1,2,1,1,1,2,1,2,1,1,1,1,1,4,5,8,4,0.3796708583831787,0.4751705229282379
40612,2,15,79838,3,7,0,1,1.0,,,,,1.0,1.0,2.0,1.0,1.0,1.0,2.0,2.0,2.0,2.0,,,,1.0,2.0,3.0,5.0,6.0,,,,,3,3,4,9,,2,1,3,3,4,3,2,2,5.0,3.0,,,,,,2,4,2,2,3,3,1,1,3,2,3,4,2,2,2,1,1,1,1,1,2,2,1,4,1,3,2,0.5341512560844421,0.7763860821723938
40613,2,12,2552,1,3,0,2,2.0,,,,,2.0,2.0,2.0,2.0,2.0,2.0,1.0,1.0,2.0,2.0,,,,4.0,9.0,,,,,,,,3,3,3,3,3.0,2,3,3,2,1,2,3,9,,,,,,,,2,2,3,2,1,1,1,2,3,2,2,2,1,2,4,2,3,3,3,1,2,2,1,2,1,5,2,0.22039549052715302,0.21652396023273468
40614,3,16,8395,2,8,0,3,3.0,1.0,2.0,1.0,2.0,,,,,,,,,,,,,,,,,,,,,,,1,2,2,9,,2,2,1,3,3,4,4,5,1.0,4.0,6.0,7.0,8.0,,,1,1,1,2,1,1,2,4,1,1,2,3,1,2,1,1,1,3,2,2,2,2,2,2,1,7,3,0.3366211950778961,0.19440290331840515
40616,3,6,19907,2,6,0,2,2.0,,,,,1.0,2.0,2.0,1.0,2.0,1.0,1.0,1.0,2.0,2.0,,,,3.0,4.0,5.0,6.0,9.0,,,,,1,1,2,3,3.0,1,1,2,3,1,2,1,6,,,,,,,,1,1,3,2,3,1,2,3,2,1,2,2,1,1,1,3,2,1,2,2,2,2,1,4,1,5,4,0.3366211950778961,0.4395623803138733
40617,3,14,1745,1,7,0,2,2.0,,,,,2.0,2.0,1.0,1.0,2.0,1.0,1.0,2.0,2.0,2.0,,,,4.0,5.0,6.0,7.0,,,,,,2,3,4,9,,2,3,2,2,2,1,2,9,,,,,,,,2,3,2,1,2,3,2,1,3,2,2,4,2,1,3,2,1,2,1,1,1,1,1,2,1,2,2,0.323589950799942,0.3123702108860016
40618,3,7,506,1,5,0,1,1.0,,,,,1.0,2.0,2.0,2.0,1.0,1.0,1.0,2.0,1.0,2.0,,,,2.0,3.0,4.0,6.0,8.0,,,,,1,1,1,3,3.0,1,4,3,3,1,2,1,5,4.0,1.0,7.0,,,,,1,1,1,1,1,2,3,1,1,1,1,2,1,1,1,3,2,4,3,2,1,1,1,1,1,7,1,0.3337962329387665,0.3013717234134674
40619,3,17,13827,2,4,0,1,1.0,,,,,1.0,1.0,2.0,1.0,1.0,2.0,2.0,1.0,2.0,2.0,,,,1.0,2.0,3.0,5.0,9.0,,,,,3,3,4,1,1.0,1,3,1,2,2,2,4,2,4.0,5.0,,,,,,2,4,3,1,3,2,2,3,3,2,4,2,2,2,1,2,1,2,3,1,1,1,1,2,6,1,1,0.3796708583831787,0.4751705229282379
40621,1,6,19907,2,6,0,1,1.0,,,,,1.0,2.0,1.0,2.0,1.0,2.0,1.0,2.0,1.0,2.0,,,,2.0,3.0,4.0,7.0,8.0,,,,,1,1,1,3,3.0,1,1,2,1,2,1,1,1,8.0,6.0,,,,,,1,1,1,1,2,3,1,1,1,1,1,1,1,1,1,1,2,2,1,2,1,1,1,3,1,5,1,0.7634605765342712,0.9275451898574829
40623,2,11,702,1,1,0,1,1.0,,,,,2.0,2.0,2.0,2.0,2.0,2.0,2.0,2.0,2.0,2.0,,,,11.0,,,,,,,,,2,3,3,9,,2,2,2,3,2,2,2,9,,,,,,,,2,4,1,9,3,3,3,1,3,2,3,4,2,2,2,2,2,2,2,2,1,1,1,2,1,1,1,0.3699531853199005,0.38738495111465454
40624,2,7,506,1,5,0,1,1.0,,,,,2.0,2.0,2.0,2.0,2.0,2.0,1.0,2.0,2.0,2.0,,,,4.0,,,,,,,,,2,3,4,9,,2,2,2,2,2,2,3,9,,,,,,,,1,4,2,1,2,3,2,1,3,2,3,1,1,2,2,2,3,2,2,1,2,2,1,4,1,3,2,0.22039549052715302,0.21652396023273468
40626,2,3,16723,2,3,0,3,3.0,1.0,1.0,1.0,1.0,,,,,,,,,,,,,,,,,,,,,,,3,1,3,2,2.0,3,2,3,1,2,2,2,2,3.0,8.0,,,,,,1,2,3,2,2,2,3,2,2,2,2,1,2,2,2,3,2,3,3,1,1,1,1,3,1,99,4,0.4207970201969147,0.2701301574707031
40628,1,11,1371,1,1,0,3,3.0,1.0,1.0,1.0,1.0,,,,,,,,,,,,,,,,,,,,,,,2,1,2,3,3.0,2,2,3,3,3,3,2,4,5.0,2.0,,,,,,1,2,2,1,2,3,1,3,2,1,1,4,1,2,2,1,3,2,1,1,1,1,1,5,1,4,4,0.6307944655418396,0.5007292628288269
40629,2,16,17403,2,8,0,1,1.0,,,,,2.0,1.0,2.0,2.0,2.0,2.0,2.0,2.0,2.0,2.0,,,,1.0,,,,,,,,,3,3,4,9,,2,3,3,1,1,3,2,1,,,,,,,,1,4,3,2,1,2,1,2,3,2,3,1,1,2,3,2,3,3,2,1,2,2,1,5,1,5,2,0.2585919201374054,0.3293706476688385
40630,3,5,5447,2,5,0,3,3.0,1.0,1.0,1.0,1.0,,,,,,,,,,,,,,,,,,,,,,,1,1,3,3,3.0,1,3,3,2,2,2,2,4,,,,,,,,2,3,4,2,2,2,2,2,1,2,2,4,1,2,2,2,2,3,2,1,2,2,1,3,1,8,3,0.3263285458087921,0.20149792730808258
40631,1,4,1190,1,4,1,3,,1.0,1.0,1.0,1.0,,,,,,,,,,,,,,,,,,,,,,,1,2,2,3,3.0,2,3,3,2,1,2,2,4,1.0,5.0,,,,,,2,3,4,2,1,2,1,2,3,2,3,2,2,2,2,2,2,3,3,1,2,2,1,4,4,5,2,0.32957592606544495,0.2373657077550888
40635,1,8,12721,2,2,0,3,3.0,1.0,1.0,1.0,1.0,,,,,,,,,,,,,,,,,,,,,,,1,3,3,9,,2,3,3,2,2,2,3,7,1.0,5.0,6.0,4.0,,,,2,2,4,2,2,2,1,3,2,1,2,4,2,2,3,2,2,3,3,1,2,2,1,3,4,98,9,0.3866943120956421,0.2015577256679535
40638,3,15,5441,2,7,0,3,3.0,1.0,1.0,1.0,1.0,,,,,,,,,,,,,,,,,,,,,,,1,2,1,3,3.0,1,3,3,1,3,3,3,5,6.0,4.0,8.0,,,,,1,1,4,2,1,1,1,4,1,1,1,2,2,1,2,2,3,3,1,1,2,2,1,4,2,3,1,0.3263285458087921,0.20149792730808258
40642,1,16,15057,2,8,0,2,2.0,,,,,2.0,1.0,2.0,2.0,2.0,2.0,1.0,1.0,2.0,2.0,,,,1.0,4.0,9.0,,,,,,,2,1,3,3,3.0,2,1,3,1,1,1,3,7,5.0,,,,,,,2,3,3,2,1,1,1,2,3,2,2,1,2,2,4,2,4,4,4,1,1,1,1,3,1,2,1,0.7401166558265686,0.9613955020904541
40644,3,6,19907,2,6,0,1,1.0,,,,,1.0,1.0,2.0,2.0,2.0,1.0,1.0,2.0,1.0,2.0,,,,1.0,3.0,4.0,6.0,8.0,,,,,1,1,1,1,1.0,1,4,3,1,2,3,1,1,7.0,,,,,,,1,1,1,1,2,3,1,1,1,1,1,2,1,1,3,1,2,3,4,1,1,1,1,1,1,7,1,0.3796708583831787,0.4751705229282379
40645,3,6,19907,2,6,0,1,1.0,,,,,2.0,2.0,2.0,2.0,2.0,2.0,2.0,2.0,2.0,2.0,,,,11.0,,,,,,,,,1,1,1,1,1.0,1,3,3,2,1,4,1,4,5.0,,,,,,,1,1,1,1,2,1,3,1,1,1,1,2,1,1,2,3,1,4,3,1,1,1,1,1,1,7,3,0.3796708583831787,0.4751705229282379
40648,3,6,19907,2,6,0,1,1.0,,,,,1.0,1.0,1.0,1.0,1.0,1.0,1.0,2.0,2.0,2.0,,,,1.0,2.0,3.0,4.0,5.0,6.0,7.0,,,3,3,9,3,3.0,2,2,2,2,2,2,3,9,,,,,,,,2,4,2,1,3,3,2,2,3,2,3,3,2,2,3,3,3,3,3,3,2,2,2,4,1,2,1,0.3366211950778961,0.4395623803138733
40649,2,6,19907,2,6,0,1,1.0,,,,,1.0,1.0,1.0,1.0,1.0,2.0,2.0,2.0,2.0,2.0,,,,1.0,2.0,3.0,5.0,7.0,,,,,1,1,1,1,1.0,1,2,1,1,1,2,1,6,7.0,3.0,,,,,,1,1,2,1,1,2,1,1,1,1,1,1,1,1,1,1,1,2,2,2,1,1,1,2,1,6,1,0.43406933546066284,0.5892806649208069
40650,3,12,2552,1,3,0,3,3.0,1.0,3.0,3.0,3.0,,,,,,,,,,,,,,,,,,,,,,,1,2,2,9,,2,3,3,2,2,2,3,4,1.0,8.0,,,,,,2,3,2,2,2,2,2,2,3,1,3,3,1,2,3,2,2,3,2,1,2,2,1,2,1,99,3,0.2781267762184143,0.23729513585567474
40652,2,1,14178,2,1,0,1,1.0,,,,,2.0,2.0,2.0,2.0,2.0,2.0,2.0,2.0,2.0,2.0,,,,11.0,,,,,,,,,3,3,4,9,,1,1,1,1,1,1,1,5,,,,,,,,2,3,1,9,1,1,1,3,3,2,3,2,2,2,1,1,1,1,1,1,2,2,1,1,9,1,4,0.2585919201374054,0.3293706476688385
40654,1,14,4348,1,7,0,2,2.0,,,,,2.0,1.0,2.0,2.0,2.0,1.0,1.0,2.0,1.0,2.0,,,,1.0,4.0,6.0,8.0,,,,,,3,3,4,3,3.0,2,2,3,2,1,2,2,3,1.0,5.0,,,,,,2,2,4,2,1,1,3,2,1,1,2,2,2,2,4,4,3,1,3,1,2,2,1,1,1,2,4,0.32957592606544495,0.2995974123477936
40656,1,3,19618,2,3,0,1,1.0,,,,,2.0,1.0,2.0,1.0,1.0,2.0,1.0,1.0,2.0,2.0,,,,1.0,2.0,4.0,5.0,9.0,,,,,3,3,4,9,,1,2,1,3,3,2,2,9,,,,,,,,2,4,3,1,3,3,1,1,3,2,3,1,2,2,3,3,3,3,2,1,2,2,1,2,1,5,3,0.3866943120956421,0.4557398557662964
40657,3,2,10259,2,2,0,3,3.0,1.0,1.0,1.0,2.0,,,,,,,,,,,,,,,,,,,,,,,2,3,2,1,1.0,4,1,1,2,2,3,3,3,2.0,5.0,1.0,,,,,2,1,2,2,2,2,4,3,3,2,2,2,2,2,3,3,2,2,3,1,1,1,1,2,6,1,1,0.3796708583831787,0.2101513147354126
40661,3,6,19907,2,6,0,1,1.0,,,,,1.0,1.0,2.0,2.0,1.0,2.0,1.0,1.0,2.0,2.0,,,,1.0,2.0,3.0,4.0,9.0,,,,,1,1,1,9,,1,2,1,1,2,1,1,8,2.0,5.0,,,,,,1,1,1,1,2,1,1,2,1,1,1,2,1,1,2,1,2,1,1,1,1,1,1,1,1,7,1,0.3796708583831787,0.4751705229282379
40664,2,6,19907,2,6,0,2,2.0,,,,,2.0,1.0,1.0,1.0,2.0,1.0,2.0,1.0,2.0,2.0,,,,1.0,5.0,6.0,7.0,9.0,,,,,1,1,1,3,3.0,1,1,2,1,3,2,1,7,,,,,,,,1,1,3,1,3,2,1,2,1,1,1,2,1,1,1,3,2,4,3,2,2,2,1,2,1,5,3,0.2667480409145355,0.3177734911441803
40665,1,16,17403,2,8,0,3,3.0,1.0,1.0,1.0,2.0,,,,,,,,,,,,,,,,,,,,,,,2,1,2,2,2.0,3,2,1,3,3,2,3,4,,,,,,,,1,3,3,2,1,2,3,3,2,1,3,4,2,2,3,2,2,2,2,1,2,2,9,9,4,3,6,0.3866943120956421,0.2015577256679535
40666,3,15,10367,2,7,0,1,1.0,,,,,1.0,1.0,2.0,2.0,2.0,1.0,2.0,2.0,2.0,2.0,,,,1.0,3.0,6.0,,,,,,,2,3,4,9,,3,3,3,2,3,2,3,3,,,,,,,,2,4,2,2,2,3,2,1,3,1,4,2,2,2,3,2,2,2,2,1,2,2,1,4,1,3,1,0.3263285458087921,0.45560455322265625
40667,1,16,15057,2,8,0,3,3.0,2.0,,,1.0,,,,,,,,,,,,,,,,,,,,,,,2,2,1,3,3.0,1,1,2,2,1,2,4,2,5.0,3.0,8.0,4.0,,,,1,1,2,1,1,1,2,3,1,1,1,4,1,1,2,1,2,1,2,2,2,2,1,5,1,8,1,0.3988909423351288,0.19446109235286713
40668,3,2,1311,1,2,0,1,1.0,,,,,2.0,1.0,1.0,2.0,1.0,1.0,2.0,2.0,2.0,2.0,,,,1.0,2.0,6.0,7.0,,,,,,1,3,4,9,,2,2,3,2,2,3,2,1,,,,,,,,2,3,2,1,2,3,2,1,3,2,3,3,1,2,2,3,2,2,2,1,1,1,1,3,1,98,3,0.323589950799942,0.3123702108860016
40669,3,16,2165,1,8,0,2,2.0,,,,,2.0,1.0,2.0,2.0,1.0,1.0,1.0,2.0,1.0,2.0,,,,1.0,2.0,4.0,6.0,8.0,,,,,1,2,2,3,3.0,1,2,1,1,1,2,1,4,,,,,,,,1,2,2,2,1,1,2,3,1,1,2,2,1,1,1,1,2,1,1,2,1,1,1,4,1,7,3,0.3337962329387665,0.3013717234134674
40670,3,3,4515,1,3,0,3,3.0,1.0,2.0,2.0,1.0,,,,,,,,,,,,,,,,,,,,,,,3,3,4,9,,2,2,2,2,2,2,2,9,,,,,,,,2,3,4,1,2,2,2,2,3,2,3,2,1,2,3,3,3,3,3,1,1,1,1,3,1,6,2,0.323589950799942,0.24748627841472626
40673,2,12,2601,1,3,0,1,1.0,,,,,2.0,1.0,2.0,2.0,1.0,2.0,1.0,2.0,2.0,2.0,,,,1.0,2.0,4.0,,,,,,,2,3,3,9,,1,2,3,2,2,2,2,1,3.0,,,,,,,2,4,3,2,2,3,2,2,3,2,2,3,2,2,2,1,3,3,3,1,2,2,1,3,1,6,2,0.22039549052715302,0.21652396023273468
40674,2,5,170816,4,5,0,3,3.0,1.0,1.0,4.0,1.0,,,,,,,,,,,,,,,,,,,,,,,3,3,3,9,,2,3,1,2,3,3,3,3,5.0,7.0,6.0,,,,,2,3,3,2,4,2,2,2,3,1,3,4,1,2,3,1,2,2,2,1,2,2,1,2,1,3,1,1.4281843900680542,0.6177590489387512
40675,3,7,8315,2,5,0,3,3.0,1.0,1.0,1.0,1.0,,,,,,,,,,,,,,,,,,,,,,,1,1,1,3,3.0,1,2,2,2,1,1,3,7,1.0,8.0,,,,,,1,1,3,1,1,2,1,3,1,1,1,3,1,1,2,1,1,2,2,2,1,1,1,5,1,5,3,0.39164605736732483,0.2027520090341568
40676,1,16,2002,1,8,0,2,2.0,,,,,1.0,1.0,2.0,1.0,1.0,2.0,1.0,2.0,2.0,2.0,,,,1.0,2.0,3.0,4.0,5.0,,,,,3,3,4,9,,2,3,3,2,1,1,1,3,,,,,,,,2,4,1,9,3,3,2,1,3,2,2,4,2,2,3,1,2,2,4,2,2,2,1,2,1,1,1,0.3399709165096283,0.2890481650829315
40679,2,3,6293,2,3,0,1,1.0,,,,,1.0,1.0,1.0,1.0,1.0,1.0,1.0,1.0,1.0,2.0,,,,1.0,2.0,3.0,4.0,5.0,6.0,7.0,8.0,9.0,2,2,2,3,3.0,2,3,3,3,4,2,2,6,,,,,,,,1,3,3,2,2,3,4,3,2,9,4,4,1,1,2,1,2,1,2,1,2,2,1,1,5,99,9,0.2585919201374054,0.3293706476688385
40681,1,3,8173,2,3,0,3,3.0,1.0,1.0,2.0,2.0,,,,,,,,,,,,,,,,,,,,,,,2,1,3,3,3.0,2,3,2,2,2,2,2,1,5.0,4.0,3.0,,,,,1,3,2,1,3,3,3,2,3,2,2,1,1,2,2,1,2,2,1,1,2,2,1,3,1,4,1,0.3866943120956421,0.2015577256679535
40683,3,6,19907,2,6,0,1,1.0,,,,,2.0,2.0,2.0,2.0,2.0,1.0,2.0,2.0,2.0,2.0,,,,6.0,,,,,,,,,2,2,2,1,1.0,1,1,1,1,1,1,2,3,1.0,,,,,,,2,2,2,1,1,1,1,2,3,2,1,2,2,1,1,1,1,1,1,2,1,1,2,2,1,4,4,0.39164605736732483,0.4584394693374634
40684,2,3,8098,2,3,0,3,3.0,1.0,1.0,2.0,1.0,,,,,,,,,,,,,,,,,,,,,,,2,1,1,3,3.0,1,2,1,1,2,1,2,3,,,,,,,,1,1,3,1,1,2,1,3,1,1,2,4,1,1,2,1,1,2,1,2,1,1,1,4,1,4,3,0.43406933546066284,0.26061850786209106
40685,1,16,2002,1,8,0,2,2.0,,,,,2.0,2.0,2.0,2.0,2.0,2.0,1.0,1.0,1.0,2.0,,,,4.0,8.0,9.0,,,,,,,2,3,3,2,2.0,2,2,2,3,3,3,2,1,2.0,4.0,,,,,,2,2,2,1,2,2,2,3,3,2,3,2,2,2,3,2,2,2,2,1,2,2,1,2,2,1,2,0.32957592606544495,0.2995974123477936
40686,3,6,19907,2,6,0,2,2.0,,,,,2.0,1.0,2.0,1.0,2.0,1.0,1.0,2.0,1.0,2.0,,,,1.0,4.0,5.0,6.0,8.0,,,,,1,1,2,3,3.0,1,3,1,2,1,2,1,6,,,,,,,,1,1,1,1,1,3,2,1,1,1,1,2,1,1,2,3,3,2,1,2,2,2,1,1,1,6,1,0.3366211950778961,0.4395623803138733
40687,1,5,4514,1,5,0,1,1.0,,,,,1.0,1.0,1.0,1.0,1.0,1.0,1.0,2.0,2.0,2.0,,,,1.0,2.0,3.0,4.0,5.0,6.0,7.0,,,3,3,4,9,,2,3,3,2,2,2,2,2,,,,,,,,2,4,1,1,3,3,4,1,3,2,3,1,2,2,3,2,3,3,2,1,2,2,1,2,2,2,2,0.32957592606544495,0.2995974123477936
40688,3,16,1795,1,8,0,3,3.0,1.0,1.0,1.0,1.0,,,,,,,,,,,,,,,,,,,,,,,1,2,1,3,3.0,2,3,2,2,4,3,3,1,5.0,7.0,8.0,,,,,2,1,4,2,1,1,1,4,3,1,1,3,1,1,3,3,2,2,1,1,2,2,1,3,1,5,3,0.2781267762184143,0.23729513585567474
40689,3,15,13653,2,7,0,2,2.0,,,,,2.0,2.0,1.0,1.0,2.0,2.0,1.0,2.0,2.0,2.0,,,,4.0,5.0,7.0,,,,,,,1,2,1,1,1.0,1,3,2,1,3,4,1,5,7.0,8.0,4.0,1.0,3.0,2.0,,1,1,1,1,3,1,2,1,1,1,2,1,1,1,1,2,3,3,4,2,2,2,1,2,3,4,3,0.3366211950778961,0.4395623803138733
40690,2,6,19907,2,6,0,2,2.0,,,,,1.0,2.0,2.0,1.0,1.0,2.0,2.0,1.0,1.0,2.0,,,,2.0,3.0,5.0,8.0,9.0,,,,,1,1,1,3,3.0,1,2,1,2,1,3,1,1,4.0,8.0,,,,,,1,1,2,1,2,3,1,3,1,1,1,3,1,1,1,2,3,1,2,2,1,1,1,2,1,3,1,0.43406933546066284,0.5892806649208069
40691,3,16,13441,2,8,0,2,2.0,,,,,1.0,1.0,1.0,1.0,1.0,1.0,1.0,1.0,1.0,2.0,,,,1.0,2.0,3.0,4.0,5.0,6.0,7.0,8.0,9.0,1,1,3,3,3.0,1,1,2,3,2,3,1,8,1.0,6.0,,,,,,1,2,1,1,2,1,2,2,1,1,1,2,1,1,1,1,2,2,2,1,2,2,1,1,1,7,3,0.3263285458087921,0.45560455322265625
40692,2,3,3280,1,3,1,1,,,,,,1.0,2.0,1.0,1.0,1.0,1.0,1.0,2.0,2.0,2.0,,,,2.0,3.0,4.0,5.0,6.0,7.0,,,,3,2,4,1,1.0,4,2,2,3,1,4,3,4,1.0,5.0,2.0,3.0,,,,2,2,1,1,3,4,2,2,3,2,4,3,2,2,3,2,4,2,2,1,1,1,1,2,1,2,3,0.35864144563674927,0.4015221893787384
40694,2,15,11045,2,7,0,3,3.0,2.0,,,1.0,,,,,,,,,,,,,,,,,,,,,,,1,1,2,9,,2,3,3,1,1,1,3,3,5.0,,,,,,,2,2,4,1,1,2,2,3,3,2,1,4,1,2,3,2,4,3,3,1,2,2,1,4,1,7,3,0.2585919201374054,0.14566975831985474
40695,3,16,13441,2,8,0,1,1.0,,,,,1.0,1.0,1.0,1.0,1.0,1.0,1.0,1.0,1.0,2.0,,,,1.0,2.0,3.0,4.0,5.0,6.0,7.0,8.0,9.0,1,1,1,3,3.0,1,2,2,1,1,2,1,8,1.0,,,,,,,1,1,1,1,2,1,2,2,1,1,1,2,1,1,2,1,1,2,2,1,1,1,1,1,2,6,4,0.3796708583831787,0.4751705229282379
40696,3,16,13441,2,8,0,1,1.0,,,,,1.0,1.0,2.0,1.0,1.0,2.0,1.0,2.0,1.0,2.0,,,,1.0,2.0,3.0,4.0,5.0,8.0,,,,1,1,3,1,1.0,2,2,2,2,1,1,2,7,2.0,,,,,,,1,1,2,1,1,2,1,2,1,1,2,2,1,1,2,1,2,2,1,1,2,2,2,3,1,6,3,0.3263285458087921,0.45560455322265625
40697,3,15,13653,2,7,0,2,2.0,,,,,2.0,1.0,2.0,2.0,1.0,2.0,2.0,1.0,1.0,2.0,,,,1.0,2.0,8.0,9.0,,,,,,3,3,4,9,,2,3,3,2,3,2,3,9,,,,,,,,2,3,3,1,1,1,1,2,3,2,3,1,2,2,3,3,3,2,3,1,2,2,1,2,1,3,3,0.3263285458087921,0.45560455322265625
40698,2,3,16723,2,3,0,1,1.0,,,,,1.0,2.0,1.0,1.0,1.0,1.0,1.0,2.0,2.0,2.0,,,,2.0,3.0,4.0,5.0,6.0,7.0,,,,1,1,1,1,1.0,2,3,1,3,2,1,1,5,,,,,,,,1,1,2,1,4,1,2,1,1,1,2,1,1,1,3,3,1,2,1,2,2,2,1,3,2,5,2,0.2667480409145355,0.3177734911441803
40699,1,1,6119,2,1,0,3,3.0,1.0,1.0,1.0,1.0,,,,,,,,,,,,,,,,,,,,,,,1,1,1,3,3.0,1,1,2,2,1,1,1,2,3.0,,,,,,,1,1,2,1,1,1,2,1,2,1,2,2,1,1,3,2,1,1,2,2,1,1,1,4,1,6,3,0.7634605765342712,0.4102213382720947
40700,3,12,1342,1,3,1,3,,1.0,1.0,1.0,1.0,,,,,,,,,,,,,,,,,,,,,,,1,2,2,9,,1,3,4,1,1,1,4,5,7.0,3.0,1.0,,,,,1,4,3,2,1,2,4,1,3,2,1,4,1,2,1,3,3,3,1,1,2,2,9,2,5,6,3,0.2781267762184143,0.23729513585567474
40701,2,4,10905,2,4,0,3,3.0,1.0,1.0,1.0,1.0,,,,,,,,,,,,,,,,,,,,,,,1,1,1,3,3.0,1,2,1,1,2,1,4,8,6.0,1.0,,,,,,1,1,4,1,1,2,1,3,1,1,1,4,1,1,1,1,1,2,2,1,1,1,1,4,1,6,3,0.4207970201969147,0.2701301574707031
40704,2,7,2150,1,5,0,1,1.0,,,,,2.0,2.0,2.0,2.0,1.0,1.0,1.0,2.0,1.0,2.0,,,,2.0,4.0,6.0,8.0,,,,,,3,3,4,9,,2,2,3,3,3,3,2,9,,,,,,,,2,4,1,1,4,4,4,1,3,2,2,1,2,2,4,1,2,1,4,1,2,2,1,2,4,2,3,0.22039549052715302,0.21652396023273468
40707,2,15,27296,3,7,0,1,1.0,,,,,2.0,2.0,1.0,1.0,1.0,1.0,1.0,2.0,1.0,2.0,,,,2.0,4.0,5.0,6.0,7.0,8.0,,,,1,1,4,2,2.0,3,3,2,2,3,2,2,5,2.0,,,,,,,1,3,2,1,3,3,3,3,3,2,3,4,2,2,2,3,3,2,3,1,2,2,1,5,4,4,1,0.5341512560844421,0.7763860821723938
40708,3,2,9874,2,2,0,1,1.0,,,,,2.0,2.0,1.0,2.0,1.0,2.0,2.0,2.0,2.0,2.0,,,,2.0,7.0,,,,,,,,1,1,2,2,2.0,1,3,4,1,1,2,4,2,1.0,6.0,5.0,3.0,8.0,,,2,2,3,2,1,1,1,3,1,2,2,4,1,1,1,4,1,3,1,1,2,2,1,5,1,4,4,0.3263285458087921,0.45560455322265625
40709,3,4,49802,3,4,0,3,3.0,1.0,1.0,2.0,2.0,,,,,,,,,,,,,,,,,,,,,,,1,1,3,1,1.0,2,2,3,2,1,2,3,1,,,,,,,,2,2,4,1,1,1,2,2,3,2,2,3,1,2,1,1,1,1,1,1,1,1,1,3,2,2,3,0.7842537760734558,0.3836304843425751
40710,1,16,8104,2,8,0,2,2.0,,,,,1.0,1.0,2.0,2.0,2.0,1.0,1.0,2.0,2.0,2.0,,,,1.0,3.0,4.0,6.0,,,,,,3,3,3,9,,2,3,3,2,2,2,2,1,5.0,7.0,2.0,,,,,2,3,3,1,2,2,2,2,3,2,3,1,2,2,3,2,3,2,3,1,2,2,1,2,1,1,3,0.3866943120956421,0.4557398557662964
40711,2,1,14178,2,1,0,1,1.0,,,,,2.0,2.0,2.0,2.0,2.0,2.0,1.0,2.0,2.0,2.0,,,,4.0,,,,,,,,,3,3,9,9,,4,3,2,2,3,3,2,9,,,,,,,,2,2,1,9,3,2,3,1,9,9,4,3,2,2,3,2,2,3,3,1,2,2,9,2,1,98,1,0.2585919201374054,0.3293706476688385
40712,3,6,20046,3,6,0,3,3.0,1.0,2.0,1.0,1.0,,,,,,,,,,,,,,,,,,,,,,,1,1,2,3,3.0,2,1,2,1,2,1,1,6,,,,,,,,1,1,2,1,1,1,2,3,1,1,2,3,1,1,2,1,2,1,1,2,2,2,1,4,1,8,3,0.6953297257423401,0.3548816442489624
40713,3,16,26474,3,8,0,3,3.0,1.0,1.0,2.0,1.0,,,,,,,,,,,,,,,,,,,,,,,1,1,1,3,3.0,1,2,2,2,1,1,3,7,1.0,4.0,5.0,,,,,1,1,4,2,1,2,2,3,1,1,2,3,1,2,2,2,2,1,2,2,1,1,1,5,1,8,3,0.8089898824691772,0.3701227307319641
40714,3,16,35160,3,8,0,2,2.0,,,,,2.0,2.0,1.0,1.0,1.0,2.0,2.0,1.0,1.0,2.0,,,,2.0,5.0,7.0,8.0,9.0,,,,,1,1,1,1,1.0,1,1,3,1,2,2,1,3,1.0,6.0,,,,,,1,1,2,1,2,3,1,3,1,1,1,3,1,1,2,1,3,2,1,2,2,2,1,2,1,3,1,0.6953297257423401,1.0361260175704956
40715,2,6,35117,3,6,0,3,3.0,1.0,1.0,1.0,1.0,,,,,,,,,,,,,,,,,,,,,,,1,1,2,9,,2,3,3,2,2,2,3,8,3.0,,,,,,,1,2,4,2,2,1,2,3,3,1,3,4,1,2,3,2,3,2,1,2,2,2,1,4,2,2,9,0.5509987473487854,0.2565561830997467
40717,3,15,13893,2,7,0,1,1.0,,,,,2.0,1.0,1.0,2.0,2.0,1.0,2.0,2.0,1.0,2.0,,,,1.0,6.0,7.0,8.0,,,,,,2,1,3,3,3.0,3,2,1,2,1,2,2,3,4.0,6.0,5.0,,,,,2,3,2,1,3,2,1,3,3,2,2,3,1,1,3,1,2,3,2,2,2,2,1,3,5,7,3,0.3366211950778961,0.4395623803138733
40718,2,17,79153,3,4,0,3,3.0,1.0,1.0,1.0,2.0,,,,,,,,,,,,,,,,,,,,,,,3,2,4,9,,2,3,3,2,2,2,2,2,4.0,,,,,,,2,2,2,2,1,2,3,2,3,2,3,4,2,2,3,3,2,2,3,1,2,2,1,3,1,3,3,0.5341512560844421,0.26591959595680237
40719,1,14,50455,3,7,0,3,3.0,1.0,2.0,4.0,2.0,,,,,,,,,,,,,,,,,,,,,,,1,1,2,3,3.0,2,1,2,1,2,3,3,1,3.0,5.0,7.0,,,,,1,1,3,1,4,2,1,3,2,1,1,2,1,1,2,3,2,2,1,1,1,1,1,3,1,4,1,1.5287959575653076,0.7761867046356201
40722,2,4,49802,3,4,0,2,2.0,,,,,2.0,1.0,2.0,1.0,2.0,2.0,1.0,2.0,2.0,2.0,,,,1.0,4.0,5.0,,,,,,,2,3,4,9,,2,3,4,2,1,3,3,2,4.0,3.0,1.0,,,,,2,3,3,2,2,2,3,1,2,2,3,2,2,2,3,2,3,3,2,1,2,2,1,2,1,3,1,0.5341512560844421,0.7763860821723938
40723,3,15,79838,3,7,0,3,3.0,1.0,1.0,1.0,1.0,,,,,,,,,,,,,,,,,,,,,,,3,3,3,2,2.0,2,3,2,3,2,2,3,3,4.0,,,,,,,2,3,3,2,1,1,1,2,3,2,2,2,1,2,1,1,1,1,1,1,2,2,1,4,1,2,4,0.6740691065788269,0.36783263087272644
40724,2,16,2547,1,8,0,3,3.0,1.0,1.0,1.0,2.0,,,,,,,,,,,,,,,,,,,,,,,2,1,3,3,3.0,2,3,3,2,2,2,2,1,4.0,5.0,,,,,,1,3,4,2,3,2,1,2,3,2,2,3,1,2,2,3,2,3,4,1,2,2,1,3,1,7,3,0.22039549052715302,0.17154793441295624
40725,2,17,79153,3,4,0,2,2.0,,,,,2.0,2.0,2.0,2.0,1.0,2.0,1.0,1.0,2.0,2.0,,,,2.0,4.0,9.0,,,,,,,1,2,3,9,,2,3,3,2,2,2,2,4,1.0,3.0,,,,,,1,3,3,2,2,2,3,2,3,2,3,4,1,2,3,2,3,4,3,1,2,2,1,3,1,5,2,0.5341512560844421,0.7763860821723938
40726,3,16,98883,3,8,0,3,3.0,1.0,2.0,2.0,1.0,,,,,,,,,,,,,,,,,,,,,,,1,1,3,9,,4,2,2,3,2,2,2,9,,,,,,,,1,3,3,2,1,2,2,2,9,9,4,4,2,2,3,3,2,3,3,1,2,2,1,2,2,1,1,0.6740691065788269,0.36783263087272644
40727,2,16,50626,3,8,0,1,1.0,,,,,1.0,2.0,2.0,2.0,2.0,2.0,2.0,2.0,2.0,2.0,,,,3.0,,,,,,,,,1,2,3,9,,2,3,3,2,2,2,2,5,1.0,,,,,,,1,4,1,9,1,2,2,2,3,2,2,2,1,2,2,2,3,2,2,2,2,2,1,2,1,5,3,0.5509987473487854,0.7490490078926086
40728,3,15,45467,3,7,0,3,3.0,1.0,1.0,1.0,1.0,,,,,,,,,,,,,,,,,,,,,,,1,1,1,2,2.0,1,2,2,1,1,1,3,4,5.0,7.0,3.0,1.0,,,,1,1,2,1,1,1,1,3,2,1,1,2,1,1,1,1,1,2,2,1,2,2,1,4,1,3,3,0.6740691065788269,0.36783263087272644
40729,1,16,13441,2,8,0,1,1.0,,,,,1.0,1.0,2.0,1.0,2.0,2.0,1.0,2.0,2.0,2.0,,,,1.0,3.0,4.0,5.0,,,,,,3,3,9,9,,2,2,3,3,3,3,3,9,,,,,,,,2,2,2,1,2,2,2,2,3,2,4,1,2,2,3,3,3,3,2,1,9,2,1,2,4,1,1,0.3866943120956421,0.4557398557662964
40731,3,7,3799,1,5,0,1,1.0,,,,,1.0,1.0,1.0,1.0,1.0,1.0,1.0,2.0,2.0,2.0,,,,1.0,2.0,3.0,4.0,5.0,6.0,7.0,,,3,3,9,9,,4,1,2,3,3,3,3,5,7.0,4.0,,,,,,2,3,2,2,3,3,3,2,9,2,3,4,2,2,2,2,4,2,2,1,2,2,1,1,2,1,1,0.2781267762184143,0.29950815439224243
40733,2,16,98883,3,8,0,1,1.0,,,,,1.0,2.0,2.0,2.0,1.0,1.0,1.0,2.0,2.0,2.0,,,,2.0,3.0,4.0,6.0,,,,,,2,3,4,9,,3,2,2,3,3,2,3,9,,,,,,,,1,4,2,2,3,3,2,2,3,2,3,4,1,2,1,3,2,2,2,1,2,2,1,4,5,6,3,0.5341512560844421,0.7763860821723938
40734,2,3,8098,2,3,0,2,2.0,,,,,2.0,1.0,1.0,1.0,1.0,2.0,1.0,1.0,2.0,2.0,,,,1.0,2.0,4.0,5.0,7.0,9.0,,,,3,3,3,9,,2,2,2,2,2,3,3,4,1.0,,,,,,,2,2,1,1,2,2,2,3,3,2,3,4,2,2,3,2,3,2,2,1,2,2,2,4,1,2,1,0.2585919201374054,0.3293706476688385
40736,3,14,4926,1,7,0,1,1.0,,,,,1.0,2.0,2.0,1.0,1.0,2.0,2.0,1.0,1.0,2.0,,,,2.0,3.0,5.0,8.0,9.0,,,,,1,1,1,1,1.0,1,2,3,1,4,3,1,6,,,,,,,,1,1,1,1,1,2,3,1,1,1,1,2,1,1,4,1,3,3,2,1,1,1,1,1,1,7,1,0.323589950799942,0.3123702108860016
40737,3,15,45467,3,7,0,2,2.0,,,,,1.0,2.0,1.0,2.0,2.0,1.0,1.0,2.0,2.0,2.0,,,,3.0,4.0,6.0,7.0,,,,,,1,1,2,3,3.0,2,3,3,2,1,4,2,8,,,,,,,,1,2,2,1,3,2,1,2,1,1,2,2,1,1,1,4,3,2,3,2,2,2,1,2,2,5,3,0.6953297257423401,1.0361260175704956
40738,3,16,35160,3,8,0,3,3.0,1.0,3.0,4.0,4.0,,,,,,,,,,,,,,,,,,,,,,,3,3,4,1,1.0,4,1,1,4,4,4,1,9,,,,,,,,1,4,2,9,4,4,4,1,9,2,4,4,1,2,4,4,4,4,4,1,2,2,1,5,4,1,1,0.6740691065788269,0.36783263087272644
40739,2,14,11086,2,7,0,1,1.0,,,,,1.0,2.0,2.0,2.0,1.0,1.0,1.0,2.0,2.0,2.0,,,,2.0,3.0,4.0,6.0,,,,,,3,3,4,9,,2,2,3,4,4,3,3,4,1.0,,,,,,,2,4,3,2,3,4,3,1,3,2,3,4,2,2,4,3,2,2,3,1,2,2,1,4,1,4,1,0.2585919201374054,0.3293706476688385
40741,3,15,10510,2,7,0,1,1.0,,,,,2.0,1.0,2.0,1.0,1.0,2.0,2.0,2.0,2.0,2.0,,,,1.0,2.0,5.0,,,,,,,1,3,4,9,,2,2,3,2,3,2,3,1,2.0,3.0,,,,,,2,3,1,1,1,3,2,2,3,2,2,4,1,2,3,2,2,3,2,1,1,1,1,3,1,4,1,0.3796708583831787,0.4751705229282379
40743,2,6,33714,3,6,0,3,3.0,1.0,1.0,1.0,1.0,,,,,,,,,,,,,,,,,,,,,,,1,1,3,3,3.0,3,2,2,2,2,2,3,5,4.0,,,,,,,2,3,4,2,2,2,2,2,2,2,1,4,1,2,2,2,2,2,2,2,1,1,1,4,1,7,5,0.8966200947761536,0.47575831413269043
40744,3,16,57302,3,8,0,2,2.0,,,,,2.0,2.0,2.0,1.0,1.0,1.0,2.0,2.0,2.0,2.0,,,,2.0,5.0,6.0,,,,,,,1,1,1,3,3.0,1,3,4,3,1,2,2,6,,,,,,,,1,1,1,1,2,3,1,1,1,1,2,2,1,1,3,2,1,4,3,2,2,2,1,2,2,5,2,0.6953297257423401,1.0361260175704956
40745,2,2,30915,3,2,0,1,1.0,,,,,1.0,1.0,1.0,1.0,1.0,1.0,1.0,2.0,2.0,2.0,,,,1.0,2.0,3.0,4.0,5.0,6.0,7.0,,,3,3,9,1,1.0,4,3,3,2,2,3,2,1,,,,,,,,2,4,1,9,4,4,4,1,3,2,4,2,2,2,1,1,1,1,1,1,2,2,1,4,1,5,1,0.5341512560844421,0.7763860821723938
40746,3,15,45467,3,7,0,2,2.0,,,,,1.0,2.0,2.0,1.0,2.0,2.0,1.0,2.0,1.0,2.0,,,,3.0,4.0,5.0,8.0,,,,,,2,2,2,3,3.0,2,4,2,1,3,3,2,2,,,,,,,,1,2,2,1,3,1,2,2,1,1,2,2,1,1,4,3,3,1,2,2,2,2,1,2,2,5,3,0.6953297257423401,1.0361260175704956
40747,1,16,17371,2,8,0,2,2.0,,,,,1.0,1.0,2.0,2.0,1.0,2.0,1.0,1.0,2.0,2.0,,,,1.0,2.0,3.0,4.0,9.0,,,,,1,1,1,1,1.0,1,3,4,1,2,3,1,7,,,,,,,,1,1,2,1,1,3,2,1,1,1,1,2,1,1,3,2,3,4,1,1,1,1,1,2,2,7,3,0.7401166558265686,0.9613955020904541
40751,3,17,79153,3,4,0,1,1.0,,,,,2.0,2.0,2.0,1.0,2.0,1.0,1.0,1.0,1.0,2.0,,,,4.0,5.0,6.0,8.0,9.0,,,,,1,1,1,1,1.0,1,1,4,3,3,2,1,7,,,,,,,,1,1,1,1,1,2,3,1,1,1,1,2,1,1,4,3,1,2,3,1,1,1,1,1,1,7,1,0.7842537760734558,1.120064377784729
40752,3,16,15109,2,8,0,2,2.0,,,,,2.0,1.0,1.0,2.0,2.0,2.0,1.0,1.0,2.0,2.0,,,,1.0,4.0,7.0,9.0,,,,,,1,1,2,3,3.0,2,3,3,4,1,2,2,2,,,,,,,,1,2,2,1,3,1,2,2,1,1,2,2,1,1,1,4,3,3,2,2,2,2,1,2,2,4,3,0.3366211950778961,0.4395623803138733
40753,1,16,98883,3,8,0,3,3.0,1.0,1.0,1.0,1.0,,,,,,,,,,,,,,,,,,,,,,,2,1,2,2,2.0,2,2,2,2,2,2,3,5,3.0,,,,,,,2,1,3,1,2,2,2,3,3,1,2,4,2,2,3,1,2,3,3,1,1,1,1,2,1,4,1,1.5287959575653076,0.7761867046356201
40754,3,3,3870,1,3,0,3,3.0,1.0,1.0,1.0,2.0,,,,,,,,,,,,,,,,,,,,,,,2,1,3,3,3.0,2,3,3,2,1,1,3,4,1.0,6.0,,,,,,2,3,3,2,1,1,2,2,3,2,3,2,1,2,2,1,1,3,1,1,2,2,1,4,1,8,2,0.2781267762184143,0.23729513585567474
40755,3,4,49802,3,4,0,3,3.0,1.0,2.0,2.0,2.0,,,,,,,,,,,,,,,,,,,,,,,1,1,3,9,,3,2,2,3,3,4,3,1,3.0,5.0,,,,,,1,3,3,9,2,2,2,2,3,2,2,4,1,2,3,2,2,2,2,1,2,2,1,2,1,5,2,0.6740691065788269,0.36783263087272644
40757,3,9,806,1,2,0,2,2.0,,,,,2.0,2.0,2.0,1.0,1.0,1.0,1.0,2.0,2.0,2.0,,,,2.0,4.0,5.0,6.0,,,,,,2,2,2,3,3.0,2,4,3,1,2,3,2,3,,,,,,,,1,2,2,1,2,3,1,2,2,1,2,2,1,1,3,1,2,3,4,2,2,2,1,2,2,4,3,0.2868990898132324,0.2889620363712311
40759,3,16,57302,3,8,0,3,3.0,1.0,1.0,1.0,1.0,,,,,,,,,,,,,,,,,,,,,,,1,1,2,3,3.0,2,3,3,2,2,3,2,3,,,,,,,,1,1,4,2,2,2,1,4,3,2,1,4,2,1,4,3,4,2,4,1,1,1,1,4,2,2,1,0.7842537760734558,0.3836304843425751
40760,3,15,79838,3,7,0,1,1.0,,,,,1.0,1.0,2.0,1.0,1.0,2.0,1.0,2.0,2.0,2.0,,,,1.0,2.0,3.0,4.0,5.0,,,,,2,3,9,3,3.0,2,2,3,2,2,2,2,2,8.0,,,,,,,2,4,2,2,3,3,3,1,3,2,3,4,2,2,3,3,3,3,3,1,2,2,1,2,1,4,3,0.6740691065788269,1.0739414691925049
40761,2,16,9406,2,8,0,1,1.0,,,,,2.0,2.0,1.0,1.0,2.0,1.0,1.0,1.0,2.0,2.0,,,,4.0,5.0,6.0,7.0,9.0,,,,,1,1,1,1,1.0,1,3,3,4,1,2,1,8,,,,,,,,1,1,1,1,1,2,3,1,1,1,1,1,1,1,3,4,1,2,3,2,2,2,1,2,1,6,2,0.2667480409145355,0.3177734911441803
40762,3,16,90161,3,8,0,2,2.0,,,,,1.0,2.0,2.0,1.0,1.0,2.0,1.0,1.0,1.0,2.0,,,,2.0,3.0,4.0,5.0,8.0,9.0,,,,1,2,3,3,3.0,2,1,2,4,3,3,2,3,6.0,,,,,,,1,2,2,2,2,3,1,2,1,1,2,3,1,1,1,3,4,2,3,1,2,2,1,2,2,4,4,0.6740691065788269,1.0739414691925049
40763,2,16,57302,3,8,0,1,1.0,,,,,1.0,1.0,2.0,1.0,1.0,1.0,2.0,2.0,2.0,2.0,,,,1.0,2.0,3.0,5.0,6.0,,,,,3,3,4,9,,3,2,2,3,3,2,2,1,,,,,,,,1,4,3,1,4,4,3,1,2,1,3,2,2,2,3,1,3,3,1,1,2,2,1,3,1,5,2,0.5341512560844421,0.7763860821723938
40764,2,16,1477,1,8,0,3,3.0,1.0,1.0,1.0,1.0,,,,,,,,,,,,,,,,,,,,,,,3,3,4,9,,1,2,2,2,1,3,2,2,,,,,,,,1,4,3,2,2,2,2,2,3,2,4,3,1,2,3,2,2,1,3,1,2,2,1,2,1,4,3,0.22039549052715302,0.17154793441295624
40769,1,2,147361,4,2,0,1,1.0,,,,,1.0,2.0,1.0,1.0,1.0,1.0,1.0,2.0,2.0,2.0,,,,2.0,3.0,4.0,5.0,6.0,7.0,,,,2,3,4,9,,3,2,2,3,3,2,3,5,4.0,3.0,,,,,,1,4,2,1,2,3,3,1,3,2,4,4,2,1,2,2,2,3,3,1,1,1,1,3,4,99,5,4.087610721588135,7.5646257400512695
40770,2,4,5096,2,4,0,1,1.0,,,,,1.0,1.0,1.0,1.0,1.0,1.0,1.0,2.0,1.0,2.0,,,,1.0,2.0,3.0,4.0,5.0,6.0,7.0,8.0,,3,3,9,1,1.0,2,1,1,2,2,1,3,3,5.0,4.0,,,,,,2,2,1,1,1,3,3,2,3,9,4,2,2,2,3,2,3,3,2,1,2,2,1,2,9,4,4,0.2585919201374054,0.3293706476688385
40772,3,16,35160,3,8,0,1,1.0,,,,,1.0,1.0,1.0,1.0,1.0,1.0,1.0,2.0,1.0,2.0,,,,1.0,2.0,3.0,4.0,5.0,6.0,7.0,8.0,,3,3,4,1,1.0,4,3,4,4,4,3,3,9,,,,,,,,2,4,1,9,4,4,4,1,3,2,4,4,2,2,4,3,4,4,4,1,2,2,1,9,1,2,6,0.6740691065788269,1.0739414691925049
40773,3,17,79153,3,4,0,2,2.0,,,,,1.0,2.0,2.0,2.0,2.0,1.0,2.0,2.0,2.0,2.0,,,,3.0,6.0,,,,,,,,1,1,1,3,3.0,1,1,2,1,2,3,4,2,3.0,,,,,,,1,1,4,1,1,1,2,4,1,1,1,2,1,1,1,1,2,2,1,2,2,2,1,4,1,6,1,0.6953297257423401,1.0361260175704956
40775,3,16,10036,2,8,0,1,1.0,,,,,2.0,2.0,1.0,1.0,1.0,2.0,2.0,1.0,1.0,2.0,,,,2.0,5.0,7.0,8.0,9.0,,,,,1,1,1,3,3.0,1,2,1,3,1,2,1,1,,,,,,,,1,1,2,1,1,3,2,2,1,1,1,2,1,1,1,3,3,2,4,2,2,2,1,4,1,6,3,0.3366211950778961,0.4395623803138733
40776,3,6,19907,2,6,0,2,2.0,,,,,1.0,1.0,2.0,2.0,2.0,2.0,1.0,1.0,1.0,2.0,,,,1.0,3.0,4.0,8.0,9.0,,,,,1,1,1,3,3.0,1,1,2,3,2,1,4,8,6.0,,,,,,,1,1,4,1,2,1,3,4,1,1,1,2,1,1,3,1,2,2,1,2,2,2,1,3,1,6,1,0.3366211950778961,0.4395623803138733
40778,3,12,25644,3,3,0,3,3.0,1.0,1.0,2.0,1.0,,,,,,,,,,,,,,,,,,,,,,,1,1,9,3,3.0,1,1,2,2,3,1,4,8,1.0,,,,,,,1,1,4,1,1,2,1,4,1,1,1,2,1,1,3,2,1,2,1,2,2,2,1,4,1,6,1,0.6953297257423401,0.3548816442489624
40780,3,7,12551,2,5,0,1,1.0,,,,,1.0,1.0,2.0,2.0,2.0,1.0,2.0,2.0,2.0,2.0,,,,1.0,3.0,6.0,,,,,,,3,3,4,1,1.0,2,2,3,1,2,2,2,4,,,,,,,,1,3,1,9,2,4,3,1,3,2,2,4,1,2,4,3,4,4,3,1,2,2,1,2,1,4,4,0.3263285458087921,0.45560455322265625
40781,3,5,2442,1,5,0,1,1.0,,,,,1.0,2.0,2.0,2.0,1.0,1.0,2.0,2.0,2.0,2.0,,,,2.0,3.0,6.0,,,,,,,3,3,4,9,,4,1,3,3,1,1,2,9,,,,,,,,2,4,1,1,4,4,4,1,3,2,3,2,2,2,3,3,3,3,3,1,2,2,1,2,2,2,1,0.2781267762184143,0.29950815439224243
40782,2,15,11112,2,7,0,3,3.0,1.0,1.0,2.0,2.0,,,,,,,,,,,,,,,,,,,,,,,1,1,2,1,1.0,2,3,1,4,2,2,1,1,,,,,,,,1,2,1,2,1,1,2,2,1,2,2,2,1,1,1,1,2,3,2,1,1,1,1,5,1,3,3,0.4207970201969147,0.2701301574707031
40783,3,16,26474,3,8,0,2,2.0,,,,,1.0,1.0,2.0,2.0,2.0,2.0,1.0,2.0,2.0,2.0,,,,1.0,3.0,4.0,,,,,,,3,3,3,3,3.0,2,3,3,3,2,2,2,8,1.0,,,,,,,1,3,3,2,2,3,2,2,3,2,3,4,1,2,2,3,3,3,3,1,2,2,1,3,1,7,3,0.6740691065788269,1.0739414691925049
40784,3,14,6629,2,7,0,3,3.0,1.0,1.0,1.0,1.0,,,,,,,,,,,,,,,,,,,,,,,1,2,2,9,,2,3,3,2,2,2,2,5,8.0,4.0,,,,,,1,3,4,2,2,2,2,2,3,1,2,3,1,2,3,3,3,3,2,1,2,2,1,3,1,5,3,0.3263285458087921,0.20149792730808258
40787,3,7,6067,2,5,0,1,1.0,,,,,2.0,1.0,2.0,1.0,1.0,1.0,2.0,2.0,2.0,2.0,,,,1.0,2.0,5.0,6.0,,,,,,1,3,4,9,,3,3,2,3,3,3,2,7,4.0,,,,,,,2,3,1,1,4,3,2,2,3,2,2,2,1,2,2,4,2,2,4,1,2,2,1,4,1,8,3,0.3263285458087921,0.45560455322265625
40788,3,3,6293,2,3,0,3,3.0,1.0,1.0,2.0,1.0,,,,,,,,,,,,,,,,,,,,,,,1,1,1,3,3.0,1,1,2,2,1,1,1,1,6.0,3.0,,,,,,1,1,4,1,1,1,2,3,1,1,1,4,1,1,2,1,2,1,2,2,1,1,1,5,1,5,3,0.39164605736732483,0.2027520090341568
40792,2,15,45467,3,7,0,2,2.0,,,,,1.0,2.0,1.0,2.0,2.0,2.0,2.0,1.0,1.0,2.0,,,,3.0,7.0,8.0,9.0,,,,,,2,1,2,1,1.0,1,3,2,2,3,1,1,8,,,,,,,,1,2,2,2,1,3,2,2,1,1,2,2,1,1,3,1,2,3,1,1,2,2,1,1,2,6,2,0.5341512560844421,0.7763860821723938
40793,2,15,61543,3,7,0,1,1.0,,,,,1.0,1.0,2.0,2.0,2.0,2.0,1.0,2.0,2.0,2.0,,,,1.0,3.0,4.0,,,,,,,3,3,4,9,,2,3,3,2,2,2,2,9,,,,,,,,2,4,3,9,2,3,4,1,3,2,3,2,2,2,3,2,3,3,2,1,2,2,1,3,1,4,2,0.5341512560844421,0.7763860821723938
40794,3,8,33024,3,2,0,3,3.0,1.0,2.0,2.0,2.0,,,,,,,,,,,,,,,,,,,,,,,3,3,4,9,,3,3,3,3,2,3,2,5,,,,,,,,2,3,4,2,2,2,2,2,9,2,3,4,1,2,2,2,2,2,1,1,1,1,1,2,1,7,3,0.7842537760734558,0.3836304843425751
40795,3,16,26474,3,8,0,1,1.0,,,,,2.0,2.0,2.0,2.0,1.0,1.0,1.0,2.0,1.0,2.0,,,,2.0,4.0,6.0,8.0,,,,,,3,3,4,9,,2,2,3,2,3,2,1,1,,,,,,,,2,4,1,1,3,3,3,1,3,2,3,2,2,2,3,3,3,2,2,3,2,2,1,3,1,3,4,0.6953297257423401,1.0361260175704956
40797,2,12,25644,3,3,0,3,3.0,1.0,1.0,1.0,1.0,,,,,,,,,,,,,,,,,,,,,,,1,2,2,3,3.0,1,1,1,1,1,1,3,2,6.0,,,,,,,2,2,4,2,2,1,1,4,3,2,2,4,1,2,4,3,3,1,2,1,2,2,1,4,1,4,2,0.5341512560844421,0.26591959595680237
40798,3,16,69265,3,8,0,3,3.0,1.0,1.0,1.0,1.0,,,,,,,,,,,,,,,,,,,,,,,1,1,1,2,2.0,2,2,2,1,2,2,3,9,,,,,,,,2,1,4,1,2,2,2,3,3,2,2,4,2,2,2,2,2,2,1,1,1,1,1,4,1,2,1,0.7842537760734558,0.3836304843425751
40799,3,16,69265,3,8,0,3,3.0,2.0,,,2.0,,,,,,,,,,,,,,,,,,,,,,,2,2,2,2,2.0,2,2,2,2,2,2,3,5,2.0,,,,,,,2,2,2,1,2,2,2,2,2,2,2,2,2,2,2,2,2,2,2,1,2,2,1,2,1,5,2,0.6740691065788269,0.36783263087272644
40800,2,6,19907,2,6,0,1,1.0,,,,,1.0,1.0,2.0,2.0,1.0,2.0,1.0,1.0,2.0,2.0,,,,1.0,2.0,3.0,4.0,9.0,,,,,1,1,1,1,1.0,1,3,2,1,3,4,2,7,8.0,3.0,,,,,,1,1,1,1,3,1,2,1,1,1,1,2,1,1,1,4,2,3,3,2,1,1,1,4,1,5,5,0.43406933546066284,0.5892806649208069
40801,2,7,7465,2,5,0,3,3.0,1.0,2.0,2.0,1.0,,,,,,,,,,,,,,,,,,,,,,,1,3,4,9,,2,2,3,2,2,2,3,5,,,,,,,,2,2,4,2,1,1,1,1,3,2,2,2,1,2,2,3,3,3,2,1,2,2,1,2,1,8,2,0.2585919201374054,0.14566975831985474
40802,2,16,26474,3,8,0,2,2.0,,,,,1.0,1.0,1.0,1.0,2.0,1.0,2.0,1.0,2.0,2.0,,,,1.0,3.0,5.0,6.0,7.0,9.0,,,,1,2,2,2,2.0,2,2,2,2,3,1,2,5,,,,,,,,1,3,2,1,3,3,3,3,2,2,2,2,1,2,4,3,3,3,2,1,1,1,2,4,1,4,4,0.8692047595977783,1.4397292137145996
40804,3,12,2566,1,3,1,3,,1.0,1.0,1.0,1.0,,,,,,,,,,,,,,,,,,,,,,,2,3,4,9,,3,2,2,3,4,2,3,4,,,,,,,,2,3,3,2,3,3,3,2,2,2,2,4,1,2,2,2,3,3,2,1,2,2,1,3,1,7,3,0.2781267762184143,0.23729513585567474
40805,3,16,26474,3,8,0,3,3.0,1.0,1.0,2.0,1.0,,,,,,,,,,,,,,,,,,,,,,,1,1,2,3,3.0,2,2,3,2,2,1,4,1,4.0,7.0,5.0,,,,,1,2,4,1,2,1,2,3,2,2,1,3,1,2,3,2,2,1,1,2,1,1,1,5,1,8,3,0.8089898824691772,0.3701227307319641
40806,2,16,90161,3,8,0,1,1.0,,,,,1.0,1.0,1.0,2.0,1.0,1.0,2.0,2.0,2.0,2.0,,,,1.0,2.0,3.0,6.0,7.0,,,,,2,3,4,9,,2,3,3,2,2,3,2,3,5.0,,,,,,,2,4,2,1,2,3,4,2,3,2,3,2,2,2,4,2,3,3,3,1,2,2,1,3,1,98,1,0.5341512560844421,0.7763860821723938
40807,3,17,1387,1,4,0,2,2.0,,,,,2.0,1.0,2.0,2.0,2.0,2.0,1.0,2.0,2.0,2.0,,,,1.0,4.0,,,,,,,,3,3,4,9,,2,3,3,2,2,2,2,1,,,,,,,,2,3,4,2,2,3,2,2,3,2,3,4,1,2,2,2,3,3,3,1,2,2,1,2,1,6,3,0.2781267762184143,0.29950815439224243
40808,1,17,1387,1,4,0,1,1.0,,,,,2.0,2.0,2.0,2.0,2.0,2.0,1.0,2.0,2.0,2.0,,,,4.0,,,,,,,,,2,3,9,3,3.0,3,3,2,3,2,2,2,3,,,,,,,,2,3,2,1,2,3,3,1,9,2,3,2,1,2,2,3,3,2,3,1,1,1,1,9,1,2,2,0.6307944655418396,0.6320086717605591
40809,2,16,35160,3,8,0,1,1.0,,,,,1.0,1.0,1.0,1.0,2.0,1.0,1.0,2.0,2.0,2.0,,,,1.0,3.0,4.0,5.0,6.0,7.0,,,,3,3,4,9,,2,3,3,2,1,3,1,9,,,,,,,,2,4,1,1,2,4,4,1,3,2,4,4,2,2,3,2,2,3,2,1,1,1,1,2,2,1,1,0.8692047595977783,1.4397292137145996
40810,3,5,3286,1,5,0,1,1.0,,,,,2.0,1.0,2.0,2.0,2.0,1.0,1.0,1.0,1.0,2.0,,,,1.0,4.0,6.0,8.0,9.0,,,,,3,3,4,9,,3,2,2,2,2,2,3,1,,,,,,,,2,3,2,1,3,2,2,3,3,2,3,3,1,2,3,2,2,1,4,1,1,1,1,2,1,4,2,0.323589950799942,0.3123702108860016
40811,2,6,33714,3,6,0,1,1.0,,,,,1.0,1.0,1.0,1.0,1.0,1.0,1.0,2.0,2.0,2.0,,,,1.0,2.0,3.0,4.0,5.0,6.0,7.0,,,3,3,4,1,1.0,3,1,1,4,4,2,4,9,,,,,,,,2,4,1,1,4,4,4,1,2,2,4,4,1,2,4,4,4,4,4,2,1,1,1,2,2,1,1,0.8966200947761536,1.3890373706817627
40815,1,14,6477,2,7,0,3,3.0,1.0,1.0,2.0,1.0,,,,,,,,,,,,,,,,,,,,,,,2,1,3,9,,2,3,2,2,1,2,3,5,,,,,,,,2,4,2,2,1,1,1,1,2,2,4,4,2,2,4,3,2,1,1,1,2,2,1,2,4,1,9,0.3866943120956421,0.2015577256679535
40816,3,12,1678,1,3,0,3,3.0,1.0,1.0,4.0,2.0,,,,,,,,,,,,,,,,,,,,,,,1,2,4,9,,4,3,1,4,4,4,3,8,,,,,,,,2,1,4,2,4,4,3,4,2,1,4,2,2,1,3,4,1,1,2,1,2,2,1,4,1,3,4,0.2781267762184143,0.23729513585567474
40817,3,8,43182,3,2,0,3,3.0,1.0,1.0,1.0,1.0,,,,,,,,,,,,,,,,,,,,,,,1,3,3,9,,2,2,2,3,3,3,3,5,,,,,,,,2,3,3,2,2,2,1,2,2,2,2,4,2,2,2,1,2,2,2,1,2,2,1,3,1,5,2,0.6740691065788269,0.36783263087272644
40818,1,8,12721,2,2,0,3,3.0,2.0,,,2.0,,,,,,,,,,,,,,,,,,,,,,,1,1,3,3,3.0,2,2,2,3,3,3,2,5,4.0,,,,,,,1,4,4,1,2,2,2,3,3,9,3,3,1,1,3,3,2,3,3,2,2,2,2,2,2,2,3,0.3988909423351288,0.19446109235286713
40819,3,16,69265,3,8,0,1,1.0,,,,,2.0,2.0,2.0,2.0,1.0,1.0,2.0,2.0,2.0,2.0,,,,2.0,6.0,,,,,,,,3,1,4,9,,2,2,3,2,2,2,2,5,,,,,,,,1,4,1,1,3,3,3,1,3,2,2,4,2,2,3,3,2,3,4,1,2,2,1,9,5,1,3,0.6740691065788269,1.0739414691925049
40820,3,6,19907,2,6,0,3,3.0,1.0,1.0,2.0,1.0,,,,,,,,,,,,,,,,,,,,,,,1,1,1,3,3.0,1,2,2,1,1,2,4,8,2.0,,,,,,,1,1,4,1,3,1,2,4,1,1,1,2,1,1,1,2,2,1,1,2,2,2,1,4,1,6,3,0.3366211950778961,0.19440290331840515
40821,2,16,57302,3,8,0,2,2.0,,,,,2.0,1.0,2.0,2.0,1.0,2.0,1.0,2.0,2.0,2.0,,,,1.0,2.0,4.0,,,,,,,3,3,4,9,,2,1,3,3,2,2,2,9,,,,,,,,2,3,3,9,2,3,3,2,3,1,3,2,1,2,2,2,1,2,1,1,2,2,1,4,1,3,1,0.5341512560844421,0.7763860821723938
40822,3,15,79838,3,7,0,1,1.0,,,,,1.0,1.0,1.0,1.0,1.0,1.0,1.0,2.0,1.0,2.0,,,,1.0,2.0,3.0,4.0,5.0,6.0,7.0,8.0,,2,3,3,2,2.0,2,1,3,3,2,2,2,1,3.0,,,,,,,2,3,1,1,3,3,3,1,3,2,3,2,1,2,3,1,2,1,2,1,2,2,1,5,1,3,2,0.6740691065788269,1.0739414691925049
40823,3,16,22612,3,8,0,3,3.0,1.0,2.0,2.0,1.0,,,,,,,,,,,,,,,,,,,,,,,1,2,3,9,,2,3,3,2,2,2,3,6,8.0,,,,,,,1,2,4,2,3,2,2,4,2,2,2,4,1,2,3,3,2,3,2,1,2,2,1,4,1,7,3,0.6740691065788269,0.36783263087272644
40824,3,5,3889,1,5,0,1,1.0,,,,,2.0,2.0,2.0,2.0,2.0,2.0,2.0,2.0,2.0,2.0,,,,11.0,,,,,,,,,2,3,4,9,,2,2,3,2,2,2,2,9,,,,,,,,2,4,1,1,4,4,4,1,1,2,3,4,2,2,2,2,2,2,2,1,2,2,1,3,1,5,5,0.2781267762184143,0.29950815439224243
40825,3,16,22612,3,8,0,3,3.0,1.0,2.0,2.0,2.0,,,,,,,,,,,,,,,,,,,,,,,1,2,3,9,,2,3,3,2,2,2,3,8,6.0,,,,,,,1,1,4,2,3,2,2,4,2,2,2,4,1,2,3,3,2,2,2,1,2,2,1,4,1,7,3,0.6740691065788269,0.36783263087272644
40827,1,16,26474,3,8,0,2,2.0,,,,,2.0,1.0,1.0,1.0,2.0,1.0,2.0,1.0,2.0,2.0,,,,1.0,5.0,6.0,7.0,9.0,,,,,2,1,1,1,1.0,1,1,4,3,3,2,1,7,,,,,,,,1,1,1,1,3,2,1,1,1,1,1,2,1,1,2,3,3,4,1,1,1,1,1,2,2,6,2,1.5287959575653076,2.266181707382202
40828,1,4,2931,1,4,0,1,1.0,,,,,2.0,1.0,2.0,2.0,1.0,2.0,1.0,1.0,2.0,2.0,,,,1.0,2.0,4.0,9.0,,,,,,2,1,4,9,,2,2,2,2,2,3,2,4,1.0,,,,,,,2,2,1,9,2,2,3,2,9,9,3,2,2,2,3,2,3,2,2,1,2,2,1,2,5,1,3,0.32957592606544495,0.2995974123477936
40830,2,12,11031,2,3,0,2,2.0,,,,,1.0,1.0,1.0,1.0,1.0,1.0,2.0,2.0,2.0,2.0,,,,1.0,2.0,3.0,5.0,6.0,7.0,,,,3,3,4,9,,3,2,2,3,3,4,2,3,1.0,4.0,,,,,,2,3,2,1,3,3,3,2,3,2,2,4,2,2,3,3,2,2,3,1,2,2,1,2,1,2,1,0.2585919201374054,0.3293706476688385
40833,3,6,19907,2,6,0,1,1.0,,,,,1.0,2.0,2.0,1.0,1.0,1.0,1.0,2.0,2.0,2.0,,,,2.0,3.0,4.0,5.0,6.0,,,,,1,1,1,1,1.0,1,3,1,2,4,3,1,5,,,,,,,,1,1,1,1,3,2,1,1,1,1,1,2,1,1,1,3,2,4,3,1,1,1,1,1,1,7,1,0.3796708583831787,0.4751705229282379
40835,1,16,22803,3,8,0,2,2.0,,,,,1.0,2.0,1.0,1.0,2.0,1.0,2.0,2.0,1.0,2.0,,,,3.0,5.0,6.0,7.0,8.0,,,,,1,1,1,3,3.0,2,1,3,2,3,4,2,5,,,,,,,,1,1,2,1,1,2,3,2,1,1,1,2,1,1,3,1,4,2,4,2,2,2,1,2,2,5,2,0.8239551186561584,1.0364348888397217
40836,2,16,69265,3,8,0,1,1.0,,,,,1.0,1.0,2.0,2.0,1.0,2.0,1.0,2.0,1.0,2.0,,,,1.0,2.0,3.0,4.0,8.0,,,,,1,1,1,2,2.0,1,3,1,2,3,1,1,7,,,,,,,,1,1,2,1,3,2,1,2,1,1,1,2,1,1,3,3,2,1,2,1,2,2,1,3,2,5,1,0.5341512560844421,0.7763860821723938
40837,3,17,79153,3,4,0,1,1.0,,,,,1.0,1.0,1.0,1.0,1.0,1.0,1.0,2.0,1.0,2.0,,,,1.0,2.0,3.0,4.0,5.0,6.0,7.0,8.0,,3,3,9,9,,3,1,1,2,3,3,2,9,,,,,,,,2,4,1,1,4,4,4,1,3,2,3,4,2,2,2,1,1,2,1,1,2,2,1,2,5,98,3,0.6740691065788269,1.0739414691925049
40839,2,12,11031,2,3,0,1,1.0,,,,,2.0,1.0,2.0,1.0,1.0,2.0,1.0,2.0,1.0,2.0,,,,1.0,2.0,4.0,5.0,8.0,,,,,2,3,3,3,3.0,2,3,4,1,3,1,2,4,,,,,,,,2,2,4,1,1,2,2,3,2,1,1,4,2,2,3,3,3,3,3,1,2,2,1,3,1,99,3,0.2585919201374054,0.3293706476688385
40840,1,14,86419,3,7,0,2,2.0,,,,,1.0,1.0,2.0,1.0,2.0,2.0,2.0,2.0,1.0,2.0,,,,1.0,3.0,5.0,8.0,,,,,,2,2,2,3,3.0,2,3,2,1,4,4,2,3,,,,,,,,1,2,1,1,2,3,1,2,1,1,2,2,1,1,1,4,4,4,2,2,2,2,1,2,2,5,2,0.8239551186561584,1.0364348888397217
40841,1,16,9306,2,8,0,2,2.0,,,,,1.0,2.0,1.0,1.0,1.0,2.0,1.0,1.0,2.0,2.0,,,,2.0,3.0,4.0,5.0,7.0,9.0,,,,1,2,3,2,2.0,3,2,3,1,2,3,2,5,,,,,,,,1,2,2,2,2,4,1,2,2,2,3,3,2,1,3,2,2,3,2,1,2,2,1,2,1,3,2,0.3866943120956421,0.4557398557662964
40842,2,15,7316,2,7,0,2,2.0,,,,,2.0,2.0,2.0,2.0,2.0,2.0,1.0,2.0,1.0,2.0,,,,4.0,8.0,,,,,,,,3,3,4,9,,2,2,2,2,3,2,1,9,,,,,,,,2,3,3,2,4,4,4,1,3,2,4,1,2,2,4,4,1,4,4,1,2,2,1,2,1,1,4,0.2585919201374054,0.3293706476688385
40844,3,7,844,1,5,0,1,1.0,,,,,2.0,2.0,2.0,1.0,2.0,2.0,1.0,2.0,2.0,2.0,,,,4.0,5.0,,,,,,,,1,2,4,9,,3,2,2,4,3,3,2,5,4.0,,,,,,,2,4,1,9,2,3,3,1,3,2,3,3,2,2,3,3,3,3,3,1,2,2,1,2,2,1,4,0.2781267762184143,0.29950815439224243
40847,2,1,14178,2,1,0,3,3.0,1.0,1.0,1.0,2.0,,,,,,,,,,,,,,,,,,,,,,,2,1,3,3,3.0,1,3,1,1,1,1,1,3,1.0,4.0,5.0,2.0,,,,2,1,3,2,1,1,1,3,2,9,1,4,1,2,2,1,1,2,1,1,2,2,1,2,1,3,3,0.2585919201374054,0.14566975831985474
40848,1,16,15057,2,8,0,2,2.0,,,,,1.0,1.0,1.0,2.0,1.0,2.0,2.0,2.0,1.0,2.0,,,,1.0,2.0,3.0,7.0,8.0,,,,,1,1,1,1,1.0,1,1,2,4,3,3,1,2,,,,,,,,1,1,1,1,3,1,2,1,1,1,1,2,1,1,1,3,4,3,2,1,1,1,1,2,2,6,2,0.7401166558265686,0.9613955020904541
40850,2,15,45467,3,7,0,2,2.0,,,,,2.0,1.0,2.0,1.0,1.0,1.0,1.0,1.0,2.0,2.0,,,,1.0,2.0,4.0,5.0,6.0,9.0,,,,1,1,1,1,1.0,1,2,2,3,3,1,1,3,,,,,,,,1,1,1,1,2,3,1,1,1,1,1,3,1,1,1,2,3,1,3,1,2,2,1,2,2,5,2,0.5341512560844421,0.7763860821723938
40851,2,15,79838,3,7,0,2,2.0,,,,,2.0,2.0,1.0,2.0,1.0,1.0,1.0,1.0,2.0,2.0,,,,2.0,4.0,6.0,7.0,9.0,,,,,1,2,2,2,2.0,2,3,2,4,1,2,2,6,,,,,,,,1,2,3,2,1,2,3,3,1,1,1,4,1,1,4,2,2,3,1,1,1,1,1,5,1,4,2,0.8692047595977783,1.4397292137145996
40852,1,17,79153,3,4,0,2,2.0,,,,,2.0,1.0,1.0,2.0,1.0,1.0,1.0,2.0,2.0,2.0,,,,1.0,2.0,4.0,6.0,7.0,,,,,1,1,1,2,2.0,1,1,3,3,4,2,1,4,,,,,,,,1,1,1,1,3,1,2,2,1,1,1,2,1,1,2,1,4,3,3,1,1,1,1,2,2,6,2,1.5287959575653076,2.266181707382202
40853,1,17,79153,3,4,0,1,1.0,,,,,1.0,1.0,1.0,2.0,2.0,1.0,2.0,1.0,2.0,2.0,,,,1.0,3.0,6.0,7.0,9.0,,,,,1,1,1,1,1.0,1,2,3,1,3,4,1,1,,,,,,,,1,1,1,1,2,3,1,1,1,1,1,2,1,1,3,1,2,3,4,1,1,1,1,2,2,6,2,1.5287959575653076,2.266181707382202
40855,1,6,35117,3,6,0,2,2.0,,,,,1.0,1.0,2.0,1.0,2.0,1.0,2.0,1.0,2.0,2.0,,,,1.0,3.0,5.0,6.0,9.0,,,,,1,1,1,1,1.0,1,4,2,3,1,3,1,5,,,,,,,,1,1,1,1,2,1,3,1,1,1,1,2,1,1,4,3,2,1,3,1,1,1,1,2,2,6,2,1.5287959575653076,2.266181707382202
40856,3,15,13893,2,7,0,3,3.0,1.0,1.0,2.0,1.0,,,,,,,,,,,,,,,,,,,,,,,1,1,1,3,3.0,1,1,1,2,1,2,3,7,3.0,5.0,,,,,,1,1,4,1,1,1,2,4,1,1,1,3,1,1,2,1,1,2,1,2,2,2,1,4,1,7,4,0.3366211950778961,0.19440290331840515
40857,1,16,50626,3,8,0,2,2.0,,,,,1.0,2.0,2.0,1.0,1.0,1.0,2.0,2.0,1.0,2.0,,,,2.0,3.0,5.0,6.0,8.0,,,,,1,1,1,1,1.0,1,4,1,3,3,2,2,4,,,,,,,,1,1,2,1,2,3,1,1,1,1,1,2,1,1,3,2,1,4,3,1,1,1,1,2,2,6,2,1.5287959575653076,2.266181707382202
40858,1,17,79153,3,4,0,1,1.0,,,,,1.0,1.0,1.0,2.0,1.0,1.0,2.0,2.0,2.0,2.0,,,,1.0,2.0,3.0,6.0,7.0,,,,,1,1,1,1,1.0,1,2,3,4,3,1,1,7,,,,,,,,1,1,1,1,1,2,3,1,1,1,1,2,1,1,3,4,3,1,2,1,1,1,1,2,2,6,2,1.5287959575653076,2.266181707382202
40859,3,16,50626,3,8,0,3,3.0,1.0,1.0,2.0,1.0,,,,,,,,,,,,,,,,,,,,,,,2,1,3,3,3.0,2,4,3,3,2,3,3,7,5.0,,,,,,,1,3,3,2,2,2,3,2,3,2,2,4,1,2,3,3,2,1,4,2,2,2,1,4,1,3,1,0.6953297257423401,0.3548816442489624
40860,3,7,12551,2,5,0,1,1.0,,,,,2.0,2.0,2.0,2.0,2.0,2.0,2.0,2.0,2.0,2.0,,,,11.0,,,,,,,,,1,1,3,9,,2,1,1,1,1,1,3,3,6.0,4.0,,,,,,1,2,3,1,1,1,1,3,1,2,2,3,1,2,1,3,4,4,4,1,2,2,1,3,1,8,5,0.3263285458087921,0.45560455322265625
40861,3,15,26377,3,7,0,3,3.0,1.0,1.0,2.0,1.0,,,,,,,,,,,,,,,,,,,,,,,1,1,2,9,,2,2,3,2,2,2,3,4,1.0,,,,,,,2,3,4,2,2,3,3,1,9,2,2,4,1,2,3,2,3,2,2,1,2,2,1,2,1,98,2,0.6740691065788269,0.36783263087272644
40863,1,4,1545,1,4,0,3,3.0,1.0,1.0,1.0,1.0,,,,,,,,,,,,,,,,,,,,,,,1,2,2,3,3.0,1,2,2,2,2,2,3,1,4.0,8.0,5.0,2.0,,,,1,3,3,2,1,1,3,2,3,2,1,2,2,2,2,2,2,2,2,1,2,2,1,2,1,3,3,0.32957592606544495,0.2373657077550888
40864,1,16,90161,3,8,0,1,1.0,,,,,2.0,1.0,1.0,2.0,2.0,1.0,2.0,2.0,1.0,2.0,,,,1.0,6.0,7.0,8.0,,,,,,2,1,1,3,3.0,1,3,1,4,2,4,2,5,,,,,,,,1,2,2,1,1,3,2,2,1,1,2,2,1,1,3,4,1,2,4,2,2,2,1,2,2,3,2,0.8239551186561584,1.0364348888397217
40865,3,16,7409,2,8,0,1,1.0,,,,,1.0,2.0,2.0,2.0,2.0,2.0,2.0,2.0,2.0,1.0,13.0,,MAIRE RÉÉLU AUTOMATIQUEMENT,3.0,10.0,,,,,,,,2,3,4,9,,2,3,3,2,3,2,3,9,,,,,,,,2,3,3,1,2,2,2,1,3,1,3,2,1,2,3,3,2,3,2,1,2,2,1,4,1,4,4,0.3263285458087921,0.45560455322265625
40867,3,6,19942,2,6,0,1,1.0,,,,,2.0,2.0,1.0,2.0,2.0,1.0,1.0,2.0,1.0,2.0,,,,4.0,6.0,7.0,8.0,,,,,,2,1,3,9,,2,3,2,3,3,4,3,9,,,,,,,,1,3,2,1,2,3,2,2,3,2,2,4,1,2,4,3,4,2,3,2,2,2,1,2,5,3,3,0.3366211950778961,0.4395623803138733
40868,1,4,10905,2,4,0,2,2.0,,,,,2.0,1.0,1.0,2.0,1.0,2.0,1.0,2.0,2.0,2.0,,,,1.0,2.0,4.0,7.0,,,,,,1,1,1,3,3.0,1,2,1,4,3,3,1,1,,,,,,,,1,2,1,1,2,1,3,1,1,1,1,2,1,1,2,4,4,1,3,2,2,2,1,2,2,5,2,0.3988909423351288,0.4396929442882538
40872,2,14,5492,2,7,0,2,2.0,,,,,2.0,2.0,2.0,2.0,1.0,2.0,1.0,2.0,1.0,2.0,,,,2.0,4.0,8.0,,,,,,,1,1,9,9,,3,2,3,2,3,2,2,1,8.0,2.0,,,,,,1,3,3,2,3,2,3,3,2,2,2,3,1,2,3,3,3,3,2,1,2,2,1,3,1,7,3,0.2585919201374054,0.3293706476688385
40873,3,15,59612,3,7,0,1,1.0,,,,,1.0,1.0,2.0,1.0,2.0,2.0,1.0,2.0,2.0,2.0,,,,1.0,3.0,4.0,5.0,,,,,,3,3,3,9,,2,3,3,2,2,2,2,1,,,,,,,,1,4,2,1,3,3,3,2,3,2,3,3,1,2,3,2,2,2,2,1,2,2,1,3,1,7,3,0.6740691065788269,1.0739414691925049
40874,3,15,7316,2,7,0,3,3.0,1.0,1.0,1.0,1.0,,,,,,,,,,,,,,,,,,,,,,,3,3,4,9,,2,2,2,3,3,3,2,1,2.0,,,,,,,2,3,3,2,2,3,2,2,3,1,3,2,1,2,3,3,2,2,3,1,2,2,1,3,1,2,4,0.3263285458087921,0.20149792730808258
40875,2,16,10036,2,8,0,2,2.0,,,,,1.0,1.0,1.0,1.0,1.0,1.0,1.0,1.0,1.0,2.0,,,,1.0,2.0,3.0,4.0,5.0,6.0,7.0,8.0,9.0,1,2,4,2,2.0,2,2,3,2,3,1,2,2,,,,,,,,1,2,3,2,2,2,3,2,2,1,3,4,2,1,2,2,2,3,2,1,1,1,1,1,2,4,1,0.4207970201969147,0.6107873916625977
40876,3,14,86419,3,7,0,2,2.0,,,,,1.0,1.0,1.0,1.0,1.0,1.0,2.0,2.0,2.0,2.0,,,,1.0,2.0,3.0,5.0,6.0,7.0,,,,3,3,4,9,,4,2,3,3,3,3,3,9,,,,,,,,1,3,4,2,3,3,2,2,3,2,3,4,1,2,3,3,2,3,2,1,1,1,1,4,1,7,4,0.7842537760734558,1.120064377784729
40877,3,4,49802,3,4,0,1,1.0,,,,,2.0,2.0,2.0,2.0,2.0,2.0,2.0,2.0,2.0,2.0,,,,11.0,,,,,,,,,3,3,9,9,,4,4,2,4,4,3,4,9,,,,,,,,2,4,1,9,4,4,4,1,3,2,4,4,2,2,4,4,3,4,2,1,2,2,1,2,5,2,1,0.6740691065788269,1.0739414691925049
40878,3,17,1251,1,4,0,3,3.0,1.0,1.0,1.0,1.0,,,,,,,,,,,,,,,,,,,,,,,1,2,4,3,3.0,2,2,3,2,2,2,2,9,,,,,,,,1,3,3,2,2,2,2,2,3,1,3,4,1,2,2,2,2,2,2,1,2,2,1,2,1,98,2,0.2781267762184143,0.23729513585567474
40879,3,16,90161,3,8,0,1,1.0,,,,,1.0,1.0,2.0,1.0,1.0,2.0,2.0,2.0,2.0,2.0,,,,1.0,2.0,3.0,5.0,,,,,,1,1,2,3,3.0,2,2,3,2,2,2,2,2,,,,,,,,2,2,2,1,2,3,2,2,3,2,3,4,1,2,2,1,2,1,1,2,1,1,1,4,1,7,3,0.8089898824691772,1.0806254148483276
40880,3,3,1128,1,3,0,1,1.0,,,,,1.0,2.0,1.0,1.0,1.0,2.0,2.0,2.0,2.0,2.0,,,,2.0,3.0,5.0,7.0,,,,,,1,2,4,1,1.0,2,2,2,2,3,2,2,5,,,,,,,,2,4,1,1,4,4,4,1,1,2,2,4,1,2,4,4,4,1,4,1,2,2,1,2,1,4,3,0.2781267762184143,0.29950815439224243
40881,2,14,2673,1,7,0,2,2.0,,,,,1.0,2.0,2.0,1.0,1.0,1.0,1.0,2.0,2.0,2.0,,,,2.0,3.0,4.0,5.0,6.0,,,,,3,1,4,9,,3,2,2,3,3,2,2,7,5.0,1.0,,,,,,2,3,2,1,3,3,3,2,3,2,3,3,1,2,3,2,2,3,3,1,2,2,1,2,1,2,4,0.22039549052715302,0.21652396023273468
40882,1,14,86419,3,7,0,1,1.0,,,,,2.0,2.0,1.0,2.0,1.0,2.0,1.0,1.0,1.0,2.0,,,,2.0,4.0,7.0,8.0,9.0,,,,,1,1,1,2,2.0,1,3,1,2,3,4,1,5,,,,,,,,1,1,1,1,3,1,2,1,1,1,1,2,1,1,4,3,2,1,3,2,1,1,1,2,1,5,2,1.5770148038864136,2.1863858699798584
40883,3,14,11748,2,7,0,1,1.0,,,,,2.0,2.0,2.0,2.0,1.0,1.0,2.0,2.0,1.0,2.0,,,,2.0,6.0,8.0,,,,,,,3,3,4,9,,2,1,1,2,3,3,2,1,,,,,,,,2,4,2,1,3,2,3,1,3,2,2,3,2,2,3,1,2,1,1,1,2,2,1,1,2,1,1,0.3263285458087921,0.45560455322265625
40886,3,15,79838,3,7,0,1,1.0,,,,,1.0,1.0,2.0,1.0,1.0,1.0,1.0,2.0,2.0,2.0,,,,1.0,2.0,3.0,4.0,5.0,6.0,,,,3,3,4,9,,3,1,2,3,3,3,1,1,,,,,,,,2,4,1,2,2,2,2,2,3,1,3,4,2,2,2,2,2,2,1,1,2,2,1,2,1,2,1,0.6740691065788269,1.0739414691925049
40888,3,3,16723,2,3,0,1,1.0,,,,,2.0,1.0,2.0,2.0,1.0,2.0,1.0,2.0,1.0,2.0,,,,1.0,2.0,4.0,8.0,,,,,,1,1,3,9,,2,2,2,3,3,2,3,1,,,,,,,,1,2,3,1,3,2,2,2,3,2,2,4,1,2,3,2,3,2,2,1,2,2,1,4,2,98,3,0.3263285458087921,0.45560455322265625
40889,2,14,2693,1,7,1,1,,,,,,1.0,1.0,2.0,1.0,2.0,2.0,2.0,1.0,2.0,2.0,,,,1.0,3.0,5.0,9.0,,,,,,3,3,4,9,,2,2,2,2,2,2,3,1,5.0,,,,,,,2,4,3,2,1,2,2,1,3,2,2,2,1,2,3,3,3,2,2,1,2,2,1,3,4,3,3,0.22039549052715302,0.21652396023273468
40891,2,6,19907,2,6,0,1,1.0,,,,,2.0,1.0,1.0,2.0,2.0,1.0,1.0,1.0,2.0,2.0,,,,1.0,4.0,6.0,7.0,9.0,,,,,1,1,1,3,3.0,1,2,1,1,2,1,1,1,6.0,4.0,,,,,,1,1,1,1,1,1,2,1,1,1,1,2,1,1,4,3,3,2,1,2,1,1,1,4,1,6,4,0.43406933546066284,0.5892806649208069
40892,3,14,50455,3,7,0,3,3.0,1.0,1.0,1.0,1.0,,,,,,,,,,,,,,,,,,,,,,,2,1,2,1,1.0,2,2,3,2,3,2,2,2,5.0,,,,,,,2,2,4,2,2,2,2,2,2,2,2,4,1,2,4,4,4,3,3,1,1,1,1,2,1,5,3,0.7842537760734558,0.3836304843425751
40893,3,15,27296,3,7,0,3,3.0,1.0,1.0,1.0,1.0,,,,,,,,,,,,,,,,,,,,,,,2,3,3,3,3.0,2,3,3,2,2,2,3,2,,,,,,,,1,4,4,2,2,2,2,2,3,2,3,4,1,2,1,1,1,1,1,1,1,1,1,4,1,6,3,0.7842537760734558,0.3836304843425751
40894,3,14,14683,2,7,0,2,2.0,,,,,2.0,2.0,2.0,2.0,2.0,2.0,1.0,1.0,2.0,2.0,,,,4.0,9.0,,,,,,,,2,1,2,9,,2,1,4,1,1,1,2,7,4.0,5.0,,,,,,2,2,2,2,1,1,3,1,3,2,2,3,1,2,3,3,3,2,3,1,2,2,1,1,2,2,4,0.3263285458087921,0.45560455322265625
40895,3,16,98883,3,8,0,1,1.0,,,,,1.0,2.0,2.0,1.0,1.0,2.0,1.0,2.0,2.0,2.0,,,,2.0,3.0,4.0,5.0,,,,,,2,1,4,9,,2,2,3,2,2,2,3,5,1.0,8.0,,,,,,1,3,3,2,2,2,2,2,2,2,2,4,1,2,1,1,1,1,1,2,2,2,1,2,1,6,2,0.6953297257423401,1.0361260175704956
40896,3,15,61543,3,7,0,3,3.0,1.0,1.0,1.0,1.0,,,,,,,,,,,,,,,,,,,,,,,2,3,3,3,3.0,2,3,3,2,1,2,3,3,2.0,,,,,,,2,2,4,2,1,1,1,2,3,1,2,4,1,2,3,2,2,3,2,1,2,2,1,3,1,3,4,0.6740691065788269,0.36783263087272644
40899,2,3,8277,2,3,0,1,1.0,,,,,2.0,1.0,2.0,1.0,2.0,1.0,1.0,1.0,2.0,2.0,,,,1.0,4.0,5.0,6.0,9.0,,,,,2,2,3,3,3.0,2,3,1,1,1,1,2,4,3.0,,,,,,,2,3,2,2,3,2,3,2,3,2,3,3,1,2,3,1,1,1,1,1,2,2,1,4,1,3,1,0.2585919201374054,0.3293706476688385
40900,2,6,4094,1,6,0,3,3.0,1.0,1.0,1.0,1.0,,,,,,,,,,,,,,,,,,,,,,,1,1,2,3,3.0,2,1,2,2,3,2,2,5,,,,,,,,2,2,4,2,2,2,2,1,3,2,2,4,2,2,2,2,3,1,2,1,2,2,1,5,1,3,1,0.22039549052715302,0.17154793441295624
40903,3,15,79838,3,7,0,2,2.0,,,,,1.0,1.0,2.0,2.0,2.0,2.0,1.0,1.0,2.0,2.0,,,,1.0,3.0,4.0,9.0,,,,,,1,1,2,3,3.0,2,3,4,1,3,2,1,6,,,,,,,,1,2,2,1,3,2,1,2,1,1,2,2,1,1,3,1,2,4,3,2,2,2,1,2,2,5,2,0.6953297257423401,1.0361260175704956
40905,3,16,24448,3,8,0,2,2.0,,,,,1.0,1.0,2.0,2.0,1.0,2.0,2.0,1.0,2.0,2.0,,,,1.0,2.0,3.0,9.0,,,,,,2,2,2,3,3.0,2,4,1,3,3,2,2,7,,,,,,,,1,2,2,1,2,3,1,2,2,1,2,2,1,1,2,4,3,1,3,2,2,2,1,2,2,6,3,0.6953297257423401,1.0361260175704956
40906,1,1,49733,3,1,0,3,3.0,1.0,1.0,1.0,1.0,,,,,,,,,,,,,,,,,,,,,,,1,1,2,3,3.0,1,1,1,1,1,1,3,5,,,,,,,,2,1,4,2,1,1,1,4,3,2,2,4,1,2,2,3,3,3,1,1,1,1,1,2,1,3,5,1.5287959575653076,0.7761867046356201
40911,3,16,98883,3,8,0,1,1.0,,,,,2.0,2.0,1.0,1.0,1.0,2.0,1.0,1.0,2.0,2.0,,,,2.0,4.0,5.0,7.0,9.0,,,,,1,1,1,1,1.0,1,4,3,2,1,3,1,5,,,,,,,,1,1,1,1,2,1,3,1,1,1,1,2,1,1,2,4,3,3,1,1,1,1,1,1,1,8,1,0.7842537760734558,1.120064377784729
40912,3,16,2677,1,8,0,1,1.0,,,,,1.0,2.0,1.0,2.0,2.0,1.0,1.0,2.0,1.0,2.0,,,,3.0,4.0,6.0,7.0,8.0,,,,,3,3,4,9,,2,2,2,2,2,2,2,5,,,,,,,,2,4,3,2,2,3,2,2,3,2,3,1,2,2,3,3,2,3,3,1,2,2,1,2,1,3,3,0.2781267762184143,0.29950815439224243
40914,2,4,49802,3,4,0,3,3.0,1.0,1.0,2.0,1.0,,,,,,,,,,,,,,,,,,,,,,,1,1,1,3,3.0,2,1,1,2,3,1,4,1,8.0,4.0,,,,,,1,1,4,1,1,2,2,4,1,1,1,4,1,1,2,1,2,1,2,1,2,2,1,4,1,7,5,0.5341512560844421,0.26591959595680237
40915,2,15,17726,2,7,0,1,1.0,,,,,1.0,1.0,2.0,2.0,1.0,2.0,1.0,2.0,2.0,2.0,,,,1.0,2.0,3.0,4.0,,,,,,3,3,3,9,,3,2,3,2,3,3,2,1,4.0,8.0,,,,,,1,4,2,1,2,3,2,2,3,2,3,2,2,2,2,2,2,3,2,1,2,2,1,9,9,99,3,0.2585919201374054,0.3293706476688385
40916,3,17,79153,3,4,0,3,3.0,1.0,1.0,2.0,1.0,,,,,,,,,,,,,,,,,,,,,,,1,1,1,3,3.0,1,2,1,1,1,2,4,8,2.0,5.0,,,,,,1,1,1,1,2,1,1,4,1,1,1,4,1,1,1,2,2,1,1,1,1,1,1,4,1,7,5,0.7842537760734558,0.3836304843425751
40917,3,17,79153,3,4,0,3,3.0,1.0,1.0,1.0,1.0,,,,,,,,,,,,,,,,,,,,,,,2,1,4,9,,3,1,3,1,1,2,1,5,4.0,7.0,1.0,,,,,2,4,4,2,1,4,1,3,3,2,4,3,2,2,3,1,4,1,4,1,2,2,1,2,5,1,1,0.6740691065788269,0.36783263087272644
40918,2,6,35117,3,6,0,1,1.0,,,,,2.0,2.0,1.0,2.0,1.0,1.0,2.0,1.0,1.0,2.0,,,,2.0,6.0,7.0,8.0,9.0,,,,,3,3,2,2,2.0,2,1,2,2,2,2,2,1,,,,,,,,1,2,3,2,2,1,2,3,2,1,2,1,2,2,2,2,1,2,2,1,2,2,1,2,1,4,2,0.5341512560844421,0.7763860821723938
40920,3,17,79153,3,4,0,1,1.0,,,,,2.0,2.0,1.0,1.0,1.0,2.0,1.0,2.0,1.0,2.0,,,,2.0,4.0,5.0,7.0,8.0,,,,,1,1,1,1,1.0,1,4,3,3,2,1,1,3,,,,,,,,1,1,2,1,3,2,1,2,1,1,2,2,1,1,3,1,3,4,2,1,1,1,1,1,1,7,1,0.7842537760734558,1.120064377784729
40922,2,14,11086,2,7,0,3,3.0,1.0,1.0,1.0,1.0,,,,,,,,,,,,,,,,,,,,,,,1,2,1,3,3.0,2,3,2,2,3,3,3,4,8.0,1.0,5.0,7.0,,,,1,2,2,1,3,2,1,2,2,1,1,3,1,2,2,1,3,3,1,1,2,2,1,3,1,7,3,0.2585919201374054,0.14566975831985474
40926,3,16,35160,3,8,0,1,1.0,,,,,2.0,1.0,2.0,2.0,1.0,1.0,1.0,2.0,1.0,2.0,,,,1.0,2.0,4.0,6.0,8.0,,,,,3,3,4,9,,3,2,2,3,4,4,1,9,,,,,,,,1,4,3,1,4,4,1,1,3,2,4,3,2,2,3,1,2,2,1,1,2,2,1,3,1,6,1,0.6740691065788269,1.0739414691925049
40927,3,15,26377,3,7,0,2,2.0,,,,,1.0,2.0,1.0,2.0,1.0,2.0,2.0,1.0,1.0,2.0,,,,2.0,3.0,7.0,8.0,9.0,,,,,1,1,1,1,1.0,1,2,4,3,3,1,1,8,1.0,,,,,,,1,2,1,1,1,2,3,1,1,1,1,2,1,1,4,1,2,3,3,1,1,1,1,2,2,7,4,0.7842537760734558,1.120064377784729
40928,1,16,50626,3,8,0,2,2.0,,,,,2.0,2.0,1.0,1.0,1.0,1.0,2.0,2.0,2.0,2.0,,,,2.0,5.0,6.0,7.0,,,,,,1,1,2,1,1.0,2,3,1,3,3,2,2,5,4.0,2.0,,,,,,2,3,3,1,3,2,1,3,3,2,1,4,2,2,4,4,4,3,2,2,1,1,1,2,2,2,6,1.5770148038864136,2.1863858699798584
40930,3,17,79153,3,4,0,3,3.0,1.0,2.0,3.0,2.0,,,,,,,,,,,,,,,,,,,,,,,2,1,2,3,3.0,2,3,2,2,1,2,2,8,7.0,1.0,4.0,,,,,2,2,3,1,2,2,1,2,2,1,2,3,1,2,1,1,1,2,1,1,1,1,1,3,1,3,1,0.7842537760734558,0.3836304843425751
40931,3,15,45467,3,7,0,3,3.0,1.0,1.0,2.0,1.0,,,,,,,,,,,,,,,,,,,,,,,1,1,1,1,1.0,1,1,2,1,2,1,4,5,3.0,,,,,,,1,1,4,1,1,1,2,4,1,1,1,4,1,1,2,1,1,2,1,1,2,2,1,4,1,7,5,0.6740691065788269,0.36783263087272644
40932,3,15,26377,3,7,0,1,1.0,,,,,2.0,2.0,1.0,2.0,2.0,1.0,1.0,1.0,1.0,2.0,,,,4.0,6.0,7.0,8.0,9.0,,,,,1,1,1,3,3.0,1,3,1,2,4,3,1,7,8.0,4.0,6.0,3.0,1.0,5.0,,1,1,1,1,2,3,1,1,1,1,1,2,1,1,1,2,4,3,3,1,2,2,1,1,1,8,1,0.6740691065788269,1.0739414691925049
40933,3,15,79838,3,7,0,3,3.0,1.0,1.0,2.0,1.0,,,,,,,,,,,,,,,,,,,,,,,1,1,1,1,1.0,1,2,1,1,1,2,4,1,5.0,,,,,,,1,1,4,1,2,1,1,4,1,1,1,4,1,1,1,2,2,1,1,1,2,2,1,3,1,7,5,0.6740691065788269,0.36783263087272644
40934,3,6,19907,2,6,0,1,1.0,,,,,2.0,1.0,1.0,1.0,2.0,1.0,2.0,1.0,2.0,2.0,,,,1.0,5.0,6.0,7.0,9.0,,,,,1,1,1,1,1.0,1,3,3,4,1,2,1,7,6.0,8.0,,,,,,1,1,4,1,2,1,3,3,1,1,1,1,1,1,2,3,1,4,3,2,2,2,1,2,1,8,1,0.3366211950778961,0.4395623803138733
40935,2,4,49802,3,4,0,1,1.0,,,,,1.0,1.0,2.0,1.0,1.0,1.0,1.0,1.0,1.0,2.0,,,,1.0,2.0,3.0,4.0,5.0,6.0,8.0,9.0,,1,1,2,3,3.0,2,1,1,1,1,1,3,1,5.0,,,,,,,1,1,2,1,1,1,1,3,3,2,1,4,2,1,1,1,1,1,1,1,1,1,1,1,1,2,1,0.8692047595977783,1.4397292137145996
40936,3,7,506,1,5,0,1,1.0,,,,,1.0,1.0,1.0,2.0,1.0,1.0,1.0,1.0,1.0,2.0,,,,1.0,2.0,3.0,4.0,6.0,7.0,8.0,9.0,,3,3,3,9,,2,3,3,3,2,2,2,5,7.0,,,,,,,1,2,3,2,4,3,1,3,2,2,3,4,2,2,2,2,2,2,2,1,2,2,2,1,1,99,9,0.2781267762184143,0.29950815439224243
40937,3,9,1297,1,2,0,1,1.0,,,,,1.0,1.0,2.0,2.0,1.0,1.0,2.0,2.0,2.0,2.0,,,,1.0,2.0,3.0,6.0,,,,,,3,3,4,9,,2,2,3,2,2,2,3,1,2.0,3.0,,,,,,2,4,2,1,2,2,3,3,3,2,3,2,2,2,3,2,2,3,2,1,2,2,1,2,5,3,3,0.2781267762184143,0.29950815439224243
40940,3,16,90161,3,8,0,3,3.0,1.0,2.0,2.0,1.0,,,,,,,,,,,,,,,,,,,,,,,1,1,2,3,3.0,1,3,3,2,2,1,4,3,6.0,5.0,,,,,,2,2,4,2,1,1,2,3,3,2,1,4,1,2,3,1,2,1,2,2,2,2,2,4,1,8,2,0.6953297257423401,0.3548816442489624
40941,2,1,49733,3,1,0,1,1.0,,,,,2.0,1.0,2.0,1.0,1.0,1.0,1.0,2.0,1.0,2.0,,,,1.0,2.0,4.0,5.0,6.0,8.0,,,,3,3,2,9,,2,2,2,2,2,1,2,1,2.0,,,,,,,2,3,2,2,2,2,2,1,9,2,3,1,1,2,2,2,2,2,2,1,2,2,1,2,1,3,9,0.5341512560844421,0.7763860821723938
40942,3,15,11045,2,7,0,3,3.0,1.0,1.0,2.0,3.0,,,,,,,,,,,,,,,,,,,,,,,1,2,4,9,,2,2,3,3,1,3,1,5,4.0,1.0,,,,,,2,2,3,2,1,2,3,1,3,2,2,4,2,2,4,1,4,4,4,1,2,2,1,3,1,3,1,0.3263285458087921,0.20149792730808258
40943,3,6,35117,3,6,0,2,2.0,,,,,1.0,1.0,1.0,2.0,1.0,1.0,2.0,2.0,2.0,2.0,,,,1.0,2.0,3.0,6.0,7.0,,,,,1,2,4,1,1.0,3,1,2,3,2,4,3,3,,,,,,,,2,4,2,1,2,2,3,1,3,2,3,4,2,2,4,2,2,2,2,3,1,1,2,3,2,2,3,0.8089898824691772,1.0806254148483276
40945,3,16,98883,3,8,0,3,3.0,1.0,1.0,1.0,2.0,,,,,,,,,,,,,,,,,,,,,,,1,1,3,3,3.0,2,2,2,2,2,2,2,3,5.0,,,,,,,2,3,3,2,2,2,2,1,2,2,4,2,2,2,4,3,2,1,3,1,2,2,1,3,1,3,3,0.6740691065788269,0.36783263087272644
40946,3,16,15057,2,8,0,3,3.0,1.0,1.0,1.0,1.0,,,,,,,,,,,,,,,,,,,,,,,1,1,1,3,3.0,1,1,2,1,1,2,3,2,5.0,3.0,8.0,7.0,,,,1,1,2,2,1,1,1,2,1,1,1,1,1,1,1,1,2,1,3,2,1,1,1,5,1,7,3,0.39164605736732483,0.2027520090341568
40949,2,17,1619,1,4,0,2,2.0,,,,,2.0,1.0,2.0,2.0,1.0,1.0,2.0,2.0,2.0,2.0,,,,1.0,2.0,6.0,,,,,,,2,3,4,9,,3,1,3,3,3,4,1,1,2.0,,,,,,,2,1,4,2,3,2,1,2,3,2,3,3,1,2,3,3,2,1,4,1,2,2,1,3,1,5,3,0.22039549052715302,0.21652396023273468
40950,3,16,716,1,8,0,3,3.0,1.0,1.0,1.0,1.0,,,,,,,,,,,,,,,,,,,,,,,1,2,4,9,,2,2,2,2,3,3,3,4,2.0,8.0,1.0,,,,,1,2,1,1,2,2,2,2,2,2,4,2,1,1,2,1,1,3,2,1,2,2,1,4,6,6,3,0.2781267762184143,0.23729513585567474
40951,2,16,31447,3,8,0,3,3.0,1.0,1.0,1.0,1.0,,,,,,,,,,,,,,,,,,,,,,,2,1,9,9,,1,3,4,1,1,2,3,4,1.0,3.0,8.0,,,,,1,2,2,2,1,1,2,3,3,2,2,1,1,2,2,2,2,3,2,2,2,2,1,5,1,8,2,0.5509987473487854,0.2565561830997467
40952,1,15,13893,2,7,0,3,3.0,1.0,1.0,1.0,2.0,,,,,,,,,,,,,,,,,,,,,,,3,3,2,3,3.0,2,2,2,2,1,2,2,7,4.0,,,,,,,2,2,3,2,1,2,2,2,3,1,3,2,2,2,3,1,2,2,1,1,2,2,1,2,1,3,2,0.3866943120956421,0.2015577256679535
40954,3,14,4348,1,7,0,1,1.0,,,,,2.0,1.0,2.0,1.0,1.0,2.0,1.0,2.0,1.0,2.0,,,,1.0,2.0,4.0,5.0,8.0,,,,,1,2,4,3,3.0,2,1,2,3,2,3,2,5,3.0,4.0,,,,,,2,3,3,1,2,1,3,3,2,2,3,3,2,1,3,2,2,2,3,1,2,2,1,3,6,3,1,0.2781267762184143,0.29950815439224243
40955,2,4,49802,3,4,0,3,3.0,1.0,1.0,1.0,1.0,,,,,,,,,,,,,,,,,,,,,,,1,2,2,3,3.0,1,3,4,2,2,1,3,5,,,,,,,,2,2,4,2,1,1,1,3,2,2,2,3,1,2,2,2,1,3,1,1,1,1,1,3,1,3,2,0.8692047595977783,0.4931209683418274
40956,2,5,3286,1,5,0,3,3.0,1.0,1.0,1.0,1.0,,,,,,,,,,,,,,,,,,,,,,,1,1,3,3,3.0,1,3,4,2,2,2,3,3,4.0,5.0,7.0,,,,,1,2,2,2,1,1,1,2,2,2,2,2,1,2,2,2,2,2,2,1,2,2,1,4,5,5,3,0.22039549052715302,0.17154793441295624
40958,3,16,1439,1,8,0,2,2.0,,,,,2.0,2.0,1.0,2.0,1.0,1.0,1.0,1.0,1.0,2.0,,,,2.0,4.0,6.0,7.0,8.0,9.0,,,,1,1,4,9,,2,1,2,2,3,2,2,1,5.0,3.0,4.0,,,,,1,3,3,1,2,3,2,2,2,2,3,2,2,2,3,3,2,1,3,1,1,1,1,2,1,3,1,0.323589950799942,0.3123702108860016
40959,3,14,86419,3,7,0,2,2.0,,,,,2.0,1.0,2.0,2.0,2.0,1.0,1.0,2.0,2.0,2.0,,,,1.0,4.0,6.0,,,,,,,2,1,4,9,,2,3,3,2,2,3,3,4,3.0,1.0,,,,,,1,3,3,2,2,2,3,2,3,2,3,4,1,2,3,2,2,2,2,1,2,2,1,2,1,99,3,0.6740691065788269,1.0739414691925049
40961,1,3,11001,2,3,0,2,2.0,,,,,2.0,2.0,2.0,1.0,2.0,2.0,1.0,2.0,1.0,2.0,,,,4.0,5.0,8.0,,,,,,,3,3,3,2,2.0,2,1,2,3,2,2,2,7,3.0,,,,,,,2,3,2,1,3,2,2,2,2,2,2,4,2,2,3,2,2,1,2,1,1,1,1,3,1,2,1,0.7401166558265686,0.9613955020904541
40962,3,9,25081,3,2,0,1,1.0,,,,,1.0,2.0,1.0,2.0,1.0,2.0,2.0,2.0,2.0,2.0,,,,2.0,3.0,7.0,,,,,,,3,3,4,2,2.0,3,3,2,3,3,3,2,4,,,,,,,,2,4,1,9,3,3,3,1,3,2,3,4,2,2,3,2,2,1,2,1,2,2,1,2,2,1,4,0.6740691065788269,1.0739414691925049
40963,3,16,98883,3,8,0,3,3.0,1.0,1.0,2.0,1.0,,,,,,,,,,,,,,,,,,,,,,,2,2,3,3,3.0,3,2,2,2,2,3,3,7,3.0,1.0,4.0,,,,,2,4,4,2,1,1,1,3,2,2,3,1,2,2,3,2,3,2,3,1,2,2,1,3,1,3,3,0.6740691065788269,0.36783263087272644
40964,3,14,86419,3,7,0,3,3.0,1.0,2.0,2.0,2.0,,,,,,,,,,,,,,,,,,,,,,,2,3,3,9,,2,3,3,3,2,3,1,4,8.0,,,,,,,1,2,3,1,3,2,3,2,3,1,2,3,1,2,2,2,2,3,4,1,1,1,1,3,1,7,3,0.7842537760734558,0.3836304843425751
40965,3,3,11001,2,3,0,1,1.0,,,,,2.0,1.0,2.0,2.0,1.0,1.0,2.0,2.0,2.0,2.0,,,,1.0,2.0,6.0,,,,,,,1,2,4,3,3.0,2,3,1,2,3,3,1,4,5.0,,,,,,,2,4,3,1,3,4,3,2,3,1,1,4,2,2,3,3,1,1,1,1,2,2,1,2,1,3,4,0.3263285458087921,0.45560455322265625
40966,3,2,836,1,2,0,3,3.0,1.0,1.0,1.0,1.0,,,,,,,,,,,,,,,,,,,,,,,1,1,2,3,3.0,1,1,1,1,3,1,2,3,1.0,,,,,,,1,2,4,2,1,1,1,3,3,2,2,4,1,2,1,1,2,1,1,1,1,1,1,2,1,3,3,0.323589950799942,0.24748627841472626
40967,2,14,14683,2,7,0,1,1.0,,,,,1.0,1.0,2.0,1.0,1.0,1.0,1.0,2.0,2.0,2.0,,,,1.0,2.0,3.0,4.0,5.0,6.0,,,,3,3,4,9,,2,2,3,2,2,2,3,9,,,,,,,,2,3,1,1,3,3,3,3,3,2,2,4,2,2,2,2,3,2,2,1,1,1,1,9,6,99,9,0.4207970201969147,0.6107873916625977
40968,3,15,13893,2,7,0,3,3.0,1.0,2.0,2.0,1.0,,,,,,,,,,,,,,,,,,,,,,,1,1,2,9,,2,2,3,2,2,1,2,1,8.0,2.0,,,,,,2,2,4,2,1,1,2,2,2,1,2,3,2,1,2,2,1,3,3,1,1,1,1,3,1,3,1,0.3796708583831787,0.2101513147354126
40969,1,16,26474,3,8,0,1,1.0,,,,,2.0,2.0,1.0,2.0,1.0,2.0,1.0,1.0,1.0,2.0,,,,2.0,4.0,7.0,8.0,9.0,,,,,2,2,1,1,1.0,1,3,3,2,4,1,2,4,,,,,,,,1,1,1,1,1,3,2,1,1,1,2,2,1,1,2,3,4,3,1,1,1,1,1,1,2,6,2,1.5287959575653076,2.266181707382202
40970,1,6,21844,3,6,0,1,1.0,,,,,1.0,1.0,1.0,2.0,1.0,1.0,2.0,2.0,2.0,2.0,,,,1.0,2.0,3.0,6.0,7.0,,,,,1,1,1,1,1.0,1,4,1,3,3,2,1,3,,,,,,,,1,1,1,1,2,1,3,1,1,1,1,2,1,1,4,2,1,3,3,1,1,1,1,2,2,6,3,1.5287959575653076,2.266181707382202
40972,3,16,22022,3,8,1,2,,,,,,1.0,1.0,1.0,1.0,2.0,2.0,2.0,1.0,2.0,2.0,,,,1.0,3.0,5.0,7.0,9.0,,,,,1,1,1,3,3.0,1,1,2,2,1,3,1,7,6.0,8.0,,,,,,1,1,3,1,2,3,1,3,1,1,1,2,1,1,1,1,3,2,2,2,2,2,1,4,1,6,5,0.6953297257423401,1.0361260175704956
40973,3,6,19907,2,6,0,1,1.0,,,,,2.0,2.0,2.0,2.0,1.0,1.0,1.0,1.0,1.0,2.0,,,,2.0,4.0,6.0,8.0,9.0,,,,,1,1,1,3,3.0,1,3,2,1,4,3,4,4,3.0,6.0,,,,,,1,1,4,2,2,3,1,4,1,1,1,2,1,1,3,3,2,4,1,1,2,2,1,1,1,8,1,0.3263285458087921,0.45560455322265625
40974,3,16,98883,3,8,0,3,3.0,1.0,1.0,1.0,1.0,,,,,,,,,,,,,,,,,,,,,,,1,2,1,3,3.0,1,3,4,2,1,3,3,7,,,,,,,,1,1,4,2,1,1,1,3,1,2,2,3,1,2,3,2,3,3,3,1,1,1,1,4,1,4,3,0.7842537760734558,0.3836304843425751
40975,3,1,14178,2,1,0,3,3.0,1.0,1.0,1.0,1.0,,,,,,,,,,,,,,,,,,,,,,,1,2,2,3,3.0,1,2,1,3,1,2,3,8,6.0,,,,,,,1,2,4,2,2,1,1,2,1,2,2,4,1,2,4,2,3,2,1,1,1,1,1,3,1,6,3,0.3796708583831787,0.2101513147354126
40977,2,12,1313,1,3,0,1,1.0,,,,,2.0,1.0,2.0,1.0,2.0,1.0,2.0,2.0,2.0,2.0,,,,1.0,5.0,6.0,,,,,,,1,2,3,3,3.0,2,2,2,2,3,2,2,2,5.0,6.0,3.0,,,,,2,2,2,2,1,2,1,3,3,2,3,3,2,2,3,3,2,4,3,1,1,1,1,2,1,3,1,0.35864144563674927,0.4015221893787384
40981,1,5,3114,1,5,0,3,3.0,1.0,1.0,2.0,2.0,,,,,,,,,,,,,,,,,,,,,,,2,1,3,2,2.0,2,2,2,3,2,3,2,7,6.0,3.0,4.0,5.0,,,,2,2,4,2,2,3,3,2,3,2,3,2,2,2,3,2,2,2,2,1,2,2,1,2,1,2,3,0.32957592606544495,0.2373657077550888
40982,1,14,5492,2,7,0,3,3.0,2.0,,,2.0,,,,,,,,,,,,,,,,,,,,,,,3,3,4,3,3.0,2,1,1,1,1,1,4,6,3.0,5.0,4.0,,,,,2,3,2,2,2,1,1,2,2,9,3,2,2,2,2,2,2,2,2,1,1,1,1,3,4,98,1,0.7401166558265686,0.4251920282840729
40983,3,14,4601,1,7,0,3,3.0,1.0,1.0,1.0,2.0,,,,,,,,,,,,,,,,,,,,,,,1,1,2,1,1.0,2,3,3,3,1,2,2,7,1.0,,,,,,,2,3,4,2,2,2,2,1,9,2,2,3,1,2,3,1,1,2,1,1,1,1,1,5,1,4,2,0.323589950799942,0.24748627841472626
40984,3,2,1311,1,2,0,3,3.0,1.0,1.0,1.0,1.0,,,,,,,,,,,,,,,,,,,,,,,1,2,4,3,3.0,2,3,3,2,3,3,1,1,,,,,,,,2,2,4,2,2,2,2,1,3,2,2,4,1,2,2,2,2,4,4,1,2,2,1,2,1,6,3,0.2781267762184143,0.23729513585567474
40986,1,16,15109,2,8,0,3,3.0,1.0,1.0,1.0,1.0,,,,,,,,,,,,,,,,,,,,,,,1,3,3,1,1.0,1,2,2,1,2,1,1,3,5.0,7.0,,,,,,2,2,1,1,1,1,2,1,9,2,3,2,2,2,4,2,2,3,2,1,1,1,2,2,1,2,4,0.7401166558265686,0.4251920282840729
40988,2,14,11748,2,7,0,1,1.0,,,,,2.0,2.0,2.0,2.0,2.0,2.0,1.0,2.0,2.0,2.0,,,,4.0,,,,,,,,,3,3,4,9,,2,4,4,4,4,4,2,4,,,,,,,,2,4,1,1,4,4,4,1,3,2,4,4,2,2,4,4,4,4,4,1,2,2,1,2,2,1,3,0.2585919201374054,0.3293706476688385
40989,3,16,4221,1,8,0,1,1.0,,,,,2.0,1.0,1.0,1.0,1.0,2.0,1.0,2.0,2.0,2.0,,,,1.0,2.0,4.0,5.0,7.0,,,,,3,3,4,3,3.0,3,4,3,4,3,2,2,9,,,,,,,,2,3,1,1,2,2,2,2,3,2,2,4,1,2,2,3,2,3,3,2,2,2,1,3,1,6,5,0.2868990898132324,0.2889620363712311
40990,3,16,22022,3,8,1,3,,1.0,1.0,1.0,1.0,,,,,,,,,,,,,,,,,,,,,,,1,1,2,3,3.0,2,1,2,1,1,1,2,7,4.0,,,,,,,1,1,2,1,1,2,2,3,1,1,1,4,1,1,1,2,1,1,2,2,1,1,1,5,1,6,3,0.8089898824691772,0.3701227307319641
40993,3,16,98883,3,8,0,2,2.0,,,,,1.0,1.0,2.0,1.0,2.0,2.0,1.0,2.0,1.0,2.0,,,,1.0,3.0,4.0,5.0,8.0,,,,,1,1,1,1,1.0,1,3,2,1,2,1,1,4,7.0,2.0,,,,,,1,1,2,1,2,3,1,3,1,1,1,3,1,1,1,3,2,2,1,2,1,1,1,2,1,3,1,0.8089898824691772,1.0806254148483276
40995,2,14,2101,1,7,1,1,,,,,,1.0,1.0,1.0,1.0,1.0,1.0,1.0,2.0,1.0,2.0,,,,1.0,2.0,3.0,4.0,5.0,6.0,7.0,8.0,,3,3,4,2,2.0,4,1,1,4,4,1,4,5,4.0,,,,,,,1,4,1,1,4,4,1,1,3,2,4,2,2,2,4,1,1,1,1,1,1,1,1,2,2,2,3,0.35864144563674927,0.4015221893787384
40996,2,16,22022,3,8,1,2,,,,,,1.0,2.0,2.0,1.0,1.0,1.0,2.0,1.0,2.0,2.0,,,,2.0,3.0,5.0,6.0,9.0,,,,,1,1,1,1,1.0,1,3,1,1,2,2,1,6,2.0,7.0,,,,,,1,1,2,1,1,3,2,3,1,1,1,3,1,1,1,1,2,2,3,2,1,1,1,2,1,3,1,0.8966200947761536,1.3890373706817627
40998,1,3,16723,2,3,0,3,3.0,1.0,1.0,1.0,1.0,,,,,,,,,,,,,,,,,,,,,,,2,3,4,9,,2,2,2,2,2,2,3,4,1.0,,,,,,,2,2,2,2,1,2,1,1,3,2,3,4,1,2,2,2,2,2,2,1,1,1,1,2,4,7,5,0.7401166558265686,0.4251920282840729
41000,3,6,19907,2,6,0,3,3.0,1.0,1.0,2.0,1.0,,,,,,,,,,,,,,,,,,,,,,,2,1,2,3,3.0,3,2,1,1,1,2,2,5,,,,,,,,1,1,3,1,1,1,2,3,1,1,2,2,1,1,2,2,1,1,1,2,2,2,1,5,1,6,3,0.3366211950778961,0.19440290331840515
41001,3,12,1655,1,3,1,3,,1.0,1.0,1.0,1.0,,,,,,,,,,,,,,,,,,,,,,,1,1,1,3,3.0,1,1,1,2,1,1,1,2,1.0,3.0,,,,,,1,1,3,1,2,1,1,4,1,1,1,4,1,1,1,2,1,1,2,2,1,1,1,4,1,5,3,0.3337962329387665,0.2387717068195343
41002,3,12,2601,1,3,0,3,3.0,1.0,1.0,2.0,1.0,,,,,,,,,,,,,,,,,,,,,,,1,1,2,3,3.0,1,1,1,2,1,2,3,3,8.0,2.0,,,,,,1,1,4,1,1,1,2,3,2,1,1,3,1,1,1,1,2,1,1,2,1,1,1,5,1,6,3,0.3337962329387665,0.2387717068195343
41003,2,1,49733,3,1,0,3,3.0,1.0,2.0,1.0,1.0,,,,,,,,,,,,,,,,,,,,,,,2,1,1,3,3.0,1,1,2,1,2,1,2,3,6.0,2.0,8.0,,,,,1,1,3,1,1,1,2,4,1,1,1,3,1,1,2,1,1,1,2,2,1,1,1,4,1,5,2,0.8966200947761536,0.47575831413269043
41005,3,14,6477,2,7,0,2,2.0,,,,,2.0,1.0,1.0,2.0,1.0,2.0,1.0,2.0,2.0,2.0,,,,1.0,2.0,4.0,7.0,,,,,,2,1,3,9,,3,3,2,3,4,3,2,2,3.0,8.0,,,,,,1,3,3,2,2,3,3,3,3,2,3,4,1,2,4,2,2,2,2,1,1,1,1,3,1,7,3,0.3796708583831787,0.4751705229282379
41006,3,6,1825208,4,6,0,1,1.0,,,,,2.0,2.0,2.0,2.0,2.0,2.0,2.0,2.0,2.0,2.0,,,,11.0,,,,,,,,,1,1,1,1,1.0,2,1,1,1,2,1,2,4,1.0,2.0,,,,,,1,1,4,1,1,1,1,3,1,1,2,4,1,2,1,1,1,1,1,2,1,1,1,5,1,8,2,2.163032054901123,3.607175827026367
41007,3,16,24448,3,8,0,3,3.0,1.0,2.0,2.0,2.0,,,,,,,,,,,,,,,,,,,,,,,3,1,3,9,,2,3,3,2,2,4,2,1,,,,,,,,1,3,2,1,2,3,3,2,3,2,2,4,1,2,2,2,2,3,3,1,1,1,1,3,1,7,4,0.7842537760734558,0.3836304843425751
41008,3,16,15057,2,8,0,3,3.0,1.0,1.0,1.0,1.0,,,,,,,,,,,,,,,,,,,,,,,1,1,1,3,3.0,1,1,1,1,1,1,3,5,7.0,8.0,3.0,,,,,1,1,4,2,1,1,1,3,1,1,1,4,1,1,1,1,1,1,2,2,1,1,1,5,1,7,3,0.39164605736732483,0.2027520090341568
41009,2,6,4094,1,6,0,3,3.0,1.0,1.0,1.0,1.0,,,,,,,,,,,,,,,,,,,,,,,1,1,4,1,1.0,2,3,3,1,2,2,2,3,2.0,6.0,7.0,8.0,,,,1,2,4,1,2,3,1,2,9,1,3,2,2,2,3,2,2,2,3,1,1,1,1,2,1,2,9,0.35864144563674927,0.3181191384792328
41011,1,6,4094,1,6,0,1,1.0,,,,,2.0,1.0,1.0,2.0,1.0,1.0,2.0,2.0,2.0,2.0,,,,1.0,2.0,6.0,7.0,,,,,,1,3,4,3,3.0,2,3,2,3,3,2,2,4,,,,,,,,2,4,2,1,3,4,2,2,3,2,3,4,2,1,4,3,3,2,2,1,1,1,1,2,1,2,6,0.6307944655418396,0.6320086717605591
41012,4,1,357,1,1,0,3,3.0,1.0,1.0,1.0,1.0,,,,,,,,,,,,,,,,,,,,,,,2,2,3,3,3.0,1,1,1,1,1,1,3,4,2.0,,,,,,,1,2,2,1,2,2,2,2,2,2,2,3,1,2,1,1,1,1,1,1,1,1,1,2,1,2,2,0.34562113881111145,0.3481054902076721
41013,4,12,11031,2,3,0,3,3.0,1.0,1.0,1.0,1.0,,,,,,,,,,,,,,,,,,,,,,,1,3,3,9,,2,2,3,2,1,1,2,4,,,,,,,,1,4,3,2,4,2,2,1,3,2,2,4,1,2,1,2,3,3,2,1,1,1,1,2,1,3,2,0.4055202603340149,0.29559326171875
41014,4,15,14129,2,7,0,2,2.0,,,,,2.0,2.0,1.0,2.0,2.0,1.0,1.0,2.0,2.0,2.0,,,,4.0,6.0,7.0,,,,,,,1,2,3,3,3.0,2,3,2,2,2,3,3,2,1.0,8.0,5.0,7.0,,,,1,2,4,1,2,2,1,2,3,1,2,4,1,2,3,3,3,3,3,2,1,1,1,4,1,98,5,0.4183107316493988,0.6448264122009277
41015,4,14,6477,2,7,0,3,3.0,1.0,1.0,1.0,2.0,,,,,,,,,,,,,,,,,,,,,,,1,1,4,2,2.0,2,2,1,2,2,1,2,2,,,,,,,,2,2,2,2,2,2,1,1,2,2,2,2,1,2,2,2,3,2,3,1,1,1,1,2,1,4,1,0.4055202603340149,0.29559326171875
41016,4,8,12721,2,2,0,1,1.0,,,,,2.0,1.0,1.0,1.0,1.0,1.0,2.0,2.0,1.0,2.0,,,,1.0,2.0,5.0,6.0,7.0,8.0,,,,1,1,4,9,,3,2,2,3,3,3,3,9,,,,,,,,2,2,2,1,3,2,4,1,3,2,4,4,1,2,4,1,2,1,2,1,1,1,1,2,1,4,1,0.4055202603340149,0.6683597564697266
41017,4,5,1159,1,5,0,1,1.0,,,,,1.0,2.0,2.0,2.0,1.0,2.0,1.0,2.0,2.0,2.0,,,,2.0,3.0,4.0,,,,,,,1,1,4,3,3.0,2,3,3,3,2,2,2,3,,,,,,,,2,3,3,1,3,2,2,2,3,2,3,4,1,1,1,1,1,2,2,1,1,1,2,2,1,4,4,0.34562113881111145,0.43937116861343384
41018,4,1,870,1,1,1,3,,1.0,1.0,1.0,1.0,,,,,,,,,,,,,,,,,,,,,,,1,1,3,3,3.0,2,3,3,2,2,2,2,2,3.0,4.0,,,,,,1,1,3,2,2,2,2,2,2,2,3,4,1,2,1,1,1,1,1,1,1,1,1,3,1,4,3,0.34562113881111145,0.3481054902076721
41019,1,15,13893,2,7,0,1,1.0,,,,,1.0,2.0,2.0,1.0,1.0,2.0,2.0,2.0,2.0,2.0,,,,2.0,3.0,5.0,,,,,,,3,3,4,9,,2,3,3,2,2,2,2,2,4.0,1.0,,,,,,2,4,2,1,3,3,2,1,3,2,3,3,2,2,2,2,2,2,2,1,1,1,1,2,4,5,6,0.7401166558265686,0.9613955020904541
41020,3,14,4601,1,7,0,3,3.0,1.0,2.0,1.0,1.0,,,,,,,,,,,,,,,,,,,,,,,2,2,3,1,1.0,3,2,1,3,2,3,2,9,,,,,,,,2,3,4,2,4,4,2,1,3,2,3,3,1,2,3,2,1,1,1,1,1,1,1,5,1,4,2,0.323589950799942,0.24748627841472626
41021,1,12,443,1,3,0,3,3.0,1.0,1.0,2.0,2.0,,,,,,,,,,,,,,,,,,,,,,,1,1,3,9,,2,2,1,1,3,2,2,6,3.0,,,,,,,1,3,4,1,3,3,3,3,2,2,2,4,1,2,3,2,2,1,1,1,3,1,1,5,1,3,2,0.6307944655418396,0.5007292628288269
41023,4,16,15057,2,8,0,3,3.0,1.0,1.0,1.0,1.0,,,,,,,,,,,,,,,,,,,,,,,3,2,3,9,,2,1,3,1,1,1,2,1,,,,,,,,1,3,3,2,2,2,2,2,2,9,2,2,2,2,2,2,2,2,2,1,2,2,1,3,5,2,5,0.4722529351711273,0.2720399796962738
41024,2,12,1342,1,3,1,3,,2.0,,,1.0,,,,,,,,,,,,,,,,,,,,,,,2,1,2,1,1.0,1,1,2,2,1,1,3,8,6.0,3.0,,,,,,1,1,3,1,2,1,1,2,1,1,1,3,1,1,2,2,1,1,1,2,1,1,1,2,1,7,1,0.3699531853199005,0.30691826343536377
41027,4,6,19907,2,6,0,1,1.0,,,,,2.0,1.0,2.0,1.0,1.0,2.0,2.0,2.0,1.0,2.0,,,,1.0,2.0,5.0,8.0,,,,,,1,3,4,9,,1,3,3,1,1,2,3,1,,,,,,,,2,2,3,1,2,2,2,3,3,2,2,3,2,2,3,2,3,2,1,1,1,1,1,3,6,1,1,0.4055202603340149,0.6683597564697266
41028,2,15,2964,1,7,0,2,2.0,,,,,2.0,1.0,1.0,2.0,1.0,1.0,2.0,1.0,2.0,2.0,,,,1.0,2.0,6.0,7.0,9.0,,,,,1,3,4,9,,2,2,2,3,3,3,2,1,,,,,,,,1,2,2,1,3,3,2,3,3,1,3,4,1,2,2,3,2,2,3,1,2,2,1,4,4,1,1,0.22039549052715302,0.21652396023273468
41029,3,7,991,1,5,0,2,2.0,,,,,1.0,1.0,1.0,1.0,1.0,1.0,1.0,1.0,1.0,2.0,,,,1.0,2.0,3.0,4.0,5.0,6.0,7.0,8.0,9.0,1,1,1,3,3.0,1,1,2,1,1,2,1,6,1.0,2.0,7.0,8.0,,,,1,1,3,1,1,1,1,3,1,1,1,2,1,1,1,1,1,2,2,2,2,2,1,5,2,7,2,0.2868990898132324,0.2889620363712311
41030,2,7,444,1,5,0,3,3.0,1.0,1.0,1.0,1.0,,,,,,,,,,,,,,,,,,,,,,,1,2,3,9,,4,2,1,4,4,3,4,5,4.0,,,,,,,1,1,3,1,3,2,4,4,3,1,4,2,1,2,1,2,3,1,1,1,2,2,1,4,1,6,1,0.22039549052715302,0.17154793441295624
41032,2,8,33024,3,2,0,3,3.0,1.0,1.0,1.0,1.0,,,,,,,,,,,,,,,,,,,,,,,1,2,1,3,3.0,1,4,4,1,1,1,3,8,4.0,6.0,7.0,,,,,2,1,3,1,1,1,1,3,1,1,1,4,1,2,3,4,1,4,4,2,1,1,1,5,1,6,3,0.8966200947761536,0.47575831413269043
41033,3,15,13653,2,7,0,2,2.0,,,,,1.0,1.0,1.0,1.0,1.0,1.0,1.0,1.0,1.0,2.0,,,,1.0,2.0,3.0,4.0,5.0,6.0,7.0,8.0,9.0,1,1,1,3,3.0,1,2,1,2,1,1,1,3,7.0,2.0,6.0,8.0,,,,1,1,4,1,1,1,1,3,1,1,1,2,1,1,1,2,1,2,1,2,2,2,1,4,2,7,2,0.3366211950778961,0.4395623803138733
41034,4,5,2804,1,5,0,3,3.0,1.0,1.0,1.0,1.0,,,,,,,,,,,,,,,,,,,,,,,1,2,3,9,,2,3,3,3,2,2,3,3,,,,,,,,2,3,3,1,1,1,1,2,3,2,3,2,2,1,2,3,3,2,3,1,1,1,1,4,2,6,1,0.34562113881111145,0.3481054902076721
41035,3,8,33024,3,2,0,3,3.0,2.0,,,2.0,,,,,,,,,,,,,,,,,,,,,,,1,1,3,2,2.0,2,2,2,2,2,2,2,7,,,,,,,,2,2,2,1,2,2,2,2,2,9,2,2,2,2,2,2,2,2,2,2,1,1,1,3,2,2,1,0.8089898824691772,0.3701227307319641
41036,4,12,1655,1,3,1,2,,,,,,2.0,2.0,2.0,2.0,2.0,2.0,2.0,2.0,2.0,1.0,13.0,,LE MAIRE A ÉTÉ ÉLU PAR ACCLAMATION,10.0,,,,,,,,,2,2,2,3,3.0,2,3,3,2,2,2,3,1,,,,,,,,2,3,3,2,2,2,2,2,2,2,2,4,1,2,2,2,2,2,2,1,1,1,1,4,1,5,4,0.34562113881111145,0.43937116861343384
41037,3,16,69265,3,8,0,3,3.0,1.0,1.0,2.0,1.0,,,,,,,,,,,,,,,,,,,,,,,1,1,2,3,3.0,1,1,2,2,1,1,4,6,7.0,5.0,1.0,4.0,,,,1,1,3,1,1,2,1,3,1,1,1,3,1,1,2,1,1,2,1,2,2,2,1,5,1,6,1,0.6953297257423401,0.3548816442489624
41038,3,2,147361,4,2,0,3,3.0,1.0,1.0,1.0,1.0,,,,,,,,,,,,,,,,,,,,,,,2,1,1,3,3.0,1,3,3,1,2,2,2,8,5.0,1.0,,,,,,1,3,4,2,2,2,3,1,3,2,2,4,1,2,3,2,3,2,2,1,2,2,1,2,1,1,3,1.80228853225708,0.854518711566925
41040,4,6,19907,2,6,0,1,1.0,,,,,1.0,1.0,1.0,1.0,1.0,1.0,1.0,1.0,1.0,2.0,,,,1.0,2.0,3.0,4.0,5.0,6.0,7.0,8.0,9.0,1,1,1,3,3.0,1,2,3,4,3,1,1,4,8.0,7.0,,,,,,1,1,4,1,1,1,1,1,2,1,1,2,1,1,1,1,1,1,1,2,1,1,1,2,1,7,1,0.4183107316493988,0.6448264122009277
41041,3,1,49733,3,1,0,3,3.0,1.0,1.0,2.0,1.0,,,,,,,,,,,,,,,,,,,,,,,2,1,1,3,3.0,1,1,2,2,2,1,3,1,3.0,2.0,,,,,,1,1,3,1,1,1,2,4,1,1,1,4,1,1,1,2,1,1,2,2,1,1,1,5,1,6,3,0.8089898824691772,0.3701227307319641
41042,2,3,11001,2,3,0,3,3.0,1.0,1.0,2.0,1.0,,,,,,,,,,,,,,,,,,,,,,,1,1,1,3,3.0,1,1,1,2,1,1,3,3,8.0,5.0,4.0,,,,,1,1,3,1,2,1,2,4,1,1,1,3,1,1,1,2,2,1,1,2,1,1,1,5,1,6,3,0.43406933546066284,0.26061850786209106
41043,4,12,1468,1,3,0,3,3.0,1.0,1.0,2.0,2.0,,,,,,,,,,,,,,,,,,,,,,,2,1,1,3,3.0,1,2,2,1,1,1,3,3,6.0,1.0,,,,,,1,2,4,1,2,2,1,3,1,1,1,3,1,1,1,1,2,2,1,2,1,1,1,4,1,5,3,0.35652217268943787,0.33584895730018616
41044,3,16,98883,3,8,0,2,2.0,,,,,1.0,1.0,1.0,1.0,1.0,1.0,1.0,1.0,1.0,2.0,,,,1.0,2.0,3.0,4.0,5.0,6.0,7.0,8.0,9.0,1,1,1,3,3.0,1,1,2,1,2,1,1,6,5.0,8.0,3.0,2.0,,,,1,1,4,1,1,1,1,4,1,1,1,2,1,1,1,1,1,1,1,2,2,2,1,4,2,7,3,0.6953297257423401,1.0361260175704956
41045,3,6,19907,2,6,0,1,1.0,,,,,1.0,1.0,2.0,2.0,1.0,1.0,2.0,2.0,1.0,2.0,,,,1.0,2.0,3.0,6.0,8.0,,,,,1,1,1,3,3.0,1,3,1,2,4,3,1,2,6.0,4.0,,,,,,1,1,1,1,3,1,2,1,1,1,1,2,1,1,1,4,3,3,2,3,3,2,1,1,5,6,1,0.3366211950778961,0.4395623803138733
41046,4,1,6119,2,1,0,3,3.0,1.0,1.0,4.0,1.0,,,,,,,,,,,,,,,,,,,,,,,3,3,4,9,,3,2,1,3,3,3,2,5,,,,,,,,2,4,4,1,3,4,3,1,3,2,3,3,1,2,2,3,2,3,3,1,1,1,1,2,1,5,2,0.4055202603340149,0.29559326171875
41047,3,16,98883,3,8,0,3,3.0,1.0,1.0,1.0,1.0,,,,,,,,,,,,,,,,,,,,,,,1,2,1,3,3.0,1,2,1,1,1,2,2,4,,,,,,,,2,4,3,1,2,3,3,2,3,2,3,4,1,2,4,3,3,3,3,1,2,2,1,4,1,5,4,0.6740691065788269,0.36783263087272644
41049,2,9,25081,3,2,0,3,3.0,1.0,1.0,2.0,1.0,,,,,,,,,,,,,,,,,,,,,,,2,1,1,3,3.0,1,1,2,1,1,2,2,4,2.0,6.0,,,,,,1,2,3,1,2,1,2,3,2,1,1,3,1,1,1,2,2,1,1,2,1,1,1,4,1,5,3,0.8966200947761536,0.47575831413269043
41051,4,8,2008,1,2,0,1,1.0,,,,,2.0,2.0,1.0,1.0,1.0,2.0,2.0,2.0,2.0,2.0,,,,2.0,5.0,7.0,,,,,,,1,3,3,3,3.0,2,3,3,2,2,2,4,1,,,,,,,,2,3,4,1,2,2,2,2,3,2,2,4,1,2,3,2,1,3,1,1,1,1,1,4,1,5,1,0.34562113881111145,0.43937116861343384
41052,2,2,836,1,2,0,2,2.0,,,,,2.0,2.0,2.0,2.0,2.0,2.0,1.0,2.0,2.0,2.0,,,,4.0,,,,,,,,,2,1,9,9,,2,3,3,2,2,2,3,2,,,,,,,,1,4,3,2,1,3,3,1,3,2,3,3,1,2,3,3,3,3,4,1,1,1,1,2,1,4,3,0.35864144563674927,0.4015221893787384
41053,4,2,10259,2,2,0,3,3.0,1.0,1.0,1.0,1.0,,,,,,,,,,,,,,,,,,,,,,,1,3,3,3,3.0,2,2,2,2,2,2,2,3,,,,,,,,2,2,4,2,2,2,2,2,3,2,3,4,2,2,2,2,2,2,2,1,1,1,1,3,1,6,3,0.4055202603340149,0.29559326171875
41054,2,9,25081,3,2,0,3,3.0,1.0,2.0,1.0,1.0,,,,,,,,,,,,,,,,,,,,,,,2,1,2,3,3.0,1,2,1,2,1,2,4,4,8.0,2.0,7.0,,,,,1,1,3,2,2,1,1,3,1,1,1,3,1,1,1,2,1,1,2,2,1,1,1,4,1,6,3,0.8966200947761536,0.47575831413269043
41055,4,16,8395,2,8,0,1,1.0,,,,,1.0,1.0,2.0,2.0,2.0,1.0,1.0,2.0,2.0,2.0,,,,1.0,3.0,4.0,6.0,,,,,,3,3,4,9,,2,2,3,2,2,2,3,9,,,,,,,,2,3,2,1,2,2,3,1,3,2,3,4,1,2,3,2,2,3,2,1,1,1,1,3,1,98,2,0.4055202603340149,0.6683597564697266
41056,3,3,7217,2,3,0,1,1.0,,,,,1.0,1.0,1.0,2.0,1.0,1.0,1.0,2.0,2.0,2.0,,,,1.0,2.0,3.0,4.0,6.0,7.0,,,,3,3,4,1,1.0,4,3,2,3,3,3,4,9,,,,,,,,1,3,1,1,3,3,3,1,3,2,4,3,1,2,2,2,2,2,2,1,2,2,1,3,1,3,4,0.3263285458087921,0.45560455322265625
41057,2,1,6119,2,1,0,3,3.0,2.0,,,2.0,,,,,,,,,,,,,,,,,,,,,,,3,3,4,9,,2,2,3,2,2,2,2,2,,,,,,,,2,4,1,1,2,3,3,1,3,2,3,4,1,2,1,2,1,1,1,1,2,2,1,3,1,8,2,0.2585919201374054,0.14566975831985474
41058,3,11,7350,2,1,0,3,3.0,1.0,2.0,3.0,1.0,,,,,,,,,,,,,,,,,,,,,,,2,1,1,3,3.0,1,2,2,1,1,2,3,8,7.0,5.0,,,,,,1,1,3,1,1,1,2,3,1,1,1,4,1,1,1,2,3,1,2,2,1,1,1,4,1,6,3,0.39164605736732483,0.2027520090341568
41059,3,11,1686,1,1,0,3,3.0,2.0,,,2.0,,,,,,,,,,,,,,,,,,,,,,,2,1,1,3,3.0,1,2,1,2,1,3,1,2,3.0,4.0,1.0,,,,,1,1,4,2,2,1,1,3,1,1,1,4,1,1,3,2,2,1,1,2,1,1,1,4,1,7,2,0.3337962329387665,0.2387717068195343
41060,2,3,1436,1,3,0,1,1.0,,,,,1.0,1.0,2.0,1.0,2.0,2.0,2.0,2.0,2.0,2.0,,,,1.0,3.0,5.0,,,,,,,3,3,4,9,,2,2,2,2,2,2,1,4,,,,,,,,2,4,2,9,2,2,2,1,3,2,3,1,2,2,2,2,3,3,3,1,2,2,1,2,1,2,2,0.22039549052715302,0.21652396023273468
41063,3,9,25081,3,2,0,3,3.0,1.0,2.0,1.0,2.0,,,,,,,,,,,,,,,,,,,,,,,2,1,1,3,3.0,1,2,2,1,3,1,3,2,6.0,1.0,5.0,,,,,1,2,3,1,3,1,2,3,1,1,1,4,1,1,1,2,2,2,1,2,1,1,1,4,1,5,3,0.8089898824691772,0.3701227307319641
41065,3,9,25081,3,2,0,3,3.0,1.0,1.0,1.0,2.0,,,,,,,,,,,,,,,,,,,,,,,2,1,2,3,3.0,1,1,2,1,2,2,3,6,4.0,5.0,1.0,,,,,1,2,3,1,2,1,1,2,2,1,1,4,1,1,2,1,3,2,1,2,1,1,1,4,1,5,3,0.8089898824691772,0.3701227307319641
41066,1,16,2384,1,8,0,1,1.0,,,,,1.0,1.0,2.0,1.0,1.0,2.0,1.0,2.0,1.0,2.0,,,,1.0,2.0,3.0,4.0,5.0,8.0,,,,2,1,9,3,3.0,4,3,3,3,3,3,2,4,,,,,,,,2,3,2,2,3,3,2,2,2,2,3,3,2,2,3,3,3,3,3,1,2,2,1,2,2,1,1,0.32957592606544495,0.2995974123477936
41067,3,15,2479,1,7,0,3,3.0,1.0,1.0,1.0,1.0,,,,,,,,,,,,,,,,,,,,,,,1,1,2,9,,2,3,4,2,1,2,3,1,5.0,8.0,,,,,,1,2,2,1,1,2,3,2,3,2,2,4,1,2,3,1,3,4,3,1,2,2,1,2,1,98,3,0.2781267762184143,0.23729513585567474
41069,4,15,17726,2,7,0,1,1.0,,,,,2.0,1.0,1.0,1.0,1.0,1.0,2.0,2.0,2.0,2.0,,,,1.0,2.0,5.0,6.0,7.0,,,,,2,1,3,9,,3,3,1,4,3,1,2,4,,,,,,,,2,2,2,1,2,2,3,2,3,1,1,4,2,2,2,3,1,3,2,1,1,1,1,2,6,1,1,0.4055202603340149,0.6683597564697266
41070,3,14,11748,2,7,0,1,1.0,,,,,2.0,1.0,2.0,2.0,2.0,2.0,2.0,1.0,2.0,2.0,,,,1.0,9.0,,,,,,,,3,3,4,9,,3,2,2,2,2,2,2,2,,,,,,,,2,3,1,9,3,2,2,1,3,2,3,3,2,2,3,3,2,2,3,1,2,2,1,3,5,1,3,0.3263285458087921,0.45560455322265625
41071,4,5,1434,1,5,0,1,1.0,,,,,1.0,1.0,1.0,1.0,1.0,1.0,1.0,1.0,1.0,2.0,,,,1.0,2.0,3.0,4.0,5.0,6.0,7.0,8.0,9.0,1,1,1,3,3.0,1,1,1,1,1,1,1,1,7.0,5.0,,,,,,1,1,1,1,1,1,1,3,2,1,1,2,1,1,1,1,1,1,1,2,1,1,1,2,1,7,1,0.35652217268943787,0.42389994859695435
41073,2,15,79838,3,7,0,1,1.0,,,,,1.0,2.0,1.0,1.0,2.0,1.0,1.0,1.0,1.0,2.0,,,,3.0,4.0,5.0,6.0,7.0,8.0,9.0,,,1,1,2,2,2.0,2,2,2,2,2,2,2,8,4.0,5.0,,,,,,1,2,2,2,2,2,1,1,2,2,2,2,2,2,2,2,2,2,2,1,2,2,1,3,1,2,1,0.5341512560844421,0.7763860821723938
41074,3,7,506,1,5,0,1,1.0,,,,,1.0,2.0,1.0,2.0,1.0,1.0,2.0,2.0,2.0,2.0,,,,2.0,3.0,6.0,7.0,,,,,,3,3,4,1,1.0,4,1,1,4,4,4,1,9,,,,,,,,2,4,1,1,4,4,4,4,3,2,4,2,2,2,4,4,4,4,3,1,2,2,1,2,1,2,4,0.2781267762184143,0.29950815439224243
41075,3,16,57302,3,8,0,1,1.0,,,,,1.0,1.0,2.0,1.0,1.0,1.0,2.0,2.0,2.0,2.0,,,,1.0,2.0,3.0,5.0,6.0,,,,,3,3,4,9,,3,2,1,3,1,3,3,6,3.0,4.0,2.0,,,,,2,3,2,1,2,3,2,1,3,2,3,2,2,2,3,1,3,1,2,1,1,1,1,2,2,1,3,0.7842537760734558,1.120064377784729
41076,4,5,27576,3,5,0,1,1.0,,,,,1.0,1.0,1.0,2.0,2.0,2.0,2.0,2.0,1.0,2.0,,,,1.0,3.0,7.0,8.0,,,,,,3,3,4,9,,2,2,2,3,2,3,4,9,,,,,,,,2,2,3,2,2,3,2,1,3,2,2,4,1,2,2,1,2,1,1,1,2,2,1,2,6,4,3,0.9754925966262817,1.4499083757400513
41077,4,12,25644,3,3,0,3,3.0,1.0,1.0,1.0,1.0,,,,,,,,,,,,,,,,,,,,,,,1,1,1,3,3.0,1,4,4,4,2,4,2,3,,,,,,,,2,2,3,2,1,1,3,2,3,2,1,3,2,2,1,1,1,4,3,1,2,2,1,2,6,1,4,0.9754925966262817,0.4966069459915161
41078,3,14,4348,1,7,0,1,1.0,,,,,2.0,2.0,2.0,2.0,1.0,2.0,1.0,2.0,2.0,2.0,,,,2.0,4.0,,,,,,,,2,3,4,3,3.0,2,2,2,2,3,2,3,9,,,,,,,,2,3,2,1,3,3,2,2,3,2,3,4,1,2,3,3,2,3,3,1,2,2,1,2,1,2,1,0.2781267762184143,0.29950815439224243
41080,4,1,49733,3,1,0,3,3.0,1.0,1.0,1.0,2.0,,,,,,,,,,,,,,,,,,,,,,,1,1,9,9,,2,4,2,2,1,2,3,2,5.0,6.0,4.0,3.0,,,,1,3,2,1,2,3,3,2,3,2,3,4,1,2,2,4,1,4,1,1,1,1,1,4,1,3,2,0.8376485109329224,0.539604127407074
41083,2,16,1195,1,8,0,1,1.0,,,,,1.0,1.0,2.0,2.0,2.0,2.0,2.0,2.0,2.0,2.0,,,,1.0,3.0,,,,,,,,3,3,4,9,,2,2,2,2,3,2,2,2,,,,,,,,2,4,3,2,1,2,2,1,3,2,3,1,1,2,2,2,2,2,3,2,2,2,1,3,1,5,2,0.22734686732292175,0.20890000462532043
41084,4,4,49802,3,4,0,2,2.0,,,,,2.0,2.0,2.0,2.0,2.0,2.0,1.0,2.0,1.0,2.0,,,,4.0,8.0,,,,,,,,1,2,4,9,,2,3,3,2,1,1,3,6,3.0,,,,,,,2,3,3,1,1,1,2,2,3,2,3,4,2,2,3,2,2,3,3,1,1,1,1,3,5,1,1,0.8376485109329224,1.5754419565200806
41086,2,1,4233,1,1,0,1,1.0,,,,,1.0,1.0,2.0,1.0,2.0,2.0,2.0,2.0,2.0,2.0,,,,1.0,3.0,5.0,,,,,,,3,1,4,9,,2,3,4,2,2,2,2,2,,,,,,,,2,4,1,1,3,2,1,1,3,1,2,2,1,2,3,2,2,1,3,1,2,2,1,2,5,3,3,0.22039549052715302,0.21652396023273468
41087,2,3,7217,2,3,0,3,3.0,1.0,1.0,1.0,1.0,,,,,,,,,,,,,,,,,,,,,,,1,1,1,3,3.0,1,1,1,1,1,1,2,2,,,,,,,,1,1,3,1,1,1,1,3,1,1,1,2,1,2,1,2,2,2,2,1,1,1,1,5,1,6,3,0.4207970201969147,0.2701301574707031
41088,4,14,6629,2,7,0,3,3.0,1.0,1.0,1.0,1.0,,,,,,,,,,,,,,,,,,,,,,,2,1,3,3,3.0,2,2,2,2,3,2,2,4,2.0,,,,,,,1,3,4,2,2,2,3,2,3,2,2,4,1,2,2,2,2,3,2,1,1,1,1,2,1,3,2,0.4055202603340149,0.29559326171875
41089,2,17,3085,1,4,0,3,3.0,1.0,1.0,1.0,1.0,,,,,,,,,,,,,,,,,,,,,,,1,2,3,3,3.0,2,3,3,2,2,2,2,5,,,,,,,,2,2,2,1,2,3,2,2,3,2,2,4,2,2,3,3,2,3,3,1,1,1,1,4,4,1,2,0.35864144563674927,0.3181191384792328
41090,4,8,12721,2,2,0,3,3.0,1.0,1.0,1.0,1.0,,,,,,,,,,,,,,,,,,,,,,,1,1,2,3,3.0,1,4,2,4,1,1,2,1,3.0,,,,,,,1,2,4,2,3,1,4,3,3,2,4,4,2,2,4,4,1,1,4,1,1,1,1,2,2,1,1,0.4055202603340149,0.29559326171875
41092,4,6,1825208,4,6,0,3,3.0,1.0,2.0,2.0,1.0,,,,,,,,,,,,,,,,,,,,,,,1,1,3,3,3.0,1,2,2,2,2,2,1,5,,,,,,,,2,2,2,2,2,2,2,2,2,2,2,2,2,2,2,2,2,2,2,1,1,1,1,4,1,6,3,2.2396583557128906,1.2535582780838013
41093,2,12,2552,1,3,0,3,3.0,1.0,2.0,2.0,1.0,,,,,,,,,,,,,,,,,,,,,,,1,2,9,2,2.0,2,3,2,2,2,1,2,6,7.0,,,,,,,1,2,2,9,2,1,3,2,9,2,3,4,1,2,3,3,2,1,2,1,1,1,1,2,1,2,1,0.35864144563674927,0.3181191384792328
41097,2,3,9367,2,3,0,3,3.0,1.0,1.0,1.0,2.0,,,,,,,,,,,,,,,,,,,,,,,1,2,4,9,,2,2,2,2,2,2,2,9,,,,,,,,2,3,4,2,2,2,2,3,3,2,3,2,1,2,2,2,2,2,2,1,2,2,1,3,1,8,3,0.2585919201374054,0.14566975831985474
41100,3,16,15109,2,8,0,3,3.0,1.0,2.0,2.0,1.0,,,,,,,,,,,,,,,,,,,,,,,1,2,4,9,,2,4,2,4,2,4,3,8,,,,,,,,1,4,4,2,1,2,1,2,3,2,2,4,2,2,3,3,3,3,3,2,2,2,1,3,6,6,1,0.3366211950778961,0.19440290331840515
41101,3,16,69265,3,8,0,3,3.0,2.0,,,2.0,,,,,,,,,,,,,,,,,,,,,,,3,3,3,3,3.0,2,2,2,2,2,2,2,5,,,,,,,,2,2,2,2,2,2,2,3,2,1,3,2,2,2,2,2,2,2,2,1,2,2,1,2,1,5,2,0.6740691065788269,0.36783263087272644
41103,3,14,86419,3,7,0,3,3.0,1.0,1.0,1.0,1.0,,,,,,,,,,,,,,,,,,,,,,,1,2,3,9,,3,2,3,3,3,3,3,2,1.0,,,,,,,1,3,4,2,2,3,2,3,3,2,3,3,1,2,4,3,3,3,4,1,1,1,2,4,1,5,5,0.7842537760734558,0.3836304843425751
41105,3,16,57302,3,8,0,1,1.0,,,,,2.0,1.0,1.0,2.0,1.0,2.0,2.0,2.0,2.0,2.0,,,,1.0,2.0,7.0,,,,,,,3,3,4,9,,2,2,3,2,3,2,2,9,,,,,,,,2,4,3,1,3,3,4,1,3,2,2,4,2,2,3,1,3,1,2,1,2,2,1,3,1,98,3,0.6740691065788269,1.0739414691925049
41108,3,14,11086,2,7,0,2,2.0,,,,,2.0,2.0,1.0,2.0,1.0,1.0,1.0,2.0,2.0,2.0,,,,2.0,4.0,6.0,7.0,,,,,,1,1,4,3,3.0,2,3,2,2,2,2,2,1,,,,,,,,1,4,3,2,2,3,2,1,3,2,3,4,2,2,3,3,2,2,3,1,2,2,1,3,1,3,4,0.3263285458087921,0.45560455322265625
41109,3,15,10367,2,7,0,2,2.0,,,,,2.0,2.0,2.0,1.0,1.0,2.0,2.0,2.0,2.0,2.0,,,,2.0,5.0,,,,,,,,1,1,3,3,3.0,1,3,2,2,2,3,2,2,,,,,,,,2,3,3,2,3,2,3,2,3,2,3,3,1,2,3,3,2,2,2,1,1,1,1,4,1,4,3,0.3796708583831787,0.4751705229282379
41110,3,6,19907,2,6,0,2,2.0,,,,,2.0,1.0,1.0,2.0,1.0,1.0,2.0,2.0,1.0,2.0,,,,1.0,2.0,6.0,7.0,8.0,,,,,3,3,4,3,3.0,4,2,1,3,3,4,2,9,,,,,,,,2,4,1,1,3,3,3,1,3,2,4,4,2,2,4,3,3,3,2,2,1,1,1,4,1,2,2,0.39164605736732483,0.4584394693374634
41111,3,17,79153,3,4,0,1,1.0,,,,,1.0,2.0,1.0,2.0,1.0,1.0,1.0,2.0,1.0,2.0,,,,2.0,3.0,4.0,6.0,7.0,8.0,,,,3,3,4,9,,2,2,3,2,2,2,2,9,,,,,,,,2,2,1,1,2,3,3,2,3,2,3,1,2,2,4,1,3,2,1,1,2,2,1,2,6,1,2,0.6740691065788269,1.0739414691925049
41113,2,6,1825208,4,6,0,1,1.0,,,,,1.0,1.0,2.0,2.0,1.0,1.0,1.0,2.0,1.0,2.0,,,,1.0,2.0,3.0,4.0,6.0,8.0,,,,3,3,4,9,,3,2,1,4,4,2,1,1,8.0,,,,,,,1,4,1,1,4,4,4,1,3,2,3,4,1,2,4,3,3,4,3,1,1,1,1,2,4,2,1,2.324031352996826,4.805914402008057
41115,2,7,290283,4,5,0,3,3.0,1.0,2.0,2.0,2.0,,,,,,,,,,,,,,,,,,,,,,,3,3,4,3,3.0,2,3,3,3,3,3,3,9,,,,,,,,2,3,2,1,3,3,1,2,3,2,3,3,2,2,2,2,2,2,2,2,1,1,1,3,1,1,2,2.3973331451416016,1.105239748954773
41130,3,14,11748,2,7,0,2,2.0,,,,,1.0,1.0,1.0,1.0,2.0,2.0,1.0,1.0,1.0,2.0,,,,1.0,3.0,4.0,5.0,7.0,8.0,9.0,,,2,2,2,3,3.0,2,1,1,2,2,2,3,5,3.0,7.0,,,,,,1,2,2,2,1,2,2,2,2,1,2,2,1,1,3,2,3,2,3,2,1,1,1,5,1,6,3,0.39164605736732483,0.4584394693374634
41131,3,5,27576,3,5,0,1,1.0,,,,,2.0,2.0,1.0,2.0,1.0,2.0,2.0,2.0,2.0,2.0,,,,2.0,7.0,,,,,,,,1,3,4,9,,1,4,4,1,1,1,4,1,3.0,5.0,,,,,,2,2,1,1,4,4,2,1,3,2,2,4,2,2,4,2,2,2,2,1,1,1,1,2,2,1,1,0.7842537760734558,1.120064377784729
41132,3,6,1825208,4,6,0,1,1.0,,,,,1.0,1.0,2.0,1.0,1.0,1.0,2.0,2.0,2.0,2.0,,,,1.0,2.0,3.0,5.0,6.0,,,,,3,3,4,9,,1,2,2,3,2,3,2,5,,,,,,,,2,3,4,1,4,4,4,1,3,2,3,3,2,2,4,1,3,2,4,3,1,1,2,5,1,4,3,2.163032054901123,3.607175827026367
41135,3,2,147361,4,2,0,3,3.0,1.0,2.0,1.0,2.0,,,,,,,,,,,,,,,,,,,,,,,2,1,3,3,3.0,3,3,3,2,1,4,1,1,4.0,6.0,,,,,,2,2,3,1,1,3,2,2,3,1,3,4,2,2,4,3,3,2,3,1,1,1,1,4,1,3,2,2.0968945026397705,0.8912164568901062
41142,3,6,1825208,4,6,0,3,3.0,1.0,1.0,2.0,2.0,,,,,,,,,,,,,,,,,,,,,,,2,1,2,3,3.0,1,1,2,1,2,2,2,4,1.0,2.0,,,,,,1,1,2,2,1,2,2,2,1,1,2,2,1,1,2,2,2,1,1,2,1,1,1,3,1,5,3,2.163032054901123,0.8598359227180481
41144,3,6,1825208,4,6,0,3,3.0,1.0,1.0,1.0,1.0,,,,,,,,,,,,,,,,,,,,,,,1,2,2,3,3.0,2,1,3,2,2,2,2,2,,,,,,,,2,3,2,1,3,2,2,1,2,2,2,2,1,2,2,3,3,2,3,1,1,1,1,4,1,6,1,2.0968945026397705,0.8912164568901062
41147,4,14,4601,1,7,0,3,3.0,1.0,2.0,3.0,2.0,,,,,,,,,,,,,,,,,,,,,,,2,3,4,9,,3,1,2,3,3,4,3,1,,,,,,,,2,3,4,1,2,4,2,3,3,1,4,4,1,1,4,3,2,1,2,1,1,1,1,4,1,7,2,0.34562113881111145,0.3481054902076721
41148,2,6,1825208,4,6,0,3,3.0,1.0,1.0,1.0,2.0,,,,,,,,,,,,,,,,,,,,,,,1,1,1,9,,3,2,1,4,4,4,3,6,5.0,,,,,,,2,1,4,2,1,1,1,3,3,2,2,4,2,2,3,1,2,1,1,3,2,2,1,5,1,3,2,1.4732301235198975,0.596007764339447
41160,2,6,1825208,4,6,0,3,3.0,1.0,2.0,2.0,2.0,,,,,,,,,,,,,,,,,,,,,,,1,1,4,3,3.0,2,2,2,3,3,3,2,3,,,,,,,,1,3,4,2,3,2,2,2,3,2,3,4,1,2,3,2,2,2,1,1,1,1,1,4,1,5,3,2.324031352996826,1.1455771923065186
41161,4,1,2773,1,1,0,2,2.0,,,,,2.0,2.0,2.0,2.0,2.0,2.0,1.0,2.0,1.0,2.0,,,,4.0,8.0,,,,,,,,3,3,4,9,,2,2,3,2,2,2,3,1,,,,,,,,2,2,3,1,2,3,2,2,3,2,2,4,2,2,2,2,2,3,3,1,1,1,1,3,2,1,1,0.34562113881111145,0.43937116861343384
41167,1,1,957,1,1,0,2,2.0,,,,,2.0,2.0,2.0,2.0,2.0,2.0,2.0,2.0,2.0,1.0,12.0,,JE VENAIS D'ARRIVER DANS MA NOUVELLE MUNICIPALITÉ DONC PLUSIEURS CHOSES ON JOUER UN ROLE DANS MA DE,10.0,,,,,,,,,3,1,3,9,,3,3,3,3,3,3,3,1,5.0,,,,,,,2,3,4,2,1,2,2,1,3,2,3,1,1,2,3,3,3,3,3,1,2,2,1,2,5,3,3,0.32957592606544495,0.2995974123477936
41172,2,8,43182,3,2,0,2,2.0,,,,,2.0,1.0,1.0,1.0,1.0,1.0,2.0,2.0,1.0,2.0,,,,1.0,2.0,5.0,6.0,7.0,8.0,,,,1,1,2,3,3.0,2,1,1,2,2,1,2,6,,,,,,,,1,2,3,1,2,2,2,2,1,1,3,2,1,1,2,2,2,1,3,1,1,1,1,3,1,3,2,0.8692047595977783,1.4397292137145996
41174,4,6,1825208,4,6,0,1,1.0,,,,,2.0,2.0,2.0,2.0,2.0,2.0,2.0,2.0,2.0,1.0,10.0,,J A U RHUME MAUVAIS,10.0,,,,,,,,,3,3,4,3,3.0,1,4,2,1,1,1,2,4,2.0,,,,,,,2,2,2,2,1,1,1,4,9,1,2,1,2,1,3,4,1,4,2,2,2,2,1,4,9,1,1,2.6904830932617188,4.669473648071289
41196,4,16,90161,3,8,0,3,3.0,1.0,1.0,1.0,1.0,,,,,,,,,,,,,,,,,,,,,,,3,1,2,2,2.0,2,1,1,1,1,1,3,5,2.0,,,,,,,1,4,3,1,1,1,1,2,3,2,4,4,1,2,2,2,2,2,2,2,1,1,1,3,6,2,1,0.8640686869621277,0.5206038951873779
41209,3,17,79153,3,4,0,3,3.0,1.0,1.0,1.0,2.0,,,,,,,,,,,,,,,,,,,,,,,3,3,3,3,3.0,2,2,3,2,2,2,3,3,,,,,,,,2,2,3,1,2,2,2,3,3,2,2,1,2,2,2,1,2,2,2,1,1,1,1,2,3,8,1,0.7842537760734558,0.3836304843425751
41210,2,11,3038,1,1,0,1,1.0,,,,,2.0,2.0,1.0,2.0,1.0,1.0,2.0,2.0,2.0,2.0,,,,2.0,6.0,7.0,,,,,,,2,2,2,9,,2,2,2,2,2,1,2,5,7.0,,,,,,,2,2,2,1,4,2,3,2,9,2,3,4,1,1,3,3,1,3,2,2,2,2,1,3,1,3,2,0.22734686732292175,0.20890000462532043
41225,2,6,1825208,4,6,0,3,3.0,1.0,1.0,2.0,2.0,,,,,,,,,,,,,,,,,,,,,,,1,1,1,9,,2,2,2,2,1,2,3,3,6.0,7.0,,,,,,1,2,4,1,2,2,2,3,1,1,1,2,1,1,2,2,2,2,2,1,1,1,1,5,1,4,3,2.324031352996826,1.1455771923065186
41226,1,6,20046,3,6,0,3,3.0,1.0,2.0,3.0,1.0,,,,,,,,,,,,,,,,,,,,,,,1,3,4,9,,4,2,3,2,2,3,1,4,5.0,,,,,,,1,3,2,1,2,2,3,2,3,9,2,4,2,2,2,3,2,3,2,2,1,1,1,3,4,8,1,1.5770148038864136,0.7488576173782349
41232,4,12,149564,4,3,0,3,3.0,1.0,1.0,1.0,1.0,,,,,,,,,,,,,,,,,,,,,,,2,3,4,3,3.0,2,3,2,2,3,2,2,3,,,,,,,,2,4,4,2,1,1,1,1,3,2,1,4,1,2,3,2,3,3,4,1,2,2,1,3,1,7,2,2.608217477798462,1.1536762714385986
41235,3,6,20046,3,6,0,3,3.0,1.0,1.0,1.0,1.0,,,,,,,,,,,,,,,,,,,,,,,2,1,2,3,3.0,1,2,1,1,1,2,2,6,3.0,5.0,,,,,,2,2,2,1,1,1,2,2,2,2,2,2,1,2,1,1,1,2,2,2,1,1,1,4,1,3,3,0.8089898824691772,0.3701227307319641
41240,4,14,23299,3,7,0,1,1.0,,,,,2.0,1.0,2.0,1.0,2.0,2.0,1.0,2.0,2.0,2.0,,,,1.0,4.0,5.0,,,,,,,2,2,3,3,3.0,2,3,2,2,3,2,2,9,,,,,,,,1,3,3,1,2,2,2,2,3,2,2,3,1,2,3,2,3,2,3,1,1,1,1,2,1,5,5,0.8376485109329224,1.5754419565200806
41242,3,16,69265,3,8,0,2,2.0,,,,,2.0,2.0,2.0,2.0,2.0,2.0,1.0,2.0,2.0,2.0,,,,4.0,,,,,,,,,1,2,2,3,3.0,2,4,3,2,2,2,3,3,4.0,5.0,,,,,,2,2,2,2,2,2,2,3,2,1,2,3,2,1,2,2,2,2,2,1,1,1,1,3,1,4,2,0.7842537760734558,1.120064377784729
41245,1,16,90161,3,8,0,3,3.0,1.0,2.0,2.0,1.0,,,,,,,,,,,,,,,,,,,,,,,1,2,2,3,3.0,2,3,2,2,2,3,2,1,5.0,2.0,6.0,,,,,2,2,3,2,2,2,3,2,2,2,2,3,1,2,3,2,2,2,4,1,1,1,1,4,1,5,2,1.5287959575653076,0.7761867046356201
41247,3,17,79153,3,4,0,1,1.0,,,,,2.0,1.0,2.0,2.0,2.0,2.0,1.0,2.0,2.0,2.0,,,,1.0,4.0,,,,,,,,1,3,4,9,,1,3,2,2,2,2,2,1,,,,,,,,2,3,3,2,2,3,3,2,3,2,2,4,1,2,3,2,3,4,3,1,1,1,1,1,1,4,3,0.7842537760734558,1.120064377784729
41262,1,6,1825208,4,6,0,1,1.0,,,,,2.0,2.0,2.0,1.0,2.0,2.0,1.0,2.0,2.0,2.0,,,,4.0,5.0,,,,,,,,1,2,4,3,3.0,3,2,2,3,2,3,2,7,3.0,4.0,6.0,5.0,,,,1,3,3,2,2,2,3,3,2,2,2,3,2,1,3,3,2,2,3,2,2,2,1,2,4,98,9,2.2030460834503174,3.459670305252075
41264,4,6,1825208,4,6,0,3,3.0,1.0,2.0,1.0,2.0,,,,,,,,,,,,,,,,,,,,,,,1,1,9,2,2.0,2,3,3,2,2,3,2,2,6.0,5.0,,,,,,2,2,4,1,1,1,1,3,3,1,2,4,1,2,1,3,1,2,2,2,1,1,1,5,9,6,3,2.3102993965148926,1.2094197273254395
41273,4,6,19907,2,6,0,1,1.0,,,,,1.0,1.0,1.0,2.0,2.0,1.0,2.0,2.0,1.0,2.0,,,,1.0,3.0,6.0,7.0,8.0,,,,,1,1,1,3,3.0,1,1,2,3,3,4,1,4,8.0,6.0,,,,,,1,1,1,1,2,3,1,1,1,1,1,1,1,1,1,4,3,3,2,2,1,1,1,2,1,8,4,0.4183107316493988,0.6448264122009277
41282,2,6,1825208,4,6,0,2,2.0,,,,,1.0,1.0,1.0,1.0,1.0,1.0,1.0,2.0,2.0,2.0,,,,1.0,2.0,3.0,4.0,5.0,6.0,7.0,,,1,1,4,1,1.0,3,4,4,2,2,2,2,3,6.0,1.0,2.0,8.0,5.0,7.0,,2,3,2,1,2,3,3,2,2,2,3,4,2,2,4,2,3,2,4,2,1,1,1,5,4,2,1,2.3973331451416016,4.636691093444824
41288,4,17,79153,3,4,0,3,3.0,1.0,1.0,1.0,1.0,,,,,,,,,,,,,,,,,,,,,,,1,1,4,9,,2,1,1,2,3,3,2,5,,,,,,,,2,4,2,2,2,3,2,1,3,2,4,4,2,2,3,1,2,2,2,1,1,1,1,3,2,1,1,0.8376485109329224,0.539604127407074
41292,4,2,30915,3,2,0,3,3.0,1.0,1.0,1.0,1.0,,,,,,,,,,,,,,,,,,,,,,,2,3,4,9,,3,2,2,2,2,2,2,4,,,,,,,,2,3,2,9,1,3,3,1,3,2,3,4,2,2,3,2,2,2,2,1,1,1,1,2,1,1,1,0.8376485109329224,0.539604127407074
41295,3,14,4926,1,7,0,1,1.0,,,,,1.0,1.0,1.0,2.0,2.0,2.0,1.0,2.0,1.0,2.0,,,,1.0,3.0,4.0,7.0,8.0,,,,,1,1,1,3,3.0,1,4,3,1,2,3,1,1,3.0,8.0,,,,,,1,1,2,1,3,2,2,2,1,1,1,2,1,1,2,2,2,3,3,2,2,2,1,1,1,6,1,0.2868990898132324,0.2889620363712311
41297,2,16,2327,1,8,0,3,3.0,1.0,1.0,1.0,1.0,,,,,,,,,,,,,,,,,,,,,,,2,2,2,3,3.0,2,2,2,1,2,1,3,4,5.0,,,,,,,2,2,2,2,2,2,1,3,2,2,2,2,1,2,2,1,2,1,2,1,1,1,1,5,1,6,1,0.35864144563674927,0.3181191384792328
41303,4,16,24448,3,8,0,3,3.0,1.0,2.0,4.0,2.0,,,,,,,,,,,,,,,,,,,,,,,3,2,3,2,2.0,2,2,2,3,3,3,2,4,,,,,,,,1,2,3,2,2,3,2,2,2,2,2,4,1,2,1,3,1,2,2,1,1,1,1,3,1,4,1,0.8376485109329224,0.539604127407074
41304,2,15,4545,1,7,0,1,1.0,,,,,1.0,1.0,2.0,2.0,2.0,1.0,2.0,2.0,2.0,2.0,,,,1.0,3.0,6.0,,,,,,,3,3,4,9,,2,2,2,3,2,3,2,9,,,,,,,,2,3,2,9,2,2,2,2,3,2,3,2,2,2,2,2,2,2,2,1,2,2,1,4,5,1,3,0.22039549052715302,0.21652396023273468
41305,1,16,1340,1,8,0,1,1.0,,,,,2.0,1.0,2.0,2.0,2.0,2.0,1.0,1.0,2.0,2.0,,,,1.0,4.0,9.0,,,,,,,2,1,3,3,3.0,2,3,4,1,1,2,2,3,5.0,7.0,1.0,2.0,4.0,,,2,2,3,2,2,2,2,3,2,2,1,4,2,2,3,2,2,3,4,1,1,1,1,2,4,1,2,0.6307944655418396,0.6320086717605591
41310,1,12,357,1,3,0,1,1.0,,,,,1.0,1.0,2.0,2.0,2.0,2.0,1.0,2.0,2.0,2.0,,,,1.0,3.0,4.0,,,,,,,2,2,3,9,,2,3,3,2,2,2,2,3,,,,,,,,2,2,1,2,2,2,1,2,2,2,3,4,1,2,3,2,3,3,3,1,3,1,1,2,2,99,2,0.6307944655418396,0.6320086717605591
41314,2,15,79838,3,7,0,3,3.0,1.0,2.0,2.0,2.0,,,,,,,,,,,,,,,,,,,,,,,3,3,4,9,,2,3,3,3,3,3,2,9,,,,,,,,1,3,2,1,2,2,2,2,2,2,3,2,1,2,3,2,3,2,3,1,1,1,1,2,1,2,1,0.8692047595977783,0.4931209683418274
41316,3,9,25081,3,2,0,3,3.0,1.0,2.0,1.0,1.0,,,,,,,,,,,,,,,,,,,,,,,2,1,1,3,3.0,1,2,1,1,2,2,3,5,7.0,2.0,3.0,,,,,1,1,3,1,1,2,2,3,1,1,2,4,1,1,3,2,2,1,1,2,1,1,1,4,1,5,3,0.8089898824691772,0.3701227307319641
41319,3,15,7316,2,7,0,1,1.0,,,,,2.0,1.0,1.0,1.0,2.0,1.0,1.0,2.0,2.0,2.0,,,,1.0,4.0,5.0,6.0,7.0,,,,,1,1,1,2,2.0,1,1,4,3,3,2,1,8,2.0,6.0,,,,,,1,1,1,1,2,1,3,1,1,1,1,2,1,1,3,1,2,3,4,1,1,1,1,1,1,7,1,0.3796708583831787,0.4751705229282379
41320,2,9,25081,3,2,0,3,3.0,1.0,2.0,1.0,1.0,,,,,,,,,,,,,,,,,,,,,,,1,1,2,3,3.0,2,3,2,2,2,2,3,7,5.0,1.0,2.0,,,,,1,2,3,2,3,2,2,4,1,1,2,4,1,1,1,2,2,2,1,2,1,1,1,5,1,5,3,0.8966200947761536,0.47575831413269043
41322,4,9,25081,3,2,0,3,3.0,1.0,1.0,1.0,1.0,,,,,,,,,,,,,,,,,,,,,,,2,2,2,3,3.0,1,2,2,1,1,2,3,6,1.0,2.0,,,,,,1,1,3,1,1,2,2,4,1,1,2,4,1,1,2,2,1,3,1,2,1,1,1,5,1,6,3,0.8640686869621277,0.5206038951873779
41324,3,11,7350,2,1,0,3,3.0,1.0,2.0,1.0,2.0,,,,,,,,,,,,,,,,,,,,,,,1,1,1,3,3.0,1,2,2,1,2,1,3,3,7.0,6.0,8.0,,,,,1,1,3,1,2,1,2,4,1,1,2,4,1,1,1,2,3,2,2,2,2,2,1,5,1,6,3,0.3366211950778961,0.19440290331840515
41325,3,12,3058,1,3,0,3,3.0,1.0,1.0,2.0,2.0,,,,,,,,,,,,,,,,,,,,,,,1,2,2,3,3.0,1,1,2,1,2,1,3,4,2.0,5.0,8.0,,,,,1,1,2,1,2,1,2,2,1,1,2,4,1,1,2,1,1,2,1,1,1,1,1,4,1,6,3,0.323589950799942,0.24748627841472626
41327,4,6,19907,2,6,0,1,1.0,,,,,1.0,1.0,1.0,1.0,1.0,1.0,1.0,1.0,1.0,2.0,,,,1.0,2.0,3.0,4.0,5.0,6.0,7.0,8.0,9.0,1,1,1,3,3.0,1,1,1,1,1,1,1,7,5.0,8.0,,,,,,1,1,1,1,1,1,1,2,1,1,1,2,1,1,1,1,1,1,1,2,1,1,1,2,1,7,1,0.4183107316493988,0.6448264122009277
41328,2,1,6119,2,1,0,3,3.0,1.0,3.0,4.0,1.0,,,,,,,,,,,,,,,,,,,,,,,1,1,1,3,3.0,1,2,2,1,2,1,1,2,,,,,,,,1,1,1,1,2,1,2,1,1,1,1,4,1,1,3,4,3,1,2,1,2,2,1,1,1,7,1,0.2585919201374054,0.14566975831985474
41329,2,15,5441,2,7,0,3,3.0,1.0,2.0,2.0,1.0,,,,,,,,,,,,,,,,,,,,,,,1,1,2,9,,2,3,3,2,2,2,3,5,,,,,,,,2,4,4,2,2,3,3,1,3,2,2,4,2,2,3,3,3,3,3,1,2,2,1,3,1,5,1,0.2585919201374054,0.14566975831985474
41341,3,13,441929,4,6,0,3,3.0,1.0,1.0,1.0,1.0,,,,,,,,,,,,,,,,,,,,,,,2,1,2,1,1.0,4,2,3,3,3,2,4,6,,,,,,,,2,3,4,2,2,4,4,4,3,1,2,3,2,2,4,1,2,3,2,2,2,2,1,2,2,3,3,1.8591341972351074,0.8244317770004272
41356,3,13,441929,4,6,0,3,3.0,1.0,2.0,2.0,2.0,,,,,,,,,,,,,,,,,,,,,,,3,2,3,3,3.0,2,2,2,2,2,2,2,2,8.0,,,,,,,2,3,2,1,2,2,3,2,3,2,3,1,2,2,2,2,3,2,3,1,1,1,1,3,1,5,2,2.0968945026397705,0.8912164568901062
41357,2,3,549937,4,3,0,1,1.0,,,,,1.0,1.0,1.0,1.0,1.0,1.0,2.0,2.0,2.0,2.0,,,,1.0,2.0,3.0,5.0,6.0,7.0,,,,3,3,3,9,,3,2,3,2,2,2,2,3,4.0,,,,,,,1,3,2,2,3,2,2,2,2,2,3,3,2,2,3,2,3,3,3,1,1,1,1,2,1,1,1,2.324031352996826,4.805914402008057
41358,3,6,33714,3,6,0,3,3.0,1.0,1.0,1.0,1.0,,,,,,,,,,,,,,,,,,,,,,,1,1,1,3,3.0,1,2,2,2,1,2,3,7,1.0,,,,,,,1,2,4,2,1,1,1,4,3,2,2,3,1,2,2,2,2,3,3,1,1,1,1,4,1,5,3,0.7842537760734558,0.3836304843425751
41360,4,16,31447,3,8,0,1,1.0,,,,,2.0,1.0,2.0,1.0,2.0,2.0,1.0,2.0,2.0,2.0,,,,1.0,4.0,5.0,,,,,,,2,3,4,3,3.0,1,2,2,2,2,3,2,1,,,,,,,,1,2,3,1,1,2,2,2,3,2,2,4,1,2,3,3,3,2,3,1,1,1,1,2,4,7,2,0.8376485109329224,1.5754419565200806
41365,1,14,2286,1,7,0,3,3.0,1.0,1.0,3.0,2.0,,,,,,,,,,,,,,,,,,,,,,,1,2,2,9,,2,2,3,2,2,2,3,3,7.0,5.0,4.0,1.0,,,,2,2,4,2,1,2,3,3,2,1,2,4,2,2,3,3,3,2,2,1,2,2,1,5,4,6,2,0.32957592606544495,0.2373657077550888
41368,3,16,1758,1,8,0,3,3.0,1.0,1.0,2.0,1.0,,,,,,,,,,,,,,,,,,,,,,,3,3,4,1,1.0,3,3,2,3,2,2,3,3,1.0,4.0,7.0,5.0,,,,2,3,4,1,2,3,1,2,3,1,2,3,1,1,2,1,2,2,1,2,1,1,1,2,1,5,3,0.3337962329387665,0.2387717068195343
41373,3,16,22022,3,8,1,3,,1.0,1.0,2.0,3.0,,,,,,,,,,,,,,,,,,,,,,,2,3,4,9,,3,3,3,2,2,3,3,1,5.0,,,,,,,2,2,4,1,2,2,1,3,2,2,3,1,2,1,1,3,2,3,1,1,1,1,1,4,1,4,3,0.7842537760734558,0.3836304843425751
41378,3,6,1825208,4,6,0,2,2.0,,,,,2.0,2.0,2.0,1.0,2.0,2.0,1.0,2.0,1.0,2.0,,,,4.0,5.0,8.0,,,,,,,2,2,3,2,2.0,2,4,2,2,2,3,2,6,4.0,,,,,,,2,3,3,2,3,2,2,2,3,2,3,4,2,2,3,2,2,2,3,2,2,2,1,4,1,7,1,1.8591341972351074,3.4586431980133057
41382,2,3,549937,4,3,0,3,3.0,1.0,1.0,1.0,1.0,,,,,,,,,,,,,,,,,,,,,,,1,1,2,9,,2,2,3,3,3,1,2,1,2.0,,,,,,,2,2,2,2,3,4,3,2,3,2,2,2,2,2,4,1,3,3,3,1,1,1,1,4,1,3,2,2.324031352996826,1.1455771923065186
41398,1,14,86419,3,7,0,3,3.0,1.0,1.0,1.0,2.0,,,,,,,,,,,,,,,,,,,,,,,2,2,2,2,2.0,2,3,3,2,3,4,2,8,3.0,2.0,,,,,,1,2,1,2,2,3,1,3,2,2,3,3,1,2,4,4,1,2,4,1,1,1,1,4,1,7,1,1.5287959575653076,0.7761867046356201
41409,1,5,170816,4,5,0,3,3.0,1.0,1.0,1.0,2.0,,,,,,,,,,,,,,,,,,,,,,,1,1,2,3,3.0,2,2,1,1,2,2,2,4,6.0,7.0,2.0,,,,,2,2,3,1,1,1,1,2,1,1,2,2,1,2,2,1,2,2,2,1,1,1,1,5,1,4,2,4.087610721588135,1.8031679391860962
41417,2,6,1825208,4,6,0,3,3.0,1.0,1.0,1.0,1.0,,,,,,,,,,,,,,,,,,,,,,,1,1,2,9,,2,2,2,2,2,2,3,7,4.0,,,,,,,2,2,4,2,1,2,2,3,2,2,2,1,2,2,3,3,3,2,3,2,1,1,1,5,1,3,2,2.3973331451416016,1.105239748954773
41419,3,6,1825208,4,6,0,3,3.0,1.0,2.0,3.0,2.0,,,,,,,,,,,,,,,,,,,,,,,1,2,3,3,3.0,2,3,3,3,2,2,2,4,7.0,,,,,,,1,3,3,2,2,3,1,2,3,2,3,3,2,2,3,1,2,2,3,2,1,1,1,4,1,6,3,2.163032054901123,0.8598359227180481
41420,2,16,98883,3,8,0,3,3.0,1.0,2.0,2.0,1.0,,,,,,,,,,,,,,,,,,,,,,,1,2,3,1,1.0,2,2,3,1,2,1,2,2,,,,,,,,1,2,2,1,2,2,1,2,1,9,2,2,1,2,2,2,2,2,2,1,2,2,1,3,1,7,3,0.5341512560844421,0.26591959595680237
41421,1,7,290283,4,5,0,3,3.0,1.0,1.0,3.0,2.0,,,,,,,,,,,,,,,,,,,,,,,1,3,2,2,2.0,2,3,2,2,1,2,3,2,,,,,,,,1,2,2,9,1,3,3,3,2,1,2,4,1,2,3,2,3,3,3,1,2,2,1,3,1,3,1,2.1356852054595947,0.8547725081443787
41423,4,16,69265,3,8,0,1,1.0,,,,,1.0,1.0,1.0,1.0,1.0,1.0,1.0,1.0,1.0,2.0,,,,1.0,2.0,3.0,4.0,5.0,6.0,7.0,8.0,9.0,1,1,1,3,3.0,1,1,1,1,1,1,1,2,4.0,7.0,,,,,,1,1,1,1,1,1,1,2,1,1,1,2,1,1,1,1,1,1,1,2,1,1,1,2,1,7,1,0.8640686869621277,1.519971489906311
41424,3,16,2547,1,8,0,3,3.0,1.0,2.0,2.0,2.0,,,,,,,,,,,,,,,,,,,,,,,2,2,3,1,1.0,2,2,2,2,2,2,2,4,,,,,,,,2,2,3,1,2,2,2,2,2,2,3,3,2,2,2,2,2,2,2,1,2,2,1,3,1,5,3,0.2781267762184143,0.23729513585567474
41427,1,15,79838,3,7,0,3,3.0,2.0,,,4.0,,,,,,,,,,,,,,,,,,,,,,,3,3,9,9,,4,4,4,4,4,4,4,9,,,,,,,,2,4,4,9,4,4,4,1,3,2,4,1,2,2,4,4,4,4,4,3,3,2,2,9,9,99,9,0.8239551186561584,0.3549879491329193
41428,3,16,57302,3,8,0,1,1.0,,,,,1.0,1.0,2.0,2.0,2.0,2.0,2.0,2.0,2.0,2.0,,,,1.0,3.0,,,,,,,,3,3,4,9,,2,2,3,2,3,2,2,4,5.0,,,,,,,2,4,2,9,1,3,2,1,3,2,2,4,2,2,2,1,2,2,2,1,2,2,1,2,1,99,2,0.6740691065788269,1.0739414691925049
41429,1,16,57302,3,8,0,1,1.0,,,,,1.0,1.0,1.0,2.0,2.0,1.0,1.0,2.0,1.0,2.0,,,,1.0,3.0,4.0,6.0,7.0,8.0,,,,2,1,2,2,2.0,2,2,2,2,2,2,2,5,2.0,,,,,,,1,2,2,2,2,2,2,2,2,1,2,2,2,1,2,2,2,2,1,1,1,1,2,5,4,6,4,1.5287959575653076,2.266181707382202
41430,4,15,26377,3,7,0,2,2.0,,,,,1.0,2.0,2.0,2.0,1.0,2.0,1.0,2.0,2.0,2.0,,,,2.0,3.0,4.0,,,,,,,3,3,4,9,,2,2,2,2,2,3,2,4,5.0,,,,,,,2,2,2,2,2,3,2,2,3,2,3,2,2,2,2,2,2,2,3,1,2,2,1,2,2,2,1,0.9754925966262817,1.4499083757400513
41431,1,6,1825208,4,6,0,3,3.0,1.0,1.0,2.0,2.0,,,,,,,,,,,,,,,,,,,,,,,2,2,2,2,2.0,2,4,3,2,1,4,3,2,,,,,,,,2,2,3,2,3,2,1,1,3,9,2,3,2,1,3,4,2,1,3,1,1,1,1,4,4,3,1,4.087610721588135,1.8031679391860962
41432,4,6,1825208,4,6,0,3,3.0,1.0,1.0,4.0,1.0,,,,,,,,,,,,,,,,,,,,,,,1,2,4,1,1.0,3,1,1,3,4,2,3,5,3.0,4.0,,,,,,2,3,3,1,4,4,4,2,3,2,3,3,2,2,2,2,2,2,3,1,1,1,1,2,2,1,1,2.2396583557128906,1.2535582780838013
41434,3,16,90161,3,8,0,3,3.0,1.0,1.0,1.0,1.0,,,,,,,,,,,,,,,,,,,,,,,2,1,3,3,3.0,1,3,3,2,2,1,3,7,3.0,1.0,,,,,,2,2,4,2,1,1,1,2,3,2,2,1,2,2,2,2,2,3,1,1,1,1,1,2,1,4,1,0.7842537760734558,0.3836304843425751
41436,2,7,11390,2,5,0,1,1.0,,,,,1.0,1.0,2.0,2.0,1.0,1.0,2.0,2.0,2.0,2.0,,,,1.0,2.0,3.0,6.0,,,,,,3,3,4,9,,2,4,3,2,2,1,3,8,,,,,,,,1,3,1,1,2,4,4,1,3,1,2,4,1,2,4,1,1,4,4,1,1,1,1,2,1,3,1,0.4207970201969147,0.6107873916625977
41437,3,6,33714,3,6,0,3,3.0,1.0,1.0,1.0,1.0,,,,,,,,,,,,,,,,,,,,,,,1,1,1,3,3.0,1,2,2,1,2,2,3,4,2.0,1.0,,,,,,1,2,4,2,2,2,1,3,3,2,2,3,1,2,3,3,3,3,3,1,1,1,1,5,1,5,3,0.7842537760734558,0.3836304843425751
41439,3,6,35117,3,6,0,3,3.0,1.0,2.0,2.0,1.0,,,,,,,,,,,,,,,,,,,,,,,1,3,2,3,3.0,2,3,3,2,2,2,2,9,,,,,,,,2,4,4,1,2,2,3,2,3,2,2,4,2,2,3,2,2,2,3,2,1,1,1,4,1,3,4,0.8089898824691772,0.3701227307319641
41440,1,16,1606,1,8,0,2,2.0,,,,,2.0,2.0,2.0,2.0,1.0,2.0,2.0,2.0,2.0,2.0,,,,2.0,,,,,,,,,1,3,3,3,3.0,1,1,1,1,1,1,2,4,,,,,,,,2,4,3,1,3,3,3,2,3,2,4,4,2,2,1,1,1,1,1,1,2,2,1,3,1,99,9,0.32957592606544495,0.2995974123477936
41447,3,15,10510,2,7,0,3,3.0,1.0,2.0,2.0,3.0,,,,,,,,,,,,,,,,,,,,,,,2,1,2,9,,2,2,2,2,3,2,2,8,,,,,,,,2,3,2,1,3,2,2,2,3,2,3,4,2,2,3,3,2,2,2,1,2,2,1,2,5,1,4,0.3263285458087921,0.20149792730808258
41448,4,15,14129,2,7,0,3,3.0,1.0,1.0,1.0,1.0,,,,,,,,,,,,,,,,,,,,,,,1,2,3,3,3.0,2,2,2,2,2,2,2,4,,,,,,,,1,3,3,1,1,1,2,2,3,2,3,4,1,2,2,2,2,2,2,2,1,1,1,5,2,5,3,0.4183107316493988,0.2851848900318146
41450,3,8,33024,3,2,0,3,3.0,1.0,1.0,1.0,1.0,,,,,,,,,,,,,,,,,,,,,,,1,3,4,3,3.0,2,2,2,2,2,2,3,3,,,,,,,,2,2,4,2,2,2,2,2,3,2,3,3,2,2,2,2,2,2,2,1,2,2,1,2,1,3,2,0.6740691065788269,0.36783263087272644
41460,2,1,552,1,1,0,3,3.0,1.0,1.0,2.0,1.0,,,,,,,,,,,,,,,,,,,,,,,2,3,2,2,2.0,2,2,1,1,2,2,2,5,3.0,2.0,,,,,,1,2,2,2,1,2,1,3,2,2,2,2,1,2,1,2,2,1,2,2,1,1,1,5,1,7,3,0.3699531853199005,0.30691826343536377
41475,3,1,357,1,1,0,3,3.0,1.0,1.0,2.0,2.0,,,,,,,,,,,,,,,,,,,,,,,2,3,2,2,2.0,1,2,1,2,2,1,2,2,5.0,3.0,,,,,,1,2,2,2,1,1,2,3,2,1,2,2,1,2,2,2,1,2,1,2,1,1,1,5,1,7,3,0.3337962329387665,0.2387717068195343
41481,3,1,1773,1,1,0,3,3.0,1.0,1.0,2.0,2.0,,,,,,,,,,,,,,,,,,,,,,,2,2,2,2,2.0,2,1,2,1,2,2,3,3,8.0,5.0,,,,,,1,2,3,2,2,1,1,3,2,2,2,2,1,2,2,2,2,1,1,2,1,1,1,5,1,7,5,0.3337962329387665,0.2387717068195343
41483,2,11,3038,1,1,0,3,3.0,1.0,1.0,2.0,2.0,,,,,,,,,,,,,,,,,,,,,,,2,2,2,3,3.0,2,2,1,2,1,1,2,7,5.0,,,,,,,1,2,3,2,1,1,2,3,2,2,2,2,1,2,1,1,2,1,2,2,2,2,1,5,1,7,2,0.22734686732292175,0.16550791263580322
41487,2,1,2848,1,1,0,3,3.0,1.0,1.0,2.0,2.0,,,,,,,,,,,,,,,,,,,,,,,2,3,2,3,3.0,1,1,2,1,2,1,1,3,5.0,2.0,,,,,,1,1,4,1,2,1,1,3,2,2,2,2,1,2,1,2,2,1,2,2,1,1,1,5,1,8,3,0.3699531853199005,0.30691826343536377
41488,2,3,3280,1,3,1,3,,1.0,1.0,1.0,1.0,,,,,,,,,,,,,,,,,,,,,,,2,2,2,3,3.0,1,2,1,2,1,1,1,3,6.0,,,,,,,1,2,2,2,1,2,2,4,2,1,2,2,2,2,2,1,2,1,1,2,1,1,1,5,1,6,3,0.3699531853199005,0.30691826343536377
41491,3,1,2848,1,1,0,3,3.0,1.0,1.0,2.0,2.0,,,,,,,,,,,,,,,,,,,,,,,2,2,1,3,3.0,2,2,1,2,2,1,2,5,7.0,8.0,,,,,,1,2,3,2,2,1,1,3,2,2,1,2,1,2,1,2,1,2,2,2,2,2,1,5,1,6,5,0.2868990898132324,0.22893983125686646
41492,2,11,272,1,1,0,3,3.0,1.0,2.0,1.0,2.0,,,,,,,,,,,,,,,,,,,,,,,2,2,2,3,3.0,2,2,2,1,1,1,3,7,5.0,,,,,,,2,2,3,2,1,1,2,4,1,1,2,2,1,2,2,1,1,2,1,2,1,1,1,5,1,7,3,0.3699531853199005,0.30691826343536377
41497,2,1,2848,1,1,0,3,3.0,1.0,1.0,1.0,1.0,,,,,,,,,,,,,,,,,,,,,,,3,1,1,2,2.0,1,1,2,2,1,1,3,7,3.0,5.0,,,,,,2,1,3,1,1,1,2,3,2,2,2,2,1,2,2,1,2,2,1,2,2,2,1,5,1,6,6,0.22734686732292175,0.16550791263580322
41500,2,11,2341,1,1,0,3,3.0,1.0,1.0,1.0,2.0,,,,,,,,,,,,,,,,,,,,,,,2,2,2,3,3.0,3,1,1,1,2,2,3,5,2.0,,,,,,,1,2,2,2,2,1,1,4,2,1,2,2,1,2,1,1,2,2,1,2,2,2,1,5,1,6,3,0.22734686732292175,0.16550791263580322
41501,3,1,2848,1,1,0,3,3.0,2.0,,,2.0,,,,,,,,,,,,,,,,,,,,,,,2,1,1,2,2.0,1,3,1,2,1,2,3,3,8.0,5.0,,,,,,1,1,3,2,2,2,1,3,2,2,2,2,1,2,2,2,1,1,2,2,2,2,1,5,1,8,5,0.2868990898132324,0.22893983125686646
41504,2,11,271,1,1,0,3,3.0,1.0,1.0,2.0,2.0,,,,,,,,,,,,,,,,,,,,,,,2,2,1,3,3.0,2,2,2,1,2,1,3,3,4.0,,,,,,,2,2,3,2,2,2,1,3,2,2,2,2,2,1,2,1,2,1,1,2,1,1,1,5,1,6,5,0.3699531853199005,0.30691826343536377
41505,3,1,2848,1,1,0,2,2.0,,,,,2.0,2.0,1.0,2.0,2.0,1.0,1.0,2.0,1.0,2.0,,,,4.0,6.0,7.0,8.0,,,,,,2,1,2,1,1.0,1,2,2,1,1,1,4,2,5.0,4.0,,,,,,1,2,3,2,1,1,1,3,2,2,1,2,1,1,2,2,2,1,1,2,2,2,1,4,1,8,5,0.2868990898132324,0.2889620363712311
41506,4,3,1088,1,3,0,3,3.0,1.0,1.0,2.0,1.0,,,,,,,,,,,,,,,,,,,,,,,1,1,1,3,3.0,1,2,2,1,1,1,3,8,1.0,3.0,4.0,,,,,1,1,4,1,1,1,2,4,1,1,1,3,1,1,1,2,2,1,1,2,1,1,1,5,1,6,3,0.35652217268943787,0.33584895730018616
41507,2,5,27576,3,5,0,1,1.0,,,,,2.0,2.0,2.0,2.0,1.0,1.0,2.0,2.0,1.0,2.0,,,,2.0,6.0,8.0,,,,,,,3,3,4,1,1.0,3,3,3,2,3,3,2,5,,,,,,,,2,4,1,2,3,3,3,1,3,2,3,1,2,2,1,1,1,3,1,1,2,2,1,9,5,1,9,0.5341512560844421,0.7763860821723938
41508,4,14,2194,1,7,0,1,1.0,,,,,2.0,2.0,2.0,2.0,2.0,2.0,2.0,2.0,2.0,1.0,13.0,,IL N'Y AVAIT PAS D'ÉLECTION DANS MA MUNICIPALITÉ,10.0,,,,,,,,,1,1,2,3,3.0,1,4,4,1,2,2,3,4,5.0,2.0,,,,,,2,2,1,1,1,3,1,3,3,1,2,2,1,2,3,2,3,1,2,1,1,1,2,3,1,4,2,0.34562113881111145,0.43937116861343384
41509,2,15,79838,3,7,0,3,3.0,1.0,1.0,1.0,1.0,,,,,,,,,,,,,,,,,,,,,,,2,1,3,9,,2,3,4,1,1,2,2,5,7.0,,,,,,,2,2,3,2,1,2,2,2,3,1,2,2,1,2,3,3,2,1,3,1,1,1,1,2,1,5,3,0.8692047595977783,0.4931209683418274
41510,2,1,2848,1,1,0,3,3.0,2.0,,,1.0,,,,,,,,,,,,,,,,,,,,,,,3,2,2,2,2.0,1,2,2,2,1,1,3,7,3.0,6.0,,,,,,1,3,3,1,1,2,1,2,2,2,1,2,1,1,2,1,1,2,2,2,1,1,1,5,1,7,4,0.3699531853199005,0.30691826343536377
41511,4,1,357,1,1,0,3,3.0,1.0,1.0,2.0,1.0,,,,,,,,,,,,,,,,,,,,,,,1,1,1,3,3.0,1,1,1,1,2,2,3,5,7.0,2.0,,,,,,1,1,3,1,2,2,1,3,1,1,1,3,1,1,1,1,1,2,2,2,1,1,1,5,1,6,3,0.35652217268943787,0.33584895730018616
41512,4,1,552,1,1,0,3,3.0,1.0,1.0,2.0,1.0,,,,,,,,,,,,,,,,,,,,,,,1,1,1,3,3.0,1,1,1,2,1,2,4,7,6.0,5.0,,,,,,1,1,4,1,2,1,1,4,1,1,1,3,1,1,2,1,1,1,1,2,1,1,1,5,1,6,3,0.35652217268943787,0.33584895730018616
41513,2,1,2848,1,1,0,3,3.0,2.0,,,2.0,,,,,,,,,,,,,,,,,,,,,,,2,2,2,3,3.0,2,2,1,2,1,2,4,6,5.0,4.0,7.0,,,,,1,3,3,2,2,1,2,3,2,2,1,2,2,2,1,2,2,2,1,2,2,2,1,5,1,8,2,0.22734686732292175,0.16550791263580322
41514,2,11,271,1,1,0,3,3.0,1.0,1.0,1.0,2.0,,,,,,,,,,,,,,,,,,,,,,,2,2,2,3,3.0,2,2,1,2,1,1,3,3,2.0,,,,,,,1,2,3,2,2,1,1,2,3,1,2,2,2,1,2,1,1,1,2,2,2,2,1,5,1,6,4,0.22734686732292175,0.16550791263580322
41515,3,1,2848,1,1,0,3,3.0,2.0,,,2.0,,,,,,,,,,,,,,,,,,,,,,,2,2,2,3,3.0,2,2,1,1,2,1,4,7,8.0,6.0,,,,,,1,2,3,2,1,2,2,3,3,2,2,2,1,2,1,2,2,1,2,2,2,2,1,5,1,8,5,0.2868990898132324,0.22893983125686646
41516,2,11,1404,1,1,0,3,3.0,1.0,1.0,1.0,2.0,,,,,,,,,,,,,,,,,,,,,,,2,2,2,3,3.0,2,1,2,1,1,2,3,2,1.0,,,,,,,1,2,2,2,1,2,1,3,2,2,2,2,1,1,1,1,2,1,2,2,1,1,1,5,1,7,4,0.3699531853199005,0.30691826343536377
41517,4,1,552,1,1,0,3,3.0,1.0,1.0,2.0,1.0,,,,,,,,,,,,,,,,,,,,,,,1,1,1,3,3.0,1,1,2,1,2,1,3,7,6.0,2.0,,,,,,1,1,3,1,1,1,2,3,1,1,1,3,1,1,1,1,2,1,2,2,1,1,1,5,1,6,3,0.35652217268943787,0.33584895730018616
41518,1,16,2733,1,8,0,2,2.0,,,,,1.0,2.0,2.0,1.0,1.0,1.0,2.0,1.0,2.0,2.0,,,,2.0,3.0,5.0,6.0,9.0,,,,,3,2,3,3,3.0,3,1,1,2,1,3,3,3,5.0,2.0,,,,,,2,3,2,9,3,4,2,2,2,9,3,2,2,2,2,2,2,2,3,1,2,2,1,1,4,99,9,0.32957592606544495,0.2995974123477936
41519,4,1,1773,1,1,0,3,3.0,1.0,1.0,2.0,1.0,,,,,,,,,,,,,,,,,,,,,,,1,1,1,3,3.0,1,2,1,1,1,2,1,1,2.0,4.0,,,,,,1,1,1,1,2,1,1,3,1,1,1,3,1,1,2,1,1,1,2,2,1,1,1,5,1,6,3,0.35652217268943787,0.33584895730018616
41521,2,16,17371,2,8,0,1,1.0,,,,,2.0,2.0,1.0,2.0,1.0,1.0,2.0,2.0,2.0,2.0,,,,2.0,6.0,7.0,,,,,,,2,1,4,9,,4,2,1,3,4,4,2,1,5.0,2.0,4.0,,,,,2,2,4,1,3,2,2,1,2,1,3,4,2,2,3,1,2,2,1,1,2,2,1,3,1,6,4,0.2585919201374054,0.3293706476688385
41522,4,1,2773,1,1,0,3,3.0,1.0,1.0,2.0,1.0,,,,,,,,,,,,,,,,,,,,,,,1,1,1,3,3.0,1,1,2,1,1,2,1,5,7.0,3.0,,,,,,1,1,4,1,1,2,1,4,1,1,1,3,1,1,1,2,1,1,2,2,1,1,1,5,1,6,3,0.35652217268943787,0.33584895730018616
41523,2,11,271,1,1,0,3,3.0,1.0,1.0,1.0,2.0,,,,,,,,,,,,,,,,,,,,,,,2,2,2,3,3.0,2,2,1,2,1,1,3,2,8.0,,,,,,,2,2,3,2,1,1,2,3,2,2,2,2,1,2,1,1,2,2,1,2,2,2,1,5,1,6,4,0.22734686732292175,0.16550791263580322
41526,2,11,3038,1,1,0,3,3.0,1.0,1.0,1.0,2.0,,,,,,,,,,,,,,,,,,,,,,,2,2,3,3,3.0,2,1,2,2,1,1,3,4,7.0,,,,,,,2,2,2,2,1,1,2,4,2,2,2,2,1,2,1,2,1,2,1,2,2,2,1,5,1,6,3,0.22734686732292175,0.16550791263580322
41527,4,1,870,1,1,1,3,,1.0,1.0,1.0,1.0,,,,,,,,,,,,,,,,,,,,,,,1,1,1,3,3.0,1,1,2,1,1,1,2,1,5.0,2.0,,,,,,1,1,3,1,2,2,1,3,1,1,1,3,1,1,2,1,2,2,1,2,1,1,1,5,1,6,3,0.35652217268943787,0.33584895730018616
41528,4,15,79838,3,7,0,2,2.0,,,,,2.0,1.0,1.0,1.0,1.0,1.0,1.0,2.0,1.0,2.0,,,,1.0,2.0,4.0,5.0,6.0,7.0,8.0,,,3,3,3,1,1.0,4,2,2,3,2,3,3,8,,,,,,,,2,2,4,1,3,2,2,1,1,9,2,2,2,2,1,1,1,2,1,1,1,1,1,2,2,1,1,0.8376485109329224,1.5754419565200806
41529,4,3,4414,1,3,0,1,1.0,,,,,1.0,1.0,2.0,2.0,1.0,2.0,1.0,2.0,2.0,2.0,,,,1.0,2.0,3.0,4.0,,,,,,3,1,4,3,3.0,1,3,3,2,2,2,2,2,1.0,3.0,,,,,,2,2,3,2,2,2,3,2,1,1,2,1,2,2,2,3,3,3,3,1,1,1,1,2,1,5,3,0.34562113881111145,0.43937116861343384
41530,4,1,2848,1,1,0,3,3.0,1.0,1.0,2.0,1.0,,,,,,,,,,,,,,,,,,,,,,,1,1,1,3,3.0,1,2,1,2,1,1,3,7,2.0,5.0,6.0,,,,,1,1,4,1,1,2,1,4,1,1,1,3,1,1,1,1,2,2,2,2,1,1,1,5,1,6,3,0.35652217268943787,0.33584895730018616
41531,2,17,2386,1,4,0,3,3.0,1.0,2.0,2.0,1.0,,,,,,,,,,,,,,,,,,,,,,,3,3,4,3,3.0,1,3,3,2,3,2,2,4,,,,,,,,2,3,3,2,3,2,2,1,3,2,2,2,1,2,3,2,2,3,2,1,2,2,1,4,1,6,2,0.22039549052715302,0.17154793441295624
41532,4,1,552,1,1,0,3,3.0,1.0,2.0,1.0,1.0,,,,,,,,,,,,,,,,,,,,,,,1,1,1,3,3.0,1,1,1,1,2,1,2,4,5.0,1.0,,,,,,1,1,3,1,1,1,2,3,1,1,1,3,1,1,1,1,1,2,2,2,1,1,1,5,1,6,3,0.35652217268943787,0.33584895730018616
41534,2,11,271,1,1,0,3,3.0,1.0,1.0,2.0,2.0,,,,,,,,,,,,,,,,,,,,,,,1,2,2,2,2.0,2,1,2,2,1,1,3,3,5.0,,,,,,,1,2,2,2,1,2,1,2,1,1,1,2,1,2,2,1,1,1,2,2,2,2,1,5,1,6,3,0.22734686732292175,0.16550791263580322
41535,3,5,850,1,5,0,3,3.0,1.0,1.0,1.0,1.0,,,,,,,,,,,,,,,,,,,,,,,1,3,1,1,1.0,2,4,4,1,1,1,4,8,,,,,,,,2,1,4,2,1,1,1,3,2,1,2,4,1,2,1,1,1,3,2,1,2,2,1,4,1,3,1,0.2781267762184143,0.23729513585567474
41537,3,3,8277,2,3,0,1,1.0,,,,,1.0,2.0,1.0,1.0,1.0,1.0,2.0,2.0,2.0,2.0,,,,2.0,3.0,5.0,6.0,7.0,,,,,1,3,4,1,1.0,3,3,3,2,3,3,2,5,,,,,,,,2,4,2,1,3,4,3,1,3,1,3,3,1,2,3,3,2,3,3,1,1,1,1,2,3,7,3,0.3796708583831787,0.4751705229282379
41540,3,5,2637,1,5,0,1,1.0,,,,,2.0,2.0,2.0,2.0,2.0,2.0,2.0,2.0,2.0,2.0,,,,11.0,,,,,,,,,1,1,2,2,2.0,2,1,1,1,1,1,2,8,,,,,,,,1,2,2,2,1,1,1,3,2,2,2,3,1,1,1,1,1,1,1,1,1,1,1,3,1,2,4,0.323589950799942,0.3123702108860016
41541,2,3,3280,1,3,1,3,,1.0,1.0,1.0,2.0,,,,,,,,,,,,,,,,,,,,,,,2,2,1,3,3.0,1,1,1,2,2,1,2,4,5.0,,,,,,,1,3,2,2,2,1,1,4,2,1,1,2,1,2,1,2,1,2,1,2,1,1,1,5,1,6,4,0.3699531853199005,0.30691826343536377
41542,3,6,19907,2,6,0,3,3.0,1.0,1.0,1.0,1.0,,,,,,,,,,,,,,,,,,,,,,,1,2,3,3,3.0,1,2,3,2,2,2,2,8,,,,,,,,2,2,3,2,3,3,2,2,2,2,3,3,1,2,2,2,2,3,2,1,2,2,1,3,1,3,1,0.3263285458087921,0.20149792730808258
41543,4,4,5096,2,4,0,1,1.0,,,,,2.0,1.0,2.0,2.0,1.0,2.0,2.0,2.0,2.0,2.0,,,,1.0,2.0,,,,,,,,1,3,9,9,,4,1,2,2,2,3,3,2,,,,,,,,2,3,3,1,3,4,4,1,3,1,3,4,1,1,2,1,1,3,1,1,2,2,1,5,1,5,1,0.4722529351711273,0.6151058077812195
41545,2,1,3128,1,1,0,3,3.0,1.0,1.0,1.0,2.0,,,,,,,,,,,,,,,,,,,,,,,1,2,1,9,,2,3,3,2,2,2,4,4,5.0,3.0,,,,,,1,2,3,2,1,2,2,2,2,1,1,2,1,2,2,3,3,3,1,1,2,2,1,4,5,3,3,0.22039549052715302,0.17154793441295624
41546,5,16,15057,2,8,0,3,3.0,1.0,2.0,2.0,1.0,,,,,,,,,,,,,,,,,,,,,,,1,1,3,9,,2,3,3,2,2,2,2,2,3.0,,,,,,,1,2,4,2,1,1,1,3,3,2,3,4,1,2,2,2,1,1,1,1,2,2,1,4,3,5,2,0.5224395394325256,0.3905333876609802
41547,4,6,21844,3,6,0,3,3.0,1.0,1.0,1.0,2.0,,,,,,,,,,,,,,,,,,,,,,,1,2,3,9,,2,2,2,2,2,1,3,3,5.0,4.0,,,,,,1,2,4,2,3,2,2,2,2,2,2,4,1,2,3,2,2,2,2,1,1,1,2,5,2,7,3,0.8376485109329224,0.539604127407074
41554,2,16,22022,3,8,1,1,,,,,,2.0,2.0,2.0,2.0,2.0,2.0,2.0,2.0,2.0,1.0,13.0,,LA MAIRESSE ET LE CONSEILLER DE MON SECTEUR ONT ÉTÉ ÉLU PAR ACCLAMATION.,10.0,,,,,,,,,2,3,3,9,,2,3,4,2,2,3,2,1,5.0,,,,,,,2,3,2,2,3,2,2,1,3,2,3,2,1,2,2,2,3,3,2,1,1,1,1,4,1,6,2,0.8692047595977783,1.4397292137145996
41555,3,16,19183,2,8,0,3,3.0,1.0,1.0,1.0,1.0,,,,,,,,,,,,,,,,,,,,,,,1,1,2,3,3.0,2,2,3,2,2,2,4,4,8.0,,,,,,,1,2,3,2,2,1,1,3,9,1,2,4,1,2,3,3,3,3,3,1,2,2,1,5,1,98,3,0.3263285458087921,0.20149792730808258
41557,4,3,8098,2,3,0,3,3.0,1.0,1.0,2.0,1.0,,,,,,,,,,,,,,,,,,,,,,,2,3,3,3,3.0,1,3,2,2,2,2,3,3,,,,,,,,1,3,4,2,1,1,1,2,3,1,2,4,1,2,4,3,1,3,2,1,1,1,1,4,1,7,9,0.4055202603340149,0.29559326171875
41558,5,3,9367,2,3,0,3,3.0,1.0,2.0,2.0,1.0,,,,,,,,,,,,,,,,,,,,,,,1,2,4,9,,2,3,2,3,2,3,4,3,6.0,5.0,1.0,7.0,,,,2,2,2,1,2,4,3,3,3,2,2,4,1,2,2,1,1,3,1,1,1,1,1,2,3,4,2,0.4137810170650482,0.3195469081401825
41560,3,3,719,1,3,1,1,,,,,,2.0,2.0,2.0,2.0,2.0,2.0,2.0,2.0,2.0,1.0,13.0,,PERSONNE NE S'EST PRÉSENTÉ POUR REMPLACER LES ÉLUS ACTUELS ALORS ILS ONT ÉTÉ RÉ-ÉLUS PAR ACCL,10.0,,,,,,,,,1,3,3,3,3.0,2,3,3,3,2,3,3,2,,,,,,,,2,2,3,2,1,2,1,3,1,2,1,4,1,2,3,2,2,2,3,1,1,1,1,4,1,5,4,0.323589950799942,0.3123702108860016
41562,3,11,271,1,1,0,3,3.0,2.0,,,2.0,,,,,,,,,,,,,,,,,,,,,,,2,1,2,2,2.0,2,2,1,2,1,2,3,8,4.0,,,,,,,1,2,1,1,1,1,2,3,1,2,2,2,2,2,1,1,1,2,1,2,2,2,1,5,1,6,6,0.2868990898132324,0.22893983125686646
41564,3,15,19597,2,7,0,1,1.0,,,,,1.0,1.0,1.0,1.0,1.0,1.0,1.0,1.0,2.0,2.0,,,,1.0,2.0,3.0,4.0,5.0,6.0,7.0,9.0,,3,3,4,9,,2,1,1,2,3,3,3,9,,,,,,,,2,3,3,9,3,2,2,2,2,1,3,4,1,2,2,2,2,3,2,1,1,1,1,3,1,6,1,0.3796708583831787,0.4751705229282379
41566,4,6,4094,1,6,0,3,3.0,1.0,1.0,2.0,1.0,,,,,,,,,,,,,,,,,,,,,,,1,2,2,3,3.0,2,4,4,2,2,1,4,5,,,,,,,,1,1,4,2,1,1,2,2,3,2,1,4,1,2,3,1,3,3,2,1,9,1,1,1,1,5,5,0.34562113881111145,0.3481054902076721
41569,2,1,6119,2,1,0,1,1.0,,,,,1.0,2.0,2.0,1.0,1.0,2.0,1.0,2.0,2.0,2.0,,,,2.0,3.0,4.0,5.0,,,,,,1,2,4,3,3.0,2,2,2,2,2,3,2,2,,,,,,,,2,4,1,1,3,3,2,1,3,2,2,4,1,2,2,2,2,1,2,1,2,2,1,3,1,8,2,0.2585919201374054,0.3293706476688385
41572,1,3,8277,2,3,0,3,3.0,1.0,1.0,1.0,1.0,,,,,,,,,,,,,,,,,,,,,,,2,1,4,3,3.0,1,3,3,2,1,2,2,1,,,,,,,,2,3,4,2,1,1,2,2,2,2,2,4,2,2,3,2,3,3,3,1,2,2,1,4,1,6,5,0.3866943120956421,0.2015577256679535
41575,3,1,2848,1,1,0,3,3.0,2.0,,,1.0,,,,,,,,,,,,,,,,,,,,,,,2,2,2,2,2.0,2,1,2,2,1,1,3,7,1.0,2.0,,,,,,2,2,3,2,1,2,2,3,2,2,2,2,1,2,2,1,2,1,2,2,2,2,1,5,1,7,4,0.2868990898132324,0.22893983125686646
41576,2,17,79153,3,4,0,1,1.0,,,,,2.0,2.0,2.0,2.0,2.0,2.0,1.0,2.0,2.0,2.0,,,,4.0,,,,,,,,,1,3,3,3,3.0,1,1,1,1,1,1,3,6,8.0,5.0,,,,,,1,3,3,2,1,1,1,2,3,2,3,4,2,2,3,3,3,3,3,1,1,1,1,2,2,3,5,0.8692047595977783,1.4397292137145996
41582,3,16,8258,2,8,0,1,1.0,,,,,2.0,2.0,1.0,2.0,1.0,1.0,1.0,2.0,2.0,2.0,,,,2.0,4.0,6.0,7.0,,,,,,1,2,2,3,3.0,1,4,2,2,3,2,3,5,3.0,,,,,,,2,2,4,2,2,2,4,3,1,2,2,4,1,1,3,3,3,1,2,1,2,2,1,4,1,8,2,0.3263285458087921,0.45560455322265625
41583,4,14,23299,3,7,0,1,1.0,,,,,1.0,2.0,1.0,1.0,1.0,1.0,2.0,2.0,2.0,2.0,,,,2.0,3.0,5.0,6.0,7.0,,,,,3,3,4,9,,2,3,2,3,2,3,4,3,1.0,5.0,7.0,,,,,2,4,3,1,4,4,4,2,3,2,3,3,1,2,4,3,3,2,3,1,1,1,1,3,1,8,2,0.8376485109329224,1.5754419565200806
41584,3,12,11031,2,3,0,1,1.0,,,,,1.0,1.0,2.0,1.0,1.0,1.0,2.0,2.0,2.0,2.0,,,,1.0,2.0,3.0,5.0,6.0,,,,,2,3,4,9,,2,3,3,2,2,2,2,1,3.0,2.0,,,,,,2,4,3,1,2,4,3,1,3,2,3,3,1,2,3,1,2,1,2,1,2,2,1,3,1,7,3,0.3263285458087921,0.45560455322265625
41585,2,11,607,1,1,0,3,3.0,1.0,1.0,1.0,2.0,,,,,,,,,,,,,,,,,,,,,,,2,2,2,3,3.0,2,2,1,2,1,1,3,6,1.0,,,,,,,2,1,3,2,2,1,2,4,2,1,1,2,1,2,2,2,1,1,1,2,2,2,1,5,1,7,4,0.22734686732292175,0.16550791263580322
41586,4,16,2581,1,8,0,3,3.0,1.0,1.0,2.0,2.0,,,,,,,,,,,,,,,,,,,,,,,1,3,2,9,,2,3,3,2,2,2,3,4,,,,,,,,1,2,4,2,1,1,2,3,2,2,2,3,1,2,1,2,1,2,2,1,1,1,1,3,1,4,3,0.34562113881111145,0.3481054902076721
41587,2,17,79153,3,4,0,1,1.0,,,,,1.0,1.0,2.0,1.0,2.0,2.0,2.0,2.0,2.0,2.0,,,,1.0,3.0,5.0,,,,,,,1,1,4,2,2.0,2,2,2,2,2,3,1,2,,,,,,,,2,4,4,2,1,1,1,2,2,2,2,4,1,2,3,1,1,1,1,1,1,1,1,4,1,5,1,0.8692047595977783,1.4397292137145996
41588,3,2,30915,3,2,0,1,1.0,,,,,1.0,2.0,2.0,2.0,1.0,2.0,1.0,2.0,2.0,2.0,,,,2.0,3.0,4.0,,,,,,,2,3,4,9,,2,2,2,2,2,3,2,5,1.0,,,,,,,2,4,2,2,3,3,2,1,3,2,3,3,1,2,4,1,3,4,4,1,2,2,1,3,1,5,3,0.6740691065788269,1.0739414691925049
41589,3,16,13441,2,8,0,3,3.0,1.0,2.0,2.0,2.0,,,,,,,,,,,,,,,,,,,,,,,2,2,3,3,3.0,2,2,2,2,3,2,2,5,4.0,3.0,,,,,,2,3,3,1,3,3,3,1,3,2,3,2,2,2,2,2,2,3,2,1,1,1,2,4,1,2,1,0.3796708583831787,0.2101513147354126
41590,3,15,1783,1,7,0,3,3.0,1.0,1.0,3.0,1.0,,,,,,,,,,,,,,,,,,,,,,,1,2,9,9,,2,3,2,2,3,3,3,1,4.0,5.0,7.0,,,,,2,2,3,1,1,3,1,4,3,1,3,2,2,1,3,4,2,2,3,1,1,1,1,4,1,3,3,0.323589950799942,0.24748627841472626
41591,2,11,2341,1,1,0,3,3.0,1.0,1.0,1.0,2.0,,,,,,,,,,,,,,,,,,,,,,,2,2,2,3,3.0,2,2,2,1,1,1,3,3,5.0,,,,,,,2,2,3,2,2,1,1,4,1,1,2,2,1,2,1,1,1,2,2,2,1,1,1,5,1,6,4,0.3699531853199005,0.30691826343536377
41593,3,16,15057,2,8,0,3,3.0,1.0,1.0,1.0,1.0,,,,,,,,,,,,,,,,,,,,,,,1,2,3,9,,2,2,2,3,2,3,3,4,3.0,8.0,,,,,,1,2,4,2,2,2,2,3,1,2,1,4,1,2,4,2,2,3,4,1,2,2,1,3,1,5,3,0.3263285458087921,0.20149792730808258
41595,5,4,49802,3,4,0,3,3.0,1.0,1.0,1.0,1.0,,,,,,,,,,,,,,,,,,,,,,,1,3,9,9,,3,2,2,2,2,2,1,9,,,,,,,,2,4,4,2,4,2,2,1,3,2,4,4,2,2,4,4,4,4,4,1,2,2,1,2,2,1,1,1.0791586637496948,0.712917149066925
41596,2,11,271,1,1,0,3,3.0,1.0,1.0,1.0,2.0,,,,,,,,,,,,,,,,,,,,,,,1,2,2,3,3.0,2,1,2,1,2,1,3,1,3.0,,,,,,,2,2,2,2,1,2,1,4,2,2,2,3,1,2,2,2,1,1,1,2,1,1,1,5,1,7,4,0.3699531853199005,0.30691826343536377
41597,2,15,13653,2,7,0,3,3.0,1.0,1.0,1.0,2.0,,,,,,,,,,,,,,,,,,,,,,,3,3,4,9,,2,1,2,2,1,1,2,5,3.0,,,,,,,1,2,2,1,1,2,1,1,3,2,2,1,1,2,3,2,2,1,1,1,2,2,1,3,1,4,2,0.2585919201374054,0.14566975831985474
41598,5,16,1195,1,8,0,3,3.0,1.0,1.0,1.0,1.0,,,,,,,,,,,,,,,,,,,,,,,2,1,2,3,3.0,2,3,3,2,2,2,2,1,,,,,,,,2,2,4,2,2,2,2,2,3,1,3,4,2,2,2,3,2,2,2,1,1,1,1,3,3,98,1,0.3526615500450134,0.3763154149055481
41600,4,6,33714,3,6,0,1,1.0,,,,,1.0,1.0,2.0,1.0,1.0,2.0,2.0,2.0,2.0,2.0,,,,1.0,2.0,3.0,5.0,,,,,,3,3,4,9,,2,3,2,2,3,3,1,9,,,,,,,,2,4,2,1,3,1,1,1,3,1,4,4,1,2,3,2,1,3,4,2,2,2,2,4,1,3,1,1.0062602758407593,1.3988581895828247
41603,2,9,641,1,2,0,3,3.0,1.0,1.0,1.0,1.0,,,,,,,,,,,,,,,,,,,,,,,1,3,2,3,3.0,2,3,2,2,2,2,2,4,,,,,,,,2,2,4,2,1,2,2,3,3,2,2,2,1,2,3,2,2,3,3,1,2,2,1,2,1,5,3,0.22039549052715302,0.17154793441295624
41611,2,12,25644,3,3,0,3,3.0,1.0,1.0,2.0,1.0,,,,,,,,,,,,,,,,,,,,,,,1,3,4,9,,2,2,2,2,2,2,2,2,4.0,5.0,,,,,,2,3,4,2,2,1,3,2,2,2,1,4,1,2,3,3,2,1,2,1,2,2,1,4,5,6,3,0.5341512560844421,0.26591959595680237
41615,2,11,3120,1,1,0,3,3.0,1.0,2.0,1.0,2.0,,,,,,,,,,,,,,,,,,,,,,,2,2,2,3,3.0,2,1,2,1,1,2,3,5,2.0,,,,,,,1,2,2,2,1,1,2,4,1,2,2,2,1,2,1,2,1,2,2,2,2,2,1,5,1,6,3,0.22734686732292175,0.16550791263580322
41616,4,6,33714,3,6,0,3,3.0,1.0,1.0,1.0,1.0,,,,,,,,,,,,,,,,,,,,,,,1,2,9,9,,1,3,3,2,2,3,3,8,3.0,1.0,,,,,,1,1,4,2,1,1,1,3,1,1,1,4,1,2,3,1,3,3,3,2,2,2,1,4,1,5,1,1.0062602758407593,0.4791215658187866
41617,2,16,57302,3,8,0,3,3.0,1.0,2.0,2.0,2.0,,,,,,,,,,,,,,,,,,,,,,,2,2,2,9,,2,2,2,2,1,2,2,3,,,,,,,,1,2,2,2,2,2,2,2,2,2,3,2,2,2,2,2,2,2,2,1,1,1,1,5,1,6,2,0.8692047595977783,0.4931209683418274
41618,3,17,79153,3,4,0,3,3.0,1.0,1.0,1.0,1.0,,,,,,,,,,,,,,,,,,,,,,,1,2,2,3,3.0,1,3,3,2,2,1,3,8,7.0,5.0,4.0,1.0,3.0,,,1,1,4,2,1,1,2,3,1,1,2,4,2,2,1,2,2,2,1,1,1,1,1,4,1,2,1,0.7842537760734558,0.3836304843425751
41620,4,16,1760,1,8,1,1,,,,,,1.0,1.0,2.0,1.0,1.0,1.0,1.0,2.0,1.0,1.0,13.0,,GAGNANT PAR ACCLAMATION,1.0,2.0,3.0,4.0,5.0,6.0,8.0,10.0,,3,3,4,9,,2,2,3,2,2,2,2,2,,,,,,,,2,3,2,9,2,2,3,2,3,2,3,3,1,2,2,2,2,2,2,1,1,1,1,2,1,4,2,0.34562113881111145,0.43937116861343384
41622,4,16,90161,3,8,0,3,3.0,1.0,1.0,1.0,1.0,,,,,,,,,,,,,,,,,,,,,,,2,2,2,3,3.0,1,2,3,1,2,1,3,7,6.0,5.0,2.0,1.0,,,,1,3,4,2,1,1,1,3,1,1,2,4,1,2,2,1,2,2,2,2,1,1,2,4,1,3,3,0.8640686869621277,0.5206038951873779
41623,2,11,271,1,1,0,3,3.0,1.0,1.0,1.0,2.0,,,,,,,,,,,,,,,,,,,,,,,2,2,2,3,3.0,2,2,1,2,1,1,3,3,7.0,,,,,,,2,2,3,2,2,1,1,4,2,2,1,3,1,2,1,2,2,1,1,2,1,1,1,5,1,6,5,0.3699531853199005,0.30691826343536377
41624,4,4,4589,1,4,0,2,2.0,,,,,2.0,1.0,1.0,1.0,1.0,2.0,2.0,2.0,2.0,2.0,,,,1.0,2.0,5.0,7.0,,,,,,2,1,4,2,2.0,3,3,2,2,3,1,1,3,4.0,,,,,,,2,2,2,1,3,3,3,2,3,2,3,2,2,2,2,3,2,3,2,1,1,1,1,5,1,4,3,0.34562113881111145,0.43937116861343384
41625,3,4,10905,2,4,0,3,3.0,1.0,1.0,1.0,1.0,,,,,,,,,,,,,,,,,,,,,,,1,2,4,9,,3,2,1,2,3,3,4,3,,,,,,,,2,1,4,2,2,2,2,4,2,2,1,4,1,2,2,2,2,3,2,1,1,1,1,4,1,4,1,0.3796708583831787,0.2101513147354126
41627,3,14,23299,3,7,0,3,3.0,1.0,1.0,1.0,1.0,,,,,,,,,,,,,,,,,,,,,,,3,3,4,9,,2,3,3,2,3,2,2,9,,,,,,,,2,4,3,1,2,3,3,2,3,2,3,4,1,2,3,2,2,3,2,1,2,2,1,3,1,8,5,0.6740691065788269,0.36783263087272644
41628,4,6,19907,2,6,0,3,3.0,1.0,1.0,1.0,1.0,,,,,,,,,,,,,,,,,,,,,,,1,1,3,1,1.0,1,2,2,2,1,4,3,2,,,,,,,,2,2,3,1,1,1,1,3,3,1,3,2,2,2,3,3,2,1,1,1,2,2,2,4,1,3,4,0.4722529351711273,0.2720399796962738
41629,1,15,26377,3,7,0,1,1.0,,,,,1.0,1.0,1.0,2.0,2.0,2.0,1.0,2.0,2.0,2.0,,,,1.0,3.0,4.0,7.0,,,,,,2,3,3,9,,1,3,3,2,2,2,2,5,,,,,,,,2,2,4,1,2,2,3,3,3,2,2,1,1,2,4,2,3,3,2,1,1,1,1,3,6,3,1,1.5287959575653076,2.266181707382202
41631,1,17,730,1,4,0,1,1.0,,,,,1.0,2.0,1.0,2.0,1.0,2.0,1.0,2.0,2.0,2.0,,,,2.0,3.0,4.0,7.0,,,,,,2,3,4,9,,3,2,4,3,2,2,3,3,2.0,,,,,,,2,3,1,9,2,3,2,1,9,9,2,4,2,2,1,1,2,3,1,1,1,1,1,2,4,1,9,0.6307944655418396,0.6320086717605591
41635,3,16,22612,3,8,0,3,3.0,1.0,2.0,2.0,1.0,,,,,,,,,,,,,,,,,,,,,,,1,1,3,9,,1,3,3,2,2,2,3,7,5.0,1.0,3.0,,,,,2,2,4,2,2,1,1,3,3,2,2,2,2,2,3,2,2,2,2,1,1,1,2,5,1,98,1,0.7842537760734558,0.3836304843425751
41636,3,6,21844,3,6,0,2,2.0,,,,,1.0,1.0,1.0,1.0,1.0,1.0,1.0,1.0,1.0,2.0,,,,1.0,2.0,3.0,4.0,5.0,6.0,7.0,8.0,9.0,1,1,1,3,3.0,1,1,1,1,1,1,1,8,3.0,6.0,7.0,,,,,1,1,3,1,1,2,2,2,1,1,1,2,1,1,1,1,1,1,1,2,2,2,1,5,2,7,3,0.6953297257423401,1.0361260175704956
41640,4,16,30391,3,8,0,3,3.0,1.0,3.0,4.0,2.0,,,,,,,,,,,,,,,,,,,,,,,2,1,2,3,3.0,2,3,4,2,2,2,2,1,,,,,,,,1,1,4,2,2,2,2,2,3,1,2,4,1,1,3,3,3,2,3,1,1,1,1,4,1,6,2,0.8376485109329224,0.539604127407074
41641,3,1,49733,3,1,0,3,3.0,1.0,1.0,1.0,1.0,,,,,,,,,,,,,,,,,,,,,,,1,1,3,9,,2,2,2,2,2,3,4,3,7.0,1.0,5.0,6.0,,,,2,2,4,2,1,1,1,3,1,2,2,3,1,2,3,3,1,2,2,1,2,2,1,5,1,6,3,0.6740691065788269,0.36783263087272644
41642,3,15,1746,1,7,0,3,3.0,1.0,1.0,2.0,1.0,,,,,,,,,,,,,,,,,,,,,,,1,1,1,3,3.0,1,1,1,2,2,1,4,2,7.0,,,,,,,1,1,4,1,2,1,1,4,1,1,1,2,1,1,1,1,2,2,1,2,2,2,1,3,1,7,3,0.2868990898132324,0.22893983125686646
41644,3,14,86419,3,7,0,1,1.0,,,,,1.0,1.0,2.0,1.0,2.0,2.0,2.0,2.0,2.0,2.0,,,,1.0,3.0,5.0,,,,,,,1,3,3,9,,4,3,3,2,2,2,2,1,8.0,,,,,,,2,4,3,1,2,3,3,1,3,1,2,3,1,2,3,3,3,1,4,3,2,2,1,9,5,99,3,0.6953297257423401,1.0361260175704956
41647,4,8,43182,3,2,0,1,1.0,,,,,1.0,1.0,1.0,1.0,1.0,1.0,2.0,2.0,2.0,2.0,,,,1.0,2.0,3.0,5.0,6.0,7.0,,,,1,2,4,9,,3,2,2,3,3,3,3,3,2.0,4.0,,,,,,2,3,2,1,3,4,3,2,3,2,3,4,1,2,2,1,1,3,3,1,2,2,1,4,1,3,1,0.9754925966262817,1.4499083757400513
41649,2,6,21844,3,6,0,3,3.0,1.0,1.0,1.0,1.0,,,,,,,,,,,,,,,,,,,,,,,2,2,3,3,3.0,2,3,2,2,2,2,2,2,7.0,,,,,,,1,3,3,2,2,1,2,2,3,2,1,4,1,2,3,3,2,4,4,1,1,1,1,5,9,8,3,0.8692047595977783,0.4931209683418274
41650,4,17,79153,3,4,0,3,3.0,1.0,1.0,1.0,1.0,,,,,,,,,,,,,,,,,,,,,,,1,1,4,9,,2,1,1,2,1,3,1,4,,,,,,,,2,4,2,2,1,2,2,1,3,2,4,4,2,2,2,2,2,1,1,1,1,1,1,3,2,1,1,0.8376485109329224,0.539604127407074
41654,3,8,43182,3,2,0,1,1.0,,,,,2.0,1.0,1.0,1.0,1.0,1.0,1.0,2.0,2.0,2.0,,,,1.0,2.0,4.0,5.0,6.0,7.0,,,,1,1,4,2,2.0,3,3,1,3,3,3,2,3,6.0,,,,,,,2,2,3,1,4,4,3,3,3,2,3,2,2,2,4,3,3,1,2,1,1,1,1,3,1,2,1,0.7842537760734558,1.120064377784729
41655,2,16,57302,3,8,0,1,1.0,,,,,1.0,1.0,1.0,1.0,1.0,1.0,2.0,2.0,2.0,2.0,,,,1.0,2.0,3.0,5.0,6.0,7.0,,,,3,3,4,9,,2,2,2,2,2,2,4,5,4.0,,,,,,,2,4,3,2,3,2,2,1,3,2,3,2,1,2,3,4,3,2,3,1,2,2,1,4,4,5,2,0.5341512560844421,0.7763860821723938
41656,5,6,33714,3,6,0,3,3.0,1.0,1.0,1.0,1.0,,,,,,,,,,,,,,,,,,,,,,,1,2,2,9,,1,3,3,2,2,2,2,8,1.0,,,,,,,1,1,4,2,1,1,1,3,3,2,3,4,1,2,4,2,2,3,2,2,2,2,1,3,2,98,2,1.1131962537765503,0.6878160834312439
41658,2,16,1340,1,8,0,1,1.0,,,,,1.0,1.0,1.0,1.0,1.0,1.0,1.0,2.0,2.0,2.0,,,,1.0,2.0,3.0,4.0,5.0,6.0,7.0,,,3,3,4,9,,2,1,1,1,1,1,2,4,7.0,5.0,1.0,,,,,2,3,2,1,3,2,4,1,3,2,4,2,2,2,2,1,1,1,2,1,2,2,1,2,5,1,3,0.22039549052715302,0.21652396023273468
41662,3,16,13441,2,8,0,3,3.0,1.0,1.0,1.0,1.0,,,,,,,,,,,,,,,,,,,,,,,1,2,2,3,3.0,1,3,3,3,2,2,3,7,5.0,1.0,,,,,,1,2,4,2,1,1,1,3,3,2,1,4,1,2,3,2,2,3,2,1,2,2,1,5,1,5,1,0.3263285458087921,0.20149792730808258
41664,4,6,7472,2,6,0,3,3.0,1.0,2.0,2.0,1.0,,,,,,,,,,,,,,,,,,,,,,,1,2,2,3,3.0,2,3,2,2,2,2,3,7,4.0,2.0,1.0,,,,,1,3,3,9,2,2,2,2,3,2,2,4,2,1,3,2,2,3,3,3,1,1,2,4,1,5,3,0.4183107316493988,0.2851848900318146
41666,1,2,3029,1,2,0,1,1.0,,,,,1.0,1.0,1.0,2.0,1.0,2.0,2.0,2.0,2.0,2.0,,,,1.0,2.0,3.0,7.0,,,,,,3,3,4,9,,1,3,3,1,2,2,2,4,1.0,,,,,,,2,4,1,9,3,4,3,1,3,2,2,4,2,2,3,2,3,2,4,1,2,2,9,2,5,98,3,0.32957592606544495,0.2995974123477936
41667,4,6,4094,1,6,0,3,3.0,1.0,1.0,1.0,1.0,,,,,,,,,,,,,,,,,,,,,,,1,1,3,9,,2,3,2,2,2,3,3,8,1.0,5.0,,,,,,2,2,4,2,2,2,2,2,3,2,3,1,1,2,3,3,2,3,2,1,2,2,1,2,1,4,2,0.40249672532081604,0.32036837935447693
41669,3,6,21844,3,6,0,3,3.0,1.0,1.0,1.0,1.0,,,,,,,,,,,,,,,,,,,,,,,1,1,3,3,3.0,1,1,1,1,1,1,3,1,,,,,,,,2,2,4,2,2,2,2,3,3,2,2,3,2,2,3,2,3,3,3,1,1,1,1,4,2,4,3,0.7842537760734558,0.3836304843425751
41670,1,5,5447,2,5,0,3,3.0,1.0,1.0,2.0,1.0,,,,,,,,,,,,,,,,,,,,,,,3,1,3,9,,2,3,2,1,2,3,3,1,4.0,,,,,,,2,2,3,2,2,3,3,2,3,2,3,4,1,2,4,2,1,2,1,1,1,1,1,2,4,8,9,0.7401166558265686,0.4251920282840729
41671,4,16,50626,3,8,0,1,1.0,,,,,2.0,2.0,2.0,2.0,1.0,1.0,2.0,2.0,2.0,2.0,,,,2.0,6.0,,,,,,,,3,3,4,9,,3,1,2,3,3,2,2,9,,,,,,,,1,3,2,1,4,4,4,3,3,2,3,1,1,2,3,2,3,2,2,1,1,1,1,2,1,3,3,0.8376485109329224,1.5754419565200806
41672,1,16,57302,3,8,0,1,1.0,,,,,2.0,1.0,1.0,1.0,2.0,2.0,1.0,1.0,1.0,2.0,,,,1.0,4.0,5.0,7.0,8.0,9.0,,,,2,1,2,3,3.0,2,2,2,2,2,2,2,5,,,,,,,,1,2,1,2,2,2,2,2,2,2,3,2,2,2,2,2,2,2,2,1,1,1,2,5,4,1,4,1.5287959575653076,2.266181707382202
41676,5,16,22022,3,8,1,3,,1.0,1.0,1.0,1.0,,,,,,,,,,,,,,,,,,,,,,,1,1,9,9,,2,4,3,2,2,2,3,4,1.0,8.0,,,,,,1,2,4,2,2,3,2,4,1,1,2,4,1,2,3,1,2,3,1,1,1,1,1,5,1,8,5,0.8547120690345764,0.5833334922790527
41677,2,4,7158,2,4,1,1,,,,,,2.0,1.0,1.0,2.0,1.0,2.0,2.0,2.0,2.0,2.0,,,,1.0,2.0,7.0,,,,,,,2,3,3,9,,2,2,3,2,2,2,2,4,,,,,,,,1,3,3,1,1,1,2,1,3,2,2,4,2,2,2,2,1,2,3,1,1,1,1,2,1,8,3,0.4207970201969147,0.6107873916625977
41678,2,16,2101,1,8,0,3,3.0,1.0,1.0,1.0,1.0,,,,,,,,,,,,,,,,,,,,,,,1,2,2,3,3.0,2,1,3,1,1,1,3,1,2.0,,,,,,,1,1,4,2,1,1,1,3,3,2,2,3,1,1,2,3,2,3,3,1,1,1,1,2,1,6,3,0.35864144563674927,0.3181191384792328
41680,3,16,26982,3,8,0,2,2.0,,,,,1.0,1.0,1.0,1.0,1.0,1.0,1.0,1.0,1.0,2.0,,,,1.0,2.0,3.0,4.0,5.0,6.0,7.0,8.0,9.0,1,1,1,3,3.0,1,1,1,1,1,1,1,6,7.0,2.0,8.0,,,,,1,1,3,1,1,1,1,2,1,1,1,2,1,1,1,1,1,2,2,2,2,2,1,4,2,7,4,0.6953297257423401,1.0361260175704956
41681,3,1,49733,3,1,0,2,2.0,,,,,2.0,1.0,2.0,1.0,1.0,2.0,2.0,2.0,1.0,2.0,,,,1.0,2.0,5.0,8.0,,,,,,3,1,2,3,3.0,2,2,3,2,3,3,2,3,,,,,,,,2,2,2,1,2,1,3,2,3,2,2,4,1,2,4,1,3,2,2,1,1,1,1,2,1,3,2,0.7842537760734558,1.120064377784729
41682,2,15,59612,3,7,0,1,1.0,,,,,1.0,1.0,2.0,2.0,1.0,2.0,1.0,1.0,2.0,2.0,,,,1.0,2.0,3.0,4.0,9.0,,,,,3,3,4,9,,2,2,2,2,2,2,2,1,,,,,,,,2,4,3,1,3,3,3,1,3,1,3,2,2,2,2,3,2,2,3,1,2,2,1,3,1,6,2,0.5341512560844421,0.7763860821723938
41683,3,16,50626,3,8,0,3,3.0,1.0,1.0,1.0,1.0,,,,,,,,,,,,,,,,,,,,,,,1,1,2,9,,1,3,3,1,1,2,2,8,2.0,4.0,5.0,,,,,1,3,4,2,1,1,2,2,3,2,3,4,1,2,3,2,2,2,2,1,2,2,1,3,1,5,3,0.6740691065788269,0.36783263087272644
41684,1,12,11031,2,3,0,1,1.0,,,,,1.0,1.0,2.0,1.0,1.0,2.0,1.0,2.0,2.0,2.0,,,,1.0,2.0,3.0,4.0,5.0,,,,,3,3,3,3,3.0,2,2,3,2,2,2,2,1,,,,,,,,2,3,3,1,3,2,3,1,3,2,2,4,2,2,2,1,1,3,2,1,2,2,1,3,4,4,9,0.3866943120956421,0.4557398557662964
41686,3,6,33714,3,6,0,3,3.0,1.0,1.0,1.0,1.0,,,,,,,,,,,,,,,,,,,,,,,1,2,3,3,3.0,2,3,2,3,3,2,2,2,3.0,,,,,,,1,2,4,2,2,2,2,3,3,2,3,4,1,2,3,2,2,2,3,2,1,1,1,4,1,98,1,0.8089898824691772,0.3701227307319641
41689,1,8,12721,2,2,0,3,3.0,1.0,2.0,2.0,1.0,,,,,,,,,,,,,,,,,,,,,,,1,3,4,9,,2,3,3,2,3,2,2,5,4.0,6.0,,,,,,2,3,2,9,2,3,3,2,3,1,3,2,2,2,3,3,2,3,2,1,2,2,1,2,1,2,2,0.3866943120956421,0.2015577256679535
41691,2,12,4918,1,3,0,3,3.0,1.0,1.0,2.0,1.0,,,,,,,,,,,,,,,,,,,,,,,2,1,1,3,3.0,1,1,1,2,1,2,3,8,7.0,5.0,6.0,,,,,1,1,3,1,1,2,2,4,1,1,1,4,1,1,2,2,1,1,1,2,1,1,1,4,1,5,3,0.3699531853199005,0.30691826343536377
41693,5,15,19597,2,7,0,3,3.0,1.0,2.0,2.0,1.0,,,,,,,,,,,,,,,,,,,,,,,1,3,2,9,,3,3,3,2,2,2,3,4,,,,,,,,1,2,4,1,2,3,2,2,2,1,2,4,1,2,3,2,2,2,2,1,1,1,1,4,3,3,1,0.4137810170650482,0.3195469081401825
41695,3,16,26982,3,8,0,3,3.0,1.0,1.0,1.0,1.0,,,,,,,,,,,,,,,,,,,,,,,2,2,2,3,3.0,2,2,3,2,2,2,2,7,4.0,6.0,,,,,,2,2,4,2,2,2,2,3,3,2,2,2,2,2,3,2,3,3,3,1,1,1,1,3,1,4,1,0.7842537760734558,0.3836304843425751
41699,1,16,19183,2,8,0,2,2.0,,,,,1.0,1.0,2.0,2.0,2.0,2.0,1.0,1.0,2.0,2.0,,,,1.0,3.0,4.0,9.0,,,,,,3,3,4,9,,2,2,3,2,2,2,2,4,,,,,,,,1,4,2,2,2,3,2,1,2,1,3,3,2,2,2,2,2,2,2,1,2,2,1,2,4,99,5,0.3866943120956421,0.4557398557662964
41700,3,14,6629,2,7,0,1,1.0,,,,,1.0,2.0,2.0,2.0,2.0,1.0,2.0,2.0,2.0,2.0,,,,3.0,6.0,,,,,,,,3,3,4,9,,3,2,2,3,3,3,2,1,,,,,,,,2,4,1,1,4,4,4,2,1,2,3,3,1,2,3,2,2,2,2,1,2,2,1,2,1,98,2,0.3263285458087921,0.45560455322265625
41701,4,6,21844,3,6,0,3,3.0,1.0,1.0,1.0,1.0,,,,,,,,,,,,,,,,,,,,,,,1,1,1,3,3.0,1,1,1,1,2,1,3,5,8.0,,,,,,,1,1,4,2,1,1,1,4,1,1,1,4,1,2,1,4,4,4,1,1,1,1,1,4,1,8,5,0.8376485109329224,0.539604127407074
41702,3,9,25081,3,2,0,3,3.0,1.0,2.0,1.0,1.0,,,,,,,,,,,,,,,,,,,,,,,2,1,1,3,3.0,1,1,1,2,2,1,3,6,5.0,8.0,4.0,1.0,,,,1,1,4,1,1,1,2,3,1,1,1,4,1,1,1,1,1,2,2,2,1,1,1,4,1,6,3,0.8089898824691772,0.3701227307319641
41704,1,17,13827,2,4,0,3,3.0,1.0,1.0,2.0,1.0,,,,,,,,,,,,,,,,,,,,,,,3,3,4,9,,2,3,3,2,2,2,1,1,,,,,,,,2,3,3,2,1,2,1,2,3,1,3,1,1,2,2,1,1,1,2,1,2,2,1,3,1,2,1,0.3866943120956421,0.2015577256679535
41705,2,9,25081,3,2,0,3,3.0,2.0,,,1.0,,,,,,,,,,,,,,,,,,,,,,,2,1,1,3,3.0,1,1,2,1,2,2,3,4,1.0,2.0,3.0,,,,,1,1,3,1,2,1,1,4,1,1,1,4,1,1,1,2,1,1,2,2,1,1,1,4,1,5,3,0.8966200947761536,0.47575831413269043
41706,3,6,19907,2,6,0,2,2.0,,,,,1.0,1.0,1.0,1.0,1.0,1.0,1.0,1.0,1.0,2.0,,,,1.0,2.0,3.0,4.0,5.0,6.0,7.0,8.0,9.0,1,1,1,3,3.0,1,1,1,1,1,1,1,5,4.0,8.0,1.0,7.0,,,,1,1,3,1,1,1,2,2,1,1,1,2,1,1,1,1,2,2,1,2,2,2,1,4,2,7,3,0.3366211950778961,0.4395623803138733
41709,3,16,90161,3,8,0,1,1.0,,,,,1.0,1.0,2.0,2.0,2.0,2.0,1.0,2.0,2.0,2.0,,,,1.0,3.0,4.0,,,,,,,3,3,9,9,,1,2,4,1,2,1,1,1,,,,,,,,1,3,2,2,1,1,3,1,3,2,2,2,1,1,4,1,4,2,4,3,1,1,2,5,1,3,2,0.8089898824691772,1.0806254148483276
41711,3,17,79153,3,4,0,1,1.0,,,,,1.0,2.0,1.0,1.0,2.0,1.0,1.0,1.0,1.0,2.0,,,,3.0,4.0,5.0,6.0,7.0,8.0,9.0,,,2,1,2,3,3.0,2,2,1,2,2,2,2,6,2.0,5.0,,,,,,1,2,2,2,1,2,2,2,2,1,2,2,1,1,1,1,2,2,1,2,1,1,1,5,1,7,3,0.8089898824691772,1.0806254148483276
41713,2,16,57302,3,8,0,3,3.0,1.0,4.0,4.0,1.0,,,,,,,,,,,,,,,,,,,,,,,1,1,2,3,3.0,1,3,3,2,2,2,3,5,4.0,,,,,,,2,2,3,1,1,1,1,3,3,2,2,4,1,2,3,3,3,2,3,1,2,2,1,4,1,6,3,0.5341512560844421,0.26591959595680237
41714,2,16,8395,2,8,0,1,1.0,,,,,1.0,2.0,2.0,1.0,1.0,1.0,2.0,2.0,1.0,2.0,,,,2.0,3.0,5.0,6.0,8.0,,,,,3,3,4,3,3.0,3,1,2,3,4,3,4,1,3.0,,,,,,,2,4,2,1,3,4,2,1,3,2,4,2,1,2,1,2,1,2,1,1,1,1,1,3,1,6,2,0.4207970201969147,0.6107873916625977
41717,3,6,19907,2,6,0,3,3.0,1.0,1.0,2.0,1.0,,,,,,,,,,,,,,,,,,,,,,,1,1,1,3,3.0,1,1,2,2,1,1,4,3,5.0,2.0,6.0,1.0,7.0,,,1,1,4,1,1,2,1,4,1,1,1,4,1,1,1,2,2,1,1,2,2,2,1,5,1,6,3,0.3366211950778961,0.19440290331840515
41723,2,16,35160,3,8,0,1,1.0,,,,,1.0,2.0,1.0,2.0,1.0,1.0,1.0,2.0,1.0,2.0,,,,2.0,3.0,4.0,6.0,7.0,8.0,,,,2,3,4,9,,4,1,1,4,4,4,1,9,,,,,,,,2,4,1,1,4,4,4,1,3,2,4,4,2,2,1,1,2,1,1,1,2,2,1,2,6,2,3,0.5341512560844421,0.7763860821723938
41725,3,3,19618,2,3,0,3,3.0,1.0,1.0,2.0,1.0,,,,,,,,,,,,,,,,,,,,,,,2,1,1,3,3.0,1,2,1,1,2,2,3,8,6.0,7.0,2.0,,,,,1,1,3,1,1,2,1,3,1,1,1,4,1,1,1,2,2,2,1,2,1,1,1,4,1,5,3,0.39164605736732483,0.2027520090341568
41726,2,9,25081,3,2,0,1,1.0,,,,,2.0,2.0,2.0,2.0,2.0,2.0,2.0,2.0,2.0,2.0,,,,11.0,,,,,,,,,3,3,9,9,,3,3,2,2,3,3,3,9,,,,,,,,2,4,1,9,3,3,3,1,3,2,3,4,2,2,3,2,3,3,3,1,2,2,1,1,5,1,4,0.5341512560844421,0.7763860821723938
41728,3,12,2379,1,3,0,3,3.0,1.0,1.0,2.0,2.0,,,,,,,,,,,,,,,,,,,,,,,1,1,3,9,,2,2,3,2,3,3,2,4,5.0,,,,,,,1,3,4,2,3,2,4,1,3,2,2,4,2,2,3,3,2,3,2,1,2,2,1,3,1,3,1,0.2781267762184143,0.23729513585567474
41731,2,16,19183,2,8,0,1,1.0,,,,,2.0,2.0,2.0,2.0,2.0,2.0,2.0,2.0,2.0,1.0,16.0,,OUBLIE,10.0,,,,,,,,,3,3,4,9,,3,2,3,2,1,2,3,8,4.0,1.0,,,,,,1,4,2,2,2,2,3,2,3,2,3,2,2,2,2,2,2,2,2,1,2,2,1,4,1,7,3,0.2585919201374054,0.3293706476688385
41732,3,15,2069,1,7,0,1,1.0,,,,,2.0,2.0,1.0,1.0,2.0,1.0,2.0,1.0,1.0,2.0,,,,5.0,6.0,7.0,8.0,9.0,,,,,1,1,1,3,3.0,1,3,4,2,1,3,1,5,4.0,1.0,6.0,,,,,1,1,2,1,3,1,2,2,1,1,1,2,1,1,1,2,3,3,4,2,2,2,1,2,1,6,1,0.2868990898132324,0.2889620363712311
41740,2,16,35160,3,8,0,1,1.0,,,,,2.0,2.0,1.0,1.0,1.0,1.0,1.0,2.0,2.0,2.0,,,,2.0,4.0,5.0,6.0,7.0,,,,,1,1,1,3,3.0,1,1,4,3,2,3,1,2,3.0,6.0,,,,,,1,1,2,1,2,3,1,1,1,1,1,2,1,1,1,3,4,2,3,2,1,1,1,1,1,6,1,0.8966200947761536,1.3890373706817627
41741,1,15,61543,3,7,0,3,3.0,1.0,1.0,1.0,1.0,,,,,,,,,,,,,,,,,,,,,,,1,1,1,3,3.0,1,3,2,3,1,4,1,5,,,,,,,,1,1,1,1,1,1,1,1,1,1,1,2,1,1,3,3,1,2,4,1,2,2,1,1,1,7,3,0.7987616658210754,0.3679428696632385
41744,2,15,61543,3,7,0,1,1.0,,,,,2.0,1.0,1.0,1.0,2.0,2.0,1.0,2.0,1.0,2.0,,,,1.0,4.0,5.0,7.0,8.0,,,,,1,1,1,3,3.0,1,2,3,4,3,1,1,3,5.0,8.0,,,,,,1,1,1,1,3,2,1,1,1,1,1,2,1,1,4,3,3,1,2,2,1,1,1,3,1,6,1,0.8966200947761536,1.3890373706817627
41745,3,16,57302,3,8,0,2,2.0,,,,,1.0,1.0,1.0,1.0,2.0,2.0,1.0,1.0,1.0,2.0,,,,1.0,3.0,4.0,5.0,7.0,8.0,9.0,,,2,3,4,3,3.0,4,1,2,1,1,2,3,2,,,,,,,,2,4,3,9,3,3,2,4,3,2,4,4,2,2,3,3,3,3,2,2,3,2,9,4,3,6,4,0.6953297257423401,1.0361260175704956
41747,1,16,1351,1,8,0,2,2.0,,,,,2.0,1.0,1.0,1.0,1.0,1.0,1.0,2.0,2.0,2.0,,,,1.0,2.0,4.0,5.0,6.0,7.0,,,,2,1,2,2,2.0,3,3,1,2,2,2,1,2,,,,,,,,1,1,2,1,2,1,3,2,1,2,4,4,2,1,2,2,1,1,2,1,2,2,1,2,1,1,1,0.32957592606544495,0.2995974123477936
41750,2,4,2931,1,4,0,1,1.0,,,,,1.0,2.0,1.0,1.0,2.0,1.0,1.0,2.0,2.0,2.0,,,,3.0,4.0,5.0,6.0,7.0,,,,,1,3,4,9,,2,3,3,3,3,3,2,9,,,,,,,,2,4,1,1,3,4,2,1,3,2,4,4,1,2,4,4,4,4,4,1,2,2,1,3,1,2,2,0.22039549052715302,0.21652396023273468
41751,3,15,490,1,7,0,1,1.0,,,,,1.0,1.0,2.0,2.0,2.0,2.0,1.0,1.0,1.0,2.0,,,,1.0,3.0,4.0,8.0,9.0,,,,,1,1,1,1,1.0,1,4,2,3,3,1,1,6,4.0,7.0,,,,,,1,1,1,1,2,1,3,1,1,1,1,2,1,1,3,4,1,3,2,1,1,1,1,1,1,7,1,0.323589950799942,0.3123702108860016
41752,3,15,490,1,7,0,1,1.0,,,,,2.0,1.0,2.0,2.0,1.0,2.0,1.0,1.0,1.0,2.0,,,,1.0,2.0,4.0,8.0,9.0,,,,,1,1,1,1,1.0,1,1,4,2,3,3,1,5,,,,,,,,1,1,1,1,1,2,3,1,1,1,1,2,1,1,2,1,3,3,4,1,1,1,1,1,1,6,1,0.323589950799942,0.3123702108860016
41753,3,15,490,1,7,0,1,1.0,,,,,1.0,1.0,1.0,2.0,1.0,2.0,2.0,2.0,1.0,2.0,,,,1.0,2.0,3.0,7.0,8.0,,,,,1,1,1,1,1.0,1,3,3,2,4,1,1,7,,,,,,,,1,1,1,1,2,3,1,1,1,1,1,2,1,1,3,3,4,1,2,1,1,1,1,1,1,7,1,0.323589950799942,0.3123702108860016
41755,4,16,57302,3,8,0,3,3.0,1.0,1.0,1.0,1.0,,,,,,,,,,,,,,,,,,,,,,,1,2,3,3,3.0,2,2,2,2,2,2,2,2,1.0,7.0,,,,,,2,2,3,2,2,1,2,3,3,2,2,2,2,2,2,2,2,2,2,1,1,1,1,5,1,8,2,0.8376485109329224,0.539604127407074
41756,3,6,4094,1,6,0,3,3.0,1.0,1.0,2.0,1.0,,,,,,,,,,,,,,,,,,,,,,,1,1,3,9,,1,3,3,2,1,2,4,3,6.0,8.0,2.0,,,,,1,2,4,2,1,1,1,3,2,1,1,3,1,2,2,2,1,2,1,1,1,1,2,5,1,8,3,0.323589950799942,0.24748627841472626
41758,3,14,86419,3,7,0,3,3.0,1.0,1.0,1.0,1.0,,,,,,,,,,,,,,,,,,,,,,,2,1,2,9,,1,2,3,2,2,1,3,1,7.0,2.0,4.0,8.0,5.0,,,1,2,4,1,2,2,2,3,3,1,2,4,1,2,2,2,2,3,3,1,2,2,2,4,1,8,3,0.6740691065788269,0.36783263087272644
41759,1,15,17726,2,7,0,1,1.0,,,,,2.0,1.0,1.0,1.0,1.0,2.0,1.0,2.0,2.0,2.0,,,,1.0,2.0,4.0,5.0,7.0,,,,,3,3,4,1,1.0,2,1,1,3,1,1,1,9,,,,,,,,2,4,1,1,2,4,4,2,3,2,4,1,1,2,4,4,4,4,4,1,1,1,1,2,1,2,1,0.7401166558265686,0.9613955020904541
41760,4,8,33024,3,2,0,3,3.0,1.0,1.0,1.0,1.0,,,,,,,,,,,,,,,,,,,,,,,1,3,3,3,3.0,2,2,2,2,2,2,2,6,,,,,,,,2,2,3,2,1,2,2,3,2,2,2,2,1,1,2,2,2,2,2,1,1,1,1,4,1,98,2,0.8376485109329224,0.539604127407074
41764,2,11,2341,1,1,0,3,3.0,1.0,1.0,2.0,2.0,,,,,,,,,,,,,,,,,,,,,,,2,2,2,3,3.0,1,1,1,2,2,1,3,2,5.0,,,,,,,2,2,3,2,1,2,1,4,2,1,2,2,1,2,2,1,1,1,2,2,2,2,1,2,1,6,3,0.22734686732292175,0.16550791263580322
41765,2,1,2848,1,1,0,3,3.0,1.0,1.0,2.0,2.0,,,,,,,,,,,,,,,,,,,,,,,2,2,2,3,3.0,2,1,2,1,1,2,3,6,2.0,,,,,,,1,2,3,2,2,1,1,4,2,2,2,2,1,2,1,2,1,2,2,2,2,2,1,5,1,6,5,0.22734686732292175,0.16550791263580322
41766,3,5,2804,1,5,0,3,3.0,1.0,1.0,1.0,1.0,,,,,,,,,,,,,,,,,,,,,,,1,3,4,3,3.0,1,2,4,2,2,2,3,1,4.0,5.0,2.0,,,,,1,4,3,2,1,2,1,2,3,2,2,4,1,2,2,2,3,3,3,1,1,1,1,2,1,3,2,0.323589950799942,0.24748627841472626
41767,2,3,3280,1,3,1,3,,1.0,1.0,2.0,2.0,,,,,,,,,,,,,,,,,,,,,,,2,2,2,3,3.0,1,1,2,1,1,2,3,3,4.0,,,,,,,1,2,2,2,2,2,1,4,2,1,2,3,1,2,2,2,2,1,1,2,2,2,1,5,1,6,5,0.22734686732292175,0.16550791263580322
41769,1,2,2201,1,2,0,1,1.0,,,,,1.0,1.0,2.0,1.0,2.0,2.0,1.0,2.0,2.0,2.0,,,,1.0,3.0,4.0,5.0,,,,,,3,3,3,9,,2,1,1,2,1,1,4,4,,,,,,,,2,4,1,2,2,3,4,1,3,2,3,4,2,2,2,2,3,2,2,1,1,1,1,2,2,7,9,0.6307944655418396,0.6320086717605591
41771,3,1,956,1,1,0,3,3.0,2.0,,,2.0,,,,,,,,,,,,,,,,,,,,,,,2,2,2,3,3.0,2,1,2,2,1,2,4,2,4.0,6.0,,,,,,1,1,2,2,1,2,2,2,2,2,2,2,1,2,2,1,1,2,2,2,1,1,1,5,1,8,6,0.3337962329387665,0.2387717068195343
41772,4,11,2341,1,1,0,3,3.0,1.0,1.0,1.0,2.0,,,,,,,,,,,,,,,,,,,,,,,2,2,2,3,3.0,1,2,2,1,1,1,3,2,4.0,,,,,,,1,1,3,2,2,1,2,4,1,1,2,2,1,1,2,1,2,1,1,2,2,2,1,5,1,6,4,0.4151917099952698,0.30908820033073425
41773,2,3,16723,2,3,0,3,3.0,2.0,,,2.0,,,,,,,,,,,,,,,,,,,,,,,1,2,2,3,3.0,3,3,3,2,1,2,3,2,7.0,,,,,,,1,2,4,1,1,2,1,2,3,1,2,2,1,2,2,2,2,2,1,1,2,2,1,5,1,3,4,0.2585919201374054,0.14566975831985474
41774,1,16,57302,3,8,0,1,1.0,,,,,2.0,1.0,2.0,1.0,1.0,2.0,1.0,1.0,2.0,2.0,,,,1.0,2.0,4.0,5.0,9.0,,,,,3,3,3,3,3.0,3,3,3,2,2,2,2,9,,,,,,,,1,2,2,2,4,3,2,3,3,2,4,3,2,2,1,2,1,2,3,1,1,1,1,2,1,4,1,1.5287959575653076,2.266181707382202
41776,3,15,10510,2,7,0,2,2.0,,,,,1.0,1.0,1.0,1.0,1.0,1.0,1.0,1.0,1.0,2.0,,,,1.0,2.0,3.0,4.0,5.0,6.0,7.0,8.0,9.0,1,1,1,3,3.0,1,1,1,1,1,1,4,7,3.0,1.0,4.0,5.0,,,,1,1,4,1,1,1,1,4,1,1,1,3,1,1,1,1,1,1,1,2,1,1,1,5,1,7,4,0.39164605736732483,0.4584394693374634
41778,4,1,552,1,1,0,3,3.0,1.0,1.0,2.0,1.0,,,,,,,,,,,,,,,,,,,,,,,1,1,2,3,3.0,1,1,1,1,1,2,2,6,8.0,3.0,,,,,,1,2,3,1,1,1,2,3,1,1,1,3,1,1,1,1,1,1,2,2,1,1,1,5,1,5,3,0.35652217268943787,0.33584895730018616
41779,4,1,1773,1,1,0,3,3.0,1.0,1.0,2.0,1.0,,,,,,,,,,,,,,,,,,,,,,,1,1,1,3,3.0,1,2,1,1,1,2,2,5,3.0,6.0,,,,,,1,1,3,1,1,1,2,3,1,1,1,3,1,1,1,1,2,1,1,2,1,1,1,5,1,6,3,0.35652217268943787,0.33584895730018616
41780,4,1,552,1,1,0,3,3.0,1.0,1.0,2.0,1.0,,,,,,,,,,,,,,,,,,,,,,,1,1,1,3,3.0,1,2,1,1,2,1,1,3,6.0,8.0,,,,,,1,1,4,1,2,1,1,1,1,1,1,3,1,1,1,2,1,2,1,2,1,1,1,5,1,6,3,0.35652217268943787,0.33584895730018616
41781,4,1,552,1,1,0,3,3.0,1.0,1.0,2.0,1.0,,,,,,,,,,,,,,,,,,,,,,,1,1,1,3,3.0,1,1,1,2,2,1,1,2,6.0,3.0,,,,,,1,1,4,1,1,2,1,1,1,1,1,3,1,1,2,1,1,1,2,2,1,1,1,5,1,6,3,0.35652217268943787,0.33584895730018616
41782,4,1,552,1,1,0,3,3.0,1.0,1.0,2.0,1.0,,,,,,,,,,,,,,,,,,,,,,,1,1,1,3,3.0,1,2,2,1,1,1,1,6,1.0,8.0,,,,,,1,1,4,1,2,1,1,1,1,1,1,3,1,1,1,2,1,1,2,2,1,1,1,5,1,6,3,0.35652217268943787,0.33584895730018616
41787,1,16,57302,3,8,0,3,3.0,1.0,1.0,1.0,1.0,,,,,,,,,,,,,,,,,,,,,,,1,2,2,3,3.0,1,1,3,1,1,2,1,3,7.0,6.0,,,,,,1,1,4,1,2,1,1,4,1,1,2,2,2,1,2,1,1,2,3,1,1,1,1,3,1,1,1,1.5287959575653076,0.7761867046356201
41788,4,1,2773,1,1,0,3,3.0,1.0,1.0,2.0,1.0,,,,,,,,,,,,,,,,,,,,,,,1,1,1,3,3.0,1,1,2,1,1,2,1,6,7.0,3.0,,,,,,1,1,4,1,1,1,2,1,1,1,1,3,1,1,2,1,2,1,1,2,1,1,1,5,1,6,3,0.35652217268943787,0.33584895730018616
41789,4,1,357,1,1,0,3,3.0,1.0,1.0,2.0,1.0,,,,,,,,,,,,,,,,,,,,,,,1,1,1,3,3.0,1,2,1,1,1,2,1,7,8.0,2.0,,,,,,1,1,4,1,2,1,1,1,1,1,1,3,1,1,2,1,1,1,2,2,1,1,1,5,1,6,3,0.35652217268943787,0.33584895730018616
41790,4,1,227,1,1,0,3,3.0,1.0,1.0,2.0,1.0,,,,,,,,,,,,,,,,,,,,,,,1,1,1,3,3.0,1,1,1,1,2,2,1,3,4.0,8.0,,,,,,1,1,4,1,1,1,2,1,1,1,1,3,1,1,1,1,2,2,1,2,1,1,1,5,1,6,3,0.35652217268943787,0.33584895730018616
41791,3,15,5988,2,7,0,1,1.0,,,,,2.0,1.0,1.0,1.0,2.0,1.0,1.0,2.0,2.0,1.0,97.0,,PENDANT L'URGENCE SANITAIRE LA PLUPART DES SERVICES MUNICIPAUX ONT ÉTÉ FERMÉ OU JE N'Y AVAIS PAS,1.0,4.0,5.0,6.0,7.0,10.0,,,,1,3,4,1,1.0,4,2,1,3,4,4,4,9,,,,,,,,2,1,4,1,2,4,3,1,2,1,4,4,2,2,1,3,3,1,1,1,3,1,1,2,1,3,1,0.3796708583831787,0.4751705229282379
41796,4,16,17371,2,8,0,3,3.0,1.0,1.0,2.0,1.0,,,,,,,,,,,,,,,,,,,,,,,1,2,1,3,3.0,2,3,3,1,1,2,3,8,1.0,5.0,,,,,,1,1,4,1,2,2,3,4,1,2,1,4,1,1,3,2,2,4,3,1,1,1,1,5,1,8,3,0.4055202603340149,0.29559326171875
41797,3,1,552,1,1,0,3,3.0,1.0,2.0,1.0,1.0,,,,,,,,,,,,,,,,,,,,,,,1,1,1,3,3.0,1,2,1,2,1,1,1,8,5.0,2.0,,,,,,1,1,4,1,1,2,1,1,1,1,1,3,1,1,1,2,2,1,1,2,1,1,1,5,1,6,3,0.3337962329387665,0.2387717068195343
41799,4,1,840,1,1,0,3,3.0,1.0,1.0,2.0,1.0,,,,,,,,,,,,,,,,,,,,,,,1,1,1,3,3.0,1,2,1,2,1,1,1,6,4.0,7.0,,,,,,1,1,4,1,1,1,2,1,1,1,1,3,1,1,1,2,2,1,1,1,1,1,1,5,1,6,3,0.34562113881111145,0.3481054902076721
41801,4,1,1773,1,1,0,3,3.0,1.0,1.0,2.0,1.0,,,,,,,,,,,,,,,,,,,,,,,1,1,1,3,3.0,1,2,1,1,2,1,1,1,7.0,2.0,,,,,,1,1,4,1,2,1,2,1,1,1,1,3,1,1,1,2,2,1,1,2,1,1,1,5,1,6,3,0.35652217268943787,0.33584895730018616
41802,4,1,552,1,1,0,3,3.0,1.0,2.0,1.0,1.0,,,,,,,,,,,,,,,,,,,,,,,1,1,1,3,3.0,1,2,1,1,1,2,1,2,6.0,7.0,,,,,,1,1,4,1,1,2,1,1,1,1,1,3,1,1,1,2,1,2,1,2,1,1,1,5,1,6,3,0.35652217268943787,0.33584895730018616
41803,2,16,9406,2,8,0,3,3.0,1.0,1.0,1.0,1.0,,,,,,,,,,,,,,,,,,,,,,,1,1,3,1,1.0,2,2,2,2,3,3,3,5,4.0,2.0,,,,,,1,3,4,2,1,3,2,2,3,1,3,4,1,2,3,2,3,1,4,1,2,2,1,2,1,5,3,0.2585919201374054,0.14566975831985474
41804,1,16,8104,2,8,0,3,3.0,1.0,1.0,3.0,1.0,,,,,,,,,,,,,,,,,,,,,,,1,3,4,9,,2,3,3,2,2,2,2,1,4.0,,,,,,,2,1,4,2,1,1,1,2,3,2,2,4,2,2,3,4,2,3,3,2,2,2,2,3,4,5,9,0.3988909423351288,0.19446109235286713
41805,4,1,552,1,1,0,3,3.0,1.0,2.0,1.0,1.0,,,,,,,,,,,,,,,,,,,,,,,1,1,1,3,3.0,1,1,2,1,2,1,1,2,7.0,3.0,,,,,,1,1,4,1,2,2,1,1,1,1,1,3,1,1,2,2,1,1,1,2,1,1,1,5,1,6,3,0.35652217268943787,0.33584895730018616
41806,2,12,3058,1,3,0,1,1.0,,,,,2.0,1.0,2.0,2.0,1.0,1.0,2.0,2.0,2.0,2.0,,,,1.0,2.0,6.0,,,,,,,3,3,9,9,,3,3,3,3,3,3,3,9,,,,,,,,2,4,1,9,4,4,2,2,3,2,2,4,2,2,1,3,3,4,4,1,2,2,1,1,6,1,1,0.22039549052715302,0.21652396023273468
41807,4,6,7472,2,6,0,3,3.0,1.0,2.0,2.0,2.0,,,,,,,,,,,,,,,,,,,,,,,1,2,3,3,3.0,2,2,3,2,2,2,2,2,,,,,,,,1,4,3,1,2,3,3,2,3,2,3,4,2,1,3,2,2,3,3,3,1,1,2,4,1,5,3,0.4183107316493988,0.2851848900318146
41808,3,7,506,1,5,0,3,3.0,1.0,1.0,1.0,1.0,,,,,,,,,,,,,,,,,,,,,,,1,3,4,9,,1,3,3,2,2,2,2,1,5.0,2.0,,,,,,1,2,3,2,1,3,1,2,1,2,3,2,2,2,2,2,2,2,2,1,1,1,1,3,1,6,2,0.323589950799942,0.24748627841472626
41810,4,6,20046,3,6,0,2,2.0,,,,,2.0,2.0,2.0,2.0,2.0,2.0,2.0,2.0,2.0,2.0,,,,11.0,,,,,,,,,2,2,3,9,,2,2,3,3,2,2,2,3,7.0,,,,,,,2,2,2,2,2,3,1,3,3,2,2,2,1,2,3,1,2,2,3,2,1,1,2,4,1,5,3,0.8640686869621277,1.519971489906311
41812,2,14,4601,1,7,0,3,3.0,1.0,1.0,1.0,1.0,,,,,,,,,,,,,,,,,,,,,,,2,1,2,9,,2,3,3,2,2,2,2,4,2.0,,,,,,,2,3,2,2,2,2,2,2,3,2,3,3,1,2,3,2,3,3,3,1,2,2,1,2,1,2,4,0.22039549052715302,0.17154793441295624
41813,2,16,7162,2,8,0,1,1.0,,,,,1.0,1.0,2.0,1.0,1.0,2.0,1.0,1.0,2.0,2.0,,,,1.0,2.0,3.0,4.0,5.0,9.0,,,,3,3,4,9,,2,2,3,1,3,1,2,3,2.0,,,,,,,2,2,3,2,3,2,1,2,3,2,3,2,2,2,3,3,2,3,3,1,1,1,1,3,1,5,1,0.4207970201969147,0.6107873916625977
41814,4,6,33714,3,6,0,2,2.0,,,,,1.0,2.0,2.0,2.0,1.0,1.0,2.0,2.0,1.0,2.0,,,,2.0,3.0,6.0,8.0,,,,,,1,1,3,9,,2,3,2,2,3,3,2,2,,,,,,,,1,3,3,1,2,1,1,3,3,2,3,2,1,2,1,2,2,3,2,2,1,1,1,3,1,4,3,0.8640686869621277,1.519971489906311
41815,1,16,22612,3,8,0,2,2.0,,,,,2.0,1.0,2.0,1.0,1.0,2.0,1.0,2.0,2.0,2.0,,,,1.0,2.0,4.0,5.0,,,,,,1,3,4,9,,2,2,3,2,1,1,4,6,2.0,3.0,,,,,,2,2,4,9,2,1,1,2,3,2,2,2,2,2,4,4,2,3,1,1,1,1,1,2,4,99,5,1.5287959575653076,2.266181707382202
41816,4,15,59612,3,7,0,3,3.0,1.0,1.0,2.0,1.0,,,,,,,,,,,,,,,,,,,,,,,1,3,2,3,3.0,1,3,3,2,1,1,2,8,,,,,,,,1,4,4,2,1,2,3,2,3,2,3,4,2,2,1,1,1,2,1,1,1,1,1,2,3,2,2,0.8376485109329224,0.539604127407074
41817,3,11,12320,2,1,0,3,3.0,1.0,1.0,1.0,1.0,,,,,,,,,,,,,,,,,,,,,,,1,1,2,9,,2,3,3,2,2,2,3,4,5.0,,,,,,,2,2,3,2,1,1,1,4,9,2,1,3,2,2,2,2,2,2,4,1,1,1,1,2,1,6,4,0.3796708583831787,0.2101513147354126
41820,4,16,90161,3,8,0,3,3.0,1.0,1.0,1.0,1.0,,,,,,,,,,,,,,,,,,,,,,,1,2,3,1,1.0,2,2,2,3,3,2,2,7,6.0,2.0,,,,,,1,2,3,2,2,2,3,2,2,2,3,4,1,2,2,2,2,1,1,2,1,1,2,5,1,7,2,0.8640686869621277,0.5206038951873779
41821,4,16,26474,3,8,0,3,3.0,1.0,1.0,2.0,2.0,,,,,,,,,,,,,,,,,,,,,,,1,1,1,2,2.0,2,1,2,1,1,2,2,5,,,,,,,,1,3,2,2,1,1,1,2,1,2,2,4,1,1,1,1,1,1,1,1,1,1,2,4,1,3,4,0.8376485109329224,0.539604127407074
41824,3,12,3058,1,3,0,3,3.0,1.0,1.0,1.0,1.0,,,,,,,,,,,,,,,,,,,,,,,2,1,1,3,3.0,1,2,1,1,2,2,3,4,2.0,7.0,6.0,,,,,1,1,3,1,1,2,1,4,1,1,1,4,1,1,2,1,2,1,2,2,1,1,1,4,1,6,3,0.3337962329387665,0.2387717068195343
41826,3,1,49733,3,1,0,3,3.0,1.0,2.0,1.0,1.0,,,,,,,,,,,,,,,,,,,,,,,2,1,1,3,3.0,1,1,3,2,1,2,4,3,5.0,6.0,,,,,,1,1,3,1,1,2,1,3,1,1,1,4,1,1,1,1,2,2,1,2,2,2,1,4,1,5,3,0.6953297257423401,0.3548816442489624
41828,3,14,2673,1,7,0,1,1.0,,,,,2.0,2.0,1.0,2.0,2.0,2.0,2.0,2.0,2.0,2.0,,,,7.0,,,,,,,,,3,3,4,1,1.0,4,2,1,3,3,3,1,4,1.0,8.0,2.0,,,,,2,2,2,1,2,3,3,3,3,1,3,3,1,2,3,3,3,2,2,1,2,2,1,2,5,2,3,0.2781267762184143,0.29950815439224243
41830,3,8,43182,3,2,0,1,1.0,,,,,1.0,2.0,1.0,2.0,2.0,2.0,2.0,2.0,2.0,2.0,,,,3.0,7.0,,,,,,,,3,3,9,9,,4,2,2,2,2,2,2,4,,,,,,,,2,3,1,2,4,4,4,1,3,2,4,4,2,2,4,1,1,2,2,1,2,2,1,2,5,2,3,0.6740691065788269,1.0739414691925049
41831,4,15,10367,2,7,0,1,1.0,,,,,1.0,1.0,1.0,1.0,1.0,1.0,1.0,1.0,1.0,2.0,,,,1.0,2.0,3.0,4.0,5.0,6.0,7.0,8.0,9.0,1,1,1,3,3.0,1,1,1,1,1,1,1,1,4.0,8.0,,,,,,1,1,1,1,1,1,1,2,1,1,1,2,1,1,1,1,1,1,1,2,1,1,1,2,1,7,1,0.4183107316493988,0.6448264122009277
41834,2,15,11112,2,7,0,1,1.0,,,,,1.0,2.0,1.0,1.0,1.0,1.0,1.0,2.0,2.0,2.0,,,,2.0,3.0,4.0,5.0,6.0,7.0,,,,3,3,4,2,2.0,3,1,2,3,2,4,2,5,,,,,,,,2,4,1,2,2,2,4,1,3,2,4,2,1,2,3,2,1,4,2,1,1,1,1,9,1,6,1,0.4207970201969147,0.6107873916625977
41835,3,15,59612,3,7,0,2,2.0,,,,,2.0,2.0,2.0,2.0,2.0,2.0,2.0,2.0,2.0,1.0,11.0,,JE N’ÉTAIS PAS SUR LA LISTE,10.0,,,,,,,,,1,2,3,3,3.0,2,3,3,2,2,2,2,1,3.0,2.0,,,,,,2,2,4,2,2,2,2,2,3,2,3,2,1,2,3,3,2,4,3,1,1,1,1,3,1,7,3,0.7842537760734558,1.120064377784729
41836,3,9,25081,3,2,0,1,1.0,,,,,1.0,1.0,2.0,1.0,1.0,2.0,1.0,2.0,2.0,2.0,,,,1.0,2.0,3.0,4.0,5.0,,,,,1,1,1,3,3.0,1,1,3,2,2,1,1,2,7.0,4.0,,,,,,1,1,3,1,3,1,2,3,2,1,1,2,1,1,1,1,2,2,3,2,2,2,1,5,1,7,5,0.6953297257423401,1.0361260175704956
41837,3,14,86419,3,7,0,1,1.0,,,,,1.0,2.0,1.0,2.0,2.0,1.0,2.0,2.0,2.0,2.0,,,,3.0,6.0,7.0,,,,,,,1,1,2,1,1.0,4,2,2,3,3,3,2,5,4.0,,,,,,,2,1,2,1,4,4,4,4,1,1,2,4,1,1,2,2,2,2,3,1,1,1,1,3,1,5,3,0.7842537760734558,1.120064377784729
41838,2,5,1066,1,5,0,1,1.0,,,,,1.0,2.0,2.0,1.0,1.0,2.0,2.0,2.0,2.0,2.0,,,,2.0,3.0,5.0,,,,,,,2,3,4,9,,2,1,1,3,2,3,1,3,2.0,1.0,5.0,,,,,2,3,2,1,2,4,4,3,2,2,2,4,2,2,3,3,2,3,3,1,2,2,1,2,1,2,3,0.22039549052715302,0.21652396023273468
41839,2,1,49733,3,1,0,3,3.0,1.0,2.0,1.0,1.0,,,,,,,,,,,,,,,,,,,,,,,2,1,1,3,3.0,1,1,2,1,2,2,3,8,1.0,3.0,7.0,,,,,1,1,3,2,1,2,1,3,2,1,1,4,1,1,2,1,1,2,2,1,1,1,1,4,1,5,3,0.8692047595977783,0.4931209683418274
41840,4,1,552,1,1,0,3,3.0,1.0,2.0,1.0,1.0,,,,,,,,,,,,,,,,,,,,,,,1,1,1,3,3.0,1,1,1,2,2,1,1,4,5.0,1.0,,,,,,1,1,4,1,2,1,1,4,1,1,1,3,1,1,1,1,2,1,2,1,1,1,1,5,1,6,3,0.34562113881111145,0.3481054902076721
41841,3,6,19907,2,6,0,1,1.0,,,,,1.0,1.0,1.0,1.0,1.0,1.0,1.0,1.0,1.0,2.0,,,,1.0,2.0,3.0,4.0,5.0,6.0,7.0,8.0,9.0,1,1,1,1,1.0,1,2,1,2,1,1,1,5,4.0,8.0,,,,,,1,1,4,1,2,1,1,4,1,1,1,2,1,1,1,1,1,2,2,1,1,1,1,1,1,8,1,0.3796708583831787,0.4751705229282379
41842,4,1,552,1,1,0,3,3.0,1.0,2.0,1.0,1.0,,,,,,,,,,,,,,,,,,,,,,,1,1,1,3,3.0,1,1,2,2,1,1,1,3,5.0,7.0,,,,,,1,1,4,1,2,1,1,4,1,1,1,3,1,1,1,2,1,2,1,2,1,1,1,5,1,6,3,0.35652217268943787,0.33584895730018616
41843,3,6,19907,2,6,0,2,2.0,,,,,1.0,1.0,1.0,1.0,1.0,1.0,1.0,1.0,1.0,2.0,,,,1.0,2.0,3.0,4.0,5.0,6.0,7.0,8.0,9.0,1,1,1,3,3.0,1,1,1,2,1,2,1,5,3.0,2.0,,,,,,1,1,4,1,1,1,2,4,1,1,1,2,1,1,1,1,2,1,2,2,2,2,1,4,1,8,1,0.3366211950778961,0.4395623803138733
41844,3,6,19907,2,6,0,2,2.0,,,,,1.0,1.0,1.0,1.0,1.0,1.0,1.0,1.0,1.0,2.0,,,,1.0,2.0,3.0,4.0,5.0,6.0,7.0,8.0,9.0,1,1,1,3,3.0,1,1,2,1,2,1,1,6,2.0,5.0,,,,,,1,1,4,1,1,2,1,4,1,1,1,2,1,1,1,2,1,2,1,2,2,2,1,4,1,8,1,0.3366211950778961,0.4395623803138733
41845,4,1,2773,1,1,0,3,3.0,1.0,1.0,2.0,1.0,,,,,,,,,,,,,,,,,,,,,,,1,1,1,3,3.0,1,2,1,2,1,1,1,5,7.0,1.0,,,,,,1,1,4,1,1,2,2,4,1,1,1,3,1,1,2,1,1,1,2,2,1,1,1,5,1,6,3,0.35652217268943787,0.33584895730018616
41847,4,1,552,1,1,0,3,3.0,1.0,1.0,2.0,1.0,,,,,,,,,,,,,,,,,,,,,,,1,1,1,3,3.0,1,2,1,2,1,1,1,7,2.0,5.0,,,,,,1,1,4,1,2,1,2,4,1,1,1,3,1,1,1,1,2,2,1,2,1,1,1,5,1,6,3,0.35652217268943787,0.33584895730018616
41848,4,1,552,1,1,0,3,3.0,1.0,2.0,1.0,1.0,,,,,,,,,,,,,,,,,,,,,,,1,1,1,3,3.0,1,1,2,1,2,1,1,1,2.0,8.0,,,,,,1,1,4,1,1,2,1,4,1,1,1,3,1,1,2,1,1,1,2,2,1,1,1,5,1,6,3,0.35652217268943787,0.33584895730018616
41850,3,9,25081,3,2,0,1,1.0,,,,,2.0,2.0,1.0,2.0,2.0,2.0,1.0,1.0,1.0,2.0,,,,4.0,7.0,8.0,9.0,,,,,,1,1,1,1,1.0,1,3,2,1,2,1,1,1,3.0,4.0,,,,,,1,1,1,1,3,2,1,1,1,1,1,2,1,1,3,3,2,4,1,1,2,2,1,3,1,6,1,0.6740691065788269,1.0739414691925049
41851,3,1,2773,1,1,0,3,3.0,1.0,1.0,2.0,1.0,,,,,,,,,,,,,,,,,,,,,,,1,1,1,3,3.0,1,1,2,1,1,2,1,8,2.0,5.0,,,,,,1,1,4,1,1,2,1,4,1,1,1,3,1,1,1,2,1,1,2,2,1,1,1,5,1,6,3,0.3337962329387665,0.2387717068195343
41852,3,9,1297,1,2,0,3,3.0,1.0,2.0,2.0,1.0,,,,,,,,,,,,,,,,,,,,,,,2,2,2,3,3.0,1,1,2,2,2,1,3,6,7.0,3.0,,,,,,1,1,3,1,2,1,2,3,1,1,2,4,1,1,1,1,2,1,1,1,2,2,1,5,1,6,3,0.2781267762184143,0.23729513585567474
41853,3,6,19907,2,6,0,1,1.0,,,,,2.0,2.0,1.0,1.0,1.0,2.0,2.0,1.0,2.0,2.0,,,,2.0,5.0,7.0,9.0,,,,,,1,1,1,3,3.0,1,1,2,2,3,1,1,2,6.0,3.0,,,,,,1,1,1,1,3,1,2,1,1,1,1,2,1,1,1,3,2,4,3,1,2,2,1,1,1,7,4,0.3263285458087921,0.45560455322265625
41856,4,1,870,1,1,1,3,,1.0,2.0,1.0,1.0,,,,,,,,,,,,,,,,,,,,,,,1,1,1,3,3.0,1,1,2,1,1,2,1,5,7.0,4.0,,,,,,1,1,4,1,2,1,1,4,1,1,1,3,1,1,1,2,1,2,1,2,1,1,1,5,1,6,3,0.35652217268943787,0.33584895730018616
41857,4,1,870,1,1,1,3,,1.0,2.0,1.0,1.0,,,,,,,,,,,,,,,,,,,,,,,1,1,1,3,3.0,1,2,1,2,1,1,1,3,5.0,6.0,,,,,,1,1,4,1,1,2,1,4,1,1,1,3,1,1,2,1,1,1,2,2,1,1,1,5,1,6,3,0.35652217268943787,0.33584895730018616
41858,4,1,227,1,1,0,3,3.0,1.0,2.0,1.0,1.0,,,,,,,,,,,,,,,,,,,,,,,1,1,1,3,3.0,1,2,1,1,2,1,1,6,3.0,5.0,,,,,,1,1,4,1,2,1,1,4,1,1,1,3,1,1,2,2,1,1,1,2,1,1,1,5,1,6,3,0.35652217268943787,0.33584895730018616
41859,2,16,26982,3,8,0,2,2.0,,,,,1.0,1.0,1.0,1.0,1.0,1.0,1.0,1.0,1.0,2.0,,,,1.0,2.0,3.0,4.0,5.0,6.0,7.0,8.0,9.0,1,1,1,3,3.0,1,1,2,2,1,1,1,8,5.0,6.0,7.0,1.0,,,,1,1,3,1,1,2,1,2,1,1,1,2,1,1,2,1,2,1,1,2,2,2,1,4,2,7,3,0.5509987473487854,0.7490490078926086
41860,4,1,227,1,1,0,3,3.0,1.0,2.0,1.0,1.0,,,,,,,,,,,,,,,,,,,,,,,1,1,1,3,3.0,1,1,1,2,1,2,1,3,1.0,5.0,,,,,,1,1,4,1,2,1,1,4,1,1,1,3,1,1,1,2,2,1,1,2,1,1,1,5,1,6,3,0.35652217268943787,0.33584895730018616
41861,2,6,19907,2,6,0,2,2.0,,,,,1.0,1.0,1.0,1.0,1.0,1.0,1.0,1.0,1.0,2.0,,,,1.0,2.0,3.0,4.0,5.0,6.0,7.0,8.0,9.0,1,1,1,3,3.0,1,1,2,1,1,2,1,8,2.0,3.0,1.0,,,,,1,1,3,1,1,2,1,3,1,1,1,2,1,1,2,1,1,2,1,2,2,2,1,5,2,7,3,0.2667480409145355,0.3177734911441803
41862,4,1,840,1,1,0,3,3.0,1.0,2.0,1.0,1.0,,,,,,,,,,,,,,,,,,,,,,,1,1,1,3,3.0,1,1,2,2,1,1,1,1,5.0,8.0,,,,,,1,1,4,1,1,2,1,4,1,1,1,3,1,1,2,1,1,1,2,2,1,1,1,5,1,6,3,0.35652217268943787,0.33584895730018616
41864,2,6,4094,1,6,0,2,2.0,,,,,2.0,2.0,2.0,2.0,2.0,2.0,2.0,2.0,2.0,2.0,,,,11.0,,,,,,,,,3,3,4,3,3.0,3,2,2,4,3,1,2,2,,,,,,,,2,3,3,9,2,1,4,3,3,9,4,4,2,2,3,2,2,3,3,1,1,1,1,5,5,3,1,0.35864144563674927,0.4015221893787384
41865,4,1,552,1,1,0,3,3.0,1.0,1.0,2.0,1.0,,,,,,,,,,,,,,,,,,,,,,,1,1,1,3,3.0,1,2,1,1,2,1,1,5,8.0,6.0,,,,,,1,1,4,1,2,1,1,4,1,1,1,3,1,1,1,2,1,1,2,2,1,1,1,5,1,6,3,0.35652217268943787,0.33584895730018616
41868,3,14,2286,1,7,0,3,3.0,1.0,1.0,1.0,1.0,,,,,,,,,,,,,,,,,,,,,,,1,1,3,9,,2,3,3,2,1,2,2,4,1.0,8.0,,,,,,2,3,4,2,2,1,1,3,3,1,3,2,1,2,3,3,3,3,2,1,2,2,1,3,5,6,3,0.2781267762184143,0.23729513585567474
41869,3,1,14178,2,1,0,3,3.0,1.0,2.0,1.0,1.0,,,,,,,,,,,,,,,,,,,,,,,2,1,1,3,3.0,1,2,1,2,1,1,3,4,8.0,2.0,5.0,,,,,1,1,3,2,2,1,1,4,1,1,1,4,1,1,1,2,2,2,1,1,2,2,1,5,1,6,3,0.3263285458087921,0.20149792730808258
41872,4,6,19907,2,6,0,2,2.0,,,,,1.0,1.0,1.0,1.0,1.0,1.0,1.0,1.0,1.0,2.0,,,,1.0,2.0,3.0,4.0,5.0,6.0,7.0,8.0,9.0,1,1,1,3,3.0,1,1,1,1,1,1,1,5,7.0,3.0,,,,,,1,1,1,1,1,1,1,2,1,1,1,2,1,1,1,1,1,1,1,2,1,1,1,2,1,7,1,0.4183107316493988,0.6448264122009277
41873,3,11,7350,2,1,0,3,3.0,2.0,,,1.0,,,,,,,,,,,,,,,,,,,,,,,2,1,1,3,3.0,1,2,1,2,2,2,3,1,4.0,3.0,6.0,,,,,1,1,3,1,2,1,2,3,1,1,1,4,1,1,2,3,1,2,1,2,2,2,1,5,1,6,3,0.3366211950778961,0.19440290331840515
41874,2,15,61543,3,7,0,1,1.0,,,,,2.0,1.0,2.0,1.0,2.0,2.0,1.0,2.0,2.0,2.0,,,,1.0,4.0,5.0,,,,,,,3,3,4,9,,2,2,2,2,3,2,1,1,,,,,,,,2,3,3,2,2,2,2,1,3,2,3,2,2,2,3,2,2,3,3,1,1,1,1,2,1,3,1,0.8692047595977783,1.4397292137145996
41875,3,14,5239,2,7,0,2,2.0,,,,,1.0,1.0,1.0,2.0,2.0,1.0,1.0,1.0,1.0,2.0,,,,1.0,3.0,4.0,6.0,7.0,8.0,9.0,,,1,1,1,3,3.0,1,1,2,2,1,1,4,8,6.0,5.0,3.0,7.0,,,,1,1,4,1,1,2,1,4,1,1,1,3,1,1,2,2,1,1,1,2,2,2,1,5,1,6,2,0.3366211950778961,0.4395623803138733
41876,4,6,19907,2,6,0,1,1.0,,,,,1.0,1.0,1.0,1.0,1.0,1.0,1.0,1.0,1.0,2.0,,,,1.0,2.0,3.0,4.0,5.0,6.0,7.0,8.0,9.0,1,1,1,3,3.0,1,1,1,1,1,1,1,5,7.0,3.0,,,,,,1,1,1,1,1,1,1,2,1,1,1,2,1,1,1,1,1,1,1,2,1,1,1,2,1,7,1,0.4183107316493988,0.6448264122009277
41877,2,1,49733,3,1,0,3,3.0,1.0,2.0,1.0,1.0,,,,,,,,,,,,,,,,,,,,,,,2,1,1,3,3.0,1,1,1,1,2,2,2,6,2.0,5.0,7.0,,,,,1,1,3,2,1,2,1,3,1,1,1,4,1,1,1,3,2,1,2,2,2,2,1,4,1,7,3,0.5509987473487854,0.2565561830997467
41878,4,15,2069,1,7,0,1,1.0,,,,,1.0,1.0,1.0,1.0,1.0,1.0,1.0,1.0,1.0,2.0,,,,1.0,2.0,3.0,4.0,5.0,6.0,7.0,8.0,9.0,1,1,1,3,3.0,1,1,1,1,1,1,1,7,6.0,4.0,,,,,,1,1,1,1,1,1,1,1,1,1,1,2,1,1,1,1,1,1,1,2,1,1,1,2,1,7,1,0.35652217268943787,0.42389994859695435
41880,3,1,14178,2,1,0,3,3.0,1.0,2.0,1.0,2.0,,,,,,,,,,,,,,,,,,,,,,,1,1,1,3,3.0,1,1,1,1,2,2,3,2,4.0,6.0,,,,,,1,1,3,1,1,2,1,3,1,1,1,4,1,1,1,2,2,2,1,2,1,1,1,4,1,5,3,0.39164605736732483,0.2027520090341568
41881,4,14,2194,1,7,0,3,3.0,1.0,1.0,2.0,1.0,,,,,,,,,,,,,,,,,,,,,,,1,1,2,9,,2,4,3,2,2,4,2,1,8.0,,,,,,,1,1,4,2,2,2,3,3,2,1,2,3,1,1,3,2,2,3,3,1,1,1,1,4,1,3,1,0.34562113881111145,0.3481054902076721
41882,3,1,14178,2,1,0,3,3.0,2.0,,,1.0,,,,,,,,,,,,,,,,,,,,,,,2,1,1,3,3.0,1,2,1,2,1,1,3,6,2.0,1.0,7.0,,,,,1,1,2,2,1,2,1,3,1,1,2,4,1,1,2,2,1,1,2,1,1,1,1,4,1,5,4,0.3796708583831787,0.2101513147354126
41883,2,15,13653,2,7,0,2,2.0,,,,,1.0,2.0,1.0,1.0,1.0,2.0,2.0,2.0,1.0,2.0,,,,2.0,3.0,5.0,7.0,8.0,,,,,1,1,1,1,1.0,1,2,2,1,3,1,1,5,1.0,6.0,,,,,,1,1,2,1,2,3,1,3,1,1,1,3,1,1,2,2,1,3,1,2,1,1,1,2,1,3,1,0.43406933546066284,0.5892806649208069
41885,4,6,19907,2,6,0,1,1.0,,,,,1.0,1.0,1.0,1.0,1.0,1.0,1.0,1.0,1.0,2.0,,,,1.0,2.0,3.0,4.0,5.0,6.0,7.0,8.0,9.0,1,1,1,3,3.0,1,1,1,1,1,1,1,5,7.0,6.0,,,,,,1,1,1,1,1,1,1,2,1,1,1,2,1,1,1,1,1,1,1,2,1,1,1,2,1,7,1,0.4183107316493988,0.6448264122009277
41886,2,16,1195,1,8,0,3,3.0,1.0,1.0,1.0,1.0,,,,,,,,,,,,,,,,,,,,,,,2,1,3,3,3.0,2,3,4,1,2,2,3,5,2.0,,,,,,,2,2,4,2,1,1,1,3,3,2,1,4,1,2,3,2,3,3,4,1,2,2,1,3,1,3,3,0.22039549052715302,0.17154793441295624
41888,4,14,23299,3,7,0,1,1.0,,,,,1.0,1.0,2.0,1.0,1.0,1.0,2.0,2.0,2.0,2.0,,,,1.0,2.0,3.0,5.0,6.0,,,,,3,3,4,9,,2,3,4,3,3,3,2,4,,,,,,,,2,4,2,1,3,3,4,2,3,2,3,4,2,2,3,3,3,2,3,1,1,1,1,2,1,3,4,0.8376485109329224,1.5754419565200806
41889,4,7,991,1,5,0,1,1.0,,,,,1.0,1.0,1.0,1.0,1.0,1.0,1.0,1.0,1.0,2.0,,,,1.0,2.0,3.0,4.0,5.0,6.0,7.0,8.0,9.0,1,1,1,3,3.0,1,1,1,1,1,1,1,8,3.0,1.0,,,,,,1,1,1,1,1,1,1,2,1,1,1,2,1,1,1,1,1,1,1,2,1,1,1,2,1,7,1,0.35652217268943787,0.42389994859695435
41891,4,15,19597,2,7,0,3,3.0,1.0,1.0,1.0,1.0,,,,,,,,,,,,,,,,,,,,,,,2,1,2,9,,2,2,2,2,2,1,2,2,1.0,,,,,,,2,2,2,1,2,2,3,2,3,2,3,4,1,2,3,2,3,1,3,1,1,1,1,2,1,2,1,0.4055202603340149,0.29559326171875
41892,2,16,30391,3,8,0,1,1.0,,,,,1.0,2.0,2.0,2.0,2.0,1.0,1.0,2.0,2.0,2.0,,,,3.0,4.0,6.0,,,,,,,2,3,4,9,,3,2,2,2,3,3,2,5,3.0,,,,,,,2,2,1,1,2,3,2,3,3,2,4,1,1,2,3,2,2,1,1,1,2,2,1,2,1,7,3,0.5341512560844421,0.7763860821723938
41893,1,15,59612,3,7,0,1,1.0,,,,,1.0,1.0,1.0,1.0,1.0,2.0,2.0,2.0,1.0,2.0,,,,1.0,2.0,3.0,5.0,7.0,8.0,,,,3,3,4,3,3.0,2,1,2,2,1,3,3,6,3.0,8.0,4.0,,,,,2,4,2,1,3,4,4,1,2,2,3,4,2,2,2,1,3,1,2,1,1,1,1,9,1,2,1,1.5287959575653076,2.266181707382202
41894,3,3,2224,1,3,1,3,,1.0,1.0,2.0,1.0,,,,,,,,,,,,,,,,,,,,,,,1,1,3,3,3.0,3,2,2,2,2,2,3,5,7.0,2.0,,,,,,1,2,3,2,2,1,1,2,3,2,3,1,1,2,2,3,2,2,3,2,1,1,1,2,1,4,3,0.3337962329387665,0.2387717068195343
41895,2,6,4094,1,6,0,3,3.0,1.0,1.0,1.0,1.0,,,,,,,,,,,,,,,,,,,,,,,1,1,2,2,2.0,2,2,2,3,1,3,3,8,5.0,7.0,4.0,,,,,1,3,2,2,2,2,2,2,3,1,2,2,1,2,3,1,2,2,1,1,2,2,1,3,1,4,3,0.22039549052715302,0.17154793441295624
41896,4,14,86419,3,7,0,3,3.0,1.0,1.0,1.0,1.0,,,,,,,,,,,,,,,,,,,,,,,1,2,4,3,3.0,1,4,3,2,1,2,2,3,,,,,,,,1,2,4,2,2,1,1,2,3,2,1,4,1,2,1,1,2,4,1,1,1,1,1,4,1,8,5,0.8376485109329224,0.539604127407074
41899,4,16,69265,3,8,0,1,1.0,,,,,2.0,2.0,2.0,2.0,1.0,2.0,1.0,2.0,1.0,2.0,,,,2.0,4.0,8.0,,,,,,,2,3,4,3,3.0,1,3,3,2,1,2,2,4,,,,,,,,2,3,3,9,3,2,3,1,1,2,2,4,2,2,2,2,2,3,3,1,1,1,1,4,5,1,6,0.8376485109329224,1.5754419565200806
41900,3,6,20046,3,6,0,3,3.0,1.0,2.0,2.0,1.0,,,,,,,,,,,,,,,,,,,,,,,2,3,4,9,,2,2,1,4,3,4,3,1,8.0,,,,,,,1,4,4,2,4,2,1,1,3,2,3,4,1,2,4,4,2,4,3,2,1,1,1,4,1,98,1,0.8089898824691772,0.3701227307319641
41901,2,15,17726,2,7,0,3,3.0,1.0,1.0,1.0,1.0,,,,,,,,,,,,,,,,,,,,,,,1,1,4,3,3.0,2,3,3,1,2,2,2,8,1.0,,,,,,,2,2,3,1,1,1,1,2,3,2,2,3,1,2,3,2,2,3,3,1,2,2,1,2,5,4,3,0.2585919201374054,0.14566975831985474
41902,4,6,19907,2,6,0,1,1.0,,,,,1.0,2.0,1.0,1.0,1.0,1.0,2.0,2.0,2.0,2.0,,,,2.0,3.0,5.0,6.0,7.0,,,,,3,3,4,9,,4,4,1,4,4,4,1,9,,,,,,,,1,4,1,1,4,4,4,2,3,2,3,4,1,2,4,3,2,4,1,2,1,1,1,4,1,4,2,0.4183107316493988,0.6448264122009277
41903,4,1,6119,2,1,0,1,1.0,,,,,2.0,1.0,1.0,2.0,1.0,2.0,2.0,2.0,2.0,2.0,,,,1.0,2.0,7.0,,,,,,,3,3,2,1,1.0,3,3,2,2,2,2,2,9,,,,,,,,1,2,3,1,2,2,2,2,3,9,2,4,1,1,2,2,3,2,2,1,1,1,1,4,1,3,9,0.4055202603340149,0.6683597564697266
41912,4,17,13827,2,4,0,3,3.0,1.0,1.0,2.0,1.0,,,,,,,,,,,,,,,,,,,,,,,1,2,9,9,,2,2,3,2,2,2,3,5,3.0,1.0,,,,,,1,3,4,2,2,2,2,2,1,2,2,4,1,2,2,2,2,2,2,1,2,2,1,5,1,98,5,0.4722529351711273,0.2720399796962738
41916,4,15,14129,2,7,0,3,3.0,1.0,1.0,1.0,1.0,,,,,,,,,,,,,,,,,,,,,,,1,2,2,1,1.0,2,2,2,2,2,2,2,3,,,,,,,,2,3,3,1,3,2,3,2,3,2,3,2,2,2,3,4,1,4,3,1,1,1,1,3,1,2,1,0.4055202603340149,0.29559326171875
41917,3,15,5988,2,7,0,3,3.0,1.0,1.0,1.0,1.0,,,,,,,,,,,,,,,,,,,,,,,2,1,2,9,,2,3,3,2,2,2,3,1,7.0,,,,,,,2,3,4,2,2,2,2,1,3,2,2,4,1,2,3,1,3,2,1,1,2,2,1,4,1,7,3,0.3263285458087921,0.20149792730808258
41918,2,15,11045,2,7,0,3,3.0,1.0,1.0,1.0,2.0,,,,,,,,,,,,,,,,,,,,,,,3,1,4,2,2.0,2,4,4,4,4,4,1,6,1.0,3.0,4.0,8.0,7.0,5.0,,2,2,4,2,1,1,1,2,3,2,4,3,2,2,2,2,2,2,2,1,2,2,1,2,1,1,1,0.2585919201374054,0.14566975831985474
41920,2,4,10905,2,4,0,3,3.0,1.0,1.0,1.0,3.0,,,,,,,,,,,,,,,,,,,,,,,1,1,2,2,2.0,2,1,1,1,1,1,1,3,4.0,7.0,5.0,,,,,2,1,4,2,2,1,2,3,1,2,2,4,2,2,1,1,1,1,1,1,1,1,1,1,4,3,9,0.4207970201969147,0.2701301574707031
41921,1,14,14683,2,7,0,1,1.0,,,,,1.0,1.0,2.0,2.0,1.0,2.0,2.0,2.0,2.0,1.0,97.0,,JE SAVAIS PAS,1.0,2.0,3.0,10.0,,,,,,3,3,4,9,,4,4,4,4,4,4,3,9,,,,,,,,2,4,2,2,3,3,3,1,3,2,3,1,2,2,2,2,2,1,2,1,2,2,1,1,1,1,1,0.3866943120956421,0.4557398557662964
41922,4,16,9306,2,8,0,3,3.0,1.0,2.0,2.0,2.0,,,,,,,,,,,,,,,,,,,,,,,3,3,3,2,2.0,2,2,3,2,3,3,2,3,,,,,,,,1,2,2,2,2,3,3,2,2,2,2,2,1,1,3,2,2,2,2,1,2,2,1,3,1,6,3,0.4722529351711273,0.2720399796962738
41923,3,16,98883,3,8,0,1,1.0,,,,,1.0,1.0,2.0,1.0,1.0,2.0,2.0,2.0,1.0,2.0,,,,1.0,2.0,3.0,5.0,8.0,,,,,3,3,4,9,,2,3,1,2,3,3,2,9,,,,,,,,2,3,2,9,2,2,3,1,3,2,2,4,2,2,2,1,2,2,2,1,1,1,1,1,1,3,3,0.7842537760734558,1.120064377784729
41924,4,16,594,1,8,0,3,3.0,1.0,1.0,1.0,1.0,,,,,,,,,,,,,,,,,,,,,,,2,1,2,3,3.0,1,3,3,2,2,3,2,1,,,,,,,,2,3,3,2,2,3,3,1,3,2,2,4,1,2,2,2,2,3,3,1,2,2,1,3,1,5,3,0.40249672532081604,0.32036837935447693
41925,4,11,7350,2,1,0,3,3.0,1.0,1.0,1.0,1.0,,,,,,,,,,,,,,,,,,,,,,,1,3,4,9,,1,2,4,2,3,2,2,4,,,,,,,,2,3,4,2,2,3,2,2,3,2,3,4,1,2,2,2,3,3,1,1,1,1,1,3,1,8,3,0.4055202603340149,0.29559326171875
41926,4,15,45467,3,7,0,1,1.0,,,,,2.0,2.0,2.0,2.0,2.0,1.0,2.0,2.0,2.0,2.0,,,,6.0,,,,,,,,,1,1,4,1,1.0,4,2,4,3,3,2,3,2,1.0,8.0,,,,,,1,1,4,2,2,2,3,3,3,1,1,4,1,1,1,2,2,1,1,2,1,1,1,5,3,7,5,0.8640686869621277,1.519971489906311
41928,2,8,12721,2,2,0,2,2.0,,,,,2.0,1.0,2.0,2.0,2.0,2.0,1.0,2.0,1.0,2.0,,,,1.0,4.0,8.0,,,,,,,2,1,9,3,3.0,2,3,4,1,2,2,4,7,5.0,1.0,4.0,,,,,2,2,3,2,1,2,3,2,3,2,2,2,2,2,3,2,3,4,2,1,2,2,1,2,1,5,3,0.2585919201374054,0.3293706476688385
41930,2,16,19183,2,8,0,1,1.0,,,,,1.0,1.0,1.0,1.0,1.0,1.0,1.0,1.0,2.0,2.0,,,,1.0,2.0,3.0,4.0,5.0,6.0,7.0,9.0,,3,3,4,3,3.0,2,2,3,1,3,2,2,4,,,,,,,,2,4,1,9,3,2,3,2,3,2,3,4,2,2,2,3,3,1,2,1,2,2,1,3,1,2,2,0.2585919201374054,0.3293706476688385
41931,2,6,4094,1,6,0,1,1.0,,,,,2.0,1.0,2.0,2.0,1.0,2.0,1.0,2.0,2.0,2.0,,,,1.0,2.0,4.0,,,,,,,1,3,4,2,2.0,4,1,1,4,4,4,4,3,,,,,,,,2,2,4,1,2,2,2,3,3,2,4,4,2,2,4,3,3,3,3,1,1,1,1,2,1,3,1,0.35864144563674927,0.4015221893787384
41932,3,16,1195,1,8,0,1,1.0,,,,,2.0,2.0,1.0,2.0,2.0,1.0,2.0,2.0,2.0,2.0,,,,6.0,7.0,,,,,,,,2,2,9,9,,2,1,2,2,3,4,3,2,1.0,,,,,,,2,1,3,2,2,2,1,3,3,2,2,4,1,2,1,2,1,2,2,2,2,2,1,4,1,5,2,0.2868990898132324,0.2889620363712311
41934,3,2,30915,3,2,0,3,3.0,1.0,1.0,1.0,1.0,,,,,,,,,,,,,,,,,,,,,,,3,3,9,3,3.0,2,1,1,1,1,1,2,9,,,,,,,,2,3,4,2,1,1,1,1,3,2,3,4,2,2,2,2,2,2,2,1,2,2,1,2,5,1,2,0.6740691065788269,0.36783263087272644
41936,1,7,456,1,5,0,1,1.0,,,,,1.0,1.0,1.0,1.0,1.0,1.0,2.0,2.0,2.0,2.0,,,,1.0,2.0,3.0,5.0,6.0,7.0,,,,2,2,3,2,2.0,4,4,4,1,4,3,1,1,5.0,,,,,,,2,4,4,2,4,4,1,1,3,2,4,4,1,2,2,2,4,4,2,2,2,2,9,5,2,1,1,0.3399709165096283,0.2890481650829315
41938,3,1,212,1,1,1,1,,,,,,2.0,1.0,2.0,2.0,2.0,2.0,2.0,2.0,2.0,2.0,,,,1.0,,,,,,,,,2,3,4,9,,2,3,3,2,2,2,2,9,,,,,,,,2,3,2,2,1,3,2,2,3,2,3,4,1,2,3,3,2,3,2,1,1,1,1,1,1,5,3,0.323589950799942,0.3123702108860016
41939,2,12,1086,1,3,0,1,1.0,,,,,1.0,1.0,2.0,1.0,1.0,2.0,1.0,2.0,2.0,2.0,,,,1.0,2.0,3.0,4.0,5.0,,,,,2,2,3,1,1.0,3,2,2,2,2,2,2,4,2.0,1.0,,,,,,2,3,2,1,3,3,2,3,3,2,2,3,1,2,2,2,2,2,3,1,2,2,1,3,1,6,3,0.22039549052715302,0.21652396023273468
41943,1,16,13441,2,8,0,2,2.0,,,,,1.0,1.0,1.0,1.0,2.0,1.0,2.0,2.0,1.0,2.0,,,,1.0,3.0,5.0,6.0,7.0,8.0,,,,1,1,2,2,2.0,2,1,2,4,2,3,2,3,,,,,,,,1,2,1,2,2,2,2,3,2,2,3,2,1,2,2,2,2,1,2,1,2,2,1,1,4,2,2,0.3866943120956421,0.4557398557662964
41944,3,14,50455,3,7,0,2,2.0,,,,,2.0,1.0,2.0,2.0,2.0,2.0,1.0,2.0,2.0,2.0,,,,1.0,4.0,,,,,,,,2,3,3,9,,1,3,3,2,2,2,3,2,,,,,,,,2,2,4,2,1,1,1,2,3,2,3,3,1,2,4,4,3,2,4,1,1,1,1,4,1,5,3,0.7842537760734558,1.120064377784729
41946,2,15,26377,3,7,0,1,1.0,,,,,2.0,1.0,2.0,2.0,2.0,2.0,1.0,1.0,2.0,2.0,,,,1.0,4.0,9.0,,,,,,,3,3,4,9,,2,3,3,2,2,2,2,9,,,,,,,,2,3,4,2,2,2,2,1,3,2,3,1,2,2,3,1,2,3,2,1,2,2,1,3,1,2,1,0.5341512560844421,0.7763860821723938
41947,1,16,17403,2,8,0,2,2.0,,,,,1.0,1.0,1.0,1.0,1.0,1.0,1.0,1.0,2.0,2.0,,,,1.0,2.0,3.0,4.0,5.0,6.0,7.0,9.0,,2,2,3,2,2.0,2,2,1,1,3,1,2,8,,,,,,,,1,2,2,2,2,3,2,2,9,1,3,2,1,1,3,2,3,2,2,1,1,1,1,2,1,1,3,0.7401166558265686,0.9613955020904541
41948,1,12,25644,3,3,0,2,2.0,,,,,1.0,1.0,1.0,1.0,2.0,2.0,2.0,2.0,1.0,2.0,,,,1.0,3.0,5.0,7.0,8.0,,,,,1,1,1,1,1.0,1,2,1,1,1,1,3,4,6.0,1.0,7.0,5.0,,,,1,1,4,2,4,1,2,3,1,1,2,3,2,2,2,1,1,1,4,1,2,2,1,5,1,7,1,0.7987616658210754,1.0742613077163696
41953,2,3,8098,2,3,0,3,3.0,1.0,2.0,3.0,1.0,,,,,,,,,,,,,,,,,,,,,,,3,1,4,3,3.0,2,3,3,2,2,3,2,6,7.0,5.0,1.0,,,,,2,3,3,2,1,3,2,2,3,1,2,2,2,2,3,2,2,2,3,1,1,1,1,3,1,4,2,0.4207970201969147,0.2701301574707031
41954,1,16,57302,3,8,0,1,1.0,,,,,2.0,2.0,2.0,2.0,2.0,2.0,2.0,2.0,2.0,2.0,,,,11.0,,,,,,,,,3,3,9,9,,4,4,4,4,4,4,4,9,,,,,,,,2,4,1,9,4,4,4,1,9,9,4,4,2,2,4,4,4,4,4,1,2,2,1,1,5,1,3,0.7987616658210754,1.0742613077163696
41955,3,6,19907,2,6,0,3,3.0,1.0,1.0,2.0,1.0,,,,,,,,,,,,,,,,,,,,,,,1,2,1,3,3.0,1,1,1,2,1,2,4,2,8.0,3.0,7.0,5.0,,,,1,1,3,1,2,1,1,4,1,1,1,3,1,1,1,1,2,1,2,2,2,2,1,5,1,6,5,0.3366211950778961,0.19440290331840515
41957,3,6,19907,2,6,0,2,2.0,,,,,2.0,1.0,2.0,2.0,2.0,1.0,1.0,2.0,2.0,2.0,,,,1.0,4.0,6.0,,,,,,,1,1,1,3,3.0,1,2,1,2,3,1,1,4,,,,,,,,1,1,3,1,1,2,3,3,1,1,1,2,1,1,2,2,1,1,3,2,2,2,1,5,1,6,4,0.3366211950778961,0.4395623803138733
41958,3,1,14178,2,1,0,2,2.0,,,,,1.0,1.0,2.0,2.0,1.0,2.0,2.0,2.0,1.0,2.0,,,,1.0,2.0,3.0,8.0,,,,,,1,1,1,3,3.0,1,1,1,2,3,2,1,5,,,,,,,,1,1,3,1,2,3,1,3,1,1,1,2,1,1,1,2,3,1,2,2,2,2,1,4,1,7,5,0.3366211950778961,0.4395623803138733
41963,3,1,49733,3,1,0,3,3.0,1.0,2.0,1.0,1.0,,,,,,,,,,,,,,,,,,,,,,,1,1,1,3,3.0,1,2,1,2,2,2,3,7,5.0,6.0,,,,,,1,1,3,2,2,1,2,4,1,1,2,4,1,1,1,2,2,1,2,1,1,1,1,5,1,6,3,0.7842537760734558,0.3836304843425751
41964,2,1,49733,3,1,0,3,3.0,2.0,,,1.0,,,,,,,,,,,,,,,,,,,,,,,2,1,1,3,3.0,1,2,1,3,1,2,3,8,6.0,4.0,1.0,,,,,1,1,3,2,1,2,1,3,1,1,1,4,1,1,2,3,1,2,1,1,2,2,1,4,1,5,1,0.5341512560844421,0.26591959595680237
41966,3,9,25081,3,2,0,3,3.0,2.0,,,1.0,,,,,,,,,,,,,,,,,,,,,,,2,1,1,3,3.0,1,2,1,2,1,1,3,3,2.0,1.0,6.0,,,,,1,1,3,1,2,2,3,3,1,1,4,4,1,1,2,2,1,2,1,2,2,2,1,4,1,5,3,0.6953297257423401,0.3548816442489624
41967,3,6,19907,2,6,0,2,2.0,,,,,1.0,1.0,1.0,2.0,2.0,2.0,1.0,2.0,1.0,2.0,,,,1.0,3.0,4.0,7.0,8.0,,,,,1,1,1,3,3.0,1,2,3,1,1,2,4,5,4.0,,,,,,,1,1,4,1,1,2,3,4,1,1,1,2,1,1,2,2,1,3,1,2,2,2,1,4,1,6,2,0.3366211950778961,0.4395623803138733
41968,3,3,8098,2,3,0,3,3.0,2.0,,,1.0,,,,,,,,,,,,,,,,,,,,,,,2,1,2,3,3.0,1,1,2,3,2,3,3,7,4.0,5.0,3.0,,,,,1,2,3,1,1,3,2,3,2,1,2,4,1,1,2,1,1,2,2,2,2,2,1,4,1,6,3,0.3366211950778961,0.19440290331840515
41971,2,16,1195,1,8,0,2,2.0,,,,,1.0,1.0,2.0,2.0,2.0,1.0,1.0,2.0,2.0,2.0,,,,1.0,3.0,4.0,6.0,,,,,,2,3,4,9,,1,3,3,2,1,3,2,1,,,,,,,,2,4,2,2,2,2,3,1,2,2,1,3,1,2,2,2,2,3,3,2,2,2,1,3,1,6,3,0.22734686732292175,0.20890000462532043
41972,3,12,25644,3,3,0,3,3.0,1.0,1.0,1.0,1.0,,,,,,,,,,,,,,,,,,,,,,,1,2,2,9,,3,3,2,3,3,3,3,2,4.0,3.0,1.0,,,,,2,2,4,1,2,2,2,3,3,1,2,4,1,2,1,3,2,2,2,1,1,1,1,3,1,5,3,0.7842537760734558,0.3836304843425751
41973,3,15,2069,1,7,0,1,1.0,,,,,1.0,1.0,2.0,2.0,2.0,1.0,1.0,1.0,2.0,2.0,,,,1.0,3.0,4.0,6.0,9.0,,,,,1,1,1,1,1.0,1,3,2,3,4,1,1,6,,,,,,,,1,1,1,1,3,2,1,1,1,1,1,2,1,1,3,2,3,1,4,1,1,1,1,1,1,7,1,0.323589950799942,0.3123702108860016
41975,2,14,50455,3,7,0,1,1.0,,,,,1.0,1.0,2.0,1.0,1.0,2.0,1.0,2.0,2.0,2.0,,,,1.0,2.0,3.0,4.0,5.0,,,,,2,3,4,9,,2,1,3,2,2,3,2,9,,,,,,,,1,4,2,1,3,4,1,1,3,1,3,3,1,2,3,2,3,2,2,1,1,1,1,3,1,5,3,0.8692047595977783,1.4397292137145996
41976,3,6,19907,2,6,0,2,2.0,,,,,2.0,2.0,2.0,1.0,2.0,2.0,2.0,2.0,2.0,2.0,,,,5.0,,,,,,,,,1,1,1,1,1.0,1,2,3,1,2,1,1,8,,,,,,,,1,1,1,1,1,3,2,1,1,1,1,2,1,1,2,4,1,3,3,1,1,1,1,3,1,5,3,0.3796708583831787,0.4751705229282379
41977,3,17,2386,1,4,0,3,3.0,1.0,3.0,2.0,2.0,,,,,,,,,,,,,,,,,,,,,,,2,1,1,1,1.0,2,2,2,2,2,2,1,4,7.0,1.0,5.0,3.0,,,,2,4,2,2,2,2,2,2,2,2,2,3,1,1,2,2,2,2,2,1,2,2,1,2,5,2,3,0.2781267762184143,0.23729513585567474
41978,2,16,90161,3,8,0,3,3.0,1.0,2.0,2.0,2.0,,,,,,,,,,,,,,,,,,,,,,,1,2,3,1,1.0,4,3,2,3,2,4,3,5,6.0,4.0,3.0,7.0,,,,1,3,3,2,2,1,2,4,9,1,2,3,2,1,3,3,3,2,2,2,1,1,1,4,1,7,3,0.8966200947761536,0.47575831413269043
41979,2,6,19907,2,6,0,2,2.0,,,,,2.0,2.0,2.0,2.0,1.0,1.0,1.0,1.0,1.0,2.0,,,,2.0,4.0,6.0,8.0,9.0,,,,,1,1,2,1,1.0,1,1,2,3,1,2,1,7,6.0,1.0,,,,,,1,2,1,1,3,1,2,2,1,1,1,2,1,1,1,1,2,3,2,1,2,2,1,2,2,6,3,0.2585919201374054,0.3293706476688385
41980,3,6,19907,2,6,0,1,1.0,,,,,1.0,2.0,1.0,1.0,2.0,2.0,1.0,1.0,2.0,2.0,,,,3.0,4.0,5.0,7.0,9.0,,,,,1,1,1,9,,1,2,3,3,1,4,1,8,,,,,,,,1,1,1,1,1,2,3,1,1,1,1,2,1,1,4,1,2,3,3,1,1,1,1,1,1,7,1,0.3796708583831787,0.4751705229282379
41981,2,16,2510,1,8,0,3,3.0,1.0,1.0,1.0,2.0,,,,,,,,,,,,,,,,,,,,,,,1,1,2,3,3.0,2,2,2,2,2,1,2,6,5.0,8.0,,,,,,1,2,2,2,1,1,1,2,2,2,2,4,1,2,1,1,1,1,1,1,1,1,1,5,1,6,3,0.35864144563674927,0.3181191384792328
41983,1,15,27296,3,7,0,3,3.0,1.0,1.0,1.0,1.0,,,,,,,,,,,,,,,,,,,,,,,1,1,2,9,,1,3,3,2,2,2,3,3,,,,,,,,1,2,4,2,1,1,1,2,3,2,2,4,2,2,3,2,3,4,3,1,2,2,1,4,1,5,1,0.7987616658210754,0.3679428696632385
41984,2,8,33024,3,2,0,2,2.0,,,,,1.0,1.0,2.0,1.0,2.0,2.0,2.0,2.0,2.0,2.0,,,,1.0,3.0,5.0,,,,,,,2,3,4,3,3.0,3,2,2,2,2,3,4,3,,,,,,,,2,4,1,1,2,2,3,3,3,1,4,4,1,2,3,4,1,3,4,1,2,2,1,2,1,6,3,0.5341512560844421,0.7763860821723938
41985,2,7,12551,2,5,0,3,3.0,1.0,2.0,2.0,1.0,,,,,,,,,,,,,,,,,,,,,,,1,2,2,3,3.0,2,2,2,2,2,2,2,9,,,,,,,,2,2,3,2,2,1,2,2,2,2,2,2,2,1,2,2,1,2,2,1,2,2,1,2,2,1,1,0.2585919201374054,0.14566975831985474
41991,2,16,98883,3,8,0,2,2.0,,,,,2.0,1.0,2.0,1.0,1.0,1.0,2.0,2.0,1.0,2.0,,,,1.0,2.0,5.0,6.0,8.0,,,,,1,2,3,9,,2,2,2,2,3,3,2,4,5.0,,,,,,,1,3,3,2,3,3,2,2,2,2,4,4,2,2,4,4,2,4,1,1,1,1,1,3,2,4,6,0.8692047595977783,1.4397292137145996
41994,1,3,3061,1,3,0,3,3.0,1.0,1.0,1.0,1.0,,,,,,,,,,,,,,,,,,,,,,,1,2,2,3,3.0,1,1,1,1,1,1,1,5,,,,,,,,1,1,4,1,1,1,1,4,2,2,2,1,1,1,1,1,1,1,1,1,2,2,1,4,1,2,2,0.32957592606544495,0.2373657077550888
41995,3,14,86419,3,7,0,1,1.0,,,,,2.0,2.0,2.0,2.0,1.0,2.0,2.0,2.0,2.0,2.0,,,,2.0,,,,,,,,,1,2,3,9,,1,3,3,3,2,2,3,7,5.0,1.0,,,,,,2,3,3,1,3,2,4,1,3,1,2,4,1,2,4,4,1,4,4,1,2,2,1,4,2,3,4,0.6740691065788269,1.0739414691925049
42002,4,4,49802,3,4,0,1,1.0,,,,,1.0,2.0,2.0,1.0,1.0,1.0,2.0,2.0,2.0,2.0,,,,2.0,3.0,5.0,6.0,,,,,,3,3,4,9,,3,2,2,2,2,2,1,4,,,,,,,,2,4,1,1,4,4,4,1,3,2,4,2,2,2,4,2,2,2,2,1,2,2,1,2,6,1,1,0.9754925966262817,1.4499083757400513
42009,4,17,79153,3,4,0,3,3.0,1.0,2.0,2.0,2.0,,,,,,,,,,,,,,,,,,,,,,,3,2,3,9,,2,2,2,2,3,2,2,5,1.0,,,,,,,2,3,2,1,2,3,3,2,3,2,3,4,1,2,3,3,2,1,2,1,2,2,1,3,3,3,2,0.9754925966262817,0.4966069459915161
42010,1,16,2184,1,8,0,2,2.0,,,,,2.0,1.0,1.0,2.0,2.0,1.0,1.0,2.0,2.0,2.0,,,,1.0,4.0,6.0,7.0,,,,,,3,3,3,3,3.0,2,2,1,3,3,2,2,7,2.0,4.0,5.0,,,,,2,3,2,1,2,3,3,2,3,2,3,2,2,2,3,2,2,2,2,1,2,2,1,2,5,2,4,0.32957592606544495,0.2995974123477936
42012,2,16,2829,1,8,0,1,1.0,,,,,1.0,1.0,2.0,1.0,1.0,2.0,1.0,2.0,2.0,2.0,,,,1.0,2.0,3.0,4.0,5.0,,,,,3,3,4,9,,4,2,2,2,3,2,2,1,,,,,,,,2,4,3,1,2,3,2,1,2,2,3,2,2,2,3,1,2,2,4,1,2,2,1,2,1,2,4,0.22039549052715302,0.21652396023273468
42014,1,14,1382,1,7,0,2,2.0,,,,,2.0,1.0,1.0,2.0,1.0,1.0,1.0,2.0,2.0,2.0,,,,1.0,2.0,4.0,6.0,7.0,,,,,2,3,4,3,3.0,2,2,2,2,1,3,2,5,3.0,1.0,,,,,,2,2,2,2,1,1,1,1,2,1,2,3,1,2,1,1,1,3,2,1,2,2,1,3,1,3,3,0.32957592606544495,0.2995974123477936
42022,3,14,4072,1,7,0,3,3.0,1.0,1.0,2.0,1.0,,,,,,,,,,,,,,,,,,,,,,,3,2,3,9,,3,3,3,2,2,4,3,8,,,,,,,,1,3,4,2,1,3,3,1,1,2,2,4,1,2,3,1,3,3,2,1,2,2,1,3,1,98,3,0.2781267762184143,0.23729513585567474
42023,2,16,31447,3,8,0,3,3.0,1.0,1.0,2.0,2.0,,,,,,,,,,,,,,,,,,,,,,,2,2,3,2,2.0,2,1,2,1,2,2,2,5,,,,,,,,2,2,4,2,2,1,2,2,2,2,3,2,2,1,2,2,2,2,3,1,1,1,1,3,4,1,1,0.8692047595977783,0.4931209683418274
42024,4,15,45467,3,7,0,1,1.0,,,,,2.0,1.0,2.0,2.0,2.0,2.0,2.0,2.0,1.0,2.0,,,,1.0,8.0,,,,,,,,3,3,3,3,3.0,2,3,2,2,2,2,2,4,2.0,1.0,,,,,,2,2,2,2,2,2,3,2,3,2,2,3,1,2,3,3,2,2,3,1,2,2,2,4,1,4,3,0.9754925966262817,1.4499083757400513
42025,2,14,23299,3,7,0,1,1.0,,,,,1.0,2.0,1.0,1.0,1.0,1.0,1.0,2.0,2.0,2.0,,,,2.0,3.0,4.0,5.0,6.0,7.0,,,,2,2,3,9,,4,4,4,4,4,4,2,5,4.0,,,,,,,2,4,2,9,4,4,4,1,3,2,3,4,1,2,4,1,1,1,1,1,2,2,1,2,1,4,3,0.5341512560844421,0.7763860821723938
42027,4,4,49802,3,4,0,3,3.0,1.0,1.0,1.0,1.0,,,,,,,,,,,,,,,,,,,,,,,1,2,9,9,,3,1,1,4,3,3,3,3,,,,,,,,1,4,4,1,1,4,3,2,3,2,4,4,1,2,2,2,2,2,2,1,1,1,1,3,1,3,1,0.8376485109329224,0.539604127407074
42028,2,6,19907,2,6,0,1,1.0,,,,,1.0,1.0,2.0,1.0,2.0,2.0,1.0,2.0,1.0,2.0,,,,1.0,3.0,4.0,5.0,8.0,,,,,1,1,1,3,3.0,1,3,3,2,4,1,1,1,6.0,7.0,,,,,,1,1,2,1,1,2,3,2,1,1,1,2,1,1,3,1,4,3,2,2,1,1,1,3,1,6,4,0.43406933546066284,0.5892806649208069
42031,4,16,98883,3,8,0,3,3.0,1.0,1.0,1.0,1.0,,,,,,,,,,,,,,,,,,,,,,,1,1,3,3,3.0,3,1,1,3,2,2,3,5,8.0,4.0,,,,,,1,2,4,2,1,1,1,2,3,2,3,4,1,2,2,2,2,3,1,1,2,2,1,2,1,5,3,0.9754925966262817,0.4966069459915161
42032,2,15,26377,3,7,0,1,1.0,,,,,1.0,1.0,1.0,1.0,1.0,1.0,1.0,1.0,2.0,2.0,,,,1.0,2.0,3.0,4.0,5.0,6.0,7.0,9.0,,3,3,4,9,,3,2,3,3,3,2,2,9,,,,,,,,2,4,1,1,3,4,2,2,3,2,4,2,2,2,3,2,2,2,3,1,2,2,1,2,2,1,2,0.5341512560844421,0.7763860821723938
42034,2,6,33714,3,6,0,2,2.0,,,,,2.0,2.0,2.0,2.0,1.0,2.0,2.0,2.0,2.0,2.0,,,,2.0,,,,,,,,,2,2,3,9,,2,3,3,2,2,2,3,1,4.0,3.0,,,,,,2,3,3,2,1,1,2,2,3,2,3,4,2,2,2,2,2,2,2,2,2,2,1,4,1,3,1,0.5509987473487854,0.7490490078926086
42036,3,16,90161,3,8,0,3,3.0,1.0,1.0,1.0,1.0,,,,,,,,,,,,,,,,,,,,,,,1,2,1,3,3.0,1,1,1,1,1,1,3,3,5.0,2.0,,,,,,2,2,4,2,1,1,1,3,3,2,1,4,1,2,3,1,3,1,4,2,1,1,2,5,1,8,2,0.8089898824691772,0.3701227307319641
42037,3,11,2653,1,1,0,3,3.0,1.0,2.0,1.0,2.0,,,,,,,,,,,,,,,,,,,,,,,1,2,2,3,3.0,2,1,1,2,1,2,2,2,8.0,5.0,,,,,,1,2,2,2,2,2,1,2,2,2,2,3,1,2,1,2,2,1,2,2,1,1,1,5,1,7,1,0.3337962329387665,0.2387717068195343
42038,3,16,57302,3,8,0,3,3.0,1.0,1.0,2.0,2.0,,,,,,,,,,,,,,,,,,,,,,,1,2,2,3,3.0,2,3,3,1,2,2,3,5,1.0,4.0,2.0,3.0,7.0,,,2,1,4,2,1,1,2,4,1,2,1,3,1,2,3,2,3,2,3,1,2,2,1,3,1,8,2,0.6740691065788269,0.36783263087272644
42040,3,11,2015,1,1,0,3,3.0,1.0,2.0,1.0,2.0,,,,,,,,,,,,,,,,,,,,,,,2,2,2,3,3.0,2,1,1,1,2,2,2,2,5.0,7.0,,,,,,1,2,2,2,2,2,1,3,2,2,2,4,1,1,1,2,2,1,1,2,2,2,1,5,1,7,1,0.2868990898132324,0.22893983125686646
42042,1,15,13893,2,7,0,3,3.0,1.0,2.0,2.0,2.0,,,,,,,,,,,,,,,,,,,,,,,3,1,3,3,3.0,2,3,3,2,2,2,2,4,3.0,1.0,,,,,,2,3,3,2,3,3,2,2,3,2,2,2,2,2,3,1,2,3,1,1,2,2,1,9,1,3,1,0.3866943120956421,0.2015577256679535
42043,2,11,1686,1,1,0,3,3.0,1.0,2.0,1.0,2.0,,,,,,,,,,,,,,,,,,,,,,,2,2,3,3,3.0,2,2,2,2,1,1,2,6,4.0,1.0,,,,,,1,2,2,1,1,1,2,2,2,2,2,3,2,1,1,2,1,1,2,2,1,1,1,5,1,8,1,0.3699531853199005,0.30691826343536377
42044,4,16,7409,2,8,0,3,3.0,1.0,2.0,2.0,1.0,,,,,,,,,,,,,,,,,,,,,,,1,2,2,3,3.0,2,2,3,2,2,2,3,2,,,,,,,,1,2,4,2,2,2,1,3,2,2,1,4,1,2,3,3,2,3,2,1,1,1,1,2,1,4,3,0.4055202603340149,0.29559326171875
42047,3,16,26474,3,8,0,2,2.0,,,,,2.0,2.0,2.0,2.0,2.0,1.0,1.0,1.0,2.0,2.0,,,,4.0,6.0,9.0,,,,,,,1,1,3,9,,3,3,3,3,2,3,3,2,,,,,,,,1,2,3,2,3,3,1,2,1,1,2,3,1,2,3,3,2,3,3,1,2,2,1,3,1,3,1,0.6740691065788269,1.0739414691925049
42048,3,1,371,1,1,0,3,3.0,1.0,1.0,1.0,2.0,,,,,,,,,,,,,,,,,,,,,,,2,2,2,2,2.0,2,1,2,1,1,2,2,7,2.0,4.0,,,,,,2,2,3,2,2,2,1,2,2,2,2,3,1,1,2,1,2,2,2,2,1,1,1,5,1,8,2,0.3337962329387665,0.2387717068195343
42051,2,8,43182,3,2,0,3,3.0,1.0,2.0,2.0,1.0,,,,,,,,,,,,,,,,,,,,,,,1,3,3,3,3.0,1,3,4,3,2,2,3,5,7.0,3.0,,,,,,2,4,3,1,1,2,1,1,3,2,3,4,2,2,4,1,2,2,2,1,2,2,1,2,1,3,1,0.5341512560844421,0.26591959595680237
42052,2,6,19907,2,6,0,1,1.0,,,,,2.0,1.0,2.0,2.0,1.0,2.0,1.0,2.0,2.0,2.0,,,,1.0,2.0,4.0,,,,,,,3,3,4,9,,3,4,1,4,4,3,3,9,,,,,,,,2,3,2,9,2,2,1,1,3,1,3,4,2,2,4,2,2,1,1,2,2,2,1,2,6,4,3,0.2667480409145355,0.3177734911441803
42054,2,1,453,1,1,0,3,3.0,1.0,1.0,2.0,2.0,,,,,,,,,,,,,,,,,,,,,,,2,2,2,3,3.0,2,1,3,2,2,2,2,8,2.0,4.0,,,,,,2,2,2,2,2,2,1,2,2,2,2,3,2,1,1,1,1,2,2,2,2,2,1,5,1,8,1,0.22734686732292175,0.16550791263580322
42057,2,6,19907,2,6,0,2,2.0,,,,,2.0,2.0,2.0,1.0,2.0,2.0,1.0,2.0,2.0,2.0,,,,4.0,5.0,,,,,,,,2,2,2,2,2.0,2,2,1,3,2,3,3,9,,,,,,,,2,2,3,2,1,2,3,2,2,2,4,3,2,2,4,4,4,3,2,2,2,2,1,3,1,3,1,0.2667480409145355,0.3177734911441803
42058,3,5,5447,2,5,0,1,1.0,,,,,1.0,1.0,1.0,1.0,1.0,1.0,1.0,2.0,2.0,2.0,,,,1.0,2.0,3.0,4.0,5.0,6.0,7.0,,,3,3,4,9,,4,4,2,4,4,4,1,9,,,,,,,,2,4,1,9,4,4,4,1,3,2,4,2,2,2,2,2,2,2,2,1,1,1,1,1,9,1,3,0.3796708583831787,0.4751705229282379
42059,3,17,79153,3,4,0,1,1.0,,,,,1.0,1.0,1.0,1.0,1.0,1.0,2.0,2.0,2.0,2.0,,,,1.0,2.0,3.0,5.0,6.0,7.0,,,,3,3,4,1,1.0,4,1,1,4,4,4,4,9,,,,,,,,2,4,1,1,4,4,4,2,3,2,4,1,2,2,4,4,4,1,1,1,1,1,1,2,2,1,1,0.7842537760734558,1.120064377784729
42061,2,9,1294,1,2,0,2,2.0,,,,,1.0,1.0,2.0,2.0,2.0,2.0,1.0,2.0,2.0,2.0,,,,1.0,3.0,4.0,,,,,,,1,3,9,9,,2,1,3,2,3,1,2,2,,,,,,,,1,3,4,2,2,2,3,2,2,2,1,4,1,2,2,2,2,2,2,1,2,2,1,2,1,4,3,0.22039549052715302,0.21652396023273468
42063,1,14,4280,1,7,0,1,1.0,,,,,1.0,1.0,2.0,1.0,2.0,2.0,2.0,2.0,2.0,2.0,,,,1.0,3.0,5.0,,,,,,,3,3,4,9,,2,3,3,2,2,2,2,9,,,,,,,,2,3,2,1,4,4,4,2,3,2,3,2,2,2,4,4,2,4,4,1,2,2,1,2,1,1,1,0.32957592606544495,0.2995974123477936
42064,3,15,19597,2,7,0,2,2.0,,,,,2.0,2.0,2.0,2.0,2.0,2.0,2.0,1.0,2.0,1.0,16.0,,J'AI JUSTE OUBLIÉ TABAROUETTE,9.0,10.0,,,,,,,,1,2,2,9,,4,2,3,2,2,2,3,2,7.0,3.0,5.0,,,,,2,2,3,2,2,2,3,3,3,1,2,4,2,2,3,2,3,2,3,1,2,2,1,3,1,6,3,0.3263285458087921,0.45560455322265625
42066,2,16,90161,3,8,0,3,3.0,1.0,1.0,1.0,1.0,,,,,,,,,,,,,,,,,,,,,,,2,1,3,3,3.0,4,2,1,2,2,1,3,4,,,,,,,,2,2,3,2,1,2,2,3,1,2,2,3,1,2,1,3,2,2,2,2,2,2,2,5,1,3,3,0.5509987473487854,0.2565561830997467
42067,3,5,3889,1,5,0,3,3.0,1.0,1.0,1.0,2.0,,,,,,,,,,,,,,,,,,,,,,,3,3,3,1,1.0,2,3,3,3,3,2,2,1,,,,,,,,1,3,3,2,2,3,2,2,3,2,3,4,1,2,2,3,2,3,4,1,1,1,1,2,1,8,3,0.323589950799942,0.24748627841472626
42072,2,15,79838,3,7,0,3,3.0,1.0,1.0,1.0,1.0,,,,,,,,,,,,,,,,,,,,,,,1,3,3,9,,2,3,3,1,2,2,2,1,3.0,5.0,,,,,,2,4,3,1,1,2,3,2,3,1,2,4,2,2,3,3,2,3,3,1,2,2,1,2,5,3,3,0.5341512560844421,0.26591959595680237
42083,4,1,49733,3,1,0,1,1.0,,,,,1.0,2.0,1.0,1.0,1.0,1.0,2.0,2.0,1.0,2.0,,,,2.0,3.0,5.0,6.0,7.0,8.0,,,,1,1,4,3,3.0,2,4,1,4,3,2,2,3,,,,,,,,2,4,1,1,1,4,4,1,3,2,4,4,1,2,1,1,3,4,1,1,1,1,1,3,1,7,5,0.8376485109329224,1.5754419565200806
42085,2,15,7316,2,7,0,1,1.0,,,,,2.0,2.0,1.0,2.0,2.0,1.0,2.0,2.0,2.0,2.0,,,,6.0,7.0,,,,,,,,3,1,4,1,1.0,2,1,1,3,3,4,4,4,3.0,5.0,1.0,,,,,2,4,2,1,2,3,2,2,3,2,3,4,2,2,3,1,1,1,1,1,2,2,1,2,1,2,3,0.2585919201374054,0.3293706476688385
42088,4,14,23299,3,7,0,2,2.0,,,,,2.0,1.0,2.0,2.0,2.0,2.0,2.0,2.0,1.0,2.0,,,,1.0,8.0,,,,,,,,3,3,4,9,,2,3,3,2,2,2,3,8,,,,,,,,1,2,3,2,1,2,3,3,3,1,3,2,1,2,4,2,2,3,2,1,2,2,1,2,1,8,5,0.9754925966262817,1.4499083757400513
42089,2,16,8395,2,8,0,3,3.0,1.0,1.0,1.0,1.0,,,,,,,,,,,,,,,,,,,,,,,1,2,2,9,,2,3,3,2,2,2,3,5,8.0,1.0,,,,,,1,2,4,2,2,1,2,2,3,1,2,1,1,2,3,1,1,3,2,1,2,2,1,5,1,7,2,0.2585919201374054,0.14566975831985474
42092,5,4,3680,1,4,0,3,3.0,1.0,1.0,1.0,1.0,,,,,,,,,,,,,,,,,,,,,,,1,1,2,3,3.0,1,3,4,2,2,1,2,8,2.0,1.0,4.0,,,,,2,2,4,2,1,1,1,3,2,2,2,4,1,2,2,3,1,3,3,1,2,2,1,3,1,98,2,0.44527024030685425,0.45991402864456177
42093,5,6,33714,3,6,0,3,3.0,1.0,1.0,1.0,1.0,,,,,,,,,,,,,,,,,,,,,,,1,1,9,9,,2,2,3,2,4,1,3,1,2.0,3.0,,,,,,1,2,4,2,1,1,2,2,2,2,2,4,1,2,2,2,2,4,2,2,1,1,2,5,1,8,2,0.8816702961921692,0.5627937316894531
42094,2,16,17403,2,8,0,2,2.0,,,,,1.0,1.0,2.0,2.0,1.0,2.0,1.0,2.0,2.0,2.0,,,,1.0,2.0,3.0,4.0,,,,,,2,3,4,9,,2,1,2,3,3,2,2,9,,,,,,,,2,4,3,2,3,4,4,1,3,2,3,4,2,2,3,2,1,1,3,1,2,2,1,2,1,6,3,0.2585919201374054,0.3293706476688385
42095,4,1,49733,3,1,0,3,3.0,1.0,2.0,2.0,2.0,,,,,,,,,,,,,,,,,,,,,,,1,2,9,9,,1,3,2,2,3,2,2,1,3.0,6.0,,,,,,2,2,4,2,2,2,2,3,3,1,2,4,1,2,2,2,2,4,2,1,1,1,1,5,1,8,2,0.8376485109329224,0.539604127407074
42096,5,6,19907,2,6,0,3,3.0,1.0,2.0,3.0,1.0,,,,,,,,,,,,,,,,,,,,,,,1,3,4,9,,3,2,2,3,2,3,2,2,,,,,,,,2,3,3,1,2,3,3,3,3,2,3,4,1,2,2,3,2,2,1,2,1,1,1,2,1,7,2,0.4268319010734558,0.3082956075668335
42098,5,15,45467,3,7,0,3,3.0,1.0,1.0,3.0,1.0,,,,,,,,,,,,,,,,,,,,,,,1,1,4,1,1.0,4,1,1,3,3,3,4,2,,,,,,,,1,4,4,2,4,1,1,3,1,2,3,4,1,2,4,4,4,1,1,1,1,1,1,3,3,4,2,0.8547120690345764,0.5833334922790527
42099,4,8,2008,1,2,0,3,3.0,1.0,1.0,1.0,2.0,,,,,,,,,,,,,,,,,,,,,,,1,3,3,3,3.0,2,3,3,2,2,1,3,9,,,,,,,,2,3,4,1,2,2,2,2,3,2,2,4,1,2,2,2,2,2,2,1,1,1,1,4,1,5,1,0.34562113881111145,0.3481054902076721
42100,5,16,98883,3,8,0,1,1.0,,,,,1.0,2.0,2.0,2.0,1.0,2.0,2.0,2.0,2.0,2.0,,,,2.0,3.0,,,,,,,,3,3,4,9,,2,3,3,2,1,2,4,9,,,,,,,,1,4,4,2,2,2,2,1,2,2,2,4,1,2,3,2,1,4,1,1,1,1,1,4,1,5,2,0.8547120690345764,1.7031153440475464
42103,4,17,3085,1,4,0,2,2.0,,,,,2.0,2.0,2.0,2.0,2.0,2.0,2.0,2.0,2.0,1.0,13.0,,LE MAIRE A ÉTÉ ÉLU PAR ACCLAMATION,10.0,,,,,,,,,2,3,3,3,3.0,3,3,2,2,2,2,3,1,2.0,,,,,,,2,2,4,2,2,2,2,3,3,2,3,4,1,1,3,3,3,2,3,1,1,1,1,2,1,3,2,0.34562113881111145,0.43937116861343384
42104,5,15,14129,2,7,0,2,2.0,,,,,2.0,2.0,2.0,2.0,2.0,2.0,2.0,2.0,2.0,1.0,10.0,,JE ME SUIS CASSÉ UN PIED LA VEILLE.,10.0,,,,,,,,,1,1,3,9,,2,3,3,2,2,2,3,8,7.0,1.0,,,,,,1,2,4,2,1,1,1,3,3,1,1,4,1,1,3,2,2,3,1,1,2,2,1,5,3,4,1,0.5224395394325256,0.8830307126045227
42105,4,16,26474,3,8,0,1,1.0,,,,,1.0,2.0,2.0,2.0,2.0,2.0,1.0,2.0,2.0,2.0,,,,3.0,4.0,,,,,,,,3,3,4,9,,2,2,2,2,2,2,2,9,,,,,,,,1,4,2,1,2,2,2,1,3,2,3,3,1,2,2,2,2,2,2,2,2,2,1,3,1,8,3,1.0062602758407593,1.3988581895828247
42106,4,16,1195,1,8,0,2,2.0,,,,,1.0,1.0,2.0,2.0,2.0,1.0,2.0,2.0,2.0,2.0,,,,1.0,3.0,6.0,,,,,,,3,2,4,9,,2,2,2,3,2,2,2,2,,,,,,,,1,4,2,2,1,2,2,2,3,1,4,2,2,2,3,4,2,3,4,2,1,1,1,3,2,2,1,0.35652217268943787,0.42389994859695435
42107,4,2,30915,3,2,0,1,1.0,,,,,1.0,1.0,1.0,1.0,1.0,1.0,1.0,1.0,1.0,2.0,,,,1.0,2.0,3.0,4.0,5.0,6.0,7.0,8.0,9.0,3,3,4,9,,3,2,2,2,2,2,2,9,,,,,,,,2,4,1,9,3,3,3,1,3,2,3,4,2,2,1,1,1,1,1,1,1,1,1,2,1,1,1,0.8376485109329224,1.5754419565200806
42108,3,16,31447,3,8,0,1,1.0,,,,,2.0,2.0,2.0,2.0,2.0,2.0,1.0,2.0,2.0,2.0,,,,4.0,,,,,,,,,1,3,4,9,,2,3,3,3,2,2,2,3,,,,,,,,2,4,2,1,1,2,1,1,3,2,2,4,1,2,3,2,2,3,2,1,2,2,1,3,1,7,3,0.6740691065788269,1.0739414691925049
42110,3,2,30915,3,2,0,1,1.0,,,,,2.0,1.0,2.0,1.0,2.0,2.0,1.0,2.0,2.0,2.0,,,,1.0,4.0,5.0,,,,,,,2,3,4,9,,1,3,4,1,1,3,3,2,4.0,1.0,7.0,,,,,2,3,3,2,1,2,2,1,3,2,2,4,2,2,2,1,1,2,4,1,1,1,1,2,1,3,1,0.7842537760734558,1.120064377784729
42111,5,10,1552,1,2,1,1,,,,,,2.0,2.0,2.0,2.0,2.0,2.0,2.0,2.0,2.0,1.0,13.0,,"3 ÉLUS PAR ACCLAMATIONS, 4 POSTES DE CONSEILLER SANS CANDIDAT ET NOUVELLE ÉLECTION QUI AURA LIEU E",10.0,,,,,,,,,1,3,9,3,3.0,1,4,4,1,1,3,3,9,,,,,,,,2,1,4,2,1,2,1,4,2,1,1,4,1,1,2,2,2,4,1,1,1,1,1,5,1,6,2,0.3526615500450134,0.4749772846698761
42112,2,17,79153,3,4,0,2,2.0,,,,,1.0,1.0,2.0,1.0,1.0,1.0,1.0,2.0,2.0,2.0,,,,1.0,2.0,3.0,4.0,5.0,6.0,,,,1,2,2,2,2.0,1,4,2,2,3,2,2,2,,,,,,,,1,2,2,2,1,1,1,2,1,1,2,4,2,1,2,3,2,3,2,1,2,2,1,2,1,4,1,0.5341512560844421,0.7763860821723938
42114,4,4,3680,1,4,0,2,2.0,,,,,2.0,2.0,2.0,1.0,1.0,1.0,2.0,2.0,2.0,2.0,,,,2.0,5.0,6.0,,,,,,,1,2,3,3,3.0,3,3,2,2,2,1,2,8,5.0,4.0,,,,,,1,2,3,1,3,3,2,4,3,1,2,4,1,2,3,3,2,3,4,1,1,1,1,5,1,8,5,0.34562113881111145,0.43937116861343384
42115,1,4,49802,3,4,0,1,1.0,,,,,2.0,1.0,2.0,1.0,1.0,2.0,1.0,2.0,2.0,2.0,,,,1.0,2.0,4.0,5.0,,,,,,2,3,4,3,3.0,2,3,3,2,2,3,2,7,1.0,,,,,,,2,4,2,1,3,3,3,2,3,2,2,4,1,2,3,3,2,3,2,1,2,2,1,4,1,5,2,0.7987616658210754,1.0742613077163696
42116,5,4,2063,1,4,0,3,3.0,1.0,1.0,1.0,1.0,,,,,,,,,,,,,,,,,,,,,,,1,1,4,9,,3,2,2,4,4,3,3,1,,,,,,,,2,2,4,2,1,1,2,2,3,2,4,4,1,2,3,3,2,1,2,1,2,2,1,4,3,8,2,0.44527024030685425,0.45991402864456177
42117,5,9,25081,3,2,0,3,3.0,1.0,1.0,1.0,1.0,,,,,,,,,,,,,,,,,,,,,,,1,1,2,9,,1,1,1,1,1,1,2,4,3.0,,,,,,,2,2,4,2,1,1,1,3,3,2,2,4,1,2,2,1,2,2,2,1,2,2,1,3,5,4,2,1.0791586637496948,0.712917149066925
42119,5,6,19907,2,6,0,3,3.0,1.0,1.0,1.0,2.0,,,,,,,,,,,,,,,,,,,,,,,1,3,2,9,,2,3,3,2,2,2,3,9,,,,,,,,2,3,4,1,2,2,2,3,3,2,2,4,1,2,3,3,3,3,3,2,2,2,1,4,1,7,2,0.5389177203178406,0.37678301334381104
42121,5,16,19183,2,8,0,3,3.0,2.0,,,2.0,,,,,,,,,,,,,,,,,,,,,,,2,3,3,9,,3,2,3,1,1,2,2,3,,,,,,,,2,3,3,1,1,2,3,2,3,2,3,1,2,2,3,1,1,3,1,1,2,2,1,2,3,3,1,0.5224395394325256,0.3905333876609802
42124,2,14,6629,2,7,0,2,2.0,,,,,2.0,2.0,2.0,2.0,2.0,2.0,1.0,1.0,2.0,2.0,,,,4.0,9.0,,,,,,,,1,2,3,9,,2,3,3,2,2,4,2,1,8.0,2.0,,,,,,1,3,4,2,1,1,1,1,3,2,4,2,1,2,1,1,1,1,1,1,2,2,1,4,1,5,1,0.2585919201374054,0.3293706476688385
42128,2,4,10905,2,4,0,3,3.0,1.0,3.0,2.0,3.0,,,,,,,,,,,,,,,,,,,,,,,1,1,3,9,,2,3,3,2,2,2,3,5,,,,,,,,2,2,4,2,2,1,1,2,3,9,2,4,2,2,2,3,2,3,2,1,2,2,1,3,1,7,2,0.2585919201374054,0.14566975831985474
42130,3,16,15057,2,8,0,1,1.0,,,,,1.0,2.0,1.0,1.0,2.0,1.0,2.0,2.0,2.0,2.0,,,,3.0,5.0,6.0,7.0,,,,,,3,3,4,9,,2,1,2,3,3,3,2,9,,,,,,,,2,4,1,1,4,4,4,1,2,2,4,3,1,2,3,2,3,3,2,2,2,2,1,2,1,98,2,0.3366211950778961,0.4395623803138733
42131,4,6,19907,2,6,0,1,1.0,,,,,1.0,1.0,1.0,1.0,1.0,1.0,1.0,2.0,2.0,2.0,,,,1.0,2.0,3.0,4.0,5.0,6.0,7.0,,,3,3,4,9,,4,4,4,4,4,4,1,9,,,,,,,,2,4,1,1,4,4,4,1,3,2,1,1,2,2,4,4,4,4,4,2,1,1,1,2,1,1,1,0.4183107316493988,0.6448264122009277
42136,3,14,6629,2,7,0,3,3.0,1.0,1.0,1.0,1.0,,,,,,,,,,,,,,,,,,,,,,,2,3,4,9,,3,2,3,3,3,3,2,1,,,,,,,,1,2,4,2,1,2,2,2,3,1,3,3,1,2,2,1,3,3,2,1,2,2,1,2,1,2,5,0.3263285458087921,0.20149792730808258
42137,2,15,59612,3,7,0,3,3.0,1.0,1.0,1.0,2.0,,,,,,,,,,,,,,,,,,,,,,,2,1,2,9,,2,2,3,2,2,2,3,8,,,,,,,,1,3,3,2,1,2,1,3,3,2,2,4,2,2,3,1,2,2,2,1,2,2,1,4,1,3,1,0.5341512560844421,0.26591959595680237
42139,1,16,7413,2,8,0,1,1.0,,,,,1.0,2.0,1.0,2.0,1.0,2.0,1.0,2.0,2.0,2.0,,,,2.0,3.0,4.0,7.0,,,,,,1,1,3,9,,2,3,3,3,3,2,4,1,5.0,8.0,4.0,,,,,2,2,3,2,2,2,1,2,3,1,3,4,1,2,3,3,1,1,1,1,2,2,2,3,4,6,5,0.3866943120956421,0.4557398557662964
42141,4,6,19907,2,6,0,3,3.0,1.0,1.0,1.0,1.0,,,,,,,,,,,,,,,,,,,,,,,1,3,3,3,3.0,2,2,2,2,2,2,2,7,,,,,,,,2,2,4,1,3,2,1,3,3,2,2,4,1,2,2,3,2,2,2,1,1,1,1,4,1,8,5,0.4055202603340149,0.29559326171875
42145,4,14,86419,3,7,0,3,3.0,1.0,1.0,2.0,1.0,,,,,,,,,,,,,,,,,,,,,,,1,1,3,3,3.0,2,3,3,2,2,2,3,1,7.0,2.0,,,,,,2,3,3,1,2,2,3,2,3,2,2,3,1,2,3,2,2,3,2,1,2,2,1,4,1,6,2,0.9754925966262817,0.4966069459915161
42146,5,15,26377,3,7,0,3,3.0,2.0,,,1.0,,,,,,,,,,,,,,,,,,,,,,,1,2,3,3,3.0,1,4,4,2,2,1,2,3,1.0,,,,,,,1,2,4,2,1,1,2,3,3,2,2,3,1,2,2,3,2,3,1,1,1,1,1,2,6,3,2,0.8547120690345764,0.5833334922790527
42148,5,16,22022,3,8,1,3,,1.0,1.0,1.0,1.0,,,,,,,,,,,,,,,,,,,,,,,2,1,3,9,,2,3,2,3,2,1,3,1,,,,,,,,1,1,4,2,2,2,2,3,3,2,2,4,1,2,3,2,1,3,1,1,2,2,1,3,1,8,2,1.0791586637496948,0.712917149066925
42149,5,16,69265,3,8,0,3,3.0,1.0,2.0,2.0,1.0,,,,,,,,,,,,,,,,,,,,,,,1,1,4,3,3.0,1,2,3,2,2,2,3,2,3.0,1.0,8.0,,,,,1,1,4,2,1,2,1,3,3,2,2,4,1,2,1,2,3,4,3,1,1,1,1,3,1,3,2,0.8547120690345764,0.5833334922790527
42150,2,16,7409,2,8,0,3,3.0,1.0,1.0,1.0,1.0,,,,,,,,,,,,,,,,,,,,,,,2,3,2,3,3.0,2,2,2,1,2,2,2,4,,,,,,,,2,3,4,2,2,2,2,3,3,2,2,1,1,2,3,2,2,3,4,1,1,1,1,3,1,4,2,0.4207970201969147,0.2701301574707031
42151,4,7,12551,2,5,0,3,3.0,1.0,1.0,1.0,1.0,,,,,,,,,,,,,,,,,,,,,,,1,2,4,9,,2,2,3,2,2,2,2,5,1.0,,,,,,,1,4,3,1,2,2,2,1,3,2,3,2,1,2,2,1,2,2,2,1,1,1,1,3,3,8,2,0.4055202603340149,0.29559326171875
42152,4,3,2224,1,3,1,2,,,,,,2.0,2.0,2.0,2.0,2.0,2.0,2.0,1.0,2.0,2.0,,,,9.0,,,,,,,,,1,2,3,9,,2,3,3,2,2,3,3,4,7.0,1.0,2.0,,,,,2,3,3,2,1,1,1,2,2,1,1,3,1,2,1,1,1,3,1,1,2,2,1,4,1,98,3,0.40249672532081604,0.40436068177223206
42153,2,14,4348,1,7,0,2,2.0,,,,,2.0,1.0,2.0,2.0,2.0,2.0,1.0,2.0,2.0,1.0,18.0,,TROP PARESSEUX,1.0,4.0,10.0,,,,,,,1,2,3,3,3.0,2,3,3,2,3,2,2,5,1.0,,,,,,,1,3,2,2,2,2,2,1,2,2,2,4,1,2,3,3,3,3,3,1,1,1,1,2,1,2,1,0.35864144563674927,0.4015221893787384
42154,5,3,9367,2,3,0,3,3.0,1.0,1.0,1.0,1.0,,,,,,,,,,,,,,,,,,,,,,,1,2,3,3,3.0,1,3,4,1,1,2,3,8,2.0,1.0,,,,,,1,2,4,1,1,1,2,3,3,2,2,3,2,2,2,2,3,2,2,1,2,2,1,2,1,1,1,0.5224395394325256,0.3905333876609802
42157,5,12,11031,2,3,0,3,3.0,1.0,1.0,1.0,1.0,,,,,,,,,,,,,,,,,,,,,,,1,1,3,3,3.0,1,3,3,2,2,2,3,2,1.0,4.0,8.0,,,,,2,2,4,2,1,2,2,3,1,1,2,4,1,2,2,2,3,2,2,1,2,2,1,5,3,4,2,0.5224395394325256,0.3905333876609802
42158,2,16,90161,3,8,0,3,3.0,1.0,1.0,1.0,1.0,,,,,,,,,,,,,,,,,,,,,,,1,2,2,3,3.0,2,2,2,2,2,2,3,5,3.0,7.0,2.0,,,,,2,2,4,2,2,3,3,3,2,1,3,2,1,2,3,3,2,2,1,2,2,2,1,5,1,8,2,0.5509987473487854,0.2565561830997467
42161,5,16,8258,2,8,0,3,3.0,1.0,1.0,2.0,2.0,,,,,,,,,,,,,,,,,,,,,,,2,3,4,3,3.0,2,2,2,2,3,2,3,9,,,,,,,,2,3,2,9,3,2,3,1,3,2,3,3,1,2,3,2,3,2,2,1,2,2,1,2,3,5,2,0.5224395394325256,0.3905333876609802
42162,5,16,24448,3,8,0,1,1.0,,,,,1.0,1.0,2.0,1.0,2.0,2.0,2.0,2.0,2.0,2.0,,,,1.0,3.0,5.0,,,,,,,3,3,4,9,,2,2,3,2,2,2,1,3,2.0,,,,,,,1,4,3,1,2,2,1,1,3,2,3,3,2,2,2,2,2,3,3,1,2,2,1,2,1,98,2,1.0791586637496948,2.0814619064331055
42163,2,2,669,1,2,0,1,1.0,,,,,2.0,2.0,2.0,1.0,2.0,1.0,1.0,2.0,2.0,2.0,,,,4.0,5.0,6.0,,,,,,,3,3,3,2,2.0,3,3,2,2,3,2,2,2,,,,,,,,2,4,1,1,2,3,3,1,3,2,3,2,2,2,2,2,3,3,2,1,2,2,1,2,5,99,3,0.22039549052715302,0.21652396023273468
42164,5,6,19907,2,6,0,1,1.0,,,,,2.0,1.0,2.0,2.0,1.0,2.0,2.0,2.0,2.0,2.0,,,,1.0,2.0,,,,,,,,2,1,3,9,,2,3,3,2,3,2,3,5,1.0,4.0,8.0,3.0,,,,1,2,3,1,3,3,3,3,3,2,2,4,1,2,3,3,2,2,2,2,2,2,1,5,9,3,2,0.5389177203178406,0.8519382476806641
42169,3,16,57302,3,8,0,3,3.0,1.0,2.0,3.0,2.0,,,,,,,,,,,,,,,,,,,,,,,2,3,3,9,,2,2,3,3,3,3,3,8,,,,,,,,1,1,2,2,2,3,2,3,3,1,3,4,2,2,3,3,3,2,3,1,2,2,1,2,9,1,1,0.6740691065788269,0.36783263087272644
42170,2,16,13441,2,8,0,3,3.0,1.0,1.0,1.0,1.0,,,,,,,,,,,,,,,,,,,,,,,1,2,3,9,,2,3,3,2,3,2,3,1,,,,,,,,2,3,4,2,1,2,2,1,3,2,2,3,1,2,3,2,3,2,3,1,1,1,1,3,1,5,1,0.4207970201969147,0.2701301574707031
42171,2,12,11031,2,3,0,1,1.0,,,,,1.0,2.0,1.0,2.0,2.0,2.0,1.0,2.0,2.0,2.0,,,,3.0,4.0,7.0,,,,,,,3,3,4,9,,2,2,3,2,2,2,2,2,,,,,,,,2,3,3,1,1,3,3,1,3,2,4,4,1,2,2,1,1,1,2,1,2,2,1,3,1,4,4,0.2585919201374054,0.3293706476688385
42174,4,3,9367,2,3,0,3,3.0,1.0,2.0,2.0,1.0,,,,,,,,,,,,,,,,,,,,,,,1,3,3,9,,4,1,1,4,4,3,4,9,,,,,,,,2,2,4,2,4,2,2,2,3,1,3,3,1,2,2,2,2,2,2,1,1,1,1,4,1,7,3,0.4055202603340149,0.29559326171875
42175,3,3,9367,2,3,0,3,3.0,1.0,1.0,1.0,2.0,,,,,,,,,,,,,,,,,,,,,,,1,1,4,9,,2,2,3,2,3,2,2,5,8.0,,,,,,,1,3,3,1,3,3,3,2,1,2,3,4,1,2,3,2,2,3,3,1,1,1,1,3,1,99,3,0.3796708583831787,0.2101513147354126
42176,4,16,69265,3,8,0,3,3.0,1.0,1.0,1.0,1.0,,,,,,,,,,,,,,,,,,,,,,,1,2,4,9,,1,3,3,2,2,1,2,5,7.0,,,,,,,2,3,4,2,1,1,1,2,3,2,2,4,2,2,1,1,1,3,1,1,2,2,1,3,1,2,6,0.9754925966262817,0.4966069459915161
42181,2,2,9874,2,2,0,1,1.0,,,,,1.0,1.0,2.0,2.0,2.0,2.0,1.0,2.0,2.0,2.0,,,,1.0,3.0,4.0,,,,,,,3,3,4,9,,1,1,1,1,1,1,1,9,,,,,,,,2,4,4,1,1,2,1,1,3,2,4,1,2,2,4,4,4,4,4,1,2,2,1,3,1,5,3,0.2585919201374054,0.3293706476688385
42183,3,7,3799,1,5,0,3,3.0,1.0,1.0,1.0,2.0,,,,,,,,,,,,,,,,,,,,,,,1,2,9,3,3.0,1,4,3,2,2,2,2,1,6.0,5.0,3.0,,,,,2,2,3,2,1,2,2,2,3,1,2,4,1,2,2,2,3,3,1,1,2,2,1,3,1,3,2,0.2781267762184143,0.23729513585567474
42184,5,15,19597,2,7,0,3,3.0,1.0,1.0,1.0,1.0,,,,,,,,,,,,,,,,,,,,,,,1,2,3,9,,1,3,4,1,1,2,3,2,8.0,1.0,3.0,,,,,1,1,4,2,1,1,2,3,3,2,2,3,1,2,3,3,3,3,3,1,2,2,1,2,3,3,2,0.5224395394325256,0.3905333876609802
42188,2,16,26982,3,8,0,3,3.0,1.0,1.0,2.0,2.0,,,,,,,,,,,,,,,,,,,,,,,1,2,2,3,3.0,1,2,1,2,2,2,1,4,1.0,6.0,,,,,,2,1,2,1,2,2,1,3,2,2,2,1,2,1,2,1,2,3,1,1,1,1,1,4,1,5,1,0.8692047595977783,0.4931209683418274
42189,4,16,22022,3,8,1,3,,1.0,2.0,4.0,2.0,,,,,,,,,,,,,,,,,,,,,,,1,2,3,3,3.0,1,2,3,1,1,1,3,2,6.0,,,,,,,2,2,4,2,1,1,1,3,3,2,2,4,1,2,3,1,2,2,1,2,2,2,1,4,1,8,3,1.0062602758407593,0.4791215658187866
42190,4,16,26982,3,8,0,3,3.0,1.0,1.0,1.0,1.0,,,,,,,,,,,,,,,,,,,,,,,1,2,3,3,3.0,1,3,3,2,2,2,3,8,1.0,3.0,,,,,,1,2,4,2,1,1,1,2,3,1,1,4,1,2,2,2,2,3,2,1,1,1,1,5,1,8,5,0.8376485109329224,0.539604127407074
42191,5,16,90161,3,8,0,3,3.0,1.0,1.0,1.0,1.0,,,,,,,,,,,,,,,,,,,,,,,2,1,3,9,,2,3,4,2,1,1,3,5,,,,,,,,1,4,4,2,1,1,2,3,3,1,1,4,1,2,3,2,2,2,2,1,2,2,1,4,3,8,5,1.0791586637496948,0.712917149066925
42192,1,7,2518,1,5,0,1,1.0,,,,,1.0,1.0,1.0,2.0,1.0,1.0,2.0,2.0,1.0,2.0,,,,1.0,2.0,3.0,6.0,7.0,8.0,,,,1,3,3,2,2.0,3,3,2,3,3,2,2,3,4.0,2.0,5.0,,,,,2,3,2,1,3,3,3,2,3,2,3,4,2,2,3,2,2,2,1,1,2,2,1,1,1,99,1,0.32957592606544495,0.2995974123477936
42193,5,6,19907,2,6,0,3,3.0,1.0,1.0,1.0,1.0,,,,,,,,,,,,,,,,,,,,,,,1,2,2,3,3.0,1,3,3,2,1,1,4,1,3.0,,,,,,,1,2,4,2,1,3,1,3,1,1,2,4,1,2,3,2,3,2,2,2,1,1,1,4,1,98,1,0.4268319010734558,0.3082956075668335
42198,5,15,5988,2,7,0,2,2.0,,,,,1.0,1.0,2.0,2.0,2.0,2.0,2.0,2.0,2.0,2.0,,,,1.0,3.0,,,,,,,,2,3,4,3,3.0,3,2,2,4,3,3,2,8,,,,,,,,1,3,2,1,3,2,2,2,3,2,3,4,1,2,2,3,2,3,3,1,1,1,1,2,1,2,2,0.4137810170650482,0.7225214242935181
42201,5,5,1187,1,5,0,3,3.0,1.0,1.0,1.0,4.0,,,,,,,,,,,,,,,,,,,,,,,2,1,4,9,,2,3,3,2,3,3,3,2,7.0,,,,,,,1,2,3,2,2,2,2,3,3,1,2,2,1,2,2,1,2,3,2,1,1,1,1,4,3,6,2,0.3526615500450134,0.3763154149055481
42202,2,14,3495,1,7,0,2,2.0,,,,,2.0,2.0,2.0,2.0,2.0,2.0,1.0,1.0,2.0,2.0,,,,4.0,9.0,,,,,,,,1,2,3,3,3.0,2,3,3,2,2,2,3,5,2.0,,,,,,,1,2,4,2,2,3,3,2,3,2,2,3,1,2,2,3,3,2,3,1,1,1,1,2,1,5,3,0.35864144563674927,0.4015221893787384
42203,3,15,26377,3,7,0,1,1.0,,,,,1.0,1.0,2.0,2.0,2.0,2.0,2.0,2.0,2.0,2.0,,,,1.0,3.0,,,,,,,,3,3,4,9,,3,2,2,3,2,2,2,1,,,,,,,,2,3,1,1,2,3,3,1,3,2,3,4,2,2,3,1,2,2,3,1,2,2,1,1,2,1,1,0.6740691065788269,1.0739414691925049
42204,3,12,11031,2,3,0,1,1.0,,,,,1.0,1.0,1.0,1.0,1.0,1.0,1.0,2.0,1.0,2.0,,,,1.0,2.0,3.0,4.0,5.0,6.0,7.0,8.0,,3,3,4,3,3.0,2,1,2,1,1,1,1,1,,,,,,,,2,3,2,1,3,3,3,1,3,2,4,4,2,2,2,2,2,3,2,1,2,2,1,2,1,4,1,0.3263285458087921,0.45560455322265625
42205,3,15,19597,2,7,0,3,3.0,1.0,1.0,1.0,1.0,,,,,,,,,,,,,,,,,,,,,,,3,3,3,3,3.0,2,1,1,1,1,1,3,3,,,,,,,,2,3,4,2,1,1,1,2,3,2,2,2,2,2,1,1,1,1,1,1,1,1,1,3,1,4,3,0.3796708583831787,0.2101513147354126
42206,3,16,31447,3,8,0,3,3.0,1.0,1.0,1.0,1.0,,,,,,,,,,,,,,,,,,,,,,,1,2,3,9,,3,1,2,2,3,3,3,5,1.0,2.0,3.0,,,,,2,2,4,2,1,1,2,1,2,1,2,4,1,2,4,1,4,1,1,1,2,2,1,4,1,98,3,0.6740691065788269,0.36783263087272644
42207,3,16,13441,2,8,0,2,2.0,,,,,2.0,2.0,2.0,2.0,2.0,2.0,1.0,2.0,2.0,1.0,15.0,,"CONGÉ DE MATERNITÉ, DIFFICILE DE SE DÉPLACER AVEC BÉBÉ",4.0,10.0,,,,,,,,3,3,3,9,,2,3,3,2,2,3,2,5,1.0,,,,,,,1,3,2,2,2,2,2,2,3,2,2,1,1,2,2,2,2,2,2,1,2,2,1,5,5,7,3,0.3263285458087921,0.45560455322265625
42210,2,4,49802,3,4,0,2,2.0,,,,,2.0,1.0,2.0,1.0,1.0,2.0,1.0,1.0,2.0,2.0,,,,1.0,2.0,4.0,5.0,9.0,,,,,1,3,4,9,,2,3,3,2,2,2,1,4,,,,,,,,1,3,3,1,3,3,3,1,3,2,3,4,2,2,2,3,2,2,3,1,1,1,1,3,1,8,2,0.8692047595977783,1.4397292137145996
42211,2,14,6629,2,7,0,1,1.0,,,,,1.0,1.0,1.0,1.0,1.0,1.0,1.0,1.0,1.0,2.0,,,,1.0,2.0,3.0,4.0,5.0,6.0,7.0,8.0,9.0,3,3,4,9,,1,1,1,1,1,1,1,2,,,,,,,,1,1,1,1,1,1,1,1,1,1,1,3,1,2,1,1,1,1,1,1,1,1,1,1,1,2,3,0.4207970201969147,0.6107873916625977
42212,1,12,2177,1,3,0,3,3.0,1.0,2.0,2.0,2.0,,,,,,,,,,,,,,,,,,,,,,,1,1,3,3,3.0,3,3,2,2,1,3,3,3,4.0,5.0,,,,,,2,1,4,2,2,1,1,3,2,2,2,3,1,2,3,2,3,2,2,1,2,2,1,9,4,3,1,0.32957592606544495,0.2373657077550888
42213,3,16,50626,3,8,0,3,3.0,1.0,4.0,4.0,1.0,,,,,,,,,,,,,,,,,,,,,,,1,2,3,9,,2,3,3,3,2,2,4,5,8.0,,,,,,,1,3,4,2,1,2,2,2,3,2,2,2,1,2,1,2,1,3,2,2,2,2,2,4,5,5,3,0.6953297257423401,0.3548816442489624
42217,4,6,33714,3,6,0,1,1.0,,,,,1.0,1.0,1.0,2.0,2.0,1.0,2.0,2.0,1.0,2.0,,,,1.0,3.0,6.0,7.0,8.0,,,,,3,3,3,9,,4,3,4,3,4,3,3,9,,,,,,,,2,4,1,9,2,3,2,1,3,2,4,4,1,2,3,3,3,3,3,2,2,2,1,5,1,5,1,1.0062602758407593,1.3988581895828247
42219,3,16,1769,1,8,0,3,3.0,1.0,2.0,2.0,2.0,,,,,,,,,,,,,,,,,,,,,,,1,1,9,9,,3,1,2,3,3,3,2,2,1.0,8.0,,,,,,1,2,3,2,2,2,3,2,3,2,2,4,1,1,2,3,2,3,2,1,2,2,1,3,1,3,1,0.2781267762184143,0.23729513585567474
42220,4,4,5096,2,4,0,3,3.0,1.0,1.0,2.0,2.0,,,,,,,,,,,,,,,,,,,,,,,1,1,3,9,,2,2,2,2,2,2,2,5,,,,,,,,2,3,4,2,2,2,3,2,3,2,2,4,1,2,2,2,2,3,2,1,2,2,1,3,1,7,3,0.4722529351711273,0.2720399796962738
42222,5,14,2040,1,7,0,1,1.0,,,,,2.0,2.0,2.0,2.0,2.0,2.0,2.0,1.0,2.0,2.0,,,,9.0,,,,,,,,,1,1,2,3,3.0,1,2,3,2,2,2,2,1,,,,,,,,2,2,2,1,2,3,2,2,3,2,2,4,1,2,2,2,2,3,1,1,1,1,1,2,3,98,1,0.3526615500450134,0.4749772846698761
42223,4,14,50455,3,7,0,3,3.0,1.0,1.0,2.0,1.0,,,,,,,,,,,,,,,,,,,,,,,2,1,3,3,3.0,2,3,3,2,2,2,3,5,2.0,3.0,,,,,,2,2,4,2,2,2,1,3,3,2,3,4,1,2,3,2,2,2,2,1,2,2,1,2,3,4,2,0.9754925966262817,0.4966069459915161
42224,5,14,23299,3,7,0,3,3.0,1.0,1.0,2.0,1.0,,,,,,,,,,,,,,,,,,,,,,,3,1,3,9,,2,4,2,3,2,3,4,4,5.0,,,,,,,1,2,4,2,2,4,3,4,2,1,2,4,1,2,4,3,3,2,4,1,1,1,1,4,1,2,2,0.8547120690345764,0.5833334922790527
42227,5,16,17403,2,8,0,3,3.0,1.0,1.0,1.0,1.0,,,,,,,,,,,,,,,,,,,,,,,1,3,3,3,3.0,2,3,3,2,2,2,3,1,2.0,8.0,,,,,,1,2,4,2,1,2,1,2,3,2,2,4,1,2,3,2,3,2,3,1,1,1,1,4,3,5,2,0.4137810170650482,0.3195469081401825
42228,2,14,50455,3,7,0,3,3.0,1.0,1.0,1.0,1.0,,,,,,,,,,,,,,,,,,,,,,,1,1,1,9,,1,3,1,1,2,1,3,4,,,,,,,,2,4,4,1,1,1,2,1,2,1,3,4,2,2,2,2,3,2,3,1,2,2,1,2,1,8,3,0.5341512560844421,0.26591959595680237
42231,4,2,2201,1,2,0,3,3.0,1.0,1.0,1.0,1.0,,,,,,,,,,,,,,,,,,,,,,,1,1,1,3,3.0,2,3,3,2,3,3,2,2,5.0,4.0,8.0,,,,,1,2,4,2,3,2,3,2,3,2,1,4,1,2,2,2,2,2,2,1,2,2,1,3,1,3,6,0.40249672532081604,0.32036837935447693
42233,5,15,3212,1,7,0,3,3.0,1.0,1.0,1.0,1.0,,,,,,,,,,,,,,,,,,,,,,,1,2,2,3,3.0,1,3,2,2,2,3,2,7,1.0,5.0,2.0,3.0,8.0,,,1,3,4,2,1,1,1,3,2,1,2,3,1,2,3,2,2,2,1,1,2,2,1,5,3,3,2,0.44527024030685425,0.45991402864456177
42234,5,1,1558,1,1,0,3,3.0,1.0,1.0,1.0,1.0,,,,,,,,,,,,,,,,,,,,,,,1,1,2,3,3.0,2,2,2,2,2,2,3,1,,,,,,,,1,2,4,2,2,2,1,3,2,1,2,4,1,2,1,2,2,2,1,1,1,1,1,3,1,4,1,0.3526615500450134,0.3763154149055481
42235,4,2,1311,1,2,0,1,1.0,,,,,2.0,1.0,2.0,1.0,1.0,1.0,2.0,2.0,2.0,2.0,,,,1.0,2.0,5.0,6.0,,,,,,2,1,3,9,,2,2,3,2,2,2,1,5,,,,,,,,2,3,2,1,2,3,3,1,3,2,3,2,2,2,3,2,2,2,2,1,2,2,1,2,1,4,5,0.40249672532081604,0.40436068177223206
42239,4,1,14178,2,1,0,3,3.0,1.0,1.0,1.0,1.0,,,,,,,,,,,,,,,,,,,,,,,1,2,1,3,3.0,1,4,4,1,1,1,4,7,5.0,8.0,,,,,,1,1,4,2,1,1,1,2,3,2,1,1,1,2,2,1,1,2,4,1,1,1,1,5,1,6,3,0.4055202603340149,0.29559326171875
42241,3,1,14178,2,1,0,3,3.0,1.0,1.0,2.0,1.0,,,,,,,,,,,,,,,,,,,,,,,1,1,2,3,3.0,2,3,3,2,2,2,4,6,3.0,4.0,,,,,,2,1,3,1,1,3,2,3,3,2,3,4,1,1,1,2,2,4,3,1,1,1,1,3,1,5,6,0.3796708583831787,0.2101513147354126
42242,2,2,30915,3,2,0,3,3.0,1.0,1.0,1.0,2.0,,,,,,,,,,,,,,,,,,,,,,,1,3,3,3,3.0,2,3,3,2,2,3,2,7,3.0,,,,,,,2,3,4,2,2,3,2,3,3,2,3,4,1,2,3,3,1,2,3,1,1,1,1,3,1,2,1,0.8692047595977783,0.4931209683418274
42245,2,16,22022,3,8,1,2,,,,,,2.0,2.0,1.0,2.0,1.0,1.0,2.0,2.0,2.0,2.0,,,,2.0,6.0,7.0,,,,,,,2,3,2,9,,2,2,3,2,2,2,2,1,,,,,,,,2,4,2,1,2,3,1,2,3,2,3,4,2,1,2,4,2,1,3,2,1,1,1,4,1,8,1,0.8966200947761536,1.3890373706817627
42247,4,16,98883,3,8,0,3,3.0,1.0,1.0,1.0,1.0,,,,,,,,,,,,,,,,,,,,,,,2,2,4,3,3.0,3,1,1,3,4,3,3,3,4.0,,,,,,,2,2,4,1,1,2,1,2,3,2,1,4,2,2,3,3,2,2,2,1,1,1,1,2,1,2,1,0.8376485109329224,0.539604127407074
42248,2,6,33714,3,6,0,3,3.0,1.0,1.0,2.0,1.0,,,,,,,,,,,,,,,,,,,,,,,1,2,3,9,,2,2,3,3,3,3,2,4,5.0,1.0,,,,,,1,3,4,2,2,3,3,2,3,2,3,2,1,2,3,2,3,2,2,1,2,2,1,2,1,6,2,0.5341512560844421,0.26591959595680237
42249,1,15,26377,3,7,0,2,2.0,,,,,1.0,1.0,2.0,2.0,1.0,1.0,2.0,2.0,1.0,2.0,,,,1.0,2.0,3.0,6.0,8.0,,,,,1,2,4,3,3.0,2,1,3,3,3,2,2,3,7.0,2.0,4.0,5.0,1.0,,,1,3,2,1,4,3,2,1,3,2,3,3,1,2,3,2,4,3,3,1,1,1,1,4,1,2,1,1.5287959575653076,2.266181707382202
42252,1,2,30915,3,2,0,3,3.0,1.0,1.0,1.0,2.0,,,,,,,,,,,,,,,,,,,,,,,2,2,3,9,,2,3,4,1,2,2,2,4,3.0,,,,,,,2,2,3,2,1,1,3,3,3,2,2,4,2,2,2,1,2,1,1,1,2,2,1,2,1,4,2,0.7987616658210754,0.3679428696632385
42253,5,6,19942,2,6,0,3,3.0,1.0,1.0,1.0,1.0,,,,,,,,,,,,,,,,,,,,,,,1,1,2,9,,1,3,4,1,1,2,3,7,4.0,5.0,8.0,,,,,1,1,4,2,1,1,2,3,1,2,1,4,1,1,3,1,1,1,2,2,1,1,1,5,1,8,3,0.4268319010734558,0.3082956075668335
42254,3,6,19907,2,6,0,1,1.0,,,,,2.0,1.0,2.0,2.0,2.0,1.0,1.0,1.0,1.0,2.0,,,,1.0,4.0,6.0,8.0,9.0,,,,,1,1,1,1,1.0,1,3,3,2,4,1,1,1,4.0,8.0,,,,,,1,1,1,1,3,3,4,1,1,1,1,2,1,1,4,4,3,3,3,2,2,2,1,1,1,7,2,0.3366211950778961,0.4395623803138733
42256,3,16,1195,1,8,0,2,2.0,,,,,2.0,2.0,1.0,2.0,2.0,1.0,2.0,2.0,2.0,2.0,,,,6.0,7.0,,,,,,,,2,3,9,9,,3,2,2,2,3,3,3,1,,,,,,,,2,2,4,2,2,2,2,1,3,2,2,4,1,2,1,2,1,2,2,2,1,1,1,2,1,5,2,0.3337962329387665,0.3013717234134674
42257,5,6,33714,3,6,0,3,3.0,1.0,1.0,1.0,1.0,,,,,,,,,,,,,,,,,,,,,,,1,2,2,1,1.0,2,1,2,2,2,2,4,6,3.0,2.0,7.0,8.0,,,,2,1,4,2,1,1,1,4,3,1,1,4,1,2,3,2,1,3,2,3,2,2,2,5,1,98,2,1.1131962537765503,0.6878160834312439
42258,2,12,715,1,3,0,3,3.0,1.0,2.0,2.0,2.0,,,,,,,,,,,,,,,,,,,,,,,2,1,3,9,,2,1,1,4,3,3,3,4,,,,,,,,2,3,4,2,2,2,2,2,3,2,3,2,2,2,1,1,1,3,2,1,1,1,1,4,1,5,3,0.35864144563674927,0.3181191384792328
42259,4,15,14129,2,7,0,2,2.0,,,,,1.0,1.0,1.0,1.0,1.0,1.0,1.0,2.0,2.0,2.0,,,,1.0,2.0,3.0,4.0,5.0,6.0,7.0,,,3,3,3,3,3.0,2,2,2,3,3,2,2,1,,,,,,,,1,3,3,1,3,2,3,1,3,2,3,2,2,1,3,2,3,2,3,1,2,2,1,2,1,2,6,0.4722529351711273,0.6151058077812195
42260,4,16,98883,3,8,0,3,3.0,1.0,1.0,1.0,1.0,,,,,,,,,,,,,,,,,,,,,,,1,2,2,1,1.0,3,1,2,2,2,2,3,1,5.0,,,,,,,1,3,3,1,1,3,3,2,3,1,2,3,1,2,2,1,2,2,1,1,2,2,1,3,1,7,2,0.9754925966262817,0.4966069459915161
42261,5,16,13441,2,8,0,3,3.0,1.0,2.0,4.0,1.0,,,,,,,,,,,,,,,,,,,,,,,1,1,3,9,,2,3,3,3,2,2,2,4,,,,,,,,2,2,3,1,2,3,3,2,3,2,3,4,1,2,3,2,2,2,3,1,1,1,1,2,3,4,2,0.4137810170650482,0.3195469081401825
42262,3,12,11031,2,3,0,1,1.0,,,,,2.0,1.0,2.0,1.0,1.0,1.0,1.0,2.0,1.0,2.0,,,,1.0,2.0,4.0,5.0,6.0,8.0,,,,3,3,4,9,,3,1,2,3,3,3,3,9,,,,,,,,2,3,2,2,3,2,4,1,3,1,4,1,1,2,1,1,1,1,1,1,2,2,1,4,1,2,2,0.3263285458087921,0.45560455322265625
42263,4,3,8277,2,3,0,1,1.0,,,,,2.0,1.0,2.0,1.0,1.0,2.0,2.0,2.0,2.0,2.0,,,,1.0,2.0,5.0,,,,,,,2,3,4,1,1.0,2,2,3,2,3,2,2,9,,,,,,,,2,2,3,2,3,2,2,3,3,2,3,1,1,2,2,2,1,2,3,1,2,2,1,3,1,5,3,0.4722529351711273,0.6151058077812195
42265,4,11,7350,2,1,0,3,3.0,1.0,1.0,2.0,1.0,,,,,,,,,,,,,,,,,,,,,,,1,3,3,1,1.0,4,2,2,3,2,3,2,9,,,,,,,,2,2,4,2,1,3,3,2,3,1,3,4,2,2,2,1,2,3,1,1,2,2,1,3,1,3,2,0.4722529351711273,0.2720399796962738
42266,2,17,13827,2,4,0,2,2.0,,,,,2.0,2.0,2.0,2.0,2.0,2.0,2.0,2.0,2.0,1.0,12.0,,JE VIENS D’EMMÉNAGER,10.0,,,,,,,,,1,2,4,3,3.0,1,4,4,1,2,1,2,5,1.0,3.0,,,,,,2,3,2,2,2,2,1,1,2,2,2,1,2,2,3,1,4,4,4,1,2,2,1,2,1,3,3,0.2585919201374054,0.3293706476688385
42268,1,16,26474,3,8,0,3,3.0,1.0,1.0,1.0,1.0,,,,,,,,,,,,,,,,,,,,,,,1,2,3,1,1.0,3,2,2,3,3,4,2,4,,,,,,,,1,4,4,2,1,1,1,2,3,2,4,4,2,2,3,3,2,3,3,1,1,1,1,3,4,5,6,1.5287959575653076,0.7761867046356201
42270,5,6,33714,3,6,0,2,2.0,,,,,2.0,2.0,2.0,2.0,2.0,2.0,1.0,1.0,2.0,2.0,,,,4.0,9.0,,,,,,,,1,2,1,9,,2,3,3,2,1,2,2,1,8.0,2.0,3.0,,,,,1,2,3,2,1,1,2,2,3,1,2,4,1,2,3,2,2,3,3,1,2,2,1,2,1,7,5,1.0791586637496948,2.0814619064331055
42272,1,16,26982,3,8,0,1,1.0,,,,,2.0,1.0,2.0,2.0,2.0,2.0,1.0,2.0,2.0,2.0,,,,1.0,4.0,,,,,,,,2,3,4,9,,3,2,2,3,3,3,2,3,4.0,,,,,,,2,3,3,1,2,2,1,1,3,2,2,4,2,2,3,2,2,2,2,2,2,2,1,3,1,4,2,0.8239551186561584,1.0364348888397217
42273,5,15,14129,2,7,0,3,3.0,1.0,1.0,1.0,1.0,,,,,,,,,,,,,,,,,,,,,,,1,1,2,3,3.0,2,4,3,2,2,2,2,8,1.0,2.0,,,,,,1,2,4,2,1,1,2,2,3,2,2,4,1,2,2,2,2,2,3,1,2,2,1,2,1,7,2,0.5224395394325256,0.3905333876609802
42274,4,2,30915,3,2,0,3,3.0,1.0,1.0,1.0,1.0,,,,,,,,,,,,,,,,,,,,,,,1,2,4,9,,2,3,3,2,2,2,3,4,,,,,,,,2,3,4,2,1,1,1,3,3,2,2,4,1,2,4,2,3,2,3,1,2,2,1,3,1,2,1,0.9754925966262817,0.4966069459915161
42276,3,16,1788,1,8,0,1,1.0,,,,,2.0,2.0,2.0,2.0,2.0,2.0,2.0,2.0,2.0,1.0,13.0,,NOTRE MAIRE N'AVAIT AUCUN OPPOSANT,10.0,,,,,,,,,2,3,3,9,,2,2,4,1,4,2,2,3,,,,,,,,2,3,3,1,4,4,4,1,3,2,2,4,2,2,2,1,2,2,1,1,2,2,1,3,1,98,1,0.2781267762184143,0.29950815439224243
42278,5,16,7409,2,8,0,3,3.0,1.0,1.0,1.0,1.0,,,,,,,,,,,,,,,,,,,,,,,1,2,2,3,3.0,2,3,3,2,2,2,3,7,,,,,,,,2,1,4,2,2,3,2,3,3,2,2,3,1,2,3,3,2,3,2,1,1,1,1,2,3,1,9,0.4137810170650482,0.3195469081401825
42280,2,5,1066,1,5,0,3,3.0,1.0,1.0,1.0,2.0,,,,,,,,,,,,,,,,,,,,,,,2,1,3,2,2.0,1,2,2,2,4,2,2,4,,,,,,,,2,2,3,1,1,2,3,3,3,2,3,4,1,2,4,2,3,3,3,1,1,1,1,2,5,3,3,0.35864144563674927,0.3181191384792328
42281,4,1,3128,1,1,0,3,3.0,1.0,1.0,1.0,1.0,,,,,,,,,,,,,,,,,,,,,,,1,2,1,3,3.0,1,4,4,1,1,1,2,8,4.0,6.0,1.0,2.0,,,,1,1,4,2,1,1,1,3,2,2,1,4,1,2,4,1,4,4,4,1,2,2,1,3,6,1,2,0.40249672532081604,0.32036837935447693
42282,4,1,49733,3,1,0,3,3.0,1.0,1.0,1.0,1.0,,,,,,,,,,,,,,,,,,,,,,,1,1,9,9,,2,3,3,2,2,2,2,3,5.0,,,,,,,1,2,3,2,2,2,2,2,3,2,2,4,1,2,4,4,4,4,4,1,2,2,1,3,1,4,2,0.9754925966262817,0.4966069459915161
42283,5,12,25644,3,3,0,3,3.0,1.0,1.0,1.0,1.0,,,,,,,,,,,,,,,,,,,,,,,1,1,2,3,3.0,2,3,3,2,2,2,2,1,5.0,,,,,,,1,2,3,2,2,1,2,2,3,2,3,4,2,2,2,1,2,3,2,1,2,2,1,3,1,2,1,1.0791586637496948,0.712917149066925
42284,5,14,3495,1,7,0,2,2.0,,,,,2.0,1.0,1.0,1.0,1.0,2.0,2.0,2.0,1.0,2.0,,,,1.0,2.0,5.0,7.0,8.0,,,,,1,2,3,9,,2,3,3,2,2,2,2,3,8.0,2.0,4.0,,,,,2,3,3,1,2,3,2,2,3,2,2,4,1,2,2,2,2,3,2,1,1,1,1,2,3,2,2,0.3526615500450134,0.4749772846698761
42285,2,16,24448,3,8,0,3,3.0,1.0,1.0,1.0,1.0,,,,,,,,,,,,,,,,,,,,,,,1,2,4,9,,2,3,3,2,2,2,3,3,1.0,7.0,2.0,,,,,2,3,4,2,1,1,1,3,3,1,2,2,1,2,1,1,2,2,1,1,2,2,1,4,1,7,2,0.5341512560844421,0.26591959595680237
42288,5,12,11031,2,3,0,2,2.0,,,,,1.0,1.0,1.0,1.0,1.0,1.0,2.0,2.0,2.0,2.0,,,,1.0,2.0,3.0,5.0,6.0,7.0,,,,1,3,9,9,,2,2,2,2,2,2,3,3,,,,,,,,1,4,3,2,2,4,4,1,3,2,4,3,1,1,3,2,1,2,3,1,2,2,1,5,5,7,2,0.5224395394325256,0.8830307126045227
42289,4,2,9874,2,2,0,3,3.0,1.0,1.0,1.0,1.0,,,,,,,,,,,,,,,,,,,,,,,1,2,2,3,3.0,1,3,3,2,1,1,3,3,,,,,,,,1,1,4,2,1,1,1,4,3,2,1,4,1,2,2,3,2,3,1,1,1,1,1,3,1,8,2,0.4055202603340149,0.29559326171875
42290,5,6,33714,3,6,0,3,3.0,1.0,2.0,2.0,2.0,,,,,,,,,,,,,,,,,,,,,,,1,2,9,9,,2,3,2,2,2,2,3,8,3.0,,,,,,,1,2,4,2,1,2,2,2,3,2,3,4,1,2,2,3,1,2,2,1,1,1,1,5,2,5,5,0.8547120690345764,0.5833334922790527
42291,2,3,8277,2,3,0,2,2.0,,,,,1.0,2.0,2.0,2.0,1.0,2.0,1.0,2.0,2.0,2.0,,,,2.0,3.0,4.0,,,,,,,2,2,3,9,,2,2,3,2,2,3,3,5,1.0,,,,,,,1,3,3,2,3,2,2,2,3,2,2,2,1,2,4,2,2,2,4,1,2,2,1,2,1,7,3,0.2585919201374054,0.3293706476688385
42292,4,6,33714,3,6,0,3,3.0,1.0,1.0,1.0,2.0,,,,,,,,,,,,,,,,,,,,,,,1,2,3,9,,2,2,2,3,2,4,3,7,8.0,1.0,,,,,,1,3,3,2,2,2,2,3,1,2,2,4,1,2,3,3,3,1,2,2,2,2,2,5,1,98,3,1.0062602758407593,0.4791215658187866
42293,4,1,3128,1,1,0,3,3.0,1.0,1.0,1.0,1.0,,,,,,,,,,,,,,,,,,,,,,,1,1,1,3,3.0,1,4,4,1,1,2,3,8,2.0,5.0,1.0,6.0,4.0,3.0,7.0,1,1,4,2,1,1,1,4,2,1,1,4,1,1,2,2,2,2,2,1,1,1,1,4,1,98,1,0.34562113881111145,0.3481054902076721
42295,3,14,6477,2,7,0,3,3.0,1.0,1.0,1.0,1.0,,,,,,,,,,,,,,,,,,,,,,,1,3,4,3,3.0,1,3,3,2,2,2,3,1,,,,,,,,2,3,3,2,2,2,3,1,3,1,3,3,1,2,3,3,2,3,2,1,2,2,1,3,1,4,3,0.3263285458087921,0.20149792730808258
42296,5,16,98883,3,8,0,2,2.0,,,,,2.0,1.0,2.0,2.0,2.0,2.0,2.0,2.0,2.0,1.0,12.0,,NOUVELLEMENT ARRIVÉ,1.0,10.0,,,,,,,,3,3,4,9,,2,3,3,2,2,3,2,9,,,,,,,,2,3,2,2,2,3,2,1,3,2,3,1,1,2,2,2,3,3,2,1,1,1,1,2,3,98,2,0.8547120690345764,1.7031153440475464
42297,4,16,13441,2,8,0,3,3.0,1.0,2.0,2.0,2.0,,,,,,,,,,,,,,,,,,,,,,,1,2,3,9,,2,3,2,3,3,2,3,8,5.0,2.0,1.0,,,,,2,2,4,2,1,1,1,2,3,2,3,4,1,2,3,2,2,3,2,1,2,2,1,4,1,6,3,0.4722529351711273,0.2720399796962738
42298,3,14,23299,3,7,0,1,1.0,,,,,1.0,2.0,2.0,2.0,1.0,2.0,2.0,2.0,2.0,2.0,,,,2.0,3.0,,,,,,,,3,3,3,9,,3,3,2,3,2,2,2,1,,,,,,,,1,4,2,2,3,3,3,2,3,2,3,3,2,2,3,2,2,3,3,1,2,2,1,2,5,3,3,0.6740691065788269,1.0739414691925049
42299,5,16,50626,3,8,0,3,3.0,1.0,1.0,1.0,1.0,,,,,,,,,,,,,,,,,,,,,,,1,2,3,9,,2,3,2,2,3,2,3,1,3.0,,,,,,,1,2,4,2,2,4,3,3,3,1,3,4,1,2,3,3,2,2,2,1,1,1,1,9,3,98,2,0.8547120690345764,0.5833334922790527
42300,4,7,8315,2,5,0,3,3.0,1.0,1.0,1.0,1.0,,,,,,,,,,,,,,,,,,,,,,,2,1,3,3,3.0,1,3,3,2,1,2,3,2,3.0,,,,,,,2,2,4,2,1,2,1,2,3,2,2,2,1,2,2,2,1,2,4,1,2,2,1,5,1,8,2,0.4722529351711273,0.2720399796962738
42302,1,3,8277,2,3,0,1,1.0,,,,,1.0,1.0,1.0,1.0,1.0,1.0,2.0,2.0,2.0,2.0,,,,1.0,2.0,3.0,5.0,6.0,7.0,,,,1,3,3,3,3.0,1,2,2,3,3,2,2,5,,,,,,,,1,3,2,1,3,3,2,1,3,2,3,1,1,2,3,1,3,1,2,1,2,2,1,3,1,5,3,0.3866943120956421,0.4557398557662964
42303,2,16,17371,2,8,0,3,3.0,1.0,1.0,1.0,1.0,,,,,,,,,,,,,,,,,,,,,,,1,3,3,9,,1,3,3,2,2,2,3,8,7.0,,,,,,,1,3,4,2,2,2,3,2,3,1,2,1,1,2,4,2,3,3,4,1,1,1,1,4,1,7,3,0.4207970201969147,0.2701301574707031
42304,4,3,8277,2,3,0,1,1.0,,,,,1.0,1.0,2.0,1.0,1.0,2.0,2.0,2.0,2.0,2.0,,,,1.0,2.0,3.0,5.0,,,,,,3,3,4,9,,2,2,3,2,2,2,2,9,,,,,,,,2,4,1,9,3,4,3,4,3,2,3,1,2,2,3,2,2,2,2,1,2,2,1,3,1,2,1,0.4722529351711273,0.6151058077812195
42306,3,6,33714,3,6,0,3,3.0,1.0,2.0,1.0,1.0,,,,,,,,,,,,,,,,,,,,,,,2,2,4,9,,2,2,2,2,2,4,1,5,4.0,,,,,,,2,1,4,2,1,2,2,2,2,2,3,4,1,2,3,2,2,3,3,2,2,2,2,2,1,2,3,0.6953297257423401,0.3548816442489624
42307,5,9,1769,1,2,0,3,3.0,1.0,1.0,1.0,2.0,,,,,,,,,,,,,,,,,,,,,,,1,2,2,3,3.0,2,3,3,2,1,2,3,8,1.0,,,,,,,1,2,4,2,2,2,1,2,3,2,3,4,1,2,1,2,1,2,1,1,1,1,1,2,3,4,2,0.3526615500450134,0.3763154149055481
42308,1,8,919,1,2,0,3,3.0,1.0,1.0,1.0,2.0,,,,,,,,,,,,,,,,,,,,,,,3,2,3,1,1.0,4,2,3,2,1,4,2,5,3.0,,,,,,,2,2,2,2,1,1,2,3,3,2,4,4,1,2,1,3,1,2,1,1,1,1,1,1,4,7,4,0.6307944655418396,0.5007292628288269
42314,2,17,13827,2,4,0,2,2.0,,,,,2.0,1.0,2.0,2.0,2.0,2.0,2.0,2.0,2.0,2.0,,,,1.0,,,,,,,,,1,1,3,9,,1,3,4,2,2,2,2,4,,,,,,,,1,3,3,2,1,3,3,2,3,2,2,2,1,2,2,2,1,3,1,1,2,2,1,2,1,3,4,0.2585919201374054,0.3293706476688385
42318,1,3,8277,2,3,0,1,1.0,,,,,2.0,1.0,1.0,1.0,1.0,1.0,1.0,1.0,1.0,2.0,,,,1.0,2.0,4.0,5.0,6.0,7.0,8.0,9.0,,1,1,2,2,2.0,1,1,2,3,1,3,3,5,,,,,,,,1,2,3,1,2,1,2,2,2,1,1,2,1,1,1,3,3,1,3,1,2,2,1,3,1,5,4,0.3866943120956421,0.4557398557662964
42322,2,14,23299,3,7,0,2,2.0,,,,,1.0,1.0,2.0,1.0,1.0,2.0,2.0,2.0,2.0,2.0,,,,1.0,2.0,3.0,5.0,,,,,,3,3,4,9,,3,2,3,2,3,2,2,1,,,,,,,,2,4,3,2,2,3,4,1,3,1,4,2,1,2,2,3,2,3,3,1,1,1,1,3,1,7,2,0.8692047595977783,1.4397292137145996
42323,5,12,25644,3,3,0,3,3.0,1.0,1.0,1.0,1.0,,,,,,,,,,,,,,,,,,,,,,,1,1,3,3,3.0,2,2,2,2,2,2,2,3,,,,,,,,1,2,4,2,2,2,2,2,3,2,3,4,1,2,2,2,2,2,3,1,2,2,1,3,3,4,2,1.0791586637496948,0.712917149066925
42324,3,2,2883,1,2,0,2,2.0,,,,,2.0,1.0,2.0,1.0,1.0,2.0,2.0,1.0,1.0,2.0,,,,1.0,2.0,5.0,8.0,9.0,,,,,1,1,1,3,3.0,1,1,1,2,2,1,1,5,2.0,4.0,,,,,,1,1,1,1,1,1,2,1,1,1,1,2,1,1,1,1,2,1,2,2,1,1,1,2,1,7,1,0.3337962329387665,0.3013717234134674
42326,5,16,69265,3,8,0,3,3.0,1.0,2.0,2.0,2.0,,,,,,,,,,,,,,,,,,,,,,,1,1,3,3,3.0,2,3,3,2,3,2,2,5,,,,,,,,2,2,4,1,2,3,3,2,3,2,2,4,1,2,3,2,2,3,2,1,2,2,1,2,1,4,2,1.0791586637496948,0.712917149066925
42327,3,16,24448,3,8,0,3,3.0,1.0,1.0,2.0,1.0,,,,,,,,,,,,,,,,,,,,,,,1,1,3,3,3.0,2,2,3,3,2,2,3,8,7.0,5.0,,,,,,1,3,3,2,2,2,2,2,3,1,2,4,1,2,3,2,2,3,2,1,1,1,1,3,1,5,3,0.7842537760734558,0.3836304843425751
42328,5,4,446,1,4,0,3,3.0,1.0,1.0,1.0,1.0,,,,,,,,,,,,,,,,,,,,,,,1,1,2,3,3.0,2,3,3,2,2,2,2,5,3.0,4.0,2.0,,,,,2,2,3,2,1,2,2,2,3,2,2,4,2,2,4,2,2,2,1,1,2,2,1,2,5,2,2,0.44527024030685425,0.45991402864456177
42329,5,15,1942,1,7,0,3,3.0,1.0,1.0,1.0,1.0,,,,,,,,,,,,,,,,,,,,,,,1,1,1,9,,1,3,4,2,2,2,3,8,1.0,5.0,,,,,,1,1,4,2,1,2,3,4,3,1,1,4,1,1,3,3,3,3,3,1,1,1,1,2,1,4,1,0.3526615500450134,0.3763154149055481
42330,5,6,19907,2,6,0,3,3.0,1.0,1.0,1.0,1.0,,,,,,,,,,,,,,,,,,,,,,,1,2,4,9,,1,3,4,1,1,3,4,7,3.0,1.0,,,,,,2,1,4,1,2,2,2,4,3,1,1,4,1,2,3,2,2,3,2,2,2,2,1,3,1,5,1,0.5389177203178406,0.37678301334381104
42333,2,1,3128,1,1,0,3,3.0,1.0,1.0,1.0,1.0,,,,,,,,,,,,,,,,,,,,,,,1,1,3,3,3.0,2,3,2,2,1,2,2,5,,,,,,,,2,2,4,2,1,1,1,4,3,2,3,3,1,2,2,3,2,2,3,1,1,1,1,3,1,6,3,0.35864144563674927,0.3181191384792328
42334,4,12,11031,2,3,0,1,1.0,,,,,1.0,1.0,2.0,1.0,1.0,2.0,2.0,2.0,2.0,2.0,,,,1.0,2.0,3.0,5.0,,,,,,1,3,4,9,,2,1,2,2,3,3,2,3,1.0,,,,,,,1,4,1,1,3,3,3,2,3,2,3,4,1,2,3,3,3,3,3,1,2,2,1,3,1,3,3,0.4722529351711273,0.6151058077812195
42338,4,1,14178,2,1,0,1,1.0,,,,,2.0,2.0,2.0,1.0,2.0,2.0,1.0,1.0,2.0,2.0,,,,4.0,5.0,9.0,,,,,,,1,3,4,9,,2,2,3,2,3,3,3,1,,,,,,,,2,3,3,2,3,3,3,2,1,1,2,4,1,2,2,2,2,3,2,1,2,2,1,3,1,8,3,0.4722529351711273,0.6151058077812195
42340,1,14,86419,3,7,0,3,3.0,1.0,2.0,2.0,1.0,,,,,,,,,,,,,,,,,,,,,,,3,2,3,1,1.0,2,1,2,3,2,3,3,5,4.0,,,,,,,2,2,3,1,2,1,1,3,2,2,2,4,2,2,3,2,1,1,1,1,2,2,1,2,1,3,6,0.7987616658210754,0.3679428696632385
42341,3,7,506,1,5,0,3,3.0,1.0,1.0,2.0,1.0,,,,,,,,,,,,,,,,,,,,,,,1,2,3,9,,2,4,3,1,2,2,2,8,2.0,1.0,5.0,,,,,1,2,4,2,3,1,2,2,3,2,1,4,1,2,3,4,3,4,4,1,2,2,1,3,2,4,3,0.2781267762184143,0.23729513585567474
42344,4,7,8315,2,5,0,3,3.0,1.0,1.0,1.0,1.0,,,,,,,,,,,,,,,,,,,,,,,2,1,3,3,3.0,2,4,3,2,2,2,3,2,,,,,,,,2,2,4,2,1,2,1,2,3,2,2,2,1,2,2,3,1,2,4,1,2,2,1,5,1,8,2,0.4722529351711273,0.2720399796962738
42345,3,2,30915,3,2,0,3,3.0,1.0,1.0,1.0,1.0,,,,,,,,,,,,,,,,,,,,,,,1,2,2,1,1.0,2,3,4,2,2,1,3,3,6.0,1.0,5.0,,,,,1,1,4,2,1,1,1,2,3,1,2,4,2,2,4,1,4,4,3,1,1,1,1,3,1,3,2,0.7842537760734558,0.3836304843425751
42347,2,16,7162,2,8,0,1,1.0,,,,,1.0,1.0,2.0,1.0,2.0,2.0,1.0,2.0,2.0,2.0,,,,1.0,3.0,4.0,5.0,,,,,,3,3,4,9,,2,3,3,2,2,2,3,2,,,,,,,,2,3,3,1,2,3,2,1,3,2,3,1,1,2,3,3,2,3,3,1,2,2,1,5,1,4,1,0.2585919201374054,0.3293706476688385
42348,4,16,7318,2,8,0,3,3.0,1.0,1.0,1.0,2.0,,,,,,,,,,,,,,,,,,,,,,,1,3,3,9,,3,2,2,2,3,3,2,1,8.0,,,,,,,1,3,4,2,3,2,3,2,3,2,3,4,1,2,2,2,2,2,2,1,2,2,1,2,1,6,2,0.4722529351711273,0.2720399796962738
42351,5,7,506,1,5,0,3,3.0,1.0,1.0,1.0,2.0,,,,,,,,,,,,,,,,,,,,,,,1,2,1,3,3.0,1,2,4,1,1,2,4,8,,,,,,,,1,1,4,1,1,1,1,4,3,2,1,4,1,1,1,2,1,2,2,1,1,1,1,4,3,7,2,0.3526615500450134,0.3763154149055481
42352,4,4,557,1,4,0,1,1.0,,,,,2.0,2.0,2.0,2.0,2.0,2.0,2.0,2.0,2.0,1.0,13.0,,CANDIDAT VOTÉ PAR ACCLAMATION,10.0,,,,,,,,,3,3,4,3,3.0,1,4,4,1,1,1,3,2,,,,,,,,2,1,4,2,1,1,1,2,3,2,3,3,1,2,2,1,2,2,2,1,2,2,1,2,1,3,5,0.40249672532081604,0.40436068177223206
42353,5,8,43182,3,2,0,1,1.0,,,,,2.0,1.0,2.0,2.0,2.0,2.0,2.0,2.0,2.0,2.0,,,,1.0,,,,,,,,,2,3,4,9,,2,2,3,2,2,2,3,9,,,,,,,,1,3,3,1,2,2,3,2,3,2,3,4,1,2,3,3,3,3,3,1,1,1,1,3,1,4,1,0.8547120690345764,1.7031153440475464
42354,5,4,49802,3,4,0,3,3.0,1.0,1.0,1.0,1.0,,,,,,,,,,,,,,,,,,,,,,,2,3,4,9,,2,3,2,2,1,2,2,2,,,,,,,,2,3,4,2,3,4,4,1,2,2,3,2,1,2,3,2,2,2,2,1,1,1,1,2,3,4,2,0.8547120690345764,0.5833334922790527
42355,1,3,9367,2,3,0,1,1.0,,,,,1.0,1.0,2.0,1.0,2.0,2.0,2.0,2.0,2.0,2.0,,,,1.0,3.0,5.0,,,,,,,3,3,3,3,3.0,2,2,2,2,2,2,3,4,2.0,,,,,,,2,3,1,1,2,3,2,3,3,2,2,1,1,2,3,2,3,3,2,1,2,2,1,5,1,8,2,0.3866943120956421,0.4557398557662964
42356,3,3,9367,2,3,0,3,3.0,1.0,2.0,2.0,1.0,,,,,,,,,,,,,,,,,,,,,,,1,2,3,9,,1,3,3,2,3,2,3,1,,,,,,,,2,3,4,2,1,2,1,1,3,2,2,3,1,2,3,3,2,3,2,1,2,2,1,3,1,5,3,0.3263285458087921,0.20149792730808258
42357,2,14,6477,2,7,0,3,3.0,1.0,1.0,1.0,1.0,,,,,,,,,,,,,,,,,,,,,,,1,3,3,9,,2,3,3,2,2,2,3,2,5.0,4.0,1.0,,,,,2,3,4,2,2,2,2,2,3,2,2,4,2,2,3,3,2,2,3,1,2,2,1,4,1,2,2,0.2585919201374054,0.14566975831985474
42359,5,15,14129,2,7,0,3,3.0,1.0,1.0,1.0,1.0,,,,,,,,,,,,,,,,,,,,,,,1,1,2,9,,1,3,3,2,2,2,2,4,1.0,,,,,,,1,2,4,2,1,1,1,2,1,1,2,4,1,2,3,2,2,3,3,1,2,2,1,4,3,5,2,0.5224395394325256,0.3905333876609802
42360,4,7,3799,1,5,0,1,1.0,,,,,1.0,1.0,1.0,1.0,1.0,1.0,1.0,2.0,1.0,2.0,,,,1.0,2.0,3.0,4.0,5.0,6.0,7.0,8.0,,3,3,4,3,3.0,2,2,2,2,2,2,2,5,,,,,,,,1,3,2,2,2,2,2,3,2,2,3,3,1,2,2,2,2,2,2,1,2,2,1,3,1,2,2,0.40249672532081604,0.40436068177223206
42361,4,14,86419,3,7,0,3,3.0,1.0,2.0,2.0,2.0,,,,,,,,,,,,,,,,,,,,,,,1,1,2,1,1.0,2,2,2,2,2,2,2,1,8.0,,,,,,,1,2,2,2,2,2,2,2,2,1,2,4,1,2,2,2,2,2,2,1,1,1,1,3,1,7,2,0.8376485109329224,0.539604127407074
42362,2,15,61543,3,7,0,2,2.0,,,,,1.0,1.0,2.0,2.0,1.0,1.0,1.0,2.0,2.0,2.0,,,,1.0,2.0,3.0,4.0,6.0,,,,,1,2,2,3,3.0,3,2,2,3,1,2,3,4,,,,,,,,2,2,2,2,3,1,2,2,2,2,2,3,1,1,1,3,1,3,2,2,2,2,1,3,4,3,1,0.5509987473487854,0.7490490078926086
42363,2,16,50626,3,8,0,3,3.0,1.0,1.0,1.0,1.0,,,,,,,,,,,,,,,,,,,,,,,1,2,2,9,,2,2,3,2,2,2,3,1,8.0,,,,,,,1,1,3,2,1,1,2,3,3,1,3,2,1,2,3,2,3,3,2,1,2,2,1,5,1,6,3,0.5341512560844421,0.26591959595680237
42364,5,2,2062,1,2,0,3,3.0,1.0,1.0,1.0,1.0,,,,,,,,,,,,,,,,,,,,,,,1,2,2,9,,1,3,4,2,1,1,4,8,,,,,,,,1,1,4,2,1,2,1,3,3,2,1,4,1,2,3,2,1,3,4,1,1,1,1,3,6,4,3,0.3526615500450134,0.3763154149055481
42365,5,4,3680,1,4,0,3,3.0,1.0,1.0,1.0,1.0,,,,,,,,,,,,,,,,,,,,,,,1,2,4,9,,2,3,3,2,2,2,2,1,2.0,,,,,,,1,3,3,2,1,2,2,3,3,2,2,4,1,2,3,2,1,3,1,1,1,1,1,3,3,3,2,0.3526615500450134,0.3763154149055481
42366,5,4,49802,3,4,0,3,3.0,1.0,1.0,1.0,1.0,,,,,,,,,,,,,,,,,,,,,,,2,2,4,3,3.0,2,3,2,2,3,2,2,5,1.0,2.0,,,,,,2,2,4,2,2,2,2,2,3,2,3,4,2,2,3,2,3,3,3,1,1,1,1,2,1,2,2,0.8547120690345764,0.5833334922790527
42367,1,15,1431,1,7,0,1,1.0,,,,,2.0,1.0,2.0,2.0,2.0,2.0,1.0,2.0,2.0,2.0,,,,1.0,4.0,,,,,,,,2,3,4,9,,3,3,2,2,2,2,2,2,,,,,,,,1,3,3,2,2,2,3,1,3,1,2,2,2,2,4,2,3,2,3,1,2,2,1,3,1,2,2,0.32957592606544495,0.2995974123477936
42368,4,6,5048,2,6,0,1,1.0,,,,,1.0,1.0,1.0,1.0,2.0,2.0,1.0,2.0,2.0,2.0,,,,1.0,3.0,4.0,5.0,7.0,,,,,1,1,4,9,,2,2,3,2,2,3,2,7,1.0,,,,,,,2,3,3,1,2,1,2,1,3,2,3,2,2,2,2,3,3,2,3,1,2,2,1,5,2,2,6,0.4722529351711273,0.6151058077812195
42369,2,12,378,1,3,1,3,,1.0,1.0,2.0,1.0,,,,,,,,,,,,,,,,,,,,,,,2,1,9,9,,2,2,3,2,3,2,3,2,5.0,3.0,,,,,,2,4,4,2,2,3,2,2,3,1,2,2,1,2,2,2,3,2,3,1,2,2,1,3,1,4,3,0.22039549052715302,0.17154793441295624
42370,4,3,8277,2,3,0,2,2.0,,,,,1.0,1.0,1.0,1.0,2.0,1.0,2.0,2.0,2.0,2.0,,,,1.0,3.0,5.0,6.0,7.0,,,,,3,3,4,1,1.0,2,2,1,3,3,3,2,5,3.0,1.0,2.0,,,,,2,3,4,2,2,3,4,1,3,2,3,2,1,2,3,1,1,3,2,1,2,2,1,2,1,3,2,0.4722529351711273,0.6151058077812195
42372,4,7,12551,2,5,0,3,3.0,1.0,1.0,1.0,1.0,,,,,,,,,,,,,,,,,,,,,,,1,1,2,3,3.0,2,3,3,2,1,2,4,7,8.0,,,,,,,1,2,4,2,1,1,1,2,3,1,2,3,1,2,1,1,1,3,2,1,1,1,1,4,1,8,2,0.4055202603340149,0.29559326171875
42374,3,6,5048,2,6,0,3,3.0,1.0,1.0,1.0,1.0,,,,,,,,,,,,,,,,,,,,,,,1,2,3,9,,2,3,2,3,3,2,2,2,4.0,7.0,,,,,,1,3,2,1,2,3,3,2,2,2,2,4,1,2,3,3,2,3,3,1,2,2,1,5,1,99,3,0.3263285458087921,0.20149792730808258
42375,4,16,30391,3,8,0,3,3.0,1.0,1.0,1.0,1.0,,,,,,,,,,,,,,,,,,,,,,,3,2,3,9,,2,2,3,1,2,3,2,4,,,,,,,,2,3,2,2,2,2,3,2,3,2,2,4,1,2,2,2,2,2,2,1,2,2,1,4,1,7,5,0.9754925966262817,0.4966069459915161
42376,2,16,69265,3,8,0,3,3.0,1.0,1.0,2.0,1.0,,,,,,,,,,,,,,,,,,,,,,,1,2,3,9,,2,2,3,2,2,2,3,7,4.0,,,,,,,1,4,4,2,1,1,2,1,3,2,3,4,2,2,3,2,2,2,3,1,2,2,1,3,1,3,1,0.5341512560844421,0.26591959595680237
42377,4,5,27576,3,5,0,1,1.0,,,,,1.0,1.0,1.0,1.0,1.0,1.0,2.0,2.0,1.0,2.0,,,,1.0,2.0,3.0,5.0,6.0,7.0,8.0,,,3,1,4,1,1.0,2,2,3,2,2,3,2,1,3.0,,,,,,,2,3,2,1,3,3,2,1,3,2,3,2,1,2,3,3,2,3,2,1,2,2,2,4,1,3,3,0.9754925966262817,1.4499083757400513
42378,1,16,8395,2,8,0,3,3.0,1.0,1.0,1.0,3.0,,,,,,,,,,,,,,,,,,,,,,,3,1,4,3,3.0,2,3,2,1,2,2,2,7,3.0,2.0,5.0,,,,,2,2,2,2,1,1,3,1,3,2,2,4,2,2,3,2,2,3,3,1,2,2,1,9,4,4,2,0.3866943120956421,0.2015577256679535
42379,1,5,2637,1,5,0,1,1.0,,,,,2.0,1.0,1.0,1.0,2.0,1.0,1.0,2.0,2.0,2.0,,,,1.0,4.0,5.0,6.0,7.0,,,,,2,3,4,1,1.0,3,2,2,2,2,3,2,4,,,,,,,,2,4,1,1,2,2,2,2,2,2,3,4,2,2,3,2,3,3,3,1,2,2,1,9,4,4,2,0.32957592606544495,0.2995974123477936
42383,3,16,9306,2,8,0,1,1.0,,,,,1.0,1.0,2.0,2.0,2.0,1.0,2.0,2.0,2.0,2.0,,,,1.0,3.0,6.0,,,,,,,3,3,4,9,,2,2,2,3,2,3,2,9,,,,,,,,1,4,2,1,2,3,2,1,3,2,2,4,2,2,3,1,4,1,2,1,2,2,1,2,1,4,3,0.3263285458087921,0.45560455322265625
42384,3,7,7465,2,5,0,2,2.0,,,,,1.0,2.0,1.0,1.0,1.0,1.0,2.0,2.0,2.0,2.0,,,,2.0,3.0,5.0,6.0,7.0,,,,,1,2,3,9,,3,3,1,3,3,2,2,1,5.0,,,,,,,2,3,2,1,3,3,3,2,3,2,3,3,1,2,3,2,2,2,2,1,1,1,1,4,2,3,2,0.3796708583831787,0.4751705229282379
42389,3,6,35117,3,6,0,3,3.0,1.0,1.0,2.0,1.0,,,,,,,,,,,,,,,,,,,,,,,1,2,3,9,,2,2,2,3,3,3,3,4,5.0,3.0,,,,,,2,3,4,1,2,2,2,2,3,2,3,4,1,2,3,2,3,2,2,2,2,2,2,3,1,3,3,0.6953297257423401,0.3548816442489624
42390,1,4,49802,3,4,0,2,2.0,,,,,2.0,1.0,2.0,2.0,2.0,2.0,2.0,2.0,2.0,2.0,,,,1.0,,,,,,,,,2,3,4,9,,3,2,3,2,2,2,2,9,,,,,,,,2,3,3,2,2,1,1,2,3,1,3,2,2,2,2,1,2,2,2,1,2,2,1,3,1,5,3,0.7987616658210754,1.0742613077163696
42393,5,16,26474,3,8,0,3,3.0,1.0,1.0,1.0,1.0,,,,,,,,,,,,,,,,,,,,,,,1,1,1,3,3.0,1,3,3,2,2,1,3,1,,,,,,,,1,2,3,2,1,2,2,3,3,1,2,4,1,2,2,2,2,3,3,1,1,1,1,4,3,6,5,0.8547120690345764,0.5833334922790527
42395,2,16,57302,3,8,0,1,1.0,,,,,1.0,1.0,1.0,1.0,1.0,1.0,1.0,2.0,2.0,2.0,,,,1.0,2.0,3.0,4.0,5.0,6.0,7.0,,,3,3,4,9,,2,1,2,3,3,3,3,9,,,,,,,,2,2,3,2,2,3,2,3,3,1,3,2,1,2,1,1,1,2,1,1,2,2,1,4,1,3,1,0.5341512560844421,0.7763860821723938
42397,5,4,4589,1,4,0,3,3.0,1.0,1.0,1.0,2.0,,,,,,,,,,,,,,,,,,,,,,,1,2,9,3,3.0,2,3,3,2,2,2,3,8,1.0,4.0,,,,,,1,1,3,2,1,3,2,3,3,1,2,4,1,2,3,3,2,2,2,1,1,1,1,2,3,3,2,0.3526615500450134,0.3763154149055481
42400,3,16,26982,3,8,0,3,3.0,1.0,1.0,1.0,1.0,,,,,,,,,,,,,,,,,,,,,,,1,2,3,3,3.0,2,3,2,2,3,1,2,2,8.0,7.0,,,,,,1,2,4,2,1,1,1,2,3,2,3,4,1,2,3,2,1,2,1,1,1,1,1,4,1,8,3,0.7842537760734558,0.3836304843425751
42403,3,2,30915,3,2,0,3,3.0,1.0,1.0,1.0,1.0,,,,,,,,,,,,,,,,,,,,,,,1,3,3,3,3.0,2,3,3,2,2,3,3,3,5.0,,,,,,,2,2,4,2,1,2,2,2,2,2,2,4,1,1,3,3,3,2,3,1,1,1,1,5,1,5,3,0.7842537760734558,0.3836304843425751
42405,3,16,69265,3,8,0,3,3.0,1.0,1.0,1.0,1.0,,,,,,,,,,,,,,,,,,,,,,,1,2,2,9,,1,3,3,2,2,1,2,3,7.0,5.0,,,,,,2,2,3,2,3,1,2,3,3,2,2,4,2,2,3,3,4,1,4,1,2,2,1,3,9,2,4,0.6740691065788269,0.36783263087272644
42409,2,17,79153,3,4,0,3,3.0,1.0,1.0,1.0,1.0,,,,,,,,,,,,,,,,,,,,,,,1,1,3,9,,1,3,3,2,2,2,3,8,7.0,,,,,,,1,3,3,2,1,1,1,2,2,2,2,3,1,2,2,2,3,2,2,1,2,2,1,5,1,99,2,0.5341512560844421,0.26591959595680237
42410,5,6,33714,3,6,0,3,3.0,1.0,1.0,1.0,1.0,,,,,,,,,,,,,,,,,,,,,,,1,2,1,9,,1,2,3,2,2,2,4,3,1.0,8.0,,,,,,1,2,4,2,1,1,1,3,3,1,2,4,1,2,2,2,2,3,2,2,2,2,1,3,3,3,2,1.1131962537765503,0.6878160834312439
42412,5,16,8258,2,8,0,3,3.0,1.0,1.0,1.0,1.0,,,,,,,,,,,,,,,,,,,,,,,2,2,3,3,3.0,1,3,3,2,2,2,2,8,3.0,,,,,,,1,3,4,2,2,2,2,1,3,2,3,4,1,2,2,3,2,2,3,2,1,1,1,2,3,4,2,0.4268319010734558,0.3082956075668335
42413,3,15,79838,3,7,0,3,3.0,1.0,1.0,1.0,2.0,,,,,,,,,,,,,,,,,,,,,,,1,1,3,3,3.0,2,2,2,3,4,3,2,1,,,,,,,,2,2,4,2,3,3,2,2,3,2,3,4,2,2,3,3,3,3,1,1,1,1,1,3,1,99,3,0.7842537760734558,0.3836304843425751
42414,4,16,8104,2,8,0,3,3.0,1.0,2.0,2.0,1.0,,,,,,,,,,,,,,,,,,,,,,,1,1,4,9,,2,3,2,3,3,3,4,3,1.0,5.0,,,,,,1,2,3,2,1,1,1,3,3,1,3,4,1,1,2,2,2,2,2,1,2,2,1,3,1,7,3,0.4722529351711273,0.2720399796962738
42415,5,16,7318,2,8,0,2,2.0,,,,,2.0,1.0,1.0,1.0,1.0,1.0,2.0,2.0,2.0,2.0,,,,1.0,2.0,5.0,6.0,7.0,,,,,2,3,4,9,,4,1,1,4,4,4,4,3,,,,,,,,2,3,4,2,2,4,3,2,3,1,4,4,2,2,4,1,4,1,4,1,2,2,1,2,1,98,5,0.5224395394325256,0.8830307126045227
42416,3,7,12551,2,5,0,1,1.0,,,,,2.0,1.0,2.0,2.0,2.0,2.0,1.0,2.0,1.0,2.0,,,,1.0,4.0,8.0,,,,,,,2,2,1,3,3.0,2,2,1,1,1,1,3,4,2.0,3.0,8.0,1.0,,,,1,1,3,2,1,2,1,3,3,2,2,3,1,2,3,1,3,1,1,1,2,2,1,3,1,8,5,0.3263285458087921,0.45560455322265625
42417,2,8,12721,2,2,0,3,3.0,1.0,1.0,3.0,1.0,,,,,,,,,,,,,,,,,,,,,,,1,2,9,3,3.0,3,3,1,3,3,4,4,6,4.0,8.0,1.0,5.0,3.0,,,2,1,4,2,2,3,2,3,1,1,2,4,2,1,2,2,1,1,2,1,1,1,1,3,1,3,1,0.4207970201969147,0.2701301574707031
42418,5,8,33024,3,2,0,1,1.0,,,,,2.0,1.0,1.0,1.0,2.0,1.0,2.0,2.0,2.0,2.0,,,,1.0,5.0,6.0,7.0,,,,,,1,3,4,9,,2,2,2,2,2,2,3,3,4.0,,,,,,,2,3,3,1,3,3,2,2,3,2,3,4,2,2,1,2,1,1,3,1,2,2,1,4,1,4,1,1.0791586637496948,2.0814619064331055
42419,2,15,7316,2,7,0,2,2.0,,,,,2.0,1.0,1.0,2.0,2.0,1.0,2.0,1.0,2.0,2.0,,,,1.0,6.0,7.0,9.0,,,,,,1,3,4,9,,3,2,2,3,2,3,3,5,4.0,,,,,,,2,3,3,1,2,2,3,2,3,2,3,4,1,2,2,2,3,3,2,1,2,2,1,4,1,7,3,0.2585919201374054,0.3293706476688385
42420,1,15,17726,2,7,0,3,3.0,1.0,1.0,3.0,2.0,,,,,,,,,,,,,,,,,,,,,,,3,3,9,3,3.0,2,3,3,2,2,3,2,5,,,,,,,,2,3,3,2,1,3,3,1,3,2,2,2,2,2,4,1,4,1,3,1,2,2,1,2,5,1,3,0.3866943120956421,0.2015577256679535
42421,2,15,79838,3,7,0,3,3.0,1.0,1.0,2.0,1.0,,,,,,,,,,,,,,,,,,,,,,,3,3,4,9,,3,2,2,3,2,3,2,8,,,,,,,,1,4,3,2,1,3,1,1,3,2,3,4,1,2,3,1,2,1,3,1,2,2,1,3,4,4,2,0.5341512560844421,0.26591959595680237
42422,3,16,2002,1,8,0,3,3.0,1.0,1.0,2.0,1.0,,,,,,,,,,,,,,,,,,,,,,,1,1,1,3,3.0,1,1,2,1,2,1,4,2,4.0,,,,,,,1,1,4,1,2,1,1,4,1,1,1,2,1,1,1,2,1,1,2,2,2,2,1,3,1,7,3,0.2868990898132324,0.22893983125686646
42423,4,16,30391,3,8,0,3,3.0,1.0,1.0,1.0,1.0,,,,,,,,,,,,,,,,,,,,,,,1,2,3,9,,3,4,3,2,3,3,4,8,5.0,,,,,,,1,2,4,2,2,1,1,3,3,1,2,4,1,2,3,3,2,2,2,1,2,2,1,3,1,98,5,0.9754925966262817,0.4966069459915161
42424,4,14,5492,2,7,0,2,2.0,,,,,2.0,2.0,2.0,2.0,1.0,2.0,2.0,2.0,2.0,2.0,,,,2.0,,,,,,,,,1,1,2,9,,2,2,2,3,1,1,2,5,7.0,4.0,8.0,1.0,,,,1,1,4,2,1,2,4,3,3,2,3,4,1,1,2,2,2,1,2,1,2,2,1,2,1,3,1,0.4722529351711273,0.6151058077812195
42426,3,6,21844,3,6,0,3,3.0,1.0,1.0,1.0,1.0,,,,,,,,,,,,,,,,,,,,,,,1,2,2,9,,1,3,4,2,2,1,2,2,5.0,3.0,1.0,,,,,1,2,4,2,1,2,2,2,3,2,2,4,1,2,2,2,3,3,2,2,2,2,1,4,1,4,1,0.6953297257423401,0.3548816442489624
42427,2,16,31447,3,8,0,3,3.0,1.0,1.0,2.0,1.0,,,,,,,,,,,,,,,,,,,,,,,1,1,9,9,,3,1,3,3,2,2,2,8,1.0,,,,,,,1,3,4,2,3,1,1,2,3,2,3,2,1,2,3,2,3,2,2,2,2,2,1,2,1,5,3,0.5509987473487854,0.2565561830997467
42428,2,17,6642,2,4,0,3,3.0,1.0,1.0,1.0,1.0,,,,,,,,,,,,,,,,,,,,,,,1,2,2,9,,2,3,3,3,1,3,3,8,,,,,,,,1,4,3,1,1,3,1,2,3,2,2,4,1,2,3,3,2,4,2,1,1,1,1,5,1,2,1,0.4207970201969147,0.2701301574707031
42429,5,12,2223,1,3,0,3,3.0,1.0,1.0,1.0,2.0,,,,,,,,,,,,,,,,,,,,,,,1,3,2,9,,2,3,3,1,1,1,3,2,8.0,1.0,4.0,,,,,1,2,4,2,1,1,1,3,1,2,2,4,1,2,3,3,2,3,3,1,2,2,1,1,6,98,2,0.44527024030685425,0.45991402864456177
42430,3,9,25081,3,2,0,3,3.0,1.0,1.0,1.0,1.0,,,,,,,,,,,,,,,,,,,,,,,1,1,2,9,,2,3,3,2,2,2,2,5,6.0,,,,,,,2,2,3,2,2,2,2,3,3,2,3,4,1,2,1,1,1,3,1,1,2,2,1,2,1,7,3,0.6740691065788269,0.36783263087272644
42434,5,5,3889,1,5,0,3,3.0,1.0,1.0,1.0,1.0,,,,,,,,,,,,,,,,,,,,,,,1,2,3,3,3.0,2,3,3,2,2,2,3,1,8.0,4.0,,,,,,1,2,4,2,1,2,2,3,3,2,2,2,1,2,2,2,2,3,1,1,1,1,1,3,3,4,5,0.3526615500450134,0.3763154149055481
42435,2,14,2194,1,7,0,1,1.0,,,,,1.0,1.0,2.0,1.0,1.0,1.0,1.0,1.0,2.0,2.0,,,,1.0,2.0,3.0,4.0,5.0,6.0,9.0,,,3,3,4,9,,3,2,2,3,2,3,3,9,,,,,,,,2,4,1,1,3,3,1,1,3,2,3,2,2,2,2,2,2,2,3,1,2,2,1,2,1,3,2,0.22039549052715302,0.21652396023273468
42436,3,17,79153,3,4,0,3,3.0,1.0,1.0,1.0,4.0,,,,,,,,,,,,,,,,,,,,,,,1,2,2,3,3.0,1,4,4,1,2,2,3,7,1.0,2.0,3.0,8.0,5.0,,,2,2,4,2,1,1,3,3,1,2,1,4,1,2,4,3,4,3,2,1,2,2,1,4,1,8,3,0.6740691065788269,0.36783263087272644
42440,3,9,25081,3,2,0,3,3.0,1.0,2.0,1.0,2.0,,,,,,,,,,,,,,,,,,,,,,,2,1,1,3,3.0,1,1,2,2,1,2,3,6,1.0,3.0,,,,,,1,3,3,1,2,1,1,4,1,1,1,4,1,1,1,1,2,2,1,2,1,1,1,4,1,6,3,0.8089898824691772,0.3701227307319641
42443,5,17,79153,3,4,0,2,2.0,,,,,2.0,2.0,2.0,2.0,2.0,2.0,2.0,2.0,1.0,2.0,,,,8.0,,,,,,,,,1,3,3,1,1.0,3,2,1,3,3,3,2,1,,,,,,,,2,2,2,1,2,3,4,2,2,2,3,4,2,2,2,1,2,2,2,1,2,2,1,3,1,1,1,1.0791586637496948,2.0814619064331055
42444,4,16,26982,3,8,0,3,3.0,1.0,1.0,1.0,1.0,,,,,,,,,,,,,,,,,,,,,,,1,2,3,9,,2,2,3,2,1,2,3,1,5.0,7.0,6.0,,,,,1,3,4,2,1,1,1,2,3,1,1,3,1,2,2,1,2,4,1,1,2,2,1,4,1,2,4,0.9754925966262817,0.4966069459915161
42445,2,17,79153,3,4,0,3,3.0,1.0,1.0,1.0,1.0,,,,,,,,,,,,,,,,,,,,,,,1,3,4,9,,2,2,3,3,2,2,2,1,5.0,,,,,,,2,2,4,2,2,1,2,2,3,2,3,2,2,2,2,2,2,3,3,1,1,1,1,4,1,4,1,0.8692047595977783,0.4931209683418274
42446,4,16,90161,3,8,0,1,1.0,,,,,2.0,1.0,2.0,1.0,1.0,2.0,1.0,2.0,1.0,2.0,,,,1.0,2.0,4.0,5.0,8.0,,,,,2,1,4,9,,2,2,1,3,4,2,4,5,8.0,,,,,,,1,2,2,2,3,2,1,3,1,1,3,3,2,2,4,3,4,4,3,2,1,1,1,5,1,4,1,0.8640686869621277,1.519971489906311
42447,4,8,33024,3,2,0,1,1.0,,,,,1.0,1.0,1.0,1.0,1.0,2.0,2.0,2.0,2.0,2.0,,,,1.0,2.0,3.0,5.0,7.0,,,,,3,3,4,3,3.0,2,2,3,2,4,3,2,9,,,,,,,,2,4,1,1,3,4,3,1,3,2,3,4,1,2,3,2,1,3,1,1,1,1,1,2,3,2,6,0.8376485109329224,1.5754419565200806
42448,2,4,49802,3,4,0,3,3.0,1.0,1.0,1.0,1.0,,,,,,,,,,,,,,,,,,,,,,,1,1,1,1,1.0,1,1,1,1,1,1,1,3,5.0,7.0,1.0,2.0,8.0,,,1,1,1,1,1,1,1,4,1,1,1,1,1,1,1,1,2,1,1,1,2,2,1,5,1,3,3,0.5341512560844421,0.26591959595680237
42449,2,4,49802,3,4,0,3,3.0,1.0,1.0,1.0,1.0,,,,,,,,,,,,,,,,,,,,,,,1,1,2,3,3.0,1,1,1,1,1,1,1,1,6.0,2.0,4.0,5.0,3.0,,,1,1,4,1,1,1,1,4,1,1,1,1,1,1,2,1,1,1,1,1,2,2,1,5,1,3,2,0.5341512560844421,0.26591959595680237
42450,4,16,17403,2,8,0,2,2.0,,,,,2.0,2.0,2.0,2.0,2.0,2.0,2.0,2.0,2.0,1.0,10.0,,J’ÉTAIS MALADE,10.0,,,,,,,,,1,1,3,9,,2,3,3,2,2,2,2,1,8.0,,,,,,,1,3,3,2,3,2,1,3,3,2,3,4,1,2,3,2,2,3,2,1,2,2,1,4,1,5,1,0.4722529351711273,0.6151058077812195
42452,3,16,57302,3,8,0,3,3.0,1.0,1.0,2.0,1.0,,,,,,,,,,,,,,,,,,,,,,,1,1,2,3,3.0,2,4,3,2,2,3,2,3,,,,,,,,2,1,4,1,2,1,1,4,3,2,1,4,2,1,4,3,4,1,4,1,1,1,1,4,1,2,1,0.7842537760734558,0.3836304843425751
42453,4,4,49802,3,4,0,3,3.0,1.0,1.0,1.0,1.0,,,,,,,,,,,,,,,,,,,,,,,1,1,9,9,,4,1,1,4,3,3,3,3,,,,,,,,2,4,4,1,1,4,2,3,3,2,4,4,2,2,3,2,2,1,1,1,1,1,1,3,1,3,1,0.8376485109329224,0.539604127407074
42454,5,15,1746,1,7,0,3,3.0,1.0,1.0,1.0,1.0,,,,,,,,,,,,,,,,,,,,,,,1,1,3,3,3.0,2,3,2,2,3,2,3,2,1.0,8.0,,,,,,1,2,3,2,2,3,3,2,3,2,2,4,1,2,3,2,1,2,1,1,1,1,1,2,3,4,2,0.3526615500450134,0.3763154149055481
42456,5,6,33714,3,6,0,3,3.0,1.0,1.0,1.0,1.0,,,,,,,,,,,,,,,,,,,,,,,1,2,2,9,,2,2,3,2,2,2,3,7,4.0,1.0,3.0,8.0,,,,1,2,4,2,1,2,2,3,1,1,2,4,1,1,3,2,2,2,2,2,2,2,1,4,1,98,5,1.1131962537765503,0.6878160834312439
42457,4,1,49733,3,1,0,3,3.0,1.0,1.0,3.0,1.0,,,,,,,,,,,,,,,,,,,,,,,1,2,9,3,3.0,2,3,3,2,2,2,3,1,3.0,7.0,4.0,,,,,1,2,4,2,1,2,2,2,2,2,2,4,1,2,2,2,2,3,2,1,1,1,1,4,1,5,3,0.8376485109329224,0.539604127407074
42458,3,7,506,1,5,0,1,1.0,,,,,1.0,1.0,1.0,1.0,1.0,1.0,1.0,1.0,1.0,2.0,,,,1.0,2.0,3.0,4.0,5.0,6.0,7.0,8.0,9.0,1,1,1,1,1.0,1,2,1,1,1,2,1,3,2.0,1.0,,,,,,1,1,1,1,1,2,1,1,1,1,1,2,1,1,2,1,1,2,1,1,2,2,1,2,1,8,3,0.2781267762184143,0.29950815439224243
42459,3,1,49733,3,1,0,2,2.0,,,,,2.0,2.0,2.0,1.0,1.0,1.0,2.0,2.0,2.0,2.0,,,,2.0,5.0,6.0,,,,,,,1,1,3,9,,3,1,1,3,3,3,3,5,3.0,,,,,,,2,3,3,9,4,3,4,1,3,2,3,4,2,2,2,3,3,2,1,1,1,1,1,3,1,3,3,0.7842537760734558,1.120064377784729
42460,4,16,1369,1,8,0,3,3.0,1.0,1.0,1.0,1.0,,,,,,,,,,,,,,,,,,,,,,,1,2,3,3,3.0,2,3,2,3,2,2,3,2,8.0,,,,,,,1,2,4,2,1,2,2,3,3,1,3,4,1,2,3,2,2,3,3,2,1,1,1,3,1,3,2,0.35652217268943787,0.33584895730018616
42462,5,17,13827,2,4,0,1,1.0,,,,,1.0,1.0,1.0,1.0,1.0,1.0,2.0,2.0,2.0,2.0,,,,1.0,2.0,3.0,5.0,6.0,7.0,,,,3,3,4,9,,2,3,3,2,2,2,2,9,,,,,,,,2,3,2,1,4,4,4,2,3,2,3,4,1,2,2,2,2,3,3,1,1,1,1,1,1,6,1,0.4137810170650482,0.7225214242935181
42463,4,6,19942,2,6,0,3,3.0,1.0,1.0,1.0,1.0,,,,,,,,,,,,,,,,,,,,,,,1,2,4,9,,3,2,2,3,3,3,3,5,2.0,1.0,,,,,,2,3,4,2,1,3,2,2,1,1,3,4,1,2,1,2,1,3,2,2,1,1,2,5,1,8,9,0.4183107316493988,0.2851848900318146
42464,2,7,632,1,5,0,1,1.0,,,,,2.0,1.0,2.0,2.0,2.0,2.0,1.0,2.0,2.0,2.0,,,,1.0,4.0,,,,,,,,3,3,4,9,,2,3,4,2,2,2,3,9,,,,,,,,2,4,3,2,2,2,2,1,3,2,3,2,2,2,3,1,3,2,1,1,2,2,1,3,1,99,1,0.22039549052715302,0.21652396023273468
42469,4,16,7318,2,8,0,3,3.0,1.0,1.0,1.0,1.0,,,,,,,,,,,,,,,,,,,,,,,1,3,4,3,3.0,1,3,3,2,4,1,3,8,1.0,3.0,,,,,,1,2,4,2,2,2,4,2,3,2,2,2,1,2,3,2,1,1,1,1,1,1,1,4,6,5,5,0.4055202603340149,0.29559326171875
42472,4,1,1313,1,1,0,3,3.0,1.0,1.0,1.0,1.0,,,,,,,,,,,,,,,,,,,,,,,2,1,2,3,3.0,1,1,1,1,1,1,3,2,,,,,,,,1,1,4,2,1,1,1,3,3,2,2,4,1,2,3,3,3,3,3,1,2,2,1,3,3,2,2,0.40249672532081604,0.32036837935447693
42473,3,5,3889,1,5,0,1,1.0,,,,,1.0,1.0,2.0,2.0,2.0,2.0,1.0,1.0,1.0,2.0,,,,1.0,3.0,4.0,8.0,9.0,,,,,3,3,3,1,1.0,2,3,1,2,2,3,3,4,1.0,,,,,,,1,3,3,1,1,3,2,1,3,1,3,2,2,2,2,2,3,3,1,1,1,1,1,3,1,3,2,0.323589950799942,0.3123702108860016
42474,3,15,59612,3,7,0,1,1.0,,,,,1.0,2.0,2.0,1.0,2.0,1.0,2.0,1.0,1.0,2.0,,,,3.0,5.0,6.0,8.0,9.0,,,,,1,1,1,3,3.0,1,2,3,1,3,4,1,5,,,,,,,,1,1,1,1,2,3,1,1,1,1,1,1,1,1,3,1,2,4,3,2,1,1,1,1,1,7,1,0.8089898824691772,1.0806254148483276
42475,3,17,79153,3,4,0,2,2.0,,,,,1.0,2.0,2.0,2.0,2.0,2.0,1.0,2.0,2.0,2.0,,,,3.0,4.0,,,,,,,,3,3,4,2,2.0,3,3,2,3,2,3,2,9,,,,,,,,2,3,2,1,2,3,2,1,3,2,3,4,2,2,3,3,2,3,3,1,1,1,1,2,1,3,4,0.7842537760734558,1.120064377784729
42480,3,5,3889,1,5,0,3,3.0,1.0,2.0,2.0,2.0,,,,,,,,,,,,,,,,,,,,,,,3,3,4,1,1.0,2,1,2,2,2,2,2,6,2.0,,,,,,,1,2,3,2,2,1,1,1,3,2,3,2,2,2,2,1,1,3,1,1,1,1,1,3,1,4,2,0.323589950799942,0.24748627841472626
42481,2,7,2518,1,5,0,3,3.0,1.0,1.0,2.0,1.0,,,,,,,,,,,,,,,,,,,,,,,1,3,4,9,,2,3,3,2,3,1,2,3,5.0,,,,,,,2,3,4,2,1,1,3,2,3,2,2,4,2,2,3,3,3,2,3,1,2,2,1,3,1,4,2,0.22039549052715302,0.17154793441295624
42485,2,15,45467,3,7,0,2,2.0,,,,,1.0,1.0,1.0,2.0,1.0,1.0,1.0,2.0,2.0,2.0,,,,1.0,2.0,3.0,4.0,6.0,7.0,,,,1,1,1,3,3.0,1,1,1,1,1,1,4,6,2.0,4.0,1.0,,,,,1,1,4,1,1,1,1,2,1,1,1,3,1,1,1,1,1,1,1,2,1,1,1,5,1,5,1,0.8966200947761536,1.3890373706817627
42486,2,16,10036,2,8,0,1,1.0,,,,,1.0,1.0,1.0,1.0,1.0,1.0,1.0,2.0,1.0,2.0,,,,1.0,2.0,3.0,4.0,5.0,6.0,7.0,8.0,,3,3,4,9,,2,1,2,3,1,2,1,1,,,,,,,,2,4,1,2,1,4,3,1,3,2,3,1,2,2,1,1,1,1,1,1,2,2,1,2,6,1,1,0.2585919201374054,0.3293706476688385
42487,5,12,25644,3,3,0,1,1.0,,,,,1.0,2.0,1.0,1.0,1.0,1.0,2.0,2.0,2.0,2.0,,,,2.0,3.0,5.0,6.0,7.0,,,,,1,1,4,9,,3,3,2,2,1,2,3,9,,,,,,,,2,3,2,1,2,2,2,2,3,2,4,2,2,2,3,2,2,3,3,1,1,1,1,2,3,2,2,0.8547120690345764,1.7031153440475464
42488,1,14,23299,3,7,0,1,1.0,,,,,1.0,1.0,2.0,1.0,1.0,2.0,2.0,2.0,2.0,2.0,,,,1.0,2.0,3.0,5.0,,,,,,2,3,4,9,,2,2,2,3,2,2,1,3,5.0,1.0,,,,,,2,3,1,1,2,3,2,2,3,2,3,1,1,2,3,2,2,1,1,1,2,2,1,2,4,99,6,0.7987616658210754,1.0742613077163696
42491,2,16,22022,3,8,1,3,,1.0,1.0,1.0,1.0,,,,,,,,,,,,,,,,,,,,,,,2,1,3,1,1.0,2,2,1,2,3,3,2,4,,,,,,,,1,2,4,2,3,4,1,3,2,2,2,4,1,1,1,1,2,4,3,1,1,1,1,3,1,4,3,0.8692047595977783,0.4931209683418274
42494,2,2,9874,2,2,0,3,3.0,1.0,1.0,1.0,1.0,,,,,,,,,,,,,,,,,,,,,,,2,3,3,9,,2,2,1,2,2,2,2,9,,,,,,,,2,2,3,1,2,2,3,2,3,2,3,4,1,2,3,2,3,3,2,1,1,1,1,3,1,98,2,0.4207970201969147,0.2701301574707031
42495,2,16,19183,2,8,0,3,3.0,1.0,1.0,2.0,2.0,,,,,,,,,,,,,,,,,,,,,,,1,2,3,2,2.0,2,2,2,2,2,2,2,6,5.0,4.0,,,,,,2,2,3,2,2,2,2,3,3,2,3,4,2,2,3,2,3,2,3,1,2,2,1,3,1,2,3,0.2585919201374054,0.14566975831985474
42500,4,4,49802,3,4,0,3,3.0,1.0,1.0,1.0,1.0,,,,,,,,,,,,,,,,,,,,,,,1,2,4,3,3.0,2,3,3,2,1,2,2,3,4.0,,,,,,,2,3,4,2,1,1,2,2,3,2,2,4,2,2,4,1,1,2,1,1,1,1,1,4,1,5,1,0.8376485109329224,0.539604127407074
42502,5,6,19907,2,6,0,3,3.0,1.0,1.0,1.0,1.0,,,,,,,,,,,,,,,,,,,,,,,1,2,3,3,3.0,2,3,3,2,2,2,2,2,7.0,5.0,1.0,,,,,1,2,4,2,2,2,2,2,1,1,2,4,1,2,2,2,2,2,2,2,2,2,1,5,1,6,6,0.5389177203178406,0.37678301334381104
42503,1,16,31447,3,8,0,1,1.0,,,,,1.0,2.0,1.0,2.0,1.0,2.0,2.0,1.0,2.0,2.0,,,,2.0,3.0,7.0,9.0,,,,,,3,3,4,9,,2,2,2,2,3,1,3,7,1.0,,,,,,,2,4,1,1,2,3,2,2,3,2,3,4,2,2,3,2,2,2,3,1,1,1,1,2,4,1,9,1.5287959575653076,2.266181707382202
42504,2,2,30915,3,2,0,3,3.0,1.0,1.0,1.0,1.0,,,,,,,,,,,,,,,,,,,,,,,2,1,9,3,3.0,1,1,1,1,1,1,3,3,4.0,8.0,,,,,,2,2,3,2,2,1,2,2,2,2,2,4,2,1,3,2,3,2,2,1,1,1,1,4,1,1,1,0.8692047595977783,0.4931209683418274
42506,1,6,35117,3,6,0,1,1.0,,,,,1.0,2.0,2.0,2.0,2.0,2.0,1.0,2.0,2.0,2.0,,,,3.0,4.0,,,,,,,,2,1,2,3,3.0,2,3,1,1,3,2,3,7,2.0,6.0,,,,,,2,2,2,2,2,1,3,2,2,2,2,2,1,2,1,2,1,2,2,3,1,1,1,3,1,3,1,1.5770148038864136,2.1863858699798584
42508,3,16,22022,3,8,1,1,,,,,,1.0,1.0,2.0,2.0,2.0,1.0,1.0,1.0,2.0,2.0,,,,1.0,3.0,4.0,6.0,9.0,,,,,1,1,1,1,1.0,1,3,4,3,1,2,1,3,,,,,,,,1,1,1,1,2,3,1,1,1,1,1,2,1,1,4,3,3,2,1,1,1,1,1,1,1,7,1,0.7842537760734558,1.120064377784729
42509,3,16,22022,3,8,1,1,,,,,,1.0,1.0,1.0,2.0,1.0,2.0,2.0,1.0,2.0,2.0,,,,1.0,2.0,3.0,7.0,9.0,,,,,1,1,1,1,1.0,1,3,4,3,1,2,1,1,,,,,,,,1,2,1,1,1,2,3,1,1,1,1,2,1,1,3,1,4,2,3,1,1,1,1,2,2,7,1,0.7842537760734558,1.120064377784729
42510,3,6,19907,2,6,0,2,2.0,,,,,1.0,2.0,1.0,1.0,1.0,2.0,2.0,1.0,2.0,2.0,,,,2.0,3.0,5.0,7.0,9.0,,,,,1,1,1,1,1.0,1,2,1,3,4,3,1,4,6.0,1.0,,,,,,1,1,1,1,1,3,2,1,1,1,1,2,1,1,2,3,4,3,1,1,1,1,1,2,1,5,4,0.3796708583831787,0.4751705229282379
42511,3,6,19907,2,6,0,2,2.0,,,,,1.0,2.0,2.0,1.0,1.0,1.0,1.0,2.0,2.0,2.0,,,,2.0,3.0,4.0,5.0,6.0,,,,,1,1,2,1,1.0,1,3,2,1,4,3,1,3,2.0,1.0,,,,,,1,1,1,1,3,2,1,1,1,1,1,2,1,1,3,4,1,3,2,1,1,1,1,2,1,6,4,0.3796708583831787,0.4751705229282379
42512,2,16,9306,2,8,0,1,1.0,,,,,2.0,1.0,2.0,1.0,1.0,2.0,1.0,2.0,2.0,2.0,,,,1.0,2.0,4.0,5.0,,,,,,1,2,2,2,2.0,2,1,1,1,1,1,2,5,,,,,,,,1,1,4,1,2,2,2,2,3,2,1,3,1,2,2,2,2,2,2,1,1,1,1,2,1,7,2,0.4207970201969147,0.6107873916625977
42513,4,4,49802,3,4,0,1,1.0,,,,,1.0,1.0,1.0,1.0,1.0,1.0,2.0,2.0,2.0,2.0,,,,1.0,2.0,3.0,5.0,6.0,7.0,,,,3,3,4,9,,2,2,3,3,2,2,2,1,,,,,,,,2,3,2,1,4,4,3,1,3,2,4,2,2,2,4,1,1,2,3,1,1,1,1,2,1,2,2,0.8376485109329224,1.5754419565200806
42514,3,7,1055,1,5,0,3,3.0,1.0,1.0,1.0,2.0,,,,,,,,,,,,,,,,,,,,,,,1,1,1,3,3.0,1,2,2,1,1,1,4,5,2.0,3.0,1.0,7.0,,,,1,1,4,1,2,1,1,4,1,1,1,3,1,1,1,2,1,2,1,2,2,2,1,5,1,6,2,0.2868990898132324,0.22893983125686646
42515,1,5,1883,1,5,0,3,3.0,1.0,1.0,1.0,3.0,,,,,,,,,,,,,,,,,,,,,,,1,1,2,3,3.0,3,3,3,1,2,2,3,2,7.0,1.0,5.0,6.0,3.0,,,2,2,4,2,1,1,1,3,2,1,2,2,1,2,1,2,2,3,2,2,2,2,1,3,4,1,1,0.3399709165096283,0.2290077954530716
42517,5,8,12721,2,2,0,3,3.0,1.0,1.0,2.0,1.0,,,,,,,,,,,,,,,,,,,,,,,2,2,3,3,3.0,1,2,2,2,1,2,3,2,3.0,5.0,6.0,,,,,2,2,4,2,1,1,2,3,3,2,3,4,1,2,2,2,2,2,4,1,1,1,1,2,2,3,2,0.4137810170650482,0.3195469081401825
42523,4,16,13441,2,8,0,1,1.0,,,,,2.0,1.0,2.0,1.0,1.0,1.0,2.0,2.0,1.0,2.0,,,,1.0,2.0,5.0,6.0,8.0,,,,,3,3,4,1,1.0,3,1,2,2,2,2,1,4,,,,,,,,2,4,2,9,3,3,3,1,3,2,3,4,2,2,3,2,2,2,3,1,2,2,1,2,2,1,9,0.4722529351711273,0.6151058077812195
42524,4,3,16723,2,3,0,3,3.0,1.0,1.0,2.0,2.0,,,,,,,,,,,,,,,,,,,,,,,1,1,2,3,3.0,2,2,3,2,2,2,4,2,,,,,,,,1,2,4,2,2,2,3,2,3,2,2,4,1,2,2,2,2,2,1,1,1,1,1,5,1,8,9,0.4055202603340149,0.29559326171875
42526,1,1,14178,2,1,0,1,1.0,,,,,1.0,2.0,1.0,2.0,1.0,1.0,2.0,2.0,2.0,2.0,,,,2.0,3.0,6.0,7.0,,,,,,3,3,4,3,3.0,2,3,2,1,2,2,2,4,5.0,3.0,,,,,,2,3,1,1,3,4,2,3,3,2,3,3,2,1,2,4,2,1,4,1,2,2,1,1,1,2,3,0.3866943120956421,0.4557398557662964
42527,4,9,25081,3,2,0,3,3.0,1.0,2.0,1.0,1.0,,,,,,,,,,,,,,,,,,,,,,,1,2,3,1,1.0,3,2,1,4,3,3,2,6,8.0,,,,,,,2,2,4,1,3,3,2,4,3,1,2,4,1,2,4,3,3,3,3,1,1,1,1,2,1,8,3,0.8376485109329224,0.539604127407074
42531,4,16,90161,3,8,0,3,3.0,1.0,1.0,1.0,1.0,,,,,,,,,,,,,,,,,,,,,,,1,2,1,9,,1,2,2,2,1,3,3,2,,,,,,,,1,2,3,1,1,2,2,3,2,9,2,4,1,2,3,2,3,2,3,1,1,1,2,4,1,4,3,0.8376485109329224,0.539604127407074
42532,5,1,2469,1,1,0,3,3.0,1.0,2.0,3.0,2.0,,,,,,,,,,,,,,,,,,,,,,,1,2,2,9,,2,3,3,2,2,2,3,5,1.0,6.0,3.0,8.0,,,,1,2,3,1,2,2,2,3,2,2,2,4,1,1,2,2,1,3,1,1,2,2,1,3,1,6,2,0.44527024030685425,0.45991402864456177
42535,4,8,1503,1,2,0,3,3.0,1.0,1.0,1.0,1.0,,,,,,,,,,,,,,,,,,,,,,,3,3,4,3,3.0,1,3,3,2,2,1,2,4,,,,,,,,2,3,4,1,1,3,3,2,3,2,3,2,1,2,2,3,3,3,3,1,2,2,1,4,1,8,5,0.40249672532081604,0.32036837935447693
42536,3,4,5096,2,4,0,3,3.0,1.0,1.0,1.0,1.0,,,,,,,,,,,,,,,,,,,,,,,1,2,3,9,,1,2,3,2,2,2,2,5,1.0,4.0,,,,,,2,3,4,2,2,2,2,2,3,2,2,4,2,2,2,2,1,2,1,1,2,2,1,3,1,3,1,0.3263285458087921,0.20149792730808258
42537,5,1,14178,2,1,0,3,3.0,1.0,1.0,1.0,1.0,,,,,,,,,,,,,,,,,,,,,,,1,1,4,9,,2,3,2,2,3,2,2,5,4.0,2.0,,,,,,1,2,3,2,2,2,3,3,3,2,3,4,1,2,3,2,2,3,1,1,1,1,1,2,3,98,2,0.4137810170650482,0.3195469081401825
42540,4,9,1297,1,2,0,1,1.0,,,,,1.0,1.0,1.0,1.0,1.0,1.0,1.0,2.0,2.0,2.0,,,,1.0,2.0,3.0,4.0,5.0,6.0,7.0,,,3,3,9,9,,3,2,2,2,3,3,2,9,,,,,,,,2,2,4,2,2,2,1,2,3,2,2,4,1,2,3,2,2,4,2,1,1,1,1,4,1,3,1,0.34562113881111145,0.43937116861343384
42543,3,7,3799,1,5,0,3,3.0,1.0,1.0,2.0,2.0,,,,,,,,,,,,,,,,,,,,,,,1,2,9,3,3.0,1,3,3,2,2,1,3,1,4.0,5.0,8.0,2.0,,,,1,4,3,2,2,2,2,2,3,1,3,4,1,2,3,2,3,3,2,1,2,2,1,2,1,3,3,0.2781267762184143,0.23729513585567474
42544,4,15,79838,3,7,0,1,1.0,,,,,1.0,1.0,2.0,2.0,1.0,2.0,2.0,2.0,2.0,2.0,,,,1.0,2.0,3.0,,,,,,,3,3,4,9,,2,2,3,2,3,2,2,9,,,,,,,,2,3,3,2,3,3,4,1,3,2,3,4,2,2,3,3,2,3,3,1,2,2,1,3,1,99,2,0.9754925966262817,1.4499083757400513
42545,3,4,49802,3,4,0,3,3.0,1.0,1.0,1.0,2.0,,,,,,,,,,,,,,,,,,,,,,,1,1,2,1,1.0,2,3,3,3,3,3,2,1,,,,,,,,2,2,4,1,2,2,2,2,3,2,2,3,1,2,2,2,2,2,2,1,1,1,1,3,2,2,3,0.7842537760734558,0.3836304843425751
42546,4,16,13441,2,8,0,3,3.0,1.0,1.0,1.0,2.0,,,,,,,,,,,,,,,,,,,,,,,1,1,4,9,,2,3,3,2,1,3,3,2,5.0,,,,,,,1,2,3,2,2,2,2,3,3,2,1,4,1,2,3,2,2,3,2,1,1,1,1,2,1,7,2,0.4055202603340149,0.29559326171875
42547,4,7,506,1,5,0,3,3.0,1.0,1.0,1.0,1.0,,,,,,,,,,,,,,,,,,,,,,,1,2,3,9,,2,2,2,2,3,2,3,1,3.0,2.0,,,,,,2,2,3,2,2,2,3,4,1,2,2,3,1,2,2,2,2,3,2,1,1,1,1,5,1,6,2,0.34562113881111145,0.3481054902076721
42548,4,15,79838,3,7,0,1,1.0,,,,,1.0,2.0,2.0,1.0,1.0,1.0,2.0,2.0,2.0,2.0,,,,2.0,3.0,5.0,6.0,,,,,,3,3,4,9,,2,2,2,3,3,3,2,9,,,,,,,,2,4,3,2,2,3,3,1,3,2,3,4,2,2,3,2,3,3,2,1,2,2,1,3,1,99,2,0.9754925966262817,1.4499083757400513
42550,2,15,13893,2,7,0,3,3.0,1.0,1.0,2.0,1.0,,,,,,,,,,,,,,,,,,,,,,,2,1,2,3,3.0,2,2,3,2,1,3,2,5,3.0,1.0,8.0,,,,,1,3,4,2,1,1,2,3,2,1,2,3,1,2,3,3,2,3,1,2,2,2,1,3,1,3,1,0.2667480409145355,0.14054054021835327
42551,3,6,33714,3,6,0,3,3.0,1.0,1.0,1.0,1.0,,,,,,,,,,,,,,,,,,,,,,,1,2,4,9,,2,3,2,3,3,2,4,3,7.0,5.0,,,,,,1,2,4,1,2,2,2,3,3,1,3,3,1,1,2,2,2,2,2,2,1,1,1,3,1,6,2,0.8089898824691772,0.3701227307319641
42552,2,15,11045,2,7,0,3,3.0,1.0,1.0,2.0,2.0,,,,,,,,,,,,,,,,,,,,,,,1,2,3,9,,2,2,3,2,2,2,2,4,5.0,2.0,1.0,,,,,2,3,3,2,2,2,2,3,3,2,3,2,2,2,3,2,2,2,2,1,2,2,1,1,1,2,4,0.2585919201374054,0.14566975831985474
42553,3,16,9406,2,8,0,3,3.0,1.0,1.0,1.0,1.0,,,,,,,,,,,,,,,,,,,,,,,2,3,3,9,,2,1,1,1,1,1,2,1,,,,,,,,2,3,4,2,1,1,1,2,3,2,3,3,1,2,1,1,1,1,1,1,1,1,1,2,1,8,2,0.3796708583831787,0.2101513147354126
42554,4,12,1082,1,3,0,3,3.0,1.0,1.0,1.0,1.0,,,,,,,,,,,,,,,,,,,,,,,1,1,2,3,3.0,1,1,1,1,1,1,3,4,,,,,,,,2,2,4,2,1,1,1,2,3,2,2,4,1,2,2,2,1,1,2,1,2,2,1,2,1,2,1,0.40249672532081604,0.32036837935447693
42556,4,16,26474,3,8,0,1,1.0,,,,,1.0,2.0,2.0,2.0,2.0,2.0,2.0,2.0,2.0,2.0,,,,3.0,,,,,,,,,2,3,2,9,,2,3,3,2,1,2,3,8,,,,,,,,1,3,1,2,1,2,3,2,3,2,2,4,1,2,3,1,2,1,2,1,1,1,1,2,1,6,5,0.8376485109329224,1.5754419565200806
42557,3,15,1604,1,7,0,3,3.0,1.0,1.0,2.0,1.0,,,,,,,,,,,,,,,,,,,,,,,3,3,4,9,,2,2,1,2,3,2,4,1,2.0,,,,,,,2,3,2,1,4,4,2,3,3,2,3,3,2,2,4,3,3,1,4,2,2,2,1,2,5,2,4,0.2868990898132324,0.22893983125686646
42560,5,16,13441,2,8,0,3,3.0,1.0,2.0,2.0,2.0,,,,,,,,,,,,,,,,,,,,,,,3,3,4,9,,2,3,3,2,3,2,2,8,4.0,,,,,,,2,3,4,2,2,2,2,1,3,2,3,2,1,2,3,3,3,3,2,1,2,2,1,2,3,6,2,0.5224395394325256,0.3905333876609802
42561,5,14,86419,3,7,0,3,3.0,1.0,1.0,1.0,1.0,,,,,,,,,,,,,,,,,,,,,,,1,2,4,9,,2,3,3,2,2,2,3,8,1.0,,,,,,,1,3,4,2,2,3,3,1,3,2,3,4,2,2,2,1,2,1,3,1,1,1,1,3,1,6,2,0.8547120690345764,0.5833334922790527
42563,4,14,86419,3,7,0,3,3.0,1.0,1.0,1.0,1.0,,,,,,,,,,,,,,,,,,,,,,,2,2,3,2,2.0,3,2,3,2,3,2,2,6,,,,,,,,1,2,3,2,2,2,3,3,3,2,3,4,1,2,2,2,2,3,3,1,2,2,1,3,1,5,5,0.9754925966262817,0.4966069459915161
42565,4,16,22022,3,8,1,1,,,,,,2.0,1.0,2.0,2.0,1.0,1.0,2.0,2.0,2.0,2.0,,,,1.0,2.0,6.0,,,,,,,3,3,4,9,,2,1,1,3,3,3,3,9,,,,,,,,2,2,2,1,4,4,4,2,3,2,3,2,1,2,4,3,2,1,4,1,2,2,1,5,1,3,2,0.9754925966262817,1.4499083757400513
42566,3,16,2581,1,8,0,3,3.0,1.0,1.0,1.0,2.0,,,,,,,,,,,,,,,,,,,,,,,2,2,3,9,,2,3,3,2,2,2,3,8,3.0,,,,,,,1,2,4,2,1,2,2,1,3,2,2,2,1,2,2,2,2,4,3,1,1,1,1,3,1,5,3,0.323589950799942,0.24748627841472626
42569,2,16,31447,3,8,0,3,3.0,1.0,1.0,1.0,1.0,,,,,,,,,,,,,,,,,,,,,,,1,1,2,9,,2,2,3,2,2,4,3,2,4.0,3.0,1.0,,,,,2,2,4,2,1,2,2,2,3,2,2,4,1,2,3,3,2,2,3,1,1,1,1,2,1,6,2,0.8692047595977783,0.4931209683418274
42571,3,12,682,1,3,0,3,3.0,1.0,1.0,1.0,1.0,,,,,,,,,,,,,,,,,,,,,,,2,3,9,9,,3,2,3,2,2,2,2,4,8.0,,,,,,,1,3,3,2,2,2,2,3,3,2,3,3,1,2,1,2,2,3,2,1,2,2,1,3,5,2,3,0.2781267762184143,0.23729513585567474
42574,1,14,23299,3,7,0,3,3.0,1.0,1.0,1.0,1.0,,,,,,,,,,,,,,,,,,,,,,,1,1,2,1,1.0,4,3,3,3,2,2,3,8,5.0,1.0,,,,,,2,2,4,2,1,2,2,2,3,2,3,4,2,2,3,3,2,4,4,1,1,1,1,2,1,98,9,1.5287959575653076,0.7761867046356201
42576,3,9,641,1,2,0,3,3.0,1.0,2.0,2.0,2.0,,,,,,,,,,,,,,,,,,,,,,,1,2,3,3,3.0,2,2,2,2,2,2,3,5,1.0,3.0,,,,,,2,2,4,2,2,2,2,3,3,2,2,4,1,2,2,2,2,3,2,1,1,1,1,2,1,5,3,0.323589950799942,0.24748627841472626
42577,3,9,641,1,2,0,3,3.0,1.0,1.0,1.0,1.0,,,,,,,,,,,,,,,,,,,,,,,1,3,1,1,1.0,3,3,2,2,2,1,2,9,,,,,,,,2,2,3,2,2,2,2,2,3,2,2,4,2,1,2,3,2,3,3,1,1,1,1,2,1,5,3,0.323589950799942,0.24748627841472626
42578,2,6,33714,3,6,0,3,3.0,1.0,2.0,2.0,3.0,,,,,,,,,,,,,,,,,,,,,,,1,3,3,9,,3,2,2,3,3,3,3,4,2.0,5.0,,,,,,2,4,4,2,3,2,2,2,3,2,3,4,2,2,3,2,2,3,3,3,2,2,2,4,1,3,1,0.5509987473487854,0.2565561830997467
42580,2,14,23299,3,7,0,3,3.0,1.0,1.0,1.0,2.0,,,,,,,,,,,,,,,,,,,,,,,2,2,3,9,,2,3,3,2,2,2,3,1,,,,,,,,2,2,3,2,2,1,1,3,3,2,2,3,1,2,4,2,3,3,1,1,2,2,1,4,1,8,3,0.5341512560844421,0.26591959595680237
42581,3,8,33024,3,2,0,3,3.0,1.0,1.0,1.0,1.0,,,,,,,,,,,,,,,,,,,,,,,1,1,3,1,1.0,1,1,2,1,2,1,1,4,,,,,,,,1,2,2,1,3,1,1,1,1,2,2,2,1,2,2,2,2,2,1,1,2,2,1,2,1,7,3,0.6740691065788269,0.36783263087272644
42585,3,16,30391,3,8,0,1,1.0,,,,,2.0,1.0,1.0,1.0,1.0,2.0,2.0,2.0,2.0,2.0,,,,1.0,2.0,5.0,7.0,,,,,,1,3,4,9,,3,2,2,2,3,3,3,9,,,,,,,,2,2,3,1,4,3,2,2,3,2,3,4,1,2,2,4,2,1,3,1,1,1,1,4,1,7,2,0.7842537760734558,1.120064377784729
42586,4,16,17371,2,8,0,3,3.0,1.0,1.0,1.0,1.0,,,,,,,,,,,,,,,,,,,,,,,3,3,4,9,,4,2,3,2,2,2,1,1,,,,,,,,2,3,4,2,3,3,3,1,1,2,3,4,1,2,3,4,2,2,4,1,2,2,1,3,1,99,5,0.4722529351711273,0.2720399796962738
42587,4,14,23299,3,7,0,2,2.0,,,,,2.0,1.0,2.0,2.0,1.0,1.0,1.0,2.0,1.0,2.0,,,,1.0,2.0,4.0,6.0,8.0,,,,,3,3,4,9,,2,1,1,3,4,4,4,1,,,,,,,,2,1,4,1,2,3,1,4,3,1,4,4,1,2,1,1,1,1,1,1,2,2,1,5,1,8,3,0.9754925966262817,1.4499083757400513
42588,3,16,24448,3,8,0,3,3.0,1.0,1.0,1.0,1.0,,,,,,,,,,,,,,,,,,,,,,,1,2,1,3,3.0,1,4,4,1,1,1,4,8,7.0,5.0,1.0,4.0,3.0,,,1,1,4,2,1,1,2,3,3,1,2,3,1,2,4,1,4,1,2,1,1,1,1,4,1,7,3,0.7842537760734558,0.3836304843425751
42589,1,14,50455,3,7,0,3,3.0,1.0,1.0,1.0,2.0,,,,,,,,,,,,,,,,,,,,,,,1,2,1,3,3.0,2,1,2,2,3,3,2,1,,,,,,,,1,3,2,1,3,2,4,3,1,2,2,1,1,1,1,1,2,2,1,1,2,2,1,2,1,7,1,0.7987616658210754,0.3679428696632385
42590,1,16,69265,3,8,0,3,3.0,1.0,1.0,1.0,1.0,,,,,,,,,,,,,,,,,,,,,,,1,3,9,9,,1,3,3,1,3,1,3,9,,,,,,,,1,3,4,2,1,1,3,1,3,2,3,4,1,2,3,3,3,3,1,1,2,2,1,3,1,2,1,0.7987616658210754,0.3679428696632385
42591,1,7,12551,2,5,0,3,3.0,1.0,1.0,1.0,1.0,,,,,,,,,,,,,,,,,,,,,,,1,1,2,3,3.0,2,2,2,2,3,2,3,7,5.0,,,,,,,1,2,3,2,1,2,2,3,3,2,3,2,1,2,1,1,3,3,2,1,2,2,1,5,1,7,2,0.3866943120956421,0.2015577256679535
42592,4,14,50455,3,7,0,3,3.0,1.0,2.0,2.0,1.0,,,,,,,,,,,,,,,,,,,,,,,1,1,2,3,3.0,1,3,1,2,1,2,2,1,,,,,,,,1,2,4,2,1,1,2,2,3,2,3,4,1,2,3,2,2,2,2,1,1,1,1,2,1,7,3,0.8376485109329224,0.539604127407074
42593,3,16,98883,3,8,0,3,3.0,1.0,1.0,1.0,1.0,,,,,,,,,,,,,,,,,,,,,,,1,2,2,3,3.0,2,3,3,2,2,2,3,5,,,,,,,,1,1,4,2,1,1,1,3,2,1,2,4,1,1,3,4,2,2,2,1,9,2,1,3,1,7,3,0.6740691065788269,0.36783263087272644
42594,4,16,8104,2,8,0,2,2.0,,,,,2.0,1.0,2.0,2.0,2.0,2.0,2.0,2.0,2.0,2.0,,,,1.0,,,,,,,,,3,3,4,9,,1,2,3,2,1,4,2,9,,,,,,,,2,2,3,2,2,2,1,2,3,2,3,1,1,1,2,3,3,3,4,2,1,1,1,3,1,7,3,0.4183107316493988,0.6448264122009277
42598,3,16,35160,3,8,0,3,3.0,1.0,1.0,1.0,1.0,,,,,,,,,,,,,,,,,,,,,,,1,1,3,3,3.0,2,3,3,2,2,3,2,3,,,,,,,,1,2,3,2,2,1,2,2,3,2,3,4,1,2,3,2,2,3,2,1,2,2,1,4,1,8,2,0.6740691065788269,0.36783263087272644
42599,4,4,49802,3,4,0,3,3.0,1.0,1.0,1.0,1.0,,,,,,,,,,,,,,,,,,,,,,,1,1,2,9,,2,3,3,1,3,2,2,8,,,,,,,,2,3,3,2,2,3,2,1,3,2,3,4,2,2,3,3,3,2,2,1,2,2,1,2,5,2,3,0.9754925966262817,0.4966069459915161
42601,1,14,23299,3,7,0,1,1.0,,,,,1.0,1.0,1.0,1.0,1.0,1.0,1.0,1.0,1.0,2.0,,,,1.0,2.0,3.0,4.0,5.0,6.0,7.0,8.0,9.0,3,3,4,9,,4,4,4,3,2,4,4,9,,,,,,,,2,4,4,9,2,2,2,4,3,9,4,1,2,2,3,3,3,3,3,1,2,2,1,2,1,3,2,0.7987616658210754,1.0742613077163696
42602,4,1,14178,2,1,0,3,3.0,1.0,1.0,1.0,1.0,,,,,,,,,,,,,,,,,,,,,,,1,1,2,3,3.0,2,2,2,2,2,2,1,5,,,,,,,,2,2,2,9,2,2,2,2,3,2,3,4,2,2,3,2,2,2,2,1,2,2,1,2,1,3,2,0.4722529351711273,0.2720399796962738
42608,5,12,1041,1,3,0,1,1.0,,,,,2.0,2.0,2.0,2.0,2.0,2.0,2.0,2.0,2.0,1.0,11.0,12.0,PAS SUR LA LISTE ELECTORALE A CAUSE D'UN DEMENAGEMENT,10.0,,,,,,,,,3,3,9,3,3.0,2,3,3,2,2,2,2,1,,,,,,,,2,2,4,1,2,2,2,2,3,2,3,1,1,2,3,3,2,2,2,1,1,1,1,4,1,4,2,0.3526615500450134,0.4749772846698761
42609,3,15,17726,2,7,0,2,2.0,,,,,2.0,1.0,1.0,1.0,1.0,2.0,1.0,2.0,1.0,2.0,,,,1.0,2.0,4.0,5.0,7.0,8.0,,,,1,1,2,2,2.0,3,2,1,2,3,3,2,2,4.0,8.0,1.0,5.0,,,,1,2,4,1,2,1,2,3,3,1,2,4,1,2,3,1,2,2,1,1,1,1,1,2,1,2,1,0.3796708583831787,0.4751705229282379
42610,1,16,69265,3,8,0,1,1.0,,,,,2.0,1.0,1.0,2.0,1.0,1.0,2.0,2.0,1.0,2.0,,,,1.0,2.0,6.0,7.0,8.0,,,,,3,3,3,9,,2,2,2,2,2,2,2,7,3.0,,,,,,,1,2,2,2,2,2,2,2,3,2,3,4,2,2,3,3,3,3,3,1,2,2,1,2,4,2,3,0.7987616658210754,1.0742613077163696
42612,3,8,1241,1,2,0,3,3.0,1.0,1.0,1.0,1.0,,,,,,,,,,,,,,,,,,,,,,,1,1,4,3,3.0,3,2,3,3,2,3,3,1,,,,,,,,2,3,4,2,1,2,2,2,2,2,3,4,1,2,3,3,2,3,2,3,2,2,1,2,1,3,3,0.2868990898132324,0.22893983125686646
42614,1,16,24448,3,8,0,1,1.0,,,,,2.0,1.0,2.0,2.0,2.0,1.0,1.0,1.0,2.0,2.0,,,,1.0,4.0,6.0,9.0,,,,,,3,2,4,3,3.0,3,2,2,2,2,2,2,3,1.0,5.0,,,,,,2,3,2,2,2,3,2,2,2,2,3,4,1,2,1,2,2,1,2,1,2,2,1,3,1,2,2,0.7987616658210754,1.0742613077163696
42616,4,16,69265,3,8,0,3,3.0,1.0,1.0,2.0,2.0,,,,,,,,,,,,,,,,,,,,,,,3,2,4,3,3.0,2,3,3,2,2,3,2,5,3.0,6.0,,,,,,1,3,4,2,1,3,2,2,3,2,2,4,1,2,4,2,3,3,2,1,2,2,1,9,1,3,2,0.9754925966262817,0.4966069459915161
42617,5,16,19183,2,8,0,1,1.0,,,,,1.0,1.0,2.0,2.0,2.0,2.0,1.0,2.0,2.0,2.0,,,,1.0,3.0,4.0,,,,,,,2,1,4,9,,2,1,3,2,2,1,3,3,2.0,1.0,,,,,,2,3,3,1,2,4,2,1,3,2,2,2,1,2,2,1,2,3,2,1,2,2,1,3,1,3,1,0.5224395394325256,0.8830307126045227
42618,4,16,98883,3,8,0,3,3.0,1.0,1.0,1.0,2.0,,,,,,,,,,,,,,,,,,,,,,,1,2,3,9,,2,2,2,2,2,2,4,3,,,,,,,,1,2,4,2,1,1,1,2,3,2,2,4,1,2,2,2,1,3,2,1,1,1,1,4,1,8,5,0.8376485109329224,0.539604127407074
42619,3,4,49802,3,4,0,3,3.0,1.0,1.0,1.0,2.0,,,,,,,,,,,,,,,,,,,,,,,1,2,3,9,,4,3,1,4,2,3,3,5,6.0,,,,,,,2,2,4,2,1,3,3,3,3,1,2,4,1,2,3,3,3,1,3,1,1,1,1,3,1,8,3,0.7842537760734558,0.3836304843425751
42622,4,7,12551,2,5,0,2,2.0,,,,,2.0,1.0,2.0,2.0,2.0,2.0,1.0,2.0,2.0,2.0,,,,1.0,4.0,,,,,,,,3,3,9,9,,2,3,3,2,1,2,3,1,2.0,5.0,4.0,,,,,2,3,3,2,1,2,3,2,3,2,2,4,1,2,2,2,2,3,2,1,1,1,1,3,1,6,3,0.4055202603340149,0.6683597564697266
42623,3,15,3684,1,7,1,3,,1.0,1.0,1.0,1.0,,,,,,,,,,,,,,,,,,,,,,,3,1,4,9,,1,2,2,2,3,2,4,9,,,,,,,,2,2,4,2,1,1,1,2,3,1,3,1,2,2,1,1,1,3,1,1,1,1,1,4,1,7,2,0.323589950799942,0.24748627841472626
42629,3,2,2755,1,2,0,3,3.0,1.0,1.0,1.0,2.0,,,,,,,,,,,,,,,,,,,,,,,1,1,3,3,3.0,2,2,2,2,2,2,2,5,1.0,2.0,,,,,,1,3,2,2,1,1,1,2,3,2,2,2,1,2,2,2,2,2,2,1,2,2,1,4,1,7,5,0.2781267762184143,0.23729513585567474
42630,5,8,2721,1,2,0,3,3.0,1.0,1.0,1.0,1.0,,,,,,,,,,,,,,,,,,,,,,,1,2,4,9,,2,3,3,2,2,2,3,5,1.0,,,,,,,1,2,4,2,1,2,3,2,1,2,3,4,1,2,2,2,1,3,3,1,1,1,1,3,3,4,2,0.3526615500450134,0.3763154149055481
42631,3,16,15057,2,8,0,1,1.0,,,,,2.0,1.0,2.0,1.0,1.0,2.0,2.0,2.0,2.0,2.0,,,,1.0,2.0,5.0,,,,,,,3,3,3,3,3.0,2,2,3,2,2,2,2,1,,,,,,,,2,3,4,2,2,3,2,2,2,2,2,2,2,2,3,2,2,2,3,1,1,1,1,3,1,2,3,0.3796708583831787,0.4751705229282379
42632,2,1,612,1,1,0,1,1.0,,,,,2.0,2.0,2.0,2.0,2.0,2.0,2.0,1.0,2.0,2.0,,,,9.0,,,,,,,,,3,3,3,3,3.0,1,3,3,2,1,1,2,4,,,,,,,,2,3,4,2,1,2,2,2,3,2,3,2,2,2,3,3,3,3,3,1,1,1,1,2,2,4,2,0.35864144563674927,0.4015221893787384
42635,2,3,11001,2,3,0,1,1.0,,,,,2.0,1.0,2.0,2.0,1.0,2.0,2.0,1.0,2.0,2.0,,,,1.0,2.0,9.0,,,,,,,3,3,4,9,,2,2,3,2,3,2,3,1,2.0,4.0,,,,,,2,4,3,2,3,2,4,1,3,2,2,2,1,2,4,2,3,4,4,1,2,2,1,3,1,5,2,0.2585919201374054,0.3293706476688385
42636,2,16,1312,1,8,0,3,3.0,1.0,1.0,1.0,1.0,,,,,,,,,,,,,,,,,,,,,,,1,1,3,9,,2,3,3,2,2,2,3,8,5.0,,,,,,,1,3,4,2,1,1,1,2,3,2,3,2,2,2,3,3,3,2,3,1,2,2,1,2,5,3,3,0.22039549052715302,0.17154793441295624
42637,4,1,357,1,1,0,3,3.0,2.0,,,1.0,,,,,,,,,,,,,,,,,,,,,,,2,1,2,3,3.0,2,1,1,1,1,1,3,2,8.0,,,,,,,1,2,2,1,2,2,2,2,2,2,2,3,1,2,1,1,3,1,2,1,1,1,1,2,1,2,2,0.34562113881111145,0.3481054902076721
42638,2,1,3128,1,1,0,1,1.0,,,,,1.0,1.0,2.0,1.0,2.0,2.0,2.0,2.0,2.0,2.0,,,,1.0,3.0,5.0,,,,,,,3,3,4,9,,2,2,2,2,2,2,2,9,,,,,,,,2,3,3,2,2,2,2,2,3,2,2,2,2,2,3,2,2,3,2,1,1,1,1,5,1,6,5,0.35864144563674927,0.4015221893787384
42639,2,14,23299,3,7,0,3,3.0,1.0,1.0,1.0,1.0,,,,,,,,,,,,,,,,,,,,,,,2,2,3,3,3.0,3,2,1,1,3,2,2,4,,,,,,,,2,4,4,2,3,2,2,1,3,2,3,3,1,2,2,1,1,2,3,1,9,1,1,2,5,1,3,0.8692047595977783,0.4931209683418274
42640,4,12,25644,3,3,0,3,3.0,1.0,1.0,2.0,1.0,,,,,,,,,,,,,,,,,,,,,,,1,3,4,9,,3,3,2,2,3,2,3,9,,,,,,,,2,3,3,2,3,2,3,1,3,1,3,4,1,1,3,4,3,1,1,1,1,1,1,2,1,7,3,0.8376485109329224,0.539604127407074
42641,3,16,26474,3,8,0,2,2.0,,,,,2.0,1.0,1.0,2.0,1.0,2.0,1.0,2.0,2.0,2.0,,,,1.0,2.0,4.0,7.0,,,,,,3,3,4,9,,2,3,3,2,2,2,2,1,,,,,,,,2,3,2,1,2,2,2,2,3,2,2,2,1,2,1,1,2,3,2,1,2,2,2,4,5,98,3,0.6740691065788269,1.0739414691925049
42644,2,14,50455,3,7,0,3,3.0,1.0,1.0,1.0,2.0,,,,,,,,,,,,,,,,,,,,,,,1,2,2,3,3.0,2,3,3,2,2,2,3,7,2.0,4.0,5.0,,,,,2,2,4,2,1,1,1,3,3,2,2,1,1,2,3,2,3,2,2,1,2,2,1,4,1,4,2,0.5341512560844421,0.26591959595680237
42646,5,3,6293,2,3,0,3,3.0,1.0,2.0,2.0,1.0,,,,,,,,,,,,,,,,,,,,,,,3,3,3,2,2.0,2,2,2,2,2,2,3,1,,,,,,,,1,2,4,2,2,2,3,2,3,2,2,1,1,2,2,2,2,2,2,1,1,1,1,2,3,3,2,0.4137810170650482,0.3195469081401825
42648,2,16,90161,3,8,0,3,3.0,1.0,2.0,3.0,2.0,,,,,,,,,,,,,,,,,,,,,,,2,2,3,3,3.0,3,2,2,3,2,3,2,4,,,,,,,,1,3,2,2,2,2,2,2,9,2,3,3,2,2,3,2,3,2,2,2,1,1,1,4,1,6,2,0.8966200947761536,0.47575831413269043
42651,2,15,45467,3,7,0,3,3.0,1.0,1.0,1.0,1.0,,,,,,,,,,,,,,,,,,,,,,,1,2,4,9,,1,3,2,1,1,1,4,1,,,,,,,,1,3,4,2,1,1,2,3,3,2,3,4,1,2,1,1,2,1,1,1,1,1,1,2,1,5,3,0.8692047595977783,0.4931209683418274
42653,4,4,1881,1,4,0,3,3.0,1.0,1.0,1.0,1.0,,,,,,,,,,,,,,,,,,,,,,,2,3,9,3,3.0,2,3,3,2,2,2,3,1,2.0,,,,,,,2,2,4,2,2,2,2,2,3,1,2,3,1,2,3,2,2,2,2,1,1,1,1,3,1,8,3,0.34562113881111145,0.3481054902076721
42654,1,16,2692,1,8,0,3,3.0,1.0,1.0,3.0,1.0,,,,,,,,,,,,,,,,,,,,,,,1,1,2,3,3.0,1,4,4,2,2,2,2,1,8.0,2.0,5.0,4.0,,,,2,4,2,1,2,2,2,1,3,1,2,3,2,2,3,2,3,3,3,1,2,2,1,1,5,5,3,0.32957592606544495,0.2373657077550888
42655,3,16,98883,3,8,0,3,3.0,1.0,1.0,1.0,1.0,,,,,,,,,,,,,,,,,,,,,,,2,2,3,3,3.0,1,3,3,1,2,2,3,4,,,,,,,,2,3,4,2,1,2,1,2,3,2,2,2,1,2,2,2,2,3,1,1,2,2,1,4,1,3,4,0.6740691065788269,0.36783263087272644
42656,5,16,13441,2,8,0,3,3.0,1.0,1.0,1.0,1.0,,,,,,,,,,,,,,,,,,,,,,,2,1,9,3,3.0,2,2,3,2,2,2,2,1,,,,,,,,1,3,4,2,2,2,2,3,2,2,3,1,1,1,1,2,1,2,3,2,1,1,2,3,3,4,2,0.4268319010734558,0.3082956075668335
42659,4,6,19907,2,6,0,3,3.0,1.0,1.0,1.0,1.0,,,,,,,,,,,,,,,,,,,,,,,1,1,1,3,3.0,3,2,3,1,1,2,3,6,2.0,1.0,,,,,,2,2,4,2,1,1,1,2,3,2,2,3,2,2,3,1,3,2,3,3,2,2,2,5,1,3,1,0.48714813590049744,0.2624611258506775
42661,2,8,43182,3,2,0,2,2.0,,,,,2.0,1.0,2.0,2.0,1.0,2.0,1.0,2.0,1.0,2.0,,,,1.0,2.0,4.0,8.0,,,,,,1,3,4,9,,2,2,2,2,2,2,2,4,5.0,,,,,,,2,3,2,1,3,2,2,2,2,1,3,4,2,2,3,1,2,2,2,1,2,2,1,4,1,3,2,0.5341512560844421,0.7763860821723938
42662,3,17,79153,3,4,0,1,1.0,,,,,2.0,1.0,2.0,2.0,2.0,1.0,1.0,2.0,2.0,2.0,,,,1.0,4.0,6.0,,,,,,,2,1,4,9,,2,2,2,3,3,3,2,9,,,,,,,,1,3,3,9,2,2,2,2,3,2,2,4,2,2,3,2,2,1,3,1,1,1,1,3,1,98,3,0.7842537760734558,1.120064377784729
42663,2,16,31447,3,8,0,3,3.0,1.0,1.0,1.0,1.0,,,,,,,,,,,,,,,,,,,,,,,1,1,2,3,3.0,1,3,1,1,1,1,3,7,,,,,,,,1,2,4,2,1,2,1,3,2,1,2,2,1,2,2,1,2,4,4,1,1,1,1,4,1,6,3,0.8692047595977783,0.4931209683418274
42664,4,15,61543,3,7,0,3,3.0,1.0,1.0,1.0,1.0,,,,,,,,,,,,,,,,,,,,,,,1,3,2,9,,2,3,3,2,2,3,2,9,,,,,,,,1,3,4,2,2,2,2,1,3,2,1,4,1,2,1,2,2,2,1,1,1,1,1,4,1,7,5,0.8376485109329224,0.539604127407074
42667,3,14,14683,2,7,0,1,1.0,,,,,2.0,1.0,2.0,2.0,2.0,1.0,1.0,1.0,1.0,2.0,,,,1.0,4.0,6.0,8.0,9.0,,,,,3,3,4,9,,2,2,3,2,2,2,2,4,1.0,,,,,,,2,3,3,2,2,2,3,2,3,2,2,4,2,2,2,2,3,2,3,1,1,1,1,2,1,3,3,0.3796708583831787,0.4751705229282379
42669,5,16,98883,3,8,0,3,3.0,1.0,1.0,1.0,1.0,,,,,,,,,,,,,,,,,,,,,,,3,1,2,3,3.0,2,3,3,1,1,2,3,3,,,,,,,,2,1,3,1,2,1,2,3,2,2,2,4,1,2,3,2,3,3,4,1,2,2,1,2,2,2,1,1.0791586637496948,0.712917149066925
42670,1,17,79153,3,4,0,1,1.0,,,,,1.0,1.0,1.0,1.0,1.0,1.0,1.0,1.0,2.0,2.0,,,,1.0,2.0,3.0,4.0,5.0,6.0,7.0,9.0,,1,3,4,9,,3,2,2,3,4,4,1,8,4.0,,,,,,,1,4,2,2,4,4,3,2,3,1,1,4,2,2,3,3,2,3,2,1,1,1,1,3,4,2,2,1.5287959575653076,2.266181707382202
42672,4,16,98883,3,8,0,3,3.0,1.0,1.0,1.0,1.0,,,,,,,,,,,,,,,,,,,,,,,1,2,3,1,1.0,3,2,1,3,4,2,2,2,,,,,,,,2,3,4,2,2,3,2,2,3,2,4,4,1,2,3,2,2,3,1,1,1,1,1,4,1,98,3,0.8376485109329224,0.539604127407074
42673,5,6,33714,3,6,0,3,3.0,1.0,1.0,1.0,1.0,,,,,,,,,,,,,,,,,,,,,,,1,2,9,9,,1,4,4,1,1,1,4,1,3.0,,,,,,,2,1,3,1,1,1,1,3,3,2,1,4,2,2,3,3,3,4,2,2,1,1,1,5,3,2,1,0.8816702961921692,0.5627937316894531
42674,3,16,26474,3,8,0,3,3.0,1.0,2.0,2.0,1.0,,,,,,,,,,,,,,,,,,,,,,,1,2,2,9,,2,3,3,2,3,2,3,8,1.0,7.0,,,,,,1,2,3,1,2,3,3,2,3,2,2,4,1,2,3,2,3,3,2,1,2,2,1,2,1,8,3,0.6740691065788269,0.36783263087272644
42675,4,15,59612,3,7,0,3,3.0,1.0,1.0,1.0,1.0,,,,,,,,,,,,,,,,,,,,,,,1,2,3,9,,2,3,3,2,2,1,3,1,8.0,,,,,,,1,1,4,2,1,2,2,3,3,2,3,4,1,1,3,2,2,3,3,1,1,1,1,2,6,5,5,0.8376485109329224,0.539604127407074
42676,4,4,7158,2,4,1,1,,,,,,2.0,2.0,2.0,2.0,2.0,2.0,2.0,2.0,2.0,1.0,12.0,17.0,"COMME JE VIENS D'EMMÉNAGER, JE N'AI PAS REÇU MON CARTON POUR ALLER VOTER ET ON M'A REFUSÉE D'Y AL",10.0,,,,,,,,,3,3,4,9,,2,1,3,2,1,2,2,9,,,,,,,,2,4,3,2,1,1,1,2,3,2,3,1,2,2,2,1,1,2,2,1,2,2,1,2,5,1,1,0.4722529351711273,0.6151058077812195
42678,4,8,33024,3,2,0,1,1.0,,,,,1.0,1.0,2.0,1.0,1.0,2.0,2.0,2.0,2.0,2.0,,,,1.0,2.0,3.0,5.0,,,,,,2,3,9,3,3.0,2,2,2,3,4,3,2,9,,,,,,,,2,4,1,1,4,4,3,1,3,2,3,4,1,2,2,2,3,2,1,1,1,1,1,2,3,2,4,0.8376485109329224,1.5754419565200806
42679,5,9,25081,3,2,0,2,2.0,,,,,2.0,2.0,2.0,2.0,1.0,2.0,2.0,2.0,2.0,2.0,,,,2.0,,,,,,,,,2,1,9,9,,1,3,3,2,2,2,3,1,3.0,5.0,,,,,,2,2,3,1,3,2,2,3,3,2,2,4,1,2,3,2,2,3,2,1,1,1,1,2,3,2,1,0.8547120690345764,1.7031153440475464
42680,5,16,8258,2,8,0,1,1.0,,,,,2.0,2.0,2.0,2.0,2.0,2.0,1.0,1.0,2.0,2.0,,,,4.0,9.0,,,,,,,,2,3,4,9,,2,3,3,2,2,2,2,3,4.0,1.0,,,,,,2,3,3,2,1,2,2,2,3,2,3,2,1,2,2,2,1,2,2,1,1,1,1,3,3,4,2,0.4137810170650482,0.7225214242935181
42682,3,6,33714,3,6,0,3,3.0,1.0,1.0,1.0,1.0,,,,,,,,,,,,,,,,,,,,,,,1,1,2,9,,1,4,4,2,1,2,4,8,3.0,4.0,,,,,,1,2,4,2,1,1,1,4,3,2,1,4,1,2,1,4,1,4,3,2,2,2,1,4,1,98,9,0.6953297257423401,0.3548816442489624
42684,3,11,2653,1,1,0,3,3.0,1.0,1.0,1.0,1.0,,,,,,,,,,,,,,,,,,,,,,,1,3,9,9,,1,3,3,2,2,2,2,2,3.0,4.0,1.0,5.0,,,,2,3,4,1,2,2,2,2,3,2,2,2,1,2,2,2,2,2,3,1,1,1,1,3,1,3,3,0.323589950799942,0.24748627841472626
42685,1,16,17371,2,8,0,2,2.0,,,,,1.0,1.0,2.0,2.0,1.0,2.0,1.0,1.0,2.0,2.0,,,,1.0,2.0,3.0,4.0,9.0,,,,,2,3,4,3,3.0,2,1,2,3,2,3,2,1,,,,,,,,1,2,3,1,2,1,3,2,3,2,3,4,2,2,3,1,1,1,3,1,2,2,1,4,1,7,3,0.3866943120956421,0.4557398557662964
42686,5,14,14683,2,7,0,2,2.0,,,,,2.0,1.0,2.0,2.0,2.0,2.0,2.0,2.0,2.0,2.0,,,,1.0,,,,,,,,,2,3,4,9,,2,2,2,3,3,3,3,9,,,,,,,,2,2,2,1,2,3,3,2,3,2,2,4,1,2,2,1,1,2,2,1,1,1,1,2,3,2,2,0.4137810170650482,0.7225214242935181
42694,4,14,4601,1,7,0,1,1.0,,,,,2.0,1.0,2.0,2.0,2.0,1.0,2.0,2.0,2.0,2.0,,,,1.0,6.0,,,,,,,,1,3,4,9,,2,2,2,2,2,2,3,5,4.0,2.0,,,,,,2,3,2,9,2,3,2,1,3,2,2,4,2,2,3,2,2,2,4,1,2,2,1,3,1,3,1,0.40249672532081604,0.40436068177223206
42698,2,3,7217,2,3,0,3,3.0,1.0,1.0,2.0,1.0,,,,,,,,,,,,,,,,,,,,,,,1,1,1,3,3.0,1,1,1,1,1,1,1,2,5.0,4.0,,,,,,1,1,2,1,2,1,1,2,1,1,1,2,1,2,1,2,1,2,1,1,1,1,1,5,1,6,3,0.4207970201969147,0.2701301574707031
42699,3,14,23299,3,7,0,3,3.0,1.0,1.0,1.0,1.0,,,,,,,,,,,,,,,,,,,,,,,2,3,3,9,,2,2,3,2,2,4,3,4,5.0,1.0,,,,,,1,3,4,2,3,2,2,2,3,2,1,4,1,2,3,3,3,3,2,1,2,2,2,3,1,6,3,0.6740691065788269,0.36783263087272644
42700,4,17,79153,3,4,0,1,1.0,,,,,1.0,1.0,2.0,1.0,1.0,2.0,2.0,2.0,2.0,2.0,,,,1.0,2.0,3.0,5.0,,,,,,3,3,4,9,,2,2,2,3,3,3,2,9,,,,,,,,2,3,1,1,3,3,3,1,3,2,3,1,2,2,2,2,2,2,2,1,1,1,1,2,2,2,1,0.8376485109329224,1.5754419565200806
42702,1,3,11001,2,3,0,1,1.0,,,,,1.0,2.0,2.0,2.0,2.0,2.0,2.0,1.0,2.0,2.0,,,,3.0,9.0,,,,,,,,3,3,4,3,3.0,2,1,3,1,3,1,2,4,,,,,,,,2,2,2,1,3,2,2,2,3,2,3,4,2,2,3,2,3,3,3,1,2,2,1,2,5,6,3,0.3866943120956421,0.4557398557662964
42704,1,14,50455,3,7,0,1,1.0,,,,,2.0,2.0,2.0,1.0,2.0,2.0,1.0,2.0,2.0,2.0,,,,4.0,5.0,,,,,,,,2,2,4,9,,2,2,3,2,3,3,2,4,5.0,,,,,,,2,3,3,2,2,3,2,2,9,2,3,4,2,2,3,2,2,2,3,1,2,2,1,2,1,8,5,0.7987616658210754,1.0742613077163696
42705,4,15,79838,3,7,0,2,2.0,,,,,2.0,1.0,1.0,2.0,2.0,2.0,2.0,2.0,2.0,2.0,,,,1.0,7.0,,,,,,,,3,3,4,3,3.0,2,3,4,2,1,2,4,1,,,,,,,,2,1,3,9,2,3,4,3,3,2,3,2,2,2,3,2,2,3,3,1,2,2,1,5,1,3,1,0.9754925966262817,1.4499083757400513
42706,2,16,35160,3,8,0,1,1.0,,,,,2.0,1.0,1.0,1.0,1.0,2.0,1.0,2.0,2.0,2.0,,,,1.0,2.0,4.0,5.0,7.0,,,,,1,3,4,9,,2,2,2,2,2,3,3,1,4.0,,,,,,,1,4,3,2,3,2,3,2,2,1,3,2,2,2,3,1,1,1,2,1,2,2,1,2,5,3,3,0.5341512560844421,0.7763860821723938
42707,2,16,31447,3,8,0,1,1.0,,,,,2.0,2.0,2.0,2.0,2.0,1.0,2.0,2.0,1.0,1.0,10.0,,PNEUMONIE,6.0,8.0,10.0,,,,,,,3,3,3,9,,2,2,3,2,2,2,2,4,3.0,1.0,,,,,,2,3,3,2,1,1,1,2,3,2,3,3,2,2,2,1,3,1,3,1,2,2,1,3,5,5,9,0.5341512560844421,0.7763860821723938
42708,4,16,35160,3,8,0,3,3.0,1.0,1.0,1.0,1.0,,,,,,,,,,,,,,,,,,,,,,,1,2,2,3,3.0,1,4,4,1,1,2,3,3,,,,,,,,2,1,4,2,1,1,1,3,3,2,2,4,1,2,3,2,3,2,2,1,1,1,1,3,1,4,4,0.8376485109329224,0.539604127407074
42709,1,14,50455,3,7,0,1,1.0,,,,,1.0,1.0,2.0,1.0,2.0,2.0,1.0,2.0,2.0,2.0,,,,1.0,3.0,4.0,5.0,,,,,,2,1,3,9,,2,2,3,3,2,3,2,5,4.0,,,,,,,2,3,3,2,2,3,2,2,3,2,3,4,2,2,3,1,2,2,3,1,2,2,1,2,1,8,5,0.7987616658210754,1.0742613077163696
42710,5,2,30915,3,2,0,3,3.0,1.0,1.0,1.0,1.0,,,,,,,,,,,,,,,,,,,,,,,1,1,3,3,3.0,1,3,2,2,1,1,2,6,4.0,,,,,,,1,2,3,1,2,1,2,2,3,2,4,2,1,2,3,2,2,3,2,1,2,2,1,2,3,4,2,1.0791586637496948,0.712917149066925
42712,2,14,23299,3,7,0,1,1.0,,,,,2.0,1.0,2.0,1.0,1.0,2.0,1.0,1.0,2.0,2.0,,,,1.0,2.0,4.0,5.0,9.0,,,,,3,3,4,9,,2,2,3,2,2,2,2,1,,,,,,,,2,4,3,2,2,2,3,1,3,1,3,2,2,2,2,2,2,3,3,1,2,2,1,3,1,6,3,0.5341512560844421,0.7763860821723938
42715,5,9,25081,3,2,0,3,3.0,1.0,2.0,2.0,2.0,,,,,,,,,,,,,,,,,,,,,,,1,2,3,3,3.0,2,3,3,2,2,2,3,7,6.0,3.0,4.0,,,,,1,1,4,1,2,2,2,3,3,1,2,4,1,2,3,2,2,3,2,1,2,2,1,4,3,3,1,1.0791586637496948,0.712917149066925
42716,1,15,79838,3,7,0,1,1.0,,,,,2.0,2.0,2.0,2.0,2.0,2.0,1.0,1.0,2.0,2.0,,,,4.0,9.0,,,,,,,,1,3,3,2,2.0,2,2,2,2,2,2,2,4,,,,,,,,1,3,2,1,3,2,2,2,2,1,3,4,2,2,3,3,3,3,3,1,2,2,1,3,4,1,1,0.7987616658210754,1.0742613077163696
42717,5,15,19597,2,7,0,3,3.0,1.0,1.0,1.0,1.0,,,,,,,,,,,,,,,,,,,,,,,1,2,2,1,1.0,2,2,1,3,4,3,2,6,5.0,8.0,7.0,,,,,1,1,4,2,2,3,2,2,3,1,3,2,1,1,2,3,3,3,2,1,1,1,1,3,1,4,2,0.4137810170650482,0.3195469081401825
42719,1,1,14178,2,1,0,3,3.0,1.0,1.0,1.0,1.0,,,,,,,,,,,,,,,,,,,,,,,1,3,3,9,,1,2,3,1,1,2,1,4,,,,,,,,2,4,4,1,2,2,1,1,3,2,2,4,1,2,3,1,4,3,2,1,2,2,1,3,4,6,9,0.3866943120956421,0.2015577256679535
42720,2,15,59612,3,7,0,1,1.0,,,,,1.0,2.0,2.0,1.0,2.0,1.0,1.0,2.0,2.0,2.0,,,,3.0,4.0,5.0,6.0,,,,,,3,3,4,9,,2,2,3,2,2,2,2,9,,,,,,,,2,4,3,1,2,4,2,1,3,2,3,3,1,2,4,1,1,1,2,1,1,1,1,3,1,3,1,0.8692047595977783,1.4397292137145996
42721,5,17,79153,3,4,0,3,3.0,1.0,1.0,1.0,1.0,,,,,,,,,,,,,,,,,,,,,,,3,1,3,3,3.0,2,3,2,2,2,2,3,1,8.0,,,,,,,1,2,4,2,2,2,2,2,3,2,2,3,1,2,2,2,2,1,2,1,1,1,1,3,3,4,2,0.8547120690345764,0.5833334922790527
42723,5,15,14129,2,7,0,2,2.0,,,,,2.0,2.0,2.0,2.0,2.0,2.0,2.0,2.0,1.0,2.0,,,,8.0,,,,,,,,,1,1,2,3,3.0,2,3,3,1,2,2,4,1,3.0,,,,,,,2,3,3,2,1,2,1,2,1,2,1,4,1,2,3,2,2,3,2,1,2,2,1,4,6,4,1,0.5224395394325256,0.8830307126045227
42726,2,16,964,1,8,0,1,1.0,,,,,2.0,2.0,2.0,2.0,2.0,2.0,2.0,2.0,2.0,1.0,13.0,,"MAIRESSE ÉLUE PAR DÉFAUT, AUCUNE ÉLECTION N'AVAIT EU LIEU PUISQUE SEULEMENT UNE CANDIDATURE.",10.0,,,,,,,,,2,1,9,3,3.0,1,4,4,1,2,2,2,2,,,,,,,,2,2,2,1,3,3,3,2,3,2,3,1,1,2,2,3,4,2,4,1,2,2,1,4,1,5,3,0.22039549052715302,0.21652396023273468
42727,5,16,31447,3,8,0,3,3.0,1.0,1.0,1.0,3.0,,,,,,,,,,,,,,,,,,,,,,,1,1,2,1,1.0,3,2,2,2,3,3,3,1,4.0,2.0,,,,,,1,1,2,2,2,2,2,3,3,2,3,2,1,2,2,2,2,2,2,1,1,1,1,3,3,6,2,0.8547120690345764,0.5833334922790527
42729,4,17,13827,2,4,0,3,3.0,1.0,1.0,1.0,1.0,,,,,,,,,,,,,,,,,,,,,,,1,2,3,9,,2,2,3,2,2,2,3,5,1.0,3.0,,,,,,1,3,4,2,2,2,2,2,1,2,2,4,1,2,2,2,2,2,2,1,2,2,1,5,1,98,5,0.4722529351711273,0.2720399796962738
42735,1,1,49733,3,1,0,1,1.0,,,,,2.0,2.0,2.0,2.0,2.0,2.0,2.0,1.0,2.0,2.0,,,,9.0,,,,,,,,,1,2,3,9,,2,3,3,2,2,4,3,7,3.0,,,,,,,2,3,3,2,2,2,3,2,3,2,2,2,2,2,3,3,2,3,2,1,2,2,1,3,4,3,2,0.7987616658210754,1.0742613077163696
42736,1,15,17726,2,7,0,3,3.0,1.0,1.0,2.0,1.0,,,,,,,,,,,,,,,,,,,,,,,3,2,3,3,3.0,1,1,3,2,2,2,2,2,5.0,4.0,3.0,,,,,2,3,3,1,2,4,4,2,3,1,4,2,2,2,3,3,2,2,2,1,2,2,1,2,1,1,2,0.3866943120956421,0.2015577256679535
42737,5,9,25081,3,2,0,3,3.0,1.0,2.0,2.0,2.0,,,,,,,,,,,,,,,,,,,,,,,2,3,3,9,,2,3,2,2,2,2,2,1,,,,,,,,2,2,2,2,2,3,2,2,3,2,2,4,1,2,3,2,2,2,2,1,1,1,1,3,1,8,1,0.8547120690345764,0.5833334922790527
42738,5,1,49733,3,1,0,3,3.0,1.0,1.0,2.0,1.0,,,,,,,,,,,,,,,,,,,,,,,1,1,2,1,1.0,2,2,1,1,2,1,3,6,4.0,3.0,,,,,,2,2,3,2,1,2,1,2,1,2,2,3,2,2,3,2,2,2,2,1,1,1,1,2,3,1,1,0.8547120690345764,0.5833334922790527
42742,2,17,79153,3,4,0,1,1.0,,,,,2.0,1.0,1.0,2.0,1.0,1.0,2.0,2.0,2.0,2.0,,,,1.0,2.0,6.0,7.0,,,,,,2,3,4,9,,4,2,3,4,3,4,4,9,,,,,,,,2,2,2,1,1,4,1,2,2,2,1,3,1,1,4,3,1,2,2,1,1,1,1,3,4,4,2,0.8692047595977783,1.4397292137145996
42743,5,16,31447,3,8,0,3,3.0,1.0,1.0,1.0,1.0,,,,,,,,,,,,,,,,,,,,,,,1,1,2,3,3.0,2,3,3,2,2,2,2,3,1.0,8.0,,,,,,1,4,4,2,1,2,2,2,3,2,2,4,1,2,3,2,3,3,2,1,2,2,1,3,3,3,2,1.0791586637496948,0.712917149066925
42744,1,16,8395,2,8,0,1,1.0,,,,,2.0,1.0,2.0,2.0,2.0,2.0,1.0,1.0,2.0,2.0,,,,1.0,4.0,9.0,,,,,,,3,3,4,9,,2,3,3,2,2,3,2,9,,,,,,,,2,4,3,1,1,3,1,1,3,2,3,4,1,2,3,3,3,2,3,1,2,2,1,9,4,98,4,0.3866943120956421,0.4557398557662964
42745,2,15,45467,3,7,0,1,1.0,,,,,1.0,1.0,2.0,1.0,1.0,2.0,1.0,2.0,2.0,2.0,,,,1.0,2.0,3.0,4.0,5.0,,,,,2,3,2,9,,2,3,3,2,2,2,3,5,7.0,1.0,,,,,,2,3,3,9,3,2,2,2,3,1,2,4,2,2,3,2,3,2,3,1,2,2,1,2,5,4,3,0.5341512560844421,0.7763860821723938
42747,2,15,79838,3,7,0,2,2.0,,,,,2.0,2.0,2.0,2.0,2.0,2.0,1.0,1.0,2.0,2.0,,,,4.0,9.0,,,,,,,,2,1,1,9,,4,2,3,2,3,2,3,3,5.0,7.0,1.0,,,,,1,3,4,2,1,1,1,2,9,1,2,4,1,2,3,2,1,3,3,1,1,1,1,2,1,3,3,0.8692047595977783,1.4397292137145996
42748,4,15,61543,3,7,0,3,3.0,1.0,1.0,1.0,1.0,,,,,,,,,,,,,,,,,,,,,,,1,3,2,9,,2,3,3,2,1,3,2,9,,,,,,,,1,4,4,2,1,1,1,1,3,2,1,4,1,2,1,1,1,1,1,1,1,1,1,4,1,7,5,0.8376485109329224,0.539604127407074
42749,5,4,49802,3,4,0,1,1.0,,,,,2.0,1.0,1.0,1.0,1.0,2.0,2.0,2.0,1.0,2.0,,,,1.0,2.0,5.0,7.0,8.0,,,,,2,3,4,9,,2,2,2,3,2,3,2,9,,,,,,,,2,3,3,1,3,3,3,1,3,2,3,2,2,2,3,2,2,2,2,1,2,2,1,2,3,1,1,1.0791586637496948,2.0814619064331055
42750,5,17,4766,1,4,0,1,1.0,,,,,2.0,1.0,2.0,1.0,1.0,2.0,1.0,2.0,2.0,2.0,,,,1.0,2.0,4.0,5.0,,,,,,3,3,9,9,,2,3,3,2,2,3,2,9,,,,,,,,2,3,3,2,2,2,2,3,3,2,4,4,2,2,2,1,1,2,1,1,1,1,1,2,3,1,1,0.3526615500450134,0.4749772846698761
42751,4,15,5441,2,7,0,3,3.0,1.0,1.0,1.0,1.0,,,,,,,,,,,,,,,,,,,,,,,1,2,3,9,,1,3,3,2,2,2,3,5,4.0,1.0,,,,,,1,2,2,2,2,2,2,2,2,2,2,4,2,2,3,2,3,3,3,1,1,1,1,2,1,3,3,0.4055202603340149,0.29559326171875
42752,2,16,26474,3,8,0,1,1.0,,,,,2.0,1.0,2.0,1.0,2.0,2.0,1.0,1.0,2.0,2.0,,,,1.0,4.0,5.0,9.0,,,,,,3,3,9,9,,4,2,2,2,3,2,2,9,,,,,,,,2,3,4,1,2,2,2,1,3,2,4,2,1,2,2,2,1,4,4,1,2,2,1,3,1,4,1,0.5341512560844421,0.7763860821723938
42753,5,16,24448,3,8,0,3,3.0,1.0,1.0,1.0,1.0,,,,,,,,,,,,,,,,,,,,,,,1,3,4,9,,2,2,1,2,1,2,3,2,3.0,,,,,,,1,2,4,2,1,2,2,3,3,1,2,4,1,2,2,2,2,3,2,1,1,1,1,3,3,3,1,0.8547120690345764,0.5833334922790527
42754,4,15,59612,3,7,0,3,3.0,1.0,1.0,2.0,1.0,,,,,,,,,,,,,,,,,,,,,,,1,2,3,3,3.0,2,4,2,3,2,3,4,8,1.0,7.0,,,,,,1,1,4,2,1,1,3,2,3,2,3,4,1,2,1,1,1,1,1,1,1,1,1,2,1,8,2,0.8376485109329224,0.539604127407074
42755,1,16,69265,3,8,0,1,1.0,,,,,1.0,1.0,1.0,2.0,1.0,1.0,2.0,2.0,2.0,2.0,,,,1.0,2.0,3.0,6.0,7.0,,,,,3,3,4,3,3.0,2,1,1,2,3,2,3,9,,,,,,,,2,4,1,2,1,2,3,2,2,1,3,4,2,2,4,2,2,1,4,1,2,2,1,2,4,2,1,0.7987616658210754,1.0742613077163696
42757,2,12,25644,3,3,0,3,3.0,1.0,1.0,1.0,2.0,,,,,,,,,,,,,,,,,,,,,,,3,3,4,9,,2,2,2,2,2,2,2,9,,,,,,,,2,4,2,9,3,3,3,1,3,2,4,2,1,2,3,2,2,2,2,1,2,2,1,2,1,6,2,0.5341512560844421,0.26591959595680237
42759,5,3,1437,1,3,0,3,3.0,1.0,1.0,1.0,1.0,,,,,,,,,,,,,,,,,,,,,,,1,1,2,3,3.0,2,2,2,4,3,3,2,2,4.0,7.0,1.0,,,,,1,2,4,2,1,2,1,3,3,2,3,4,1,2,1,1,1,1,1,1,2,2,1,2,5,4,3,0.44527024030685425,0.45991402864456177
42760,5,17,79153,3,4,0,3,3.0,1.0,1.0,1.0,1.0,,,,,,,,,,,,,,,,,,,,,,,1,2,2,3,3.0,2,2,2,2,2,2,3,7,,,,,,,,2,2,4,1,2,2,2,2,3,2,3,3,2,2,2,2,2,2,3,1,1,1,1,2,3,2,1,0.8547120690345764,0.5833334922790527
42762,5,16,35160,3,8,0,3,3.0,1.0,1.0,1.0,1.0,,,,,,,,,,,,,,,,,,,,,,,1,2,4,9,,2,3,2,2,2,3,3,8,1.0,6.0,3.0,,,,,1,1,4,2,2,1,1,3,3,2,3,4,1,2,3,2,1,2,1,1,1,1,1,4,1,3,2,0.8547120690345764,0.5833334922790527
42764,2,16,35160,3,8,0,3,3.0,1.0,1.0,1.0,1.0,,,,,,,,,,,,,,,,,,,,,,,1,2,2,9,,1,3,4,1,2,3,2,7,4.0,6.0,,,,,,2,2,4,2,2,1,4,2,3,2,1,4,2,2,3,3,2,1,3,1,1,1,1,4,1,4,1,0.8692047595977783,0.4931209683418274
42765,5,3,9367,2,3,0,3,3.0,1.0,1.0,1.0,1.0,,,,,,,,,,,,,,,,,,,,,,,1,2,2,3,3.0,2,2,2,3,3,2,2,6,5.0,8.0,,,,,,2,2,4,2,2,3,3,3,3,1,3,4,1,2,3,2,2,3,2,1,2,2,1,4,3,3,2,0.5224395394325256,0.3905333876609802
42767,5,4,49802,3,4,0,3,3.0,1.0,1.0,1.0,1.0,,,,,,,,,,,,,,,,,,,,,,,1,2,9,9,,2,3,3,2,2,4,4,3,1.0,2.0,,,,,,2,2,4,1,2,3,2,3,3,1,2,3,2,2,3,2,2,2,3,2,1,1,1,2,3,1,2,0.8816702961921692,0.5627937316894531
42768,5,16,15057,2,8,0,2,2.0,,,,,1.0,1.0,1.0,2.0,1.0,2.0,2.0,2.0,1.0,2.0,,,,1.0,2.0,3.0,7.0,8.0,,,,,3,3,4,9,,2,4,2,3,4,3,1,9,,,,,,,,2,4,3,1,2,2,4,2,3,1,4,4,2,2,3,3,2,2,1,2,1,1,1,2,6,1,1,0.4268319010734558,0.6970821619033813
42770,1,16,69265,3,8,0,1,1.0,,,,,2.0,1.0,2.0,2.0,2.0,2.0,1.0,1.0,1.0,2.0,,,,1.0,4.0,8.0,9.0,,,,,,2,1,2,3,3.0,2,2,2,2,2,2,2,8,4.0,1.0,,,,,,1,2,2,1,2,3,3,3,3,1,3,2,2,2,2,2,2,2,3,1,2,2,1,2,1,1,5,0.7987616658210754,1.0742613077163696
42775,2,12,639,1,3,0,3,3.0,1.0,1.0,1.0,1.0,,,,,,,,,,,,,,,,,,,,,,,1,2,1,3,3.0,1,1,1,1,1,1,4,1,4.0,2.0,5.0,,,,,1,1,4,2,1,1,1,4,1,1,1,4,2,1,4,4,4,4,4,1,1,1,1,4,1,4,1,0.35864144563674927,0.3181191384792328
42777,2,9,25081,3,2,0,3,3.0,1.0,1.0,2.0,2.0,,,,,,,,,,,,,,,,,,,,,,,1,2,9,9,,2,3,3,2,2,3,3,6,,,,,,,,2,2,4,2,1,2,1,3,2,2,2,4,2,2,3,3,3,3,2,1,2,2,1,3,1,5,2,0.5341512560844421,0.26591959595680237
42778,4,16,90161,3,8,0,3,3.0,1.0,1.0,1.0,1.0,,,,,,,,,,,,,,,,,,,,,,,2,3,3,9,,2,3,2,2,3,2,3,7,,,,,,,,2,2,3,2,1,2,3,1,3,2,3,4,1,2,3,3,2,2,4,1,2,2,1,4,1,8,2,0.9754925966262817,0.4966069459915161
42783,5,5,27576,3,5,0,3,3.0,1.0,1.0,1.0,1.0,,,,,,,,,,,,,,,,,,,,,,,1,2,2,3,3.0,2,3,3,2,1,3,3,2,7.0,,,,,,,1,1,4,2,1,1,1,3,3,2,1,4,1,2,3,2,2,3,1,1,2,2,1,3,3,8,2,1.0791586637496948,0.712917149066925
42784,4,7,12551,2,5,0,1,1.0,,,,,2.0,2.0,2.0,2.0,1.0,1.0,2.0,2.0,2.0,2.0,,,,2.0,6.0,,,,,,,,1,1,3,2,2.0,2,2,3,2,2,3,3,1,2.0,8.0,4.0,3.0,5.0,,,1,2,3,1,2,2,2,2,3,2,3,4,2,2,2,2,2,2,2,1,1,1,1,2,3,1,1,0.4055202603340149,0.6683597564697266
42785,5,14,1745,1,7,0,3,3.0,1.0,1.0,1.0,2.0,,,,,,,,,,,,,,,,,,,,,,,2,2,2,9,,2,3,3,2,2,2,2,5,1.0,8.0,,,,,,1,2,4,2,1,2,3,2,1,2,2,3,2,2,2,3,3,3,2,1,2,2,1,3,1,3,1,0.44527024030685425,0.45991402864456177
42786,2,1,6119,2,1,0,3,3.0,1.0,1.0,2.0,1.0,,,,,,,,,,,,,,,,,,,,,,,1,2,1,9,,2,3,3,2,2,2,3,6,,,,,,,,2,1,4,2,1,2,4,2,3,2,2,4,2,2,2,3,3,4,3,1,2,2,1,2,1,2,2,0.2585919201374054,0.14566975831985474
42788,5,16,69265,3,8,0,3,3.0,2.0,,,2.0,,,,,,,,,,,,,,,,,,,,,,,1,1,2,9,,2,3,3,2,2,2,2,1,4.0,2.0,,,,,,2,1,4,2,1,1,2,3,3,2,2,4,1,2,3,3,3,3,3,1,1,1,2,5,1,3,1,0.8547120690345764,0.5833334922790527
42789,5,8,33024,3,2,0,3,3.0,1.0,1.0,1.0,1.0,,,,,,,,,,,,,,,,,,,,,,,2,3,3,9,,3,1,1,3,4,2,3,3,1.0,,,,,,,2,3,4,2,3,2,2,2,3,2,3,1,2,2,3,3,1,2,1,1,1,1,1,5,3,4,1,0.8547120690345764,0.5833334922790527
42792,5,14,973,1,7,0,3,3.0,1.0,1.0,1.0,1.0,,,,,,,,,,,,,,,,,,,,,,,1,2,1,3,3.0,1,2,4,1,1,1,2,1,8.0,7.0,3.0,5.0,,,,1,1,4,1,1,3,3,4,1,1,1,4,1,1,2,2,2,3,1,1,1,1,1,4,3,8,2,0.3526615500450134,0.3763154149055481
42793,2,4,557,1,4,0,3,3.0,1.0,1.0,1.0,1.0,,,,,,,,,,,,,,,,,,,,,,,2,3,4,9,,1,1,1,1,1,2,2,1,,,,,,,,2,1,4,2,1,1,1,3,1,1,2,1,1,1,1,4,1,2,4,1,1,1,1,4,1,3,2,0.35864144563674927,0.3181191384792328
42794,4,16,98883,3,8,0,2,2.0,,,,,2.0,1.0,2.0,2.0,2.0,2.0,1.0,2.0,1.0,2.0,,,,1.0,4.0,8.0,,,,,,,1,1,3,9,,2,2,3,3,2,2,2,1,4.0,3.0,,,,,,2,3,2,1,2,2,2,2,3,2,2,4,2,2,2,1,2,2,2,1,1,1,1,3,1,98,1,0.8376485109329224,1.5754419565200806
42795,5,16,30391,3,8,0,3,3.0,1.0,1.0,1.0,1.0,,,,,,,,,,,,,,,,,,,,,,,1,2,3,3,3.0,1,3,3,2,2,2,2,2,1.0,8.0,,,,,,1,3,3,2,2,2,3,2,3,2,3,4,1,2,3,3,3,3,3,1,1,1,1,4,1,5,5,0.8547120690345764,0.5833334922790527
42797,5,17,79153,3,4,0,2,2.0,,,,,2.0,2.0,2.0,2.0,1.0,2.0,2.0,2.0,2.0,1.0,10.0,,J’ÉTAIS MALADE,2.0,10.0,,,,,,,,2,3,4,3,3.0,2,2,2,3,1,2,2,3,2.0,1.0,,,,,,1,3,2,2,2,2,3,2,3,2,3,2,2,2,3,3,3,3,2,1,1,1,1,2,3,4,2,0.8547120690345764,1.7031153440475464
42798,5,2,30915,3,2,0,3,3.0,2.0,,,2.0,,,,,,,,,,,,,,,,,,,,,,,1,2,3,3,3.0,1,3,3,1,2,1,1,6,7.0,8.0,,,,,,1,2,4,2,1,3,2,3,3,2,1,4,1,2,3,2,2,2,3,1,1,1,1,2,3,4,2,0.8547120690345764,0.5833334922790527
42799,4,12,2552,1,3,0,3,3.0,1.0,1.0,1.0,1.0,,,,,,,,,,,,,,,,,,,,,,,1,2,9,3,3.0,1,4,4,1,1,1,3,2,,,,,,,,2,2,4,2,1,1,1,3,2,9,2,4,2,1,2,3,2,3,3,1,1,1,1,4,1,3,1,0.34562113881111145,0.3481054902076721
42800,5,3,16723,2,3,0,3,3.0,1.0,1.0,1.0,4.0,,,,,,,,,,,,,,,,,,,,,,,2,2,3,3,3.0,1,1,1,1,1,2,3,2,8.0,,,,,,,1,2,4,2,1,1,1,1,3,2,2,4,1,2,2,2,3,2,2,1,1,1,1,4,1,8,2,0.4137810170650482,0.3195469081401825
42801,4,2,30915,3,2,0,3,3.0,1.0,1.0,1.0,1.0,,,,,,,,,,,,,,,,,,,,,,,1,2,4,9,,2,2,2,3,3,2,2,7,5.0,,,,,,,2,2,4,2,2,3,3,2,3,1,2,2,1,2,2,3,2,1,3,1,2,2,1,3,1,7,2,0.9754925966262817,0.4966069459915161
42802,5,14,50455,3,7,0,3,3.0,1.0,1.0,1.0,1.0,,,,,,,,,,,,,,,,,,,,,,,2,1,1,3,3.0,1,3,3,1,1,1,2,5,4.0,8.0,3.0,2.0,,,,1,2,4,2,1,1,2,3,3,2,1,4,1,2,2,2,2,3,1,1,1,1,1,2,3,3,1,0.8547120690345764,0.5833334922790527
42803,5,16,24448,3,8,0,3,3.0,1.0,1.0,1.0,2.0,,,,,,,,,,,,,,,,,,,,,,,2,3,4,9,,2,3,3,2,2,2,3,8,1.0,,,,,,,1,3,4,1,2,3,2,3,3,1,3,4,1,2,3,2,2,3,3,1,1,1,2,4,3,98,2,0.8547120690345764,0.5833334922790527
42804,5,9,25081,3,2,0,3,3.0,1.0,1.0,1.0,1.0,,,,,,,,,,,,,,,,,,,,,,,1,2,3,3,3.0,1,3,3,1,1,2,3,5,6.0,1.0,3.0,,,,,2,2,4,2,1,1,1,3,3,2,2,4,1,2,1,2,1,2,2,1,1,1,1,2,3,7,2,0.8547120690345764,0.5833334922790527
42806,4,4,49802,3,4,0,3,3.0,1.0,1.0,1.0,1.0,,,,,,,,,,,,,,,,,,,,,,,1,2,2,3,3.0,2,3,2,2,2,2,2,3,5.0,,,,,,,1,2,4,2,2,3,2,2,3,2,2,4,1,2,3,3,3,2,2,1,2,2,1,3,1,7,2,0.9754925966262817,0.4966069459915161
42808,4,4,49802,3,4,0,1,1.0,,,,,2.0,1.0,2.0,1.0,1.0,2.0,1.0,2.0,2.0,2.0,,,,1.0,2.0,4.0,5.0,,,,,,3,3,4,9,,2,2,2,3,2,2,3,2,1.0,,,,,,,2,4,2,9,2,2,2,1,3,2,3,2,2,2,3,1,2,2,2,1,2,2,1,3,6,1,1,0.9754925966262817,1.4499083757400513
42809,5,16,69265,3,8,0,3,3.0,1.0,1.0,1.0,1.0,,,,,,,,,,,,,,,,,,,,,,,1,2,3,9,,2,3,3,2,2,2,2,1,7.0,5.0,,,,,,2,2,4,2,2,2,2,3,3,2,2,4,2,2,3,2,2,2,2,1,1,1,1,3,3,3,2,0.8547120690345764,0.5833334922790527
42810,5,17,1619,1,4,0,1,1.0,,,,,1.0,1.0,2.0,1.0,1.0,1.0,2.0,2.0,2.0,2.0,,,,1.0,2.0,3.0,5.0,6.0,,,,,2,3,9,9,,2,3,2,2,3,2,2,1,,,,,,,,2,4,1,1,3,4,3,1,3,1,3,4,1,2,2,2,2,3,2,1,2,2,1,2,3,2,2,0.44527024030685425,0.5804934501647949
42812,4,16,8258,2,8,0,3,3.0,1.0,1.0,1.0,1.0,,,,,,,,,,,,,,,,,,,,,,,2,1,2,9,,1,3,4,1,2,1,3,2,5.0,,,,,,,2,3,3,2,2,2,3,1,2,1,2,3,1,2,2,3,2,3,2,1,2,2,1,4,1,8,3,0.4722529351711273,0.2720399796962738
42813,5,6,33714,3,6,0,3,3.0,1.0,1.0,1.0,1.0,,,,,,,,,,,,,,,,,,,,,,,1,2,3,9,,2,2,2,2,2,3,2,1,,,,,,,,2,2,4,1,3,1,4,3,1,1,2,2,1,2,3,2,2,2,2,1,2,2,1,4,3,3,1,1.0791586637496948,0.712917149066925
42814,5,1,49733,3,1,0,3,3.0,1.0,1.0,1.0,2.0,,,,,,,,,,,,,,,,,,,,,,,1,3,4,9,,2,1,4,2,4,2,3,1,,,,,,,,1,2,4,2,1,1,4,1,1,1,2,3,2,2,3,4,1,1,4,1,2,2,1,3,3,3,2,1.0791586637496948,0.712917149066925
42815,5,4,49802,3,4,0,3,3.0,1.0,1.0,2.0,1.0,,,,,,,,,,,,,,,,,,,,,,,1,2,4,3,3.0,2,3,2,2,2,3,3,1,3.0,,,,,,,1,1,4,2,1,2,2,3,3,2,2,4,1,2,3,3,2,3,2,1,1,1,1,2,3,4,6,0.8547120690345764,0.5833334922790527
42816,4,1,49733,3,1,0,3,3.0,1.0,1.0,1.0,1.0,,,,,,,,,,,,,,,,,,,,,,,1,1,2,9,,1,4,4,1,1,1,3,7,5.0,,,,,,,1,2,4,2,1,1,2,2,2,1,1,4,2,2,4,4,4,4,4,1,2,2,1,3,1,3,1,0.9754925966262817,0.4966069459915161
42818,2,3,11001,2,3,0,1,1.0,,,,,1.0,1.0,1.0,1.0,2.0,2.0,2.0,2.0,2.0,2.0,,,,1.0,3.0,5.0,7.0,,,,,,3,3,9,9,,2,3,3,2,2,2,2,9,,,,,,,,2,4,2,1,2,3,2,1,3,1,3,3,1,2,3,2,2,3,2,1,2,2,1,4,5,6,3,0.2585919201374054,0.3293706476688385
42820,2,17,79153,3,4,0,1,1.0,,,,,2.0,1.0,2.0,2.0,1.0,2.0,2.0,2.0,2.0,2.0,,,,1.0,2.0,,,,,,,,3,1,4,9,,2,3,3,1,2,2,4,8,,,,,,,,1,3,2,1,2,2,3,1,3,2,3,4,1,2,2,2,1,3,3,1,2,2,1,3,5,5,3,0.5341512560844421,0.7763860821723938
42821,4,12,3245,1,3,0,2,2.0,,,,,2.0,2.0,1.0,1.0,1.0,2.0,1.0,2.0,2.0,2.0,,,,2.0,4.0,5.0,7.0,,,,,,2,3,3,9,,2,3,3,2,2,2,2,2,5.0,,,,,,,2,3,3,2,2,2,3,2,3,2,3,3,1,2,2,2,2,2,3,1,2,2,1,3,1,2,4,0.40249672532081604,0.40436068177223206
42822,5,15,19597,2,7,0,3,3.0,1.0,1.0,1.0,1.0,,,,,,,,,,,,,,,,,,,,,,,1,2,1,9,,2,2,3,2,1,2,3,5,2.0,1.0,7.0,,,,,1,2,4,2,1,2,2,2,3,2,2,4,1,2,2,1,2,3,1,1,2,2,1,3,5,7,2,0.5224395394325256,0.3905333876609802
42823,5,16,98883,3,8,0,3,3.0,1.0,1.0,1.0,2.0,,,,,,,,,,,,,,,,,,,,,,,3,1,3,9,,2,3,3,2,2,2,3,2,4.0,,,,,,,2,3,2,2,1,1,1,3,3,2,3,4,2,2,2,2,3,2,3,1,2,2,1,2,3,1,1,1.0791586637496948,0.712917149066925
42826,4,16,30391,3,8,0,1,1.0,,,,,1.0,1.0,1.0,1.0,1.0,1.0,2.0,2.0,2.0,2.0,,,,1.0,2.0,3.0,5.0,6.0,7.0,,,,3,3,4,1,1.0,3,1,1,3,4,3,4,3,5.0,,,,,,,2,4,3,1,3,3,4,3,3,2,3,4,1,2,4,3,2,1,2,1,2,2,1,3,1,8,2,0.9754925966262817,1.4499083757400513
42827,5,14,23299,3,7,0,1,1.0,,,,,1.0,2.0,2.0,2.0,1.0,1.0,2.0,2.0,1.0,2.0,,,,2.0,3.0,6.0,8.0,,,,,,3,3,4,1,1.0,4,1,1,4,3,4,1,4,,,,,,,,1,3,2,1,3,4,4,1,3,2,3,4,1,2,4,2,2,1,4,1,2,2,1,2,1,98,2,1.0791586637496948,2.0814619064331055
42828,2,15,19597,2,7,0,3,3.0,1.0,1.0,1.0,1.0,,,,,,,,,,,,,,,,,,,,,,,1,2,2,3,3.0,2,3,2,2,2,2,2,2,,,,,,,,1,1,4,2,3,1,1,3,2,1,2,4,1,1,3,3,3,4,3,1,1,1,1,5,1,8,2,0.4207970201969147,0.2701301574707031
42829,4,3,6293,2,3,0,3,3.0,1.0,2.0,2.0,1.0,,,,,,,,,,,,,,,,,,,,,,,1,3,4,9,,2,2,3,2,2,2,3,5,,,,,,,,2,3,4,2,1,4,4,3,3,2,1,4,2,2,1,1,1,3,1,1,2,2,1,3,1,3,4,0.4722529351711273,0.2720399796962738
42832,4,14,86419,3,7,0,3,3.0,1.0,2.0,2.0,1.0,,,,,,,,,,,,,,,,,,,,,,,1,1,2,9,,2,3,3,2,2,2,2,2,7.0,,,,,,,1,2,3,2,1,1,2,2,3,2,2,4,1,2,3,1,2,1,1,1,2,2,1,4,1,8,2,0.9754925966262817,0.4966069459915161
42833,5,15,13893,2,7,0,3,3.0,1.0,1.0,2.0,1.0,,,,,,,,,,,,,,,,,,,,,,,1,2,4,9,,2,3,3,2,2,2,3,3,1.0,,,,,,,2,2,4,2,2,2,2,2,3,2,2,2,2,2,2,2,2,3,1,1,1,1,1,4,3,2,1,0.4137810170650482,0.3195469081401825
42835,4,16,31447,3,8,0,3,3.0,1.0,1.0,1.0,1.0,,,,,,,,,,,,,,,,,,,,,,,1,2,2,1,1.0,1,2,3,2,2,2,2,6,1.0,,,,,,,1,2,3,2,1,1,2,2,3,2,2,4,1,2,3,3,3,2,3,1,1,1,1,3,1,6,2,0.8376485109329224,0.539604127407074
42836,4,14,2194,1,7,0,2,2.0,,,,,1.0,2.0,2.0,1.0,1.0,1.0,2.0,2.0,2.0,2.0,,,,2.0,3.0,5.0,6.0,,,,,,2,1,4,9,,3,2,2,3,3,2,2,1,,,,,,,,2,4,3,1,4,4,3,1,3,1,3,3,1,2,3,3,2,2,3,1,1,1,1,3,1,5,4,0.34562113881111145,0.43937116861343384
42837,5,14,23299,3,7,0,3,3.0,1.0,1.0,1.0,1.0,,,,,,,,,,,,,,,,,,,,,,,2,1,1,9,,1,3,4,2,2,2,3,4,2.0,5.0,8.0,,,,,1,3,4,2,1,2,2,2,3,2,2,4,1,2,3,2,2,2,2,1,2,2,1,3,3,98,2,1.0791586637496948,0.712917149066925
42838,5,16,26474,3,8,0,1,1.0,,,,,1.0,1.0,2.0,2.0,1.0,2.0,2.0,2.0,2.0,2.0,,,,1.0,2.0,3.0,,,,,,,1,1,3,9,,3,2,2,3,3,3,2,2,1.0,8.0,,,,,,1,3,1,1,3,3,3,3,3,2,3,4,1,2,3,2,1,3,2,1,2,2,1,4,3,5,2,1.0791586637496948,2.0814619064331055
42842,4,16,98883,3,8,0,3,3.0,1.0,1.0,1.0,1.0,,,,,,,,,,,,,,,,,,,,,,,2,1,3,9,,1,2,3,2,2,2,2,5,1.0,3.0,,,,,,2,2,2,2,2,2,3,2,2,2,3,4,2,2,3,2,2,3,2,1,2,2,1,3,1,5,2,0.9754925966262817,0.4966069459915161
42843,5,7,7465,2,5,0,3,3.0,1.0,1.0,1.0,1.0,,,,,,,,,,,,,,,,,,,,,,,1,2,9,3,3.0,1,2,3,1,2,2,4,3,5.0,,,,,,,2,1,4,2,2,2,1,4,3,2,1,4,1,2,3,1,2,4,4,1,2,2,1,4,1,7,2,0.5224395394325256,0.3905333876609802
42844,1,14,6477,2,7,0,1,1.0,,,,,1.0,1.0,2.0,1.0,1.0,2.0,2.0,2.0,2.0,2.0,,,,1.0,2.0,3.0,5.0,,,,,,3,3,4,9,,2,1,3,3,3,2,2,9,,,,,,,,2,4,2,1,3,3,3,1,3,2,3,2,2,2,3,1,2,1,2,1,2,2,1,4,1,2,1,0.3866943120956421,0.4557398557662964
42845,5,14,86419,3,7,0,3,3.0,1.0,1.0,1.0,1.0,,,,,,,,,,,,,,,,,,,,,,,2,1,4,9,,3,2,2,2,2,2,2,9,,,,,,,,1,4,4,2,1,1,2,1,3,2,3,4,2,2,4,1,2,1,1,2,2,2,1,2,2,1,2,1.1131962537765503,0.6878160834312439
42846,4,15,13893,2,7,0,3,3.0,1.0,1.0,1.0,1.0,,,,,,,,,,,,,,,,,,,,,,,1,1,2,2,2.0,1,1,1,1,1,1,2,2,4.0,,,,,,,2,3,4,2,1,1,1,2,2,1,2,4,2,2,3,2,3,3,3,1,2,2,1,4,1,2,1,0.4722529351711273,0.2720399796962738
42847,5,6,19907,2,6,0,3,3.0,1.0,2.0,2.0,4.0,,,,,,,,,,,,,,,,,,,,,,,3,3,4,9,,4,1,1,4,1,3,1,9,,,,,,,,2,4,2,1,4,3,2,1,3,2,4,4,1,2,3,3,2,2,2,2,1,1,2,2,1,6,5,0.4268319010734558,0.3082956075668335
42848,5,4,49802,3,4,0,3,3.0,1.0,2.0,2.0,2.0,,,,,,,,,,,,,,,,,,,,,,,1,2,3,1,1.0,2,2,1,3,4,3,3,1,7.0,5.0,,,,,,2,2,3,1,3,2,3,3,2,1,2,4,1,2,4,3,2,2,3,1,1,1,1,4,3,6,5,0.8547120690345764,0.5833334922790527
42852,5,9,1297,1,2,0,3,3.0,1.0,1.0,1.0,1.0,,,,,,,,,,,,,,,,,,,,,,,3,3,4,9,,2,3,4,2,2,2,3,6,8.0,,,,,,,2,2,4,2,1,3,3,3,3,2,2,4,1,2,2,1,1,3,1,1,1,1,1,2,1,98,2,0.3526615500450134,0.3763154149055481
42854,5,1,3128,1,1,0,3,3.0,1.0,1.0,1.0,2.0,,,,,,,,,,,,,,,,,,,,,,,1,2,2,3,3.0,2,3,3,2,2,2,3,8,5.0,,,,,,,1,2,3,1,1,2,3,3,3,1,2,4,1,2,3,2,2,3,2,1,2,2,1,2,2,3,2,0.44527024030685425,0.45991402864456177
42855,5,17,13827,2,4,0,3,3.0,1.0,1.0,1.0,1.0,,,,,,,,,,,,,,,,,,,,,,,1,1,3,9,,2,3,3,2,2,2,2,5,1.0,,,,,,,1,2,4,2,2,2,2,3,3,2,2,3,1,2,2,2,2,3,1,1,2,2,1,4,3,3,1,0.5224395394325256,0.3905333876609802
42856,4,14,50455,3,7,0,1,1.0,,,,,2.0,1.0,2.0,2.0,1.0,2.0,2.0,2.0,2.0,2.0,,,,1.0,2.0,,,,,,,,1,3,2,3,3.0,2,3,2,3,2,2,2,2,5.0,8.0,,,,,,1,2,2,1,2,3,2,2,2,2,3,3,1,1,3,3,3,3,3,1,1,1,1,4,1,8,5,0.8376485109329224,1.5754419565200806
42857,5,4,49802,3,4,0,3,3.0,1.0,1.0,1.0,1.0,,,,,,,,,,,,,,,,,,,,,,,1,2,3,3,3.0,1,2,2,3,2,1,2,1,2.0,3.0,,,,,,1,3,3,2,3,2,2,3,3,2,3,4,1,2,3,1,2,1,1,1,1,1,1,2,3,2,5,0.8547120690345764,0.5833334922790527
42858,4,16,35160,3,8,0,1,1.0,,,,,1.0,1.0,1.0,1.0,1.0,1.0,1.0,1.0,1.0,2.0,,,,1.0,2.0,3.0,4.0,5.0,6.0,7.0,8.0,9.0,2,3,4,9,,4,2,2,2,2,2,2,4,3.0,,,,,,,2,4,3,1,2,2,2,3,3,2,3,4,2,2,2,2,2,2,2,1,1,1,1,2,2,1,1,0.8376485109329224,1.5754419565200806
42860,5,7,2518,1,5,0,3,3.0,1.0,1.0,1.0,1.0,,,,,,,,,,,,,,,,,,,,,,,1,2,9,3,3.0,1,4,4,2,1,2,3,3,1.0,4.0,,,,,,2,1,4,2,1,2,1,3,3,1,1,4,2,2,2,3,2,4,3,1,1,1,1,3,3,2,1,0.3526615500450134,0.3763154149055481
42861,5,8,33024,3,2,0,3,3.0,2.0,,,1.0,,,,,,,,,,,,,,,,,,,,,,,1,1,3,3,3.0,2,2,2,2,2,2,1,9,,,,,,,,2,4,4,2,2,2,2,1,3,2,4,4,1,2,3,1,2,3,3,1,2,2,1,2,1,3,1,1.0791586637496948,0.712917149066925
42862,4,1,49733,3,1,0,3,3.0,1.0,1.0,1.0,1.0,,,,,,,,,,,,,,,,,,,,,,,1,1,2,3,3.0,2,2,2,2,2,2,2,5,2.0,8.0,,,,,,1,2,4,2,2,2,2,3,2,2,2,4,1,2,2,2,2,2,2,1,1,1,1,4,1,5,4,0.8376485109329224,0.539604127407074
42863,5,6,19907,2,6,0,2,2.0,,,,,2.0,2.0,1.0,2.0,1.0,2.0,2.0,2.0,2.0,2.0,,,,2.0,7.0,,,,,,,,1,2,4,9,,2,2,2,3,3,3,3,1,,,,,,,,2,3,4,1,3,2,2,2,3,2,2,4,1,2,3,2,3,2,3,1,1,1,1,4,1,98,1,0.4137810170650482,0.7225214242935181
42864,4,16,17371,2,8,0,3,3.0,1.0,1.0,1.0,1.0,,,,,,,,,,,,,,,,,,,,,,,1,2,2,3,3.0,2,4,3,3,2,4,4,8,2.0,,,,,,,1,2,4,2,1,1,4,3,2,1,2,3,1,2,1,2,4,2,2,1,2,2,1,4,1,8,2,0.4722529351711273,0.2720399796962738
42865,5,3,2224,1,3,1,1,,,,,,2.0,2.0,2.0,2.0,2.0,2.0,2.0,2.0,1.0,2.0,,,,8.0,,,,,,,,,3,3,4,3,3.0,2,3,1,1,1,1,3,3,4.0,,,,,,,2,3,1,2,1,1,3,1,3,2,3,4,1,2,3,2,3,3,3,1,2,2,1,2,1,4,1,0.44527024030685425,0.5804934501647949
42866,2,3,7217,2,3,0,3,3.0,1.0,1.0,1.0,1.0,,,,,,,,,,,,,,,,,,,,,,,1,1,2,1,1.0,1,3,4,1,1,3,3,5,4.0,6.0,,,,,,1,2,3,9,2,3,1,2,1,2,2,4,1,2,2,1,2,3,1,1,2,2,1,4,1,8,3,0.2585919201374054,0.14566975831985474
42867,1,9,25081,3,2,0,3,3.0,2.0,,,2.0,,,,,,,,,,,,,,,,,,,,,,,1,1,2,3,3.0,1,2,3,1,2,1,3,7,4.0,1.0,5.0,2.0,3.0,,,2,2,4,2,1,1,1,2,2,2,2,4,2,2,2,1,1,1,1,1,2,2,1,3,4,1,5,0.7987616658210754,0.3679428696632385
42868,5,15,45467,3,7,0,3,3.0,1.0,1.0,2.0,1.0,,,,,,,,,,,,,,,,,,,,,,,2,1,4,3,3.0,2,2,3,2,1,3,2,1,5.0,2.0,,,,,,1,2,4,2,1,2,1,3,3,1,2,4,1,2,4,3,2,1,2,1,2,2,1,2,1,5,5,1.0791586637496948,0.712917149066925
42870,4,16,22022,3,8,1,1,,,,,,2.0,2.0,2.0,1.0,2.0,2.0,2.0,2.0,2.0,2.0,,,,5.0,,,,,,,,,2,2,3,3,3.0,2,1,1,1,1,1,4,3,2.0,,,,,,,2,2,4,2,1,1,1,3,3,2,4,4,1,1,4,1,4,4,1,2,1,1,1,5,1,8,3,0.8640686869621277,1.519971489906311
42872,5,16,69265,3,8,0,3,3.0,1.0,2.0,2.0,1.0,,,,,,,,,,,,,,,,,,,,,,,1,1,3,1,1.0,2,2,1,3,3,2,2,3,,,,,,,,2,3,4,1,3,2,2,2,3,2,3,2,2,2,3,3,2,1,2,1,1,1,1,4,3,3,1,0.8547120690345764,0.5833334922790527
42873,4,1,14178,2,1,0,3,3.0,1.0,1.0,1.0,1.0,,,,,,,,,,,,,,,,,,,,,,,1,3,4,9,,1,1,2,2,3,2,2,8,3.0,4.0,,,,,,2,2,4,2,2,2,3,2,1,2,3,4,2,2,3,2,2,3,2,1,1,1,1,3,2,1,1,0.4055202603340149,0.29559326171875
42876,5,16,30391,3,8,0,3,3.0,1.0,2.0,2.0,1.0,,,,,,,,,,,,,,,,,,,,,,,1,1,4,9,,2,3,3,2,2,2,4,1,5.0,,,,,,,1,2,4,2,1,1,1,2,3,2,2,4,1,2,1,2,2,2,2,1,1,1,1,3,1,6,5,0.8547120690345764,0.5833334922790527
42879,4,16,8258,2,8,0,3,3.0,1.0,1.0,1.0,1.0,,,,,,,,,,,,,,,,,,,,,,,2,3,4,9,,1,3,3,3,2,3,2,7,5.0,,,,,,,2,3,4,2,2,2,2,2,3,1,3,4,1,2,3,3,2,3,3,1,1,1,1,4,1,8,5,0.4055202603340149,0.29559326171875
42881,1,14,23299,3,7,0,3,3.0,1.0,1.0,1.0,1.0,,,,,,,,,,,,,,,,,,,,,,,2,1,3,9,,2,2,3,2,2,1,2,6,5.0,2.0,,,,,,2,2,4,2,1,1,1,3,3,2,2,2,1,2,1,2,1,3,3,1,2,2,1,3,1,6,2,0.7987616658210754,0.3679428696632385
42882,5,1,49733,3,1,0,3,3.0,1.0,1.0,1.0,2.0,,,,,,,,,,,,,,,,,,,,,,,1,2,3,3,3.0,2,3,3,2,2,2,2,2,1.0,3.0,4.0,,,,,1,2,4,2,2,2,2,3,2,2,3,4,1,2,3,2,1,3,1,1,1,1,1,4,3,5,2,0.8547120690345764,0.5833334922790527
42884,5,16,90161,3,8,0,3,3.0,1.0,2.0,2.0,2.0,,,,,,,,,,,,,,,,,,,,,,,1,2,3,3,3.0,2,2,3,2,2,2,2,5,1.0,7.0,4.0,,,,,1,3,3,2,3,2,2,3,3,2,3,4,1,2,3,2,2,2,2,1,1,1,1,2,3,3,2,0.8547120690345764,0.5833334922790527
42886,4,12,357,1,3,0,1,1.0,,,,,2.0,1.0,1.0,1.0,1.0,1.0,1.0,2.0,1.0,2.0,,,,1.0,2.0,4.0,5.0,6.0,7.0,8.0,,,2,2,4,1,1.0,2,2,2,2,3,2,3,2,4.0,,,,,,,2,2,3,1,3,2,3,3,3,2,2,2,1,2,2,3,2,2,2,1,1,1,2,3,1,98,2,0.34562113881111145,0.43937116861343384
42887,5,4,49802,3,4,0,3,3.0,1.0,2.0,2.0,1.0,,,,,,,,,,,,,,,,,,,,,,,1,2,3,3,3.0,2,3,3,2,3,2,2,8,4.0,2.0,6.0,3.0,,,,1,3,4,2,1,2,3,2,1,2,3,3,1,2,1,1,1,3,1,1,2,2,1,2,3,3,2,1.0791586637496948,0.712917149066925
42889,4,15,19597,2,7,0,3,3.0,1.0,1.0,1.0,2.0,,,,,,,,,,,,,,,,,,,,,,,1,2,4,3,3.0,3,3,2,3,2,3,3,7,2.0,3.0,6.0,4.0,,,,2,3,3,1,2,2,1,3,2,1,3,3,1,2,3,2,3,3,2,1,2,2,1,2,1,7,3,0.4722529351711273,0.2720399796962738
42890,5,3,11001,2,3,0,3,3.0,1.0,2.0,2.0,2.0,,,,,,,,,,,,,,,,,,,,,,,1,2,9,9,,2,2,2,2,3,2,2,3,,,,,,,,2,2,4,2,3,2,2,2,2,2,1,4,1,2,1,3,2,2,2,1,1,1,1,4,3,2,1,0.4137810170650482,0.3195469081401825
42891,5,4,49802,3,4,0,1,1.0,,,,,1.0,2.0,1.0,1.0,1.0,1.0,2.0,2.0,2.0,2.0,,,,2.0,3.0,5.0,6.0,7.0,,,,,2,3,4,9,,2,3,2,2,2,3,2,5,4.0,,,,,,,1,4,1,2,3,3,3,1,3,2,3,3,1,2,3,2,2,2,3,1,2,2,1,2,5,1,2,1.0791586637496948,2.0814619064331055
42892,2,9,2912,1,2,0,3,3.0,1.0,1.0,1.0,1.0,,,,,,,,,,,,,,,,,,,,,,,1,2,4,3,3.0,4,1,1,4,4,4,4,3,4.0,,,,,,,2,3,3,2,1,1,1,4,2,2,3,3,1,1,4,4,1,1,1,1,2,2,1,4,1,5,3,0.22039549052715302,0.17154793441295624
42893,4,16,1788,1,8,0,1,1.0,,,,,2.0,2.0,2.0,2.0,2.0,2.0,2.0,2.0,2.0,2.0,,,,11.0,,,,,,,,,1,2,2,1,1.0,2,2,2,2,2,2,2,8,,,,,,,,1,3,3,1,1,1,1,2,2,2,3,3,2,2,1,1,1,1,1,1,2,2,1,3,3,6,4,0.40249672532081604,0.40436068177223206
42894,5,16,19183,2,8,0,3,3.0,1.0,1.0,1.0,1.0,,,,,,,,,,,,,,,,,,,,,,,1,1,2,3,3.0,1,4,3,2,1,2,2,2,,,,,,,,2,2,4,2,1,1,2,2,3,2,1,4,1,2,3,2,2,2,4,1,2,2,1,3,1,5,1,0.5224395394325256,0.3905333876609802
42895,5,3,9367,2,3,0,3,3.0,1.0,1.0,2.0,1.0,,,,,,,,,,,,,,,,,,,,,,,1,2,2,9,,2,3,3,2,1,2,3,1,4.0,3.0,2.0,,,,,2,2,4,2,2,2,2,3,3,2,2,4,1,2,2,3,2,3,2,1,1,1,1,3,3,2,1,0.4137810170650482,0.3195469081401825
42897,5,2,10259,2,2,0,3,3.0,1.0,1.0,1.0,1.0,,,,,,,,,,,,,,,,,,,,,,,1,2,9,9,,1,3,3,1,2,2,3,1,4.0,3.0,,,,,,1,2,4,2,1,1,2,3,3,1,1,4,1,2,2,2,2,3,1,1,1,1,1,3,3,4,2,0.4137810170650482,0.3195469081401825
42898,2,16,10036,2,8,0,1,1.0,,,,,1.0,1.0,2.0,1.0,1.0,2.0,2.0,2.0,2.0,2.0,,,,1.0,2.0,3.0,5.0,,,,,,1,3,3,9,,3,2,3,2,2,3,3,5,1.0,2.0,,,,,,1,3,4,2,1,1,1,2,3,1,3,1,1,2,3,2,2,2,2,1,2,2,1,3,5,4,3,0.2585919201374054,0.3293706476688385
42899,5,3,3061,1,3,0,1,1.0,,,,,2.0,2.0,2.0,2.0,2.0,2.0,1.0,1.0,2.0,2.0,,,,4.0,9.0,,,,,,,,3,3,4,3,3.0,2,4,3,2,2,1,3,3,,,,,,,,2,2,3,2,2,2,2,2,3,2,3,3,1,2,3,2,2,3,2,1,1,1,1,4,1,98,2,0.3526615500450134,0.4749772846698761
42900,5,16,2692,1,8,0,3,3.0,1.0,1.0,1.0,1.0,,,,,,,,,,,,,,,,,,,,,,,1,1,9,9,,2,4,3,2,2,2,2,8,1.0,,,,,,,1,2,4,2,1,2,1,2,3,2,3,4,2,2,3,4,1,3,2,1,2,2,1,3,3,2,1,0.44527024030685425,0.45991402864456177
42901,4,4,49802,3,4,0,2,2.0,,,,,2.0,2.0,1.0,2.0,2.0,2.0,2.0,2.0,2.0,2.0,,,,7.0,,,,,,,,,3,3,3,3,3.0,2,3,3,2,2,2,3,4,2.0,,,,,,,2,2,3,2,2,2,2,2,3,2,3,4,1,2,2,2,2,2,2,1,2,2,1,3,1,4,2,0.9754925966262817,1.4499083757400513
42902,5,16,24448,3,8,0,3,3.0,1.0,1.0,1.0,1.0,,,,,,,,,,,,,,,,,,,,,,,1,2,2,9,,2,2,3,3,2,2,3,8,1.0,4.0,,,,,,1,1,3,2,1,2,2,3,3,2,1,4,1,2,3,3,2,3,2,1,2,2,1,3,3,98,2,1.0791586637496948,0.712917149066925
42903,4,9,25081,3,2,0,3,3.0,1.0,1.0,1.0,1.0,,,,,,,,,,,,,,,,,,,,,,,1,2,2,3,3.0,2,3,3,2,2,2,3,3,5.0,,,,,,,2,2,3,2,2,2,2,2,3,2,2,4,1,2,2,2,2,3,2,1,2,2,1,4,1,7,2,0.9754925966262817,0.4966069459915161
42910,5,16,57302,3,8,0,1,1.0,,,,,2.0,2.0,2.0,2.0,2.0,2.0,2.0,2.0,2.0,2.0,,,,11.0,,,,,,,,,3,3,4,9,,3,2,2,2,2,2,2,3,,,,,,,,2,3,1,2,3,3,3,2,3,2,3,4,1,2,2,2,2,2,2,1,2,2,1,2,3,1,2,1.0791586637496948,2.0814619064331055
42911,4,16,69265,3,8,0,3,3.0,1.0,1.0,1.0,1.0,,,,,,,,,,,,,,,,,,,,,,,1,2,2,3,3.0,1,4,2,2,2,2,2,3,6.0,,,,,,,2,1,4,2,1,1,1,3,1,2,1,4,1,2,4,3,4,3,3,1,1,1,1,5,6,5,4,0.8376485109329224,0.539604127407074
42914,5,7,3799,1,5,0,1,1.0,,,,,1.0,1.0,2.0,1.0,1.0,2.0,2.0,2.0,2.0,2.0,,,,1.0,2.0,3.0,5.0,,,,,,3,3,9,3,3.0,1,3,3,1,1,1,3,9,,,,,,,,2,3,3,2,1,1,1,3,2,2,1,2,1,2,3,3,2,1,3,1,1,1,1,5,1,7,2,0.3526615500450134,0.4749772846698761
42917,5,6,19942,2,6,0,2,2.0,,,,,1.0,2.0,2.0,1.0,1.0,1.0,2.0,2.0,2.0,2.0,,,,2.0,3.0,5.0,6.0,,,,,,2,2,4,9,,2,3,3,3,3,2,2,4,,,,,,,,2,3,3,2,3,3,2,3,3,2,3,4,1,2,3,3,2,2,3,1,1,1,1,3,3,3,2,0.4137810170650482,0.7225214242935181
42918,4,11,7350,2,1,0,3,3.0,1.0,1.0,1.0,1.0,,,,,,,,,,,,,,,,,,,,,,,1,1,2,3,3.0,2,2,2,2,3,3,4,3,,,,,,,,1,2,4,2,1,2,1,2,3,2,3,4,1,2,2,3,2,3,3,1,1,1,1,3,1,7,2,0.4055202603340149,0.29559326171875
42919,5,4,49802,3,4,0,3,3.0,1.0,1.0,1.0,2.0,,,,,,,,,,,,,,,,,,,,,,,1,2,4,2,2.0,4,2,1,3,4,4,3,5,,,,,,,,2,1,4,2,1,2,2,3,2,2,4,4,1,1,4,3,4,1,3,1,1,1,1,4,3,3,2,0.8547120690345764,0.5833334922790527
42921,4,2,10259,2,2,0,3,3.0,1.0,1.0,1.0,1.0,,,,,,,,,,,,,,,,,,,,,,,1,2,3,3,3.0,2,4,3,2,2,2,2,2,1.0,4.0,,,,,,1,2,4,2,1,2,3,2,3,1,2,4,1,2,3,3,3,4,4,1,2,2,1,3,1,6,2,0.4722529351711273,0.2720399796962738
42922,4,16,30391,3,8,0,1,1.0,,,,,1.0,1.0,2.0,1.0,1.0,2.0,1.0,2.0,2.0,2.0,,,,1.0,2.0,3.0,4.0,5.0,,,,,2,3,4,9,,2,2,3,3,2,3,2,9,,,,,,,,2,3,3,9,2,3,3,2,3,2,2,4,1,2,2,2,3,2,3,1,1,1,1,3,1,5,3,0.8376485109329224,1.5754419565200806
42923,5,16,24448,3,8,0,3,3.0,1.0,1.0,1.0,1.0,,,,,,,,,,,,,,,,,,,,,,,1,3,3,9,,3,2,2,3,3,3,2,9,,,,,,,,1,2,4,2,2,2,2,2,1,2,3,4,1,2,2,2,1,1,1,1,2,2,1,3,3,98,2,1.0791586637496948,0.712917149066925
42926,2,17,79153,3,4,0,3,3.0,1.0,2.0,2.0,3.0,,,,,,,,,,,,,,,,,,,,,,,1,1,9,3,3.0,2,2,2,2,1,1,3,5,1.0,,,,,,,1,2,2,2,2,2,2,2,2,2,2,2,2,2,1,2,2,1,2,1,2,2,1,4,1,3,2,0.5341512560844421,0.26591959595680237
42928,4,3,862,1,3,0,3,3.0,1.0,1.0,1.0,1.0,,,,,,,,,,,,,,,,,,,,,,,1,1,2,3,3.0,3,3,2,3,3,3,3,4,8.0,,,,,,,1,1,4,9,2,1,2,3,3,1,2,1,1,2,1,2,2,2,1,1,2,2,1,4,1,5,2,0.40249672532081604,0.32036837935447693
42929,2,16,19183,2,8,0,3,3.0,1.0,1.0,1.0,2.0,,,,,,,,,,,,,,,,,,,,,,,2,1,3,3,3.0,2,2,3,2,2,2,2,8,3.0,7.0,,,,,,1,2,4,2,2,2,1,3,3,2,2,4,1,2,2,2,3,2,2,1,1,1,1,4,1,4,2,0.4207970201969147,0.2701301574707031
42930,4,2,1383,1,2,0,1,1.0,,,,,1.0,1.0,2.0,1.0,1.0,2.0,2.0,2.0,2.0,2.0,,,,1.0,2.0,3.0,5.0,,,,,,3,3,4,9,,3,2,3,2,2,2,3,9,,,,,,,,2,3,3,1,2,3,2,1,3,2,3,1,1,2,2,2,1,3,1,1,1,1,1,3,1,2,1,0.34562113881111145,0.43937116861343384
42931,4,16,90161,3,8,0,3,3.0,1.0,1.0,2.0,1.0,,,,,,,,,,,,,,,,,,,,,,,3,3,3,3,3.0,1,3,3,1,2,2,3,3,1.0,,,,,,,2,3,3,2,1,1,1,2,1,1,2,2,1,1,3,3,2,2,2,1,2,2,1,5,1,6,3,0.9754925966262817,0.4966069459915161
42935,5,16,17371,2,8,0,3,3.0,1.0,1.0,1.0,1.0,,,,,,,,,,,,,,,,,,,,,,,1,1,2,9,,2,3,3,2,2,2,3,3,,,,,,,,2,2,4,2,1,2,3,3,1,1,1,4,1,2,3,2,3,3,3,1,2,2,1,4,3,98,2,0.5224395394325256,0.3905333876609802
42938,4,4,49802,3,4,0,3,3.0,1.0,2.0,2.0,2.0,,,,,,,,,,,,,,,,,,,,,,,1,1,2,9,,2,2,3,2,2,2,2,1,3.0,,,,,,,2,2,4,1,2,2,2,2,9,9,3,3,2,2,2,2,2,2,2,2,2,2,1,3,9,98,2,1.0062602758407593,0.4791215658187866
42939,5,2,10259,2,2,0,3,3.0,1.0,1.0,1.0,1.0,,,,,,,,,,,,,,,,,,,,,,,1,3,4,3,3.0,3,2,2,3,2,2,3,4,2.0,,,,,,,2,3,2,1,2,2,1,2,3,2,3,4,1,2,2,2,2,2,1,1,2,2,1,2,5,5,2,0.5224395394325256,0.3905333876609802
42941,1,12,11031,2,3,0,1,1.0,,,,,1.0,2.0,1.0,2.0,2.0,1.0,1.0,1.0,1.0,2.0,,,,3.0,4.0,6.0,7.0,8.0,9.0,,,,3,3,4,3,3.0,3,1,1,1,1,1,3,4,8.0,,,,,,,2,3,3,9,3,2,3,1,2,2,4,4,2,2,3,1,4,3,2,1,2,2,1,2,2,98,5,0.3866943120956421,0.4557398557662964
42942,5,16,50626,3,8,0,3,3.0,1.0,1.0,2.0,2.0,,,,,,,,,,,,,,,,,,,,,,,1,2,2,3,3.0,3,2,2,2,1,2,3,4,5.0,3.0,1.0,2.0,7.0,,,2,2,3,2,2,2,2,3,2,1,2,3,2,2,3,2,3,2,2,1,2,2,1,4,6,2,1,1.0791586637496948,0.712917149066925
42943,1,17,13827,2,4,0,1,1.0,,,,,1.0,1.0,2.0,1.0,1.0,2.0,1.0,1.0,2.0,2.0,,,,1.0,2.0,3.0,4.0,5.0,9.0,,,,3,3,4,9,,2,2,3,2,2,2,2,4,,,,,,,,2,4,1,1,2,3,3,2,2,2,2,2,1,2,2,1,2,2,1,1,2,2,1,3,4,98,9,0.3866943120956421,0.4557398557662964
42944,2,1,49733,3,1,0,3,3.0,1.0,2.0,1.0,1.0,,,,,,,,,,,,,,,,,,,,,,,1,2,9,9,,2,4,3,1,2,2,3,5,2.0,1.0,7.0,,,,,1,2,4,2,2,1,1,3,2,9,2,2,2,2,3,3,3,2,2,1,1,1,1,3,1,2,1,0.8692047595977783,0.4931209683418274
42946,4,7,12551,2,5,0,3,3.0,1.0,1.0,1.0,1.0,,,,,,,,,,,,,,,,,,,,,,,1,1,9,3,3.0,1,4,3,2,1,1,3,4,3.0,1.0,,,,,,2,3,4,2,1,2,1,1,3,2,2,4,1,2,3,3,3,3,4,1,2,2,1,5,1,6,3,0.4722529351711273,0.2720399796962738
42947,5,3,2224,1,3,1,3,,1.0,1.0,2.0,1.0,,,,,,,,,,,,,,,,,,,,,,,1,1,2,9,,2,3,3,2,2,2,4,8,4.0,,,,,,,1,2,3,2,2,2,2,3,3,1,2,4,1,2,3,2,2,3,2,1,2,2,1,3,3,4,2,0.44527024030685425,0.45991402864456177
42948,5,15,4467,1,7,0,3,3.0,1.0,1.0,1.0,2.0,,,,,,,,,,,,,,,,,,,,,,,1,2,3,9,,2,2,3,2,3,2,2,5,1.0,,,,,,,2,2,4,1,1,3,3,3,3,2,3,4,1,1,2,2,1,3,1,1,1,1,1,3,3,98,2,0.3526615500450134,0.3763154149055481
42952,4,14,50455,3,7,0,3,3.0,1.0,1.0,1.0,1.0,,,,,,,,,,,,,,,,,,,,,,,1,2,4,9,,1,2,3,2,3,3,3,7,,,,,,,,1,2,4,2,2,2,1,2,3,2,2,4,1,2,3,1,1,2,2,1,2,2,1,3,1,5,2,0.9754925966262817,0.4966069459915161
42953,5,14,23299,3,7,0,1,1.0,,,,,2.0,1.0,2.0,2.0,2.0,2.0,2.0,2.0,1.0,2.0,,,,1.0,8.0,,,,,,,,2,3,4,9,,2,2,2,2,2,3,2,1,,,,,,,,2,3,3,1,2,3,3,2,3,1,3,4,1,2,2,2,2,3,3,1,1,1,1,3,3,4,1,0.8547120690345764,1.7031153440475464
42954,2,3,9367,2,3,0,3,3.0,1.0,1.0,1.0,1.0,,,,,,,,,,,,,,,,,,,,,,,1,1,2,3,3.0,2,2,2,2,2,2,3,7,6.0,,,,,,,2,3,4,2,1,1,1,2,3,2,3,2,1,2,2,2,2,2,2,1,2,2,1,3,1,8,3,0.2585919201374054,0.14566975831985474
42955,4,12,25644,3,3,0,1,1.0,,,,,1.0,2.0,1.0,1.0,1.0,1.0,2.0,2.0,2.0,2.0,,,,2.0,3.0,5.0,6.0,7.0,,,,,3,2,3,2,2.0,3,2,1,3,2,2,2,5,,,,,,,,2,3,2,1,4,4,4,1,3,2,4,4,1,2,3,1,2,2,2,1,1,1,1,3,1,3,1,0.8376485109329224,1.5754419565200806
42960,4,16,24448,3,8,0,1,1.0,,,,,1.0,1.0,1.0,1.0,2.0,2.0,1.0,2.0,1.0,2.0,,,,1.0,3.0,4.0,5.0,7.0,8.0,,,,3,3,4,9,,2,3,3,2,1,2,1,1,,,,,,,,2,4,2,1,1,2,2,3,3,1,3,3,2,2,2,2,2,2,2,1,2,2,1,4,1,98,1,0.9754925966262817,1.4499083757400513
42963,5,14,86419,3,7,0,1,1.0,,,,,1.0,1.0,1.0,1.0,1.0,1.0,2.0,2.0,1.0,2.0,,,,1.0,2.0,3.0,5.0,6.0,7.0,8.0,,,2,2,4,3,3.0,3,2,2,2,2,3,1,3,1.0,,,,,,,1,3,2,1,3,2,3,1,2,2,2,4,2,2,3,1,2,2,1,1,1,1,1,2,1,3,1,0.8547120690345764,1.7031153440475464
42964,5,5,27576,3,5,0,3,3.0,1.0,1.0,1.0,1.0,,,,,,,,,,,,,,,,,,,,,,,1,1,1,9,,2,2,3,2,2,2,3,6,,,,,,,,1,2,3,2,2,2,3,1,3,2,2,4,1,2,3,2,2,2,2,1,2,2,1,2,3,3,2,1.0791586637496948,0.712917149066925
42965,5,16,22612,3,8,0,3,3.0,1.0,2.0,2.0,2.0,,,,,,,,,,,,,,,,,,,,,,,2,3,3,9,,2,2,3,2,3,2,2,9,,,,,,,,2,4,4,2,2,3,3,2,3,2,4,3,1,2,3,3,1,3,4,1,2,2,1,3,3,2,1,1.0791586637496948,0.712917149066925
42966,5,17,79153,3,4,0,1,1.0,,,,,1.0,1.0,2.0,1.0,1.0,1.0,1.0,2.0,1.0,2.0,,,,1.0,2.0,3.0,4.0,5.0,6.0,8.0,,,3,3,4,9,,2,3,3,1,1,1,3,1,5.0,3.0,,,,,,2,4,2,2,2,2,2,2,3,2,2,4,1,2,2,1,2,3,3,1,2,2,1,2,1,3,1,1.0791586637496948,2.0814619064331055
42967,5,14,14683,2,7,0,1,1.0,,,,,2.0,2.0,2.0,2.0,2.0,2.0,2.0,1.0,2.0,2.0,,,,9.0,,,,,,,,,2,1,4,9,,2,3,3,3,3,3,3,3,,,,,,,,2,2,2,2,2,2,1,2,3,2,2,4,1,2,2,2,2,2,2,1,1,1,1,4,1,8,2,0.4137810170650482,0.7225214242935181
42968,5,16,24448,3,8,0,3,3.0,1.0,1.0,1.0,1.0,,,,,,,,,,,,,,,,,,,,,,,2,3,2,9,,2,2,3,2,2,3,3,1,,,,,,,,1,3,2,1,2,2,3,2,3,2,2,2,1,2,2,2,2,2,1,1,1,1,1,4,3,7,2,0.8547120690345764,0.5833334922790527
42969,4,2,1766,1,2,1,2,,,,,,2.0,2.0,2.0,2.0,2.0,2.0,2.0,1.0,2.0,1.0,13.0,,ÇA RESTER LE MÊME MAIRE,9.0,10.0,,,,,,,,2,3,4,2,2.0,3,3,3,3,3,3,2,9,,,,,,,,2,4,3,2,2,2,3,1,3,2,2,2,2,2,3,3,3,4,2,1,2,2,1,3,6,98,2,0.40249672532081604,0.40436068177223206
42970,4,4,5096,2,4,0,3,3.0,1.0,2.0,1.0,1.0,,,,,,,,,,,,,,,,,,,,,,,1,2,2,3,3.0,2,3,2,2,2,2,2,1,4.0,2.0,5.0,,,,,2,2,4,2,1,1,1,3,3,2,2,4,1,2,1,1,2,1,1,1,2,2,1,3,1,4,4,0.4722529351711273,0.2720399796962738
42972,4,3,862,1,3,0,3,3.0,1.0,1.0,1.0,1.0,,,,,,,,,,,,,,,,,,,,,,,1,2,2,3,3.0,3,2,2,3,2,2,2,6,7.0,1.0,2.0,8.0,,,,1,2,4,2,2,2,2,3,3,1,2,1,1,2,2,2,2,2,2,1,2,2,1,4,1,5,2,0.40249672532081604,0.32036837935447693
42973,5,16,7413,2,8,0,2,2.0,,,,,2.0,2.0,2.0,2.0,2.0,1.0,2.0,2.0,1.0,2.0,,,,6.0,8.0,,,,,,,,1,2,9,9,,2,3,3,3,3,3,2,3,,,,,,,,2,3,3,1,3,3,2,1,3,2,3,4,1,2,2,3,2,3,2,1,1,1,1,3,3,2,2,0.4137810170650482,0.7225214242935181
42974,5,12,2546,1,3,0,1,1.0,,,,,1.0,2.0,1.0,2.0,2.0,2.0,1.0,2.0,2.0,2.0,,,,3.0,4.0,7.0,,,,,,,3,3,4,9,,4,2,2,2,2,2,3,9,,,,,,,,2,3,2,9,2,3,3,1,3,2,3,4,1,2,2,2,2,2,2,1,1,1,1,1,9,2,2,0.3526615500450134,0.4749772846698761
42975,2,9,196,1,2,0,3,3.0,1.0,1.0,1.0,1.0,,,,,,,,,,,,,,,,,,,,,,,1,2,4,9,,2,3,3,2,2,2,2,4,3.0,,,,,,,2,2,4,2,1,2,2,4,3,2,3,2,2,2,3,2,3,4,1,1,2,2,1,5,2,3,2,0.22039549052715302,0.17154793441295624
42977,5,4,5096,2,4,0,2,2.0,,,,,2.0,1.0,1.0,1.0,2.0,2.0,1.0,1.0,2.0,2.0,,,,1.0,4.0,5.0,7.0,9.0,,,,,3,3,4,9,,2,2,3,3,3,3,1,8,,,,,,,,1,3,4,2,2,2,3,3,3,2,3,3,2,2,3,3,3,3,2,1,2,2,1,2,3,4,2,0.5224395394325256,0.8830307126045227
42982,2,15,61543,3,7,0,1,1.0,,,,,2.0,1.0,2.0,2.0,2.0,2.0,1.0,2.0,2.0,1.0,12.0,,NOUVELLEMENT ARRIVER DANS LA VILLE,1.0,4.0,10.0,,,,,,,3,3,4,9,,2,1,4,2,2,3,2,1,,,,,,,,1,2,3,2,2,2,3,2,3,1,3,2,1,2,3,3,2,2,2,1,2,2,1,3,5,6,3,0.5341512560844421,0.7763860821723938
42985,2,16,13441,2,8,0,3,3.0,1.0,1.0,1.0,1.0,,,,,,,,,,,,,,,,,,,,,,,1,1,2,3,3.0,2,3,3,2,1,1,2,1,2.0,6.0,5.0,,,,,2,2,4,2,1,2,2,2,3,2,3,2,1,2,3,3,3,3,3,1,1,1,1,3,1,5,3,0.4207970201969147,0.2701301574707031
42987,5,16,24448,3,8,0,2,2.0,,,,,2.0,1.0,2.0,2.0,2.0,2.0,2.0,2.0,2.0,2.0,,,,1.0,,,,,,,,,2,1,4,9,,2,3,3,2,2,2,2,1,,,,,,,,1,3,4,2,2,2,3,2,3,2,2,4,1,2,3,2,2,2,3,1,2,2,1,2,3,98,2,1.0791586637496948,2.0814619064331055
42990,4,1,4233,1,1,0,3,3.0,1.0,1.0,1.0,1.0,,,,,,,,,,,,,,,,,,,,,,,1,2,1,3,3.0,1,4,4,1,1,1,3,3,,,,,,,,1,1,4,2,1,1,1,4,2,1,1,2,1,1,1,1,3,3,2,1,2,2,1,3,1,8,2,0.40249672532081604,0.32036837935447693
42993,5,17,13827,2,4,0,1,1.0,,,,,2.0,1.0,2.0,1.0,1.0,2.0,1.0,2.0,1.0,2.0,,,,1.0,2.0,4.0,5.0,8.0,,,,,2,3,4,9,,2,3,3,2,2,3,3,1,2.0,,,,,,,2,3,3,1,3,3,2,2,3,2,3,3,1,2,2,2,1,3,1,1,1,1,1,4,3,98,2,0.4137810170650482,0.7225214242935181
42995,2,2,30915,3,2,0,3,3.0,1.0,1.0,2.0,1.0,,,,,,,,,,,,,,,,,,,,,,,1,2,3,9,,2,3,3,2,3,2,3,6,1.0,5.0,3.0,4.0,,,,2,3,4,2,3,3,3,2,3,1,2,4,2,2,3,2,3,3,2,1,2,2,1,3,1,2,1,0.5341512560844421,0.26591959595680237
42997,5,1,49733,3,1,0,3,3.0,1.0,1.0,1.0,1.0,,,,,,,,,,,,,,,,,,,,,,,1,1,4,9,,2,3,3,2,2,2,2,4,8.0,1.0,3.0,6.0,,,,1,2,4,2,2,3,3,2,2,2,2,4,1,2,2,2,2,3,2,1,2,2,1,2,3,7,2,1.0791586637496948,0.712917149066925
42999,4,16,57302,3,8,0,3,3.0,1.0,1.0,1.0,1.0,,,,,,,,,,,,,,,,,,,,,,,1,2,1,3,3.0,2,2,3,2,3,3,3,5,8.0,3.0,7.0,1.0,,,,1,1,4,2,1,1,1,4,1,1,2,4,1,2,2,2,2,2,2,1,2,2,1,4,1,2,4,0.9754925966262817,0.4966069459915161
43000,5,16,50626,3,8,0,2,2.0,,,,,2.0,2.0,2.0,2.0,2.0,2.0,2.0,1.0,1.0,2.0,,,,8.0,9.0,,,,,,,,1,2,2,9,,2,3,3,2,1,2,3,4,8.0,1.0,,,,,,1,2,4,2,2,2,2,2,3,2,3,4,1,2,3,3,3,3,3,1,1,1,1,3,2,5,5,0.8547120690345764,1.7031153440475464
43001,5,14,4280,1,7,0,3,3.0,1.0,1.0,1.0,1.0,,,,,,,,,,,,,,,,,,,,,,,1,2,3,9,,2,3,3,2,2,2,2,8,4.0,,,,,,,1,1,4,1,2,2,2,4,3,1,2,4,1,1,3,3,2,2,3,1,1,1,1,4,1,8,2,0.3526615500450134,0.3763154149055481
43004,2,15,79838,3,7,0,3,3.0,1.0,1.0,2.0,1.0,,,,,,,,,,,,,,,,,,,,,,,1,1,3,9,,2,2,3,2,2,3,2,4,1.0,,,,,,,2,3,3,1,2,2,2,2,3,2,3,4,2,2,4,1,3,1,3,1,2,2,1,3,5,5,3,0.5341512560844421,0.26591959595680237
43006,5,14,23299,3,7,0,1,1.0,,,,,1.0,1.0,2.0,2.0,2.0,2.0,1.0,2.0,2.0,2.0,,,,1.0,3.0,4.0,,,,,,,2,1,3,9,,2,3,3,2,1,2,2,7,1.0,,,,,,,1,3,3,2,2,3,4,1,3,2,3,3,1,2,3,2,2,3,3,1,2,2,1,4,1,5,3,1.0791586637496948,2.0814619064331055
43007,4,1,49733,3,1,0,3,3.0,1.0,1.0,1.0,2.0,,,,,,,,,,,,,,,,,,,,,,,2,1,9,3,3.0,2,2,2,1,2,2,3,1,2.0,3.0,,,,,,1,1,3,2,2,3,2,3,3,2,1,4,1,2,3,2,3,3,4,1,1,1,1,4,1,5,3,0.8376485109329224,0.539604127407074
43009,4,9,25081,3,2,0,1,1.0,,,,,2.0,1.0,2.0,2.0,1.0,1.0,1.0,2.0,2.0,2.0,,,,1.0,2.0,4.0,6.0,,,,,,3,3,3,3,3.0,2,2,2,2,2,2,2,5,,,,,,,,2,2,2,1,2,2,2,2,2,1,2,3,2,2,2,2,2,2,2,1,2,2,1,2,1,3,2,0.9754925966262817,1.4499083757400513
43010,5,6,33714,3,6,0,3,3.0,1.0,2.0,1.0,1.0,,,,,,,,,,,,,,,,,,,,,,,1,2,9,9,,2,3,3,2,2,2,2,1,,,,,,,,1,2,4,1,2,2,3,2,3,2,3,4,1,2,3,2,2,3,1,1,1,1,1,4,3,8,2,0.8547120690345764,0.5833334922790527
43011,2,14,2040,1,7,0,1,1.0,,,,,2.0,1.0,2.0,1.0,2.0,2.0,1.0,1.0,2.0,2.0,,,,1.0,4.0,5.0,9.0,,,,,,3,3,4,3,3.0,2,2,3,3,2,2,2,1,,,,,,,,2,4,2,2,3,3,2,2,3,2,2,2,1,2,2,2,3,2,2,1,2,2,1,3,1,6,3,0.22039549052715302,0.21652396023273468
43012,5,4,49802,3,4,0,3,3.0,1.0,1.0,1.0,1.0,,,,,,,,,,,,,,,,,,,,,,,1,3,9,9,,1,3,3,2,3,2,1,1,,,,,,,,1,3,3,1,2,2,2,3,3,2,3,4,1,2,3,2,2,2,1,1,2,2,1,2,3,2,5,1.0791586637496948,0.712917149066925
43013,5,16,50626,3,8,0,1,1.0,,,,,1.0,2.0,1.0,1.0,2.0,1.0,2.0,2.0,2.0,2.0,,,,3.0,5.0,6.0,7.0,,,,,,3,3,4,9,,4,2,2,4,3,3,1,9,,,,,,,,2,4,1,1,3,3,3,1,3,2,3,4,2,2,3,3,3,3,3,1,1,1,1,3,2,1,1,0.8547120690345764,1.7031153440475464
43014,5,12,1655,1,3,1,1,,,,,,2.0,1.0,2.0,2.0,1.0,1.0,2.0,2.0,2.0,2.0,,,,1.0,2.0,6.0,,,,,,,1,2,4,9,,3,2,2,4,3,3,3,2,,,,,,,,2,2,2,1,2,4,4,1,2,2,3,4,1,2,4,4,4,3,4,1,1,1,1,3,1,1,1,0.3526615500450134,0.4749772846698761
43015,4,16,35160,3,8,0,3,3.0,1.0,1.0,1.0,2.0,,,,,,,,,,,,,,,,,,,,,,,2,1,2,2,2.0,2,2,2,2,2,2,1,2,,,,,,,,1,2,2,2,2,2,2,2,2,2,2,3,1,1,2,2,2,2,2,3,2,2,2,2,1,4,3,1.0062602758407593,0.4791215658187866
43016,5,14,23299,3,7,0,3,3.0,1.0,1.0,1.0,1.0,,,,,,,,,,,,,,,,,,,,,,,2,1,2,3,3.0,1,3,3,1,1,1,3,3,1.0,8.0,,,,,,1,2,3,2,1,1,1,3,2,1,2,3,1,2,3,1,2,3,2,1,1,1,1,3,3,5,2,0.8547120690345764,0.5833334922790527
43017,5,16,2151,1,8,0,1,1.0,,,,,1.0,2.0,2.0,2.0,2.0,1.0,1.0,2.0,2.0,2.0,,,,3.0,4.0,6.0,,,,,,,1,1,2,9,,3,1,1,4,3,3,4,8,4.0,2.0,3.0,,,,,1,2,4,2,1,1,2,2,2,2,3,4,1,2,3,2,2,1,4,1,1,1,1,3,3,4,1,0.3526615500450134,0.4749772846698761
43018,5,17,79153,3,4,0,1,1.0,,,,,2.0,2.0,1.0,1.0,2.0,1.0,2.0,2.0,1.0,2.0,,,,5.0,6.0,7.0,8.0,,,,,,2,3,4,1,1.0,3,1,1,2,3,1,2,4,,,,,,,,2,2,2,1,2,3,3,3,3,2,3,3,2,2,1,2,1,2,3,1,1,1,1,4,3,2,2,0.8547120690345764,1.7031153440475464
43021,5,16,31447,3,8,0,3,3.0,1.0,1.0,2.0,1.0,,,,,,,,,,,,,,,,,,,,,,,2,1,3,9,,2,3,3,2,2,2,3,7,8.0,5.0,,,,,,1,3,3,2,1,2,3,2,3,2,2,4,1,2,2,3,2,3,2,1,1,1,1,3,3,5,2,0.8547120690345764,0.5833334922790527
43022,5,6,19907,2,6,0,3,3.0,1.0,1.0,1.0,1.0,,,,,,,,,,,,,,,,,,,,,,,1,2,2,9,,2,4,3,2,2,2,3,2,1.0,8.0,,,,,,1,3,4,2,1,3,2,2,1,2,2,4,1,2,2,3,2,2,4,1,1,1,1,4,1,8,5,0.4137810170650482,0.3195469081401825
43025,2,1,49733,3,1,0,3,3.0,1.0,2.0,2.0,2.0,,,,,,,,,,,,,,,,,,,,,,,2,2,2,2,2.0,2,2,2,3,2,2,2,8,,,,,,,,1,2,1,2,2,3,3,2,2,2,2,3,2,2,3,2,2,3,2,1,1,1,1,4,1,98,2,0.8692047595977783,0.4931209683418274
43026,5,17,13827,2,4,0,1,1.0,,,,,1.0,1.0,2.0,2.0,2.0,2.0,2.0,2.0,2.0,2.0,,,,1.0,3.0,,,,,,,,3,3,4,9,,2,2,3,1,2,2,2,4,,,,,,,,2,3,3,2,2,2,2,2,3,2,2,2,2,2,3,2,2,2,2,1,2,2,1,3,3,7,2,0.5224395394325256,0.8830307126045227
43027,1,2,1766,1,2,1,3,,1.0,1.0,1.0,1.0,,,,,,,,,,,,,,,,,,,,,,,1,2,2,9,,1,2,3,2,3,2,3,4,,,,,,,,2,3,4,2,1,1,1,1,2,2,2,4,2,2,3,2,2,3,2,1,2,2,1,3,4,6,5,0.32957592606544495,0.2373657077550888
43028,4,3,3061,1,3,0,3,3.0,1.0,1.0,1.0,1.0,,,,,,,,,,,,,,,,,,,,,,,1,1,2,3,3.0,1,3,3,1,2,2,2,4,,,,,,,,2,2,4,2,1,1,1,3,3,2,1,4,1,2,2,2,2,2,2,1,2,2,1,3,1,3,6,0.40249672532081604,0.32036837935447693
43029,5,16,26982,3,8,0,3,3.0,1.0,1.0,1.0,1.0,,,,,,,,,,,,,,,,,,,,,,,1,2,2,9,,2,3,3,2,2,2,3,1,8.0,5.0,,,,,,1,1,4,2,1,2,2,3,3,1,1,4,1,1,3,2,1,2,2,1,2,2,1,4,3,8,2,1.0791586637496948,0.712917149066925
43030,4,2,30915,3,2,0,3,3.0,1.0,1.0,1.0,1.0,,,,,,,,,,,,,,,,,,,,,,,1,2,3,3,3.0,1,3,3,2,2,2,3,5,4.0,7.0,2.0,1.0,6.0,3.0,,2,3,4,2,2,2,3,2,3,2,2,4,1,2,3,3,2,3,4,1,2,2,1,3,1,3,1,0.9754925966262817,0.4966069459915161
43031,5,12,11031,2,3,0,1,1.0,,,,,2.0,1.0,2.0,2.0,2.0,2.0,1.0,2.0,2.0,2.0,,,,1.0,4.0,,,,,,,,1,3,2,9,,2,3,3,2,1,1,3,4,8.0,5.0,,,,,,2,1,4,1,1,2,1,3,3,2,2,4,1,2,3,1,3,3,1,1,2,2,2,2,6,2,2,0.5224395394325256,0.8830307126045227
43032,5,4,49802,3,4,0,2,2.0,,,,,2.0,1.0,1.0,2.0,2.0,2.0,2.0,2.0,1.0,2.0,,,,1.0,7.0,8.0,,,,,,,1,2,3,9,,1,3,2,1,2,2,3,7,3.0,1.0,5.0,,,,,1,2,4,2,3,2,2,3,3,2,2,4,1,2,3,1,1,2,1,1,2,2,1,4,1,98,1,1.0791586637496948,2.0814619064331055
43033,1,2,30915,3,2,0,3,3.0,1.0,1.0,2.0,1.0,,,,,,,,,,,,,,,,,,,,,,,1,3,3,9,,1,1,3,2,2,3,3,5,4.0,,,,,,,2,4,4,2,2,1,1,2,1,2,3,4,2,2,2,3,3,2,3,1,2,2,1,2,4,3,6,0.7987616658210754,0.3679428696632385
43034,4,4,49802,3,4,0,3,3.0,1.0,1.0,1.0,1.0,,,,,,,,,,,,,,,,,,,,,,,1,2,3,9,,2,3,3,2,2,2,3,1,3.0,,,,,,,2,2,4,2,1,2,1,2,2,2,2,4,1,2,3,3,2,3,2,1,2,2,1,4,1,98,5,0.9754925966262817,0.4966069459915161
43036,5,2,2062,1,2,0,3,3.0,1.0,1.0,1.0,2.0,,,,,,,,,,,,,,,,,,,,,,,2,2,3,9,,2,3,3,2,2,2,3,1,8.0,,,,,,,1,2,2,2,2,2,2,3,3,2,3,4,1,2,3,3,3,3,2,1,1,1,1,3,1,4,1,0.3526615500450134,0.3763154149055481
43037,5,4,49802,3,4,0,3,3.0,1.0,1.0,1.0,1.0,,,,,,,,,,,,,,,,,,,,,,,1,1,4,9,,2,3,3,2,2,2,2,3,,,,,,,,2,3,2,2,2,2,3,1,3,2,3,4,2,2,3,1,2,2,2,1,2,2,1,3,3,98,1,1.0791586637496948,0.712917149066925
43039,4,16,19183,2,8,0,3,3.0,1.0,1.0,1.0,1.0,,,,,,,,,,,,,,,,,,,,,,,2,1,4,3,3.0,2,2,3,2,2,3,3,2,7.0,8.0,4.0,,,,,1,3,2,1,3,3,2,2,3,2,3,2,1,2,1,1,1,2,1,1,2,2,1,5,1,6,1,0.4722529351711273,0.2720399796962738
43040,5,17,79153,3,4,0,3,3.0,1.0,1.0,1.0,1.0,,,,,,,,,,,,,,,,,,,,,,,1,2,4,3,3.0,2,4,3,2,2,2,3,4,5.0,1.0,,,,,,2,2,4,2,2,2,3,3,3,2,2,4,2,2,3,3,1,2,3,1,1,1,1,5,3,3,1,0.8547120690345764,0.5833334922790527
43042,4,16,7318,2,8,0,2,2.0,,,,,2.0,2.0,2.0,2.0,2.0,2.0,1.0,1.0,2.0,2.0,,,,4.0,9.0,,,,,,,,3,3,4,3,3.0,4,2,3,2,2,2,2,2,1.0,,,,,,,2,4,3,2,2,4,3,3,3,2,2,2,1,2,2,2,2,2,3,1,2,2,1,4,1,6,6,0.4722529351711273,0.6151058077812195
43045,5,7,3799,1,5,0,3,3.0,1.0,1.0,2.0,2.0,,,,,,,,,,,,,,,,,,,,,,,1,2,4,2,2.0,2,2,1,3,4,3,3,4,8.0,1.0,5.0,6.0,,,,2,1,4,2,1,2,1,4,1,1,2,4,1,1,3,2,1,1,2,1,1,1,1,3,3,5,2,0.3526615500450134,0.3763154149055481
43046,2,1,14178,2,1,0,3,3.0,1.0,1.0,1.0,2.0,,,,,,,,,,,,,,,,,,,,,,,1,1,9,9,,2,4,4,1,2,2,3,3,5.0,7.0,1.0,,,,,2,1,4,2,2,2,2,2,1,2,1,4,2,2,3,2,3,3,3,1,2,2,1,5,1,3,1,0.2585919201374054,0.14566975831985474
43047,5,3,8277,2,3,0,1,1.0,,,,,2.0,1.0,2.0,1.0,2.0,2.0,2.0,2.0,2.0,2.0,,,,1.0,5.0,,,,,,,,2,3,4,9,,2,2,2,2,1,2,4,9,,,,,,,,2,2,4,2,2,3,3,3,3,2,2,4,1,2,1,3,1,2,3,1,1,1,1,2,3,3,1,0.4137810170650482,0.7225214242935181
43048,5,4,49802,3,4,0,1,1.0,,,,,1.0,1.0,1.0,1.0,1.0,2.0,2.0,2.0,1.0,2.0,,,,1.0,2.0,3.0,5.0,7.0,8.0,,,,2,3,3,9,,3,2,2,2,3,2,2,9,,,,,,,,2,3,3,1,3,3,3,1,3,2,3,2,2,2,3,2,2,2,2,1,2,2,1,2,3,1,1,1.0791586637496948,2.0814619064331055
43050,5,15,14129,2,7,0,3,3.0,1.0,1.0,2.0,1.0,,,,,,,,,,,,,,,,,,,,,,,1,3,3,9,,1,3,3,1,1,2,1,8,,,,,,,,1,4,2,2,1,2,2,2,3,1,2,2,1,2,3,1,3,3,3,1,2,2,1,4,3,3,1,0.5224395394325256,0.3905333876609802
43051,5,15,13893,2,7,0,3,3.0,1.0,1.0,1.0,1.0,,,,,,,,,,,,,,,,,,,,,,,1,2,3,1,1.0,3,3,3,2,2,2,3,8,3.0,2.0,,,,,,1,1,3,2,2,3,1,3,3,1,2,2,1,2,3,2,1,3,2,1,1,1,1,5,3,5,2,0.4137810170650482,0.3195469081401825
43053,5,12,994,1,3,1,3,,1.0,1.0,1.0,1.0,,,,,,,,,,,,,,,,,,,,,,,1,2,9,3,3.0,1,3,3,2,3,2,3,2,4.0,,,,,,,2,2,4,2,1,2,2,2,3,2,3,4,1,1,4,4,1,3,4,1,2,2,1,2,3,3,2,0.44527024030685425,0.45991402864456177
43057,5,16,69265,3,8,0,3,3.0,1.0,2.0,2.0,2.0,,,,,,,,,,,,,,,,,,,,,,,1,1,4,3,3.0,3,2,2,3,4,3,2,3,,,,,,,,2,3,3,2,2,3,2,2,3,1,3,4,1,2,4,3,2,2,2,1,2,2,1,3,1,5,2,1.0791586637496948,0.712917149066925
43059,5,2,9874,2,2,0,2,2.0,,,,,2.0,1.0,2.0,2.0,2.0,2.0,2.0,2.0,2.0,2.0,,,,1.0,,,,,,,,,1,3,4,9,,2,2,3,2,2,3,2,1,,,,,,,,2,3,2,1,3,3,3,1,1,2,3,4,2,2,2,3,2,3,3,1,2,2,2,3,1,3,1,0.5224395394325256,0.8830307126045227
43061,5,4,49802,3,4,0,3,3.0,1.0,1.0,1.0,1.0,,,,,,,,,,,,,,,,,,,,,,,2,1,3,9,,2,2,3,2,2,2,3,8,3.0,4.0,1.0,,,,,1,2,4,2,2,2,2,2,3,2,3,4,1,2,2,3,2,3,2,1,2,2,1,2,3,4,2,1.0791586637496948,0.712917149066925
43063,4,15,6447,2,7,0,2,2.0,,,,,2.0,2.0,2.0,2.0,2.0,2.0,2.0,2.0,1.0,2.0,,,,8.0,,,,,,,,,2,3,4,9,,2,2,1,3,3,1,1,2,1.0,,,,,,,2,3,2,2,2,3,2,2,3,2,3,4,2,2,3,3,3,3,3,1,2,2,1,2,6,1,2,0.4722529351711273,0.6151058077812195
43064,5,4,49802,3,4,0,3,3.0,2.0,,,1.0,,,,,,,,,,,,,,,,,,,,,,,1,2,2,3,3.0,2,3,3,2,3,2,2,1,5.0,3.0,8.0,,,,,1,1,4,2,1,1,1,3,2,1,2,4,1,2,3,2,2,3,2,1,2,2,1,3,3,2,1,1.0791586637496948,0.712917149066925
43065,2,4,49802,3,4,0,1,1.0,,,,,1.0,2.0,2.0,1.0,1.0,2.0,1.0,2.0,2.0,2.0,,,,2.0,3.0,4.0,5.0,,,,,,3,3,4,9,,2,3,2,2,2,2,2,3,5.0,,,,,,,2,4,2,1,2,3,1,1,3,2,2,3,1,2,3,2,2,3,3,1,2,2,1,2,1,5,3,0.5341512560844421,0.7763860821723938
43068,5,3,16723,2,3,0,1,1.0,,,,,2.0,1.0,2.0,1.0,1.0,2.0,1.0,1.0,2.0,2.0,,,,1.0,2.0,4.0,5.0,9.0,,,,,3,3,4,9,,2,3,2,2,3,2,3,1,3.0,2.0,,,,,,2,2,4,2,2,2,1,2,1,2,4,1,1,2,1,3,2,1,2,1,1,1,1,4,1,4,4,0.4137810170650482,0.7225214242935181
43071,5,15,13893,2,7,0,1,1.0,,,,,1.0,1.0,1.0,1.0,1.0,1.0,2.0,2.0,1.0,2.0,,,,1.0,2.0,3.0,5.0,6.0,7.0,8.0,,,3,1,4,3,3.0,2,4,2,2,3,2,3,8,,,,,,,,1,4,3,1,3,3,3,3,1,2,2,4,1,2,1,2,1,3,1,1,1,1,1,4,1,8,2,0.4137810170650482,0.7225214242935181
43072,5,16,17403,2,8,0,3,3.0,2.0,,,2.0,,,,,,,,,,,,,,,,,,,,,,,1,2,2,9,,2,3,3,2,2,2,4,8,,,,,,,,2,2,3,2,1,1,1,3,3,2,2,4,1,2,2,2,2,3,2,1,2,2,1,2,5,3,2,0.5224395394325256,0.3905333876609802
43077,5,7,2518,1,5,0,3,3.0,1.0,1.0,1.0,1.0,,,,,,,,,,,,,,,,,,,,,,,1,2,9,3,3.0,1,4,1,2,1,2,3,4,3.0,,,,,,,2,1,4,2,1,2,1,3,3,1,1,4,2,2,1,3,2,4,2,1,1,1,1,3,3,2,1,0.3526615500450134,0.3763154149055481
43078,2,11,3038,1,1,0,3,3.0,1.0,2.0,2.0,1.0,,,,,,,,,,,,,,,,,,,,,,,2,2,3,3,3.0,2,3,3,2,2,2,2,4,,,,,,,,2,3,4,1,2,3,2,2,2,1,2,1,1,2,2,3,3,3,3,1,2,2,1,5,1,6,3,0.22039549052715302,0.17154793441295624
43080,5,8,43182,3,2,0,3,3.0,1.0,1.0,1.0,1.0,,,,,,,,,,,,,,,,,,,,,,,1,1,3,9,,2,2,1,3,3,3,1,6,4.0,3.0,,,,,,1,2,4,2,1,1,1,3,3,2,3,4,1,2,2,2,2,2,2,1,1,1,1,3,3,4,2,0.8547120690345764,0.5833334922790527
43081,2,16,69265,3,8,0,3,3.0,1.0,1.0,1.0,4.0,,,,,,,,,,,,,,,,,,,,,,,1,2,2,2,2.0,2,3,3,2,2,2,3,7,5.0,,,,,,,2,2,2,2,2,1,2,2,2,1,2,2,2,2,3,3,3,3,4,1,2,2,1,3,2,2,1,0.5341512560844421,0.26591959595680237
43082,2,16,22022,3,8,1,1,,,,,,1.0,1.0,2.0,2.0,1.0,2.0,1.0,2.0,2.0,2.0,,,,1.0,2.0,3.0,4.0,,,,,,3,3,4,9,,2,1,3,2,2,1,2,4,1.0,,,,,,,2,4,3,1,3,2,2,1,3,1,4,2,1,2,4,1,1,2,4,3,2,2,1,3,5,4,3,0.5509987473487854,0.7490490078926086
43084,5,1,49733,3,1,0,3,3.0,1.0,2.0,2.0,1.0,,,,,,,,,,,,,,,,,,,,,,,1,2,2,9,,3,2,1,3,3,2,3,2,5.0,3.0,1.0,8.0,6.0,,,2,2,4,1,1,3,3,3,3,1,2,4,1,1,4,2,4,1,3,1,1,1,1,5,2,3,2,0.8547120690345764,0.5833334922790527
43086,4,16,17403,2,8,0,3,3.0,1.0,1.0,1.0,1.0,,,,,,,,,,,,,,,,,,,,,,,2,3,3,9,,1,3,2,2,3,2,3,1,,,,,,,,2,3,3,2,2,2,3,4,3,2,3,4,1,2,1,1,1,1,1,1,2,2,1,3,1,5,6,0.4722529351711273,0.2720399796962738
43087,4,14,50455,3,7,0,3,3.0,1.0,1.0,1.0,1.0,,,,,,,,,,,,,,,,,,,,,,,1,2,2,3,3.0,3,3,2,2,3,2,4,5,,,,,,,,1,2,3,2,1,2,2,4,3,1,2,3,1,1,1,2,1,1,2,1,1,1,1,4,1,8,3,0.8376485109329224,0.539604127407074
43089,4,16,31447,3,8,0,1,1.0,,,,,1.0,1.0,2.0,1.0,1.0,2.0,2.0,2.0,1.0,2.0,,,,1.0,2.0,3.0,5.0,8.0,,,,,3,3,4,9,,2,3,3,2,2,3,2,1,,,,,,,,2,3,3,2,3,2,2,2,3,2,2,4,1,2,2,2,2,2,2,1,2,2,1,3,1,98,1,0.9754925966262817,1.4499083757400513
43090,2,17,79153,3,4,0,1,1.0,,,,,1.0,1.0,2.0,1.0,1.0,1.0,2.0,2.0,2.0,2.0,,,,1.0,2.0,3.0,5.0,6.0,,,,,3,3,4,9,,2,2,2,3,4,3,1,9,,,,,,,,2,4,3,1,3,3,3,1,3,2,4,1,2,2,3,2,2,2,2,1,1,1,1,2,1,4,2,0.8692047595977783,1.4397292137145996
43091,1,4,49802,3,4,0,1,1.0,,,,,2.0,1.0,2.0,2.0,1.0,2.0,1.0,1.0,2.0,2.0,,,,1.0,2.0,4.0,9.0,,,,,,2,3,4,9,,2,2,3,2,2,2,2,4,,,,,,,,2,4,1,1,3,3,2,1,3,2,2,3,2,2,3,2,2,3,3,1,2,2,1,2,1,2,1,0.7987616658210754,1.0742613077163696
43093,2,4,956,1,4,0,3,3.0,1.0,1.0,1.0,1.0,,,,,,,,,,,,,,,,,,,,,,,1,2,9,3,3.0,1,3,4,1,1,2,2,2,4.0,,,,,,,1,3,4,2,2,2,2,1,3,2,2,4,2,2,2,2,3,1,2,1,1,1,9,4,1,4,1,0.35864144563674927,0.3181191384792328
43095,5,12,25644,3,3,0,3,3.0,1.0,1.0,2.0,1.0,,,,,,,,,,,,,,,,,,,,,,,1,1,3,3,3.0,2,3,2,2,3,3,2,3,8.0,1.0,,,,,,1,1,4,1,2,3,3,3,3,2,2,4,1,1,2,2,2,3,2,1,1,1,1,4,3,6,2,0.8547120690345764,0.5833334922790527
43096,5,14,23299,3,7,0,1,1.0,,,,,2.0,1.0,2.0,2.0,2.0,2.0,2.0,2.0,1.0,2.0,,,,1.0,8.0,,,,,,,,3,3,4,9,,3,3,2,3,3,2,1,1,,,,,,,,1,2,4,2,2,3,2,2,3,2,3,2,1,2,3,3,2,3,2,1,2,2,1,2,6,2,2,1.0791586637496948,2.0814619064331055
43098,4,16,35160,3,8,0,3,3.0,1.0,2.0,2.0,2.0,,,,,,,,,,,,,,,,,,,,,,,2,3,3,3,3.0,2,3,2,2,2,2,3,3,7.0,5.0,,,,,,2,2,3,1,2,2,2,3,2,2,2,4,2,2,2,2,2,2,2,1,1,1,1,2,2,2,1,0.8376485109329224,0.539604127407074
43099,2,15,2829,1,7,0,1,1.0,,,,,2.0,1.0,2.0,2.0,2.0,2.0,2.0,2.0,2.0,1.0,12.0,,"NOUVELLEMENT DÉMÉNAGER, JE NE CONNAIS PERSONNE ET AUCUN CANDIDAT N'A FAIT DE CAMPAGNE",1.0,10.0,,,,,,,,3,3,4,3,3.0,2,2,3,2,2,4,3,5,,,,,,,,2,2,3,2,1,1,2,2,3,1,3,1,1,2,2,2,2,3,2,1,2,2,1,3,1,4,3,0.22039549052715302,0.21652396023273468
43101,4,12,2356,1,3,0,3,3.0,1.0,3.0,1.0,1.0,,,,,,,,,,,,,,,,,,,,,,,1,2,2,9,,2,3,3,3,2,2,4,5,4.0,,,,,,,2,2,4,2,1,1,2,3,3,2,2,4,1,1,3,2,2,3,2,1,1,1,1,2,1,4,4,0.34562113881111145,0.3481054902076721
43102,2,15,45467,3,7,0,2,2.0,,,,,1.0,1.0,2.0,1.0,2.0,1.0,1.0,2.0,2.0,2.0,,,,1.0,3.0,4.0,5.0,6.0,,,,,3,3,4,3,3.0,2,3,3,2,1,2,2,1,2.0,6.0,,,,,,1,4,4,2,3,3,1,3,3,2,2,3,1,2,3,1,3,1,1,1,2,2,1,2,4,7,3,0.5341512560844421,0.7763860821723938
43103,4,8,12721,2,2,0,3,3.0,1.0,1.0,1.0,1.0,,,,,,,,,,,,,,,,,,,,,,,1,1,3,1,1.0,2,3,3,2,2,2,2,6,1.0,3.0,,,,,,2,3,3,2,1,2,2,2,3,2,3,4,2,2,3,2,2,2,2,1,1,1,1,3,2,2,2,0.4055202603340149,0.29559326171875
43104,5,15,26377,3,7,0,3,3.0,1.0,1.0,1.0,1.0,,,,,,,,,,,,,,,,,,,,,,,1,1,3,9,,2,3,2,3,3,3,3,5,,,,,,,,1,2,4,1,2,2,2,2,3,2,3,4,1,2,3,2,2,3,2,1,1,1,1,3,1,7,2,0.8547120690345764,0.5833334922790527
43110,2,3,2224,1,3,1,3,,1.0,1.0,2.0,1.0,,,,,,,,,,,,,,,,,,,,,,,2,2,3,9,,2,2,2,2,2,2,3,2,1.0,,,,,,,2,4,2,2,2,2,2,2,3,2,2,2,1,2,3,2,2,2,3,1,2,2,1,3,1,1,1,0.22039549052715302,0.17154793441295624
43114,4,15,1783,1,7,0,3,3.0,1.0,1.0,1.0,1.0,,,,,,,,,,,,,,,,,,,,,,,1,3,9,9,,2,2,2,2,3,3,2,1,,,,,,,,2,2,4,2,2,2,2,2,2,2,3,2,2,2,2,2,1,1,1,1,2,2,1,2,1,6,2,0.40249672532081604,0.32036837935447693
43117,2,15,6447,2,7,0,3,3.0,1.0,1.0,1.0,1.0,,,,,,,,,,,,,,,,,,,,,,,1,1,4,3,3.0,2,3,2,3,1,3,3,7,5.0,,,,,,,1,2,2,2,1,1,2,2,3,2,2,2,1,2,2,2,2,3,3,1,2,2,1,4,1,7,3,0.2585919201374054,0.14566975831985474
43118,2,7,7465,2,5,0,3,3.0,1.0,1.0,1.0,1.0,,,,,,,,,,,,,,,,,,,,,,,1,2,2,9,,1,2,3,2,1,2,3,2,1.0,7.0,,,,,,1,2,4,2,1,2,1,2,3,2,2,2,2,2,3,2,2,3,2,1,2,2,1,3,1,5,9,0.2585919201374054,0.14566975831985474
43119,4,17,79153,3,4,0,3,3.0,1.0,1.0,4.0,1.0,,,,,,,,,,,,,,,,,,,,,,,1,2,3,3,3.0,2,4,3,3,3,2,3,1,7.0,3.0,5.0,,,,,1,1,4,1,3,2,2,4,3,1,3,4,2,1,3,4,3,3,3,1,1,1,1,3,1,2,3,0.8376485109329224,0.539604127407074
43120,4,16,24448,3,8,0,1,1.0,,,,,2.0,2.0,2.0,2.0,2.0,2.0,2.0,2.0,2.0,1.0,10.0,,CONVALESCENCE CHIRURGIE,10.0,,,,,,,,,1,2,2,9,,1,2,2,2,2,2,3,7,1.0,3.0,2.0,,,,,1,4,4,2,2,1,4,1,3,2,2,3,2,2,1,1,1,2,1,1,2,2,1,3,1,98,2,0.9754925966262817,1.4499083757400513
43122,2,17,79153,3,4,0,1,1.0,,,,,2.0,2.0,2.0,2.0,2.0,2.0,2.0,2.0,2.0,1.0,14.0,,TROP DE MONDE AU BUREAU DE VOTE ET ATTENTE AU FROID TROP LONGUE,10.0,,,,,,,,,1,1,3,9,,2,3,2,2,2,2,3,9,,,,,,,,2,3,2,9,2,2,2,2,3,2,3,4,2,2,3,3,3,3,3,1,1,1,1,2,1,2,1,0.8692047595977783,1.4397292137145996
43125,5,2,9874,2,2,0,3,3.0,1.0,1.0,2.0,1.0,,,,,,,,,,,,,,,,,,,,,,,1,2,2,3,3.0,1,4,2,1,2,2,2,1,4.0,8.0,,,,,,1,3,3,1,2,2,2,2,3,2,2,4,1,2,4,2,3,2,2,1,2,2,1,3,2,3,2,0.5224395394325256,0.3905333876609802
43126,5,16,35160,3,8,0,3,3.0,1.0,1.0,1.0,1.0,,,,,,,,,,,,,,,,,,,,,,,1,2,9,9,,2,3,4,2,2,2,3,3,5.0,1.0,2.0,8.0,,,,1,2,3,2,1,2,2,3,2,1,3,4,1,2,2,2,2,3,2,1,2,2,1,5,3,6,2,1.0791586637496948,0.712917149066925
43127,4,14,6629,2,7,0,3,3.0,1.0,1.0,1.0,1.0,,,,,,,,,,,,,,,,,,,,,,,2,1,3,3,3.0,1,3,3,2,2,2,1,1,4.0,,,,,,,2,2,4,1,2,2,2,2,3,2,2,3,2,2,3,3,3,3,3,1,1,1,1,2,1,2,2,0.4055202603340149,0.29559326171875
43130,5,15,45467,3,7,0,3,3.0,1.0,1.0,1.0,1.0,,,,,,,,,,,,,,,,,,,,,,,1,2,2,3,3.0,1,4,3,2,2,2,3,1,2.0,8.0,,,,,,2,1,4,2,1,2,2,3,3,1,1,4,1,2,2,2,2,3,3,1,1,1,1,3,3,98,2,0.8547120690345764,0.5833334922790527
43133,4,17,1076,1,4,0,2,2.0,,,,,2.0,2.0,2.0,2.0,2.0,1.0,1.0,2.0,2.0,2.0,,,,4.0,6.0,,,,,,,,2,2,3,3,3.0,1,4,4,1,2,1,3,4,5.0,,,,,,,2,2,2,2,1,2,2,2,3,1,2,4,2,2,2,3,2,2,2,1,1,1,1,2,2,2,1,0.34562113881111145,0.43937116861343384
43134,5,4,49802,3,4,0,3,3.0,1.0,1.0,2.0,1.0,,,,,,,,,,,,,,,,,,,,,,,1,1,2,3,3.0,2,2,3,2,2,2,2,3,6.0,1.0,,,,,,1,1,4,1,1,1,1,2,3,2,1,4,2,2,3,2,2,2,3,1,2,2,1,3,1,2,1,1.0791586637496948,0.712917149066925
43135,4,1,870,1,1,1,3,,1.0,2.0,1.0,2.0,,,,,,,,,,,,,,,,,,,,,,,2,1,3,3,3.0,2,2,2,2,3,2,2,3,2.0,5.0,,,,,,1,2,4,2,3,2,3,2,2,1,3,4,1,2,3,2,1,2,1,1,1,1,1,3,1,3,3,0.34562113881111145,0.3481054902076721
43136,2,1,49733,3,1,0,3,3.0,1.0,2.0,2.0,2.0,,,,,,,,,,,,,,,,,,,,,,,1,2,9,9,,2,3,3,2,2,2,3,3,6.0,,,,,,,2,2,4,2,2,2,2,3,3,2,1,2,1,2,2,2,2,2,1,1,1,1,1,4,1,6,2,0.8692047595977783,0.4931209683418274
43137,5,15,61543,3,7,0,2,2.0,,,,,2.0,1.0,1.0,2.0,1.0,2.0,2.0,1.0,2.0,2.0,,,,1.0,2.0,7.0,9.0,,,,,,1,3,3,9,,2,2,2,3,3,3,2,1,,,,,,,,1,2,3,1,3,2,2,3,3,1,3,4,1,1,3,3,3,2,3,1,2,2,1,3,3,3,1,1.0791586637496948,2.0814619064331055
43140,4,16,22022,3,8,1,1,,,,,,1.0,1.0,1.0,2.0,1.0,2.0,1.0,2.0,2.0,2.0,,,,1.0,2.0,3.0,4.0,7.0,,,,,3,3,4,9,,2,2,1,2,4,2,3,5,,,,,,,,2,4,1,1,3,3,3,1,3,2,2,2,1,2,2,2,2,1,1,1,2,2,1,4,1,8,3,0.9754925966262817,1.4499083757400513
43143,5,9,25081,3,2,0,3,3.0,1.0,1.0,2.0,1.0,,,,,,,,,,,,,,,,,,,,,,,1,2,4,9,,2,3,3,2,2,2,3,5,1.0,,,,,,,2,3,4,2,3,3,2,2,3,2,3,4,1,2,3,2,2,2,2,1,2,2,1,3,3,2,1,1.0791586637496948,0.712917149066925
43144,5,2,9874,2,2,0,1,1.0,,,,,1.0,2.0,1.0,2.0,1.0,1.0,2.0,2.0,2.0,2.0,,,,2.0,3.0,6.0,7.0,,,,,,2,1,4,9,,3,2,1,3,3,3,3,4,8.0,,,,,,,1,3,2,1,3,3,3,2,3,2,3,3,2,2,3,2,2,3,3,1,1,1,1,2,2,1,1,0.4137810170650482,0.7225214242935181
43145,5,14,86419,3,7,0,3,3.0,1.0,1.0,1.0,1.0,,,,,,,,,,,,,,,,,,,,,,,1,1,4,9,,2,3,3,2,2,2,1,3,4.0,,,,,,,1,3,4,2,1,1,1,1,3,2,3,4,1,2,1,1,1,3,1,1,2,2,1,4,1,6,2,1.0791586637496948,0.712917149066925
43147,2,16,19183,2,8,0,3,3.0,1.0,1.0,3.0,1.0,,,,,,,,,,,,,,,,,,,,,,,1,2,2,9,,1,3,3,3,3,3,3,4,8.0,1.0,5.0,,,,,1,2,4,1,1,1,1,3,3,2,2,2,1,2,3,3,2,3,2,1,2,2,2,5,1,6,2,0.2585919201374054,0.14566975831985474
43150,1,3,11001,2,3,0,3,3.0,1.0,1.0,1.0,1.0,,,,,,,,,,,,,,,,,,,,,,,2,3,9,9,,1,3,3,2,2,2,3,4,,,,,,,,2,3,4,2,2,2,2,1,3,2,1,4,2,2,3,4,2,2,2,1,2,2,1,5,1,6,2,0.3866943120956421,0.2015577256679535
43151,4,14,4601,1,7,0,3,3.0,1.0,1.0,1.0,1.0,,,,,,,,,,,,,,,,,,,,,,,1,1,1,1,1.0,1,2,3,3,3,3,2,2,3.0,4.0,,,,,,2,3,2,2,1,1,1,2,3,2,3,3,1,2,2,2,2,2,2,1,1,1,1,3,1,5,1,0.34562113881111145,0.3481054902076721
43152,5,1,6119,2,1,0,3,3.0,1.0,1.0,1.0,1.0,,,,,,,,,,,,,,,,,,,,,,,1,2,9,9,,1,3,2,2,2,2,3,9,,,,,,,,1,2,4,1,2,2,2,2,3,1,2,4,1,2,3,2,2,3,4,1,1,1,1,2,1,4,2,0.4137810170650482,0.3195469081401825
43153,1,14,23299,3,7,0,3,3.0,1.0,1.0,1.0,2.0,,,,,,,,,,,,,,,,,,,,,,,3,3,4,9,,3,2,2,3,2,2,1,9,,,,,,,,2,4,2,1,2,3,2,1,3,2,4,4,2,2,2,2,2,2,2,1,2,2,1,1,2,99,1,0.7987616658210754,0.3679428696632385
43155,2,16,90161,3,8,0,3,3.0,1.0,1.0,1.0,1.0,,,,,,,,,,,,,,,,,,,,,,,2,3,2,9,,1,2,3,2,1,1,3,2,1.0,,,,,,,2,2,4,2,1,1,1,2,3,1,3,3,1,2,3,2,2,3,1,1,2,2,1,4,1,6,2,0.5341512560844421,0.26591959595680237
43156,4,15,79838,3,7,0,3,3.0,1.0,1.0,1.0,1.0,,,,,,,,,,,,,,,,,,,,,,,1,2,1,9,,1,2,3,2,2,2,3,8,1.0,2.0,7.0,5.0,,,,2,2,4,2,2,2,3,3,1,1,1,2,2,2,3,1,2,3,1,1,1,1,1,2,6,2,2,0.8376485109329224,0.539604127407074
43158,2,16,13441,2,8,0,3,3.0,1.0,3.0,2.0,1.0,,,,,,,,,,,,,,,,,,,,,,,1,1,2,2,2.0,3,1,1,4,4,4,3,4,1.0,5.0,,,,,,2,1,4,1,1,2,3,3,3,1,3,2,2,2,3,3,2,1,2,1,1,1,1,2,1,5,3,0.4207970201969147,0.2701301574707031
43159,1,16,22803,3,8,0,3,3.0,1.0,1.0,1.0,1.0,,,,,,,,,,,,,,,,,,,,,,,1,1,2,3,3.0,2,3,2,2,2,2,3,3,,,,,,,,2,1,4,1,1,1,1,4,3,1,1,4,1,2,4,1,1,1,1,1,3,2,1,2,4,7,3,0.7987616658210754,0.3679428696632385
43160,5,9,25081,3,2,0,3,3.0,1.0,1.0,2.0,1.0,,,,,,,,,,,,,,,,,,,,,,,1,2,3,9,,2,3,3,2,1,2,3,6,5.0,3.0,,,,,,2,1,4,2,1,2,2,3,2,2,1,4,1,1,2,2,2,4,2,1,1,1,1,4,1,7,3,0.8547120690345764,0.5833334922790527
43162,5,1,49733,3,1,0,3,3.0,1.0,1.0,1.0,2.0,,,,,,,,,,,,,,,,,,,,,,,1,3,2,9,,1,3,3,2,2,1,2,8,6.0,,,,,,,1,3,3,2,1,1,2,2,3,2,3,4,1,2,2,2,1,3,1,1,2,2,1,2,3,99,2,1.0791586637496948,0.712917149066925
43167,1,16,69265,3,8,0,3,3.0,1.0,1.0,1.0,1.0,,,,,,,,,,,,,,,,,,,,,,,1,2,3,9,,2,3,3,3,2,2,3,1,7.0,3.0,5.0,,,,,2,3,3,2,2,2,2,2,3,2,3,4,2,2,3,2,3,2,3,1,2,2,1,2,4,1,6,0.7987616658210754,0.3679428696632385
43168,5,14,23299,3,7,0,3,3.0,1.0,1.0,1.0,1.0,,,,,,,,,,,,,,,,,,,,,,,3,3,3,9,,2,2,3,2,2,2,2,9,,,,,,,,1,3,4,2,1,2,1,2,3,2,3,1,2,2,3,2,3,2,2,1,1,1,1,2,3,3,2,0.8547120690345764,0.5833334922790527
43170,4,3,9367,2,3,0,2,2.0,,,,,2.0,1.0,2.0,2.0,1.0,1.0,2.0,2.0,2.0,2.0,,,,1.0,2.0,6.0,,,,,,,1,3,4,1,1.0,4,1,1,4,3,3,4,1,,,,,,,,2,2,4,2,2,3,2,4,3,1,2,4,1,1,3,3,3,2,3,1,1,1,1,3,1,8,2,0.4055202603340149,0.6683597564697266
43172,5,15,45467,3,7,0,3,3.0,1.0,1.0,1.0,1.0,,,,,,,,,,,,,,,,,,,,,,,1,1,2,3,3.0,1,3,3,2,2,2,2,8,2.0,,,,,,,1,1,4,2,1,2,1,3,2,1,2,4,2,2,3,2,2,1,2,1,1,1,1,3,3,98,6,0.8547120690345764,0.5833334922790527
43173,4,17,79153,3,4,0,3,3.0,1.0,1.0,1.0,1.0,,,,,,,,,,,,,,,,,,,,,,,1,2,3,9,,2,2,2,2,2,2,3,2,6.0,3.0,,,,,,1,2,4,2,2,2,1,2,3,2,3,4,1,2,2,2,1,2,2,1,1,1,1,4,1,2,1,0.8376485109329224,0.539604127407074
43174,4,17,13827,2,4,0,3,3.0,1.0,1.0,2.0,1.0,,,,,,,,,,,,,,,,,,,,,,,1,3,4,9,,2,2,2,2,1,2,2,3,1.0,,,,,,,1,3,3,2,2,3,3,1,3,2,3,3,1,2,2,2,2,2,3,1,2,2,1,3,1,5,5,0.4722529351711273,0.2720399796962738
43176,5,16,24448,3,8,0,3,3.0,1.0,1.0,1.0,2.0,,,,,,,,,,,,,,,,,,,,,,,1,2,4,9,,2,3,1,3,3,3,3,2,1.0,,,,,,,1,1,4,2,2,2,2,3,3,2,3,4,1,2,3,2,1,2,2,1,2,2,1,4,3,3,5,1.0791586637496948,0.712917149066925
43177,4,12,11031,2,3,0,3,3.0,1.0,1.0,1.0,1.0,,,,,,,,,,,,,,,,,,,,,,,1,1,1,9,,1,3,3,2,2,2,2,1,4.0,8.0,,,,,,2,2,4,2,2,2,2,3,3,2,2,4,1,2,2,2,2,2,2,1,2,2,1,3,1,3,2,0.4722529351711273,0.2720399796962738
43178,2,15,4545,1,7,0,1,1.0,,,,,1.0,1.0,2.0,1.0,2.0,1.0,2.0,2.0,2.0,2.0,,,,1.0,3.0,5.0,6.0,,,,,,3,3,4,9,,2,3,2,3,2,2,2,9,,,,,,,,2,4,3,1,1,2,2,1,3,1,4,2,2,2,3,2,3,2,1,1,2,2,1,4,5,5,3,0.22039549052715302,0.21652396023273468
43180,5,16,22803,3,8,0,3,3.0,1.0,1.0,1.0,1.0,,,,,,,,,,,,,,,,,,,,,,,1,1,4,3,3.0,1,4,4,1,1,1,4,8,2.0,1.0,,,,,,1,1,4,2,2,3,1,3,3,2,3,2,2,2,3,3,2,3,1,1,2,2,1,4,1,5,2,1.0791586637496948,0.712917149066925
43186,5,2,9874,2,2,0,3,3.0,1.0,1.0,1.0,1.0,,,,,,,,,,,,,,,,,,,,,,,1,2,2,9,,2,3,3,2,2,2,2,4,,,,,,,,1,2,4,2,2,2,2,2,3,2,2,4,1,2,3,3,2,3,1,1,2,2,1,2,5,4,2,0.5224395394325256,0.3905333876609802
43187,5,14,23299,3,7,0,3,3.0,1.0,1.0,1.0,1.0,,,,,,,,,,,,,,,,,,,,,,,1,2,2,9,,2,3,3,2,2,2,3,8,4.0,3.0,,,,,,1,2,4,2,1,1,1,3,3,2,2,4,1,2,4,2,3,3,3,1,2,2,1,3,3,98,2,1.0791586637496948,0.712917149066925
43191,5,12,3058,1,3,0,2,2.0,,,,,2.0,1.0,2.0,2.0,2.0,2.0,2.0,1.0,2.0,2.0,,,,1.0,9.0,,,,,,,,3,3,4,9,,2,3,3,2,2,2,2,3,1.0,2.0,,,,,,2,3,4,2,2,2,2,2,3,2,3,1,1,2,3,2,2,3,2,1,2,2,1,2,3,2,1,0.44527024030685425,0.5804934501647949
43193,5,16,17371,2,8,0,1,1.0,,,,,2.0,1.0,2.0,2.0,2.0,2.0,2.0,1.0,2.0,2.0,,,,1.0,9.0,,,,,,,,3,3,4,2,2.0,3,2,1,3,4,4,3,5,,,,,,,,2,2,4,2,1,2,4,3,3,1,2,4,1,2,2,2,2,2,2,1,2,2,1,2,3,8,2,0.5224395394325256,0.8830307126045227
43194,2,17,79153,3,4,0,1,1.0,,,,,1.0,1.0,2.0,1.0,2.0,2.0,1.0,2.0,2.0,2.0,,,,1.0,3.0,4.0,5.0,,,,,,1,3,2,3,3.0,2,2,2,2,2,2,2,4,,,,,,,,1,2,2,1,1,2,2,2,1,2,1,4,1,2,2,2,3,2,2,1,2,2,1,2,1,3,1,0.5341512560844421,0.7763860821723938
43195,5,2,9874,2,2,0,3,3.0,1.0,1.0,1.0,1.0,,,,,,,,,,,,,,,,,,,,,,,2,1,4,9,,2,3,3,1,2,2,3,1,2.0,,,,,,,1,2,4,2,1,2,1,2,3,2,2,4,1,1,2,3,2,1,3,1,1,1,1,4,1,4,1,0.4137810170650482,0.3195469081401825
43196,2,2,30915,3,2,0,3,3.0,1.0,2.0,2.0,2.0,,,,,,,,,,,,,,,,,,,,,,,3,3,4,9,,2,2,2,2,2,2,3,9,,,,,,,,2,3,2,2,2,3,2,1,3,2,3,2,2,2,2,2,2,3,2,1,2,2,1,4,1,6,1,0.5341512560844421,0.26591959595680237
43198,5,15,45467,3,7,0,3,3.0,1.0,1.0,1.0,1.0,,,,,,,,,,,,,,,,,,,,,,,1,1,2,3,3.0,2,3,3,2,2,2,2,3,2.0,,,,,,,1,2,4,2,2,2,2,2,3,2,2,4,1,2,2,2,2,2,2,1,2,2,1,3,3,3,2,1.0791586637496948,0.712917149066925
43200,5,14,2673,1,7,0,1,1.0,,,,,1.0,2.0,2.0,2.0,2.0,2.0,2.0,2.0,2.0,2.0,,,,3.0,,,,,,,,,3,3,4,9,,2,4,3,1,1,1,2,9,,,,,,,,2,4,3,1,1,1,3,1,3,2,4,4,1,2,1,2,2,1,1,1,1,1,1,1,1,2,1,0.3526615500450134,0.4749772846698761
43201,1,15,13653,2,7,0,3,3.0,1.0,1.0,1.0,2.0,,,,,,,,,,,,,,,,,,,,,,,3,3,4,9,,2,2,2,3,1,1,1,9,,,,,,,,2,4,2,2,2,2,3,3,1,2,2,1,2,2,3,2,2,1,2,1,2,2,1,1,5,2,3,0.3866943120956421,0.2015577256679535
43202,2,9,25081,3,2,0,3,3.0,1.0,1.0,1.0,1.0,,,,,,,,,,,,,,,,,,,,,,,1,2,9,3,3.0,1,3,3,2,3,3,3,2,6.0,3.0,4.0,,,,,2,3,4,2,1,2,1,3,1,2,1,4,1,2,3,2,1,3,1,1,2,2,1,3,1,5,3,0.5341512560844421,0.26591959595680237
43206,5,16,90161,3,8,0,3,3.0,1.0,1.0,1.0,1.0,,,,,,,,,,,,,,,,,,,,,,,1,1,3,9,,2,3,3,2,2,1,3,2,1.0,,,,,,,1,2,4,1,2,2,3,2,3,2,2,4,1,2,2,2,2,3,2,1,1,1,1,4,3,5,2,0.8547120690345764,0.5833334922790527
43207,1,9,25081,3,2,0,2,2.0,,,,,2.0,2.0,2.0,2.0,2.0,2.0,2.0,1.0,2.0,2.0,,,,9.0,,,,,,,,,2,1,2,3,3.0,1,3,4,1,2,3,2,4,,,,,,,,2,4,3,2,3,1,1,3,1,2,1,4,2,2,4,1,4,3,4,1,2,2,1,2,4,1,2,0.7987616658210754,1.0742613077163696
43208,5,3,7217,2,3,0,3,3.0,1.0,1.0,1.0,1.0,,,,,,,,,,,,,,,,,,,,,,,1,1,2,3,3.0,2,3,2,3,3,2,3,4,8.0,,,,,,,1,2,4,1,2,2,3,2,3,2,3,4,1,2,2,2,2,3,2,1,1,1,1,2,3,99,2,0.4137810170650482,0.3195469081401825
43209,5,15,19597,2,7,0,1,1.0,,,,,2.0,1.0,2.0,2.0,2.0,2.0,2.0,2.0,2.0,2.0,,,,1.0,,,,,,,,,3,3,4,2,2.0,3,3,3,3,3,3,1,3,,,,,,,,2,2,3,2,3,2,1,2,3,2,3,1,2,2,3,3,2,3,3,1,1,1,1,3,3,3,2,0.4137810170650482,0.7225214242935181
43210,5,11,12320,2,1,0,3,3.0,1.0,1.0,1.0,2.0,,,,,,,,,,,,,,,,,,,,,,,2,1,3,9,,2,3,3,2,2,2,2,5,2.0,,,,,,,1,3,4,2,2,2,2,2,3,9,3,4,1,2,2,2,2,1,2,1,2,2,1,3,1,2,2,0.5224395394325256,0.3905333876609802
43215,4,4,49802,3,4,0,1,1.0,,,,,1.0,1.0,1.0,1.0,1.0,1.0,1.0,2.0,1.0,2.0,,,,1.0,2.0,3.0,4.0,5.0,6.0,7.0,8.0,,3,3,4,9,,2,2,3,2,3,3,2,7,,,,,,,,2,3,2,1,2,3,3,2,2,2,3,2,2,2,2,2,2,2,3,1,2,2,1,3,1,6,3,0.9754925966262817,1.4499083757400513
43216,4,17,892,1,4,0,3,3.0,1.0,2.0,3.0,2.0,,,,,,,,,,,,,,,,,,,,,,,2,2,2,1,1.0,2,2,2,2,3,2,2,4,,,,,,,,2,3,2,1,2,2,2,1,3,2,3,4,1,2,3,3,2,2,3,1,2,2,1,2,2,2,5,0.40249672532081604,0.32036837935447693
43217,5,16,13441,2,8,0,3,3.0,1.0,2.0,2.0,2.0,,,,,,,,,,,,,,,,,,,,,,,1,2,3,9,,2,3,3,2,2,2,3,1,8.0,7.0,,,,,,1,2,4,2,2,3,2,3,3,1,2,4,1,2,2,3,2,3,3,1,1,1,1,3,3,98,2,0.4137810170650482,0.3195469081401825
43218,5,16,98883,3,8,0,2,2.0,,,,,2.0,1.0,1.0,2.0,1.0,1.0,2.0,2.0,2.0,2.0,,,,1.0,2.0,6.0,7.0,,,,,,1,2,4,3,3.0,3,3,2,2,3,2,2,3,7.0,,,,,,,2,2,3,2,2,3,2,1,3,2,3,4,1,2,3,1,2,2,2,1,2,2,1,3,3,6,2,1.0791586637496948,2.0814619064331055
43219,4,16,50626,3,8,0,3,3.0,1.0,2.0,2.0,2.0,,,,,,,,,,,,,,,,,,,,,,,1,2,3,9,,2,3,2,2,3,2,3,3,1.0,,,,,,,2,1,4,2,2,3,2,3,3,2,3,4,2,2,2,2,2,3,2,1,1,1,1,3,1,3,2,0.8376485109329224,0.539604127407074
43220,5,6,19907,2,6,0,3,3.0,1.0,1.0,1.0,1.0,,,,,,,,,,,,,,,,,,,,,,,1,2,2,9,,1,3,4,1,2,3,2,8,3.0,,,,,,,1,3,4,1,2,2,1,2,1,2,2,4,1,2,3,2,2,3,2,2,1,1,1,5,1,6,2,0.4268319010734558,0.3082956075668335
43221,4,16,90161,3,8,0,2,2.0,,,,,2.0,1.0,2.0,2.0,1.0,1.0,1.0,1.0,2.0,2.0,,,,1.0,2.0,4.0,6.0,9.0,,,,,2,3,3,9,,2,2,2,2,3,2,2,1,2.0,4.0,,,,,,2,4,3,1,3,3,3,1,3,2,3,2,2,2,3,3,1,3,2,1,2,2,1,4,1,99,2,0.9754925966262817,1.4499083757400513
43222,4,4,49802,3,4,0,2,2.0,,,,,2.0,1.0,2.0,1.0,2.0,2.0,1.0,1.0,2.0,2.0,,,,1.0,4.0,5.0,9.0,,,,,,2,3,4,9,,2,2,3,1,2,2,3,3,1.0,,,,,,,2,3,3,2,1,2,4,2,1,2,2,4,2,2,3,2,2,1,2,1,2,2,1,2,5,1,1,0.9754925966262817,1.4499083757400513
43223,1,12,994,1,3,1,1,,,,,,2.0,1.0,2.0,1.0,1.0,2.0,2.0,1.0,2.0,2.0,,,,1.0,2.0,5.0,9.0,,,,,,1,3,9,9,,2,1,2,2,3,2,2,4,6.0,7.0,,,,,,2,2,2,2,2,2,2,2,2,2,2,3,2,2,3,3,2,2,2,1,2,2,1,4,4,4,6,0.32957592606544495,0.2995974123477936
43226,5,6,33714,3,6,0,3,3.0,2.0,,,2.0,,,,,,,,,,,,,,,,,,,,,,,3,3,4,9,,2,1,1,3,4,3,2,9,,,,,,,,2,4,4,2,3,3,2,2,3,1,4,4,2,2,4,3,2,2,1,1,2,2,1,4,1,98,1,1.0791586637496948,0.712917149066925
43227,4,15,14129,2,7,0,2,2.0,,,,,2.0,2.0,2.0,2.0,2.0,2.0,2.0,1.0,2.0,2.0,,,,9.0,,,,,,,,,2,2,2,9,,2,3,3,2,1,2,3,4,2.0,8.0,,,,,,1,2,3,2,2,2,2,2,1,1,2,4,1,2,3,2,2,3,3,1,1,1,1,4,3,7,5,0.4055202603340149,0.6683597564697266
43228,5,5,27576,3,5,0,3,3.0,1.0,1.0,1.0,1.0,,,,,,,,,,,,,,,,,,,,,,,1,3,4,9,,1,3,3,2,2,3,2,9,,,,,,,,2,2,4,2,1,2,1,2,3,2,3,4,1,2,2,2,1,2,2,1,1,1,2,2,3,2,2,0.8547120690345764,0.5833334922790527
43229,1,14,5239,2,7,0,1,1.0,,,,,1.0,2.0,2.0,1.0,1.0,2.0,2.0,2.0,2.0,2.0,,,,2.0,3.0,5.0,,,,,,,3,3,4,3,3.0,2,2,2,2,2,3,2,1,4.0,,,,,,,2,4,3,2,2,2,1,2,3,2,3,4,2,2,3,3,2,2,4,1,2,2,2,2,4,6,5,0.3866943120956421,0.4557398557662964
43231,1,16,17403,2,8,0,2,2.0,,,,,1.0,1.0,2.0,1.0,1.0,2.0,2.0,2.0,2.0,2.0,,,,1.0,2.0,3.0,5.0,,,,,,2,3,3,9,,2,3,3,2,2,3,2,3,1.0,4.0,,,,,,1,3,1,1,2,3,2,1,3,2,2,4,2,2,2,3,2,3,3,1,2,2,1,4,4,99,5,0.3866943120956421,0.4557398557662964
43232,5,16,26982,3,8,0,3,3.0,1.0,1.0,1.0,1.0,,,,,,,,,,,,,,,,,,,,,,,1,3,4,9,,2,3,2,2,2,2,2,1,,,,,,,,1,2,4,2,2,1,2,2,3,2,2,4,1,2,1,1,2,2,1,1,1,1,1,4,3,4,2,0.8547120690345764,0.5833334922790527
43233,5,17,13827,2,4,0,2,2.0,,,,,2.0,2.0,2.0,2.0,1.0,2.0,1.0,1.0,2.0,2.0,,,,2.0,4.0,9.0,,,,,,,1,1,9,9,,1,3,3,2,2,1,2,1,,,,,,,,2,3,3,2,3,2,1,1,3,2,3,3,1,2,2,1,2,4,1,1,2,2,1,4,1,3,1,0.5224395394325256,0.8830307126045227
43234,5,17,79153,3,4,0,3,3.0,1.0,1.0,1.0,1.0,,,,,,,,,,,,,,,,,,,,,,,1,2,4,3,3.0,2,2,2,2,3,3,2,1,2.0,3.0,,,,,,2,2,3,2,4,4,4,3,1,1,3,4,2,2,3,2,1,2,2,1,1,1,1,3,1,98,2,0.8547120690345764,0.5833334922790527
43235,4,5,3889,1,5,0,3,3.0,1.0,1.0,1.0,1.0,,,,,,,,,,,,,,,,,,,,,,,1,2,2,9,,3,1,2,3,2,2,2,4,,,,,,,,2,4,4,2,1,1,1,2,3,2,3,4,1,2,3,3,3,4,3,1,2,2,1,2,1,3,2,0.40249672532081604,0.32036837935447693
43236,5,1,331,1,1,0,2,2.0,,,,,1.0,2.0,2.0,1.0,2.0,1.0,1.0,2.0,2.0,2.0,,,,3.0,4.0,5.0,6.0,,,,,,2,1,2,2,2.0,1,2,2,2,1,2,4,4,1.0,2.0,,,,,,2,1,3,2,1,2,2,3,2,2,2,2,2,2,2,1,1,2,2,2,1,1,1,5,1,6,5,0.3637848198413849,0.4582531154155731
43239,4,11,271,1,1,0,3,3.0,1.0,2.0,1.0,2.0,,,,,,,,,,,,,,,,,,,,,,,2,2,2,3,3.0,2,2,1,1,2,1,3,5,6.0,4.0,,,,,,2,2,2,2,2,1,2,2,2,1,2,3,1,1,1,1,1,2,2,2,1,1,1,5,1,8,1,0.35652217268943787,0.33584895730018616
43243,2,14,4072,1,7,0,3,3.0,1.0,1.0,1.0,1.0,,,,,,,,,,,,,,,,,,,,,,,2,1,3,9,,1,2,1,2,3,4,2,2,4.0,8.0,,,,,,1,3,4,1,2,1,3,2,3,2,3,4,2,1,1,3,2,3,3,1,1,1,1,3,1,3,1,0.35864144563674927,0.3181191384792328
43246,5,7,778,1,5,0,3,3.0,1.0,1.0,1.0,2.0,,,,,,,,,,,,,,,,,,,,,,,1,1,2,2,2.0,1,3,3,2,1,1,2,8,4.0,3.0,,,,,,1,1,4,2,1,1,1,4,1,1,1,4,1,1,2,2,1,3,3,1,1,1,1,2,1,3,2,0.3526615500450134,0.3763154149055481
43247,2,16,26982,3,8,0,1,1.0,,,,,1.0,2.0,1.0,1.0,1.0,1.0,1.0,2.0,1.0,2.0,,,,2.0,3.0,4.0,5.0,6.0,7.0,8.0,,,3,3,4,9,,3,1,1,4,4,4,4,9,,,,,,,,2,4,2,1,4,4,4,1,3,2,3,2,2,2,2,1,1,1,1,1,2,2,1,2,5,2,3,0.5341512560844421,0.7763860821723938
43248,5,4,49802,3,4,0,1,1.0,,,,,1.0,2.0,2.0,2.0,1.0,1.0,1.0,2.0,2.0,2.0,,,,2.0,3.0,4.0,6.0,,,,,,1,2,3,9,,2,2,2,3,3,2,3,3,,,,,,,,2,3,2,1,4,4,4,3,3,2,4,3,2,2,4,3,2,2,3,1,1,1,1,2,1,4,2,0.8547120690345764,1.7031153440475464
43249,5,1,552,1,1,0,2,2.0,,,,,1.0,2.0,2.0,1.0,2.0,1.0,2.0,2.0,1.0,2.0,,,,3.0,5.0,6.0,8.0,,,,,,2,1,1,3,3.0,2,1,1,2,2,2,4,3,4.0,5.0,,,,,,2,1,3,2,1,2,2,2,1,2,1,3,2,2,1,2,2,1,2,2,1,1,1,5,3,8,6,0.3637848198413849,0.4582531154155731
43250,5,5,27576,3,5,0,3,3.0,1.0,2.0,1.0,1.0,,,,,,,,,,,,,,,,,,,,,,,1,1,4,1,1.0,2,3,2,2,3,2,4,7,,,,,,,,1,1,4,2,2,2,2,2,3,1,2,3,1,2,4,3,3,3,2,1,1,1,1,3,1,5,1,0.8547120690345764,0.5833334922790527
43251,1,17,892,1,4,0,3,3.0,1.0,1.0,1.0,1.0,,,,,,,,,,,,,,,,,,,,,,,2,1,1,1,1.0,1,3,4,1,2,1,3,4,2.0,3.0,8.0,,,,,1,2,3,2,2,2,3,3,2,2,2,4,2,2,3,3,3,3,3,1,2,2,1,3,1,2,1,0.32957592606544495,0.2373657077550888
43252,5,11,2710,1,1,0,3,3.0,1.0,1.0,1.0,1.0,,,,,,,,,,,,,,,,,,,,,,,1,1,3,3,3.0,2,3,2,2,1,2,3,3,4.0,2.0,,,,,,2,2,3,1,1,2,2,3,2,2,3,4,2,2,2,2,2,2,3,1,1,1,1,3,3,2,1,0.3526615500450134,0.3763154149055481
43253,2,5,27576,3,5,0,1,1.0,,,,,2.0,1.0,2.0,2.0,2.0,2.0,1.0,2.0,2.0,2.0,,,,1.0,4.0,,,,,,,,3,3,3,9,,2,3,3,2,1,2,3,1,4.0,5.0,,,,,,2,2,2,2,1,2,2,2,3,2,3,3,2,2,2,2,2,2,3,1,2,2,1,2,1,2,2,0.5341512560844421,0.7763860821723938
43256,5,16,13441,2,8,0,3,3.0,1.0,1.0,1.0,1.0,,,,,,,,,,,,,,,,,,,,,,,1,2,2,3,3.0,1,4,3,2,2,2,4,1,3.0,,,,,,,2,2,4,2,2,2,2,3,3,2,2,4,1,2,4,2,1,3,2,1,1,1,1,3,3,4,2,0.4137810170650482,0.3195469081401825
43257,2,16,57302,3,8,0,1,1.0,,,,,1.0,1.0,2.0,2.0,1.0,1.0,1.0,2.0,1.0,2.0,,,,1.0,2.0,3.0,4.0,6.0,8.0,,,,3,3,4,9,,2,2,2,3,2,4,2,1,,,,,,,,2,4,4,9,2,2,2,1,3,2,3,4,1,2,3,3,3,3,3,1,1,1,1,2,1,5,3,0.8692047595977783,1.4397292137145996
43258,5,3,1128,1,3,0,3,3.0,1.0,1.0,1.0,1.0,,,,,,,,,,,,,,,,,,,,,,,1,1,1,3,3.0,1,4,4,1,2,1,2,1,5.0,,,,,,,1,1,3,2,1,1,1,3,3,2,1,4,1,2,3,2,2,3,1,1,1,1,1,3,1,4,1,0.3526615500450134,0.3763154149055481
43259,4,16,57302,3,8,0,3,3.0,1.0,1.0,1.0,2.0,,,,,,,,,,,,,,,,,,,,,,,3,3,4,9,,2,3,2,2,2,2,2,1,,,,,,,,2,3,4,2,1,2,2,2,3,2,2,4,1,2,2,2,2,2,2,1,1,1,1,3,3,3,1,0.8376485109329224,0.539604127407074
43262,1,2,30915,3,2,0,3,3.0,1.0,1.0,1.0,1.0,,,,,,,,,,,,,,,,,,,,,,,1,1,1,9,,2,2,2,1,1,1,2,7,4.0,2.0,1.0,5.0,,,,2,2,4,2,1,1,1,2,1,2,1,4,2,2,3,2,3,2,4,1,2,2,1,2,4,7,3,0.7987616658210754,0.3679428696632385
43263,2,16,69265,3,8,0,1,1.0,,,,,1.0,2.0,1.0,2.0,2.0,1.0,1.0,2.0,2.0,2.0,,,,3.0,4.0,6.0,7.0,,,,,,3,3,4,9,,2,3,3,2,2,2,2,9,,,,,,,,1,3,3,2,1,1,2,1,3,2,4,4,2,2,2,2,2,3,1,1,1,1,1,3,1,5,3,0.8692047595977783,1.4397292137145996
43264,1,17,4766,1,4,0,3,3.0,1.0,1.0,1.0,1.0,,,,,,,,,,,,,,,,,,,,,,,1,1,4,9,,2,3,2,3,1,3,2,4,7.0,3.0,5.0,,,,,2,3,4,2,2,2,2,2,3,2,4,4,1,2,1,2,2,2,1,1,1,1,1,4,4,8,2,0.6307944655418396,0.5007292628288269
43265,5,1,552,1,1,0,2,2.0,,,,,1.0,1.0,2.0,2.0,1.0,2.0,2.0,2.0,1.0,2.0,,,,1.0,2.0,3.0,8.0,,,,,,1,1,2,3,3.0,2,1,2,1,1,2,4,5,6.0,3.0,,,,,,2,1,4,1,2,2,2,3,2,2,2,2,2,2,1,1,1,2,2,2,1,1,1,4,3,7,5,0.3637848198413849,0.4582531154155731
43266,4,16,7318,2,8,0,3,3.0,1.0,2.0,1.0,2.0,,,,,,,,,,,,,,,,,,,,,,,1,1,3,9,,2,2,2,3,3,2,2,4,5.0,2.0,1.0,3.0,,,,1,2,4,2,1,1,2,2,2,1,3,4,1,2,2,2,2,3,1,1,2,2,1,3,1,8,3,0.4722529351711273,0.2720399796962738
43267,1,2,1383,1,2,0,1,1.0,,,,,1.0,1.0,1.0,2.0,1.0,2.0,1.0,2.0,2.0,2.0,,,,1.0,2.0,3.0,4.0,7.0,,,,,2,1,3,2,2.0,2,2,2,2,3,2,2,5,2.0,3.0,4.0,,,,,2,3,1,1,3,3,3,1,3,2,2,2,2,2,1,3,3,1,4,1,2,2,1,2,1,6,2,0.32957592606544495,0.2995974123477936
43276,4,16,9306,2,8,0,2,2.0,,,,,1.0,1.0,2.0,1.0,1.0,2.0,1.0,2.0,1.0,2.0,,,,1.0,2.0,3.0,4.0,5.0,8.0,,,,2,2,3,1,1.0,3,2,2,3,3,3,3,1,5.0,4.0,,,,,,2,3,3,1,2,2,2,2,3,2,2,4,1,2,1,2,2,3,2,1,9,1,1,3,1,8,5,0.4055202603340149,0.6683597564697266
43277,5,15,1783,1,7,0,3,3.0,1.0,1.0,1.0,1.0,,,,,,,,,,,,,,,,,,,,,,,1,2,9,9,,2,2,2,3,4,3,3,7,,,,,,,,1,2,4,2,2,2,1,2,3,2,3,4,1,1,2,3,2,2,1,1,2,2,1,3,3,98,2,0.44527024030685425,0.45991402864456177
43278,4,16,15109,2,8,0,3,3.0,1.0,2.0,2.0,2.0,,,,,,,,,,,,,,,,,,,,,,,2,2,3,2,2.0,2,2,2,2,3,3,3,5,7.0,,,,,,,2,2,2,1,3,2,2,2,3,1,2,3,1,2,2,2,2,2,1,1,1,1,1,2,1,4,3,0.4055202603340149,0.29559326171875
43281,2,16,1477,1,8,0,3,3.0,1.0,1.0,1.0,1.0,,,,,,,,,,,,,,,,,,,,,,,3,3,3,3,3.0,2,3,4,2,4,2,2,2,,,,,,,,2,4,2,2,4,2,3,1,3,2,3,3,1,2,3,1,2,1,2,2,2,2,1,2,1,4,3,0.22734686732292175,0.16550791263580322
43282,2,15,3661,1,7,0,3,3.0,1.0,1.0,1.0,1.0,,,,,,,,,,,,,,,,,,,,,,,2,3,3,9,,2,2,2,2,2,3,2,5,4.0,,,,,,,2,3,3,2,1,1,1,1,3,2,3,2,1,2,1,1,1,3,1,1,2,2,1,4,5,5,3,0.22039549052715302,0.17154793441295624
43288,5,1,14178,2,1,0,3,3.0,1.0,1.0,1.0,1.0,,,,,,,,,,,,,,,,,,,,,,,1,2,9,9,,1,3,1,2,1,2,2,1,,,,,,,,2,2,2,9,2,3,3,2,3,2,2,4,1,2,3,1,3,3,3,1,1,1,1,3,3,2,2,0.4137810170650482,0.3195469081401825
43290,5,17,13827,2,4,0,3,3.0,1.0,1.0,1.0,1.0,,,,,,,,,,,,,,,,,,,,,,,1,2,3,3,3.0,2,3,3,2,2,2,3,8,1.0,5.0,,,,,,1,2,4,1,2,2,2,2,2,2,2,4,1,2,2,3,3,3,2,1,2,2,1,3,1,2,1,0.5224395394325256,0.3905333876609802
43294,1,2,3029,1,2,0,1,1.0,,,,,1.0,1.0,2.0,1.0,1.0,2.0,2.0,2.0,2.0,2.0,,,,1.0,2.0,3.0,5.0,,,,,,2,3,2,9,,2,3,3,2,2,2,2,1,,,,,,,,2,3,1,9,3,3,3,1,3,2,2,4,2,2,3,2,3,3,4,1,2,2,1,2,5,98,3,0.32957592606544495,0.2995974123477936
43295,1,16,13441,2,8,0,3,3.0,1.0,2.0,2.0,2.0,,,,,,,,,,,,,,,,,,,,,,,2,1,3,1,1.0,3,2,3,2,1,2,1,2,4.0,5.0,,,,,,1,3,2,2,2,4,2,2,2,1,4,3,1,2,1,1,4,2,3,1,2,2,1,2,4,1,1,0.3866943120956421,0.2015577256679535
43297,5,3,1228,1,3,0,3,3.0,2.0,,,3.0,,,,,,,,,,,,,,,,,,,,,,,2,1,1,3,3.0,1,2,1,2,1,1,3,3,5.0,8.0,,,,,,2,3,4,2,1,1,1,3,3,2,1,2,2,2,2,1,1,2,2,2,1,1,1,4,3,7,5,0.3637848198413849,0.3630656898021698
43298,1,16,2361,1,8,0,3,3.0,1.0,1.0,1.0,1.0,,,,,,,,,,,,,,,,,,,,,,,2,1,4,9,,2,2,2,2,1,1,1,5,4.0,,,,,,,2,4,4,1,2,3,3,1,3,2,4,4,2,2,3,2,3,3,3,2,2,2,1,2,1,3,1,0.3399709165096283,0.2290077954530716
43302,1,16,10036,2,8,0,3,3.0,1.0,1.0,1.0,2.0,,,,,,,,,,,,,,,,,,,,,,,1,1,3,9,,2,3,3,2,2,2,2,8,,,,,,,,1,4,4,2,3,2,3,2,3,2,3,4,2,2,3,3,3,3,3,1,2,2,1,3,1,99,1,0.3866943120956421,0.2015577256679535
43305,5,3,6293,2,3,0,3,3.0,1.0,1.0,1.0,1.0,,,,,,,,,,,,,,,,,,,,,,,1,1,4,9,,1,4,3,2,2,1,2,1,5.0,4.0,,,,,,2,2,4,2,1,1,1,3,3,1,2,4,1,2,3,3,2,4,2,1,2,2,1,2,3,4,2,0.5224395394325256,0.3905333876609802
43306,5,4,1545,1,4,0,3,3.0,1.0,1.0,1.0,1.0,,,,,,,,,,,,,,,,,,,,,,,1,1,9,3,3.0,1,3,3,2,3,2,3,2,1.0,,,,,,,1,2,4,2,1,2,1,3,3,2,2,4,1,2,2,2,2,3,2,1,2,2,1,4,1,5,2,0.44527024030685425,0.45991402864456177
43307,5,16,13441,2,8,0,3,3.0,1.0,2.0,2.0,1.0,,,,,,,,,,,,,,,,,,,,,,,1,2,2,3,3.0,2,3,4,2,1,3,3,5,1.0,8.0,6.0,,,,,1,2,4,2,1,1,2,2,3,2,2,4,1,2,3,2,2,3,1,1,1,1,1,2,3,3,2,0.4137810170650482,0.3195469081401825
43309,4,16,13441,2,8,0,3,3.0,1.0,1.0,1.0,1.0,,,,,,,,,,,,,,,,,,,,,,,1,2,3,9,,2,3,3,2,2,2,3,4,8.0,,,,,,,1,1,4,2,1,1,3,3,2,1,2,4,1,2,2,2,2,2,3,1,1,1,1,3,3,6,2,0.4055202603340149,0.29559326171875
43310,5,16,13441,2,8,0,3,3.0,1.0,1.0,2.0,1.0,,,,,,,,,,,,,,,,,,,,,,,1,1,4,9,,2,2,2,3,3,2,2,1,,,,,,,,1,2,4,2,2,2,3,3,3,2,3,4,1,2,2,2,2,3,2,1,2,2,1,2,3,4,2,0.5224395394325256,0.3905333876609802
43311,2,14,3495,1,7,0,2,2.0,,,,,2.0,2.0,2.0,2.0,2.0,2.0,1.0,1.0,2.0,2.0,,,,4.0,9.0,,,,,,,,1,1,3,1,1.0,4,2,3,2,2,2,3,5,2.0,,,,,,,1,2,3,2,2,3,2,4,3,2,2,3,1,2,2,3,3,2,2,1,1,1,1,2,1,5,3,0.35864144563674927,0.4015221893787384
43313,5,3,16723,2,3,0,3,3.0,1.0,1.0,1.0,1.0,,,,,,,,,,,,,,,,,,,,,,,1,1,2,3,3.0,1,3,3,1,2,2,3,1,2.0,8.0,,,,,,1,2,4,2,2,2,2,3,3,2,1,4,1,2,3,1,1,2,2,1,1,1,1,4,3,5,2,0.4137810170650482,0.3195469081401825
43314,5,1,552,1,1,0,2,2.0,,,,,2.0,1.0,1.0,2.0,1.0,2.0,1.0,2.0,2.0,2.0,,,,1.0,2.0,4.0,7.0,,,,,,2,1,2,3,3.0,1,2,2,1,2,2,4,3,4.0,2.0,,,,,,2,2,3,2,1,2,2,4,3,2,1,3,2,2,1,2,2,2,1,2,1,1,1,5,1,8,5,0.3637848198413849,0.4582531154155731
43315,5,4,10905,2,4,0,3,3.0,1.0,1.0,1.0,1.0,,,,,,,,,,,,,,,,,,,,,,,1,2,2,3,3.0,1,3,3,2,1,2,3,1,8.0,,,,,,,2,2,4,2,1,1,1,4,3,2,2,4,1,2,3,3,3,3,3,1,1,1,1,2,1,2,1,0.4137810170650482,0.3195469081401825
43316,5,16,964,1,8,0,2,2.0,,,,,2.0,1.0,1.0,2.0,1.0,1.0,2.0,2.0,2.0,2.0,,,,1.0,2.0,6.0,7.0,,,,,,3,3,3,2,2.0,3,1,2,3,2,2,2,2,,,,,,,,2,3,3,1,2,2,2,2,3,2,3,4,1,2,2,2,2,2,2,1,1,1,1,2,3,1,1,0.3526615500450134,0.4749772846698761
43317,5,16,17403,2,8,0,1,1.0,,,,,1.0,1.0,1.0,1.0,1.0,1.0,1.0,1.0,1.0,2.0,,,,1.0,2.0,3.0,4.0,5.0,6.0,7.0,8.0,9.0,2,3,4,9,,2,2,2,2,2,2,2,1,,,,,,,,1,4,4,1,3,3,3,1,3,2,3,4,1,2,3,2,2,1,2,1,2,2,1,5,1,4,1,0.5224395394325256,0.8830307126045227
43318,5,6,5048,2,6,0,2,2.0,,,,,1.0,2.0,2.0,1.0,1.0,2.0,2.0,2.0,2.0,2.0,,,,2.0,3.0,5.0,,,,,,,2,1,2,9,,1,2,3,2,3,2,3,2,3.0,1.0,,,,,,2,3,3,1,4,3,2,2,3,2,1,4,1,2,3,3,2,2,3,2,1,1,1,2,3,1,1,0.4268319010734558,0.6970821619033813
43320,5,1,552,1,1,0,2,2.0,,,,,1.0,2.0,2.0,2.0,2.0,2.0,1.0,1.0,1.0,2.0,,,,3.0,4.0,8.0,9.0,,,,,,2,2,2,2,2.0,1,1,2,2,2,1,4,6,8.0,4.0,,,,,,2,1,3,2,2,2,2,4,3,2,1,2,2,2,2,2,2,1,1,2,1,1,1,4,3,7,5,0.3637848198413849,0.4582531154155731
43322,1,9,1444,1,2,0,1,1.0,,,,,2.0,2.0,2.0,2.0,2.0,2.0,2.0,1.0,2.0,2.0,,,,9.0,,,,,,,,,3,3,3,9,,3,2,4,2,3,3,3,4,,,,,,,,2,4,4,1,3,3,3,3,3,2,3,4,2,2,3,3,3,2,3,1,2,2,1,2,1,2,1,0.32957592606544495,0.2995974123477936
43327,4,14,6629,2,7,0,2,2.0,,,,,1.0,1.0,2.0,1.0,1.0,1.0,1.0,2.0,2.0,2.0,,,,1.0,2.0,3.0,4.0,5.0,6.0,,,,3,3,3,1,1.0,2,2,2,3,3,2,2,2,1.0,,,,,,,2,3,2,2,3,3,2,1,3,2,3,2,1,2,3,2,2,2,2,1,2,2,1,3,1,6,2,0.4722529351711273,0.6151058077812195
43330,5,1,380,1,1,0,2,2.0,,,,,2.0,2.0,2.0,2.0,1.0,1.0,1.0,2.0,2.0,2.0,,,,2.0,4.0,6.0,,,,,,,2,2,1,2,2.0,1,1,2,2,1,2,2,2,3.0,6.0,,,,,,2,2,3,2,1,1,2,3,3,2,2,3,2,2,1,1,1,2,1,2,1,1,1,3,3,7,5,0.3637848198413849,0.4582531154155731
43331,4,11,3038,1,1,0,3,3.0,1.0,1.0,1.0,1.0,,,,,,,,,,,,,,,,,,,,,,,1,1,4,9,,3,2,1,2,3,3,2,7,3.0,1.0,8.0,,,,,1,3,4,2,2,2,2,3,3,1,3,4,2,2,3,2,2,3,1,1,2,2,1,3,1,2,1,0.40249672532081604,0.32036837935447693
43338,5,16,10036,2,8,0,1,1.0,,,,,2.0,1.0,2.0,2.0,2.0,2.0,2.0,2.0,2.0,2.0,,,,1.0,,,,,,,,,3,3,4,9,,2,2,2,2,2,2,2,1,,,,,,,,1,2,2,9,2,3,2,1,3,2,3,1,2,2,2,1,2,2,3,1,2,2,1,3,1,2,2,0.5224395394325256,0.8830307126045227
43340,5,15,10510,2,7,0,2,2.0,,,,,2.0,2.0,2.0,2.0,2.0,2.0,2.0,1.0,2.0,1.0,97.0,,J’AI FAIT DES DÉMARCHES POUR ÊTRE EN MESURE DE VOTER A DISTANCE ÉTANT DONNE MON ABSENCE. CELLES,9.0,10.0,,,,,,,,1,2,2,1,1.0,4,2,1,4,3,3,3,5,7.0,8.0,3.0,,,,,1,2,3,2,2,2,2,3,2,1,2,2,1,2,2,3,1,3,3,1,2,2,1,4,3,8,2,0.5224395394325256,0.8830307126045227
43341,5,7,1363,1,5,0,3,3.0,1.0,1.0,1.0,1.0,,,,,,,,,,,,,,,,,,,,,,,1,2,4,3,3.0,2,1,3,2,3,2,3,1,,,,,,,,1,2,3,1,1,2,1,2,1,2,1,4,1,1,1,2,1,4,2,1,1,1,1,3,1,5,2,0.3526615500450134,0.3763154149055481
43345,4,3,6293,2,3,0,3,3.0,1.0,1.0,2.0,1.0,,,,,,,,,,,,,,,,,,,,,,,1,2,4,3,3.0,2,2,2,3,4,4,3,1,3.0,4.0,,,,,,1,2,3,2,1,2,1,2,3,1,3,4,1,1,4,3,2,3,1,1,1,1,1,2,5,4,5,0.4055202603340149,0.29559326171875
43346,5,2,10259,2,2,0,3,3.0,1.0,1.0,1.0,1.0,,,,,,,,,,,,,,,,,,,,,,,1,1,3,9,,1,4,4,2,1,2,2,4,1.0,3.0,,,,,,2,2,4,2,1,2,2,2,3,2,3,4,1,2,3,2,2,2,3,1,1,1,1,3,1,4,1,0.4137810170650482,0.3195469081401825
43347,5,7,348,1,5,0,3,3.0,1.0,1.0,1.0,1.0,,,,,,,,,,,,,,,,,,,,,,,1,1,9,3,3.0,2,3,3,2,2,2,2,9,,,,,,,,1,2,4,1,2,2,2,1,2,2,2,2,1,2,2,2,2,2,2,1,1,1,1,2,1,3,2,0.3526615500450134,0.3763154149055481
43349,4,16,17371,2,8,0,3,3.0,1.0,1.0,1.0,1.0,,,,,,,,,,,,,,,,,,,,,,,2,1,4,9,,2,2,3,2,2,2,3,1,,,,,,,,1,3,4,2,1,2,2,2,1,2,2,4,1,2,2,2,2,1,2,1,1,1,1,4,1,8,3,0.4055202603340149,0.29559326171875
43351,5,3,1088,1,3,0,3,3.0,1.0,1.0,1.0,1.0,,,,,,,,,,,,,,,,,,,,,,,2,1,1,3,3.0,1,2,1,1,2,2,4,3,6.0,2.0,,,,,,2,1,3,2,2,2,1,3,3,2,1,3,2,2,1,1,2,2,2,2,1,1,1,4,3,7,4,0.3637848198413849,0.3630656898021698
43352,5,15,10510,2,7,0,1,1.0,,,,,1.0,1.0,2.0,1.0,1.0,1.0,2.0,2.0,2.0,2.0,,,,1.0,2.0,3.0,5.0,6.0,,,,,3,3,4,9,,4,1,1,2,4,4,4,3,,,,,,,,2,3,2,2,2,3,3,1,3,2,4,2,1,2,4,1,1,1,1,1,2,2,1,4,3,3,2,0.5224395394325256,0.8830307126045227
43358,2,16,19183,2,8,0,3,3.0,1.0,1.0,1.0,1.0,,,,,,,,,,,,,,,,,,,,,,,1,2,2,3,3.0,1,4,3,2,1,2,4,5,3.0,2.0,,,,,,1,1,4,2,1,1,1,3,3,2,2,2,1,2,2,2,1,3,1,1,2,2,1,4,1,8,2,0.2585919201374054,0.14566975831985474
43359,2,14,11748,2,7,0,3,3.0,1.0,1.0,1.0,1.0,,,,,,,,,,,,,,,,,,,,,,,1,3,3,9,,2,2,3,2,2,1,3,4,,,,,,,,2,4,4,2,2,2,1,1,3,2,2,3,1,2,3,2,2,2,2,1,2,2,1,2,5,3,3,0.2585919201374054,0.14566975831985474
43361,5,15,10367,2,7,0,1,1.0,,,,,1.0,1.0,1.0,1.0,2.0,2.0,1.0,2.0,2.0,2.0,,,,1.0,3.0,4.0,5.0,7.0,,,,,3,3,4,3,3.0,2,3,3,2,2,2,2,9,,,,,,,,2,4,2,1,2,4,2,1,3,2,4,3,1,2,4,2,2,2,3,1,1,1,1,2,3,3,2,0.4137810170650482,0.7225214242935181
43363,5,3,11001,2,3,0,2,2.0,,,,,2.0,2.0,1.0,1.0,1.0,1.0,1.0,2.0,1.0,2.0,,,,2.0,4.0,5.0,6.0,7.0,8.0,,,,3,3,4,1,1.0,4,1,4,3,4,4,2,9,,,,,,,,2,3,3,1,3,2,2,3,3,1,4,4,1,2,4,3,4,1,4,1,1,1,1,2,1,3,1,0.4137810170650482,0.7225214242935181
43367,4,14,2348,1,7,1,1,,,,,,1.0,2.0,2.0,1.0,1.0,1.0,2.0,2.0,2.0,2.0,,,,2.0,3.0,5.0,6.0,,,,,,3,3,4,9,,2,2,2,2,2,2,1,9,,,,,,,,2,4,1,1,4,4,4,1,3,2,4,1,2,2,1,1,1,1,1,1,2,2,1,3,1,4,1,0.40249672532081604,0.40436068177223206
43369,5,15,10510,2,7,0,3,3.0,1.0,1.0,1.0,1.0,,,,,,,,,,,,,,,,,,,,,,,1,2,3,9,,2,2,2,2,3,2,1,2,5.0,1.0,,,,,,2,3,4,1,2,2,3,2,3,2,3,3,2,2,1,1,1,1,1,1,2,2,1,2,1,3,1,0.5224395394325256,0.3905333876609802
43370,2,11,2653,1,1,0,2,2.0,,,,,2.0,1.0,2.0,2.0,2.0,2.0,2.0,2.0,2.0,2.0,,,,1.0,,,,,,,,,3,3,4,9,,2,2,3,2,2,3,3,9,,,,,,,,2,3,4,2,2,2,2,2,3,2,3,1,2,2,2,2,2,2,2,1,2,2,1,4,4,1,1,0.22039549052715302,0.21652396023273468
43373,6,15,13893,2,7,0,3,3.0,1.0,1.0,1.0,1.0,,,,,,,,,,,,,,,,,,,,,,,1,1,2,9,,2,3,3,2,2,2,3,1,7.0,8.0,,,,,,1,2,4,2,1,2,2,3,3,2,2,2,1,2,3,2,2,3,2,1,2,2,1,3,3,98,2,0.5945723652839661,0.4939829409122467
43374,6,15,13893,2,7,0,3,3.0,1.0,1.0,1.0,1.0,,,,,,,,,,,,,,,,,,,,,,,1,2,2,9,,2,3,3,2,2,2,2,5,3.0,8.0,,,,,,1,2,4,1,2,2,2,3,3,2,2,2,1,2,2,2,2,3,2,1,1,1,1,2,3,98,2,0.42717334628105164,0.3541830778121948
43375,2,1,6119,2,1,0,1,1.0,,,,,1.0,1.0,2.0,2.0,2.0,2.0,1.0,2.0,2.0,2.0,,,,1.0,3.0,4.0,,,,,,,2,2,3,3,3.0,2,3,2,4,2,2,2,3,2.0,,,,,,,2,3,1,1,2,2,2,2,3,2,2,3,2,2,3,2,3,2,3,1,2,2,1,3,1,4,3,0.2585919201374054,0.3293706476688385
43378,6,12,276,1,3,0,3,3.0,1.0,1.0,1.0,2.0,,,,,,,,,,,,,,,,,,,,,,,1,2,2,3,3.0,2,3,3,2,2,2,2,1,4.0,8.0,2.0,,,,,2,1,4,2,1,1,2,3,1,2,2,4,1,1,2,2,2,3,3,1,2,2,1,2,3,2,1,0.5067484378814697,0.5817421674728394
43379,1,12,4035,1,3,0,1,1.0,,,,,2.0,2.0,2.0,2.0,2.0,2.0,1.0,2.0,2.0,2.0,,,,4.0,,,,,,,,,1,3,4,9,,2,2,3,2,2,3,2,1,,,,,,,,1,4,4,2,2,3,3,2,3,2,3,2,2,2,3,3,2,3,3,1,2,2,1,2,1,6,2,0.32957592606544495,0.2995974123477936
43380,4,4,613,1,4,0,3,3.0,1.0,1.0,1.0,2.0,,,,,,,,,,,,,,,,,,,,,,,1,1,9,9,,2,3,2,2,2,4,2,8,,,,,,,,1,4,4,2,2,3,2,1,3,2,3,4,1,2,1,3,2,2,4,1,2,2,1,2,5,98,3,0.40249672532081604,0.32036837935447693
43381,5,4,7158,2,4,1,1,,,,,,1.0,1.0,2.0,1.0,1.0,1.0,2.0,2.0,2.0,2.0,,,,1.0,2.0,3.0,5.0,6.0,,,,,2,3,4,9,,2,3,2,2,3,3,3,9,,,,,,,,1,4,3,1,3,4,3,1,3,2,3,4,1,2,3,3,1,2,2,1,2,2,1,4,6,3,1,0.5224395394325256,0.8830307126045227
43382,6,15,10510,2,7,0,3,3.0,1.0,1.0,2.0,1.0,,,,,,,,,,,,,,,,,,,,,,,1,2,1,9,,3,1,1,4,1,2,4,8,1.0,7.0,5.0,,,,,1,1,4,2,2,2,2,4,2,1,2,4,1,2,3,2,1,1,1,1,2,2,1,5,1,4,1,0.5945723652839661,0.4939829409122467
43383,2,12,4035,1,3,0,3,3.0,1.0,1.0,1.0,3.0,,,,,,,,,,,,,,,,,,,,,,,2,1,3,9,,2,3,3,2,2,3,3,4,5.0,,,,,,,1,2,4,2,2,2,3,2,3,1,2,2,1,2,2,2,2,3,3,1,2,2,1,3,1,6,3,0.22039549052715302,0.17154793441295624
43384,6,14,14683,2,7,0,3,3.0,1.0,1.0,1.0,1.0,,,,,,,,,,,,,,,,,,,,,,,1,2,2,3,3.0,2,3,3,2,2,2,3,7,,,,,,,,1,3,4,2,1,1,3,2,1,1,3,4,1,2,2,2,2,2,3,1,2,2,1,3,3,3,2,0.5945723652839661,0.4939829409122467
43385,2,11,2653,1,1,0,1,1.0,,,,,1.0,1.0,2.0,2.0,1.0,2.0,2.0,2.0,2.0,2.0,,,,1.0,2.0,3.0,,,,,,,2,3,4,9,,2,2,4,2,2,2,2,4,1.0,,,,,,,2,4,3,2,3,3,2,1,3,2,2,4,1,2,4,2,3,4,3,1,2,2,1,3,1,5,3,0.22039549052715302,0.21652396023273468
43387,6,4,7158,2,4,1,3,,1.0,1.0,1.0,1.0,,,,,,,,,,,,,,,,,,,,,,,1,1,9,3,3.0,1,3,3,1,1,2,2,2,,,,,,,,1,2,4,2,1,1,1,2,1,2,2,4,1,2,2,2,2,3,2,1,1,1,1,3,3,3,2,0.42717334628105164,0.3541830778121948
43390,4,11,12320,2,1,0,3,3.0,1.0,1.0,1.0,1.0,,,,,,,,,,,,,,,,,,,,,,,2,2,2,3,3.0,1,3,3,2,2,2,3,2,3.0,4.0,,,,,,2,1,4,2,1,1,1,4,3,2,2,4,1,2,3,2,2,3,2,1,2,2,1,3,1,8,2,0.4722529351711273,0.2720399796962738
43391,5,15,17726,2,7,0,3,3.0,1.0,1.0,1.0,1.0,,,,,,,,,,,,,,,,,,,,,,,1,3,3,3,3.0,2,3,4,2,1,1,4,4,,,,,,,,1,2,3,1,1,3,2,2,3,1,2,4,1,2,4,3,1,1,1,1,1,1,1,3,1,3,2,0.4137810170650482,0.3195469081401825
43394,5,15,13653,2,7,0,3,3.0,1.0,1.0,1.0,1.0,,,,,,,,,,,,,,,,,,,,,,,1,3,4,9,,1,3,3,2,2,2,3,3,1.0,,,,,,,1,2,4,2,2,2,2,2,3,2,2,4,1,2,2,2,1,3,2,1,1,1,1,2,3,98,2,0.4137810170650482,0.3195469081401825
43395,6,15,13893,2,7,0,3,3.0,1.0,1.0,1.0,1.0,,,,,,,,,,,,,,,,,,,,,,,1,3,4,9,,2,3,3,2,2,2,3,3,1.0,,,,,,,1,3,4,2,2,2,3,2,3,1,2,3,1,2,2,2,3,3,2,1,1,1,1,4,3,7,2,0.42717334628105164,0.3541830778121948
43396,2,3,7217,2,3,0,3,3.0,1.0,1.0,1.0,1.0,,,,,,,,,,,,,,,,,,,,,,,1,2,2,3,3.0,1,3,4,1,1,1,3,7,8.0,6.0,1.0,3.0,,,,1,2,4,2,2,2,1,4,2,1,1,4,2,2,3,2,2,2,1,1,2,2,1,4,1,2,1,0.2585919201374054,0.14566975831985474
43397,6,15,2964,1,7,0,3,3.0,1.0,1.0,1.0,1.0,,,,,,,,,,,,,,,,,,,,,,,1,2,9,3,3.0,1,4,1,1,2,1,3,1,4.0,3.0,,,,,,2,1,4,2,1,1,1,3,1,1,2,4,1,2,1,1,2,2,2,1,1,1,1,3,3,3,2,0.3640757203102112,0.41710540652275085
43399,6,4,7158,2,4,1,3,,1.0,1.0,1.0,1.0,,,,,,,,,,,,,,,,,,,,,,,1,2,3,3,3.0,1,2,3,1,3,2,2,1,2.0,4.0,3.0,,,,,2,4,4,2,1,1,1,1,3,2,2,4,2,2,3,2,3,3,3,1,2,2,1,2,3,2,1,0.5945723652839661,0.4939829409122467
43400,5,15,13893,2,7,0,3,3.0,1.0,1.0,1.0,1.0,,,,,,,,,,,,,,,,,,,,,,,1,1,2,9,,2,3,3,2,2,2,3,2,5.0,1.0,7.0,,,,,1,2,3,2,1,2,1,3,2,1,2,2,1,2,3,3,2,3,1,1,2,2,1,3,3,7,2,0.5224395394325256,0.3905333876609802
43401,5,14,2101,1,7,1,2,,,,,,2.0,1.0,2.0,1.0,1.0,2.0,1.0,2.0,2.0,2.0,,,,1.0,2.0,4.0,5.0,,,,,,3,3,4,9,,2,2,3,2,1,2,2,9,,,,,,,,1,3,2,1,2,2,3,1,3,2,3,4,2,2,3,4,4,4,4,1,2,2,1,2,1,3,2,0.44527024030685425,0.5804934501647949
43403,5,16,15109,2,8,0,3,3.0,1.0,1.0,1.0,1.0,,,,,,,,,,,,,,,,,,,,,,,1,1,4,3,3.0,2,3,3,2,2,2,2,4,8.0,,,,,,,1,2,4,2,1,2,1,3,1,1,2,2,1,2,2,1,1,2,2,2,2,2,1,4,3,3,2,0.5389177203178406,0.37678301334381104
43404,6,15,2829,1,7,0,3,3.0,1.0,1.0,1.0,1.0,,,,,,,,,,,,,,,,,,,,,,,1,1,2,9,,1,3,3,2,2,2,3,4,1.0,,,,,,,1,2,4,2,1,1,1,2,3,1,2,4,1,2,3,3,3,2,3,1,1,1,1,3,3,2,1,0.3640757203102112,0.41710540652275085
43405,5,15,5441,2,7,0,3,3.0,1.0,1.0,1.0,1.0,,,,,,,,,,,,,,,,,,,,,,,1,1,4,3,3.0,2,2,2,2,2,2,2,4,,,,,,,,2,2,2,2,2,2,2,2,2,2,2,2,1,1,2,2,2,2,2,1,1,1,1,4,1,98,3,0.4137810170650482,0.3195469081401825
43406,4,15,13653,2,7,0,1,1.0,,,,,2.0,1.0,2.0,1.0,1.0,2.0,1.0,2.0,2.0,2.0,,,,1.0,2.0,4.0,5.0,,,,,,1,3,4,9,,2,3,3,2,2,3,3,8,3.0,1.0,,,,,,1,2,3,2,2,2,1,3,3,2,3,3,1,2,1,1,2,3,2,1,1,1,1,4,1,8,5,0.4055202603340149,0.6683597564697266
43407,6,16,8258,2,8,0,3,3.0,1.0,1.0,1.0,1.0,,,,,,,,,,,,,,,,,,,,,,,2,1,2,3,3.0,3,3,3,2,2,2,3,3,4.0,8.0,,,,,,2,1,4,2,1,2,2,3,1,1,1,4,1,1,3,3,3,3,3,1,1,1,1,4,3,4,1,0.42717334628105164,0.3541830778121948
43408,5,15,5988,2,7,0,3,3.0,1.0,1.0,1.0,1.0,,,,,,,,,,,,,,,,,,,,,,,1,2,2,3,3.0,2,3,2,2,2,3,3,8,2.0,7.0,5.0,,,,,1,2,4,2,2,2,1,3,3,1,2,4,1,2,3,2,1,2,2,1,1,1,1,2,1,3,5,0.4137810170650482,0.3195469081401825
43410,6,17,13827,2,4,0,3,3.0,1.0,1.0,1.0,1.0,,,,,,,,,,,,,,,,,,,,,,,1,2,1,3,3.0,1,3,3,2,2,2,1,1,4.0,8.0,7.0,3.0,5.0,,,1,1,4,2,2,2,2,3,1,1,2,4,1,1,3,3,3,3,3,1,1,1,1,5,3,6,2,0.42717334628105164,0.3541830778121948
43411,6,16,8104,2,8,0,3,3.0,1.0,1.0,1.0,1.0,,,,,,,,,,,,,,,,,,,,,,,1,1,3,9,,2,3,3,2,2,1,3,2,1.0,7.0,,,,,,2,3,4,2,1,2,2,3,3,2,3,3,1,2,3,2,2,3,2,1,1,1,1,3,3,3,2,0.42717334628105164,0.3541830778121948
43413,2,15,11112,2,7,0,3,3.0,1.0,2.0,1.0,2.0,,,,,,,,,,,,,,,,,,,,,,,1,2,3,9,,3,1,3,4,4,2,3,1,7.0,8.0,5.0,,,,,1,2,3,2,2,3,2,3,3,1,2,4,1,2,3,3,3,3,3,1,1,1,1,3,1,5,3,0.4207970201969147,0.2701301574707031
43414,6,14,2673,1,7,0,3,3.0,1.0,1.0,1.0,2.0,,,,,,,,,,,,,,,,,,,,,,,1,2,3,3,3.0,2,3,3,2,1,2,3,4,1.0,3.0,5.0,8.0,,,,1,2,4,2,1,1,3,3,3,1,2,4,1,2,2,2,1,2,2,1,1,1,1,2,3,98,2,0.3640757203102112,0.41710540652275085
43416,2,3,11001,2,3,0,1,1.0,,,,,2.0,1.0,1.0,1.0,1.0,2.0,2.0,2.0,2.0,2.0,,,,1.0,2.0,5.0,7.0,,,,,,3,3,4,9,,2,4,3,2,2,2,3,9,,,,,,,,2,3,3,2,1,2,1,1,3,2,2,1,2,2,2,2,2,3,4,1,2,2,1,3,1,6,2,0.2585919201374054,0.3293706476688385
43417,5,16,19183,2,8,0,3,3.0,1.0,1.0,1.0,1.0,,,,,,,,,,,,,,,,,,,,,,,1,2,2,3,3.0,1,3,3,2,2,2,3,3,8.0,,,,,,,1,2,4,2,1,1,1,2,1,1,1,4,1,2,3,3,2,3,1,1,2,2,1,3,3,5,2,0.5224395394325256,0.3905333876609802
43418,6,15,6447,2,7,0,1,1.0,,,,,2.0,1.0,1.0,2.0,1.0,1.0,1.0,2.0,1.0,2.0,,,,1.0,2.0,4.0,6.0,7.0,8.0,,,,3,3,4,3,3.0,2,4,3,2,1,1,2,7,2.0,,,,,,,2,2,3,9,2,4,3,2,3,1,3,2,2,2,3,3,1,2,2,1,2,2,2,3,3,3,1,0.5945723652839661,1.1169389486312866
43419,5,16,15109,2,8,0,3,3.0,1.0,1.0,2.0,1.0,,,,,,,,,,,,,,,,,,,,,,,3,2,3,9,,3,3,1,3,3,3,3,1,,,,,,,,2,3,2,1,3,2,2,2,3,1,3,4,1,2,4,4,2,2,4,1,2,2,1,2,3,99,1,0.5224395394325256,0.3905333876609802
43425,5,16,17371,2,8,0,3,3.0,1.0,1.0,1.0,1.0,,,,,,,,,,,,,,,,,,,,,,,1,1,2,1,1.0,2,4,4,1,3,1,2,7,5.0,1.0,,,,,,1,1,4,2,1,1,1,3,1,1,2,3,1,2,3,2,1,3,2,1,1,1,1,4,3,3,1,0.4137810170650482,0.3195469081401825
43428,6,16,19183,2,8,0,3,3.0,1.0,1.0,1.0,1.0,,,,,,,,,,,,,,,,,,,,,,,1,2,3,3,3.0,2,3,3,3,3,3,3,1,8.0,,,,,,,1,2,4,2,2,2,2,3,2,1,1,4,1,2,3,2,2,2,2,1,2,2,1,5,3,98,1,0.5945723652839661,0.4939829409122467
43429,5,16,8258,2,8,0,3,3.0,1.0,1.0,1.0,1.0,,,,,,,,,,,,,,,,,,,,,,,1,1,3,3,3.0,2,3,3,1,2,2,3,2,3.0,,,,,,,2,2,4,2,1,1,1,3,3,1,2,4,1,2,3,3,2,3,2,1,2,2,1,4,1,98,5,0.5224395394325256,0.3905333876609802
43432,6,5,1187,1,5,0,2,2.0,,,,,2.0,2.0,2.0,1.0,2.0,2.0,1.0,1.0,2.0,2.0,,,,4.0,5.0,9.0,,,,,,,2,3,3,9,,2,3,3,2,2,2,3,2,1.0,,,,,,,2,3,3,2,1,2,2,2,2,2,2,4,1,2,2,2,2,3,1,1,2,2,1,2,3,2,1,0.5067484378814697,0.7342579960823059
43434,5,16,17371,2,8,0,1,1.0,,,,,1.0,2.0,1.0,1.0,1.0,1.0,2.0,2.0,2.0,2.0,,,,2.0,3.0,5.0,6.0,7.0,,,,,2,3,4,9,,2,2,2,2,1,2,2,4,,,,,,,,1,4,1,1,3,3,3,2,3,2,3,4,1,2,3,2,2,2,3,1,1,1,1,2,1,7,2,0.4137810170650482,0.7225214242935181
43435,6,15,19597,2,7,0,3,3.0,1.0,2.0,2.0,2.0,,,,,,,,,,,,,,,,,,,,,,,1,2,3,2,2.0,2,3,3,3,2,2,3,1,4.0,5.0,,,,,,1,2,4,2,2,2,2,3,3,1,2,4,1,1,3,2,2,3,3,1,1,1,1,3,3,6,5,0.42717334628105164,0.3541830778121948
43436,1,16,2692,1,8,0,3,3.0,1.0,1.0,1.0,1.0,,,,,,,,,,,,,,,,,,,,,,,2,2,2,3,3.0,2,3,3,2,2,3,2,8,1.0,2.0,4.0,,,,,1,3,4,2,1,1,1,2,3,1,3,3,2,2,2,3,2,3,2,1,2,2,1,4,4,6,5,0.32957592606544495,0.2373657077550888
43439,5,14,11086,2,7,0,3,3.0,1.0,1.0,1.0,1.0,,,,,,,,,,,,,,,,,,,,,,,1,3,2,3,3.0,2,2,3,2,2,2,2,1,4.0,7.0,2.0,5.0,,,,1,2,4,2,2,2,1,2,3,1,3,4,2,2,3,2,2,3,1,1,1,1,1,2,3,2,2,0.4137810170650482,0.3195469081401825
43441,5,16,17403,2,8,0,3,3.0,1.0,1.0,1.0,1.0,,,,,,,,,,,,,,,,,,,,,,,1,2,3,3,3.0,1,2,3,2,2,2,3,2,1.0,4.0,,,,,,1,2,4,2,1,2,2,2,1,1,2,2,2,2,3,3,3,3,3,1,1,1,1,4,3,3,2,0.4137810170650482,0.3195469081401825
43442,5,14,2101,1,7,1,2,,,,,,2.0,2.0,2.0,2.0,2.0,2.0,2.0,1.0,2.0,2.0,,,,9.0,,,,,,,,,1,1,2,3,3.0,1,4,4,1,4,2,3,4,2.0,8.0,,,,,,2,1,4,1,2,1,1,4,2,2,1,4,1,2,2,2,2,4,4,1,2,2,1,3,1,6,1,0.44527024030685425,0.5804934501647949
43443,2,12,2546,1,3,0,3,3.0,1.0,2.0,2.0,2.0,,,,,,,,,,,,,,,,,,,,,,,3,2,3,9,,2,2,3,2,3,3,2,1,3.0,,,,,,,2,2,4,2,2,2,2,3,3,2,3,2,2,2,3,1,3,3,1,1,1,1,1,5,1,3,1,0.35864144563674927,0.3181191384792328
43447,6,16,15109,2,8,0,1,1.0,,,,,2.0,1.0,1.0,2.0,1.0,2.0,2.0,1.0,1.0,2.0,,,,1.0,2.0,7.0,8.0,9.0,,,,,1,3,4,9,,3,2,3,3,3,3,4,1,2.0,,,,,,,1,3,2,2,2,2,2,2,3,2,3,4,1,2,3,1,3,2,3,2,2,2,2,3,3,2,1,0.6133255362510681,1.0776097774505615
43448,5,16,3609,1,8,0,3,3.0,1.0,1.0,1.0,1.0,,,,,,,,,,,,,,,,,,,,,,,1,2,9,3,3.0,1,3,4,1,1,2,3,2,8.0,,,,,,,2,1,4,2,1,1,2,3,3,2,2,3,1,2,2,2,2,3,2,1,1,1,2,4,1,7,5,0.3526615500450134,0.3763154149055481
43449,2,11,2341,1,1,0,3,3.0,1.0,1.0,1.0,2.0,,,,,,,,,,,,,,,,,,,,,,,1,2,2,9,,2,2,3,2,3,2,2,5,1.0,2.0,4.0,,,,,2,2,3,1,2,2,3,2,3,2,3,4,2,2,3,2,2,3,1,1,2,2,1,2,1,2,3,0.22039549052715302,0.17154793441295624
43451,6,15,13893,2,7,0,3,3.0,1.0,1.0,1.0,1.0,,,,,,,,,,,,,,,,,,,,,,,1,1,3,9,,3,3,3,2,2,2,3,8,5.0,3.0,1.0,4.0,,,,1,1,4,2,1,1,2,3,1,1,1,3,1,1,2,1,1,3,1,1,1,1,1,4,3,7,2,0.42717334628105164,0.3541830778121948
43452,5,3,11001,2,3,0,3,3.0,1.0,1.0,1.0,1.0,,,,,,,,,,,,,,,,,,,,,,,3,3,4,9,,2,2,2,3,3,2,2,9,,,,,,,,2,3,3,1,2,3,2,1,3,2,2,2,1,2,2,2,2,2,3,1,1,1,1,3,2,3,2,0.4137810170650482,0.3195469081401825
43453,2,15,11045,2,7,0,3,3.0,1.0,1.0,1.0,1.0,,,,,,,,,,,,,,,,,,,,,,,3,3,9,9,,2,2,2,2,2,2,3,4,,,,,,,,2,3,4,1,2,2,2,2,3,2,3,4,2,2,2,2,2,2,2,1,2,2,1,2,1,2,4,0.2585919201374054,0.14566975831985474
43454,6,15,13893,2,7,0,3,3.0,1.0,1.0,1.0,1.0,,,,,,,,,,,,,,,,,,,,,,,1,2,2,3,3.0,3,2,2,3,3,3,3,1,5.0,2.0,,,,,,1,2,4,2,1,2,1,3,3,1,2,4,1,2,3,2,2,2,2,1,1,1,2,5,3,6,2,0.42717334628105164,0.3541830778121948
43455,6,16,15109,2,8,0,3,3.0,1.0,1.0,1.0,1.0,,,,,,,,,,,,,,,,,,,,,,,1,3,9,3,3.0,1,3,3,2,3,3,2,8,1.0,4.0,5.0,,,,,1,2,4,2,2,2,2,3,3,2,2,4,2,1,3,3,2,2,3,1,1,1,1,3,3,3,2,0.42717334628105164,0.3541830778121948
43456,5,12,11031,2,3,0,1,1.0,,,,,1.0,1.0,1.0,1.0,1.0,1.0,1.0,2.0,2.0,2.0,,,,1.0,2.0,3.0,4.0,5.0,6.0,7.0,,,3,3,4,9,,2,2,1,3,4,2,4,4,,,,,,,,2,4,2,1,2,4,4,2,3,2,3,4,1,2,3,3,2,2,3,1,2,2,1,3,1,4,2,0.5224395394325256,0.8830307126045227
43457,6,16,19183,2,8,0,1,1.0,,,,,1.0,2.0,2.0,1.0,1.0,1.0,2.0,2.0,2.0,2.0,,,,2.0,3.0,5.0,6.0,,,,,,3,3,4,9,,3,1,2,3,3,3,2,9,,,,,,,,1,4,3,1,4,4,3,1,3,2,2,4,1,2,3,2,2,2,2,1,1,1,1,4,3,4,2,0.42717334628105164,0.800839364528656
43459,5,17,4766,1,4,0,1,1.0,,,,,2.0,1.0,2.0,1.0,1.0,2.0,1.0,2.0,2.0,2.0,,,,1.0,2.0,4.0,5.0,,,,,,3,3,9,3,3.0,2,3,3,2,2,2,3,9,,,,,,,,2,3,2,1,2,2,2,3,3,2,3,4,2,2,2,2,2,2,1,1,1,1,1,2,3,1,1,0.3526615500450134,0.4749772846698761
43464,5,16,19183,2,8,0,1,1.0,,,,,2.0,1.0,2.0,2.0,2.0,2.0,1.0,2.0,2.0,2.0,,,,1.0,4.0,,,,,,,,2,3,4,9,,2,2,3,2,1,2,3,1,,,,,,,,2,2,3,2,2,3,2,2,3,2,3,1,1,2,3,2,2,1,1,1,2,2,1,4,3,4,1,0.5224395394325256,0.8830307126045227
43467,1,5,2156,1,5,0,3,3.0,1.0,1.0,1.0,1.0,,,,,,,,,,,,,,,,,,,,,,,1,1,2,9,,2,2,3,3,2,3,1,6,1.0,,,,,,,2,1,1,2,3,2,2,3,3,1,3,3,1,2,3,2,3,2,2,1,2,2,1,2,4,4,5,0.32957592606544495,0.2373657077550888
43469,2,16,17371,2,8,0,2,2.0,,,,,2.0,2.0,2.0,2.0,2.0,2.0,2.0,2.0,2.0,1.0,16.0,,"I FORGOT THE DATE OF THE ELECTION AND THOUGHT IT WAS THE MONDAY, NOT THE SUNDAY",10.0,,,,,,,,,3,2,3,9,,1,2,4,2,2,2,2,8,1.0,,,,,,,1,3,3,2,2,2,2,1,3,2,3,3,1,2,4,3,1,4,1,2,2,2,1,4,1,5,1,0.2667480409145355,0.3177734911441803
43470,5,16,1369,1,8,0,3,3.0,1.0,1.0,1.0,3.0,,,,,,,,,,,,,,,,,,,,,,,1,1,2,9,,1,3,3,2,2,2,3,8,2.0,,,,,,,1,2,3,1,1,2,2,3,3,1,2,4,1,2,2,2,2,3,3,1,2,2,1,4,3,6,2,0.44527024030685425,0.45991402864456177
43471,2,17,2386,1,4,0,2,2.0,,,,,2.0,2.0,2.0,2.0,2.0,2.0,1.0,1.0,2.0,2.0,,,,4.0,9.0,,,,,,,,3,3,3,3,3.0,2,2,3,2,2,2,2,8,2.0,,,,,,,1,4,2,1,2,2,2,1,3,2,3,2,1,2,3,1,2,2,2,1,2,2,1,2,1,3,3,0.22039549052715302,0.21652396023273468
43473,5,16,15109,2,8,0,1,1.0,,,,,2.0,1.0,2.0,2.0,1.0,2.0,2.0,2.0,2.0,2.0,,,,1.0,2.0,,,,,,,,1,3,3,9,,2,3,3,2,2,2,2,7,1.0,,,,,,,2,3,2,1,2,3,3,2,3,2,2,4,1,2,2,3,2,2,2,2,1,1,1,3,1,7,1,0.4268319010734558,0.6970821619033813
43475,5,16,19183,2,8,0,1,1.0,,,,,1.0,2.0,2.0,2.0,2.0,2.0,2.0,2.0,2.0,2.0,,,,3.0,,,,,,,,,3,3,4,3,3.0,2,2,3,2,1,2,2,1,,,,,,,,2,4,2,1,2,4,4,1,1,2,3,4,1,2,1,2,1,3,1,1,1,1,1,4,1,98,2,0.4137810170650482,0.7225214242935181
43476,6,4,7158,2,4,1,3,,1.0,1.0,1.0,1.0,,,,,,,,,,,,,,,,,,,,,,,2,1,9,9,,2,3,4,2,3,2,2,2,,,,,,,,1,3,4,1,1,4,4,1,3,2,2,4,1,2,1,2,1,3,1,1,1,1,1,2,3,3,2,0.42717334628105164,0.3541830778121948
43477,5,15,19597,2,7,0,3,3.0,1.0,1.0,1.0,1.0,,,,,,,,,,,,,,,,,,,,,,,1,1,2,9,,1,3,3,2,3,2,3,8,1.0,2.0,5.0,,,,,1,2,2,1,2,3,2,2,2,1,2,4,1,2,3,2,2,3,1,1,1,1,1,3,1,6,5,0.4137810170650482,0.3195469081401825
43480,6,15,19597,2,7,0,3,3.0,1.0,1.0,2.0,1.0,,,,,,,,,,,,,,,,,,,,,,,3,3,4,9,,2,3,3,3,2,2,2,1,,,,,,,,2,4,3,2,2,3,3,1,3,2,2,2,1,2,2,2,2,2,4,1,2,2,1,2,3,4,2,0.5945723652839661,0.4939829409122467
43483,5,4,7158,2,4,1,2,,,,,,2.0,2.0,2.0,2.0,2.0,2.0,2.0,2.0,2.0,1.0,16.0,,J’AI PASSÉ TOUT DROIT,10.0,,,,,,,,,2,3,4,9,,2,3,3,2,2,2,2,9,,,,,,,,2,2,2,1,2,2,3,2,3,2,2,3,1,2,2,2,3,2,2,1,2,2,1,2,1,5,2,0.5224395394325256,0.8830307126045227
43484,5,15,17726,2,7,0,3,3.0,1.0,1.0,1.0,4.0,,,,,,,,,,,,,,,,,,,,,,,1,2,2,3,3.0,1,4,3,1,2,1,2,5,3.0,8.0,7.0,1.0,,,,1,1,4,2,2,1,2,4,3,2,1,4,1,1,2,2,1,2,2,1,1,1,2,3,3,4,2,0.4137810170650482,0.3195469081401825
43485,5,12,11031,2,3,0,3,3.0,1.0,1.0,2.0,1.0,,,,,,,,,,,,,,,,,,,,,,,1,1,9,9,,2,3,3,2,2,2,4,2,7.0,4.0,1.0,5.0,3.0,,,2,2,3,1,2,4,3,2,1,1,2,1,1,2,2,2,2,2,2,1,2,2,1,5,1,98,3,0.5224395394325256,0.3905333876609802
43486,4,16,19183,2,8,0,3,3.0,1.0,1.0,1.0,1.0,,,,,,,,,,,,,,,,,,,,,,,1,2,2,9,,1,2,3,2,2,2,2,2,4.0,7.0,8.0,3.0,1.0,,,1,3,2,2,1,1,2,3,2,2,2,4,1,2,2,1,1,2,1,1,2,2,1,4,1,8,3,0.4722529351711273,0.2720399796962738
43487,6,16,17403,2,8,0,3,3.0,1.0,3.0,3.0,3.0,,,,,,,,,,,,,,,,,,,,,,,1,2,1,1,1.0,2,2,2,2,1,2,3,8,1.0,3.0,5.0,4.0,,,,1,2,4,2,1,1,1,3,3,2,3,4,1,2,3,3,1,3,4,1,1,1,1,5,3,7,2,0.42717334628105164,0.3541830778121948
43488,5,3,8277,2,3,0,3,3.0,1.0,1.0,1.0,1.0,,,,,,,,,,,,,,,,,,,,,,,1,1,3,9,,2,2,3,2,2,2,3,1,2.0,,,,,,,2,2,4,2,1,2,3,3,3,2,2,4,1,2,2,3,3,3,2,1,1,1,1,3,3,2,1,0.4137810170650482,0.3195469081401825
43489,6,6,19907,2,6,0,3,3.0,1.0,2.0,2.0,1.0,,,,,,,,,,,,,,,,,,,,,,,1,1,3,3,3.0,2,2,2,2,2,2,2,4,,,,,,,,1,2,3,2,1,2,2,2,2,1,1,4,1,2,3,3,3,3,3,2,1,1,2,3,1,7,2,0.4406466782093048,0.34171250462532043
43491,5,16,2733,1,8,0,3,3.0,1.0,1.0,1.0,1.0,,,,,,,,,,,,,,,,,,,,,,,1,3,3,9,,2,2,3,3,2,2,2,5,,,,,,,,2,3,3,1,2,2,2,2,3,2,3,4,1,2,3,2,2,2,3,1,2,2,1,4,1,5,2,0.44527024030685425,0.45991402864456177
43492,5,17,1932,1,4,0,2,2.0,,,,,2.0,1.0,2.0,2.0,2.0,2.0,2.0,1.0,2.0,2.0,,,,1.0,9.0,,,,,,,,1,2,4,3,3.0,1,3,3,2,2,2,3,2,5.0,,,,,,,1,2,3,2,2,2,2,3,1,1,2,4,1,2,3,3,3,3,2,1,2,2,1,4,3,4,2,0.44527024030685425,0.5804934501647949
43493,5,15,10367,2,7,0,1,1.0,,,,,2.0,1.0,2.0,1.0,2.0,2.0,2.0,2.0,2.0,2.0,,,,1.0,5.0,,,,,,,,3,3,4,9,,2,3,2,2,2,2,3,2,1.0,,,,,,,2,3,4,2,2,2,2,2,3,2,3,4,1,2,2,3,2,3,3,1,1,1,1,2,3,98,1,0.4137810170650482,0.7225214242935181
43495,6,12,11031,2,3,0,3,3.0,1.0,1.0,1.0,1.0,,,,,,,,,,,,,,,,,,,,,,,1,1,2,9,,2,3,3,2,2,2,2,1,,,,,,,,2,2,4,2,2,2,2,3,3,2,2,4,2,2,3,2,2,3,2,1,1,1,1,3,3,5,3,0.42717334628105164,0.3541830778121948
43496,5,15,11045,2,7,0,3,3.0,1.0,1.0,1.0,2.0,,,,,,,,,,,,,,,,,,,,,,,1,3,3,9,,3,2,2,2,2,2,3,2,4.0,8.0,1.0,,,,,1,2,3,2,2,2,2,3,3,2,3,4,2,1,3,3,3,2,3,1,1,1,1,2,1,2,1,0.4137810170650482,0.3195469081401825
43497,4,15,2479,1,7,0,3,3.0,1.0,1.0,1.0,1.0,,,,,,,,,,,,,,,,,,,,,,,1,2,2,3,3.0,2,3,3,2,2,2,3,3,7.0,1.0,2.0,4.0,,,,2,2,2,2,2,2,3,3,3,2,2,4,1,2,3,3,2,3,2,1,2,2,1,3,1,5,2,0.40249672532081604,0.32036837935447693
43498,6,4,7158,2,4,1,1,,,,,,1.0,1.0,2.0,2.0,2.0,1.0,2.0,1.0,2.0,2.0,,,,1.0,3.0,6.0,9.0,,,,,,2,3,4,3,3.0,2,4,2,3,2,2,3,9,,,,,,,,2,2,4,1,2,4,4,1,3,2,3,3,2,2,4,4,4,4,4,1,2,2,1,2,3,98,5,0.5945723652839661,1.1169389486312866
43499,5,16,1011,1,8,0,3,3.0,1.0,1.0,2.0,1.0,,,,,,,,,,,,,,,,,,,,,,,1,1,2,3,3.0,2,3,3,2,2,2,3,8,7.0,1.0,5.0,,,,,1,2,4,2,1,2,2,3,3,2,2,4,2,2,3,2,2,2,2,1,2,2,1,3,6,5,2,0.44527024030685425,0.45991402864456177
43500,5,7,635,1,5,0,3,3.0,1.0,2.0,2.0,3.0,,,,,,,,,,,,,,,,,,,,,,,1,3,4,1,1.0,4,4,4,4,4,4,1,1,,,,,,,,2,4,4,9,3,3,3,1,9,2,3,4,1,2,4,4,4,4,4,2,1,1,1,1,3,98,1,0.3637848198413849,0.3630656898021698
43505,6,7,991,1,5,0,3,3.0,1.0,1.0,1.0,2.0,,,,,,,,,,,,,,,,,,,,,,,1,2,2,9,,2,4,3,2,2,2,2,7,8.0,4.0,1.0,2.0,3.0,,,1,3,4,1,3,2,4,1,3,2,3,4,1,2,4,3,2,4,1,1,1,1,1,2,3,98,2,0.3640757203102112,0.41710540652275085
43507,1,15,19597,2,7,0,3,3.0,1.0,1.0,1.0,1.0,,,,,,,,,,,,,,,,,,,,,,,2,2,2,3,3.0,2,4,4,1,2,2,3,8,3.0,5.0,6.0,1.0,4.0,,,2,2,4,2,1,1,1,2,3,2,2,2,2,2,3,1,3,2,3,1,2,2,1,3,4,1,6,0.3866943120956421,0.2015577256679535
43508,5,14,14683,2,7,0,1,1.0,,,,,2.0,1.0,2.0,1.0,2.0,2.0,2.0,2.0,2.0,2.0,,,,1.0,5.0,,,,,,,,1,3,3,3,3.0,2,3,3,2,1,2,3,9,,,,,,,,2,3,4,2,1,2,1,1,3,1,2,2,1,2,4,1,1,1,1,1,2,2,1,3,3,4,2,0.5224395394325256,0.8830307126045227
43509,6,15,17726,2,7,0,3,3.0,1.0,1.0,1.0,1.0,,,,,,,,,,,,,,,,,,,,,,,1,2,3,9,,2,3,3,2,3,3,3,2,8.0,5.0,3.0,7.0,,,,1,2,4,2,2,2,1,3,3,1,3,4,1,2,2,1,1,1,2,1,1,1,1,4,3,7,2,0.42717334628105164,0.3541830778121948
43510,4,12,2566,1,3,1,1,,,,,,1.0,1.0,1.0,1.0,1.0,2.0,1.0,2.0,2.0,2.0,,,,1.0,2.0,3.0,4.0,5.0,7.0,,,,3,3,4,9,,2,2,3,2,4,3,2,9,,,,,,,,2,3,3,1,3,2,2,1,3,2,3,4,1,2,2,2,1,1,1,1,2,2,1,2,1,3,2,0.40249672532081604,0.40436068177223206
43513,6,15,17726,2,7,0,3,3.0,1.0,1.0,1.0,1.0,,,,,,,,,,,,,,,,,,,,,,,2,2,1,9,,1,3,3,2,2,2,3,8,,,,,,,,1,2,4,2,2,3,3,1,1,1,3,4,1,2,2,2,2,3,3,1,2,2,1,5,3,4,1,0.5945723652839661,0.4939829409122467
43514,2,17,13827,2,4,0,3,3.0,1.0,3.0,1.0,3.0,,,,,,,,,,,,,,,,,,,,,,,1,3,1,9,,2,3,4,3,1,2,3,4,1.0,5.0,8.0,,,,,2,1,4,2,1,1,1,4,1,1,1,4,2,1,1,2,1,3,2,1,2,2,1,4,1,3,1,0.2585919201374054,0.14566975831985474
43517,4,16,13441,2,8,0,2,2.0,,,,,1.0,1.0,2.0,2.0,2.0,2.0,2.0,2.0,1.0,2.0,,,,1.0,3.0,8.0,,,,,,,2,2,4,3,3.0,2,3,3,2,2,2,2,1,,,,,,,,1,4,4,2,2,2,2,1,3,2,3,4,1,2,3,1,3,2,3,1,2,2,1,3,1,98,6,0.4722529351711273,0.6151058077812195
43518,5,16,19183,2,8,0,3,3.0,1.0,1.0,2.0,1.0,,,,,,,,,,,,,,,,,,,,,,,1,1,2,9,,1,2,2,2,3,2,3,3,4.0,1.0,8.0,,,,,1,2,3,1,2,2,3,3,3,1,2,2,1,2,2,2,2,2,3,1,1,1,1,3,1,8,2,0.4137810170650482,0.3195469081401825
43519,4,15,6447,2,7,0,3,3.0,1.0,3.0,3.0,4.0,,,,,,,,,,,,,,,,,,,,,,,1,2,2,9,,4,1,1,1,1,3,3,1,8.0,6.0,7.0,4.0,3.0,5.0,,1,2,4,2,3,1,1,4,2,2,3,1,2,2,4,1,3,1,3,1,2,2,1,2,9,98,2,0.4722529351711273,0.2720399796962738
43520,6,16,15109,2,8,0,3,3.0,1.0,1.0,1.0,1.0,,,,,,,,,,,,,,,,,,,,,,,1,2,2,9,,1,2,3,2,2,2,3,2,1.0,8.0,4.0,,,,,1,2,4,1,1,1,1,3,3,1,2,4,1,2,3,2,3,3,3,2,2,2,1,2,3,3,2,0.6133255362510681,0.4765899181365967
43524,6,16,10036,2,8,0,3,3.0,1.0,1.0,1.0,1.0,,,,,,,,,,,,,,,,,,,,,,,3,3,9,9,,2,2,3,2,2,2,3,4,1.0,,,,,,,2,3,4,2,1,1,2,3,3,2,3,4,1,2,3,2,2,3,2,2,2,2,1,2,3,5,2,0.6133255362510681,0.4765899181365967
43525,1,1,956,1,1,0,1,1.0,,,,,2.0,2.0,2.0,2.0,2.0,2.0,1.0,2.0,2.0,2.0,,,,4.0,,,,,,,,,1,3,3,2,2.0,2,2,2,2,2,2,2,5,,,,,,,,1,2,2,2,2,2,2,2,2,2,2,1,1,2,2,2,2,2,2,1,2,2,1,2,6,2,2,0.32957592606544495,0.2995974123477936
43526,4,15,4467,1,7,0,1,1.0,,,,,2.0,2.0,1.0,2.0,2.0,1.0,2.0,2.0,1.0,2.0,,,,6.0,7.0,8.0,,,,,,,2,2,4,3,3.0,2,2,2,2,3,2,2,2,7.0,8.0,,,,,,2,3,2,1,3,3,3,2,3,1,3,2,2,2,3,3,3,3,3,1,1,1,1,9,1,7,1,0.34562113881111145,0.43937116861343384
43527,5,12,1655,1,3,1,1,,,,,,2.0,1.0,1.0,1.0,1.0,1.0,1.0,2.0,2.0,2.0,,,,1.0,2.0,4.0,5.0,6.0,7.0,,,,3,3,4,1,1.0,3,2,2,3,3,4,3,9,,,,,,,,2,2,4,2,3,2,2,1,3,1,3,3,1,2,3,2,2,2,4,1,2,2,1,2,2,3,2,0.44527024030685425,0.5804934501647949
43528,1,12,1521,1,3,0,1,1.0,,,,,2.0,2.0,2.0,2.0,1.0,1.0,1.0,2.0,2.0,2.0,,,,2.0,4.0,6.0,,,,,,,1,1,2,9,,1,3,4,1,2,2,3,3,7.0,4.0,8.0,2.0,1.0,5.0,,1,2,2,2,1,2,2,2,3,2,2,4,2,2,3,3,3,3,2,1,2,2,1,3,1,99,9,0.32957592606544495,0.2995974123477936
43529,6,16,19183,2,8,0,3,3.0,1.0,1.0,1.0,3.0,,,,,,,,,,,,,,,,,,,,,,,1,1,3,9,,2,2,3,3,2,3,2,8,1.0,3.0,6.0,2.0,,,,1,3,4,9,3,3,2,2,1,1,2,2,2,2,2,2,1,2,2,1,2,2,1,4,3,3,1,0.5945723652839661,0.4939829409122467
43530,4,15,5988,2,7,0,3,3.0,1.0,1.0,1.0,1.0,,,,,,,,,,,,,,,,,,,,,,,1,2,2,9,,2,4,3,2,2,2,3,7,2.0,8.0,4.0,,,,,1,1,3,1,1,2,3,4,3,1,1,2,1,1,3,4,3,2,2,1,2,2,1,4,5,4,2,0.4722529351711273,0.2720399796962738
43531,6,7,12551,2,5,0,1,1.0,,,,,2.0,1.0,2.0,2.0,2.0,2.0,1.0,1.0,2.0,2.0,,,,1.0,4.0,9.0,,,,,,,3,3,4,9,,4,3,2,2,2,2,1,9,,,,,,,,2,3,4,1,1,1,2,3,3,2,3,4,1,2,2,1,1,3,3,2,1,1,1,3,3,6,5,0.4406466782093048,0.7726424336433411
43532,4,15,19597,2,7,0,1,1.0,,,,,2.0,2.0,2.0,2.0,2.0,2.0,2.0,2.0,2.0,2.0,,,,11.0,,,,,,,,,3,3,4,9,,4,2,3,4,4,4,3,4,,,,,,,,2,4,1,9,3,3,3,1,3,2,4,1,2,2,4,2,3,2,3,1,1,1,1,1,1,3,1,0.4055202603340149,0.6683597564697266
43533,5,3,11001,2,3,0,3,3.0,1.0,1.0,1.0,1.0,,,,,,,,,,,,,,,,,,,,,,,2,1,4,3,3.0,2,3,3,1,1,2,2,4,,,,,,,,2,2,4,2,1,1,1,2,3,2,3,2,1,2,2,1,2,2,3,1,2,2,1,3,3,7,2,0.5224395394325256,0.3905333876609802
43534,5,2,9874,2,2,0,3,3.0,1.0,1.0,1.0,1.0,,,,,,,,,,,,,,,,,,,,,,,1,1,3,9,,2,3,3,1,2,3,2,3,,,,,,,,2,1,4,2,3,1,2,2,3,2,2,3,1,2,2,2,2,2,3,1,2,2,1,2,1,2,1,0.5224395394325256,0.3905333876609802
43536,4,16,8258,2,8,0,3,3.0,1.0,1.0,1.0,1.0,,,,,,,,,,,,,,,,,,,,,,,1,1,2,9,,2,3,3,2,2,2,3,5,8.0,,,,,,,1,2,4,2,1,1,2,3,3,2,2,4,1,2,3,2,2,2,1,1,2,2,1,2,2,6,2,0.4722529351711273,0.2720399796962738
43537,1,16,9406,2,8,0,1,1.0,,,,,1.0,2.0,2.0,1.0,2.0,2.0,1.0,2.0,2.0,2.0,,,,3.0,4.0,5.0,,,,,,,2,3,4,9,,1,4,4,1,2,2,2,4,,,,,,,,2,4,2,1,1,1,1,1,3,1,2,3,2,2,2,1,2,2,4,1,2,2,1,4,4,2,6,0.3866943120956421,0.4557398557662964
43538,4,16,9406,2,8,0,2,2.0,,,,,2.0,2.0,2.0,2.0,2.0,2.0,1.0,2.0,2.0,2.0,,,,4.0,,,,,,,,,1,2,1,2,2.0,4,4,1,4,4,4,4,5,,,,,,,,1,1,4,2,1,1,1,4,3,1,3,4,1,2,2,3,3,2,3,2,1,1,1,4,1,8,3,0.4183107316493988,0.6448264122009277
43539,6,4,7158,2,4,1,1,,,,,,1.0,2.0,2.0,1.0,1.0,2.0,2.0,2.0,2.0,1.0,13.0,,ÉLU PAR ACCLAMATION,2.0,3.0,5.0,10.0,,,,,,1,2,3,1,1.0,2,3,3,2,2,3,1,8,4.0,,,,,,,2,3,3,1,2,2,2,3,2,1,3,4,1,2,2,1,1,1,1,1,1,1,1,4,3,4,2,0.42717334628105164,0.800839364528656
43540,5,16,17403,2,8,0,3,3.0,1.0,1.0,1.0,1.0,,,,,,,,,,,,,,,,,,,,,,,1,1,3,9,,2,3,2,2,2,2,2,8,,,,,,,,1,3,4,2,2,2,1,2,3,2,3,4,1,2,2,3,2,3,2,1,1,1,1,2,1,98,2,0.4137810170650482,0.3195469081401825
43541,5,14,2693,1,7,1,1,,,,,,2.0,2.0,2.0,2.0,2.0,2.0,2.0,2.0,2.0,1.0,13.0,,LE CONSEIL EXISTANT EST ENTRÉ PAR ACCLAMATION DONC PAS D’ÉLECTION,10.0,,,,,,,,,1,2,1,3,3.0,1,4,3,2,1,1,3,3,7.0,4.0,8.0,6.0,2.0,1.0,,2,2,4,2,1,1,2,2,3,2,2,4,2,2,2,1,1,2,1,1,2,2,1,3,3,5,2,0.44527024030685425,0.5804934501647949
43542,1,14,1840,1,7,0,1,1.0,,,,,2.0,2.0,2.0,2.0,2.0,2.0,1.0,1.0,2.0,2.0,,,,4.0,9.0,,,,,,,,3,3,3,3,3.0,3,2,2,2,3,2,3,1,5.0,4.0,,,,,,2,3,2,2,2,3,2,2,2,1,3,4,2,2,2,3,2,2,2,1,2,2,1,2,1,2,2,0.32957592606544495,0.2995974123477936
43546,6,12,11031,2,3,0,3,3.0,1.0,1.0,1.0,1.0,,,,,,,,,,,,,,,,,,,,,,,1,3,9,3,3.0,1,4,4,1,2,1,2,4,3.0,,,,,,,2,2,4,2,1,2,2,2,3,2,1,4,1,2,3,2,3,4,3,1,2,2,1,2,3,98,5,0.5945723652839661,0.4939829409122467
43548,5,3,11001,2,3,0,3,3.0,1.0,2.0,2.0,1.0,,,,,,,,,,,,,,,,,,,,,,,1,3,3,3,3.0,2,3,3,2,3,2,2,1,,,,,,,,2,4,2,2,2,2,2,3,3,2,3,4,1,2,2,2,2,3,2,1,1,1,1,2,3,3,2,0.4137810170650482,0.3195469081401825
43549,2,7,8315,2,5,0,3,3.0,1.0,2.0,3.0,2.0,,,,,,,,,,,,,,,,,,,,,,,2,1,9,3,3.0,3,2,3,3,3,3,2,5,7.0,,,,,,,2,4,3,2,3,3,3,3,3,1,2,3,1,1,4,3,2,2,1,1,2,2,9,3,6,2,2,0.2585919201374054,0.14566975831985474
43550,5,14,14683,2,7,0,3,3.0,1.0,1.0,1.0,1.0,,,,,,,,,,,,,,,,,,,,,,,1,2,4,3,3.0,2,3,3,2,2,2,3,1,,,,,,,,2,2,4,2,1,2,2,2,1,2,2,4,1,2,2,1,2,3,1,1,2,2,1,4,3,2,1,0.5224395394325256,0.3905333876609802
43551,5,15,11112,2,7,0,3,3.0,1.0,2.0,3.0,1.0,,,,,,,,,,,,,,,,,,,,,,,1,2,4,1,1.0,4,3,1,4,4,3,3,3,5.0,7.0,,,,,,1,2,4,1,1,1,1,3,1,2,4,4,1,2,3,2,2,3,2,1,2,2,1,5,1,98,5,0.5224395394325256,0.3905333876609802
43552,6,15,5441,2,7,0,3,3.0,1.0,1.0,1.0,1.0,,,,,,,,,,,,,,,,,,,,,,,1,2,4,9,,2,2,2,3,3,2,2,1,2.0,3.0,,,,,,1,3,4,2,1,2,4,3,3,2,3,4,1,2,4,2,1,2,2,1,1,1,1,3,3,5,2,0.42717334628105164,0.3541830778121948
43553,5,17,1154,1,4,0,2,2.0,,,,,2.0,2.0,2.0,2.0,1.0,1.0,2.0,2.0,2.0,2.0,,,,2.0,6.0,,,,,,,,1,2,4,9,,2,3,3,2,3,2,3,7,4.0,1.0,2.0,,,,,1,3,3,1,4,2,4,2,3,2,3,4,1,2,4,1,1,1,1,1,2,2,1,2,3,1,2,0.44527024030685425,0.5804934501647949
43554,4,15,19597,2,7,0,1,1.0,,,,,2.0,2.0,2.0,2.0,2.0,2.0,2.0,2.0,2.0,1.0,14.0,,"JE ME SUIS RENDUE, MAIS LA FILE D’ATTENTE ÉTAIT BEAUCOUP TROP LONGUE, LE STATIONNEMENT PLEIN, AUC",10.0,,,,,,,,,1,3,3,9,,1,2,3,4,1,2,3,5,,,,,,,,1,3,3,2,1,2,4,3,3,2,3,4,1,2,3,2,2,2,1,1,2,2,1,4,1,4,1,0.4722529351711273,0.6151058077812195
43555,2,7,8315,2,5,0,2,2.0,,,,,2.0,1.0,2.0,2.0,2.0,2.0,1.0,1.0,2.0,2.0,,,,1.0,4.0,9.0,,,,,,,1,1,4,3,3.0,2,3,3,2,1,2,2,5,8.0,7.0,2.0,1.0,,,,1,3,4,2,1,2,2,2,1,2,2,2,1,2,2,3,2,3,3,1,2,2,1,5,1,5,1,0.2585919201374054,0.3293706476688385
43556,6,11,12320,2,1,0,3,3.0,1.0,1.0,1.0,1.0,,,,,,,,,,,,,,,,,,,,,,,1,2,2,3,3.0,2,3,3,2,2,2,2,4,5.0,,,,,,,2,2,4,2,1,2,3,2,2,1,2,4,2,2,2,2,3,3,3,1,1,1,1,2,1,3,2,0.42717334628105164,0.3541830778121948
43557,2,14,6477,2,7,0,2,2.0,,,,,1.0,1.0,2.0,1.0,1.0,2.0,1.0,2.0,2.0,2.0,,,,1.0,2.0,3.0,4.0,5.0,,,,,3,3,4,9,,3,2,3,2,2,2,2,2,1.0,,,,,,,2,3,3,1,3,3,3,1,3,2,3,2,1,2,3,2,3,1,2,1,1,1,1,3,1,5,2,0.4207970201969147,0.6107873916625977
43558,5,15,19597,2,7,0,3,3.0,1.0,1.0,1.0,1.0,,,,,,,,,,,,,,,,,,,,,,,1,1,3,9,,1,2,3,3,3,2,3,8,,,,,,,,1,2,4,2,1,1,1,3,3,1,2,4,1,2,3,2,1,3,3,1,2,2,1,2,3,2,2,0.5224395394325256,0.3905333876609802
43559,6,16,2733,1,8,0,3,3.0,2.0,,,2.0,,,,,,,,,,,,,,,,,,,,,,,1,2,3,3,3.0,1,3,3,2,2,2,3,1,,,,,,,,1,2,4,2,1,2,1,3,2,1,2,4,1,2,3,1,3,3,3,2,2,2,1,3,1,2,1,0.5227318406105042,0.5612581372261047
43560,6,3,11001,2,3,0,2,2.0,,,,,2.0,1.0,2.0,1.0,2.0,2.0,2.0,2.0,2.0,2.0,,,,1.0,5.0,,,,,,,,3,3,4,9,,2,3,3,3,2,2,2,2,,,,,,,,2,2,2,1,3,2,3,2,3,2,3,2,2,2,2,2,2,3,2,1,1,1,1,4,1,4,2,0.42717334628105164,0.800839364528656
43561,5,3,7217,2,3,0,3,3.0,1.0,1.0,2.0,1.0,,,,,,,,,,,,,,,,,,,,,,,1,2,4,9,,2,3,2,2,3,3,2,3,5.0,,,,,,,2,4,3,2,2,2,1,2,3,2,3,4,1,2,2,2,2,3,1,1,2,2,1,2,1,3,5,0.5224395394325256,0.3905333876609802
43563,5,15,11112,2,7,0,3,3.0,1.0,1.0,1.0,1.0,,,,,,,,,,,,,,,,,,,,,,,1,1,2,9,,2,2,2,3,3,3,3,2,1.0,,,,,,,1,2,4,2,2,2,1,4,2,2,3,4,1,2,2,1,1,1,1,1,2,2,1,3,3,6,2,0.5224395394325256,0.3905333876609802
43564,6,15,11112,2,7,0,3,3.0,1.0,1.0,1.0,1.0,,,,,,,,,,,,,,,,,,,,,,,3,2,4,9,,2,2,2,2,2,3,3,4,2.0,,,,,,,2,3,3,1,2,3,3,2,3,2,2,4,2,2,2,3,2,3,2,1,1,1,1,3,1,3,2,0.42717334628105164,0.3541830778121948
43567,4,12,1625,1,3,0,1,1.0,,,,,2.0,1.0,2.0,2.0,2.0,1.0,1.0,2.0,2.0,2.0,,,,1.0,4.0,6.0,,,,,,,1,3,4,9,,2,3,4,2,1,1,4,5,,,,,,,,1,3,3,1,2,2,2,2,3,1,4,2,1,2,1,1,2,4,3,1,2,2,1,3,1,4,2,0.40249672532081604,0.40436068177223206
43568,1,15,10367,2,7,0,2,2.0,,,,,2.0,1.0,2.0,2.0,1.0,2.0,2.0,2.0,1.0,1.0,12.0,11.0,J’AI CHANGÉE D’ADRESSE ET JE N’EST PAS REÇU MON BULLETIN DE VOTE.,1.0,2.0,8.0,10.0,,,,,,2,1,3,3,3.0,2,2,3,2,2,2,2,3,,,,,,,,2,3,2,1,3,2,2,3,2,2,3,1,2,2,3,2,2,2,2,1,2,2,1,3,1,3,2,0.3866943120956421,0.4557398557662964
43570,6,6,19942,2,6,0,1,1.0,,,,,1.0,2.0,2.0,1.0,2.0,2.0,2.0,1.0,2.0,2.0,,,,3.0,5.0,9.0,,,,,,,3,3,4,3,3.0,1,4,3,1,2,1,1,1,,,,,,,,2,3,2,1,3,4,4,2,3,2,1,4,2,2,4,3,4,4,3,1,2,2,1,2,3,5,2,0.5945723652839661,1.1169389486312866
43571,5,15,17726,2,7,0,3,3.0,1.0,1.0,1.0,2.0,,,,,,,,,,,,,,,,,,,,,,,2,1,3,9,,1,2,3,2,2,2,2,3,1.0,,,,,,,1,2,4,2,2,2,3,3,3,2,3,4,1,2,2,1,2,2,2,1,2,2,2,3,3,4,2,0.5224395394325256,0.3905333876609802
43577,6,2,10259,2,2,0,3,3.0,1.0,1.0,1.0,1.0,,,,,,,,,,,,,,,,,,,,,,,1,3,2,3,3.0,1,4,3,4,3,2,2,9,,,,,,,,1,3,4,2,3,1,2,1,3,2,1,4,1,2,2,1,3,2,3,1,1,1,1,3,3,3,2,0.42717334628105164,0.3541830778121948
43578,4,15,3684,1,7,1,2,,,,,,2.0,1.0,2.0,2.0,2.0,2.0,1.0,1.0,2.0,2.0,,,,1.0,4.0,9.0,,,,,,,1,3,3,9,,2,3,3,3,1,3,3,4,5.0,,,,,,,2,2,3,2,1,2,2,4,2,2,2,4,1,2,2,3,1,3,1,1,2,2,1,4,1,5,2,0.40249672532081604,0.40436068177223206
43585,6,15,10510,2,7,0,3,3.0,1.0,1.0,1.0,1.0,,,,,,,,,,,,,,,,,,,,,,,1,1,3,3,3.0,1,3,4,2,2,2,2,8,2.0,,,,,,,2,2,4,2,2,2,1,2,3,1,3,4,1,2,2,2,3,2,2,1,2,2,1,3,1,4,2,0.5945723652839661,0.4939829409122467
43586,1,15,13653,2,7,0,3,3.0,1.0,1.0,1.0,1.0,,,,,,,,,,,,,,,,,,,,,,,1,2,1,1,1.0,2,2,2,2,2,2,2,5,7.0,2.0,,,,,,1,1,1,1,2,3,2,2,2,2,2,4,1,2,2,2,2,1,1,1,2,2,1,3,4,1,1,0.3866943120956421,0.2015577256679535
43587,5,16,17371,2,8,0,2,2.0,,,,,2.0,1.0,2.0,1.0,2.0,2.0,2.0,2.0,2.0,2.0,,,,1.0,5.0,,,,,,,,1,3,4,9,,2,3,2,2,3,3,2,8,1.0,,,,,,,1,3,2,1,2,3,3,2,3,2,3,3,1,2,2,1,1,3,1,1,2,2,1,4,3,3,1,0.5224395394325256,0.8830307126045227
43590,6,14,11086,2,7,0,3,3.0,1.0,1.0,1.0,1.0,,,,,,,,,,,,,,,,,,,,,,,1,2,2,3,3.0,1,4,3,2,2,2,4,1,7.0,5.0,,,,,,1,2,3,9,2,2,2,3,3,1,1,4,1,2,1,2,1,2,1,1,1,1,1,5,3,5,2,0.42717334628105164,0.3541830778121948
43591,1,16,9306,2,8,0,1,1.0,,,,,2.0,2.0,2.0,2.0,2.0,2.0,1.0,1.0,2.0,2.0,,,,4.0,9.0,,,,,,,,1,3,2,3,3.0,2,4,4,2,2,2,2,2,5.0,7.0,,,,,,2,2,3,2,2,2,2,2,1,1,2,2,2,2,3,2,3,3,4,1,2,2,1,3,1,3,1,0.3866943120956421,0.4557398557662964
43592,1,12,1655,1,3,1,1,,,,,,2.0,1.0,2.0,1.0,2.0,1.0,1.0,2.0,2.0,2.0,,,,1.0,4.0,5.0,6.0,,,,,,3,3,4,9,,2,2,3,2,2,2,2,9,,,,,,,,2,4,2,1,2,3,3,2,3,2,2,4,2,2,1,2,1,2,2,1,2,2,1,2,1,4,2,0.32957592606544495,0.2995974123477936
43593,5,15,19597,2,7,0,3,3.0,1.0,1.0,1.0,1.0,,,,,,,,,,,,,,,,,,,,,,,1,3,1,9,,1,3,2,2,3,3,3,5,4.0,,,,,,,1,3,2,2,2,2,3,2,3,2,3,4,1,2,1,1,1,2,2,1,2,2,1,4,1,5,4,0.5224395394325256,0.3905333876609802
43596,4,8,12721,2,2,0,2,2.0,,,,,2.0,1.0,2.0,1.0,1.0,1.0,2.0,2.0,2.0,2.0,,,,1.0,2.0,5.0,6.0,,,,,,2,1,4,9,,3,3,3,2,2,2,2,9,,,,,,,,2,3,3,2,2,1,1,3,3,2,2,4,1,2,2,2,2,2,2,1,2,2,1,2,6,3,5,0.4722529351711273,0.6151058077812195
43599,4,16,8258,2,8,0,3,3.0,1.0,1.0,2.0,2.0,,,,,,,,,,,,,,,,,,,,,,,2,3,4,9,,3,2,3,3,2,3,2,2,,,,,,,,2,2,4,2,1,1,2,2,2,1,3,4,2,1,3,3,1,2,3,1,2,2,1,2,1,3,1,0.4722529351711273,0.2720399796962738
43600,1,12,1619,1,3,0,2,2.0,,,,,1.0,1.0,2.0,2.0,1.0,2.0,1.0,2.0,2.0,2.0,,,,1.0,2.0,3.0,4.0,,,,,,3,3,3,9,,1,1,1,1,1,1,2,1,,,,,,,,1,2,1,2,1,1,1,2,1,1,1,2,1,2,1,1,1,1,1,1,9,2,1,3,5,98,3,0.32957592606544495,0.2995974123477936
43602,6,16,3818,1,8,0,3,3.0,1.0,1.0,1.0,1.0,,,,,,,,,,,,,,,,,,,,,,,1,2,1,3,3.0,2,3,3,2,2,2,3,4,5.0,1.0,2.0,8.0,,,,1,1,4,2,1,2,1,3,1,1,1,4,1,1,3,3,2,4,3,2,1,1,1,4,3,4,2,0.3755590319633484,0.40241941809654236
43605,2,16,7413,2,8,0,3,3.0,1.0,1.0,1.0,2.0,,,,,,,,,,,,,,,,,,,,,,,1,1,4,3,3.0,2,3,2,2,2,2,3,5,3.0,,,,,,,2,3,4,2,2,1,1,3,3,2,2,4,2,2,2,3,3,3,2,1,2,2,1,5,4,7,5,0.2585919201374054,0.14566975831985474
43606,4,14,14683,2,7,0,3,3.0,1.0,1.0,1.0,1.0,,,,,,,,,,,,,,,,,,,,,,,2,1,4,9,,2,3,4,2,1,2,2,1,3.0,,,,,,,2,3,4,2,1,2,3,1,3,2,3,4,1,2,3,3,2,3,4,1,2,2,1,3,1,5,2,0.4722529351711273,0.2720399796962738
43608,6,7,12551,2,5,0,3,3.0,1.0,1.0,1.0,1.0,,,,,,,,,,,,,,,,,,,,,,,1,2,9,9,,1,3,3,2,2,2,2,2,7.0,8.0,,,,,,1,2,4,2,2,2,2,2,3,2,2,4,1,2,3,2,2,3,3,1,2,2,1,2,3,98,2,0.5945723652839661,0.4939829409122467
43611,2,11,2710,1,1,0,1,1.0,,,,,2.0,1.0,2.0,2.0,2.0,2.0,1.0,2.0,2.0,2.0,,,,1.0,4.0,,,,,,,,2,3,3,3,3.0,1,3,1,1,1,2,3,2,3.0,4.0,5.0,,,,,2,3,3,2,2,3,1,1,3,2,2,1,1,2,3,2,3,3,4,1,2,2,1,4,1,2,2,0.22039549052715302,0.21652396023273468
43612,4,15,13893,2,7,0,3,3.0,1.0,1.0,1.0,1.0,,,,,,,,,,,,,,,,,,,,,,,1,2,4,9,,2,3,3,2,2,2,3,4,2.0,1.0,,,,,,2,3,3,2,3,2,2,3,3,2,2,3,1,2,2,2,2,2,2,1,2,2,1,4,1,8,3,0.4722529351711273,0.2720399796962738
43613,6,12,443,1,3,0,1,1.0,,,,,2.0,2.0,2.0,2.0,2.0,2.0,2.0,2.0,2.0,1.0,12.0,,NOUVELLE MAISON,10.0,,,,,,,,,3,3,4,9,,1,2,4,1,2,2,3,1,,,,,,,,2,3,4,2,2,2,1,2,3,2,3,1,1,2,3,3,2,3,2,1,2,2,1,2,5,4,2,0.5067484378814697,0.7342579960823059
43614,4,16,8258,2,8,0,1,1.0,,,,,1.0,1.0,2.0,1.0,1.0,1.0,2.0,2.0,2.0,2.0,,,,1.0,2.0,3.0,5.0,6.0,,,,,3,3,4,3,3.0,2,3,3,2,1,2,2,5,,,,,,,,2,4,3,1,3,3,1,3,3,2,3,3,2,2,3,2,3,3,3,1,2,2,1,2,1,7,2,0.4722529351711273,0.6151058077812195
43615,5,15,19597,2,7,0,3,3.0,1.0,1.0,1.0,1.0,,,,,,,,,,,,,,,,,,,,,,,1,2,3,9,,1,2,3,2,1,2,3,1,,,,,,,,1,3,4,2,1,1,3,2,3,2,3,4,1,2,3,2,1,2,1,1,2,2,1,2,1,2,1,0.5224395394325256,0.3905333876609802
43616,2,15,1294,1,7,0,3,3.0,1.0,1.0,1.0,1.0,,,,,,,,,,,,,,,,,,,,,,,1,2,3,9,,2,3,3,2,2,2,2,2,5.0,1.0,,,,,,2,4,3,2,3,2,2,2,2,2,2,1,2,2,3,1,3,2,2,1,2,2,1,3,2,1,4,0.22039549052715302,0.17154793441295624
43617,1,16,2947,1,8,0,1,1.0,,,,,1.0,1.0,2.0,1.0,1.0,2.0,1.0,1.0,2.0,2.0,,,,1.0,2.0,3.0,4.0,5.0,9.0,,,,3,1,4,9,,2,3,3,2,2,3,1,8,,,,,,,,2,4,2,9,3,3,3,1,3,2,3,4,2,2,2,2,2,3,1,1,2,2,1,3,4,8,5,0.32957592606544495,0.2995974123477936
43618,6,15,13893,2,7,0,3,3.0,1.0,1.0,1.0,2.0,,,,,,,,,,,,,,,,,,,,,,,1,2,2,9,,2,2,3,2,2,2,3,2,1.0,8.0,,,,,,1,2,4,1,1,1,1,3,3,1,3,1,1,2,3,2,2,3,1,2,2,2,1,3,3,6,1,0.6133255362510681,0.4765899181365967
43621,6,16,17403,2,8,0,3,3.0,1.0,1.0,1.0,1.0,,,,,,,,,,,,,,,,,,,,,,,1,1,2,3,3.0,2,3,3,1,1,1,3,2,,,,,,,,2,2,4,1,1,1,1,3,3,1,2,2,2,2,2,1,2,2,3,1,2,2,1,3,3,3,2,0.5945723652839661,0.4939829409122467
43622,2,15,19597,2,7,0,3,3.0,1.0,2.0,2.0,3.0,,,,,,,,,,,,,,,,,,,,,,,1,2,2,2,2.0,3,2,2,3,2,3,2,6,2.0,5.0,4.0,,,,,2,3,4,2,2,3,2,2,3,2,3,2,1,2,2,2,2,2,3,1,2,2,1,3,1,4,2,0.2585919201374054,0.14566975831985474
43624,6,16,3609,1,8,0,3,3.0,1.0,1.0,1.0,1.0,,,,,,,,,,,,,,,,,,,,,,,1,2,9,9,,2,3,4,2,2,2,3,3,1.0,,,,,,,2,2,3,2,2,1,1,2,1,2,2,3,2,2,1,1,3,3,1,1,2,2,1,3,3,98,2,0.5067484378814697,0.5817421674728394
43625,6,12,1727,1,3,0,1,1.0,,,,,2.0,2.0,2.0,2.0,2.0,2.0,2.0,2.0,1.0,2.0,,,,8.0,,,,,,,,,2,3,4,9,,2,3,3,2,2,3,2,1,3.0,,,,,,,1,3,3,1,3,3,2,2,3,2,3,4,1,2,2,3,2,2,2,1,2,2,1,3,3,98,2,0.5067484378814697,0.7342579960823059
43626,1,16,5419,2,8,0,3,3.0,1.0,2.0,2.0,3.0,,,,,,,,,,,,,,,,,,,,,,,2,1,3,1,1.0,2,2,2,3,2,3,2,5,1.0,,,,,,,2,2,3,2,3,2,2,2,3,2,1,4,1,2,3,1,2,2,2,1,2,2,1,5,4,8,5,0.3866943120956421,0.2015577256679535
43628,6,16,8395,2,8,0,3,3.0,1.0,1.0,2.0,2.0,,,,,,,,,,,,,,,,,,,,,,,1,2,4,9,,3,2,3,2,2,2,3,1,,,,,,,,2,2,4,2,2,2,2,2,3,1,3,2,1,2,3,2,2,3,2,1,1,1,1,4,3,2,1,0.42717334628105164,0.3541830778121948
43629,6,2,2883,1,2,0,3,3.0,1.0,1.0,1.0,1.0,,,,,,,,,,,,,,,,,,,,,,,1,3,9,3,3.0,2,3,2,2,2,2,2,2,8.0,,,,,,,1,2,4,1,2,2,3,3,3,2,3,4,1,1,2,3,2,3,2,1,1,1,1,3,3,2,2,0.3640757203102112,0.41710540652275085
43633,2,16,9306,2,8,0,2,2.0,,,,,2.0,1.0,2.0,2.0,2.0,2.0,1.0,2.0,2.0,2.0,,,,1.0,4.0,,,,,,,,1,1,4,9,,2,1,3,2,2,2,3,5,2.0,4.0,,,,,,2,3,3,2,2,2,3,1,3,2,2,2,1,2,4,3,2,1,3,1,2,2,1,3,1,7,3,0.2585919201374054,0.3293706476688385
43635,6,16,1680,1,8,0,3,3.0,2.0,,,1.0,,,,,,,,,,,,,,,,,,,,,,,1,3,2,9,,2,2,2,2,3,2,2,1,3.0,,,,,,,2,3,4,1,2,2,2,3,3,2,3,4,1,2,2,2,3,3,3,2,2,2,1,2,3,98,1,0.5227318406105042,0.5612581372261047
43639,2,4,1545,1,4,0,1,1.0,,,,,2.0,1.0,2.0,1.0,2.0,2.0,1.0,1.0,2.0,2.0,,,,1.0,4.0,5.0,9.0,,,,,,2,1,2,2,2.0,2,1,2,2,2,1,2,5,2.0,8.0,,,,,,2,2,2,1,2,2,2,2,3,2,2,4,1,2,3,2,2,2,3,1,2,2,1,4,1,7,3,0.22039549052715302,0.21652396023273468
43641,4,5,2156,1,5,0,3,3.0,1.0,1.0,1.0,1.0,,,,,,,,,,,,,,,,,,,,,,,1,2,2,9,,2,2,3,2,2,2,2,4,1.0,,,,,,,2,2,3,2,3,2,2,2,3,2,2,3,1,2,3,3,2,1,3,1,2,2,1,3,1,5,5,0.40249672532081604,0.32036837935447693
43642,5,15,10367,2,7,0,2,2.0,,,,,2.0,1.0,2.0,2.0,2.0,2.0,2.0,1.0,2.0,2.0,,,,1.0,9.0,,,,,,,,3,3,4,9,,2,2,2,3,3,2,3,9,,,,,,,,2,2,3,2,1,2,2,2,3,1,2,1,1,2,3,3,2,3,4,1,1,1,1,3,1,6,2,0.4137810170650482,0.7225214242935181
43643,5,15,13893,2,7,0,3,3.0,1.0,2.0,2.0,2.0,,,,,,,,,,,,,,,,,,,,,,,2,1,2,9,,2,2,2,2,2,2,2,3,,,,,,,,2,2,2,2,2,2,2,2,2,1,2,2,1,2,1,2,2,1,1,1,2,2,1,4,3,5,2,0.5224395394325256,0.3905333876609802
43644,1,17,4766,1,4,0,1,1.0,,,,,2.0,2.0,2.0,2.0,2.0,2.0,2.0,1.0,2.0,2.0,,,,9.0,,,,,,,,,1,3,3,3,3.0,2,3,4,1,2,3,2,5,,,,,,,,2,3,2,1,2,2,3,1,3,2,2,4,2,2,2,3,2,4,4,1,2,2,1,3,4,1,1,0.32957592606544495,0.2995974123477936
43645,2,11,7350,2,1,0,3,3.0,1.0,1.0,1.0,2.0,,,,,,,,,,,,,,,,,,,,,,,1,2,9,9,,1,4,3,2,1,2,3,5,,,,,,,,1,2,3,2,1,2,1,2,3,2,3,3,1,2,2,2,4,3,1,1,1,1,1,4,1,8,2,0.4207970201969147,0.2701301574707031
43648,2,1,357,1,1,0,3,3.0,1.0,1.0,1.0,1.0,,,,,,,,,,,,,,,,,,,,,,,3,2,3,9,,2,2,2,2,2,2,2,2,,,,,,,,2,3,4,2,1,2,3,3,3,1,3,3,1,2,2,3,2,4,4,1,2,2,1,3,1,2,3,0.22039549052715302,0.17154793441295624
43649,1,16,19183,2,8,0,3,3.0,1.0,1.0,1.0,1.0,,,,,,,,,,,,,,,,,,,,,,,1,1,2,9,,1,3,3,2,3,2,2,2,4.0,,,,,,,2,3,2,1,2,1,2,2,2,1,3,4,2,2,1,2,2,3,3,1,2,2,1,3,4,6,5,0.3866943120956421,0.2015577256679535
43653,5,15,19597,2,7,0,1,1.0,,,,,2.0,2.0,2.0,2.0,2.0,2.0,1.0,2.0,2.0,2.0,,,,4.0,,,,,,,,,1,1,3,9,,1,3,3,2,1,2,3,1,,,,,,,,1,3,3,1,2,2,2,2,3,2,2,4,1,2,3,2,3,2,3,2,1,1,1,3,3,2,2,0.4268319010734558,0.6970821619033813
43655,5,15,10367,2,7,0,3,3.0,1.0,1.0,1.0,1.0,,,,,,,,,,,,,,,,,,,,,,,3,3,3,9,,2,2,3,2,2,2,2,1,,,,,,,,2,3,4,2,1,3,2,2,3,2,2,2,1,2,2,2,1,3,1,1,2,2,1,3,1,4,2,0.5224395394325256,0.3905333876609802
43657,5,15,2829,1,7,0,1,1.0,,,,,1.0,2.0,2.0,1.0,1.0,2.0,2.0,2.0,2.0,2.0,,,,2.0,3.0,5.0,,,,,,,1,3,4,9,,3,1,2,2,3,3,1,9,,,,,,,,1,4,4,1,4,4,4,1,2,2,4,3,1,2,4,4,3,3,4,1,1,1,1,3,1,5,3,0.3526615500450134,0.4749772846698761
43658,5,16,1507,1,8,0,1,1.0,,,,,1.0,1.0,2.0,1.0,1.0,1.0,1.0,2.0,2.0,2.0,,,,1.0,2.0,3.0,4.0,5.0,6.0,,,,3,3,3,9,,2,2,3,2,3,2,2,2,,,,,,,,2,3,3,1,3,3,3,2,3,2,3,4,1,2,2,2,2,2,2,1,1,1,1,2,1,5,2,0.3526615500450134,0.4749772846698761
43659,5,7,3799,1,5,0,3,3.0,1.0,1.0,1.0,1.0,,,,,,,,,,,,,,,,,,,,,,,1,1,2,3,3.0,1,3,3,2,2,2,2,1,8.0,,,,,,,1,2,4,2,1,1,3,3,3,2,2,4,1,2,2,2,3,3,2,1,1,1,2,4,1,8,2,0.3526615500450134,0.3763154149055481
43660,6,16,8258,2,8,0,3,3.0,1.0,1.0,1.0,2.0,,,,,,,,,,,,,,,,,,,,,,,1,1,2,3,3.0,1,4,4,2,2,2,3,2,5.0,,,,,,,2,2,4,2,2,1,2,2,3,2,2,4,1,2,3,2,2,3,3,1,1,1,1,2,3,2,1,0.42717334628105164,0.3541830778121948
43661,6,3,11001,2,3,0,1,1.0,,,,,2.0,2.0,2.0,2.0,1.0,1.0,2.0,2.0,2.0,2.0,,,,2.0,6.0,,,,,,,,1,3,4,9,,3,2,4,3,4,4,1,4,,,,,,,,2,3,4,2,4,4,4,1,3,1,4,4,1,2,4,4,4,4,4,1,2,2,1,2,5,4,2,0.5945723652839661,1.1169389486312866
43662,6,3,3870,1,3,0,3,3.0,1.0,1.0,2.0,2.0,,,,,,,,,,,,,,,,,,,,,,,3,3,4,9,,2,3,3,2,2,2,2,9,,,,,,,,2,3,1,1,2,3,4,1,3,2,2,2,2,2,3,3,3,3,3,1,2,2,1,2,1,3,2,0.5067484378814697,0.5817421674728394
43664,6,16,19183,2,8,0,3,3.0,1.0,1.0,1.0,1.0,,,,,,,,,,,,,,,,,,,,,,,1,2,3,9,,2,3,2,3,2,3,3,3,4.0,1.0,,,,,,1,2,4,2,2,2,2,3,2,1,2,4,1,2,2,3,2,3,2,1,2,2,1,4,3,3,1,0.5945723652839661,0.4939829409122467
43667,6,16,1369,1,8,0,3,3.0,1.0,1.0,2.0,2.0,,,,,,,,,,,,,,,,,,,,,,,1,2,3,9,,1,3,3,2,2,2,3,4,8.0,2.0,,,,,,1,3,4,2,1,3,2,3,3,2,2,4,1,2,3,2,2,3,3,1,2,2,1,2,3,4,2,0.5067484378814697,0.5817421674728394
43668,4,14,14683,2,7,0,1,1.0,,,,,2.0,1.0,2.0,2.0,2.0,2.0,2.0,2.0,2.0,2.0,,,,1.0,,,,,,,,,3,3,4,3,3.0,2,3,2,2,3,2,3,9,,,,,,,,2,2,3,2,1,1,1,2,3,2,3,2,1,2,2,2,3,2,1,1,2,2,1,4,1,5,3,0.4722529351711273,0.6151058077812195
43670,6,15,2479,1,7,0,3,3.0,1.0,1.0,1.0,2.0,,,,,,,,,,,,,,,,,,,,,,,1,1,3,3,3.0,2,3,3,2,2,2,2,2,1.0,,,,,,,2,3,3,2,1,2,2,2,3,2,2,4,1,2,2,2,1,3,1,1,1,1,2,3,3,5,2,0.3640757203102112,0.41710540652275085
43671,1,16,17403,2,8,0,3,3.0,1.0,1.0,1.0,1.0,,,,,,,,,,,,,,,,,,,,,,,2,2,2,9,,2,1,1,2,3,2,2,5,2.0,,,,,,,2,3,4,2,1,1,1,2,3,2,3,3,2,2,3,2,3,2,4,1,2,2,1,4,4,3,1,0.3866943120956421,0.2015577256679535
43672,6,12,11031,2,3,0,3,3.0,1.0,1.0,1.0,1.0,,,,,,,,,,,,,,,,,,,,,,,1,2,3,3,3.0,2,3,3,2,2,2,2,3,1.0,,,,,,,2,2,4,2,1,1,1,2,2,2,2,4,1,2,3,3,2,3,1,1,2,2,1,2,3,3,2,0.5945723652839661,0.4939829409122467
43674,2,16,10036,2,8,0,2,2.0,,,,,1.0,1.0,2.0,2.0,1.0,1.0,1.0,2.0,2.0,2.0,,,,1.0,2.0,3.0,4.0,6.0,,,,,2,1,3,9,,3,2,1,3,3,3,2,1,,,,,,,,2,3,3,1,1,1,1,1,3,2,3,1,2,2,4,4,4,4,4,1,2,2,1,5,2,6,2,0.2585919201374054,0.3293706476688385
43677,2,14,4072,1,7,0,3,3.0,1.0,1.0,1.0,1.0,,,,,,,,,,,,,,,,,,,,,,,1,1,3,9,,2,3,3,2,2,2,3,2,1.0,,,,,,,1,3,4,2,1,2,2,2,3,2,3,4,2,2,3,3,2,2,3,1,1,1,1,3,1,3,1,0.35864144563674927,0.3181191384792328
43680,6,12,4035,1,3,0,3,3.0,1.0,1.0,1.0,1.0,,,,,,,,,,,,,,,,,,,,,,,1,1,3,9,,1,3,3,2,2,2,3,7,,,,,,,,2,2,4,2,1,1,1,2,2,2,2,4,2,2,3,3,2,2,2,1,2,2,1,3,3,2,1,0.5067484378814697,0.5817421674728394
43684,6,16,4221,1,8,0,3,3.0,1.0,1.0,1.0,1.0,,,,,,,,,,,,,,,,,,,,,,,1,2,9,3,3.0,1,4,3,1,1,1,3,3,1.0,8.0,,,,,,1,1,4,2,1,2,1,3,1,2,2,4,1,2,3,2,3,3,3,2,1,1,1,3,3,3,2,0.3755590319633484,0.40241941809654236
43695,6,4,4589,1,4,0,2,2.0,,,,,2.0,2.0,2.0,2.0,1.0,2.0,2.0,2.0,1.0,2.0,,,,2.0,8.0,,,,,,,,3,3,9,3,3.0,2,3,2,2,2,2,3,9,,,,,,,,2,3,3,1,2,3,2,2,3,2,2,3,2,2,3,3,2,2,2,1,1,1,1,2,3,2,1,0.3640757203102112,0.5264613032341003
43699,5,12,3058,1,3,0,2,2.0,,,,,1.0,2.0,2.0,2.0,2.0,2.0,1.0,2.0,2.0,2.0,,,,3.0,4.0,,,,,,,,1,2,2,9,,1,3,4,3,1,1,3,5,2.0,,,,,,,2,2,4,2,1,1,2,2,3,2,2,4,1,2,1,1,2,2,1,1,2,2,1,2,3,98,2,0.44527024030685425,0.5804934501647949
43700,6,7,1557,1,5,0,1,1.0,,,,,1.0,1.0,2.0,1.0,1.0,2.0,2.0,2.0,2.0,2.0,,,,1.0,2.0,3.0,5.0,,,,,,2,3,9,9,,2,3,3,2,2,2,2,8,,,,,,,,1,3,3,2,2,3,2,1,3,2,3,3,1,2,3,3,2,3,3,2,1,1,1,3,3,3,1,0.3755590319633484,0.5079236626625061
43706,4,16,1760,1,8,1,1,,,,,,1.0,1.0,2.0,1.0,1.0,1.0,1.0,2.0,2.0,2.0,,,,1.0,2.0,3.0,4.0,5.0,6.0,,,,1,3,4,1,1.0,3,3,3,3,3,3,2,4,,,,,,,,2,3,2,1,3,3,3,2,3,2,3,4,1,2,3,3,3,3,3,1,2,2,1,2,1,5,5,0.40249672532081604,0.40436068177223206
43707,2,12,4035,1,3,0,3,3.0,1.0,1.0,1.0,2.0,,,,,,,,,,,,,,,,,,,,,,,3,3,3,9,,2,1,1,1,1,1,4,2,4.0,,,,,,,1,3,4,2,1,1,1,2,3,2,3,3,1,2,1,2,1,3,1,1,2,2,1,4,5,6,3,0.22039549052715302,0.17154793441295624
43708,5,4,2931,1,4,0,3,3.0,1.0,1.0,1.0,1.0,,,,,,,,,,,,,,,,,,,,,,,1,2,3,3,3.0,2,3,3,2,2,2,3,5,2.0,4.0,,,,,,2,2,4,2,2,2,2,2,2,2,2,4,1,2,2,2,2,3,3,1,1,1,1,3,1,2,2,0.3526615500450134,0.3763154149055481
43716,1,17,1932,1,4,0,2,2.0,,,,,1.0,2.0,2.0,2.0,1.0,2.0,1.0,1.0,2.0,2.0,,,,2.0,3.0,4.0,9.0,,,,,,1,1,2,1,1.0,1,2,3,1,2,2,2,1,,,,,,,,2,3,3,2,1,1,1,4,3,2,2,4,2,2,2,3,3,2,4,1,2,2,1,4,4,7,5,0.32957592606544495,0.2995974123477936
43717,1,12,1342,1,3,1,1,,,,,,1.0,1.0,2.0,1.0,2.0,2.0,1.0,1.0,2.0,2.0,,,,1.0,3.0,4.0,5.0,9.0,,,,,2,3,4,9,,2,2,3,1,1,2,3,4,,,,,,,,2,4,3,2,2,2,2,1,3,2,3,4,1,2,3,3,3,2,2,1,2,2,1,3,1,4,2,0.32957592606544495,0.2995974123477936
43722,6,4,2442,1,4,0,3,3.0,1.0,1.0,1.0,2.0,,,,,,,,,,,,,,,,,,,,,,,1,2,2,9,,2,3,3,2,2,2,2,1,5.0,3.0,4.0,8.0,,,,1,2,4,2,1,1,2,3,3,2,2,4,1,2,2,2,2,2,3,1,2,2,1,2,3,3,2,0.5067484378814697,0.5817421674728394
43725,1,12,4918,1,3,0,3,3.0,1.0,1.0,1.0,1.0,,,,,,,,,,,,,,,,,,,,,,,1,1,1,1,1.0,1,1,2,1,3,2,2,2,,,,,,,,1,3,3,2,4,3,3,3,2,1,4,3,2,2,1,2,3,3,2,2,1,1,2,2,3,5,4,0.6506900787353516,0.4830988943576813
43730,5,4,2931,1,4,0,3,3.0,1.0,1.0,1.0,1.0,,,,,,,,,,,,,,,,,,,,,,,1,2,3,9,,3,3,2,3,4,3,3,1,,,,,,,,2,2,4,2,3,2,2,2,3,2,3,3,1,2,3,3,3,2,4,1,2,2,1,4,3,5,2,0.44527024030685425,0.45991402864456177
43731,5,16,1788,1,8,0,3,3.0,1.0,1.0,1.0,1.0,,,,,,,,,,,,,,,,,,,,,,,1,2,4,3,3.0,2,3,3,2,2,2,2,2,1.0,,,,,,,1,2,3,2,2,3,3,2,3,2,3,4,1,2,3,2,2,2,2,1,2,2,1,2,3,2,2,0.44527024030685425,0.45991402864456177
43749,4,16,2327,1,8,0,3,3.0,1.0,2.0,1.0,1.0,,,,,,,,,,,,,,,,,,,,,,,2,1,2,3,3.0,1,1,3,1,2,1,3,8,,,,,,,,1,2,4,2,1,1,1,1,3,2,3,3,1,2,3,3,3,1,3,1,2,2,1,3,3,4,5,0.40249672532081604,0.32036837935447693
43773,5,16,1507,1,8,0,1,1.0,,,,,1.0,1.0,2.0,1.0,1.0,2.0,1.0,2.0,2.0,2.0,,,,1.0,2.0,3.0,4.0,5.0,,,,,3,3,4,3,3.0,2,2,3,2,2,2,2,2,,,,,,,,2,3,3,1,3,3,3,2,3,2,3,4,1,2,2,2,2,2,2,1,1,1,1,2,1,5,2,0.3526615500450134,0.4749772846698761
43774,5,12,1468,1,3,0,3,3.0,1.0,1.0,1.0,1.0,,,,,,,,,,,,,,,,,,,,,,,1,2,3,3,3.0,1,3,3,2,1,1,3,2,5.0,,,,,,,2,2,4,2,1,1,2,3,3,2,2,3,1,2,2,3,2,3,3,1,1,1,1,2,1,4,1,0.3526615500450134,0.3763154149055481
43778,5,14,2040,1,7,0,2,2.0,,,,,2.0,2.0,2.0,2.0,2.0,2.0,2.0,2.0,2.0,1.0,13.0,,ÉLUS PAR ACCLAMATION,10.0,,,,,,,,,1,2,3,3,3.0,2,3,2,2,2,2,2,2,4.0,,,,,,,2,2,3,2,1,2,2,2,3,2,3,4,1,1,1,2,2,3,2,1,1,1,1,2,1,7,2,0.3526615500450134,0.4749772846698761
43792,5,12,4918,1,3,0,2,2.0,,,,,1.0,1.0,1.0,2.0,2.0,2.0,2.0,2.0,2.0,2.0,,,,1.0,3.0,7.0,,,,,,,1,3,4,9,,2,2,2,3,3,2,2,7,,,,,,,,2,4,3,2,2,2,2,2,3,2,4,4,1,2,3,2,2,3,2,1,2,2,1,2,3,3,2,0.44527024030685425,0.5804934501647949
43794,2,14,2194,1,7,0,1,1.0,,,,,1.0,2.0,2.0,2.0,2.0,2.0,1.0,2.0,2.0,2.0,,,,3.0,4.0,,,,,,,,2,3,3,9,,2,2,3,2,3,2,2,6,1.0,5.0,,,,,,2,2,2,1,2,3,3,3,3,2,3,2,1,2,3,3,3,3,3,1,2,2,1,2,1,5,3,0.22039549052715302,0.21652396023273468
43797,2,11,2341,1,1,0,3,3.0,1.0,1.0,1.0,1.0,,,,,,,,,,,,,,,,,,,,,,,1,2,3,3,3.0,1,2,2,1,2,3,3,6,1.0,5.0,,,,,,2,2,4,2,1,2,1,1,3,2,2,2,1,2,4,4,4,4,4,1,2,2,1,3,1,6,2,0.22039549052715302,0.17154793441295624
43804,2,17,986,1,4,1,3,,1.0,2.0,2.0,2.0,,,,,,,,,,,,,,,,,,,,,,,2,2,2,3,3.0,2,3,3,2,2,2,2,4,5.0,3.0,,,,,,2,2,2,2,2,2,2,3,2,2,2,4,1,2,3,2,2,2,3,1,2,2,1,9,1,6,2,0.22039549052715302,0.17154793441295624
43807,1,1,2773,1,1,0,1,1.0,,,,,2.0,1.0,2.0,2.0,2.0,2.0,2.0,2.0,2.0,2.0,,,,1.0,,,,,,,,,1,3,4,3,3.0,2,2,3,2,2,2,2,5,4.0,,,,,,,1,3,1,9,2,3,2,2,3,2,3,4,2,2,3,2,3,2,3,1,2,2,1,2,4,4,2,0.32957592606544495,0.2995974123477936
43817,4,12,4918,1,3,0,1,1.0,,,,,2.0,1.0,1.0,1.0,1.0,2.0,1.0,2.0,2.0,2.0,,,,1.0,2.0,4.0,5.0,7.0,,,,,2,3,4,9,,2,3,3,2,2,3,1,5,,,,,,,,2,4,3,2,2,2,2,2,2,2,2,4,1,2,1,1,1,2,1,1,2,2,1,4,1,7,2,0.40249672532081604,0.40436068177223206
43821,6,15,498,1,7,0,3,3.0,1.0,1.0,1.0,1.0,,,,,,,,,,,,,,,,,,,,,,,1,2,9,9,,2,3,3,2,2,3,3,2,8.0,1.0,,,,,,1,1,4,1,1,1,1,4,2,1,1,4,1,2,2,2,2,3,4,1,2,2,1,2,3,98,1,0.5067484378814697,0.5817421674728394
43828,1,17,4766,1,4,0,1,1.0,,,,,1.0,1.0,2.0,1.0,1.0,1.0,2.0,2.0,2.0,2.0,,,,1.0,2.0,3.0,5.0,6.0,,,,,2,2,3,3,3.0,2,3,3,2,1,2,3,5,4.0,1.0,,,,,,2,2,1,9,4,4,2,1,2,2,3,4,2,2,1,1,2,3,1,1,1,1,1,9,1,1,9,0.6307944655418396,0.6320086717605591
43839,6,3,4414,1,3,0,3,3.0,1.0,1.0,1.0,1.0,,,,,,,,,,,,,,,,,,,,,,,2,2,3,9,,2,3,3,2,2,3,2,1,5.0,4.0,,,,,,1,3,4,2,2,3,3,2,3,2,3,4,1,2,2,2,2,3,1,1,1,1,1,3,3,6,2,0.3640757203102112,0.41710540652275085
43841,1,5,704,1,5,0,3,3.0,1.0,1.0,1.0,1.0,,,,,,,,,,,,,,,,,,,,,,,1,3,3,3,3.0,2,3,3,2,2,3,2,4,1.0,8.0,,,,,,1,3,4,2,2,2,2,2,3,2,2,2,2,2,3,2,3,2,3,1,2,2,1,2,2,98,3,0.32957592606544495,0.2373657077550888
43846,2,3,1103,1,3,0,3,3.0,1.0,1.0,3.0,1.0,,,,,,,,,,,,,,,,,,,,,,,1,2,2,9,,3,1,3,3,3,3,3,8,4.0,3.0,,,,,,1,1,2,1,1,1,1,3,2,2,3,2,1,2,3,3,3,2,2,1,2,2,1,3,1,3,2,0.22039549052715302,0.17154793441295624
43847,6,3,3870,1,3,0,1,1.0,,,,,2.0,2.0,2.0,2.0,1.0,2.0,2.0,2.0,2.0,2.0,,,,2.0,,,,,,,,,1,3,3,9,,1,4,4,1,2,2,2,9,,,,,,,,1,3,3,2,2,2,2,2,3,2,3,4,1,2,3,4,2,2,2,1,2,2,1,3,3,3,1,0.5067484378814697,0.7342579960823059
43855,2,14,2040,1,7,0,2,2.0,,,,,2.0,2.0,1.0,1.0,1.0,1.0,2.0,1.0,2.0,2.0,,,,2.0,5.0,6.0,7.0,9.0,,,,,2,2,4,9,,3,3,3,2,2,3,2,1,2.0,,,,,,,2,3,3,2,2,2,2,2,3,2,3,2,1,2,2,2,2,3,2,1,1,1,1,3,1,5,3,0.35864144563674927,0.4015221893787384
43860,1,16,2002,1,8,0,1,1.0,,,,,2.0,1.0,2.0,2.0,2.0,1.0,1.0,2.0,2.0,2.0,,,,1.0,4.0,6.0,,,,,,,3,3,4,9,,2,2,4,1,1,1,2,9,,,,,,,,2,3,3,2,3,2,2,2,3,1,3,4,2,2,3,2,3,1,4,1,2,2,1,3,4,7,6,0.32957592606544495,0.2995974123477936
43864,4,12,2552,1,3,0,1,1.0,,,,,1.0,2.0,2.0,1.0,1.0,2.0,2.0,2.0,2.0,2.0,,,,2.0,3.0,5.0,,,,,,,3,3,4,9,,2,2,2,2,2,2,1,9,,,,,,,,2,4,2,1,2,3,3,1,3,2,3,4,1,2,3,3,3,3,3,1,2,2,1,2,5,2,5,0.40249672532081604,0.40436068177223206
43866,4,17,2386,1,4,0,2,2.0,,,,,2.0,2.0,2.0,2.0,1.0,1.0,2.0,2.0,2.0,2.0,,,,2.0,6.0,,,,,,,,2,2,3,9,,2,3,3,2,2,2,2,3,1.0,5.0,,,,,,2,3,3,1,2,3,3,3,3,2,2,4,1,2,2,2,2,3,2,1,2,2,1,3,1,5,5,0.40249672532081604,0.40436068177223206
43870,1,12,830,1,3,0,3,3.0,1.0,1.0,1.0,1.0,,,,,,,,,,,,,,,,,,,,,,,1,2,2,3,3.0,2,3,3,2,1,3,2,2,8.0,5.0,4.0,1.0,,,,2,3,3,2,1,1,1,3,2,1,2,4,2,2,4,2,3,3,3,1,2,2,1,5,1,8,5,0.32957592606544495,0.2373657077550888
43873,4,15,1783,1,7,0,1,1.0,,,,,1.0,1.0,1.0,1.0,1.0,1.0,1.0,2.0,1.0,2.0,,,,1.0,2.0,3.0,4.0,5.0,6.0,7.0,8.0,,3,3,9,9,,4,1,1,4,4,4,1,4,5.0,2.0,,,,,,2,4,2,1,4,4,4,1,9,2,4,2,2,2,4,1,1,4,1,1,2,2,1,2,1,2,5,0.40249672532081604,0.40436068177223206
43875,2,12,1655,1,3,1,1,,,,,,2.0,1.0,2.0,2.0,2.0,2.0,2.0,2.0,2.0,2.0,,,,1.0,,,,,,,,,3,3,4,9,,2,2,2,2,3,2,2,9,,,,,,,,2,2,3,1,1,1,3,1,3,1,2,2,1,2,2,2,2,3,3,1,2,2,1,5,1,8,3,0.22039549052715302,0.21652396023273468
43892,2,12,1521,1,3,0,3,3.0,1.0,1.0,2.0,1.0,,,,,,,,,,,,,,,,,,,,,,,3,3,2,3,3.0,2,3,2,4,4,2,3,4,8.0,,,,,,,1,3,4,2,3,3,2,2,3,1,3,2,1,2,2,3,1,4,1,1,2,2,1,4,5,5,3,0.22039549052715302,0.17154793441295624
43899,1,15,3661,1,7,0,2,2.0,,,,,2.0,2.0,2.0,2.0,1.0,2.0,1.0,1.0,2.0,2.0,,,,2.0,4.0,9.0,,,,,,,2,1,4,9,,3,3,3,2,3,3,2,5,,,,,,,,2,3,3,2,3,2,1,1,2,2,3,2,2,1,3,2,2,3,4,2,2,2,1,4,1,3,1,0.3399709165096283,0.2890481650829315
43908,6,11,2341,1,1,0,3,3.0,1.0,1.0,1.0,1.0,,,,,,,,,,,,,,,,,,,,,,,1,2,9,9,,2,3,3,2,2,2,2,2,1.0,,,,,,,2,2,4,2,2,2,2,3,3,2,2,4,1,2,2,2,2,2,3,1,2,2,1,2,3,98,2,0.5067484378814697,0.5817421674728394
43911,4,3,719,1,3,1,1,,,,,,2.0,2.0,2.0,2.0,2.0,2.0,2.0,2.0,2.0,1.0,13.0,,VOTE PAR ACCLAMATION DANS MA VILLE.,10.0,,,,,,,,,1,2,2,9,,2,4,3,2,2,2,3,2,,,,,,,,2,2,4,2,2,2,2,3,2,1,2,3,1,2,3,3,2,2,2,1,2,2,2,5,1,6,5,0.40249672532081604,0.40436068177223206
43913,2,17,1619,1,4,0,3,3.0,1.0,2.0,2.0,2.0,,,,,,,,,,,,,,,,,,,,,,,3,3,3,3,3.0,2,2,3,2,2,2,2,1,,,,,,,,2,4,2,1,3,2,2,1,3,2,3,3,1,2,3,1,2,1,4,1,2,2,1,2,1,4,3,0.22039549052715302,0.17154793441295624
43922,6,12,3058,1,3,0,1,1.0,,,,,1.0,1.0,1.0,1.0,1.0,1.0,1.0,1.0,1.0,2.0,,,,1.0,2.0,3.0,4.0,5.0,6.0,7.0,8.0,9.0,3,3,3,9,,2,3,3,2,2,2,2,2,,,,,,,,1,3,2,1,2,2,2,1,2,2,3,4,1,2,2,2,2,2,2,1,2,2,1,2,1,3,1,0.5067484378814697,0.7342579960823059
43938,6,11,2341,1,1,0,2,2.0,,,,,1.0,1.0,1.0,1.0,1.0,2.0,2.0,2.0,2.0,2.0,,,,1.0,2.0,3.0,5.0,7.0,,,,,1,3,4,3,3.0,2,3,2,3,2,3,3,1,,,,,,,,2,3,3,1,2,2,3,1,3,2,2,4,1,2,3,3,3,3,3,1,2,2,1,3,1,3,1,0.5067484378814697,0.7342579960823059
43944,6,4,1881,1,4,0,3,3.0,2.0,,,1.0,,,,,,,,,,,,,,,,,,,,,,,1,2,2,9,,2,2,3,2,1,2,2,1,4.0,3.0,,,,,,1,2,4,2,1,2,4,2,3,1,2,4,2,2,3,3,1,3,3,1,2,2,1,2,3,1,1,0.5067484378814697,0.5817421674728394
43947,2,15,577,1,7,0,3,3.0,1.0,1.0,1.0,1.0,,,,,,,,,,,,,,,,,,,,,,,1,2,1,9,,2,3,3,2,2,1,3,5,1.0,4.0,8.0,,,,,1,3,3,2,2,2,2,2,3,1,2,2,2,1,2,3,2,3,3,2,2,2,1,4,1,2,2,0.22734686732292175,0.16550791263580322
43952,5,16,2289,1,8,0,3,3.0,1.0,1.0,1.0,1.0,,,,,,,,,,,,,,,,,,,,,,,1,2,9,9,,1,4,3,2,2,1,4,1,8.0,,,,,,,1,1,4,2,1,1,2,3,2,1,1,4,1,1,4,1,1,3,2,1,1,1,1,3,1,6,2,0.3526615500450134,0.3763154149055481
43955,2,7,2518,1,5,0,3,3.0,1.0,1.0,1.0,1.0,,,,,,,,,,,,,,,,,,,,,,,2,2,9,9,,1,2,4,2,1,3,4,3,4.0,5.0,1.0,,,,,2,3,4,2,1,1,1,4,1,2,2,4,1,1,1,3,1,3,3,1,2,2,1,2,1,2,1,0.22039549052715302,0.17154793441295624
43956,5,5,2156,1,5,0,3,3.0,1.0,1.0,1.0,1.0,,,,,,,,,,,,,,,,,,,,,,,1,2,9,3,3.0,1,3,4,2,2,2,2,6,5.0,1.0,8.0,4.0,,,,1,1,4,2,1,1,2,3,2,1,1,4,1,1,2,3,2,3,2,1,1,1,1,4,3,7,5,0.3526615500450134,0.3763154149055481
43958,2,12,1655,1,3,1,2,,,,,,2.0,2.0,2.0,2.0,1.0,2.0,2.0,2.0,2.0,2.0,,,,2.0,,,,,,,,,2,1,2,1,1.0,2,3,3,2,1,2,3,1,,,,,,,,2,2,3,2,2,1,3,4,3,1,2,2,1,1,4,2,3,4,4,1,2,2,1,4,1,99,2,0.22039549052715302,0.21652396023273468
43960,6,5,4514,1,5,0,3,3.0,1.0,1.0,1.0,1.0,,,,,,,,,,,,,,,,,,,,,,,1,3,4,3,3.0,3,1,1,4,4,4,4,1,,,,,,,,2,3,4,2,1,2,3,2,3,2,4,4,1,2,2,2,1,2,1,1,1,1,1,3,3,5,2,0.3640757203102112,0.41710540652275085
43973,2,16,1005,1,8,0,3,3.0,1.0,1.0,1.0,1.0,,,,,,,,,,,,,,,,,,,,,,,1,1,2,9,,2,2,3,2,2,2,3,4,5.0,8.0,,,,,,2,2,4,2,2,1,1,2,3,2,2,4,2,2,3,2,3,3,2,1,2,2,1,4,9,98,1,0.22039549052715302,0.17154793441295624
43976,5,15,3661,1,7,0,1,1.0,,,,,2.0,2.0,1.0,1.0,1.0,1.0,2.0,2.0,2.0,2.0,,,,2.0,5.0,6.0,7.0,,,,,,2,3,4,9,,2,3,3,2,2,2,2,9,,,,,,,,2,2,2,1,3,3,3,2,3,1,3,4,1,2,3,2,3,1,2,1,1,1,2,3,2,3,2,0.3526615500450134,0.4749772846698761
43984,4,14,2286,1,7,0,3,3.0,1.0,1.0,1.0,1.0,,,,,,,,,,,,,,,,,,,,,,,2,1,4,9,,2,1,1,3,2,3,3,2,5.0,,,,,,,2,3,2,1,1,1,3,2,3,2,2,2,2,2,3,1,2,3,1,1,2,2,1,2,5,2,4,0.40249672532081604,0.32036837935447693
43986,2,15,1604,1,7,0,2,2.0,,,,,2.0,2.0,2.0,2.0,2.0,2.0,1.0,2.0,2.0,1.0,12.0,,WAS IN THE PROCESS OF MOVING FROM ONE MUNICIPALITY TO ANOTHER. DID NOT HAVE TIME TO SORT OUT REGISTR,4.0,10.0,,,,,,,,1,1,3,3,3.0,3,3,3,2,2,2,4,1,,,,,,,,1,3,3,2,1,2,1,3,3,2,3,1,1,2,2,2,2,3,2,2,2,2,1,2,1,99,3,0.22734686732292175,0.20890000462532043
43987,4,7,2150,1,5,0,1,1.0,,,,,1.0,2.0,1.0,2.0,2.0,2.0,2.0,2.0,2.0,2.0,,,,3.0,7.0,,,,,,,,2,3,4,9,,2,2,2,3,3,3,3,2,1.0,,,,,,,1,4,1,1,3,3,2,1,3,2,2,4,2,2,2,2,3,3,2,1,2,2,1,4,1,5,2,0.40249672532081604,0.40436068177223206
43988,1,12,357,1,3,0,3,3.0,1.0,1.0,1.0,1.0,,,,,,,,,,,,,,,,,,,,,,,1,1,2,9,,2,2,3,1,2,2,3,1,7.0,3.0,4.0,5.0,2.0,,,2,2,4,2,2,2,1,3,2,1,3,4,2,2,3,1,2,3,4,1,2,2,1,3,4,1,2,0.32957592606544495,0.2373657077550888
44010,2,15,4545,1,7,0,1,1.0,,,,,1.0,1.0,1.0,1.0,2.0,2.0,2.0,2.0,2.0,2.0,,,,1.0,3.0,5.0,7.0,,,,,,3,3,3,2,2.0,3,2,2,2,2,2,2,4,,,,,,,,2,4,2,1,2,1,2,2,1,2,2,2,2,2,3,3,3,2,2,1,2,2,1,4,5,1,3,0.22039549052715302,0.21652396023273468
44019,6,16,1758,1,8,0,3,3.0,1.0,1.0,1.0,2.0,,,,,,,,,,,,,,,,,,,,,,,1,2,2,9,,1,2,2,2,2,2,3,4,8.0,,,,,,,1,2,4,1,1,2,1,2,9,2,2,2,2,2,3,2,2,3,3,2,1,1,1,2,3,98,2,0.3755590319633484,0.40241941809654236
44024,6,12,1655,1,3,1,1,,,,,,1.0,1.0,2.0,1.0,1.0,1.0,2.0,2.0,2.0,2.0,,,,1.0,2.0,3.0,5.0,6.0,,,,,3,3,4,9,,4,1,2,3,4,1,1,9,,,,,,,,2,4,3,1,3,3,4,2,3,2,4,2,2,2,2,1,1,1,1,1,2,2,1,2,3,98,2,0.5067484378814697,0.7342579960823059
44025,2,16,2510,1,8,0,3,3.0,1.0,1.0,1.0,2.0,,,,,,,,,,,,,,,,,,,,,,,2,1,3,9,,3,2,3,2,2,3,2,4,2.0,,,,,,,1,4,3,1,2,3,3,2,3,2,2,3,1,2,2,1,2,1,1,1,2,2,1,3,1,4,3,0.22039549052715302,0.17154793441295624
44035,2,12,3510,1,3,0,1,1.0,,,,,2.0,1.0,2.0,2.0,2.0,2.0,1.0,2.0,2.0,1.0,17.0,,JE N'ES JAMAIS REÇU MES PAPIERS POUR ALLER VOTER,1.0,4.0,10.0,,,,,,,3,3,9,3,3.0,2,3,3,2,3,2,2,2,,,,,,,,1,4,2,1,3,3,3,1,3,2,3,3,1,2,2,2,2,2,3,1,2,2,1,2,5,3,3,0.22039549052715302,0.21652396023273468
44037,4,1,223,1,1,0,3,3.0,1.0,1.0,1.0,1.0,,,,,,,,,,,,,,,,,,,,,,,1,1,3,9,,3,4,3,3,2,4,3,2,4.0,8.0,,,,,,2,3,4,2,1,2,1,2,3,2,2,4,1,2,2,3,2,1,2,1,2,2,1,3,1,3,3,0.40249672532081604,0.32036837935447693
44043,5,16,3609,1,8,0,3,3.0,1.0,1.0,1.0,1.0,,,,,,,,,,,,,,,,,,,,,,,1,2,9,3,3.0,1,3,3,1,1,2,3,2,,,,,,,,2,2,4,2,1,1,1,3,2,2,2,3,1,1,2,2,2,3,3,1,1,1,2,3,1,7,5,0.3526615500450134,0.3763154149055481
44046,4,12,2552,1,3,0,1,1.0,,,,,1.0,2.0,2.0,1.0,1.0,2.0,2.0,2.0,2.0,2.0,,,,2.0,3.0,5.0,,,,,,,3,3,4,9,,2,2,2,2,3,2,2,9,,,,,,,,2,4,2,1,3,3,3,1,3,2,3,4,1,2,2,3,2,3,3,1,2,2,1,2,5,2,5,0.40249672532081604,0.40436068177223206
44061,6,17,2143,1,4,0,3,3.0,1.0,1.0,1.0,1.0,,,,,,,,,,,,,,,,,,,,,,,1,1,2,9,,2,2,2,2,3,3,4,8,4.0,,,,,,,1,2,4,2,2,1,2,3,3,2,1,4,1,1,3,3,2,4,2,1,1,1,1,2,3,2,2,0.3640757203102112,0.41710540652275085
44066,2,15,2479,1,7,0,1,1.0,,,,,1.0,1.0,2.0,1.0,1.0,2.0,2.0,2.0,2.0,2.0,,,,1.0,2.0,3.0,5.0,,,,,,3,3,4,9,,2,2,3,1,3,2,1,9,,,,,,,,2,4,2,9,4,4,4,1,3,2,3,2,2,2,2,1,2,2,2,1,2,2,1,2,1,3,2,0.22039549052715302,0.21652396023273468
44070,2,7,2150,1,5,0,1,1.0,,,,,2.0,2.0,2.0,2.0,2.0,2.0,2.0,2.0,2.0,2.0,,,,11.0,,,,,,,,,3,3,9,9,,2,2,3,4,3,1,3,9,,,,,,,,2,4,4,9,1,2,3,1,3,2,3,4,2,2,4,2,1,3,3,1,2,2,1,2,4,2,3,0.22039549052715302,0.21652396023273468
44079,2,12,2546,1,3,0,3,3.0,1.0,2.0,1.0,1.0,,,,,,,,,,,,,,,,,,,,,,,1,1,1,3,3.0,1,3,4,2,2,2,3,1,5.0,4.0,,,,,,1,3,4,2,1,1,1,3,3,1,1,4,1,2,2,1,2,1,2,1,2,2,1,3,1,7,3,0.22039549052715302,0.17154793441295624
44090,2,16,2184,1,8,0,1,1.0,,,,,2.0,1.0,2.0,2.0,2.0,2.0,1.0,2.0,2.0,2.0,,,,1.0,4.0,,,,,,,,3,3,4,9,,2,3,3,2,2,2,2,9,,,,,,,,2,4,1,9,1,1,1,1,3,2,2,1,1,1,3,3,3,3,3,2,2,2,1,3,1,4,2,0.22734686732292175,0.20890000462532043
44093,6,17,529,1,4,1,3,,1.0,1.0,1.0,1.0,,,,,,,,,,,,,,,,,,,,,,,2,3,3,3,3.0,2,3,3,2,2,1,3,1,,,,,,,,2,2,2,2,1,1,1,3,2,2,2,3,1,2,3,2,2,2,2,1,1,1,1,2,3,2,2,0.3640757203102112,0.41710540652275085
44096,6,14,4072,1,7,0,3,3.0,1.0,1.0,1.0,1.0,,,,,,,,,,,,,,,,,,,,,,,1,1,3,9,,2,3,3,2,2,2,2,3,1.0,8.0,4.0,,,,,1,2,4,1,2,2,1,4,1,2,1,4,1,2,3,2,2,3,2,1,1,1,1,4,3,5,2,0.3640757203102112,0.41710540652275085
44107,2,12,2601,1,3,0,3,3.0,1.0,1.0,1.0,1.0,,,,,,,,,,,,,,,,,,,,,,,1,2,2,3,3.0,1,3,3,2,3,2,3,1,5.0,,,,,,,2,3,4,2,2,2,3,2,3,2,2,4,1,2,2,1,1,3,3,1,2,2,1,4,1,6,3,0.22039549052715302,0.17154793441295624
44110,2,17,986,1,4,1,3,,1.0,1.0,1.0,2.0,,,,,,,,,,,,,,,,,,,,,,,2,2,2,3,3.0,2,2,1,1,2,2,2,4,5.0,,,,,,,2,2,2,2,2,1,1,2,2,2,2,4,1,2,2,2,2,2,2,1,2,2,1,3,1,6,2,0.22039549052715302,0.17154793441295624
44116,1,16,2829,1,8,0,2,2.0,,,,,1.0,1.0,2.0,1.0,2.0,2.0,2.0,2.0,2.0,2.0,,,,1.0,3.0,5.0,,,,,,,3,3,4,9,,2,2,2,2,3,2,2,9,,,,,,,,2,4,4,2,2,2,2,1,3,2,3,2,1,2,2,2,2,3,3,1,2,2,1,2,1,98,9,0.32957592606544495,0.2995974123477936
44118,5,7,2150,1,5,0,3,3.0,1.0,1.0,1.0,1.0,,,,,,,,,,,,,,,,,,,,,,,1,2,3,3,3.0,1,2,2,2,1,3,1,4,8.0,1.0,,,,,,1,2,4,2,1,1,1,3,1,1,3,2,1,2,1,3,1,3,1,1,1,1,1,4,1,98,2,0.3526615500450134,0.3763154149055481
44119,6,11,2015,1,1,0,3,3.0,1.0,1.0,1.0,1.0,,,,,,,,,,,,,,,,,,,,,,,2,2,2,3,3.0,1,3,3,2,2,2,2,2,8.0,6.0,,,,,,1,2,4,2,2,2,1,3,3,1,1,4,1,1,2,2,3,4,4,2,1,1,1,3,1,2,1,0.3755590319633484,0.40241941809654236
44131,2,15,1431,1,7,0,2,2.0,,,,,2.0,1.0,1.0,2.0,1.0,1.0,1.0,2.0,2.0,2.0,,,,1.0,2.0,4.0,6.0,7.0,,,,,1,1,3,1,1.0,3,2,1,4,3,2,4,4,5.0,7.0,3.0,2.0,1.0,,,1,3,1,2,1,3,3,2,3,1,3,3,2,2,2,1,1,1,2,1,2,2,1,2,1,1,3,0.22039549052715302,0.21652396023273468
44133,2,12,4918,1,3,0,3,3.0,1.0,1.0,2.0,1.0,,,,,,,,,,,,,,,,,,,,,,,2,1,2,3,3.0,2,3,3,2,2,2,3,5,4.0,,,,,,,2,3,4,2,1,2,2,2,3,1,3,3,1,1,1,2,2,2,3,1,2,2,1,3,1,5,3,0.22039549052715302,0.17154793441295624
44134,4,17,3085,1,4,0,1,1.0,,,,,2.0,2.0,2.0,2.0,2.0,2.0,2.0,2.0,2.0,1.0,13.0,,"IL N'Y A PAS EU D'ÉLECTIONS DANS MA MUNICIPALITÉ, TOUS ONT ÉTÉ ÉLUS SANS OPPOSITION...",10.0,,,,,,,,,3,3,9,9,,2,3,2,2,2,2,2,9,,,,,,,,2,3,4,2,2,3,3,2,3,2,3,4,1,2,2,2,2,2,2,1,2,2,1,3,1,3,2,0.40249672532081604,0.40436068177223206
44141,5,14,643,1,7,0,3,3.0,1.0,1.0,1.0,1.0,,,,,,,,,,,,,,,,,,,,,,,1,2,1,3,3.0,1,3,3,2,2,1,3,8,4.0,2.0,,,,,,1,2,4,2,2,2,2,4,1,1,2,2,1,2,2,3,2,3,3,1,1,1,1,5,3,4,2,0.3526615500450134,0.3763154149055481
44144,2,12,1655,1,3,1,1,,,,,,2.0,1.0,2.0,2.0,1.0,1.0,1.0,2.0,2.0,2.0,,,,1.0,2.0,4.0,6.0,,,,,,3,3,4,9,,4,3,2,2,2,3,2,9,,,,,,,,2,3,2,2,3,3,2,1,3,2,3,3,1,2,2,2,4,2,2,1,2,2,1,2,1,2,3,0.22039549052715302,0.21652396023273468
44148,2,14,1840,1,7,0,3,3.0,1.0,1.0,1.0,1.0,,,,,,,,,,,,,,,,,,,,,,,1,2,1,3,3.0,2,4,4,2,1,2,1,7,2.0,1.0,8.0,,,,,1,2,4,2,1,1,1,3,3,1,1,3,1,1,3,3,3,4,1,3,2,2,1,4,1,3,1,0.22734686732292175,0.16550791263580322
44150,1,16,2384,1,8,0,1,1.0,,,,,1.0,1.0,2.0,1.0,1.0,2.0,2.0,2.0,2.0,2.0,,,,1.0,2.0,3.0,5.0,,,,,,3,3,4,3,3.0,2,1,2,2,4,3,2,6,,,,,,,,2,4,2,1,4,1,3,2,3,2,2,4,2,2,4,3,2,1,3,1,2,2,1,2,4,99,6,0.32957592606544495,0.2995974123477936
44152,2,14,4348,1,7,0,2,2.0,,,,,2.0,2.0,2.0,2.0,2.0,2.0,2.0,2.0,2.0,1.0,18.0,,J'ÉTAIS TROP PARESSEUX POUR SORTIR UN DIMANCHE,10.0,,,,,,,,,1,1,3,3,3.0,2,3,3,2,2,2,3,5,1.0,,,,,,,1,3,3,2,2,2,2,2,2,2,2,4,1,2,2,3,3,3,3,1,1,1,1,2,2,2,1,0.35864144563674927,0.4015221893787384
44166,2,14,3495,1,7,0,1,1.0,,,,,1.0,1.0,2.0,2.0,2.0,2.0,2.0,2.0,2.0,2.0,,,,1.0,3.0,,,,,,,,3,3,9,9,,4,4,4,4,4,4,4,9,,,,,,,,2,4,1,9,2,2,4,1,3,9,3,2,2,2,3,4,3,3,3,1,1,1,1,3,1,5,3,0.35864144563674927,0.4015221893787384
44173,6,16,3818,1,8,0,1,1.0,,,,,2.0,2.0,2.0,2.0,2.0,2.0,2.0,1.0,2.0,2.0,,,,9.0,,,,,,,,,3,3,4,9,,3,1,1,4,4,1,1,4,,,,,,,,2,4,2,1,4,4,4,1,3,2,4,3,1,2,1,1,4,1,1,2,1,1,1,2,3,2,1,0.3755590319633484,0.5079236626625061
44175,6,2,1059,1,2,0,3,3.0,1.0,1.0,1.0,1.0,,,,,,,,,,,,,,,,,,,,,,,1,2,2,3,3.0,1,3,3,2,2,2,2,7,8.0,4.0,1.0,,,,,1,1,4,2,2,2,1,4,3,2,1,4,1,1,3,2,4,3,3,1,1,1,1,2,3,4,2,0.3640757203102112,0.41710540652275085
44177,5,14,1703,1,7,1,3,,1.0,1.0,1.0,1.0,,,,,,,,,,,,,,,,,,,,,,,2,3,4,9,,2,3,2,2,2,2,2,2,3.0,4.0,5.0,,,,,2,3,4,2,2,2,2,3,3,2,3,2,1,2,2,2,2,2,3,1,1,1,1,3,1,7,2,0.3526615500450134,0.3763154149055481
44189,6,6,35117,3,6,0,3,3.0,1.0,2.0,2.0,1.0,,,,,,,,,,,,,,,,,,,,,,,1,1,3,3,3.0,3,2,2,3,3,3,3,3,4.0,2.0,,,,,,1,3,4,1,2,2,2,3,3,2,2,4,2,2,3,2,3,2,2,2,1,1,2,3,3,8,1,0.9102063179016113,0.6237942576408386
44190,6,14,86419,3,7,0,3,3.0,1.0,1.0,1.0,1.0,,,,,,,,,,,,,,,,,,,,,,,1,2,2,3,3.0,1,3,3,1,1,3,2,4,3.0,8.0,2.0,7.0,,,,1,2,4,2,1,1,1,2,3,2,1,4,1,2,3,3,2,3,3,1,1,1,1,4,3,4,2,0.8823754787445068,0.6465595364570618
44192,5,6,1825208,4,6,0,2,2.0,,,,,1.0,1.0,1.0,1.0,1.0,1.0,1.0,1.0,1.0,2.0,,,,1.0,2.0,3.0,4.0,5.0,6.0,7.0,8.0,9.0,1,3,4,1,1.0,3,2,2,3,3,3,2,3,,,,,,,,1,4,2,1,3,3,2,3,3,2,3,4,2,2,3,2,2,2,2,1,1,1,1,2,3,8,2,2.2852814197540283,5.685081958770752
44193,6,11,2710,1,1,0,3,3.0,1.0,1.0,1.0,1.0,,,,,,,,,,,,,,,,,,,,,,,1,1,2,3,3.0,1,3,3,2,2,2,2,1,6.0,4.0,2.0,,,,,2,2,3,2,2,2,2,2,2,9,2,4,1,2,2,2,2,2,2,1,2,2,1,2,3,4,2,0.5067484378814697,0.5817421674728394
44194,6,16,30391,3,8,0,3,3.0,1.0,1.0,2.0,2.0,,,,,,,,,,,,,,,,,,,,,,,1,2,3,3,3.0,2,3,2,3,2,2,2,3,5.0,1.0,,,,,,2,2,4,2,1,1,3,2,1,1,2,4,1,2,3,2,1,2,1,1,1,1,1,2,3,3,1,0.8823754787445068,0.6465595364570618
44195,5,5,170816,4,5,0,3,3.0,1.0,1.0,1.0,1.0,,,,,,,,,,,,,,,,,,,,,,,1,2,1,3,3.0,1,3,3,2,2,2,2,7,3.0,8.0,6.0,,,,,1,2,4,1,2,1,1,3,1,1,2,4,1,1,3,2,3,3,2,1,1,1,1,4,3,8,2,2.2852814197540283,1.3551445007324219
44196,5,3,549937,4,3,0,3,3.0,1.0,1.0,1.0,1.0,,,,,,,,,,,,,,,,,,,,,,,1,1,3,3,3.0,1,3,3,2,2,1,3,3,,,,,,,,2,1,4,2,1,2,1,3,3,2,2,4,1,2,2,1,1,3,2,2,1,1,1,3,1,8,3,2.3573615550994873,1.307429552078247
44197,5,6,1825208,4,6,0,2,2.0,,,,,2.0,2.0,1.0,2.0,2.0,1.0,1.0,2.0,1.0,2.0,,,,4.0,6.0,7.0,8.0,,,,,,1,2,4,3,3.0,1,3,2,2,1,1,3,6,3.0,,,,,,,1,2,3,1,3,2,3,2,3,2,2,4,2,2,3,3,1,1,2,1,1,1,1,2,1,2,1,2.2852814197540283,5.685081958770752
44198,5,2,147361,4,2,0,3,3.0,1.0,1.0,1.0,1.0,,,,,,,,,,,,,,,,,,,,,,,1,1,1,3,3.0,1,1,1,1,1,1,3,2,3.0,7.0,,,,,,1,1,3,2,1,1,1,3,1,1,1,4,1,2,1,1,1,1,1,1,1,1,1,3,1,4,3,2.2852814197540283,1.3551445007324219
44199,5,16,252226,4,8,0,3,3.0,1.0,1.0,1.0,1.0,,,,,,,,,,,,,,,,,,,,,,,1,1,1,3,3.0,1,4,4,1,2,1,3,3,1.0,8.0,2.0,,,,,1,2,4,2,1,2,1,2,3,2,2,4,1,2,2,2,2,3,3,1,1,1,1,3,3,4,2,2.2852814197540283,1.3551445007324219
44200,6,14,50455,3,7,0,3,3.0,1.0,1.0,1.0,1.0,,,,,,,,,,,,,,,,,,,,,,,1,1,3,3,3.0,4,2,2,3,1,2,4,6,7.0,3.0,8.0,4.0,2.0,,,1,1,4,2,1,2,2,3,1,1,2,4,1,1,3,2,2,2,1,1,1,1,1,3,3,6,2,0.8823754787445068,0.6465595364570618
44201,5,3,549937,4,3,0,3,3.0,1.0,1.0,1.0,1.0,,,,,,,,,,,,,,,,,,,,,,,1,1,1,3,3.0,1,3,3,1,1,1,3,2,,,,,,,,1,1,4,2,1,1,1,4,1,1,1,4,1,2,1,1,1,1,1,1,1,1,1,3,3,4,3,2.2852814197540283,1.3551445007324219
44202,6,14,14683,2,7,0,3,3.0,1.0,1.0,1.0,1.0,,,,,,,,,,,,,,,,,,,,,,,2,1,9,3,3.0,3,2,2,2,2,3,2,1,,,,,,,,1,3,4,2,1,1,2,2,3,2,3,4,1,2,2,2,1,1,1,1,1,1,1,4,3,4,2,0.42717334628105164,0.3541830778121948
44204,5,3,549937,4,3,0,2,2.0,,,,,2.0,2.0,2.0,2.0,2.0,2.0,1.0,1.0,1.0,1.0,10.0,,MA MÈRE AVAIT UN PROBLÈME DE SANTÉ.,4.0,8.0,9.0,10.0,,,,,,1,2,3,9,,2,2,3,2,1,3,2,2,3.0,6.0,1.0,,,,,2,2,2,1,2,3,3,3,3,2,3,4,1,2,3,2,1,2,2,1,1,1,1,4,1,3,1,2.2852814197540283,5.685081958770752
44205,6,16,50626,3,8,0,1,1.0,,,,,2.0,2.0,2.0,2.0,2.0,2.0,1.0,2.0,2.0,2.0,,,,4.0,,,,,,,,,3,3,4,9,,2,2,2,3,2,2,2,9,,,,,,,,2,4,2,1,2,3,2,2,3,2,2,4,1,2,2,3,2,3,3,2,1,1,2,2,3,7,5,0.9102063179016113,1.8212522268295288
44206,6,1,49733,3,1,0,3,3.0,1.0,1.0,1.0,1.0,,,,,,,,,,,,,,,,,,,,,,,1,2,2,3,3.0,1,3,3,2,2,2,2,2,8.0,1.0,3.0,5.0,,,,1,1,4,1,2,2,2,3,2,1,1,4,2,2,3,1,2,2,2,1,1,1,1,4,3,3,1,0.8823754787445068,0.6465595364570618
44207,5,6,1825208,4,6,0,1,1.0,,,,,2.0,2.0,2.0,2.0,2.0,2.0,2.0,2.0,1.0,2.0,,,,8.0,,,,,,,,,1,2,3,1,1.0,2,2,2,3,2,4,4,3,,,,,,,,1,2,3,1,2,2,2,3,3,2,4,4,2,2,4,3,3,3,2,2,1,1,1,3,3,2,2,2.3573615550994873,5.484915733337402
44209,5,4,139618,4,4,0,1,1.0,,,,,1.0,1.0,2.0,1.0,1.0,1.0,2.0,1.0,1.0,2.0,,,,1.0,2.0,3.0,5.0,6.0,8.0,9.0,,,3,3,4,9,,2,2,3,3,3,3,1,1,,,,,,,,2,4,3,1,3,3,3,1,3,2,3,2,2,2,3,2,3,2,2,1,2,2,1,3,3,2,2,2.88539457321167,6.948019981384277
44210,5,16,252226,4,8,0,3,3.0,2.0,,,2.0,,,,,,,,,,,,,,,,,,,,,,,1,1,3,9,,2,3,3,2,2,2,2,8,7.0,1.0,,,,,,1,3,4,2,2,2,3,2,3,2,2,4,1,2,3,2,2,3,2,1,1,1,1,3,2,4,1,2.2852814197540283,1.3551445007324219
44211,5,2,147361,4,2,0,3,3.0,1.0,1.0,1.0,1.0,,,,,,,,,,,,,,,,,,,,,,,1,1,3,9,,2,2,2,2,3,2,4,2,4.0,3.0,1.0,,,,,1,2,4,2,1,2,2,3,3,2,2,4,1,2,3,2,2,2,2,1,2,2,1,3,2,3,2,2.88539457321167,1.6561861038208008
44212,6,11,271,1,1,0,3,3.0,1.0,2.0,2.0,2.0,,,,,,,,,,,,,,,,,,,,,,,2,2,9,9,,3,2,2,2,2,2,2,9,,,,,,,,1,4,3,9,2,2,2,2,3,2,3,4,1,2,2,2,2,2,2,2,2,2,1,2,3,2,2,0.5227318406105042,0.5612581372261047
44213,5,12,149564,4,3,0,3,3.0,1.0,2.0,2.0,2.0,,,,,,,,,,,,,,,,,,,,,,,1,2,3,3,3.0,2,3,3,2,2,2,2,2,,,,,,,,1,3,3,1,2,2,2,2,3,2,3,4,1,2,3,2,2,2,2,1,1,1,1,4,3,3,2,2.2852814197540283,1.3551445007324219
44214,5,3,549937,4,3,0,3,3.0,1.0,2.0,2.0,2.0,,,,,,,,,,,,,,,,,,,,,,,2,1,4,9,,2,3,3,2,1,2,3,1,3.0,5.0,,,,,,2,2,4,2,2,1,1,2,2,2,2,4,2,2,3,2,3,3,4,1,2,2,1,2,2,98,1,2.88539457321167,1.6561861038208008
44215,5,3,549937,4,3,0,3,3.0,1.0,1.0,3.0,1.0,,,,,,,,,,,,,,,,,,,,,,,1,2,3,3,3.0,2,3,2,3,3,2,2,3,1.0,,,,,,,2,3,3,1,3,4,2,2,3,2,3,4,1,2,4,3,2,2,2,1,1,1,1,5,3,3,1,2.2852814197540283,1.3551445007324219
44216,6,12,25644,3,3,0,3,3.0,1.0,1.0,1.0,3.0,,,,,,,,,,,,,,,,,,,,,,,1,2,4,9,,2,3,3,2,2,2,2,3,,,,,,,,2,4,3,1,3,3,3,1,3,2,3,2,2,2,2,2,3,2,3,1,1,1,1,2,3,2,1,0.8823754787445068,0.6465595364570618
44217,6,15,10510,2,7,0,3,3.0,1.0,1.0,1.0,1.0,,,,,,,,,,,,,,,,,,,,,,,1,3,3,3,3.0,3,2,2,2,3,2,1,2,,,,,,,,1,2,4,2,2,3,3,4,3,1,2,4,1,2,2,2,1,2,1,1,1,1,1,2,3,98,2,0.42717334628105164,0.3541830778121948
44218,5,6,1825208,4,6,0,3,3.0,2.0,,,3.0,,,,,,,,,,,,,,,,,,,,,,,1,1,3,9,,2,3,3,2,2,3,3,8,,,,,,,,1,2,2,1,2,2,2,2,3,2,2,2,2,2,3,3,3,3,3,1,2,2,1,1,6,1,1,2.88539457321167,1.6561861038208008
44219,6,14,14683,2,7,0,3,3.0,1.0,1.0,1.0,2.0,,,,,,,,,,,,,,,,,,,,,,,3,3,4,9,,2,3,1,2,4,2,1,3,1.0,4.0,5.0,,,,,2,3,4,2,3,2,2,2,2,2,3,2,2,2,2,4,3,3,4,1,2,2,1,2,3,2,1,0.5945723652839661,0.4939829409122467
44220,6,15,45467,3,7,0,3,3.0,1.0,1.0,1.0,1.0,,,,,,,,,,,,,,,,,,,,,,,1,1,2,3,3.0,1,3,3,2,2,2,3,1,2.0,8.0,,,,,,2,2,4,2,1,1,1,2,2,2,2,4,2,2,3,2,2,2,2,1,2,2,1,2,3,3,2,1.2281575202941895,0.9017654061317444
44222,2,6,1825208,4,6,0,1,1.0,,,,,1.0,1.0,1.0,2.0,1.0,1.0,1.0,1.0,1.0,2.0,,,,1.0,2.0,3.0,4.0,6.0,7.0,8.0,9.0,,2,2,2,3,3.0,2,2,1,2,3,2,3,5,,,,,,,,1,1,3,2,1,1,3,3,1,1,2,4,2,2,2,3,1,2,2,1,1,1,1,4,4,2,3,2.324031352996826,4.805914402008057
44223,6,6,35117,3,6,0,3,3.0,1.0,1.0,1.0,1.0,,,,,,,,,,,,,,,,,,,,,,,1,1,2,3,3.0,1,3,4,1,1,3,2,8,2.0,,,,,,,1,2,4,2,2,1,1,1,3,1,2,4,2,2,2,2,1,3,1,2,1,1,1,3,3,5,2,0.9102063179016113,0.6237942576408386
44225,6,15,79838,3,7,0,3,3.0,1.0,1.0,1.0,1.0,,,,,,,,,,,,,,,,,,,,,,,2,2,3,3,3.0,1,3,3,2,2,2,3,6,3.0,7.0,,,,,,1,1,4,2,2,1,1,2,3,2,2,4,1,2,3,1,2,1,2,1,1,1,1,2,3,3,2,0.8823754787445068,0.6465595364570618
44226,6,16,8258,2,8,0,1,1.0,,,,,1.0,1.0,2.0,1.0,1.0,1.0,2.0,2.0,1.0,2.0,,,,1.0,2.0,3.0,5.0,6.0,8.0,,,,3,3,4,9,,3,2,2,3,2,3,2,9,,,,,,,,2,4,1,2,2,2,2,1,3,2,3,2,2,2,3,2,2,2,2,1,2,2,1,2,3,98,1,0.5945723652839661,1.1169389486312866
44227,6,5,1883,1,5,0,1,1.0,,,,,2.0,2.0,1.0,1.0,1.0,1.0,1.0,1.0,2.0,2.0,,,,2.0,4.0,5.0,6.0,7.0,9.0,,,,1,1,2,9,,4,2,1,3,2,4,3,8,5.0,3.0,2.0,1.0,,,,2,3,4,1,1,2,3,4,3,2,3,4,1,2,2,1,2,2,1,2,2,2,1,3,1,5,1,0.5227318406105042,0.7084056735038757
44228,6,14,1382,1,7,0,3,3.0,1.0,1.0,1.0,1.0,,,,,,,,,,,,,,,,,,,,,,,1,1,9,3,3.0,1,3,3,2,1,2,1,1,4.0,8.0,,,,,,1,2,4,2,1,1,2,3,2,1,2,4,1,2,2,3,2,3,3,1,1,1,1,2,3,4,2,0.3640757203102112,0.41710540652275085
44230,5,6,1825208,4,6,0,1,1.0,,,,,2.0,2.0,1.0,1.0,1.0,1.0,1.0,2.0,1.0,2.0,,,,2.0,4.0,5.0,6.0,7.0,8.0,,,,3,3,4,3,3.0,2,2,2,2,2,2,2,3,,,,,,,,2,3,3,1,3,3,3,2,3,2,3,4,1,2,3,2,3,3,2,3,2,2,2,3,3,8,2,2.9764020442962646,6.703372001647949
44231,6,16,90161,3,8,0,3,3.0,1.0,1.0,1.0,1.0,,,,,,,,,,,,,,,,,,,,,,,2,3,3,3,3.0,2,3,3,2,2,3,2,3,,,,,,,,2,2,4,2,2,2,2,2,1,2,3,2,1,2,3,3,3,2,3,1,1,1,1,4,3,5,2,0.8823754787445068,0.6465595364570618
44232,6,16,30391,3,8,0,3,3.0,1.0,1.0,1.0,1.0,,,,,,,,,,,,,,,,,,,,,,,2,1,2,3,3.0,1,3,2,2,2,2,3,2,1.0,8.0,,,,,,1,2,4,2,1,1,1,2,1,2,2,4,1,2,2,3,3,2,2,1,1,1,1,4,3,4,2,0.8823754787445068,0.6465595364570618
44234,6,14,86419,3,7,0,1,1.0,,,,,1.0,2.0,1.0,1.0,1.0,2.0,2.0,2.0,2.0,2.0,,,,2.0,3.0,5.0,7.0,,,,,,3,3,4,9,,2,3,2,2,3,2,2,3,,,,,,,,1,4,3,1,4,2,3,1,3,2,3,3,1,2,3,2,1,2,2,1,2,2,1,3,3,5,2,1.2281575202941895,2.6328203678131104
44235,6,16,69265,3,8,0,3,3.0,1.0,1.0,1.0,1.0,,,,,,,,,,,,,,,,,,,,,,,3,1,4,3,3.0,2,1,1,2,2,2,1,1,,,,,,,,2,2,4,2,1,1,4,3,3,2,3,1,2,2,4,1,2,3,2,1,1,1,1,4,3,3,2,0.8823754787445068,0.6465595364570618
44237,6,9,1444,1,2,0,2,2.0,,,,,2.0,1.0,2.0,1.0,2.0,2.0,2.0,2.0,1.0,2.0,,,,1.0,5.0,8.0,,,,,,,1,3,9,9,,2,3,2,2,3,3,2,1,,,,,,,,2,3,3,2,2,2,4,2,3,2,3,4,1,2,1,2,2,3,2,1,2,2,1,2,3,3,2,0.5067484378814697,0.7342579960823059
44238,6,3,3870,1,3,0,3,3.0,1.0,1.0,1.0,3.0,,,,,,,,,,,,,,,,,,,,,,,3,3,4,9,,1,4,4,1,2,2,3,3,1.0,2.0,,,,,,2,2,4,2,2,2,1,4,1,1,2,3,1,2,3,2,1,3,2,1,1,1,1,4,3,5,2,0.3640757203102112,0.41710540652275085
44239,6,15,4467,1,7,0,3,3.0,1.0,1.0,1.0,1.0,,,,,,,,,,,,,,,,,,,,,,,1,2,2,9,,2,2,2,2,4,2,3,4,2.0,8.0,3.0,,,,,1,2,4,2,2,3,2,2,3,2,2,4,1,1,1,1,2,2,2,1,1,1,1,5,3,3,1,0.3640757203102112,0.41710540652275085
44240,6,16,24448,3,8,0,3,3.0,1.0,1.0,1.0,1.0,,,,,,,,,,,,,,,,,,,,,,,1,1,2,3,3.0,3,2,2,2,2,2,3,6,7.0,4.0,2.0,,,,,1,1,4,2,2,2,2,3,2,1,2,4,1,2,2,2,2,2,2,1,1,1,1,3,1,4,2,0.8823754787445068,0.6465595364570618
44241,6,16,1788,1,8,0,2,2.0,,,,,2.0,2.0,1.0,2.0,1.0,1.0,2.0,2.0,2.0,2.0,,,,2.0,6.0,7.0,,,,,,,2,3,4,9,,2,2,3,2,2,2,2,4,,,,,,,,2,3,2,2,2,3,3,1,3,2,2,4,2,2,2,2,2,2,2,1,2,2,1,2,3,2,2,0.5067484378814697,0.7342579960823059
44242,6,17,79153,3,4,0,1,1.0,,,,,2.0,2.0,2.0,2.0,2.0,2.0,2.0,2.0,2.0,1.0,97.0,,LE BUREAU DE VOTE ÉTAIT TROP LOIN,10.0,,,,,,,,,2,3,4,9,,2,2,1,2,3,2,4,3,,,,,,,,1,3,4,2,2,2,1,2,3,1,3,4,2,2,3,2,2,1,1,1,2,2,1,3,3,2,2,1.2281575202941895,2.6328203678131104
44243,6,15,778,1,7,1,2,,,,,,2.0,2.0,2.0,2.0,2.0,2.0,1.0,2.0,2.0,2.0,,,,4.0,,,,,,,,,2,1,9,9,,3,3,3,3,2,2,3,1,2.0,3.0,,,,,,2,2,3,9,2,2,2,3,3,2,2,4,1,1,3,3,3,3,3,1,1,1,1,2,3,2,2,0.3640757203102112,0.5264613032341003
44244,6,8,43182,3,2,0,3,3.0,1.0,1.0,1.0,1.0,,,,,,,,,,,,,,,,,,,,,,,2,3,3,3,3.0,1,2,2,2,2,2,1,3,,,,,,,,1,3,4,2,1,1,1,2,3,2,2,4,1,2,2,2,1,2,1,1,1,1,1,2,3,5,2,0.8823754787445068,0.6465595364570618
44245,6,16,35160,3,8,0,3,3.0,1.0,1.0,1.0,1.0,,,,,,,,,,,,,,,,,,,,,,,2,3,3,9,,2,1,1,4,4,4,1,1,,,,,,,,1,4,4,2,4,4,1,1,3,1,4,4,2,2,4,4,4,4,4,1,1,1,1,5,3,1,1,0.8823754787445068,0.6465595364570618
44246,6,14,50455,3,7,0,3,3.0,1.0,1.0,1.0,1.0,,,,,,,,,,,,,,,,,,,,,,,1,1,2,9,,1,3,3,2,1,2,2,2,3.0,,,,,,,1,2,4,2,1,1,1,2,3,2,2,4,1,2,3,2,2,2,2,1,1,1,1,2,3,5,2,0.8823754787445068,0.6465595364570618
44247,1,6,1825208,4,6,0,3,3.0,1.0,1.0,2.0,1.0,,,,,,,,,,,,,,,,,,,,,,,2,1,3,2,2.0,3,2,1,4,2,3,3,6,1.0,5.0,3.0,2.0,4.0,,,2,3,2,1,1,2,1,2,3,2,3,1,1,2,2,1,2,1,1,2,1,1,1,3,1,5,1,4.216535568237305,1.7396773099899292
44248,6,16,90161,3,8,0,3,3.0,1.0,1.0,1.0,1.0,,,,,,,,,,,,,,,,,,,,,,,1,1,2,1,1.0,2,3,3,2,2,1,2,2,,,,,,,,1,3,4,2,1,1,1,2,2,2,3,4,1,2,2,1,3,4,4,1,2,2,1,3,3,98,2,1.2281575202941895,0.9017654061317444
44250,6,4,2931,1,4,0,3,3.0,1.0,1.0,1.0,1.0,,,,,,,,,,,,,,,,,,,,,,,1,2,3,9,,2,3,1,2,3,2,4,2,3.0,1.0,,,,,,2,2,4,2,2,2,2,2,3,2,2,4,1,2,3,3,2,2,3,1,1,1,1,3,3,2,1,0.3640757203102112,0.41710540652275085
44251,6,3,16723,2,3,0,1,1.0,,,,,2.0,2.0,2.0,2.0,2.0,2.0,2.0,2.0,1.0,1.0,10.0,,MALADIE PULMONAIRE OBSTRUCTIVE CHRONIQUE,8.0,10.0,,,,,,,,1,2,2,3,3.0,1,3,3,1,2,1,2,5,3.0,1.0,2.0,6.0,,,,1,2,3,2,2,2,2,2,3,2,2,4,2,2,3,3,3,3,2,1,1,1,1,3,3,2,2,0.42717334628105164,0.800839364528656
44253,6,7,3799,1,5,0,3,3.0,1.0,1.0,1.0,1.0,,,,,,,,,,,,,,,,,,,,,,,1,1,3,3,3.0,2,3,2,1,1,2,2,2,,,,,,,,2,3,4,1,1,1,1,2,3,2,1,4,1,2,3,1,2,2,2,1,1,1,1,3,3,2,1,0.3640757203102112,0.41710540652275085
44258,6,3,16723,2,3,0,3,3.0,1.0,1.0,1.0,1.0,,,,,,,,,,,,,,,,,,,,,,,2,1,2,3,3.0,2,3,3,2,2,2,3,1,4.0,2.0,8.0,,,,,1,2,4,2,1,2,1,3,1,2,2,3,2,2,2,2,2,3,2,1,2,2,1,2,3,1,1,0.5945723652839661,0.4939829409122467
44268,6,16,3609,1,8,0,3,3.0,1.0,1.0,1.0,1.0,,,,,,,,,,,,,,,,,,,,,,,1,1,2,3,3.0,1,4,4,1,1,1,2,3,1.0,4.0,8.0,,,,,1,2,3,2,2,1,1,3,1,2,2,4,2,2,3,2,3,2,4,1,2,2,1,4,3,3,2,0.5067484378814697,0.5817421674728394
44270,6,14,1703,1,7,1,2,,,,,,2.0,2.0,2.0,2.0,2.0,2.0,2.0,2.0,2.0,1.0,13.0,,NO ELECTION HELD,10.0,,,,,,,,,2,1,2,9,,3,2,2,2,2,3,3,9,,,,,,,,2,3,3,2,2,3,2,3,2,2,2,4,1,2,3,4,2,4,2,2,1,1,1,5,6,98,2,0.3755590319633484,0.5079236626625061
44273,6,16,2581,1,8,0,3,3.0,1.0,1.0,1.0,2.0,,,,,,,,,,,,,,,,,,,,,,,1,2,3,9,,2,2,2,2,3,3,3,5,2.0,8.0,3.0,1.0,,,,1,2,3,2,2,3,3,2,3,1,3,2,1,2,3,2,2,2,1,1,1,1,1,3,3,2,2,0.3640757203102112,0.41710540652275085
44279,2,6,1825208,4,6,0,3,3.0,1.0,1.0,1.0,1.0,,,,,,,,,,,,,,,,,,,,,,,1,1,1,3,3.0,1,1,1,1,1,1,4,1,8.0,7.0,,,,,,1,1,4,1,1,1,1,3,1,1,1,3,1,1,1,1,1,1,1,1,1,1,1,4,1,1,5,2.324031352996826,1.1455771923065186
44284,6,12,11031,2,3,0,1,1.0,,,,,2.0,1.0,2.0,2.0,2.0,2.0,2.0,2.0,2.0,2.0,,,,1.0,,,,,,,,,3,3,4,9,,2,3,3,3,3,3,2,9,,,,,,,,2,3,3,2,1,3,3,2,3,2,3,4,2,2,2,1,3,3,3,1,2,2,1,2,3,4,2,0.5945723652839661,1.1169389486312866
44285,6,2,2755,1,2,0,3,3.0,1.0,1.0,1.0,1.0,,,,,,,,,,,,,,,,,,,,,,,1,2,4,9,,2,3,3,2,2,2,3,2,4.0,,,,,,,2,2,4,2,1,2,3,3,3,2,3,4,1,2,3,3,3,3,3,1,1,1,1,3,3,5,2,0.3640757203102112,0.41710540652275085
44286,6,5,3889,1,5,0,1,1.0,,,,,2.0,2.0,2.0,2.0,2.0,2.0,2.0,2.0,2.0,1.0,13.0,,ÉLUS PAR ACCLAMATION,10.0,,,,,,,,,2,1,9,3,3.0,2,3,3,2,2,2,2,2,,,,,,,,2,2,3,2,3,3,3,2,3,2,3,4,1,2,2,3,2,2,3,1,1,1,2,5,1,4,2,0.3640757203102112,0.5264613032341003
44289,6,3,16723,2,3,0,3,3.0,2.0,,,1.0,,,,,,,,,,,,,,,,,,,,,,,2,1,1,3,3.0,1,3,4,3,1,1,3,8,2.0,,,,,,,1,1,4,2,1,2,2,3,3,1,1,4,1,2,3,2,3,3,2,1,2,2,1,2,3,3,1,0.5945723652839661,0.4939829409122467
44296,6,14,4280,1,7,0,3,3.0,1.0,1.0,1.0,1.0,,,,,,,,,,,,,,,,,,,,,,,1,1,9,3,3.0,2,3,2,2,3,2,2,2,,,,,,,,1,2,4,2,2,2,2,2,2,1,2,4,1,2,3,2,3,3,2,1,1,1,1,2,3,2,2,0.3640757203102112,0.41710540652275085
44300,1,16,252226,4,8,0,1,1.0,,,,,2.0,2.0,2.0,2.0,2.0,2.0,2.0,2.0,2.0,2.0,,,,11.0,,,,,,,,,3,3,9,9,,4,4,4,4,4,4,4,9,,,,,,,,2,4,1,1,4,4,4,1,3,2,4,2,2,2,4,4,4,4,4,1,1,1,1,2,4,2,4,4.087610721588135,7.5646257400512695
44305,2,3,549937,4,3,0,2,2.0,,,,,1.0,1.0,1.0,2.0,1.0,1.0,2.0,2.0,2.0,2.0,,,,1.0,2.0,3.0,6.0,7.0,,,,,3,3,4,9,,4,2,1,4,4,3,3,9,,,,,,,,2,4,2,1,3,3,2,1,3,2,3,4,2,2,4,3,2,2,1,1,1,1,1,2,1,3,1,2.324031352996826,4.805914402008057
44310,6,16,7162,2,8,0,3,3.0,1.0,1.0,1.0,1.0,,,,,,,,,,,,,,,,,,,,,,,1,1,2,3,3.0,1,3,3,1,2,2,1,1,3.0,8.0,,,,,,2,3,4,2,1,1,3,3,3,2,3,4,1,2,2,2,2,2,3,1,2,2,1,2,3,98,2,0.5945723652839661,0.4939829409122467
44313,6,15,13893,2,7,0,3,3.0,1.0,1.0,1.0,1.0,,,,,,,,,,,,,,,,,,,,,,,1,2,2,3,3.0,1,3,3,2,2,2,3,5,3.0,1.0,,,,,,1,2,4,2,1,2,2,3,3,2,2,4,1,2,2,3,2,3,2,1,1,1,1,5,1,8,5,0.42717334628105164,0.3541830778121948
44314,2,6,1825208,4,6,0,3,3.0,1.0,2.0,2.0,2.0,,,,,,,,,,,,,,,,,,,,,,,1,1,1,3,3.0,2,2,2,1,1,2,2,2,1.0,7.0,,,,,,1,1,2,2,2,2,2,3,1,1,2,2,1,1,2,3,3,2,1,1,1,1,1,5,1,4,3,2.324031352996826,1.1455771923065186
44315,6,15,4545,1,7,0,3,3.0,1.0,1.0,1.0,1.0,,,,,,,,,,,,,,,,,,,,,,,1,1,1,9,,1,3,3,2,3,2,2,4,1.0,,,,,,,1,2,4,2,1,2,1,3,3,1,2,4,1,2,3,3,2,3,3,2,1,1,1,2,3,3,6,0.3755590319633484,0.40241941809654236
44316,6,12,11031,2,3,0,3,3.0,1.0,1.0,1.0,1.0,,,,,,,,,,,,,,,,,,,,,,,1,2,2,3,3.0,1,3,3,2,1,1,3,1,6.0,5.0,2.0,8.0,,,,2,1,4,2,1,1,1,4,2,1,1,1,2,2,3,3,2,3,2,1,1,1,1,4,3,5,2,0.42717334628105164,0.3541830778121948
44318,1,7,290283,4,5,0,1,1.0,,,,,2.0,1.0,2.0,2.0,1.0,2.0,1.0,2.0,2.0,2.0,,,,1.0,2.0,4.0,,,,,,,2,1,4,3,3.0,2,2,3,2,2,3,2,5,4.0,,,,,,,1,3,1,1,3,3,3,2,3,2,3,4,2,2,4,3,3,2,2,1,2,2,1,2,1,2,1,2.1356852054595947,3.5859339237213135
44320,1,4,139618,4,4,0,3,3.0,1.0,1.0,1.0,1.0,,,,,,,,,,,,,,,,,,,,,,,2,2,2,9,,2,3,2,2,2,2,3,4,,,,,,,,2,4,4,2,1,1,1,2,3,2,2,2,2,2,3,1,3,2,2,1,1,1,1,3,1,4,1,4.087610721588135,1.8031679391860962
44321,6,2,9874,2,2,0,1,1.0,,,,,2.0,2.0,2.0,2.0,2.0,2.0,2.0,2.0,2.0,2.0,,,,11.0,,,,,,,,,3,3,9,9,,2,2,2,2,2,2,2,9,,,,,,,,2,4,3,2,2,2,2,1,3,2,2,4,1,2,2,2,3,2,2,1,2,2,1,2,1,4,1,0.5945723652839661,1.1169389486312866
44322,2,6,1825208,4,6,0,1,1.0,,,,,1.0,2.0,1.0,1.0,1.0,1.0,1.0,2.0,2.0,2.0,,,,2.0,3.0,4.0,5.0,6.0,7.0,,,,3,3,4,9,,4,1,1,4,4,4,2,9,,,,,,,,2,4,1,1,4,4,2,1,3,2,4,4,1,2,4,1,4,1,1,2,1,1,1,2,5,1,1,2.3973331451416016,4.636691093444824
44323,2,6,1825208,4,6,0,3,3.0,1.0,1.0,1.0,1.0,,,,,,,,,,,,,,,,,,,,,,,2,3,4,9,,2,2,4,2,3,2,3,1,8.0,7.0,,,,,,1,4,4,9,1,2,2,2,3,2,3,4,2,2,2,1,2,1,1,1,2,2,1,2,2,98,9,1.4281843900680542,0.6177590489387512
44324,6,6,19907,2,6,0,3,3.0,1.0,1.0,1.0,1.0,,,,,,,,,,,,,,,,,,,,,,,3,3,3,3,3.0,3,2,3,2,2,2,2,4,,,,,,,,2,3,3,1,2,2,2,2,3,2,2,2,2,2,2,2,2,2,2,2,1,1,1,2,3,4,1,0.4406466782093048,0.34171250462532043
44325,6,16,9406,2,8,0,3,3.0,1.0,1.0,1.0,1.0,,,,,,,,,,,,,,,,,,,,,,,1,3,9,9,,1,3,3,1,2,1,3,1,3.0,8.0,,,,,,1,3,4,2,2,3,1,2,3,2,2,4,1,2,3,1,2,3,2,1,2,2,1,2,3,3,2,0.5945723652839661,0.4939829409122467
44326,6,7,11390,2,5,0,3,3.0,1.0,1.0,1.0,1.0,,,,,,,,,,,,,,,,,,,,,,,2,3,3,9,,3,1,2,3,2,2,3,8,,,,,,,,2,3,4,2,2,2,2,2,9,9,2,4,1,2,3,2,3,3,2,1,2,2,1,5,3,5,1,0.5945723652839661,0.4939829409122467
44327,2,5,170816,4,5,0,1,1.0,,,,,2.0,2.0,2.0,2.0,2.0,2.0,2.0,2.0,2.0,2.0,,,,11.0,,,,,,,,,3,3,4,9,,1,1,1,1,1,1,1,5,,,,,,,,2,4,4,1,1,1,1,1,3,2,4,3,2,2,1,1,1,1,1,1,2,2,1,1,5,2,2,1.4281843900680542,2.5916168689727783
44328,6,15,14129,2,7,0,1,1.0,,,,,2.0,1.0,2.0,2.0,2.0,2.0,2.0,2.0,2.0,2.0,,,,1.0,,,,,,,,,3,3,3,3,3.0,2,2,3,2,2,2,2,9,,,,,,,,2,2,3,1,2,2,2,2,2,1,2,4,1,2,3,1,3,3,3,1,2,2,1,4,3,98,1,0.5945723652839661,1.1169389486312866
44329,2,3,549937,4,3,0,3,3.0,1.0,1.0,2.0,2.0,,,,,,,,,,,,,,,,,,,,,,,2,2,2,3,3.0,1,2,1,2,2,1,3,7,8.0,,,,,,,1,2,3,2,1,2,2,3,1,2,2,3,1,1,1,2,1,2,2,1,2,2,1,4,1,5,3,1.4281843900680542,0.6177590489387512
44331,6,16,15057,2,8,0,3,3.0,1.0,1.0,1.0,1.0,,,,,,,,,,,,,,,,,,,,,,,1,2,3,9,,2,2,3,2,2,2,3,1,3.0,4.0,,,,,,1,4,4,1,4,2,2,2,3,1,2,4,2,2,3,2,2,3,2,2,2,2,1,3,3,2,2,0.6133255362510681,0.4765899181365967
44332,6,15,5441,2,7,0,3,3.0,1.0,1.0,1.0,1.0,,,,,,,,,,,,,,,,,,,,,,,2,2,3,9,,2,3,3,2,2,2,2,2,1.0,4.0,8.0,,,,,1,2,4,1,2,2,2,2,3,2,2,3,1,2,3,2,2,2,2,2,1,1,1,2,3,2,2,0.4406466782093048,0.34171250462532043
44333,6,16,19183,2,8,0,3,3.0,1.0,1.0,1.0,2.0,,,,,,,,,,,,,,,,,,,,,,,1,1,3,2,2.0,2,2,3,2,2,2,2,1,6.0,8.0,2.0,,,,,1,3,4,2,3,2,3,4,2,1,2,2,2,2,2,2,2,2,2,1,2,2,1,3,3,3,1,0.5945723652839661,0.4939829409122467
44334,6,15,13653,2,7,0,3,3.0,1.0,1.0,1.0,1.0,,,,,,,,,,,,,,,,,,,,,,,1,2,2,3,3.0,2,3,3,2,2,2,3,3,1.0,8.0,,,,,,1,2,4,2,1,1,1,3,3,2,2,4,1,2,2,3,2,4,2,1,1,1,1,3,3,3,2,0.42717334628105164,0.3541830778121948
44337,6,2,3954,1,2,0,3,3.0,1.0,1.0,1.0,1.0,,,,,,,,,,,,,,,,,,,,,,,1,1,3,3,3.0,2,3,3,2,1,2,2,2,4.0,1.0,8.0,,,,,1,3,4,2,1,1,2,1,1,2,2,4,1,2,3,2,2,2,3,1,2,2,1,3,1,3,2,0.5067484378814697,0.5817421674728394
44339,2,7,290283,4,5,0,3,3.0,1.0,1.0,1.0,1.0,,,,,,,,,,,,,,,,,,,,,,,1,1,3,1,1.0,1,3,2,1,1,1,3,5,1.0,8.0,2.0,7.0,6.0,3.0,,1,1,4,2,1,1,1,3,2,1,2,2,2,1,3,1,1,3,1,1,2,2,2,2,4,4,3,1.4281843900680542,0.6177590489387512
44340,6,15,4545,1,7,0,3,3.0,2.0,,,1.0,,,,,,,,,,,,,,,,,,,,,,,1,2,4,9,,4,1,2,3,4,4,3,8,2.0,1.0,,,,,,1,2,4,2,2,2,1,3,3,2,3,4,1,2,3,2,3,1,1,2,2,2,1,4,3,2,1,0.5227318406105042,0.5612581372261047
44342,2,6,1825208,4,6,0,3,3.0,1.0,2.0,2.0,2.0,,,,,,,,,,,,,,,,,,,,,,,1,1,3,9,,2,2,3,3,3,3,3,4,5.0,1.0,3.0,,,,,2,3,2,2,2,2,1,3,3,1,3,3,2,2,2,1,2,1,2,1,2,2,1,4,1,3,4,1.4281843900680542,0.6177590489387512
44349,2,6,1825208,4,6,0,2,2.0,,,,,2.0,2.0,2.0,2.0,2.0,2.0,1.0,2.0,1.0,2.0,,,,4.0,8.0,,,,,,,,3,2,3,9,,3,2,2,3,2,4,2,7,5.0,4.0,,,,,,1,3,3,9,2,2,2,2,3,1,3,2,2,2,3,2,3,2,2,1,1,1,1,3,1,1,9,2.324031352996826,4.805914402008057
44350,2,3,549937,4,3,0,3,3.0,1.0,2.0,2.0,2.0,,,,,,,,,,,,,,,,,,,,,,,1,2,4,3,3.0,2,3,2,3,2,2,3,3,4.0,2.0,,,,,,2,2,4,2,2,2,2,2,3,2,2,4,2,2,2,2,2,2,2,1,1,1,1,3,1,3,1,2.324031352996826,1.1455771923065186
44353,1,6,1825208,4,6,0,3,3.0,2.0,,,2.0,,,,,,,,,,,,,,,,,,,,,,,2,1,2,9,,2,3,3,2,2,2,2,4,6.0,,,,,,,2,3,2,2,2,1,1,2,3,2,3,2,2,2,2,2,2,2,2,2,2,2,1,4,4,4,1,2.2030460834503174,0.8246763944625854
44354,2,6,1825208,4,6,0,3,3.0,1.0,1.0,1.0,1.0,,,,,,,,,,,,,,,,,,,,,,,2,1,1,3,3.0,1,4,4,1,4,3,2,4,5.0,,,,,,,2,1,4,2,1,1,1,4,1,1,2,4,1,2,3,1,4,4,4,2,2,2,1,5,1,6,4,1.4732301235198975,0.596007764339447
44356,2,2,147361,4,2,0,1,1.0,,,,,1.0,1.0,2.0,1.0,1.0,2.0,1.0,2.0,2.0,2.0,,,,1.0,2.0,3.0,4.0,5.0,,,,,3,3,4,9,,2,2,2,2,3,3,2,9,,,,,,,,2,4,2,1,3,3,2,1,3,2,3,4,2,2,4,1,4,4,4,1,2,2,1,2,1,4,2,1.4281843900680542,2.5916168689727783
44358,2,4,139618,4,4,0,2,2.0,,,,,1.0,2.0,1.0,2.0,1.0,1.0,1.0,2.0,2.0,2.0,,,,2.0,3.0,4.0,6.0,7.0,,,,,2,1,3,2,2.0,2,2,3,1,3,4,2,8,2.0,4.0,,,,,,1,2,2,1,4,3,2,2,2,2,2,3,1,2,4,3,2,1,2,1,1,1,1,4,1,2,1,2.324031352996826,4.805914402008057
44359,2,6,1825208,4,6,0,3,3.0,1.0,1.0,2.0,2.0,,,,,,,,,,,,,,,,,,,,,,,1,1,2,2,2.0,2,2,1,1,1,2,2,6,,,,,,,,1,2,2,1,2,1,2,2,2,2,4,2,1,1,1,1,2,2,2,1,2,2,1,4,1,5,1,1.4281843900680542,0.6177590489387512
44369,2,6,1825208,4,6,0,2,2.0,,,,,1.0,2.0,2.0,2.0,2.0,2.0,1.0,2.0,2.0,2.0,,,,3.0,4.0,,,,,,,,1,1,3,9,,2,3,3,2,2,3,2,5,3.0,4.0,,,,,,1,3,3,2,1,1,2,2,3,1,2,4,2,2,3,2,2,3,2,1,2,2,1,4,1,3,1,1.4281843900680542,2.5916168689727783
44379,2,13,441929,4,6,0,2,2.0,,,,,1.0,1.0,2.0,1.0,1.0,1.0,2.0,2.0,2.0,2.0,,,,1.0,2.0,3.0,5.0,6.0,,,,,1,1,1,1,1.0,1,3,2,3,1,4,1,1,,,,,,,,1,2,1,1,2,1,3,1,1,1,2,2,1,1,4,3,1,2,3,1,1,1,1,1,2,5,1,2.324031352996826,4.805914402008057
44380,2,13,441929,4,6,0,1,1.0,,,,,2.0,1.0,2.0,1.0,1.0,2.0,2.0,2.0,2.0,2.0,,,,1.0,2.0,5.0,,,,,,,3,3,4,9,,3,2,2,3,2,2,2,4,,,,,,,,2,2,1,9,3,3,4,2,3,1,3,3,2,2,4,2,3,2,3,1,2,2,1,2,1,3,3,1.4281843900680542,2.5916168689727783
44381,2,16,252226,4,8,0,3,3.0,1.0,2.0,3.0,1.0,,,,,,,,,,,,,,,,,,,,,,,2,1,2,1,1.0,3,3,2,1,3,2,2,7,,,,,,,,1,2,1,2,1,2,2,3,2,1,2,4,2,2,2,1,2,1,2,1,2,2,1,2,1,2,1,1.4281843900680542,0.6177590489387512
44383,2,13,441929,4,6,0,3,3.0,1.0,1.0,1.0,1.0,,,,,,,,,,,,,,,,,,,,,,,2,1,3,9,,2,3,3,2,2,3,3,1,2.0,5.0,,,,,,1,3,4,2,1,2,2,2,3,1,3,2,1,2,3,3,3,3,2,1,2,2,2,4,1,7,3,1.4281843900680542,0.6177590489387512
44386,2,14,119360,4,7,0,3,3.0,1.0,1.0,2.0,2.0,,,,,,,,,,,,,,,,,,,,,,,1,1,4,3,3.0,2,2,3,2,1,2,3,8,5.0,,,,,,,1,2,2,2,1,1,1,3,1,2,2,3,2,2,3,1,2,3,1,1,2,2,1,4,1,5,3,1.4281843900680542,0.6177590489387512
44391,2,3,549937,4,3,0,3,3.0,1.0,1.0,1.0,1.0,,,,,,,,,,,,,,,,,,,,,,,1,2,3,3,3.0,1,3,4,1,1,1,2,3,,,,,,,,2,4,4,2,1,2,2,1,3,2,3,4,1,2,3,1,3,3,4,1,2,2,1,3,1,6,2,1.4281843900680542,0.6177590489387512
44394,2,3,549937,4,3,0,3,3.0,1.0,1.0,3.0,1.0,,,,,,,,,,,,,,,,,,,,,,,2,1,1,2,2.0,3,3,2,3,1,3,3,8,1.0,4.0,7.0,5.0,,,,1,2,3,2,1,1,2,3,3,1,1,3,2,2,3,2,1,1,1,1,1,1,1,4,1,6,3,2.324031352996826,1.1455771923065186
44396,2,6,1825208,4,6,0,1,1.0,,,,,1.0,1.0,2.0,1.0,1.0,1.0,1.0,2.0,2.0,2.0,,,,1.0,2.0,3.0,4.0,5.0,6.0,,,,1,3,4,9,,2,2,3,2,2,3,2,1,,,,,,,,2,4,2,1,3,3,2,1,3,2,2,1,2,2,3,1,2,2,1,1,2,2,1,4,1,98,2,1.4281843900680542,2.5916168689727783
44397,1,3,549937,4,3,0,3,3.0,1.0,1.0,1.0,1.0,,,,,,,,,,,,,,,,,,,,,,,1,2,3,9,,2,2,3,2,2,3,3,7,,,,,,,,2,3,4,2,2,1,1,2,3,1,2,4,2,1,3,2,2,1,1,3,2,2,2,2,4,99,5,2.2030460834503174,0.8246763944625854
44400,6,3,3875,1,3,0,1,1.0,,,,,2.0,2.0,2.0,2.0,2.0,2.0,2.0,2.0,2.0,1.0,13.0,,TOUS LES CANDIDATS ONT ÉTÉ ÉLUS PAR ACCLAMATION,10.0,,,,,,,,,2,2,1,3,3.0,1,4,4,1,1,4,4,4,,,,,,,,2,1,3,1,1,2,2,3,3,2,1,4,1,2,4,4,4,4,4,1,1,1,1,3,3,5,2,0.3640757203102112,0.5264613032341003
44401,1,13,441929,4,6,0,2,2.0,,,,,2.0,2.0,1.0,2.0,2.0,1.0,2.0,1.0,1.0,2.0,,,,6.0,7.0,8.0,9.0,,,,,,2,2,1,3,3.0,3,3,2,2,3,4,2,8,,,,,,,,2,3,2,1,1,1,3,4,2,2,3,4,2,1,2,3,3,3,1,1,2,2,9,3,3,7,3,2.1356852054595947,3.5859339237213135
44403,6,17,4766,1,4,0,3,3.0,1.0,1.0,1.0,1.0,,,,,,,,,,,,,,,,,,,,,,,1,2,1,9,,1,3,3,1,2,1,3,4,8.0,,,,,,,1,2,4,2,1,1,1,3,1,2,1,4,1,2,2,1,2,3,4,1,2,2,1,2,3,1,1,0.5067484378814697,0.5817421674728394
44405,2,6,1825208,4,6,0,3,3.0,1.0,2.0,2.0,2.0,,,,,,,,,,,,,,,,,,,,,,,2,2,3,3,3.0,2,2,2,2,2,2,2,4,,,,,,,,1,2,2,2,2,2,2,2,2,1,2,4,2,2,2,2,2,2,2,1,1,1,1,2,1,2,1,2.324031352996826,1.1455771923065186
44408,1,3,549937,4,3,0,3,3.0,1.0,1.0,1.0,1.0,,,,,,,,,,,,,,,,,,,,,,,2,2,3,2,2.0,2,1,3,2,2,2,2,3,4.0,7.0,,,,,,2,2,3,1,2,2,2,2,3,2,3,1,2,2,2,3,3,2,3,1,2,2,1,3,4,1,1,2.1356852054595947,0.8547725081443787
44409,2,6,1825208,4,6,0,3,3.0,1.0,2.0,2.0,2.0,,,,,,,,,,,,,,,,,,,,,,,1,1,2,2,2.0,2,3,2,2,3,3,3,2,8.0,6.0,,,,,,1,2,2,2,3,2,2,2,2,1,3,1,2,2,3,3,2,2,3,1,1,1,1,2,1,2,2,2.324031352996826,1.1455771923065186
44414,1,6,1825208,4,6,0,3,3.0,1.0,1.0,1.0,2.0,,,,,,,,,,,,,,,,,,,,,,,1,2,2,9,,2,2,3,2,2,3,3,6,3.0,2.0,5.0,,,,,2,2,4,2,2,2,2,4,3,2,2,4,2,2,3,3,3,3,2,1,2,2,1,3,4,8,5,2.1356852054595947,0.8547725081443787
44415,2,4,139618,4,4,0,3,3.0,1.0,1.0,1.0,1.0,,,,,,,,,,,,,,,,,,,,,,,1,1,2,3,3.0,2,2,2,1,2,2,2,3,1.0,6.0,5.0,2.0,,,,1,2,3,1,1,1,1,2,2,2,2,3,2,2,3,3,2,2,2,1,1,1,1,4,1,2,1,2.324031352996826,1.1455771923065186
44417,2,6,1825208,4,6,0,3,3.0,1.0,1.0,1.0,1.0,,,,,,,,,,,,,,,,,,,,,,,2,1,2,2,2.0,2,2,1,2,1,2,1,9,,,,,,,,1,1,1,1,1,1,2,2,1,1,1,1,1,1,1,2,2,1,1,1,1,1,1,4,1,7,4,2.324031352996826,1.1455771923065186
44421,2,6,1825208,4,6,0,3,3.0,1.0,1.0,2.0,2.0,,,,,,,,,,,,,,,,,,,,,,,2,3,4,9,,2,1,1,3,3,3,2,5,3.0,,,,,,,2,4,2,1,3,3,2,1,3,2,3,3,2,2,1,3,2,4,3,2,2,2,1,4,1,4,2,1.4732301235198975,0.596007764339447
44424,2,6,1825208,4,6,0,2,2.0,,,,,1.0,1.0,2.0,2.0,2.0,1.0,2.0,2.0,2.0,2.0,,,,1.0,3.0,6.0,,,,,,,2,3,4,9,,2,3,3,2,2,2,2,3,4.0,,,,,,,2,3,2,1,1,2,2,2,3,2,2,4,2,2,2,2,2,3,3,1,1,1,1,2,2,1,6,2.324031352996826,4.805914402008057
44425,2,13,441929,4,6,0,3,3.0,1.0,1.0,1.0,2.0,,,,,,,,,,,,,,,,,,,,,,,2,1,2,3,3.0,1,3,3,1,2,2,3,1,8.0,,,,,,,1,2,3,2,2,1,1,4,3,2,2,4,1,2,3,1,2,3,4,2,1,1,1,4,1,5,3,2.3973331451416016,1.105239748954773
44427,1,6,1825208,4,6,0,3,3.0,1.0,2.0,2.0,3.0,,,,,,,,,,,,,,,,,,,,,,,1,3,3,2,2.0,3,1,3,3,1,1,2,3,,,,,,,,2,3,3,2,3,1,2,2,3,2,3,4,2,2,2,2,3,2,2,2,1,1,1,3,4,1,9,4.216535568237305,1.7396773099899292
44428,1,6,1825208,4,6,0,3,3.0,1.0,2.0,1.0,2.0,,,,,,,,,,,,,,,,,,,,,,,2,1,2,2,2.0,2,3,2,3,3,2,3,5,4.0,2.0,,,,,,1,2,3,2,3,2,3,3,3,2,2,2,2,2,3,1,2,1,1,1,1,1,1,3,4,3,2,4.087610721588135,1.8031679391860962
44429,2,12,149564,4,3,0,2,2.0,,,,,1.0,1.0,1.0,2.0,1.0,1.0,1.0,2.0,1.0,2.0,,,,1.0,2.0,3.0,4.0,6.0,7.0,8.0,,,3,3,4,2,2.0,3,3,3,2,2,2,2,9,,,,,,,,2,4,1,9,2,4,2,1,3,2,3,4,2,2,2,1,2,3,4,1,2,2,1,2,1,2,4,1.4281843900680542,2.5916168689727783
44434,1,7,290283,4,5,0,2,2.0,,,,,1.0,2.0,2.0,2.0,2.0,2.0,2.0,2.0,2.0,2.0,,,,3.0,,,,,,,,,3,3,4,9,,2,3,3,3,3,3,1,1,3.0,5.0,,,,,,2,4,1,1,3,3,3,1,3,2,2,4,2,2,3,3,3,3,3,1,1,1,1,2,1,2,9,4.087610721588135,7.5646257400512695
44435,2,6,1825208,4,6,0,1,1.0,,,,,2.0,2.0,1.0,2.0,2.0,1.0,2.0,2.0,2.0,2.0,,,,6.0,7.0,,,,,,,,1,2,4,9,,4,2,2,3,2,2,3,3,5.0,,,,,,,2,2,1,1,3,3,3,2,3,2,3,3,2,2,3,2,3,3,2,1,2,2,2,3,1,4,3,1.4281843900680542,2.5916168689727783
44437,2,6,1825208,4,6,0,3,3.0,1.0,1.0,1.0,1.0,,,,,,,,,,,,,,,,,,,,,,,1,2,9,1,1.0,2,2,2,2,2,2,2,9,,,,,,,,1,2,1,2,2,2,2,1,3,9,3,2,2,2,2,1,2,2,2,3,2,2,1,5,1,2,3,1.4732301235198975,0.596007764339447
44439,2,6,1825208,4,6,0,1,1.0,,,,,2.0,2.0,1.0,2.0,2.0,1.0,1.0,2.0,2.0,2.0,,,,4.0,6.0,7.0,,,,,,,3,1,3,9,,2,2,2,2,2,2,3,6,1.0,3.0,4.0,,,,,2,3,1,1,3,1,4,2,3,1,2,4,2,2,3,1,2,2,1,1,2,2,1,3,4,1,2,1.4281843900680542,2.5916168689727783
44444,2,16,252226,4,8,0,3,3.0,2.0,,,2.0,,,,,,,,,,,,,,,,,,,,,,,2,3,3,2,2.0,3,3,3,2,2,2,2,4,,,,,,,,2,3,2,2,4,3,3,2,3,9,3,3,2,2,2,2,2,3,3,1,1,1,1,2,1,2,1,2.324031352996826,1.1455771923065186
44448,2,6,1825208,4,6,0,3,3.0,1.0,2.0,2.0,2.0,,,,,,,,,,,,,,,,,,,,,,,2,2,2,3,3.0,2,2,2,2,2,2,3,3,5.0,7.0,,,,,,2,2,4,2,2,2,2,3,3,1,2,4,2,2,2,2,2,3,3,1,2,2,1,4,1,4,9,1.4281843900680542,0.6177590489387512
44450,2,7,290283,4,5,0,3,3.0,1.0,1.0,2.0,2.0,,,,,,,,,,,,,,,,,,,,,,,1,1,3,9,,2,3,2,3,3,2,2,5,4.0,3.0,,,,,,1,3,4,1,2,2,2,3,3,2,3,2,1,2,3,2,4,3,3,1,1,1,2,5,1,8,2,2.324031352996826,1.1455771923065186
44454,2,5,170816,4,5,0,1,1.0,,,,,1.0,1.0,1.0,1.0,2.0,1.0,1.0,2.0,1.0,2.0,,,,1.0,3.0,4.0,5.0,6.0,7.0,8.0,,,2,1,4,2,2.0,3,1,2,3,3,3,2,4,,,,,,,,2,3,2,2,2,3,3,2,3,2,3,4,2,2,2,1,1,1,1,1,2,2,1,2,4,1,1,1.4281843900680542,2.5916168689727783
44456,2,6,1825208,4,6,0,1,1.0,,,,,1.0,1.0,1.0,2.0,2.0,1.0,1.0,2.0,2.0,2.0,,,,1.0,3.0,4.0,6.0,7.0,,,,,1,3,4,9,,3,2,2,3,3,2,3,5,,,,,,,,2,3,1,2,2,2,4,2,3,1,3,3,2,2,3,2,3,2,1,1,2,2,1,4,4,1,1,1.4281843900680542,2.5916168689727783
44461,2,13,441929,4,6,0,3,3.0,1.0,1.0,2.0,1.0,,,,,,,,,,,,,,,,,,,,,,,1,1,2,9,,3,3,2,3,3,4,3,1,5.0,2.0,4.0,8.0,,,,1,3,4,2,2,2,3,3,2,1,3,4,1,2,3,1,1,1,1,1,2,2,1,3,5,4,3,1.4281843900680542,0.6177590489387512
44465,2,6,1825208,4,6,0,1,1.0,,,,,2.0,2.0,1.0,1.0,1.0,1.0,2.0,2.0,1.0,2.0,,,,2.0,5.0,6.0,7.0,8.0,,,,,1,2,3,9,,4,2,3,3,2,3,3,1,6.0,5.0,3.0,,,,,2,2,1,1,3,4,2,3,2,1,4,4,1,2,3,4,3,1,2,2,2,2,2,5,1,7,1,1.4732301235198975,2.5003647804260254
44468,2,5,170816,4,5,0,3,3.0,1.0,2.0,1.0,2.0,,,,,,,,,,,,,,,,,,,,,,,1,2,2,3,3.0,2,2,2,2,1,2,2,4,5.0,7.0,,,,,,1,2,3,1,2,2,2,2,2,1,2,3,1,2,1,2,2,2,2,1,2,2,1,3,1,3,3,1.4281843900680542,0.6177590489387512
44470,2,6,1825208,4,6,0,3,3.0,1.0,1.0,1.0,1.0,,,,,,,,,,,,,,,,,,,,,,,2,1,2,2,2.0,1,1,1,2,2,2,3,5,,,,,,,,2,2,4,1,2,2,2,3,1,1,1,4,2,2,2,2,2,1,1,2,1,1,2,5,1,7,3,2.3973331451416016,1.105239748954773
44472,2,5,170816,4,5,0,3,3.0,1.0,2.0,2.0,2.0,,,,,,,,,,,,,,,,,,,,,,,1,2,2,2,2.0,2,3,2,2,2,2,3,5,8.0,7.0,4.0,3.0,1.0,6.0,,2,3,4,2,2,2,3,2,2,1,2,3,2,2,3,2,2,2,1,1,1,1,1,4,1,4,3,2.324031352996826,1.1455771923065186
44476,2,13,441929,4,6,0,3,3.0,1.0,1.0,2.0,2.0,,,,,,,,,,,,,,,,,,,,,,,1,1,3,9,,2,2,3,2,2,2,3,4,1.0,,,,,,,2,3,4,2,2,2,2,3,3,2,2,4,2,2,3,2,3,2,2,1,2,2,1,9,9,1,3,1.4281843900680542,0.6177590489387512
44478,2,3,549937,4,3,0,2,2.0,,,,,1.0,1.0,2.0,2.0,2.0,2.0,1.0,1.0,1.0,2.0,,,,1.0,3.0,4.0,8.0,9.0,,,,,2,3,3,3,3.0,2,1,1,1,1,1,2,1,,,,,,,,2,2,2,2,3,1,2,2,2,1,3,2,2,2,1,1,1,1,1,1,2,2,1,4,4,4,2,1.4281843900680542,2.5916168689727783
44479,2,2,147361,4,2,0,2,2.0,,,,,2.0,1.0,1.0,1.0,1.0,2.0,1.0,2.0,1.0,2.0,,,,1.0,2.0,4.0,5.0,7.0,8.0,,,,2,2,3,1,1.0,1,1,2,2,2,1,2,5,7.0,,,,,,,1,1,3,1,2,1,2,3,2,1,2,3,1,1,1,2,2,2,1,2,1,1,1,4,1,5,2,2.3973331451416016,4.636691093444824
44480,1,13,441929,4,6,0,1,1.0,,,,,2.0,2.0,2.0,1.0,2.0,2.0,1.0,2.0,2.0,2.0,,,,4.0,5.0,,,,,,,,3,3,4,3,3.0,3,1,3,2,2,2,3,1,5.0,,,,,,,2,4,2,1,2,2,2,2,9,2,2,3,2,2,2,1,2,2,1,3,1,1,1,3,4,99,3,4.216535568237305,7.298275470733643
44481,1,7,290283,4,5,0,3,3.0,1.0,1.0,3.0,2.0,,,,,,,,,,,,,,,,,,,,,,,2,1,2,2,2.0,2,2,3,2,1,2,3,2,,,,,,,,2,2,3,1,2,3,1,4,2,9,2,3,2,1,1,3,2,2,1,2,2,2,1,3,1,3,1,2.2030460834503174,0.8246763944625854
44482,2,13,441929,4,6,0,3,3.0,1.0,1.0,1.0,1.0,,,,,,,,,,,,,,,,,,,,,,,3,3,4,9,,3,3,3,3,3,3,3,9,,,,,,,,2,4,2,9,2,3,2,2,3,2,3,4,2,2,2,3,3,2,2,1,1,1,1,3,2,6,9,2.324031352996826,1.1455771923065186
44487,1,16,252226,4,8,0,2,2.0,,,,,2.0,1.0,2.0,2.0,1.0,1.0,1.0,1.0,1.0,2.0,,,,1.0,2.0,4.0,6.0,8.0,9.0,,,,2,2,3,1,1.0,3,1,3,3,2,2,2,9,,,,,,,,1,2,2,2,2,2,2,2,3,1,3,2,2,2,2,3,2,2,2,1,2,2,1,2,2,1,4,2.1356852054595947,3.5859339237213135
44493,2,6,1825208,4,6,0,3,3.0,1.0,2.0,2.0,2.0,,,,,,,,,,,,,,,,,,,,,,,3,3,9,9,,2,2,3,2,2,3,3,9,,,,,,,,1,2,2,2,2,2,2,2,2,9,3,4,2,2,3,2,2,2,3,3,2,2,1,4,1,2,9,1.4732301235198975,0.596007764339447
44500,2,3,549937,4,3,0,1,1.0,,,,,2.0,2.0,1.0,1.0,1.0,2.0,1.0,2.0,2.0,2.0,,,,2.0,4.0,5.0,7.0,,,,,,1,2,4,9,,2,3,2,2,2,3,2,6,3.0,7.0,4.0,,,,,1,3,2,1,2,3,2,2,3,2,3,4,2,2,2,2,2,2,1,1,1,1,1,4,1,2,1,2.324031352996826,4.805914402008057
44503,2,3,549937,4,3,0,3,3.0,1.0,1.0,2.0,1.0,,,,,,,,,,,,,,,,,,,,,,,1,2,3,9,,1,1,4,1,1,1,3,7,3.0,,,,,,,2,1,4,2,1,1,1,3,3,1,2,1,2,2,3,2,3,2,3,1,2,2,1,5,1,7,2,1.4281843900680542,0.6177590489387512
44504,1,6,1825208,4,6,0,1,1.0,,,,,1.0,1.0,1.0,1.0,1.0,1.0,2.0,2.0,2.0,2.0,,,,1.0,2.0,3.0,5.0,6.0,7.0,,,,1,2,4,9,,4,1,1,4,4,4,4,4,,,,,,,,2,4,1,1,4,4,3,2,3,1,4,4,2,2,4,1,4,1,1,1,2,2,1,3,2,2,2,2.1356852054595947,3.5859339237213135
44508,2,13,441929,4,6,0,3,3.0,1.0,1.0,1.0,1.0,,,,,,,,,,,,,,,,,,,,,,,1,2,4,9,,2,2,3,2,3,3,3,3,5.0,1.0,,,,,,2,2,4,2,1,1,1,3,3,2,2,2,2,2,3,3,2,2,1,3,2,2,1,5,1,7,2,1.4732301235198975,0.596007764339447
44509,1,6,1825208,4,6,0,3,3.0,1.0,1.0,1.0,2.0,,,,,,,,,,,,,,,,,,,,,,,2,2,4,9,,3,3,2,3,1,2,2,1,3.0,5.0,,,,,,2,3,2,1,1,2,3,2,2,2,3,3,2,2,3,2,2,1,1,1,1,1,1,3,4,98,5,4.087610721588135,1.8031679391860962
44510,2,6,1825208,4,6,0,3,3.0,1.0,1.0,1.0,1.0,,,,,,,,,,,,,,,,,,,,,,,2,3,3,1,1.0,2,1,1,3,3,3,2,5,,,,,,,,2,3,4,2,1,1,3,2,3,2,2,4,1,2,3,2,1,1,1,2,2,2,1,4,1,4,1,1.4732301235198975,0.596007764339447
44511,2,16,252226,4,8,0,1,1.0,,,,,1.0,1.0,1.0,1.0,1.0,1.0,2.0,2.0,1.0,2.0,,,,1.0,2.0,3.0,5.0,6.0,7.0,8.0,,,3,3,4,1,1.0,4,1,1,2,4,3,4,4,1.0,5.0,,,,,,2,2,3,2,3,1,2,3,1,2,4,2,2,1,2,2,4,1,2,2,1,1,1,3,4,1,2,2.3973331451416016,4.636691093444824
44512,2,6,1825208,4,6,0,1,1.0,,,,,2.0,1.0,1.0,2.0,1.0,2.0,1.0,1.0,2.0,2.0,,,,1.0,2.0,4.0,7.0,9.0,,,,,1,1,1,3,3.0,1,1,1,1,1,1,1,5,,,,,,,,1,1,2,1,1,1,1,2,1,1,1,2,1,1,1,1,1,1,1,2,2,2,1,4,1,3,3,1.4732301235198975,2.5003647804260254
44514,1,6,1825208,4,6,0,3,3.0,2.0,,,2.0,,,,,,,,,,,,,,,,,,,,,,,1,1,3,3,3.0,2,2,2,3,2,2,2,5,,,,,,,,2,3,2,2,3,2,3,2,3,2,3,4,1,2,2,2,3,2,2,3,1,1,1,2,4,4,5,4.216535568237305,1.7396773099899292
44517,2,7,290283,4,5,0,3,3.0,1.0,1.0,1.0,2.0,,,,,,,,,,,,,,,,,,,,,,,1,1,3,3,3.0,2,2,3,3,2,2,3,3,5.0,4.0,,,,,,1,2,4,2,3,3,2,3,3,2,3,4,1,2,2,3,2,2,3,1,1,1,1,3,1,7,3,2.324031352996826,1.1455771923065186
44522,2,6,1825208,4,6,0,3,3.0,2.0,,,2.0,,,,,,,,,,,,,,,,,,,,,,,2,1,2,2,2.0,3,3,3,2,3,2,3,8,6.0,1.0,,,,,,1,2,2,2,1,3,2,3,2,1,2,3,1,2,1,3,3,3,2,2,1,1,1,4,1,4,2,2.3973331451416016,1.105239748954773
44525,2,6,1825208,4,6,0,3,3.0,1.0,1.0,1.0,1.0,,,,,,,,,,,,,,,,,,,,,,,2,3,1,3,3.0,2,1,1,1,2,2,3,4,6.0,,,,,,,2,1,2,1,1,1,1,4,3,1,2,2,2,2,1,1,2,2,1,2,1,1,1,4,1,3,9,2.3973331451416016,1.105239748954773
44527,1,6,1825208,4,6,0,3,3.0,1.0,1.0,1.0,2.0,,,,,,,,,,,,,,,,,,,,,,,2,2,2,3,3.0,3,3,2,2,2,2,2,3,1.0,2.0,5.0,,,,,2,3,2,2,2,2,1,2,1,2,2,4,2,2,3,3,3,2,3,1,2,2,2,4,1,98,9,2.1356852054595947,0.8547725081443787
44529,2,7,290283,4,5,0,1,1.0,,,,,2.0,1.0,1.0,1.0,1.0,2.0,1.0,2.0,1.0,2.0,,,,1.0,2.0,4.0,5.0,7.0,8.0,,,,1,1,2,3,3.0,1,1,2,1,2,1,1,4,2.0,,,,,,,1,1,1,1,1,1,2,1,1,1,1,3,1,1,1,1,1,1,2,2,1,1,1,1,1,7,1,2.3973331451416016,4.636691093444824
44530,2,3,549937,4,3,0,3,3.0,1.0,2.0,2.0,4.0,,,,,,,,,,,,,,,,,,,,,,,3,3,4,9,,4,2,3,2,3,3,1,9,,,,,,,,2,4,4,2,4,4,4,1,3,2,4,2,2,2,4,4,4,4,4,1,2,2,1,5,4,4,3,1.4281843900680542,0.6177590489387512
44531,2,4,139618,4,4,0,3,3.0,1.0,1.0,1.0,1.0,,,,,,,,,,,,,,,,,,,,,,,1,1,2,1,1.0,2,1,1,1,1,1,2,3,,,,,,,,2,2,2,2,1,1,1,2,2,2,4,4,1,1,1,1,1,1,1,2,2,2,1,4,1,4,2,1.4732301235198975,0.596007764339447
44532,2,6,1825208,4,6,0,3,3.0,1.0,1.0,1.0,1.0,,,,,,,,,,,,,,,,,,,,,,,3,3,9,9,,2,2,2,2,2,2,2,9,,,,,,,,2,2,3,2,2,2,2,3,2,2,3,4,2,2,4,2,3,2,2,3,2,2,1,4,1,2,9,1.4732301235198975,0.596007764339447
44537,1,3,549937,4,3,0,3,3.0,1.0,1.0,2.0,2.0,,,,,,,,,,,,,,,,,,,,,,,2,3,2,9,,2,3,3,2,2,3,2,3,4.0,,,,,,,2,2,4,2,1,2,2,1,3,2,2,4,1,2,3,2,3,2,2,1,2,2,1,3,4,6,5,2.1356852054595947,0.8547725081443787
44544,2,16,252226,4,8,0,1,1.0,,,,,1.0,1.0,2.0,2.0,2.0,1.0,1.0,2.0,2.0,2.0,,,,1.0,3.0,4.0,6.0,,,,,,2,3,4,9,,3,3,2,3,1,2,2,3,4.0,1.0,,,,,,2,3,4,2,2,3,2,3,2,2,3,4,2,2,4,3,2,3,3,1,2,2,1,2,1,3,2,1.4281843900680542,2.5916168689727783
44545,2,14,119360,4,7,0,3,3.0,2.0,,,2.0,,,,,,,,,,,,,,,,,,,,,,,2,3,3,3,3.0,2,1,2,3,2,2,2,1,,,,,,,,2,2,2,1,3,2,2,3,3,2,2,4,2,2,3,3,2,1,2,1,2,2,1,2,5,1,3,1.4281843900680542,0.6177590489387512
44546,1,12,149564,4,3,0,3,3.0,1.0,2.0,1.0,2.0,,,,,,,,,,,,,,,,,,,,,,,2,2,2,1,1.0,2,2,3,2,1,1,3,8,2.0,7.0,5.0,3.0,6.0,,,2,2,4,1,1,2,1,3,2,2,2,4,1,2,3,1,2,3,1,2,2,2,1,4,1,5,2,2.2030460834503174,0.8246763944625854
44548,2,6,1825208,4,6,0,3,3.0,1.0,2.0,3.0,3.0,,,,,,,,,,,,,,,,,,,,,,,2,2,3,2,2.0,3,2,2,3,3,3,2,5,,,,,,,,2,3,3,2,3,3,3,3,3,2,3,3,2,1,3,3,3,3,2,2,2,2,1,2,2,6,5,1.4732301235198975,0.596007764339447
44550,1,6,1825208,4,6,0,1,1.0,,,,,2.0,1.0,2.0,2.0,1.0,1.0,1.0,2.0,1.0,2.0,,,,1.0,2.0,4.0,6.0,8.0,,,,,1,1,1,1,1.0,1,1,1,3,2,2,2,6,5.0,2.0,,,,,,1,1,1,1,1,3,1,1,1,1,1,1,1,2,2,3,2,3,1,1,1,1,1,4,1,5,1,4.087610721588135,7.5646257400512695
44551,1,3,549937,4,3,0,1,1.0,,,,,1.0,1.0,2.0,1.0,1.0,1.0,1.0,2.0,1.0,2.0,,,,1.0,2.0,3.0,4.0,5.0,6.0,8.0,,,3,3,4,2,2.0,3,2,2,4,3,3,4,3,1.0,5.0,,,,,,2,4,2,2,3,2,2,1,3,2,3,4,1,2,4,1,3,2,3,1,2,2,1,2,1,3,2,2.1356852054595947,3.5859339237213135
44552,2,2,147361,4,2,0,3,3.0,1.0,1.0,1.0,1.0,,,,,,,,,,,,,,,,,,,,,,,2,2,4,2,2.0,1,2,2,4,2,2,2,5,,,,,,,,2,2,2,2,3,3,1,3,2,2,3,2,2,2,1,3,3,2,2,1,2,2,1,1,6,2,3,1.4281843900680542,0.6177590489387512
44553,1,7,290283,4,5,0,3,3.0,1.0,1.0,1.0,1.0,,,,,,,,,,,,,,,,,,,,,,,1,1,2,9,,2,1,1,1,2,1,2,1,5.0,,,,,,,1,2,4,2,1,1,1,2,2,2,3,4,2,2,2,1,1,1,2,1,2,2,1,3,1,3,2,2.1356852054595947,0.8547725081443787
44556,2,6,1825208,4,6,0,1,1.0,,,,,2.0,2.0,2.0,2.0,2.0,2.0,1.0,2.0,2.0,2.0,,,,4.0,,,,,,,,,3,3,4,9,,3,2,2,3,1,3,4,9,,,,,,,,2,4,3,9,2,2,2,1,3,2,4,4,1,2,2,2,2,2,2,2,2,2,2,4,1,4,1,1.4732301235198975,2.5003647804260254
44557,2,6,1825208,4,6,0,3,3.0,1.0,1.0,1.0,2.0,,,,,,,,,,,,,,,,,,,,,,,2,2,3,2,2.0,2,2,3,1,3,3,2,4,,,,,,,,2,2,2,2,2,1,1,3,3,2,2,4,1,2,2,2,3,3,1,2,1,1,1,5,1,3,1,2.3973331451416016,1.105239748954773
44558,1,6,1825208,4,6,0,3,3.0,1.0,1.0,1.0,2.0,,,,,,,,,,,,,,,,,,,,,,,1,3,3,3,3.0,3,2,3,2,2,3,2,1,2.0,5.0,,,,,,2,3,4,2,3,3,3,1,2,1,3,4,2,2,2,3,3,1,3,1,2,2,9,3,1,3,2,2.1356852054595947,0.8547725081443787
44559,2,13,441929,4,6,0,1,1.0,,,,,2.0,1.0,2.0,2.0,1.0,2.0,1.0,2.0,2.0,2.0,,,,1.0,2.0,4.0,,,,,,,1,2,2,9,,2,3,3,2,2,2,2,7,1.0,,,,,,,2,3,4,2,2,2,2,3,3,1,2,4,1,2,3,1,1,1,1,2,2,2,1,4,1,3,1,1.4732301235198975,2.5003647804260254
44560,2,6,1825208,4,6,0,3,3.0,1.0,1.0,2.0,2.0,,,,,,,,,,,,,,,,,,,,,,,1,2,3,3,3.0,1,2,3,2,1,1,4,3,4.0,5.0,,,,,,1,2,4,2,1,1,2,3,2,2,2,4,1,2,2,3,2,1,3,1,1,1,1,4,1,8,5,2.324031352996826,1.1455771923065186
44563,1,5,170816,4,5,0,1,1.0,,,,,1.0,1.0,2.0,2.0,2.0,2.0,1.0,2.0,2.0,2.0,,,,1.0,3.0,4.0,,,,,,,3,3,4,9,,2,2,3,2,1,3,3,1,,,,,,,,2,3,3,2,2,1,1,2,3,1,2,3,2,2,3,1,2,1,2,2,2,2,1,3,1,2,1,2.2030460834503174,3.459670305252075
44565,2,16,252226,4,8,0,2,2.0,,,,,1.0,2.0,2.0,1.0,2.0,2.0,2.0,2.0,1.0,2.0,,,,3.0,5.0,8.0,,,,,,,1,3,3,9,,2,2,3,2,2,2,3,1,,,,,,,,2,3,3,2,2,3,3,2,2,2,3,2,2,2,2,3,2,2,2,1,2,2,1,3,1,4,2,1.4281843900680542,2.5916168689727783
44566,2,3,549937,4,3,0,1,1.0,,,,,2.0,2.0,1.0,1.0,2.0,2.0,1.0,1.0,1.0,2.0,,,,4.0,5.0,7.0,8.0,9.0,,,,,1,1,2,3,3.0,1,4,3,3,2,1,1,6,,,,,,,,1,1,2,1,2,1,3,1,1,1,1,2,1,1,3,3,4,2,1,2,2,2,1,2,1,5,1,1.4732301235198975,2.5003647804260254
44568,2,6,1825208,4,6,0,1,1.0,,,,,1.0,1.0,2.0,2.0,2.0,2.0,2.0,2.0,2.0,2.0,,,,1.0,3.0,,,,,,,,3,3,4,9,,3,2,3,2,2,3,2,4,5.0,,,,,,,2,4,1,9,2,2,2,1,3,2,3,3,2,2,2,2,3,2,2,2,2,2,2,3,2,5,2,1.4732301235198975,2.5003647804260254
44569,2,6,1825208,4,6,0,3,3.0,1.0,2.0,1.0,1.0,,,,,,,,,,,,,,,,,,,,,,,2,1,1,3,3.0,2,1,1,3,2,2,2,3,5.0,,,,,,,1,1,2,1,3,1,2,3,2,1,1,2,1,1,2,2,1,1,3,2,1,1,1,4,1,6,2,2.3973331451416016,1.105239748954773
44576,2,3,549937,4,3,0,2,2.0,,,,,1.0,1.0,2.0,1.0,2.0,2.0,1.0,2.0,2.0,2.0,,,,1.0,3.0,4.0,5.0,,,,,,3,3,4,9,,2,3,4,2,1,1,2,3,,,,,,,,2,4,3,2,1,2,3,1,3,2,3,4,1,2,3,1,1,1,1,1,1,1,1,3,1,6,1,2.324031352996826,4.805914402008057
44579,2,6,1825208,4,6,0,3,3.0,1.0,1.0,1.0,1.0,,,,,,,,,,,,,,,,,,,,,,,2,1,2,9,,2,2,2,2,2,2,2,5,6.0,3.0,,,,,,2,3,4,2,1,1,1,1,3,2,3,2,2,2,2,2,2,2,2,2,2,2,1,4,1,98,1,1.4732301235198975,0.596007764339447
44582,2,7,290283,4,5,0,3,3.0,1.0,2.0,2.0,2.0,,,,,,,,,,,,,,,,,,,,,,,1,2,3,2,2.0,2,2,3,2,2,3,2,6,,,,,,,,2,3,4,2,2,3,3,1,2,2,2,4,1,2,2,3,1,2,2,1,1,1,1,5,1,8,2,2.324031352996826,1.1455771923065186
44587,2,13,441929,4,6,0,3,3.0,2.0,,,3.0,,,,,,,,,,,,,,,,,,,,,,,1,2,4,1,1.0,4,4,1,4,4,4,4,5,3.0,6.0,,,,,,2,1,4,2,3,4,1,3,2,9,4,4,2,2,4,2,2,4,1,3,2,2,1,2,4,1,4,1.4732301235198975,0.596007764339447
44588,1,12,149564,4,3,0,1,1.0,,,,,2.0,2.0,2.0,2.0,2.0,2.0,2.0,2.0,2.0,2.0,,,,11.0,,,,,,,,,3,3,9,9,,4,2,3,2,3,3,2,5,4.0,,,,,,,2,2,4,2,3,3,3,3,3,9,3,2,1,2,3,3,4,3,2,1,2,2,1,2,1,2,2,2.1356852054595947,3.5859339237213135
44589,2,6,1825208,4,6,0,3,3.0,1.0,1.0,1.0,1.0,,,,,,,,,,,,,,,,,,,,,,,1,1,3,9,,4,3,1,3,4,2,2,5,,,,,,,,2,4,4,2,1,4,1,1,3,2,4,4,2,2,3,3,2,2,4,1,1,1,2,4,1,3,9,2.324031352996826,1.1455771923065186
44590,2,16,252226,4,8,0,1,1.0,,,,,1.0,2.0,1.0,1.0,2.0,1.0,1.0,2.0,2.0,2.0,,,,3.0,4.0,5.0,6.0,7.0,,,,,1,2,4,9,,3,4,4,4,4,4,3,6,7.0,3.0,5.0,8.0,,,,2,2,1,9,1,3,3,3,3,2,3,2,2,2,2,2,3,3,2,1,1,1,1,2,1,3,1,2.324031352996826,4.805914402008057
44591,2,6,1825208,4,6,0,3,3.0,1.0,2.0,2.0,2.0,,,,,,,,,,,,,,,,,,,,,,,2,2,3,2,2.0,2,3,2,2,2,2,2,4,,,,,,,,2,2,2,1,3,3,2,2,3,2,2,2,2,2,2,1,2,2,2,2,2,2,1,4,1,2,1,1.4732301235198975,0.596007764339447
44598,2,5,170816,4,5,0,1,1.0,,,,,2.0,2.0,2.0,2.0,2.0,2.0,1.0,1.0,2.0,2.0,,,,4.0,9.0,,,,,,,,1,2,2,9,,2,2,3,3,2,2,3,1,7.0,4.0,5.0,,,,,1,3,3,2,2,2,2,1,3,2,3,4,1,2,2,1,3,2,1,1,9,1,1,3,1,5,3,2.324031352996826,4.805914402008057
44601,2,6,1825208,4,6,0,2,2.0,,,,,2.0,2.0,2.0,2.0,1.0,2.0,1.0,2.0,1.0,2.0,,,,2.0,4.0,8.0,,,,,,,2,1,1,3,3.0,1,3,2,2,3,2,1,3,1.0,4.0,2.0,,,,,2,2,2,1,2,2,2,2,2,2,2,2,2,2,4,2,3,4,2,2,2,2,1,5,2,1,1,1.4732301235198975,2.5003647804260254
44603,2,6,1825208,4,6,0,1,1.0,,,,,2.0,1.0,1.0,2.0,1.0,2.0,2.0,2.0,1.0,2.0,,,,1.0,2.0,7.0,8.0,,,,,,3,3,4,9,,2,2,2,2,1,2,3,1,,,,,,,,2,2,2,1,1,2,1,3,2,1,2,2,2,2,3,2,3,2,2,2,2,2,2,2,1,2,1,1.4732301235198975,2.5003647804260254
44606,2,14,119360,4,7,0,1,1.0,,,,,1.0,2.0,2.0,2.0,2.0,1.0,1.0,1.0,1.0,2.0,,,,3.0,4.0,6.0,8.0,9.0,,,,,1,1,1,3,3.0,1,3,1,4,3,2,1,6,,,,,,,,1,1,2,1,1,3,2,2,1,1,1,2,1,1,3,4,3,1,2,2,2,2,1,4,2,5,5,1.4732301235198975,2.5003647804260254
44612,2,3,549937,4,3,0,2,2.0,,,,,1.0,2.0,2.0,1.0,2.0,2.0,1.0,2.0,2.0,2.0,,,,3.0,4.0,5.0,,,,,,,2,3,4,9,,2,3,3,2,2,2,2,4,,,,,,,,2,3,4,2,2,3,1,3,3,1,3,3,2,2,3,2,3,2,3,1,2,2,1,5,1,7,3,1.4281843900680542,2.5916168689727783
44614,1,3,549937,4,3,0,1,1.0,,,,,1.0,1.0,2.0,2.0,2.0,2.0,1.0,2.0,2.0,2.0,,,,1.0,3.0,4.0,,,,,,,3,3,3,9,,2,3,4,2,3,2,2,5,,,,,,,,2,4,4,1,2,3,1,1,3,2,2,2,2,2,3,2,2,2,2,1,2,2,1,4,4,7,5,2.1356852054595947,3.5859339237213135
44619,1,6,1825208,4,6,0,3,3.0,1.0,2.0,1.0,2.0,,,,,,,,,,,,,,,,,,,,,,,1,2,2,3,3.0,2,3,2,3,3,3,4,4,6.0,1.0,,,,,,2,2,4,2,4,3,4,3,3,2,2,2,2,2,3,3,2,2,2,1,1,1,2,4,4,1,1,4.087610721588135,1.8031679391860962
44623,1,6,1825208,4,6,0,2,2.0,,,,,2.0,2.0,1.0,1.0,1.0,2.0,1.0,1.0,1.0,2.0,,,,2.0,4.0,5.0,7.0,8.0,9.0,,,,1,1,3,1,1.0,2,1,2,3,2,2,2,4,3.0,6.0,2.0,,,,,1,2,1,1,2,2,2,2,2,1,2,1,1,1,3,1,2,3,2,2,2,2,1,5,1,6,2,2.2030460834503174,3.459670305252075
44624,2,6,1825208,4,6,0,3,3.0,1.0,2.0,1.0,2.0,,,,,,,,,,,,,,,,,,,,,,,1,1,2,3,3.0,2,3,2,1,2,2,3,3,5.0,,,,,,,2,1,4,2,1,2,1,2,2,2,2,4,1,2,3,2,3,4,3,1,1,1,2,4,1,7,2,2.324031352996826,1.1455771923065186
44627,2,6,1825208,4,6,0,3,3.0,1.0,1.0,1.0,2.0,,,,,,,,,,,,,,,,,,,,,,,1,1,2,9,,1,2,3,2,2,2,3,3,7.0,1.0,4.0,,,,,2,2,4,2,1,1,1,3,3,9,2,2,2,2,3,2,2,2,2,1,2,2,1,3,1,4,1,1.4281843900680542,0.6177590489387512
44628,1,7,290283,4,5,0,1,1.0,,,,,2.0,2.0,2.0,2.0,2.0,2.0,2.0,2.0,2.0,2.0,,,,11.0,,,,,,,,,1,1,1,2,2.0,2,1,2,2,2,1,2,7,6.0,5.0,,,,,,2,3,2,1,2,2,2,2,2,1,2,4,2,2,2,2,2,2,2,2,2,2,1,2,1,2,2,2.2030460834503174,3.459670305252075
44631,2,7,290283,4,5,0,1,1.0,,,,,1.0,2.0,2.0,2.0,1.0,1.0,2.0,2.0,2.0,2.0,,,,2.0,3.0,6.0,,,,,,,3,3,4,9,,2,3,2,3,3,2,3,7,6.0,,,,,,,2,4,2,1,3,4,2,1,3,2,2,3,1,2,3,2,3,2,2,1,1,1,1,3,1,7,3,2.324031352996826,4.805914402008057
44635,2,7,290283,4,5,0,2,2.0,,,,,2.0,1.0,2.0,1.0,2.0,1.0,1.0,2.0,1.0,1.0,12.0,,J’ÉTAIS EN PLEIN DÉMÉNAGEMENT,1.0,4.0,5.0,6.0,8.0,10.0,,,,3,3,4,9,,4,1,4,3,3,4,3,1,6.0,4.0,,,,,,2,3,3,2,1,4,2,2,3,2,2,1,2,2,4,4,4,4,3,1,2,2,1,3,1,2,1,1.4281843900680542,2.5916168689727783
44636,1,13,441929,4,6,0,1,1.0,,,,,2.0,1.0,2.0,2.0,2.0,2.0,1.0,2.0,2.0,2.0,,,,1.0,4.0,,,,,,,,1,3,3,9,,3,2,3,2,1,2,3,5,1.0,,,,,,,2,4,2,1,1,2,2,2,3,2,3,4,2,2,3,2,2,2,2,2,3,2,1,2,4,99,9,2.2030460834503174,3.459670305252075
44638,2,6,1825208,4,6,0,3,3.0,1.0,1.0,1.0,2.0,,,,,,,,,,,,,,,,,,,,,,,2,1,1,1,1.0,2,1,1,2,2,3,2,6,5.0,2.0,8.0,,,,,1,2,3,1,2,1,3,2,2,2,3,1,2,2,2,2,1,2,2,1,2,2,2,4,4,3,3,1.4281843900680542,0.6177590489387512
44644,1,3,549937,4,3,0,1,1.0,,,,,1.0,1.0,1.0,1.0,1.0,1.0,1.0,1.0,1.0,2.0,,,,1.0,2.0,3.0,4.0,5.0,6.0,7.0,8.0,9.0,3,3,4,2,2.0,3,3,4,1,1,4,1,3,2.0,6.0,7.0,8.0,4.0,1.0,5.0,2,3,3,2,2,1,2,4,2,2,3,3,2,2,2,2,2,2,2,1,1,1,1,2,1,6,1,4.087610721588135,7.5646257400512695
44645,2,6,1825208,4,6,0,1,1.0,,,,,2.0,1.0,1.0,2.0,1.0,2.0,2.0,1.0,1.0,2.0,,,,1.0,2.0,7.0,8.0,9.0,,,,,1,1,3,1,1.0,2,1,1,1,1,1,2,8,,,,,,,,1,2,1,1,2,2,2,2,2,2,3,3,1,2,3,1,1,2,2,2,2,2,1,2,3,3,3,1.4732301235198975,2.5003647804260254
44646,2,3,549937,4,3,0,3,3.0,2.0,,,2.0,,,,,,,,,,,,,,,,,,,,,,,1,1,2,3,3.0,2,2,2,2,1,1,2,6,3.0,5.0,,,,,,2,2,2,1,2,2,2,2,2,1,2,2,2,2,2,2,1,1,2,1,2,2,1,3,1,5,3,1.4281843900680542,0.6177590489387512
44647,1,13,441929,4,6,0,1,1.0,,,,,2.0,2.0,2.0,2.0,2.0,2.0,1.0,1.0,1.0,2.0,,,,4.0,8.0,9.0,,,,,,,2,1,3,3,3.0,3,1,3,2,3,2,3,5,3.0,7.0,,,,,,2,2,3,1,1,3,4,2,3,2,2,3,2,2,3,1,2,1,3,1,1,1,1,2,4,1,2,4.087610721588135,7.5646257400512695
44648,1,13,441929,4,6,0,3,3.0,1.0,2.0,2.0,2.0,,,,,,,,,,,,,,,,,,,,,,,1,2,2,3,3.0,2,3,2,3,2,2,2,2,5.0,,,,,,,1,2,2,1,3,3,2,3,2,1,2,3,1,1,2,3,2,2,2,3,1,1,1,3,1,3,2,4.216535568237305,1.7396773099899292
44649,1,3,549937,4,3,0,1,1.0,,,,,2.0,2.0,1.0,2.0,2.0,1.0,2.0,2.0,2.0,2.0,,,,6.0,7.0,,,,,,,,3,3,2,2,2.0,2,4,4,2,4,1,3,2,,,,,,,,2,2,3,2,1,3,2,2,3,1,4,4,2,1,2,3,2,3,3,1,2,2,1,2,9,98,9,2.1356852054595947,3.5859339237213135
44653,1,3,549937,4,3,0,3,3.0,1.0,1.0,1.0,2.0,,,,,,,,,,,,,,,,,,,,,,,2,1,3,3,3.0,2,2,2,2,2,2,3,8,3.0,5.0,,,,,,2,2,4,2,1,1,1,3,2,2,2,4,2,2,1,1,1,1,1,1,1,1,1,3,1,3,1,4.087610721588135,1.8031679391860962
44656,1,13,441929,4,6,0,2,2.0,,,,,2.0,2.0,2.0,2.0,1.0,1.0,1.0,1.0,1.0,2.0,,,,2.0,4.0,6.0,8.0,9.0,,,,,1,2,3,1,1.0,1,2,1,2,3,4,2,3,,,,,,,,2,1,1,1,1,3,1,3,3,2,3,2,1,2,1,3,2,2,4,1,2,2,1,9,1,1,2,2.1356852054595947,3.5859339237213135
44657,2,6,1825208,4,6,0,3,3.0,1.0,2.0,2.0,2.0,,,,,,,,,,,,,,,,,,,,,,,2,2,2,3,3.0,2,2,2,2,1,2,3,7,4.0,5.0,,,,,,1,2,2,1,3,2,2,3,2,1,2,4,2,1,2,2,2,2,1,2,1,1,1,5,1,8,4,2.3973331451416016,1.105239748954773
44658,1,6,1825208,4,6,0,2,2.0,,,,,2.0,1.0,1.0,1.0,2.0,1.0,1.0,2.0,1.0,2.0,,,,1.0,4.0,5.0,6.0,7.0,8.0,,,,2,1,3,3,3.0,2,2,2,2,2,2,2,1,4.0,,,,,,,1,3,3,2,2,2,2,1,2,2,3,1,2,2,2,2,2,2,2,1,2,2,1,4,1,4,2,2.1356852054595947,3.5859339237213135
44659,1,6,1825208,4,6,0,1,1.0,,,,,2.0,2.0,2.0,2.0,2.0,2.0,2.0,1.0,2.0,2.0,,,,9.0,,,,,,,,,1,1,9,2,2.0,4,4,1,3,1,3,2,2,,,,,,,,1,4,3,1,3,1,3,3,2,2,2,2,2,1,3,2,4,2,2,2,2,2,1,3,1,5,6,2.2030460834503174,3.459670305252075
44663,2,7,290283,4,5,0,3,3.0,1.0,1.0,2.0,1.0,,,,,,,,,,,,,,,,,,,,,,,3,3,4,1,1.0,4,2,2,3,3,3,3,4,,,,,,,,2,4,4,2,3,3,2,1,3,2,3,4,2,2,4,2,3,2,3,2,2,2,1,2,1,3,1,1.4732301235198975,0.596007764339447
44664,1,3,549937,4,3,0,3,3.0,1.0,1.0,1.0,1.0,,,,,,,,,,,,,,,,,,,,,,,3,3,9,2,2.0,3,3,2,1,2,3,2,3,,,,,,,,2,4,3,2,3,2,3,2,3,2,3,4,2,2,4,2,2,3,3,3,1,1,2,3,4,6,9,4.216535568237305,1.7396773099899292
44668,3,6,1825208,4,6,0,3,3.0,1.0,2.0,2.0,1.0,,,,,,,,,,,,,,,,,,,,,,,2,3,4,9,,2,2,2,3,3,3,2,9,,,,,,,,2,4,3,1,2,3,2,1,3,2,2,4,1,2,2,2,3,2,2,2,2,2,1,4,1,98,2,1.8591341972351074,0.8244317770004272
44670,3,6,1825208,4,6,0,3,3.0,1.0,1.0,1.0,1.0,,,,,,,,,,,,,,,,,,,,,,,1,1,2,9,,2,2,2,1,1,1,2,4,3.0,5.0,,,,,,2,2,4,2,2,2,1,4,2,2,2,3,1,2,1,1,2,2,2,1,1,1,1,3,1,4,3,2.0968945026397705,0.8912164568901062
44671,3,13,441929,4,6,0,3,3.0,1.0,1.0,1.0,1.0,,,,,,,,,,,,,,,,,,,,,,,1,1,3,1,1.0,1,1,1,1,1,1,2,2,4.0,7.0,1.0,5.0,,,,1,2,4,2,1,1,1,1,1,1,1,4,2,2,1,1,1,1,1,1,2,2,1,2,1,98,4,1.80228853225708,0.854518711566925
44675,2,7,290283,4,5,0,3,3.0,1.0,1.0,2.0,4.0,,,,,,,,,,,,,,,,,,,,,,,2,1,9,2,2.0,2,2,2,4,3,1,2,4,,,,,,,,2,2,2,2,1,2,2,3,1,2,3,4,1,2,4,3,3,2,1,2,2,2,1,2,1,4,3,1.4732301235198975,0.596007764339447
44676,3,6,1825208,4,6,0,3,3.0,1.0,1.0,2.0,1.0,,,,,,,,,,,,,,,,,,,,,,,1,2,2,3,3.0,2,1,2,1,1,2,3,5,6.0,7.0,,,,,,2,2,2,1,1,1,2,3,3,2,2,4,1,2,2,2,2,2,2,2,1,1,2,5,1,7,3,2.163032054901123,0.8598359227180481
44678,1,13,441929,4,6,0,2,2.0,,,,,2.0,2.0,2.0,2.0,2.0,2.0,1.0,2.0,2.0,2.0,,,,4.0,,,,,,,,,1,1,3,3,3.0,1,4,3,1,1,3,2,5,3.0,,,,,,,2,3,2,1,1,1,1,2,3,2,3,4,2,2,2,1,2,3,1,1,2,2,1,3,1,98,9,2.1356852054595947,3.5859339237213135
44679,3,6,1825208,4,6,0,1,1.0,,,,,2.0,2.0,2.0,2.0,2.0,2.0,2.0,2.0,2.0,1.0,15.0,,I WAS NOT ABLE TO ATTEND,10.0,,,,,,,,,2,3,2,9,,3,2,2,2,2,2,3,5,,,,,,,,2,2,2,9,2,2,2,3,3,2,2,4,1,2,2,2,2,2,2,2,2,2,1,2,1,3,4,1.8591341972351074,3.4586431980133057
44681,3,13,441929,4,6,0,3,3.0,1.0,1.0,1.0,1.0,,,,,,,,,,,,,,,,,,,,,,,1,1,2,9,,1,2,3,2,3,1,3,1,3.0,,,,,,,2,2,4,2,2,1,1,1,3,2,3,3,1,2,3,1,3,1,1,1,1,1,1,4,1,7,3,2.0968945026397705,0.8912164568901062
44682,3,3,549937,4,3,0,3,3.0,1.0,2.0,2.0,2.0,,,,,,,,,,,,,,,,,,,,,,,2,2,2,3,3.0,2,2,2,2,2,2,3,9,,,,,,,,2,2,2,2,2,2,2,2,3,2,2,4,1,2,2,2,2,2,2,1,1,1,1,3,1,6,3,2.0968945026397705,0.8912164568901062
44683,3,6,1825208,4,6,0,3,3.0,1.0,2.0,2.0,1.0,,,,,,,,,,,,,,,,,,,,,,,1,2,3,9,,2,1,2,3,3,2,3,6,3.0,,,,,,,2,3,3,2,2,2,1,3,3,2,2,4,1,2,3,1,2,2,1,1,1,1,1,4,1,5,1,2.0968945026397705,0.8912164568901062
44684,2,7,290283,4,5,0,3,3.0,1.0,1.0,1.0,1.0,,,,,,,,,,,,,,,,,,,,,,,2,1,9,9,,3,2,3,2,1,2,2,3,6.0,5.0,,,,,,2,3,4,2,1,1,1,3,2,2,3,4,1,2,2,2,3,3,2,1,1,1,1,2,1,2,1,2.324031352996826,1.1455771923065186
44685,1,6,1825208,4,6,0,3,3.0,1.0,1.0,3.0,2.0,,,,,,,,,,,,,,,,,,,,,,,2,1,2,3,3.0,2,2,2,3,1,4,3,8,5.0,,,,,,,2,3,2,1,3,2,2,3,3,2,2,2,2,2,2,3,3,2,2,1,1,1,1,4,4,1,1,4.087610721588135,1.8031679391860962
44686,3,13,441929,4,6,0,1,1.0,,,,,1.0,2.0,2.0,2.0,1.0,1.0,2.0,2.0,2.0,2.0,,,,2.0,3.0,6.0,,,,,,,3,3,4,9,,2,2,3,3,3,3,2,3,,,,,,,,2,4,1,1,3,3,3,1,3,2,2,4,2,2,3,2,2,2,2,1,2,2,1,2,2,1,4,1.80228853225708,3.584868907928467
44687,2,6,1825208,4,6,0,2,2.0,,,,,2.0,1.0,1.0,1.0,1.0,2.0,2.0,2.0,2.0,2.0,,,,1.0,2.0,5.0,7.0,,,,,,1,2,3,9,,2,3,2,2,2,2,2,3,4.0,,,,,,,2,4,3,1,2,1,2,2,3,2,3,4,2,2,2,1,2,2,1,2,2,2,1,3,4,98,9,1.4732301235198975,2.5003647804260254
44688,2,6,1825208,4,6,0,3,3.0,1.0,1.0,2.0,2.0,,,,,,,,,,,,,,,,,,,,,,,2,2,4,9,,3,2,3,2,2,2,3,7,6.0,1.0,,,,,,2,3,3,2,2,3,2,2,3,2,3,1,2,2,3,2,2,3,1,2,2,2,1,4,1,4,2,1.4732301235198975,0.596007764339447
44692,2,6,1825208,4,6,0,3,3.0,1.0,2.0,2.0,2.0,,,,,,,,,,,,,,,,,,,,,,,1,3,3,2,2.0,2,2,2,2,2,2,2,5,,,,,,,,1,3,2,2,2,2,2,2,3,2,2,4,2,2,2,2,2,2,2,1,2,2,1,2,1,2,1,1.4281843900680542,0.6177590489387512
44693,1,6,1825208,4,6,0,3,3.0,1.0,1.0,4.0,1.0,,,,,,,,,,,,,,,,,,,,,,,1,2,3,2,2.0,2,2,3,2,2,2,1,4,7.0,,,,,,,1,4,2,9,3,3,2,1,3,2,3,4,2,2,3,1,1,2,2,1,2,2,1,3,4,99,5,2.1356852054595947,0.8547725081443787
44695,2,6,1825208,4,6,0,3,3.0,1.0,1.0,1.0,1.0,,,,,,,,,,,,,,,,,,,,,,,1,2,1,1,1.0,1,3,2,1,1,2,2,2,8.0,7.0,1.0,,,,,1,2,3,1,2,2,2,1,2,1,2,3,1,1,4,3,3,2,3,1,2,2,1,5,1,8,3,1.4281843900680542,0.6177590489387512
44697,2,6,1825208,4,6,0,3,3.0,1.0,1.0,2.0,1.0,,,,,,,,,,,,,,,,,,,,,,,1,1,3,3,3.0,2,2,3,2,2,2,2,8,1.0,2.0,,,,,,2,2,4,2,2,2,2,2,3,2,2,2,2,2,2,2,2,2,3,1,1,1,1,5,1,4,1,2.324031352996826,1.1455771923065186
44703,1,13,441929,4,6,0,3,3.0,1.0,1.0,2.0,2.0,,,,,,,,,,,,,,,,,,,,,,,1,1,2,1,1.0,2,1,2,1,1,2,3,8,3.0,5.0,2.0,7.0,,,,2,2,2,1,1,1,1,3,1,1,2,2,1,2,2,2,3,1,1,2,2,2,2,5,4,2,1,2.2030460834503174,0.8246763944625854
44708,1,6,1825208,4,6,0,3,3.0,1.0,1.0,1.0,1.0,,,,,,,,,,,,,,,,,,,,,,,2,1,2,3,3.0,1,3,3,2,2,2,2,7,6.0,,,,,,,1,2,4,2,1,1,1,3,2,1,2,1,2,2,3,2,2,3,1,1,2,2,1,3,4,4,6,2.1356852054595947,0.8547725081443787
44713,1,7,290283,4,5,0,1,1.0,,,,,2.0,1.0,2.0,2.0,2.0,2.0,2.0,2.0,2.0,2.0,,,,1.0,,,,,,,,,3,3,4,9,,4,1,2,3,3,3,1,9,,,,,,,,2,4,2,9,3,3,2,1,3,2,4,1,2,2,4,2,3,2,2,2,2,2,1,3,1,2,1,2.2030460834503174,3.459670305252075
44728,1,3,549937,4,3,0,2,2.0,,,,,2.0,1.0,1.0,2.0,2.0,1.0,1.0,2.0,2.0,2.0,,,,1.0,4.0,6.0,7.0,,,,,,3,3,4,9,,4,1,2,3,4,4,3,9,,,,,,,,2,4,1,1,3,2,2,1,3,1,4,3,2,2,4,4,4,1,3,1,1,1,2,3,4,1,1,4.087610721588135,7.5646257400512695
